# 3ds Max Wavefront OBJ Exporter v0.99 - (c)2007 guruware
# File Created: 10.11.2022 12:40:35

#
# object 14402_4A
#

v  -1.0717 0.1987 0.1700
v  -1.0125 0.4023 0.1700
v  -0.9108 0.5985 0.1700
v  -0.7709 0.7702 0.1700
v  -0.5990 0.9099 0.1700
v  -0.4014 1.0131 0.1700
v  -0.1979 1.0714 0.1700
v  -0.9420 0.1744 0.2276
v  -0.8905 0.3531 0.2277
v  -0.8013 0.5251 0.2276
v  -0.6775 0.6772 0.2277
v  -0.5253 0.8010 0.2278
v  -0.3527 0.8907 0.2277
v  -0.1741 0.9419 0.2278
v  -0.9078 0.1680 0.2818
v  -0.8583 0.3400 0.2819
v  -0.7725 0.5055 0.2818
v  -0.6529 0.6527 0.2818
v  -0.5056 0.7724 0.2819
v  -0.3398 0.8584 0.2818
v  -0.1679 0.9078 0.2819
v  -0.9990 0.1851 0.1860
v  -0.9441 0.3747 0.1861
v  -0.8494 0.5574 0.1860
v  -0.7186 0.7181 0.1861
v  -0.5578 0.8488 0.1862
v  -0.3741 0.9445 0.1861
v  -0.1846 0.9988 0.1861
v  -1.1107 0.0000 0.1614
v  -1.0920 0.2027 0.1614
v  -1.0319 0.4102 0.1616
v  -0.9286 0.6092 0.1614
v  -0.7855 0.7851 0.1614
v  -0.6095 0.9283 0.1615
v  -0.4090 1.0324 0.1615
v  -0.2019 1.0920 0.1615
v  -1.0927 0.2042 0.0095
v  -1.0325 0.4122 0.0097
v  -0.9301 0.6088 0.0096
v  -0.7858 0.7863 0.0096
v  -0.6080 0.9307 0.0097
v  -0.4075 1.0345 0.0098
v  -0.2029 1.0932 0.0098
v  -0.8980 0.1662 0.3149
v  -0.8491 0.3362 0.3149
v  -0.7643 0.4998 0.3149
v  -0.6458 0.6457 0.3149
v  -0.4999 0.7643 0.3150
v  -0.3362 0.8492 0.3150
v  -0.1662 0.8980 0.3150
v  -0.9383 0.0000 0.2530
v  -0.9226 0.1708 0.2529
v  -0.8722 0.3456 0.2530
v  -0.7849 0.5139 0.2530
v  -0.6635 0.6633 0.2530
v  -0.5141 0.7847 0.2531
v  -0.3452 0.8718 0.2527
v  -0.1706 0.9225 0.2531
v  -0.9852 0.0000 0.2037
v  -0.9687 0.1794 0.2037
v  -0.9156 0.3632 0.2039
v  -0.8238 0.5402 0.2038
v  -0.6968 0.6964 0.2038
v  -0.5406 0.8233 0.2039
v  -0.3626 0.9156 0.2034
v  -0.1790 0.9686 0.2039
v  -1.0520 0.0000 0.1742
v  -1.0344 0.1917 0.1742
v  -0.9774 0.3881 0.1742
v  -0.8791 0.5776 0.1742
v  -0.7441 0.7434 0.1742
v  -0.5783 0.8782 0.1743
v  -0.3874 0.9779 0.1742
v  -0.1910 1.0341 0.1743
v  0.8980 0.1662 0.3149
v  0.8491 0.3362 0.3149
v  0.7643 0.4998 0.3149
v  0.6458 0.6457 0.3149
v  0.4999 0.7643 0.3150
v  0.3362 0.8492 0.3150
v  0.1662 0.8980 0.3150
v  0.0000 0.9132 0.3154
v  0.9580 0.0000 0.2276
v  0.9420 0.1744 0.2276
v  0.9687 0.1794 0.2037
v  0.8905 0.3531 0.2277
v  0.9156 0.3632 0.2039
v  0.8013 0.5251 0.2276
v  0.8238 0.5402 0.2038
v  0.6775 0.6772 0.2277
v  0.6968 0.6964 0.2038
v  0.5253 0.8010 0.2278
v  0.5406 0.8233 0.2039
v  0.3527 0.8907 0.2277
v  0.3626 0.9156 0.2034
v  0.1742 0.9419 0.2278
v  0.1790 0.9686 0.2039
v  0.0000 0.9569 0.2289
v  0.0000 0.9840 0.2046
v  0.9233 0.0000 0.2818
v  0.9078 0.1680 0.2818
v  0.9226 0.1708 0.2529
v  0.8583 0.3400 0.2819
v  0.8722 0.3456 0.2530
v  0.7725 0.5055 0.2818
v  0.7849 0.5139 0.2530
v  0.6529 0.6527 0.2818
v  0.6635 0.6633 0.2530
v  0.5056 0.7724 0.2819
v  0.5141 0.7847 0.2531
v  0.3398 0.8584 0.2818
v  0.3452 0.8718 0.2527
v  0.1679 0.9078 0.2819
v  0.1706 0.9225 0.2531
v  0.0000 0.9229 0.2826
v  0.0000 0.9376 0.2541
v  1.0161 0.0000 0.1860
v  0.9990 0.1851 0.1860
v  1.0344 0.1917 0.1742
v  0.9441 0.3747 0.1861
v  0.9774 0.3881 0.1742
v  0.8494 0.5574 0.1860
v  0.8791 0.5776 0.1742
v  0.7186 0.7181 0.1861
v  0.7441 0.7434 0.1742
v  0.5578 0.8488 0.1862
v  0.5783 0.8782 0.1743
v  0.3741 0.9445 0.1861
v  0.3874 0.9779 0.1742
v  0.1846 0.9988 0.1861
v  0.1910 1.0341 0.1743
v  0.0000 1.0150 0.1865
v  0.0000 1.0511 0.1744
v  1.0899 -0.0000 0.1700
v  1.0717 0.1987 0.1700
v  1.0920 0.2027 0.1614
v  1.0125 0.4023 0.1700
v  1.0319 0.4102 0.1616
v  0.9108 0.5985 0.1700
v  0.9286 0.6092 0.1614
v  0.7709 0.7702 0.1700
v  0.7855 0.7851 0.1614
v  0.5990 0.9099 0.1700
v  0.6095 0.9283 0.1615
v  0.4014 1.0131 0.1700
v  0.4090 1.0324 0.1615
v  0.1979 1.0714 0.1700
v  0.2019 1.0920 0.1615
v  0.0000 1.0893 0.1700
v  0.0000 1.1104 0.1617
v  1.0927 0.2042 0.0095
v  1.0325 0.4122 0.0097
v  0.9301 0.6088 0.0096
v  0.7858 0.7863 0.0096
v  0.6080 0.9307 0.0097
v  0.4075 1.0345 0.0098
v  0.2029 1.0932 0.0098
v  0.0000 1.1119 0.0098
v  -0.9111 0.0836 0.3149
v  -0.8793 0.2529 0.3149
v  -0.8124 0.4210 0.3149
v  -0.7102 0.5770 0.3149
v  -0.5771 0.7102 0.3150
v  -0.4210 0.8125 0.3150
v  -0.2529 0.8793 0.3149
v  -0.0836 0.9110 0.3152
v  -0.9828 0.0905 0.2037
v  -0.9557 0.0879 0.2276
v  -0.9483 0.2731 0.2038
v  -0.9222 0.2655 0.2277
v  -0.8759 0.4549 0.2038
v  -0.8519 0.4422 0.2277
v  -0.7658 0.6228 0.2038
v  -0.7448 0.6056 0.2276
v  -0.6232 0.7654 0.2039
v  -0.6058 0.7445 0.2277
v  -0.4548 0.8757 0.2036
v  -0.4421 0.8519 0.2277
v  -0.2726 0.9483 0.2035
v  -0.2652 0.9224 0.2276
v  -0.0901 0.9820 0.2044
v  -0.0876 0.9549 0.2285
v  -0.9359 0.0860 0.2529
v  -0.9210 0.0846 0.2818
v  -0.9032 0.2599 0.2530
v  -0.8888 0.2557 0.2819
v  -0.8344 0.4329 0.2530
v  -0.8212 0.4258 0.2819
v  -0.7295 0.5929 0.2530
v  -0.7179 0.5834 0.2818
v  -0.5932 0.7293 0.2531
v  -0.5835 0.7178 0.2819
v  -0.4327 0.8341 0.2528
v  -0.4257 0.8212 0.2819
v  -0.2596 0.9030 0.2527
v  -0.2556 0.8889 0.2818
v  -0.0858 0.9355 0.2537
v  -0.0845 0.9208 0.2824
v  -1.0494 0.0969 0.1742
v  -1.0135 0.0935 0.1860
v  -1.0125 0.2918 0.1742
v  -0.9779 0.2818 0.1861
v  -0.9348 0.4863 0.1742
v  -0.9031 0.4694 0.1861
v  -0.8175 0.6653 0.1742
v  -0.7897 0.6424 0.1860
v  -0.6659 0.8166 0.1742
v  -0.6428 0.7891 0.1861
v  -0.4863 0.9347 0.1742
v  -0.4693 0.9031 0.1861
v  -0.2911 1.0127 0.1742
v  -0.2812 0.9781 0.1861
v  -0.0961 1.0487 0.1743
v  -0.0928 1.0128 0.1864
v  -1.1080 0.1023 0.1614
v  -1.0489 0.3025 0.1700
v  -1.0689 0.3085 0.1615
v  -0.9685 0.5040 0.1700
v  -0.9872 0.5133 0.1615
v  -0.8469 0.6893 0.1700
v  -0.8633 0.7022 0.1614
v  -0.6899 0.8461 0.1700
v  -0.7026 0.8629 0.1615
v  -0.5038 0.9684 0.1700
v  -0.5129 0.9874 0.1616
v  -0.3017 1.0492 0.1700
v  -0.3075 1.0692 0.1615
v  -0.0995 1.0867 0.1700
v  -0.1016 1.1077 0.1616
v  -1.1089 0.1027 0.0096
v  -1.0696 0.3103 0.0096
v  -0.9882 0.5141 0.0097
v  -0.8643 0.7026 0.0096
v  -0.7021 0.8648 0.0096
v  -0.5114 0.9896 0.0097
v  -0.3072 1.0707 0.0098
v  -0.1021 1.1091 0.0098
v  0.9111 0.0836 0.3149
v  0.8793 0.2529 0.3149
v  0.8124 0.4210 0.3149
v  0.7102 0.5770 0.3149
v  0.5771 0.7102 0.3150
v  0.4210 0.8125 0.3150
v  0.2529 0.8793 0.3149
v  0.0836 0.9110 0.3152
v  0.9557 0.0879 0.2276
v  0.9828 0.0905 0.2037
v  0.9222 0.2655 0.2277
v  0.9483 0.2731 0.2038
v  0.8519 0.4422 0.2277
v  0.8759 0.4549 0.2038
v  0.7448 0.6056 0.2276
v  0.7658 0.6228 0.2038
v  0.6058 0.7445 0.2277
v  0.6232 0.7654 0.2039
v  0.4421 0.8519 0.2277
v  0.4548 0.8757 0.2036
v  0.2652 0.9224 0.2276
v  0.2726 0.9483 0.2035
v  0.0876 0.9549 0.2285
v  0.0901 0.9820 0.2044
v  0.9210 0.0846 0.2818
v  0.9359 0.0860 0.2529
v  0.8888 0.2557 0.2819
v  0.9032 0.2599 0.2530
v  0.8212 0.4258 0.2819
v  0.8344 0.4329 0.2530
v  0.7179 0.5834 0.2818
v  0.7295 0.5929 0.2530
v  0.5835 0.7178 0.2819
v  0.5932 0.7293 0.2531
v  0.4257 0.8212 0.2819
v  0.4327 0.8341 0.2528
v  0.2556 0.8889 0.2818
v  0.2596 0.9030 0.2527
v  0.0845 0.9208 0.2824
v  0.0858 0.9355 0.2537
v  1.0135 0.0935 0.1860
v  1.0494 0.0969 0.1742
v  0.9779 0.2818 0.1861
v  1.0125 0.2918 0.1742
v  0.9031 0.4694 0.1861
v  0.9348 0.4863 0.1742
v  0.7897 0.6424 0.1860
v  0.8175 0.6653 0.1742
v  0.6428 0.7891 0.1861
v  0.6659 0.8166 0.1742
v  0.4693 0.9031 0.1861
v  0.4863 0.9347 0.1742
v  0.2812 0.9781 0.1861
v  0.2911 1.0127 0.1742
v  0.0928 1.0128 0.1864
v  0.0961 1.0487 0.1743
v  1.1080 0.1023 0.1614
v  1.0873 0.1005 0.1700
v  1.0689 0.3085 0.1615
v  1.0489 0.3025 0.1700
v  0.9872 0.5133 0.1615
v  0.9685 0.5040 0.1700
v  0.8633 0.7022 0.1614
v  0.8469 0.6893 0.1700
v  0.7026 0.8629 0.1615
v  0.6899 0.8461 0.1700
v  0.5129 0.9874 0.1616
v  0.5038 0.9684 0.1700
v  0.3075 1.0692 0.1615
v  0.3017 1.0492 0.1700
v  0.1016 1.1077 0.1616
v  0.0995 1.0867 0.1700
v  1.1089 0.1027 0.0096
v  1.0696 0.3103 0.0096
v  0.9882 0.5141 0.0097
v  0.8643 0.7026 0.0096
v  0.7021 0.8648 0.0096
v  0.5114 0.9896 0.0097
v  0.3072 1.0707 0.0098
v  0.1021 1.1091 0.0098
v  -0.4980 0.7617 0.6339
v  0.8948 0.1656 0.6339
v  0.6434 0.6434 0.6339
v  0.8455 0.3361 0.6339
v  -1.0881 0.0000 0.1700
v  -1.1117 0.0000 0.0096
v  0.0000 0.0000 -0.0000
v  -0.4980 -0.7617 0.6342
v  -0.3338 -0.8465 0.6342
v  -0.6435 -0.6435 0.6342
v  -0.9111 -0.0836 0.3149
v  -0.9133 0.0000 0.3149
v  -0.8793 -0.2529 0.3149
v  -0.8980 -0.1662 0.3149
v  -0.8124 -0.4210 0.3149
v  -0.8491 -0.3362 0.3149
v  -0.7102 -0.5770 0.3149
v  -0.7643 -0.4998 0.3149
v  -0.5771 -0.7102 0.3150
v  -0.6458 -0.6457 0.3149
v  -0.4210 -0.8125 0.3150
v  -0.4999 -0.7643 0.3150
v  -0.2529 -0.8793 0.3149
v  -0.3362 -0.8492 0.3150
v  -0.0836 -0.9110 0.3152
v  -0.1662 -0.8980 0.3150
v  -0.9580 0.0000 0.2276
v  -0.9420 -0.1744 0.2276
v  -0.9687 -0.1794 0.2037
v  -0.9828 -0.0905 0.2037
v  -0.9557 -0.0879 0.2276
v  -0.8905 -0.3531 0.2277
v  -0.9156 -0.3632 0.2039
v  -0.9483 -0.2731 0.2038
v  -0.9222 -0.2655 0.2277
v  -0.8013 -0.5251 0.2276
v  -0.8238 -0.5402 0.2038
v  -0.8759 -0.4549 0.2038
v  -0.8519 -0.4422 0.2277
v  -0.6775 -0.6772 0.2277
v  -0.6968 -0.6964 0.2038
v  -0.7658 -0.6228 0.2038
v  -0.7448 -0.6056 0.2276
v  -0.5253 -0.8010 0.2278
v  -0.5406 -0.8233 0.2039
v  -0.6232 -0.7654 0.2039
v  -0.6058 -0.7445 0.2277
v  -0.3527 -0.8907 0.2277
v  -0.3626 -0.9156 0.2034
v  -0.4548 -0.8757 0.2036
v  -0.4421 -0.8519 0.2277
v  -0.1742 -0.9419 0.2278
v  -0.1790 -0.9686 0.2039
v  -0.2726 -0.9483 0.2035
v  -0.2652 -0.9224 0.2276
v  0.0000 -0.9569 0.2289
v  0.0000 -0.9840 0.2046
v  -0.0901 -0.9820 0.2044
v  -0.0876 -0.9549 0.2285
v  -0.9233 0.0000 0.2818
v  -0.9078 -0.1680 0.2818
v  -0.9226 -0.1708 0.2529
v  -0.9359 -0.0860 0.2529
v  -0.9210 -0.0846 0.2818
v  -0.8583 -0.3400 0.2819
v  -0.8722 -0.3456 0.2530
v  -0.9032 -0.2599 0.2530
v  -0.8888 -0.2557 0.2819
v  -0.7725 -0.5055 0.2818
v  -0.7849 -0.5139 0.2530
v  -0.8344 -0.4329 0.2530
v  -0.8212 -0.4258 0.2819
v  -0.6529 -0.6527 0.2818
v  -0.6635 -0.6633 0.2530
v  -0.7295 -0.5929 0.2530
v  -0.7179 -0.5834 0.2818
v  -0.5056 -0.7724 0.2819
v  -0.5141 -0.7847 0.2531
v  -0.5932 -0.7293 0.2531
v  -0.5835 -0.7178 0.2819
v  -0.3398 -0.8584 0.2818
v  -0.3452 -0.8718 0.2527
v  -0.4327 -0.8341 0.2528
v  -0.4257 -0.8212 0.2819
v  -0.1679 -0.9078 0.2819
v  -0.1706 -0.9225 0.2531
v  -0.2596 -0.9030 0.2527
v  -0.2556 -0.8889 0.2818
v  0.0000 -0.9229 0.2826
v  0.0000 -0.9376 0.2541
v  -0.0858 -0.9355 0.2537
v  -0.0845 -0.9208 0.2824
v  -1.0161 0.0000 0.1860
v  -0.9990 -0.1851 0.1860
v  -1.0344 -0.1917 0.1742
v  -1.0494 -0.0969 0.1742
v  -1.0135 -0.0935 0.1860
v  -0.9441 -0.3747 0.1861
v  -0.9774 -0.3881 0.1742
v  -1.0125 -0.2918 0.1742
v  -0.9779 -0.2818 0.1861
v  -0.8494 -0.5574 0.1860
v  -0.8791 -0.5776 0.1742
v  -0.9348 -0.4863 0.1742
v  -0.9031 -0.4694 0.1861
v  -0.7186 -0.7181 0.1861
v  -0.7441 -0.7434 0.1742
v  -0.8175 -0.6653 0.1742
v  -0.7897 -0.6424 0.1860
v  -0.5578 -0.8488 0.1862
v  -0.5783 -0.8782 0.1743
v  -0.6659 -0.8166 0.1742
v  -0.6428 -0.7891 0.1861
v  -0.3741 -0.9445 0.1861
v  -0.3874 -0.9779 0.1742
v  -0.4863 -0.9347 0.1742
v  -0.4693 -0.9031 0.1861
v  -0.1846 -0.9988 0.1861
v  -0.1910 -1.0341 0.1743
v  -0.2911 -1.0127 0.1742
v  -0.2812 -0.9781 0.1861
v  0.0000 -1.0150 0.1865
v  0.0000 -1.0511 0.1744
v  -0.0961 -1.0487 0.1743
v  -0.0928 -1.0128 0.1864
v  -1.1080 -0.1023 0.1614
v  -1.0717 -0.1987 0.1700
v  -1.0489 -0.3025 0.1700
v  -1.0689 -0.3085 0.1615
v  -1.0920 -0.2027 0.1614
v  -1.0125 -0.4023 0.1700
v  -0.9685 -0.5040 0.1700
v  -0.9872 -0.5133 0.1615
v  -1.0319 -0.4102 0.1616
v  -0.9108 -0.5985 0.1700
v  -0.8469 -0.6893 0.1700
v  -0.8633 -0.7022 0.1614
v  -0.9286 -0.6092 0.1614
v  -0.7709 -0.7702 0.1700
v  -0.6899 -0.8461 0.1700
v  -0.7026 -0.8629 0.1615
v  -0.7855 -0.7851 0.1614
v  -0.5990 -0.9099 0.1700
v  -0.5038 -0.9684 0.1700
v  -0.5129 -0.9874 0.1616
v  -0.6095 -0.9283 0.1615
v  -0.4014 -1.0131 0.1700
v  -0.3017 -1.0492 0.1700
v  -0.3075 -1.0692 0.1615
v  -0.4090 -1.0324 0.1615
v  -0.1979 -1.0714 0.1700
v  -0.0995 -1.0867 0.1700
v  -0.1016 -1.1077 0.1616
v  -0.2019 -1.0920 0.1615
v  0.0000 -1.1104 0.1617
v  -1.0696 -0.3103 0.0096
v  -1.0927 -0.2042 0.0095
v  -0.9882 -0.5141 0.0097
v  -1.0325 -0.4122 0.0097
v  -0.8643 -0.7026 0.0096
v  -0.9301 -0.6088 0.0096
v  -0.7021 -0.8648 0.0096
v  -0.7858 -0.7863 0.0096
v  -0.5114 -0.9896 0.0097
v  -0.6080 -0.9307 0.0097
v  -0.3072 -1.0707 0.0098
v  -0.4075 -1.0345 0.0098
v  -0.1021 -1.1091 0.0098
v  -0.2029 -1.0932 0.0098
v  -1.1089 -0.1027 0.0096
v  0.0000 -1.1119 0.0098
v  0.0000 -0.9132 0.3154
v  0.0000 -1.0893 0.1700
v  0.4980 -0.7617 0.6342
v  0.6435 -0.6435 0.6342
v  0.8455 -0.3361 0.6339
v  0.8948 -0.1656 0.6339
v  0.9133 0.0000 0.3149
v  0.9111 -0.0836 0.3149
v  0.8980 -0.1662 0.3149
v  0.8793 -0.2529 0.3149
v  0.8491 -0.3362 0.3149
v  0.8124 -0.4210 0.3149
v  0.7643 -0.4998 0.3149
v  0.7102 -0.5770 0.3149
v  0.6458 -0.6457 0.3149
v  0.5771 -0.7102 0.3150
v  0.4999 -0.7643 0.3150
v  0.4210 -0.8125 0.3150
v  0.3362 -0.8492 0.3150
v  0.2529 -0.8793 0.3149
v  0.1662 -0.8980 0.3150
v  0.0836 -0.9110 0.3152
v  0.9852 0.0000 0.2037
v  0.9420 -0.1744 0.2276
v  0.9557 -0.0879 0.2276
v  0.9828 -0.0905 0.2037
v  0.9687 -0.1794 0.2037
v  0.8905 -0.3531 0.2277
v  0.9222 -0.2655 0.2277
v  0.9483 -0.2731 0.2038
v  0.9156 -0.3632 0.2039
v  0.8013 -0.5251 0.2276
v  0.8519 -0.4422 0.2277
v  0.8759 -0.4549 0.2038
v  0.8238 -0.5402 0.2038
v  0.6775 -0.6772 0.2277
v  0.7448 -0.6056 0.2276
v  0.7658 -0.6228 0.2038
v  0.6968 -0.6964 0.2038
v  0.5253 -0.8010 0.2278
v  0.6058 -0.7445 0.2277
v  0.6232 -0.7654 0.2039
v  0.5406 -0.8233 0.2039
v  0.3527 -0.8907 0.2277
v  0.4421 -0.8519 0.2277
v  0.4548 -0.8757 0.2036
v  0.3626 -0.9156 0.2034
v  0.1742 -0.9419 0.2278
v  0.2652 -0.9224 0.2276
v  0.2726 -0.9483 0.2035
v  0.1790 -0.9686 0.2039
v  0.0876 -0.9549 0.2285
v  0.0901 -0.9820 0.2044
v  0.9383 0.0000 0.2530
v  0.9078 -0.1680 0.2818
v  0.9210 -0.0846 0.2818
v  0.9359 -0.0860 0.2529
v  0.9226 -0.1708 0.2529
v  0.8583 -0.3400 0.2819
v  0.8888 -0.2557 0.2819
v  0.9032 -0.2599 0.2530
v  0.8722 -0.3456 0.2530
v  0.7725 -0.5055 0.2818
v  0.8212 -0.4258 0.2819
v  0.8344 -0.4329 0.2530
v  0.7849 -0.5139 0.2530
v  0.6529 -0.6527 0.2818
v  0.7179 -0.5834 0.2818
v  0.7295 -0.5929 0.2530
v  0.6635 -0.6633 0.2530
v  0.5056 -0.7724 0.2819
v  0.5835 -0.7178 0.2819
v  0.5932 -0.7293 0.2531
v  0.5141 -0.7847 0.2531
v  0.3398 -0.8584 0.2818
v  0.4257 -0.8212 0.2819
v  0.4327 -0.8341 0.2528
v  0.3452 -0.8718 0.2527
v  0.1679 -0.9078 0.2819
v  0.2556 -0.8889 0.2818
v  0.2596 -0.9030 0.2527
v  0.1706 -0.9225 0.2531
v  0.0845 -0.9208 0.2824
v  0.0858 -0.9355 0.2537
v  1.0520 -0.0000 0.1742
v  0.9990 -0.1851 0.1860
v  1.0135 -0.0935 0.1860
v  1.0494 -0.0969 0.1742
v  1.0344 -0.1917 0.1742
v  0.9441 -0.3747 0.1861
v  0.9779 -0.2818 0.1861
v  1.0125 -0.2918 0.1742
v  0.9774 -0.3881 0.1742
v  0.8494 -0.5574 0.1860
v  0.9031 -0.4694 0.1861
v  0.9348 -0.4863 0.1742
v  0.8791 -0.5776 0.1742
v  0.7186 -0.7181 0.1861
v  0.7897 -0.6424 0.1860
v  0.8175 -0.6653 0.1742
v  0.7441 -0.7434 0.1742
v  0.5578 -0.8488 0.1862
v  0.6428 -0.7891 0.1861
v  0.6659 -0.8166 0.1742
v  0.5783 -0.8782 0.1743
v  0.3741 -0.9445 0.1861
v  0.4693 -0.9031 0.1861
v  0.4863 -0.9347 0.1742
v  0.3874 -0.9779 0.1742
v  0.1846 -0.9988 0.1861
v  0.2812 -0.9781 0.1861
v  0.2911 -1.0127 0.1742
v  0.1910 -1.0341 0.1743
v  0.0928 -1.0128 0.1864
v  0.0961 -1.0487 0.1743
v  1.1108 -0.0000 0.1614
v  1.1080 -0.1023 0.1614
v  1.0873 -0.1005 0.1700
v  1.0717 -0.1987 0.1700
v  1.0920 -0.2027 0.1614
v  1.0689 -0.3085 0.1615
v  1.0489 -0.3025 0.1700
v  1.0125 -0.4023 0.1700
v  1.0319 -0.4102 0.1616
v  0.9872 -0.5133 0.1615
v  0.9685 -0.5040 0.1700
v  0.9108 -0.5985 0.1700
v  0.9286 -0.6092 0.1614
v  0.8633 -0.7022 0.1614
v  0.8469 -0.6893 0.1700
v  0.7709 -0.7702 0.1700
v  0.7855 -0.7851 0.1614
v  0.7026 -0.8629 0.1615
v  0.6899 -0.8461 0.1700
v  0.5990 -0.9099 0.1700
v  0.6095 -0.9283 0.1615
v  0.5129 -0.9874 0.1616
v  0.5038 -0.9684 0.1700
v  0.4014 -1.0131 0.1700
v  0.4090 -1.0324 0.1615
v  0.3075 -1.0692 0.1615
v  0.3017 -1.0492 0.1700
v  0.1979 -1.0714 0.1700
v  0.2019 -1.0920 0.1615
v  0.1016 -1.1077 0.1616
v  0.0995 -1.0867 0.1700
v  1.0927 -0.2042 0.0095
v  1.0696 -0.3103 0.0096
v  1.0325 -0.4122 0.0097
v  0.9882 -0.5141 0.0097
v  0.9301 -0.6088 0.0096
v  0.8643 -0.7026 0.0096
v  0.7858 -0.7863 0.0096
v  0.7021 -0.8648 0.0096
v  0.6080 -0.9307 0.0097
v  0.5114 -0.9896 0.0097
v  0.4075 -1.0345 0.0098
v  0.3072 -1.0707 0.0098
v  0.2029 -1.0932 0.0098
v  0.1021 -1.1091 0.0098
v  1.1089 -0.1027 0.0096
v  0.1600 -0.8957 0.6345
v  -0.7617 -0.4980 0.6342
v  0.7617 -0.4980 0.6342
v  1.1117 -0.0000 0.0096
v  -0.0744 -0.7250 4.0072
v  -0.1506 -0.7250 3.9853
v  -0.2238 -0.7250 3.9473
v  -0.2892 -0.7250 3.8942
v  -0.3423 -0.7250 3.8288
v  -0.3803 -0.7250 3.7555
v  -0.4022 -0.7250 3.6794
v  -0.4090 -0.7250 3.6050
v  -0.4022 -0.7250 3.5306
v  -0.3803 -0.7250 3.4544
v  -0.3423 -0.7250 3.3812
v  -0.2892 -0.7250 3.3158
v  -0.0744 -0.7250 3.2028
v  -0.1506 -0.7250 3.2247
v  -0.2238 -0.7250 3.2627
v  -0.1533 0.8284 5.3900
v  -0.3101 0.7833 5.3900
v  -0.4610 0.7052 5.3900
v  -0.5957 0.5957 5.3900
v  -0.7052 0.4610 5.3900
v  -0.7833 0.3101 5.3900
v  -0.8284 0.1533 5.3900
v  -0.8425 -0.0000 5.3900
v  -0.8284 -0.1533 5.3900
v  -0.7833 -0.3101 5.3900
v  -0.7052 -0.4610 5.3900
v  -0.5957 -0.5957 5.3900
v  -0.4610 -0.7052 5.3900
v  -0.3101 -0.7833 5.3900
v  -0.1533 -0.8284 5.3900
v  0.0000 -0.8425 5.3900
v  -0.4981 -0.7608 3.6062
v  -0.6431 -0.6431 3.6063
v  -0.8458 -0.3349 3.6063
v  -0.8947 -0.1656 3.6062
v  -0.9100 -0.0000 3.6063
v  -0.8950 0.1656 3.6062
v  -0.8464 0.3351 3.6063
v  -0.7621 0.4982 3.6062
v  -0.6439 0.6439 3.6063
v  -0.4984 0.7622 3.6062
v  -0.3352 0.8468 3.6063
v  -0.1657 0.8956 3.6063
v  -0.4978 -0.7610 3.8448
v  -0.6431 -0.6431 3.8447
v  -0.4978 -0.7610 3.3895
v  -0.6431 -0.6431 3.3896
v  -0.7616 -0.4972 3.6135
v  -0.4017 -0.8158 3.5253
v  -0.4012 -0.8109 3.5259
v  -0.4058 -0.8137 3.5248
v  -0.4095 -0.8118 3.6050
v  -0.4141 -0.8095 3.6051
v  -0.4090 -0.8069 3.6050
v  -0.0796 -0.9056 4.0067
v  -0.0794 -0.9004 4.0061
v  -0.0801 -0.9056 4.0147
v  -0.1578 -0.8954 3.9830
v  -0.1574 -0.8902 3.9825
v  -0.1591 -0.8951 3.9902
v  -0.2292 -0.8798 3.9445
v  -0.2288 -0.8747 3.9439
v  -0.2311 -0.8793 3.9502
v  -0.2897 -0.8618 3.8946
v  -0.2894 -0.8568 3.8940
v  -0.2931 -0.8606 3.8996
v  -0.3394 -0.8435 3.8340
v  -0.3392 -0.8384 3.8333
v  -0.3443 -0.8414 3.8400
v  -0.3780 -0.8269 3.4471
v  -0.3777 -0.8220 3.4480
v  -0.3822 -0.8250 3.4452
v  -0.3395 -0.8435 3.3758
v  -0.3443 -0.8415 3.3708
v  -0.3392 -0.8385 3.3766
v  -0.2898 -0.8618 3.3153
v  -0.2894 -0.8568 3.3159
v  -0.2931 -0.8606 3.3101
v  -0.3781 -0.8269 3.7629
v  -0.3777 -0.8220 3.7620
v  -0.3819 -0.8252 3.7655
v  -0.4015 -0.8159 3.6846
v  -0.4012 -0.8109 3.6841
v  -0.4070 -0.8131 3.6853
v  -0.0796 -0.9056 3.2031
v  -0.0796 -0.9056 3.1979
v  -0.0794 -0.9004 3.2039
v  0.0000 -0.9092 3.1952
v  -0.1579 -0.8954 3.2268
v  -0.1575 -0.8954 3.2216
v  -0.1574 -0.8902 3.2275
v  -0.2292 -0.8798 3.2654
v  -0.2290 -0.8799 3.2602
v  -0.2288 -0.8747 3.2661
v  -0.0800 -0.9056 3.1855
v  -0.1576 -0.8954 3.2072
v  -0.2296 -0.8797 3.2439
v  -0.2895 -0.8619 3.2919
v  -0.3524 -0.8381 3.3603
v  -0.3960 -0.8185 3.4388
v  -0.4170 -0.8080 3.5236
v  -0.4264 -0.8029 3.6052
v  -0.4184 -0.8073 3.6829
v  -0.3935 -0.8197 3.7732
v  -0.3574 -0.8360 3.8478
v  -0.3018 -0.8576 3.9105
v  -0.2370 -0.8776 3.9638
v  -0.1608 -0.8948 4.0025
v  -0.0807 -0.9055 4.0280
v  0.0000 0.9108 3.6063
v  0.0000 0.8425 5.3900
v  0.0000 -0.9092 4.0146
v  -0.3328 -0.8405 5.4550
v  -0.4980 -0.7617 5.4550
v  -0.4980 -0.7617 5.4490
v  -0.4947 -0.7566 5.4550
v  -0.7833 0.3101 5.4550
v  -0.7833 0.3101 5.4490
v  -0.7889 0.3123 5.4550
v  -0.7052 0.4610 5.4550
v  -0.7102 0.4643 5.4550
v  -0.7052 0.4610 5.4490
v  -0.6435 0.6435 5.4550
v  -0.6435 0.6435 5.4490
v  -0.6392 0.6392 5.4550
v  -0.7617 0.4980 5.4550
v  -0.7566 0.4947 5.4550
v  -0.7617 0.4980 5.4490
v  -0.5957 0.5957 5.4550
v  -0.6000 0.6000 5.4550
v  -0.5957 0.5957 5.4490
v  -0.4980 0.7617 5.4550
v  -0.4980 0.7617 5.4490
v  -0.4947 0.7566 5.4550
v  -0.4610 0.7052 5.4550
v  -0.4643 0.7102 5.4550
v  -0.4610 0.7052 5.4490
v  -0.3350 0.8461 5.4550
v  -0.3350 0.8461 5.4490
v  -0.3328 0.8405 5.4550
v  -0.3101 0.7833 5.4550
v  -0.3123 0.7889 5.4550
v  -0.3101 0.7833 5.4490
v  -0.1656 0.8948 5.4550
v  -0.1656 0.8948 5.4490
v  -0.1645 0.8889 5.4550
v  -0.1533 0.8284 5.4550
v  -0.1544 0.8343 5.4550
v  -0.1533 0.8284 5.4490
v  0.0000 0.9100 5.4550
v  0.0000 0.9100 5.4490
v  0.0000 0.9040 5.4550
v  0.0000 0.8425 5.4550
v  0.0000 0.8485 5.4550
v  0.0000 0.8425 5.4490
v  0.0000 -0.8425 5.4550
v  0.0000 -0.8425 5.4490
v  0.0000 -0.8485 5.4550
v  -0.1533 -0.8284 5.4550
v  -0.1544 -0.8343 5.4550
v  -0.1533 -0.8284 5.4490
v  -0.3101 -0.7833 5.4550
v  -0.3123 -0.7889 5.4550
v  -0.3101 -0.7833 5.4490
v  -0.4610 -0.7052 5.4550
v  -0.4643 -0.7102 5.4550
v  -0.4610 -0.7052 5.4490
v  -0.6435 -0.6435 5.4550
v  -0.6435 -0.6435 5.4490
v  -0.6392 -0.6392 5.4550
v  -0.5957 -0.5957 5.4550
v  -0.6000 -0.6000 5.4550
v  -0.5957 -0.5957 5.4490
v  -0.7617 -0.4980 5.4550
v  -0.7617 -0.4980 5.4490
v  -0.7566 -0.4947 5.4550
v  -0.7052 -0.4610 5.4550
v  -0.7102 -0.4643 5.4550
v  -0.7052 -0.4610 5.4490
v  -0.8461 -0.3350 5.4550
v  -0.8461 -0.3350 5.4490
v  -0.8405 -0.3328 5.4550
v  -0.7833 -0.3101 5.4550
v  -0.7889 -0.3123 5.4550
v  -0.7833 -0.3101 5.4490
v  -0.8948 -0.1656 5.4550
v  -0.8948 -0.1656 5.4490
v  -0.8889 -0.1645 5.4550
v  -0.8284 -0.1533 5.4550
v  -0.8343 -0.1544 5.4550
v  -0.8284 -0.1533 5.4490
v  -0.9100 -0.0000 5.4550
v  -0.9100 -0.0000 5.4490
v  -0.9040 -0.0000 5.4550
v  -0.8425 -0.0000 5.4550
v  -0.8485 -0.0000 5.4550
v  -0.8425 -0.0000 5.4490
v  -0.8948 0.1656 5.4550
v  -0.8948 0.1656 5.4490
v  -0.8889 0.1645 5.4550
v  -0.8284 0.1533 5.4550
v  -0.8343 0.1544 5.4550
v  -0.8284 0.1533 5.4490
v  -0.8461 0.3350 5.4550
v  -0.8461 0.3350 5.4490
v  -0.8405 0.3328 5.4550
v  -0.3228 -0.8507 1.1423
v  -0.4980 -0.7618 1.1425
v  -0.6435 -0.6435 1.1425
v  -0.7617 -0.4980 1.1425
v  -0.8461 -0.3350 1.1407
v  -0.8948 -0.1656 1.1407
v  -0.9100 -0.0000 1.1407
v  -0.8950 0.1656 1.1407
v  -0.8464 0.3351 1.1406
v  -0.7621 0.4982 1.1407
v  -0.6439 0.6439 1.1407
v  -0.4983 0.7622 1.1407
v  -0.3352 0.8468 1.1407
v  -0.1474 0.8988 1.1444
v  0.0000 0.9108 1.1500
v  -0.1526 -0.8968 1.1405
v  0.0000 0.9108 3.3930
v  -0.0854 0.9068 3.3759
v  -0.1538 0.8977 3.3319
v  -0.2018 0.8882 3.2575
v  -0.2168 0.8844 3.1731
v  -0.2265 0.8819 1.4521
v  -0.2092 0.8863 1.3641
v  -0.1603 0.8966 1.2902
v  -0.0858 0.9067 1.2426
v  0.0000 0.9108 1.2321
v  0.0000 -0.9100 5.4550
v  0.0000 -0.9040 5.4550
v  -0.1656 -0.8948 5.4550
v  -0.1654 -0.8948 5.4478
v  -0.1645 -0.8889 5.4550
v  -0.3348 -0.8462 5.4490
v  -0.3350 -0.8461 5.4550
v  0.0000 0.2109 3.1695
v  -0.0664 0.2405 1.2922
v  -0.1239 0.2409 1.3303
v  -0.1628 0.2409 1.3904
v  -0.1741 0.2406 1.4519
v  -0.1732 0.2396 3.1722
v  -0.1608 0.2403 3.2378
v  -0.1198 0.2399 3.2973
v  -0.0605 0.2406 3.3353
v  0.0000 0.2405 3.3459
v  0.0000 0.9108 3.3750
v  0.0000 0.9108 3.3810
v  -0.0778 0.9075 3.3595
v  -0.0804 0.9072 3.3649
v  -0.0778 0.9015 3.3595
v  -0.1436 0.8994 3.3155
v  -0.1468 0.8989 3.3206
v  -0.1435 0.8934 3.3156
v  -0.1875 0.8913 3.2498
v  -0.1927 0.8902 3.2526
v  -0.1875 0.8853 3.2498
v  -0.2030 0.8879 3.1720
v  -0.2088 0.8864 3.1725
v  -0.2030 0.8819 3.1720
v  -0.2030 0.8879 1.4530
v  -0.2088 0.8864 1.4528
v  -0.2030 0.8819 1.4530
v  -0.1875 0.8913 1.3752
v  -0.1928 0.8901 1.3725
v  -0.1875 0.8853 1.3752
v  -0.1436 0.8994 1.3095
v  -0.1475 0.8988 1.3049
v  -0.1436 0.8934 1.3094
v  -0.0778 0.9075 1.2655
v  -0.0798 0.9073 1.2598
v  -0.0778 0.9015 1.2655
v  0.0000 0.9108 1.2500
v  0.0000 0.9048 1.2500
v  0.0000 0.9108 1.2440
v  -0.0563 0.2192 1.3219
v  0.0000 0.2188 1.3111
v  -0.1031 0.2195 1.3531
v  -0.1342 0.2196 1.4018
v  -0.1427 0.2191 1.4521
v  -0.1421 0.2188 3.1721
v  -0.1315 0.2191 3.2267
v  -0.0982 0.2191 3.2753
v  -0.0499 0.2193 3.3060
v  0.0000 0.2194 3.3151
v  -0.0726 0.2730 1.2715
v  0.0000 0.2699 1.2589
v  -0.1378 0.2731 1.3143
v  -0.1824 0.2731 1.3823
v  -0.1956 0.2732 1.4523
v  -0.1947 0.2710 3.1717
v  -0.1810 0.2727 3.2451
v  -0.1348 0.2713 3.3125
v  -0.0676 0.2730 3.3554
v  0.0000 0.2725 3.3671
v  0.0000 0.2108 1.4533
v  0.4983 0.7622 1.1407
v  0.3352 0.8468 1.1407
v  0.6439 0.6439 1.1407
v  0.7616 0.4979 1.1407
v  0.8460 0.3349 1.1406
v  0.8948 0.1656 1.1407
v  0.9100 -0.0000 1.1407
v  0.8948 -0.1656 1.1407
v  0.8461 -0.3350 1.1407
v  0.7617 -0.4980 1.1425
v  0.1654 -0.8948 5.4478
v  0.0807 -0.9055 4.0280
v  0.0000 -0.9092 4.0342
v  0.0000 -0.9100 5.4490
v  0.6435 -0.6435 1.1425
v  0.4980 -0.7618 1.1425
v  0.1608 -0.8948 4.0025
v  0.3348 -0.8462 5.4490
v  0.2370 -0.8776 3.9638
v  0.3018 -0.8576 3.9105
v  0.0800 -0.9056 3.1855
v  0.1526 -0.8967 1.1405
v  0.0000 -0.9101 1.1401
v  0.0000 -0.9092 3.1787
v  0.1576 -0.8954 3.2072
v  0.2296 -0.8797 3.2439
v  0.3228 -0.8507 1.1423
v  0.2895 -0.8619 3.2919
v  0.3574 -0.8360 3.8478
v  0.4980 -0.7617 5.4490
v  0.4978 -0.7610 3.8448
v  0.3524 -0.8381 3.3603
v  0.2894 -0.8568 3.3159
v  0.2892 -0.7250 3.3158
v  0.3423 -0.7250 3.3812
v  0.3392 -0.8385 3.3766
v  0.0794 -0.9004 4.0061
v  0.0744 -0.7250 4.0072
v  0.0000 -0.7250 4.0140
v  0.0000 -0.9040 4.0140
v  0.1574 -0.8902 3.9825
v  0.1506 -0.7250 3.9853
v  0.2288 -0.8747 3.9439
v  0.2238 -0.7250 3.9473
v  0.2894 -0.8568 3.8940
v  0.2892 -0.7250 3.8942
v  0.3392 -0.8384 3.8333
v  0.3423 -0.7250 3.8288
v  0.3777 -0.8220 3.7620
v  0.3803 -0.7250 3.7555
v  0.4012 -0.8109 3.6841
v  0.4022 -0.7250 3.6794
v  0.4090 -0.8069 3.6050
v  0.4090 -0.7250 3.6050
v  0.4012 -0.8109 3.5259
v  0.4022 -0.7250 3.5306
v  0.3777 -0.8220 3.4480
v  0.3803 -0.7250 3.4544
v  0.0000 -0.7250 3.1960
v  0.0744 -0.7250 3.2028
v  0.0794 -0.9004 3.2039
v  0.0000 -0.9040 3.1960
v  0.1506 -0.7250 3.2247
v  0.1574 -0.8902 3.2275
v  0.2238 -0.7250 3.2627
v  0.2288 -0.8747 3.2661
v  0.7566 0.4947 5.4550
v  0.8405 0.3328 5.4550
v  0.7889 0.3123 5.4550
v  0.7102 0.4643 5.4550
v  0.6000 0.6000 5.4550
v  0.6392 0.6392 5.4550
v  0.4643 0.7102 5.4550
v  0.4947 0.7566 5.4550
v  0.3123 0.7889 5.4550
v  0.3328 0.8405 5.4550
v  0.1544 0.8343 5.4550
v  0.1645 0.8889 5.4550
v  0.1544 -0.8343 5.4550
v  0.1645 -0.8889 5.4550
v  0.3123 -0.7889 5.4550
v  0.3328 -0.8405 5.4550
v  0.4643 -0.7102 5.4550
v  0.4947 -0.7566 5.4550
v  0.6000 -0.6000 5.4550
v  0.6392 -0.6392 5.4550
v  0.7102 -0.4643 5.4550
v  0.7566 -0.4947 5.4550
v  0.7889 -0.3123 5.4550
v  0.8405 -0.3328 5.4550
v  0.8343 -0.1544 5.4550
v  0.8889 -0.1645 5.4550
v  0.8485 -0.0000 5.4550
v  0.9040 -0.0000 5.4550
v  0.8343 0.1544 5.4550
v  0.8889 0.1645 5.4550
v  0.1533 0.8284 5.4490
v  0.1533 0.8284 5.3900
v  0.3101 0.7833 5.4490
v  0.3101 0.7833 5.3900
v  0.4610 0.7052 5.4490
v  0.4610 0.7052 5.3900
v  0.5957 0.5957 5.4490
v  0.5957 0.5957 5.3900
v  0.7052 0.4610 5.4490
v  0.7052 0.4610 5.3900
v  0.7833 0.3101 5.4490
v  0.7833 0.3101 5.3900
v  0.8284 0.1533 5.4490
v  0.8284 0.1533 5.3900
v  0.8425 -0.0000 5.4490
v  0.8425 -0.0000 5.3900
v  0.8284 -0.1533 5.4490
v  0.8284 -0.1533 5.3900
v  0.7833 -0.3101 5.4490
v  0.7833 -0.3101 5.3900
v  0.7052 -0.4610 5.4490
v  0.7052 -0.4610 5.3900
v  0.5957 -0.5957 5.4490
v  0.5957 -0.5957 5.3900
v  0.4610 -0.7052 5.4490
v  0.4610 -0.7052 5.3900
v  0.3101 -0.7833 5.4490
v  0.3101 -0.7833 5.3900
v  0.1533 -0.8284 5.4490
v  0.1533 -0.8284 5.3900
v  0.1657 0.8956 3.6063
v  0.1656 0.8948 5.4490
v  0.3352 0.8468 3.6063
v  0.3350 0.8461 5.4490
v  0.4984 0.7622 3.6062
v  0.4980 0.7617 5.4490
v  0.6439 0.6439 3.6063
v  0.6435 0.6435 5.4490
v  0.7621 0.4982 3.6062
v  0.7617 0.4980 5.4490
v  0.8464 0.3351 3.6063
v  0.8461 0.3350 5.4490
v  0.8950 0.1656 3.6062
v  0.8948 0.1656 5.4490
v  0.9100 -0.0000 3.6063
v  0.9100 -0.0000 5.4490
v  0.8947 -0.1656 3.6062
v  0.8948 -0.1656 5.4490
v  0.8458 -0.3349 3.6063
v  0.8461 -0.3350 5.4490
v  0.7616 -0.4972 3.6135
v  0.7617 -0.4980 5.4490
v  0.6431 -0.6431 3.6063
v  0.6431 -0.6431 3.8447
v  0.4981 -0.7608 3.6062
v  0.4170 -0.8080 3.5236
v  0.4264 -0.8029 3.6052
v  0.4184 -0.8073 3.6829
v  0.4978 -0.7610 3.3895
v  0.3960 -0.8185 3.4388
v  0.6435 -0.6435 5.4490
v  0.3935 -0.8197 3.7732
v  0.6431 -0.6431 3.3896
v  0.0000 -0.9092 4.0222
v  0.0801 -0.9056 4.0147
v  0.0796 -0.9056 4.0067
v  0.1591 -0.8951 3.9902
v  0.1578 -0.8954 3.9830
v  0.2311 -0.8793 3.9502
v  0.2292 -0.8798 3.9445
v  0.2931 -0.8606 3.8996
v  0.2897 -0.8618 3.8946
v  0.0796 -0.9056 3.1979
v  0.0000 -0.9092 3.1900
v  0.0796 -0.9056 3.2031
v  0.1575 -0.8954 3.2216
v  0.1579 -0.8954 3.2268
v  0.2290 -0.8799 3.2602
v  0.2292 -0.8798 3.2654
v  0.2931 -0.8606 3.3101
v  0.2898 -0.8618 3.3153
v  0.3443 -0.8414 3.8400
v  0.3394 -0.8435 3.8340
v  0.3443 -0.8415 3.3708
v  0.3395 -0.8435 3.3758
v  0.3781 -0.8269 3.7629
v  0.4015 -0.8159 3.6846
v  0.4095 -0.8118 3.6050
v  0.4017 -0.8158 3.5253
v  0.3780 -0.8269 3.4471
v  0.4141 -0.8095 3.6051
v  0.4064 -0.8134 3.5248
v  0.4070 -0.8131 3.6853
v  0.3822 -0.8250 3.4452
v  0.3819 -0.8252 3.7655
v  0.3350 -0.8461 5.4550
v  0.4980 -0.7617 5.4550
v  0.7617 0.4980 5.4550
v  0.8461 0.3350 5.4550
v  0.7833 0.3101 5.4550
v  0.7052 0.4610 5.4550
v  0.5957 0.5957 5.4550
v  0.6435 0.6435 5.4550
v  0.4610 0.7052 5.4550
v  0.4980 0.7617 5.4550
v  0.3101 0.7833 5.4550
v  0.3350 0.8461 5.4550
v  0.1533 0.8284 5.4550
v  0.1656 0.8948 5.4550
v  0.1533 -0.8284 5.4550
v  0.3101 -0.7833 5.4550
v  0.4610 -0.7052 5.4550
v  0.5957 -0.5957 5.4550
v  0.6435 -0.6435 5.4550
v  0.7052 -0.4610 5.4550
v  0.7617 -0.4980 5.4550
v  0.7833 -0.3101 5.4550
v  0.8461 -0.3350 5.4550
v  0.8284 -0.1533 5.4550
v  0.8948 -0.1656 5.4550
v  0.8425 -0.0000 5.4550
v  0.9100 -0.0000 5.4550
v  0.8284 0.1533 5.4550
v  0.8948 0.1656 5.4550
v  0.1474 0.8988 1.1444
v  0.0854 0.9068 3.3759
v  0.1538 0.8977 3.3319
v  0.2018 0.8882 3.2575
v  0.2092 0.8863 1.3641
v  0.1603 0.8966 1.2902
v  0.0858 0.9067 1.2426
v  0.2265 0.8819 1.4521
v  0.2168 0.8844 3.1731
v  0.0804 0.9072 3.3649
v  0.1468 0.8989 3.3206
v  0.1927 0.8902 3.2526
v  0.2088 0.8864 3.1725
v  0.2088 0.8864 1.4528
v  0.1928 0.8901 1.3725
v  0.1475 0.8988 1.3049
v  0.0798 0.9073 1.2598
v  0.1656 -0.8948 5.4550
v  0.0778 0.9015 3.3595
v  0.0000 0.9048 3.3750
v  0.1436 0.8934 3.3156
v  0.1875 0.8853 3.2498
v  0.2030 0.8819 3.1720
v  0.2030 0.8819 1.4530
v  0.1875 0.8853 1.3752
v  0.1436 0.8934 1.3094
v  0.0778 0.9015 1.2655
v  0.0726 0.2730 1.2715
v  0.1378 0.2731 1.3143
v  0.1824 0.2731 1.3823
v  0.1956 0.2732 1.4523
v  0.1947 0.2710 3.1717
v  0.1810 0.2727 3.2451
v  0.1348 0.2713 3.3125
v  0.0676 0.2730 3.3554
v  0.0664 0.2405 1.2922
v  0.0563 0.2192 1.3219
v  0.0000 0.2392 1.2803
v  0.1239 0.2409 1.3303
v  0.1031 0.2195 1.3531
v  0.1628 0.2409 1.3904
v  0.1342 0.2196 1.4018
v  0.1741 0.2406 1.4519
v  0.1427 0.2191 1.4521
v  0.1732 0.2396 3.1722
v  0.1421 0.2188 3.1721
v  0.1608 0.2403 3.2378
v  0.1315 0.2191 3.2267
v  0.1198 0.2399 3.2973
v  0.0982 0.2191 3.2753
v  0.0605 0.2406 3.3353
v  0.0499 0.2193 3.3060
v  0.0778 0.9075 3.3595
v  0.1436 0.8994 3.3155
v  0.1875 0.8913 3.2498
v  0.2030 0.8879 3.1720
v  0.2030 0.8879 1.4530
v  0.1875 0.8913 1.3752
v  0.1436 0.8994 1.3095
v  0.0778 0.9075 1.2655
v  0.0000 0.8325 5.3900
v  -0.1514 0.8186 5.3900
v  -0.3064 0.7740 5.3900
v  -0.4555 0.6968 5.3900
v  -0.5886 0.5886 5.3900
v  -0.6968 0.4555 5.3900
v  -0.7740 0.3064 5.3900
v  -0.8186 0.1514 5.3900
v  -0.8325 -0.0000 5.3900
v  -0.8186 -0.1515 5.3900
v  -0.7740 -0.3064 5.3900
v  -0.6968 -0.4555 5.3900
v  -0.5886 -0.5886 5.3900
v  -0.4555 -0.6968 5.3900
v  -0.3064 -0.7740 5.3900
v  -0.1514 -0.8186 5.3900
v  0.0000 -0.8325 5.3900
v  0.1514 -0.8186 5.3900
v  0.3064 -0.7740 5.3900
v  0.4555 -0.6968 5.3900
v  0.5886 -0.5886 5.3900
v  0.6968 -0.4555 5.3900
v  0.7740 -0.3064 5.3900
v  0.8186 -0.1515 5.3900
v  0.8325 -0.0000 5.3900
v  0.8186 0.1514 5.3900
v  0.7740 0.3064 5.3900
v  0.6968 0.4555 5.3900
v  0.5886 0.5886 5.3900
v  0.4555 0.6968 5.3900
v  0.3064 0.7740 5.3900
v  0.1514 0.8186 5.3900
v  0.0000 -0.0000 5.3900
v  -0.3339 -0.7250 3.3867
v  -0.2821 -0.7250 3.3229
v  -0.2183 -0.7250 3.2711
v  -0.1468 -0.7250 3.2340
v  -0.0726 -0.7250 3.2127
v  0.0000 -0.7250 3.2060
v  0.0726 -0.7250 3.2127
v  0.1468 -0.7250 3.2340
v  0.2183 -0.7250 3.2711
v  0.2821 -0.7250 3.3229
v  0.3339 -0.7250 3.3867
v  0.3709 -0.7250 3.4582
v  0.3923 -0.7250 3.5324
v  0.3990 -0.7250 3.6050
v  0.3923 -0.7250 3.6776
v  0.3709 -0.7250 3.7518
v  0.3339 -0.7250 3.8233
v  0.2821 -0.7250 3.8871
v  0.2183 -0.7250 3.9389
v  0.1468 -0.7250 3.9759
v  0.0726 -0.7250 3.9973
v  0.0000 -0.7250 4.0039
v  -0.0726 -0.7250 3.9973
v  -0.1468 -0.7250 3.9759
v  -0.2183 -0.7250 3.9389
v  -0.2821 -0.7250 3.8871
v  -0.3339 -0.7250 3.8233
v  -0.3709 -0.7250 3.7518
v  -0.3923 -0.7250 3.6776
v  -0.3990 -0.7250 3.6050
v  -0.3923 -0.7250 3.5324
v  -0.3709 -0.7250 3.4582
v  0.0000 -0.7250 3.6050
v  -0.8948 0.1656 0.6339
v  -0.7616 0.4979 0.6339
v  -0.1590 0.8958 0.6352
v  0.1590 0.8958 0.6352
v  0.3350 0.8459 0.6340
v  0.4979 0.7616 0.6339
v  0.7616 0.4979 0.6339
v  -0.1600 -0.8957 0.6345
v  -0.8948 -0.1656 0.6339
v  -0.6434 0.6434 0.6339
v  -0.8455 0.3361 0.6339
v  -0.9100 0.0000 0.6339
v  -0.8455 -0.3361 0.6339
v  -0.3350 0.8459 0.6340
v  0.0000 -0.9100 0.6352
v  0.9100 -0.0000 0.6339
v  0.0000 0.9099 0.6368
v  0.3338 -0.8465 0.6342
v  0.4980 -0.7617 5.2615
v  0.7617 -0.4979 5.2615
v  0.8948 -0.1656 5.2615
v  0.8948 0.1656 5.2615
v  0.7616 0.4979 5.2615
v  0.4979 0.7616 5.2615
v  0.1656 0.8947 5.2615
v  -0.1656 0.8947 5.2615
v  -0.4980 0.7617 5.2615
v  -0.7616 0.4979 5.2615
v  -0.8948 0.1656 5.2615
v  -0.8948 -0.1656 5.2615
v  -0.7618 -0.4979 5.2615
v  -0.4980 -0.7617 5.2615
v  -0.1648 -0.8951 5.2671
v  0.1648 -0.8951 5.2671
v  -0.0832 -0.9078 5.4484
v  -0.2518 -0.8762 5.4483
v  -0.4194 -0.8096 5.4491
v  -0.8042 0.4167 5.4550
v  -0.7549 0.3911 5.4550
v  -0.6599 0.5361 5.4550
v  -0.7031 0.5711 5.4550
v  -0.5361 0.6599 5.4550
v  -0.5711 0.7031 5.4550
v  -0.3911 0.7549 5.4550
v  -0.4167 0.8042 5.4550
v  -0.2349 0.8169 5.4550
v  -0.2503 0.8704 5.4550
v  -0.0777 0.8464 5.4550
v  -0.0827 0.9018 5.4550
v  -0.0777 -0.8464 5.4550
v  -0.0827 -0.9018 5.4550
v  -0.2349 -0.8169 5.4550
v  -0.2503 -0.8704 5.4550
v  -0.3911 -0.7549 5.4550
v  -0.4167 -0.8042 5.4550
v  -0.5361 -0.6599 5.4550
v  -0.5711 -0.7031 5.4550
v  -0.6599 -0.5361 5.4550
v  -0.7031 -0.5711 5.4550
v  -0.7549 -0.3911 5.4550
v  -0.8042 -0.4167 5.4550
v  -0.8169 -0.2349 5.4550
v  -0.8704 -0.2503 5.4550
v  -0.8464 -0.0777 5.4550
v  -0.9018 -0.0828 5.4550
v  -0.8464 0.0777 5.4550
v  -0.9018 0.0827 5.4550
v  -0.8169 0.2349 5.4550
v  -0.8704 0.2503 5.4550
v  -0.0771 0.8404 5.3900
v  -0.0771 0.8404 5.4490
v  -0.2333 0.8112 5.3900
v  -0.2333 0.8112 5.4490
v  -0.3883 0.7495 5.4490
v  -0.3883 0.7495 5.3900
v  -0.5323 0.6553 5.4490
v  -0.5323 0.6553 5.3900
v  -0.6553 0.5323 5.3900
v  -0.6553 0.5323 5.4490
v  -0.7495 0.3883 5.3900
v  -0.7495 0.3883 5.4490
v  -0.8112 0.2333 5.4490
v  -0.8112 0.2333 5.3900
v  -0.8404 0.0771 5.3900
v  -0.8404 0.0771 5.4490
v  -0.8404 -0.0771 5.3900
v  -0.8404 -0.0771 5.4490
v  -0.8112 -0.2333 5.3900
v  -0.8112 -0.2333 5.4490
v  -0.7495 -0.3883 5.3900
v  -0.7495 -0.3883 5.4490
v  -0.6553 -0.5323 5.4490
v  -0.6553 -0.5323 5.3900
v  -0.5323 -0.6553 5.3900
v  -0.5323 -0.6553 5.4490
v  -0.3883 -0.7495 5.3900
v  -0.3883 -0.7495 5.4490
v  -0.2333 -0.8112 5.3900
v  -0.2333 -0.8112 5.4490
v  -0.0771 -0.8404 5.3900
v  -0.0771 -0.8404 5.4490
v  -0.0833 0.9078 5.4490
v  -0.2519 0.8761 5.4490
v  -0.4194 0.8096 5.4490
v  -0.5749 0.7078 5.4490
v  -0.7078 0.5749 5.4490
v  -0.8096 0.4194 5.4490
v  -0.8761 0.2519 5.4490
v  -0.9078 0.0833 5.4490
v  -0.9078 -0.0833 5.4490
v  -0.8761 -0.2519 5.4490
v  -0.8096 -0.4194 5.4490
v  -0.7078 -0.5749 5.4490
v  -0.5749 -0.7078 5.4490
v  -0.4194 -0.8096 5.4550
v  -0.8096 0.4194 5.4550
v  -0.7495 0.3883 5.4550
v  -0.6553 0.5323 5.4550
v  -0.7078 0.5749 5.4550
v  -0.5323 0.6553 5.4550
v  -0.5749 0.7078 5.4550
v  -0.3883 0.7495 5.4550
v  -0.4194 0.8096 5.4550
v  -0.2333 0.8112 5.4550
v  -0.2519 0.8761 5.4550
v  -0.0771 0.8404 5.4550
v  -0.0833 0.9078 5.4550
v  -0.0771 -0.8404 5.4550
v  -0.2333 -0.8112 5.4550
v  -0.3883 -0.7495 5.4550
v  -0.5323 -0.6553 5.4550
v  -0.5749 -0.7078 5.4550
v  -0.6553 -0.5323 5.4550
v  -0.7078 -0.5749 5.4550
v  -0.7495 -0.3883 5.4550
v  -0.8096 -0.4194 5.4550
v  -0.8112 -0.2333 5.4550
v  -0.8761 -0.2519 5.4550
v  -0.8404 -0.0771 5.4550
v  -0.9078 -0.0833 5.4550
v  -0.8404 0.0771 5.4550
v  -0.9078 0.0833 5.4550
v  -0.8112 0.2333 5.4550
v  -0.8761 0.2519 5.4550
v  -0.2519 -0.8761 5.4550
v  -0.0833 -0.9078 5.4550
v  0.0832 -0.9078 5.4484
v  0.2518 -0.8762 5.4483
v  0.4194 -0.8096 5.4491
v  0.7549 0.3911 5.4550
v  0.8042 0.4167 5.4550
v  0.7031 0.5711 5.4550
v  0.6599 0.5361 5.4550
v  0.5711 0.7031 5.4550
v  0.5361 0.6599 5.4550
v  0.4167 0.8042 5.4550
v  0.3911 0.7549 5.4550
v  0.2503 0.8704 5.4550
v  0.2349 0.8169 5.4550
v  0.0828 0.9018 5.4550
v  0.0777 0.8464 5.4550
v  0.0827 -0.9018 5.4550
v  0.0777 -0.8464 5.4550
v  0.2503 -0.8704 5.4550
v  0.2349 -0.8169 5.4550
v  0.4167 -0.8042 5.4550
v  0.3911 -0.7549 5.4550
v  0.5711 -0.7031 5.4550
v  0.5361 -0.6599 5.4550
v  0.7031 -0.5711 5.4550
v  0.6599 -0.5361 5.4550
v  0.8042 -0.4167 5.4550
v  0.7549 -0.3911 5.4550
v  0.8704 -0.2503 5.4550
v  0.8169 -0.2349 5.4550
v  0.9018 -0.0828 5.4550
v  0.8464 -0.0777 5.4550
v  0.9018 0.0827 5.4550
v  0.8464 0.0777 5.4550
v  0.8704 0.2503 5.4550
v  0.8169 0.2349 5.4550
v  0.0771 0.8404 5.4490
v  0.0771 0.8404 5.3900
v  0.2333 0.8112 5.4490
v  0.2333 0.8112 5.3900
v  0.3883 0.7495 5.3900
v  0.3883 0.7495 5.4490
v  0.5323 0.6553 5.3900
v  0.5323 0.6553 5.4490
v  0.6553 0.5323 5.4490
v  0.6553 0.5323 5.3900
v  0.7495 0.3883 5.4490
v  0.7495 0.3883 5.3900
v  0.8112 0.2333 5.3900
v  0.8112 0.2333 5.4490
v  0.8404 0.0771 5.4490
v  0.8404 0.0771 5.3900
v  0.8404 -0.0771 5.4490
v  0.8404 -0.0771 5.3900
v  0.8112 -0.2333 5.4490
v  0.8112 -0.2333 5.3900
v  0.7495 -0.3883 5.4490
v  0.7495 -0.3883 5.3900
v  0.6553 -0.5323 5.3900
v  0.6553 -0.5323 5.4490
v  0.5323 -0.6553 5.4490
v  0.5323 -0.6553 5.3900
v  0.3883 -0.7495 5.4490
v  0.3883 -0.7495 5.3900
v  0.2333 -0.8112 5.4490
v  0.2333 -0.8112 5.3900
v  0.0771 -0.8404 5.4490
v  0.0771 -0.8404 5.3900
v  0.0833 0.9078 5.4490
v  0.2519 0.8761 5.4490
v  0.4194 0.8096 5.4490
v  0.5749 0.7078 5.4490
v  0.7078 0.5749 5.4490
v  0.8096 0.4194 5.4490
v  0.8761 0.2519 5.4490
v  0.9078 0.0833 5.4490
v  0.9078 -0.0833 5.4490
v  0.8761 -0.2519 5.4490
v  0.8096 -0.4194 5.4490
v  0.7078 -0.5749 5.4490
v  0.5749 -0.7078 5.4490
v  0.4194 -0.8096 5.4550
v  0.8096 0.4194 5.4550
v  0.7495 0.3883 5.4550
v  0.6553 0.5323 5.4550
v  0.7078 0.5749 5.4550
v  0.5323 0.6553 5.4550
v  0.5749 0.7078 5.4550
v  0.3883 0.7495 5.4550
v  0.4194 0.8096 5.4550
v  0.2333 0.8112 5.4550
v  0.2519 0.8761 5.4550
v  0.0771 0.8404 5.4550
v  0.0833 0.9078 5.4550
v  0.0771 -0.8404 5.4550
v  0.2333 -0.8112 5.4550
v  0.3883 -0.7495 5.4550
v  0.5323 -0.6553 5.4550
v  0.5749 -0.7078 5.4550
v  0.6553 -0.5323 5.4550
v  0.7078 -0.5749 5.4550
v  0.7495 -0.3883 5.4550
v  0.8096 -0.4194 5.4550
v  0.8112 -0.2333 5.4550
v  0.8761 -0.2519 5.4550
v  0.8404 -0.0771 5.4550
v  0.9078 -0.0833 5.4550
v  0.8404 0.0771 5.4550
v  0.9078 0.0833 5.4550
v  0.8112 0.2333 5.4550
v  0.8761 0.2519 5.4550
v  0.2519 -0.8761 5.4550
v  0.0833 -0.9078 5.4550
v  -0.0762 0.8304 5.3900
v  -0.2304 0.8015 5.3900
v  -0.3837 0.7406 5.3900
v  -0.5259 0.6474 5.3900
v  -0.6474 0.5259 5.3900
v  -0.7406 0.3837 5.3900
v  -0.8015 0.2304 5.3900
v  -0.8304 0.0762 5.3900
v  -0.8304 -0.0762 5.3900
v  -0.8015 -0.2304 5.3900
v  -0.7406 -0.3837 5.3900
v  -0.6474 -0.5259 5.3900
v  -0.5259 -0.6474 5.3900
v  -0.3837 -0.7406 5.3900
v  -0.2304 -0.8015 5.3900
v  -0.0762 -0.8304 5.3900
v  0.0762 -0.8304 5.3900
v  0.2304 -0.8015 5.3900
v  0.3837 -0.7406 5.3900
v  0.5259 -0.6474 5.3900
v  0.6474 -0.5259 5.3900
v  0.7406 -0.3837 5.3900
v  0.8015 -0.2304 5.3900
v  0.8304 -0.0762 5.3900
v  0.8304 0.0762 5.3900
v  0.8015 0.2304 5.3900
v  0.7406 0.3837 5.3900
v  0.6474 0.5259 5.3900
v  0.5259 0.6474 5.3900
v  0.3837 0.7406 5.3900
v  0.2304 0.8015 5.3900
v  0.0762 0.8304 5.3900
v  -0.3380 -0.8447 5.2624
v  0.0000 0.9099 5.2615
v  -0.3360 0.8454 5.2615
v  -0.6434 0.6434 5.2615
v  -0.8455 0.3361 5.2615
v  -0.9100 -0.0000 5.2615
v  -0.8456 -0.3361 5.2615
v  -0.6435 -0.6435 5.2615
v  0.3360 0.8454 5.2615
v  0.6434 0.6434 5.2615
v  0.8455 0.3361 5.2615
v  0.9100 -0.0000 5.2615
v  0.8456 -0.3361 5.2615
v  0.6435 -0.6435 5.2615
v  0.0000 -0.9101 5.2684
v  0.3380 -0.8447 5.2624
v  -1.0830 0.0999 0.1700
v  -1.0830 -0.0996 0.1700
v  -1.0984 0.2041 0.1519
v  -1.1145 0.1028 0.1519
v  -1.0381 0.4128 0.1521
v  -1.0753 0.3105 0.1520
v  -0.9345 0.6123 0.1519
v  -0.9932 0.5162 0.1520
v  -0.7901 0.7899 0.1519
v  -0.8686 0.7062 0.1518
v  -0.6122 0.9345 0.1519
v  -0.7063 0.8685 0.1519
v  -0.4114 1.0386 0.1521
v  -0.5155 0.9936 0.1520
v  -0.2032 1.0986 0.1519
v  -0.3094 1.0756 0.1519
v  0.0000 1.1171 0.1521
v  -0.1022 1.1144 0.1520
v  1.1145 0.1028 0.1518
v  1.0984 0.2041 0.1519
v  1.0753 0.3105 0.1520
v  1.0381 0.4128 0.1521
v  0.9932 0.5162 0.1520
v  0.9345 0.6123 0.1519
v  0.8686 0.7062 0.1518
v  0.7901 0.7899 0.1519
v  0.7063 0.8685 0.1519
v  0.6122 0.9345 0.1519
v  0.5155 0.9936 0.1520
v  0.4115 1.0386 0.1521
v  0.3094 1.0756 0.1519
v  0.2032 1.0986 0.1519
v  0.1022 1.1144 0.1520
v  -1.1173 0.0000 0.1518
v  1.1173 -0.0000 0.1517
v  -1.1145 -0.1028 0.1519
v  -1.0984 -0.2041 0.1519
v  -1.0753 -0.3105 0.1520
v  -1.0381 -0.4128 0.1521
v  -0.9932 -0.5162 0.1520
v  -0.9345 -0.6123 0.1519
v  -0.8686 -0.7062 0.1518
v  -0.7901 -0.7899 0.1519
v  -0.7063 -0.8685 0.1519
v  -0.6122 -0.9345 0.1519
v  -0.5155 -0.9936 0.1520
v  -0.4114 -1.0386 0.1521
v  -0.3094 -1.0756 0.1519
v  -0.2032 -1.0986 0.1519
v  -0.1022 -1.1144 0.1520
v  0.0000 -1.1171 0.1521
v  1.0984 -0.2041 0.1519
v  1.1145 -0.1028 0.1518
v  1.0381 -0.4128 0.1521
v  1.0753 -0.3105 0.1520
v  0.9345 -0.6123 0.1519
v  0.9932 -0.5162 0.1520
v  0.7901 -0.7899 0.1519
v  0.8686 -0.7062 0.1518
v  0.6122 -0.9345 0.1519
v  0.7063 -0.8685 0.1519
v  0.4115 -1.0386 0.1521
v  0.5155 -0.9936 0.1520
v  0.2032 -1.0986 0.1519
v  0.3094 -1.0756 0.1519
v  0.1022 -1.1144 0.1520
v  -1.0597 0.3057 0.1672
v  -1.0827 0.2009 0.1671
v  -0.9785 0.5091 0.1672
v  -1.0230 0.4066 0.1672
v  -0.8557 0.6963 0.1671
v  -0.9203 0.6044 0.1671
v  -0.6969 0.8551 0.1672
v  -0.7788 0.7782 0.1671
v  -0.5088 0.9786 0.1672
v  -0.6049 0.9197 0.1672
v  -0.3048 1.0600 0.1672
v  -0.4055 1.0235 0.1671
v  -0.1006 1.0981 0.1672
v  -0.2000 1.0825 0.1672
v  1.1012 -0.0000 0.1671
v  1.0985 0.1015 0.1671
v  1.0827 0.2009 0.1671
v  1.0597 0.3057 0.1672
v  1.0230 0.4066 0.1672
v  0.9785 0.5091 0.1672
v  0.9203 0.6044 0.1671
v  0.8557 0.6963 0.1671
v  0.7788 0.7782 0.1671
v  0.6969 0.8551 0.1672
v  0.6049 0.9197 0.1672
v  0.5088 0.9786 0.1672
v  0.4055 1.0235 0.1671
v  0.3048 1.0600 0.1672
v  0.2000 1.0825 0.1672
v  0.1006 1.0981 0.1672
v  0.0000 1.1007 0.1672
v  -1.0964 0.1011 0.1673
v  -1.1003 0.0000 0.1672
v  -1.0827 -0.2009 0.1671
v  -1.0597 -0.3057 0.1672
v  -1.0230 -0.4066 0.1672
v  -0.9785 -0.5091 0.1672
v  -0.9203 -0.6044 0.1671
v  -0.8557 -0.6963 0.1671
v  -0.7788 -0.7782 0.1671
v  -0.6969 -0.8551 0.1672
v  -0.6049 -0.9197 0.1672
v  -0.5088 -0.9786 0.1672
v  -0.4055 -1.0235 0.1671
v  -0.3048 -1.0600 0.1672
v  -0.2000 -1.0825 0.1672
v  -0.1006 -1.0981 0.1672
v  1.0985 -0.1015 0.1671
v  1.0597 -0.3057 0.1672
v  1.0827 -0.2009 0.1671
v  0.9785 -0.5091 0.1672
v  1.0230 -0.4066 0.1672
v  0.8557 -0.6963 0.1671
v  0.9203 -0.6044 0.1671
v  0.6969 -0.8551 0.1672
v  0.7788 -0.7782 0.1671
v  0.5088 -0.9786 0.1672
v  0.6049 -0.9197 0.1672
v  0.3048 -1.0600 0.1672
v  0.4055 -1.0235 0.1671
v  0.1006 -1.0981 0.1672
v  0.2000 -1.0825 0.1672
v  -1.0965 -0.1010 0.1673
v  0.0000 -1.1007 0.1672
v  -1.0754 0.3111 0.0186
v  -1.0985 0.2046 0.0185
v  -0.9934 0.5163 0.0186
v  -1.0381 0.4135 0.0187
v  -0.8688 0.7062 0.0186
v  -0.9349 0.6120 0.0186
v  -0.7059 0.8691 0.0186
v  -0.7901 0.7902 0.0186
v  -0.5146 0.9944 0.0188
v  -0.6114 0.9353 0.0186
v  -0.3093 1.0760 0.0190
v  -0.4104 1.0394 0.0189
v  -0.1027 1.1148 0.0189
v  -0.2041 1.0987 0.0190
v  1.0985 0.2046 0.0185
v  1.0754 0.3111 0.0186
v  1.0381 0.4135 0.0187
v  0.9934 0.5163 0.0186
v  0.9349 0.6120 0.0186
v  0.8688 0.7062 0.0186
v  0.7901 0.7902 0.0186
v  0.7059 0.8691 0.0186
v  0.6114 0.9353 0.0186
v  0.5146 0.9944 0.0188
v  0.4104 1.0394 0.0189
v  0.3093 1.0760 0.0190
v  0.2041 1.0987 0.0190
v  0.1027 1.1148 0.0189
v  -1.1146 0.1029 0.0186
v  0.0000 1.1177 0.0188
v  1.1146 0.1029 0.0186
v  -1.1175 0.0000 0.0186
v  1.1175 -0.0000 0.0186
v  -1.0985 -0.2046 0.0185
v  -1.0754 -0.3111 0.0186
v  -1.0381 -0.4135 0.0187
v  -0.9934 -0.5163 0.0186
v  -0.9349 -0.6120 0.0186
v  -0.8688 -0.7062 0.0186
v  -0.7901 -0.7902 0.0186
v  -0.7059 -0.8691 0.0186
v  -0.6114 -0.9353 0.0186
v  -0.5146 -0.9944 0.0188
v  -0.4104 -1.0394 0.0189
v  -0.3093 -1.0760 0.0190
v  -0.2041 -1.0987 0.0190
v  -0.1027 -1.1148 0.0189
v  1.0754 -0.3111 0.0186
v  1.0985 -0.2046 0.0185
v  0.9934 -0.5163 0.0186
v  1.0381 -0.4135 0.0187
v  0.8688 -0.7062 0.0186
v  0.9349 -0.6120 0.0186
v  0.7059 -0.8691 0.0186
v  0.7901 -0.7902 0.0186
v  0.5146 -0.9944 0.0188
v  0.6114 -0.9353 0.0186
v  0.3093 -1.0760 0.0190
v  0.4104 -1.0394 0.0189
v  0.1027 -1.1148 0.0189
v  0.2041 -1.0987 0.0190
v  -1.1146 -0.1029 0.0186
v  0.0000 -1.1177 0.0188
v  1.1146 -0.1029 0.0186
v  -1.0827 0.2032 0.0030
v  -1.0989 0.1021 0.0030
v  -1.0230 0.4097 0.0031
v  -1.0598 0.3085 0.0031
v  -0.9218 0.6032 0.0030
v  -0.9791 0.5100 0.0031
v  -0.7785 0.7795 0.0030
v  -0.8564 0.6964 0.0030
v  -0.6023 0.9227 0.0031
v  -0.6955 0.8574 0.0031
v  -0.4027 1.0257 0.0031
v  -0.5062 0.9812 0.0031
v  -0.2009 1.0833 0.0031
v  -0.3038 1.0612 0.0031
v  0.0000 1.1019 0.0031
v  -0.1011 1.0991 0.0031
v  1.0989 0.1021 0.0030
v  1.0827 0.2032 0.0030
v  1.0598 0.3085 0.0031
v  1.0230 0.4097 0.0031
v  0.9791 0.5100 0.0031
v  0.9218 0.6032 0.0030
v  0.8564 0.6964 0.0030
v  0.7785 0.7795 0.0030
v  0.6955 0.8574 0.0031
v  0.6023 0.9227 0.0031
v  0.5062 0.9812 0.0031
v  0.4027 1.0257 0.0031
v  0.3038 1.0612 0.0031
v  0.2009 1.0833 0.0031
v  0.1011 1.0991 0.0031
v  -1.1018 0.0000 0.0031
v  1.1018 -0.0000 0.0031
v  -1.0989 -0.1021 0.0030
v  -1.0827 -0.2032 0.0030
v  -1.0598 -0.3085 0.0031
v  -1.0230 -0.4097 0.0031
v  -0.9791 -0.5100 0.0031
v  -0.9218 -0.6032 0.0030
v  -0.8564 -0.6964 0.0030
v  -0.7785 -0.7795 0.0030
v  -0.6955 -0.8574 0.0031
v  -0.6023 -0.9227 0.0031
v  -0.5062 -0.9812 0.0031
v  -0.4027 -1.0257 0.0031
v  -0.3038 -1.0612 0.0031
v  -0.2009 -1.0833 0.0031
v  -0.1011 -1.0991 0.0031
v  0.0000 -1.1019 0.0031
v  1.0827 -0.2032 0.0030
v  1.0989 -0.1021 0.0030
v  1.0230 -0.4097 0.0031
v  1.0598 -0.3085 0.0031
v  0.9218 -0.6032 0.0030
v  0.9791 -0.5100 0.0031
v  0.7785 -0.7795 0.0030
v  0.8564 -0.6964 0.0030
v  0.6023 -0.9227 0.0031
v  0.6955 -0.8574 0.0031
v  0.4027 -1.0257 0.0031
v  0.5062 -0.9812 0.0031
v  0.2009 -1.0833 0.0031
v  0.3038 -1.0612 0.0031
v  0.1011 -1.0991 0.0031
v  -1.0709 0.2016 -0.0000
v  -1.0637 0.2002 -0.0000
v  -1.0870 0.1013 -0.0000
v  -1.0797 0.1007 -0.0000
v  -1.0118 0.4062 0.0000
v  -1.0050 0.4035 0.0000
v  -1.0482 0.3059 0.0000
v  -1.0412 0.3039 0.0000
v  -0.9119 0.5966 -0.0000
v  -0.9057 0.5926 -0.0000
v  -0.9685 0.5049 0.0000
v  -0.9620 0.5015 0.0000
v  -0.7700 0.7713 -0.0000
v  -0.7648 0.7661 -0.0000
v  -0.8470 0.6890 -0.0000
v  -0.8413 0.6843 -0.0000
v  -0.5956 0.9130 0.0000
v  -0.5916 0.9069 0.0000
v  -0.6879 0.8484 0.0000
v  -0.6832 0.8427 0.0000
v  -0.3976 1.0149 0.0000
v  -0.3949 1.0081 0.0000
v  -0.5002 0.9709 0.0000
v  -0.4968 0.9644 0.0000
v  -0.1985 1.0715 -0.0000
v  -0.1972 1.0643 -0.0000
v  -0.3000 1.0498 -0.0000
v  -0.2980 1.0428 -0.0000
v  0.0000 1.0900 -0.0000
v  0.0000 1.0826 -0.0000
v  -0.0999 1.0871 -0.0000
v  -0.0992 1.0798 -0.0000
v  1.0870 0.1013 -0.0000
v  1.0797 0.1007 -0.0000
v  1.0709 0.2016 -0.0000
v  1.0637 0.2002 -0.0000
v  1.0482 0.3059 0.0000
v  1.0412 0.3039 0.0000
v  1.0118 0.4062 0.0000
v  1.0050 0.4035 0.0000
v  0.9685 0.5049 0.0000
v  0.9620 0.5015 0.0000
v  0.9119 0.5966 -0.0000
v  0.9057 0.5926 -0.0000
v  0.8470 0.6890 -0.0000
v  0.8413 0.6843 -0.0000
v  0.7700 0.7713 -0.0000
v  0.7648 0.7661 -0.0000
v  0.6879 0.8484 0.0000
v  0.6832 0.8427 0.0000
v  0.5956 0.9130 0.0000
v  0.5916 0.9069 0.0000
v  0.5002 0.9709 0.0000
v  0.4968 0.9644 0.0000
v  0.3976 1.0149 0.0000
v  0.3949 1.0081 0.0000
v  0.3000 1.0498 -0.0000
v  0.2980 1.0428 -0.0000
v  0.1985 1.0715 -0.0000
v  0.1972 1.0643 -0.0000
v  0.0999 1.0871 -0.0000
v  0.0992 1.0798 -0.0000
v  -1.0899 0.0000 0.0000
v  -1.0826 0.0000 -0.0000
v  1.0899 -0.0000 0.0000
v  1.0826 -0.0000 -0.0000
v  -1.0870 -0.1013 -0.0000
v  -1.0797 -0.1007 -0.0000
v  -1.0709 -0.2016 -0.0000
v  -1.0637 -0.2002 -0.0000
v  -1.0482 -0.3059 0.0000
v  -1.0412 -0.3039 0.0000
v  -1.0118 -0.4062 0.0000
v  -1.0050 -0.4035 0.0000
v  -0.9685 -0.5049 0.0000
v  -0.9620 -0.5015 0.0000
v  -0.9119 -0.5966 -0.0000
v  -0.9057 -0.5926 -0.0000
v  -0.8470 -0.6890 -0.0000
v  -0.8413 -0.6843 -0.0000
v  -0.7700 -0.7713 -0.0000
v  -0.7648 -0.7661 -0.0000
v  -0.6879 -0.8484 0.0000
v  -0.6832 -0.8427 0.0000
v  -0.5956 -0.9130 0.0000
v  -0.5916 -0.9069 0.0000
v  -0.5002 -0.9709 0.0000
v  -0.4968 -0.9644 0.0000
v  -0.3976 -1.0149 0.0000
v  -0.3949 -1.0081 0.0000
v  -0.3000 -1.0498 -0.0000
v  -0.2980 -1.0428 -0.0000
v  -0.1985 -1.0715 -0.0000
v  -0.1972 -1.0643 -0.0000
v  -0.0999 -1.0871 -0.0000
v  -0.0992 -1.0798 -0.0000
v  0.0000 -1.0900 -0.0000
v  0.0000 -1.0826 -0.0000
v  1.0709 -0.2016 -0.0000
v  1.0637 -0.2002 -0.0000
v  1.0870 -0.1013 -0.0000
v  1.0797 -0.1007 -0.0000
v  1.0118 -0.4062 0.0000
v  1.0050 -0.4035 0.0000
v  1.0482 -0.3059 0.0000
v  1.0412 -0.3039 0.0000
v  0.9119 -0.5966 -0.0000
v  0.9057 -0.5926 -0.0000
v  0.9685 -0.5049 0.0000
v  0.9620 -0.5015 0.0000
v  0.7700 -0.7713 -0.0000
v  0.7648 -0.7661 -0.0000
v  0.8470 -0.6890 -0.0000
v  0.8413 -0.6843 -0.0000
v  0.5956 -0.9130 0.0000
v  0.5916 -0.9069 0.0000
v  0.6879 -0.8484 0.0000
v  0.6832 -0.8427 0.0000
v  0.3976 -1.0149 0.0000
v  0.3949 -1.0081 0.0000
v  0.5002 -0.9709 0.0000
v  0.4968 -0.9644 0.0000
v  0.1985 -1.0715 -0.0000
v  0.1972 -1.0643 -0.0000
v  0.3000 -1.0498 -0.0000
v  0.2980 -1.0428 -0.0000
v  0.0999 -1.0871 -0.0000
v  0.0992 -1.0798 -0.0000
v  -1.1172 0.1029 0.1396
v  -1.1172 0.1029 0.1296
v  -1.1200 0.0000 0.1395
v  -1.1200 0.0000 0.1295
v  -1.0779 0.3114 0.1399
v  -1.0779 0.3114 0.1299
v  -1.1011 0.2047 0.1397
v  -1.1011 0.2047 0.1297
v  -0.9958 0.5173 0.1399
v  -0.9958 0.5173 0.1299
v  -1.0407 0.4139 0.1400
v  -1.0406 0.4139 0.1300
v  -0.8709 0.7078 0.1397
v  -0.8709 0.7078 0.1297
v  -0.9371 0.6134 0.1398
v  -0.9370 0.6134 0.1298
v  -0.7077 0.8710 0.1397
v  -0.7077 0.8710 0.1297
v  -0.7920 0.7919 0.1397
v  -0.7920 0.7919 0.1297
v  -0.5164 0.9963 0.1399
v  -0.5163 0.9963 0.1299
v  -0.6130 0.9374 0.1397
v  -0.6129 0.9373 0.1297
v  -0.3102 1.0783 0.1398
v  -0.3102 1.0783 0.1298
v  -0.4124 1.0413 0.1400
v  -0.4124 1.0413 0.1300
v  -0.1026 1.1172 0.1398
v  -0.1026 1.1172 0.1298
v  -0.2039 1.1013 0.1396
v  -0.2039 1.1012 0.1296
v  1.0779 0.3114 0.1399
v  1.0779 0.3114 0.1299
v  1.1011 0.2047 0.1397
v  1.1011 0.2047 0.1297
v  0.9958 0.5173 0.1399
v  0.9958 0.5173 0.1299
v  1.0407 0.4139 0.1400
v  1.0406 0.4139 0.1300
v  0.8709 0.7078 0.1397
v  0.8709 0.7078 0.1297
v  0.9371 0.6134 0.1398
v  0.9370 0.6134 0.1298
v  0.7077 0.8710 0.1397
v  0.7077 0.8710 0.1297
v  0.7920 0.7919 0.1397
v  0.7920 0.7919 0.1297
v  0.5164 0.9963 0.1399
v  0.5163 0.9963 0.1299
v  0.6130 0.9374 0.1397
v  0.6129 0.9373 0.1297
v  0.3102 1.0783 0.1398
v  0.3102 1.0783 0.1298
v  0.4124 1.0413 0.1400
v  0.4124 1.0413 0.1300
v  0.1026 1.1172 0.1398
v  0.1026 1.1172 0.1298
v  0.2039 1.1013 0.1396
v  0.2039 1.1012 0.1296
v  0.0000 1.1200 0.1400
v  0.0000 1.1200 0.1300
v  1.1172 0.1029 0.1396
v  1.1172 0.1029 0.1296
v  1.1200 -0.0000 0.1395
v  1.1200 -0.0000 0.1295
v  -1.0779 -0.3114 0.1399
v  -1.0779 -0.3114 0.1299
v  -1.1011 -0.2047 0.1397
v  -1.1011 -0.2047 0.1297
v  -0.9958 -0.5173 0.1399
v  -0.9958 -0.5173 0.1299
v  -1.0407 -0.4139 0.1400
v  -1.0406 -0.4139 0.1300
v  -0.8709 -0.7078 0.1397
v  -0.8709 -0.7078 0.1297
v  -0.9371 -0.6134 0.1398
v  -0.9370 -0.6134 0.1298
v  -0.7077 -0.8710 0.1397
v  -0.7077 -0.8710 0.1297
v  -0.7920 -0.7919 0.1397
v  -0.7920 -0.7919 0.1297
v  -0.5164 -0.9963 0.1399
v  -0.5163 -0.9963 0.1299
v  -0.6130 -0.9374 0.1397
v  -0.6129 -0.9373 0.1297
v  -0.3102 -1.0783 0.1398
v  -0.3102 -1.0783 0.1298
v  -0.4124 -1.0413 0.1400
v  -0.4124 -1.0413 0.1300
v  -0.1026 -1.1172 0.1398
v  -0.1026 -1.1172 0.1298
v  -0.2039 -1.1013 0.1396
v  -0.2039 -1.1012 0.1296
v  1.1011 -0.2047 0.1397
v  1.1011 -0.2047 0.1297
v  1.0779 -0.3114 0.1399
v  1.0779 -0.3114 0.1299
v  1.0407 -0.4139 0.1400
v  1.0406 -0.4139 0.1300
v  0.9958 -0.5173 0.1399
v  0.9958 -0.5173 0.1299
v  0.9371 -0.6134 0.1398
v  0.9370 -0.6134 0.1298
v  0.8709 -0.7078 0.1397
v  0.8709 -0.7078 0.1297
v  0.7920 -0.7919 0.1397
v  0.7920 -0.7919 0.1297
v  0.7077 -0.8710 0.1397
v  0.7077 -0.8710 0.1297
v  0.6130 -0.9374 0.1397
v  0.6129 -0.9373 0.1297
v  0.5164 -0.9963 0.1399
v  0.5163 -0.9963 0.1299
v  0.4124 -1.0413 0.1400
v  0.4124 -1.0413 0.1300
v  0.3102 -1.0783 0.1398
v  0.3102 -1.0783 0.1298
v  0.2039 -1.1013 0.1396
v  0.2039 -1.1012 0.1296
v  0.1026 -1.1172 0.1398
v  0.1026 -1.1172 0.1298
v  -1.1172 -0.1029 0.1396
v  -1.1172 -0.1029 0.1296
v  0.0000 -1.1200 0.1400
v  0.0000 -1.1200 0.1300
v  1.1172 -0.1029 0.1396
v  1.1172 -0.1029 0.1296
v  -1.0777 0.3113 0.0298
v  -1.0777 0.3113 0.0398
v  -1.1009 0.2047 0.0298
v  -1.1009 0.2047 0.0398
v  -0.9956 0.5172 0.0298
v  -0.9956 0.5172 0.0398
v  -1.0404 0.4138 0.0298
v  -1.0405 0.4138 0.0398
v  -0.8706 0.7076 0.0298
v  -0.8707 0.7076 0.0398
v  -0.9368 0.6132 0.0298
v  -0.9368 0.6133 0.0398
v  -0.7075 0.8708 0.0298
v  -0.7075 0.8708 0.0398
v  -0.7918 0.7917 0.0298
v  -0.7918 0.7917 0.0398
v  -0.5159 0.9962 0.0301
v  -0.5160 0.9962 0.0401
v  -0.6128 0.9371 0.0298
v  -0.6128 0.9371 0.0398
v  -0.3102 1.0780 0.0305
v  -0.3102 1.0780 0.0405
v  -0.4118 1.0412 0.0303
v  -0.4118 1.0412 0.0403
v  -0.1029 1.1171 0.0303
v  -0.1029 1.1171 0.0403
v  -0.2046 1.1009 0.0305
v  -0.2045 1.1009 0.0405
v  1.1009 0.2047 0.0298
v  1.1009 0.2047 0.0398
v  1.0777 0.3113 0.0298
v  1.0777 0.3113 0.0398
v  1.0404 0.4138 0.0298
v  1.0405 0.4138 0.0398
v  0.9956 0.5172 0.0298
v  0.9956 0.5172 0.0398
v  0.9368 0.6132 0.0298
v  0.9368 0.6133 0.0398
v  0.8706 0.7076 0.0298
v  0.8707 0.7076 0.0398
v  0.7918 0.7917 0.0298
v  0.7918 0.7917 0.0398
v  0.7075 0.8708 0.0298
v  0.7075 0.8708 0.0398
v  0.6128 0.9371 0.0298
v  0.6128 0.9371 0.0398
v  0.5159 0.9962 0.0301
v  0.5160 0.9962 0.0401
v  0.4118 1.0412 0.0303
v  0.4118 1.0412 0.0403
v  0.3102 1.0780 0.0305
v  0.3102 1.0780 0.0405
v  0.2046 1.1009 0.0305
v  0.2045 1.1009 0.0405
v  0.1029 1.1171 0.0303
v  0.1029 1.1171 0.0403
v  -1.1169 0.1029 0.0298
v  -1.1170 0.1029 0.0398
v  0.0000 1.1200 0.0301
v  0.0000 1.1200 0.0401
v  1.1169 0.1029 0.0298
v  1.1170 0.1029 0.0398
v  -1.1197 0.0000 0.0298
v  -1.1198 0.0000 0.0398
v  1.1197 -0.0000 0.0298
v  1.1198 -0.0000 0.0398
v  -1.1009 -0.2047 0.0298
v  -1.1009 -0.2047 0.0398
v  -1.0777 -0.3113 0.0298
v  -1.0777 -0.3113 0.0398
v  -1.0404 -0.4138 0.0298
v  -1.0405 -0.4138 0.0398
v  -0.9956 -0.5172 0.0298
v  -0.9956 -0.5172 0.0398
v  -0.9368 -0.6132 0.0298
v  -0.9368 -0.6133 0.0398
v  -0.8706 -0.7076 0.0298
v  -0.8707 -0.7076 0.0398
v  -0.7918 -0.7917 0.0298
v  -0.7918 -0.7917 0.0398
v  -0.7075 -0.8708 0.0298
v  -0.7075 -0.8708 0.0398
v  -0.6128 -0.9371 0.0298
v  -0.6128 -0.9371 0.0398
v  -0.5159 -0.9962 0.0301
v  -0.5160 -0.9962 0.0401
v  -0.4118 -1.0412 0.0303
v  -0.4118 -1.0412 0.0403
v  -0.3102 -1.0780 0.0305
v  -0.3102 -1.0780 0.0405
v  -0.2046 -1.1009 0.0305
v  -0.2045 -1.1009 0.0405
v  -0.1029 -1.1171 0.0303
v  -0.1029 -1.1171 0.0403
v  1.0777 -0.3113 0.0298
v  1.0777 -0.3113 0.0398
v  1.1009 -0.2047 0.0298
v  1.1009 -0.2047 0.0398
v  0.9956 -0.5172 0.0298
v  0.9956 -0.5172 0.0398
v  1.0404 -0.4138 0.0298
v  1.0405 -0.4138 0.0398
v  0.8706 -0.7076 0.0298
v  0.8707 -0.7076 0.0398
v  0.9368 -0.6132 0.0298
v  0.9368 -0.6133 0.0398
v  0.7075 -0.8708 0.0298
v  0.7075 -0.8708 0.0398
v  0.7918 -0.7917 0.0298
v  0.7918 -0.7917 0.0398
v  0.5159 -0.9962 0.0301
v  0.5160 -0.9962 0.0401
v  0.6128 -0.9371 0.0298
v  0.6128 -0.9371 0.0398
v  0.3102 -1.0780 0.0305
v  0.3102 -1.0780 0.0405
v  0.4118 -1.0412 0.0303
v  0.4118 -1.0412 0.0403
v  0.1029 -1.1171 0.0303
v  0.1029 -1.1171 0.0403
v  0.2046 -1.1009 0.0305
v  0.2045 -1.1009 0.0405
v  -1.1169 -0.1029 0.0298
v  -1.1170 -0.1029 0.0398
v  0.0000 -1.1200 0.0301
v  0.0000 -1.1200 0.0401
v  1.1169 -0.1029 0.0298
v  1.1170 -0.1029 0.0398
v  -0.4193 0.8095 0.3500
v  -0.4164 0.8107 0.3600
v  -0.4978 0.7614 0.3500
v  -0.4978 0.7614 0.3600
v  -0.5749 0.7076 0.3500
v  -0.5773 0.7054 0.3600
v  -0.6435 0.6435 0.3500
v  -0.6435 0.6435 0.3600
v  -0.7076 0.5749 0.3500
v  -0.7054 0.5773 0.3600
v  -0.8093 0.4193 0.3499
v  -0.8106 0.4164 0.3599
v  -0.8459 0.3349 0.3499
v  -0.8458 0.3349 0.3599
v  -0.8759 0.2519 0.3499
v  -0.8748 0.2548 0.3599
v  -0.8946 0.1655 0.3500
v  -0.8946 0.1655 0.3600
v  -0.9075 0.0833 0.3500
v  -0.9076 0.0803 0.3600
v  -0.9098 0.0000 0.3500
v  -0.9098 0.0000 0.3600
v  -0.7614 0.4978 0.3499
v  -0.7614 0.4978 0.3600
v  -0.3350 0.8461 0.3500
v  -0.3350 0.8461 0.3600
v  -0.2519 0.8760 0.3500
v  -0.2549 0.8750 0.3600
v  -0.1655 0.8946 0.3500
v  -0.1653 0.8946 0.3600
v  -0.0833 0.9076 0.3500
v  -0.0804 0.9077 0.3600
v  0.4978 0.7614 0.3500
v  0.4978 0.7614 0.3600
v  0.4193 0.8095 0.3500
v  0.4164 0.8107 0.3600
v  0.6435 0.6435 0.3500
v  0.6435 0.6435 0.3600
v  0.5749 0.7076 0.3500
v  0.5773 0.7054 0.3600
v  0.7076 0.5749 0.3500
v  0.7054 0.5773 0.3600
v  0.8459 0.3349 0.3499
v  0.8458 0.3349 0.3599
v  0.8093 0.4193 0.3499
v  0.8106 0.4164 0.3599
v  0.8946 0.1655 0.3500
v  0.8946 0.1655 0.3600
v  0.8759 0.2519 0.3499
v  0.8748 0.2548 0.3599
v  0.9098 0.0000 0.3500
v  0.9098 0.0000 0.3600
v  0.9075 0.0833 0.3500
v  0.9076 0.0803 0.3600
v  0.7614 0.4978 0.3499
v  0.7614 0.4978 0.3600
v  0.2519 0.8760 0.3500
v  0.2549 0.8750 0.3600
v  0.3350 0.8461 0.3500
v  0.3350 0.8461 0.3600
v  0.0833 0.9076 0.3500
v  0.0804 0.9077 0.3600
v  0.1655 0.8946 0.3500
v  0.1653 0.8946 0.3600
v  0.0000 0.9100 0.3500
v  0.0000 0.9100 0.3600
v  -0.4978 -0.7614 0.3500
v  -0.4978 -0.7614 0.3600
v  -0.4193 -0.8095 0.3500
v  -0.4164 -0.8107 0.3600
v  -0.6435 -0.6435 0.3500
v  -0.6435 -0.6435 0.3600
v  -0.5749 -0.7076 0.3500
v  -0.5773 -0.7054 0.3600
v  -0.7076 -0.5749 0.3500
v  -0.7054 -0.5773 0.3600
v  -0.8459 -0.3349 0.3499
v  -0.8458 -0.3349 0.3599
v  -0.8093 -0.4193 0.3499
v  -0.8106 -0.4164 0.3599
v  -0.8946 -0.1655 0.3500
v  -0.8946 -0.1655 0.3600
v  -0.8759 -0.2519 0.3499
v  -0.8748 -0.2548 0.3599
v  -0.9075 -0.0833 0.3500
v  -0.9076 -0.0803 0.3600
v  -0.7614 -0.4978 0.3499
v  -0.7614 -0.4978 0.3600
v  -0.2519 -0.8760 0.3500
v  -0.2549 -0.8750 0.3600
v  -0.3350 -0.8461 0.3500
v  -0.3350 -0.8461 0.3600
v  -0.0833 -0.9076 0.3500
v  -0.0804 -0.9077 0.3600
v  -0.1655 -0.8946 0.3500
v  -0.1653 -0.8946 0.3600
v  0.4193 -0.8095 0.3500
v  0.4164 -0.8107 0.3600
v  0.4978 -0.7614 0.3500
v  0.4978 -0.7614 0.3600
v  0.5749 -0.7076 0.3500
v  0.5773 -0.7054 0.3600
v  0.6435 -0.6435 0.3500
v  0.6435 -0.6435 0.3600
v  0.7076 -0.5749 0.3500
v  0.7054 -0.5773 0.3600
v  0.8093 -0.4193 0.3499
v  0.8106 -0.4164 0.3599
v  0.8459 -0.3349 0.3499
v  0.8458 -0.3349 0.3599
v  0.8759 -0.2519 0.3499
v  0.8748 -0.2548 0.3599
v  0.8946 -0.1655 0.3500
v  0.8946 -0.1655 0.3600
v  0.9075 -0.0833 0.3500
v  0.9076 -0.0803 0.3600
v  0.7614 -0.4978 0.3499
v  0.7614 -0.4978 0.3600
v  0.3350 -0.8461 0.3500
v  0.3350 -0.8461 0.3600
v  0.2519 -0.8760 0.3500
v  0.2549 -0.8750 0.3600
v  0.1655 -0.8946 0.3500
v  0.1653 -0.8946 0.3600
v  0.0833 -0.9076 0.3500
v  0.0804 -0.9077 0.3600
v  0.0000 -0.9100 0.3500
v  0.0000 -0.9100 0.3600
v  0.0000 0.3114 3.3747
v  0.0000 0.3214 3.3747
v  -0.0701 0.3114 3.3625
v  -0.0702 0.3214 3.3624
v  -0.1407 0.3113 3.3182
v  -0.1407 0.3212 3.3182
v  -0.1883 0.3114 3.2475
v  -0.1883 0.3214 3.2475
v  -0.2030 0.3112 3.1709
v  -0.2030 0.3212 3.1709
v  -0.2030 0.3115 1.4531
v  -0.2030 0.3215 1.4531
v  -0.1892 0.3114 1.3794
v  -0.1891 0.3214 1.3793
v  -0.1423 0.3114 1.3083
v  -0.1423 0.3214 1.3083
v  -0.0741 0.3114 1.2640
v  -0.0742 0.3215 1.2640
v  0.0000 0.3111 1.2500
v  0.0000 0.3211 1.2500
v  0.0701 0.3114 3.3625
v  0.0702 0.3214 3.3624
v  0.1407 0.3113 3.3182
v  0.1407 0.3212 3.3182
v  0.1883 0.3114 3.2475
v  0.1883 0.3214 3.2475
v  0.2030 0.3112 3.1709
v  0.2030 0.3212 3.1709
v  0.2030 0.3115 1.4531
v  0.2030 0.3215 1.4531
v  0.1892 0.3114 1.3794
v  0.1891 0.3214 1.3793
v  0.1423 0.3114 1.3083
v  0.1423 0.3214 1.3083
v  0.0741 0.3114 1.2640
v  0.0742 0.3215 1.2640
v  -0.1024 0.2108 1.4526
v  -0.0924 0.2108 1.4526
v  -0.1028 0.2108 3.1715
v  -0.0928 0.2108 3.1713
v  -0.0944 0.2108 3.2119
v  -0.0850 0.2108 3.2077
v  -0.0708 0.2108 3.2474
v  -0.0639 0.2108 3.2398
v  -0.0357 0.2108 3.2690
v  -0.0323 0.2108 3.2593
v  0.0000 0.2109 3.2758
v  0.0000 0.2109 3.2656
v  -0.0419 0.2108 1.3592
v  -0.0377 0.2108 1.3685
v  0.0000 0.2108 1.3498
v  0.0000 0.2108 1.3601
v  -0.0756 0.2109 1.3814
v  -0.0682 0.2109 1.3885
v  -0.0975 0.2109 1.4162
v  -0.0879 0.2109 1.4198
v  0.1028 0.2108 3.1715
v  0.0928 0.2108 3.1713
v  0.1024 0.2108 1.4526
v  0.0924 0.2108 1.4526
v  0.0944 0.2108 3.2119
v  0.0850 0.2108 3.2077
v  0.0708 0.2108 3.2474
v  0.0639 0.2108 3.2398
v  0.0357 0.2108 3.2690
v  0.0323 0.2108 3.2593
v  0.0419 0.2108 1.3592
v  0.0377 0.2108 1.3685
v  0.0756 0.2109 1.3814
v  0.0682 0.2109 1.3885
v  0.0975 0.2109 1.4162
v  0.0879 0.2109 1.4198
v  0.0000 1.3816 1.5898
v  0.0000 1.3450 1.4985
v  0.0000 1.3584 1.5450
v  0.1345 1.3816 1.4779
v  0.1272 1.3816 1.5033
v  0.1145 1.3816 1.5279
v  0.0967 1.3816 1.5497
v  0.0749 1.3816 1.5675
v  0.0504 1.3816 1.5802
v  0.0249 1.3816 1.5875
v  0.0167 1.3584 1.5435
v  0.0083 1.3450 1.4977
v  0.0167 1.3450 1.4953
v  0.0249 1.3450 1.4911
v  0.0322 1.3450 1.4852
v  0.0381 1.3450 1.4779
v  0.0423 1.3450 1.4697
v  0.0447 1.3450 1.4613
v  0.0455 1.3450 1.4530
v  0.0447 1.3450 1.4447
v  0.0423 1.3450 1.4362
v  0.0381 1.3450 1.4281
v  0.0322 1.3450 1.4208
v  0.0249 1.3450 1.4149
v  0.0167 1.3450 1.4107
v  0.0083 1.3450 1.4083
v  0.0000 1.3450 1.4075
v  -0.0083 1.3450 1.4083
v  -0.0167 1.3450 1.4107
v  -0.0249 1.3450 1.4149
v  -0.0322 1.3450 1.4208
v  -0.0381 1.3450 1.4281
v  -0.0423 1.3450 1.4362
v  -0.0447 1.3450 1.4447
v  -0.0455 1.3450 1.4530
v  -0.0447 1.3450 1.4613
v  -0.0423 1.3450 1.4697
v  -0.0381 1.3450 1.4779
v  -0.0322 1.3450 1.4852
v  -0.0249 1.3450 1.4911
v  -0.0167 1.3450 1.4953
v  -0.0083 1.3450 1.4977
v  0.0000 1.3408 1.4530
v  -0.0167 1.3584 1.5435
v  -0.0249 1.3816 1.5875
v  -0.0504 1.3816 1.5802
v  -0.0749 1.3816 1.5675
v  -0.0967 1.3816 1.5497
v  -0.1145 1.3816 1.5279
v  -0.1272 1.3816 1.5033
v  -0.1345 1.3816 1.4779
v  -0.1368 1.3816 1.4530
v  -0.1345 1.3816 1.4281
v  -0.1272 1.3816 1.4026
v  -0.1145 1.3816 1.3781
v  -0.0967 1.3816 1.3563
v  -0.0749 1.3816 1.3385
v  -0.0504 1.3816 1.3258
v  -0.0249 1.3816 1.3185
v  0.0000 1.3816 1.3162
v  0.0249 1.3816 1.3185
v  0.0504 1.3816 1.3258
v  0.0749 1.3816 1.3385
v  0.0967 1.3816 1.3563
v  0.1145 1.3816 1.3781
v  0.1272 1.3816 1.4026
v  0.1345 1.3816 1.4281
v  0.1368 1.3816 1.4530
v  -0.0339 1.3584 1.5386
v  -0.0504 1.3584 1.5300
v  -0.0651 1.3584 1.5181
v  -0.0770 1.3584 1.5033
v  -0.0856 1.3584 1.4869
v  -0.0905 1.3584 1.4697
v  -0.0920 1.3584 1.4530
v  -0.0905 1.3584 1.4362
v  -0.0856 1.3584 1.4191
v  -0.0770 1.3584 1.4026
v  -0.0651 1.3584 1.3879
v  -0.0504 1.3584 1.3760
v  -0.0339 1.3584 1.3674
v  -0.0167 1.3584 1.3625
v  0.0000 1.3584 1.3610
v  0.0167 1.3584 1.3625
v  0.0339 1.3584 1.3674
v  0.0504 1.3584 1.3760
v  0.0651 1.3584 1.3879
v  0.0770 1.3584 1.4026
v  0.0856 1.3584 1.4191
v  0.0905 1.3584 1.4362
v  0.0920 1.3584 1.4530
v  0.0905 1.3584 1.4697
v  0.0856 1.3584 1.4869
v  0.0770 1.3584 1.5033
v  0.0651 1.3584 1.5181
v  0.0504 1.3584 1.5300
v  0.0339 1.3584 1.5386
v  0.1475 1.3908 1.4803
v  0.1534 1.3908 1.4814
v  0.1427 1.3874 1.4794
v  0.1500 1.3908 1.4530
v  0.1451 1.3874 1.4530
v  0.1560 1.3908 1.4530
v  0.1255 1.3908 1.5351
v  0.1306 1.3908 1.5384
v  0.1214 1.3874 1.5324
v  0.1395 1.3908 1.5082
v  0.1349 1.3874 1.5064
v  0.1450 1.3908 1.5104
v  0.1061 1.3908 1.5591
v  0.1103 1.3908 1.5633
v  0.1026 1.3874 1.5556
v  0.0552 1.3908 1.5925
v  0.0574 1.3908 1.5980
v  0.0534 1.3874 1.5879
v  0.0821 1.3908 1.5785
v  0.0794 1.3874 1.5744
v  0.0854 1.3908 1.5836
v  0.0273 1.3908 1.6005
v  0.0284 1.3908 1.6064
v  0.0264 1.3874 1.5957
v  0.0000 1.3908 1.6030
v  0.0000 1.3908 1.6090
v  0.0000 1.3874 1.5981
v  -0.0273 1.3908 1.6005
v  -0.0284 1.3908 1.6064
v  -0.0264 1.3874 1.5957
v  -0.1061 1.3908 1.5591
v  -0.1103 1.3908 1.5633
v  -0.1026 1.3874 1.5556
v  -0.0821 1.3908 1.5785
v  -0.0794 1.3874 1.5744
v  -0.0854 1.3908 1.5836
v  -0.1475 1.3908 1.4803
v  -0.1534 1.3908 1.4814
v  -0.1427 1.3874 1.4794
v  -0.1395 1.3908 1.5082
v  -0.1349 1.3874 1.5064
v  -0.1450 1.3908 1.5104
v  -0.1255 1.3908 1.3709
v  -0.1306 1.3908 1.3676
v  -0.1214 1.3874 1.3736
v  -0.1395 1.3908 1.3978
v  -0.1349 1.3874 1.3996
v  -0.1450 1.3908 1.3956
v  -0.0552 1.3908 1.3135
v  -0.0574 1.3908 1.3079
v  -0.0534 1.3874 1.3181
v  -0.0821 1.3908 1.3274
v  -0.0794 1.3874 1.3316
v  -0.0854 1.3908 1.3224
v  -0.0273 1.3908 1.3055
v  -0.0284 1.3908 1.2996
v  -0.0264 1.3874 1.3103
v  0.1475 1.3908 1.4257
v  0.1427 1.3874 1.4266
v  0.1534 1.3908 1.4246
v  -0.1061 1.3908 1.3469
v  -0.1103 1.3908 1.3427
v  -0.1026 1.3874 1.3504
v  0.0000 1.3908 1.3030
v  0.0000 1.3908 1.2970
v  0.0000 1.3874 1.3079
v  0.0273 1.3908 1.3055
v  0.0284 1.3908 1.2996
v  0.0264 1.3874 1.3103
v  0.0552 1.3908 1.3135
v  0.0574 1.3908 1.3079
v  0.0534 1.3874 1.3181
v  0.0821 1.3908 1.3274
v  0.0854 1.3908 1.3224
v  0.0794 1.3874 1.3316
v  0.1061 1.3908 1.3469
v  0.1103 1.3908 1.3427
v  0.1026 1.3874 1.3504
v  0.1255 1.3908 1.3709
v  0.1306 1.3908 1.3676
v  0.1214 1.3874 1.3736
v  0.1395 1.3908 1.3978
v  0.1450 1.3908 1.3956
v  0.1349 1.3874 1.3996
v  -0.0552 1.3908 1.5925
v  -0.0574 1.3908 1.5980
v  -0.0534 1.3874 1.5879
v  -0.1255 1.3908 1.5351
v  -0.1306 1.3908 1.5384
v  -0.1214 1.3874 1.5324
v  -0.1500 1.3908 1.4530
v  -0.1560 1.3908 1.4530
v  -0.1451 1.3874 1.4530
v  -0.1475 1.3908 1.4257
v  -0.1534 1.3908 1.4246
v  -0.1427 1.3874 1.4266
v  -0.1026 0.2008 1.2961
v  -0.0690 0.2008 1.2787
v  -0.0341 0.2008 1.2686
v  0.0000 0.2008 1.2655
v  0.0341 0.2008 1.2686
v  0.0690 0.2008 1.2787
v  0.1026 0.2008 1.2961
v  0.1326 0.2008 1.3204
v  0.1569 0.2008 1.3504
v  0.1743 0.2008 1.3840
v  0.1844 0.2008 1.4189
v  0.1875 0.2008 1.4530
v  0.1844 0.2008 1.4871
v  0.1743 0.2008 1.5220
v  0.1569 0.2008 1.5556
v  0.1326 0.2008 1.5856
v  0.1026 0.2008 1.6099
v  0.0690 0.2008 1.6273
v  0.0341 0.2008 1.6374
v  0.0000 0.2008 1.6405
v  -0.0341 0.2008 1.6374
v  -0.0690 0.2008 1.6273
v  -0.1026 0.2008 1.6099
v  -0.1326 0.2008 1.5856
v  -0.1569 0.2008 1.5556
v  -0.1743 0.2008 1.5220
v  -0.1844 0.2008 1.4871
v  -0.1875 0.2008 1.4530
v  -0.1844 0.2008 1.4189
v  -0.1743 0.2008 1.3840
v  -0.1569 0.2008 1.3504
v  -0.1326 0.2008 1.3204
v  -0.1326 1.3908 1.3204
v  -0.1326 1.3848 1.3204
v  -0.1283 1.3908 1.3247
v  -0.1569 1.3908 1.3504
v  -0.1519 1.3908 1.3537
v  -0.1569 1.3848 1.3504
v  -0.1026 1.3908 1.2961
v  -0.1026 1.3848 1.2961
v  -0.0993 1.3908 1.3011
v  -0.0690 1.3908 1.2787
v  -0.0690 1.3848 1.2787
v  -0.0668 1.3908 1.2842
v  -0.0341 1.3908 1.2686
v  -0.0341 1.3848 1.2686
v  -0.0330 1.3908 1.2745
v  0.0000 1.3908 1.2655
v  0.0000 1.3848 1.2655
v  0.0000 1.3908 1.2715
v  0.0341 1.3908 1.2686
v  0.0341 1.3848 1.2686
v  0.0330 1.3908 1.2745
v  0.0690 1.3908 1.2787
v  0.0690 1.3848 1.2787
v  0.0668 1.3908 1.2842
v  0.1026 1.3908 1.2961
v  0.1026 1.3848 1.2961
v  0.0993 1.3908 1.3011
v  0.1326 1.3908 1.3204
v  0.1326 1.3848 1.3204
v  0.1283 1.3908 1.3247
v  0.1569 1.3908 1.3504
v  0.1569 1.3848 1.3504
v  0.1519 1.3908 1.3537
v  0.1743 1.3908 1.3840
v  0.1743 1.3848 1.3840
v  0.1688 1.3908 1.3862
v  0.1844 1.3908 1.4189
v  0.1844 1.3848 1.4189
v  0.1785 1.3908 1.4200
v  0.1875 1.3908 1.4530
v  0.1875 1.3848 1.4530
v  0.1815 1.3908 1.4530
v  0.1844 1.3908 1.4871
v  0.1844 1.3848 1.4871
v  0.1785 1.3908 1.4860
v  0.1743 1.3908 1.5220
v  0.1743 1.3848 1.5220
v  0.1688 1.3908 1.5198
v  0.1569 1.3908 1.5556
v  0.1569 1.3848 1.5556
v  0.1519 1.3908 1.5523
v  0.1326 1.3908 1.5856
v  0.1326 1.3848 1.5856
v  0.1283 1.3908 1.5813
v  0.1026 1.3908 1.6099
v  0.1026 1.3848 1.6099
v  0.0993 1.3908 1.6049
v  0.0690 1.3908 1.6273
v  0.0690 1.3848 1.6273
v  0.0668 1.3908 1.6217
v  0.0341 1.3908 1.6374
v  0.0341 1.3848 1.6374
v  0.0330 1.3908 1.6315
v  0.0000 1.3908 1.6405
v  0.0000 1.3848 1.6405
v  0.0000 1.3908 1.6345
v  -0.0341 1.3908 1.6374
v  -0.0341 1.3848 1.6374
v  -0.0330 1.3908 1.6315
v  -0.0690 1.3908 1.6273
v  -0.0690 1.3848 1.6273
v  -0.0668 1.3908 1.6217
v  -0.1026 1.3908 1.6099
v  -0.1026 1.3848 1.6099
v  -0.0993 1.3908 1.6049
v  -0.1326 1.3908 1.5856
v  -0.1326 1.3848 1.5856
v  -0.1283 1.3908 1.5813
v  -0.1569 1.3908 1.5556
v  -0.1569 1.3848 1.5556
v  -0.1519 1.3908 1.5523
v  -0.1743 1.3908 1.5220
v  -0.1743 1.3848 1.5220
v  -0.1688 1.3908 1.5198
v  -0.1844 1.3908 1.4871
v  -0.1844 1.3848 1.4871
v  -0.1785 1.3908 1.4860
v  -0.1875 1.3908 1.4530
v  -0.1875 1.3848 1.4530
v  -0.1815 1.3908 1.4530
v  -0.1844 1.3908 1.4189
v  -0.1844 1.3848 1.4189
v  -0.1785 1.3908 1.4200
v  -0.1743 1.3908 1.3840
v  -0.1743 1.3848 1.3840
v  -0.1688 1.3908 1.3862
v  -0.2200 0.0014 6.9000
v  -0.2046 0.0824 6.9000
v  -0.1841 0.1218 6.9000
v  -0.1556 0.1570 6.9000
v  -0.1204 0.1856 6.9000
v  -0.0810 0.2060 6.9000
v  -0.0400 0.2178 6.9000
v  -0.0000 0.2214 6.9000
v  0.0000 0.1621 7.2111
v  0.0000 0.1269 7.2888
v  0.0000 0.0837 7.3624
v  0.0000 -0.0260 7.4975
v  0.0000 -0.0907 7.5560
v  0.0000 -0.1612 7.6073
v  0.0000 -0.3125 7.6857
v  -0.2163 0.0415 6.9000
v  0.0000 -0.5476 7.7416
v  0.0000 -0.4698 7.7309
v  0.0000 -0.3900 7.7123
v  0.0000 -0.2348 7.6505
v  0.0000 0.0324 7.4329
v  0.0000 0.1887 7.1336
v  0.0000 0.2073 7.0538
v  0.0000 0.2180 6.9760
v  0.0400 0.2178 6.9000
v  0.0810 0.2060 6.9000
v  0.1204 0.1856 6.9000
v  0.1556 0.1570 6.9000
v  0.1841 0.1218 6.9000
v  0.2046 0.0824 6.9000
v  0.2163 0.0415 6.9000
v  0.2200 0.0014 6.9000
v  0.2163 -0.0386 6.9000
v  0.2046 -0.0795 6.9000
v  0.1841 -0.1189 6.9000
v  0.1556 -0.1541 6.9000
v  0.1204 -0.1827 6.9000
v  0.0810 -0.2031 6.9000
v  0.0400 -0.2149 6.9000
v  -0.0000 -0.2186 6.9000
v  -0.0400 -0.2149 6.9000
v  -0.0810 -0.2031 6.9000
v  -0.1204 -0.1827 6.9000
v  -0.1556 -0.1541 6.9000
v  -0.1841 -0.1189 6.9000
v  -0.2046 -0.0795 6.9000
v  -0.2163 -0.0386 6.9000
v  -0.2200 -0.0011 6.9562
v  -0.2163 0.0388 6.9598
v  -0.2046 0.0796 6.9635
v  -0.1841 0.1188 6.9670
v  -0.1556 0.1539 6.9702
v  -0.1204 0.1823 6.9727
v  -0.0810 0.2026 6.9746
v  -0.0400 0.2144 6.9756
v  -0.0400 0.2037 7.0531
v  -0.0400 0.1852 7.1326
v  -0.0400 0.1587 7.2097
v  -0.0400 0.1236 7.2871
v  -0.0400 0.0806 7.3604
v  -0.0400 0.0296 7.4306
v  -0.0400 -0.0286 7.4949
v  -0.0400 -0.0930 7.5532
v  -0.0400 -0.1632 7.6042
v  -0.0400 -0.2365 7.6472
v  -0.0400 -0.3139 7.6823
v  -0.2163 -0.0484 7.0065
v  -0.2200 -0.0090 7.0138
v  0.2163 -0.0484 7.0065
v  0.2200 -0.0011 6.9562
v  0.2200 -0.0090 7.0138
v  0.2200 -0.5674 7.5225
v  0.2163 -0.5171 7.4752
v  0.2200 -0.5098 7.5146
v  -0.2163 -0.5171 7.4752
v  -0.2200 -0.5674 7.5225
v  -0.2200 -0.5098 7.5146
v  -0.0400 -0.3910 7.7088
v  -0.0400 -0.4705 7.7273
v  -0.0400 -0.5480 7.7380
v  -0.0810 -0.5490 7.7262
v  -0.1204 -0.5508 7.7059
v  -0.1556 -0.5534 7.6774
v  -0.1841 -0.5566 7.6424
v  -0.2046 -0.5601 7.6032
v  -0.2163 -0.5638 7.5624
v  -0.2046 -0.5246 7.4350
v  -0.1841 -0.5317 7.3962
v  -0.1556 -0.5381 7.3616
v  -0.1204 -0.5433 7.3335
v  -0.0810 -0.5470 7.3135
v  -0.0400 -0.5492 7.3019
v  0.0000 -0.5499 7.2983
v  0.0400 -0.5492 7.3019
v  0.0810 -0.5470 7.3135
v  0.1204 -0.5433 7.3335
v  0.1556 -0.5381 7.3616
v  0.1841 -0.5317 7.3962
v  0.2046 -0.5246 7.4350
v  0.2163 -0.5638 7.5624
v  0.2046 -0.5601 7.6032
v  0.1841 -0.5566 7.6424
v  0.1556 -0.5534 7.6774
v  0.1204 -0.5508 7.7059
v  0.0810 -0.5490 7.7262
v  0.0400 -0.5480 7.7380
v  0.0400 -0.4705 7.7273
v  0.0400 -0.3910 7.7088
v  0.0400 -0.3139 7.6823
v  0.0400 -0.2365 7.6472
v  0.0400 -0.1632 7.6042
v  0.0400 -0.0930 7.5532
v  0.0400 -0.0286 7.4949
v  0.0400 0.0296 7.4306
v  0.0400 0.0806 7.3604
v  0.0400 0.1236 7.2871
v  0.0400 0.1587 7.2097
v  0.0400 0.1852 7.1326
v  0.0400 0.2037 7.0531
v  0.0400 0.2144 6.9756
v  0.0810 0.2026 6.9746
v  0.1204 0.1823 6.9727
v  0.1556 0.1539 6.9702
v  0.1841 0.1188 6.9670
v  0.2046 0.0796 6.9635
v  0.2163 0.0388 6.9598
v  0.2046 -0.0886 6.9990
v  0.1841 -0.1274 6.9919
v  0.1556 -0.1620 6.9855
v  0.1204 -0.1901 6.9803
v  0.0810 -0.2101 6.9765
v  0.0400 -0.2217 6.9744
v  -0.0000 -0.2253 6.9737
v  -0.0401 -0.2217 6.9743
v  -0.0810 -0.2101 6.9765
v  -0.1204 -0.1901 6.9803
v  -0.1556 -0.1620 6.9855
v  -0.1841 -0.1274 6.9919
v  -0.2046 -0.0886 6.9990
v  0.0810 -0.4726 7.7157
v  0.0810 -0.3943 7.6975
v  0.0810 -0.3182 7.6713
v  0.1204 -0.4763 7.6957
v  0.1556 -0.4815 7.6676
v  0.1204 -0.3999 7.6778
v  0.1204 -0.3257 7.6524
v  0.1556 -0.4078 7.6504
v  0.1556 -0.3362 7.6258
v  0.0810 -0.2419 7.6367
v  0.0810 -0.1696 7.5944
v  0.0810 -0.1004 7.5440
v  0.0810 -0.0370 7.4866
v  0.1204 -0.2513 7.6186
v  0.1204 -0.1808 7.5773
v  0.1556 -0.2644 7.5932
v  0.1556 -0.1964 7.5534
v  0.1204 -0.1133 7.5282
v  0.1204 -0.0514 7.4722
v  0.1556 -0.1313 7.5060
v  0.1556 -0.0716 7.4520
v  0.1841 -0.4879 7.6330
v  0.2046 -0.4951 7.5942
v  0.1841 -0.4175 7.6165
v  0.1841 -0.3492 7.5931
v  0.2046 -0.4284 7.5787
v  0.2046 -0.3637 7.5564
v  0.2163 -0.5025 7.5540
v  0.2163 -0.4397 7.5393
v  0.2163 -0.3788 7.5184
v  0.2200 -0.4508 7.5008
v  0.2200 -0.3935 7.4812
v  0.1841 -0.2806 7.5620
v  0.1841 -0.2157 7.5239
v  0.2046 -0.2987 7.5270
v  0.2046 -0.2372 7.4909
v  0.1841 -0.1535 7.4787
v  0.1841 -0.0965 7.4271
v  0.2046 -0.1784 7.4481
v  0.2046 -0.1244 7.3992
v  0.2163 -0.3176 7.4906
v  0.2163 -0.2596 7.4567
v  0.2200 -0.3360 7.4551
v  0.2200 -0.2815 7.4232
v  0.2163 -0.2042 7.4163
v  0.2163 -0.1533 7.3703
v  0.2200 -0.2294 7.3852
v  0.2200 -0.1816 7.3420
v  0.2164 -0.4618 7.4628
v  0.2047 -0.4732 7.4233
v  0.2163 -0.4082 7.4439
v  0.2163 -0.3544 7.4195
v  0.2046 -0.4233 7.4059
v  0.2046 -0.3733 7.3831
v  0.1843 -0.4841 7.3854
v  0.1558 -0.4938 7.3514
v  0.1204 -0.4613 7.3099
v  0.1556 -0.4508 7.3365
v  0.1841 -0.4378 7.3692
v  0.1842 -0.3914 7.3481
v  0.1556 -0.4076 7.3169
v  0.1204 -0.3823 7.2690
v  0.1556 -0.3667 7.2930
v  0.1841 -0.3474 7.3224
v  0.2163 -0.3035 7.3897
v  0.2163 -0.2547 7.3542
v  0.2046 -0.3259 7.3554
v  0.2046 -0.2805 7.3224
v  0.2163 -0.2099 7.3137
v  0.2046 -0.2389 7.2847
v  0.1842 -0.3053 7.2918
v  0.1556 -0.3275 7.2644
v  0.1204 -0.3118 7.2118
v  0.1556 -0.2916 7.2320
v  0.1841 -0.2667 7.2569
v  0.0810 -0.4688 7.2910
v  0.0400 -0.4731 7.2800
v  0.0000 -0.4745 7.2766
v  0.0810 -0.3935 7.2519
v  0.0810 -0.3263 7.1973
v  0.0400 -0.3999 7.2421
v  0.0000 -0.4019 7.2390
v  0.0400 -0.3346 7.1890
v  0.0000 -0.3372 7.1864
v  0.0810 0.0204 7.4232
v  0.0810 0.0708 7.3540
v  0.0810 0.1132 7.2817
v  0.0810 0.1478 7.2054
v  0.1204 0.0046 7.4103
v  0.1204 0.0537 7.3428
v  0.1556 -0.0176 7.3923
v  0.1556 0.0298 7.3272
v  0.1204 0.0951 7.2723
v  0.1204 0.1288 7.1979
v  0.1556 0.0697 7.2592
v  0.1556 0.1022 7.1874
v  0.0810 0.1738 7.1293
v  0.0810 0.1921 7.0510
v  0.1204 0.1542 7.1237
v  0.1204 0.1721 7.0473
v  0.1556 0.1267 7.1158
v  0.1556 0.1440 7.0421
v  0.1841 -0.0449 7.3701
v  0.1841 0.0003 7.3079
v  0.2046 -0.0755 7.3453
v  0.2046 -0.0327 7.2864
v  0.1841 0.0384 7.2430
v  0.1841 0.0695 7.1744
v  0.2046 0.0034 7.2249
v  0.2046 0.0329 7.1599
v  0.2163 -0.1073 7.3194
v  0.2163 -0.0669 7.2639
v  0.2200 -0.1384 7.2942
v  0.2200 -0.1004 7.2420
v  0.2163 -0.0329 7.2060
v  0.2163 -0.0052 7.1448
v  0.2200 -0.0685 7.1876
v  0.2200 -0.0424 7.1301
v  0.1841 0.0929 7.1060
v  0.1841 0.1094 7.0357
v  0.2046 0.0551 7.0952
v  0.2046 0.0706 7.0285
v  0.2163 0.0157 7.0838
v  0.2163 0.0304 7.0210
v  0.2200 -0.0228 7.0728
v  0.2163 -0.1694 7.2689
v  0.2163 -0.1339 7.2201
v  0.2046 -0.2012 7.2431
v  0.2046 -0.1682 7.1977
v  0.2163 -0.1040 7.1692
v  0.2163 -0.0797 7.1154
v  0.2046 -0.1404 7.1503
v  0.2046 -0.1177 7.1003
v  0.1842 -0.2318 7.2182
v  0.1841 -0.2012 7.1762
v  0.1556 -0.2592 7.1961
v  0.1204 -0.2546 7.1413
v  0.1556 -0.2306 7.1569
v  0.1841 -0.1754 7.1322
v  0.1841 -0.1544 7.0858
v  0.1556 -0.2066 7.1160
v  0.1204 -0.2136 7.0623
v  0.1556 -0.1871 7.0728
v  0.2164 -0.0608 7.0618
v  0.2047 -0.1003 7.0504
v  0.1841 -0.1381 7.0395
v  0.1556 -0.1720 7.0298
v  0.0810 -0.2716 7.1301
v  0.0810 -0.2326 7.0548
v  0.0400 -0.2815 7.1237
v  0.0000 -0.2846 7.1217
v  0.0400 -0.2436 7.0505
v  -0.0000 -0.2470 7.0491
v  -0.0400 -0.4731 7.2800
v  -0.0811 -0.4685 7.2909
v  -0.1204 -0.4613 7.3099
v  -0.1556 -0.4508 7.3365
v  -0.1558 -0.4938 7.3514
v  -0.1843 -0.4841 7.3854
v  -0.1841 -0.4378 7.3692
v  -0.0400 -0.3999 7.2421
v  -0.0810 -0.3935 7.2519
v  -0.0400 -0.3346 7.1890
v  -0.0810 -0.3263 7.1973
v  -0.1204 -0.3823 7.2690
v  -0.1556 -0.3667 7.2930
v  -0.1556 -0.4076 7.3169
v  -0.1841 -0.3914 7.3481
v  -0.1841 -0.3474 7.3224
v  -0.1204 -0.3118 7.2118
v  -0.1556 -0.2916 7.2320
v  -0.1556 -0.3275 7.2645
v  -0.1842 -0.3053 7.2918
v  -0.1841 -0.2667 7.2569
v  -0.2047 -0.4732 7.4233
v  -0.2046 -0.4233 7.4059
v  -0.2046 -0.3733 7.3831
v  -0.2160 -0.4607 7.4606
v  -0.2200 -0.4508 7.5008
v  -0.2163 -0.4082 7.4439
v  -0.2164 -0.3543 7.4198
v  -0.2200 -0.3935 7.4812
v  -0.2200 -0.3360 7.4551
v  -0.2046 -0.3259 7.3554
v  -0.2046 -0.2805 7.3224
v  -0.2046 -0.2389 7.2847
v  -0.2163 -0.3035 7.3897
v  -0.2163 -0.2547 7.3541
v  -0.2200 -0.2815 7.4232
v  -0.2200 -0.2294 7.3852
v  -0.2163 -0.2099 7.3137
v  -0.2200 -0.1816 7.3420
v  -0.2163 -0.5025 7.5540
v  -0.2046 -0.4951 7.5942
v  -0.2163 -0.4397 7.5393
v  -0.2163 -0.3788 7.5184
v  -0.2046 -0.4284 7.5787
v  -0.2046 -0.3637 7.5564
v  -0.1841 -0.4879 7.6330
v  -0.1556 -0.4815 7.6676
v  -0.1841 -0.4175 7.6165
v  -0.1841 -0.3492 7.5931
v  -0.1556 -0.4078 7.6504
v  -0.1556 -0.3362 7.6258
v  -0.2163 -0.3176 7.4906
v  -0.2163 -0.2596 7.4567
v  -0.2046 -0.2987 7.5270
v  -0.2046 -0.2372 7.4909
v  -0.2163 -0.2042 7.4163
v  -0.2163 -0.1533 7.3703
v  -0.2046 -0.1784 7.4481
v  -0.2046 -0.1244 7.3992
v  -0.1841 -0.2806 7.5620
v  -0.1841 -0.2157 7.5239
v  -0.1556 -0.2644 7.5932
v  -0.1556 -0.1964 7.5534
v  -0.1841 -0.1535 7.4787
v  -0.1841 -0.0965 7.4271
v  -0.1556 -0.1313 7.5060
v  -0.1556 -0.0716 7.4520
v  -0.1204 -0.4763 7.6957
v  -0.0810 -0.4726 7.7157
v  -0.1204 -0.3999 7.6778
v  -0.1204 -0.3257 7.6524
v  -0.0810 -0.3943 7.6975
v  -0.0810 -0.3182 7.6713
v  -0.1204 -0.2513 7.6186
v  -0.1204 -0.1808 7.5773
v  -0.0810 -0.2419 7.6367
v  -0.0810 -0.1696 7.5944
v  -0.1204 -0.1133 7.5282
v  -0.1204 -0.0514 7.4722
v  -0.0810 -0.1004 7.5440
v  -0.0810 -0.0370 7.4866
v  -0.0400 -0.2815 7.1237
v  -0.0810 -0.2716 7.1301
v  -0.0400 -0.2436 7.0505
v  -0.0810 -0.2326 7.0548
v  -0.1204 -0.2546 7.1413
v  -0.1556 -0.2306 7.1569
v  -0.1556 -0.2592 7.1961
v  -0.1842 -0.2318 7.2182
v  -0.1841 -0.2012 7.1762
v  -0.1204 -0.2136 7.0623
v  -0.1556 -0.1871 7.0728
v  -0.1556 -0.2067 7.1160
v  -0.1842 -0.1754 7.1322
v  -0.1841 -0.1544 7.0858
v  -0.1556 -0.1720 7.0298
v  -0.1843 -0.1382 7.0395
v  -0.2046 -0.2012 7.2431
v  -0.2046 -0.1682 7.1977
v  -0.2046 -0.1404 7.1503
v  -0.2046 -0.1177 7.1003
v  -0.2163 -0.1694 7.2689
v  -0.2163 -0.1339 7.2201
v  -0.2200 -0.1384 7.2942
v  -0.2200 -0.1004 7.2420
v  -0.2163 -0.1040 7.1692
v  -0.2163 -0.0797 7.1154
v  -0.2200 -0.0685 7.1876
v  -0.2200 -0.0424 7.1301
v  -0.2047 -0.1003 7.0504
v  -0.2164 -0.0608 7.0618
v  -0.2200 -0.0228 7.0728
v  -0.2163 -0.1073 7.3194
v  -0.2163 -0.0669 7.2639
v  -0.2046 -0.0755 7.3453
v  -0.2046 -0.0327 7.2864
v  -0.2163 -0.0329 7.2060
v  -0.2163 -0.0052 7.1448
v  -0.2046 0.0034 7.2249
v  -0.2046 0.0329 7.1599
v  -0.1841 -0.0449 7.3701
v  -0.1841 0.0003 7.3079
v  -0.1556 -0.0176 7.3923
v  -0.1556 0.0298 7.3272
v  -0.1841 0.0384 7.2430
v  -0.1841 0.0695 7.1744
v  -0.1556 0.0697 7.2592
v  -0.1556 0.1022 7.1874
v  -0.2163 0.0157 7.0838
v  -0.2163 0.0304 7.0210
v  -0.2046 0.0551 7.0952
v  -0.2046 0.0706 7.0285
v  -0.1841 0.0929 7.1060
v  -0.1841 0.1094 7.0357
v  -0.1556 0.1267 7.1158
v  -0.1556 0.1440 7.0421
v  -0.1204 0.0046 7.4103
v  -0.1204 0.0537 7.3428
v  -0.0810 0.0204 7.4232
v  -0.0810 0.0708 7.3540
v  -0.1204 0.0951 7.2723
v  -0.1204 0.1288 7.1979
v  -0.0810 0.1132 7.2817
v  -0.0810 0.1478 7.2054
v  -0.1204 0.1542 7.1237
v  -0.1204 0.1721 7.0473
v  -0.0810 0.1738 7.1293
v  -0.0810 0.1921 7.0510
v  -0.0000 -3.2043 7.5878
v  -0.0000 -3.2228 7.6520
v  -0.0114 -3.2043 7.5868
v  -0.0231 -3.2228 7.6499
v  -0.0467 -3.2228 7.6431
v  -0.0695 -3.2228 7.6313
v  -0.0898 -3.2228 7.6148
v  -0.1063 -3.2228 7.5945
v  -0.1181 -3.2228 7.5718
v  -0.1249 -3.2228 7.5481
v  -0.1270 -3.2228 7.5250
v  -0.1249 -3.2228 7.5019
v  -0.1181 -3.2228 7.4783
v  -0.1063 -3.2228 7.4555
v  -0.0898 -3.2228 7.4352
v  -0.0695 -3.2228 7.4187
v  -0.0467 -3.2228 7.4070
v  -0.0231 -3.2228 7.4002
v  -0.0000 -3.2228 7.3980
v  0.0231 -3.2228 7.4002
v  0.0467 -3.2228 7.4070
v  0.0695 -3.2228 7.4187
v  0.0898 -3.2228 7.4352
v  0.1063 -3.2228 7.4555
v  0.1181 -3.2228 7.4783
v  0.1249 -3.2228 7.5019
v  0.1270 -3.2228 7.5250
v  0.1249 -3.2228 7.5481
v  0.1181 -3.2228 7.5718
v  0.1063 -3.2228 7.5945
v  0.0898 -3.2228 7.6148
v  0.0695 -3.2228 7.6313
v  0.0467 -3.2228 7.6431
v  0.0231 -3.2228 7.6499
v  0.0114 -3.2043 7.5868
v  0.0231 -3.2043 7.5834
v  0.0344 -3.2043 7.5776
v  0.0444 -3.2043 7.5694
v  0.0525 -3.2043 7.5594
v  0.0584 -3.2043 7.5481
v  0.0617 -3.2043 7.5365
v  0.0628 -3.2043 7.5250
v  0.0617 -3.2043 7.5136
v  0.0584 -3.2043 7.5019
v  0.0525 -3.2043 7.4907
v  0.0444 -3.2043 7.4806
v  0.0344 -3.2043 7.4725
v  0.0231 -3.2043 7.4667
v  0.0114 -3.2043 7.4633
v  -0.0000 -3.2043 7.4623
v  -0.0114 -3.2043 7.4633
v  -0.0231 -3.2043 7.4667
v  -0.0344 -3.2043 7.4725
v  -0.0444 -3.2043 7.4806
v  -0.0525 -3.2043 7.4907
v  -0.0584 -3.2043 7.5019
v  -0.0617 -3.2043 7.5136
v  -0.0628 -3.2043 7.5250
v  -0.0617 -3.2043 7.5365
v  -0.0584 -3.2043 7.5481
v  -0.0525 -3.2043 7.5594
v  -0.0444 -3.2043 7.5694
v  -0.0344 -3.2043 7.5776
v  -0.0231 -3.2043 7.5834
v  0.2161 -0.0422 6.9535
v  0.2041 -0.0828 6.9497
v  0.1836 -0.1218 6.9461
v  0.1551 -0.1566 6.9429
v  0.1200 -0.1848 6.9403
v  0.0807 -0.2050 6.9385
v  0.0399 -0.2166 6.9374
v  -0.0000 -0.2203 6.9371
v  -0.0399 -0.2166 6.9374
v  -0.0807 -0.2050 6.9385
v  -0.1200 -0.1848 6.9404
v  -0.1551 -0.1566 6.9429
v  -0.1836 -0.1218 6.9461
v  -0.2041 -0.0828 6.9497
v  -0.2161 -0.0422 6.9535
v  0.1206 -0.1997 7.0218
v  0.0811 -0.2194 7.0162
v  0.0401 -0.2308 7.0129
v  -0.0000 -0.2343 7.0119
v  -0.0400 -0.2305 7.0130
v  -0.0811 -0.2194 7.0162
v  -0.1205 -0.1998 7.0218
v  0.1196 -0.2312 7.1019
v  0.0813 -0.2501 7.0935
v  0.0402 -0.2607 7.0880
v  -0.0000 -0.2640 7.0863
v  -0.0402 -0.2607 7.0880
v  -0.0813 -0.2501 7.0935
v  -0.1208 -0.2319 7.1030
v  0.1199 -0.2809 7.1769
v  0.0811 -0.2972 7.1652
v  0.0401 -0.3064 7.1578
v  0.0000 -0.3093 7.1555
v  -0.0401 -0.3064 7.1578
v  -0.0811 -0.2972 7.1652
v  -0.1205 -0.2813 7.1781
v  0.1205 -0.3455 7.2423
v  0.0810 -0.3585 7.2264
v  0.0400 -0.3659 7.2172
v  0.0000 -0.3682 7.2144
v  -0.0400 -0.3659 7.2172
v  -0.0810 -0.3585 7.2264
v  -0.1204 -0.3456 7.2422
v  0.1205 -0.4206 7.2915
v  0.0811 -0.4301 7.2734
v  0.0401 -0.4355 7.2629
v  0.0000 -0.4370 7.2599
v  -0.0400 -0.4353 7.2631
v  -0.0810 -0.4299 7.2736
v  -0.1204 -0.4205 7.2917
v  0.1207 -0.5017 7.3240
v  0.0812 -0.5073 7.3042
v  0.0402 -0.5106 7.2928
v  0.0000 -0.5116 7.2893
v  -0.0402 -0.5106 7.2928
v  -0.0812 -0.5073 7.3042
v  -0.1207 -0.5017 7.3240
v  -0.2163 -0.5700 7.4825
v  -0.2044 -0.5738 7.4415
v  -0.1840 -0.5774 7.4023
v  -0.1554 -0.5806 7.3674
v  -0.1202 -0.5833 7.3389
v  -0.0810 -0.5852 7.3184
v  -0.0400 -0.5862 7.3070
v  0.0000 -0.5865 7.3033
v  0.0400 -0.5862 7.3070
v  0.0809 -0.5851 7.3187
v  0.1202 -0.5833 7.3389
v  0.1554 -0.5806 7.3673
v  0.1840 -0.5774 7.4023
v  0.2044 -0.5738 7.4415
v  0.2162 -0.5701 7.4822
v  -0.0000 -3.2485 7.7352
v  -0.0382 -3.2485 7.7317
v  -0.0773 -3.2485 7.7204
v  -0.1150 -3.2485 7.7009
v  -0.1486 -3.2485 7.6736
v  -0.1759 -3.2485 7.6400
v  -0.1954 -3.2485 7.6024
v  -0.2066 -3.2485 7.5633
v  -0.2101 -3.2485 7.5250
v  -0.2066 -3.2485 7.4868
v  -0.1954 -3.2485 7.4477
v  -0.1759 -3.2485 7.4101
v  -0.1486 -3.2485 7.3765
v  -0.1150 -3.2485 7.3492
v  -0.0773 -3.2485 7.3297
v  -0.0382 -3.2485 7.3184
v  -0.0000 -3.2485 7.3149
v  0.0382 -3.2485 7.3184
v  0.0773 -3.2485 7.3297
v  0.1150 -3.2485 7.3492
v  0.1486 -3.2485 7.3765
v  0.1759 -3.2485 7.4101
v  0.1954 -3.2485 7.4477
v  0.2066 -3.2485 7.4868
v  0.2101 -3.2485 7.5250
v  0.2066 -3.2485 7.5633
v  0.1954 -3.2485 7.6024
v  0.1759 -3.2485 7.6400
v  0.1486 -3.2485 7.6736
v  0.1150 -3.2485 7.7009
v  0.0773 -3.2485 7.7204
v  0.0382 -3.2485 7.7317
v  -0.0000 -3.2456 7.3080
v  0.0395 -3.2455 7.3116
v  0.0799 -3.2455 7.3233
v  0.1188 -3.2455 7.3434
v  0.1535 -3.2455 7.3716
v  0.1816 -3.2455 7.4063
v  0.2018 -3.2455 7.4451
v  0.2134 -3.2455 7.4855
v  0.2171 -3.2456 7.5250
v  0.2134 -3.2455 7.5645
v  0.2018 -3.2455 7.6049
v  0.1816 -3.2455 7.6438
v  0.1534 -3.2455 7.6785
v  0.1188 -3.2455 7.7067
v  0.0799 -3.2455 7.7268
v  0.0395 -3.2455 7.7385
v  -0.0000 -3.2456 7.7421
v  -0.0395 -3.2455 7.7385
v  -0.0799 -3.2455 7.7268
v  -0.1188 -3.2455 7.7067
v  -0.1534 -3.2455 7.6785
v  -0.1816 -3.2455 7.6438
v  -0.2018 -3.2455 7.6049
v  -0.2134 -3.2455 7.5645
v  -0.2171 -3.2456 7.5250
v  -0.2134 -3.2455 7.4855
v  -0.2018 -3.2455 7.4452
v  -0.1816 -3.2455 7.4063
v  -0.1535 -3.2455 7.3716
v  -0.1188 -3.2455 7.3434
v  -0.0799 -3.2455 7.3232
v  -0.0395 -3.2455 7.3116
v  -0.2200 0.0014 6.8800
v  -0.2045 0.0824 6.8800
v  -0.1841 0.1218 6.8800
v  -0.1555 0.1570 6.8800
v  -0.1204 0.1855 6.8800
v  -0.0810 0.2060 6.8800
v  -0.0400 0.2178 6.8800
v  -0.0000 0.2214 6.8800
v  -0.2163 0.0415 6.8800
v  0.0400 0.2177 6.8800
v  0.0810 0.2059 6.8800
v  0.1203 0.1855 6.8800
v  0.1555 0.1569 6.8800
v  0.1841 0.1218 6.8800
v  0.2045 0.0824 6.8800
v  0.2163 0.0415 6.8800
v  0.2200 0.0014 6.8800
v  0.2163 -0.0386 6.8800
v  0.2045 -0.0795 6.8800
v  0.1841 -0.1189 6.8800
v  0.1555 -0.1540 6.8800
v  0.1203 -0.1826 6.8800
v  0.0809 -0.2030 6.8800
v  0.0400 -0.2148 6.8800
v  -0.0000 -0.2186 6.8800
v  -0.0400 -0.2148 6.8800
v  -0.0810 -0.2031 6.8800
v  -0.1204 -0.1826 6.8800
v  -0.1555 -0.1541 6.8800
v  -0.1841 -0.1189 6.8800
v  -0.2045 -0.0795 6.8800
v  -0.2163 -0.0386 6.8800
v  -0.0000 0.0014 6.8600
v  -0.1999 0.0014 6.8600
v  -0.1859 0.0750 6.8600
v  -0.1673 0.1108 6.8600
v  -0.1413 0.1428 6.8600
v  -0.1094 0.1688 6.8600
v  -0.0736 0.1873 6.8600
v  -0.0364 0.1981 6.8600
v  -0.0000 0.2014 6.8600
v  -0.1966 0.0378 6.8600
v  0.0364 0.1980 6.8600
v  0.0736 0.1873 6.8600
v  0.1093 0.1687 6.8600
v  0.1413 0.1427 6.8600
v  0.1672 0.1108 6.8600
v  0.1858 0.0750 6.8600
v  0.1965 0.0378 6.8600
v  0.1999 0.0014 6.8600
v  0.1966 -0.0349 6.8600
v  0.1858 -0.0721 6.8600
v  0.1672 -0.1079 6.8600
v  0.1413 -0.1398 6.8600
v  0.1093 -0.1658 6.8600
v  0.0736 -0.1844 6.8600
v  0.0364 -0.1951 6.8600
v  -0.0000 -0.1986 6.8600
v  -0.0364 -0.1951 6.8600
v  -0.0736 -0.1844 6.8600
v  -0.1094 -0.1659 6.8600
v  -0.1413 -0.1399 6.8600
v  -0.1673 -0.1079 6.8600
v  -0.1859 -0.0721 6.8600
v  -0.1966 -0.0349 6.8600
v  -0.2149 0.0014 6.8650
v  -0.1998 0.0806 6.8650
v  -0.1799 0.1190 6.8650
v  -0.1520 0.1534 6.8650
v  -0.1176 0.1813 6.8650
v  -0.0791 0.2013 6.8650
v  -0.0391 0.2129 6.8650
v  -0.0000 0.2164 6.8650
v  -0.2113 0.0406 6.8650
v  0.0391 0.2128 6.8650
v  0.0791 0.2012 6.8650
v  0.1176 0.1813 6.8650
v  0.1519 0.1533 6.8650
v  0.1798 0.1190 6.8650
v  0.1998 0.0805 6.8650
v  0.2113 0.0405 6.8650
v  0.2149 0.0014 6.8650
v  0.2113 -0.0377 6.8650
v  0.1998 -0.0776 6.8650
v  0.1798 -0.1161 6.8650
v  0.1519 -0.1505 6.8650
v  0.1176 -0.1784 6.8650
v  0.0791 -0.1983 6.8650
v  0.0391 -0.2099 6.8650
v  -0.0000 -0.2136 6.8650
v  -0.0391 -0.2099 6.8650
v  -0.0791 -0.1984 6.8650
v  -0.1176 -0.1784 6.8650
v  -0.1520 -0.1505 6.8650
v  -0.1799 -0.1162 6.8650
v  -0.1998 -0.0777 6.8650
v  -0.2113 -0.0377 6.8650
v  -0.2188 0.0014 6.8716
v  -0.2034 0.0820 6.8716
v  -0.1831 0.1211 6.8716
v  -0.1547 0.1561 6.8716
v  -0.1197 0.1845 6.8716
v  -0.0805 0.2048 6.8716
v  -0.0398 0.2166 6.8716
v  -0.0000 0.2203 6.8716
v  -0.2151 0.0412 6.8716
v  0.0398 0.2165 6.8716
v  0.0805 0.2048 6.8716
v  0.1197 0.1845 6.8716
v  0.1546 0.1561 6.8716
v  0.1830 0.1211 6.8716
v  0.2033 0.0819 6.8716
v  0.2151 0.0412 6.8716
v  0.2188 0.0014 6.8716
v  0.2151 -0.0384 6.8716
v  0.2033 -0.0791 6.8716
v  0.1830 -0.1182 6.8716
v  0.1546 -0.1532 6.8716
v  0.1197 -0.1816 6.8716
v  0.0805 -0.2019 6.8716
v  0.0398 -0.2136 6.8716
v  -0.0000 -0.2174 6.8716
v  -0.0398 -0.2137 6.8716
v  -0.0805 -0.2019 6.8716
v  -0.1197 -0.1816 6.8716
v  -0.1547 -0.1532 6.8716
v  -0.1831 -0.1183 6.8716
v  -0.2034 -0.0791 6.8716
v  -0.2151 -0.0384 6.8716
v  -0.2081 0.0014 6.8613
v  -0.1935 0.0780 6.8613
v  -0.1742 0.1153 6.8613
v  -0.1471 0.1486 6.8613
v  -0.1139 0.1756 6.8613
v  -0.0766 0.1949 6.8613
v  -0.0379 0.2062 6.8613
v  -0.0000 0.2096 6.8613
v  -0.2046 0.0393 6.8613
v  0.0379 0.2061 6.8613
v  0.0766 0.1949 6.8613
v  0.1138 0.1755 6.8613
v  0.1471 0.1485 6.8613
v  0.1741 0.1153 6.8613
v  0.1934 0.0780 6.8613
v  0.2046 0.0393 6.8613
v  0.2081 0.0014 6.8613
v  0.2046 -0.0364 6.8613
v  0.1934 -0.0751 6.8613
v  0.1741 -0.1124 6.8613
v  0.1471 -0.1456 6.8613
v  0.1138 -0.1726 6.8613
v  0.0766 -0.1920 6.8613
v  0.0379 -0.2031 6.8613
v  -0.0000 -0.2067 6.8613
v  -0.0379 -0.2032 6.8613
v  -0.0766 -0.1920 6.8613
v  -0.1139 -0.1727 6.8613
v  -0.1471 -0.1457 6.8613
v  -0.1742 -0.1124 6.8613
v  -0.1935 -0.0752 6.8613
v  -0.2046 -0.0364 6.8613
v  -0.0000 -3.1986 7.5250
v  -0.0000 -3.2483 7.7042
v  -0.0000 -3.2486 7.7099
v  -0.0000 -3.2459 7.6986
v  -0.0326 -3.2483 7.7012
v  -0.0316 -3.2459 7.6957
v  -0.0336 -3.2486 7.7068
v  -0.0660 -3.2483 7.6917
v  -0.0639 -3.2459 7.6864
v  -0.0681 -3.2486 7.6969
v  -0.0981 -3.2483 7.6750
v  -0.0949 -3.2459 7.6703
v  -0.1012 -3.2486 7.6798
v  -0.1267 -3.2483 7.6518
v  -0.1227 -3.2459 7.6477
v  -0.1307 -3.2486 7.6558
v  -0.1500 -3.2483 7.6231
v  -0.1452 -3.2459 7.6200
v  -0.1547 -3.2486 7.6262
v  -0.1666 -3.2483 7.5910
v  -0.1613 -3.2459 7.5889
v  -0.1719 -3.2486 7.5931
v  -0.1762 -3.2483 7.5576
v  -0.1706 -3.2459 7.5566
v  -0.1818 -3.2486 7.5587
v  -0.1792 -3.2483 7.5250
v  -0.1735 -3.2459 7.5250
v  -0.1849 -3.2486 7.5250
v  -0.1762 -3.2483 7.4924
v  -0.1706 -3.2459 7.4935
v  -0.1818 -3.2486 7.4914
v  -0.1666 -3.2483 7.4591
v  -0.1613 -3.2459 7.4612
v  -0.1719 -3.2486 7.4570
v  -0.1500 -3.2483 7.4270
v  -0.1452 -3.2459 7.4301
v  -0.1547 -3.2486 7.4239
v  -0.1267 -3.2483 7.3983
v  -0.1227 -3.2459 7.4023
v  -0.1307 -3.2486 7.3943
v  -0.0981 -3.2483 7.3751
v  -0.0949 -3.2459 7.3798
v  -0.1012 -3.2486 7.3703
v  -0.0660 -3.2483 7.3584
v  -0.0639 -3.2459 7.3637
v  -0.0681 -3.2486 7.3531
v  -0.0326 -3.2483 7.3488
v  -0.0316 -3.2459 7.3544
v  -0.0336 -3.2486 7.3432
v  -0.0000 -3.2483 7.3458
v  -0.0000 -3.2459 7.3515
v  -0.0000 -3.2486 7.3402
v  0.0326 -3.2483 7.3488
v  0.0316 -3.2459 7.3544
v  0.0336 -3.2486 7.3432
v  0.0660 -3.2483 7.3584
v  0.0639 -3.2459 7.3637
v  0.0681 -3.2486 7.3531
v  0.0981 -3.2483 7.3751
v  0.0949 -3.2459 7.3798
v  0.1012 -3.2486 7.3703
v  0.1267 -3.2483 7.3983
v  0.1227 -3.2459 7.4023
v  0.1307 -3.2486 7.3943
v  0.1500 -3.2483 7.4270
v  0.1452 -3.2459 7.4301
v  0.1547 -3.2486 7.4239
v  0.1666 -3.2483 7.4591
v  0.1613 -3.2459 7.4612
v  0.1719 -3.2486 7.4570
v  0.1762 -3.2483 7.4924
v  0.1706 -3.2459 7.4935
v  0.1818 -3.2486 7.4914
v  0.1792 -3.2483 7.5250
v  0.1735 -3.2459 7.5250
v  0.1849 -3.2486 7.5250
v  0.1762 -3.2483 7.5576
v  0.1706 -3.2459 7.5566
v  0.1818 -3.2486 7.5587
v  0.1666 -3.2483 7.5910
v  0.1613 -3.2459 7.5889
v  0.1719 -3.2486 7.5931
v  0.1500 -3.2483 7.6231
v  0.1452 -3.2459 7.6200
v  0.1547 -3.2486 7.6262
v  0.1267 -3.2483 7.6518
v  0.1227 -3.2459 7.6477
v  0.1307 -3.2486 7.6558
v  0.0981 -3.2483 7.6750
v  0.0949 -3.2459 7.6703
v  0.1012 -3.2486 7.6798
v  0.0660 -3.2483 7.6917
v  0.0639 -3.2459 7.6864
v  0.0681 -3.2486 7.6969
v  0.0326 -3.2483 7.7012
v  0.0316 -3.2459 7.6957
v  0.0336 -3.2486 7.7068
v  0.2617 -5.5285 2.7052
v  0.2815 -5.4437 2.6458
v  0.2768 -5.4595 2.7124
v  0.2617 -5.5024 2.7425
v  0.2815 -5.4176 2.6831
v  0.2768 -5.4017 2.6164
v  0.2768 -5.3756 2.6537
v  0.2617 -5.3327 2.6236
v  0.2356 -5.3175 2.5574
v  0.2356 -5.2914 2.5947
v  0.1991 -5.2545 2.5689
v  0.1540 -5.2246 2.5479
v  0.1036 -5.2293 2.4957
v  0.1036 -5.2032 2.5329
v  0.0512 -5.2169 2.4870
v  0.0512 -5.1908 2.5243
v  0.0000 -5.1870 2.5216
v  -0.0512 -5.1908 2.5243
v  -0.1036 -5.2032 2.5329
v  -0.1540 -5.2507 2.5106
v  -0.1540 -5.2246 2.5479
v  -0.1990 -5.2806 2.5316
v  -0.1990 -5.2545 2.5689
v  -0.2356 -5.2914 2.5947
v  -0.2617 -5.3327 2.6236
v  -0.2768 -5.4017 2.6164
v  -0.2768 -5.3756 2.6537
v  -0.2815 -5.4437 2.6458
v  -0.2815 -5.4176 2.6831
v  -0.2768 -5.4856 2.6752
v  -0.2768 -5.4595 2.7124
v  -0.2617 -5.5285 2.7052
v  -0.2617 -5.5024 2.7425
v  -0.2356 -5.5437 2.7714
v  -0.1991 -5.5806 2.7972
v  -0.1540 -5.6367 2.7809
v  -0.1540 -5.6106 2.8182
v  -0.1036 -5.6581 2.7959
v  -0.1036 -5.6320 2.8332
v  -0.0512 -5.6443 2.8418
v  0.0000 -5.6482 2.8445
v  0.0512 -5.6443 2.8418
v  0.1036 -5.6581 2.7959
v  0.1036 -5.6320 2.8332
v  0.1540 -5.6106 2.8182
v  0.1991 -5.5806 2.7972
v  0.2392 -5.5776 2.7271
v  0.2356 -5.5438 2.7714
v  0.2957 -5.4133 2.5937
v  0.2617 -5.3588 2.5863
v  0.2517 -5.3233 2.5307
v  0.1991 -5.2806 2.5316
v  0.1540 -5.2507 2.5106
v  0.0000 -5.2118 2.4526
v  0.0000 -5.2131 2.4843
v  -0.0512 -5.2169 2.4870
v  -0.1036 -5.2293 2.4957
v  -0.1646 -5.2519 2.4807
v  -0.2127 -5.2839 2.5031
v  -0.2517 -5.3233 2.5307
v  -0.2356 -5.3175 2.5574
v  -0.2617 -5.3588 2.5863
v  -0.2796 -5.5488 2.6886
v  -0.2356 -5.5698 2.7341
v  -0.2127 -5.6324 2.7471
v  -0.1991 -5.6067 2.7600
v  -0.1646 -5.6644 2.7695
v  -0.0547 -5.7004 2.7947
v  -0.0512 -5.6704 2.8045
v  0.0000 -5.6743 2.8072
v  0.0512 -5.6704 2.8045
v  0.1107 -5.6872 2.7855
v  0.1540 -5.6367 2.7809
v  0.2127 -5.6324 2.7471
v  0.1991 -5.6067 2.7600
v  0.2517 -5.5930 2.7195
v  0.2768 -5.4856 2.6752
v  0.3008 -5.4582 2.6251
v  0.2796 -5.3675 2.5616
v  0.2157 -5.3040 2.4692
v  0.2127 -5.2839 2.5031
v  0.1669 -5.2715 2.4465
v  0.1646 -5.2519 2.4807
v  0.1123 -5.2484 2.4303
v  0.1107 -5.2291 2.4647
v  0.0555 -5.2350 2.4209
v  0.0547 -5.2159 2.4555
v  -0.0555 -5.2350 2.4209
v  -0.0547 -5.2159 2.4555
v  -0.1123 -5.2484 2.4303
v  -0.1107 -5.2291 2.4647
v  -0.1669 -5.2715 2.4465
v  -0.2553 -5.3439 2.4972
v  -0.2836 -5.3887 2.5286
v  -0.2796 -5.3675 2.5616
v  -0.2957 -5.4133 2.5937
v  -0.3050 -5.4807 2.5929
v  -0.3008 -5.4582 2.6251
v  -0.2957 -5.5030 2.6565
v  -0.2517 -5.5930 2.7195
v  -0.1669 -5.6898 2.7394
v  -0.1107 -5.6872 2.7855
v  -0.0555 -5.7263 2.7650
v  0.0000 -5.7305 2.7679
v  0.0000 -5.7045 2.7976
v  0.0555 -5.7263 2.7650
v  0.0547 -5.7004 2.7947
v  0.1646 -5.6644 2.7695
v  0.2157 -5.6573 2.7166
v  0.2553 -5.6174 2.6887
v  0.2796 -5.5488 2.6886
v  0.2999 -5.5261 2.6248
v  0.2957 -5.5030 2.6565
v  0.3050 -5.4807 2.5929
v  0.2836 -5.5726 2.6573
v  0.1669 -5.6898 2.7394
v  0.1123 -5.7130 2.7556
v  0.1177 -5.7330 2.7513
v  -0.1123 -5.7130 2.7556
v  -0.2157 -5.6573 2.7166
v  -0.2553 -5.6174 2.6887
v  -0.2679 -5.6326 2.6810
v  -0.2836 -5.5726 2.6573
v  -0.2999 -5.5261 2.6248
v  -0.2999 -5.4352 2.5611
v  -0.2157 -5.3040 2.4692
v  0.0000 -5.2308 2.4180
v  0.2553 -5.3439 2.4972
v  0.2679 -5.3459 2.4803
v  0.2836 -5.3887 2.5286
v  0.2976 -5.3929 2.5132
v  0.2999 -5.4352 2.5611
v  0.3147 -5.4417 2.5473
v  0.0001 -5.2271 2.3971
v  -0.2976 -5.5856 2.6481
v  -0.1179 -5.7329 2.7513
v  -0.4002 -5.4859 2.5824
v  -0.3938 -5.5456 2.6241
v  -0.3727 -5.6067 2.6669
v  -0.3359 -5.6655 2.7081
v  -0.2842 -5.7181 2.7450
v  -0.2205 -5.7609 2.7749
v  -0.1489 -5.7916 2.7964
v  -0.0745 -5.8094 2.8089
v  -0.0018 -5.8152 2.8129
v  0.0711 -5.8100 2.8093
v  0.1457 -5.7927 2.7972
v  0.2175 -5.7625 2.7760
v  0.2817 -5.7202 2.7464
v  0.3340 -5.6680 2.7098
v  0.3714 -5.6094 2.6688
v  0.3932 -5.5484 2.6261
v  0.4002 -5.4888 2.5844
v  0.3938 -5.4291 2.5426
v  0.3727 -5.3680 2.4998
v  0.3359 -5.3092 2.4586
v  0.2842 -5.2566 2.4218
v  0.2205 -5.2138 2.3918
v  0.1489 -5.1831 2.3703
v  0.0746 -5.1653 2.3579
v  0.0018 -5.1596 2.3538
v  -0.0711 -5.1648 2.3575
v  -0.1457 -5.1820 2.3696
v  -0.2175 -5.2122 2.3907
v  -0.2817 -5.2545 2.4204
v  -0.3340 -5.3068 2.4569
v  -0.3714 -5.3654 2.4979
v  -0.3932 -5.4263 2.5406
v  0.0000 -5.2742 2.8879
v  0.2657 -5.5357 2.6977
v  0.2857 -5.4495 2.6374
v  0.2810 -5.4069 2.6076
v  0.2392 -5.3215 2.5477
v  0.1052 -5.2319 2.4850
v  0.0520 -5.2194 2.4762
v  -0.1564 -5.2536 2.5002
v  -0.2020 -5.2840 2.5215
v  -0.2810 -5.4069 2.6076
v  -0.2857 -5.4495 2.6374
v  -0.2810 -5.4921 2.6672
v  -0.2657 -5.5357 2.6977
v  -0.1564 -5.6455 2.7746
v  -0.1052 -5.6672 2.7898
v  0.1052 -5.6672 2.7898
v  0.2356 -5.5698 2.7341
v  0.2999 -5.4186 2.5849
v  0.2657 -5.3634 2.5771
v  0.2553 -5.3273 2.5210
v  0.2021 -5.2840 2.5215
v  0.1564 -5.2536 2.5002
v  0.0000 -5.2142 2.4418
v  0.0000 -5.2155 2.4735
v  -0.0520 -5.2194 2.4762
v  -0.1052 -5.2319 2.4850
v  -0.1669 -5.2549 2.4703
v  -0.2157 -5.2874 2.4930
v  -0.2553 -5.3273 2.5210
v  -0.2392 -5.3215 2.5477
v  -0.2657 -5.3634 2.5771
v  -0.2836 -5.5560 2.6811
v  -0.2392 -5.5776 2.7271
v  -0.2157 -5.6407 2.7404
v  -0.2021 -5.6151 2.7533
v  -0.1669 -5.6731 2.7631
v  -0.0555 -5.7097 2.7887
v  -0.0520 -5.6797 2.7986
v  0.0000 -5.6836 2.8013
v  0.0520 -5.6797 2.7986
v  0.1123 -5.6963 2.7794
v  0.1564 -5.6455 2.7746
v  0.2157 -5.6407 2.7404
v  0.2021 -5.6151 2.7533
v  0.2553 -5.6007 2.7124
v  0.2810 -5.4921 2.6672
v  0.3050 -5.4640 2.6167
v  0.2836 -5.3721 2.5523
v  0.2187 -5.3074 2.4591
v  0.2157 -5.2874 2.4930
v  0.1692 -5.2745 2.4361
v  0.1669 -5.2549 2.4703
v  0.1138 -5.2510 2.4196
v  0.1123 -5.2317 2.4540
v  0.0563 -5.2374 2.4101
v  0.0555 -5.2184 2.4447
v  -0.0563 -5.2374 2.4101
v  -0.0555 -5.2184 2.4447
v  -0.1138 -5.2510 2.4196
v  -0.1123 -5.2317 2.4540
v  -0.1692 -5.2745 2.4361
v  -0.2588 -5.3479 2.4875
v  -0.2875 -5.3933 2.5193
v  -0.2836 -5.3721 2.5523
v  -0.2999 -5.4186 2.5849
v  -0.3092 -5.4865 2.5846
v  -0.3050 -5.4640 2.6167
v  -0.2999 -5.5095 2.6485
v  -0.2553 -5.6007 2.7124
v  -0.1692 -5.6986 2.7330
v  -0.1123 -5.6963 2.7794
v  -0.0563 -5.7356 2.7590
v  0.0000 -5.7399 2.7619
v  0.0000 -5.7139 2.7916
v  0.0563 -5.7356 2.7590
v  0.0555 -5.7097 2.7887
v  0.1669 -5.6731 2.7631
v  0.2187 -5.6657 2.7100
v  0.2588 -5.6252 2.6816
v  0.2836 -5.5560 2.6811
v  0.3041 -5.5326 2.6168
v  0.2999 -5.5095 2.6485
v  0.3092 -5.4865 2.5846
v  0.2875 -5.5798 2.6498
v  0.1692 -5.6986 2.7330
v  0.1750 -5.7087 2.7343
v  0.1138 -5.7221 2.7495
v  -0.0584 -5.7470 2.7611
v  -0.1138 -5.7221 2.7495
v  -0.2187 -5.6657 2.7100
v  -0.2264 -5.6745 2.7104
v  -0.2588 -5.6252 2.6816
v  -0.2875 -5.5798 2.6498
v  -0.3041 -5.5326 2.6168
v  -0.3147 -5.5369 2.6140
v  -0.3041 -5.4404 2.5523
v  -0.3146 -5.4415 2.5472
v  -0.2975 -5.3927 2.5130
v  -0.2187 -5.3074 2.4591
v  -0.2262 -5.3038 2.4508
v  -0.1177 -5.2455 2.4100
v  -0.0581 -5.2315 2.4002
v  0.0000 -5.2332 2.4072
v  0.0584 -5.2315 2.4002
v  0.1179 -5.2456 2.4100
v  0.1752 -5.2699 2.4271
v  0.2264 -5.3040 2.4509
v  0.2588 -5.3479 2.4875
v  0.2875 -5.3933 2.5193
v  0.3041 -5.4404 2.5523
v  0.3200 -5.4894 2.5807
v  -0.1750 -5.2698 2.4270
v  -0.2678 -5.3457 2.4802
v  -0.3200 -5.4892 2.5806
v  -0.1752 -5.7086 2.7342
v  -0.0001 -5.7514 2.7642
v  0.0581 -5.7470 2.7612
v  0.2262 -5.6747 2.7105
v  0.2678 -5.6328 2.6812
v  0.2975 -5.5859 2.6483
v  0.3146 -5.5371 2.6141
v  0.2627 -5.5321 2.7009
v  0.2826 -5.4469 2.6412
v  0.2778 -5.4047 2.6117
v  0.2365 -5.3202 2.5525
v  0.1040 -5.2316 2.4905
v  0.0514 -5.2193 2.4819
v  -0.1546 -5.2531 2.5056
v  -0.1998 -5.2832 2.5266
v  -0.2778 -5.4047 2.6117
v  -0.2826 -5.4469 2.6412
v  -0.2778 -5.4890 2.6707
v  -0.2627 -5.5321 2.7009
v  -0.1546 -5.6406 2.7769
v  -0.1040 -5.6621 2.7919
v  0.1040 -5.6621 2.7919
v  0.2365 -5.5735 2.7299
v  0.2989 -5.4155 2.5895
v  0.2627 -5.3617 2.5816
v  0.2544 -5.3246 2.5259
v  0.1998 -5.2832 2.5266
v  0.1546 -5.2531 2.5056
v  0.0000 -5.2119 2.4469
v  0.0000 -5.2154 2.4792
v  -0.0514 -5.2193 2.4819
v  -0.1040 -5.2316 2.4905
v  -0.1663 -5.2524 2.4753
v  -0.2149 -5.2848 2.4980
v  -0.2544 -5.3246 2.5259
v  -0.2365 -5.3202 2.5525
v  -0.2627 -5.3617 2.5816
v  -0.2826 -5.5525 2.6854
v  -0.2365 -5.5735 2.7299
v  -0.2149 -5.6369 2.7445
v  -0.1998 -5.6105 2.7558
v  -0.1663 -5.6692 2.7672
v  -0.0553 -5.7057 2.7927
v  -0.0514 -5.6745 2.8006
v  0.0000 -5.6783 2.8033
v  0.0514 -5.6745 2.8006
v  0.1119 -5.6923 2.7833
v  0.1546 -5.6406 2.7769
v  0.2149 -5.6369 2.7445
v  0.1998 -5.6105 2.7558
v  0.2544 -5.5971 2.7167
v  0.2778 -5.4890 2.6707
v  0.3039 -5.4608 2.6213
v  0.2826 -5.3692 2.5571
v  0.2164 -5.3066 2.4643
v  0.2149 -5.2848 2.4980
v  0.1675 -5.2740 2.4415
v  0.1663 -5.2524 2.4753
v  0.1127 -5.2507 2.4252
v  0.1119 -5.2293 2.4592
v  0.0557 -5.2373 2.4158
v  0.0553 -5.2160 2.4498
v  -0.0557 -5.2373 2.4158
v  -0.0553 -5.2160 2.4498
v  -0.1127 -5.2507 2.4252
v  -0.1119 -5.2293 2.4592
v  -0.1675 -5.2740 2.4415
v  -0.2562 -5.3467 2.4923
v  -0.2846 -5.3916 2.5238
v  -0.2826 -5.3692 2.5571
v  -0.2989 -5.4155 2.5895
v  -0.3061 -5.4839 2.5884
v  -0.3039 -5.4608 2.6213
v  -0.2989 -5.5061 2.6530
v  -0.2544 -5.5971 2.7167
v  -0.1675 -5.6937 2.7353
v  -0.1119 -5.6923 2.7833
v  -0.0557 -5.7304 2.7610
v  0.0000 -5.7346 2.7639
v  0.0000 -5.7098 2.7956
v  0.0557 -5.7304 2.7610
v  0.0553 -5.7057 2.7927
v  0.1663 -5.6692 2.7672
v  0.2164 -5.6611 2.7125
v  0.2562 -5.6210 2.6845
v  0.2826 -5.5525 2.6854
v  0.3010 -5.5295 2.6203
v  0.2989 -5.5061 2.6530
v  0.3061 -5.4839 2.5884
v  0.2846 -5.5761 2.6530
v  0.1675 -5.6937 2.7353
v  0.1720 -5.7043 2.7325
v  0.1127 -5.7170 2.7516
v  0.1157 -5.7282 2.7492
v  -0.0572 -5.7419 2.7589
v  -0.1127 -5.7170 2.7516
v  -0.2164 -5.6611 2.7125
v  -0.2224 -5.6708 2.7090
v  -0.2562 -5.6210 2.6845
v  -0.2632 -5.6296 2.6802
v  -0.2846 -5.5761 2.6530
v  -0.3010 -5.5295 2.6203
v  -0.3092 -5.5355 2.6143
v  -0.3010 -5.4382 2.5564
v  -0.3092 -5.4418 2.5487
v  -0.2923 -5.3938 2.5151
v  -0.2164 -5.3066 2.4643
v  -0.2223 -5.3065 2.4540
v  -0.1157 -5.2492 2.4138
v  -0.0572 -5.2354 2.4042
v  0.0000 -5.2331 2.4128
v  0.0572 -5.2354 2.4042
v  0.1158 -5.2492 2.4138
v  0.1721 -5.2731 2.4306
v  0.2224 -5.3065 2.4540
v  0.2562 -5.3467 2.4923
v  0.2632 -5.3477 2.4829
v  0.2846 -5.3916 2.5238
v  0.2924 -5.3939 2.5152
v  0.3010 -5.4382 2.5564
v  0.3144 -5.4887 2.5815
v  0.3092 -5.4418 2.5487
v  0.0000 -5.2311 2.4012
v  -0.1720 -5.2731 2.4306
v  -0.2632 -5.3477 2.4828
v  -0.3144 -5.4886 2.5815
v  -0.2924 -5.5834 2.6479
v  -0.1721 -5.7042 2.7325
v  -0.1158 -5.7281 2.7492
v  -0.0000 -5.7462 2.7619
v  0.0572 -5.7419 2.7589
v  0.2223 -5.6708 2.7091
v  0.2632 -5.6296 2.6802
v  0.2923 -5.5835 2.6479
v  0.3092 -5.5356 2.6144
v  -0.0000 0.8311 5.3975
v  -0.0000 0.8311 5.4373
v  -0.0000 0.8287 5.4427
v  -0.0000 0.8233 5.4450
v  -0.0000 0.7758 5.4450
v  -0.0000 0.7537 5.4492
v  -0.0000 0.7334 5.4626
v  -0.0000 0.7200 5.4829
v  0.0000 0.7158 5.5050
v  -0.0000 0.7161 5.7649
v  -0.0000 0.7060 5.7750
v  -0.0000 0.6961 5.7750
v  -0.1619 0.8151 5.3975
v  -0.1620 0.8151 5.4373
v  -0.1615 0.8128 5.4427
v  -0.1604 0.8075 5.4450
v  -0.1511 0.7609 5.4450
v  -0.1468 0.7393 5.4492
v  -0.1429 0.7193 5.4626
v  -0.1403 0.7062 5.4829
v  -0.1394 0.7021 5.5050
v  -0.1395 0.7023 5.7649
v  -0.1375 0.6925 5.7750
v  -0.1356 0.6827 5.7750
v  -0.3176 0.7679 5.3975
v  -0.3177 0.7679 5.4373
v  -0.3167 0.7657 5.4427
v  -0.3146 0.7607 5.4450
v  -0.2965 0.7168 5.4450
v  -0.2880 0.6964 5.4492
v  -0.2802 0.6777 5.4626
v  -0.2751 0.6653 5.4829
v  -0.2735 0.6614 5.5050
v  -0.2736 0.6617 5.7649
v  -0.2698 0.6524 5.7750
v  -0.2660 0.6432 5.7750
v  -0.4611 0.6912 5.3975
v  -0.4611 0.6912 5.4373
v  -0.4598 0.6892 5.4427
v  -0.4568 0.6847 5.4450
v  -0.4304 0.6452 5.4450
v  -0.4181 0.6269 5.4492
v  -0.4068 0.6100 5.4626
v  -0.3994 0.5989 5.4829
v  -0.3971 0.5954 5.5050
v  -0.3972 0.5956 5.7649
v  -0.3917 0.5872 5.7750
v  -0.3861 0.5790 5.7750
v  -0.5869 0.5880 5.3975
v  -0.5869 0.5879 5.4373
v  -0.5852 0.5863 5.4427
v  -0.5814 0.5825 5.4450
v  -0.5478 0.5489 5.4450
v  -0.5322 0.5333 5.4492
v  -0.5178 0.5189 5.4626
v  -0.5084 0.5095 5.4829
v  -0.5054 0.5065 5.5050
v  -0.5056 0.5067 5.7649
v  -0.4985 0.4996 5.7750
v  -0.4914 0.4925 5.7750
v  -0.6901 0.4622 5.3975
v  -0.6901 0.4622 5.4373
v  -0.6881 0.4609 5.4427
v  -0.6836 0.4579 5.4450
v  -0.6442 0.4315 5.4450
v  -0.6258 0.4192 5.4492
v  -0.6089 0.4079 5.4626
v  -0.5978 0.4005 5.4829
v  -0.5943 0.3982 5.5050
v  -0.5945 0.3983 5.7649
v  -0.5861 0.3927 5.7750
v  -0.5779 0.3872 5.7750
v  -0.7668 0.3187 5.3975
v  -0.7668 0.3187 5.4373
v  -0.7646 0.3178 5.4427
v  -0.7596 0.3157 5.4450
v  -0.7158 0.2976 5.4450
v  -0.6954 0.2891 5.4492
v  -0.6766 0.2813 5.4626
v  -0.6642 0.2762 5.4829
v  -0.6603 0.2746 5.5050
v  -0.6606 0.2747 5.7649
v  -0.6513 0.2709 5.7750
v  -0.6421 0.2671 5.7750
v  -0.8140 0.1630 5.3975
v  -0.8140 0.1630 5.4373
v  -0.8117 0.1625 5.4427
v  -0.8064 0.1615 5.4450
v  -0.7598 0.1522 5.4450
v  -0.7382 0.1479 5.4492
v  -0.7182 0.1440 5.4626
v  -0.7051 0.1414 5.4829
v  -0.7010 0.1405 5.5050
v  -0.7013 0.1406 5.7649
v  -0.6914 0.1386 5.7750
v  -0.6817 0.1367 5.7750
v  -0.8300 0.0011 5.3975
v  -0.8300 0.0010 5.4373
v  -0.8276 0.0011 5.4427
v  -0.8222 0.0011 5.4450
v  -0.7747 0.0011 5.4450
v  -0.7526 0.0011 5.4492
v  -0.7323 0.0011 5.4626
v  -0.7190 0.0011 5.4829
v  -0.7147 0.0011 5.5050
v  -0.7150 0.0011 5.7649
v  -0.7050 0.0011 5.7750
v  -0.6950 0.0011 5.7750
v  -0.8140 -0.1608 5.3975
v  -0.8140 -0.1609 5.4373
v  -0.8117 -0.1604 5.4427
v  -0.8064 -0.1593 5.4450
v  -0.7598 -0.1501 5.4450
v  -0.7382 -0.1457 5.4492
v  -0.7182 -0.1418 5.4626
v  -0.7051 -0.1392 5.4829
v  -0.7010 -0.1383 5.5050
v  -0.7013 -0.1384 5.7649
v  -0.6914 -0.1364 5.7750
v  -0.6817 -0.1345 5.7750
v  -0.7668 -0.3165 5.3975
v  -0.7668 -0.3166 5.4373
v  -0.7646 -0.3156 5.4427
v  -0.7596 -0.3135 5.4450
v  -0.7158 -0.2954 5.4450
v  -0.6954 -0.2869 5.4492
v  -0.6766 -0.2791 5.4626
v  -0.6642 -0.2740 5.4829
v  -0.6603 -0.2724 5.5050
v  -0.6606 -0.2725 5.7649
v  -0.6513 -0.2687 5.7750
v  -0.6421 -0.2649 5.7750
v  -0.6901 -0.4600 5.3975
v  -0.6901 -0.4601 5.4373
v  -0.6881 -0.4587 5.4427
v  -0.6836 -0.4557 5.4450
v  -0.6442 -0.4293 5.4450
v  -0.6258 -0.4171 5.4492
v  -0.6089 -0.4058 5.4626
v  -0.5978 -0.3983 5.4829
v  -0.5943 -0.3960 5.5050
v  -0.5945 -0.3961 5.7649
v  -0.5861 -0.3906 5.7750
v  -0.5779 -0.3850 5.7750
v  -0.5869 -0.5858 5.3975
v  -0.5868 -0.5858 5.4373
v  -0.5852 -0.5841 5.4427
v  -0.5814 -0.5803 5.4450
v  -0.5478 -0.5467 5.4450
v  -0.5322 -0.5311 5.4492
v  -0.5178 -0.5167 5.4626
v  -0.5084 -0.5073 5.4829
v  -0.5054 -0.5043 5.5050
v  -0.5056 -0.5045 5.7649
v  -0.4985 -0.4974 5.7750
v  -0.4914 -0.4904 5.7750
v  -0.4611 -0.6890 5.3975
v  -0.4611 -0.6890 5.4373
v  -0.4598 -0.6870 5.4427
v  -0.4568 -0.6825 5.4450
v  -0.4304 -0.6431 5.4450
v  -0.4182 -0.6247 5.4492
v  -0.4069 -0.6078 5.4626
v  -0.3994 -0.5967 5.4829
v  -0.3971 -0.5932 5.5050
v  -0.3972 -0.5934 5.7649
v  -0.3917 -0.5851 5.7750
v  -0.3861 -0.5768 5.7750
v  -0.3176 -0.7657 5.3975
v  -0.3176 -0.7657 5.4373
v  -0.3167 -0.7635 5.4427
v  -0.3146 -0.7585 5.4450
v  -0.2965 -0.7147 5.4450
v  -0.2880 -0.6943 5.4492
v  -0.2803 -0.6755 5.4626
v  -0.2751 -0.6631 5.4829
v  -0.2735 -0.6592 5.5050
v  -0.2736 -0.6595 5.7649
v  -0.2698 -0.6502 5.7750
v  -0.2660 -0.6410 5.7750
v  -0.1619 -0.8129 5.3975
v  -0.1619 -0.8129 5.4373
v  -0.1615 -0.8106 5.4427
v  -0.1604 -0.8053 5.4450
v  -0.1511 -0.7587 5.4450
v  -0.1468 -0.7371 5.4492
v  -0.1429 -0.7171 5.4626
v  -0.1403 -0.7040 5.4829
v  -0.1395 -0.6999 5.5050
v  -0.1395 -0.7002 5.7649
v  -0.1375 -0.6903 5.7750
v  -0.1356 -0.6806 5.7750
v  -0.0000 -0.8289 5.3975
v  0.0000 -0.8289 5.4373
v  -0.0000 -0.8265 5.4427
v  -0.0000 -0.8211 5.4450
v  -0.0000 -0.7736 5.4450
v  -0.0000 -0.7516 5.4492
v  -0.0000 -0.7312 5.4626
v  -0.0000 -0.7179 5.4829
v  -0.0000 -0.7137 5.5050
v  -0.0000 -0.7139 5.7649
v  -0.0000 -0.7039 5.7750
v  -0.0000 -0.6939 5.7750
v  0.1619 -0.8129 5.3975
v  0.1620 -0.8129 5.4373
v  0.1614 -0.8106 5.4427
v  0.1604 -0.8053 5.4450
v  0.1511 -0.7587 5.4450
v  0.1468 -0.7371 5.4492
v  0.1429 -0.7171 5.4626
v  0.1402 -0.7040 5.4829
v  0.1394 -0.6999 5.5050
v  0.1395 -0.7002 5.7649
v  0.1375 -0.6903 5.7750
v  0.1356 -0.6806 5.7750
v  0.3176 -0.7657 5.3975
v  0.3176 -0.7657 5.4373
v  0.3167 -0.7635 5.4427
v  0.3146 -0.7585 5.4450
v  0.2965 -0.7147 5.4450
v  0.2880 -0.6943 5.4492
v  0.2802 -0.6755 5.4626
v  0.2751 -0.6631 5.4829
v  0.2735 -0.6592 5.5050
v  0.2736 -0.6595 5.7649
v  0.2698 -0.6502 5.7750
v  0.2660 -0.6410 5.7750
v  0.4611 -0.6890 5.3975
v  0.4611 -0.6890 5.4373
v  0.4598 -0.6870 5.4427
v  0.4568 -0.6825 5.4450
v  0.4304 -0.6431 5.4450
v  0.4181 -0.6247 5.4492
v  0.4068 -0.6078 5.4626
v  0.3994 -0.5967 5.4829
v  0.3971 -0.5932 5.5050
v  0.3972 -0.5934 5.7649
v  0.3916 -0.5851 5.7750
v  0.3861 -0.5768 5.7750
v  0.5869 -0.5858 5.3975
v  0.5869 -0.5858 5.4373
v  0.5852 -0.5841 5.4427
v  0.5814 -0.5803 5.4450
v  0.5478 -0.5467 5.4450
v  0.5322 -0.5311 5.4492
v  0.5178 -0.5167 5.4626
v  0.5084 -0.5073 5.4829
v  0.5054 -0.5043 5.5050
v  0.5056 -0.5045 5.7649
v  0.4985 -0.4974 5.7750
v  0.4914 -0.4904 5.7750
v  0.6901 -0.4600 5.3975
v  0.6901 -0.4600 5.4373
v  0.6881 -0.4587 5.4427
v  0.6836 -0.4557 5.4450
v  0.6441 -0.4293 5.4450
v  0.6258 -0.4171 5.4492
v  0.6089 -0.4058 5.4626
v  0.5978 -0.3983 5.4829
v  0.5943 -0.3960 5.5050
v  0.5945 -0.3961 5.7649
v  0.5861 -0.3906 5.7750
v  0.5779 -0.3850 5.7750
v  0.7668 -0.3165 5.3975
v  0.7668 -0.3165 5.4373
v  0.7646 -0.3156 5.4427
v  0.7596 -0.3135 5.4450
v  0.7157 -0.2954 5.4450
v  0.6953 -0.2869 5.4492
v  0.6766 -0.2792 5.4626
v  0.6642 -0.2740 5.4829
v  0.6603 -0.2724 5.5050
v  0.6606 -0.2725 5.7649
v  0.6513 -0.2687 5.7750
v  0.6421 -0.2649 5.7750
v  0.8140 -0.1608 5.3975
v  0.8140 -0.1608 5.4373
v  0.8117 -0.1604 5.4427
v  0.8064 -0.1593 5.4450
v  0.7598 -0.1501 5.4450
v  0.7382 -0.1457 5.4492
v  0.7182 -0.1418 5.4626
v  0.7051 -0.1392 5.4829
v  0.7010 -0.1384 5.5050
v  0.7013 -0.1384 5.7649
v  0.6914 -0.1364 5.7750
v  0.6816 -0.1345 5.7750
v  0.8300 0.0011 5.3975
v  0.8300 0.0011 5.4373
v  0.8276 0.0011 5.4427
v  0.8222 0.0011 5.4450
v  0.7747 0.0011 5.4450
v  0.7526 0.0011 5.4492
v  0.7323 0.0011 5.4626
v  0.7189 0.0011 5.4829
v  0.7147 0.0011 5.5050
v  0.7150 0.0011 5.7649
v  0.7049 0.0011 5.7750
v  0.6950 0.0011 5.7750
v  0.8140 0.1630 5.3975
v  0.8140 0.1630 5.4373
v  0.8117 0.1625 5.4427
v  0.8064 0.1615 5.4450
v  0.7598 0.1522 5.4450
v  0.7382 0.1479 5.4492
v  0.7182 0.1439 5.4626
v  0.7051 0.1413 5.4829
v  0.7010 0.1405 5.5050
v  0.7013 0.1406 5.7649
v  0.6914 0.1386 5.7750
v  0.6816 0.1367 5.7750
v  0.7668 0.3187 5.3975
v  0.7668 0.3187 5.4373
v  0.7646 0.3178 5.4427
v  0.7596 0.3157 5.4450
v  0.7157 0.2976 5.4450
v  0.6953 0.2891 5.4492
v  0.6766 0.2813 5.4626
v  0.6642 0.2762 5.4829
v  0.6603 0.2746 5.5050
v  0.6606 0.2747 5.7649
v  0.6513 0.2709 5.7750
v  0.6421 0.2671 5.7750
v  0.6901 0.4622 5.3975
v  0.6901 0.4622 5.4373
v  0.6881 0.4609 5.4427
v  0.6836 0.4579 5.4450
v  0.6441 0.4315 5.4450
v  0.6258 0.4192 5.4492
v  0.6089 0.4079 5.4626
v  0.5978 0.4005 5.4829
v  0.5943 0.3982 5.5050
v  0.5945 0.3983 5.7649
v  0.5861 0.3927 5.7750
v  0.5779 0.3872 5.7750
v  0.5869 0.5880 5.3975
v  0.5868 0.5880 5.4373
v  0.5852 0.5863 5.4427
v  0.5814 0.5824 5.4450
v  0.5478 0.5489 5.4450
v  0.5322 0.5333 5.4492
v  0.5178 0.5189 5.4626
v  0.5084 0.5095 5.4829
v  0.5054 0.5065 5.5050
v  0.5056 0.5067 5.7649
v  0.4985 0.4996 5.7750
v  0.4914 0.4925 5.7750
v  0.4611 0.6912 5.3975
v  0.4611 0.6912 5.4373
v  0.4598 0.6892 5.4427
v  0.4568 0.6847 5.4450
v  0.4304 0.6452 5.4450
v  0.4181 0.6269 5.4492
v  0.4068 0.6100 5.4626
v  0.3994 0.5989 5.4829
v  0.3971 0.5954 5.5050
v  0.3972 0.5956 5.7649
v  0.3916 0.5872 5.7750
v  0.3861 0.5790 5.7750
v  0.3176 0.7679 5.3975
v  0.3176 0.7679 5.4373
v  0.3167 0.7657 5.4427
v  0.3146 0.7607 5.4450
v  0.2965 0.7168 5.4450
v  0.2880 0.6964 5.4492
v  0.2802 0.6776 5.4626
v  0.2751 0.6653 5.4829
v  0.2735 0.6614 5.5050
v  0.2736 0.6617 5.7649
v  0.2698 0.6524 5.7750
v  0.2660 0.6432 5.7750
v  0.1619 0.8151 5.3975
v  0.1619 0.8151 5.4373
v  0.1614 0.8128 5.4427
v  0.1604 0.8075 5.4450
v  0.1511 0.7609 5.4450
v  0.1468 0.7393 5.4492
v  0.1429 0.7193 5.4626
v  0.1403 0.7062 5.4829
v  0.1394 0.7021 5.5050
v  0.1395 0.7023 5.7649
v  0.1375 0.6925 5.7750
v  0.1356 0.6827 5.7750
v  -0.0336 0.9141 6.0598
v  -0.0666 0.9119 6.0598
v  -0.1001 0.9081 6.0598
v  -0.1339 0.9026 6.0598
v  -0.1553 0.8984 6.0598
v  -0.1620 0.8955 6.0598
v  -0.1678 0.8897 6.0598
v  -0.1707 0.8824 6.0598
v  -0.1710 0.8748 6.0598
v  -0.1696 0.8674 6.0598
v  -0.1652 0.8606 6.0598
v  -0.1584 0.8562 6.0598
v  -0.1510 0.8548 6.0598
v  -0.0330 0.9141 6.0534
v  -0.0654 0.9119 6.0470
v  -0.0982 0.9081 6.0404
v  -0.1313 0.9026 6.0338
v  -0.1523 0.8984 6.0297
v  -0.1589 0.8955 6.0284
v  -0.1646 0.8897 6.0272
v  -0.1674 0.8824 6.0267
v  -0.1678 0.8748 6.0266
v  -0.1664 0.8674 6.0269
v  -0.1620 0.8606 6.0277
v  -0.1554 0.8562 6.0291
v  -0.1482 0.8548 6.0305
v  -0.0311 0.9141 6.0473
v  -0.0616 0.9119 6.0346
v  -0.0926 0.9081 6.0218
v  -0.1238 0.9026 6.0089
v  -0.1435 0.8984 6.0007
v  -0.1497 0.8955 5.9982
v  -0.1551 0.8897 5.9959
v  -0.1578 0.8824 5.9948
v  -0.1581 0.8748 5.9947
v  -0.1568 0.8674 5.9952
v  -0.1527 0.8606 5.9969
v  -0.1464 0.8562 5.9995
v  -0.1396 0.8548 6.0023
v  -0.0281 0.9141 6.0417
v  -0.0556 0.9119 6.0233
v  -0.0834 0.9081 6.0047
v  -0.1115 0.9026 5.9860
v  -0.1293 0.8984 5.9741
v  -0.1349 0.8955 5.9703
v  -0.1397 0.8897 5.9671
v  -0.1421 0.8824 5.9655
v  -0.1424 0.8748 5.9653
v  -0.1412 0.8674 5.9661
v  -0.1375 0.8606 5.9686
v  -0.1319 0.8562 5.9723
v  -0.1258 0.8548 5.9764
v  -0.0241 0.9141 6.0367
v  -0.0474 0.9119 6.0134
v  -0.0711 0.9081 5.9897
v  -0.0950 0.9026 5.9658
v  -0.1101 0.8984 5.9507
v  -0.1148 0.8955 5.9459
v  -0.1189 0.8897 5.9418
v  -0.1210 0.8824 5.9398
v  -0.1212 0.8748 5.9395
v  -0.1203 0.8674 5.9405
v  -0.1171 0.8606 5.9437
v  -0.1123 0.8562 5.9485
v  -0.1071 0.8548 5.9537
v  -0.0191 0.9141 6.0327
v  -0.0375 0.9119 6.0052
v  -0.0561 0.9081 5.9774
v  -0.0748 0.9026 5.9493
v  -0.0867 0.8984 5.9315
v  -0.0905 0.8955 5.9259
v  -0.0937 0.8897 5.9211
v  -0.0953 0.8824 5.9187
v  -0.0955 0.8748 5.9184
v  -0.0947 0.8674 5.9196
v  -0.0922 0.8606 5.9233
v  -0.0885 0.8562 5.9289
v  -0.0844 0.8548 5.9350
v  -0.0135 0.9141 6.0297
v  -0.0261 0.9119 5.9991
v  -0.0389 0.9081 5.9682
v  -0.0519 0.9026 5.9370
v  -0.0601 0.8984 5.9173
v  -0.0626 0.8955 5.9111
v  -0.0648 0.8897 5.9057
v  -0.0660 0.8824 5.9030
v  -0.0661 0.8748 5.9027
v  -0.0656 0.8674 5.9040
v  -0.0639 0.8606 5.9081
v  -0.0613 0.8562 5.9144
v  -0.0584 0.8548 5.9212
v  -0.0074 0.9141 6.0278
v  -0.0138 0.9119 5.9954
v  -0.0204 0.9081 5.9626
v  -0.0270 0.9026 5.9295
v  -0.0311 0.8984 5.9085
v  -0.0324 0.8955 5.9019
v  -0.0336 0.8897 5.8962
v  -0.0341 0.8824 5.8933
v  -0.0342 0.8748 5.8930
v  -0.0339 0.8674 5.8944
v  -0.0331 0.8606 5.8988
v  -0.0317 0.8562 5.9054
v  -0.0303 0.8548 5.9126
v  -0.0010 0.9141 6.0272
v  -0.0010 0.9119 5.9942
v  -0.0010 0.9081 5.9607
v  -0.0010 0.9026 5.9269
v  -0.0010 0.8984 5.9055
v  -0.0010 0.8955 5.8988
v  -0.0010 0.8897 5.8930
v  -0.0010 0.8824 5.8901
v  -0.0010 0.8748 5.8898
v  -0.0010 0.8674 5.8912
v  -0.0010 0.8606 5.8956
v  -0.0010 0.8562 5.9024
v  -0.0010 0.8548 5.9098
v  0.0053 0.9141 6.0278
v  0.0118 0.9119 5.9954
v  0.0183 0.9081 5.9626
v  0.0249 0.9026 5.9295
v  0.0290 0.8984 5.9085
v  0.0304 0.8955 5.9019
v  0.0315 0.8897 5.8962
v  0.0321 0.8824 5.8933
v  0.0321 0.8748 5.8930
v  0.0319 0.8674 5.8944
v  0.0310 0.8606 5.8988
v  0.0297 0.8562 5.9054
v  0.0282 0.8548 5.9126
v  0.0114 0.9141 6.0297
v  0.0241 0.9119 5.9991
v  0.0369 0.9081 5.9682
v  0.0498 0.9026 5.9370
v  0.0580 0.8984 5.9173
v  0.0605 0.8955 5.9111
v  0.0628 0.8897 5.9057
v  0.0639 0.8824 5.9030
v  0.0640 0.8748 5.9027
v  0.0635 0.8674 5.9040
v  0.0618 0.8606 5.9081
v  0.0592 0.8562 5.9144
v  0.0564 0.8548 5.9212
v  0.0170 0.9141 6.0327
v  0.0354 0.9119 6.0052
v  0.0540 0.9081 5.9774
v  0.0728 0.9026 5.9493
v  0.0846 0.8984 5.9315
v  0.0884 0.8955 5.9259
v  0.0916 0.8897 5.9211
v  0.0932 0.8824 5.9187
v  0.0934 0.8748 5.9184
v  0.0926 0.8674 5.9196
v  0.0902 0.8606 5.9233
v  0.0864 0.8562 5.9289
v  0.0823 0.8548 5.9350
v  0.0220 0.9141 6.0367
v  0.0453 0.9119 6.0134
v  0.0690 0.9081 5.9897
v  0.0929 0.9026 5.9658
v  0.1080 0.8984 5.9507
v  0.1128 0.8955 5.9459
v  0.1169 0.8897 5.9418
v  0.1189 0.8824 5.9398
v  0.1192 0.8748 5.9395
v  0.1182 0.8674 5.9405
v  0.1150 0.8606 5.9437
v  0.1102 0.8562 5.9485
v  0.1050 0.8548 5.9537
v  0.0260 0.9141 6.0417
v  0.0535 0.9119 6.0233
v  0.0813 0.9081 6.0047
v  0.1094 0.9026 5.9860
v  0.1272 0.8984 5.9741
v  0.1328 0.8955 5.9703
v  0.1376 0.8897 5.9671
v  0.1400 0.8824 5.9655
v  0.1403 0.8748 5.9653
v  0.1391 0.8674 5.9661
v  0.1354 0.8606 5.9686
v  0.1298 0.8562 5.9723
v  0.1237 0.8548 5.9764
v  0.0290 0.9141 6.0473
v  0.0596 0.9119 6.0346
v  0.0905 0.9081 6.0218
v  0.1217 0.9026 6.0089
v  0.1414 0.8984 6.0007
v  0.1477 0.8955 5.9982
v  0.1530 0.8897 5.9959
v  0.1557 0.8824 5.9948
v  0.1560 0.8748 5.9947
v  0.1547 0.8674 5.9952
v  0.1506 0.8606 5.9969
v  0.1443 0.8562 5.9995
v  0.1375 0.8548 6.0023
v  0.0309 0.9141 6.0534
v  0.0633 0.9119 6.0470
v  0.0961 0.9081 6.0404
v  0.1292 0.9026 6.0338
v  0.1502 0.8984 6.0297
v  0.1568 0.8955 6.0284
v  0.1625 0.8897 6.0272
v  0.1654 0.8824 6.0267
v  0.1657 0.8748 6.0266
v  0.1643 0.8674 6.0269
v  0.1599 0.8606 6.0277
v  0.1533 0.8562 6.0291
v  0.1461 0.8548 6.0305
v  0.0315 0.9141 6.0598
v  0.0646 0.9119 6.0598
v  0.0980 0.9081 6.0598
v  0.1318 0.9026 6.0598
v  0.1532 0.8984 6.0598
v  0.1599 0.8955 6.0598
v  0.1657 0.8897 6.0598
v  0.1686 0.8824 6.0598
v  0.1690 0.8748 6.0598
v  0.1676 0.8674 6.0598
v  0.1631 0.8606 6.0598
v  0.1563 0.8562 6.0598
v  0.1490 0.8548 6.0598
v  0.0309 0.9141 6.0661
v  0.0633 0.9119 6.0725
v  0.0961 0.9081 6.0791
v  0.1292 0.9026 6.0857
v  0.1502 0.8984 6.0898
v  0.1568 0.8955 6.0911
v  0.1625 0.8897 6.0923
v  0.1654 0.8824 6.0928
v  0.1657 0.8748 6.0929
v  0.1643 0.8674 6.0926
v  0.1599 0.8606 6.0918
v  0.1533 0.8562 6.0904
v  0.1461 0.8548 6.0890
v  0.0290 0.9141 6.0722
v  0.0596 0.9119 6.0849
v  0.0905 0.9081 6.0977
v  0.1217 0.9026 6.1106
v  0.1414 0.8984 6.1188
v  0.1477 0.8955 6.1213
v  0.1530 0.8897 6.1236
v  0.1557 0.8824 6.1247
v  0.1560 0.8748 6.1248
v  0.1547 0.8674 6.1243
v  0.1506 0.8606 6.1226
v  0.1443 0.8562 6.1200
v  0.1375 0.8548 6.1172
v  0.0260 0.9141 6.0778
v  0.0535 0.9119 6.0962
v  0.0813 0.9081 6.1148
v  0.1094 0.9026 6.1335
v  0.1272 0.8984 6.1454
v  0.1328 0.8955 6.1492
v  0.1376 0.8897 6.1524
v  0.1400 0.8824 6.1540
v  0.1403 0.8748 6.1542
v  0.1391 0.8674 6.1534
v  0.1354 0.8606 6.1509
v  0.1298 0.8562 6.1472
v  0.1237 0.8548 6.1431
v  0.0220 0.9141 6.0828
v  0.0453 0.9119 6.1061
v  0.0690 0.9081 6.1298
v  0.0929 0.9026 6.1537
v  0.1080 0.8984 6.1688
v  0.1128 0.8955 6.1736
v  0.1169 0.8897 6.1777
v  0.1189 0.8824 6.1797
v  0.1192 0.8748 6.1800
v  0.1182 0.8674 6.1790
v  0.1150 0.8606 6.1758
v  0.1102 0.8562 6.1710
v  0.1050 0.8548 6.1658
v  0.0170 0.9141 6.0868
v  0.0354 0.9119 6.1143
v  0.0540 0.9081 6.1421
v  0.0728 0.9026 6.1702
v  0.0846 0.8984 6.1880
v  0.0884 0.8955 6.1936
v  0.0916 0.8897 6.1984
v  0.0932 0.8824 6.2008
v  0.0934 0.8748 6.2011
v  0.0926 0.8674 6.1999
v  0.0902 0.8606 6.1962
v  0.0864 0.8562 6.1906
v  0.0823 0.8548 6.1845
v  0.0114 0.9141 6.0898
v  0.0241 0.9119 6.1204
v  0.0369 0.9081 6.1513
v  0.0498 0.9026 6.1825
v  0.0580 0.8984 6.2022
v  0.0605 0.8955 6.2084
v  0.0628 0.8897 6.2138
v  0.0639 0.8824 6.2165
v  0.0640 0.8748 6.2168
v  0.0635 0.8674 6.2155
v  0.0618 0.8606 6.2114
v  0.0592 0.8562 6.2051
v  0.0564 0.8548 6.1983
v  0.0053 0.9141 6.0917
v  0.0118 0.9119 6.1241
v  0.0183 0.9081 6.1569
v  0.0249 0.9026 6.1900
v  0.0290 0.8984 6.2110
v  0.0304 0.8955 6.2176
v  0.0315 0.8897 6.2233
v  0.0321 0.8824 6.2262
v  0.0321 0.8748 6.2265
v  0.0319 0.8674 6.2251
v  0.0310 0.8606 6.2207
v  0.0297 0.8562 6.2141
v  0.0282 0.8548 6.2069
v  -0.0010 0.9141 6.0923
v  -0.0010 0.9119 6.1253
v  -0.0010 0.9081 6.1588
v  -0.0010 0.9026 6.1926
v  -0.0010 0.8984 6.2140
v  -0.0010 0.8955 6.2207
v  -0.0010 0.8897 6.2265
v  -0.0010 0.8824 6.2294
v  -0.0010 0.8748 6.2298
v  -0.0010 0.8674 6.2283
v  -0.0010 0.8606 6.2239
v  -0.0010 0.8562 6.2171
v  -0.0010 0.8548 6.2097
v  -0.0074 0.9141 6.0917
v  -0.0138 0.9119 6.1241
v  -0.0204 0.9081 6.1569
v  -0.0270 0.9026 6.1900
v  -0.0311 0.8984 6.2110
v  -0.0324 0.8955 6.2176
v  -0.0336 0.8897 6.2233
v  -0.0341 0.8824 6.2262
v  -0.0342 0.8748 6.2265
v  -0.0339 0.8674 6.2251
v  -0.0331 0.8606 6.2207
v  -0.0317 0.8562 6.2141
v  -0.0303 0.8548 6.2069
v  -0.0135 0.9141 6.0898
v  -0.0261 0.9119 6.1204
v  -0.0389 0.9081 6.1513
v  -0.0519 0.9026 6.1825
v  -0.0601 0.8984 6.2022
v  -0.0626 0.8955 6.2084
v  -0.0648 0.8897 6.2138
v  -0.0660 0.8824 6.2165
v  -0.0661 0.8748 6.2168
v  -0.0656 0.8674 6.2155
v  -0.0639 0.8606 6.2114
v  -0.0613 0.8562 6.2051
v  -0.0584 0.8548 6.1983
v  -0.0191 0.9141 6.0868
v  -0.0375 0.9119 6.1143
v  -0.0561 0.9081 6.1421
v  -0.0748 0.9026 6.1702
v  -0.0867 0.8984 6.1880
v  -0.0905 0.8955 6.1936
v  -0.0937 0.8897 6.1984
v  -0.0953 0.8824 6.2008
v  -0.0955 0.8748 6.2011
v  -0.0947 0.8674 6.1999
v  -0.0922 0.8606 6.1962
v  -0.0885 0.8562 6.1906
v  -0.0844 0.8548 6.1845
v  -0.0241 0.9141 6.0828
v  -0.0474 0.9119 6.1061
v  -0.0711 0.9081 6.1298
v  -0.0950 0.9026 6.1537
v  -0.1101 0.8984 6.1688
v  -0.1148 0.8955 6.1736
v  -0.1189 0.8897 6.1777
v  -0.1210 0.8824 6.1797
v  -0.1212 0.8748 6.1800
v  -0.1203 0.8674 6.1790
v  -0.1171 0.8606 6.1758
v  -0.1123 0.8562 6.1710
v  -0.1071 0.8548 6.1658
v  -0.0281 0.9141 6.0778
v  -0.0556 0.9119 6.0962
v  -0.0834 0.9081 6.1148
v  -0.1115 0.9026 6.1335
v  -0.1293 0.8984 6.1454
v  -0.1349 0.8955 6.1492
v  -0.1397 0.8897 6.1524
v  -0.1421 0.8824 6.1540
v  -0.1424 0.8748 6.1542
v  -0.1412 0.8674 6.1534
v  -0.1375 0.8606 6.1509
v  -0.1319 0.8562 6.1472
v  -0.1258 0.8548 6.1431
v  -0.0311 0.9141 6.0722
v  -0.0616 0.9119 6.0849
v  -0.0926 0.9081 6.0977
v  -0.1238 0.9026 6.1106
v  -0.1435 0.8984 6.1188
v  -0.1497 0.8955 6.1213
v  -0.1551 0.8897 6.1236
v  -0.1578 0.8824 6.1247
v  -0.1581 0.8748 6.1248
v  -0.1568 0.8674 6.1243
v  -0.1527 0.8606 6.1226
v  -0.1464 0.8562 6.1200
v  -0.1396 0.8548 6.1172
v  -0.0010 0.9148 6.0598
v  -0.0330 0.9141 6.0661
v  -0.0654 0.9119 6.0725
v  -0.0982 0.9081 6.0791
v  -0.1313 0.9026 6.0857
v  -0.1523 0.8984 6.0898
v  -0.1589 0.8955 6.0911
v  -0.1646 0.8897 6.0923
v  -0.1674 0.8824 6.0928
v  -0.1678 0.8748 6.0929
v  -0.1664 0.8674 6.0926
v  -0.1620 0.8606 6.0918
v  -0.1554 0.8562 6.0904
v  -0.1482 0.8548 6.0890
v  0.0184 0.2252 5.9358
v  -0.0270 0.2252 5.9444
v  -0.0689 0.2252 5.9719
v  -0.0964 0.2252 6.0138
v  -0.1051 0.2252 6.0593
v  -0.0964 0.2252 6.1047
v  -0.0689 0.2252 6.1466
v  -0.0270 0.2252 6.1741
v  0.0184 0.2252 6.1828
v  0.0639 0.2252 6.1741
v  0.1058 0.2252 6.1466
v  0.1333 0.2252 6.1047
v  0.1419 0.2252 6.0593
v  0.1333 0.2252 6.0138
v  0.1058 0.2252 5.9719
v  0.0639 0.2252 5.9444
v  0.0809 0.4142 6.0232
v  0.0809 0.4142 6.0953
v  0.0184 0.4142 6.1314
v  0.0809 0.2892 6.0953
v  -0.0441 0.4142 6.0232
v  -0.0441 0.4142 6.0953
v  0.0184 0.4142 5.9871
v  -0.0441 0.2892 6.0232
v  0.0184 0.2892 6.1193
v  -0.0441 0.2892 6.0953
v  -0.0240 0.2892 6.1017
v  0.0405 0.2892 6.1150
v  0.0184 0.2892 6.1314
v  0.0784 0.2892 6.0593
v  0.0609 0.2892 6.0168
v  0.0809 0.2892 6.0232
v  0.0184 0.2892 5.9993
v  -0.0037 0.2892 6.0035
v  0.0184 0.2892 5.9871
v  -0.0374 0.2892 6.0372
v  0.0184 0.2592 6.1193
v  -0.0037 0.2892 6.1150
v  -0.0037 0.2592 6.1150
v  -0.0374 0.2892 6.0813
v  -0.0374 0.2592 6.0813
v  -0.0416 0.2892 6.0593
v  -0.0240 0.2892 6.0168
v  0.0405 0.2892 6.0035
v  0.0405 0.2592 6.0035
v  0.0742 0.2892 6.0372
v  0.0742 0.2892 6.0813
v  0.0742 0.2592 6.0813
v  0.0609 0.2892 6.1017
v  0.0609 0.2592 6.1017
v  0.0405 0.2592 6.1150
v  0.0784 0.2592 6.0593
v  0.0742 0.2592 6.0372
v  0.0609 0.2592 6.0168
v  0.0184 0.2592 5.9993
v  -0.0037 0.2592 6.0035
v  -0.0240 0.2592 6.0168
v  -0.0374 0.2592 6.0372
v  -0.0416 0.2592 6.0593
v  -0.0240 0.2592 6.1017
v  0.0184 0.2245 6.0593
v  -0.1051 0.3907 6.0593
v  -0.1008 0.3949 6.0593
v  -0.1051 0.3847 6.0593
v  -0.0964 0.3907 6.0138
v  -0.0964 0.3847 6.0138
v  -0.0925 0.3949 6.0154
v  -0.0689 0.3907 6.1466
v  -0.0659 0.3949 6.1436
v  -0.0689 0.3847 6.1466
v  -0.0964 0.3907 6.1047
v  -0.0964 0.3847 6.1047
v  -0.0925 0.3949 6.1032
v  -0.0270 0.3907 6.1741
v  -0.0255 0.3949 6.1701
v  -0.0270 0.3847 6.1741
v  0.0639 0.3907 6.1741
v  0.0623 0.3949 6.1701
v  0.0639 0.3847 6.1741
v  0.0184 0.3907 6.1828
v  0.0184 0.3847 6.1828
v  0.0184 0.3949 6.1785
v  0.1333 0.3907 6.1047
v  0.1293 0.3949 6.1032
v  0.1333 0.3847 6.1047
v  0.1058 0.3907 6.1466
v  0.1058 0.3847 6.1466
v  0.1028 0.3949 6.1436
v  0.1333 0.3907 6.0138
v  0.1293 0.3949 6.0154
v  0.1333 0.3847 6.0138
v  0.1419 0.3907 6.0593
v  0.1419 0.3847 6.0593
v  0.1377 0.3949 6.0593
v  0.0639 0.3907 5.9444
v  0.0623 0.3949 5.9484
v  0.0639 0.3847 5.9444
v  0.1058 0.3907 5.9719
v  0.1058 0.3847 5.9719
v  0.1028 0.3949 5.9749
v  0.0184 0.3907 5.9358
v  0.0184 0.3949 5.9400
v  0.0184 0.3847 5.9358
v  0.0184 0.4142 5.9593
v  0.0184 0.4142 5.9653
v  0.0184 0.4099 5.9550
v  0.0552 0.4142 5.9663
v  0.0568 0.4099 5.9623
v  0.0500 0.4142 5.9692
v  -0.0270 0.3907 5.9444
v  -0.0255 0.3949 5.9484
v  -0.0270 0.3847 5.9444
v  -0.0689 0.3907 5.9719
v  -0.0659 0.3949 5.9749
v  -0.0689 0.3847 5.9719
v  -0.0745 0.4142 6.0225
v  -0.0686 0.4142 6.0226
v  -0.0785 0.4099 6.0209
v  -0.0523 0.4142 5.9886
v  -0.0553 0.4099 5.9856
v  -0.0509 0.4142 5.9944
v  -0.0816 0.4142 6.0593
v  -0.0772 0.4142 6.0634
v  -0.0858 0.4099 6.0593
v  -0.0745 0.4142 6.0961
v  -0.0686 0.4142 6.0959
v  -0.0785 0.4099 6.0976
v  -0.0523 0.4142 6.1300
v  -0.0509 0.4142 6.1241
v  -0.0553 0.4099 6.1330
v  -0.0184 0.4142 6.1522
v  -0.0132 0.4142 6.1493
v  -0.0199 0.4099 6.1562
v  0.0891 0.4142 6.1300
v  0.0878 0.4142 6.1241
v  0.0921 0.4099 6.1330
v  0.0552 0.4142 6.1522
v  0.0568 0.4099 6.1562
v  0.0500 0.4142 6.1493
v  0.1114 0.4142 6.0961
v  0.1054 0.4142 6.0959
v  0.1154 0.4099 6.0976
v  0.1184 0.4142 6.0593
v  0.1141 0.4142 6.0551
v  0.1227 0.4099 6.0593
v  0.1114 0.4142 6.0225
v  0.1054 0.4142 6.0226
v  0.1154 0.4099 6.0209
v  0.0891 0.4142 5.9886
v  0.0921 0.4099 5.9856
v  0.0878 0.4142 5.9944
v  -0.0184 0.4142 5.9663
v  -0.0132 0.4142 5.9692
v  -0.0199 0.4099 5.9623
v  0.0184 0.4142 6.1593
v  0.0184 0.4142 6.1533
v  0.0184 0.4099 6.1635
v  0.2715 -5.4176 2.6831
v  0.2669 -5.4580 2.7114
v  0.2524 -5.4994 2.7404
v  0.2272 -5.5392 2.7682
v  0.1919 -5.5748 2.7931
v  0.1485 -5.6037 2.8134
v  0.0999 -5.6243 2.8278
v  0.0494 -5.6362 2.8362
v  0.0000 -5.6399 2.8388
v  -0.0494 -5.6362 2.8362
v  -0.0999 -5.6243 2.8278
v  -0.1485 -5.6037 2.8134
v  -0.1919 -5.5748 2.7931
v  -0.2272 -5.5392 2.7682
v  -0.2524 -5.4994 2.7404
v  -0.2669 -5.4580 2.7114
v  -0.2715 -5.4176 2.6831
v  -0.2669 -5.3771 2.6547
v  -0.2524 -5.3357 2.6258
v  -0.2272 -5.2959 2.5979
v  -0.1919 -5.2603 2.5730
v  -0.1485 -5.2315 2.5527
v  -0.0999 -5.2108 2.5383
v  -0.0494 -5.1989 2.5299
v  0.0000 -5.1952 2.5274
v  0.0494 -5.1989 2.5299
v  0.0999 -5.2108 2.5383
v  0.1485 -5.2315 2.5527
v  0.1919 -5.2603 2.5730
v  0.2272 -5.2959 2.5979
v  0.2524 -5.3357 2.6258
v  0.2669 -5.3771 2.6547
v  0.0000 -5.4176 2.6831
v  0.4022 -5.2770 2.8883
v  0.3949 -5.2770 2.8883
v  0.4023 -5.2812 2.8823
v  0.3955 -5.3349 2.9288
v  0.3956 -5.3391 2.9228
v  0.3883 -5.3337 2.9281
v  0.3740 -5.3962 2.9717
v  0.3740 -5.4004 2.9658
v  0.3672 -5.3940 2.9702
v  0.3367 -5.4552 3.0131
v  0.3367 -5.4594 3.0071
v  0.3305 -5.4519 3.0108
v  0.2844 -5.5079 3.0500
v  0.2844 -5.5121 3.0440
v  0.2792 -5.5036 3.0470
v  0.2201 -5.5507 3.0799
v  0.2201 -5.5549 3.0740
v  0.2161 -5.5456 3.0764
v  0.1481 -5.5813 3.1013
v  0.1480 -5.5855 3.0954
v  0.1454 -5.5757 3.0974
v  0.0732 -5.5989 3.1137
v  0.0732 -5.6031 3.1077
v  0.0719 -5.5930 3.1096
v  0.0000 -5.6044 3.1175
v  -0.0000 -5.6086 3.1116
v  0.0000 -5.5984 3.1133
v  -0.0732 -5.5989 3.1137
v  -0.0732 -5.6031 3.1077
v  -0.0719 -5.5930 3.1096
v  -0.1481 -5.5813 3.1013
v  -0.1481 -5.5855 3.0954
v  -0.1454 -5.5756 3.0974
v  -0.2201 -5.5507 3.0799
v  -0.2202 -5.5549 3.0739
v  -0.2161 -5.5456 3.0764
v  -0.2844 -5.5079 3.0500
v  -0.2845 -5.5121 3.0440
v  -0.2792 -5.5036 3.0470
v  -0.3367 -5.4552 3.0131
v  -0.3367 -5.4594 3.0071
v  -0.3305 -5.4519 3.0108
v  -0.3740 -5.3962 2.9717
v  -0.3740 -5.4003 2.9657
v  -0.3672 -5.3939 2.9702
v  -0.3955 -5.3348 2.9288
v  -0.3956 -5.3390 2.9228
v  -0.3883 -5.3337 2.9280
v  -0.4022 -5.2749 2.8868
v  -0.4023 -5.2791 2.8808
v  -0.3949 -5.2749 2.8868
v  -0.3955 -5.2149 2.8448
v  -0.3955 -5.2191 2.8388
v  -0.3883 -5.2160 2.8456
v  -0.3740 -5.1536 2.8019
v  -0.3740 -5.1578 2.7959
v  -0.3672 -5.1558 2.8035
v  -0.3367 -5.0946 2.7606
v  -0.3367 -5.0987 2.7545
v  -0.3305 -5.0979 2.7629
v  -0.2844 -5.0419 2.7237
v  -0.2844 -5.0461 2.7177
v  -0.2792 -5.0461 2.7267
v  -0.2201 -4.9991 2.6937
v  -0.2201 -5.0033 2.6877
v  -0.2161 -5.0041 2.6972
v  -0.1481 -4.9685 2.6723
v  -0.1480 -4.9727 2.6663
v  -0.1453 -4.9741 2.6762
v  -0.0732 -4.9509 2.6599
v  -0.0732 -4.9551 2.6539
v  -0.0718 -4.9568 2.6641
v  0.0000 -4.9454 2.6561
v  0.0000 -4.9496 2.6501
v  0.0000 -4.9514 2.6603
v  0.0732 -4.9509 2.6599
v  0.0732 -4.9551 2.6539
v  0.0719 -4.9568 2.6641
v  0.1481 -4.9685 2.6723
v  0.1481 -4.9727 2.6663
v  0.1454 -4.9741 2.6762
v  0.2201 -4.9991 2.6937
v  0.2202 -5.0033 2.6877
v  0.2161 -5.0041 2.6973
v  0.2844 -5.0419 2.7237
v  0.2845 -5.0461 2.7177
v  0.2792 -5.0461 2.7267
v  0.3367 -5.0946 2.7606
v  0.3367 -5.0988 2.7546
v  0.3305 -5.0979 2.7629
v  0.3740 -5.1536 2.8019
v  0.3741 -5.1578 2.7959
v  0.3672 -5.1558 2.8035
v  0.3955 -5.2149 2.8448
v  0.3956 -5.2192 2.8389
v  0.3883 -5.2160 2.8456
v  0.0184 0.8250 6.1993
v  0.0184 0.8368 6.1915
v  0.0184 0.8250 6.1342
v  0.0184 0.7992 6.1342
v  0.0184 0.7873 6.1420
v  0.0184 0.7795 6.1539
v  0.0184 0.7795 6.1796
v  0.1509 0.8121 6.1117
v  0.1609 0.8121 6.0593
v  0.1192 0.8121 5.9585
v  0.0709 0.8121 5.9268
v  -0.0340 0.8121 5.9268
v  -0.0823 0.8121 5.9585
v  -0.1141 0.8121 6.0068
v  -0.1241 0.8121 6.0593
v  0.0184 0.8121 6.2018
v  0.0184 0.7992 6.1993
v  0.0184 0.7873 6.1915
v  0.0184 0.7771 6.1668
v  0.0184 0.8121 6.1318
v  -0.0340 0.8121 6.1918
v  -0.0823 0.8121 6.1600
v  -0.1141 0.8121 6.1117
v  0.0184 0.8121 5.9168
v  0.1509 0.8121 6.0068
v  0.1192 0.8121 6.1600
v  0.0709 0.8121 6.1918
v  0.1175 0.8250 6.1583
v  0.0700 0.8250 6.1895
v  0.0671 0.8368 6.1822
v  0.0460 0.8250 6.1290
v  0.0451 0.8121 6.1267
v  0.0460 0.7992 6.1290
v  0.0489 0.7873 6.1362
v  0.0533 0.7795 6.1472
v  0.0580 0.7771 6.1592
v  0.0627 0.7795 6.1712
v  0.0671 0.7873 6.1822
v  0.0700 0.7992 6.1895
v  0.1175 0.7992 6.1583
v  0.1486 0.7992 6.1108
v  0.1585 0.7992 6.0593
v  0.1486 0.7992 6.0077
v  0.1175 0.7992 5.9602
v  0.0700 0.7992 5.9291
v  0.0184 0.7992 5.9192
v  -0.0331 0.7992 5.9291
v  -0.0806 0.7992 5.9602
v  -0.1118 0.7992 6.0077
v  -0.1216 0.7992 6.0593
v  -0.1118 0.7992 6.1108
v  -0.0806 0.7992 6.1583
v  -0.0331 0.7992 6.1895
v  -0.0302 0.7873 6.1822
v  -0.0259 0.7795 6.1712
v  -0.0211 0.7771 6.1592
v  -0.0164 0.7795 6.1472
v  -0.0120 0.7873 6.1362
v  -0.0092 0.7992 6.1290
v  -0.0083 0.8121 6.1267
v  -0.0092 0.8250 6.1290
v  -0.0302 0.8368 6.1822
v  -0.0331 0.8250 6.1895
v  -0.0806 0.8250 6.1583
v  -0.1118 0.8250 6.1108
v  -0.1216 0.8250 6.0593
v  -0.1118 0.8250 6.0077
v  -0.0806 0.8250 5.9602
v  -0.0331 0.8250 5.9291
v  0.0184 0.8250 5.9192
v  0.0700 0.8250 5.9291
v  0.1175 0.8250 5.9602
v  0.1486 0.8250 6.0077
v  0.1585 0.8250 6.0593
v  0.1486 0.8250 6.1108
v  -0.0751 0.8368 6.1528
v  -0.0346 0.8250 6.1123
v  -0.0328 0.8121 6.1105
v  -0.0346 0.7992 6.1123
v  -0.0401 0.7873 6.1178
v  -0.0485 0.7795 6.1262
v  -0.0576 0.7771 6.1353
v  -0.0667 0.7795 6.1444
v  -0.0751 0.7873 6.1528
v  -0.1045 0.8368 6.1079
v  -0.1138 0.8368 6.0593
v  -0.0513 0.8250 6.0869
v  -0.0490 0.8121 6.0859
v  -0.0565 0.8250 6.0593
v  -0.0541 0.8121 6.0593
v  -0.0513 0.7992 6.0869
v  -0.0585 0.7873 6.0897
v  -0.0565 0.7992 6.0593
v  -0.0643 0.7873 6.0593
v  -0.0695 0.7795 6.0941
v  -0.0815 0.7771 6.0988
v  -0.0762 0.7795 6.0593
v  -0.0891 0.7771 6.0593
v  -0.0935 0.7795 6.1036
v  -0.1045 0.7873 6.1079
v  -0.1020 0.7795 6.0593
v  -0.1138 0.7873 6.0593
v  -0.1045 0.8368 6.0106
v  -0.0751 0.8368 5.9657
v  -0.0513 0.8250 6.0317
v  -0.0490 0.8121 6.0326
v  -0.0346 0.8250 6.0063
v  -0.0328 0.8121 6.0080
v  -0.0513 0.7992 6.0317
v  -0.0585 0.7873 6.0288
v  -0.0346 0.7992 6.0063
v  -0.0401 0.7873 6.0007
v  -0.0695 0.7795 6.0244
v  -0.0815 0.7771 6.0197
v  -0.0485 0.7795 5.9924
v  -0.0576 0.7771 5.9832
v  -0.0935 0.7795 6.0149
v  -0.1045 0.7873 6.0106
v  -0.0667 0.7795 5.9741
v  -0.0751 0.7873 5.9657
v  -0.0302 0.8368 5.9363
v  0.0184 0.8368 5.9270
v  -0.0092 0.8250 5.9896
v  -0.0083 0.8121 5.9919
v  0.0184 0.8250 5.9843
v  0.0184 0.8121 5.9868
v  -0.0092 0.7992 5.9896
v  -0.0120 0.7873 5.9823
v  0.0184 0.7992 5.9843
v  0.0184 0.7873 5.9765
v  -0.0164 0.7795 5.9713
v  -0.0211 0.7771 5.9593
v  0.0184 0.7795 5.9646
v  0.0184 0.7771 5.9518
v  -0.0259 0.7795 5.9473
v  -0.0302 0.7873 5.9363
v  0.0184 0.7795 5.9389
v  0.0184 0.7873 5.9270
v  0.0671 0.8368 5.9363
v  0.1119 0.8368 5.9657
v  0.0460 0.8250 5.9896
v  0.0451 0.8121 5.9919
v  0.0714 0.8250 6.0063
v  0.0697 0.8121 6.0080
v  0.0460 0.7992 5.9896
v  0.0489 0.7873 5.9823
v  0.0714 0.7992 6.0063
v  0.0769 0.7873 6.0007
v  0.0533 0.7795 5.9713
v  0.0580 0.7771 5.9593
v  0.0853 0.7795 5.9924
v  0.0944 0.7771 5.9832
v  0.0627 0.7795 5.9473
v  0.0671 0.7873 5.9363
v  0.1036 0.7795 5.9741
v  0.1119 0.7873 5.9657
v  0.1414 0.8368 6.0106
v  0.1507 0.8368 6.0593
v  0.0881 0.8250 6.0317
v  0.0858 0.8121 6.0326
v  0.0934 0.8250 6.0593
v  0.0909 0.8121 6.0593
v  0.0881 0.7992 6.0317
v  0.0954 0.7873 6.0288
v  0.0934 0.7992 6.0593
v  0.1012 0.7873 6.0593
v  0.1064 0.7795 6.0244
v  0.1184 0.7771 6.0197
v  0.1130 0.7795 6.0593
v  0.1259 0.7771 6.0593
v  0.1304 0.7795 6.0149
v  0.1414 0.7873 6.0106
v  0.1388 0.7795 6.0593
v  0.1507 0.7873 6.0593
v  0.1414 0.8368 6.1079
v  0.1119 0.8368 6.1528
v  0.0881 0.8250 6.0869
v  0.0858 0.8121 6.0859
v  0.0714 0.8250 6.1123
v  0.0697 0.8121 6.1105
v  0.0881 0.7992 6.0869
v  0.0954 0.7873 6.0897
v  0.0714 0.7992 6.1123
v  0.0769 0.7873 6.1178
v  0.1064 0.7795 6.0941
v  0.1184 0.7771 6.0988
v  0.0853 0.7795 6.1262
v  0.0944 0.7771 6.1353
v  0.1304 0.7795 6.1036
v  0.1414 0.7873 6.1079
v  0.1036 0.7795 6.1444
v  0.1119 0.7873 6.1528
v  -0.2593 0.1957 6.1512
v  -0.2907 0.1397 6.1512
v  -0.3119 0.0776 6.1511
v  -0.3204 0.0100 6.1512
v  -0.3150 -0.0602 6.1514
v  -0.2958 -0.1257 6.1513
v  -0.2639 -0.1859 6.1514
v  -0.2213 -0.2383 6.1514
v  -0.1743 -0.2773 6.1512
v  -0.1209 -0.3072 6.1512
v  -0.0523 -0.3297 6.1512
v  -0.3095 0.2288 6.2129
v  -0.3438 0.1661 6.2129
v  -0.3677 0.0904 6.2129
v  -0.3794 0.0104 6.2129
v  -0.3739 -0.0711 6.2129
v  -0.3493 -0.1490 6.2129
v  -0.3118 -0.2186 6.2129
v  -0.2637 -0.2803 6.2129
v  -0.2084 -0.3263 6.2129
v  -0.1452 -0.3615 6.2129
v  -0.0647 -0.3869 6.2129
v  -0.2750 0.2041 6.1917
v  -0.3069 0.1473 6.1917
v  -0.3290 0.0819 6.1917
v  -0.3380 0.0105 6.1917
v  -0.3323 -0.0627 6.1917
v  -0.3117 -0.1332 6.1917
v  -0.2780 -0.1968 6.1917
v  -0.2342 -0.2502 6.1917
v  -0.1842 -0.2919 6.1917
v  -0.1275 -0.3239 6.1917
v  -0.0557 -0.3471 6.1917
v  -0.2213 0.2412 6.1514
v  -0.2631 0.2833 6.2129
v  -0.2332 0.2541 6.1917
v  -0.1840 0.2731 6.1524
v  -0.1913 0.2871 6.1899
v  -0.2144 0.3247 6.2129
v  -0.2467 0.1910 5.7781
v  -0.2773 0.1377 5.7781
v  -0.2980 0.0783 5.7781
v  -0.3070 0.0135 5.7782
v  -0.3027 -0.0541 5.7782
v  -0.2851 -0.1175 5.7782
v  -0.2549 -0.1761 5.7782
v  -0.2140 -0.2271 5.7783
v  -0.1688 -0.2653 5.7783
v  -0.1170 -0.2946 5.7783
v  -0.0504 -0.3168 5.7783
v  -0.2099 0.2340 5.7781
v  -0.1814 0.2704 6.0536
v  -0.1515 0.3227 6.0538
v  -0.1549 0.3247 6.1507
v  -0.1766 0.3240 6.1954
v  -0.1614 0.2729 5.9346
v  -0.1231 0.3327 5.9652
v  -0.0847 0.3318 5.9244
v  -0.1212 0.2719 5.8772
v  -0.1758 0.2709 5.9966
v  -0.1445 0.3248 6.0112
v  -0.0344 0.3306 5.8977
v  -0.0539 0.2708 5.8442
v  0.0184 0.2704 5.8321
v  0.0184 0.3443 5.8894
v  -0.0347 0.3442 5.8978
v  -0.0848 0.3450 5.9244
v  -0.1237 0.3461 5.9661
v  -0.1446 0.3477 6.0112
v  -0.1515 0.3485 6.0535
v  -0.1549 0.3518 6.1514
v  -0.1751 0.3522 6.1941
v  -0.2142 0.3523 6.2129
v  -0.0208 0.3844 5.9334
v  -0.0597 0.3851 5.9538
v  -0.0913 0.3863 5.9873
v  -0.1066 0.3875 6.0233
v  -0.1120 0.3885 6.0535
v  -0.1156 0.3919 6.1508
v  -0.1149 0.4107 6.1928
v  -0.1155 0.4509 6.2129
v  -0.0308 0.3709 5.9072
v  -0.0778 0.3718 5.9320
v  -0.1152 0.3730 5.9719
v  -0.1344 0.3746 6.0144
v  -0.1409 0.3755 6.0527
v  -0.1445 0.3789 6.1523
v  -0.1576 0.3924 6.1929
v  -0.1861 0.4229 6.2129
v  -0.1589 0.2935 6.0541
v  -0.1624 0.2954 6.1523
v  -0.1804 0.3037 6.1937
v  -0.1316 0.2955 5.9558
v  -0.0944 0.2916 5.9117
v  -0.1523 0.2937 6.0061
v  -0.0399 0.2908 5.8834
v  0.0184 0.2902 5.8738
v  -0.0192 0.3846 5.9412
v  -0.0568 0.3853 5.9601
v  -0.0871 0.3864 5.9908
v  -0.1036 0.3876 6.0253
v  -0.1096 0.3886 6.0545
v  -0.0752 0.3920 6.1514
v  -0.1007 0.3906 6.1107
v  -0.0370 0.4003 6.1797
v  0.0184 0.3729 5.9473
v  -0.0164 0.3731 5.9528
v  -0.0504 0.3731 5.9708
v  -0.0757 0.3732 5.9981
v  -0.0897 0.3730 6.0298
v  -0.0937 0.3731 6.0593
v  -0.0861 0.3733 6.1004
v  -0.0370 0.3934 6.1794
v  -0.0610 0.3730 6.1384
v  -0.0285 0.3732 6.1611
v  0.0184 0.3729 6.1713
v  -0.1868 0.2548 5.7780
v  -0.1485 0.2685 5.7789
v  -0.1212 0.2685 5.7782
v  -0.1690 0.2649 5.7783
v  -0.0540 0.2684 5.7778
v  -0.0445 -0.2875 5.7493
v  -0.1055 -0.2668 5.7493
v  -0.1526 -0.2403 5.7493
v  -0.1938 -0.2046 5.7493
v  -0.2316 -0.1567 5.7493
v  -0.2570 -0.1062 5.7493
v  -0.2728 -0.0492 5.7493
v  -0.2773 0.0124 5.7493
v  -0.2693 0.0694 5.7493
v  -0.2482 0.1294 5.7493
v  -0.2222 0.1729 5.7493
v  -0.1890 0.2125 5.7493
v  -0.1588 0.2370 5.7493
v  -0.1242 0.2386 5.7493
v  -0.0527 0.2383 5.7493
v  -0.0489 -0.3085 5.7584
v  -0.1140 -0.2868 5.7584
v  -0.1644 -0.2581 5.7586
v  -0.2085 -0.2205 5.7585
v  -0.2486 -0.1702 5.7586
v  -0.2771 -0.1142 5.7585
v  -0.2942 -0.0527 5.7585
v  -0.2986 0.0132 5.7585
v  -0.2900 0.0756 5.7584
v  -0.2688 0.1359 5.7584
v  -0.2397 0.1858 5.7584
v  -0.2040 0.2278 5.7584
v  -0.1812 0.2484 5.7584
v  -0.1660 0.2571 5.7586
v  -0.1485 0.2603 5.7587
v  -0.1225 0.2601 5.7585
v  -0.0534 0.2599 5.7583
v  0.0184 -0.3373 6.1512
v  0.0184 -0.3961 6.2129
v  0.0184 -0.3550 6.1917
v  0.0184 0.4102 6.1923
v  0.0184 -0.2942 5.7493
v  0.0184 0.2384 5.7493
v  0.0184 -0.3157 5.7585
v  0.3463 0.2288 6.2129
v  0.3000 0.2833 6.2129
v  0.2700 0.2541 6.1917
v  0.3118 0.2041 6.1917
v  0.3438 0.1473 6.1917
v  0.3806 0.1661 6.2129
v  0.4045 0.0904 6.2129
v  0.3658 0.0819 6.1917
v  0.4162 0.0104 6.2129
v  0.3749 0.0105 6.1917
v  0.4108 -0.0711 6.2129
v  0.3692 -0.0627 6.1917
v  0.3862 -0.1490 6.2129
v  0.3486 -0.1332 6.1917
v  0.3487 -0.2186 6.2129
v  0.3149 -0.1968 6.1917
v  0.3005 -0.2803 6.2129
v  0.2711 -0.2502 6.1917
v  0.2452 -0.3263 6.2129
v  0.2211 -0.2919 6.1917
v  0.1821 -0.3615 6.2129
v  0.1643 -0.3239 6.1917
v  0.1016 -0.3869 6.2129
v  0.0926 -0.3471 6.1917
v  0.2582 0.2412 6.1514
v  0.2962 0.1957 6.1512
v  0.3275 0.1397 6.1512
v  0.3488 0.0776 6.1511
v  0.3573 0.0100 6.1512
v  0.3518 -0.0602 6.1514
v  0.3327 -0.1257 6.1513
v  0.3007 -0.1859 6.1514
v  0.2582 -0.2383 6.1514
v  0.2112 -0.2773 6.1512
v  0.1577 -0.3072 6.1512
v  0.0892 -0.3297 6.1512
v  0.2281 0.2871 6.1899
v  0.2209 0.2731 6.1524
v  0.2512 0.3247 6.2129
v  0.2468 0.2340 5.7781
v  0.2836 0.1910 5.7781
v  0.3142 0.1377 5.7781
v  0.3349 0.0783 5.7781
v  0.3439 0.0135 5.7782
v  0.3395 -0.0541 5.7782
v  0.3219 -0.1175 5.7782
v  0.2918 -0.1761 5.7782
v  0.2508 -0.2271 5.7783
v  0.2057 -0.2653 5.7783
v  0.1539 -0.2946 5.7783
v  0.0873 -0.3168 5.7783
v  0.2182 0.2704 6.0536
v  0.2236 0.2548 5.7780
v  0.1993 0.2954 6.1523
v  0.1957 0.2935 6.0541
v  0.2173 0.3037 6.1937
v  0.1892 0.2937 6.0061
v  0.2126 0.2709 5.9966
v  0.1216 0.3318 5.9244
v  0.1312 0.2916 5.9117
v  0.1685 0.2955 5.9558
v  0.1600 0.3327 5.9652
v  0.1813 0.3248 6.0112
v  0.0713 0.3306 5.8977
v  0.0767 0.2908 5.8834
v  0.0184 0.3295 5.8893
v  0.0716 0.3442 5.8978
v  0.1216 0.3450 5.9244
v  0.1606 0.3461 5.9661
v  0.1814 0.3477 6.0112
v  0.1883 0.3227 6.0538
v  0.1883 0.3485 6.0535
v  0.1917 0.3247 6.1507
v  0.1918 0.3518 6.1514
v  0.2134 0.3240 6.1954
v  0.2120 0.3522 6.1941
v  0.2510 0.3523 6.2129
v  0.0676 0.3709 5.9072
v  0.0184 0.3710 5.8997
v  0.1147 0.3718 5.9320
v  0.1520 0.3730 5.9719
v  0.1712 0.3746 6.0144
v  0.1778 0.3755 6.0527
v  0.1814 0.3789 6.1523
v  0.1944 0.3924 6.1929
v  0.2230 0.4229 6.2129
v  0.0577 0.3844 5.9334
v  0.0184 0.3842 5.9281
v  0.0966 0.3851 5.9538
v  0.1282 0.3863 5.9873
v  0.1435 0.3875 6.0233
v  0.1489 0.3885 6.0535
v  0.1524 0.3919 6.1508
v  0.1518 0.4107 6.1928
v  0.1524 0.4509 6.2129
v  0.1580 0.2719 5.8772
v  0.1983 0.2729 5.9346
v  0.0908 0.2708 5.8442
v  0.0184 0.4521 6.2129
v  0.0560 0.3846 5.9412
v  0.0184 0.3844 5.9355
v  0.0937 0.3853 5.9601
v  0.1240 0.3864 5.9908
v  0.1405 0.3876 6.0253
v  0.1464 0.3886 6.0545
v  0.1121 0.3920 6.1514
v  0.1376 0.3906 6.1107
v  0.0738 0.4003 6.1797
v  0.0533 0.3731 5.9528
v  0.0873 0.3731 5.9708
v  0.1126 0.3732 5.9981
v  0.1266 0.3730 6.0298
v  0.1306 0.3731 6.0593
v  0.1230 0.3733 6.1004
v  0.0978 0.3730 6.1384
v  0.0184 0.3934 6.1918
v  0.0739 0.3934 6.1794
v  0.0653 0.3732 6.1611
v  0.1854 0.2685 5.7789
v  0.2059 0.2649 5.7783
v  0.1580 0.2685 5.7782
v  0.0908 0.2684 5.7778
v  0.0184 0.2684 5.7776
v  0.1508 -0.2868 5.7584
v  0.0857 -0.3085 5.7584
v  0.2012 -0.2581 5.7586
v  0.2454 -0.2205 5.7585
v  0.2854 -0.1702 5.7586
v  0.3139 -0.1142 5.7585
v  0.3310 -0.0527 5.7585
v  0.3355 0.0132 5.7585
v  0.3268 0.0756 5.7584
v  0.3057 0.1359 5.7584
v  0.2766 0.1858 5.7584
v  0.2409 0.2278 5.7584
v  0.2180 0.2484 5.7584
v  0.2028 0.2571 5.7585
v  0.1853 0.2603 5.7587
v  0.1593 0.2601 5.7585
v  0.0903 0.2599 5.7583
v  0.0184 0.2598 5.7582
v  0.0814 -0.2875 5.7493
v  0.1424 -0.2668 5.7493
v  0.1895 -0.2403 5.7493
v  0.2307 -0.2046 5.7493
v  0.2685 -0.1567 5.7493
v  0.2939 -0.1062 5.7493
v  0.3097 -0.0492 5.7493
v  0.3142 0.0124 5.7493
v  0.3062 0.0694 5.7493
v  0.2850 0.1294 5.7493
v  0.2590 0.1729 5.7493
v  0.2258 0.2125 5.7493
v  0.1956 0.2370 5.7493
v  0.1611 0.2386 5.7493
v  0.0896 0.2383 5.7493
v  0.0184 -0.3242 5.7783
v  0.0184 0.0245 5.7493
v  0.0008 -0.8726 6.2758
v  0.0008 -0.8484 6.2849
v  0.0008 0.8012 6.2795
v  0.0008 0.5666 6.2714
v  0.0008 0.5111 6.2771
v  0.0008 0.3274 6.3738
v  0.0008 0.2819 6.4298
v  0.0008 0.2250 6.6152
v  0.0008 0.2008 6.8599
v  0.1725 0.8677 6.2562
v  0.1707 0.8584 6.2768
v  0.1658 0.8337 6.2846
v  0.1563 0.7859 6.2795
v  0.1330 0.6687 6.2719
v  0.1105 0.5557 6.2714
v  0.0996 0.5013 6.2771
v  0.0869 0.4374 6.2959
v  0.0748 0.3764 6.3289
v  0.0638 0.3211 6.3738
v  0.0549 0.2765 6.4298
v  0.0486 0.2447 6.4924
v  0.0449 0.2264 6.5576
v  0.0438 0.2207 6.6152
v  0.0427 0.2151 6.8473
v  0.0418 0.2108 6.8540
v  0.0405 0.2041 6.8585
v  0.0391 0.1969 6.8599
v  0.3384 0.8175 6.2562
v  0.3348 0.8087 6.2769
v  0.3251 0.7854 6.2846
v  0.3064 0.7403 6.2795
v  0.2607 0.6299 6.2719
v  0.2166 0.5235 6.2714
v  0.1954 0.4722 6.2771
v  0.1704 0.4121 6.2959
v  0.1466 0.3546 6.3290
v  0.1251 0.3025 6.3738
v  0.1077 0.2606 6.4298
v  0.0952 0.2306 6.4924
v  0.0881 0.2133 6.5576
v  0.0859 0.2079 6.6152
v  0.0837 0.2027 6.8473
v  0.0820 0.1986 6.8540
v  0.0794 0.1923 6.8585
v  0.0766 0.1855 6.8599
v  0.4914 0.7360 6.2562
v  0.4860 0.7280 6.2769
v  0.4719 0.7070 6.2846
v  0.4448 0.6663 6.2795
v  0.3784 0.5670 6.2719
v  0.3144 0.4712 6.2714
v  0.2836 0.4251 6.2771
v  0.2474 0.3710 6.2959
v  0.2126 0.3189 6.3283
v  0.1815 0.2724 6.3738
v  0.1563 0.2346 6.4298
v  0.1382 0.2076 6.4924
v  0.1278 0.1920 6.5576
v  0.1246 0.1872 6.6152
v  0.1215 0.1825 6.8473
v  0.1190 0.1788 6.8540
v  0.1152 0.1732 6.8585
v  0.1112 0.1671 6.8599
v  0.6255 0.6262 6.2562
v  0.6185 0.6192 6.2769
v  0.6006 0.6013 6.2846
v  0.5661 0.5668 6.2796
v  0.4816 0.4823 6.2719
v  0.4001 0.4009 6.2714
v  0.3609 0.3617 6.2771
v  0.3149 0.3156 6.2959
v  0.2706 0.2713 6.3283
v  0.2310 0.2318 6.3738
v  0.1989 0.1996 6.4298
v  0.1759 0.1767 6.4924
v  0.1627 0.1634 6.5576
v  0.1586 0.1593 6.6152
v  0.1546 0.1553 6.8473
v  0.1514 0.1522 6.8540
v  0.1467 0.1474 6.8585
v  0.1415 0.1422 6.8599
v  0.7354 0.4921 6.2562
v  0.7273 0.4867 6.2770
v  0.7063 0.4726 6.2846
v  0.6656 0.4455 6.2794
v  0.5663 0.3791 6.2719
v  0.4705 0.3151 6.2714
v  0.4244 0.2843 6.2771
v  0.3702 0.2482 6.2959
v  0.3181 0.2134 6.3283
v  0.2716 0.1823 6.3738
v  0.2338 0.1570 6.4298
v  0.2068 0.1390 6.4924
v  0.1913 0.1286 6.5576
v  0.1865 0.1254 6.6152
v  0.1818 0.1222 6.8473
v  0.1781 0.1198 6.8540
v  0.1724 0.1160 6.8585
v  0.1663 0.1119 6.8599
v  0.8171 0.3392 6.2562
v  0.8082 0.3355 6.2770
v  0.7847 0.3258 6.2846
v  0.7396 0.3071 6.2794
v  0.6292 0.2614 6.2719
v  0.5228 0.2173 6.2714
v  0.4715 0.1961 6.2771
v  0.4114 0.1712 6.2959
v  0.3535 0.1472 6.3283
v  0.3018 0.1258 6.3738
v  0.2598 0.1084 6.4298
v  0.2298 0.0960 6.4924
v  0.2125 0.0889 6.5576
v  0.2072 0.0866 6.6152
v  0.2020 0.0845 6.8473
v  0.1978 0.0828 6.8540
v  0.1916 0.0802 6.8585
v  0.1848 0.0774 6.8599
v  0.8673 0.1733 6.2562
v  0.8579 0.1715 6.2770
v  0.8331 0.1665 6.2846
v  0.7852 0.1570 6.2794
v  0.6679 0.1337 6.2719
v  0.5550 0.1112 6.2714
v  0.5006 0.1004 6.2771
v  0.4367 0.0877 6.2959
v  0.3752 0.0755 6.3283
v  0.3204 0.0646 6.3738
v  0.2758 0.0557 6.4298
v  0.2440 0.0494 6.4924
v  0.2256 0.0457 6.5576
v  0.2200 0.0446 6.6152
v  0.2144 0.0435 6.8473
v  0.2100 0.0426 6.8540
v  0.2034 0.0413 6.8585
v  0.1962 0.0399 6.8599
v  0.8746 0.0008 6.2769
v  0.8494 0.0008 6.2846
v  0.8005 0.0008 6.2795
v  0.6810 0.0008 6.2719
v  0.5658 0.0008 6.2714
v  0.5104 0.0009 6.2771
v  0.4453 0.0009 6.2959
v  0.3826 0.0009 6.3283
v  0.3267 0.0009 6.3738
v  0.2812 0.0009 6.4298
v  0.2488 0.0009 6.4924
v  0.2301 0.0009 6.5576
v  0.2243 0.0009 6.6152
v  0.2186 0.0009 6.8473
v  0.2142 0.0009 6.8540
v  0.2074 0.0009 6.8585
v  0.2000 0.0009 6.8599
v  0.8670 -0.1716 6.2562
v  0.8578 -0.1698 6.2768
v  0.8330 -0.1649 6.2846
v  0.7851 -0.1553 6.2795
v  0.6679 -0.1320 6.2719
v  0.5550 -0.1095 6.2714
v  0.5006 -0.0987 6.2771
v  0.4367 -0.0860 6.2959
v  0.3753 -0.0738 6.3283
v  0.3204 -0.0628 6.3738
v  0.2758 -0.0540 6.4298
v  0.2440 -0.0476 6.4924
v  0.2256 -0.0440 6.5576
v  0.2200 -0.0429 6.6152
v  0.2144 -0.0418 6.8473
v  0.2100 -0.0409 6.8540
v  0.2034 -0.0396 6.8585
v  0.1962 -0.0381 6.8599
v  0.8165 -0.3373 6.2561
v  0.8079 -0.3338 6.2767
v  0.7847 -0.3242 6.2847
v  0.7396 -0.3055 6.2795
v  0.6292 -0.2597 6.2719
v  0.5228 -0.2156 6.2714
v  0.4715 -0.1944 6.2771
v  0.4114 -0.1695 6.2959
v  0.3535 -0.1455 6.3283
v  0.3018 -0.1241 6.3738
v  0.2598 -0.1067 6.4298
v  0.2299 -0.0943 6.4924
v  0.2126 -0.0871 6.5576
v  0.2072 -0.0849 6.6152
v  0.2020 -0.0827 6.8473
v  0.1979 -0.0810 6.8540
v  0.1916 -0.0785 6.8585
v  0.1848 -0.0756 6.8599
v  0.7346 -0.4899 6.2561
v  0.7270 -0.4848 6.2765
v  0.7063 -0.4710 6.2847
v  0.6656 -0.4439 6.2795
v  0.5663 -0.3775 6.2719
v  0.4705 -0.3135 6.2714
v  0.4244 -0.2826 6.2771
v  0.3703 -0.2464 6.2959
v  0.3182 -0.2116 6.3283
v  0.2717 -0.1806 6.3738
v  0.2339 -0.1553 6.4298
v  0.2069 -0.1373 6.4924
v  0.1913 -0.1269 6.5576
v  0.1865 -0.1237 6.6152
v  0.1818 -0.1205 6.8473
v  0.1781 -0.1181 6.8540
v  0.1725 -0.1143 6.8585
v  0.1664 -0.1102 6.8599
v  0.6247 -0.6237 6.2561
v  0.6181 -0.6172 6.2764
v  0.6006 -0.5997 6.2847
v  0.5661 -0.5651 6.2795
v  0.4816 -0.4807 6.2719
v  0.4002 -0.3992 6.2714
v  0.3609 -0.3599 6.2771
v  0.3149 -0.3139 6.2959
v  0.2706 -0.2696 6.3283
v  0.2310 -0.2301 6.3738
v  0.1989 -0.1979 6.4298
v  0.1760 -0.1750 6.4924
v  0.1627 -0.1617 6.5576
v  0.1586 -0.1576 6.6152
v  0.1546 -0.1536 6.8473
v  0.1515 -0.1505 6.8540
v  0.1467 -0.1457 6.8585
v  0.1415 -0.1405 6.8599
v  0.4906 -0.7332 6.2560
v  0.4856 -0.7258 6.2762
v  0.4719 -0.7053 6.2848
v  0.4448 -0.6647 6.2796
v  0.3784 -0.5653 6.2719
v  0.3144 -0.4695 6.2714
v  0.2836 -0.4234 6.2771
v  0.2475 -0.3693 6.2959
v  0.2126 -0.3172 6.3283
v  0.1816 -0.2707 6.3738
v  0.1563 -0.2329 6.4298
v  0.1383 -0.2059 6.4924
v  0.1279 -0.1903 6.5576
v  0.1247 -0.1855 6.6152
v  0.1215 -0.1808 6.8473
v  0.1191 -0.1771 6.8540
v  0.1153 -0.1715 6.8585
v  0.1112 -0.1654 6.8599
v  0.3378 -0.8144 6.2560
v  0.3345 -0.8064 6.2761
v  0.3251 -0.7838 6.2848
v  0.3064 -0.7386 6.2796
v  0.2607 -0.6283 6.2719
v  0.2166 -0.5218 6.2714
v  0.1954 -0.4706 6.2771
v  0.1705 -0.4104 6.2959
v  0.1465 -0.3525 6.3283
v  0.1251 -0.3009 6.3738
v  0.1077 -0.2589 6.4298
v  0.0953 -0.2289 6.4924
v  0.0881 -0.2116 6.5576
v  0.0859 -0.2062 6.6152
v  0.0838 -0.2010 6.8473
v  0.0821 -0.1969 6.8540
v  0.0795 -0.1907 6.8585
v  0.0767 -0.1839 6.8599
v  0.1722 -0.8644 6.2559
v  0.1706 -0.8560 6.2759
v  0.1658 -0.8321 6.2848
v  0.1563 -0.7842 6.2796
v  0.1330 -0.6670 6.2719
v  0.1105 -0.5540 6.2714
v  0.0997 -0.4996 6.2771
v  0.0870 -0.4358 6.2959
v  0.0748 -0.3743 6.3283
v  0.0639 -0.3194 6.3738
v  0.0550 -0.2749 6.4298
v  0.0487 -0.2430 6.4924
v  0.0450 -0.2247 6.5576
v  0.0439 -0.2190 6.6152
v  0.0428 -0.2134 6.8473
v  0.0419 -0.2091 6.8540
v  0.0406 -0.2025 6.8585
v  0.0392 -0.1952 6.8599
v  0.1756 0.8832 5.8008
v  0.3444 0.8319 5.8008
v  0.4998 0.7486 5.8007
v  0.5643 0.7014 5.8003
v  0.6350 0.6386 5.7874
v  0.7498 0.5018 5.7283
v  0.8352 0.3467 5.6612
v  0.8888 0.1776 5.5902
v  0.8912 -0.1764 5.5106
v  0.8394 -0.3468 5.5101
v  0.7554 -0.5038 5.5103
v  0.6424 -0.6415 5.5103
v  0.5046 -0.7542 5.5110
v  0.3476 -0.8380 5.5107
v  0.1772 -0.8896 5.5106
v  0.6005 0.6707 5.7959
v  0.9087 -0.0247 5.5103
v  0.9090 -0.0048 5.5127
v  0.8843 0.0008 6.2562
v  0.0008 0.8751 6.2766
v  0.0008 -0.8812 6.2559
v  0.0008 -0.7996 6.2796
v  0.0008 -0.5094 6.2771
v  0.0008 -0.4443 6.2959
v  0.0008 -0.3817 6.3283
v  0.0008 -0.3257 6.3738
v  0.0008 -0.2803 6.4298
v  0.0008 -0.2478 6.4924
v  0.0008 -0.2291 6.5576
v  0.0008 -0.2233 6.6152
v  0.0008 -0.2064 6.8585
v  0.0008 -0.1991 6.8599
v  0.0747 0.8813 6.2574
v  0.0718 0.8699 6.2787
v  0.0716 0.8477 6.2847
v  0.0751 0.7939 6.2792
v  0.0435 0.8842 6.2350
v  0.0668 0.8828 6.2275
v  0.1047 0.8800 6.2072
v  0.1281 0.8767 6.1878
v  0.1505 0.8739 6.1608
v  0.1676 0.8717 6.1290
v  0.0008 0.8851 6.2399
v  0.1273 0.8868 5.9325
v  0.1005 0.8910 5.9106
v  0.0690 0.8945 5.8936
v  0.0348 0.8969 5.8833
v  0.1662 0.8782 5.9906
v  0.1493 0.8824 5.9592
v  0.1781 0.8708 6.0944
v  0.1814 0.8714 6.0594
v  0.1779 0.8734 6.0244
v  0.0008 0.8845 6.2563
v  0.0008 0.8501 6.2847
v  0.0008 0.6817 6.2719
v  0.0008 0.4460 6.2959
v  0.0008 0.3833 6.3283
v  0.0008 0.2495 6.4924
v  0.0008 0.2308 6.5576
v  0.0008 0.2193 6.8473
v  0.0008 0.2149 6.8540
v  0.0008 0.2081 6.8585
v  0.0008 -0.6801 6.2720
v  0.0008 -0.5649 6.2714
v  0.0008 -0.2177 6.8473
v  0.0008 -0.2132 6.8540
v  0.0008 -0.9073 5.5104
v  0.0008 0.9004 5.8004
v  0.0008 0.8977 5.8799
v  0.6128 0.6573 5.8397
v  0.7467 0.4997 5.8350
v  0.8295 0.3444 5.8349
v  0.8805 0.1759 5.8349
v  0.8976 0.0008 5.8349
v  0.8802 -0.1742 5.8349
v  0.8289 -0.3425 5.8349
v  0.7460 -0.4975 5.8349
v  0.6351 -0.6341 5.8349
v  0.4984 -0.7448 5.8349
v  0.3433 -0.8276 5.8349
v  0.1751 -0.8786 5.8349
v  0.0008 -0.8959 5.8349
v  0.4991 0.7476 5.8349
v  0.3439 0.8308 5.8350
v  0.1761 0.8819 5.8349
v  0.0008 0.8992 5.8349
v  0.3401 0.8214 6.1331
v  0.6166 0.6393 6.1331
v  0.8199 0.3404 6.1331
v  0.8871 0.0008 6.1331
v  0.8193 -0.3385 6.1331
v  0.6269 -0.6260 6.1331
v  0.3393 -0.8179 6.1331
v  0.0008 -0.8855 6.1331
v  0.0207 0.8843 6.2568
v  0.0296 0.8733 6.2780
v  0.0358 0.8505 6.2848
v  0.0376 0.7973 6.2793
v  0.0490 0.6769 6.2719
v  0.0501 0.5628 6.2714
v  0.0501 0.5073 6.2771
v  0.0437 0.4427 6.2959
v  0.0375 0.3805 6.3283
v  0.0321 0.3250 6.3738
v  0.0276 0.2799 6.4298
v  0.0244 0.2476 6.4924
v  0.0226 0.2291 6.5576
v  0.0220 0.2233 6.6152
v  0.0215 0.2177 6.8473
v  0.0211 0.2133 6.8540
v  0.0204 0.2066 6.8585
v  0.0197 0.1993 6.8599
v  0.2566 0.8467 6.2570
v  0.2542 0.8385 6.2760
v  0.2471 0.8150 6.2848
v  0.2329 0.7682 6.2796
v  0.1994 0.6509 6.2719
v  0.1646 0.5432 6.2714
v  0.1485 0.4900 6.2771
v  0.1295 0.4276 6.2959
v  0.1114 0.3677 6.3286
v  0.0951 0.3139 6.3738
v  0.0818 0.2704 6.4298
v  0.0724 0.2392 6.4924
v  0.0670 0.2213 6.5576
v  0.0653 0.2157 6.6152
v  0.0636 0.2103 6.8473
v  0.0623 0.2060 6.8540
v  0.0604 0.1996 6.8585
v  0.0582 0.1925 6.8599
v  0.4188 0.7795 6.2565
v  0.4128 0.7729 6.2761
v  0.4012 0.7512 6.2848
v  0.3781 0.7080 6.2796
v  0.3217 0.6025 6.2720
v  0.2673 0.5007 6.2714
v  0.2411 0.4517 6.2771
v  0.2103 0.3942 6.2959
v  0.1808 0.3390 6.3287
v  0.1543 0.2894 6.3738
v  0.1329 0.2492 6.4298
v  0.1175 0.2206 6.4924
v  0.1087 0.2040 6.5576
v  0.1059 0.1989 6.6152
v  0.1033 0.1939 6.8473
v  0.1012 0.1900 6.8540
v  0.0980 0.1840 6.8585
v  0.0945 0.1775 6.8599
v  0.5611 0.6844 6.2560
v  0.5555 0.6775 6.2761
v  0.5399 0.6585 6.2848
v  0.5088 0.6207 6.2796
v  0.4329 0.5282 6.2719
v  0.3597 0.4390 6.2714
v  0.3244 0.3960 6.2771
v  0.2830 0.3456 6.2959
v  0.2432 0.2971 6.3283
v  0.2076 0.2538 6.3738
v  0.1788 0.2186 6.4298
v  0.1581 0.1934 6.4924
v  0.1462 0.1789 6.5576
v  0.1426 0.1744 6.6152
v  0.1390 0.1701 6.8473
v  0.1361 0.1666 6.8540
v  0.1318 0.1614 6.8585
v  0.1272 0.1557 6.8599
v  0.6837 0.5619 6.2560
v  0.6769 0.5562 6.2761
v  0.6578 0.5406 6.2848
v  0.6200 0.5096 6.2796
v  0.5275 0.4336 6.2719
v  0.4382 0.3604 6.2714
v  0.3953 0.3252 6.2771
v  0.3448 0.2838 6.2959
v  0.2963 0.2440 6.3283
v  0.2530 0.2084 6.3738
v  0.2178 0.1795 6.4298
v  0.1927 0.1589 6.4924
v  0.1782 0.1470 6.5576
v  0.1737 0.1433 6.6152
v  0.1693 0.1397 6.8473
v  0.1659 0.1369 6.8540
v  0.1606 0.1326 6.8585
v  0.1549 0.1279 6.8599
v  0.7800 0.4177 6.2560
v  0.7722 0.4135 6.2762
v  0.7505 0.4019 6.2848
v  0.7073 0.3788 6.2796
v  0.6018 0.3224 6.2719
v  0.5000 0.2680 6.2714
v  0.4509 0.2418 6.2771
v  0.3934 0.2111 6.2959
v  0.3381 0.1815 6.3283
v  0.2886 0.1551 6.3738
v  0.2485 0.1336 6.4298
v  0.2198 0.1183 6.4924
v  0.2033 0.1095 6.5576
v  0.1982 0.1067 6.6152
v  0.1931 0.1040 6.8473
v  0.1892 0.1019 6.8540
v  0.1832 0.0987 6.8585
v  0.1767 0.0953 6.8599
v  0.8463 0.2575 6.2560
v  0.8379 0.2550 6.2762
v  0.8143 0.2478 6.2848
v  0.7675 0.2336 6.2796
v  0.6529 0.1989 6.2719
v  0.5425 0.1654 6.2714
v  0.4893 0.1493 6.2771
v  0.4269 0.1303 6.2959
v  0.3668 0.1121 6.3283
v  0.3132 0.0958 6.3738
v  0.2696 0.0826 6.4298
v  0.2385 0.0732 6.4924
v  0.2206 0.0677 6.5576
v  0.2150 0.0661 6.6152
v  0.2096 0.0644 6.8473
v  0.2053 0.0631 6.8540
v  0.1988 0.0611 6.8585
v  0.1918 0.0590 6.8599
v  0.8801 0.0875 6.2560
v  0.8713 0.0866 6.2761
v  0.8469 0.0842 6.2848
v  0.7982 0.0794 6.2796
v  0.6790 0.0677 6.2719
v  0.5642 0.0564 6.2714
v  0.5089 0.0510 6.2771
v  0.4439 0.0446 6.2959
v  0.3815 0.0384 6.3283
v  0.3257 0.0329 6.3738
v  0.2804 0.0285 6.4298
v  0.2480 0.0253 6.4924
v  0.2294 0.0234 6.5576
v  0.2236 0.0229 6.6152
v  0.2180 0.0223 6.8473
v  0.2135 0.0219 6.8540
v  0.2068 0.0212 6.8585
v  0.1994 0.0205 6.8599
v  0.8799 -0.0858 6.2560
v  0.8713 -0.0850 6.2760
v  0.8469 -0.0826 6.2848
v  0.7982 -0.0778 6.2796
v  0.6790 -0.0660 6.2719
v  0.5642 -0.0547 6.2714
v  0.5089 -0.0492 6.2771
v  0.4439 -0.0429 6.2959
v  0.3815 -0.0367 6.3283
v  0.3257 -0.0312 6.3738
v  0.2804 -0.0267 6.4298
v  0.2480 -0.0236 6.4924
v  0.2294 -0.0217 6.5576
v  0.2236 -0.0211 6.6152
v  0.2180 -0.0206 6.8473
v  0.2135 -0.0202 6.8540
v  0.2068 -0.0195 6.8585
v  0.1995 -0.0188 6.8599
v  0.8458 -0.2557 6.2559
v  0.8377 -0.2533 6.2759
v  0.8143 -0.2462 6.2848
v  0.7675 -0.2320 6.2796
v  0.6529 -0.1972 6.2719
v  0.5425 -0.1637 6.2714
v  0.4893 -0.1475 6.2771
v  0.4269 -0.1286 6.2959
v  0.3668 -0.1104 6.3283
v  0.3132 -0.0941 6.3738
v  0.2696 -0.0809 6.4298
v  0.2385 -0.0715 6.4924
v  0.2206 -0.0660 6.5576
v  0.2150 -0.0643 6.6152
v  0.2096 -0.0627 6.8473
v  0.2053 -0.0614 6.8540
v  0.1988 -0.0594 6.8585
v  0.1918 -0.0573 6.8599
v  0.7793 -0.4156 6.2559
v  0.7719 -0.4117 6.2758
v  0.7505 -0.4003 6.2849
v  0.7073 -0.3772 6.2796
v  0.6018 -0.3208 6.2720
v  0.5000 -0.2663 6.2714
v  0.4510 -0.2401 6.2771
v  0.3934 -0.2094 6.2959
v  0.3381 -0.1798 6.3283
v  0.2887 -0.1534 6.3738
v  0.2485 -0.1319 6.4298
v  0.2198 -0.1166 6.4924
v  0.2033 -0.1077 6.5576
v  0.1982 -0.1050 6.6152
v  0.1932 -0.1023 6.8473
v  0.1893 -0.1002 6.8540
v  0.1833 -0.0970 6.8585
v  0.1768 -0.0936 6.8599
v  0.6829 -0.5595 6.2559
v  0.6765 -0.5542 6.2756
v  0.6578 -0.5390 6.2849
v  0.6200 -0.5079 6.2797
v  0.5275 -0.4319 6.2720
v  0.4383 -0.3587 6.2714
v  0.3953 -0.3235 6.2771
v  0.3449 -0.2821 6.2959
v  0.2964 -0.2422 6.3283
v  0.2530 -0.2067 6.3738
v  0.2179 -0.1778 6.4298
v  0.1927 -0.1572 6.4924
v  0.1782 -0.1453 6.5576
v  0.1737 -0.1416 6.6152
v  0.1693 -0.1380 6.8473
v  0.1659 -0.1352 6.8540
v  0.1607 -0.1309 6.8585
v  0.1550 -0.1262 6.8599
v  0.5603 -0.6818 6.2559
v  0.5551 -0.6754 6.2754
v  0.5399 -0.6569 6.2849
v  0.5088 -0.6190 6.2797
v  0.4329 -0.5265 6.2720
v  0.3597 -0.4373 6.2714
v  0.3245 -0.3943 6.2771
v  0.2831 -0.3439 6.2959
v  0.2432 -0.2954 6.3283
v  0.2077 -0.2521 6.3738
v  0.1788 -0.2169 6.4298
v  0.1582 -0.1917 6.4924
v  0.1463 -0.1772 6.5576
v  0.1426 -0.1727 6.6152
v  0.1390 -0.1684 6.8473
v  0.1362 -0.1649 6.8540
v  0.1319 -0.1597 6.8585
v  0.1272 -0.1540 6.8599
v  0.4162 -0.7776 6.2558
v  0.4124 -0.7705 6.2753
v  0.4012 -0.7496 6.2849
v  0.3781 -0.7064 6.2797
v  0.3217 -0.6008 6.2720
v  0.2673 -0.4990 6.2714
v  0.2411 -0.4500 6.2771
v  0.2104 -0.3925 6.2959
v  0.1808 -0.3371 6.3283
v  0.1544 -0.2877 6.3738
v  0.1329 -0.2475 6.4298
v  0.1176 -0.2189 6.4924
v  0.1087 -0.2023 6.5576
v  0.1060 -0.1972 6.6152
v  0.1033 -0.1922 6.8473
v  0.1012 -0.1883 6.8540
v  0.0980 -0.1823 6.8585
v  0.0946 -0.1758 6.8599
v  0.2562 -0.8435 6.2558
v  0.2540 -0.8360 6.2751
v  0.2471 -0.8134 6.2849
v  0.2329 -0.7665 6.2798
v  0.1981 -0.6520 6.2719
v  0.1647 -0.5415 6.2714
v  0.1485 -0.4884 6.2771
v  0.1296 -0.4259 6.2959
v  0.1114 -0.3659 6.3283
v  0.0951 -0.3122 6.3738
v  0.0819 -0.2687 6.4298
v  0.0725 -0.2376 6.4924
v  0.0670 -0.2196 6.5576
v  0.0653 -0.2141 6.6152
v  0.0637 -0.2086 6.8473
v  0.0624 -0.2044 6.8540
v  0.0604 -0.1979 6.8585
v  0.0583 -0.1908 6.8599
v  0.0869 -0.8770 6.2561
v  0.0860 -0.8678 6.2765
v  0.0835 -0.8431 6.2847
v  0.0787 -0.7945 6.2795
v  0.0670 -0.6758 6.2719
v  0.0557 -0.5613 6.2714
v  0.0502 -0.5062 6.2771
v  0.0438 -0.4415 6.2959
v  0.0377 -0.3792 6.3283
v  0.0322 -0.3237 6.3738
v  0.0277 -0.2785 6.4298
v  0.0246 -0.2463 6.4924
v  0.0227 -0.2277 6.5576
v  0.0221 -0.2219 6.6152
v  0.0216 -0.2163 6.8473
v  0.0212 -0.2119 6.8540
v  0.0205 -0.2051 6.8585
v  0.0198 -0.1978 6.8599
v  0.1238 0.8758 6.2570
v  0.1216 0.8657 6.2776
v  0.1190 0.8424 6.2847
v  0.1160 0.7912 6.2794
v  0.0217 0.8849 6.2388
v  0.0855 0.8818 6.2187
v  0.1399 0.8756 6.1748
v  0.7375 0.4948 6.1331
v  0.8703 0.1739 6.1331
v  0.8700 -0.1722 6.1331
v  0.7382 -0.4923 6.1331
v  0.4925 -0.7361 6.1331
v  0.1729 -0.8666 6.1331
v  0.4932 0.7392 6.1332
v  0.2601 0.8504 6.1225
v  0.2660 0.8591 5.8351
v  0.2659 0.8604 5.8004
v  0.2625 0.8533 6.0249
v  0.3415 0.8249 6.0248
v  0.4954 0.7423 6.0248
v  0.6163 0.6449 6.0249
v  0.7402 0.4960 6.0248
v  0.8237 0.3420 6.0248
v  0.8739 0.1746 6.0248
v  0.8910 0.0008 6.0247
v  0.8737 -0.1729 6.0248
v  0.8228 -0.3400 6.0247
v  0.7404 -0.4938 6.0248
v  0.6296 -0.6287 6.0247
v  0.4946 -0.7393 6.0247
v  0.3407 -0.8215 6.0247
v  0.1738 -0.8720 6.0248
v  0.0008 -0.8893 6.0247
v  0.9087 0.0134 5.5182
v  0.1652 0.8239 5.7992
v  0.3198 0.7770 5.7992
v  0.4677 0.6979 5.7992
v  0.5270 0.6544 5.7989
v  0.5965 0.5924 5.7822
v  0.7051 0.4612 5.7218
v  0.7838 0.3145 5.6550
v  0.8323 0.1550 5.5842
v  0.8326 -0.1643 5.5094
v  0.7840 -0.3238 5.5088
v  0.7055 -0.4705 5.5090
v  0.6001 -0.5990 5.5089
v  0.4714 -0.7043 5.5099
v  0.3246 -0.7826 5.5096
v  0.1655 -0.8309 5.5095
v  0.5627 0.6243 5.7925
v  0.8486 -0.0233 5.5090
v  0.8489 -0.0098 5.5101
v  0.0008 -0.8473 5.5091
v  0.0008 0.8404 5.7986
v  0.2482 0.8028 5.7988
v  0.8490 0.0048 5.5126
v  0.1695 0.8487 5.7703
v  0.3301 0.7999 5.7703
v  0.4812 0.7191 5.7703
v  0.5386 0.6774 5.7703
v  0.6122 0.6185 5.7559
v  0.7221 0.4866 5.6969
v  0.8051 0.3370 5.6298
v  0.8551 0.1743 5.5574
v  0.8569 -0.1693 5.4803
v  0.8070 -0.3334 5.4803
v  0.7262 -0.4843 5.4803
v  0.6176 -0.6167 5.4803
v  0.4851 -0.7249 5.4803
v  0.3341 -0.8055 5.4803
v  0.1704 -0.8552 5.4803
v  0.5749 0.6498 5.7673
v  0.8737 -0.0235 5.4803
v  0.8739 -0.0003 5.4827
v  0.0008 -0.8723 5.4803
v  0.0008 0.8656 5.7702
v  0.2555 0.8267 5.7703
v  0.8738 0.0236 5.4901
v  0.1737 0.8732 5.7770
v  0.3401 0.8224 5.7774
v  0.4943 0.7399 5.7774
v  0.5527 0.6981 5.7781
v  0.6294 0.6329 5.7654
v  0.7411 0.4993 5.7063
v  0.8256 0.3459 5.6389
v  0.8788 0.1796 5.5659
v  0.8810 -0.1743 5.4868
v  0.8296 -0.3428 5.4868
v  0.7466 -0.4980 5.4868
v  0.6350 -0.6340 5.4868
v  0.4989 -0.7456 5.4868
v  0.3436 -0.8284 5.4868
v  0.1752 -0.8792 5.4870
v  0.5901 0.6668 5.7751
v  0.8982 -0.0246 5.4868
v  0.8986 -0.0011 5.4893
v  0.0008 -0.8968 5.4869
v  0.0008 0.8904 5.7772
v  0.2628 0.8507 5.7771
v  0.8983 0.0217 5.4965
v  0.0008 0.8515 5.7762
v  0.1671 0.8350 5.7762
v  0.3245 0.7873 5.7762
v  0.4737 0.7074 5.7763
v  0.5315 0.6653 5.7762
v  0.6027 0.6076 5.7593
v  0.7120 0.4767 5.7002
v  0.7917 0.3280 5.6342
v  0.8417 0.1680 5.5621
v  0.8433 -0.1665 5.4865
v  0.7943 -0.3281 5.4863
v  0.7147 -0.4767 5.4864
v  0.6079 -0.6069 5.4863
v  0.4774 -0.7133 5.4865
v  0.3288 -0.7926 5.4865
v  0.1677 -0.8416 5.4864
v  0.5673 0.6381 5.7716
v  0.8599 -0.0230 5.4863
v  0.8600 -0.0029 5.4885
v  0.0008 -0.8584 5.4863
v  0.2514 0.8132 5.7764
v  0.8602 0.0184 5.4944
v  0.1751 0.8809 5.7875
v  0.3431 0.8290 5.7879
v  0.4981 0.7460 5.7879
v  0.5582 0.7026 5.7892
v  0.6346 0.6364 5.7756
v  0.7473 0.5017 5.7163
v  0.8326 0.3471 5.6491
v  0.8865 0.1791 5.5768
v  0.8887 -0.1759 5.4973
v  0.8369 -0.3458 5.4971
v  0.7531 -0.5023 5.4972
v  0.6405 -0.6396 5.4972
v  0.5028 -0.7515 5.4979
v  0.3466 -0.8357 5.4974
v  0.1766 -0.8864 5.4977
v  0.5961 0.6706 5.7846
v  0.9061 -0.0250 5.4972
v  0.9065 -0.0032 5.4996
v  0.0008 0.8979 5.7875
v  0.2651 0.8581 5.7874
v  0.9061 0.0173 5.5059
v  0.0008 -0.9046 5.4973
v  0.0008 -0.8854 5.4809
v  0.1717 0.8618 5.7709
v  0.3355 0.8120 5.7711
v  0.4882 0.7304 5.7712
v  0.5460 0.6888 5.7713
v  0.6213 0.6268 5.7585
v  0.7322 0.4941 5.6995
v  0.8157 0.3424 5.6322
v  0.8678 0.1781 5.5593
v  0.8698 -0.1720 5.4809
v  0.8191 -0.3384 5.4809
v  0.7371 -0.4916 5.4809
v  0.6269 -0.6260 5.4809
v  0.4925 -0.7360 5.4809
v  0.3392 -0.8177 5.4809
v  0.1730 -0.8681 5.4809
v  0.5827 0.6595 5.7689
v  0.8869 -0.0241 5.4809
v  0.8872 0.0001 5.4834
v  0.0008 0.8791 5.7710
v  0.2594 0.8396 5.7712
v  0.8870 0.0243 5.4911
v  0.0695 0.8966 5.8349
v  0.0695 0.8977 5.8001
v  0.0694 0.8945 5.7860
v  0.0692 0.8852 5.7753
v  0.0691 0.8722 5.7702
v  0.0690 0.8585 5.7703
v  0.0690 0.8444 5.7762
v  0.0695 0.8375 5.8010
v  -0.1709 0.8675 6.2562
v  -0.1691 0.8583 6.2766
v  -0.1642 0.8337 6.2847
v  -0.1546 0.7859 6.2795
v  -0.1313 0.6687 6.2719
v  -0.1088 0.5557 6.2714
v  -0.0980 0.5013 6.2771
v  -0.0853 0.4374 6.2959
v  -0.0731 0.3760 6.3283
v  -0.0622 0.3211 6.3738
v  -0.0533 0.2765 6.4298
v  -0.0470 0.2447 6.4924
v  -0.0433 0.2264 6.5576
v  -0.0422 0.2207 6.6152
v  -0.0411 0.2151 6.8473
v  -0.0402 0.2108 6.8540
v  -0.0389 0.2041 6.8585
v  -0.0375 0.1969 6.8599
v  -0.3366 0.8171 6.2561
v  -0.3331 0.8085 6.2766
v  -0.3235 0.7854 6.2847
v  -0.3048 0.7403 6.2795
v  -0.2591 0.6299 6.2719
v  -0.2150 0.5235 6.2714
v  -0.1937 0.4722 6.2771
v  -0.1688 0.4121 6.2959
v  -0.1448 0.3542 6.3283
v  -0.1234 0.3025 6.3738
v  -0.1060 0.2606 6.4298
v  -0.0936 0.2306 6.4924
v  -0.0865 0.2133 6.5576
v  -0.0842 0.2079 6.6152
v  -0.0821 0.2027 6.8473
v  -0.0804 0.1986 6.8540
v  -0.0778 0.1923 6.8585
v  -0.0750 0.1855 6.8599
v  -0.4894 0.7355 6.2561
v  -0.4842 0.7277 6.2765
v  -0.4703 0.7070 6.2847
v  -0.4432 0.6663 6.2795
v  -0.3768 0.5670 6.2719
v  -0.3128 0.4712 6.2714
v  -0.2819 0.4251 6.2771
v  -0.2458 0.3710 6.2959
v  -0.2110 0.3189 6.3283
v  -0.1799 0.2724 6.3738
v  -0.1546 0.2346 6.4298
v  -0.1366 0.2076 6.4924
v  -0.1262 0.1920 6.5576
v  -0.1230 0.1872 6.6152
v  -0.1198 0.1825 6.8473
v  -0.1174 0.1788 6.8540
v  -0.1136 0.1732 6.8585
v  -0.1095 0.1671 6.8599
v  -0.6232 0.6255 6.2561
v  -0.6166 0.6189 6.2765
v  -0.5990 0.6013 6.2847
v  -0.5645 0.5668 6.2795
v  -0.4800 0.4823 6.2719
v  -0.3985 0.4009 6.2714
v  -0.3593 0.3617 6.2771
v  -0.3132 0.3156 6.2959
v  -0.2689 0.2713 6.3283
v  -0.2294 0.2318 6.3738
v  -0.1972 0.1996 6.4298
v  -0.1743 0.1767 6.4924
v  -0.1611 0.1634 6.5576
v  -0.1570 0.1593 6.6152
v  -0.1530 0.1553 6.8473
v  -0.1498 0.1522 6.8540
v  -0.1450 0.1474 6.8585
v  -0.1398 0.1422 6.8599
v  -0.7329 0.4915 6.2561
v  -0.7253 0.4864 6.2764
v  -0.7046 0.4727 6.2847
v  -0.6640 0.4455 6.2795
v  -0.5647 0.3791 6.2719
v  -0.4689 0.3151 6.2714
v  -0.4227 0.2843 6.2771
v  -0.3686 0.2482 6.2959
v  -0.3165 0.2134 6.3283
v  -0.2700 0.1823 6.3738
v  -0.2322 0.1570 6.4298
v  -0.2052 0.1390 6.4924
v  -0.1897 0.1286 6.5576
v  -0.1848 0.1254 6.6152
v  -0.1801 0.1222 6.8473
v  -0.1764 0.1198 6.8540
v  -0.1708 0.1160 6.8585
v  -0.1647 0.1119 6.8599
v  -0.8143 0.3387 6.2560
v  -0.8060 0.3353 6.2764
v  -0.7831 0.3258 6.2847
v  -0.7380 0.3071 6.2795
v  -0.6276 0.2614 6.2719
v  -0.5211 0.2173 6.2714
v  -0.4699 0.1961 6.2771
v  -0.4097 0.1712 6.2959
v  -0.3518 0.1472 6.3283
v  -0.3002 0.1258 6.3738
v  -0.2582 0.1084 6.4298
v  -0.2282 0.0960 6.4924
v  -0.2109 0.0889 6.5576
v  -0.2056 0.0866 6.6152
v  -0.2003 0.0845 6.8473
v  -0.1962 0.0828 6.8540
v  -0.1900 0.0802 6.8585
v  -0.1832 0.0774 6.8599
v  -0.8644 0.1731 6.2560
v  -0.8557 0.1713 6.2763
v  -0.8314 0.1665 6.2847
v  -0.7835 0.1570 6.2796
v  -0.6663 0.1337 6.2719
v  -0.5533 0.1112 6.2714
v  -0.4989 0.1004 6.2771
v  -0.4351 0.0877 6.2959
v  -0.3736 0.0755 6.3283
v  -0.3188 0.0646 6.3738
v  -0.2742 0.0557 6.4298
v  -0.2424 0.0494 6.4924
v  -0.2240 0.0457 6.5576
v  -0.2183 0.0446 6.6152
v  -0.2128 0.0435 6.8473
v  -0.2084 0.0426 6.8540
v  -0.2018 0.0413 6.8585
v  -0.1946 0.0399 6.8599
v  -0.8724 0.0008 6.2762
v  -0.8478 0.0008 6.2848
v  -0.7989 0.0008 6.2796
v  -0.6794 0.0008 6.2719
v  -0.5642 0.0008 6.2714
v  -0.5087 0.0009 6.2771
v  -0.4436 0.0009 6.2959
v  -0.3810 0.0009 6.3283
v  -0.3250 0.0009 6.3738
v  -0.2796 0.0009 6.4298
v  -0.2471 0.0009 6.4924
v  -0.2284 0.0009 6.5576
v  -0.2226 0.0009 6.6152
v  -0.2170 0.0009 6.8473
v  -0.2125 0.0009 6.8540
v  -0.2058 0.0009 6.8585
v  -0.1984 0.0009 6.8599
v  -0.8641 -0.1714 6.2560
v  -0.8556 -0.1697 6.2762
v  -0.8314 -0.1649 6.2848
v  -0.7835 -0.1553 6.2796
v  -0.6663 -0.1320 6.2720
v  -0.5534 -0.1095 6.2714
v  -0.4989 -0.0987 6.2771
v  -0.4351 -0.0860 6.2959
v  -0.3736 -0.0738 6.3283
v  -0.3188 -0.0628 6.3738
v  -0.2742 -0.0540 6.4298
v  -0.2424 -0.0476 6.4924
v  -0.2240 -0.0440 6.5576
v  -0.2183 -0.0429 6.6152
v  -0.2128 -0.0418 6.8473
v  -0.2084 -0.0409 6.8540
v  -0.2018 -0.0396 6.8585
v  -0.1946 -0.0381 6.8599
v  -0.8137 -0.3369 6.2559
v  -0.8058 -0.3336 6.2761
v  -0.7831 -0.3242 6.2848
v  -0.7380 -0.3055 6.2796
v  -0.6276 -0.2597 6.2719
v  -0.5212 -0.2156 6.2714
v  -0.4699 -0.1944 6.2771
v  -0.4098 -0.1695 6.2959
v  -0.3519 -0.1455 6.3283
v  -0.3002 -0.1241 6.3738
v  -0.2582 -0.1067 6.4298
v  -0.2282 -0.0943 6.4924
v  -0.2109 -0.0871 6.5576
v  -0.2056 -0.0849 6.6152
v  -0.2004 -0.0827 6.8473
v  -0.1962 -0.0810 6.8540
v  -0.1900 -0.0785 6.8585
v  -0.1832 -0.0756 6.8599
v  -0.7320 -0.4893 6.2559
v  -0.7249 -0.4846 6.2760
v  -0.7046 -0.4710 6.2848
v  -0.6640 -0.4438 6.2796
v  -0.5647 -0.3775 6.2720
v  -0.4689 -0.3135 6.2714
v  -0.4228 -0.2826 6.2771
v  -0.3686 -0.2464 6.2959
v  -0.3165 -0.2116 6.3283
v  -0.2700 -0.1806 6.3738
v  -0.2323 -0.1553 6.4298
v  -0.2053 -0.1373 6.4924
v  -0.1897 -0.1269 6.5576
v  -0.1849 -0.1237 6.6152
v  -0.1802 -0.1205 6.8473
v  -0.1765 -0.1181 6.8540
v  -0.1709 -0.1143 6.8585
v  -0.1647 -0.1102 6.8599
v  -0.6222 -0.6229 6.2559
v  -0.6162 -0.6169 6.2759
v  -0.5990 -0.5997 6.2848
v  -0.5645 -0.5651 6.2796
v  -0.4800 -0.4807 6.2720
v  -0.3985 -0.3992 6.2714
v  -0.3593 -0.3599 6.2771
v  -0.3133 -0.3139 6.2959
v  -0.2690 -0.2696 6.3283
v  -0.2294 -0.2301 6.3738
v  -0.1973 -0.1979 6.4298
v  -0.1743 -0.1750 6.4924
v  -0.1611 -0.1617 6.5576
v  -0.1570 -0.1576 6.6152
v  -0.1530 -0.1536 6.8473
v  -0.1499 -0.1505 6.8540
v  -0.1451 -0.1457 6.8585
v  -0.1399 -0.1405 6.8599
v  -0.4885 -0.7325 6.2558
v  -0.4838 -0.7255 6.2758
v  -0.4703 -0.7053 6.2848
v  -0.4432 -0.6647 6.2796
v  -0.3768 -0.5653 6.2719
v  -0.3128 -0.4695 6.2714
v  -0.2820 -0.4234 6.2771
v  -0.2458 -0.3693 6.2959
v  -0.2110 -0.3172 6.3283
v  -0.1799 -0.2707 6.3738
v  -0.1547 -0.2329 6.4298
v  -0.1367 -0.2059 6.4924
v  -0.1263 -0.1903 6.5576
v  -0.1231 -0.1855 6.6152
v  -0.1199 -0.1808 6.8473
v  -0.1174 -0.1771 6.8540
v  -0.1137 -0.1715 6.8585
v  -0.1096 -0.1654 6.8599
v  -0.3360 -0.8139 6.2559
v  -0.3328 -0.8062 6.2758
v  -0.3235 -0.7838 6.2848
v  -0.3048 -0.7386 6.2796
v  -0.2591 -0.6283 6.2719
v  -0.2150 -0.5218 6.2714
v  -0.1938 -0.4706 6.2771
v  -0.1689 -0.4104 6.2959
v  -0.1449 -0.3525 6.3283
v  -0.1235 -0.3009 6.3738
v  -0.1061 -0.2589 6.4298
v  -0.0937 -0.2289 6.4924
v  -0.0865 -0.2116 6.5576
v  -0.0843 -0.2062 6.6152
v  -0.0821 -0.2010 6.8473
v  -0.0804 -0.1969 6.8540
v  -0.0778 -0.1907 6.8585
v  -0.0750 -0.1839 6.8599
v  -0.1705 -0.8641 6.2559
v  -0.1689 -0.8559 6.2758
v  -0.1642 -0.8321 6.2849
v  -0.1546 -0.7842 6.2797
v  -0.1313 -0.6670 6.2720
v  -0.1089 -0.5540 6.2714
v  -0.0981 -0.4996 6.2771
v  -0.0854 -0.4358 6.2959
v  -0.0731 -0.3743 6.3283
v  -0.0622 -0.3194 6.3738
v  -0.0534 -0.2749 6.4298
v  -0.0470 -0.2430 6.4924
v  -0.0434 -0.2247 6.5576
v  -0.0423 -0.2190 6.6152
v  -0.0412 -0.2134 6.8473
v  -0.0403 -0.2091 6.8540
v  -0.0390 -0.2025 6.8585
v  -0.0375 -0.1952 6.8599
v  -0.1740 0.8829 5.8008
v  -0.3427 0.8319 5.8008
v  -0.4982 0.7486 5.8007
v  -0.5627 0.7014 5.8003
v  -0.6334 0.6386 5.7874
v  -0.7482 0.5018 5.7283
v  -0.8336 0.3467 5.6612
v  -0.8872 0.1776 5.5902
v  -0.8896 -0.1764 5.5106
v  -0.8378 -0.3468 5.5101
v  -0.7537 -0.5038 5.5103
v  -0.6408 -0.6415 5.5103
v  -0.5030 -0.7542 5.5110
v  -0.3459 -0.8380 5.5107
v  -0.1756 -0.8896 5.5106
v  -0.5989 0.6707 5.7959
v  -0.9071 -0.0247 5.5103
v  -0.9073 -0.0048 5.5127
v  -0.8812 0.0008 6.2560
v  -0.0731 0.8811 6.2574
v  -0.0702 0.8699 6.2786
v  -0.0700 0.8477 6.2847
v  -0.0735 0.7939 6.2792
v  -0.0419 0.8842 6.2351
v  -0.0650 0.8830 6.2273
v  -0.1031 0.8799 6.2073
v  -0.1259 0.8777 6.1870
v  -0.1480 0.8751 6.1601
v  -0.1649 0.8731 6.1285
v  -0.1257 0.8868 5.9325
v  -0.0989 0.8910 5.9106
v  -0.0674 0.8945 5.8936
v  -0.0332 0.8969 5.8833
v  -0.1646 0.8782 5.9906
v  -0.1476 0.8824 5.9592
v  -0.1752 0.8723 6.0941
v  -0.1785 0.8729 6.0595
v  -0.1750 0.8749 6.0248
v  -0.6111 0.6573 5.8397
v  -0.7451 0.4997 5.8350
v  -0.8278 0.3444 5.8349
v  -0.8789 0.1759 5.8349
v  -0.8960 0.0008 5.8349
v  -0.8785 -0.1742 5.8349
v  -0.8273 -0.3425 5.8349
v  -0.7443 -0.4975 5.8349
v  -0.6327 -0.6334 5.8349
v  -0.4967 -0.7448 5.8349
v  -0.3417 -0.8276 5.8349
v  -0.1734 -0.8786 5.8349
v  -0.4975 0.7476 5.8349
v  -0.3423 0.8308 5.8350
v  -0.1744 0.8816 5.8349
v  -0.3380 0.8204 6.1331
v  -0.6150 0.6393 6.1331
v  -0.8183 0.3404 6.1331
v  -0.8855 0.0008 6.1331
v  -0.8177 -0.3385 6.1331
v  -0.6253 -0.6260 6.1331
v  -0.3376 -0.8179 6.1331
v  -0.0190 0.8841 6.2567
v  -0.0280 0.8732 6.2779
v  -0.0342 0.8505 6.2848
v  -0.0360 0.7973 6.2793
v  -0.0474 0.6769 6.2719
v  -0.0503 0.5626 6.2714
v  -0.0484 0.5073 6.2771
v  -0.0421 0.4427 6.2959
v  -0.0359 0.3805 6.3283
v  -0.0304 0.3250 6.3738
v  -0.0260 0.2799 6.4298
v  -0.0228 0.2476 6.4924
v  -0.0210 0.2291 6.5576
v  -0.0204 0.2233 6.6152
v  -0.0199 0.2177 6.8473
v  -0.0194 0.2133 6.8540
v  -0.0188 0.2066 6.8585
v  -0.0180 0.1993 6.8599
v  -0.2549 0.8464 6.2570
v  -0.2525 0.8383 6.2758
v  -0.2455 0.8151 6.2849
v  -0.2313 0.7682 6.2796
v  -0.1978 0.6509 6.2719
v  -0.1630 0.5432 6.2714
v  -0.1469 0.4900 6.2771
v  -0.1279 0.4276 6.2959
v  -0.1097 0.3675 6.3283
v  -0.0934 0.3139 6.3738
v  -0.0802 0.2704 6.4298
v  -0.0708 0.2392 6.4924
v  -0.0653 0.2213 6.5576
v  -0.0636 0.2157 6.6152
v  -0.0620 0.2103 6.8473
v  -0.0607 0.2060 6.8540
v  -0.0587 0.1996 6.8585
v  -0.0566 0.1925 6.8599
v  -0.4169 0.7790 6.2564
v  -0.4110 0.7726 6.2757
v  -0.3996 0.7512 6.2849
v  -0.3765 0.7080 6.2796
v  -0.3201 0.6025 6.2720
v  -0.2657 0.5007 6.2714
v  -0.2394 0.4517 6.2771
v  -0.2087 0.3942 6.2959
v  -0.1791 0.3388 6.3283
v  -0.1527 0.2894 6.3738
v  -0.1312 0.2492 6.4298
v  -0.1159 0.2206 6.4924
v  -0.1071 0.2040 6.5576
v  -0.1043 0.1989 6.6152
v  -0.1016 0.1939 6.8473
v  -0.0995 0.1900 6.8540
v  -0.0964 0.1840 6.8585
v  -0.0929 0.1775 6.8599
v  -0.5590 0.6838 6.2559
v  -0.5536 0.6772 6.2756
v  -0.5383 0.6586 6.2849
v  -0.5072 0.6207 6.2797
v  -0.4313 0.5282 6.2720
v  -0.3580 0.4390 6.2714
v  -0.3228 0.3960 6.2771
v  -0.2814 0.3456 6.2959
v  -0.2416 0.2971 6.3283
v  -0.2060 0.2538 6.3738
v  -0.1771 0.2186 6.4298
v  -0.1565 0.1934 6.4924
v  -0.1446 0.1789 6.5576
v  -0.1409 0.1744 6.6152
v  -0.1373 0.1701 6.8473
v  -0.1345 0.1666 6.8540
v  -0.1302 0.1614 6.8585
v  -0.1255 0.1557 6.8599
v  -0.6814 0.5612 6.2559
v  -0.6748 0.5559 6.2756
v  -0.6562 0.5406 6.2849
v  -0.6184 0.5095 6.2797
v  -0.5258 0.4336 6.2720
v  -0.4366 0.3604 6.2714
v  -0.3936 0.3252 6.2771
v  -0.3432 0.2838 6.2959
v  -0.2947 0.2440 6.3283
v  -0.2514 0.2084 6.3738
v  -0.2162 0.1795 6.4298
v  -0.1910 0.1589 6.4924
v  -0.1765 0.1470 6.5576
v  -0.1721 0.1433 6.6152
v  -0.1677 0.1397 6.8473
v  -0.1642 0.1369 6.8540
v  -0.1590 0.1326 6.8585
v  -0.1533 0.1279 6.8599
v  -0.7774 0.4171 6.2559
v  -0.7701 0.4133 6.2755
v  -0.7489 0.4019 6.2849
v  -0.7057 0.3788 6.2797
v  -0.6001 0.3224 6.2720
v  -0.4983 0.2680 6.2714
v  -0.4493 0.2418 6.2771
v  -0.3918 0.2111 6.2959
v  -0.3364 0.1815 6.3283
v  -0.2870 0.1551 6.3738
v  -0.2469 0.1336 6.4298
v  -0.2182 0.1183 6.4924
v  -0.2016 0.1095 6.5576
v  -0.1965 0.1067 6.6152
v  -0.1915 0.1040 6.8473
v  -0.1876 0.1019 6.8540
v  -0.1816 0.0987 6.8585
v  -0.1751 0.0953 6.8599
v  -0.8434 0.2571 6.2558
v  -0.8357 0.2548 6.2755
v  -0.8127 0.2478 6.2849
v  -0.7659 0.2336 6.2797
v  -0.6513 0.1989 6.2719
v  -0.5409 0.1654 6.2714
v  -0.4877 0.1493 6.2771
v  -0.4253 0.1303 6.2959
v  -0.3652 0.1121 6.3283
v  -0.3116 0.0958 6.3738
v  -0.2680 0.0826 6.4298
v  -0.2369 0.0732 6.4924
v  -0.2189 0.0677 6.5576
v  -0.2134 0.0661 6.6152
v  -0.2079 0.0644 6.8473
v  -0.2037 0.0631 6.8540
v  -0.1972 0.0611 6.8585
v  -0.1902 0.0590 6.8599
v  -0.8770 0.0874 6.2558
v  -0.8690 0.0866 6.2754
v  -0.8453 0.0842 6.2849
v  -0.7965 0.0794 6.2797
v  -0.6774 0.0677 6.2720
v  -0.5625 0.0564 6.2714
v  -0.5072 0.0510 6.2771
v  -0.4423 0.0446 6.2959
v  -0.3798 0.0384 6.3283
v  -0.3241 0.0329 6.3738
v  -0.2788 0.0285 6.4298
v  -0.2464 0.0253 6.4924
v  -0.2277 0.0234 6.5576
v  -0.2220 0.0229 6.6152
v  -0.2163 0.0223 6.8473
v  -0.2119 0.0219 6.8540
v  -0.2051 0.0212 6.8585
v  -0.1978 0.0205 6.8599
v  -0.8769 -0.0857 6.2558
v  -0.8690 -0.0849 6.2753
v  -0.8452 -0.0826 6.2849
v  -0.7965 -0.0778 6.2797
v  -0.6774 -0.0660 6.2720
v  -0.5626 -0.0547 6.2714
v  -0.5072 -0.0492 6.2771
v  -0.4423 -0.0429 6.2959
v  -0.3799 -0.0367 6.3283
v  -0.3241 -0.0312 6.3738
v  -0.2788 -0.0267 6.4298
v  -0.2464 -0.0236 6.4924
v  -0.2278 -0.0217 6.5576
v  -0.2220 -0.0211 6.6152
v  -0.2163 -0.0206 6.8473
v  -0.2119 -0.0202 6.8540
v  -0.2052 -0.0195 6.8585
v  -0.1978 -0.0188 6.8599
v  -0.8430 -0.2553 6.2558
v  -0.8355 -0.2531 6.2752
v  -0.8127 -0.2462 6.2849
v  -0.7659 -0.2319 6.2797
v  -0.6513 -0.1972 6.2719
v  -0.5409 -0.1637 6.2714
v  -0.4877 -0.1475 6.2771
v  -0.4253 -0.1286 6.2959
v  -0.3652 -0.1104 6.3283
v  -0.3116 -0.0941 6.3738
v  -0.2680 -0.0809 6.4298
v  -0.2369 -0.0715 6.4924
v  -0.2190 -0.0660 6.5576
v  -0.2134 -0.0643 6.6152
v  -0.2080 -0.0627 6.8473
v  -0.2037 -0.0614 6.8540
v  -0.1972 -0.0594 6.8585
v  -0.1902 -0.0573 6.8599
v  -0.7766 -0.4151 6.2558
v  -0.7698 -0.4114 6.2751
v  -0.7489 -0.4003 6.2849
v  -0.7057 -0.3772 6.2798
v  -0.6001 -0.3208 6.2719
v  -0.4984 -0.2663 6.2714
v  -0.4494 -0.2401 6.2771
v  -0.3918 -0.2094 6.2959
v  -0.3365 -0.1798 6.3283
v  -0.2870 -0.1534 6.3738
v  -0.2469 -0.1319 6.4298
v  -0.2182 -0.1166 6.4924
v  -0.2017 -0.1077 6.5576
v  -0.1966 -0.1050 6.6152
v  -0.1916 -0.1023 6.8473
v  -0.1876 -0.1002 6.8540
v  -0.1816 -0.0970 6.8585
v  -0.1752 -0.0936 6.8599
v  -0.6804 -0.5588 6.2557
v  -0.6744 -0.5539 6.2750
v  -0.6562 -0.5390 6.2849
v  -0.6184 -0.5079 6.2798
v  -0.5258 -0.4319 6.2720
v  -0.4366 -0.3587 6.2714
v  -0.3937 -0.3235 6.2771
v  -0.3433 -0.2821 6.2959
v  -0.2947 -0.2422 6.3283
v  -0.2514 -0.2067 6.3738
v  -0.2162 -0.1778 6.4298
v  -0.1911 -0.1572 6.4924
v  -0.1766 -0.1453 6.5576
v  -0.1721 -0.1416 6.6152
v  -0.1677 -0.1380 6.8473
v  -0.1643 -0.1352 6.8540
v  -0.1590 -0.1309 6.8585
v  -0.1533 -0.1262 6.8599
v  -0.5580 -0.6810 6.2557
v  -0.5532 -0.6751 6.2749
v  -0.5383 -0.6569 6.2849
v  -0.5072 -0.6190 6.2798
v  -0.4313 -0.5265 6.2720
v  -0.3581 -0.4373 6.2714
v  -0.3228 -0.3943 6.2771
v  -0.2814 -0.3439 6.2959
v  -0.2416 -0.2954 6.3283
v  -0.2061 -0.2521 6.3738
v  -0.1772 -0.2169 6.4298
v  -0.1566 -0.1917 6.4924
v  -0.1447 -0.1772 6.5576
v  -0.1410 -0.1727 6.6152
v  -0.1374 -0.1684 6.8473
v  -0.1346 -0.1649 6.8540
v  -0.1303 -0.1597 6.8585
v  -0.1256 -0.1540 6.8599
v  -0.4142 -0.7770 6.2557
v  -0.4107 -0.7703 6.2749
v  -0.3996 -0.7496 6.2849
v  -0.3765 -0.7064 6.2798
v  -0.3201 -0.6008 6.2719
v  -0.2657 -0.4990 6.2714
v  -0.2395 -0.4500 6.2771
v  -0.2088 -0.3925 6.2959
v  -0.1792 -0.3371 6.3283
v  -0.1527 -0.2877 6.3738
v  -0.1313 -0.2475 6.4298
v  -0.1160 -0.2189 6.4924
v  -0.1071 -0.2023 6.5576
v  -0.1044 -0.1972 6.6152
v  -0.1017 -0.1922 6.8473
v  -0.0996 -0.1883 6.8540
v  -0.0964 -0.1823 6.8585
v  -0.0929 -0.1758 6.8599
v  -0.2545 -0.8431 6.2557
v  -0.2523 -0.8359 6.2749
v  -0.2455 -0.8134 6.2849
v  -0.2313 -0.7665 6.2798
v  -0.1965 -0.6520 6.2719
v  -0.1630 -0.5415 6.2714
v  -0.1469 -0.4884 6.2771
v  -0.1280 -0.4259 6.2959
v  -0.1098 -0.3659 6.3283
v  -0.0935 -0.3122 6.3738
v  -0.0803 -0.2687 6.4298
v  -0.0708 -0.2376 6.4924
v  -0.0654 -0.2196 6.5576
v  -0.0637 -0.2141 6.6152
v  -0.0621 -0.2086 6.8473
v  -0.0608 -0.2044 6.8540
v  -0.0588 -0.1979 6.8585
v  -0.0567 -0.1908 6.8599
v  -0.0852 -0.8767 6.2561
v  -0.0843 -0.8678 6.2764
v  -0.0819 -0.8431 6.2847
v  -0.0771 -0.7945 6.2795
v  -0.0654 -0.6758 6.2719
v  -0.0541 -0.5613 6.2714
v  -0.0486 -0.5062 6.2771
v  -0.0422 -0.4415 6.2959
v  -0.0361 -0.3792 6.3283
v  -0.0306 -0.3237 6.3738
v  -0.0261 -0.2785 6.4298
v  -0.0229 -0.2463 6.4924
v  -0.0211 -0.2277 6.5576
v  -0.0205 -0.2219 6.6152
v  -0.0200 -0.2163 6.8473
v  -0.0195 -0.2119 6.8540
v  -0.0189 -0.2051 6.8585
v  -0.0181 -0.1978 6.8599
v  -0.1222 0.8756 6.2570
v  -0.1199 0.8656 6.2775
v  -0.1174 0.8424 6.2847
v  -0.1143 0.7912 6.2794
v  -0.0201 0.8848 6.2388
v  -0.0839 0.8817 6.2187
v  -0.1378 0.8764 6.1743
v  -0.7359 0.4948 6.1331
v  -0.8686 0.1739 6.1331
v  -0.8683 -0.1722 6.1331
v  -0.7356 -0.4917 6.1331
v  -0.4909 -0.7361 6.1331
v  -0.1712 -0.8666 6.1331
v  -0.4915 0.7392 6.1332
v  -0.2585 0.8502 6.1225
v  -0.2643 0.8589 5.8350
v  -0.2642 0.8602 5.8004
v  -0.2609 0.8531 6.0249
v  -0.3397 0.8246 6.0248
v  -0.4937 0.7423 6.0248
v  -0.6147 0.6449 6.0249
v  -0.7385 0.4960 6.0248
v  -0.8221 0.3420 6.0248
v  -0.8723 0.1746 6.0248
v  -0.8893 0.0008 6.0247
v  -0.8720 -0.1729 6.0248
v  -0.8212 -0.3400 6.0247
v  -0.7388 -0.4938 6.0248
v  -0.6280 -0.6287 6.0247
v  -0.4930 -0.7393 6.0247
v  -0.3391 -0.8215 6.0247
v  -0.1722 -0.8720 6.0248
v  -0.9071 0.0134 5.5182
v  -0.1636 0.8239 5.7992
v  -0.3182 0.7770 5.7992
v  -0.4661 0.6979 5.7992
v  -0.5253 0.6544 5.7989
v  -0.5949 0.5924 5.7822
v  -0.7035 0.4612 5.7218
v  -0.7822 0.3145 5.6550
v  -0.8307 0.1550 5.5842
v  -0.8309 -0.1643 5.5094
v  -0.7824 -0.3238 5.5088
v  -0.7039 -0.4705 5.5090
v  -0.5985 -0.5990 5.5089
v  -0.4698 -0.7043 5.5099
v  -0.3230 -0.7826 5.5096
v  -0.1639 -0.8309 5.5095
v  -0.5611 0.6243 5.7925
v  -0.8470 -0.0233 5.5090
v  -0.8473 -0.0098 5.5101
v  -0.2466 0.8028 5.7988
v  -0.8474 0.0048 5.5126
v  -0.1678 0.8487 5.7703
v  -0.3285 0.7999 5.7703
v  -0.4795 0.7191 5.7703
v  -0.5369 0.6774 5.7703
v  -0.6106 0.6185 5.7559
v  -0.7205 0.4866 5.6969
v  -0.8035 0.3370 5.6298
v  -0.8534 0.1743 5.5574
v  -0.8552 -0.1693 5.4803
v  -0.8054 -0.3334 5.4803
v  -0.7246 -0.4843 5.4803
v  -0.6160 -0.6167 5.4803
v  -0.4834 -0.7249 5.4803
v  -0.3325 -0.8055 5.4803
v  -0.1688 -0.8552 5.4803
v  -0.5733 0.6498 5.7673
v  -0.8721 -0.0235 5.4803
v  -0.8722 -0.0003 5.4827
v  -0.2539 0.8267 5.7703
v  -0.8722 0.0236 5.4901
v  -0.1721 0.8730 5.7772
v  -0.3385 0.8224 5.7774
v  -0.4927 0.7399 5.7774
v  -0.5511 0.6981 5.7781
v  -0.6278 0.6329 5.7654
v  -0.7395 0.4993 5.7063
v  -0.8239 0.3459 5.6389
v  -0.8772 0.1796 5.5659
v  -0.8794 -0.1743 5.4868
v  -0.8280 -0.3428 5.4868
v  -0.7450 -0.4980 5.4868
v  -0.6333 -0.6340 5.4868
v  -0.4972 -0.7456 5.4868
v  -0.3420 -0.8284 5.4868
v  -0.1735 -0.8792 5.4870
v  -0.5885 0.6668 5.7751
v  -0.8966 -0.0246 5.4868
v  -0.8970 -0.0011 5.4893
v  -0.2611 0.8505 5.7773
v  -0.8967 0.0217 5.4965
v  -0.1655 0.8350 5.7762
v  -0.3228 0.7873 5.7762
v  -0.4721 0.7074 5.7763
v  -0.5298 0.6653 5.7762
v  -0.6011 0.6076 5.7593
v  -0.7104 0.4767 5.7002
v  -0.7901 0.3280 5.6342
v  -0.8401 0.1680 5.5621
v  -0.8417 -0.1665 5.4865
v  -0.7927 -0.3281 5.4863
v  -0.7131 -0.4767 5.4864
v  -0.6063 -0.6069 5.4863
v  -0.4757 -0.7133 5.4865
v  -0.3272 -0.7926 5.4865
v  -0.1660 -0.8416 5.4864
v  -0.5657 0.6381 5.7716
v  -0.8582 -0.0230 5.4863
v  -0.8584 -0.0029 5.4885
v  -0.2498 0.8132 5.7764
v  -0.8585 0.0184 5.4944
v  -0.1734 0.8806 5.7876
v  -0.3414 0.8290 5.7879
v  -0.4965 0.7460 5.7879
v  -0.5566 0.7026 5.7892
v  -0.6330 0.6364 5.7756
v  -0.7457 0.5017 5.7163
v  -0.8310 0.3471 5.6491
v  -0.8849 0.1791 5.5768
v  -0.8871 -0.1759 5.4973
v  -0.8352 -0.3458 5.4971
v  -0.7515 -0.5023 5.4972
v  -0.6389 -0.6396 5.4972
v  -0.5012 -0.7515 5.4979
v  -0.3450 -0.8357 5.4974
v  -0.1750 -0.8864 5.4977
v  -0.5944 0.6706 5.7846
v  -0.9045 -0.0250 5.4972
v  -0.9049 -0.0032 5.4996
v  -0.2634 0.8577 5.7876
v  -0.9045 0.0173 5.5059
v  -0.1701 0.8618 5.7710
v  -0.3339 0.8120 5.7711
v  -0.4866 0.7304 5.7712
v  -0.5444 0.6888 5.7713
v  -0.6197 0.6268 5.7585
v  -0.7305 0.4941 5.6995
v  -0.8141 0.3424 5.6322
v  -0.8661 0.1781 5.5593
v  -0.8682 -0.1720 5.4809
v  -0.8175 -0.3384 5.4809
v  -0.7355 -0.4916 5.4809
v  -0.6253 -0.6260 5.4809
v  -0.4908 -0.7360 5.4809
v  -0.3376 -0.8177 5.4809
v  -0.1713 -0.8681 5.4809
v  -0.5811 0.6595 5.7689
v  -0.8852 -0.0241 5.4809
v  -0.8855 0.0001 5.4834
v  -0.2578 0.8397 5.7710
v  -0.8853 0.0243 5.4911
v  -0.0678 0.8965 5.8349
v  -0.0678 0.8976 5.8001
v  -0.0678 0.8945 5.7860
v  -0.0676 0.8852 5.7753
v  -0.0674 0.8722 5.7702
v  -0.0674 0.8585 5.7703
v  -0.0674 0.8444 5.7762
v  -0.0674 0.8332 5.7988
v  0.3442 0.8317 5.8078
v  0.4996 0.7483 5.8077
v  0.5642 0.7008 5.8073
v  0.6011 0.6698 5.8028
v  0.6359 0.6371 5.7942
v  0.7509 0.4997 5.7349
v  0.8359 0.3443 5.6677
v  0.8891 0.1749 5.5967
v  0.9086 0.0109 5.5247
v  0.9087 -0.0062 5.5195
v  0.9084 -0.0251 5.5173
v  0.8910 -0.1764 5.5175
v  0.8392 -0.3467 5.5171
v  0.7552 -0.5037 5.5173
v  0.6423 -0.6413 5.5173
v  0.5045 -0.7540 5.5180
v  0.3475 -0.8378 5.5177
v  0.1772 -0.8894 5.5176
v  0.0008 -0.9070 5.5174
v  -0.1756 -0.8894 5.5176
v  -0.3458 -0.8378 5.5177
v  -0.5029 -0.7540 5.5180
v  -0.6406 -0.6413 5.5173
v  -0.7535 -0.5037 5.5173
v  -0.8376 -0.3467 5.5171
v  -0.8894 -0.1764 5.5175
v  -0.9068 -0.0251 5.5173
v  -0.9071 -0.0062 5.5195
v  -0.9070 0.0109 5.5247
v  -0.8875 0.1749 5.5967
v  -0.8343 0.3443 5.6677
v  -0.7493 0.4997 5.7349
v  -0.6343 0.6371 5.7942
v  -0.5994 0.6698 5.8028
v  -0.5626 0.7008 5.8073
v  -0.4979 0.7483 5.8077
v  -0.3426 0.8317 5.8078
v  -0.2641 0.8600 5.8074
v  -0.1739 0.8827 5.8078
v  -0.0678 0.8974 5.8077
v  0.0008 0.9002 5.8073
v  0.0694 0.8975 5.8077
v  0.1756 0.8830 5.8078
v  0.2658 0.8602 5.8074
v  0.0208 0.8845 6.2498
v  0.0008 0.8848 6.2493
v  -0.0192 0.8843 6.2497
v  -0.0731 0.8815 6.2504
v  -0.1221 0.8761 6.2500
v  -0.1709 0.8677 6.2492
v  -0.2549 0.8466 6.2500
v  -0.3367 0.8174 6.2490
v  -0.4170 0.7792 6.2496
v  -0.4895 0.7357 6.2491
v  -0.5591 0.6840 6.2490
v  -0.6234 0.6257 6.2490
v  -0.6815 0.5614 6.2490
v  -0.7331 0.4917 6.2490
v  -0.7776 0.4173 6.2490
v  -0.8145 0.3388 6.2490
v  -0.8436 0.2572 6.2490
v  -0.8646 0.1731 6.2490
v  -0.8773 0.0874 6.2490
v  -0.8814 0.0008 6.2490
v  -0.8771 -0.0857 6.2490
v  -0.8644 -0.1714 6.2490
v  -0.8432 -0.2554 6.2490
v  -0.8140 -0.3370 6.2489
v  -0.7769 -0.4152 6.2490
v  -0.7322 -0.4894 6.2490
v  -0.6806 -0.5590 6.2490
v  -0.6224 -0.6231 6.2490
v  -0.5582 -0.6811 6.2490
v  -0.4886 -0.7327 6.2488
v  -0.4143 -0.7772 6.2490
v  -0.3361 -0.8142 6.2490
v  -0.2546 -0.8433 6.2490
v  -0.1706 -0.8643 6.2490
v  -0.0852 -0.8770 6.2490
v  0.0008 -0.8815 6.2490
v  0.0869 -0.8772 6.2490
v  0.1723 -0.8646 6.2490
v  0.2563 -0.8437 6.2490
v  0.3379 -0.8147 6.2490
v  0.4163 -0.7778 6.2490
v  0.4907 -0.7334 6.2489
v  0.5605 -0.6820 6.2490
v  0.6248 -0.6239 6.2490
v  0.6831 -0.5597 6.2490
v  0.7348 -0.4901 6.2490
v  0.7795 -0.4158 6.2490
v  0.8167 -0.3374 6.2490
v  0.8460 -0.2558 6.2490
v  0.8672 -0.1717 6.2490
v  0.8801 -0.0858 6.2490
v  0.8846 0.0008 6.2490
v  0.8803 0.0875 6.2490
v  0.8676 0.1734 6.2491
v  0.8465 0.2576 6.2490
v  0.8173 0.3393 6.2490
v  0.7802 0.4178 6.2490
v  0.7356 0.4923 6.2491
v  0.6839 0.5620 6.2490
v  0.6257 0.6264 6.2490
v  0.5613 0.6846 6.2490
v  0.4915 0.7362 6.2491
v  0.4189 0.7796 6.2496
v  0.3385 0.8177 6.2490
v  0.2566 0.8469 6.2500
v  0.1725 0.8679 6.2492
v  0.1238 0.8762 6.2500
v  0.0747 0.8816 6.2504
v  0.0733 0.8776 6.2696
v  0.0008 0.8815 6.2677
v  0.3373 0.8149 6.2678
v  0.1720 0.8648 6.2678
v  0.4897 0.7335 6.2679
v  0.6232 0.6239 6.2679
v  0.7329 0.4904 6.2679
v  0.8144 0.3381 6.2679
v  0.8644 0.1728 6.2679
v  0.8812 0.0008 6.2678
v  0.8642 -0.1710 6.2678
v  0.8139 -0.3362 6.2678
v  0.7323 -0.4884 6.2676
v  0.6225 -0.6216 6.2674
v  0.4890 -0.7309 6.2673
v  0.3368 -0.8120 6.2672
v  0.1717 -0.8618 6.2671
v  0.0008 -0.8785 6.2670
v  0.0245 0.8808 6.2690
v  0.2558 0.8440 6.2677
v  0.4166 0.7776 6.2674
v  0.5593 0.6822 6.2673
v  0.6815 0.5601 6.2673
v  0.7776 0.4164 6.2673
v  0.8438 0.2567 6.2673
v  0.8773 0.0872 6.2673
v  0.8772 -0.0856 6.2672
v  0.8434 -0.2550 6.2672
v  0.7771 -0.4145 6.2671
v  0.6809 -0.5579 6.2669
v  0.5586 -0.6797 6.2668
v  0.4150 -0.7754 6.2667
v  0.2556 -0.8413 6.2666
v  0.0866 -0.8741 6.2676
v  0.1229 0.8726 6.2687
v  -0.0716 0.8775 6.2695
v  -0.3355 0.8145 6.2676
v  -0.1703 0.8646 6.2678
v  -0.4877 0.7330 6.2676
v  -0.6211 0.6234 6.2675
v  -0.7305 0.4899 6.2675
v  -0.8118 0.3377 6.2675
v  -0.8618 0.1725 6.2674
v  -0.8785 0.0008 6.2673
v  -0.8615 -0.1708 6.2674
v  -0.8113 -0.3358 6.2673
v  -0.7299 -0.4879 6.2672
v  -0.6204 -0.6210 6.2671
v  -0.4871 -0.7304 6.2671
v  -0.3350 -0.8117 6.2671
v  -0.1701 -0.8616 6.2670
v  -0.0229 0.8807 6.2689
v  -0.2541 0.8437 6.2676
v  -0.4147 0.7771 6.2671
v  -0.5572 0.6817 6.2669
v  -0.6793 0.5595 6.2669
v  -0.7751 0.4160 6.2669
v  -0.8411 0.2564 6.2669
v  -0.8746 0.0871 6.2668
v  -0.8745 -0.0854 6.2667
v  -0.8407 -0.2547 6.2667
v  -0.7746 -0.4140 6.2666
v  -0.6786 -0.5573 6.2665
v  -0.5566 -0.6792 6.2665
v  -0.4132 -0.7750 6.2665
v  -0.2539 -0.8410 6.2664
v  -0.0849 -0.8740 6.2675
v  -0.1213 0.8724 6.2686
v  0.0713 0.8596 6.2839
v  0.0008 0.8637 6.2834
v  0.3303 0.7980 6.2836
v  0.1685 0.8472 6.2835
v  0.4795 0.7183 6.2836
v  0.6103 0.6110 6.2837
v  0.7176 0.4802 6.2837
v  0.7973 0.3310 6.2837
v  0.8464 0.1692 6.2837
v  0.8630 0.0008 6.2836
v  0.8464 -0.1675 6.2836
v  0.7973 -0.3294 6.2835
v  0.7175 -0.4785 6.2834
v  0.6102 -0.6092 6.2833
v  0.4794 -0.7165 6.2832
v  0.3303 -0.7962 6.2832
v  0.1684 -0.8452 6.2831
v  0.0008 -0.8618 6.2830
v  0.0335 0.8629 6.2835
v  0.2510 0.8279 6.2831
v  0.4073 0.7632 6.2832
v  0.5484 0.6689 6.2832
v  0.6682 0.5491 6.2832
v  0.7624 0.4083 6.2832
v  0.8272 0.2517 6.2832
v  0.8603 0.0855 6.2832
v  0.8603 -0.0839 6.2831
v  0.8272 -0.2501 6.2831
v  0.7623 -0.4066 6.2830
v  0.6682 -0.5474 6.2829
v  0.5483 -0.6672 6.2827
v  0.4075 -0.7613 6.2826
v  0.2509 -0.8260 6.2826
v  0.0848 -0.8565 6.2834
v  0.1202 0.8551 6.2836
v  -0.0697 0.8596 6.2838
v  -0.3287 0.7979 6.2835
v  -0.1668 0.8472 6.2834
v  -0.4778 0.7182 6.2834
v  -0.6086 0.6109 6.2834
v  -0.7159 0.4802 6.2834
v  -0.7956 0.3310 6.2833
v  -0.8447 0.1691 6.2833
v  -0.8612 0.0008 6.2832
v  -0.8447 -0.1675 6.2832
v  -0.7956 -0.3293 6.2831
v  -0.7158 -0.4784 6.2831
v  -0.6085 -0.6091 6.2830
v  -0.4777 -0.7164 6.2830
v  -0.3286 -0.7961 6.2830
v  -0.1668 -0.8452 6.2830
v  -0.0319 0.8628 6.2835
v  -0.2494 0.8279 6.2830
v  -0.4057 0.7631 6.2830
v  -0.5467 0.6689 6.2829
v  -0.6665 0.5491 6.2829
v  -0.7607 0.4082 6.2829
v  -0.8255 0.2517 6.2828
v  -0.8585 0.0855 6.2827
v  -0.8585 -0.0839 6.2827
v  -0.8254 -0.2500 6.2826
v  -0.7606 -0.4065 6.2825
v  -0.6664 -0.5473 6.2825
v  -0.5466 -0.6671 6.2824
v  -0.4058 -0.7612 6.2824
v  -0.2493 -0.8260 6.2824
v  -0.0832 -0.8565 6.2834
v  -0.1186 0.8550 6.2835
v  0.0429 0.8592 6.2325
v  0.0658 0.8587 6.2250
v  0.1031 0.8590 6.2051
v  0.1260 0.8583 6.1855
v  0.1478 0.8582 6.1589
v  0.1646 0.8582 6.1277
v  0.0008 0.8589 6.2372
v  0.1257 0.8584 5.9341
v  0.0992 0.8584 5.9124
v  0.0683 0.8585 5.8960
v  0.0343 0.8587 5.8858
v  0.1642 0.8582 5.9914
v  0.1475 0.8583 5.9604
v  0.1748 0.8581 6.0937
v  0.1780 0.8581 6.0595
v  0.1745 0.8582 6.0252
v  0.0007 0.8586 5.8829
v  0.0214 0.8590 6.2361
v  0.0843 0.8587 6.2165
v  0.1377 0.8584 6.1728
v  -0.0412 0.8594 6.2324
v  -0.0641 0.8590 6.2248
v  -0.1013 0.8594 6.2048
v  -0.1241 0.8588 6.1851
v  -0.1457 0.8589 6.1587
v  -0.1624 0.8589 6.1274
v  -0.1238 0.8588 5.9344
v  -0.0974 0.8589 5.9128
v  -0.0661 0.8585 5.8964
v  -0.0326 0.8586 5.8863
v  -0.1622 0.8589 5.9916
v  -0.1455 0.8587 5.9609
v  -0.1725 0.8589 6.0936
v  -0.1758 0.8589 6.0595
v  -0.1724 0.8588 6.0253
v  -0.0198 0.8590 6.2360
v  -0.0826 0.8590 6.2162
v  -0.1357 0.8590 6.1725
v  0.0208 0.8557 6.2300
v  0.0008 0.8557 6.2311
v  -0.0192 0.8557 6.2300
v  -0.0398 0.8558 6.2268
v  -0.0618 0.8557 6.2192
v  -0.0798 0.8557 6.2109
v  -0.0979 0.8558 6.2002
v  -0.1197 0.8557 6.1807
v  -0.1310 0.8557 6.1687
v  -0.1405 0.8557 6.1554
v  -0.1567 0.8557 6.1251
v  -0.1665 0.8557 6.0924
v  -0.1696 0.8557 6.0595
v  -0.1663 0.8557 6.0265
v  -0.1564 0.8557 5.9940
v  -0.1403 0.8557 5.9642
v  -0.1194 0.8557 5.9388
v  -0.0940 0.8557 5.9179
v  -0.0640 0.8556 5.9018
v  -0.0314 0.8557 5.8920
v  0.0008 0.8557 5.8887
v  0.0331 0.8556 5.8920
v  0.0657 0.8556 5.9018
v  0.0956 0.8556 5.9179
v  0.1211 0.8556 5.9388
v  0.1419 0.8556 5.9642
v  0.1581 0.8556 5.9940
v  0.1679 0.8556 6.0265
v  0.1712 0.8556 6.0595
v  0.1681 0.8556 6.0924
v  0.1583 0.8556 6.1251
v  0.1421 0.8556 6.1554
v  0.1326 0.8556 6.1687
v  0.1214 0.8556 6.1807
v  0.0995 0.8557 6.2002
v  0.0814 0.8556 6.2109
v  0.0634 0.8556 6.2192
v  0.0414 0.8558 6.2268
v  0.1814 0.8662 6.0595
v  0.1778 0.8661 6.0246
v  0.1672 0.8661 5.9902
v  0.1501 0.8662 5.9587
v  0.1278 0.8657 5.9321
v  0.1009 0.8658 5.9099
v  0.0693 0.8656 5.8932
v  0.0348 0.8661 5.8831
v  0.0008 0.8664 5.8799
v  -0.0331 0.8662 5.8834
v  -0.0674 0.8656 5.8938
v  -0.0988 0.8657 5.9106
v  -0.1257 0.8659 5.9325
v  -0.1477 0.8657 5.9593
v  -0.1646 0.8667 5.9906
v  -0.1751 0.8665 6.0248
v  -0.1784 0.8662 6.0595
v  -0.1751 0.8660 6.0941
v  -0.1648 0.8657 6.1284
v  -0.1479 0.8660 6.1601
v  -0.1376 0.8660 6.1741
v  -0.1259 0.8660 6.1871
v  -0.1025 0.8659 6.2066
v  -0.0837 0.8662 6.2184
v  -0.0650 0.8660 6.2271
v  -0.0417 0.8660 6.2344
v  -0.0201 0.8655 6.2385
v  0.0008 0.8657 6.2399
v  0.0217 0.8661 6.2386
v  0.0434 0.8656 6.2348
v  0.0668 0.8659 6.2276
v  0.0856 0.8655 6.2189
v  0.1046 0.8657 6.2072
v  0.1282 0.8653 6.1877
v  0.1400 0.8650 6.1747
v  0.1505 0.8654 6.1607
v  0.1676 0.8658 6.1289
v  0.1781 0.8655 6.0944
v  0.0201 0.8557 6.2233
v  0.0008 0.8556 6.2243
v  -0.0185 0.8556 6.2233
v  -0.0382 0.8556 6.2202
v  -0.0593 0.8556 6.2129
v  -0.0766 0.8556 6.2049
v  -0.0939 0.8556 6.1947
v  -0.1150 0.8556 6.1759
v  -0.1258 0.8556 6.1644
v  -0.1347 0.8556 6.1519
v  -0.1504 0.8557 6.1225
v  -0.1598 0.8557 6.0911
v  -0.1628 0.8557 6.0595
v  -0.1596 0.8557 6.0279
v  -0.1502 0.8557 5.9966
v  -0.1347 0.8557 5.9680
v  -0.1146 0.8557 5.9436
v  -0.0902 0.8557 5.9235
v  -0.0614 0.8556 5.9081
v  -0.0301 0.8557 5.8987
v  0.0008 0.8557 5.8955
v  0.0317 0.8556 5.8987
v  0.0631 0.8556 5.9081
v  0.0918 0.8556 5.9235
v  0.1163 0.8556 5.9436
v  0.1363 0.8556 5.9680
v  0.1518 0.8556 5.9966
v  0.1613 0.8556 6.0279
v  0.1644 0.8556 6.0595
v  0.1614 0.8556 6.0911
v  0.1520 0.8556 6.1225
v  0.1363 0.8556 6.1519
v  0.1274 0.8556 6.1644
v  0.1166 0.8556 6.1759
v  0.0955 0.8557 6.1947
v  0.0783 0.8556 6.2049
v  0.0609 0.8556 6.2129
v  0.0398 0.8558 6.2202
v  0.0008 0.8557 6.0806
v  0.0451 0.8838 6.2416
v  0.0692 0.8827 6.2338
v  0.0887 0.8813 6.2247
v  0.1085 0.8793 6.2127
v  0.1327 0.8759 6.1927
v  0.1450 0.8745 6.1791
v  0.1560 0.8725 6.1644
v  0.1737 0.8702 6.1316
v  0.1846 0.8692 6.0957
v  0.1881 0.8698 6.0593
v  0.1843 0.8719 6.0228
v  0.1722 0.8769 5.9878
v  0.1547 0.8813 5.9554
v  0.1320 0.8860 5.9277
v  0.1042 0.8905 5.9049
v  0.0716 0.8941 5.8874
v  0.0361 0.8966 5.8767
v  0.0008 0.8976 5.8731
v  -0.0345 0.8966 5.8767
v  -0.0700 0.8941 5.8873
v  -0.1026 0.8905 5.9049
v  -0.1304 0.8860 5.9277
v  -0.1531 0.8813 5.9554
v  -0.1707 0.8769 5.9879
v  -0.1815 0.8733 6.0234
v  -0.1852 0.8715 6.0594
v  -0.1817 0.8710 6.0954
v  -0.1711 0.8719 6.1311
v  -0.1537 0.8741 6.1637
v  -0.1430 0.8754 6.1786
v  -0.1305 0.8769 6.1919
v  -0.1071 0.8793 6.2128
v  -0.0870 0.8811 6.2247
v  -0.0676 0.8826 6.2336
v  -0.0436 0.8839 6.2420
v  0.0008 0.0008 6.8599
v  0.1629 0.8142 6.0941
v  0.3155 0.7682 6.0942
v  0.4616 0.6905 6.0944
v  0.5196 0.6471 6.0941
v  0.5882 0.5859 6.0941
v  0.6953 0.4566 6.0941
v  0.7728 0.3119 6.0941
v  0.8206 0.1546 6.0941
v  0.8209 -0.1601 6.0941
v  0.7730 -0.3175 6.0941
v  0.6956 -0.4621 6.0941
v  0.5917 -0.5888 6.0941
v  0.4648 -0.6926 6.0941
v  0.3201 -0.7699 6.0941
v  0.1632 -0.8174 6.0941
v  0.5549 0.6174 6.0941
v  0.8368 -0.0212 6.0941
v  0.8371 -0.0079 6.0941
v  0.0008 -0.8336 6.0941
v  0.0008 0.8304 6.0941
v  0.2447 0.7933 6.0941
v  0.8371 0.0066 6.0941
v  0.0685 0.8276 6.0941
v  -0.1612 0.8139 6.0940
v  -0.3137 0.7677 6.0940
v  -0.4596 0.6899 6.0941
v  -0.5180 0.6471 6.0941
v  -0.5865 0.5859 6.0941
v  -0.6937 0.4566 6.0941
v  -0.7712 0.3119 6.0941
v  -0.8190 0.1546 6.0941
v  -0.8193 -0.1601 6.0941
v  -0.7714 -0.3175 6.0941
v  -0.6940 -0.4621 6.0941
v  -0.5901 -0.5888 6.0941
v  -0.4632 -0.6926 6.0941
v  -0.3185 -0.7699 6.0941
v  -0.1616 -0.8174 6.0941
v  -0.5532 0.6174 6.0941
v  -0.8352 -0.0212 6.0941
v  -0.8354 -0.0079 6.0941
v  -0.2431 0.7933 6.0941
v  -0.8355 0.0066 6.0941
v  -0.0665 0.8233 6.0941
v  0.1274 0.6639 6.2099
v  0.2464 0.6278 6.2102
v  0.3603 0.5669 6.2099
v  0.4059 0.5334 6.2099
v  0.4594 0.4857 6.2099
v  0.5430 0.3847 6.2099
v  0.6036 0.2717 6.2099
v  0.6410 0.1489 6.2102
v  0.6412 -0.0968 6.2102
v  0.6038 -0.2197 6.2102
v  0.5433 -0.3326 6.2099
v  0.4622 -0.4315 6.2099
v  0.3631 -0.5126 6.2099
v  0.2501 -0.5729 6.2102
v  0.1276 -0.6101 6.2102
v  0.4334 0.5102 6.2099
v  0.6536 0.0117 6.2102
v  0.6538 0.0221 6.2102
v  0.0008 -0.6227 6.2102
v  0.0008 0.6766 6.2099
v  0.1913 0.6476 6.2099
v  0.6539 0.0333 6.2102
v  0.0537 0.6744 6.2099
v  -0.1258 0.6639 6.2102
v  -0.2448 0.6278 6.2102
v  -0.3586 0.5669 6.2099
v  -0.4042 0.5334 6.2099
v  -0.4578 0.4857 6.2099
v  -0.5414 0.3847 6.2099
v  -0.6020 0.2718 6.2101
v  -0.6393 0.1489 6.2099
v  -0.6395 -0.0968 6.2099
v  -0.6022 -0.2197 6.2102
v  -0.5418 -0.3326 6.2102
v  -0.4606 -0.4316 6.2102
v  -0.3615 -0.5126 6.2102
v  -0.2485 -0.5729 6.2102
v  -0.1260 -0.6101 6.2102
v  -0.4318 0.5102 6.2099
v  -0.6519 0.0117 6.2099
v  -0.6521 0.0221 6.2099
v  -0.1897 0.6477 6.2102
v  -0.6522 0.0333 6.2099
v  -0.0517 0.6710 6.2099
v  0.1518 0.7692 6.1845
v  0.2942 0.7260 6.1851
v  0.4296 0.6538 6.1859
v  0.4842 0.6139 6.1863
v  0.5484 0.5564 6.1867
v  0.6475 0.4361 6.1871
v  0.7194 0.3012 6.1877
v  0.7634 0.1548 6.1882
v  0.7633 -0.1382 6.1900
v  0.7190 -0.2844 6.1913
v  0.6471 -0.4189 6.1924
v  0.5505 -0.5368 6.1933
v  0.4325 -0.6335 6.1942
v  0.2979 -0.7053 6.1948
v  0.1519 -0.7495 6.1950
v  0.5171 0.5861 6.1865
v  0.7778 -0.0093 6.1887
v  0.7781 0.0035 6.1885
v  0.0008 -0.7645 6.1950
v  0.0002 0.7905 6.1924
v  0.2281 0.7498 6.1848
v  0.7782 0.0174 6.1884
v  0.0640 0.7816 6.1843
v  -0.1499 0.7691 6.1844
v  -0.2925 0.7259 6.1849
v  -0.4278 0.6536 6.1856
v  -0.4824 0.6136 6.1859
v  -0.5465 0.5562 6.1863
v  -0.6456 0.4359 6.1866
v  -0.7174 0.3011 6.1870
v  -0.7614 0.1548 6.1875
v  -0.7613 -0.1381 6.1893
v  -0.7171 -0.2843 6.1908
v  -0.6452 -0.4188 6.1919
v  -0.5487 -0.5366 6.1929
v  -0.4307 -0.6333 6.1939
v  -0.2962 -0.7052 6.1946
v  -0.1503 -0.7495 6.1949
v  -0.5152 0.5858 6.1861
v  -0.7758 -0.0093 6.1880
v  -0.7760 0.0035 6.1879
v  -0.2264 0.7497 6.1847
v  -0.7762 0.0174 6.1878
v  -0.0622 0.7791 6.1860
v  0.1411 0.7231 6.2059
v  0.2732 0.6830 6.2063
v  0.3990 0.6158 6.2067
v  0.4497 0.5787 6.2070
v  0.5092 0.5255 6.2073
v  0.6013 0.4137 6.2076
v  0.6681 0.2885 6.2080
v  0.7090 0.1525 6.2085
v  0.7089 -0.1195 6.2097
v  0.6677 -0.2553 6.2105
v  0.6008 -0.3802 6.2111
v  0.5111 -0.4896 6.2117
v  0.4015 -0.5792 6.2122
v  0.2766 -0.6460 6.2127
v  0.1411 -0.6870 6.2129
v  0.4802 0.5529 6.2071
v  0.7225 0.0002 6.2089
v  0.7228 0.0120 6.2087
v  0.0008 -0.7009 6.2129
v  0.0004 0.7413 6.2105
v  0.2119 0.7051 6.2060
v  0.7229 0.0248 6.2087
v  0.0595 0.7347 6.2057
v  -0.1393 0.7231 6.2059
v  -0.2716 0.6830 6.2062
v  -0.3973 0.6157 6.2065
v  -0.4479 0.5785 6.2068
v  -0.5074 0.5253 6.2070
v  -0.5995 0.4135 6.2073
v  -0.6662 0.2883 6.2077
v  -0.7071 0.1525 6.2080
v  -0.7070 -0.1195 6.2092
v  -0.6658 -0.2552 6.2102
v  -0.5991 -0.3801 6.2109
v  -0.5094 -0.4895 6.2116
v  -0.3998 -0.5791 6.2122
v  -0.2749 -0.6459 6.2126
v  -0.1394 -0.6870 6.2128
v  -0.4784 0.5528 6.2069
v  -0.7206 0.0002 6.2084
v  -0.7208 0.0120 6.2082
v  -0.2102 0.7051 6.2061
v  -0.7209 0.0248 6.2082
v  -0.0577 0.7320 6.2067
v  0.1591 0.7993 6.1445
v  0.3083 0.7542 6.1450
v  0.4506 0.6784 6.1456
v  0.5076 0.6362 6.1458
v  0.5747 0.5762 6.1461
v  0.6789 0.4500 6.1465
v  0.7545 0.3086 6.1469
v  0.8008 0.1551 6.1474
v  0.8008 -0.1522 6.1488
v  0.7542 -0.3056 6.1497
v  0.6787 -0.4467 6.1505
v  0.5774 -0.5703 6.1512
v  0.4536 -0.6716 6.1518
v  0.3123 -0.7470 6.1522
v  0.1593 -0.7934 6.1524
v  0.5420 0.6072 6.1459
v  0.8162 -0.0168 6.1479
v  0.8165 -0.0036 6.1478
v  0.0008 -0.8091 6.1523
v  0.0005 0.8188 6.1493
v  0.2391 0.7789 6.1447
v  0.8166 0.0108 6.1477
v  0.0670 0.8123 6.1444
v  -0.1573 0.7991 6.1444
v  -0.3066 0.7538 6.1447
v  -0.4487 0.6780 6.1453
v  -0.5058 0.6361 6.1455
v  -0.5729 0.5761 6.1458
v  -0.6771 0.4499 6.1462
v  -0.7526 0.3085 6.1466
v  -0.7989 0.1551 6.1470
v  -0.7990 -0.1521 6.1484
v  -0.7524 -0.3056 6.1494
v  -0.6770 -0.4466 6.1502
v  -0.5756 -0.5702 6.1509
v  -0.4519 -0.6715 6.1516
v  -0.3107 -0.7469 6.1520
v  -0.1576 -0.7933 6.1523
v  -0.5403 0.6070 6.1457
v  -0.8143 -0.0168 6.1475
v  -0.8146 -0.0035 6.1474
v  -0.2374 0.7789 6.1446
v  -0.8147 0.0108 6.1473
v  -0.0651 0.8090 6.1454
v  0.3535 0.5572 6.2099
v  0.2415 0.6172 6.2102
v  0.1876 0.6365 6.2099
v  0.1249 0.6525 6.2099
v  0.0526 0.6628 6.2099
v  0.0010 0.6649 6.2099
v  -0.0506 0.6594 6.2099
v  -0.1235 0.6525 6.2102
v  -0.1860 0.6366 6.2102
v  -0.2399 0.6172 6.2102
v  -0.3518 0.5572 6.2099
v  -0.3965 0.5245 6.2099
v  -0.4234 0.5018 6.2099
v  -0.4488 0.4779 6.2099
v  -0.5309 0.3786 6.2099
v  -0.5904 0.2679 6.2101
v  -0.6269 0.1474 6.2099
v  -0.6396 0.0338 6.2099
v  -0.6395 0.0231 6.2099
v  -0.6393 0.0132 6.2099
v  -0.6272 -0.0935 6.2099
v  -0.5905 -0.2140 6.2102
v  -0.5313 -0.3247 6.2102
v  -0.4517 -0.4218 6.2102
v  -0.3545 -0.5013 6.2102
v  -0.2437 -0.5604 6.2101
v  -0.1235 -0.5968 6.2101
v  0.0008 -0.6092 6.2101
v  0.1252 -0.5968 6.2101
v  0.2453 -0.5604 6.2101
v  0.3561 -0.5012 6.2099
v  0.4533 -0.4217 6.2099
v  0.5329 -0.3247 6.2099
v  0.5922 -0.2140 6.2102
v  0.6288 -0.0935 6.2102
v  0.6410 0.0132 6.2102
v  0.6412 0.0231 6.2102
v  0.6413 0.0338 6.2102
v  0.6286 0.1474 6.2102
v  0.5920 0.2679 6.2099
v  0.5326 0.3786 6.2099
v  0.4504 0.4779 6.2099
v  0.4250 0.5018 6.2099
v  0.3981 0.5245 6.2099
v  0.0008 0.1266 6.2100
v  -0.1491 -5.4794 3.2513
v  -0.3766 -5.2930 3.1208
v  0.0737 -5.4971 3.2637
v  -0.0000 -5.5027 3.2676
v  0.2216 -5.4486 3.2297
v  0.2864 -5.4055 3.1995
v  0.3766 -5.2930 3.1208
v  0.3982 -5.2313 3.0776
v  0.3982 -5.1106 2.9930
v  0.3766 -5.0488 2.9498
v  0.2864 -4.9363 2.8710
v  0.2216 -4.8933 2.8409
v  0.0737 -4.8447 2.8069
v  0.0000 -4.8392 2.8030
v  -0.0737 -4.8447 2.8069
v  -0.2216 -4.8933 2.8409
v  -0.2864 -4.9363 2.8710
v  -0.3982 -5.1106 2.9930
v  0.4050 -5.1709 3.0353
v  0.3390 -5.3525 3.1624
v  0.1491 -5.4794 3.2513
v  -0.0000 -5.1739 3.6206
v  -0.0000 -5.0292 3.7262
v  0.0000 -4.7174 3.8878
v  0.0000 -4.5556 3.9428
v  0.0000 -4.3933 3.9809
v  0.1491 -4.0765 3.9816
v  0.2864 -4.0765 3.8914
v  0.3390 -4.0765 3.3834
v  0.2216 -4.0765 3.2660
v  0.1491 -4.0765 3.2284
v  0.0000 -4.0765 3.2000
v  -0.0737 -4.0765 3.2068
v  -0.3390 -4.0765 3.3834
v  -0.3982 -4.0765 3.5313
v  -0.3982 -4.0765 3.6787
v  -0.3390 -4.0765 3.8266
v  -0.1491 -4.0765 3.9816
v  0.0000 -4.8762 3.8155
v  -0.0000 -5.3076 3.5001
v  -0.0000 -5.4097 3.3879
v  -0.0737 -5.4971 3.2637
v  -0.2216 -5.4486 3.2297
v  -0.2864 -5.4055 3.1995
v  -0.3390 -5.3525 3.1624
v  -0.3982 -5.2313 3.0776
v  -0.4050 -5.1709 3.0353
v  -0.3766 -5.0488 2.9498
v  -0.3390 -4.9894 2.9082
v  -0.1491 -4.8625 2.8193
v  0.1491 -4.8625 2.8193
v  0.3390 -4.9894 2.9082
v  0.4050 -5.0995 3.1275
v  0.3983 -4.9692 3.1621
v  0.4050 -5.0212 3.2137
v  -0.3982 -4.9691 3.1616
v  -0.4050 -5.0995 3.1275
v  -0.4050 -5.0212 3.2137
v  0.3983 -5.1560 3.1749
v  0.3766 -5.2137 3.2233
v  0.3390 -5.2693 3.2700
v  0.2864 -5.3189 3.3116
v  0.2217 -5.3592 3.3454
v  0.1491 -5.3880 3.3696
v  0.0737 -5.4046 3.3835
v  0.0737 -5.3028 3.4953
v  0.0739 -5.1695 3.6154
v  0.0757 -5.0253 3.7201
v  0.0737 -4.8731 3.8095
v  0.0737 -4.7149 3.8815
v  0.0737 -4.5537 3.9363
v  0.0737 -4.3921 3.9743
v  0.1491 -4.3882 3.9530
v  0.2216 -4.3813 3.9160
v  0.2864 -4.3718 3.8643
v  0.3390 -4.3600 3.8006
v  0.3766 -4.3468 3.7293
v  0.3982 -4.3331 3.6552
v  0.4050 -4.3196 3.5827
v  0.3982 -4.3062 3.5102
v  0.3766 -4.2925 3.4361
v  0.3390 -4.2793 3.3648
v  0.2864 -4.2675 3.3011
v  0.2216 -4.2580 3.2494
v  0.1491 -4.2511 3.2124
v  0.0737 -4.2472 3.1911
v  0.0000 -4.2460 3.1844
v  -0.0737 -4.2472 3.1911
v  -0.1491 -4.2511 3.2124
v  -0.2216 -4.2580 3.2494
v  -0.2864 -4.2675 3.3011
v  -0.3390 -4.2793 3.3648
v  -0.3766 -4.2925 3.4361
v  -0.3982 -4.3062 3.5102
v  -0.4050 -4.3196 3.5827
v  -0.3982 -4.3331 3.6552
v  -0.3766 -4.3468 3.7293
v  -0.3390 -4.3600 3.8006
v  -0.2864 -4.3718 3.8643
v  -0.2198 -4.3808 3.9132
v  -0.1491 -4.3882 3.9530
v  -0.0737 -4.3921 3.9743
v  -0.0737 -4.5537 3.9363
v  -0.0737 -4.7149 3.8815
v  -0.0737 -4.8731 3.8095
v  -0.0737 -5.0255 3.7205
v  -0.0737 -5.1696 3.6154
v  -0.0737 -5.3028 3.4953
v  -0.0737 -5.4046 3.3835
v  -0.1491 -5.3880 3.3696
v  -0.2217 -5.3592 3.3454
v  -0.2864 -5.3189 3.3116
v  -0.3390 -5.2692 3.2700
v  -0.3766 -5.2137 3.2233
v  -0.3983 -5.1560 3.1749
v  -0.3766 -4.9158 3.1083
v  -0.3390 -4.8645 3.0570
v  -0.2864 -4.8187 3.0112
v  -0.2216 -4.7815 2.9740
v  -0.1491 -4.7550 2.9474
v  -0.0737 -4.7396 2.9321
v  0.0000 -4.7349 2.9273
v  0.0737 -4.7396 2.9321
v  0.1491 -4.7550 2.9474
v  0.2227 -4.7822 2.9744
v  0.2864 -4.8187 3.0112
v  0.3390 -4.8645 3.0570
v  0.3766 -4.9158 3.1083
v  0.1491 -5.2875 3.4800
v  0.2216 -5.2609 3.4534
v  0.2864 -5.2237 3.4162
v  0.3390 -5.1779 3.3704
v  0.3766 -5.1267 3.3191
v  0.3982 -5.0733 3.2658
v  -0.3982 -5.0733 3.2658
v  -0.3766 -5.1267 3.3191
v  -0.3390 -5.1779 3.3704
v  -0.2864 -5.2237 3.4162
v  -0.2216 -5.2609 3.4534
v  -0.1491 -5.2875 3.4800
v  0.1491 -5.1560 3.5985
v  0.1491 -5.0137 3.7024
v  0.1491 -4.8631 3.7902
v  0.1491 -4.7069 3.8613
v  0.2216 -5.1323 3.5694
v  0.2216 -4.9931 3.6709
v  0.2860 -5.0997 3.5285
v  0.2864 -4.9643 3.6269
v  0.2216 -4.8459 3.7569
v  0.2216 -4.6931 3.8264
v  0.2859 -4.8218 3.7105
v  0.2864 -4.6737 3.7775
v  0.1491 -4.5478 3.9154
v  0.2216 -4.5374 3.8793
v  0.2864 -4.5230 3.8287
v  0.3390 -5.0583 3.4783
v  0.3390 -4.9289 3.5727
v  0.3766 -5.0126 3.4219
v  0.3766 -4.8892 3.5120
v  0.3390 -4.7919 3.6526
v  0.3390 -4.6499 3.7172
v  0.3766 -4.7586 3.5882
v  0.3766 -4.6232 3.6498
v  0.3982 -4.9651 3.3634
v  0.3982 -4.8479 3.4489
v  0.4050 -4.9186 3.3062
v  0.3982 -4.7673 3.3255
v  0.4050 -4.8076 3.3872
v  0.3982 -4.7235 3.5215
v  0.3982 -4.5954 3.5797
v  0.4050 -4.6902 3.4557
v  0.3982 -4.5412 3.4427
v  0.4050 -4.5683 3.5112
v  0.3390 -4.5051 3.7665
v  0.3766 -4.4852 3.6967
v  0.3982 -4.4644 3.6243
v  0.4050 -4.4442 3.5534
v  0.3766 -4.7260 3.2624
v  0.3766 -4.5134 3.3726
v  0.3390 -4.6863 3.2017
v  0.2864 -4.6509 3.1475
v  0.3390 -4.4867 3.3051
v  0.2864 -4.4629 3.2449
v  0.2216 -4.6221 3.1035
v  0.1497 -4.6013 3.0725
v  0.2216 -4.4435 3.1960
v  0.1491 -4.4297 3.1611
v  0.0737 -4.5897 3.0539
v  0.0000 -4.5860 3.0482
v  0.0737 -4.4217 3.1409
v  0.0000 -4.4192 3.1346
v  -0.0737 -4.5897 3.0539
v  -0.1491 -4.6016 3.0720
v  -0.0737 -4.4217 3.1409
v  -0.1491 -4.4297 3.1611
v  -0.2216 -4.6221 3.1035
v  -0.2864 -4.6509 3.1475
v  -0.2216 -4.4435 3.1960
v  -0.2864 -4.4629 3.2449
v  -0.3390 -4.6863 3.2017
v  -0.3766 -4.7260 3.2624
v  -0.3390 -4.4867 3.3051
v  -0.3766 -4.5134 3.3726
v  -0.3982 -4.7673 3.3255
v  -0.4050 -4.8076 3.3872
v  -0.4050 -4.9186 3.3062
v  -0.3982 -4.9651 3.3634
v  -0.3982 -4.8479 3.4489
v  -0.3982 -4.5412 3.4427
v  -0.4050 -4.5683 3.5112
v  -0.4050 -4.6902 3.4557
v  -0.3982 -4.7240 3.5212
v  -0.3982 -4.5954 3.5797
v  -0.4050 -4.4442 3.5534
v  -0.3982 -4.4644 3.6243
v  -0.3766 -5.0126 3.4219
v  -0.3766 -4.8892 3.5120
v  -0.3766 -4.7586 3.5882
v  -0.3766 -4.6232 3.6498
v  -0.3390 -5.0583 3.4783
v  -0.3390 -4.9289 3.5727
v  -0.2864 -5.0991 3.5285
v  -0.2864 -4.9643 3.6269
v  -0.3390 -4.7919 3.6526
v  -0.3390 -4.6499 3.7172
v  -0.2864 -4.8217 3.7101
v  -0.2864 -4.6737 3.7775
v  -0.3766 -4.4852 3.6967
v  -0.3390 -4.5051 3.7665
v  -0.2864 -4.5230 3.8287
v  -0.2216 -5.1323 3.5694
v  -0.2216 -4.9931 3.6709
v  -0.1491 -5.1560 3.5985
v  -0.1491 -5.0137 3.7024
v  -0.2216 -4.8459 3.7569
v  -0.2216 -4.6931 3.8264
v  -0.1491 -4.8631 3.7902
v  -0.1491 -4.7069 3.8613
v  -0.2216 -4.5374 3.8793
v  -0.1491 -4.5478 3.9154
v  -0.0737 -0.7242 4.0032
v  -0.0737 -4.0765 4.0032
v  0.0000 -0.7242 4.0100
v  0.0000 -4.0765 4.0100
v  0.0737 -0.7242 4.0032
v  0.1491 -0.7242 3.9816
v  0.0737 -4.0765 4.0032
v  0.2216 -0.7242 3.9440
v  0.2864 -0.7242 3.8914
v  0.2216 -4.0765 3.9440
v  0.3390 -0.7242 3.8266
v  0.3766 -0.7242 3.7541
v  0.3390 -4.0765 3.8266
v  0.3982 -0.7242 3.6787
v  0.3766 -4.0765 3.7541
v  0.4050 -0.7242 3.6050
v  0.3982 -4.0765 3.6787
v  0.3982 -0.7242 3.5313
v  0.4050 -4.0765 3.6050
v  0.3766 -0.7242 3.4559
v  0.3982 -4.0765 3.5313
v  0.3766 -4.0765 3.4559
v  0.3390 -0.7242 3.3834
v  0.2864 -0.7242 3.3186
v  0.2216 -0.7242 3.2660
v  0.2864 -4.0765 3.3186
v  0.1491 -0.7242 3.2284
v  0.0737 -0.7242 3.2068
v  0.0737 -4.0765 3.2068
v  0.0000 -0.7242 3.2000
v  -0.0737 -0.7242 3.2068
v  -0.1491 -0.7242 3.2284
v  -0.1491 -4.0765 3.2284
v  -0.2216 -0.7242 3.2660
v  -0.2216 -4.0765 3.2660
v  -0.2864 -0.7242 3.3186
v  -0.3390 -0.7242 3.3834
v  -0.2864 -4.0765 3.3186
v  -0.3766 -0.7242 3.4559
v  -0.3766 -4.0765 3.4559
v  -0.3982 -0.7242 3.5313
v  -0.4050 -0.7242 3.6050
v  -0.4050 -4.0765 3.6050
v  -0.3982 -0.7242 3.6787
v  -0.3766 -0.7242 3.7541
v  -0.3766 -4.0765 3.7541
v  -0.3390 -0.7242 3.8266
v  -0.2864 -0.7242 3.8914
v  -0.2864 -4.0765 3.8914
v  -0.2216 -0.7242 3.9440
v  -0.2216 -4.0765 3.9440
v  -0.1491 -0.7242 3.9816
v  0.3985 -4.4260 3.4843
v  0.3772 -4.4051 3.4115
v  0.3398 -4.3849 3.3414
v  0.2873 -4.3669 3.2787
v  0.2224 -4.3522 3.2277
v  0.1497 -4.3418 3.1913
v  0.0740 -4.3357 3.1703
v  0.0000 -4.3338 3.1637
v  -0.0740 -4.3357 3.1703
v  -0.1497 -4.3418 3.1913
v  -0.2224 -4.3522 3.2277
v  -0.2873 -4.3669 3.2787
v  -0.3398 -4.3849 3.3414
v  -0.3772 -4.4051 3.4115
v  -0.3985 -4.4260 3.4843
v  0.3984 -4.6579 3.3905
v  0.3769 -4.6231 3.3235
v  0.3394 -4.5897 3.2589
v  0.2868 -4.5598 3.2012
v  0.2220 -4.5355 3.1544
v  0.1493 -4.5181 3.1209
v  0.0738 -4.5081 3.1016
v  0.0000 -4.5050 3.0955
v  -0.0738 -4.5081 3.1016
v  -0.1493 -4.5181 3.1209
v  -0.2220 -4.5355 3.1544
v  -0.2868 -4.5598 3.2012
v  -0.3394 -4.5897 3.2589
v  -0.3769 -4.6231 3.3235
v  -0.3984 -4.6579 3.3905
v  0.3984 -4.8731 3.2493
v  0.3768 -4.8255 3.1907
v  0.3393 -4.7796 3.1343
v  0.2867 -4.7387 3.0839
v  0.2219 -4.7054 3.0429
v  0.1493 -4.6816 3.0137
v  0.0738 -4.6679 2.9968
v  0.0000 -4.6636 2.9915
v  -0.0738 -4.6679 2.9968
v  -0.1491 -4.6820 3.0141
v  -0.2219 -4.7054 3.0429
v  -0.2867 -4.7387 3.0839
v  -0.3393 -4.7796 3.1343
v  -0.3768 -4.8255 3.1907
v  -0.3984 -4.8731 3.2493
v  -0.3982 -5.0430 3.0801
v  -0.3766 -4.9853 3.0316
v  -0.3389 -4.9298 2.9851
v  -0.2863 -4.8802 2.9435
v  -0.2216 -4.8399 2.9096
v  -0.1491 -4.8111 2.8855
v  -0.0737 -4.7947 2.8716
v  0.0000 -4.7895 2.8673
v  0.0737 -4.7947 2.8716
v  0.1490 -4.8112 2.8856
v  0.2215 -4.8400 2.9097
v  0.2863 -4.8802 2.9435
v  0.3389 -4.9298 2.9851
v  0.3765 -4.9853 3.0317
v  0.3982 -5.0430 3.0801
v  0.0000 -4.2357 4.0018
v  0.0737 -4.2351 3.9951
v  0.1493 -4.2331 3.9742
v  0.2220 -4.2297 3.9366
v  0.2867 -4.2249 3.8841
v  0.3393 -4.2189 3.8195
v  0.3768 -4.2123 3.7472
v  0.3983 -4.2054 3.6721
v  0.4050 -4.1987 3.5987
v  0.3980 -4.1918 3.5251
v  0.3762 -4.1850 3.4502
v  0.3386 -4.1784 3.3781
v  0.2860 -4.1725 3.3138
v  0.2213 -4.1677 3.2616
v  0.1488 -4.1642 3.2243
v  0.0736 -4.1623 3.2028
v  0.0000 -4.1616 3.1961
v  -0.0736 -4.1623 3.2028
v  -0.1491 -4.1642 3.2237
v  -0.2216 -4.1676 3.2611
v  -0.2864 -4.1724 3.3134
v  -0.3390 -4.1783 3.3778
v  -0.3762 -4.1850 3.4502
v  -0.3980 -4.1918 3.5251
v  -0.4050 -4.1987 3.5987
v  -0.3983 -4.2054 3.6721
v  -0.3768 -4.2123 3.7472
v  -0.3393 -4.2189 3.8195
v  -0.2867 -4.2249 3.8841
v  -0.2220 -4.2297 3.9366
v  -0.1493 -4.2331 3.9742
v  -0.0737 -4.2351 3.9951
v  0.0000 -5.2742 2.8878
v  -0.0737 -5.6004 3.1163
v  -0.0726 -5.5956 3.1129
v  -0.0737 -5.5970 3.1212
v  -0.0000 -5.6059 3.1201
v  -0.0000 -5.6025 3.1251
v  -0.0000 -5.6010 3.1167
v  -0.1491 -5.5826 3.1038
v  -0.1469 -5.5781 3.1006
v  -0.1491 -5.5792 3.1087
v  -0.2216 -5.5519 3.0823
v  -0.2183 -5.5477 3.0794
v  -0.2216 -5.5484 3.0872
v  -0.2864 -5.5088 3.0521
v  -0.2821 -5.5053 3.0497
v  -0.2864 -5.5053 3.0570
v  -0.3390 -5.4557 3.0150
v  -0.3340 -5.4530 3.0131
v  -0.3390 -5.4523 3.0199
v  -0.3766 -5.3963 2.9734
v  -0.3710 -5.3945 2.9721
v  -0.3766 -5.3929 2.9783
v  -0.3982 -5.3345 2.9301
v  -0.3923 -5.3336 2.9295
v  -0.3982 -5.3311 2.9350
v  0.0737 -5.6004 3.1163
v  0.0737 -5.5970 3.1212
v  0.0726 -5.5956 3.1129
v  0.1491 -5.5826 3.1038
v  0.1491 -5.5792 3.1087
v  0.1469 -5.5781 3.1006
v  0.2216 -5.5519 3.0823
v  0.2216 -5.5484 3.0872
v  0.2183 -5.5477 3.0794
v  0.2864 -5.5088 3.0521
v  0.2864 -5.5053 3.0570
v  0.2821 -5.5053 3.0497
v  0.3390 -5.4557 3.0150
v  0.3390 -5.4523 3.0199
v  0.3340 -5.4530 3.0131
v  0.3766 -5.3963 2.9734
v  0.3766 -5.3929 2.9783
v  0.3710 -5.3945 2.9721
v  0.3982 -5.3345 2.9301
v  0.3982 -5.3311 2.9350
v  0.3923 -5.3336 2.9295
v  0.4050 -5.2742 2.8878
v  0.4050 -5.2707 2.8928
v  0.3990 -5.2742 2.8878
v  0.3982 -5.2138 2.8456
v  0.3982 -5.2104 2.8505
v  0.3923 -5.2147 2.8462
v  0.3766 -5.1521 2.8023
v  0.3766 -5.1486 2.8072
v  0.3710 -5.1539 2.8036
v  0.3390 -5.0926 2.7607
v  0.3390 -5.0892 2.7656
v  0.3340 -5.0953 2.7626
v  0.2864 -5.0396 2.7236
v  0.2864 -5.0361 2.7285
v  0.2821 -5.0431 2.7260
v  0.2216 -4.9965 2.6934
v  0.2216 -4.9931 2.6983
v  0.2183 -5.0006 2.6963
v  0.1491 -4.9657 2.6719
v  0.1491 -4.9623 2.6768
v  0.1469 -4.9703 2.6751
v  0.0737 -4.9480 2.6594
v  0.0737 -4.9445 2.6643
v  0.0726 -4.9528 2.6628
v  0.0000 -4.9424 2.6555
v  0.0000 -4.9390 2.6605
v  0.0000 -4.9473 2.6590
v  -0.0737 -4.9480 2.6594
v  -0.0737 -4.9445 2.6643
v  -0.0726 -4.9528 2.6628
v  -0.1491 -4.9657 2.6719
v  -0.1491 -4.9623 2.6768
v  -0.1469 -4.9703 2.6751
v  -0.2216 -4.9965 2.6934
v  -0.2216 -4.9931 2.6983
v  -0.2183 -5.0006 2.6963
v  -0.2864 -5.0396 2.7236
v  -0.2864 -5.0361 2.7285
v  -0.2821 -5.0431 2.7260
v  -0.3390 -5.0926 2.7607
v  -0.3390 -5.0892 2.7656
v  -0.3340 -5.0953 2.7626
v  -0.3766 -5.1521 2.8023
v  -0.3766 -5.1486 2.8072
v  -0.3710 -5.1539 2.8036
v  -0.3982 -5.2138 2.8456
v  -0.3982 -5.2104 2.8505
v  -0.3923 -5.2147 2.8462
v  -0.4050 -5.2742 2.8878
v  -0.4050 -5.2707 2.8928
v  -0.3990 -5.2742 2.8878
v  -0.0400 -3.2392 7.7411
v  -0.0400 -3.2312 7.7414
v  -0.0000 -3.2392 7.7448
v  -0.0000 -3.2312 7.7450
v  0.0400 -3.2392 7.7411
v  0.0400 -3.2312 7.7414
v  0.0809 -3.2391 7.7293
v  0.0810 -3.2312 7.7296
v  0.1202 -3.2391 7.7089
v  0.1204 -3.2312 7.7092
v  0.1553 -3.2391 7.6804
v  0.1556 -3.2312 7.6806
v  0.1839 -3.2391 7.6452
v  0.1841 -3.2312 7.6454
v  0.2043 -3.2391 7.6059
v  0.2046 -3.2312 7.6060
v  0.2160 -3.2392 7.5650
v  0.2163 -3.2312 7.5651
v  0.2197 -3.2392 7.5250
v  0.2200 -3.2312 7.5250
v  0.2160 -3.2392 7.4851
v  0.2163 -3.2312 7.4850
v  0.2043 -3.2391 7.4442
v  0.2046 -3.2312 7.4441
v  0.1839 -3.2391 7.4048
v  0.1841 -3.2312 7.4047
v  0.1553 -3.2391 7.3697
v  0.1556 -3.2312 7.3695
v  0.1202 -3.2391 7.3412
v  0.1204 -3.2312 7.3409
v  0.0809 -3.2391 7.3208
v  0.0810 -3.2312 7.3205
v  0.0400 -3.2392 7.3090
v  0.0400 -3.2312 7.3087
v  -0.0000 -3.2392 7.3053
v  -0.0000 -3.2312 7.3050
v  -0.0400 -3.2392 7.3090
v  -0.0400 -3.2312 7.3087
v  -0.0809 -3.2391 7.3208
v  -0.0810 -3.2312 7.3205
v  -0.1202 -3.2391 7.3412
v  -0.1204 -3.2312 7.3409
v  -0.1553 -3.2391 7.3697
v  -0.1556 -3.2312 7.3695
v  -0.1839 -3.2391 7.4048
v  -0.1841 -3.2312 7.4047
v  -0.2043 -3.2391 7.4442
v  -0.2046 -3.2312 7.4441
v  -0.2160 -3.2392 7.4851
v  -0.2163 -3.2312 7.4850
v  -0.2197 -3.2392 7.5250
v  -0.2200 -3.2312 7.5250
v  -0.2160 -3.2392 7.5650
v  -0.2163 -3.2312 7.5651
v  -0.2043 -3.2391 7.6059
v  -0.2046 -3.2312 7.6060
v  -0.1839 -3.2391 7.6452
v  -0.1841 -3.2312 7.6454
v  -0.1553 -3.2391 7.6804
v  -0.1556 -3.2312 7.6806
v  -0.1202 -3.2391 7.7089
v  -0.1204 -3.2312 7.7092
v  -0.0809 -3.2391 7.7293
v  -0.0810 -3.2312 7.7296
v  -0.0400 -0.6236 7.7414
v  -0.0400 -0.6309 7.7414
v  0.0000 -0.6236 7.7450
v  0.0000 -0.6309 7.7450
v  0.0400 -0.6236 7.7414
v  0.0400 -0.6309 7.7414
v  -0.0810 -0.6236 7.7296
v  -0.0810 -0.6309 7.7296
v  -0.1204 -0.6236 7.7092
v  -0.1204 -0.6309 7.7092
v  -0.1556 -0.6236 7.6806
v  -0.1556 -0.6309 7.6806
v  -0.1841 -0.6236 7.6454
v  -0.1841 -0.6309 7.6454
v  -0.2046 -0.6236 7.6060
v  -0.2046 -0.6309 7.6060
v  -0.2163 -0.6236 7.5651
v  -0.2163 -0.6309 7.5651
v  -0.2200 -0.6236 7.5250
v  -0.2200 -0.6309 7.5250
v  -0.2163 -0.6236 7.4850
v  -0.2163 -0.6309 7.4850
v  0.2163 -0.6236 7.5651
v  0.2163 -0.6309 7.5651
v  0.2200 -0.6236 7.5250
v  0.2200 -0.6309 7.5250
v  0.2046 -0.6236 7.6060
v  0.2046 -0.6309 7.6060
v  0.1841 -0.6236 7.6454
v  0.1841 -0.6309 7.6454
v  0.1556 -0.6236 7.6806
v  0.1556 -0.6309 7.6806
v  0.1204 -0.6236 7.7092
v  0.1204 -0.6309 7.7092
v  0.0810 -0.6236 7.7296
v  0.0810 -0.6309 7.7296
v  0.2163 -0.6236 7.4850
v  0.2163 -0.6309 7.4850
v  0.2046 -0.6236 7.4441
v  0.2046 -0.6309 7.4441
v  0.1841 -0.6236 7.4047
v  0.1841 -0.6309 7.4047
v  0.1556 -0.6236 7.3695
v  0.1556 -0.6309 7.3695
v  0.1204 -0.6236 7.3409
v  0.1204 -0.6309 7.3409
v  0.0810 -0.6236 7.3205
v  0.0810 -0.6309 7.3205
v  0.0400 -0.6236 7.3087
v  0.0400 -0.6309 7.3087
v  0.0000 -0.6236 7.3050
v  0.0000 -0.6309 7.3050
v  -0.0400 -0.6236 7.3087
v  -0.0400 -0.6309 7.3087
v  -0.0810 -0.6236 7.3205
v  -0.0810 -0.6309 7.3205
v  -0.1204 -0.6236 7.3409
v  -0.1204 -0.6309 7.3409
v  -0.1556 -0.6236 7.3695
v  -0.1556 -0.6309 7.3695
v  -0.1841 -0.6236 7.4047
v  -0.1841 -0.6309 7.4047
v  -0.2046 -0.6236 7.4441
v  -0.2046 -0.6309 7.4441
v  0.0008 0.2207 6.8403
v  0.0008 0.2208 6.8329
v  0.0216 0.2191 6.8403
v  0.0216 0.2192 6.8329
v  0.0430 0.2165 6.8403
v  0.0430 0.2166 6.8329
v  0.0640 0.2116 6.8403
v  0.0641 0.2118 6.8329
v  0.0842 0.2040 6.8403
v  0.0843 0.2041 6.8329
v  0.1039 0.1951 6.8403
v  0.1040 0.1952 6.8329
v  0.1222 0.1837 6.8403
v  0.1223 0.1838 6.8329
v  0.1398 0.1711 6.8403
v  0.1399 0.1712 6.8329
v  0.1556 0.1563 6.8403
v  0.1557 0.1564 6.8329
v  0.1704 0.1406 6.8403
v  0.1705 0.1407 6.8329
v  0.1829 0.1230 6.8403
v  0.1830 0.1231 6.8329
v  0.1944 0.1047 6.8403
v  0.1945 0.1048 6.8329
v  0.2032 0.0850 6.8403
v  0.2034 0.0851 6.8329
v  0.2109 0.0648 6.8403
v  0.2110 0.0648 6.8329
v  0.2158 0.0438 6.8403
v  0.2159 0.0438 6.8329
v  0.2193 0.0225 6.8403
v  0.2195 0.0225 6.8329
v  0.2200 0.0009 6.8403
v  0.2201 0.0009 6.8329
v  0.2194 -0.0207 6.8403
v  0.2195 -0.0207 6.8329
v  0.2158 -0.0420 6.8403
v  0.2159 -0.0421 6.8329
v  0.2109 -0.0631 6.8403
v  0.2111 -0.0631 6.8329
v  0.2033 -0.0833 6.8403
v  0.2034 -0.0833 6.8329
v  0.1944 -0.1030 6.8403
v  0.1945 -0.1031 6.8329
v  0.1830 -0.1213 6.8403
v  0.1831 -0.1214 6.8329
v  0.1704 -0.1389 6.8403
v  0.1705 -0.1390 6.8329
v  0.1556 -0.1546 6.8403
v  0.1557 -0.1547 6.8329
v  0.1399 -0.1694 6.8403
v  0.1400 -0.1695 6.8329
v  0.1223 -0.1820 6.8403
v  0.1224 -0.1821 6.8329
v  0.1040 -0.1934 6.8403
v  0.1041 -0.1936 6.8329
v  0.0843 -0.2023 6.8403
v  0.0843 -0.2024 6.8329
v  0.0641 -0.2100 6.8403
v  0.0641 -0.2101 6.8329
v  0.0430 -0.2148 6.8403
v  0.0431 -0.2150 6.8329
v  0.0217 -0.2177 6.8403
v  0.0217 -0.2178 6.8329
v  0.0008 -0.2190 6.8403
v  0.0008 -0.2192 6.8329
v  -0.0200 0.2191 6.8403
v  -0.0200 0.2192 6.8329
v  -0.0624 0.2116 6.8403
v  -0.0624 0.2118 6.8329
v  -0.0414 0.2165 6.8403
v  -0.0414 0.2166 6.8329
v  -0.1023 0.1951 6.8403
v  -0.1024 0.1952 6.8329
v  -0.0826 0.2040 6.8403
v  -0.0827 0.2041 6.8329
v  -0.1382 0.1711 6.8403
v  -0.1383 0.1712 6.8329
v  -0.1206 0.1837 6.8403
v  -0.1207 0.1838 6.8329
v  -0.1688 0.1406 6.8403
v  -0.1689 0.1407 6.8329
v  -0.1539 0.1563 6.8403
v  -0.1540 0.1564 6.8329
v  -0.1928 0.1047 6.8403
v  -0.1929 0.1048 6.8329
v  -0.1813 0.1230 6.8403
v  -0.1814 0.1231 6.8329
v  -0.2093 0.0648 6.8403
v  -0.2094 0.0648 6.8329
v  -0.2016 0.0850 6.8403
v  -0.2017 0.0851 6.8329
v  -0.2177 0.0225 6.8403
v  -0.2179 0.0225 6.8329
v  -0.2141 0.0438 6.8403
v  -0.2143 0.0438 6.8329
v  -0.2177 -0.0207 6.8403
v  -0.2179 -0.0207 6.8329
v  -0.2184 0.0009 6.8403
v  -0.2185 0.0009 6.8329
v  -0.2093 -0.0631 6.8403
v  -0.2094 -0.0631 6.8329
v  -0.2142 -0.0420 6.8403
v  -0.2143 -0.0421 6.8329
v  -0.1928 -0.1030 6.8403
v  -0.1929 -0.1031 6.8329
v  -0.2016 -0.0833 6.8403
v  -0.2018 -0.0833 6.8329
v  -0.1688 -0.1389 6.8403
v  -0.1689 -0.1390 6.8329
v  -0.1813 -0.1213 6.8403
v  -0.1814 -0.1214 6.8329
v  -0.1383 -0.1694 6.8403
v  -0.1384 -0.1695 6.8329
v  -0.1540 -0.1546 6.8403
v  -0.1541 -0.1547 6.8329
v  -0.1024 -0.1934 6.8403
v  -0.1024 -0.1936 6.8329
v  -0.1207 -0.1820 6.8403
v  -0.1208 -0.1821 6.8329
v  -0.0625 -0.2100 6.8403
v  -0.0625 -0.2101 6.8329
v  -0.0827 -0.2023 6.8403
v  -0.0827 -0.2024 6.8329
v  -0.0201 -0.2177 6.8403
v  -0.0201 -0.2178 6.8329
v  -0.0414 -0.2148 6.8403
v  -0.0415 -0.2150 6.8329
v  -0.4035 -5.4821 2.5878
v  -0.4035 -5.4779 2.5938
v  -0.3964 -5.4220 2.5457
v  -0.3964 -5.4178 2.5517
v  -0.3745 -5.3605 2.5027
v  -0.3745 -5.3564 2.5087
v  -0.3368 -5.3014 2.4614
v  -0.3368 -5.2973 2.4674
v  -0.2841 -5.2488 2.4245
v  -0.2841 -5.2446 2.4305
v  -0.2193 -5.2061 2.3946
v  -0.2193 -5.2019 2.4006
v  -0.1469 -5.1757 2.3733
v  -0.1469 -5.1715 2.3793
v  -0.0717 -5.1583 2.3611
v  -0.0717 -5.1541 2.3671
v  0.0018 -5.1530 2.3574
v  0.0017 -5.1488 2.3634
v  0.0752 -5.1588 2.3615
v  0.0751 -5.1546 2.3675
v  0.1502 -5.1767 2.3740
v  0.1501 -5.1726 2.3800
v  0.2223 -5.2077 2.3957
v  0.2222 -5.2035 2.4017
v  0.2866 -5.2508 2.4259
v  0.2865 -5.2466 2.4319
v  0.3387 -5.3039 2.4631
v  0.3387 -5.2997 2.4690
v  0.3758 -5.3632 2.5046
v  0.3758 -5.3590 2.5106
v  0.3971 -5.4248 2.5477
v  0.3971 -5.4206 2.5537
v  0.4035 -5.4850 2.5899
v  0.4035 -5.4808 2.5959
v  0.3964 -5.5452 2.6320
v  0.3964 -5.5410 2.6380
v  0.3744 -5.6067 2.6751
v  0.3744 -5.6025 2.6811
v  0.3366 -5.6658 2.7165
v  0.3366 -5.6616 2.7224
v  0.2838 -5.7184 2.7533
v  0.2839 -5.7142 2.7593
v  0.2191 -5.7611 2.7832
v  0.2191 -5.7569 2.7892
v  0.1467 -5.7914 2.8045
v  0.1467 -5.7872 2.8104
v  0.0716 -5.8088 2.8166
v  0.0716 -5.8046 2.8226
v  -0.0018 -5.8141 2.8203
v  -0.0017 -5.8098 2.8263
v  -0.0753 -5.8083 2.8162
v  -0.0752 -5.8040 2.8222
v  -0.1504 -5.7902 2.8036
v  -0.1503 -5.7860 2.8096
v  -0.2225 -5.7593 2.7819
v  -0.2225 -5.7551 2.7879
v  -0.2868 -5.7160 2.7517
v  -0.2867 -5.7119 2.7577
v  -0.3388 -5.6630 2.7145
v  -0.3388 -5.6588 2.7205
v  -0.3759 -5.6037 2.6730
v  -0.3759 -5.5995 2.6790
v  -0.3971 -5.5421 2.6299
v  -0.3971 -5.5380 2.6359
v  0.3872 -5.4320 2.5406
v  0.3800 -5.4330 2.5412
v  0.3935 -5.4907 2.5817
v  0.3861 -5.4906 2.5816
v  0.3665 -5.3719 2.4985
v  0.3596 -5.3740 2.5000
v  0.3303 -5.3141 2.4580
v  0.3241 -5.3173 2.4602
v  0.2795 -5.2623 2.4218
v  0.2741 -5.2665 2.4247
v  0.2168 -5.2203 2.3923
v  0.2126 -5.2252 2.3958
v  0.1465 -5.1901 2.3712
v  0.1436 -5.1956 2.3751
v  0.0733 -5.1726 2.3589
v  0.0718 -5.1785 2.3630
v  0.0017 -5.1669 2.3550
v  0.0016 -5.1730 2.3592
v  -0.0699 -5.1721 2.3585
v  -0.0687 -5.1780 2.3627
v  -0.1432 -5.1890 2.3704
v  -0.1407 -5.1947 2.3744
v  -0.2139 -5.2187 2.3912
v  -0.2100 -5.2238 2.3948
v  -0.2770 -5.2603 2.4204
v  -0.2719 -5.2647 2.4234
v  -0.3284 -5.3117 2.4563
v  -0.3223 -5.3151 2.4587
v  -0.3652 -5.3693 2.4967
v  -0.3584 -5.3716 2.4983
v  -0.3866 -5.4292 2.5386
v  -0.3794 -5.4304 2.5395
v  -0.3935 -5.4878 2.5797
v  -0.3861 -5.4880 2.5798
v  -0.3873 -5.5465 2.6207
v  -0.3800 -5.5455 2.6200
v  -0.3665 -5.6065 2.6628
v  -0.3596 -5.6044 2.6613
v  -0.3304 -5.6644 2.7033
v  -0.3241 -5.6612 2.7010
v  -0.2796 -5.7161 2.7395
v  -0.2742 -5.7119 2.7366
v  -0.2169 -5.7582 2.7690
v  -0.2127 -5.7532 2.7655
v  -0.1466 -5.7884 2.7901
v  -0.1437 -5.7829 2.7862
v  -0.0734 -5.8060 2.8024
v  -0.0719 -5.8001 2.7983
v  -0.0017 -5.8116 2.8064
v  -0.0016 -5.8056 2.8021
v  0.0698 -5.8065 2.8028
v  0.0687 -5.8005 2.7986
v  0.1431 -5.7895 2.7909
v  0.1406 -5.7839 2.7869
v  0.2138 -5.7599 2.7702
v  0.2099 -5.7548 2.7666
v  0.2769 -5.7183 2.7410
v  0.2718 -5.7139 2.7380
v  0.3283 -5.6669 2.7051
v  0.3223 -5.6635 2.7027
v  0.3652 -5.6093 2.6647
v  0.3584 -5.6070 2.6631
v  0.3866 -5.5494 2.6227
v  0.3794 -5.5481 2.6219
v  0.0184 0.7639 5.9843
v  0.0460 0.7639 5.9895
v  0.0452 0.8264 5.9892
v  0.0715 0.7639 6.0062
v  0.0708 0.8264 6.0056
v  0.0882 0.7639 6.0317
v  0.0878 0.8264 6.0308
v  0.0934 0.8264 6.0585
v  0.0882 0.7639 6.0869
v  0.0885 0.8264 6.0860
v  0.0721 0.8264 6.1116
v  0.0460 0.7639 6.1290
v  0.0469 0.8264 6.1287
v  0.0184 0.7639 6.1343
v  0.0192 0.8264 6.1343
v  0.0934 0.7639 6.0590
v  0.0967 0.7542 6.0274
v  0.0967 0.7572 6.0586
v  0.1029 0.7542 6.0589
v  0.0488 0.7542 5.9804
v  0.0191 0.7542 6.1437
v  0.0973 0.7542 6.0896
v  0.0715 0.7639 6.1123
v  0.0733 0.7572 6.0034
v  0.0910 0.7572 6.0298
v  0.0467 0.7572 5.9862
v  0.0191 0.7572 6.1376
v  0.0479 0.7572 6.1318
v  0.0743 0.7572 6.1142
v  0.0915 0.7572 6.0875
v  0.0776 0.7542 5.9990
v  0.0503 0.7542 6.1375
v  0.0591 0.7529 6.1620
v  0.0787 0.7542 6.1184
v  0.0966 0.7529 6.1374
v  0.1212 0.7529 6.0999
v  0.0184 0.7529 6.1698
v  0.0184 0.7529 5.9487
v  0.0591 0.7529 5.9565
v  0.0966 0.7529 5.9811
v  0.1212 0.7529 6.0186
v  0.1290 0.7529 6.0597
v  0.1350 0.7492 6.0597
v  0.0624 0.7432 6.1710
v  0.0187 0.7432 5.9391
v  0.0629 0.7432 5.9477
v  0.1385 0.7432 6.0596
v  0.1267 0.7492 6.1024
v  0.1269 0.7492 6.0166
v  0.1010 0.7492 5.9770
v  0.0615 0.7492 5.9510
v  0.0186 0.7492 5.9427
v  0.0611 0.7492 6.1677
v  0.1007 0.7492 6.1418
v  0.0626 0.7366 5.9477
v  0.1033 0.7366 5.9744
v  0.1300 0.7366 6.0151
v  0.1036 0.7432 5.9745
v  0.1384 0.7366 6.0593
v  0.1302 0.7432 6.0153
v  0.1300 0.7432 6.1037
v  0.0626 0.7366 6.1708
v  0.1032 0.7432 6.1444
v  0.0184 0.7366 6.1793
v  0.0521 0.7054 5.9758
v  0.0825 0.7054 5.9960
v  0.0190 0.7054 5.9693
v  0.0184 0.7366 5.9393
v  0.1300 0.7366 6.1034
v  0.1033 0.7366 6.1441
v  0.1023 0.7054 6.0267
v  0.1084 0.7054 6.0596
v  0.1019 0.7054 6.0930
v  0.0816 0.7054 6.1234
v  0.0510 0.7054 6.1432
v  0.0562 0.7076 5.9656
v  0.0191 0.7076 5.9582
v  0.0903 0.7076 5.9883
v  0.0192 0.7244 5.9414
v  0.0625 0.7244 5.9499
v  0.1023 0.7244 5.9764
v  0.1283 0.7244 6.0166
v  0.1363 0.7244 6.0600
v  0.1278 0.7244 6.1034
v  0.1013 0.7244 6.1432
v  0.0611 0.7244 6.1692
v  0.1126 0.7076 6.0227
v  0.1195 0.7076 6.0599
v  0.1121 0.7076 6.0971
v  0.0894 0.7076 6.1312
v  0.0550 0.7076 6.1534
v  0.0587 0.7142 6.1629
v  0.0966 0.7142 6.1384
v  0.1216 0.7142 6.1009
v  0.1296 0.7142 6.0600
v  0.1221 0.7142 6.0190
v  0.0976 0.7142 5.9811
v  0.0600 0.7142 5.9561
v  0.0191 0.7142 5.9481
v  0.0184 0.7054 6.0592
v  0.0184 0.7572 5.9811
v  0.0184 0.7492 5.9428
v  0.0184 0.7432 6.1793
v  0.0184 0.7432 5.9392
v  0.0184 0.7244 5.9415
v  0.0184 0.7244 6.1770
v  0.0184 0.7076 6.1602
v  0.0184 0.7142 6.1703
v  -0.0083 0.8264 5.9892
v  -0.0092 0.7639 5.9895
v  0.0184 0.8264 5.9844
v  -0.0339 0.8264 6.0056
v  -0.0346 0.7639 6.0062
v  -0.0510 0.8264 6.0308
v  -0.0513 0.7639 6.0317
v  -0.0566 0.8264 6.0585
v  -0.0566 0.7639 6.0590
v  -0.0516 0.8264 6.0860
v  -0.0513 0.7639 6.0869
v  -0.0353 0.8264 6.1116
v  -0.0346 0.7639 6.1123
v  -0.0100 0.8264 6.1287
v  -0.0092 0.7639 6.1290
v  0.0176 0.8264 6.1343
v  -0.0599 0.7572 6.0586
v  -0.0541 0.7572 6.0298
v  -0.0365 0.7572 6.0034
v  -0.0598 0.7542 6.0274
v  -0.0407 0.7542 5.9990
v  -0.0660 0.7542 6.0589
v  -0.0119 0.7542 5.9804
v  -0.0098 0.7572 5.9862
v  0.0177 0.7542 6.1437
v  0.0178 0.7572 6.1376
v  0.0184 0.7572 6.1375
v  0.0184 0.7542 6.1436
v  -0.0134 0.7542 6.1375
v  -0.0110 0.7572 6.1318
v  -0.0419 0.7542 6.1184
v  -0.0374 0.7572 6.1142
v  -0.0604 0.7542 6.0896
v  -0.0546 0.7572 6.0875
v  -0.0222 0.7529 5.9565
v  0.0184 0.7542 5.9749
v  -0.0597 0.7529 5.9811
v  -0.0843 0.7529 6.0186
v  -0.0921 0.7529 6.0597
v  -0.0222 0.7529 6.1620
v  -0.0597 0.7529 6.1374
v  -0.0843 0.7529 6.0999
v  -0.0638 0.7492 6.1418
v  -0.0898 0.7492 6.1024
v  -0.0243 0.7492 6.1677
v  0.0184 0.7492 6.1757
v  -0.0247 0.7492 5.9510
v  0.0182 0.7492 5.9427
v  -0.0641 0.7492 5.9770
v  -0.0900 0.7492 6.0166
v  -0.0981 0.7492 6.0597
v  -0.0931 0.7432 6.1037
v  -0.1017 0.7432 6.0596
v  -0.0663 0.7432 6.1444
v  -0.0255 0.7432 6.1710
v  0.0182 0.7432 5.9391
v  -0.0260 0.7432 5.9477
v  -0.0667 0.7432 5.9745
v  -0.0934 0.7432 6.0153
v  -0.0257 0.7366 5.9477
v  -0.0664 0.7366 5.9744
v  -0.0931 0.7366 6.0151
v  -0.1016 0.7366 6.0593
v  -0.0931 0.7366 6.1034
v  -0.0664 0.7366 6.1441
v  -0.0257 0.7366 6.1708
v  -0.0194 0.7076 5.9656
v  -0.0152 0.7054 5.9758
v  0.0179 0.7054 5.9693
v  0.0178 0.7076 5.9582
v  -0.0535 0.7076 5.9883
v  -0.0456 0.7054 5.9960
v  -0.0257 0.7244 5.9499
v  0.0177 0.7244 5.9414
v  -0.0655 0.7244 5.9764
v  -0.0915 0.7244 6.0166
v  -0.0995 0.7244 6.0600
v  -0.0909 0.7244 6.1034
v  -0.0644 0.7244 6.1432
v  -0.0243 0.7244 6.1692
v  -0.0758 0.7076 6.0227
v  -0.0655 0.7054 6.0267
v  -0.0826 0.7076 6.0599
v  -0.0716 0.7054 6.0596
v  -0.0753 0.7076 6.0971
v  -0.0650 0.7054 6.0930
v  -0.0526 0.7076 6.1312
v  -0.0447 0.7054 6.1234
v  -0.0182 0.7076 6.1534
v  -0.0141 0.7054 6.1432
v  -0.0218 0.7142 6.1629
v  -0.0597 0.7142 6.1384
v  -0.0847 0.7142 6.1009
v  -0.0928 0.7142 6.0600
v  -0.0852 0.7142 6.0190
v  -0.0607 0.7142 5.9811
v  -0.0232 0.7142 5.9561
v  0.0177 0.7142 5.9481
v  0.0184 0.7142 5.9482
v  0.0184 0.7076 5.9583
v  0.0184 0.7054 6.1492
v  0.0184 0.8264 6.1341
v  0.0184 0.7054 5.9694
v  0.0000 -5.4870 2.5839
v  0.0000 -5.3786 2.7388
v  -0.1505 -5.1900 2.6067
v  -0.1505 -5.1940 2.6010
v  -0.1466 -5.1948 2.6101
v  -0.1945 -5.2193 2.6272
v  -0.1895 -5.2234 2.6301
v  -0.1945 -5.2233 2.6215
v  -0.0500 -5.6001 2.8939
v  -0.0500 -5.6041 2.8881
v  -0.0487 -5.5944 2.8899
v  0.0000 -5.6038 2.8965
v  0.0000 -5.5981 2.8925
v  0.0000 -5.6078 2.8908
v  -0.1012 -5.5880 2.8854
v  -0.1012 -5.5920 2.8797
v  -0.0986 -5.5827 2.8817
v  -0.1505 -5.5671 2.8708
v  -0.1505 -5.5711 2.8650
v  -0.1466 -5.5623 2.8674
v  -0.1945 -5.5379 2.8503
v  -0.1945 -5.5419 2.8446
v  -0.1895 -5.5338 2.8474
v  -0.2302 -5.5018 2.8251
v  -0.2302 -5.5058 2.8193
v  -0.2243 -5.4987 2.8229
v  -0.2557 -5.4615 2.7968
v  -0.2557 -5.4655 2.7911
v  -0.2492 -5.4594 2.7953
v  -0.2704 -5.4196 2.7675
v  -0.2704 -5.4236 2.7617
v  -0.2635 -5.4185 2.7667
v  -0.2750 -5.3786 2.7388
v  -0.2750 -5.3826 2.7330
v  -0.2680 -5.3786 2.7388
v  -0.2704 -5.3376 2.7101
v  -0.2704 -5.3416 2.7043
v  -0.2635 -5.3386 2.7108
v  -0.2557 -5.2956 2.6807
v  -0.2557 -5.2997 2.6750
v  -0.2492 -5.2978 2.6822
v  -0.2302 -5.2553 2.6524
v  -0.2302 -5.2593 2.6467
v  -0.2243 -5.2585 2.6547
v  0.0000 -5.1533 2.5810
v  0.0000 -5.1573 2.5753
v  0.0000 -5.1591 2.5851
v  -0.0500 -5.1571 2.5837
v  -0.0487 -5.1627 2.5876
v  -0.0500 -5.1611 2.5779
v  -0.1012 -5.1691 2.5921
v  -0.0986 -5.1745 2.5958
v  -0.1012 -5.1731 2.5864
v  0.0500 -5.1571 2.5837
v  0.0500 -5.1611 2.5779
v  0.0487 -5.1627 2.5876
v  0.0500 -5.6001 2.8939
v  0.0487 -5.5944 2.8899
v  0.0500 -5.6041 2.8881
v  0.1012 -5.5880 2.8854
v  0.0986 -5.5827 2.8817
v  0.1012 -5.5920 2.8797
v  0.1505 -5.5671 2.8708
v  0.1466 -5.5623 2.8674
v  0.1505 -5.5711 2.8650
v  0.1945 -5.5379 2.8503
v  0.1895 -5.5338 2.8474
v  0.1945 -5.5419 2.8446
v  0.2302 -5.5018 2.8251
v  0.2243 -5.4987 2.8229
v  0.2302 -5.5058 2.8193
v  0.2557 -5.4615 2.7968
v  0.2492 -5.4594 2.7953
v  0.2557 -5.4655 2.7911
v  0.2704 -5.4196 2.7675
v  0.2635 -5.4185 2.7667
v  0.2704 -5.4236 2.7617
v  0.2750 -5.3786 2.7388
v  0.2680 -5.3786 2.7388
v  0.2750 -5.3826 2.7330
v  0.2704 -5.3376 2.7101
v  0.2635 -5.3386 2.7108
v  0.2704 -5.3416 2.7043
v  0.2557 -5.2956 2.6807
v  0.2492 -5.2978 2.6822
v  0.2557 -5.2997 2.6750
v  0.2302 -5.2553 2.6524
v  0.2243 -5.2585 2.6547
v  0.2302 -5.2593 2.6467
v  0.1945 -5.2193 2.6272
v  0.1895 -5.2234 2.6301
v  0.1945 -5.2233 2.6215
v  0.1505 -5.1900 2.6067
v  0.1466 -5.1948 2.6101
v  0.1505 -5.1940 2.6010
v  0.1012 -5.1691 2.5921
v  0.0986 -5.1745 2.5958
v  0.1012 -5.1731 2.5864
v  0.0000 -5.2736 2.4345
v  0.0000 -5.2793 2.4386
v  0.0000 -5.2696 2.4403
v  -0.0474 -5.2771 2.4370
v  -0.0474 -5.2731 2.4427
v  -0.0461 -5.2828 2.4410
v  -0.0474 -5.6968 2.7309
v  -0.0461 -5.6911 2.7269
v  -0.0474 -5.6928 2.7366
v  0.0000 -5.7004 2.7334
v  0.0000 -5.6963 2.7391
v  0.0000 -5.6946 2.7293
v  -0.0959 -5.6854 2.7229
v  -0.0933 -5.6800 2.7191
v  -0.0959 -5.6814 2.7286
v  -0.1425 -5.6656 2.7090
v  -0.1387 -5.6608 2.7056
v  -0.1425 -5.6616 2.7147
v  -0.1842 -5.6379 2.6896
v  -0.1792 -5.6338 2.6867
v  -0.1842 -5.6338 2.6953
v  -0.2180 -5.6037 2.6657
v  -0.2122 -5.6006 2.6635
v  -0.2180 -5.5997 2.6714
v  -0.2422 -5.5655 2.6389
v  -0.2357 -5.5634 2.6374
v  -0.2422 -5.5615 2.6447
v  -0.2562 -5.5258 2.6111
v  -0.2492 -5.5247 2.6104
v  -0.2562 -5.5218 2.6169
v  -0.2605 -5.4870 2.5839
v  -0.2535 -5.4870 2.5839
v  -0.2605 -5.4830 2.5897
v  -0.2562 -5.4481 2.5567
v  -0.2492 -5.4492 2.5575
v  -0.2562 -5.4441 2.5625
v  -0.2422 -5.4084 2.5289
v  -0.2357 -5.4106 2.5304
v  -0.2422 -5.4044 2.5347
v  -0.2180 -5.3702 2.5022
v  -0.2122 -5.3734 2.5044
v  -0.2180 -5.3662 2.5079
v  -0.1842 -5.3361 2.4783
v  -0.1792 -5.3402 2.4811
v  -0.1842 -5.3321 2.4840
v  -0.1425 -5.3084 2.4589
v  -0.1387 -5.3132 2.4623
v  -0.1425 -5.3044 2.4646
v  -0.0959 -5.2886 2.4450
v  -0.0933 -5.2939 2.4488
v  -0.0959 -5.2845 2.4507
v  0.0474 -5.2771 2.4370
v  0.0461 -5.2828 2.4410
v  0.0474 -5.2731 2.4427
v  0.0474 -5.6968 2.7309
v  0.0474 -5.6928 2.7366
v  0.0461 -5.6911 2.7269
v  0.0959 -5.6854 2.7229
v  0.0959 -5.6814 2.7286
v  0.0933 -5.6800 2.7191
v  0.1425 -5.6656 2.7090
v  0.1425 -5.6616 2.7147
v  0.1387 -5.6608 2.7056
v  0.1842 -5.6379 2.6896
v  0.1842 -5.6338 2.6953
v  0.1792 -5.6338 2.6867
v  0.2180 -5.6037 2.6657
v  0.2180 -5.5997 2.6714
v  0.2122 -5.6006 2.6635
v  0.2422 -5.5655 2.6389
v  0.2422 -5.5615 2.6447
v  0.2357 -5.5634 2.6374
v  0.2562 -5.5258 2.6111
v  0.2562 -5.5218 2.6169
v  0.2492 -5.5247 2.6104
v  0.2605 -5.4870 2.5839
v  0.2605 -5.4830 2.5897
v  0.2535 -5.4870 2.5839
v  0.2562 -5.4481 2.5567
v  0.2562 -5.4441 2.5625
v  0.2492 -5.4492 2.5575
v  0.2422 -5.4084 2.5289
v  0.2422 -5.4044 2.5347
v  0.2357 -5.4106 2.5304
v  0.2180 -5.3702 2.5022
v  0.2180 -5.3662 2.5079
v  0.2122 -5.3734 2.5044
v  0.1842 -5.3361 2.4783
v  0.1842 -5.3321 2.4840
v  0.1792 -5.3402 2.4811
v  0.1425 -5.3084 2.4589
v  0.1425 -5.3044 2.4646
v  0.1387 -5.3132 2.4623
v  0.0959 -5.2886 2.4450
v  0.0959 -5.2845 2.4507
v  0.0933 -5.2939 2.4488
v  -0.0474 -5.2353 2.4968
v  -0.0474 -5.2393 2.4911
v  0.0000 -5.2317 2.4943
v  0.0000 -5.2357 2.4886
v  0.0000 -5.6585 2.7932
v  0.0000 -5.6625 2.7874
v  -0.0474 -5.6549 2.7907
v  -0.0474 -5.6589 2.7849
v  -0.0959 -5.6435 2.7827
v  -0.0959 -5.6475 2.7769
v  -0.1425 -5.6237 2.7688
v  -0.1425 -5.6277 2.7631
v  -0.1842 -5.5960 2.7494
v  -0.1842 -5.6000 2.7437
v  -0.2180 -5.5619 2.7255
v  -0.2180 -5.5659 2.7198
v  -0.2422 -5.5236 2.6987
v  -0.2422 -5.5277 2.6930
v  -0.2562 -5.4839 2.6709
v  -0.2562 -5.4879 2.6652
v  -0.2605 -5.4451 2.6437
v  -0.2605 -5.4491 2.6380
v  -0.2562 -5.4063 2.6165
v  -0.2562 -5.4103 2.6108
v  -0.2422 -5.3666 2.5887
v  -0.2422 -5.3706 2.5830
v  -0.2180 -5.3283 2.5620
v  -0.2180 -5.3323 2.5562
v  -0.1842 -5.2942 2.5381
v  -0.1842 -5.2982 2.5323
v  -0.1425 -5.2665 2.5187
v  -0.1425 -5.2705 2.5129
v  -0.0959 -5.2467 2.5048
v  -0.0959 -5.2507 2.4991
v  0.0474 -5.6549 2.7907
v  0.0474 -5.6589 2.7849
v  0.0959 -5.6435 2.7827
v  0.0959 -5.6475 2.7769
v  0.1425 -5.6237 2.7688
v  0.1425 -5.6277 2.7631
v  0.1842 -5.5960 2.7494
v  0.1842 -5.6000 2.7437
v  0.2180 -5.5619 2.7255
v  0.2180 -5.5659 2.7198
v  0.2422 -5.5236 2.6987
v  0.2422 -5.5277 2.6930
v  0.2562 -5.4839 2.6709
v  0.2562 -5.4879 2.6652
v  0.2605 -5.4451 2.6437
v  0.2605 -5.4491 2.6380
v  0.2562 -5.4063 2.6165
v  0.2562 -5.4103 2.6108
v  0.2422 -5.3666 2.5887
v  0.2422 -5.3706 2.5830
v  0.2180 -5.3283 2.5620
v  0.2180 -5.3323 2.5562
v  0.1842 -5.2942 2.5381
v  0.1842 -5.2982 2.5323
v  0.1425 -5.2665 2.5187
v  0.1425 -5.2705 2.5129
v  0.0959 -5.2467 2.5048
v  0.0959 -5.2507 2.4991
v  0.0474 -5.2353 2.4968
v  0.0474 -5.2393 2.4911
v  -0.1012 -5.2357 2.4971
v  -0.1012 -5.2316 2.5028
v  -0.0500 -5.2236 2.4886
v  -0.0500 -5.2196 2.4944
v  -0.1505 -5.2566 2.5117
v  -0.1505 -5.2525 2.5174
v  -0.1945 -5.2858 2.5322
v  -0.1945 -5.2818 2.5379
v  -0.2302 -5.3218 2.5574
v  -0.2302 -5.3178 2.5632
v  -0.2557 -5.3622 2.5857
v  -0.2557 -5.3582 2.5914
v  -0.2704 -5.4041 2.6150
v  -0.2704 -5.4001 2.6208
v  -0.2750 -5.4451 2.6437
v  -0.2750 -5.4411 2.6495
v  -0.2704 -5.4861 2.6724
v  -0.2704 -5.4821 2.6782
v  -0.2557 -5.5280 2.7018
v  -0.2557 -5.5240 2.7075
v  -0.2302 -5.5684 2.7300
v  -0.2302 -5.5644 2.7358
v  -0.1945 -5.6044 2.7553
v  -0.1945 -5.6004 2.7610
v  -0.1505 -5.6336 2.7758
v  -0.1505 -5.6296 2.7815
v  -0.1012 -5.6546 2.7904
v  -0.1012 -5.6505 2.7961
v  -0.0500 -5.6666 2.7988
v  -0.0500 -5.6626 2.8046
v  0.0000 -5.6704 2.8015
v  0.0000 -5.6664 2.8072
v  0.0500 -5.6666 2.7988
v  0.0500 -5.6626 2.8046
v  0.1012 -5.6546 2.7904
v  0.1012 -5.6505 2.7961
v  0.1505 -5.6336 2.7758
v  0.1505 -5.6296 2.7815
v  0.1945 -5.6044 2.7553
v  0.1945 -5.6004 2.7610
v  0.2302 -5.5684 2.7300
v  0.2302 -5.5644 2.7358
v  0.2557 -5.5280 2.7018
v  0.2557 -5.5240 2.7075
v  0.2704 -5.4861 2.6724
v  0.2704 -5.4821 2.6782
v  0.2750 -5.4451 2.6437
v  0.2750 -5.4411 2.6495
v  0.2704 -5.4041 2.6150
v  0.2704 -5.4001 2.6208
v  0.2557 -5.3622 2.5857
v  0.2557 -5.3582 2.5914
v  0.2302 -5.3218 2.5574
v  0.2302 -5.3178 2.5632
v  0.1945 -5.2858 2.5322
v  0.1945 -5.2818 2.5379
v  0.1505 -5.2566 2.5117
v  0.1505 -5.2525 2.5174
v  0.1012 -5.2357 2.4971
v  0.1012 -5.2316 2.5028
v  0.0500 -5.2236 2.4886
v  0.0500 -5.2196 2.4944
v  0.0000 -5.2198 2.4860
v  0.0000 -5.2158 2.4917
# 9391 vertices

o 14402_4A
g 14402_4A
s 1
f 2250 318 1312 2248 
f 2254 1308 2252 
f 2254 2256 1308 
f 2260 1309 2258 
f 2264 1299 1309 2262 
f 2268 1310 2266 
f 2267 2265 159 329 
f 2263 2261 160 44 
f 2259 2257 161 45 
f 2269 2255 162 46 
f 2253 2251 163 47 
f 2249 2247 164 48 
f 2271 2273 165 49 
f 2275 2277 166 50 
f 8 60 167 168 
f 9 61 169 170 
f 10 62 171 172 
f 11 63 173 174 
f 12 64 175 176 
f 13 65 177 178 
f 14 66 179 180 
f 98 99 181 182 
f 15 52 183 184 
f 16 53 185 186 
f 17 54 187 188 
f 18 55 189 190 
f 19 56 191 192 
f 20 57 193 194 
f 21 58 195 196 
f 115 116 197 198 
f 22 68 199 200 
f 23 69 201 202 
f 24 70 203 204 
f 25 71 205 206 
f 26 72 207 208 
f 27 73 209 210 
f 28 74 211 212 
f 132 133 213 214 
f 1 216 1671 1672 
f 2 218 1673 1674 
f 3 220 1675 1676 
f 4 222 1677 1678 
f 5 224 1679 1680 
f 6 226 1681 1682 
f 7 228 1683 1684 
f 30 1607 1608 215 
f 31 1609 1610 217 
f 32 1611 1612 219 
f 33 1613 1614 221 
f 34 1615 1616 223 
f 35 1617 1618 225 
f 36 1619 1620 227 
f 150 1621 1622 229 
f 1998 1996 2120 2122 
f 2002 2000 2124 2126 
f 2006 2004 2128 2130 
f 2010 2008 2132 2134 
f 2014 2012 2136 2138 
f 2018 2016 2140 2142 
f 2022 2020 2144 2146 
f 2121 2119 1735 1736 
f 2125 2123 1737 1738 
f 2129 2127 1739 1740 
f 2133 2131 1741 1742 
f 2137 2135 1743 1744 
f 2141 2139 1745 1746 
f 2145 2143 1747 1748 
f 37 1799 1800 230 
f 38 1801 1802 231 
f 39 1803 1804 232 
f 40 1805 1806 233 
f 41 1807 1808 234 
f 42 1809 1810 235 
f 43 1811 1812 236 
f 158 1813 1814 237 
f 44 15 184 159 
f 45 16 186 160 
f 46 17 188 161 
f 47 18 190 162 
f 48 19 192 163 
f 49 20 194 164 
f 50 21 196 165 
f 82 115 198 166 
f 52 8 168 183 
f 53 9 170 185 
f 54 10 172 187 
f 55 11 174 189 
f 56 12 176 191 
f 57 13 178 193 
f 58 14 180 195 
f 116 98 182 197 
f 60 22 200 167 
f 61 23 202 169 
f 62 24 204 171 
f 63 25 206 173 
f 64 26 208 175 
f 65 27 210 177 
f 66 28 212 179 
f 99 132 214 181 
f 1605 322 67 199 
f 69 2 216 201 
f 70 3 218 203 
f 71 4 220 205 
f 72 5 222 207 
f 73 6 224 209 
f 74 7 226 211 
f 133 149 228 213 
f 2280 2282 1303 1304 
f 2284 2286 320 
f 2284 320 2288 
f 2290 2292 321 
f 2294 2296 321 319 
f 2298 2300 1314 
f 495 238 2299 2297 
f 75 239 2295 2293 
f 76 240 2291 2289 
f 77 241 2287 2301 
f 78 242 2285 2283 
f 79 243 2281 2279 
f 80 244 2303 2305 
f 81 245 2307 2309 
f 84 246 247 85 
f 86 248 249 87 
f 88 250 251 89 
f 90 252 253 91 
f 92 254 255 93 
f 94 256 257 95 
f 96 258 259 97 
f 98 260 261 99 
f 101 262 263 102 
f 103 264 265 104 
f 105 266 267 106 
f 107 268 269 108 
f 109 270 271 110 
f 111 272 273 112 
f 113 274 275 114 
f 115 276 277 116 
f 118 278 279 119 
f 120 280 281 121 
f 122 282 283 123 
f 124 284 285 125 
f 126 286 287 127 
f 128 288 289 129 
f 130 290 291 131 
f 132 292 293 133 
f 134 1685 1686 295 
f 135 1687 1688 297 
f 137 1689 1690 299 
f 139 1691 1692 301 
f 141 1693 1694 303 
f 143 1695 1696 305 
f 145 1697 1698 307 
f 147 1699 1700 309 
f 136 294 1623 1624 
f 138 296 1625 1626 
f 140 298 1627 1628 
f 142 300 1629 1630 
f 144 302 1631 1632 
f 146 304 1633 1634 
f 148 306 1635 1636 
f 150 308 1637 1621 
f 2148 2150 2024 2026 
f 2152 2154 2028 2030 
f 2156 2158 2032 2034 
f 2160 2162 2036 2038 
f 2164 2166 2040 2042 
f 2168 2170 2044 2046 
f 2172 2174 2048 2050 
f 151 311 1750 1749 
f 152 312 1752 1751 
f 153 313 1754 1753 
f 154 314 1756 1755 
f 155 315 1758 1757 
f 156 316 1760 1759 
f 157 317 1762 1761 
f 151 310 1815 1816 
f 152 311 1817 1818 
f 153 312 1819 1820 
f 154 313 1821 1822 
f 155 314 1823 1824 
f 156 315 1825 1826 
f 157 316 1827 1828 
f 158 317 1829 1813 
f 75 238 262 101 
f 76 239 264 103 
f 77 240 266 105 
f 78 241 268 107 
f 79 242 270 109 
f 80 243 272 111 
f 81 244 274 113 
f 82 245 276 115 
f 102 263 246 84 
f 104 265 248 86 
f 106 267 250 88 
f 108 269 252 90 
f 110 271 254 92 
f 112 273 256 94 
f 114 275 258 96 
f 116 277 260 98 
f 85 247 278 118 
f 87 249 280 120 
f 89 251 282 122 
f 91 253 284 124 
f 93 255 286 126 
f 95 257 288 128 
f 97 259 290 130 
f 99 261 292 132 
f 119 279 295 135 
f 121 281 297 137 
f 123 283 299 139 
f 125 285 301 141 
f 127 287 303 143 
f 129 289 305 145 
f 131 291 307 147 
f 133 293 309 149 
f 1315 2312 2278 
f 1301 2276 2274 1312 
f 1302 2310 2308 1315 
f 1303 2306 2304 
f 1312 2272 2248 
f 1308 318 2250 2252 
f 2256 2270 1300 1308 
f 1309 1300 2270 2258 
f 1309 2260 2262 
f 1310 1299 2264 2266 
f 2265 2263 44 159 
f 2261 2259 45 160 
f 2257 2269 46 161 
f 2255 2253 47 162 
f 2251 2249 48 163 
f 2247 2271 49 164 
f 2273 2275 50 165 
f 2277 2311 82 166 
f 167 59 344 168 
f 169 60 8 170 
f 171 61 9 172 
f 173 62 10 174 
f 175 63 11 176 
f 177 64 12 178 
f 179 65 13 180 
f 181 66 14 182 
f 183 51 377 184 
f 185 52 15 186 
f 187 53 16 188 
f 189 54 17 190 
f 191 55 18 192 
f 193 56 19 194 
f 195 57 20 196 
f 197 58 21 198 
f 199 67 410 200 
f 201 68 22 202 
f 203 69 23 204 
f 205 70 24 206 
f 207 71 25 208 
f 209 72 26 210 
f 211 73 27 212 
f 213 74 28 214 
f 216 2 1674 1671 
f 218 3 1676 1673 
f 220 4 1678 1675 
f 222 5 1680 1677 
f 224 6 1682 1679 
f 226 7 1684 1681 
f 228 149 1701 1683 
f 1991 1993 1638 1608 
f 1995 1997 1607 1610 
f 1999 2001 1609 1612 
f 2003 2005 1611 1614 
f 2007 2009 1613 1616 
f 2011 2013 1615 1618 
f 2015 2017 1617 1620 
f 2019 2021 1619 1622 
f 1992 1998 2122 2176 
f 1996 2002 2126 2120 
f 2000 2006 2130 2124 
f 2004 2010 2134 2128 
f 2008 2014 2138 2132 
f 2012 2018 2142 2136 
f 2016 2022 2146 2140 
f 2020 2052 2178 2144 
f 2175 2121 1736 1763 
f 2119 2125 1738 1735 
f 2123 2129 1740 1737 
f 2127 2133 1742 1739 
f 2131 2137 1744 1741 
f 2135 2141 1746 1743 
f 2139 2145 1748 1745 
f 2143 2177 1764 1747 
f 1865 1925 1830 1800 
f 1869 1863 1799 1802 
f 1873 1867 1801 1804 
f 1877 1871 1803 1806 
f 1881 1875 1805 1808 
f 1885 1879 1807 1810 
f 1889 1883 1809 1812 
f 1893 1887 1811 1814 
f 184 377 329 159 
f 186 15 44 160 
f 188 16 45 161 
f 190 17 46 162 
f 192 18 47 163 
f 194 19 48 164 
f 196 20 49 165 
f 198 21 50 166 
f 168 344 51 183 
f 170 8 52 185 
f 172 9 53 187 
f 174 10 54 189 
f 176 11 55 191 
f 178 12 56 193 
f 180 13 57 195 
f 182 14 58 197 
f 200 410 59 167 
f 202 22 60 169 
f 204 23 61 171 
f 206 24 62 173 
f 208 25 63 175 
f 210 26 64 177 
f 212 27 65 179 
f 214 28 66 181 
f 216 1 68 201 
f 218 2 69 203 
f 220 3 70 205 
f 222 4 71 207 
f 224 5 72 209 
f 226 6 73 211 
f 228 7 74 213 
f 2282 2306 1303 
f 2286 2280 1304 320 
f 320 1305 2302 2288 
f 2292 2302 1305 321 
f 2296 2290 321 
f 2300 2294 319 1314 
f 238 75 2293 2299 
f 239 76 2289 2295 
f 240 77 2301 2291 
f 241 78 2283 2287 
f 242 79 2279 2285 
f 243 80 2305 2281 
f 244 81 2309 2303 
f 245 82 2311 2307 
f 246 83 511 247 
f 248 84 85 249 
f 250 86 87 251 
f 252 88 89 253 
f 254 90 91 255 
f 256 92 93 257 
f 258 94 95 259 
f 260 96 97 261 
f 262 100 542 263 
f 264 101 102 265 
f 266 103 104 267 
f 268 105 106 269 
f 270 107 108 271 
f 272 109 110 273 
f 274 111 112 275 
f 276 113 114 277 
f 278 117 573 279 
f 280 118 119 281 
f 282 120 121 283 
f 284 122 123 285 
f 286 124 125 287 
f 288 126 127 289 
f 290 128 129 291 
f 292 130 131 293 
f 294 136 1687 1686 
f 296 138 1689 1688 
f 298 140 1691 1690 
f 300 142 1693 1692 
f 302 144 1695 1694 
f 304 146 1697 1696 
f 306 148 1699 1698 
f 308 150 1701 1700 
f 294 604 1639 1623 
f 296 136 1624 1625 
f 298 138 1626 1627 
f 300 140 1628 1629 
f 302 142 1630 1631 
f 304 144 1632 1633 
f 306 146 1634 1635 
f 308 148 1636 1637 
f 2180 2148 2026 2054 
f 2150 2152 2030 2024 
f 2154 2156 2034 2028 
f 2158 2160 2038 2032 
f 2162 2164 2042 2036 
f 2166 2168 2046 2040 
f 2170 2172 2050 2044 
f 2174 2178 2052 2048 
f 310 151 1749 1765 
f 311 152 1751 1750 
f 312 153 1753 1752 
f 313 154 1755 1754 
f 314 155 1757 1756 
f 315 156 1759 1758 
f 316 157 1761 1760 
f 317 158 1764 1762 
f 310 653 1831 1815 
f 311 151 1816 1817 
f 312 152 1818 1819 
f 313 153 1820 1821 
f 314 154 1822 1823 
f 315 155 1824 1825 
f 316 156 1826 1827 
f 317 157 1828 1829 
f 238 495 100 262 
f 239 75 101 264 
f 240 76 103 266 
f 241 77 105 268 
f 242 78 107 270 
f 243 79 109 272 
f 244 80 111 274 
f 245 81 113 276 
f 263 542 83 246 
f 265 102 84 248 
f 267 104 86 250 
f 269 106 88 252 
f 271 108 90 254 
f 273 110 92 256 
f 275 112 94 258 
f 277 114 96 260 
f 247 511 117 278 
f 249 85 118 280 
f 251 87 120 282 
f 253 89 122 284 
f 255 91 124 286 
f 257 93 126 288 
f 259 95 128 290 
f 261 97 130 292 
f 279 573 134 295 
f 281 119 135 297 
f 283 121 137 299 
f 285 123 139 301 
f 287 125 141 303 
f 289 127 143 305 
f 291 129 145 307 
f 293 131 147 309 
f 2278 2276 1301 1315 
f 2274 2272 1312 
f 2308 2312 1315 
f 2304 2310 1302 1303 
s off
f 1866 1864 324 
f 1864 1870 324 
f 1870 1868 324 
f 1868 1874 324 
f 1874 1872 324 
f 1872 1878 324 
f 1878 1876 324 
f 1876 1882 324 
f 1882 1880 324 
f 1880 1886 324 
f 1886 1884 324 
f 1884 1890 324 
f 1890 1888 324 
f 1888 1894 324 
f 1894 1892 324 
f 1892 1924 324 
f 1924 1922 324 
f 1922 1920 324 
f 1920 1918 324 
f 1918 1916 324 
f 1916 1914 324 
f 1914 1912 324 
f 1912 1910 324 
f 1910 1908 324 
f 1908 1906 324 
f 1906 1904 324 
f 1904 1902 324 
f 1902 1900 324 
f 1900 1898 324 
f 1898 1896 324 
f 1896 1928 324 
s 1
f 1994 1992 2176 2182 
f 2181 2175 1763 1766 
f 2184 2180 2054 2056 
f 653 310 1765 1767 
f 322 1605 1702 1703 
s off
f 1926 1866 324 
s 1
f 2314 2316 326 325 
f 2318 2320 327 
f 2318 327 2322 
f 2324 2326 1311 
f 2328 2330 1311 1307 
f 2268 2332 1310 
f 329 328 2331 2267 
f 331 330 2329 2327 
f 333 332 2325 2323 
f 335 334 2321 2333 
f 337 336 2319 2317 
f 339 338 2315 2313 
f 341 340 2335 2337 
f 343 342 2339 2341 
f 345 348 347 346 
f 349 352 351 350 
f 353 356 355 354 
f 357 360 359 358 
f 361 364 363 362 
f 365 368 367 366 
f 369 372 371 370 
f 373 376 375 374 
f 378 381 380 379 
f 382 385 384 383 
f 386 389 388 387 
f 390 393 392 391 
f 394 397 396 395 
f 398 401 400 399 
f 402 405 404 403 
f 406 409 408 407 
f 411 414 413 412 
f 415 418 417 416 
f 419 422 421 420 
f 423 426 425 424 
f 427 430 429 428 
f 431 434 433 432 
f 435 438 437 436 
f 439 442 441 440 
f 444 1704 1705 445 
f 448 1706 1707 449 
f 452 1708 1709 453 
f 456 1710 1711 457 
f 460 1712 1713 461 
f 464 1714 1715 465 
f 468 1716 1717 469 
f 447 443 1640 1641 
f 451 446 1642 1643 
f 455 450 1644 1645 
f 459 454 1646 1647 
f 463 458 1648 1649 
f 467 462 1650 1651 
f 471 466 1652 1653 
f 472 470 1654 1655 
f 2186 2188 2058 2060 
f 2190 2192 2062 2064 
f 2194 2196 2066 2068 
f 2198 2200 2070 2072 
f 2202 2204 2074 2076 
f 2206 2208 2078 2080 
f 2210 2212 2082 2084 
f 474 473 1769 1768 
f 476 475 1771 1770 
f 478 477 1773 1772 
f 480 479 1775 1774 
f 482 481 1777 1776 
f 484 483 1779 1778 
f 486 485 1781 1780 
f 474 487 1832 1833 
f 476 473 1834 1835 
f 478 475 1836 1837 
f 480 477 1838 1839 
f 482 479 1840 1841 
f 484 481 1842 1843 
f 486 483 1844 1845 
f 488 485 1846 1847 
f 331 328 381 378 
f 333 330 385 382 
f 335 332 389 386 
f 337 334 393 390 
f 339 336 397 394 
f 341 338 401 398 
f 343 340 405 402 
f 489 342 409 406 
f 379 380 348 345 
f 383 384 352 349 
f 387 388 356 353 
f 391 392 360 357 
f 395 396 364 361 
f 399 400 368 365 
f 403 404 372 369 
f 407 408 376 373 
f 346 347 414 411 
f 350 351 418 415 
f 354 355 422 419 
f 358 359 426 423 
f 362 363 430 427 
f 366 367 434 431 
f 370 371 438 435 
f 374 375 442 439 
f 412 413 1606 444 
f 416 417 445 448 
f 420 421 449 452 
f 424 425 453 456 
f 428 429 457 460 
f 432 433 461 464 
f 436 437 465 468 
f 440 441 469 490 
f 2346 491 1316 2344 
f 2350 492 2348 
f 2350 2352 492 
f 2356 493 2354 
f 2360 494 493 2358 
f 2298 1314 2362 
f 2297 2361 496 495 
f 2359 2357 498 497 
f 2355 2353 500 499 
f 2363 2351 502 501 
f 2349 2347 504 503 
f 2345 2343 506 505 
f 2365 2367 508 507 
f 2369 2371 510 509 
f 512 515 514 513 
f 516 519 518 517 
f 520 523 522 521 
f 524 527 526 525 
f 528 531 530 529 
f 532 535 534 533 
f 536 539 538 537 
f 373 374 541 540 
f 543 546 545 544 
f 547 550 549 548 
f 551 554 553 552 
f 555 558 557 556 
f 559 562 561 560 
f 563 566 565 564 
f 567 570 569 568 
f 406 407 572 571 
f 574 577 576 575 
f 578 581 580 579 
f 582 585 584 583 
f 586 589 588 587 
f 590 593 592 591 
f 594 597 596 595 
f 598 601 600 599 
f 439 440 603 602 
f 134 606 1718 1685 
f 607 610 1719 1720 
f 611 614 1721 1722 
f 615 618 1723 1724 
f 619 622 1725 1726 
f 623 626 1727 1728 
f 627 630 1729 1730 
f 631 634 1731 1732 
f 608 1656 1657 605 
f 612 1658 1659 609 
f 616 1660 1661 613 
f 620 1662 1663 617 
f 624 1664 1665 621 
f 628 1666 1667 625 
f 632 1668 1669 629 
f 472 1655 1670 633 
f 2086 2088 2214 2216 
f 2090 2092 2218 2220 
f 2094 2096 2222 2224 
f 2098 2100 2226 2228 
f 2102 2104 2230 2232 
f 2106 2108 2234 2236 
f 2110 2112 2238 2240 
f 2215 2213 1782 1783 
f 2219 2217 1784 1785 
f 2223 2221 1786 1787 
f 2227 2225 1788 1789 
f 2231 2229 1790 1791 
f 2235 2233 1792 1793 
f 2239 2237 1794 1795 
f 635 1848 1849 649 
f 637 1850 1851 636 
f 639 1852 1853 638 
f 641 1854 1855 640 
f 643 1856 1857 642 
f 645 1858 1859 644 
f 647 1860 1861 646 
f 488 1847 1862 648 
f 497 543 544 496 
f 499 547 548 498 
f 501 551 552 500 
f 503 555 556 502 
f 505 559 560 504 
f 507 563 564 506 
f 509 567 568 508 
f 489 406 571 510 
f 546 512 513 545 
f 550 516 517 549 
f 554 520 521 553 
f 558 524 525 557 
f 562 528 529 561 
f 566 532 533 565 
f 570 536 537 569 
f 407 373 540 572 
f 515 574 575 514 
f 519 578 579 518 
f 523 582 583 522 
f 527 586 587 526 
f 531 590 591 530 
f 535 594 595 534 
f 539 598 599 538 
f 374 439 602 541 
f 577 607 606 576 
f 581 611 610 580 
f 585 615 614 584 
f 589 619 618 588 
f 593 623 622 592 
f 597 627 626 596 
f 601 631 630 600 
f 440 490 634 603 
f 1313 2340 2374 
f 1306 326 2336 2342 
f 650 1313 2372 2370 
f 1316 2368 2366 
f 326 2316 2338 
f 327 2320 2314 325 
f 2322 327 651 2334 
f 1311 2326 2334 651 
f 1311 2330 2324 
f 1310 2332 2328 1307 
f 328 331 2327 2331 
f 330 333 2323 2329 
f 332 335 2333 2325 
f 334 337 2317 2321 
f 336 339 2313 2319 
f 338 341 2337 2315 
f 340 343 2341 2335 
f 342 489 2373 2339 
f 347 348 344 59 
f 351 352 345 346 
f 355 356 349 350 
f 359 360 353 354 
f 363 364 357 358 
f 367 368 361 362 
f 371 372 365 366 
f 375 376 369 370 
f 380 381 377 51 
f 384 385 378 379 
f 388 389 382 383 
f 392 393 386 387 
f 396 397 390 391 
f 400 401 394 395 
f 404 405 398 399 
f 408 409 402 403 
f 413 414 410 67 
f 417 418 411 412 
f 421 422 415 416 
f 425 426 419 420 
f 429 430 423 424 
f 433 434 427 428 
f 437 438 431 432 
f 441 442 435 436 
f 443 447 1704 1733 
f 445 1705 1706 448 
f 449 1707 1708 452 
f 453 1709 1710 456 
f 457 1711 1712 460 
f 461 1713 1714 464 
f 465 1715 1716 468 
f 469 1717 1734 490 
f 443 29 1638 1640 
f 446 447 1641 1642 
f 450 451 1643 1644 
f 454 455 1645 1646 
f 458 459 1647 1648 
f 462 463 1649 1650 
f 466 467 1651 1652 
f 470 471 1653 1654 
f 2242 2186 2060 2114 
f 2188 2190 2064 2058 
f 2192 2194 2068 2062 
f 2196 2198 2072 2066 
f 2200 2202 2076 2070 
f 2204 2206 2080 2074 
f 2208 2210 2084 2078 
f 2212 2244 2116 2082 
f 487 474 1768 1796 
f 473 476 1770 1769 
f 475 478 1772 1771 
f 477 480 1774 1773 
f 479 482 1776 1775 
f 481 484 1778 1777 
f 483 486 1780 1779 
f 485 488 1797 1781 
f 1832 1830 1925 1929 
f 1834 1833 1931 1933 
f 1836 1835 1935 1937 
f 1838 1837 1939 1941 
f 1840 1839 1943 1945 
f 1842 1841 1947 1949 
f 1844 1843 1951 1953 
f 1846 1845 1955 1957 
f 381 328 329 377 
f 385 330 331 378 
f 389 332 333 382 
f 393 334 335 386 
f 397 336 337 390 
f 401 338 339 394 
f 405 340 341 398 
f 409 342 343 402 
f 348 380 51 344 
f 352 384 379 345 
f 356 388 383 349 
f 360 392 387 353 
f 364 396 391 357 
f 368 400 395 361 
f 372 404 399 365 
f 376 408 403 369 
f 414 347 59 410 
f 418 351 346 411 
f 422 355 350 415 
f 426 359 354 419 
f 430 363 358 423 
f 434 367 362 427 
f 438 371 366 431 
f 442 375 370 435 
f 445 417 412 444 
f 449 421 416 448 
f 453 425 420 452 
f 457 429 424 456 
f 461 433 428 460 
f 465 437 432 464 
f 469 441 436 468 
f 2344 1316 2366 
f 2348 492 491 2346 
f 492 2352 2364 652 
f 2354 493 652 2364 
f 2358 493 2356 
f 2362 1314 494 2360 
f 496 2361 2359 497 
f 498 2357 2355 499 
f 500 2353 2363 501 
f 502 2351 2349 503 
f 504 2347 2345 505 
f 506 2343 2365 507 
f 508 2367 2369 509 
f 510 2371 2373 489 
f 513 514 511 83 
f 517 518 515 512 
f 521 522 519 516 
f 525 526 523 520 
f 529 530 527 524 
f 533 534 531 528 
f 537 538 535 532 
f 540 541 539 536 
f 544 545 542 100 
f 548 549 546 543 
f 552 553 550 547 
f 556 557 554 551 
f 560 561 558 555 
f 564 565 562 559 
f 568 569 566 563 
f 571 572 570 567 
f 575 576 573 117 
f 579 580 577 574 
f 583 584 581 578 
f 587 588 585 582 
f 591 592 589 586 
f 595 596 593 590 
f 599 600 597 594 
f 602 603 601 598 
f 605 1718 1720 608 
f 609 1719 1722 612 
f 613 1721 1724 616 
f 617 1723 1726 620 
f 621 1725 1728 624 
f 625 1727 1730 628 
f 629 1729 1732 632 
f 633 1731 1734 472 
f 605 1657 1639 604 
f 609 1659 1656 608 
f 613 1661 1658 612 
f 617 1663 1660 616 
f 621 1665 1662 620 
f 625 1667 1664 624 
f 629 1669 1666 628 
f 633 1670 1668 632 
f 2118 2086 2216 2246 
f 2088 2090 2220 2214 
f 2092 2094 2224 2218 
f 2096 2098 2228 2222 
f 2100 2102 2232 2226 
f 2104 2106 2236 2230 
f 2108 2110 2240 2234 
f 2112 2116 2244 2238 
f 649 1798 1783 635 
f 636 1782 1785 637 
f 638 1784 1787 639 
f 640 1786 1789 641 
f 642 1788 1791 643 
f 644 1790 1793 645 
f 646 1792 1795 647 
f 648 1794 1797 488 
f 649 1849 1831 653 
f 636 1851 1848 635 
f 638 1853 1850 637 
f 640 1855 1852 639 
f 642 1857 1854 641 
f 644 1859 1856 643 
f 646 1861 1858 645 
f 648 1862 1860 647 
f 496 544 100 495 
f 498 548 543 497 
f 500 552 547 499 
f 502 556 551 501 
f 504 560 555 503 
f 506 564 559 505 
f 508 568 563 507 
f 510 571 567 509 
f 545 513 83 542 
f 549 517 512 546 
f 553 521 516 550 
f 557 525 520 554 
f 561 529 524 558 
f 565 533 528 562 
f 569 537 532 566 
f 572 540 536 570 
f 514 575 117 511 
f 518 579 574 515 
f 522 583 578 519 
f 526 587 582 523 
f 530 591 586 527 
f 534 595 590 531 
f 538 599 594 535 
f 541 602 598 539 
f 576 606 134 573 
f 580 610 607 577 
f 584 614 611 581 
f 588 618 615 585 
f 592 622 619 589 
f 596 626 623 593 
f 600 630 627 597 
f 603 634 631 601 
f 2340 1313 1306 2342 
f 2336 326 2338 
f 2372 1313 2374 
f 2368 1316 650 2370 
s off
f 1930 324 1932 
f 1932 324 1934 
f 1934 324 1936 
f 1936 324 1938 
f 1938 324 1940 
f 1940 324 1942 
f 1942 324 1944 
f 1944 324 1946 
f 1946 324 1948 
f 1948 324 1950 
f 1950 324 1952 
f 1952 324 1954 
f 1954 324 1956 
f 1956 324 1958 
f 1958 324 1960 
f 1960 324 1990 
f 1990 324 1986 
f 1986 324 1988 
f 1988 324 1982 
f 1982 324 1984 
f 1984 324 1978 
f 1978 324 1980 
f 1980 324 1974 
f 1974 324 1976 
f 1976 324 1970 
f 1970 324 1972 
f 1972 324 1966 
f 1966 324 1968 
f 1968 324 1962 
f 1962 324 1964 
f 1964 324 1928 
s 1
f 2182 2242 2114 1994 
f 323 487 1796 1766 
f 2056 2118 2246 2184 
f 653 1767 1798 649 
f 322 1703 1733 1606 
s off
f 1926 324 1930 
s 1
f 889 1331 1603 1333 
f 891 1589 1334 
f 748 875 975 976 
f 749 875 748 
f 750 860 875 749 
f 751 860 750 
f 768 1330 1589 1335 
f 752 860 751 
s 2
f 730 665 664 728 
f 709 654 991 992 
f 712 655 654 709 
f 715 656 655 712 
f 718 657 656 715 
f 721 658 657 718 
f 733 659 658 721 
f 736 660 659 733 
f 707 661 660 736 
f 707 703 662 661 
f 703 724 663 662 
f 724 728 664 663 
f 1011 666 740 1014 
f 666 667 744 740 
f 667 668 747 744 
f 668 665 730 747 
f 780 1336 1337 774 
f 774 1338 1339 780 
f 783 1340 1341 778 
f 789 1342 1343 787 
f 795 1344 1345 793 
f 801 1346 1347 799 
f 811 1348 1349 887 
f 813 1350 1351 890 
f 816 1352 1353 766 
f 819 1354 1355 769 
f 825 1356 1357 823 
f 831 1358 1359 829 
f 837 1360 1361 835 
f 843 1362 1363 841 
f 849 1364 1365 847 
f 855 1366 1367 853 
s 1
f 802 669 1368 1369 
f 796 670 1370 1371 
f 796 1372 1373 670 
f 790 1374 1375 671 
f 775 673 1376 1377 
f 771 674 1378 1379 
f 771 1380 1381 674 
f 850 676 1382 1383 
f 844 677 1384 1385 
f 838 678 1386 1387 
f 832 679 1388 1389 
f 832 1390 1391 679 
f 820 681 1392 1393 
f 817 682 1394 1395 
f 814 683 1396 1397 
f 810 684 1398 1399 
f 696 1324 1590 763 
f 695 1591 1324 696 
f 694 1325 1591 695 
f 693 1592 1325 694 
f 692 1326 1592 693 
f 691 1593 1326 692 
f 690 1327 1593 691 
f 689 1594 1327 690 
f 688 1328 1594 689 
f 687 1595 1328 688 
f 701 1329 1595 687 
f 686 698 701 
f 685 697 698 686 
f 685 754 755 
f 685 755 756 
f 685 699 753 754 
f 698 1596 1329 701 
f 697 1330 1596 698 
f 697 685 756 757 
f 697 757 758 
f 700 686 701 
f 699 685 686 700 
f 699 861 860 752 
f 699 752 753 
f 1112 710 708 765 
f 710 713 711 708 
f 713 716 714 711 
f 716 719 717 714 
f 739 1122 741 738 
f 743 739 738 742 
f 746 743 742 745 
f 731 746 745 729 
f 719 722 720 717 
f 727 731 729 726 
s 2
f 730 728 726 729 
f 709 992 765 708 
f 712 709 708 711 
f 715 712 711 714 
f 718 715 714 717 
f 721 718 717 720 
f 733 721 720 732 
f 736 733 732 735 
f 707 736 735 705 
f 703 707 705 702 
f 724 703 702 723 
f 728 724 723 726 
f 1014 740 738 741 
f 740 744 742 738 
f 744 747 745 742 
f 747 730 729 745 
s 1
f 706 704 702 705 
f 737 706 705 735 
f 704 725 723 702 
f 734 737 735 732 
f 722 734 732 720 
f 725 727 726 723 
f 976 1122 739 748 
f 748 739 743 749 
f 749 743 746 750 
f 750 746 731 751 
f 751 731 727 752 
f 752 727 725 753 
f 753 725 704 754 
f 754 704 706 755 
f 755 706 737 756 
f 756 737 734 757 
f 757 734 722 758 
f 758 722 719 759 
f 759 719 716 760 
f 760 716 713 761 
f 761 713 710 762 
f 762 710 1112 965 
f 768 1335 1413 767 
s 2
f 859 1336 1414 857 
f 774 1337 1415 773 
f 783 1338 1416 782 
f 780 1339 1417 779 
f 789 1340 1418 788 
f 778 1341 1419 776 
f 795 1342 1420 794 
f 787 1343 1421 785 
f 801 1344 1422 800 
f 793 1345 1423 791 
f 807 1346 1424 806 
f 799 1347 1425 797 
f 813 1348 1426 812 
f 816 1350 1427 815 
f 819 1352 1428 818 
f 766 1353 1413 892 
f 825 1354 1429 824 
f 769 1355 1430 767 
f 831 1356 1431 830 
f 823 1357 1432 821 
f 837 1358 1433 836 
f 829 1359 1434 827 
f 843 1360 1435 842 
f 835 1361 1436 833 
f 849 1362 1437 848 
f 841 1363 1438 839 
f 855 1364 1439 854 
f 847 1365 1440 845 
f 772 1366 1441 770 
f 853 1367 1442 851 
s 1
f 802 1369 1424 800 
f 796 1371 1422 794 
f 790 1372 1420 788 
f 784 1374 1418 782 
f 775 1377 1416 773 
f 771 1379 1415 770 
f 856 1380 1441 854 
f 850 1383 1439 848 
f 844 1385 1437 842 
f 838 1387 1435 836 
f 832 1389 1433 830 
f 826 1390 1431 824 
f 820 1393 1429 818 
f 817 1395 1428 815 
f 814 1397 1427 812 
f 810 1399 1426 809 
f 804 1400 1425 803 
f 798 1401 1423 797 
f 792 1402 1421 791 
f 786 1403 1419 785 
f 777 1404 1417 776 
f 781 1405 1414 779 
f 858 1406 1442 857 
f 852 1407 1440 851 
f 846 1408 1438 845 
f 840 1409 1436 839 
f 834 1410 1434 833 
f 828 1411 1432 827 
f 822 1412 1430 821 
f 874 1315 1301 873 
f 873 1301 1312 872 
f 696 877 878 
f 696 763 876 877 
f 695 696 878 879 
f 871 694 695 872 
f 870 693 694 871 
f 869 692 693 870 
f 868 691 692 869 
f 867 690 691 868 
f 866 689 690 867 
f 865 688 689 866 
f 864 687 688 865 
f 863 701 687 864 
f 862 700 701 863 
f 861 699 700 862 
f 861 325 326 860 
f 872 882 883 873 
f 873 884 885 874 
f 873 883 884 
f 872 881 882 
f 872 695 880 881 
f 860 326 1306 875 
f 875 1306 1313 975 
f 695 879 880 
f 876 904 906 877 
f 877 906 909 878 
f 878 909 912 879 
f 879 912 915 880 
f 880 915 918 881 
f 881 918 921 882 
f 882 921 924 883 
f 883 924 927 884 
f 884 927 931 885 
f 891 1334 1443 892 
s 2
f 892 1443 1351 766 
s 1
f 889 1333 1444 888 
s 2
f 887 1349 1444 886 
f 907 1192 2376 2378 
f 910 907 2378 2380 
f 913 910 2380 2382 
f 916 913 2382 2384 
f 919 916 2384 2386 
f 922 919 2386 2388 
f 925 922 2388 2390 
f 928 925 2390 2392 
f 930 928 2392 2394 
f 2393 2391 942 943 
f 2391 2389 944 942 
f 2389 2387 945 944 
f 2387 2385 946 945 
f 2385 2383 947 946 
f 2383 2381 948 947 
f 2381 2379 949 948 
f 2379 2377 950 949 
f 2377 2375 951 950 
f 2412 2414 893 952 
f 2414 2416 893 
f 2416 2418 893 
f 2418 2420 893 
f 2420 2422 893 
f 894 932 933 1210 
f 895 934 932 894 
f 896 935 934 895 
f 897 936 935 896 
f 898 937 936 897 
f 899 938 937 898 
f 900 939 938 899 
f 901 940 939 900 
f 902 941 940 901 
s 1
f 906 904 903 905 
f 909 906 905 908 
f 912 909 908 911 
f 915 912 911 914 
f 918 915 914 917 
f 921 918 917 920 
f 924 921 920 923 
f 927 924 923 926 
f 931 927 926 929 
s 2
f 1192 907 905 903 
f 907 910 908 905 
f 910 913 911 908 
f 913 916 914 911 
f 916 919 917 914 
f 919 922 920 917 
f 922 925 923 920 
f 925 928 926 923 
f 928 930 929 926 
f 932 2423 2425 933 
f 934 2427 2423 932 
f 935 2429 2427 934 
f 936 2411 2429 935 
f 937 2413 2411 936 
f 938 2415 2413 937 
f 939 2417 2415 938 
f 940 2419 2417 939 
f 941 2421 2419 940 
f 942 894 1210 943 
f 944 895 894 942 
f 945 896 895 944 
f 946 897 896 945 
f 947 898 897 946 
f 948 899 898 947 
f 949 900 899 948 
f 950 901 900 949 
f 951 902 901 950 
f 2430 2412 952 
f 2426 2424 952 
f 2424 2428 952 
f 952 2428 2430 
s 1
f 963 1445 1603 1332 
f 970 1446 1604 
f 973 976 975 974 
f 977 973 974 
f 978 977 974 979 
f 980 978 979 
f 982 1447 1604 1317 
f 984 980 979 
s 2
f 985 988 987 986 
f 989 992 991 990 
f 993 989 990 994 
f 995 993 994 996 
f 997 995 996 998 
f 999 997 998 1000 
f 1001 999 1000 1002 
f 1003 1001 1002 1004 
f 1005 1003 1004 1006 
f 1005 1006 1008 1007 
f 1007 1008 1010 1009 
f 1009 1010 987 988 
f 1011 1014 1013 1012 
f 1012 1013 1016 1015 
f 1015 1016 1018 1017 
f 1017 1018 985 986 
f 1019 1022 1448 1449 
f 1022 1019 1450 1451 
f 1023 1024 1452 1453 
f 1025 1026 1454 1455 
f 1027 1028 1456 1457 
f 1029 1030 1458 1459 
f 811 887 1460 1461 
f 1031 1032 1462 1463 
f 1033 1034 1464 1465 
f 1035 1036 1466 1467 
f 1037 1038 1468 1469 
f 1039 1040 1470 1471 
f 1041 1042 1472 1473 
f 1043 1044 1474 1475 
f 1045 1046 1476 1477 
f 1047 1048 1478 1479 
s 1
f 1049 1480 1481 1050 
f 1051 1482 1483 1052 
f 1051 1052 1484 1485 
f 1053 1054 1486 1487 
f 1057 1488 1489 1058 
f 1059 1490 1491 1060 
f 1059 1060 1492 1493 
f 1063 1494 1495 1064 
f 1065 1496 1497 1066 
f 1067 1498 1499 1068 
f 1069 1500 1501 1070 
f 1069 1070 1502 1503 
f 1073 1504 1505 1074 
f 1075 1506 1507 1076 
f 1077 1508 1509 1078 
f 810 1510 1511 684 
f 1079 763 1590 1323 
f 1081 1079 1323 1597 
f 1083 1081 1597 1322 
f 1085 1083 1322 1598 
f 1087 1085 1598 1321 
f 1089 1087 1321 1599 
f 1091 1089 1599 1320 
f 1093 1091 1320 1600 
f 1095 1093 1600 1319 
f 1097 1095 1319 1601 
f 1099 1097 1601 1318 
f 1101 1099 1102 
f 1103 1101 1102 983 
f 1103 1105 1104 
f 1103 1106 1105 
f 1103 1104 1108 1107 
f 1102 1099 1318 1602 
f 983 1102 1602 1317 
f 983 1110 1106 1103 
f 983 981 1110 
f 1111 1099 1101 
f 1107 1111 1101 1103 
f 1107 984 979 968 
f 1107 1108 984 
f 1112 765 1114 1113 
f 1113 1114 1116 1115 
f 1115 1116 1118 1117 
f 1117 1118 1120 1119 
f 1121 1123 741 1122 
f 1124 1125 1123 1121 
f 1126 1127 1125 1124 
f 1128 1129 1127 1126 
f 1119 1120 1131 1130 
f 1132 1133 1129 1128 
s 2
f 985 1129 1133 988 
f 989 1114 765 992 
f 993 1116 1114 989 
f 995 1118 1116 993 
f 997 1120 1118 995 
f 999 1131 1120 997 
f 1001 1134 1131 999 
f 1003 1135 1134 1001 
f 1005 1136 1135 1003 
f 1007 1137 1136 1005 
f 1009 1138 1137 1007 
f 988 1133 1138 1009 
f 1014 741 1123 1013 
f 1013 1123 1125 1016 
f 1016 1125 1127 1018 
f 1018 1127 1129 985 
s 1
f 1139 1136 1137 1140 
f 1141 1135 1136 1139 
f 1140 1137 1138 1142 
f 1143 1134 1135 1141 
f 1130 1131 1134 1143 
f 1142 1138 1133 1132 
f 976 973 1121 1122 
f 973 977 1124 1121 
f 977 978 1126 1124 
f 978 980 1128 1126 
f 980 984 1132 1128 
f 984 1108 1142 1132 
f 1108 1104 1140 1142 
f 1104 1105 1139 1140 
f 1105 1106 1141 1139 
f 1106 1110 1143 1141 
f 1110 981 1130 1143 
f 981 972 1119 1130 
f 972 971 1117 1119 
f 971 969 1115 1117 
f 969 964 1113 1115 
f 964 965 1112 1113 
f 982 1145 1525 1447 
s 2
f 1020 1147 1526 1449 
f 1022 1149 1527 1448 
f 1023 1150 1528 1451 
f 1019 1146 1529 1450 
f 1025 1152 1530 1453 
f 1024 1151 1531 1452 
f 1027 1154 1532 1455 
f 1026 1153 1533 1454 
f 1029 1156 1534 1457 
f 1028 1155 1535 1456 
f 807 806 1536 1459 
f 1030 1157 1537 1458 
f 1031 1158 1538 1461 
f 1033 1159 1539 1463 
f 1035 1160 1540 1465 
f 1034 1144 1525 1464 
f 1037 1161 1541 1467 
f 1036 1145 1542 1466 
f 1039 1163 1543 1469 
f 1038 1162 1544 1468 
f 1041 1165 1545 1471 
f 1040 1164 1546 1470 
f 1043 1167 1547 1473 
f 1042 1166 1548 1472 
f 1045 1169 1549 1475 
f 1044 1168 1550 1474 
f 1047 1171 1551 1477 
f 1046 1170 1552 1476 
f 1021 1148 1553 1479 
f 1048 1172 1554 1478 
s 1
f 1049 1156 1536 1480 
f 1051 1154 1534 1482 
f 1053 1152 1532 1485 
f 1055 1150 1530 1487 
f 1057 1149 1528 1488 
f 1059 1148 1527 1490 
f 1061 1171 1553 1493 
f 1063 1169 1551 1494 
f 1065 1167 1549 1496 
f 1067 1165 1547 1498 
f 1069 1163 1545 1500 
f 1071 1161 1543 1503 
f 1073 1160 1541 1504 
f 1075 1159 1540 1506 
f 1077 1158 1539 1508 
f 810 809 1538 1510 
f 804 803 1537 1512 
f 1080 1157 1535 1513 
f 1082 1155 1533 1514 
f 1084 1153 1531 1515 
f 1086 1151 1529 1516 
f 1088 1146 1526 1517 
f 1090 1147 1554 1518 
f 1092 1172 1552 1519 
f 1094 1170 1550 1520 
f 1096 1168 1548 1521 
f 1098 1166 1546 1522 
f 1100 1164 1544 1523 
f 1109 1162 1542 1524 
f 874 1173 1302 1315 
f 1173 954 1303 1302 
f 1079 1175 1174 
f 1079 1174 876 763 
f 1081 1176 1175 1079 
f 953 954 1081 1083 
f 955 953 1083 1085 
f 956 955 1085 1087 
f 957 956 1087 1089 
f 958 957 1089 1091 
f 959 958 1091 1093 
f 960 959 1093 1095 
f 961 960 1095 1097 
f 962 961 1097 1099 
f 967 962 1099 1111 
f 968 967 1111 1107 
f 968 979 1316 491 
f 954 1173 1178 1177 
f 1173 874 885 1179 
f 1173 1179 1178 
f 954 1177 1180 
f 954 1180 1181 1081 
f 979 974 650 1316 
f 974 975 1313 650 
f 1081 1181 1176 
f 876 1174 1182 904 
f 1174 1175 1183 1182 
f 1175 1176 1184 1183 
f 1176 1181 1185 1184 
f 1181 1180 1186 1185 
f 1180 1177 1187 1186 
f 1177 1178 1188 1187 
f 1178 1179 1189 1188 
f 1179 885 931 1189 
f 970 1144 1555 1446 
s 2
f 1144 1034 1462 1555 
s 1
f 963 1190 1556 1445 
s 2
f 887 886 1556 1460 
f 1191 2396 2376 1192 
f 1193 2398 2396 1191 
f 1194 2400 2398 1193 
f 1195 2402 2400 1194 
f 1196 2404 2402 1195 
f 1197 2406 2404 1196 
f 1198 2408 2406 1197 
f 1199 2410 2408 1198 
f 930 2394 2410 1199 
f 943 1200 2409 2393 
f 1200 1201 2407 2409 
f 1201 1202 2405 2407 
f 1202 1203 2403 2405 
f 1203 1204 2401 2403 
f 1204 1205 2399 2401 
f 1205 1206 2397 2399 
f 1206 1207 2395 2397 
f 1207 951 2375 2395 
f 2434 952 893 2432 
f 2432 893 2436 
f 2436 893 2438 
f 2438 893 2440 
f 2440 893 2422 
f 1208 1210 933 1209 
f 1211 1208 1209 1212 
f 1213 1211 1212 1214 
f 1215 1213 1214 1216 
f 1217 1215 1216 1218 
f 1219 1217 1218 1220 
f 1221 1219 1220 1222 
f 1223 1221 1222 1224 
f 902 1223 1224 941 
s 1
f 1182 1225 903 904 
f 1183 1226 1225 1182 
f 1184 1227 1226 1183 
f 1185 1228 1227 1184 
f 1186 1229 1228 1185 
f 1187 1230 1229 1186 
f 1188 1231 1230 1187 
f 1189 1232 1231 1188 
f 931 929 1232 1189 
s 2
f 1192 903 1225 1191 
f 1191 1225 1226 1193 
f 1193 1226 1227 1194 
f 1194 1227 1228 1195 
f 1195 1228 1229 1196 
f 1196 1229 1230 1197 
f 1197 1230 1231 1198 
f 1198 1231 1232 1199 
f 1199 1232 929 930 
f 1209 933 2425 2441 
f 1212 1209 2441 2443 
f 1214 1212 2443 2445 
f 1216 1214 2445 2433 
f 1218 1216 2433 2431 
f 1220 1218 2431 2435 
f 1222 1220 2435 2437 
f 1224 1222 2437 2439 
f 941 1224 2439 2421 
f 1200 943 1210 1208 
f 1201 1200 1208 1211 
f 1202 1201 1211 1213 
f 1203 1202 1213 1215 
f 1204 1203 1215 1217 
f 1205 1204 1217 1219 
f 1206 1205 1219 1221 
f 1207 1206 1221 1223 
f 951 1207 1223 902 
f 952 2434 2446 
f 2426 952 2442 
f 952 2444 2442 
f 952 2446 2444 
s off
f 764 1368 1557 1233 
f 669 1370 1558 1234 
f 670 1373 1559 1235 
f 671 1375 1560 1236 
f 672 1376 1561 1237 
f 673 1378 1562 1238 
f 674 1381 1563 1239 
f 675 1382 1564 1240 
f 676 1384 1565 1241 
f 677 1386 1566 1242 
f 678 1388 1567 1243 
f 679 1391 1568 1244 
f 680 1392 1569 1245 
f 681 1394 1570 1246 
f 682 1396 1571 1247 
f 683 1398 1572 1248 
f 684 1511 1573 1249 
f 1078 1509 1574 1250 
f 1076 1507 1575 1251 
f 1074 1505 1576 1252 
f 1072 1502 1577 1253 
f 1070 1501 1578 1254 
f 1068 1499 1579 1255 
f 1066 1497 1580 1256 
f 1064 1495 1581 1257 
f 1062 1492 1582 1258 
f 1060 1491 1583 1259 
f 1058 1489 1584 1260 
f 1056 1486 1585 1261 
f 1054 1484 1586 1262 
f 1052 1483 1587 1263 
f 1050 1481 1588 1264 
f 1233 1557 1234 1265 
f 1234 1558 1235 1265 
f 1235 1559 1236 1265 
f 1236 1560 1237 1265 
f 1237 1561 1238 1265 
f 1238 1562 1239 1265 
f 1239 1563 1240 1265 
f 1240 1564 1241 1265 
f 1241 1565 1242 1265 
f 1242 1566 1243 1265 
f 1243 1567 1244 1265 
f 1244 1568 1245 1265 
f 1245 1569 1246 1265 
f 1246 1570 1247 1265 
f 1247 1571 1248 1265 
f 1248 1572 1249 1265 
f 1249 1573 1250 1265 
f 1250 1574 1251 1265 
f 1251 1575 1252 1265 
f 1252 1576 1253 1265 
f 1253 1577 1254 1265 
f 1254 1578 1255 1265 
f 1255 1579 1256 1265 
f 1256 1580 1257 1265 
f 1257 1581 1258 1265 
f 1258 1582 1259 1265 
f 1259 1583 1260 1265 
f 1260 1584 1261 1265 
f 1261 1585 1262 1265 
f 1262 1586 1263 1265 
f 1263 1587 1264 1265 
f 1264 1588 1233 1265 
f 664 665 1267 1266 
f 665 668 1268 1267 
f 668 667 1269 1268 
f 667 666 1270 1269 
f 666 1011 1271 1270 
f 1011 1012 1272 1271 
f 1012 1015 1273 1272 
f 1015 1017 1274 1273 
f 1017 986 1275 1274 
f 986 987 1276 1275 
f 987 1010 1277 1276 
f 1010 1008 1278 1277 
f 1008 1006 1279 1278 
f 1006 1004 1280 1279 
f 1004 1002 1281 1280 
f 1002 1000 1282 1281 
f 1000 998 1283 1282 
f 998 996 1284 1283 
f 996 994 1285 1284 
f 994 990 1286 1285 
f 990 991 1287 1286 
f 991 654 1288 1287 
f 654 655 1289 1288 
f 655 656 1290 1289 
f 656 657 1291 1290 
f 657 658 1292 1291 
f 658 659 1293 1292 
f 659 660 1294 1293 
f 660 661 1295 1294 
f 661 662 1296 1295 
f 662 663 1297 1296 
f 663 664 1266 1297 
f 1266 1267 1298 
f 1267 1268 1298 
f 1268 1269 1298 
f 1269 1270 1298 
f 1270 1271 1298 
f 1271 1272 1298 
f 1272 1273 1298 
f 1273 1274 1298 
f 1274 1275 1298 
f 1275 1276 1298 
f 1276 1277 1298 
f 1277 1278 1298 
f 1278 1279 1298 
f 1279 1280 1298 
f 1280 1281 1298 
f 1281 1282 1298 
f 1282 1283 1298 
f 1283 1284 1298 
f 1284 1285 1298 
f 1285 1286 1298 
f 1286 1287 1298 
f 1287 1288 1298 
f 1288 1289 1298 
f 1289 1290 1298 
f 1290 1291 1298 
f 1291 1292 1298 
f 1292 1293 1298 
f 1293 1294 1298 
f 1294 1295 1298 
f 1295 1296 1298 
f 1296 1297 1298 
f 1297 1266 1298 
s 1
f 318 871 872 1312 
f 1308 870 871 318 
f 1300 869 870 1308 
f 1309 868 869 1300 
f 1299 867 868 1309 
f 1310 866 867 1299 
f 1307 865 866 1310 
f 1311 864 865 1307 
f 651 863 864 1311 
f 327 862 863 651 
f 325 861 862 327 
f 1303 954 953 1304 
f 1304 953 955 320 
f 320 955 956 1305 
f 1305 956 957 321 
f 321 957 958 319 
f 319 958 959 1314 
f 1314 959 960 494 
f 494 960 961 493 
f 493 961 962 652 
f 652 962 967 492 
f 492 967 968 491 
f 1330 697 758 1589 
f 1324 798 1400 1590 
f 1591 792 1401 
f 1325 786 1402 1591 
f 1592 777 1403 
f 1326 781 1404 1592 
f 1593 858 1405 
f 1327 852 1406 1593 
f 1594 846 1407 
f 1328 840 1408 1594 
f 1595 834 1409 
f 1329 828 1410 1595 
f 1596 822 1411 
f 1330 768 1412 1596 
f 1604 981 983 1317 
f 1590 804 1512 
f 1323 1080 1513 1597 
f 1597 1082 1514 
f 1322 1084 1515 1598 
f 1598 1086 1516 
f 1321 1088 1517 1599 
f 1599 1090 1518 
f 1320 1092 1519 1600 
f 1600 1094 1520 
f 1319 1096 1521 1601 
f 1601 1098 1522 
f 1318 1100 1523 1602 
f 1602 1109 1524 
f 1589 758 759 
f 1589 759 760 
f 1589 760 761 1331 
f 1331 761 762 
f 1331 762 965 1603 
f 1603 965 964 1332 
f 1332 964 969 
f 1332 969 971 1604 
f 1604 971 972 
f 1604 972 981 
f 1603 966 1333 
f 1589 1331 889 1334 
f 1589 891 1335 
s 2
f 1336 859 772 1337 
f 1338 783 778 1339 
f 1340 789 787 1341 
f 1342 795 793 1343 
f 1344 801 799 1345 
f 1346 807 805 1347 
f 1348 813 890 1349 
f 1350 816 766 1351 
f 1352 819 769 1353 
f 1354 825 823 1355 
f 1356 831 829 1357 
f 1358 837 835 1359 
f 1360 843 841 1361 
f 1362 849 847 1363 
f 1364 855 853 1365 
f 1366 772 859 1367 
s 1
f 1368 764 808 1369 
f 1370 669 802 1371 
f 1372 790 671 1373 
f 1374 784 672 1375 
f 1376 672 784 1377 
f 1378 673 775 1379 
f 1380 856 675 1381 
f 1382 675 856 1383 
f 1384 676 850 1385 
f 1386 677 844 1387 
f 1388 678 838 1389 
f 1390 826 680 1391 
f 1392 680 826 1393 
f 1394 681 820 1395 
f 1396 682 817 1397 
f 1398 683 814 1399 
f 1335 891 892 1413 
s 2
f 1336 780 779 1414 
f 1337 772 770 1415 
f 1338 774 773 1416 
f 1339 778 776 1417 
f 1340 783 782 1418 
f 1341 787 785 1419 
f 1342 789 788 1420 
f 1343 793 791 1421 
f 1344 795 794 1422 
f 1345 799 797 1423 
f 1346 801 800 1424 
f 1347 805 803 1425 
f 1348 811 809 1426 
f 1350 813 812 1427 
f 1352 816 815 1428 
f 1353 769 767 1413 
f 1354 819 818 1429 
f 1355 823 821 1430 
f 1356 825 824 1431 
f 1357 829 827 1432 
f 1358 831 830 1433 
f 1359 835 833 1434 
f 1360 837 836 1435 
f 1361 841 839 1436 
f 1362 843 842 1437 
f 1363 847 845 1438 
f 1364 849 848 1439 
f 1365 853 851 1440 
f 1366 855 854 1441 
f 1367 859 857 1442 
s 1
f 1369 808 806 1424 
f 1371 802 800 1422 
f 1372 796 794 1420 
f 1374 790 788 1418 
f 1377 784 782 1416 
f 1379 775 773 1415 
f 1380 771 770 1441 
f 1383 856 854 1439 
f 1385 850 848 1437 
f 1387 844 842 1435 
f 1389 838 836 1433 
f 1390 832 830 1431 
f 1393 826 824 1429 
f 1395 820 818 1428 
f 1397 817 815 1427 
f 1399 814 812 1426 
f 1400 798 797 1425 
f 1401 792 791 1423 
f 1402 786 785 1421 
f 1403 777 776 1419 
f 1404 781 779 1417 
f 1405 858 857 1414 
f 1406 852 851 1442 
f 1407 846 845 1440 
f 1408 840 839 1438 
f 1409 834 833 1436 
f 1410 828 827 1434 
f 1411 822 821 1432 
f 1412 768 767 1430 
f 1334 889 888 1443 
s 2
f 1443 888 890 1351 
s 1
f 1333 966 886 1444 
s 2
f 1349 890 888 1444 
s 1
f 1445 966 1603 
f 1446 963 1332 1604 
f 1447 970 1604 
s 2
f 1448 1021 1020 1449 
f 1450 1024 1023 1451 
f 1452 1026 1025 1453 
f 1454 1028 1027 1455 
f 1456 1030 1029 1457 
f 1458 805 807 1459 
f 1460 1032 1031 1461 
f 1462 1034 1033 1463 
f 1464 1036 1035 1465 
f 1466 1038 1037 1467 
f 1468 1040 1039 1469 
f 1470 1042 1041 1471 
f 1472 1044 1043 1473 
f 1474 1046 1045 1475 
f 1476 1048 1047 1477 
f 1478 1020 1021 1479 
s 1
f 1480 808 764 1481 
f 1482 1049 1050 1483 
f 1484 1054 1053 1485 
f 1486 1056 1055 1487 
f 1488 1055 1056 1489 
f 1490 1057 1058 1491 
f 1492 1062 1061 1493 
f 1494 1061 1062 1495 
f 1496 1063 1064 1497 
f 1498 1065 1066 1499 
f 1500 1067 1068 1501 
f 1502 1072 1071 1503 
f 1504 1071 1072 1505 
f 1506 1073 1074 1507 
f 1508 1075 1076 1509 
f 1510 1077 1078 1511 
f 1525 1144 970 1447 
s 2
f 1526 1146 1019 1449 
f 1527 1148 1021 1448 
f 1528 1149 1022 1451 
f 1529 1151 1024 1450 
f 1530 1150 1023 1453 
f 1531 1153 1026 1452 
f 1532 1152 1025 1455 
f 1533 1155 1028 1454 
f 1534 1154 1027 1457 
f 1535 1157 1030 1456 
f 1536 1156 1029 1459 
f 1537 803 805 1458 
f 1538 809 811 1461 
f 1539 1158 1031 1463 
f 1540 1159 1033 1465 
f 1525 1145 1036 1464 
f 1541 1160 1035 1467 
f 1542 1162 1038 1466 
f 1543 1161 1037 1469 
f 1544 1164 1040 1468 
f 1545 1163 1039 1471 
f 1546 1166 1042 1470 
f 1547 1165 1041 1473 
f 1548 1168 1044 1472 
f 1549 1167 1043 1475 
f 1550 1170 1046 1474 
f 1551 1169 1045 1477 
f 1552 1172 1048 1476 
f 1553 1171 1047 1479 
f 1554 1147 1020 1478 
s 1
f 1536 806 808 1480 
f 1534 1156 1049 1482 
f 1532 1154 1051 1485 
f 1530 1152 1053 1487 
f 1528 1150 1055 1488 
f 1527 1149 1057 1490 
f 1553 1148 1059 1493 
f 1551 1171 1061 1494 
f 1549 1169 1063 1496 
f 1547 1167 1065 1498 
f 1545 1165 1067 1500 
f 1543 1163 1069 1503 
f 1541 1161 1071 1504 
f 1540 1160 1073 1506 
f 1539 1159 1075 1508 
f 1538 1158 1077 1510 
f 1537 1157 1080 1512 
f 1535 1155 1082 1513 
f 1533 1153 1084 1514 
f 1531 1151 1086 1515 
f 1529 1146 1088 1516 
f 1526 1147 1090 1517 
f 1554 1172 1092 1518 
f 1552 1170 1094 1519 
f 1550 1168 1096 1520 
f 1548 1166 1098 1521 
f 1546 1164 1100 1522 
f 1544 1162 1109 1523 
f 1542 1145 982 1524 
f 1555 1190 963 1446 
s 2
f 1462 1032 1190 1555 
s 1
f 1556 886 966 1445 
s 2
f 1556 1190 1032 1460 
s off
f 1368 669 1234 1557 
f 1370 670 1235 1558 
f 1373 671 1236 1559 
f 1375 672 1237 1560 
f 1376 673 1238 1561 
f 1378 674 1239 1562 
f 1381 675 1240 1563 
f 1382 676 1241 1564 
f 1384 677 1242 1565 
f 1386 678 1243 1566 
f 1388 679 1244 1567 
f 1391 680 1245 1568 
f 1392 681 1246 1569 
f 1394 682 1247 1570 
f 1396 683 1248 1571 
f 1398 684 1249 1572 
f 1511 1078 1250 1573 
f 1509 1076 1251 1574 
f 1507 1074 1252 1575 
f 1505 1072 1253 1576 
f 1502 1070 1254 1577 
f 1501 1068 1255 1578 
f 1499 1066 1256 1579 
f 1497 1064 1257 1580 
f 1495 1062 1258 1581 
f 1492 1060 1259 1582 
f 1491 1058 1260 1583 
f 1489 1056 1261 1584 
f 1486 1054 1262 1585 
f 1484 1052 1263 1586 
f 1483 1050 1264 1587 
f 1481 764 1233 1588 
s 1
f 1400 804 1590 
f 1401 798 1324 1591 
f 1402 792 1591 
f 1403 786 1325 1592 
f 1404 777 1592 
f 1405 781 1326 1593 
f 1406 858 1593 
f 1407 852 1327 1594 
f 1408 846 1594 
f 1409 840 1328 1595 
f 1410 834 1595 
f 1411 828 1329 1596 
f 1412 822 1596 
f 1512 1080 1323 1590 
f 1513 1082 1597 
f 1514 1084 1322 1597 
f 1515 1086 1598 
f 1516 1088 1321 1598 
f 1517 1090 1599 
f 1518 1092 1320 1599 
f 1519 1094 1600 
f 1520 1096 1319 1600 
f 1521 1098 1601 
f 1522 1100 1318 1601 
f 1523 1109 1602 
f 1524 982 1317 1602 
f 199 68 1 1605 
f 1605 1 1672 1702 
f 413 67 322 1606 
f 1607 1997 1991 1608 
f 1609 2001 1995 1610 
f 1611 2005 1999 1612 
f 1613 2009 2003 1614 
f 1615 2013 2007 1616 
f 1617 2017 2011 1618 
f 1619 2021 2015 1620 
f 1621 2051 2019 1622 
f 1623 2053 2025 1624 
f 1625 2023 2029 1626 
f 1627 2027 2033 1628 
f 1629 2031 2037 1630 
f 1631 2035 2041 1632 
f 1633 2039 2045 1634 
f 1635 2043 2049 1636 
f 1637 2047 2051 1621 
f 1638 29 215 1608 
f 1607 30 217 1610 
f 1609 31 219 1612 
f 1611 32 221 1614 
f 1613 33 223 1616 
f 1615 34 225 1618 
f 1617 35 227 1620 
f 1619 36 229 1622 
f 1639 2055 2053 1623 
f 1624 2025 2023 1625 
f 1626 2029 2027 1627 
f 1628 2033 2031 1629 
f 1630 2037 2035 1631 
f 1632 2041 2039 1633 
f 1634 2045 2043 1635 
f 1636 2049 2047 1637 
f 1640 2113 2059 1641 
f 1642 2057 2063 1643 
f 1644 2061 2067 1645 
f 1646 2065 2071 1647 
f 1648 2069 2075 1649 
f 1650 2073 2079 1651 
f 1652 2077 2083 1653 
f 1654 2081 2115 1655 
f 1656 2085 2117 1657 
f 1658 2089 2087 1659 
f 1660 2093 2091 1661 
f 1662 2097 2095 1663 
f 1664 2101 2099 1665 
f 1666 2105 2103 1667 
f 1668 2109 2107 1669 
f 1655 2115 2111 1670 
f 1638 1993 2113 1640 
f 1641 2059 2057 1642 
f 1643 2063 2061 1644 
f 1645 2067 2065 1646 
f 1647 2071 2069 1648 
f 1649 2075 2073 1650 
f 1651 2079 2077 1652 
f 1653 2083 2081 1654 
f 1657 2117 2055 1639 
f 1659 2087 2085 1656 
f 1661 2091 2089 1658 
f 1663 2095 2093 1660 
f 1665 2099 2097 1662 
f 1667 2103 2101 1664 
f 1669 2107 2105 1666 
f 1670 2111 2109 1668 
f 1671 217 30 1672 
f 1673 219 31 1674 
f 1675 221 32 1676 
f 1677 223 33 1678 
f 1679 225 34 1680 
f 1681 227 35 1682 
f 1683 229 36 1684 
f 1685 604 294 1686 
f 1687 136 296 1688 
f 1689 138 298 1690 
f 1691 140 300 1692 
f 1693 142 302 1694 
f 1695 144 304 1696 
f 1697 146 306 1698 
f 1699 148 308 1700 
f 1674 31 217 1671 
f 1676 32 219 1673 
f 1678 33 221 1675 
f 1680 34 223 1677 
f 1682 35 225 1679 
f 1684 36 227 1681 
f 1701 150 229 1683 
f 1687 135 295 1686 
f 1689 137 297 1688 
f 1691 139 299 1690 
f 1693 141 301 1692 
f 1695 143 303 1694 
f 1697 145 305 1696 
f 1699 147 307 1698 
f 1701 149 309 1700 
f 1702 215 29 1703 
f 1704 447 446 1705 
f 1706 451 450 1707 
f 1708 455 454 1709 
f 1710 459 458 1711 
f 1712 463 462 1713 
f 1714 467 466 1715 
f 1716 471 470 1717 
f 1718 605 604 1685 
f 1719 609 608 1720 
f 1721 613 612 1722 
f 1723 617 616 1724 
f 1725 621 620 1726 
f 1727 625 624 1728 
f 1729 629 628 1730 
f 1731 633 632 1732 
f 1704 444 1606 1733 
f 1705 446 451 1706 
f 1707 450 455 1708 
f 1709 454 459 1710 
f 1711 458 463 1712 
f 1713 462 467 1714 
f 1715 466 471 1716 
f 1717 470 472 1734 
f 1718 606 607 1720 
f 1719 610 611 1722 
f 1721 614 615 1724 
f 1723 618 619 1726 
f 1725 622 623 1728 
f 1727 626 627 1730 
f 1729 630 631 1732 
f 1731 634 490 1734 
f 1703 29 443 1733 
f 1672 30 215 1702 
f 1735 231 37 1736 
f 1737 232 38 1738 
f 1739 233 39 1740 
f 1741 234 40 1742 
f 1743 235 41 1744 
f 1745 236 42 1746 
f 1747 237 43 1748 
f 1750 2149 2147 1749 
f 1752 2153 2151 1751 
f 1754 2157 2155 1753 
f 1756 2161 2159 1755 
f 1758 2165 2163 1757 
f 1760 2169 2167 1759 
f 1762 2173 2171 1761 
f 1736 37 230 1763 
f 1738 38 231 1735 
f 1740 39 232 1737 
f 1742 40 233 1739 
f 1744 41 234 1741 
f 1746 42 235 1743 
f 1748 43 236 1745 
f 1764 158 237 1747 
f 1749 2147 2179 1765 
f 1751 2151 2149 1750 
f 1753 2155 2153 1752 
f 1755 2159 2157 1754 
f 1757 2163 2161 1756 
f 1759 2167 2165 1758 
f 1761 2171 2169 1760 
f 1764 2177 2173 1762 
f 1763 230 323 1766 
f 1765 2179 2183 1767 
f 1769 2187 2185 1768 
f 1771 2191 2189 1770 
f 1773 2195 2193 1772 
f 1775 2199 2197 1774 
f 1777 2203 2201 1776 
f 1779 2207 2205 1778 
f 1781 2211 2209 1780 
f 1782 636 635 1783 
f 1784 638 637 1785 
f 1786 640 639 1787 
f 1788 642 641 1789 
f 1790 644 643 1791 
f 1792 646 645 1793 
f 1794 648 647 1795 
f 1768 2185 2241 1796 
f 1770 2189 2187 1769 
f 1772 2193 2191 1771 
f 1774 2197 2195 1773 
f 1776 2201 2199 1775 
f 1778 2205 2203 1777 
f 1780 2209 2207 1779 
f 1797 2243 2211 1781 
f 1798 2245 2215 1783 
f 1782 2213 2219 1785 
f 1784 2217 2223 1787 
f 1786 2221 2227 1789 
f 1788 2225 2231 1791 
f 1790 2229 2235 1793 
f 1792 2233 2239 1795 
f 1794 2237 2243 1797 
f 1796 2241 2181 1766 
f 1767 2183 2245 1798 
f 1799 1863 1865 1800 
f 1801 1867 1869 1802 
f 1803 1871 1873 1804 
f 1805 1875 1877 1806 
f 1807 1879 1881 1808 
f 1809 1883 1885 1810 
f 1811 1887 1889 1812 
f 1813 1891 1893 1814 
f 1815 1895 1897 1816 
f 1817 1899 1901 1818 
f 1819 1903 1905 1820 
f 1821 1907 1909 1822 
f 1823 1911 1913 1824 
f 1825 1915 1917 1826 
f 1827 1919 1921 1828 
f 1829 1923 1891 1813 
f 1830 323 230 1800 
f 1799 37 231 1802 
f 1801 38 232 1804 
f 1803 39 233 1806 
f 1805 40 234 1808 
f 1807 41 235 1810 
f 1809 42 236 1812 
f 1811 43 237 1814 
f 1831 1927 1895 1815 
f 1816 1897 1899 1817 
f 1818 1901 1903 1819 
f 1820 1905 1907 1821 
f 1822 1909 1911 1823 
f 1824 1913 1915 1825 
f 1826 1917 1919 1827 
f 1828 1921 1923 1829 
f 1832 1929 1931 1833 
f 1834 1933 1935 1835 
f 1836 1937 1939 1837 
f 1838 1941 1943 1839 
f 1840 1945 1947 1841 
f 1842 1949 1951 1843 
f 1844 1953 1955 1845 
f 1846 1957 1959 1847 
f 1848 1961 1963 1849 
f 1850 1965 1967 1851 
f 1852 1969 1971 1853 
f 1854 1973 1975 1855 
f 1856 1977 1979 1857 
f 1858 1981 1983 1859 
f 1860 1985 1987 1861 
f 1847 1959 1989 1862 
f 1832 487 323 1830 
f 1834 473 474 1833 
f 1836 475 476 1835 
f 1838 477 478 1837 
f 1840 479 480 1839 
f 1842 481 482 1841 
f 1844 483 484 1843 
f 1846 485 486 1845 
f 1849 1963 1927 1831 
f 1851 1967 1961 1848 
f 1853 1971 1965 1850 
f 1855 1975 1969 1852 
f 1857 1979 1973 1854 
f 1859 1983 1977 1856 
f 1861 1987 1981 1858 
f 1862 1989 1985 1860 
f 1864 1866 1865 1863 
f 1870 1864 1863 1869 
f 1868 1870 1869 1867 
f 1874 1868 1867 1873 
f 1872 1874 1873 1871 
f 1878 1872 1871 1877 
f 1876 1878 1877 1875 
f 1882 1876 1875 1881 
f 1880 1882 1881 1879 
f 1886 1880 1879 1885 
f 1884 1886 1885 1883 
f 1890 1884 1883 1889 
f 1888 1890 1889 1887 
f 1894 1888 1887 1893 
f 1892 1894 1893 1891 
f 1924 1892 1891 1923 
f 1922 1924 1923 1921 
f 1920 1922 1921 1919 
f 1918 1920 1919 1917 
f 1916 1918 1917 1915 
f 1914 1916 1915 1913 
f 1912 1914 1913 1911 
f 1910 1912 1911 1909 
f 1908 1910 1909 1907 
f 1906 1908 1907 1905 
f 1904 1906 1905 1903 
f 1902 1904 1903 1901 
f 1900 1902 1901 1899 
f 1898 1900 1899 1897 
f 1896 1898 1897 1895 
f 1928 1896 1895 1927 
f 1866 1926 1925 1865 
f 1930 1932 1931 1929 
f 1932 1934 1933 1931 
f 1934 1936 1935 1933 
f 1936 1938 1937 1935 
f 1938 1940 1939 1937 
f 1940 1942 1941 1939 
f 1942 1944 1943 1941 
f 1944 1946 1945 1943 
f 1946 1948 1947 1945 
f 1948 1950 1949 1947 
f 1950 1952 1951 1949 
f 1952 1954 1953 1951 
f 1954 1956 1955 1953 
f 1956 1958 1957 1955 
f 1958 1960 1959 1957 
f 1960 1990 1989 1959 
f 1990 1986 1985 1989 
f 1986 1988 1987 1985 
f 1988 1982 1981 1987 
f 1982 1984 1983 1981 
f 1984 1978 1977 1983 
f 1978 1980 1979 1977 
f 1980 1974 1973 1979 
f 1974 1976 1975 1973 
f 1976 1970 1969 1975 
f 1970 1972 1971 1969 
f 1972 1966 1965 1971 
f 1966 1968 1967 1965 
f 1968 1962 1961 1967 
f 1962 1964 1963 1961 
f 1964 1928 1927 1963 
f 1926 1930 1929 1925 
f 1996 1998 1997 1995 
f 2000 2002 2001 1999 
f 2004 2006 2005 2003 
f 2008 2010 2009 2007 
f 2012 2014 2013 2011 
f 2016 2018 2017 2015 
f 2020 2022 2021 2019 
f 2026 2024 2023 2025 
f 2030 2028 2027 2029 
f 2034 2032 2031 2033 
f 2038 2036 2035 2037 
f 2042 2040 2039 2041 
f 2046 2044 2043 2045 
f 2050 2048 2047 2049 
f 1998 1992 1991 1997 
f 2002 1996 1995 2001 
f 2006 2000 1999 2005 
f 2010 2004 2003 2009 
f 2014 2008 2007 2013 
f 2018 2012 2011 2017 
f 2022 2016 2015 2021 
f 2052 2020 2019 2051 
f 2054 2026 2025 2053 
f 2024 2030 2029 2023 
f 2028 2034 2033 2027 
f 2032 2038 2037 2031 
f 2036 2042 2041 2035 
f 2040 2046 2045 2039 
f 2044 2050 2049 2043 
f 2048 2052 2051 2047 
f 1992 1994 1993 1991 
f 2056 2054 2053 2055 
f 2060 2058 2057 2059 
f 2064 2062 2061 2063 
f 2068 2066 2065 2067 
f 2072 2070 2069 2071 
f 2076 2074 2073 2075 
f 2080 2078 2077 2079 
f 2084 2082 2081 2083 
f 2088 2086 2085 2087 
f 2092 2090 2089 2091 
f 2096 2094 2093 2095 
f 2100 2098 2097 2099 
f 2104 2102 2101 2103 
f 2108 2106 2105 2107 
f 2112 2110 2109 2111 
f 2114 2060 2059 2113 
f 2058 2064 2063 2057 
f 2062 2068 2067 2061 
f 2066 2072 2071 2065 
f 2070 2076 2075 2069 
f 2074 2080 2079 2073 
f 2078 2084 2083 2077 
f 2082 2116 2115 2081 
f 2086 2118 2117 2085 
f 2090 2088 2087 2089 
f 2094 2092 2091 2093 
f 2098 2096 2095 2097 
f 2102 2100 2099 2101 
f 2106 2104 2103 2105 
f 2110 2108 2107 2109 
f 2116 2112 2111 2115 
f 1994 2114 2113 1993 
f 2118 2056 2055 2117 
f 2122 2120 2119 2121 
f 2126 2124 2123 2125 
f 2130 2128 2127 2129 
f 2134 2132 2131 2133 
f 2138 2136 2135 2137 
f 2142 2140 2139 2141 
f 2146 2144 2143 2145 
f 2150 2148 2147 2149 
f 2154 2152 2151 2153 
f 2158 2156 2155 2157 
f 2162 2160 2159 2161 
f 2166 2164 2163 2165 
f 2170 2168 2167 2169 
f 2174 2172 2171 2173 
f 2176 2122 2121 2175 
f 2120 2126 2125 2119 
f 2124 2130 2129 2123 
f 2128 2134 2133 2127 
f 2132 2138 2137 2131 
f 2136 2142 2141 2135 
f 2140 2146 2145 2139 
f 2144 2178 2177 2143 
f 2148 2180 2179 2147 
f 2152 2150 2149 2151 
f 2156 2154 2153 2155 
f 2160 2158 2157 2159 
f 2164 2162 2161 2163 
f 2168 2166 2165 2167 
f 2172 2170 2169 2171 
f 2178 2174 2173 2177 
f 2182 2176 2175 2181 
f 2180 2184 2183 2179 
f 2188 2186 2185 2187 
f 2192 2190 2189 2191 
f 2196 2194 2193 2195 
f 2200 2198 2197 2199 
f 2204 2202 2201 2203 
f 2208 2206 2205 2207 
f 2212 2210 2209 2211 
f 2216 2214 2213 2215 
f 2220 2218 2217 2219 
f 2224 2222 2221 2223 
f 2228 2226 2225 2227 
f 2232 2230 2229 2231 
f 2236 2234 2233 2235 
f 2240 2238 2237 2239 
f 2186 2242 2241 2185 
f 2190 2188 2187 2189 
f 2194 2192 2191 2193 
f 2198 2196 2195 2197 
f 2202 2200 2199 2201 
f 2206 2204 2203 2205 
f 2210 2208 2207 2209 
f 2244 2212 2211 2243 
f 2246 2216 2215 2245 
f 2214 2220 2219 2213 
f 2218 2224 2223 2217 
f 2222 2228 2227 2221 
f 2226 2232 2231 2225 
f 2230 2236 2235 2229 
f 2234 2240 2239 2233 
f 2238 2244 2243 2237 
f 2242 2182 2181 2241 
f 2184 2246 2245 2183 
f 2250 2248 2247 2249 
f 2254 2252 2251 2253 
f 2256 2254 2253 2255 
f 2260 2258 2257 2259 
f 2264 2262 2261 2263 
f 2268 2266 2265 2267 
f 2282 2280 2279 2281 
f 2286 2284 2283 2285 
f 2284 2288 2287 2283 
f 2292 2290 2289 2291 
f 2296 2294 2293 2295 
f 2300 2298 2297 2299 
f 2278 2312 2311 2277 
f 2274 2276 2275 2273 
f 2308 2310 2309 2307 
f 2304 2306 2305 2303 
f 2248 2272 2271 2247 
f 2252 2250 2249 2251 
f 2270 2256 2255 2269 
f 2258 2270 2269 2257 
f 2262 2260 2259 2261 
f 2266 2264 2263 2265 
f 2306 2282 2281 2305 
f 2280 2286 2285 2279 
f 2288 2302 2301 2287 
f 2302 2292 2291 2301 
f 2290 2296 2295 2289 
f 2294 2300 2299 2293 
f 2276 2278 2277 2275 
f 2272 2274 2273 2271 
f 2312 2308 2307 2311 
f 2310 2304 2303 2309 
f 2316 2314 2313 2315 
f 2320 2318 2317 2319 
f 2318 2322 2321 2317 
f 2326 2324 2323 2325 
f 2330 2328 2327 2329 
f 2332 2268 2267 2331 
f 2346 2344 2343 2345 
f 2350 2348 2347 2349 
f 2352 2350 2349 2351 
f 2356 2354 2353 2355 
f 2360 2358 2357 2359 
f 2298 2362 2361 2297 
f 2374 2340 2339 2373 
f 2342 2336 2335 2341 
f 2370 2372 2371 2369 
f 2366 2368 2367 2365 
f 2338 2316 2315 2337 
f 2314 2320 2319 2313 
f 2322 2334 2333 2321 
f 2334 2326 2325 2333 
f 2324 2330 2329 2323 
f 2328 2332 2331 2327 
f 2344 2366 2365 2343 
f 2348 2346 2345 2347 
f 2364 2352 2351 2363 
f 2354 2364 2363 2353 
f 2358 2356 2355 2357 
f 2362 2360 2359 2361 
f 2340 2342 2341 2339 
f 2336 2338 2337 2335 
f 2372 2374 2373 2371 
f 2368 2370 2369 2367 
s 2
f 2378 2376 2375 2377 
f 2380 2378 2377 2379 
f 2382 2380 2379 2381 
f 2384 2382 2381 2383 
f 2386 2384 2383 2385 
f 2388 2386 2385 2387 
f 2390 2388 2387 2389 
f 2392 2390 2389 2391 
f 2394 2392 2391 2393 
f 2376 2396 2395 2375 
f 2396 2398 2397 2395 
f 2398 2400 2399 2397 
f 2400 2402 2401 2399 
f 2402 2404 2403 2401 
f 2404 2406 2405 2403 
f 2406 2408 2407 2405 
f 2408 2410 2409 2407 
f 2410 2394 2393 2409 
f 2414 2412 2411 2413 
f 2416 2414 2413 2415 
f 2418 2416 2415 2417 
f 2420 2418 2417 2419 
f 2422 2420 2419 2421 
f 2412 2430 2429 2411 
f 2424 2426 2425 2423 
f 2428 2424 2423 2427 
f 2430 2428 2427 2429 
f 2434 2432 2431 2433 
f 2432 2436 2435 2431 
f 2436 2438 2437 2435 
f 2438 2440 2439 2437 
f 2440 2422 2421 2439 
f 2446 2434 2433 2445 
f 2426 2442 2441 2425 
f 2442 2444 2443 2441 
f 2444 2446 2445 2443 
f 2548 2514 2450 2546 
f 2451 2554 2546 2450 
f 2452 2552 2554 2451 
f 2453 2558 2552 2452 
f 2454 2563 2558 2453 
f 2455 2561 2563 2454 
f 2456 2567 2561 2455 
f 2456 2447 2570 2567 
f 2457 2449 2447 2456 
f 2458 2448 2449 2457 
f 2459 2489 2458 
f 2461 2489 2460 
f 2463 2489 2462 
f 2465 2489 2464 
f 2467 2489 2466 
f 2469 2489 2468 
f 2471 2489 2470 
f 2473 2489 2472 
f 2475 2489 2474 
f 2477 2489 2476 
f 2479 2489 2478 
f 2481 2489 2480 
f 2483 2489 2482 
f 2485 2489 2484 
f 2487 2489 2486 
f 2488 2448 2489 
f 2490 2449 2448 2488 
f 2491 2447 2449 2490 
f 2491 2573 2570 2447 
f 2491 2492 2630 2573 
f 2493 2578 2630 2492 
f 2494 2576 2578 2493 
f 2495 2633 2576 2494 
f 2496 2584 2633 2495 
f 2497 2582 2584 2496 
f 2497 2498 2636 2582 
f 2499 2639 2636 2498 
f 2500 2590 2639 2499 
f 2501 2588 2590 2500 
f 2502 2606 2588 2501 
f 2503 2596 2606 2502 
f 2504 2594 2596 2503 
f 2505 2600 2594 2504 
f 2506 2609 2600 2505 
f 2507 2612 2609 2506 
f 2508 2615 2612 2507 
f 2509 2618 2615 2508 
f 2509 2510 2621 2618 
f 2511 2624 2621 2510 
f 2512 2627 2624 2511 
f 2512 2513 2602 2627 
f 2514 2548 2602 2513 
f 2491 2490 2515 2492 
f 2490 2488 2487 2515 
f 2492 2515 2516 2493 
f 2493 2516 2517 2494 
f 2515 2487 2486 2516 
f 2516 2486 2485 2517 
f 2494 2517 2518 2495 
f 2495 2518 2519 2496 
f 2517 2485 2484 2518 
f 2518 2484 2483 2519 
f 2496 2519 2520 2497 
f 2497 2520 2521 2498 
f 2519 2483 2482 2520 
f 2520 2482 2481 2521 
f 2498 2521 2522 2499 
f 2499 2522 2523 2500 
f 2521 2481 2480 2522 
f 2522 2480 2479 2523 
f 2500 2523 2524 2501 
f 2501 2524 2525 2502 
f 2523 2479 2478 2524 
f 2524 2478 2477 2525 
f 2502 2525 2526 2503 
f 2503 2526 2527 2504 
f 2525 2477 2476 2526 
f 2526 2476 2475 2527 
f 2504 2527 2528 2505 
f 2505 2528 2529 2506 
f 2527 2475 2474 2528 
f 2528 2474 2473 2529 
f 2506 2529 2530 2507 
f 2507 2530 2531 2508 
f 2529 2473 2472 2530 
f 2530 2472 2471 2531 
f 2508 2531 2532 2509 
f 2509 2532 2533 2510 
f 2531 2471 2470 2532 
f 2532 2470 2469 2533 
f 2510 2533 2534 2511 
f 2511 2534 2535 2512 
f 2533 2469 2468 2534 
f 2534 2468 2467 2535 
f 2512 2535 2536 2513 
f 2513 2536 2537 2514 
f 2535 2467 2466 2536 
f 2536 2466 2465 2537 
f 2514 2537 2538 2450 
f 2450 2538 2539 2451 
f 2537 2465 2464 2538 
f 2538 2464 2463 2539 
f 2451 2539 2540 2452 
f 2452 2540 2541 2453 
f 2539 2463 2462 2540 
f 2540 2462 2461 2541 
f 2453 2541 2542 2454 
f 2454 2542 2543 2455 
f 2541 2461 2460 2542 
f 2542 2460 2459 2543 
f 2455 2543 2457 2456 
f 2543 2459 2458 2457 
s 1
f 2674 2676 2587 2605 
f 2605 2597 2680 2674 
f 2597 2593 2683 2680 
f 2593 2599 2686 2683 
f 2599 2608 2689 2686 
f 2608 2611 2692 2689 
f 2611 2614 2695 2692 
f 2614 2617 2698 2695 
f 2617 2620 2701 2698 
f 2620 2623 2704 2701 
f 2623 2626 2707 2704 
f 2626 2603 2710 2707 
f 2603 2549 2713 2710 
f 2549 2545 2716 2713 
f 2545 2555 2719 2716 
f 2555 2551 2722 2719 
f 2551 2557 2725 2722 
f 2557 2564 2728 2725 
f 2564 2560 2731 2728 
f 2560 2566 2734 2731 
f 2566 2569 2737 2734 
f 2569 2572 2740 2737 
f 2572 2629 2743 2740 
f 2629 2579 2746 2743 
f 2579 2575 2749 2746 
f 2575 2632 2752 2749 
f 2632 2585 2755 2752 
f 2585 2581 2758 2755 
f 2581 2635 2761 2758 
f 2635 2638 2764 2761 
f 2638 2591 2767 2764 
f 2591 2587 2676 2767 
s 2
f 2459 2460 2489 
f 2461 2462 2489 
f 2463 2464 2489 
f 2465 2466 2489 
f 2467 2468 2489 
f 2469 2470 2489 
f 2471 2472 2489 
f 2473 2474 2489 
f 2475 2476 2489 
f 2477 2478 2489 
f 2479 2480 2489 
f 2481 2482 2489 
f 2483 2484 2489 
f 2485 2486 2489 
f 2487 2488 2489 
f 2448 2458 2489 
f 2548 2546 2544 2547 
f 2546 2554 2553 2544 
f 2554 2552 2550 2553 
f 2552 2558 2556 2550 
f 2558 2563 2562 2556 
f 2563 2561 2559 2562 
f 2561 2567 2565 2559 
f 2567 2570 2568 2565 
f 2570 2573 2571 2568 
f 2573 2630 2628 2571 
f 2630 2578 2577 2628 
f 2578 2576 2574 2577 
f 2576 2633 2631 2574 
f 2633 2584 2583 2631 
f 2584 2582 2580 2583 
f 2582 2636 2634 2580 
f 2636 2639 2637 2634 
f 2639 2590 2589 2637 
f 2590 2588 2586 2589 
f 2588 2606 2604 2586 
f 2606 2596 2595 2604 
f 2596 2594 2592 2595 
f 2594 2600 2598 2592 
f 2600 2609 2607 2598 
f 2609 2612 2610 2607 
f 2612 2615 2613 2610 
f 2615 2618 2616 2613 
f 2618 2621 2619 2616 
f 2621 2624 2622 2619 
f 2624 2627 2625 2622 
f 2627 2602 2601 2625 
f 2602 2548 2547 2601 
s 1
f 2605 2587 2586 2604 
f 2597 2605 2604 2595 
f 2593 2597 2595 2592 
f 2599 2593 2592 2598 
f 2608 2599 2598 2607 
f 2611 2608 2607 2610 
f 2614 2611 2610 2613 
f 2617 2614 2613 2616 
f 2620 2617 2616 2619 
f 2623 2620 2619 2622 
f 2626 2623 2622 2625 
f 2603 2626 2625 2601 
f 2549 2603 2601 2547 
f 2545 2549 2547 2544 
f 2555 2545 2544 2553 
f 2551 2555 2553 2550 
f 2557 2551 2550 2556 
f 2564 2557 2556 2562 
f 2560 2564 2562 2559 
f 2566 2560 2559 2565 
f 2569 2566 2565 2568 
f 2572 2569 2568 2571 
f 2629 2572 2571 2628 
f 2579 2629 2628 2577 
f 2575 2579 2577 2574 
f 2632 2575 2574 2631 
f 2585 2632 2631 2583 
f 2581 2585 2583 2580 
f 2635 2581 2580 2634 
f 2638 2635 2634 2637 
f 2591 2638 2637 2589 
f 2587 2591 2589 2586 
s 2
f 2677 2673 2671 2670 
f 2673 2679 2640 2671 
f 2679 2682 2641 2640 
f 2682 2685 2642 2641 
f 2685 2688 2643 2642 
f 2688 2691 2644 2643 
f 2691 2694 2645 2644 
f 2694 2697 2646 2645 
f 2697 2700 2647 2646 
f 2700 2703 2648 2647 
f 2703 2706 2649 2648 
f 2706 2709 2650 2649 
f 2709 2712 2651 2650 
f 2712 2715 2652 2651 
f 2715 2718 2653 2652 
f 2718 2721 2654 2653 
f 2721 2724 2655 2654 
f 2724 2727 2656 2655 
f 2727 2730 2657 2656 
f 2730 2733 2658 2657 
f 2733 2736 2659 2658 
f 2736 2739 2660 2659 
f 2739 2742 2661 2660 
f 2742 2745 2662 2661 
f 2745 2748 2663 2662 
f 2748 2751 2664 2663 
f 2751 2754 2665 2664 
f 2754 2757 2666 2665 
f 2757 2760 2667 2666 
f 2760 2763 2668 2667 
f 2763 2766 2669 2668 
f 2766 2677 2670 2669 
s 1
f 2676 2674 2672 2675 
f 2674 2680 2678 2672 
f 2680 2683 2681 2678 
f 2683 2686 2684 2681 
f 2686 2689 2687 2684 
f 2689 2692 2690 2687 
f 2692 2695 2693 2690 
f 2695 2698 2696 2693 
f 2698 2701 2699 2696 
f 2701 2704 2702 2699 
f 2704 2707 2705 2702 
f 2707 2710 2708 2705 
f 2710 2713 2711 2708 
f 2713 2716 2714 2711 
f 2716 2719 2717 2714 
f 2719 2722 2720 2717 
f 2722 2725 2723 2720 
f 2725 2728 2726 2723 
f 2728 2731 2729 2726 
f 2731 2734 2732 2729 
f 2734 2737 2735 2732 
f 2737 2740 2738 2735 
f 2740 2743 2741 2738 
f 2743 2746 2744 2741 
f 2746 2749 2747 2744 
f 2749 2752 2750 2747 
f 2752 2755 2753 2750 
f 2755 2758 2756 2753 
f 2758 2761 2759 2756 
f 2761 2764 2762 2759 
f 2764 2767 2765 2762 
f 2767 2676 2675 2765 
s 2
f 2673 2677 2675 2672 
f 2679 2673 2672 2678 
f 2682 2679 2678 2681 
f 2685 2682 2681 2684 
f 2688 2685 2684 2687 
f 2691 2688 2687 2690 
f 2694 2691 2690 2693 
f 2697 2694 2693 2696 
f 2700 2697 2696 2699 
f 2703 2700 2699 2702 
f 2706 2703 2702 2705 
f 2709 2706 2705 2708 
f 2712 2709 2708 2711 
f 2715 2712 2711 2714 
f 2718 2715 2714 2717 
f 2721 2718 2717 2720 
f 2724 2721 2720 2723 
f 2727 2724 2723 2726 
f 2730 2727 2726 2729 
f 2733 2730 2729 2732 
f 2736 2733 2732 2735 
f 2739 2736 2735 2738 
f 2742 2739 2738 2741 
f 2745 2742 2741 2744 
f 2748 2745 2744 2747 
f 2751 2748 2747 2750 
f 2754 2751 2750 2753 
f 2757 2754 2753 2756 
f 2760 2757 2756 2759 
f 2763 2760 2759 2762 
f 2766 2763 2762 2765 
f 2677 2766 2765 2675 
s 1
f 2814 3286 2815 2768 
f 2816 2817 2769 2783 
f 2817 2818 2770 2769 
f 2818 2819 2771 2770 
f 2819 2820 2772 2771 
f 2820 2821 2773 2772 
f 2821 2822 2774 2773 
f 2822 2791 2775 2774 
f 2823 2790 2791 2822 
f 2824 2789 2790 2823 
f 2825 2776 2789 2824 
f 2826 2777 2776 2825 
f 2827 2778 2777 2826 
f 2828 2788 2778 2827 
f 2829 2779 2788 2828 
f 2830 2780 2779 2829 
f 2831 2781 2780 2830 
f 2832 2787 2781 2831 
f 2833 2782 2787 2832 
f 2783 2768 2815 2816 
f 2815 3286 2834 2835 
f 2836 3272 2837 2838 
f 2839 3343 2840 2841 
f 2842 3329 2843 2844 
f 2784 2847 8539 8541 
f 2873 2784 8541 8543 
f 2845 2786 2782 2833 
f 2846 2785 2786 2845 
f 2847 2784 2785 2846 
f 2848 8545 8539 2847 
f 2849 8547 8545 2848 
f 2850 8549 8547 2849 
f 2851 8551 8549 2850 
f 2852 8553 8551 2851 
f 2853 8555 8553 2852 
f 2843 8557 8555 2853 
f 2843 3329 8559 8557 
f 2854 3330 3329 2842 
f 2855 3331 3330 2854 
f 2856 3332 3331 2855 
f 2857 3333 3332 2856 
f 2858 3334 3333 2857 
f 2859 3335 3334 2858 
f 3336 3335 2859 2860 
f 3337 3336 2860 2861 
f 3338 3337 2861 2862 
f 3339 3338 2862 2863 
f 3340 3339 2863 2864 
f 3341 3340 2864 2865 
f 3342 3341 2865 2866 
f 3343 3342 2866 2840 
f 2867 8561 8563 2839 
f 2868 8565 8561 2867 
f 2869 8567 8565 2868 
f 2870 8569 8567 2869 
f 2871 8571 8569 2870 
f 2872 8573 8571 2871 
f 2873 8543 8573 2872 
f 2874 2785 2784 2873 
f 2875 2786 2785 2874 
f 2876 2782 2786 2875 
f 2877 2787 2782 2876 
f 2878 2781 2787 2877 
f 2879 2780 2781 2878 
f 2880 2779 2780 2879 
f 2881 2788 2779 2880 
f 2882 2778 2788 2881 
f 2883 2777 2778 2882 
f 2884 2776 2777 2883 
f 2885 2789 2776 2884 
f 2886 2790 2789 2885 
f 2887 2791 2790 2886 
f 2887 2792 2775 2791 
f 2888 2793 2792 2887 
f 2889 2794 2793 2888 
f 2890 2795 2794 2889 
f 2891 2796 2795 2890 
f 2892 2797 2796 2891 
f 2893 2798 2797 2892 
f 2837 2799 2798 2893 
f 2837 3272 2800 2799 
f 2894 3273 3272 2836 
f 2895 3274 3273 2894 
f 2896 3275 3274 2895 
f 2897 3276 3275 2896 
f 2898 3277 3276 2897 
f 2899 3278 3277 2898 
f 2900 3279 3278 2899 
f 2901 3280 3279 2900 
f 2901 2902 3281 3280 
f 3282 3281 2902 2903 
f 2903 2904 3283 3282 
f 2904 2905 3284 3283 
f 2905 2906 3285 3284 
f 2906 2834 3286 3285 
f 2873 2872 2907 2874 
f 2874 2907 2908 2875 
f 2875 2908 2909 2876 
f 2872 2871 2910 2907 
f 2871 2870 2911 2910 
f 2907 2910 2912 2908 
f 2908 2912 2913 2909 
f 2910 2911 2914 2912 
f 2912 2914 2915 2913 
f 2876 2909 2916 2877 
f 2877 2916 2917 2878 
f 2878 2917 2918 2879 
f 2879 2918 2919 2880 
f 2909 2913 2920 2916 
f 2916 2920 2921 2917 
f 2913 2915 2922 2920 
f 2920 2922 2923 2921 
f 2917 2921 2924 2918 
f 2918 2924 2925 2919 
f 2921 2923 2926 2924 
f 2924 2926 2927 2925 
f 2870 2869 2928 2911 
f 2869 2868 2929 2928 
f 2911 2928 2930 2914 
f 2914 2930 2931 2915 
f 2928 2929 2932 2930 
f 2930 2932 2933 2931 
f 2868 2867 2934 2929 
f 2867 2839 2841 2934 
f 2929 2934 2935 2932 
f 2932 2935 2936 2933 
f 2934 2841 2937 2935 
f 2935 2937 2938 2936 
f 2915 2931 2939 2922 
f 2922 2939 2940 2923 
f 2931 2933 2941 2939 
f 2939 2941 2942 2940 
f 2923 2940 2943 2926 
f 2926 2943 2944 2927 
f 2940 2942 2945 2943 
f 2943 2945 2946 2944 
f 2933 2936 2947 2941 
f 2941 2947 2948 2942 
f 2936 2938 2949 2947 
f 2947 2949 2950 2948 
f 2942 2948 2951 2945 
f 2945 2951 2952 2946 
f 2948 2950 2953 2951 
f 2951 2953 2954 2952 
f 2841 2840 2955 2937 
f 2840 2866 2956 2955 
f 2937 2955 2957 2938 
f 2938 2957 2958 2949 
f 2955 2956 2959 2957 
f 2957 2959 2960 2958 
f 2866 2865 2961 2956 
f 2865 2864 2962 2961 
f 2963 2964 2962 3322 
f 2961 2962 2964 2965 
f 2956 2961 2965 2959 
f 2959 2965 2966 2960 
f 2965 2964 2967 2966 
f 2968 2969 2967 3315 
f 2966 2967 2969 2970 
f 2949 2958 2971 2950 
f 2950 2971 2972 2953 
f 2958 2960 2973 2971 
f 2971 2973 2974 2972 
f 2953 2972 2975 2954 
f 2972 2974 2976 2975 
f 2960 2966 2970 2973 
f 2973 2970 2977 2974 
f 2970 2969 2978 2977 
f 2979 2980 2978 3308 
f 2977 2978 2980 2981 
f 2974 2977 2981 2976 
f 2862 3323 3322 2863 
f 2861 3324 3323 2862 
f 2860 3325 3324 2861 
f 2982 3316 3315 2963 
f 2985 3309 3308 2968 
f 2983 3317 3316 2982 
f 2984 3318 3317 2983 
f 2987 3310 3309 2985 
f 2988 3311 3310 2987 
f 2880 2919 2991 2881 
f 2881 2991 2992 2882 
f 2882 2992 2993 2883 
f 2883 2993 2994 2884 
f 2919 2925 2995 2991 
f 2991 2995 2996 2992 
f 2925 2927 2997 2995 
f 2995 2997 2998 2996 
f 2992 2996 2999 2993 
f 2993 2999 3000 2994 
f 2996 2998 3001 2999 
f 2999 3001 3002 3000 
f 2884 2994 3003 2885 
f 2885 3003 3004 2886 
f 2886 3004 2888 2887 
f 2994 3000 3005 3003 
f 3003 3005 3006 3004 
f 3000 3002 3007 3005 
f 3005 3007 3008 3006 
f 3004 3006 2889 2888 
f 3006 3008 2890 2889 
f 2927 2944 3009 2997 
f 2997 3009 3010 2998 
f 2944 2946 3011 3009 
f 3009 3011 3012 3010 
f 2998 3010 3013 3001 
f 3001 3013 3014 3002 
f 3010 3012 3015 3013 
f 3013 3015 3016 3014 
f 2946 2952 3017 3011 
f 3011 3017 3018 3012 
f 2952 2954 3019 3017 
f 3017 3019 3020 3018 
f 3012 3018 3021 3015 
f 3015 3021 3022 3016 
f 3018 3020 3023 3021 
f 3021 3023 3024 3022 
f 3002 3014 3025 3007 
f 3007 3025 3026 3008 
f 3014 3016 3027 3025 
f 3025 3027 3028 3026 
f 3008 3026 2891 2890 
f 3026 3028 2892 2891 
f 3016 3022 3029 3027 
f 3027 3029 3030 3028 
f 3022 3024 3031 3029 
f 3029 3031 2838 3030 
f 3028 3030 2893 2892 
f 3030 2838 2837 2893 
f 2954 2975 3032 3019 
f 3019 3032 3033 3020 
f 2975 2976 3034 3032 
f 3032 3034 3035 3033 
f 3020 3033 3036 3023 
f 3023 3036 3037 3024 
f 3033 3035 3038 3036 
f 3036 3038 3039 3037 
f 2976 2981 3040 3034 
f 3034 3040 3041 3035 
f 2981 2980 3042 3040 
f 3043 3044 3042 3301 
f 3040 3042 3044 3041 
f 3035 3041 3045 3038 
f 3038 3045 3046 3039 
f 3041 3044 3047 3045 
f 3048 3049 3047 3294 
f 3045 3047 3049 3046 
f 3024 3037 3050 3031 
f 3031 3050 2836 2838 
f 3037 3039 3051 3050 
f 3050 3051 2894 2836 
f 3039 3046 3052 3051 
f 3051 3052 2895 2894 
f 3046 3049 3053 3052 
f 2897 2896 3053 3287 
f 3052 3053 2896 2895 
f 2986 3302 3301 2979 
f 3054 3295 3294 3043 
f 2989 3303 3302 2986 
f 2990 3304 3303 2989 
f 3056 3296 3295 3054 
f 3057 3297 3296 3056 
f 3055 3288 3287 3048 
f 3058 3289 3288 3055 
f 3059 3290 3289 3058 
f 2859 3326 3325 2860 
f 2859 2858 3327 3326 
f 2858 2857 3328 3327 
f 2857 2856 3064 3328 
f 2856 2855 3065 3064 
f 3064 3065 3066 3063 
f 3060 3319 3318 2984 
f 3060 3061 3320 3319 
f 3067 3312 3311 2988 
f 3067 3068 3313 3312 
f 3061 3062 3321 3320 
f 3062 3063 3073 3321 
f 3063 3066 3074 3073 
f 3073 3074 3075 3072 
f 3068 3071 3314 3313 
f 3071 3072 3078 3314 
f 3072 3075 3079 3078 
f 3078 3079 3080 3077 
f 2855 2854 3081 3065 
f 3065 3081 3082 3066 
f 3066 3082 3083 3074 
f 2854 2842 3084 3081 
f 2842 2844 3085 3084 
f 3081 3084 3086 3082 
f 3082 3086 3087 3083 
f 3084 3085 3088 3086 
f 3086 3088 3089 3087 
f 3074 3083 3090 3075 
f 3075 3090 3091 3079 
f 3079 3091 3092 3080 
f 3083 3087 3093 3090 
f 3090 3093 3094 3091 
f 3087 3089 3095 3093 
f 3093 3095 3096 3094 
f 3091 3094 3097 3092 
f 3094 3096 3098 3097 
f 2843 2853 3099 2844 
f 2853 2852 3100 3099 
f 2844 3099 3101 3085 
f 3085 3101 3102 3088 
f 3099 3100 3103 3101 
f 3101 3103 3104 3102 
f 2852 2851 3105 3100 
f 2851 2850 3106 3105 
f 3100 3105 3107 3103 
f 3103 3107 3108 3104 
f 3105 3106 3109 3107 
f 3107 3109 3110 3108 
f 3088 3102 3111 3089 
f 3089 3111 3112 3095 
f 3102 3104 3113 3111 
f 3111 3113 3114 3112 
f 3095 3112 3115 3096 
f 3096 3115 3116 3098 
f 3112 3114 3117 3115 
f 3115 3117 3118 3116 
f 3104 3108 3119 3113 
f 3113 3119 3120 3114 
f 3108 3110 3121 3119 
f 3119 3121 3122 3120 
f 3114 3120 3123 3117 
f 3117 3123 3124 3118 
f 3120 3122 3125 3123 
f 3123 3125 3126 3124 
f 2850 2849 3127 3106 
f 2849 2848 3128 3127 
f 3106 3127 3129 3109 
f 3109 3129 3130 3110 
f 3127 3128 3131 3129 
f 3129 3131 3132 3130 
f 2848 2847 2846 3128 
f 3128 2846 2845 3131 
f 3131 2845 2833 3132 
f 3110 3130 3133 3121 
f 3121 3133 3134 3122 
f 3130 3132 3135 3133 
f 3133 3135 3136 3134 
f 3122 3134 3137 3125 
f 3125 3137 3138 3126 
f 3134 3136 3139 3137 
f 3137 3139 3140 3138 
f 3132 2833 2832 3135 
f 3135 2832 2831 3136 
f 3136 2831 2830 3139 
f 3139 2830 2829 3140 
f 3069 3305 3304 2990 
f 3069 3070 3306 3305 
f 3141 3298 3297 3057 
f 3141 3142 3299 3298 
f 3070 3076 3307 3306 
f 3076 3077 3147 3307 
f 3077 3080 3148 3147 
f 3147 3148 3149 3146 
f 3142 3145 3300 3299 
f 3145 3146 3152 3300 
f 3146 3149 3153 3152 
f 3152 3153 3154 3151 
f 3143 3291 3290 3059 
f 3143 3144 3292 3291 
f 3144 3150 3293 3292 
f 3150 3151 3155 3293 
f 3151 3154 3156 3155 
f 3155 3156 2905 2904 
f 3080 3092 3157 3148 
f 3148 3157 3158 3149 
f 3149 3158 3159 3153 
f 3153 3159 3160 3154 
f 3092 3097 3161 3157 
f 3157 3161 3162 3158 
f 3097 3098 3163 3161 
f 3161 3163 3164 3162 
f 3158 3162 3165 3159 
f 3159 3165 3166 3160 
f 3162 3164 3167 3165 
f 3165 3167 3168 3166 
f 3154 3160 3169 3156 
f 3156 3169 2906 2905 
f 3160 3166 3170 3169 
f 3169 3170 2834 2906 
f 3166 3168 3171 3170 
f 3170 3171 2835 2834 
f 3098 3116 3172 3163 
f 3163 3172 3173 3164 
f 3116 3118 3174 3172 
f 3172 3174 3175 3173 
f 3164 3173 3176 3167 
f 3167 3176 3177 3168 
f 3173 3175 3178 3176 
f 3176 3178 3179 3177 
f 3118 3124 3180 3174 
f 3174 3180 3181 3175 
f 3124 3126 3182 3180 
f 3180 3182 3183 3181 
f 3175 3181 3184 3178 
f 3178 3184 3185 3179 
f 3181 3183 3186 3184 
f 3184 3186 3187 3185 
f 3168 3177 3188 3171 
f 3171 3188 3189 2835 
f 3177 3179 3190 3188 
f 3188 3190 3191 3189 
f 2835 3189 2816 2815 
f 3189 3191 2817 2816 
f 3179 3185 3192 3190 
f 3190 3192 3193 3191 
f 3185 3187 3194 3192 
f 3192 3194 3195 3193 
f 3191 3193 2818 2817 
f 3193 3195 2819 2818 
f 3126 3138 3196 3182 
f 3182 3196 3197 3183 
f 3138 3140 3198 3196 
f 3196 3198 3199 3197 
f 3183 3197 3200 3186 
f 3186 3200 3201 3187 
f 3197 3199 3202 3200 
f 3200 3202 3203 3201 
f 3140 2829 2828 3198 
f 3198 2828 2827 3199 
f 3199 2827 2826 3202 
f 3202 2826 2825 3203 
f 3187 3201 3204 3194 
f 3194 3204 3205 3195 
f 3201 3203 3206 3204 
f 3204 3206 3207 3205 
f 3195 3205 2820 2819 
f 3205 3207 2821 2820 
f 3203 2825 2824 3206 
f 3206 2824 2823 3207 
f 3207 2823 2822 2821 
f 8540 8476 8478 8542 
f 8478 8480 8544 8542 
f 8482 8574 8544 8480 
f 8484 8572 8574 8482 
f 8486 8570 8572 8484 
f 8488 8568 8570 8486 
f 8490 8566 8568 8488 
f 8492 8562 8566 8490 
f 8494 8564 8562 8492 
f 8494 8496 8576 8564 
f 8498 8578 8576 8496 
f 8500 8580 8578 8498 
f 8502 8582 8580 8500 
f 8504 8584 8582 8502 
f 8506 8586 8584 8504 
f 8508 8588 8586 8506 
f 8510 8590 8588 8508 
f 8512 8592 8590 8510 
f 8514 8594 8592 8512 
f 8516 8596 8594 8514 
f 8518 8598 8596 8516 
f 8520 8600 8598 8518 
f 8522 8602 8600 8520 
f 8524 8560 8602 8522 
f 8524 8526 8558 8560 
f 8528 8556 8558 8526 
f 8530 8554 8556 8528 
f 8532 8552 8554 8530 
f 8534 8550 8552 8532 
f 8536 8548 8550 8534 
f 8538 8546 8548 8536 
f 8476 8540 8546 8538 
s 2
f 3209 3211 3210 3208 
f 3574 3211 3209 3572 
f 3212 3211 3574 3577 
f 3213 3212 3577 3580 
f 3214 3213 3580 3583 
f 3215 3214 3583 3586 
f 3216 3215 3586 3589 
f 3217 3216 3589 3592 
f 3218 3217 3592 3595 
f 3219 3218 3595 3598 
f 3220 3219 3598 3601 
f 3221 3220 3601 3604 
f 3222 3221 3604 3607 
f 3223 3222 3607 3610 
f 3224 3223 3610 3613 
f 3225 3224 3613 3616 
f 3226 3225 3616 3619 
f 3227 3226 3619 3622 
f 3228 3227 3622 3625 
f 3229 3228 3625 3628 
f 3230 3229 3628 3631 
f 3231 3230 3631 3634 
f 3232 3231 3634 3637 
f 3233 3232 3637 3640 
f 3234 3233 3640 3643 
f 3235 3234 3643 3646 
f 3236 3235 3646 3649 
f 3237 3236 3649 3652 
f 3238 3237 3652 3655 
f 3239 3238 3655 3658 
f 3240 3239 3658 3661 
f 3241 3240 3661 3664 
f 3209 3241 3664 3572 
f 3208 3242 3241 3209 
f 3210 3211 3212 3271 
f 3271 3212 3213 3270 
f 3270 3213 3214 3269 
f 3269 3214 3215 3268 
f 3268 3215 3216 3267 
f 3267 3216 3217 3266 
f 3266 3217 3218 3265 
f 3265 3218 3219 3264 
f 3264 3219 3220 3263 
f 3263 3220 3221 3262 
f 3262 3221 3222 3261 
f 3261 3222 3223 3260 
f 3260 3223 3224 3259 
f 3259 3224 3225 3258 
f 3258 3225 3226 3257 
f 3257 3226 3227 3256 
f 3256 3227 3228 3255 
f 3255 3228 3229 3254 
f 3254 3229 3230 3253 
f 3253 3230 3231 3252 
f 3252 3231 3232 3251 
f 3251 3232 3233 3250 
f 3250 3233 3234 3249 
f 3249 3234 3235 3248 
f 3248 3235 3236 3247 
f 3247 3236 3237 3246 
f 3246 3237 3238 3245 
f 3245 3238 3239 3244 
f 3244 3239 3240 3243 
f 3243 3240 3241 3242 
s 1
f 2801 2800 3272 3273 
f 2802 2801 3273 3274 
f 2803 2802 3274 3275 
f 2804 2803 3275 3276 
f 2805 2804 3276 3277 
f 2806 2805 3277 3278 
f 2807 2806 3278 3279 
f 2808 2807 3279 3280 
f 3281 2809 2808 3280 
f 3282 2810 2809 3281 
f 3283 2811 2810 3282 
f 3284 2812 2811 3283 
f 3285 2813 2812 3284 
f 3286 2814 2813 3285 
f 2898 2897 3287 3288 
f 2899 2898 3288 3289 
f 2900 2899 3289 3290 
f 2901 2900 3290 3291 
f 3292 2902 2901 3291 
f 3293 2903 2902 3292 
f 3053 3049 3048 3287 
f 3155 2904 2903 3293 
f 3055 3048 3294 3295 
f 3058 3055 3295 3296 
f 3059 3058 3296 3297 
f 3143 3059 3297 3298 
f 3299 3144 3143 3298 
f 3300 3150 3144 3299 
f 3047 3044 3043 3294 
f 3152 3151 3150 3300 
f 3054 3043 3301 3302 
f 3056 3054 3302 3303 
f 3057 3056 3303 3304 
f 3141 3057 3304 3305 
f 3306 3142 3141 3305 
f 3307 3145 3142 3306 
f 3042 2980 2979 3301 
f 3147 3146 3145 3307 
f 2986 2979 3308 3309 
f 2989 2986 3309 3310 
f 2990 2989 3310 3311 
f 3069 2990 3311 3312 
f 3313 3070 3069 3312 
f 3314 3076 3070 3313 
f 2978 2969 2968 3308 
f 3078 3077 3076 3314 
f 2985 2968 3315 3316 
f 2987 2985 3316 3317 
f 2988 2987 3317 3318 
f 3067 2988 3318 3319 
f 3320 3068 3067 3319 
f 3321 3071 3068 3320 
f 2967 2964 2963 3315 
f 3073 3072 3071 3321 
f 2982 2963 3322 3323 
f 2983 2982 3323 3324 
f 2984 2983 3324 3325 
f 3060 2984 3325 3326 
f 3327 3061 3060 3326 
f 3328 3062 3061 3327 
f 2962 2864 2863 3322 
f 3064 3063 3062 3328 
f 8601 8559 3329 3330 
f 8599 8601 3330 3331 
f 8597 8599 3331 3332 
f 8595 8597 3332 3333 
f 8593 8595 3333 3334 
f 8591 8593 3334 3335 
f 8589 8591 3335 3336 
f 8587 8589 3336 3337 
f 3338 8585 8587 3337 
f 3339 8583 8585 3338 
f 3340 8581 8583 3339 
f 3341 8579 8581 3340 
f 3342 8577 8579 3341 
f 3343 8575 8577 3342 
f 2839 8563 8575 3343 
f 3571 3344 3345 3575 
f 3575 3345 3346 3578 
f 3578 3346 3347 3581 
f 3581 3347 3348 3584 
f 3584 3348 3349 3587 
f 3587 3349 3350 3590 
f 3590 3350 3351 3593 
f 3593 3351 3352 3596 
f 3596 3352 3353 3599 
f 3599 3353 3354 3602 
f 3602 3354 3355 3605 
f 3605 3355 3356 3608 
f 3608 3356 3357 3611 
f 3611 3357 3358 3614 
f 3614 3358 3359 3617 
f 3617 3359 3360 3620 
f 3620 3360 3361 3623 
f 3623 3361 3362 3626 
f 3626 3362 3363 3629 
f 3629 3363 3364 3632 
f 3632 3364 3365 3635 
f 3635 3365 3366 3638 
f 3638 3366 3367 3641 
f 3641 3367 3368 3644 
f 3644 3368 3369 3647 
f 3647 3369 3370 3650 
f 3650 3370 3371 3653 
f 3653 3371 3372 3656 
f 3656 3372 3373 3659 
f 3659 3373 3374 3662 
f 3662 3374 3375 3665 
f 3665 3375 3344 3571 
f 3360 3376 3377 3361 
f 3361 3377 3378 3362 
f 3362 3378 3379 3363 
f 3363 3379 3380 3364 
f 3364 3380 3381 3365 
f 3365 3381 3382 3366 
f 3366 3382 3383 3367 
f 3367 3383 3384 3368 
f 3368 3384 3385 3369 
f 3369 3385 3386 3370 
f 3370 3386 3387 3371 
f 3371 3387 3388 3372 
f 3372 3388 3389 3373 
f 3373 3389 3390 3374 
f 3374 3390 3391 3375 
f 3375 3391 3392 3344 
f 3344 3392 3393 3345 
f 3345 3393 3394 3346 
f 3346 3394 3395 3347 
f 3347 3395 3396 3348 
f 3348 3396 3397 3349 
f 3349 3397 3398 3350 
f 3350 3398 3399 3351 
f 3351 3399 3400 3352 
f 3352 3400 3401 3353 
f 3353 3401 3402 3354 
f 3354 3402 3403 3355 
f 3355 3403 3404 3356 
f 3356 3404 3405 3357 
f 3357 3405 3406 3358 
f 3358 3406 3407 3359 
f 3359 3407 3376 3360 
f 8509 8507 3377 3376 
f 8507 8505 3378 3377 
f 8505 8503 3379 3378 
f 8503 8501 3380 3379 
f 8501 8499 3381 3380 
f 8499 8497 3382 3381 
f 8497 8495 3383 3382 
f 8495 8493 3384 3383 
f 8493 8491 3385 3384 
f 8491 8489 3386 3385 
f 8489 8487 3387 3386 
f 8487 8485 3388 3387 
f 8485 8483 3389 3388 
f 8483 8481 3390 3389 
f 8481 8479 3391 3390 
f 8479 8477 3392 3391 
f 8477 8475 3393 3392 
f 8475 8537 3394 3393 
f 8537 8535 3395 3394 
f 8535 8533 3396 3395 
f 8533 8531 3397 3396 
f 8531 8529 3398 3397 
f 8529 8527 3399 3398 
f 8527 8525 3400 3399 
f 8525 8523 3401 3400 
f 8523 8521 3402 3401 
f 8521 8519 3403 3402 
f 8519 8517 3404 3403 
f 8517 8515 3405 3404 
f 8515 8513 3406 3405 
f 8513 8511 3407 3406 
f 8511 8509 3376 3407 
f 2814 2768 3408 3439 
f 2783 2769 3409 3416 
f 2769 2770 3410 3409 
f 2770 2771 3411 3410 
f 2771 2772 3412 3411 
f 2772 2773 3413 3412 
f 2773 2774 3414 3413 
f 2774 2775 3415 3414 
f 2768 2783 3416 3408 
f 2775 2792 3417 3415 
f 2792 2793 3418 3417 
f 2793 2794 3419 3418 
f 2794 2795 3420 3419 
f 2795 2796 3421 3420 
f 2796 2797 3422 3421 
f 2797 2798 3423 3422 
f 2798 2799 3424 3423 
f 2799 2800 3425 3424 
f 2800 2801 3426 3425 
f 2801 2802 3427 3426 
f 2802 2803 3428 3427 
f 2803 2804 3429 3428 
f 2804 2805 3430 3429 
f 2805 2806 3431 3430 
f 2806 2807 3432 3431 
f 2807 2808 3433 3432 
f 2808 2809 3434 3433 
f 2809 2810 3435 3434 
f 2810 2811 3436 3435 
f 2811 2812 3437 3436 
f 2812 2813 3438 3437 
f 2813 2814 3439 3438 
f 3472 3441 3440 
f 3449 3442 3440 
f 3442 3443 3440 
f 3443 3444 3440 
f 3444 3445 3440 
f 3445 3446 3440 
f 3446 3447 3440 
f 3447 3448 3440 
f 3441 3449 3440 
f 3448 3450 3440 
f 3450 3451 3440 
f 3451 3452 3440 
f 3452 3453 3440 
f 3453 3454 3440 
f 3454 3455 3440 
f 3455 3456 3440 
f 3456 3457 3440 
f 3457 3458 3440 
f 3458 3459 3440 
f 3459 3460 3440 
f 3460 3461 3440 
f 3461 3462 3440 
f 3462 3463 3440 
f 3463 3464 3440 
f 3464 3465 3440 
f 3465 3466 3440 
f 3466 3467 3440 
f 3467 3468 3440 
f 3468 3469 3440 
f 3469 3470 3440 
f 3470 3471 3440 
f 3471 3472 3440 
f 3505 3536 3439 3408 
f 3506 3513 3416 3409 
f 3507 3506 3409 3410 
f 3508 3507 3410 3411 
f 3509 3508 3411 3412 
f 3510 3509 3412 3413 
f 3511 3510 3413 3414 
f 3512 3511 3414 3415 
f 3513 3505 3408 3416 
f 3514 3512 3415 3417 
f 3515 3514 3417 3418 
f 3516 3515 3418 3419 
f 3517 3516 3419 3420 
f 3518 3517 3420 3421 
f 3519 3518 3421 3422 
f 3520 3519 3422 3423 
f 3521 3520 3423 3424 
f 3522 3521 3424 3425 
f 3523 3522 3425 3426 
f 3524 3523 3426 3427 
f 3525 3524 3427 3428 
f 3526 3525 3428 3429 
f 3527 3526 3429 3430 
f 3528 3527 3430 3431 
f 3529 3528 3431 3432 
f 3530 3529 3432 3433 
f 3531 3530 3433 3434 
f 3532 3531 3434 3435 
f 3533 3532 3435 3436 
f 3534 3533 3436 3437 
f 3535 3534 3437 3438 
f 3536 3535 3438 3439 
f 3537 3568 3504 3473 
f 3538 3545 3481 3474 
f 3539 3538 3474 3475 
f 3540 3539 3475 3476 
f 3541 3540 3476 3477 
f 3542 3541 3477 3478 
f 3543 3542 3478 3479 
f 3544 3543 3479 3480 
f 3545 3537 3473 3481 
f 3546 3544 3480 3482 
f 3547 3546 3482 3483 
f 3548 3547 3483 3484 
f 3549 3548 3484 3485 
f 3550 3549 3485 3486 
f 3551 3550 3486 3487 
f 3552 3551 3487 3488 
f 3553 3552 3488 3489 
f 3554 3553 3489 3490 
f 3555 3554 3490 3491 
f 3556 3555 3491 3492 
f 3557 3556 3492 3493 
f 3558 3557 3493 3494 
f 3559 3558 3494 3495 
f 3560 3559 3495 3496 
f 3561 3560 3496 3497 
f 3562 3561 3497 3498 
f 3563 3562 3498 3499 
f 3564 3563 3499 3500 
f 3565 3564 3500 3501 
f 3566 3565 3501 3502 
f 3567 3566 3502 3503 
f 3568 3567 3503 3504 
f 3473 3504 3536 3505 
f 3474 3481 3513 3506 
f 3475 3474 3506 3507 
f 3476 3475 3507 3508 
f 3477 3476 3508 3509 
f 3478 3477 3509 3510 
f 3479 3478 3510 3511 
f 3480 3479 3511 3512 
f 3481 3473 3505 3513 
f 3482 3480 3512 3514 
f 3483 3482 3514 3515 
f 3484 3483 3515 3516 
f 3485 3484 3516 3517 
f 3486 3485 3517 3518 
f 3487 3486 3518 3519 
f 3488 3487 3519 3520 
f 3489 3488 3520 3521 
f 3490 3489 3521 3522 
f 3491 3490 3522 3523 
f 3492 3491 3523 3524 
f 3493 3492 3524 3525 
f 3494 3493 3525 3526 
f 3495 3494 3526 3527 
f 3496 3495 3527 3528 
f 3497 3496 3528 3529 
f 3498 3497 3529 3530 
f 3499 3498 3530 3531 
f 3500 3499 3531 3532 
f 3501 3500 3532 3533 
f 3502 3501 3533 3534 
f 3503 3502 3534 3535 
f 3504 3503 3535 3536 
f 3441 3472 3568 3537 
f 3442 3449 3545 3538 
f 3443 3442 3538 3539 
f 3444 3443 3539 3540 
f 3445 3444 3540 3541 
f 3446 3445 3541 3542 
f 3447 3446 3542 3543 
f 3448 3447 3543 3544 
f 3449 3441 3537 3545 
f 3450 3448 3544 3546 
f 3451 3450 3546 3547 
f 3452 3451 3547 3548 
f 3453 3452 3548 3549 
f 3454 3453 3549 3550 
f 3455 3454 3550 3551 
f 3456 3455 3551 3552 
f 3457 3456 3552 3553 
f 3458 3457 3553 3554 
f 3459 3458 3554 3555 
f 3460 3459 3555 3556 
f 3461 3460 3556 3557 
f 3462 3461 3557 3558 
f 3463 3462 3558 3559 
f 3464 3463 3559 3560 
f 3465 3464 3560 3561 
f 3466 3465 3561 3562 
f 3467 3466 3562 3563 
f 3468 3467 3563 3564 
f 3469 3468 3564 3565 
f 3470 3469 3565 3566 
f 3471 3470 3566 3567 
f 3472 3471 3567 3568 
s 2
f 3208 3210 3569 
f 3242 3208 3569 
f 3243 3242 3569 
f 3244 3243 3569 
f 3245 3244 3569 
f 3246 3245 3569 
f 3247 3246 3569 
f 3248 3247 3569 
f 3249 3248 3569 
f 3250 3249 3569 
f 3251 3250 3569 
f 3252 3251 3569 
f 3253 3252 3569 
f 3254 3253 3569 
f 3255 3254 3569 
f 3256 3255 3569 
f 3257 3256 3569 
f 3258 3257 3569 
f 3259 3258 3569 
f 3260 3259 3569 
f 3261 3260 3569 
f 3262 3261 3569 
f 3263 3262 3569 
f 3264 3263 3569 
f 3265 3264 3569 
f 3266 3265 3569 
f 3267 3266 3569 
f 3268 3267 3569 
f 3269 3268 3569 
f 3270 3269 3569 
f 3271 3270 3569 
f 3210 3271 3569 
f 3574 3572 3570 3573 
f 3577 3574 3573 3576 
f 3580 3577 3576 3579 
f 3583 3580 3579 3582 
f 3586 3583 3582 3585 
f 3589 3586 3585 3588 
f 3592 3589 3588 3591 
f 3595 3592 3591 3594 
f 3598 3595 3594 3597 
f 3601 3598 3597 3600 
f 3604 3601 3600 3603 
f 3607 3604 3603 3606 
f 3610 3607 3606 3609 
f 3613 3610 3609 3612 
f 3616 3613 3612 3615 
f 3619 3616 3615 3618 
f 3622 3619 3618 3621 
f 3625 3622 3621 3624 
f 3628 3625 3624 3627 
f 3631 3628 3627 3630 
f 3634 3631 3630 3633 
f 3637 3634 3633 3636 
f 3640 3637 3636 3639 
f 3643 3640 3639 3642 
f 3646 3643 3642 3645 
f 3649 3646 3645 3648 
f 3652 3649 3648 3651 
f 3655 3652 3651 3654 
f 3658 3655 3654 3657 
f 3661 3658 3657 3660 
f 3664 3661 3660 3663 
f 3572 3664 3663 3570 
s 1
f 3571 3575 3573 3570 
f 3575 3578 3576 3573 
f 3578 3581 3579 3576 
f 3581 3584 3582 3579 
f 3584 3587 3585 3582 
f 3587 3590 3588 3585 
f 3590 3593 3591 3588 
f 3593 3596 3594 3591 
f 3596 3599 3597 3594 
f 3599 3602 3600 3597 
f 3602 3605 3603 3600 
f 3605 3608 3606 3603 
f 3608 3611 3609 3606 
f 3611 3614 3612 3609 
f 3614 3617 3615 3612 
f 3617 3620 3618 3615 
f 3620 3623 3621 3618 
f 3623 3626 3624 3621 
f 3626 3629 3627 3624 
f 3629 3632 3630 3627 
f 3632 3635 3633 3630 
f 3635 3638 3636 3633 
f 3638 3641 3639 3636 
f 3641 3644 3642 3639 
f 3644 3647 3645 3642 
f 3647 3650 3648 3645 
f 3650 3653 3651 3648 
f 3653 3656 3654 3651 
f 3656 3659 3657 3654 
f 3659 3662 3660 3657 
f 3662 3665 3663 3660 
f 3665 3571 3570 3663 
f 3742 3668 3670 3667 
f 3666 3669 3668 3742 
f 3672 3671 3667 3670 
f 3673 3715 3671 3672 
f 3673 3675 3674 3715 
f 3675 3676 3717 3674 
f 3677 3718 3717 3676 
f 3679 3678 3718 3677 
f 3681 3680 3678 3679 
f 3682 3720 3680 3681 
f 3683 3721 3720 3682 
f 3684 3722 3721 3683 
f 3684 3686 3685 3722 
f 3688 3687 3685 3686 
f 3689 3726 3687 3688 
f 3690 3727 3726 3689 
f 3692 3691 3727 3690 
f 3694 3693 3691 3692 
f 3696 3695 3693 3694 
f 3698 3697 3695 3696 
f 3698 3699 3729 3697 
f 3700 3731 3729 3699 
f 3702 3701 3731 3700 
f 3704 3703 3701 3702 
f 3705 3734 3703 3704 
f 3706 3735 3734 3705 
f 3707 3736 3735 3706 
f 3709 3708 3736 3707 
f 3710 3738 3708 3709 
f 3711 3740 3738 3710 
f 3713 3850 3740 3711 
f 3669 3666 3850 3713 
f 3836 3837 3714 3743 
f 3837 3852 3744 3714 
f 3852 3838 3716 3744 
f 3854 3746 3716 3838 
f 3855 3748 3746 3854 
f 3839 3750 3748 3855 
f 3840 3752 3750 3839 
f 3857 3719 3752 3840 
f 3858 3754 3719 3857 
f 3859 3756 3754 3858 
f 3841 3723 3756 3859 
f 3842 3724 3723 3841 
f 3863 3725 3724 3842 
f 3864 3760 3725 3863 
f 3761 3760 3864 3843 
f 3844 3763 3761 3843 
f 3845 3764 3763 3844 
f 3846 3728 3764 3845 
f 3866 3765 3728 3846 
f 3730 3765 3866 3868 
f 3732 3730 3868 3847 
f 3767 3732 3847 3848 
f 3733 3767 3848 3871 
f 3770 3733 3871 3872 
f 3873 3772 3770 3872 
f 3849 3737 3772 3873 
f 3773 3737 3849 3875 
f 3877 3739 3773 3875 
f 3712 3741 3739 3877 
f 3835 3776 3741 3712 
f 3879 3778 3776 3835 
f 3743 3778 3879 3836 
f 3851 3797 3779 3880 
f 3881 3795 3797 3851 
f 3881 3853 3793 3795 
f 3853 3883 3745 3793 
f 3885 3747 3745 3883 
f 3885 3887 3749 3747 
f 3887 3889 3751 3749 
f 3889 3856 3792 3751 
f 3856 3891 3753 3792 
f 3893 3755 3753 3891 
f 3893 3860 3757 3755 
f 3860 3861 3791 3757 
f 3862 3758 3791 3861 
f 3897 3759 3758 3862 
f 3898 3790 3759 3897 
f 3900 3762 3790 3898 
f 3901 3789 3762 3900 
f 3865 3788 3789 3901 
f 3902 3786 3788 3865 
f 3867 3785 3786 3902 
f 3869 3766 3785 3867 
f 3904 3784 3766 3869 
f 3870 3768 3784 3904 
f 3769 3768 3870 3907 
f 3909 3771 3769 3907 
f 3782 3771 3909 3874 
f 3910 3781 3782 3874 
f 3876 3774 3781 3910 
f 3878 3775 3774 3876 
f 3913 3780 3775 3878 
f 3915 3777 3780 3913 
f 3880 3779 3777 3915 
f 3914 4082 4081 3917 
f 3917 4081 4080 3912 
f 3920 4041 4078 3908 
f 3906 4077 4042 3905 
f 3903 4075 4045 3923 
f 3926 4074 4050 3927 
f 3899 4073 4052 3929 
f 3895 4072 4055 3932 
f 3941 4064 4066 3942 
f 3942 4066 4069 3943 
f 3943 4069 4068 3916 
f 3944 3798 8796 8798 
f 3798 3796 8800 8796 
f 3796 3794 8802 8800 
f 3794 3940 8804 8802 
f 3940 3939 8806 8804 
f 3939 3938 8808 8806 
f 3938 3937 8810 8808 
f 3799 8812 8810 3937 
f 3799 3935 8814 8812 
f 3935 3934 8816 8814 
f 3934 3945 8818 8816 
f 3945 3933 8820 8818 
f 3933 3946 8822 8820 
f 3946 3931 8824 8822 
f 3931 3930 8826 8824 
f 3930 3947 8828 8826 
f 3947 3928 8830 8828 
f 3928 3800 8832 8830 
f 3800 3787 8834 8832 
f 3787 3924 8836 8834 
f 3924 3948 8838 8836 
f 3948 3801 8840 8838 
f 3801 3921 8842 8840 
f 3921 3949 8844 8842 
f 3949 3950 8846 8844 
f 3950 3783 8848 8846 
f 3783 3919 8850 8848 
f 3919 3951 8852 8850 
f 3951 3952 8854 8852 
f 3952 3953 8856 8854 
f 3953 3954 8858 8856 
f 3954 3944 8798 8858 
f 3833 8825 8827 3802 
f 8731 8733 3833 3802 
f 3832 3833 8733 8735 
f 3831 3832 8735 8737 
f 3830 3831 8737 8739 
f 3829 3830 8739 8741 
f 3828 3829 8741 8743 
f 3827 3828 8743 8745 
f 3826 3827 8745 8747 
f 3825 3826 8747 8749 
f 3824 3825 8749 8751 
f 3823 3824 8751 8753 
f 8753 8755 3822 3823 
f 3821 3822 8755 8757 
f 3820 3821 8757 8759 
f 3819 3820 8759 8761 
f 3818 3819 8761 8763 
f 3817 3818 8763 8765 
f 3816 3817 8765 8767 
f 3815 3816 8767 8769 
f 3814 3815 8769 8771 
f 3813 3814 8771 8773 
f 3812 3813 8773 8775 
f 3811 3812 8775 8777 
f 3810 3811 8777 8779 
f 3809 3810 8779 8781 
f 3808 3809 8781 8783 
f 3807 3808 8783 8785 
f 3806 3807 8785 8787 
f 3805 3806 8787 8789 
f 3804 3805 8789 8791 
f 3803 3804 8791 8793 
f 3802 3803 8793 8731 
f 8827 8829 3803 3802 
f 3803 8829 8831 3804 
f 3804 8831 8833 3805 
f 3805 8833 8835 3806 
f 3806 8835 8837 3807 
f 3807 8837 8839 3808 
f 3808 8839 8841 3809 
f 3809 8841 8843 3810 
f 3810 8843 8845 3811 
f 3811 8845 8847 3812 
f 3812 8847 8849 3813 
f 3813 8849 8851 3814 
f 3814 8851 8853 3815 
f 3815 8853 8855 3816 
f 3816 8855 8857 3817 
f 3817 8857 8797 3818 
f 3818 8797 8795 3819 
f 3819 8795 8799 3820 
f 3820 8799 8801 3821 
f 3821 8801 8803 3822 
f 3822 8803 8805 3823 
f 3823 8805 8807 3824 
f 3824 8807 8809 3825 
f 8809 8811 3826 3825 
f 3826 8811 8813 3827 
f 3827 8813 8815 3828 
f 3828 8815 8817 3829 
f 3829 8817 8819 3830 
f 3830 8819 8821 3831 
f 3831 8821 8823 3832 
f 3832 8823 8825 3833 
f 8766 8764 5076 5078 
f 8768 8766 5078 5081 
f 8770 8768 5081 5084 
f 8772 8770 5084 5087 
f 8774 8772 5087 5090 
f 8776 8774 5090 5093 
f 8778 8776 5093 5096 
f 8780 8778 5096 5099 
f 8782 8780 5099 5102 
f 8784 8782 5102 5105 
f 8786 8784 5105 5108 
f 8788 8786 5108 5111 
f 8790 8788 5111 5114 
f 8792 8790 5114 5117 
f 8794 8792 5117 5120 
f 8732 8794 5120 5123 
f 8734 8732 5123 5126 
f 8736 8734 5126 5129 
f 8738 8736 5129 5132 
f 8740 8738 5132 5135 
f 8742 8740 5135 5138 
f 8744 8742 5138 5141 
f 8746 8744 5141 5144 
f 8748 8746 5144 5147 
f 8750 8748 5147 5150 
f 8752 8750 5150 5153 
f 8754 8752 5153 5156 
f 8756 8754 5156 5159 
f 8758 8756 5159 5162 
f 8760 8758 5162 5165 
f 8762 8760 5165 5168 
f 8764 8762 5168 5076 
f 5079 5075 3834 
f 5082 5079 3834 
f 5085 5082 3834 
f 5088 5085 3834 
f 5091 5088 3834 
f 5094 5091 3834 
f 5097 5094 3834 
f 5100 5097 3834 
f 5103 5100 3834 
f 5106 5103 3834 
f 5109 5106 3834 
f 5112 5109 3834 
f 5115 5112 3834 
f 5118 5115 3834 
f 5121 5118 3834 
f 5124 5121 3834 
f 5127 5124 3834 
f 5130 5127 3834 
f 5133 5130 3834 
f 5136 5133 3834 
f 5139 5136 3834 
f 5142 5139 3834 
f 5145 5142 3834 
f 5148 5145 3834 
f 5151 5148 3834 
f 5154 5151 3834 
f 5157 5154 3834 
f 5160 5157 3834 
f 5163 5160 3834 
f 5166 5163 3834 
f 5169 5166 3834 
f 5075 5169 3834 
f 3999 3742 3667 3956 
f 3957 3671 3715 3972 
f 3958 3674 3717 3974 
f 3974 3717 3718 3975 
f 3978 3721 3722 3979 
f 3962 3687 3726 3983 
f 3984 3727 3691 3963 
f 3963 3691 3693 3964 
f 3964 3693 3695 3965 
f 3965 3695 3697 3966 
f 3966 3697 3729 3986 
f 3986 3729 3731 3988 
f 3988 3731 3701 3967 
f 3991 3734 3735 3992 
f 3993 3736 3708 3969 
s 2
f 3957 3837 3836 3956 
s 1
f 4001 3744 3716 3973 
s 2
f 3958 3838 3852 3972 
s 1
f 3973 3716 3746 4003 
f 4003 3746 3748 4005 
s 2
f 3959 3839 3855 3975 
f 3960 3840 3839 3959 
f 3977 3857 3840 3960 
f 3978 3858 3857 3977 
f 3961 3841 3859 3979 
f 3962 3842 3841 3961 
s 1
f 3980 3723 3724 3981 
f 3981 3724 3725 3982 
s 2
f 3984 3864 3863 3983 
s 1
f 3982 3725 3760 4017 
f 4018 3761 3763 4020 
f 3987 3730 3732 3989 
s 2
f 3968 3848 3847 3967 
f 3991 3871 3848 3968 
f 3993 3873 3872 3992 
s 1
f 4029 3772 3737 3994 
f 3994 3737 3773 4030 
s 2
f 3995 3875 3849 3969 
f 3997 3877 3875 3995 
s 1
f 4030 3773 3739 3996 
s 2
f 3970 3712 3877 3997 
s 1
f 3996 3739 3741 3998 
s 2
f 3955 3835 3712 3970 
s 1
f 3998 3741 3776 4033 
s 2
f 3999 3879 3835 3955 
s 1
f 4033 3776 3778 4035 
f 3971 3851 3880 4000 
s 2
f 4036 3779 3797 4067 
s 1
f 4001 3881 3851 3971 
s 2
f 4065 3795 3793 4063 
f 4063 3793 3745 4002 
s 1
f 4007 3887 3885 4005 
f 4009 3889 3887 4007 
s 2
f 4008 3751 3792 4058 
s 1
f 3976 3856 3889 4009 
s 2
f 4058 3792 3753 4010 
s 1
f 4011 3891 3856 3976 
f 4013 3893 3891 4011 
s 2
f 4010 3753 3755 4012 
f 4012 3755 3757 4014 
s 1
f 3980 3860 3893 4013 
s 2
f 4014 3757 3791 4054 
s 1
f 4018 3898 3897 4017 
s 2
f 4051 3790 3762 4019 
s 1
f 4021 3901 3900 4020 
f 3985 3865 3901 4021 
s 2
f 4049 3789 3788 4048 
s 1
f 4022 3902 3865 3985 
s 2
f 4048 3788 3786 4046 
s 1
f 3987 3867 3902 4022 
s 2
f 4046 3786 3785 4044 
s 1
f 4024 3904 3869 3989 
f 3990 3870 3904 4024 
s 2
f 4043 3784 3768 4025 
f 4025 3768 3769 4026 
s 1
f 4027 3907 3870 3990 
f 4029 3909 3907 4027 
s 2
f 4028 3771 3782 4040 
f 4031 3774 3775 4032 
f 4032 3775 3780 4037 
s 1
f 4000 3880 3915 4035 
s 2
f 4034 3777 3779 4036 
s 1
f 4034 3914 3917 4037 
f 4031 3911 3918 4038 
f 4038 3918 3920 4040 
f 4028 3908 3906 4026 
f 4043 3922 3903 4023 
f 4023 3903 3923 4044 
f 4049 3927 3899 4019 
f 4051 3929 3896 4016 
f 4016 3896 3895 4015 
f 4015 3895 3932 4054 
f 4008 3888 3886 4006 
f 4006 3886 3884 4004 
f 4004 3884 3882 4002 
f 4065 3942 3943 4067 
s 2
f 4062 3940 3794 4064 
f 4061 3939 3940 4062 
f 4060 3938 3939 4061 
f 4059 3937 3938 4060 
f 4070 3799 3937 4059 
f 4057 3935 3799 4070 
f 4056 3934 3935 4057 
f 4071 3945 3934 4056 
f 4055 3933 3945 4071 
f 4053 3931 3946 4072 
f 4052 3930 3931 4053 
f 4050 3928 3947 4073 
f 4047 3787 3800 4074 
f 4045 3924 3787 4047 
f 4076 3801 3948 4075 
f 4042 3921 3801 4076 
f 4078 3950 3949 4077 
f 4039 3919 3783 4041 
f 4079 3951 3919 4039 
f 4080 3952 3951 4079 
f 4068 3944 3954 4082 
f 3879 3999 3956 3836 
f 3837 3957 3972 3852 
f 3838 3958 3974 3854 
f 3854 3974 3975 3855 
f 3858 3978 3979 3859 
f 3842 3962 3983 3863 
f 3864 3984 3963 3843 
f 3843 3963 3964 3844 
f 3844 3964 3965 3845 
f 3845 3965 3966 3846 
f 3846 3966 3986 3866 
f 3866 3986 3988 3868 
f 3868 3988 3967 3847 
f 3871 3991 3992 3872 
f 3873 3993 3969 3849 
s 1
f 3671 3957 3956 3667 
f 3881 4001 3973 3853 
f 3674 3958 3972 3715 
f 3853 3973 4003 3883 
f 3883 4003 4005 3885 
f 3678 3959 3975 3718 
f 3680 3960 3959 3678 
f 3720 3977 3960 3680 
f 3721 3978 3977 3720 
f 3685 3961 3979 3722 
f 3687 3962 3961 3685 
f 3860 3980 3981 3861 
f 3861 3981 3982 3862 
f 3727 3984 3983 3726 
f 3862 3982 4017 3897 
f 3898 4018 4020 3900 
f 3867 3987 3989 3869 
f 3703 3968 3967 3701 
f 3734 3991 3968 3703 
f 3736 3993 3992 3735 
f 3909 4029 3994 3874 
f 3874 3994 4030 3910 
f 3738 3995 3969 3708 
f 3740 3997 3995 3738 
f 3910 4030 3996 3876 
f 3850 3970 3997 3740 
f 3876 3996 3998 3878 
f 3666 3955 3970 3850 
f 3878 3998 4033 3913 
f 3742 3999 3955 3666 
f 3913 4033 4035 3915 
f 3714 3971 4000 3743 
f 3916 4036 4067 3943 
f 3744 4001 3971 3714 
f 3942 4065 4063 3941 
f 3941 4063 4002 3882 
f 3750 4007 4005 3748 
f 3752 4009 4007 3750 
f 3888 4008 4058 3936 
f 3719 3976 4009 3752 
f 3936 4058 4010 3890 
f 3754 4011 3976 3719 
f 3756 4013 4011 3754 
f 3890 4010 4012 3892 
f 3892 4012 4014 3894 
f 3723 3980 4013 3756 
f 3894 4014 4054 3932 
f 3761 4018 4017 3760 
f 3929 4051 4019 3899 
f 3764 4021 4020 3763 
f 3728 3985 4021 3764 
f 3927 4049 4048 3926 
f 3765 4022 3985 3728 
f 3926 4048 4046 3925 
f 3730 3987 4022 3765 
f 3925 4046 4044 3923 
f 3767 4024 3989 3732 
f 3733 3990 4024 3767 
f 3922 4043 4025 3905 
f 3905 4025 4026 3906 
f 3770 4027 3990 3733 
f 3772 4029 4027 3770 
f 3908 4028 4040 3920 
f 3911 4031 4032 3912 
f 3912 4032 4037 3917 
f 3743 4000 4035 3778 
f 3914 4034 4036 3916 
s 2
f 3953 4081 4082 3954 
f 3777 4034 4037 3780 
f 3952 4080 4081 3953 
f 3774 4031 4038 3781 
f 3781 4038 4040 3782 
f 3950 4078 4041 3783 
f 3771 4028 4026 3769 
f 3921 4042 4077 3949 
f 3784 4043 4023 3766 
f 3924 4045 4075 3948 
f 3766 4023 4044 3785 
f 3928 4050 4074 3800 
f 3789 4049 4019 3762 
f 3930 4052 4073 3947 
f 3790 4051 4016 3759 
f 3759 4016 4015 3758 
f 3933 4055 4072 3946 
f 3758 4015 4054 3791 
f 3751 4008 4006 3749 
f 3749 4006 4004 3747 
f 3747 4004 4002 3745 
f 3796 4066 4064 3794 
f 3798 4069 4066 3796 
f 3795 4065 4067 3797 
f 3944 4068 4069 3798 
s 1
f 4064 3941 3882 4062 
f 4062 3882 3884 4061 
f 4061 3884 3886 4060 
f 4060 3886 3888 4059 
f 4059 3888 3936 4070 
f 4070 3936 3890 4057 
f 4057 3890 3892 4056 
f 4056 3892 3894 4071 
f 4071 3894 3932 4055 
f 3895 3896 4053 4072 
f 4053 3896 3929 4052 
f 3899 3927 4050 4073 
f 3926 3925 4047 4074 
f 4047 3925 3923 4045 
f 3903 3922 4076 4075 
f 3922 3905 4042 4076 
f 3906 3908 4078 4077 
f 4041 3920 3918 4039 
f 4039 3918 3911 4079 
f 4079 3911 3912 4080 
f 4082 3914 3916 4068 
f 4083 4095 4096 4084 
f 4084 4096 4097 4085 
f 4085 4097 4098 4086 
f 4086 4098 4099 4087 
f 4087 4099 4100 4088 
f 4088 4100 4101 4089 
f 4089 4101 4102 4090 
f 4090 4102 4103 4091 
f 4091 4103 4104 4092 
f 4092 4104 4105 4093 
s 2
f 4093 4105 4106 4094 
s 1
f 4095 4107 4108 4096 
f 4096 4108 4109 4097 
f 4097 4109 4110 4098 
f 4098 4110 4111 4099 
f 4099 4111 4112 4100 
f 4100 4112 4113 4101 
f 4101 4113 4114 4102 
f 4102 4114 4115 4103 
f 4103 4115 4116 4104 
f 4104 4116 4117 4105 
s 2
f 4105 4117 4118 4106 
s 1
f 4107 4119 4120 4108 
f 4108 4120 4121 4109 
f 4109 4121 4122 4110 
f 4110 4122 4123 4111 
f 4111 4123 4124 4112 
f 4112 4124 4125 4113 
f 4113 4125 4126 4114 
f 4114 4126 4127 4115 
f 4115 4127 4128 4116 
f 4116 4128 4129 4117 
s 2
f 4117 4129 4130 4118 
s 1
f 4119 4131 4132 4120 
f 4120 4132 4133 4121 
f 4121 4133 4134 4122 
f 4122 4134 4135 4123 
f 4123 4135 4136 4124 
f 4124 4136 4137 4125 
f 4125 4137 4138 4126 
f 4126 4138 4139 4127 
f 4127 4139 4140 4128 
f 4128 4140 4141 4129 
s 2
f 4129 4141 4142 4130 
s 1
f 4131 4143 4144 4132 
f 4132 4144 4145 4133 
f 4133 4145 4146 4134 
f 4134 4146 4147 4135 
f 4135 4147 4148 4136 
f 4136 4148 4149 4137 
f 4137 4149 4150 4138 
f 4138 4150 4151 4139 
f 4139 4151 4152 4140 
f 4140 4152 4153 4141 
s 2
f 4141 4153 4154 4142 
s 1
f 4143 4155 4156 4144 
f 4144 4156 4157 4145 
f 4145 4157 4158 4146 
f 4146 4158 4159 4147 
f 4147 4159 4160 4148 
f 4148 4160 4161 4149 
f 4149 4161 4162 4150 
f 4150 4162 4163 4151 
f 4151 4163 4164 4152 
f 4152 4164 4165 4153 
s 2
f 4153 4165 4166 4154 
s 1
f 4155 4167 4168 4156 
f 4156 4168 4169 4157 
f 4157 4169 4170 4158 
f 4158 4170 4171 4159 
f 4159 4171 4172 4160 
f 4160 4172 4173 4161 
f 4161 4173 4174 4162 
f 4162 4174 4175 4163 
f 4163 4175 4176 4164 
f 4164 4176 4177 4165 
s 2
f 4165 4177 4178 4166 
s 1
f 4167 4179 4180 4168 
f 4168 4180 4181 4169 
f 4169 4181 4182 4170 
f 4170 4182 4183 4171 
f 4171 4183 4184 4172 
f 4172 4184 4185 4173 
f 4173 4185 4186 4174 
f 4174 4186 4187 4175 
f 4175 4187 4188 4176 
f 4176 4188 4189 4177 
s 2
f 4177 4189 4190 4178 
s 1
f 4179 4191 4192 4180 
f 4180 4192 4193 4181 
f 4181 4193 4194 4182 
f 4182 4194 4195 4183 
f 4183 4195 4196 4184 
f 4184 4196 4197 4185 
f 4185 4197 4198 4186 
f 4186 4198 4199 4187 
f 4187 4199 4200 4188 
f 4188 4200 4201 4189 
s 2
f 4189 4201 4202 4190 
s 1
f 4191 4203 4204 4192 
f 4192 4204 4205 4193 
f 4193 4205 4206 4194 
f 4194 4206 4207 4195 
f 4195 4207 4208 4196 
f 4196 4208 4209 4197 
f 4197 4209 4210 4198 
f 4198 4210 4211 4199 
f 4199 4211 4212 4200 
f 4200 4212 4213 4201 
s 2
f 4201 4213 4214 4202 
s 1
f 4203 4215 4216 4204 
f 4204 4216 4217 4205 
f 4205 4217 4218 4206 
f 4206 4218 4219 4207 
f 4207 4219 4220 4208 
f 4208 4220 4221 4209 
f 4209 4221 4222 4210 
f 4210 4222 4223 4211 
f 4211 4223 4224 4212 
f 4212 4224 4225 4213 
s 2
f 4213 4225 4226 4214 
s 1
f 4215 4227 4228 4216 
f 4216 4228 4229 4217 
f 4217 4229 4230 4218 
f 4218 4230 4231 4219 
f 4219 4231 4232 4220 
f 4220 4232 4233 4221 
f 4221 4233 4234 4222 
f 4222 4234 4235 4223 
f 4223 4235 4236 4224 
f 4224 4236 4237 4225 
s 2
f 4225 4237 4238 4226 
s 1
f 4227 4239 4240 4228 
f 4228 4240 4241 4229 
f 4229 4241 4242 4230 
f 4230 4242 4243 4231 
f 4231 4243 4244 4232 
f 4232 4244 4245 4233 
f 4233 4245 4246 4234 
f 4234 4246 4247 4235 
f 4235 4247 4248 4236 
f 4236 4248 4249 4237 
s 2
f 4237 4249 4250 4238 
s 1
f 4239 4251 4252 4240 
f 4240 4252 4253 4241 
f 4241 4253 4254 4242 
f 4242 4254 4255 4243 
f 4243 4255 4256 4244 
f 4244 4256 4257 4245 
f 4245 4257 4258 4246 
f 4246 4258 4259 4247 
f 4247 4259 4260 4248 
f 4248 4260 4261 4249 
s 2
f 4249 4261 4262 4250 
s 1
f 4251 4263 4264 4252 
f 4252 4264 4265 4253 
f 4253 4265 4266 4254 
f 4254 4266 4267 4255 
f 4255 4267 4268 4256 
f 4256 4268 4269 4257 
f 4257 4269 4270 4258 
f 4258 4270 4271 4259 
f 4259 4271 4272 4260 
f 4260 4272 4273 4261 
s 2
f 4261 4273 4274 4262 
s 1
f 4263 4275 4276 4264 
f 4264 4276 4277 4265 
f 4265 4277 4278 4266 
f 4266 4278 4279 4267 
f 4267 4279 4280 4268 
f 4268 4280 4281 4269 
f 4269 4281 4282 4270 
f 4270 4282 4283 4271 
f 4271 4283 4284 4272 
f 4272 4284 4285 4273 
s 2
f 4273 4285 4286 4274 
s 1
f 4275 4287 4288 4276 
f 4276 4288 4289 4277 
f 4277 4289 4290 4278 
f 4278 4290 4291 4279 
f 4279 4291 4292 4280 
f 4280 4292 4293 4281 
f 4281 4293 4294 4282 
f 4282 4294 4295 4283 
f 4283 4295 4296 4284 
f 4284 4296 4297 4285 
s 2
f 4285 4297 4298 4286 
s 1
f 4287 4299 4300 4288 
f 4288 4300 4301 4289 
f 4289 4301 4302 4290 
f 4290 4302 4303 4291 
f 4291 4303 4304 4292 
f 4292 4304 4305 4293 
f 4293 4305 4306 4294 
f 4294 4306 4307 4295 
f 4295 4307 4308 4296 
f 4296 4308 4309 4297 
s 2
f 4297 4309 4310 4298 
s 1
f 4299 4311 4312 4300 
f 4300 4312 4313 4301 
f 4301 4313 4314 4302 
f 4302 4314 4315 4303 
f 4303 4315 4316 4304 
f 4304 4316 4317 4305 
f 4305 4317 4318 4306 
f 4306 4318 4319 4307 
f 4307 4319 4320 4308 
f 4308 4320 4321 4309 
s 2
f 4309 4321 4322 4310 
s 1
f 4311 4323 4324 4312 
f 4312 4324 4325 4313 
f 4313 4325 4326 4314 
f 4314 4326 4327 4315 
f 4315 4327 4328 4316 
f 4316 4328 4329 4317 
f 4317 4329 4330 4318 
f 4318 4330 4331 4319 
f 4319 4331 4332 4320 
f 4320 4332 4333 4321 
s 2
f 4321 4333 4334 4322 
s 1
f 4323 4335 4336 4324 
f 4324 4336 4337 4325 
f 4325 4337 4338 4326 
f 4326 4338 4339 4327 
f 4327 4339 4340 4328 
f 4328 4340 4341 4329 
f 4329 4341 4342 4330 
f 4330 4342 4343 4331 
f 4331 4343 4344 4332 
f 4332 4344 4345 4333 
s 2
f 4333 4345 4346 4334 
s 1
f 4335 4347 4348 4336 
f 4336 4348 4349 4337 
f 4337 4349 4350 4338 
f 4338 4350 4351 4339 
f 4339 4351 4352 4340 
f 4340 4352 4353 4341 
f 4341 4353 4354 4342 
f 4342 4354 4355 4343 
f 4343 4355 4356 4344 
f 4344 4356 4357 4345 
s 2
f 4345 4357 4358 4346 
s 1
f 4347 4359 4360 4348 
f 4348 4360 4361 4349 
f 4349 4361 4362 4350 
f 4350 4362 4363 4351 
f 4351 4363 4364 4352 
f 4352 4364 4365 4353 
f 4353 4365 4366 4354 
f 4354 4366 4367 4355 
f 4355 4367 4368 4356 
f 4356 4368 4369 4357 
s 2
f 4357 4369 4370 4358 
s 1
f 4359 4371 4372 4360 
f 4360 4372 4373 4361 
f 4361 4373 4374 4362 
f 4362 4374 4375 4363 
f 4363 4375 4376 4364 
f 4364 4376 4377 4365 
f 4365 4377 4378 4366 
f 4366 4378 4379 4367 
f 4367 4379 4380 4368 
f 4368 4380 4381 4369 
s 2
f 4369 4381 4382 4370 
s 1
f 4371 4383 4384 4372 
f 4372 4384 4385 4373 
f 4373 4385 4386 4374 
f 4374 4386 4387 4375 
f 4375 4387 4388 4376 
f 4376 4388 4389 4377 
f 4377 4389 4390 4378 
f 4378 4390 4391 4379 
f 4379 4391 4392 4380 
f 4380 4392 4393 4381 
s 2
f 4381 4393 4394 4382 
s 1
f 4383 4395 4396 4384 
f 4384 4396 4397 4385 
f 4385 4397 4398 4386 
f 4386 4398 4399 4387 
f 4387 4399 4400 4388 
f 4388 4400 4401 4389 
f 4389 4401 4402 4390 
f 4390 4402 4403 4391 
f 4391 4403 4404 4392 
f 4392 4404 4405 4393 
s 2
f 4393 4405 4406 4394 
s 1
f 4395 4407 4408 4396 
f 4396 4408 4409 4397 
f 4397 4409 4410 4398 
f 4398 4410 4411 4399 
f 4399 4411 4412 4400 
f 4400 4412 4413 4401 
f 4401 4413 4414 4402 
f 4402 4414 4415 4403 
f 4403 4415 4416 4404 
f 4404 4416 4417 4405 
s 2
f 4405 4417 4418 4406 
s 1
f 4407 4419 4420 4408 
f 4408 4420 4421 4409 
f 4409 4421 4422 4410 
f 4410 4422 4423 4411 
f 4411 4423 4424 4412 
f 4412 4424 4425 4413 
f 4413 4425 4426 4414 
f 4414 4426 4427 4415 
f 4415 4427 4428 4416 
f 4416 4428 4429 4417 
s 2
f 4417 4429 4430 4418 
s 1
f 4419 4431 4432 4420 
f 4420 4432 4433 4421 
f 4421 4433 4434 4422 
f 4422 4434 4435 4423 
f 4423 4435 4436 4424 
f 4424 4436 4437 4425 
f 4425 4437 4438 4426 
f 4426 4438 4439 4427 
f 4427 4439 4440 4428 
f 4428 4440 4441 4429 
s 2
f 4429 4441 4442 4430 
s 1
f 4431 4443 4444 4432 
f 4432 4444 4445 4433 
f 4433 4445 4446 4434 
f 4434 4446 4447 4435 
f 4435 4447 4448 4436 
f 4436 4448 4449 4437 
f 4437 4449 4450 4438 
f 4438 4450 4451 4439 
f 4439 4451 4452 4440 
f 4440 4452 4453 4441 
s 2
f 4441 4453 4454 4442 
s 1
f 4443 4455 4456 4444 
f 4444 4456 4457 4445 
f 4445 4457 4458 4446 
f 4446 4458 4459 4447 
f 4447 4459 4460 4448 
f 4448 4460 4461 4449 
f 4449 4461 4462 4450 
f 4450 4462 4463 4451 
f 4451 4463 4464 4452 
f 4452 4464 4465 4453 
s 2
f 4453 4465 4466 4454 
s 1
f 4455 4083 4084 4456 
f 4456 4084 4085 4457 
f 4457 4085 4086 4458 
f 4458 4086 4087 4459 
f 4459 4087 4088 4460 
f 4460 4088 4089 4461 
f 4461 4089 4090 4462 
f 4462 4090 4091 4463 
f 4463 4091 4092 4464 
f 4464 4092 4093 4465 
s 2
f 4465 4093 4094 4466 
s 1
f 4870 4480 4467 
f 4467 4480 4481 4468 
f 4468 4481 4482 4469 
f 4469 4482 4483 4470 
f 4470 4483 4484 4471 
f 4471 4484 4485 4472 
f 4472 4485 4486 4473 
f 4473 4486 4487 4474 
f 4474 4487 4488 4475 
f 4475 4488 4489 4476 
f 4476 4489 4490 4477 
f 4477 4490 4491 4478 
f 4478 4491 4492 4479 
f 4870 4493 4480 
f 4480 4493 4494 4481 
f 4481 4494 4495 4482 
f 4482 4495 4496 4483 
f 4483 4496 4497 4484 
f 4484 4497 4498 4485 
f 4485 4498 4499 4486 
f 4486 4499 4500 4487 
f 4487 4500 4501 4488 
f 4488 4501 4502 4489 
f 4489 4502 4503 4490 
f 4490 4503 4504 4491 
f 4491 4504 4505 4492 
f 4870 4506 4493 
f 4493 4506 4507 4494 
f 4494 4507 4508 4495 
f 4495 4508 4509 4496 
f 4496 4509 4510 4497 
f 4497 4510 4511 4498 
f 4498 4511 4512 4499 
f 4499 4512 4513 4500 
f 4500 4513 4514 4501 
f 4501 4514 4515 4502 
f 4502 4515 4516 4503 
f 4503 4516 4517 4504 
f 4504 4517 4518 4505 
f 4870 4519 4506 
f 4506 4519 4520 4507 
f 4507 4520 4521 4508 
f 4508 4521 4522 4509 
f 4509 4522 4523 4510 
f 4510 4523 4524 4511 
f 4511 4524 4525 4512 
f 4512 4525 4526 4513 
f 4513 4526 4527 4514 
f 4514 4527 4528 4515 
f 4515 4528 4529 4516 
f 4516 4529 4530 4517 
f 4517 4530 4531 4518 
f 4870 4532 4519 
f 4519 4532 4533 4520 
f 4520 4533 4534 4521 
f 4521 4534 4535 4522 
f 4522 4535 4536 4523 
f 4523 4536 4537 4524 
f 4524 4537 4538 4525 
f 4525 4538 4539 4526 
f 4526 4539 4540 4527 
f 4527 4540 4541 4528 
f 4528 4541 4542 4529 
f 4529 4542 4543 4530 
f 4530 4543 4544 4531 
f 4870 4545 4532 
f 4532 4545 4546 4533 
f 4533 4546 4547 4534 
f 4534 4547 4548 4535 
f 4535 4548 4549 4536 
f 4536 4549 4550 4537 
f 4537 4550 4551 4538 
f 4538 4551 4552 4539 
f 4539 4552 4553 4540 
f 4540 4553 4554 4541 
f 4541 4554 4555 4542 
f 4542 4555 4556 4543 
f 4543 4556 4557 4544 
f 4870 4558 4545 
f 4545 4558 4559 4546 
f 4546 4559 4560 4547 
f 4547 4560 4561 4548 
f 4548 4561 4562 4549 
f 4549 4562 4563 4550 
f 4550 4563 4564 4551 
f 4551 4564 4565 4552 
f 4552 4565 4566 4553 
f 4553 4566 4567 4554 
f 4554 4567 4568 4555 
f 4555 4568 4569 4556 
f 4556 4569 4570 4557 
f 4870 4571 4558 
f 4558 4571 4572 4559 
f 4559 4572 4573 4560 
f 4560 4573 4574 4561 
f 4561 4574 4575 4562 
f 4562 4575 4576 4563 
f 4563 4576 4577 4564 
f 4564 4577 4578 4565 
f 4565 4578 4579 4566 
f 4566 4579 4580 4567 
f 4567 4580 4581 4568 
f 4568 4581 4582 4569 
f 4569 4582 4583 4570 
f 4870 4584 4571 
f 4571 4584 4585 4572 
f 4572 4585 4586 4573 
f 4573 4586 4587 4574 
f 4574 4587 4588 4575 
f 4575 4588 4589 4576 
f 4576 4589 4590 4577 
f 4577 4590 4591 4578 
f 4578 4591 4592 4579 
f 4579 4592 4593 4580 
f 4580 4593 4594 4581 
f 4581 4594 4595 4582 
f 4582 4595 4596 4583 
f 4870 4597 4584 
f 4584 4597 4598 4585 
f 4585 4598 4599 4586 
f 4586 4599 4600 4587 
f 4587 4600 4601 4588 
f 4588 4601 4602 4589 
f 4589 4602 4603 4590 
f 4590 4603 4604 4591 
f 4591 4604 4605 4592 
f 4592 4605 4606 4593 
f 4593 4606 4607 4594 
f 4594 4607 4608 4595 
f 4595 4608 4609 4596 
f 4870 4610 4597 
f 4597 4610 4611 4598 
f 4598 4611 4612 4599 
f 4599 4612 4613 4600 
f 4600 4613 4614 4601 
f 4601 4614 4615 4602 
f 4602 4615 4616 4603 
f 4603 4616 4617 4604 
f 4604 4617 4618 4605 
f 4605 4618 4619 4606 
f 4606 4619 4620 4607 
f 4607 4620 4621 4608 
f 4608 4621 4622 4609 
f 4870 4623 4610 
f 4610 4623 4624 4611 
f 4611 4624 4625 4612 
f 4612 4625 4626 4613 
f 4613 4626 4627 4614 
f 4614 4627 4628 4615 
f 4615 4628 4629 4616 
f 4616 4629 4630 4617 
f 4617 4630 4631 4618 
f 4618 4631 4632 4619 
f 4619 4632 4633 4620 
f 4620 4633 4634 4621 
f 4621 4634 4635 4622 
f 4870 4636 4623 
f 4623 4636 4637 4624 
f 4624 4637 4638 4625 
f 4625 4638 4639 4626 
f 4626 4639 4640 4627 
f 4627 4640 4641 4628 
f 4628 4641 4642 4629 
f 4629 4642 4643 4630 
f 4630 4643 4644 4631 
f 4631 4644 4645 4632 
f 4632 4645 4646 4633 
f 4633 4646 4647 4634 
f 4634 4647 4648 4635 
f 4870 4649 4636 
f 4636 4649 4650 4637 
f 4637 4650 4651 4638 
f 4638 4651 4652 4639 
f 4639 4652 4653 4640 
f 4640 4653 4654 4641 
f 4641 4654 4655 4642 
f 4642 4655 4656 4643 
f 4643 4656 4657 4644 
f 4644 4657 4658 4645 
f 4645 4658 4659 4646 
f 4646 4659 4660 4647 
f 4647 4660 4661 4648 
f 4870 4662 4649 
f 4649 4662 4663 4650 
f 4650 4663 4664 4651 
f 4651 4664 4665 4652 
f 4652 4665 4666 4653 
f 4653 4666 4667 4654 
f 4654 4667 4668 4655 
f 4655 4668 4669 4656 
f 4656 4669 4670 4657 
f 4657 4670 4671 4658 
f 4658 4671 4672 4659 
f 4659 4672 4673 4660 
f 4660 4673 4674 4661 
f 4870 4675 4662 
f 4662 4675 4676 4663 
f 4663 4676 4677 4664 
f 4664 4677 4678 4665 
f 4665 4678 4679 4666 
f 4666 4679 4680 4667 
f 4667 4680 4681 4668 
f 4668 4681 4682 4669 
f 4669 4682 4683 4670 
f 4670 4683 4684 4671 
f 4671 4684 4685 4672 
f 4672 4685 4686 4673 
f 4673 4686 4687 4674 
f 4870 4688 4675 
f 4675 4688 4689 4676 
f 4676 4689 4690 4677 
f 4677 4690 4691 4678 
f 4678 4691 4692 4679 
f 4679 4692 4693 4680 
f 4680 4693 4694 4681 
f 4681 4694 4695 4682 
f 4682 4695 4696 4683 
f 4683 4696 4697 4684 
f 4684 4697 4698 4685 
f 4685 4698 4699 4686 
f 4686 4699 4700 4687 
f 4870 4701 4688 
f 4688 4701 4702 4689 
f 4689 4702 4703 4690 
f 4690 4703 4704 4691 
f 4691 4704 4705 4692 
f 4692 4705 4706 4693 
f 4693 4706 4707 4694 
f 4694 4707 4708 4695 
f 4695 4708 4709 4696 
f 4696 4709 4710 4697 
f 4697 4710 4711 4698 
f 4698 4711 4712 4699 
f 4699 4712 4713 4700 
f 4870 4714 4701 
f 4701 4714 4715 4702 
f 4702 4715 4716 4703 
f 4703 4716 4717 4704 
f 4704 4717 4718 4705 
f 4705 4718 4719 4706 
f 4706 4719 4720 4707 
f 4707 4720 4721 4708 
f 4708 4721 4722 4709 
f 4709 4722 4723 4710 
f 4710 4723 4724 4711 
f 4711 4724 4725 4712 
f 4712 4725 4726 4713 
f 4870 4727 4714 
f 4714 4727 4728 4715 
f 4715 4728 4729 4716 
f 4716 4729 4730 4717 
f 4717 4730 4731 4718 
f 4718 4731 4732 4719 
f 4719 4732 4733 4720 
f 4720 4733 4734 4721 
f 4721 4734 4735 4722 
f 4722 4735 4736 4723 
f 4723 4736 4737 4724 
f 4724 4737 4738 4725 
f 4725 4738 4739 4726 
f 4870 4740 4727 
f 4727 4740 4741 4728 
f 4728 4741 4742 4729 
f 4729 4742 4743 4730 
f 4730 4743 4744 4731 
f 4731 4744 4745 4732 
f 4732 4745 4746 4733 
f 4733 4746 4747 4734 
f 4734 4747 4748 4735 
f 4735 4748 4749 4736 
f 4736 4749 4750 4737 
f 4737 4750 4751 4738 
f 4738 4751 4752 4739 
f 4870 4753 4740 
f 4740 4753 4754 4741 
f 4741 4754 4755 4742 
f 4742 4755 4756 4743 
f 4743 4756 4757 4744 
f 4744 4757 4758 4745 
f 4745 4758 4759 4746 
f 4746 4759 4760 4747 
f 4747 4760 4761 4748 
f 4748 4761 4762 4749 
f 4749 4762 4763 4750 
f 4750 4763 4764 4751 
f 4751 4764 4765 4752 
f 4870 4766 4753 
f 4753 4766 4767 4754 
f 4754 4767 4768 4755 
f 4755 4768 4769 4756 
f 4756 4769 4770 4757 
f 4757 4770 4771 4758 
f 4758 4771 4772 4759 
f 4759 4772 4773 4760 
f 4760 4773 4774 4761 
f 4761 4774 4775 4762 
f 4762 4775 4776 4763 
f 4763 4776 4777 4764 
f 4764 4777 4778 4765 
f 4870 4779 4766 
f 4766 4779 4780 4767 
f 4767 4780 4781 4768 
f 4768 4781 4782 4769 
f 4769 4782 4783 4770 
f 4770 4783 4784 4771 
f 4771 4784 4785 4772 
f 4772 4785 4786 4773 
f 4773 4786 4787 4774 
f 4774 4787 4788 4775 
f 4775 4788 4789 4776 
f 4776 4789 4790 4777 
f 4777 4790 4791 4778 
f 4870 4792 4779 
f 4779 4792 4793 4780 
f 4780 4793 4794 4781 
f 4781 4794 4795 4782 
f 4782 4795 4796 4783 
f 4783 4796 4797 4784 
f 4784 4797 4798 4785 
f 4785 4798 4799 4786 
f 4786 4799 4800 4787 
f 4787 4800 4801 4788 
f 4788 4801 4802 4789 
f 4789 4802 4803 4790 
f 4790 4803 4804 4791 
f 4870 4805 4792 
f 4792 4805 4806 4793 
f 4793 4806 4807 4794 
f 4794 4807 4808 4795 
f 4795 4808 4809 4796 
f 4796 4809 4810 4797 
f 4797 4810 4811 4798 
f 4798 4811 4812 4799 
f 4799 4812 4813 4800 
f 4800 4813 4814 4801 
f 4801 4814 4815 4802 
f 4802 4815 4816 4803 
f 4803 4816 4817 4804 
f 4870 4818 4805 
f 4805 4818 4819 4806 
f 4806 4819 4820 4807 
f 4807 4820 4821 4808 
f 4808 4821 4822 4809 
f 4809 4822 4823 4810 
f 4810 4823 4824 4811 
f 4811 4824 4825 4812 
f 4812 4825 4826 4813 
f 4813 4826 4827 4814 
f 4814 4827 4828 4815 
f 4815 4828 4829 4816 
f 4816 4829 4830 4817 
f 4870 4831 4818 
f 4818 4831 4832 4819 
f 4819 4832 4833 4820 
f 4820 4833 4834 4821 
f 4821 4834 4835 4822 
f 4822 4835 4836 4823 
f 4823 4836 4837 4824 
f 4824 4837 4838 4825 
f 4825 4838 4839 4826 
f 4826 4839 4840 4827 
f 4827 4840 4841 4828 
f 4828 4841 4842 4829 
f 4829 4842 4843 4830 
f 4870 4844 4831 
f 4831 4844 4845 4832 
f 4832 4845 4846 4833 
f 4833 4846 4847 4834 
f 4834 4847 4848 4835 
f 4835 4848 4849 4836 
f 4836 4849 4850 4837 
f 4837 4850 4851 4838 
f 4838 4851 4852 4839 
f 4839 4852 4853 4840 
f 4840 4853 4854 4841 
f 4841 4854 4855 4842 
f 4842 4855 4856 4843 
f 4870 4857 4844 
f 4844 4857 4858 4845 
f 4845 4858 4859 4846 
f 4846 4859 4860 4847 
f 4847 4860 4861 4848 
f 4848 4861 4862 4849 
f 4849 4862 4863 4850 
f 4850 4863 4864 4851 
f 4851 4864 4865 4852 
f 4852 4865 4866 4853 
f 4853 4866 4867 4854 
f 4854 4867 4868 4855 
f 4855 4868 4869 4856 
f 4870 4871 4857 
f 4857 4871 4872 4858 
f 4858 4872 4873 4859 
f 4859 4873 4874 4860 
f 4860 4874 4875 4861 
f 4861 4875 4876 4862 
f 4862 4876 4877 4863 
f 4863 4877 4878 4864 
f 4864 4878 4879 4865 
f 4865 4879 4880 4866 
f 4866 4880 4881 4867 
f 4867 4881 4882 4868 
f 4868 4882 4883 4869 
f 4870 4467 4871 
f 4871 4467 4468 4872 
f 4872 4468 4469 4873 
f 4873 4469 4470 4874 
f 4874 4470 4471 4875 
f 4875 4471 4472 4876 
f 4876 4472 4473 4877 
f 4877 4473 4474 4878 
f 4878 4474 4475 4879 
f 4879 4475 4476 4880 
f 4880 4476 4477 4881 
f 4881 4477 4478 4882 
f 4882 4478 4479 4883 
s 2
f 4899 4884 4986 4980 
f 4885 4995 4986 4884 
f 4998 4995 4885 4886 
f 4949 4998 4886 4887 
f 4947 4949 4887 4888 
f 4889 4955 4947 4888 
f 4953 4955 4889 4890 
f 4959 4953 4890 4891 
f 4964 4959 4891 4892 
f 4893 4962 4964 4892 
f 4970 4962 4893 4894 
f 4968 4970 4894 4895 
f 4976 4968 4895 4896 
f 4974 4976 4896 4897 
f 4982 4974 4897 4898 
f 4980 4982 4898 4899 
s 1
f 4973 4983 5033 5031 
f 4991 4979 4985 4989 
f 5033 4983 4979 4991 
f 5037 4989 4985 4994 
f 5003 5037 4994 4997 
f 4950 5001 5003 4997 
f 4946 5007 5001 4950 
f 5010 5007 4946 4956 
f 5013 5010 4956 4952 
f 4958 5016 5013 4952 
f 5040 5016 4958 4965 
f 5021 5040 4965 4961 
f 5019 5021 4961 4971 
f 4967 5025 5019 4971 
f 5028 5025 4967 4977 
f 5031 5028 4977 4973 
s 2
f 4900 5030 5034 
f 4906 4988 5036 
f 4900 5034 4992 4906 
f 5036 5004 4904 4906 
f 5000 4904 5004 
f 5006 4905 4904 5000 
f 5009 4905 5006 
f 5015 4902 4905 5012 
f 5039 4902 5015 
f 5022 5018 4901 4902 
f 5024 4901 5018 
f 5027 4900 4901 5024 
s 1
f 4906 4918 4915 4900 
s 4
f 4900 4915 4903 4901 
s 1
f 4901 4903 4912 4902 
s 4
f 4902 4912 4909 4905 
s 1
f 4905 4909 4907 4904 
s 4
f 4904 4907 4918 4906 
s 2
f 4925 4909 4923 
f 4921 4912 4908 
f 4921 4910 4909 4912 
f 4903 4913 4930 
f 4915 4929 4913 4903 
f 4915 4914 4929 
f 4918 4917 4916 
f 4907 4926 4917 4918 
f 4907 4919 4926 
s 1
f 4911 4934 4920 4908 
f 4922 4921 4908 4920 
f 4922 4943 4910 4921 
f 4924 4923 4910 4943 
f 4942 4925 4923 4924 
f 4941 4919 4925 4942 
f 4940 4926 4919 4941 
f 4939 4917 4926 4940 
f 4938 4916 4917 4939 
f 4928 4927 4916 4938 
f 4937 4914 4927 4928 
f 4936 4929 4914 4937 
f 4935 4913 4929 4936 
f 4931 4930 4913 4935 
f 4933 4932 4930 4931 
f 4934 4911 4932 4933 
s 2
f 5039 5022 4902 
f 5009 5012 4905 
f 4906 4992 4988 
f 4900 5027 5030 
f 4918 4927 4914 4915 
f 4918 4916 4927 
f 4907 4909 4925 4919 
f 4910 4923 4909 
f 4912 4911 4908 
f 4903 4932 4911 4912 
f 4903 4930 4932 
s off
f 4922 4920 4944 
f 4942 4924 4944 
f 4937 4928 4944 
f 4931 4935 4944 
f 4933 4931 4944 
f 4920 4934 4944 
f 4934 4933 4944 
f 4935 4936 4944 
f 4936 4937 4944 
f 4928 4938 4944 
f 4938 4939 4944 
f 4939 4940 4944 
f 4940 4941 4944 
f 4941 4942 4944 
f 4924 4943 4944 
f 4943 4922 4944 
s 2
f 4980 4986 4984 4978 
f 4986 4995 4993 4984 
f 4995 4998 4996 4993 
f 4998 4949 4948 4996 
f 4949 4947 4945 4948 
f 4947 4955 4954 4945 
f 4955 4953 4951 4954 
f 4953 4959 4957 4951 
f 4959 4964 4963 4957 
f 4964 4962 4960 4963 
f 4962 4970 4969 4960 
f 4970 4968 4966 4969 
f 4968 4976 4975 4966 
f 4976 4974 4972 4975 
f 4974 4982 4981 4972 
f 4982 4980 4978 4981 
s 1
f 4983 4973 4972 4981 
f 5031 5033 5032 5029 
f 4991 4989 4987 4990 
f 4985 4979 4978 4984 
f 5033 4991 4990 5032 
f 4979 4983 4981 4978 
f 4989 5037 5035 4987 
f 4994 4985 4984 4993 
f 5037 5003 5002 5035 
f 4997 4994 4993 4996 
f 4950 4997 4996 4948 
f 5003 5001 4999 5002 
f 4946 4950 4948 4945 
f 5001 5007 5005 4999 
f 5007 5010 5008 5005 
f 4956 4946 4945 4954 
f 5010 5013 5011 5008 
f 4952 4956 4954 4951 
f 4958 4952 4951 4957 
f 5013 5016 5014 5011 
f 5016 5040 5038 5014 
f 4965 4958 4957 4963 
f 5040 5021 5020 5038 
f 4961 4965 4963 4960 
f 5021 5019 5017 5020 
f 4971 4961 4960 4969 
f 4967 4971 4969 4966 
f 5019 5025 5023 5017 
f 5025 5028 5026 5023 
f 4977 4967 4966 4975 
f 5028 5031 5029 5026 
f 4973 4977 4975 4972 
s 2
f 5034 5030 5029 5032 
f 5036 4988 4987 5035 
f 4992 5034 5032 4990 
f 5004 5036 5035 5002 
f 5000 5004 5002 4999 
f 5006 5000 4999 5005 
f 5009 5006 5005 5008 
f 5015 5012 5011 5014 
f 5039 5015 5014 5038 
f 5018 5022 5020 5017 
f 5024 5018 5017 5023 
f 5027 5024 5023 5026 
f 5022 5039 5038 5020 
f 5012 5009 5008 5011 
f 4988 4992 4990 4987 
f 5030 5027 5026 5029 
s 1
f 3670 3668 5042 5041 
f 3668 3669 5043 5042 
f 3669 3713 5044 5043 
f 3713 3711 5045 5044 
f 3711 3710 5046 5045 
f 3710 3709 5047 5046 
f 3709 3707 5048 5047 
f 3707 3706 5049 5048 
f 3706 3705 5050 5049 
f 3705 3704 5051 5050 
f 3704 3702 5052 5051 
f 3702 3700 5053 5052 
f 3700 3699 5054 5053 
f 3699 3698 5055 5054 
f 3698 3696 5056 5055 
f 3696 3694 5057 5056 
f 3694 3692 5058 5057 
f 3692 3690 5059 5058 
f 3690 3689 5060 5059 
f 3689 3688 5061 5060 
f 3688 3686 5062 5061 
f 3686 3684 5063 5062 
f 3684 3683 5064 5063 
f 3683 3682 5065 5064 
f 3682 3681 5066 5065 
f 3681 3679 5067 5066 
f 3679 3677 5068 5067 
f 3677 3676 5069 5068 
f 3676 3675 5070 5069 
f 3675 3673 5071 5070 
f 3673 3672 5072 5071 
f 3672 3670 5041 5072 
f 5041 5042 5073 
f 5042 5043 5073 
f 5043 5044 5073 
f 5044 5045 5073 
f 5045 5046 5073 
f 5046 5047 5073 
f 5047 5048 5073 
f 5048 5049 5073 
f 5049 5050 5073 
f 5050 5051 5073 
f 5051 5052 5073 
f 5052 5053 5073 
f 5053 5054 5073 
f 5054 5055 5073 
f 5055 5056 5073 
f 5056 5057 5073 
f 5057 5058 5073 
f 5058 5059 5073 
f 5059 5060 5073 
f 5060 5061 5073 
f 5061 5062 5073 
f 5062 5063 5073 
f 5063 5064 5073 
f 5064 5065 5073 
f 5065 5066 5073 
f 5066 5067 5073 
f 5067 5068 5073 
f 5068 5069 5073 
f 5069 5070 5073 
f 5070 5071 5073 
f 5071 5072 5073 
f 5072 5041 5073 
f 5078 5076 5074 5077 
f 5081 5078 5077 5080 
f 5084 5081 5080 5083 
f 5087 5084 5083 5086 
f 5090 5087 5086 5089 
f 5093 5090 5089 5092 
f 5096 5093 5092 5095 
f 5099 5096 5095 5098 
f 5102 5099 5098 5101 
f 5105 5102 5101 5104 
f 5108 5105 5104 5107 
f 5111 5108 5107 5110 
f 5114 5111 5110 5113 
f 5117 5114 5113 5116 
f 5120 5117 5116 5119 
f 5123 5120 5119 5122 
f 5126 5123 5122 5125 
f 5129 5126 5125 5128 
f 5132 5129 5128 5131 
f 5135 5132 5131 5134 
f 5138 5135 5134 5137 
f 5141 5138 5137 5140 
f 5144 5141 5140 5143 
f 5147 5144 5143 5146 
f 5150 5147 5146 5149 
f 5153 5150 5149 5152 
f 5156 5153 5152 5155 
f 5159 5156 5155 5158 
f 5162 5159 5158 5161 
f 5165 5162 5161 5164 
f 5168 5165 5164 5167 
f 5076 5168 5167 5074 
f 5075 5079 5077 5074 
f 5079 5082 5080 5077 
f 5082 5085 5083 5080 
f 5085 5088 5086 5083 
f 5088 5091 5089 5086 
f 5091 5094 5092 5089 
f 5094 5097 5095 5092 
f 5097 5100 5098 5095 
f 5100 5103 5101 5098 
f 5103 5106 5104 5101 
f 5106 5109 5107 5104 
f 5109 5112 5110 5107 
f 5112 5115 5113 5110 
f 5115 5118 5116 5113 
f 5118 5121 5119 5116 
f 5121 5124 5122 5119 
f 5124 5127 5125 5122 
f 5127 5130 5128 5125 
f 5130 5133 5131 5128 
f 5133 5136 5134 5131 
f 5136 5139 5137 5134 
f 5139 5142 5140 5137 
f 5142 5145 5143 5140 
f 5145 5148 5146 5143 
f 5148 5151 5149 5146 
f 5151 5154 5152 5149 
f 5154 5157 5155 5152 
f 5157 5160 5158 5155 
f 5160 5163 5161 5158 
f 5163 5166 5164 5161 
f 5166 5169 5167 5164 
f 5169 5075 5074 5167 
f 5196 5195 5197 5198 
f 5196 5198 5170 5185 
f 5198 5199 5171 5170 
f 5201 5189 5172 5200 
f 5202 5173 5189 5201 
f 5203 5174 5173 5202 
f 5204 5175 5174 5203 
f 5205 5188 5175 5204 
f 5206 5176 5188 5205 
f 5207 5187 5176 5206 
f 5207 5208 5186 5187 
f 5208 5196 5185 5186 
f 5209 5195 5196 5208 
f 5210 5177 5195 5209 
f 5211 5178 5177 5210 
f 5212 5194 5178 5211 
f 5213 5179 5194 5212 
f 5214 5180 5179 5213 
f 5215 5193 5180 5214 
f 5216 5181 5193 5215 
f 5217 5182 5181 5216 
f 5218 5183 5182 5217 
f 5219 5184 5183 5218 
f 5220 5192 5184 5219 
f 5221 5191 5192 5220 
f 5222 5190 5191 5221 
f 5222 5186 5185 5190 
f 5223 5187 5186 5222 
f 5224 5176 5187 5223 
f 5224 5225 5188 5176 
f 5226 5175 5188 5225 
f 5226 5227 5174 5175 
f 5227 5228 5173 5174 
f 5228 5229 5189 5173 
f 5229 5230 5172 5189 
f 5232 5170 5171 5231 
f 5232 5190 5185 5170 
f 5232 5233 5191 5190 
f 5233 5234 5192 5191 
f 5234 5235 5184 5192 
f 5235 5236 5183 5184 
f 5237 5182 5183 5236 
f 5238 5181 5182 5237 
f 5238 5239 5193 5181 
f 5239 5240 5180 5193 
f 5240 5241 5179 5180 
f 5241 5242 5194 5179 
f 5243 5178 5194 5242 
f 5243 5244 5177 5178 
f 5244 5197 5195 5177 
f 5232 5231 5245 5233 
f 5230 5229 5247 5246 
f 5229 5228 5248 5247 
f 5228 5227 5249 5248 
f 5227 5226 5250 5249 
f 5226 5225 5251 5250 
f 5225 5224 5252 5251 
f 5224 5223 5253 5252 
f 5223 5222 5221 5253 
f 5233 5245 5254 5234 
f 5234 5254 5255 5235 
f 5246 5247 5257 5256 
f 5256 5257 5259 5258 
f 5247 5248 5260 5257 
f 5248 5249 5261 5260 
f 5257 5260 5262 5259 
f 5260 5261 5263 5262 
f 5249 5250 5264 5261 
f 5250 5251 5265 5264 
f 5261 5264 5266 5263 
f 5264 5265 5267 5266 
f 5251 5252 5268 5265 
f 5252 5253 5269 5268 
f 5265 5268 5270 5267 
f 5268 5269 5271 5270 
f 5253 5221 5220 5269 
f 5269 5220 5219 5271 
f 5235 5255 5272 5236 
f 5236 5272 5273 5237 
f 5258 5259 5275 5274 
f 5274 5275 5277 5276 
f 5259 5262 5278 5275 
f 5262 5263 5279 5278 
f 5275 5278 5280 5277 
f 5278 5279 5281 5280 
f 5263 5266 5282 5279 
f 5266 5267 5283 5282 
f 5279 5282 5284 5281 
f 5282 5283 5285 5284 
f 5267 5270 5286 5283 
f 5270 5271 5287 5286 
f 5283 5286 5288 5285 
f 5286 5287 5289 5288 
f 5271 5219 5218 5287 
f 5287 5218 5217 5289 
f 5237 5273 5290 5238 
f 5238 5290 5291 5239 
f 5276 5277 5293 5292 
f 5292 5293 5295 5294 
f 5277 5280 5296 5293 
f 5280 5281 5297 5296 
f 5293 5296 5298 5295 
f 5296 5297 5299 5298 
f 5281 5284 5300 5297 
f 5284 5285 5301 5300 
f 5297 5300 5302 5299 
f 5300 5301 5303 5302 
f 5285 5288 5304 5301 
f 5288 5289 5305 5304 
f 5301 5304 5306 5303 
f 5304 5305 5307 5306 
f 5289 5217 5216 5305 
f 5305 5216 5215 5307 
f 5239 5291 5308 5240 
f 5240 5308 5309 5241 
f 5294 5295 5311 5310 
f 5310 5311 5313 5312 
f 5295 5298 5314 5311 
f 5298 5299 5315 5314 
f 5311 5314 5316 5313 
f 5314 5315 5317 5316 
f 5299 5302 5318 5315 
f 5302 5303 5319 5318 
f 5315 5318 5320 5317 
f 5318 5319 5321 5320 
f 5303 5306 5322 5319 
f 5306 5307 5323 5322 
f 5319 5322 5324 5321 
f 5322 5323 5325 5324 
f 5307 5215 5214 5323 
f 5323 5214 5213 5325 
f 5241 5309 5326 5242 
f 5242 5326 5327 5243 
f 5312 5313 5329 5328 
f 5328 5329 5331 5330 
f 5313 5316 5332 5329 
f 5316 5317 5333 5332 
f 5329 5332 5334 5331 
f 5332 5333 5335 5334 
f 5317 5320 5336 5333 
f 5320 5321 5337 5336 
f 5333 5336 5338 5335 
f 5336 5337 5339 5338 
f 5321 5324 5340 5337 
f 5324 5325 5341 5340 
f 5337 5340 5342 5339 
f 5340 5341 5343 5342 
f 5325 5213 5212 5341 
f 5341 5212 5211 5343 
f 5243 5327 5344 5244 
f 5244 5344 5345 5197 
f 5330 5331 5347 5346 
f 5346 5347 5349 5348 
f 5331 5334 5350 5347 
f 5334 5335 5351 5350 
f 5347 5350 5352 5349 
f 5350 5351 5353 5352 
f 5335 5338 5354 5351 
f 5338 5339 5355 5354 
f 5351 5354 5356 5353 
f 5354 5355 5357 5356 
f 5339 5342 5358 5355 
f 5342 5343 5359 5358 
f 5355 5358 5360 5357 
f 5358 5359 5361 5360 
f 5343 5211 5210 5359 
f 5359 5210 5209 5361 
f 5197 5345 5199 5198 
f 5348 5349 5201 5200 
f 5349 5352 5202 5201 
f 5352 5353 5203 5202 
f 5353 5356 5204 5203 
f 5356 5357 5205 5204 
f 5357 5360 5206 5205 
f 5360 5361 5207 5206 
f 5361 5209 5208 5207 
f 5396 5397 5384 5373 
f 5384 5385 5374 5373 
f 5375 5374 5385 5386 
f 5375 5386 5387 5376 
f 5376 5387 5388 5377 
f 5377 5388 5389 5378 
f 5378 5389 5390 5379 
f 5379 5390 5391 5380 
f 5380 5391 5392 5381 
f 5382 5381 5392 5393 
f 5383 5382 5393 5394 
f 5397 5395 5362 5384 
f 5384 5362 5363 5385 
f 5385 5363 5364 5386 
f 5386 5364 5365 5387 
f 5387 5365 5366 5388 
f 5388 5366 5367 5389 
f 5389 5367 5368 5390 
f 5390 5368 5369 5391 
f 5391 5369 5370 5392 
f 5392 5370 5371 5393 
f 5393 5371 5372 5394 
f 5372 5515 5517 5394 
f 5399 5398 5395 5397 
f 5400 5399 5397 5396 
f 5362 5395 5412 5401 
f 5363 5362 5401 5402 
f 5364 5363 5402 5403 
f 5365 5364 5403 5404 
f 5366 5365 5404 5405 
f 5367 5366 5405 5406 
f 5368 5367 5406 5407 
f 5369 5368 5407 5408 
f 5370 5369 5408 5409 
f 5371 5370 5409 5410 
f 5372 5371 5410 5411 
f 5395 5398 5413 
f 5395 5413 5478 5412 
f 5398 5452 5451 5413 
f 5399 5453 5452 5398 
f 5399 5400 5453 
f 5413 5451 5456 5421 
f 5419 5455 5454 5418 
f 5418 5454 5456 5422 
f 5457 5455 5419 5423 
f 5587 5458 5457 5423 
f 5427 5426 5587 5423 
f 5428 5427 5423 5419 
f 5429 5428 5419 5418 
f 5430 5429 5418 5422 
f 5431 5430 5422 5414 
f 5432 5431 5414 5415 
f 5433 5432 5415 5416 
f 5434 5433 5416 5400 
f 5426 5427 5443 5600 
f 5427 5428 5444 5443 
f 5428 5429 5445 5444 
f 5430 5446 5445 5429 
f 5431 5447 5446 5430 
f 5432 5448 5447 5431 
f 5432 5433 5449 5448 
f 5433 5434 5450 5449 
f 5435 5609 5600 5443 
f 5436 5435 5443 5444 
f 5437 5436 5444 5445 
f 5446 5438 5437 5445 
f 5447 5439 5438 5446 
f 5440 5439 5447 5448 
f 5449 5441 5440 5448 
f 5450 5442 5441 5449 
f 5415 5414 5451 5452 
f 5416 5415 5452 5453 
f 5451 5414 5422 5456 
f 5455 5420 5417 5454 
f 5454 5417 5421 5456 
f 5424 5420 5455 5457 
f 5425 5424 5457 5458 
f 5400 5416 5453 
f 5620 5518 5441 5442 
f 5459 5622 5609 5435 
f 5460 5459 5435 5436 
f 5461 5460 5436 5437 
f 5462 5461 5437 5438 
f 5463 5462 5438 5439 
f 5440 5464 5465 
f 5439 5440 5465 5463 
f 5464 5440 5441 5466 
s 4
f 5468 5467 5622 5459 
f 5469 5468 5459 5460 
f 5470 5469 5460 5461 
f 5471 5470 5461 5462 
f 5472 5471 5462 5463 
f 5473 5472 5463 5465 
f 5475 5473 5465 5464 
s 2
f 5637 5474 5466 5518 
f 5464 5466 5474 
s 4
f 5476 5475 5464 5474 
f 5477 5476 5474 5637 
s 1
f 5421 5417 5479 5481 
f 5417 5420 5480 5479 
f 5413 5421 5481 5478 
f 5420 5424 5482 5480 
f 5424 5425 5644 5482 
f 5410 5499 5498 5411 
f 5409 5500 5499 5410 
f 5408 5501 5500 5409 
f 5407 5502 5501 5408 
f 5406 5503 5502 5407 
f 5405 5504 5503 5406 
f 5404 5505 5504 5405 
f 5404 5403 5506 5505 
f 5402 5507 5506 5403 
f 5401 5508 5507 5402 
f 5401 5412 5509 5508 
f 5478 5510 5509 5412 
f 5481 5511 5510 5478 
f 5481 5479 5512 5511 
f 5479 5480 5513 5512 
f 5480 5482 5514 5513 
f 5644 5662 5514 5482 
f 5483 5519 5521 5498 
f 5499 5484 5483 5498 
f 5500 5485 5484 5499 
f 5501 5486 5485 5500 
f 5502 5487 5486 5501 
f 5503 5488 5487 5502 
f 5489 5488 5503 5504 
f 5490 5489 5504 5505 
f 5491 5490 5505 5506 
f 5507 5492 5491 5506 
f 5508 5493 5492 5507 
f 5494 5493 5508 5509 
f 5510 5495 5494 5509 
f 5511 5495 5510 
f 5512 5495 5511 
f 5496 5495 5512 5513 
f 5497 5496 5513 5514 
f 5383 5394 5517 5516 
f 5372 5411 5678 5515 
f 5466 5441 5518 
f 5411 5498 5521 5678 
f 5497 5514 5662 5520 
f 5523 5522 5525 5524 
f 5525 5522 5527 5526 
f 5528 5529 5526 5527 
f 5528 5530 5531 5529 
f 5530 5532 5533 5531 
f 5532 5534 5535 5533 
f 5534 5536 5537 5535 
f 5536 5538 5539 5537 
f 5538 5540 5541 5539 
f 5542 5543 5541 5540 
f 5544 5545 5543 5542 
f 5524 5525 5547 5546 
f 5525 5526 5548 5547 
f 5526 5529 5549 5548 
f 5529 5531 5550 5549 
f 5531 5533 5551 5550 
f 5533 5535 5552 5551 
f 5535 5537 5553 5552 
f 5537 5539 5554 5553 
f 5539 5541 5555 5554 
f 5541 5543 5556 5555 
f 5543 5545 5557 5556 
f 5557 5545 5517 5515 
f 5558 5524 5546 5559 
f 5560 5523 5524 5558 
f 5547 5562 5561 5546 
f 5548 5563 5562 5547 
f 5549 5564 5563 5548 
f 5550 5565 5564 5549 
f 5551 5566 5565 5550 
f 5552 5567 5566 5551 
f 5553 5568 5567 5552 
f 5554 5569 5568 5553 
f 5555 5570 5569 5554 
f 5556 5571 5570 5555 
f 5557 5572 5571 5556 
f 5546 5573 5559 
f 5546 5561 5574 5573 
f 5559 5573 5576 5575 
f 5558 5559 5575 5577 
f 5558 5577 5560 
f 5573 5579 5578 5576 
f 5580 5583 5582 5581 
f 5583 5584 5578 5582 
f 5586 5585 5580 5581 
f 5587 5585 5586 5458 
f 5588 5585 5587 5426 
f 5589 5580 5585 5588 
f 5590 5583 5580 5589 
f 5591 5584 5583 5590 
f 5593 5592 5584 5591 
f 5595 5594 5592 5593 
f 5597 5596 5594 5595 
f 5598 5560 5596 5597 
f 5426 5600 5599 5588 
f 5588 5599 5601 5589 
f 5589 5601 5602 5590 
f 5591 5590 5602 5603 
f 5593 5591 5603 5604 
f 5595 5593 5604 5605 
f 5595 5605 5606 5597 
f 5597 5606 5607 5598 
f 5608 5599 5600 5609 
f 5610 5601 5599 5608 
f 5611 5602 5601 5610 
f 5603 5602 5611 5612 
f 5604 5603 5612 5613 
f 5614 5605 5604 5613 
f 5606 5605 5614 5615 
f 5607 5606 5615 5616 
f 5594 5575 5576 5592 
f 5596 5577 5575 5594 
f 5576 5578 5584 5592 
f 5581 5582 5618 5617 
f 5582 5578 5579 5618 
f 5619 5586 5581 5617 
f 5425 5458 5586 5619 
f 5560 5577 5596 
f 5620 5616 5615 5518 
f 5621 5608 5609 5622 
f 5623 5610 5608 5621 
f 5624 5611 5610 5623 
f 5625 5612 5611 5624 
f 5626 5613 5612 5625 
f 5614 5628 5627 
f 5613 5626 5628 5614 
f 5627 5629 5615 5614 
s 4
f 5630 5621 5622 5467 
f 5631 5623 5621 5630 
f 5632 5624 5623 5631 
f 5633 5625 5624 5632 
f 5634 5626 5625 5633 
f 5635 5628 5626 5634 
f 5636 5627 5628 5635 
s 2
f 5637 5518 5629 5638 
f 5627 5638 5629 
s 4
f 5639 5638 5627 5636 
f 5477 5637 5638 5639 
s 1
f 5579 5641 5640 5618 
f 5618 5640 5642 5617 
f 5573 5574 5641 5579 
f 5617 5642 5643 5619 
f 5619 5643 5644 5425 
f 5571 5572 5646 5645 
f 5570 5571 5645 5647 
f 5569 5570 5647 5648 
f 5568 5569 5648 5649 
f 5567 5568 5649 5650 
f 5566 5567 5650 5651 
f 5565 5566 5651 5652 
f 5565 5652 5653 5564 
f 5563 5564 5653 5654 
f 5562 5563 5654 5655 
f 5562 5655 5656 5561 
f 5574 5561 5656 5657 
f 5641 5574 5657 5658 
f 5641 5658 5659 5640 
f 5640 5659 5660 5642 
f 5642 5660 5661 5643 
f 5644 5643 5661 5662 
f 5663 5646 5521 5519 
f 5645 5646 5663 5664 
f 5647 5645 5664 5665 
f 5648 5647 5665 5666 
f 5649 5648 5666 5667 
f 5650 5649 5667 5668 
f 5669 5651 5650 5668 
f 5670 5652 5651 5669 
f 5671 5653 5652 5670 
f 5654 5653 5671 5672 
f 5655 5654 5672 5673 
f 5674 5656 5655 5673 
f 5657 5656 5674 5675 
f 5658 5657 5675 
f 5659 5658 5675 
f 5676 5660 5659 5675 
f 5677 5661 5660 5676 
f 5544 5516 5517 5545 
f 5557 5515 5678 5572 
f 5518 5615 5629 
f 5572 5678 5521 5646 
f 5677 5520 5662 5661 
f 5519 5483 5679 
f 5483 5484 5679 
f 5484 5485 5679 
f 5485 5486 5679 
f 5486 5487 5679 
f 5487 5488 5679 
f 5488 5489 5679 
f 5489 5490 5679 
f 5490 5491 5679 
f 5491 5492 5679 
f 5492 5493 5679 
f 5493 5494 5679 
f 5494 5495 5679 
f 5495 5496 5679 
f 5496 5497 5679 
f 5497 5520 5679 
f 5663 5519 5679 
f 5664 5663 5679 
f 5665 5664 5679 
f 5666 5665 5679 
f 5667 5666 5679 
f 5668 5667 5679 
f 5669 5668 5679 
f 5670 5669 5679 
f 5671 5670 5679 
f 5672 5671 5679 
f 5673 5672 5679 
f 5674 5673 5679 
f 5675 5674 5679 
f 5676 5675 5679 
f 5677 5676 5679 
f 5520 5677 5679 
f 6010 7405 7422 6052 
f 5991 6053 7490 7472 
f 5992 6054 6055 5993 
f 5682 6012 6056 6055 
f 6012 5683 6057 6056 
f 5683 5684 6058 6057 
f 5684 6013 6059 6058 
f 6013 6014 6060 6059 
f 6014 5685 6061 6060 
f 5685 5686 6062 6061 
f 5686 6015 6063 6062 
f 6015 6016 6064 6063 
f 6016 5687 6065 6064 
f 5687 8604 8606 6065 
f 6017 6066 8605 8603 
f 6017 6018 6067 6066 
f 6018 6019 6068 6067 
f 6019 5688 6069 6068 
f 5689 7407 7423 6070 
f 5690 7475 7491 6071 
f 5691 5692 6073 6072 
f 5692 5693 6074 6073 
f 5693 5694 6075 6074 
f 5694 5695 6076 6075 
f 5695 5696 6077 6076 
f 5696 5697 6078 6077 
f 5697 5698 6079 6078 
f 5698 5699 6080 6079 
f 5699 5700 6081 6080 
f 5700 5701 6082 6081 
f 5701 5702 6083 6082 
f 5702 8608 8610 6083 
f 5703 6084 8609 8607 
f 5703 5704 6085 6084 
f 5704 5705 6086 6085 
f 5705 5706 6087 6086 
f 6040 7293 7292 6041 
f 5707 7406 7424 6088 
f 5708 7474 7492 6089 
f 5709 5710 6091 6090 
f 5710 5711 6092 6091 
f 5711 5712 6093 6092 
f 5712 5713 6094 6093 
f 5713 5714 6095 6094 
f 5714 5715 6096 6095 
f 5715 5716 6097 6096 
f 5716 5717 6098 6097 
f 5717 5718 6099 6098 
f 5718 5719 6100 6099 
f 5719 5720 6101 6100 
f 5720 8612 8614 6101 
f 5721 6102 8613 8611 
f 5721 5722 6103 6102 
f 5722 5723 6104 6103 
f 5723 5724 6105 6104 
f 7295 6027 7296 
f 5725 7408 7425 6106 
f 5726 7476 7493 6107 
f 5727 5728 6109 6108 
f 5728 5729 6110 6109 
f 5729 5730 6111 6110 
f 5730 5731 6112 6111 
f 5731 5732 6113 6112 
f 5732 5733 6114 6113 
f 5733 5734 6115 6114 
f 5734 5735 6116 6115 
f 5735 5736 6117 6116 
f 5736 5737 6118 6117 
f 5737 5738 6119 6118 
f 5738 8616 8618 6119 
f 5739 6120 8617 8615 
f 5739 5740 6121 6120 
f 5740 5741 6122 6121 
f 5741 5742 6123 6122 
f 7296 6027 6028 7297 
f 5743 7409 7426 6124 
f 5744 7477 7494 6125 
f 5745 5746 6127 6126 
f 5746 5747 6128 6127 
f 5747 5748 6129 6128 
f 5748 5749 6130 6129 
f 5749 5750 6131 6130 
f 5750 5751 6132 6131 
f 5751 5752 6133 6132 
f 5752 5753 6134 6133 
f 5753 5754 6135 6134 
f 5754 5755 6136 6135 
f 5755 5756 6137 6136 
f 5756 8620 8622 6137 
f 5757 6138 8621 8619 
f 5757 5758 6139 6138 
f 5758 5759 6140 6139 
f 5759 5760 6141 6140 
f 7297 6028 6029 7298 
f 5761 7410 7427 6142 
f 5762 7478 7495 6143 
f 5763 5764 6145 6144 
f 5764 5765 6146 6145 
f 5765 5766 6147 6146 
f 5766 5767 6148 6147 
f 5767 5768 6149 6148 
f 5768 5769 6150 6149 
f 5769 5770 6151 6150 
f 5770 5771 6152 6151 
f 5771 5772 6153 6152 
f 5772 5773 6154 6153 
f 5773 5774 6155 6154 
f 5774 8624 8626 6155 
f 5775 6156 8625 8623 
f 5775 5776 6157 6156 
f 5776 5777 6158 6157 
f 5777 5778 6159 6158 
f 7298 6029 6030 7299 
f 5779 7411 7428 6160 
f 5780 7479 7496 6161 
f 5781 5782 6163 6162 
f 5782 5783 6164 6163 
f 5783 5784 6165 6164 
f 5784 5785 6166 6165 
f 5785 5786 6167 6166 
f 5786 5787 6168 6167 
f 5787 5788 6169 6168 
f 5788 5789 6170 6169 
f 5789 5790 6171 6170 
f 5790 5791 6172 6171 
f 5791 5792 6173 6172 
f 5792 8628 8630 6173 
f 5793 6174 8629 8627 
f 5793 5794 6175 6174 
f 5794 5795 6176 6175 
f 5795 5796 6177 6176 
f 7301 7300 6031 
f 5797 7412 7429 6178 
f 5798 7480 7497 6179 
f 5799 5800 6181 6180 
f 5800 5801 6182 6181 
f 5801 5802 6183 6182 
f 5802 5803 6184 6183 
f 5803 5804 6185 6184 
f 5804 5805 6186 6185 
f 5805 5806 6187 6186 
f 5806 5807 6188 6187 
f 5807 5808 6189 6188 
f 5808 5809 6190 6189 
f 5809 5810 6191 6190 
f 5810 8632 8634 6191 
f 5811 6192 8633 8631 
f 5811 5812 6193 6192 
f 5812 5813 6194 6193 
f 5813 5814 6195 6194 
f 7387 7386 6349 6047 
f 5976 7413 7430 6196 
f 5815 7481 7498 6197 
f 5816 5817 6199 6198 
f 5817 5818 6200 6199 
f 5818 5819 6201 6200 
f 5819 5820 6202 6201 
f 5820 5821 6203 6202 
f 5821 5822 6204 6203 
f 5822 5823 6205 6204 
f 5823 5824 6206 6205 
f 5824 5825 6207 6206 
f 5825 5826 6208 6207 
f 5826 5827 6209 6208 
f 5827 8636 8638 6209 
f 5828 6210 8637 8635 
f 5828 5829 6211 6210 
f 5829 5830 6212 6211 
f 5830 5831 6213 6212 
f 6033 7304 7303 6032 
f 5832 7414 7431 6214 
f 5833 7482 7499 6215 
f 5834 5835 6217 6216 
f 5835 5836 6218 6217 
f 5836 5837 6219 6218 
f 5837 5838 6220 6219 
f 5838 5839 6221 6220 
f 5839 5840 6222 6221 
f 5840 5841 6223 6222 
f 5841 5842 6224 6223 
f 5842 5843 6225 6224 
f 5843 5844 6226 6225 
f 5844 5845 6227 6226 
f 5845 8640 8642 6227 
f 5846 6228 8641 8639 
f 5846 5847 6229 6228 
f 5847 5848 6230 6229 
f 5848 5849 6231 6230 
f 6034 7305 7304 6033 
f 5850 7415 7432 6232 
f 5851 7483 7500 6233 
f 5852 5853 6235 6234 
f 5853 5854 6236 6235 
f 5854 5855 6237 6236 
f 5855 5856 6238 6237 
f 5856 5857 6239 6238 
f 5857 5858 6240 6239 
f 5858 5859 6241 6240 
f 5859 5860 6242 6241 
f 5860 5861 6243 6242 
f 5861 5862 6244 6243 
f 5862 5863 6245 6244 
f 5863 8644 8646 6245 
f 5864 6246 8645 8643 
f 5864 5865 6247 6246 
f 5865 5866 6248 6247 
f 5866 5867 6249 6248 
f 6035 7306 7305 6034 
f 5868 7416 7433 6250 
f 5869 7484 7501 6251 
f 5870 5871 6253 6252 
f 5871 5872 6254 6253 
f 5872 5873 6255 6254 
f 5873 5874 6256 6255 
f 5874 5875 6257 6256 
f 5875 5876 6258 6257 
f 5876 5877 6259 6258 
f 5877 5878 6260 6259 
f 5878 5879 6261 6260 
f 5879 5880 6262 6261 
f 5880 5881 6263 6262 
f 5881 8648 8650 6263 
f 5882 6264 8649 8647 
f 5882 5883 6265 6264 
f 5883 5884 6266 6265 
f 5884 5885 6267 6266 
f 6036 7307 7306 6035 
f 5886 7417 7434 6268 
f 5887 7485 7502 6269 
f 5888 5889 6271 6270 
f 5889 5890 6272 6271 
f 5890 5891 6273 6272 
f 5891 5892 6274 6273 
f 5892 5893 6275 6274 
f 5893 5894 6276 6275 
f 5894 5895 6277 6276 
f 5895 5896 6278 6277 
f 5896 5897 6279 6278 
f 5897 5898 6280 6279 
f 5898 5899 6281 6280 
f 5899 8652 8654 6281 
f 5900 6282 8653 8651 
f 5900 5901 6283 6282 
f 5901 5902 6284 6283 
f 5902 5903 6285 6284 
f 6037 7308 7307 6036 
f 5904 7418 7435 6286 
f 5905 7486 7503 6287 
f 5906 5907 6289 6288 
f 5907 5908 6290 6289 
f 5908 5909 6291 6290 
f 5909 5910 6292 6291 
f 5910 5911 6293 6292 
f 5911 5912 6294 6293 
f 5912 5913 6295 6294 
f 5913 5914 6296 6295 
f 5914 5915 6297 6296 
f 5915 5916 6298 6297 
f 5916 5917 6299 6298 
f 5917 8656 8658 6299 
f 5918 6300 8657 8655 
f 5918 5919 6301 6300 
f 5919 5920 6302 6301 
f 5920 5921 6303 6302 
f 6038 7309 7308 6037 
f 5922 7419 7436 6304 
f 5923 7487 7504 6305 
f 5924 5925 6307 6306 
f 5925 5926 6308 6307 
f 5926 5927 6309 6308 
f 5927 5928 6310 6309 
f 5928 5929 6311 6310 
f 5929 5930 6312 6311 
f 5930 5931 6313 6312 
f 5931 5932 6314 6313 
f 5932 5933 6315 6314 
f 5933 5934 6316 6315 
f 5934 5935 6317 6316 
f 5935 8660 8662 6317 
f 5936 6318 8661 8659 
f 5936 5937 6319 6318 
f 5937 5938 6320 6319 
f 5938 5939 6321 6320 
f 6039 7310 7309 6038 
f 5940 7420 7437 6322 
f 5941 7488 7505 6323 
f 5942 5943 6325 6324 
f 5943 5944 6326 6325 
f 5944 5945 6327 6326 
f 5945 5946 6328 6327 
f 5946 5947 6329 6328 
f 5947 5948 6330 6329 
f 5948 5949 6331 6330 
f 5949 5950 6332 6331 
f 5950 5951 6333 6332 
f 5951 5952 6334 6333 
f 5952 5953 6335 6334 
f 5953 8664 8666 6335 
f 5954 6336 8665 8663 
f 5954 5955 6337 6336 
f 5955 5956 6338 6337 
f 5956 5957 6339 6338 
f 7293 6040 6027 7294 
f 7294 6027 7295 
f 6042 7334 7333 6506 
f 6041 7292 7335 6355 
f 7403 7694 7693 7336 
f 6044 6354 7400 7399 
f 6041 6355 6357 6358 
f 6042 7707 7706 
f 6042 6506 7708 7707 
f 5990 7404 7438 6340 
f 5690 6341 7506 7475 
f 5691 6342 6343 5692 
f 6028 6027 6360 6361 
f 6029 6028 6361 6362 
f 6030 6029 6362 6363 
f 6031 6030 6363 6364 
f 7302 6031 6032 7303 
f 6033 6032 6365 6366 
f 6034 6033 6366 6367 
f 6035 6034 6367 6368 
f 6036 6035 6368 6369 
f 6037 6036 6369 6370 
f 6038 6037 6370 6371 
f 6039 6038 6371 6372 
f 6027 6040 6359 6360 
f 6040 6041 6358 6359 
f 6047 6349 6365 6364 
f 6347 7394 7393 
f 6046 6347 7392 7391 
f 6348 7390 7389 
f 6047 6348 7388 7387 
f 6048 6349 7384 7383 
f 6350 7382 7381 
f 6049 6350 7380 7379 
f 6351 7378 7377 
f 6050 6351 7376 7375 
f 6352 7374 7373 
f 6051 6352 7372 7371 
f 6045 6353 7396 7395 
f 6353 7398 7397 
f 6052 7422 7404 5990 
f 6054 7490 7473 6011 
f 6055 6054 6011 5682 
f 6055 6056 5993 
f 6056 6057 5694 5693 
f 6057 6058 5695 5694 
f 6058 6059 5696 5695 
f 6059 6060 5697 5696 
f 6060 6061 5698 5697 
f 6061 6062 5699 5698 
f 6062 6063 5700 5699 
f 6063 6064 5701 5700 
f 6064 6065 5702 5701 
f 6065 8606 8608 5702 
f 6066 5703 8607 8605 
f 6066 6067 5704 5703 
f 6067 6068 5705 5704 
f 6068 6069 5706 5705 
f 6070 7423 7406 5707 
f 6071 7491 7474 5708 
f 6072 6073 5710 5709 
f 6073 6074 5711 5710 
f 6074 6075 5712 5711 
f 6075 6076 5713 5712 
f 6076 6077 5714 5713 
f 6077 6078 5715 5714 
f 6078 6079 5716 5715 
f 6079 6080 5717 5716 
f 6080 6081 5718 5717 
f 6081 6082 5719 5718 
f 6082 6083 5720 5719 
f 6083 8610 8612 5720 
f 6084 5721 8611 8609 
f 6084 6085 5722 5721 
f 6085 6086 5723 5722 
f 6086 6087 5724 5723 
f 6088 7424 7408 5725 
f 6089 7492 7476 5726 
f 6090 6091 5728 5727 
f 6091 6092 5729 5728 
f 6092 6093 5730 5729 
f 6093 6094 5731 5730 
f 6094 6095 5732 5731 
f 6095 6096 5733 5732 
f 6096 6097 5734 5733 
f 6097 6098 5735 5734 
f 6098 6099 5736 5735 
f 6099 6100 5737 5736 
f 6100 6101 5738 5737 
f 6101 8614 8616 5738 
f 6102 5739 8615 8613 
f 6102 6103 5740 5739 
f 6103 6104 5741 5740 
f 6104 6105 5742 5741 
f 6106 7425 7409 5743 
f 6107 7493 7477 5744 
f 6108 6109 5746 5745 
f 6109 6110 5747 5746 
f 6110 6111 5748 5747 
f 6111 6112 5749 5748 
f 6112 6113 5750 5749 
f 6113 6114 5751 5750 
f 6114 6115 5752 5751 
f 6115 6116 5753 5752 
f 6116 6117 5754 5753 
f 6117 6118 5755 5754 
f 6118 6119 5756 5755 
f 6119 8618 8620 5756 
f 6120 5757 8619 8617 
f 6120 6121 5758 5757 
f 6121 6122 5759 5758 
f 6122 6123 5760 5759 
f 6124 7426 7410 5761 
f 6125 7494 7478 5762 
f 6126 6127 5764 5763 
f 6127 6128 5765 5764 
f 6128 6129 5766 5765 
f 6129 6130 5767 5766 
f 6130 6131 5768 5767 
f 6131 6132 5769 5768 
f 6132 6133 5770 5769 
f 6133 6134 5771 5770 
f 6134 6135 5772 5771 
f 6135 6136 5773 5772 
f 6136 6137 5774 5773 
f 6137 8622 8624 5774 
f 6138 5775 8623 8621 
f 6138 6139 5776 5775 
f 6139 6140 5777 5776 
f 6140 6141 5778 5777 
f 6142 7427 7411 5779 
f 6143 7495 7479 5780 
f 6144 6145 5782 5781 
f 6145 6146 5783 5782 
f 6146 6147 5784 5783 
f 6147 6148 5785 5784 
f 6148 6149 5786 5785 
f 6149 6150 5787 5786 
f 6150 6151 5788 5787 
f 6151 6152 5789 5788 
f 6152 6153 5790 5789 
f 6153 6154 5791 5790 
f 6154 6155 5792 5791 
f 6155 8626 8628 5792 
f 6156 5793 8627 8625 
f 6156 6157 5794 5793 
f 6157 6158 5795 5794 
f 6158 6159 5796 5795 
f 6160 7428 7412 5797 
f 6161 7496 7480 5798 
f 6162 6163 5800 5799 
f 6163 6164 5801 5800 
f 6164 6165 5802 5801 
f 6165 6166 5803 5802 
f 6166 6167 5804 5803 
f 6167 6168 5805 5804 
f 6168 6169 5806 5805 
f 6169 6170 5807 5806 
f 6170 6171 5808 5807 
f 6171 6172 5809 5808 
f 6172 6173 5810 5809 
f 6173 8630 8632 5810 
f 6174 5811 8631 8629 
f 6174 6175 5812 5811 
f 6175 6176 5813 5812 
f 6176 6177 5814 5813 
f 6178 7429 7413 5976 
f 6179 7497 7481 5815 
f 6180 6181 5817 5816 
f 6181 6182 5818 5817 
f 6182 6183 5819 5818 
f 6183 6184 5820 5819 
f 6184 6185 5821 5820 
f 6185 6186 5822 5821 
f 6186 6187 5823 5822 
f 6187 6188 5824 5823 
f 6188 6189 5825 5824 
f 6189 6190 5826 5825 
f 6190 6191 5827 5826 
f 6191 8634 8636 5827 
f 6192 5828 8635 8633 
f 6192 6193 5829 5828 
f 6193 6194 5830 5829 
f 6194 6195 5831 5830 
f 6349 7386 7385 
f 6196 7430 7414 5832 
f 6197 7498 7482 5833 
f 6198 6199 5835 5834 
f 6199 6200 5836 5835 
f 6200 6201 5837 5836 
f 6201 6202 5838 5837 
f 6202 6203 5839 5838 
f 6203 6204 5840 5839 
f 6204 6205 5841 5840 
f 6205 6206 5842 5841 
f 6206 6207 5843 5842 
f 6207 6208 5844 5843 
f 6208 6209 5845 5844 
f 6209 8638 8640 5845 
f 6210 5846 8639 8637 
f 6210 6211 5847 5846 
f 6211 6212 5848 5847 
f 6212 6213 5849 5848 
f 6214 7431 7415 5850 
f 6215 7499 7483 5851 
f 6216 6217 5853 5852 
f 6217 6218 5854 5853 
f 6218 6219 5855 5854 
f 6219 6220 5856 5855 
f 6220 6221 5857 5856 
f 6221 6222 5858 5857 
f 6222 6223 5859 5858 
f 6223 6224 5860 5859 
f 6224 6225 5861 5860 
f 6225 6226 5862 5861 
f 6226 6227 5863 5862 
f 6227 8642 8644 5863 
f 6228 5864 8643 8641 
f 6228 6229 5865 5864 
f 6229 6230 5866 5865 
f 6230 6231 5867 5866 
f 6232 7432 7416 5868 
f 6233 7500 7484 5869 
f 6234 6235 5871 5870 
f 6235 6236 5872 5871 
f 6236 6237 5873 5872 
f 6237 6238 5874 5873 
f 6238 6239 5875 5874 
f 6239 6240 5876 5875 
f 6240 6241 5877 5876 
f 6241 6242 5878 5877 
f 6242 6243 5879 5878 
f 6243 6244 5880 5879 
f 6244 6245 5881 5880 
f 6245 8646 8648 5881 
f 6246 5882 8647 8645 
f 6246 6247 5883 5882 
f 6247 6248 5884 5883 
f 6248 6249 5885 5884 
f 6250 7433 7417 5886 
f 6251 7501 7485 5887 
f 6252 6253 5889 5888 
f 6253 6254 5890 5889 
f 6254 6255 5891 5890 
f 6255 6256 5892 5891 
f 6256 6257 5893 5892 
f 6257 6258 5894 5893 
f 6258 6259 5895 5894 
f 6259 6260 5896 5895 
f 6260 6261 5897 5896 
f 6261 6262 5898 5897 
f 6262 6263 5899 5898 
f 6263 8650 8652 5899 
f 6264 5900 8651 8649 
f 6264 6265 5901 5900 
f 6265 6266 5902 5901 
f 6266 6267 5903 5902 
f 6268 7434 7418 5904 
f 6269 7502 7486 5905 
f 6270 6271 5907 5906 
f 6271 6272 5908 5907 
f 6272 6273 5909 5908 
f 6273 6274 5910 5909 
f 6274 6275 5911 5910 
f 6275 6276 5912 5911 
f 6276 6277 5913 5912 
f 6277 6278 5914 5913 
f 6278 6279 5915 5914 
f 6279 6280 5916 5915 
f 6280 6281 5917 5916 
f 6281 8654 8656 5917 
f 6282 5918 8655 8653 
f 6282 6283 5919 5918 
f 6283 6284 5920 5919 
f 6284 6285 5921 5920 
f 6286 7435 7419 5922 
f 6287 7503 7487 5923 
f 6288 6289 5925 5924 
f 6289 6290 5926 5925 
f 6290 6291 5927 5926 
f 6291 6292 5928 5927 
f 6292 6293 5929 5928 
f 6293 6294 5930 5929 
f 6294 6295 5931 5930 
f 6295 6296 5932 5931 
f 6296 6297 5933 5932 
f 6297 6298 5934 5933 
f 6298 6299 5935 5934 
f 6299 8658 8660 5935 
f 6300 5936 8659 8657 
f 6300 6301 5937 5936 
f 6301 6302 5938 5937 
f 6302 6303 5939 5938 
f 6304 7436 7420 5940 
f 6305 7504 7488 5941 
f 6306 6307 5943 5942 
f 6307 6308 5944 5943 
f 6308 6309 5945 5944 
f 6309 6310 5946 5945 
f 6310 6311 5947 5946 
f 6311 6312 5948 5947 
f 6312 6313 5949 5948 
f 6313 6314 5950 5949 
f 6314 6315 5951 5950 
f 6315 6316 5952 5951 
f 6316 6317 5953 5952 
f 6317 8662 8664 5953 
f 6318 5954 8663 8661 
f 6318 6319 5955 5954 
f 6319 6320 5956 5955 
f 6320 6321 5957 5956 
f 6322 7437 7421 5978 
f 6323 7505 7489 5680 
f 6324 6325 5979 5681 
f 6325 6326 6020 5979 
f 6326 6327 6021 6020 
f 6327 6328 5980 6021 
f 6328 6329 5981 5980 
f 6329 6330 5982 5981 
f 6330 6331 5983 5982 
f 6331 6332 5984 5983 
f 6332 6333 5985 5984 
f 6333 6334 5986 5985 
f 6334 6335 5987 5986 
f 6335 8666 8668 5987 
f 6336 6022 8667 8665 
f 6336 6337 6023 6022 
f 6337 6338 5988 6023 
f 6338 6339 5989 5988 
f 6340 7438 7407 5689 
f 6342 7506 7472 5992 
f 6343 6342 5992 5993 
f 7394 6347 6045 7395 
f 7392 6347 7393 
f 7390 6348 6046 7391 
f 7388 6348 7389 
f 7384 6349 7385 
f 7382 6350 6048 7383 
f 7380 6350 7381 
f 7378 6351 6049 7379 
f 7376 6351 7377 
f 7374 6352 6050 7375 
f 7372 6352 7373 
f 7396 6353 7397 
f 7398 6353 6044 7399 
f 5993 6056 5693 6343 
f 6343 5693 5692 
f 7403 7695 7694 
f 7402 7696 7695 7403 
f 7402 7697 7696 
f 7401 7698 7697 7402 
f 7400 7699 7698 7401 
f 7400 6354 7700 7699 
f 6354 6357 7703 7702 
f 6355 6042 7706 7705 
f 6355 7335 7334 6042 
f 7700 6354 7701 
f 6354 7702 7701 
f 6358 6357 6354 6044 
f 6361 6360 6045 6347 
f 6362 6361 6347 6046 
f 6363 6362 6046 6348 
f 6364 6363 6348 6047 
f 6366 6365 6349 6048 
f 6367 6366 6048 6350 
f 6368 6367 6350 6049 
f 6369 6368 6049 6351 
f 6370 6369 6351 6050 
f 6371 6370 6050 6352 
f 6372 6371 6352 6051 
f 6360 6359 6353 6045 
f 6359 6358 6044 6353 
f 6364 6365 6032 6031 
f 7703 6357 6355 7704 
f 6355 7705 7704 
f 6031 7302 7301 
f 6031 7300 7299 6030 
f 5960 6464 6463 5959 
f 5962 6466 6477 5973 
f 5963 6467 6466 5962 
f 5964 6468 6467 5963 
f 5965 6469 6468 5964 
f 6373 6482 6469 5965 
f 5966 6470 6478 5974 
f 5967 6471 6470 5966 
f 5968 6472 6471 5967 
f 5969 6473 6472 5968 
f 5970 6474 6473 5969 
f 5971 6475 6474 5970 
f 5972 6476 6475 5971 
f 6024 6483 6476 5972 
f 5961 6465 6464 5960 
f 5958 6462 6508 6507 
f 6356 6481 6462 5958 
f 5973 6477 6465 5961 
f 5974 6478 6479 5975 
f 5959 6463 6481 6356 
f 5975 6479 6482 6373 
f 6397 6398 6443 6442 
f 6411 6400 6445 6456 
f 6400 6401 6446 6445 
f 6401 6402 6447 6446 
f 6402 6403 6448 6447 
f 6403 6417 6461 6448 
f 6412 6404 6449 6457 
f 6404 6405 6450 6449 
f 6405 6406 6451 6450 
f 6406 6407 6452 6451 
f 6407 6408 6453 6452 
f 6408 6409 6454 6453 
f 6409 6410 6455 6454 
f 6410 6414 6459 6455 
f 6398 6399 6444 6443 
f 6512 6511 6396 6441 
f 6396 6416 6460 6441 
f 6399 6411 6456 6444 
f 6413 6412 6457 6458 
f 6416 6397 6442 6460 
f 6417 6413 6458 6461 
f 6419 6420 6487 6486 
f 6433 6422 6489 6500 
f 6422 6423 6490 6489 
f 6423 6424 6491 6490 
f 6424 6425 6492 6491 
f 6425 6439 6505 6492 
f 6434 6426 6493 6501 
f 6426 6427 6494 6493 
f 6427 6428 6495 6494 
f 6428 6429 6496 6495 
f 6429 6430 6497 6496 
f 6430 6431 6498 6497 
f 6431 6432 6499 6498 
f 6432 6436 6484 6499 
f 6420 6421 6488 6487 
f 6510 6509 6418 6485 
f 6418 6438 6504 6485 
f 6421 6433 6500 6488 
f 6435 6434 6501 6502 
f 6438 6419 6486 6504 
f 6439 6435 6502 6505 
f 6442 6443 6376 6375 
f 6456 6445 6378 6389 
f 6445 6446 6379 6378 
f 6446 6447 6380 6379 
f 6447 6448 6381 6380 
f 6448 6461 6395 6381 
f 6457 6449 6382 6390 
f 6449 6450 6383 6382 
f 6450 6451 6384 6383 
f 6451 6452 6385 6384 
f 6452 6453 6386 6385 
f 6453 6454 6387 6386 
f 6454 6455 6388 6387 
f 6455 6459 6392 6388 
f 6443 6444 6377 6376 
f 6513 6512 6441 6374 
f 6441 6460 6394 6374 
f 6444 6456 6389 6377 
f 6458 6457 6390 6391 
f 6460 6442 6375 6394 
f 6461 6458 6391 6395 
f 6463 6464 6420 6419 
f 6477 6466 6422 6433 
f 6466 6467 6423 6422 
f 6467 6468 6424 6423 
f 6468 6469 6425 6424 
f 6469 6482 6439 6425 
f 6478 6470 6426 6434 
f 6470 6471 6427 6426 
f 6471 6472 6428 6427 
f 6472 6473 6429 6428 
f 6473 6474 6430 6429 
f 6474 6475 6431 6430 
f 6475 6476 6432 6431 
f 6476 6483 6436 6432 
f 6464 6465 6421 6420 
f 6509 6508 6462 6418 
f 6462 6481 6438 6418 
f 6465 6477 6433 6421 
f 6479 6478 6434 6435 
f 6481 6463 6419 6438 
f 6482 6479 6435 6439 
f 6486 6487 6398 6397 
f 6500 6489 6400 6411 
f 6489 6490 6401 6400 
f 6490 6491 6402 6401 
f 6491 6492 6403 6402 
f 6492 6505 6417 6403 
f 6501 6493 6404 6412 
f 6493 6494 6405 6404 
f 6494 6495 6406 6405 
f 6495 6496 6407 6406 
f 6496 6497 6408 6407 
f 6497 6498 6409 6408 
f 6498 6499 6410 6409 
f 6499 6484 6414 6410 
f 6487 6488 6399 6398 
f 6511 6510 6485 6396 
f 6485 6504 6416 6396 
f 6488 6500 6411 6399 
f 6502 6501 6412 6413 
f 6504 6486 6397 6416 
f 6505 6502 6413 6417 
f 7708 6506 6043 7709 
f 6506 7333 7332 6043 
f 6507 6508 6480 6025 
f 6508 6509 6437 6480 
f 6509 6510 6503 6437 
f 6510 6511 6415 6503 
f 6511 6512 6440 6415 
f 6512 6513 6393 6440 
f 6010 6843 7455 7405 
f 6803 7507 7523 6844 
f 6804 6805 6846 6845 
f 5682 6846 6847 6012 
f 6012 6847 6848 5683 
f 5683 6848 6849 5684 
f 5684 6849 6850 6013 
f 6013 6850 6851 6014 
f 6014 6851 6852 5685 
f 5685 6852 6853 5686 
f 5686 6853 6854 6015 
f 6015 6854 6855 6016 
f 6016 6855 6856 5687 
f 5687 6856 8670 8604 
f 8603 8669 6857 6017 
f 6017 6857 6858 6018 
f 6018 6858 6859 6019 
f 6019 6859 6860 5688 
f 6514 6861 7456 7441 
f 6515 6862 7524 7509 
f 6516 6863 6864 6517 
f 6517 6864 6865 6518 
f 6518 6865 6866 6519 
f 6519 6866 6867 6520 
f 6520 6867 6868 6521 
f 6521 6868 6869 6522 
f 6522 6869 6870 6523 
f 6523 6870 6871 6524 
f 6524 6871 6872 6525 
f 6525 6872 6873 6526 
f 6526 6873 6874 6527 
f 6527 6874 8672 8674 
f 8673 8671 6875 6528 
f 6528 6875 6876 6529 
f 6529 6876 6877 6530 
f 6530 6877 6878 6531 
f 7327 6833 6834 7328 
f 6532 6879 7457 7440 
f 6533 6880 7525 7508 
f 6534 6881 6882 6535 
f 6535 6882 6883 6536 
f 6536 6883 6884 6537 
f 6537 6884 6885 6538 
f 6538 6885 6886 6539 
f 6539 6886 6887 6540 
f 6540 6887 6888 6541 
f 6541 6888 6889 6542 
f 6542 6889 6890 6543 
f 6543 6890 6891 6544 
f 6544 6891 6892 6545 
f 6545 6892 8676 8678 
f 8677 8675 6893 6546 
f 6546 6893 6894 6547 
f 6547 6894 6895 6548 
f 6548 6895 6896 6549 
f 7325 7324 6821 
f 6550 6897 7458 7442 
f 6551 6898 7526 7510 
f 6552 6899 6900 6553 
f 6553 6900 6901 6554 
f 6554 6901 6902 6555 
f 6555 6902 6903 6556 
f 6556 6903 6904 6557 
f 6557 6904 6905 6558 
f 6558 6905 6906 6559 
f 6559 6906 6907 6560 
f 6560 6907 6908 6561 
f 6561 6908 6909 6562 
f 6562 6909 6910 6563 
f 6563 6910 8680 8682 
f 8681 8679 6911 6564 
f 6564 6911 6912 6565 
f 6565 6912 6913 6566 
f 6566 6913 6914 6567 
f 7324 7323 6822 6821 
f 6568 6915 7459 7443 
f 6569 6916 7527 7511 
f 6570 6917 6918 6571 
f 6571 6918 6919 6572 
f 6572 6919 6920 6573 
f 6573 6920 6921 6574 
f 6574 6921 6922 6575 
f 6575 6922 6923 6576 
f 6576 6923 6924 6577 
f 6577 6924 6925 6578 
f 6578 6925 6926 6579 
f 6579 6926 6927 6580 
f 6580 6927 6928 6581 
f 6581 6928 8684 8686 
f 8685 8683 6929 6582 
f 6582 6929 6930 6583 
f 6583 6930 6931 6584 
f 6584 6931 6932 6585 
f 7323 7322 6823 6822 
f 6586 6933 7460 7444 
f 6587 6934 7528 7512 
f 6588 6935 6936 6589 
f 6589 6936 6937 6590 
f 6590 6937 6938 6591 
f 6591 6938 6939 6592 
f 6592 6939 6940 6593 
f 6593 6940 6941 6594 
f 6594 6941 6942 6595 
f 6595 6942 6943 6596 
f 6596 6943 6944 6597 
f 6597 6944 6945 6598 
f 6598 6945 6946 6599 
f 6599 6946 8688 8690 
f 8689 8687 6947 6600 
f 6600 6947 6948 6601 
f 6601 6948 6949 6602 
f 6602 6949 6950 6603 
f 7322 7321 6824 6823 
f 6604 6951 7461 7445 
f 6605 6952 7529 7513 
f 6606 6953 6954 6607 
f 6607 6954 6955 6608 
f 6608 6955 6956 6609 
f 6609 6956 6957 6610 
f 6610 6957 6958 6611 
f 6611 6958 6959 6612 
f 6612 6959 6960 6613 
f 6613 6960 6961 6614 
f 6614 6961 6962 6615 
f 6615 6962 6963 6616 
f 6616 6963 6964 6617 
f 6617 6964 8692 8694 
f 8693 8691 6965 6618 
f 6618 6965 6966 6619 
f 6619 6966 6967 6620 
f 6620 6967 6968 6621 
f 7319 6825 7320 
f 6622 6969 7462 7446 
f 6623 6970 7530 7514 
f 6624 6971 6972 6625 
f 6625 6972 6973 6626 
f 6626 6973 6974 6627 
f 6627 6974 6975 6628 
f 6628 6975 6976 6629 
f 6629 6976 6977 6630 
f 6630 6977 6978 6631 
f 6631 6978 6979 6632 
f 6632 6979 6980 6633 
f 6633 6980 6981 6634 
f 6634 6981 6982 6635 
f 6635 6982 8696 8698 
f 8697 8695 6983 6636 
f 6636 6983 6984 6637 
f 6637 6984 6985 6638 
f 6638 6985 6986 6639 
f 7355 6839 7140 7356 
f 6801 6987 7463 7447 
f 6640 6988 7531 7515 
f 6641 6989 6990 6642 
f 6642 6990 6991 6643 
f 6643 6991 6992 6644 
f 6644 6992 6993 6645 
f 6645 6993 6994 6646 
f 6646 6994 6995 6647 
f 6647 6995 6996 6648 
f 6648 6996 6997 6649 
f 6649 6997 6998 6650 
f 6650 6998 6999 6651 
f 6651 6999 7000 6652 
f 6652 7000 8700 8702 
f 8701 8699 7001 6653 
f 6653 7001 7002 6654 
f 6654 7002 7003 6655 
f 6655 7003 7004 6656 
f 7316 6827 6826 7317 
f 6657 7005 7464 7448 
f 6658 7006 7532 7516 
f 6659 7007 7008 6660 
f 6660 7008 7009 6661 
f 6661 7009 7010 6662 
f 6662 7010 7011 6663 
f 6663 7011 7012 6664 
f 6664 7012 7013 6665 
f 6665 7013 7014 6666 
f 6666 7014 7015 6667 
f 6667 7015 7016 6668 
f 6668 7016 7017 6669 
f 6669 7017 7018 6670 
f 6670 7018 8704 8706 
f 8705 8703 7019 6671 
f 6671 7019 7020 6672 
f 6672 7020 7021 6673 
f 6673 7021 7022 6674 
f 7315 6828 6827 7316 
f 6675 7023 7465 7449 
f 6676 7024 7533 7517 
f 6677 7025 7026 6678 
f 6678 7026 7027 6679 
f 6679 7027 7028 6680 
f 6680 7028 7029 6681 
f 6681 7029 7030 6682 
f 6682 7030 7031 6683 
f 6683 7031 7032 6684 
f 6684 7032 7033 6685 
f 6685 7033 7034 6686 
f 6686 7034 7035 6687 
f 6687 7035 7036 6688 
f 6688 7036 8708 8710 
f 8709 8707 7037 6689 
f 6689 7037 7038 6690 
f 6690 7038 7039 6691 
f 6691 7039 7040 6692 
f 7314 6829 6828 7315 
f 6693 7041 7466 7450 
f 6694 7042 7534 7518 
f 6695 7043 7044 6696 
f 6696 7044 7045 6697 
f 6697 7045 7046 6698 
f 6698 7046 7047 6699 
f 6699 7047 7048 6700 
f 6700 7048 7049 6701 
f 6701 7049 7050 6702 
f 6702 7050 7051 6703 
f 6703 7051 7052 6704 
f 6704 7052 7053 6705 
f 6705 7053 7054 6706 
f 6706 7054 8712 8714 
f 8713 8711 7055 6707 
f 6707 7055 7056 6708 
f 6708 7056 7057 6709 
f 6709 7057 7058 6710 
f 7313 6830 6829 7314 
f 6711 7059 7467 7451 
f 6712 7060 7535 7519 
f 6713 7061 7062 6714 
f 6714 7062 7063 6715 
f 6715 7063 7064 6716 
f 6716 7064 7065 6717 
f 6717 7065 7066 6718 
f 6718 7066 7067 6719 
f 6719 7067 7068 6720 
f 6720 7068 7069 6721 
f 6721 7069 7070 6722 
f 6722 7070 7071 6723 
f 6723 7071 7072 6724 
f 6724 7072 8716 8718 
f 8717 8715 7073 6725 
f 6725 7073 7074 6726 
f 6726 7074 7075 6727 
f 6727 7075 7076 6728 
f 7312 6831 6830 7313 
f 6729 7077 7468 7452 
f 6730 7078 7536 7520 
f 6731 7079 7080 6732 
f 6732 7080 7081 6733 
f 6733 7081 7082 6734 
f 6734 7082 7083 6735 
f 6735 7083 7084 6736 
f 6736 7084 7085 6737 
f 6737 7085 7086 6738 
f 6738 7086 7087 6739 
f 6739 7087 7088 6740 
f 6740 7088 7089 6741 
f 6741 7089 7090 6742 
f 6742 7090 8720 8722 
f 8721 8719 7091 6743 
f 6743 7091 7092 6744 
f 6744 7092 7093 6745 
f 6745 7093 7094 6746 
f 7311 6832 6831 7312 
f 6747 7095 7469 7453 
f 6748 7096 7537 7521 
f 6749 7097 7098 6750 
f 6750 7098 7099 6751 
f 6751 7099 7100 6752 
f 6752 7100 7101 6753 
f 6753 7101 7102 6754 
f 6754 7102 7103 6755 
f 6755 7103 7104 6756 
f 6756 7104 7105 6757 
f 6757 7105 7106 6758 
f 6758 7106 7107 6759 
f 6759 7107 7108 6760 
f 6760 7108 8724 8726 
f 8725 8723 7109 6761 
f 6761 7109 7110 6762 
f 6762 7110 7111 6763 
f 6763 7111 7112 6764 
f 7310 6039 6832 7311 
f 6765 7113 7470 7454 
f 6766 7114 7538 7522 
f 6767 7115 7116 6768 
f 6768 7116 7117 6769 
f 6769 7117 7118 6770 
f 6770 7118 7119 6771 
f 6771 7119 7120 6772 
f 6772 7120 7121 6773 
f 6773 7121 7122 6774 
f 6774 7122 7123 6775 
f 6775 7123 7124 6776 
f 6776 7124 7125 6777 
f 6777 7125 7126 6778 
f 6778 7126 8728 8730 
f 8729 8727 7127 6779 
f 6779 7127 7128 6780 
f 6780 7128 7129 6781 
f 6781 7129 7130 6782 
f 6833 7327 7326 6821 
f 7326 7325 6821 
f 7330 6835 7284 7331 
f 7328 6834 7146 7329 
f 7339 7338 7727 7726 
f 6836 7343 7342 7145 
f 6834 7149 7148 7146 
f 6835 7714 7713 
f 6835 7713 7712 7284 
f 6802 7131 7471 7439 
f 6515 7509 7539 7132 
f 6516 6517 7134 7133 
f 6822 7152 7151 6821 
f 6823 7153 7152 6822 
f 6824 7154 7153 6823 
f 6825 7155 7154 6824 
f 6825 7318 7317 6826 
f 6827 7157 7156 6826 
f 6828 7158 7157 6827 
f 6829 7159 7158 6828 
f 6830 7160 7159 6829 
f 6831 7161 7160 6830 
f 6832 7162 7161 6831 
f 6039 6372 7162 6832 
f 6821 7151 7150 6833 
f 6833 7150 7149 6834 
f 6839 7155 7156 7140 
f 7138 7349 7348 
f 6838 7351 7350 7138 
f 7139 7353 7352 
f 6839 7355 7354 7139 
f 6840 7359 7358 7140 
f 7141 7361 7360 
f 6841 7363 7362 7141 
f 7142 7365 7364 
f 6842 7367 7366 7142 
f 7143 7369 7368 
f 6051 7371 7370 7143 
f 6837 7347 7346 7144 
f 7144 7345 7344 
f 6843 6802 7439 7455 
f 6845 6011 7473 7523 
f 6846 5682 6011 6845 
f 6846 6805 6847 
f 6847 6518 6519 6848 
f 6848 6519 6520 6849 
f 6849 6520 6521 6850 
f 6850 6521 6522 6851 
f 6851 6522 6523 6852 
f 6852 6523 6524 6853 
f 6853 6524 6525 6854 
f 6854 6525 6526 6855 
f 6855 6526 6527 6856 
f 6856 6527 8674 8670 
f 8669 8673 6528 6857 
f 6857 6528 6529 6858 
f 6858 6529 6530 6859 
f 6859 6530 6531 6860 
f 6861 6532 7440 7456 
f 6862 6533 7508 7524 
f 6863 6534 6535 6864 
f 6864 6535 6536 6865 
f 6865 6536 6537 6866 
f 6866 6537 6538 6867 
f 6867 6538 6539 6868 
f 6868 6539 6540 6869 
f 6869 6540 6541 6870 
f 6870 6541 6542 6871 
f 6871 6542 6543 6872 
f 6872 6543 6544 6873 
f 6873 6544 6545 6874 
f 6874 6545 8678 8672 
f 8671 8677 6546 6875 
f 6875 6546 6547 6876 
f 6876 6547 6548 6877 
f 6877 6548 6549 6878 
f 6879 6550 7442 7457 
f 6880 6551 7510 7525 
f 6881 6552 6553 6882 
f 6882 6553 6554 6883 
f 6883 6554 6555 6884 
f 6884 6555 6556 6885 
f 6885 6556 6557 6886 
f 6886 6557 6558 6887 
f 6887 6558 6559 6888 
f 6888 6559 6560 6889 
f 6889 6560 6561 6890 
f 6890 6561 6562 6891 
f 6891 6562 6563 6892 
f 6892 6563 8682 8676 
f 8675 8681 6564 6893 
f 6893 6564 6565 6894 
f 6894 6565 6566 6895 
f 6895 6566 6567 6896 
f 6897 6568 7443 7458 
f 6898 6569 7511 7526 
f 6899 6570 6571 6900 
f 6900 6571 6572 6901 
f 6901 6572 6573 6902 
f 6902 6573 6574 6903 
f 6903 6574 6575 6904 
f 6904 6575 6576 6905 
f 6905 6576 6577 6906 
f 6906 6577 6578 6907 
f 6907 6578 6579 6908 
f 6908 6579 6580 6909 
f 6909 6580 6581 6910 
f 6910 6581 8686 8680 
f 8679 8685 6582 6911 
f 6911 6582 6583 6912 
f 6912 6583 6584 6913 
f 6913 6584 6585 6914 
f 6915 6586 7444 7459 
f 6916 6587 7512 7527 
f 6917 6588 6589 6918 
f 6918 6589 6590 6919 
f 6919 6590 6591 6920 
f 6920 6591 6592 6921 
f 6921 6592 6593 6922 
f 6922 6593 6594 6923 
f 6923 6594 6595 6924 
f 6924 6595 6596 6925 
f 6925 6596 6597 6926 
f 6926 6597 6598 6927 
f 6927 6598 6599 6928 
f 6928 6599 8690 8684 
f 8683 8689 6600 6929 
f 6929 6600 6601 6930 
f 6930 6601 6602 6931 
f 6931 6602 6603 6932 
f 6933 6604 7445 7460 
f 6934 6605 7513 7528 
f 6935 6606 6607 6936 
f 6936 6607 6608 6937 
f 6937 6608 6609 6938 
f 6938 6609 6610 6939 
f 6939 6610 6611 6940 
f 6940 6611 6612 6941 
f 6941 6612 6613 6942 
f 6942 6613 6614 6943 
f 6943 6614 6615 6944 
f 6944 6615 6616 6945 
f 6945 6616 6617 6946 
f 6946 6617 8694 8688 
f 8687 8693 6618 6947 
f 6947 6618 6619 6948 
f 6948 6619 6620 6949 
f 6949 6620 6621 6950 
f 6951 6622 7446 7461 
f 6952 6623 7514 7529 
f 6953 6624 6625 6954 
f 6954 6625 6626 6955 
f 6955 6626 6627 6956 
f 6956 6627 6628 6957 
f 6957 6628 6629 6958 
f 6958 6629 6630 6959 
f 6959 6630 6631 6960 
f 6960 6631 6632 6961 
f 6961 6632 6633 6962 
f 6962 6633 6634 6963 
f 6963 6634 6635 6964 
f 6964 6635 8698 8692 
f 8691 8697 6636 6965 
f 6965 6636 6637 6966 
f 6966 6637 6638 6967 
f 6967 6638 6639 6968 
f 6969 6801 7447 7462 
f 6970 6640 7515 7530 
f 6971 6641 6642 6972 
f 6972 6642 6643 6973 
f 6973 6643 6644 6974 
f 6974 6644 6645 6975 
f 6975 6645 6646 6976 
f 6976 6646 6647 6977 
f 6977 6647 6648 6978 
f 6978 6648 6649 6979 
f 6979 6649 6650 6980 
f 6980 6650 6651 6981 
f 6981 6651 6652 6982 
f 6982 6652 8702 8696 
f 8695 8701 6653 6983 
f 6983 6653 6654 6984 
f 6984 6654 6655 6985 
f 6985 6655 6656 6986 
f 7140 7357 7356 
f 6987 6657 7448 7463 
f 6988 6658 7516 7531 
f 6989 6659 6660 6990 
f 6990 6660 6661 6991 
f 6991 6661 6662 6992 
f 6992 6662 6663 6993 
f 6993 6663 6664 6994 
f 6994 6664 6665 6995 
f 6995 6665 6666 6996 
f 6996 6666 6667 6997 
f 6997 6667 6668 6998 
f 6998 6668 6669 6999 
f 6999 6669 6670 7000 
f 7000 6670 8706 8700 
f 8699 8705 6671 7001 
f 7001 6671 6672 7002 
f 7002 6672 6673 7003 
f 7003 6673 6674 7004 
f 7005 6675 7449 7464 
f 7006 6676 7517 7532 
f 7007 6677 6678 7008 
f 7008 6678 6679 7009 
f 7009 6679 6680 7010 
f 7010 6680 6681 7011 
f 7011 6681 6682 7012 
f 7012 6682 6683 7013 
f 7013 6683 6684 7014 
f 7014 6684 6685 7015 
f 7015 6685 6686 7016 
f 7016 6686 6687 7017 
f 7017 6687 6688 7018 
f 7018 6688 8710 8704 
f 8703 8709 6689 7019 
f 7019 6689 6690 7020 
f 7020 6690 6691 7021 
f 7021 6691 6692 7022 
f 7023 6693 7450 7465 
f 7024 6694 7518 7533 
f 7025 6695 6696 7026 
f 7026 6696 6697 7027 
f 7027 6697 6698 7028 
f 7028 6698 6699 7029 
f 7029 6699 6700 7030 
f 7030 6700 6701 7031 
f 7031 6701 6702 7032 
f 7032 6702 6703 7033 
f 7033 6703 6704 7034 
f 7034 6704 6705 7035 
f 7035 6705 6706 7036 
f 7036 6706 8714 8708 
f 8707 8713 6707 7037 
f 7037 6707 6708 7038 
f 7038 6708 6709 7039 
f 7039 6709 6710 7040 
f 7041 6711 7451 7466 
f 7042 6712 7519 7534 
f 7043 6713 6714 7044 
f 7044 6714 6715 7045 
f 7045 6715 6716 7046 
f 7046 6716 6717 7047 
f 7047 6717 6718 7048 
f 7048 6718 6719 7049 
f 7049 6719 6720 7050 
f 7050 6720 6721 7051 
f 7051 6721 6722 7052 
f 7052 6722 6723 7053 
f 7053 6723 6724 7054 
f 7054 6724 8718 8712 
f 8711 8717 6725 7055 
f 7055 6725 6726 7056 
f 7056 6726 6727 7057 
f 7057 6727 6728 7058 
f 7059 6729 7452 7467 
f 7060 6730 7520 7535 
f 7061 6731 6732 7062 
f 7062 6732 6733 7063 
f 7063 6733 6734 7064 
f 7064 6734 6735 7065 
f 7065 6735 6736 7066 
f 7066 6736 6737 7067 
f 7067 6737 6738 7068 
f 7068 6738 6739 7069 
f 7069 6739 6740 7070 
f 7070 6740 6741 7071 
f 7071 6741 6742 7072 
f 7072 6742 8722 8716 
f 8715 8721 6743 7073 
f 7073 6743 6744 7074 
f 7074 6744 6745 7075 
f 7075 6745 6746 7076 
f 7077 6747 7453 7468 
f 7078 6748 7521 7536 
f 7079 6749 6750 7080 
f 7080 6750 6751 7081 
f 7081 6751 6752 7082 
f 7082 6752 6753 7083 
f 7083 6753 6754 7084 
f 7084 6754 6755 7085 
f 7085 6755 6756 7086 
f 7086 6756 6757 7087 
f 7087 6757 6758 7088 
f 7088 6758 6759 7089 
f 7089 6759 6760 7090 
f 7090 6760 8726 8720 
f 8719 8725 6761 7091 
f 7091 6761 6762 7092 
f 7092 6762 6763 7093 
f 7093 6763 6764 7094 
f 7095 6765 7454 7469 
f 7096 6766 7522 7537 
f 7097 6767 6768 7098 
f 7098 6768 6769 7099 
f 7099 6769 6770 7100 
f 7100 6770 6771 7101 
f 7101 6771 6772 7102 
f 7102 6772 6773 7103 
f 7103 6773 6774 7104 
f 7104 6774 6775 7105 
f 7105 6775 6776 7106 
f 7106 6776 6777 7107 
f 7107 6777 6778 7108 
f 7108 6778 8730 8724 
f 8723 8729 6779 7109 
f 7109 6779 6780 7110 
f 7110 6780 6781 7111 
f 7111 6781 6782 7112 
f 7113 5978 7421 7470 
f 7114 5680 7489 7538 
f 7115 5681 5979 7116 
f 7116 5979 6020 7117 
f 7117 6020 6021 7118 
f 7118 6021 5980 7119 
f 7119 5980 5981 7120 
f 7120 5981 5982 7121 
f 7121 5982 5983 7122 
f 7122 5983 5984 7123 
f 7123 5984 5985 7124 
f 7124 5985 5986 7125 
f 7125 5986 5987 7126 
f 7126 5987 8668 8728 
f 8727 8667 6022 7127 
f 7127 6022 6023 7128 
f 7128 6023 5988 7129 
f 7129 5988 5989 7130 
f 7131 6514 7441 7471 
f 7133 6804 7507 7539 
f 7134 6805 6804 7133 
f 7348 7347 6837 7138 
f 7350 7349 7138 
f 7352 7351 6838 7139 
f 7354 7353 7139 
f 7358 7357 7140 
f 7360 7359 6840 7141 
f 7362 7361 7141 
f 7364 7363 6841 7142 
f 7366 7365 7142 
f 7368 7367 6842 7143 
f 7370 7369 7143 
f 7346 7345 7144 
f 7344 7343 6836 7144 
f 6805 7134 6518 6847 
f 7134 6517 6518 
f 7339 7726 7725 
f 7340 7339 7725 7724 
f 7340 7724 7723 
f 7341 7340 7723 7722 
f 7342 7341 7722 7721 
f 7342 7721 7720 7145 
f 7145 7718 7717 7148 
f 7146 7715 7714 6835 
f 7329 7146 6835 7330 
f 7720 7719 7145 
f 7145 7719 7718 
f 7149 6836 7145 7148 
f 7152 7138 6837 7151 
f 7153 6838 7138 7152 
f 7154 7139 6838 7153 
f 7155 6839 7139 7154 
f 7157 6840 7140 7156 
f 7158 7141 6840 7157 
f 7159 6841 7141 7158 
f 7160 7142 6841 7159 
f 7161 6842 7142 7160 
f 7162 7143 6842 7161 
f 6372 6051 7143 7162 
f 7151 6837 7144 7150 
f 7150 7144 6836 7149 
f 7155 6825 6826 7156 
f 7717 7716 7146 7148 
f 7146 7716 7715 
f 6825 7319 7318 
f 7320 6825 6824 7321 
f 6785 6784 7245 7246 
f 6787 6798 7259 7248 
f 6788 6787 7248 7249 
f 6789 6788 7249 7250 
f 6790 6789 7250 7251 
f 7163 6790 7251 7263 
f 6791 6799 7260 7252 
f 6792 6791 7252 7253 
f 6793 6792 7253 7254 
f 6794 6793 7254 7255 
f 6795 6794 7255 7256 
f 6796 6795 7256 7257 
f 6797 6796 7257 7258 
f 6024 6797 7258 6483 
f 6786 6785 7246 7247 
f 6783 7285 7286 7244 
f 7147 6783 7244 7262 
f 6798 6786 7247 7259 
f 6799 6800 7261 7260 
f 6784 7147 7262 7245 
f 6800 7163 7263 7261 
f 7185 7225 7226 7186 
f 7199 7239 7228 7188 
f 7188 7228 7229 7189 
f 7189 7229 7230 7190 
f 7190 7230 7231 7191 
f 7191 7231 7243 7203 
f 7200 7240 7232 7192 
f 7192 7232 7233 7193 
f 7193 7233 7234 7194 
f 7194 7234 7235 7195 
f 7195 7235 7236 7196 
f 7196 7236 7237 7197 
f 7197 7237 7238 7198 
f 7198 7238 6459 6414 
f 7186 7226 7227 7187 
f 7290 7224 7184 7289 
f 7184 7224 7242 7202 
f 7187 7227 7239 7199 
f 7201 7241 7240 7200 
f 7202 7242 7225 7185 
f 7203 7243 7241 7201 
f 7205 7265 7266 7206 
f 7219 7279 7268 7208 
f 7208 7268 7269 7209 
f 7209 7269 7270 7210 
f 7210 7270 7271 7211 
f 7211 7271 7283 7223 
f 7220 7280 7272 7212 
f 7212 7272 7273 7213 
f 7213 7273 7274 7214 
f 7214 7274 7275 7215 
f 7215 7275 7276 7216 
f 7216 7276 7277 7217 
f 7217 7277 7278 7218 
f 7218 7278 6484 6436 
f 7206 7266 7267 7207 
f 7288 7264 7204 7287 
f 7204 7264 7282 7222 
f 7207 7267 7279 7219 
f 7221 7281 7280 7220 
f 7222 7282 7265 7205 
f 7223 7283 7281 7221 
f 7225 7165 7166 7226 
f 7239 7179 7168 7228 
f 7228 7168 7169 7229 
f 7229 7169 7170 7230 
f 7230 7170 7171 7231 
f 7231 7171 7183 7243 
f 7240 7180 7172 7232 
f 7232 7172 7173 7233 
f 7233 7173 7174 7234 
f 7234 7174 7175 7235 
f 7235 7175 7176 7236 
f 7236 7176 7177 7237 
f 7237 7177 7178 7238 
f 7238 7178 6392 6459 
f 7226 7166 7167 7227 
f 7291 7164 7224 7290 
f 7224 7164 7182 7242 
f 7227 7167 7179 7239 
f 7241 7181 7180 7240 
f 7242 7182 7165 7225 
f 7243 7183 7181 7241 
f 7245 7205 7206 7246 
f 7259 7219 7208 7248 
f 7248 7208 7209 7249 
f 7249 7209 7210 7250 
f 7250 7210 7211 7251 
f 7251 7211 7223 7263 
f 7260 7220 7212 7252 
f 7252 7212 7213 7253 
f 7253 7213 7214 7254 
f 7254 7214 7215 7255 
f 7255 7215 7216 7256 
f 7256 7216 7217 7257 
f 7257 7217 7218 7258 
f 7258 7218 6436 6483 
f 7246 7206 7207 7247 
f 7287 7204 7244 7286 
f 7244 7204 7222 7262 
f 7247 7207 7219 7259 
f 7261 7221 7220 7260 
f 7262 7222 7205 7245 
f 7263 7223 7221 7261 
f 7265 7185 7186 7266 
f 7279 7199 7188 7268 
f 7268 7188 7189 7269 
f 7269 7189 7190 7270 
f 7270 7190 7191 7271 
f 7271 7191 7203 7283 
f 7280 7200 7192 7272 
f 7272 7192 7193 7273 
f 7273 7193 7194 7274 
f 7274 7194 7195 7275 
f 7275 7195 7196 7276 
f 7276 7196 7197 7277 
f 7277 7197 7198 7278 
f 7278 7198 6414 6484 
f 7266 7186 7187 7267 
f 7289 7184 7264 7288 
f 7264 7184 7202 7282 
f 7267 7187 7199 7279 
f 7281 7201 7200 7280 
f 7282 7202 7185 7265 
f 7283 7203 7201 7281 
f 7712 7711 6043 7284 
f 7331 7284 6043 7332 
f 7285 6025 6480 7286 
f 7286 6480 6437 7287 
f 7287 6437 6503 7288 
f 7288 6503 6415 7289 
f 7289 6415 6440 7290 
f 7290 6440 6393 7291 
f 7711 7710 6043 
f 5959 7292 7293 5960 
f 5960 7293 7294 5961 
f 5961 7294 7295 5973 
f 5973 7295 7296 5962 
f 5962 7296 7297 5963 
f 5963 7297 7298 5964 
f 5964 7298 7299 5965 
f 5965 7299 7300 6373 
f 6373 7300 7301 5975 
f 5975 7301 7302 5974 
f 5974 7302 7303 5966 
f 5966 7303 7304 5967 
f 5967 7304 7305 5968 
f 5968 7305 7306 5969 
f 5969 7306 7307 5970 
f 5970 7307 7308 5971 
f 5971 7308 7309 5972 
f 5972 7309 7310 6024 
f 6024 7310 7311 6797 
f 6797 7311 7312 6796 
f 6796 7312 7313 6795 
f 6795 7313 7314 6794 
f 6794 7314 7315 6793 
f 6793 7315 7316 6792 
f 6792 7316 7317 6791 
f 6791 7317 7318 6799 
f 6799 7318 7319 6800 
f 6800 7319 7320 7163 
f 7163 7320 7321 6790 
f 6790 7321 7322 6789 
f 6789 7322 7323 6788 
f 6788 7323 7324 6787 
f 6787 7324 7325 6798 
f 6798 7325 7326 6786 
f 6786 7326 7327 6785 
f 6785 7327 7328 6784 
f 6784 7328 7329 7147 
f 7147 7329 7330 6783 
f 6783 7330 7331 7285 
f 7285 7331 7332 6025 
f 6025 7332 7333 6507 
f 6507 7333 7334 5958 
f 5958 7334 7335 6356 
f 6356 7335 7292 5959 
f 6052 7336 7337 6010 
f 6010 7337 7338 6843 
f 6843 7338 7339 6802 
f 6802 7339 7340 7131 
f 7131 7340 7341 6514 
f 6514 7341 7342 6861 
f 6861 7342 7343 6532 
f 6532 7343 7344 6879 
f 6879 7344 7345 6550 
f 6550 7345 7346 6897 
f 6897 7346 7347 6568 
f 6568 7347 7348 6915 
f 6915 7348 7349 6586 
f 6586 7349 7350 6933 
f 6933 7350 7351 6604 
f 6604 7351 7352 6951 
f 6951 7352 7353 6622 
f 6622 7353 7354 6969 
f 6969 7354 7355 6801 
f 6801 7355 7356 6987 
f 6987 7356 7357 6657 
f 6657 7357 7358 7005 
f 7005 7358 7359 6675 
f 6675 7359 7360 7023 
f 7023 7360 7361 6693 
f 6693 7361 7362 7041 
f 7041 7362 7363 6711 
f 6711 7363 7364 7059 
f 7059 7364 7365 6729 
f 6729 7365 7366 7077 
f 7077 7366 7367 6747 
f 6747 7367 7368 7095 
f 7095 7368 7369 6765 
f 6765 7369 7370 7113 
f 7113 7370 7371 5978 
f 5978 7371 7372 6322 
f 6322 7372 7373 5940 
f 5940 7373 7374 6304 
f 6304 7374 7375 5922 
f 5922 7375 7376 6286 
f 6286 7376 7377 5904 
f 5904 7377 7378 6268 
f 6268 7378 7379 5886 
f 5886 7379 7380 6250 
f 6250 7380 7381 5868 
f 5868 7381 7382 6232 
f 6232 7382 7383 5850 
f 5850 7383 7384 6214 
f 6214 7384 7385 5832 
f 5832 7385 7386 6196 
f 6196 7386 7387 5976 
f 5976 7387 7388 6178 
f 6178 7388 7389 5797 
f 5797 7389 7390 6160 
f 6160 7390 7391 5779 
f 5779 7391 7392 6142 
f 6142 7392 7393 5761 
f 5761 7393 7394 6124 
f 6124 7394 7395 5743 
f 5743 7395 7396 6106 
f 6106 7396 7397 5725 
f 5725 7397 7398 6088 
f 6088 7398 7399 5707 
f 5707 7399 7400 6070 
f 6070 7400 7401 5689 
f 5689 7401 7402 6340 
f 6340 7402 7403 5990 
f 5990 7403 7336 6052 
f 7422 7405 5977 6053 
f 7423 7407 5690 6071 
f 7424 7406 5708 6089 
f 7425 7408 5726 6107 
f 7426 7409 5744 6125 
f 7427 7410 5762 6143 
f 7428 7411 5780 6161 
f 7429 7412 5798 6179 
f 7430 7413 5815 6197 
f 7431 7414 5833 6215 
f 7432 7415 5851 6233 
f 7433 7416 5869 6251 
f 7434 7417 5887 6269 
f 7435 7418 5905 6287 
f 7436 7419 5923 6305 
f 7437 7420 5941 6323 
f 7438 7404 5991 6341 
f 7404 7422 6053 5991 
f 7406 7423 6071 5708 
f 7408 7424 6089 5726 
f 7409 7425 6107 5744 
f 7410 7426 6125 5762 
f 7411 7427 6143 5780 
f 7412 7428 6161 5798 
f 7413 7429 6179 5815 
f 7414 7430 6197 5833 
f 7415 7431 6215 5851 
f 7416 7432 6233 5869 
f 7417 7433 6251 5887 
f 7418 7434 6269 5905 
f 7419 7435 6287 5923 
f 7420 7436 6305 5941 
f 7421 7437 6323 5680 
f 7407 7438 6341 5690 
f 7405 7455 6844 5977 
f 7441 7456 6862 6515 
f 7440 7457 6880 6533 
f 7442 7458 6898 6551 
f 7443 7459 6916 6569 
f 7444 7460 6934 6587 
f 7445 7461 6952 6605 
f 7446 7462 6970 6623 
f 7447 7463 6988 6640 
f 7448 7464 7006 6658 
f 7449 7465 7024 6676 
f 7450 7466 7042 6694 
f 7451 7467 7060 6712 
f 7452 7468 7078 6730 
f 7453 7469 7096 6748 
f 7454 7470 7114 6766 
f 7439 7471 7132 6803 
f 7455 7439 6803 6844 
f 7456 7440 6533 6862 
f 7457 7442 6551 6880 
f 7458 7443 6569 6898 
f 7459 7444 6587 6916 
f 7460 7445 6605 6934 
f 7461 7446 6623 6952 
f 7462 7447 6640 6970 
f 7463 7448 6658 6988 
f 7464 7449 6676 7006 
f 7465 7450 6694 7024 
f 7466 7451 6712 7042 
f 7467 7452 6730 7060 
f 7468 7453 6748 7078 
f 7469 7454 6766 7096 
f 7470 7421 5680 7114 
f 7471 7441 6515 7132 
f 7472 7490 6054 5992 
f 7491 7475 5691 6072 
f 7492 7474 5709 6090 
f 7493 7476 5727 6108 
f 7494 7477 5745 6126 
f 7495 7478 5763 6144 
f 7496 7479 5781 6162 
f 7497 7480 5799 6180 
f 7498 7481 5816 6198 
f 7499 7482 5834 6216 
f 7500 7483 5852 6234 
f 7501 7484 5870 6252 
f 7502 7485 5888 6270 
f 7503 7486 5906 6288 
f 7504 7487 5924 6306 
f 7505 7488 5942 6324 
f 7475 7506 6342 5691 
f 7473 7490 6053 5977 
f 7474 7491 6072 5709 
f 7476 7492 6090 5727 
f 7477 7493 6108 5745 
f 7478 7494 6126 5763 
f 7479 7495 6144 5781 
f 7480 7496 6162 5799 
f 7481 7497 6180 5816 
f 7482 7498 6198 5834 
f 7483 7499 6216 5852 
f 7484 7500 6234 5870 
f 7485 7501 6252 5888 
f 7486 7502 6270 5906 
f 7487 7503 6288 5924 
f 7488 7504 6306 5942 
f 7489 7505 6324 5681 
f 7472 7506 6341 5991 
f 7523 7507 6804 6845 
f 7509 7524 6863 6516 
f 7508 7525 6881 6534 
f 7510 7526 6899 6552 
f 7511 7527 6917 6570 
f 7512 7528 6935 6588 
f 7513 7529 6953 6606 
f 7514 7530 6971 6624 
f 7515 7531 6989 6641 
f 7516 7532 7007 6659 
f 7517 7533 7025 6677 
f 7518 7534 7043 6695 
f 7519 7535 7061 6713 
f 7520 7536 7079 6731 
f 7521 7537 7097 6749 
f 7522 7538 7115 6767 
f 7539 7509 6516 7133 
f 7523 7473 5977 6844 
f 7524 7508 6534 6863 
f 7525 7510 6552 6881 
f 7526 7511 6570 6899 
f 7527 7512 6588 6917 
f 7528 7513 6606 6935 
f 7529 7514 6624 6953 
f 7530 7515 6641 6971 
f 7531 7516 6659 6989 
f 7532 7517 6677 7007 
f 7533 7518 6695 7025 
f 7534 7519 6713 7043 
f 7535 7520 6731 7061 
f 7536 7521 6749 7079 
f 7537 7522 6767 7097 
f 7538 7489 5681 7115 
f 7539 7507 6803 7132 
s 2
f 6344 7644 7643 6000 
f 5995 7646 7645 5994 
f 6345 7647 7646 5995 
f 5997 7649 7648 5996 
f 6346 7650 7649 5997 
f 5999 7652 7651 5998 
f 6007 7653 7652 5999 
f 6008 7616 7653 6007 
f 6009 7617 7616 6008 
f 6005 7618 7617 6009 
f 6006 7619 7618 6005 
f 6001 7620 7619 6006 
f 6002 7621 7620 6001 
f 6003 7622 7621 6002 
f 6004 7623 7622 6003 
f 6026 7624 7623 6004 
f 5994 7645 7644 6344 
f 5996 7648 7647 6345 
f 5998 7651 7650 6346 
f 6000 7643 7642 7135 
f 6806 7641 7640 6807 
f 6807 7640 7639 7136 
f 6808 7638 7637 6809 
f 6809 7637 7636 7137 
f 6810 7635 7634 6811 
f 6811 7634 7633 6818 
f 6818 7633 7632 6819 
f 6819 7632 7631 6820 
f 6820 7631 7630 6816 
f 6816 7630 7629 6817 
f 6817 7629 7628 6812 
f 6812 7628 7627 6813 
f 6813 7627 7626 6814 
f 6814 7626 7625 6815 
f 6815 7625 7624 6026 
f 7136 7639 7638 6808 
f 7137 7636 7635 6810 
f 7135 7642 7641 6806 
f 7557 7578 7579 7546 
f 7546 7579 7580 7575 
f 7575 7580 7581 7560 
f 7560 7581 7582 7561 
f 7561 7582 7583 7576 
f 7576 7583 7584 7562 
f 7562 7584 7585 7563 
f 7563 7585 7586 7577 
f 7577 7586 7587 7564 
f 7564 7587 7588 7565 
f 7565 7588 7589 7572 
f 7572 7589 7590 7573 
f 7573 7590 7591 7574 
f 7574 7591 7592 7570 
f 7570 7592 7593 7571 
f 7571 7593 7594 7566 
f 7566 7594 7595 7567 
f 7567 7595 7596 7568 
f 7568 7596 7597 7569 
f 7569 7597 7598 7556 
f 7556 7598 7599 7550 
f 7550 7599 7600 7549 
f 7549 7600 7601 7548 
f 7548 7601 7602 7547 
f 7547 7602 7603 7552 
f 7552 7603 7604 7551 
f 7551 7604 7605 7555 
f 7555 7605 7606 7554 
f 7554 7606 7607 7553 
f 7553 7607 7608 7545 
f 7545 7608 7609 7544 
f 7544 7609 7610 7559 
f 7559 7610 7611 7543 
f 7543 7611 7612 7542 
f 7542 7612 7613 7558 
f 7558 7613 7614 7541 
f 7541 7614 7615 7540 
f 7540 7615 7578 7557 
f 7643 7644 7557 7546 
f 7645 7646 7541 7540 
f 7646 7647 7558 7541 
f 7648 7649 7543 7542 
f 7649 7650 7559 7543 
f 7651 7652 7545 7544 
f 7652 7653 7553 7545 
f 7653 7616 7554 7553 
f 7616 7617 7555 7554 
f 7617 7618 7551 7555 
f 7618 7619 7552 7551 
f 7619 7620 7547 7552 
f 7620 7621 7548 7547 
f 7621 7622 7549 7548 
f 7622 7623 7550 7549 
f 7623 7624 7556 7550 
f 7644 7645 7540 7557 
f 7647 7648 7542 7558 
f 7650 7651 7544 7559 
f 7642 7643 7546 7575 
f 7640 7641 7560 7561 
f 7639 7640 7561 7576 
f 7637 7638 7562 7563 
f 7636 7637 7563 7577 
f 7634 7635 7564 7565 
f 7633 7634 7565 7572 
f 7632 7633 7572 7573 
f 7631 7632 7573 7574 
f 7630 7631 7574 7570 
f 7629 7630 7570 7571 
f 7628 7629 7571 7566 
f 7627 7628 7566 7567 
f 7626 7627 7567 7568 
f 7625 7626 7568 7569 
f 7624 7625 7569 7556 
f 7638 7639 7576 7562 
f 7635 7636 7577 7564 
f 7641 7642 7575 7560 
f 7578 7654 7655 7579 
f 7579 7655 7656 7580 
f 7580 7656 7657 7581 
f 7581 7657 7658 7582 
f 7582 7658 7659 7583 
f 7583 7659 7660 7584 
f 7584 7660 7661 7585 
f 7585 7661 7662 7586 
f 7586 7662 7663 7587 
f 7587 7663 7664 7588 
f 7588 7664 7665 7589 
f 7589 7665 7666 7590 
f 7590 7666 7667 7591 
f 7591 7667 7668 7592 
f 7592 7668 7669 7593 
f 7593 7669 7670 7594 
f 7594 7670 7671 7595 
f 7595 7671 7672 7596 
f 7596 7672 7673 7597 
f 7597 7673 7674 7598 
f 7598 7674 7675 7599 
f 7599 7675 7676 7600 
f 7600 7676 7677 7601 
f 7601 7677 7678 7602 
f 7602 7678 7679 7603 
f 7603 7679 7680 7604 
f 7604 7680 7681 7605 
f 7605 7681 7682 7606 
f 7606 7682 7683 7607 
f 7607 7683 7684 7608 
f 7608 7684 7685 7609 
f 7609 7685 7686 7610 
f 7610 7686 7687 7611 
f 7611 7687 7688 7612 
f 7612 7688 7689 7613 
f 7613 7689 7690 7614 
f 7614 7690 7691 7615 
f 7615 7691 7654 7578 
f 7654 7692 7655 
f 7655 7692 7656 
f 7656 7692 7657 
f 7657 7692 7658 
f 7658 7692 7659 
f 7659 7692 7660 
f 7660 7692 7661 
f 7661 7692 7662 
f 7662 7692 7663 
f 7663 7692 7664 
f 7664 7692 7665 
f 7665 7692 7666 
f 7666 7692 7667 
f 7667 7692 7668 
f 7668 7692 7669 
f 7669 7692 7670 
f 7670 7692 7671 
f 7671 7692 7672 
f 7672 7692 7673 
f 7673 7692 7674 
f 7674 7692 7675 
f 7675 7692 7676 
f 7676 7692 7677 
f 7677 7692 7678 
f 7678 7692 7679 
f 7679 7692 7680 
f 7680 7692 7681 
f 7681 7692 7682 
f 7682 7692 7683 
f 7683 7692 7684 
f 7684 7692 7685 
f 7685 7692 7686 
f 7686 7692 7687 
f 7687 7692 7688 
f 7688 7692 7689 
f 7689 7692 7690 
f 7690 7692 7691 
f 7691 7692 7654 
s 1
f 6000 7337 7336 6344 
f 6344 7336 7693 5994 
f 5994 7693 7694 5995 
f 5995 7694 7695 6345 
f 6345 7695 7696 5996 
f 5996 7696 7697 5997 
f 5997 7697 7698 6346 
f 6346 7698 7699 5998 
f 5998 7699 7700 5999 
f 5999 7700 7701 6007 
f 6007 7701 7702 6008 
f 6008 7702 7703 6009 
f 6009 7703 7704 6005 
f 6005 7704 7705 6006 
f 6006 7705 7706 6001 
f 6001 7706 7707 6002 
f 6002 7707 7708 6003 
f 6003 7708 7709 6004 
f 6004 7709 7710 6026 
f 6026 7710 7711 6815 
f 6815 7711 7712 6814 
f 6814 7712 7713 6813 
f 6813 7713 7714 6812 
f 6812 7714 7715 6817 
f 6817 7715 7716 6816 
f 6816 7716 7717 6820 
f 6820 7717 7718 6819 
f 6819 7718 7719 6818 
f 6818 7719 7720 6811 
f 6811 7720 7721 6810 
f 6810 7721 7722 7137 
f 7137 7722 7723 6809 
f 6809 7723 7724 6808 
f 6808 7724 7725 7136 
f 7136 7725 7726 6807 
f 6807 7726 7727 6806 
f 6806 7727 7338 7135 
f 7135 7338 7337 6000 
f 7709 6043 7710 
f 6069 7728 5706 
f 5706 7728 6087 
f 6087 7728 5724 
f 5724 7728 6105 
f 6105 7728 5742 
f 5742 7728 6123 
f 6123 7728 5760 
f 5760 7728 6141 
f 6141 7728 5778 
f 5778 7728 6159 
f 6159 7728 5796 
f 5796 7728 6177 
f 6177 7728 5814 
f 5814 7728 6195 
f 6195 7728 5831 
f 5831 7728 6213 
f 6213 7728 5849 
f 5849 7728 6231 
f 6231 7728 5867 
f 5867 7728 6249 
f 6249 7728 5885 
f 5885 7728 6267 
f 6267 7728 5903 
f 5903 7728 6285 
f 6285 7728 5921 
f 5921 7728 6303 
f 6303 7728 5939 
f 5939 7728 6321 
f 6321 7728 5957 
f 5957 7728 6339 
f 6339 7728 5989 
f 5989 7728 7130 
f 7130 7728 6782 
f 6782 7728 7112 
f 7112 7728 6764 
f 6764 7728 7094 
f 7094 7728 6746 
f 6746 7728 7076 
f 7076 7728 6728 
f 6728 7728 7058 
f 7058 7728 6710 
f 6710 7728 7040 
f 7040 7728 6692 
f 6692 7728 7022 
f 7022 7728 6674 
f 6674 7728 7004 
f 7004 7728 6656 
f 6656 7728 6986 
f 6986 7728 6639 
f 6639 7728 6968 
f 6968 7728 6621 
f 6621 7728 6950 
f 6950 7728 6603 
f 6603 7728 6932 
f 6932 7728 6585 
f 6585 7728 6914 
f 6914 7728 6567 
f 6567 7728 6896 
f 6896 7728 6549 
f 6549 7728 6878 
f 6878 7728 6531 
f 6531 7728 6860 
f 6860 7728 5688 
f 5688 7728 6069 
f 6376 7731 7730 6375 
f 6378 7733 7744 6389 
f 6379 7734 7733 6378 
f 6380 7735 7734 6379 
f 6381 7736 7735 6380 
f 6395 7750 7736 6381 
f 6382 7737 7745 6390 
f 6383 7738 7737 6382 
f 6384 7739 7738 6383 
f 6385 7740 7739 6384 
f 6386 7741 7740 6385 
f 6387 7742 7741 6386 
f 6388 7743 7742 6387 
f 6392 7747 7743 6388 
f 6377 7732 7731 6376 
f 6513 7751 7748 6393 
f 6394 7749 7729 6374 
f 6389 7744 7732 6377 
f 6390 7745 7746 6391 
f 6375 7730 7749 6394 
f 6391 7746 7750 6395 
f 6374 7729 7751 6513 
f 7165 7753 7754 7166 
f 7179 7767 7756 7168 
f 7168 7756 7757 7169 
f 7169 7757 7758 7170 
f 7170 7758 7759 7171 
f 7171 7759 7771 7183 
f 7180 7768 7760 7172 
f 7172 7760 7761 7173 
f 7173 7761 7762 7174 
f 7174 7762 7763 7175 
f 7175 7763 7764 7176 
f 7176 7764 7765 7177 
f 7177 7765 7766 7178 
f 7178 7766 7747 6392 
f 7166 7754 7755 7167 
f 6393 7748 7772 7291 
f 7164 7752 7770 7182 
f 7167 7755 7767 7179 
f 7181 7769 7768 7180 
f 7182 7770 7753 7165 
f 7183 7771 7769 7181 
f 7291 7772 7752 7164 
f 7731 7907 7906 7730 
f 7733 7909 7920 7744 
f 7734 7910 7909 7733 
f 7735 7911 7910 7734 
f 7736 7912 7911 7735 
f 7750 7926 7912 7736 
f 7737 7913 7921 7745 
f 7738 7914 7913 7737 
f 7739 7915 7914 7738 
f 7740 7916 7915 7739 
f 7741 7917 7916 7740 
f 7742 7918 7917 7741 
f 7743 7919 7918 7742 
f 7747 7923 7919 7743 
f 7732 7908 7907 7731 
f 7751 7927 7924 7748 
f 7749 7925 7905 7729 
f 7744 7920 7908 7732 
f 7745 7921 7922 7746 
f 7730 7906 7925 7749 
f 7746 7922 7926 7750 
f 7729 7905 7927 7751 
f 7753 7929 7930 7754 
f 7767 7943 7932 7756 
f 7756 7932 7933 7757 
f 7757 7933 7934 7758 
f 7758 7934 7935 7759 
f 7759 7935 7947 7771 
f 7768 7944 7936 7760 
f 7760 7936 7937 7761 
f 7761 7937 7938 7762 
f 7762 7938 7939 7763 
f 7763 7939 7940 7764 
f 7764 7940 7941 7765 
f 7765 7941 7942 7766 
f 7766 7942 7923 7747 
f 7754 7930 7931 7755 
f 7748 7924 7948 7772 
f 7752 7928 7946 7770 
f 7755 7931 7943 7767 
f 7769 7945 7944 7768 
f 7770 7946 7929 7753 
f 7771 7947 7945 7769 
f 7772 7948 7928 7752 
f 7818 7819 7863 7862 
f 7832 7821 7865 7876 
f 7821 7822 7866 7865 
f 7822 7823 7867 7866 
f 7823 7824 7868 7867 
f 7824 7838 7882 7868 
f 7833 7825 7869 7877 
f 7825 7826 7870 7869 
f 7826 7827 7871 7870 
f 7827 7828 7872 7871 
f 7828 7829 7873 7872 
f 7829 7830 7874 7873 
f 7830 7831 7875 7874 
f 7831 7835 7879 7875 
f 7819 7820 7864 7863 
f 7836 7839 7883 7880 
f 7817 7837 7881 7861 
f 7820 7832 7876 7864 
f 7834 7833 7877 7878 
f 7837 7818 7862 7881 
f 7838 7834 7878 7882 
f 7839 7817 7861 7883 
f 7842 7841 7885 7886 
f 7844 7855 7899 7888 
f 7845 7844 7888 7889 
f 7846 7845 7889 7890 
f 7847 7846 7890 7891 
f 7859 7847 7891 7903 
f 7848 7856 7900 7892 
f 7849 7848 7892 7893 
f 7850 7849 7893 7894 
f 7851 7850 7894 7895 
f 7852 7851 7895 7896 
f 7853 7852 7896 7897 
f 7854 7853 7897 7898 
f 7835 7854 7898 7879 
f 7843 7842 7886 7887 
f 7860 7836 7880 7904 
f 7858 7840 7884 7902 
f 7855 7843 7887 7899 
f 7856 7857 7901 7900 
f 7841 7858 7902 7885 
f 7857 7859 7903 7901 
f 7840 7860 7904 7884 
f 7862 7863 7775 7774 
f 7876 7865 7777 7788 
f 7865 7866 7778 7777 
f 7866 7867 7779 7778 
f 7867 7868 7780 7779 
f 7868 7882 7794 7780 
f 7877 7869 7781 7789 
f 7869 7870 7782 7781 
f 7870 7871 7783 7782 
f 7871 7872 7784 7783 
f 7872 7873 7785 7784 
f 7873 7874 7786 7785 
f 7874 7875 7787 7786 
f 7875 7879 7791 7787 
f 7863 7864 7776 7775 
f 7880 7883 7795 7792 
f 7861 7881 7793 7773 
f 7864 7876 7788 7776 
f 7878 7877 7789 7790 
f 7881 7862 7774 7793 
f 7882 7878 7790 7794 
f 7883 7861 7773 7795 
f 7886 7885 7797 7798 
f 7888 7899 7811 7800 
f 7889 7888 7800 7801 
f 7890 7889 7801 7802 
f 7891 7890 7802 7803 
f 7903 7891 7803 7815 
f 7892 7900 7812 7804 
f 7893 7892 7804 7805 
f 7894 7893 7805 7806 
f 7895 7894 7806 7807 
f 7896 7895 7807 7808 
f 7897 7896 7808 7809 
f 7898 7897 7809 7810 
f 7879 7898 7810 7791 
f 7887 7886 7798 7799 
f 7904 7880 7792 7816 
f 7902 7884 7796 7814 
f 7899 7887 7799 7811 
f 7900 7901 7813 7812 
f 7885 7902 7814 7797 
f 7901 7903 7815 7813 
f 7884 7904 7816 7796 
f 7906 7907 7819 7818 
f 7920 7909 7821 7832 
f 7909 7910 7822 7821 
f 7910 7911 7823 7822 
f 7911 7912 7824 7823 
f 7912 7926 7838 7824 
f 7921 7913 7825 7833 
f 7913 7914 7826 7825 
f 7914 7915 7827 7826 
f 7915 7916 7828 7827 
f 7916 7917 7829 7828 
f 7917 7918 7830 7829 
f 7918 7919 7831 7830 
f 7919 7923 7835 7831 
f 7907 7908 7820 7819 
f 7924 7927 7839 7836 
f 7905 7925 7837 7817 
f 7908 7920 7832 7820 
f 7922 7921 7833 7834 
f 7925 7906 7818 7837 
f 7926 7922 7834 7838 
f 7927 7905 7817 7839 
f 7930 7929 7841 7842 
f 7932 7943 7855 7844 
f 7933 7932 7844 7845 
f 7934 7933 7845 7846 
f 7935 7934 7846 7847 
f 7947 7935 7847 7859 
f 7936 7944 7856 7848 
f 7937 7936 7848 7849 
f 7938 7937 7849 7850 
f 7939 7938 7850 7851 
f 7940 7939 7851 7852 
f 7941 7940 7852 7853 
f 7942 7941 7853 7854 
f 7923 7942 7854 7835 
f 7931 7930 7842 7843 
f 7948 7924 7836 7860 
f 7946 7928 7840 7858 
f 7943 7931 7843 7855 
f 7944 7945 7857 7856 
f 7929 7946 7858 7841 
f 7945 7947 7859 7857 
f 7928 7948 7860 7840 
f 7775 7949 7950 7774 
f 7774 7950 7951 7793 
f 7793 7951 7952 7773 
f 7773 7952 7953 7795 
f 7795 7953 7954 7792 
f 7792 7954 7955 7816 
f 7816 7955 7956 7796 
f 7796 7956 7957 7814 
f 7814 7957 7958 7797 
f 7797 7958 7959 7798 
f 7798 7959 7960 7799 
f 7799 7960 7961 7811 
f 7811 7961 7962 7800 
f 7800 7962 7963 7801 
f 7801 7963 7964 7802 
f 7802 7964 7965 7803 
f 7803 7965 7966 7815 
f 7815 7966 7967 7813 
f 7813 7967 7968 7812 
f 7812 7968 7969 7804 
f 7804 7969 7970 7805 
f 7805 7970 7971 7806 
f 7806 7971 7972 7807 
f 7807 7972 7973 7808 
f 7808 7973 7974 7809 
f 7809 7974 7975 7810 
f 7810 7975 7976 7791 
f 7791 7976 7977 7787 
f 7787 7977 7978 7786 
f 7786 7978 7979 7785 
f 7785 7979 7980 7784 
f 7784 7980 7981 7783 
f 7783 7981 7982 7782 
f 7782 7982 7983 7781 
f 7781 7983 7984 7789 
f 7789 7984 7985 7790 
f 7790 7985 7986 7794 
f 7794 7986 7987 7780 
f 7780 7987 7988 7779 
f 7779 7988 7989 7778 
f 7778 7989 7990 7777 
f 7777 7990 7991 7788 
f 7788 7991 7992 7776 
f 7776 7992 7949 7775 
f 7949 7993 7950 
f 7950 7993 7951 
f 7951 7993 7952 
f 7952 7993 7953 
f 7953 7993 7954 
f 7954 7993 7955 
f 7955 7993 7956 
f 7956 7993 7957 
f 7957 7993 7958 
f 7958 7993 7959 
f 7959 7993 7960 
f 7960 7993 7961 
f 7961 7993 7962 
f 7962 7993 7963 
f 7963 7993 7964 
f 7964 7993 7965 
f 7965 7993 7966 
f 7966 7993 7967 
f 7967 7993 7968 
f 7968 7993 7969 
f 7969 7993 7970 
f 7970 7993 7971 
f 7971 7993 7972 
f 7972 7993 7973 
f 7973 7993 7974 
f 7974 7993 7975 
f 7975 7993 7976 
f 7976 7993 7977 
f 7977 7993 7978 
f 7978 7993 7979 
f 7979 7993 7980 
f 7980 7993 7981 
f 7981 7993 7982 
f 7982 7993 7983 
f 7983 7993 7984 
f 7984 7993 7985 
f 7985 7993 7986 
f 7986 7993 7987 
f 7987 7993 7988 
f 7988 7993 7989 
f 7989 7993 7990 
f 7990 7993 7991 
f 7991 7993 7992 
f 7992 7993 7949 
f 8473 8402 8039 8040 
f 8381 8383 7997 8035 
f 8387 8381 8035 7994 
f 8390 8387 7994 8036 
f 8037 8393 8390 8036 
f 8038 8396 8393 8037 
f 8399 8396 8038 7995 
f 8039 8402 8399 7995 
f 8404 7996 7997 8383 
f 8014 7996 8404 8407 
f 7998 8014 8407 8410 
f 7999 7998 8410 8413 
f 8013 7999 8413 8416 
f 8419 8000 8013 8416 
f 8001 8000 8419 8422 
f 8425 8012 8001 8422 
f 8002 8012 8425 8428 
f 8431 8003 8002 8428 
f 8434 8045 8003 8431 
f 8004 8045 8434 8437 
f 8005 8004 8437 8440 
f 8044 8005 8440 8443 
f 8446 8006 8044 8443 
f 8007 8006 8446 8449 
f 8008 8007 8449 8452 
f 8043 8008 8452 8455 
f 8009 8043 8455 8458 
f 8010 8009 8458 8461 
f 8464 8042 8010 8461 
f 8041 8042 8464 8467 
f 8011 8041 8467 8470 
f 8473 8040 8011 8470 
f 8002 8345 8046 8012 
f 8052 8001 8012 8046 
f 8053 8000 8001 8052 
f 8054 8013 8000 8053 
f 8055 7999 8013 8054 
f 8056 7998 7999 8055 
f 8057 8014 7998 8056 
f 8058 7996 8014 8057 
f 8058 8034 7997 7996 
f 8059 8033 8034 8058 
f 8060 8015 8033 8059 
f 8061 8016 8015 8060 
f 8062 8032 8016 8061 
f 8063 8017 8032 8062 
f 8064 8018 8017 8063 
f 8065 8019 8018 8064 
f 8347 8346 8019 8065 
f 8066 8348 8347 8065 
f 8067 8349 8348 8066 
f 8068 8350 8349 8067 
f 8069 8351 8350 8068 
f 8070 8352 8351 8069 
f 8071 8353 8352 8070 
f 8072 8354 8353 8071 
f 8073 8355 8354 8072 
f 8074 8356 8355 8073 
f 8075 8357 8356 8074 
f 8076 8358 8357 8075 
f 8077 8359 8358 8076 
f 8078 8360 8359 8077 
f 8079 8361 8360 8078 
f 8362 8361 8079 8080 
f 8363 8362 8080 8081 
f 8364 8363 8081 8082 
f 8365 8364 8082 8083 
f 8366 8365 8083 8084 
f 8367 8366 8084 8085 
f 8368 8367 8085 8086 
f 8369 8368 8086 8087 
f 8370 8369 8087 8088 
f 8371 8370 8088 8089 
f 8372 8371 8089 8090 
f 8373 8372 8090 8091 
f 8374 8373 8091 8092 
f 8375 8374 8092 8093 
f 8376 8375 8093 8094 
f 8377 8376 8094 8095 
f 8019 8346 8377 8095 
f 8096 8018 8019 8095 
f 8097 8017 8018 8096 
f 8097 8098 8032 8017 
f 8099 8016 8032 8098 
f 8100 8015 8016 8099 
f 8101 8033 8015 8100 
f 8102 8034 8033 8101 
f 8102 8035 7997 8034 
f 8103 7994 8035 8102 
f 8104 8036 7994 8103 
f 8105 8037 8036 8104 
f 8106 8038 8037 8105 
f 8107 7995 8038 8106 
f 8108 8039 7995 8107 
f 8050 8040 8039 8108 
f 8109 8332 8331 8049 
f 8110 8333 8332 8109 
f 8111 8334 8333 8110 
f 8112 8335 8334 8111 
f 8113 8336 8335 8112 
f 8114 8337 8336 8113 
f 8338 8337 8114 8115 
f 8339 8338 8115 8116 
f 8340 8339 8116 8117 
f 8341 8340 8117 8118 
f 8342 8341 8118 8119 
f 8343 8342 8119 8120 
f 8344 8343 8120 8121 
f 8345 8344 8121 8047 
f 8058 8057 8122 8059 
f 8057 8056 8123 8122 
f 8056 8055 8124 8123 
f 8055 8054 8125 8124 
f 8054 8053 8126 8125 
f 8053 8052 8127 8126 
f 8052 8046 8048 8127 
f 8050 8108 8128 8051 
f 8108 8107 8129 8128 
f 8107 8106 8130 8129 
f 8106 8105 8131 8130 
f 8105 8104 8132 8131 
f 8104 8103 8133 8132 
f 8103 8102 8101 8133 
f 8059 8122 8134 8060 
f 8060 8134 8135 8061 
f 8061 8135 8136 8062 
f 8062 8136 8137 8063 
f 8122 8123 8138 8134 
f 8134 8138 8139 8135 
f 8123 8124 8140 8138 
f 8138 8140 8141 8139 
f 8135 8139 8142 8136 
f 8136 8142 8143 8137 
f 8139 8141 8144 8142 
f 8142 8144 8145 8143 
f 8063 8137 8146 8064 
f 8064 8146 8066 8065 
f 8137 8143 8147 8146 
f 8146 8147 8067 8066 
f 8143 8145 8148 8147 
f 8147 8148 8068 8067 
f 8124 8125 8149 8140 
f 8140 8149 8150 8141 
f 8125 8126 8151 8149 
f 8149 8151 8152 8150 
f 8141 8150 8153 8144 
f 8144 8153 8154 8145 
f 8150 8152 8155 8153 
f 8153 8155 8156 8154 
f 8126 8127 8157 8151 
f 8151 8157 8158 8152 
f 8127 8048 8159 8157 
f 8161 8159 8316 8160 
f 8157 8159 8161 8158 
f 8152 8158 8162 8155 
f 8155 8162 8163 8156 
f 8158 8161 8164 8162 
f 8166 8164 8301 8165 
f 8162 8164 8166 8163 
f 8145 8154 8167 8148 
f 8148 8167 8069 8068 
f 8154 8156 8168 8167 
f 8167 8168 8070 8069 
f 8156 8163 8169 8168 
f 8168 8169 8071 8070 
f 8163 8166 8170 8169 
f 8072 8170 8286 8073 
f 8169 8170 8072 8071 
f 8121 8317 8316 8047 
f 8171 8302 8301 8160 
f 8120 8318 8317 8121 
f 8119 8319 8318 8120 
f 8173 8303 8302 8171 
f 8174 8304 8303 8173 
f 8172 8287 8286 8165 
f 8175 8288 8287 8172 
f 8176 8289 8288 8175 
f 8118 8320 8319 8119 
f 8117 8321 8320 8118 
f 8177 8305 8304 8174 
f 8178 8306 8305 8177 
f 8116 8322 8321 8117 
f 8115 8323 8322 8116 
f 8181 8307 8306 8178 
f 8182 8308 8307 8181 
f 8179 8290 8289 8176 
f 8180 8291 8290 8179 
f 8183 8292 8291 8180 
f 8184 8293 8292 8183 
f 8114 8324 8323 8115 
f 8114 8113 8325 8324 
f 8185 8309 8308 8182 
f 8185 8186 8310 8309 
f 8113 8112 8326 8325 
f 8112 8111 8327 8326 
f 8186 8189 8311 8310 
f 8189 8190 8312 8311 
f 8187 8294 8293 8184 
f 8187 8188 8295 8294 
f 8188 8191 8296 8295 
f 8191 8192 8297 8296 
f 8111 8110 8328 8327 
f 8110 8109 8329 8328 
f 8190 8193 8313 8312 
f 8193 8194 8314 8313 
f 8109 8049 8330 8329 
f 8051 8199 8330 8049 
f 8051 8128 8200 8199 
f 8199 8200 8201 8198 
f 8194 8197 8315 8314 
f 8198 8204 8315 8197 
f 8198 8201 8205 8204 
f 8204 8205 8206 8203 
f 8192 8195 8298 8297 
f 8195 8196 8299 8298 
f 8196 8202 8300 8299 
f 8203 8207 8300 8202 
f 8203 8206 8208 8207 
f 8207 8208 8089 8088 
f 8128 8129 8209 8200 
f 8200 8209 8210 8201 
f 8201 8210 8211 8205 
f 8205 8211 8212 8206 
f 8129 8130 8213 8209 
f 8209 8213 8214 8210 
f 8130 8131 8215 8213 
f 8213 8215 8216 8214 
f 8210 8214 8217 8211 
f 8211 8217 8218 8212 
f 8214 8216 8219 8217 
f 8217 8219 8220 8218 
f 8206 8212 8221 8208 
f 8208 8221 8090 8089 
f 8212 8218 8222 8221 
f 8221 8222 8091 8090 
f 8218 8220 8223 8222 
f 8222 8223 8092 8091 
f 8131 8132 8224 8215 
f 8215 8224 8225 8216 
f 8132 8133 8226 8224 
f 8224 8226 8227 8225 
f 8216 8225 8228 8219 
f 8219 8228 8229 8220 
f 8225 8227 8230 8228 
f 8228 8230 8231 8229 
f 8133 8101 8100 8226 
f 8226 8100 8099 8227 
f 8227 8099 8098 8230 
f 8230 8098 8097 8231 
f 8220 8229 8232 8223 
f 8223 8232 8093 8092 
f 8229 8231 8233 8232 
f 8232 8233 8094 8093 
f 8231 8097 8096 8233 
f 8233 8096 8095 8094 
f 8285 8031 8235 8234 
f 8236 8234 8235 8237 
f 8240 8238 8236 8237 
f 8240 8020 8239 8238 
f 8020 8243 8241 8239 
f 8243 8021 8242 8241 
f 8021 8246 8244 8242 
f 8246 8248 8245 8244 
f 8248 8250 8247 8245 
f 8250 8252 8249 8247 
f 8252 8254 8251 8249 
f 8254 8255 8253 8251 
f 8022 8256 8253 8255 
f 8259 8257 8256 8022 
f 8259 8023 8258 8257 
f 8023 8024 8260 8258 
f 8024 8262 8261 8260 
f 8025 8263 8261 8262 
f 8025 8026 8264 8263 
f 8026 8266 8265 8264 
f 8268 8267 8265 8266 
f 8271 8269 8267 8268 
f 8271 8027 8270 8269 
f 8273 8272 8270 8027 
f 8028 8274 8272 8273 
f 8276 8275 8274 8028 
f 8029 8277 8275 8276 
f 8279 8278 8277 8029 
f 8030 8280 8278 8279 
f 8282 8281 8280 8030 
f 8284 8283 8281 8282 
f 8031 8285 8283 8284 
f 8074 8073 8286 8287 
f 8075 8074 8287 8288 
f 8076 8075 8288 8289 
f 8077 8076 8289 8290 
f 8078 8077 8290 8291 
f 8079 8078 8291 8292 
f 8080 8079 8292 8293 
f 8081 8080 8293 8294 
f 8295 8082 8081 8294 
f 8296 8083 8082 8295 
f 8297 8084 8083 8296 
f 8298 8085 8084 8297 
f 8299 8086 8085 8298 
f 8300 8087 8086 8299 
f 8172 8165 8301 8302 
f 8175 8172 8302 8303 
f 8176 8175 8303 8304 
f 8179 8176 8304 8305 
f 8180 8179 8305 8306 
f 8183 8180 8306 8307 
f 8184 8183 8307 8308 
f 8187 8184 8308 8309 
f 8310 8188 8187 8309 
f 8311 8191 8188 8310 
f 8312 8192 8191 8311 
f 8313 8195 8192 8312 
f 8314 8196 8195 8313 
f 8315 8202 8196 8314 
f 8171 8160 8316 8317 
f 8173 8171 8317 8318 
f 8174 8173 8318 8319 
f 8177 8174 8319 8320 
f 8178 8177 8320 8321 
f 8181 8178 8321 8322 
f 8182 8181 8322 8323 
f 8185 8182 8323 8324 
f 8325 8186 8185 8324 
f 8326 8189 8186 8325 
f 8327 8190 8189 8326 
f 8328 8193 8190 8327 
f 8329 8194 8193 8328 
f 8330 8197 8194 8329 
f 8041 8011 8331 8332 
f 8042 8041 8332 8333 
f 8010 8042 8333 8334 
f 8009 8010 8334 8335 
f 8043 8009 8335 8336 
f 8008 8043 8336 8337 
f 8007 8008 8337 8338 
f 8006 8007 8338 8339 
f 8340 8044 8006 8339 
f 8341 8005 8044 8340 
f 8342 8004 8005 8341 
f 8343 8045 8004 8342 
f 8344 8003 8045 8343 
f 8345 8002 8003 8344 
f 8047 8048 8046 8345 
f 8011 8040 8050 8331 
f 8049 8331 8050 8051 
f 8048 8047 8316 8159 
f 8198 8197 8330 8199 
f 8161 8160 8301 8164 
f 8203 8202 8315 8204 
f 8166 8165 8286 8170 
f 8088 8087 8300 8207 
f 8240 8237 8346 8347 
f 8020 8240 8347 8348 
f 8243 8020 8348 8349 
f 8021 8243 8349 8350 
f 8246 8021 8350 8351 
f 8248 8246 8351 8352 
f 8250 8248 8352 8353 
f 8252 8250 8353 8354 
f 8254 8252 8354 8355 
f 8255 8254 8355 8356 
f 8022 8255 8356 8357 
f 8259 8022 8357 8358 
f 8023 8259 8358 8359 
f 8024 8023 8359 8360 
f 8262 8024 8360 8361 
f 8025 8262 8361 8362 
f 8026 8025 8362 8363 
f 8364 8266 8026 8363 
f 8365 8268 8266 8364 
f 8366 8271 8268 8365 
f 8367 8027 8271 8366 
f 8368 8273 8027 8367 
f 8369 8028 8273 8368 
f 8370 8276 8028 8369 
f 8371 8029 8276 8370 
f 8372 8279 8029 8371 
f 8373 8030 8279 8372 
f 8374 8282 8030 8373 
f 8375 8284 8282 8374 
f 8376 8031 8284 8375 
f 8377 8235 8031 8376 
f 8237 8235 8377 8346 
s 2
f 8384 8380 8378 
f 8380 8386 8378 
f 8386 8389 8378 
f 8389 8392 8378 
f 8392 8395 8378 
f 8395 8398 8378 
f 8398 8401 8378 
f 8405 8384 8378 
f 8408 8405 8378 
f 8411 8408 8378 
f 8414 8411 8378 
f 8417 8414 8378 
f 8420 8417 8378 
f 8423 8420 8378 
f 8426 8423 8378 
f 8429 8426 8378 
f 8432 8429 8378 
f 8435 8432 8378 
f 8438 8435 8378 
f 8441 8438 8378 
f 8444 8441 8378 
f 8447 8444 8378 
f 8450 8447 8378 
f 8453 8450 8378 
f 8456 8453 8378 
f 8459 8456 8378 
f 8462 8459 8378 
f 8465 8462 8378 
f 8468 8465 8378 
f 8471 8468 8378 
f 8474 8471 8378 
f 8401 8474 8378 
s 1
f 8402 8473 8472 8400 
f 8383 8381 8379 8382 
f 8381 8387 8385 8379 
f 8387 8390 8388 8385 
f 8390 8393 8391 8388 
f 8393 8396 8394 8391 
f 8396 8399 8397 8394 
f 8399 8402 8400 8397 
f 8404 8383 8382 8403 
f 8407 8404 8403 8406 
f 8410 8407 8406 8409 
f 8413 8410 8409 8412 
f 8416 8413 8412 8415 
f 8419 8416 8415 8418 
f 8422 8419 8418 8421 
f 8425 8422 8421 8424 
f 8428 8425 8424 8427 
f 8431 8428 8427 8430 
f 8434 8431 8430 8433 
f 8437 8434 8433 8436 
f 8440 8437 8436 8439 
f 8443 8440 8439 8442 
f 8446 8443 8442 8445 
f 8449 8446 8445 8448 
f 8452 8449 8448 8451 
f 8455 8452 8451 8454 
f 8458 8455 8454 8457 
f 8461 8458 8457 8460 
f 8464 8461 8460 8463 
f 8467 8464 8463 8466 
f 8470 8467 8466 8469 
f 8473 8470 8469 8472 
s 2
f 8380 8384 8382 8379 
f 8386 8380 8379 8385 
f 8389 8386 8385 8388 
f 8392 8389 8388 8391 
f 8395 8392 8391 8394 
f 8398 8395 8394 8397 
f 8401 8398 8397 8400 
f 8384 8405 8403 8382 
f 8405 8408 8406 8403 
f 8408 8411 8409 8406 
f 8411 8414 8412 8409 
f 8414 8417 8415 8412 
f 8417 8420 8418 8415 
f 8420 8423 8421 8418 
f 8423 8426 8424 8421 
f 8426 8429 8427 8424 
f 8429 8432 8430 8427 
f 8432 8435 8433 8430 
f 8435 8438 8436 8433 
f 8438 8441 8439 8436 
f 8441 8444 8442 8439 
f 8444 8447 8445 8442 
f 8447 8450 8448 8445 
f 8450 8453 8451 8448 
f 8453 8456 8454 8451 
f 8456 8459 8457 8454 
f 8459 8462 8460 8457 
f 8462 8465 8463 8460 
f 8465 8468 8466 8463 
f 8468 8471 8469 8466 
f 8471 8474 8472 8469 
f 8474 8401 8400 8472 
s 1
f 8478 8476 8475 8477 
f 8480 8478 8477 8479 
f 8482 8480 8479 8481 
f 8484 8482 8481 8483 
f 8486 8484 8483 8485 
f 8488 8486 8485 8487 
f 8490 8488 8487 8489 
f 8492 8490 8489 8491 
f 8494 8492 8491 8493 
f 8496 8494 8493 8495 
f 8498 8496 8495 8497 
f 8500 8498 8497 8499 
f 8502 8500 8499 8501 
f 8504 8502 8501 8503 
f 8506 8504 8503 8505 
f 8508 8506 8505 8507 
f 8510 8508 8507 8509 
f 8512 8510 8509 8511 
f 8514 8512 8511 8513 
f 8516 8514 8513 8515 
f 8518 8516 8515 8517 
f 8520 8518 8517 8519 
f 8522 8520 8519 8521 
f 8524 8522 8521 8523 
f 8526 8524 8523 8525 
f 8528 8526 8525 8527 
f 8530 8528 8527 8529 
f 8532 8530 8529 8531 
f 8534 8532 8531 8533 
f 8536 8534 8533 8535 
f 8538 8536 8535 8537 
f 8476 8538 8537 8475 
f 8540 8542 8541 8539 
f 8542 8544 8543 8541 
f 8544 8574 8573 8543 
f 8574 8572 8571 8573 
f 8572 8570 8569 8571 
f 8570 8568 8567 8569 
f 8568 8566 8565 8567 
f 8566 8562 8561 8565 
f 8562 8564 8563 8561 
f 8564 8576 8575 8563 
f 8576 8578 8577 8575 
f 8578 8580 8579 8577 
f 8580 8582 8581 8579 
f 8582 8584 8583 8581 
f 8584 8586 8585 8583 
f 8586 8588 8587 8585 
f 8588 8590 8589 8587 
f 8590 8592 8591 8589 
f 8592 8594 8593 8591 
f 8594 8596 8595 8593 
f 8596 8598 8597 8595 
f 8598 8600 8599 8597 
f 8600 8602 8601 8599 
f 8602 8560 8559 8601 
f 8560 8558 8557 8559 
f 8558 8556 8555 8557 
f 8556 8554 8553 8555 
f 8554 8552 8551 8553 
f 8552 8550 8549 8551 
f 8550 8548 8547 8549 
f 8548 8546 8545 8547 
f 8546 8540 8539 8545 
f 8606 8604 8603 8605 
f 8610 8608 8607 8609 
f 8614 8612 8611 8613 
f 8618 8616 8615 8617 
f 8622 8620 8619 8621 
f 8626 8624 8623 8625 
f 8630 8628 8627 8629 
f 8634 8632 8631 8633 
f 8638 8636 8635 8637 
f 8642 8640 8639 8641 
f 8646 8644 8643 8645 
f 8650 8648 8647 8649 
f 8654 8652 8651 8653 
f 8658 8656 8655 8657 
f 8662 8660 8659 8661 
f 8666 8664 8663 8665 
f 8608 8606 8605 8607 
f 8612 8610 8609 8611 
f 8616 8614 8613 8615 
f 8620 8618 8617 8619 
f 8624 8622 8621 8623 
f 8628 8626 8625 8627 
f 8632 8630 8629 8631 
f 8636 8634 8633 8635 
f 8640 8638 8637 8639 
f 8644 8642 8641 8643 
f 8648 8646 8645 8647 
f 8652 8650 8649 8651 
f 8656 8654 8653 8655 
f 8660 8658 8657 8659 
f 8664 8662 8661 8663 
f 8668 8666 8665 8667 
f 8604 8670 8669 8603 
f 8674 8672 8671 8673 
f 8678 8676 8675 8677 
f 8682 8680 8679 8681 
f 8686 8684 8683 8685 
f 8690 8688 8687 8689 
f 8694 8692 8691 8693 
f 8698 8696 8695 8697 
f 8702 8700 8699 8701 
f 8706 8704 8703 8705 
f 8710 8708 8707 8709 
f 8714 8712 8711 8713 
f 8718 8716 8715 8717 
f 8722 8720 8719 8721 
f 8726 8724 8723 8725 
f 8730 8728 8727 8729 
f 8670 8674 8673 8669 
f 8672 8678 8677 8671 
f 8676 8682 8681 8675 
f 8680 8686 8685 8679 
f 8684 8690 8689 8683 
f 8688 8694 8693 8687 
f 8692 8698 8697 8691 
f 8696 8702 8701 8695 
f 8700 8706 8705 8699 
f 8704 8710 8709 8703 
f 8708 8714 8713 8707 
f 8712 8718 8717 8711 
f 8716 8722 8721 8715 
f 8720 8726 8725 8719 
f 8724 8730 8729 8723 
f 8728 8668 8667 8727 
f 8764 8766 8765 8763 
f 8766 8768 8767 8765 
f 8768 8770 8769 8767 
f 8770 8772 8771 8769 
f 8772 8774 8773 8771 
f 8774 8776 8775 8773 
f 8776 8778 8777 8775 
f 8778 8780 8779 8777 
f 8780 8782 8781 8779 
f 8782 8784 8783 8781 
f 8784 8786 8785 8783 
f 8786 8788 8787 8785 
f 8788 8790 8789 8787 
f 8790 8792 8791 8789 
f 8792 8794 8793 8791 
f 8794 8732 8731 8793 
f 8732 8734 8733 8731 
f 8734 8736 8735 8733 
f 8736 8738 8737 8735 
f 8738 8740 8739 8737 
f 8740 8742 8741 8739 
f 8742 8744 8743 8741 
f 8744 8746 8745 8743 
f 8746 8748 8747 8745 
f 8748 8750 8749 8747 
f 8750 8752 8751 8749 
f 8752 8754 8753 8751 
f 8754 8756 8755 8753 
f 8756 8758 8757 8755 
f 8758 8760 8759 8757 
f 8760 8762 8761 8759 
f 8762 8764 8763 8761 
f 8798 8796 8795 8797 
f 8796 8800 8799 8795 
f 8800 8802 8801 8799 
f 8802 8804 8803 8801 
f 8804 8806 8805 8803 
f 8806 8808 8807 8805 
f 8808 8810 8809 8807 
f 8810 8812 8811 8809 
f 8812 8814 8813 8811 
f 8814 8816 8815 8813 
f 8816 8818 8817 8815 
f 8818 8820 8819 8817 
f 8820 8822 8821 8819 
f 8822 8824 8823 8821 
f 8824 8826 8825 8823 
f 8826 8828 8827 8825 
f 8828 8830 8829 8827 
f 8830 8832 8831 8829 
f 8832 8834 8833 8831 
f 8834 8836 8835 8833 
f 8836 8838 8837 8835 
f 8838 8840 8839 8837 
f 8840 8842 8841 8839 
f 8842 8844 8843 8841 
f 8844 8846 8845 8843 
f 8846 8848 8847 8845 
f 8848 8850 8849 8847 
f 8850 8852 8851 8849 
f 8852 8854 8853 8851 
f 8854 8856 8855 8853 
f 8856 8858 8857 8855 
f 8858 8798 8797 8857 
f 8861 8860 8859 8969 
f 8863 8862 8860 8861 
f 8865 8864 8862 8863 
f 8866 8874 8864 8865 
f 8868 8867 8874 8866 
f 8869 8881 8867 8868 
f 8871 8870 8881 8869 
f 8873 8872 8870 8871 
f 8876 8883 8864 8874 
f 8882 8883 8875 8889 
f 8875 8883 8876 8877 
f 8889 8878 8884 8882 
f 8879 8885 8993 8994 
f 8890 8886 8885 8879 
f 8892 8887 8886 8890 
f 8880 8888 8887 8892 
f 8877 8876 8888 8880 
f 8874 8867 8888 8876 
f 8867 8881 8887 8888 
f 8881 8870 8886 8887 
f 8870 8872 8885 8886 
f 8872 8993 8885 
f 8860 8862 8882 8884 
f 8862 8864 8883 8882 
f 8878 8897 8896 9002 
f 8889 8898 8897 8878 
f 8875 8899 8898 8889 
f 8877 8900 8899 8875 
f 8891 8890 8879 8895 
f 8893 8892 8890 8891 
f 8894 8880 8892 8893 
f 8900 8877 8880 8894 
f 8912 8906 8894 8893 
f 8891 8911 8912 8893 
f 8895 9012 8911 8891 
f 8897 8909 8910 8896 
f 8898 8908 8909 8897 
f 8899 8907 8908 8898 
f 8900 8901 8907 8899 
f 8901 8906 8919 8905 
f 8894 8906 8901 8900 
f 8906 8912 8921 8919 
f 8902 8921 8912 8911 
f 8911 9012 8961 8902 
f 8903 8962 8960 8910 
f 8904 8903 8910 8909 
f 8916 8904 8909 8908 
f 8918 8916 8908 8907 
f 8907 8901 8905 8918 
f 8903 8904 8913 8926 
f 8904 8916 8914 8913 
f 8916 8918 8915 8914 
f 8918 8905 8917 8915 
f 8905 8919 8927 8917 
f 8919 8921 8928 8927 
f 8921 8902 8920 8928 
f 8902 8961 8922 8920 
f 8934 8923 8925 8935 
f 8934 8936 8924 8923 
f 8913 8938 8937 8926 
f 8914 8939 8938 8913 
f 8915 8940 8939 8914 
f 8917 8941 8940 8915 
f 8927 8942 8941 8917 
f 8928 8943 8942 8927 
f 8920 8944 8943 8928 
f 8922 8964 8944 8920 
f 8945 8929 8924 8936 
f 8946 8930 8929 8945 
f 8946 8947 8931 8930 
f 8948 8932 8931 8947 
f 8948 8949 8933 8932 
f 8944 8950 8951 8943 
f 8950 8949 8948 8951 
f 8943 8951 8952 8942 
f 8942 8952 8953 8941 
f 8951 8948 8947 8952 
f 8952 8947 8946 8953 
f 8941 8953 8954 8940 
f 8940 8954 8955 8939 
f 8953 8946 8945 8954 
f 8954 8945 8936 8955 
f 8939 8955 8956 8938 
f 8938 8956 8957 8937 
f 8955 8936 8934 8956 
f 8956 8934 8935 8957 
f 8937 8957 9065 8963 
f 8957 8935 9066 9065 
f 8925 8923 8958 
f 8923 8924 8958 
f 8924 8929 8958 
f 8929 8930 8958 
f 8930 8931 8958 
f 8931 8932 8958 
f 8932 8933 8958 
f 8933 9067 8958 
f 8872 8873 9068 
f 8959 8884 8878 9002 
f 8859 8860 8884 8959 
f 8895 8879 8994 
f 8896 8910 8960 
f 8962 8903 8926 
f 9066 8935 8925 9069 
f 8926 8937 8963 
f 9067 8933 8949 8965 
f 8966 8950 8944 8964 
f 8965 8949 8950 8966 
f 9069 8925 8958 
f 8967 8969 8859 8968 
f 8970 8967 8968 8971 
f 8972 8970 8971 8973 
f 8974 8972 8973 8975 
f 8976 8974 8975 8977 
f 8978 8976 8977 8979 
f 8980 8978 8979 8981 
f 8982 8980 8981 8872 
f 8983 8975 8973 8984 
f 8985 8987 8986 8984 
f 8986 8988 8983 8984 
f 8987 8985 8990 8989 
f 8991 8994 8993 8992 
f 8995 8991 8992 8996 
f 8997 8995 8996 8998 
f 8999 8997 8998 9000 
f 8988 8999 9000 8983 
f 8975 8983 9000 8977 
f 8977 9000 8998 8979 
f 8979 8998 8996 8981 
f 8981 8996 8992 8872 
f 8872 8992 8993 
f 8968 8990 8985 8971 
f 8971 8985 8984 8973 
f 8989 9002 8896 9001 
f 8987 8989 9001 9003 
f 8986 8987 9003 9004 
f 8988 8986 9004 9005 
f 9006 8895 8991 8995 
f 9007 9006 8995 8997 
f 9008 9007 8997 8999 
f 9005 9008 8999 8988 
f 9009 9007 9008 9010 
f 9006 9007 9009 9011 
f 8895 9006 9011 9012 
f 9001 8896 9014 9013 
f 9003 9001 9013 9015 
f 9004 9003 9015 9016 
f 9005 9004 9016 9017 
f 9017 9019 9018 9010 
f 9008 9005 9017 9010 
f 9010 9018 9020 9009 
f 9021 9011 9009 9020 
f 9011 9021 8961 9012 
f 9022 9014 8960 8962 
f 9023 9013 9014 9022 
f 9024 9015 9013 9023 
f 9025 9016 9015 9024 
f 9016 9025 9019 9017 
f 9022 8926 9026 9023 
f 9023 9026 9027 9024 
f 9024 9027 9028 9025 
f 9025 9028 9029 9019 
f 9019 9029 9030 9018 
f 9018 9030 9031 9020 
f 9020 9031 9032 9021 
f 9021 9032 8922 8961 
f 9033 9036 9035 9034 
f 9033 9034 9038 9037 
f 9026 8926 9040 9039 
f 9027 9026 9039 9041 
f 9028 9027 9041 9042 
f 9029 9028 9042 9043 
f 9030 9029 9043 9044 
f 9031 9030 9044 9045 
f 9032 9031 9045 9046 
f 8922 9032 9046 8964 
f 9047 9037 9038 9048 
f 9049 9047 9048 9050 
f 9049 9050 9052 9051 
f 9053 9051 9052 9054 
f 9053 9054 9056 9055 
f 9046 9045 9058 9057 
f 9057 9058 9053 9055 
f 9045 9044 9059 9058 
f 9044 9043 9060 9059 
f 9058 9059 9051 9053 
f 9059 9060 9049 9051 
f 9043 9042 9061 9060 
f 9042 9041 9062 9061 
f 9060 9061 9047 9049 
f 9061 9062 9037 9047 
f 9041 9039 9063 9062 
f 9039 9040 9064 9063 
f 9062 9063 9033 9037 
f 9063 9064 9036 9033 
f 9040 8963 9065 9064 
f 9064 9065 9066 9036 
f 9035 8958 9034 
f 9034 8958 9038 
f 9038 8958 9048 
f 9048 8958 9050 
f 9050 8958 9052 
f 9052 8958 9054 
f 9054 8958 9056 
f 9056 8958 9067 
f 8872 9068 8982 
f 8959 9002 8989 8990 
f 8859 8959 8990 8968 
f 8895 8994 8991 
f 8896 8960 9014 
f 8962 8926 9022 
f 9066 9069 9035 9036 
f 8926 8963 9040 
f 9067 8965 9055 9056 
f 8966 8964 9046 9057 
f 8965 8966 9057 9055 
f 9069 8958 9035 
s 2
f 9172 9265 9267 9170 
f 9271 9176 9178 9269 
f 9273 9182 9176 9271 
f 9273 9275 9185 9182 
f 9277 9188 9185 9275 
f 9277 9279 9191 9188 
f 9279 9281 9194 9191 
f 9283 9197 9194 9281 
f 9285 9200 9197 9283 
f 9287 9203 9200 9285 
f 9289 9206 9203 9287 
f 9289 9291 9209 9206 
f 9293 9212 9209 9291 
f 9295 9215 9212 9293 
f 9295 9297 9218 9215 
f 9297 9265 9172 9218 
s 1
f 9328 9330 9264 9296 
f 9296 9294 9332 9328 
f 9294 9292 9334 9332 
f 9292 9290 9336 9334 
f 9290 9288 9338 9336 
f 9288 9286 9340 9338 
f 9286 9284 9342 9340 
f 9284 9282 9344 9342 
f 9282 9280 9346 9344 
f 9280 9278 9348 9346 
f 9278 9276 9350 9348 
f 9276 9274 9352 9350 
f 9274 9272 9354 9352 
f 9272 9270 9356 9354 
f 9270 9268 9358 9356 
f 9268 9298 9360 9358 
f 9298 9300 9362 9360 
f 9300 9302 9364 9362 
f 9302 9304 9366 9364 
f 9304 9306 9368 9366 
f 9306 9308 9370 9368 
f 9308 9310 9372 9370 
f 9310 9312 9374 9372 
f 9312 9314 9376 9374 
f 9314 9316 9378 9376 
f 9316 9318 9380 9378 
f 9318 9320 9382 9380 
f 9320 9322 9384 9382 
f 9322 9324 9386 9384 
f 9324 9326 9388 9386 
f 9326 9266 9390 9388 
f 9266 9264 9330 9390 
s 2
f 9073 9333 9335 9077 
f 9079 9357 9359 9083 
f 9079 9085 9355 9357 
f 9085 9088 9353 9355 
f 9088 9091 9351 9353 
f 9091 9094 9349 9351 
f 9097 9347 9349 9094 
f 9097 9100 9345 9347 
f 9103 9343 9345 9100 
f 9106 9341 9343 9103 
f 9109 9339 9341 9106 
f 9109 9112 9337 9339 
f 9077 9335 9337 9112 
f 9331 9119 9115 9391 
f 9329 9122 9119 9331 
f 9333 9073 9122 9329 
s 4
f 9327 9221 9170 9267 
f 9223 9299 9269 9178 
f 9226 9301 9299 9223 
f 9229 9303 9301 9226 
f 9232 9305 9303 9229 
f 9235 9307 9305 9232 
f 9238 9309 9307 9235 
f 9241 9311 9309 9238 
f 9244 9313 9311 9241 
f 9247 9315 9313 9244 
f 9250 9317 9315 9247 
f 9253 9319 9317 9250 
f 9256 9321 9319 9253 
f 9259 9323 9321 9256 
f 9262 9325 9323 9259 
f 9221 9327 9325 9262 
f 9124 9389 9391 9115 
f 9361 9128 9083 9359 
f 9363 9131 9128 9361 
f 9365 9134 9131 9363 
f 9367 9137 9134 9365 
f 9369 9140 9137 9367 
f 9371 9143 9140 9369 
f 9373 9146 9143 9371 
f 9375 9149 9146 9373 
f 9377 9152 9149 9375 
f 9379 9155 9152 9377 
f 9381 9158 9155 9379 
f 9383 9161 9158 9381 
f 9385 9164 9161 9383 
f 9387 9167 9164 9385 
f 9389 9124 9167 9387 
s off
f 9173 9169 9070 
f 9169 9220 9070 
f 9220 9263 9070 
f 9263 9260 9070 
f 9260 9257 9070 
f 9257 9254 9070 
f 9254 9251 9070 
f 9251 9248 9070 
f 9248 9245 9070 
f 9245 9242 9070 
f 9242 9239 9070 
f 9239 9236 9070 
f 9236 9233 9070 
f 9233 9230 9070 
f 9230 9227 9070 
f 9227 9224 9070 
f 9224 9179 9070 
f 9179 9175 9070 
f 9175 9181 9070 
f 9181 9184 9070 
f 9184 9187 9070 
f 9187 9190 9070 
f 9190 9193 9070 
f 9193 9196 9070 
f 9196 9199 9070 
f 9199 9202 9070 
f 9202 9205 9070 
f 9205 9208 9070 
f 9208 9211 9070 
f 9211 9214 9070 
f 9214 9217 9070 
f 9217 9173 9070 
f 9074 9076 9071 
f 9076 9113 9071 
f 9113 9110 9071 
f 9110 9107 9071 
f 9107 9104 9071 
f 9104 9101 9071 
f 9101 9098 9071 
f 9098 9095 9071 
f 9095 9092 9071 
f 9092 9089 9071 
f 9089 9086 9071 
f 9086 9080 9071 
f 9080 9082 9071 
f 9082 9127 9071 
f 9127 9130 9071 
f 9130 9133 9071 
f 9133 9136 9071 
f 9136 9139 9071 
f 9139 9142 9071 
f 9142 9145 9071 
f 9145 9148 9071 
f 9148 9151 9071 
f 9151 9154 9071 
f 9154 9157 9071 
f 9157 9160 9071 
f 9160 9163 9071 
f 9163 9166 9071 
f 9166 9125 9071 
f 9125 9116 9071 
f 9116 9118 9071 
f 9118 9121 9071 
f 9121 9074 9071 
s 2
f 9073 9077 9075 9072 
f 9079 9083 9081 9078 
f 9085 9079 9078 9084 
f 9088 9085 9084 9087 
f 9091 9088 9087 9090 
f 9094 9091 9090 9093 
f 9097 9094 9093 9096 
f 9100 9097 9096 9099 
f 9103 9100 9099 9102 
f 9106 9103 9102 9105 
f 9109 9106 9105 9108 
f 9112 9109 9108 9111 
f 9077 9112 9111 9075 
f 9115 9119 9117 9114 
f 9119 9122 9120 9117 
f 9122 9073 9072 9120 
s 4
f 9124 9115 9114 9123 
f 9083 9128 9126 9081 
f 9128 9131 9129 9126 
f 9131 9134 9132 9129 
f 9134 9137 9135 9132 
f 9137 9140 9138 9135 
f 9140 9143 9141 9138 
f 9143 9146 9144 9141 
f 9146 9149 9147 9144 
f 9149 9152 9150 9147 
f 9152 9155 9153 9150 
f 9155 9158 9156 9153 
f 9158 9161 9159 9156 
f 9161 9164 9162 9159 
f 9164 9167 9165 9162 
f 9167 9124 9123 9165 
s off
f 9076 9074 9072 9075 
f 9113 9076 9075 9111 
f 9110 9113 9111 9108 
f 9107 9110 9108 9105 
f 9104 9107 9105 9102 
f 9101 9104 9102 9099 
f 9098 9101 9099 9096 
f 9095 9098 9096 9093 
f 9092 9095 9093 9090 
f 9089 9092 9090 9087 
f 9086 9089 9087 9084 
f 9080 9086 9084 9078 
f 9082 9080 9078 9081 
f 9127 9082 9081 9126 
f 9130 9127 9126 9129 
f 9133 9130 9129 9132 
f 9136 9133 9132 9135 
f 9139 9136 9135 9138 
f 9142 9139 9138 9141 
f 9145 9142 9141 9144 
f 9148 9145 9144 9147 
f 9151 9148 9147 9150 
f 9154 9151 9150 9153 
f 9157 9154 9153 9156 
f 9160 9157 9156 9159 
f 9163 9160 9159 9162 
f 9166 9163 9162 9165 
f 9125 9166 9165 9123 
f 9116 9125 9123 9114 
f 9118 9116 9114 9117 
f 9121 9118 9117 9120 
f 9074 9121 9120 9072 
s 2
f 9172 9170 9168 9171 
f 9178 9176 9174 9177 
f 9176 9182 9180 9174 
f 9182 9185 9183 9180 
f 9185 9188 9186 9183 
f 9188 9191 9189 9186 
f 9191 9194 9192 9189 
f 9194 9197 9195 9192 
f 9197 9200 9198 9195 
f 9200 9203 9201 9198 
f 9203 9206 9204 9201 
f 9206 9209 9207 9204 
f 9209 9212 9210 9207 
f 9212 9215 9213 9210 
f 9215 9218 9216 9213 
f 9218 9172 9171 9216 
s 4
f 9170 9221 9219 9168 
f 9223 9178 9177 9222 
f 9226 9223 9222 9225 
f 9229 9226 9225 9228 
f 9232 9229 9228 9231 
f 9235 9232 9231 9234 
f 9238 9235 9234 9237 
f 9241 9238 9237 9240 
f 9244 9241 9240 9243 
f 9247 9244 9243 9246 
f 9250 9247 9246 9249 
f 9253 9250 9249 9252 
f 9256 9253 9252 9255 
f 9259 9256 9255 9258 
f 9262 9259 9258 9261 
f 9221 9262 9261 9219 
s off
f 9169 9173 9171 9168 
f 9220 9169 9168 9219 
f 9263 9220 9219 9261 
f 9260 9263 9261 9258 
f 9257 9260 9258 9255 
f 9254 9257 9255 9252 
f 9251 9254 9252 9249 
f 9248 9251 9249 9246 
f 9245 9248 9246 9243 
f 9242 9245 9243 9240 
f 9239 9242 9240 9237 
f 9236 9239 9237 9234 
f 9233 9236 9234 9231 
f 9230 9233 9231 9228 
f 9227 9230 9228 9225 
f 9224 9227 9225 9222 
f 9179 9224 9222 9177 
f 9175 9179 9177 9174 
f 9181 9175 9174 9180 
f 9184 9181 9180 9183 
f 9187 9184 9183 9186 
f 9190 9187 9186 9189 
f 9193 9190 9189 9192 
f 9196 9193 9192 9195 
f 9199 9196 9195 9198 
f 9202 9199 9198 9201 
f 9205 9202 9201 9204 
f 9208 9205 9204 9207 
f 9211 9208 9207 9210 
f 9214 9211 9210 9213 
f 9217 9214 9213 9216 
f 9173 9217 9216 9171 
s 2
f 9267 9265 9264 9266 
f 9271 9269 9268 9270 
f 9273 9271 9270 9272 
f 9275 9273 9272 9274 
f 9277 9275 9274 9276 
f 9279 9277 9276 9278 
f 9281 9279 9278 9280 
f 9283 9281 9280 9282 
f 9285 9283 9282 9284 
f 9287 9285 9284 9286 
f 9289 9287 9286 9288 
f 9291 9289 9288 9290 
f 9293 9291 9290 9292 
f 9295 9293 9292 9294 
f 9297 9295 9294 9296 
f 9265 9297 9296 9264 
s 4
f 9327 9267 9266 9326 
f 9269 9299 9298 9268 
f 9299 9301 9300 9298 
f 9301 9303 9302 9300 
f 9303 9305 9304 9302 
f 9305 9307 9306 9304 
f 9307 9309 9308 9306 
f 9309 9311 9310 9308 
f 9311 9313 9312 9310 
f 9313 9315 9314 9312 
f 9315 9317 9316 9314 
f 9317 9319 9318 9316 
f 9319 9321 9320 9318 
f 9321 9323 9322 9320 
f 9323 9325 9324 9322 
f 9325 9327 9326 9324 
s 2
f 9335 9333 9332 9334 
f 9359 9357 9356 9358 
f 9357 9355 9354 9356 
f 9355 9353 9352 9354 
f 9353 9351 9350 9352 
f 9351 9349 9348 9350 
f 9349 9347 9346 9348 
f 9347 9345 9344 9346 
f 9345 9343 9342 9344 
f 9343 9341 9340 9342 
f 9341 9339 9338 9340 
f 9339 9337 9336 9338 
f 9337 9335 9334 9336 
f 9331 9391 9390 9330 
f 9329 9331 9330 9328 
f 9333 9329 9328 9332 
s 4
f 9391 9389 9388 9390 
f 9361 9359 9358 9360 
f 9363 9361 9360 9362 
f 9365 9363 9362 9364 
f 9367 9365 9364 9366 
f 9369 9367 9366 9368 
f 9371 9369 9368 9370 
f 9373 9371 9370 9372 
f 9375 9373 9372 9374 
f 9377 9375 9374 9376 
f 9379 9377 9376 9378 
f 9381 9379 9378 9380 
f 9383 9381 9380 9382 
f 9385 9383 9382 9384 
f 9387 9385 9384 9386 
f 9389 9387 9386 9388 
# 8832 polygons - 810 triangles

