# 3ds Max Wavefront OBJ Exporter v0.99 - (c)2007 guruware
# File Created: 17.11.2022 15:40:21

#
# object 15847T
#

v  25.0249 -0.0000 -14.3027
v  33.3532 -0.0000 -13.9526
v  43.1145 -9.5612 0.7047
v  43.3936 -4.9691 0.4161
v  43.0323 -3.0501 -0.0913
v  43.0288 -4.9829 -0.0287
v  33.8871 -2.9879 -13.6982
v  33.3613 -2.9920 -13.9387
v  32.8899 -2.9970 -14.0441
v  4.7799 -3.0717 -14.8628
v  8.7807 -3.0012 -14.7581
v  16.9691 -3.0167 -14.5265
v  24.9919 -2.9974 -14.3053
v  29.0198 -3.0105 -14.1835
v  30.9614 -3.0114 -14.1305
v  31.9206 -3.0066 -14.1091
v  32.4038 -3.0022 -14.0930
v  34.3531 -2.9830 -13.2535
v  34.7058 -2.9758 -12.6858
v  35.8798 -2.9452 -10.2946
v  37.2918 -2.9338 -8.1617
v  38.8133 -2.9532 -6.1849
v  40.6251 -3.0244 -3.9040
v  41.9859 -3.0742 -1.9255
v  43.8401 -4.9610 0.7895
v  43.8033 -6.5419 0.8133
v  43.1148 -9.9079 0.8342
v  0.6144 -5.4196 -14.9012
v  4.7800 -5.4125 -14.8679
v  0.6144 -7.4448 -14.1635
v  0.6146 -11.1865 -0.4263
v  0.6144 -10.9289 -1.7514
v  8.7807 -5.3024 -14.7579
v  16.9691 -5.2692 -14.5290
v  4.7801 -7.4068 -14.1255
v  8.7807 -7.3188 -14.1250
v  4.7799 -8.4864 -12.4196
v  8.7807 -8.3389 -12.4777
v  16.9691 -7.2422 -13.9832
v  16.9691 -8.1878 -12.4210
v  4.7800 -9.3209 -9.7758
v  8.7807 -9.0699 -10.0475
v  4.7801 -9.7054 -7.9325
v  8.7806 -9.4169 -8.3590
v  4.7804 -10.3248 -4.1651
v  0.6144 -10.7238 -3.1581
v  4.7804 -10.4162 -3.5953
v  4.7803 -10.5771 -2.6673
v  8.7806 -10.0029 -4.8266
v  12.8644 -9.1842 -8.6130
v  12.8644 -8.9049 -10.1727
v  12.8643 -9.7118 -5.2750
v  16.9692 -9.3087 -5.5800
v  16.9691 -8.8962 -8.8182
v  8.7807 -10.1016 -4.2466
v  8.7806 -10.2901 -3.2993
v  12.8645 -9.8217 -4.6718
v  16.9697 -9.4098 -4.9306
v  12.8643 -10.0377 -3.6812
v  16.9692 -9.6356 -3.8610
v  4.7803 -11.1348 -0.9889
v  4.7801 -10.8543 -1.5057
v  8.7806 -10.7513 -2.0353
v  12.8643 -10.8017 -2.4088
v  8.7806 -11.1429 -1.4796
v  12.8643 -11.1455 -1.7678
v  8.7806 -10.4631 -2.6587
v  12.8643 -10.2724 -2.9606
v  16.9691 -10.0442 -3.1034
v  16.9691 -10.8279 -2.6772
v  16.9691 -11.1445 -1.9350
v  24.9918 -5.2343 -14.3031
v  29.0198 -5.2706 -14.1885
v  30.9612 -5.2915 -14.1343
v  31.9204 -5.2963 -14.1089
v  32.4039 -5.2967 -14.0861
v  32.8963 -5.2991 -14.0062
v  33.3810 -5.3051 -13.8382
v  24.9919 -7.2048 -13.8529
v  21.0086 -7.2191 -13.9457
v  29.0200 -7.2680 -13.6777
v  30.9618 -7.3104 -13.5786
v  31.9211 -7.3227 -13.5307
v  32.4056 -7.3263 -13.4957
v  32.9072 -7.3270 -13.3528
v  21.0088 -8.0633 -12.3774
v  24.9919 -8.0265 -12.2909
v  21.0082 -8.5962 -8.9696
v  24.9913 -8.4573 -8.9051
v  29.0201 -8.1019 -12.0301
v  30.9618 -8.1572 -11.8741
v  31.9211 -8.1799 -11.8114
v  32.4041 -8.1891 -11.7741
v  27.0004 -8.4963 -8.7180
v  29.0194 -8.6084 -8.4187
v  32.8838 -8.1971 -11.6308
v  16.9691 -8.6894 -10.2613
v  21.0089 -8.8855 -5.6965
v  24.9912 -8.7050 -5.5300
v  30.9613 -8.7536 -8.0573
v  31.9208 -8.8267 -7.8741
v  27.0001 -8.7492 -5.4078
v  29.0191 -8.8793 -5.2541
v  30.9614 -9.0709 -4.9614
v  31.9206 -9.1855 -4.7312
v  32.8811 -9.4071 -3.8872
v  32.8817 -9.3099 -4.4456
v  30.9608 -9.1642 -4.3215
v  32.4034 -9.2468 -4.5916
v  32.4037 -8.8611 -7.7831
v  32.8825 -8.8930 -7.6675
v  21.0097 -8.9692 -4.9893
v  21.0088 -9.2134 -3.8256
v  24.9914 -8.7932 -4.8114
v  24.9913 -9.0601 -3.6331
v  26.9999 -8.8415 -4.6968
v  29.0186 -8.9722 -4.5670
v  27.0004 -9.1102 -3.5292
v  29.0193 -9.2264 -3.4346
v  30.9611 -9.4018 -3.2648
v  32.8820 -9.6334 -2.9706
v  29.0196 -9.8899 -2.7529
v  32.8817 -10.1108 -2.3645
v  21.0089 -10.8368 -2.7707
v  21.0088 -9.9106 -3.1323
v  24.9917 -10.7891 -2.7076
v  29.0198 -10.8042 -2.4643
v  21.0091 -11.1605 -1.9337
v  24.9918 -11.1437 -1.8913
v  32.8829 -11.1083 -1.5119
v  32.8820 -10.8307 -2.0871
v  34.3084 -5.2731 -13.0479
v  33.8791 -5.2999 -13.5231
v  37.2908 -5.0491 -8.0368
v  35.8626 -5.0899 -10.1286
v  38.8102 -5.0580 -6.0936
v  40.6137 -5.0716 -3.7906
v  41.9757 -5.0505 -1.8153
v  34.5649 -7.1249 -11.7530
v  33.8132 -7.2613 -12.6794
v  33.3804 -7.3083 -13.0658
v  34.6474 -5.2276 -12.4771
v  35.8751 -6.9044 -9.6933
v  37.2927 -6.8372 -7.6819
v  38.8118 -6.8527 -5.7893
v  40.6166 -6.8238 -3.5130
v  43.0494 -6.6020 0.0771
v  41.9784 -6.7278 -1.5758
v  41.9773 -8.0154 -1.2090
v  40.6140 -8.1530 -2.9799
v  41.9753 -9.2717 -0.5771
v  41.9770 -9.8434 -0.1775
v  41.9744 -8.9440 -0.7692
v  40.6103 -9.1143 -2.1976
v  40.6110 -9.4648 -1.7827
v  40.6099 -10.0066 -0.9874
v  41.9714 -9.9965 -0.0577
v  40.6080 -10.1139 -0.8147
v  40.6083 -10.2981 -0.5422
v  43.3950 -6.5707 0.4732
v  33.3102 -8.1977 -11.3676
v  33.7150 -8.1863 -11.0539
v  34.4643 -8.1710 -10.3747
v  35.8740 -8.1359 -8.8156
v  37.3125 -8.1286 -7.0132
v  37.3224 -8.9639 -5.8463
v  35.8663 -8.8192 -7.3638
v  38.8202 -8.1788 -5.1669
v  38.8288 -9.1054 -4.1268
v  33.7123 -8.7035 -8.8748
v  32.8827 -8.6784 -9.2597
v  33.7124 -8.9495 -7.3675
v  33.7115 -9.4267 -4.1350
v  34.4594 -9.6399 -3.3270
v  34.4596 -9.5388 -3.7884
v  34.4604 -9.0048 -7.0311
v  34.4600 -8.7308 -8.4514
v  35.8658 -9.1378 -6.1421
v  35.8654 -9.7473 -3.0714
v  37.3232 -9.3140 -4.8677
v  37.3232 -9.9195 -2.4210
v  38.8301 -10.1124 -1.5700
v  35.8653 -9.8466 -2.7112
v  38.8297 -10.0212 -1.8028
v  38.8301 -9.4645 -3.4032
v  34.4599 -9.8710 -2.5830
v  35.8656 -10.0704 -2.1474
v  38.8298 -10.3033 -1.2059
v  40.6069 -10.4618 -0.3432
v  38.8306 -10.5053 -1.0093
v  37.3233 -10.2217 -1.6897
v  35.8655 -10.3962 -1.8443
v  37.3245 -10.7576 -1.2585
v  35.8660 -10.7958 -1.6039
v  40.6064 -10.6408 -0.1253
v  34.4589 -10.8276 -1.8533
v  35.8662 -11.0219 -1.2137
v  37.3240 -10.9719 -0.9240
v  38.8304 -10.9173 -0.4777
v  40.6057 -10.8023 0.1424
v  21.0089 -3.0072 -14.4151
v  21.0086 -5.2442 -14.4135
v  12.8644 -3.0090 -14.6426
v  12.8644 -5.2850 -14.6443
v  12.8644 -7.2757 -14.0431
v  12.8644 -8.2820 -12.4623
v  27.0009 -3.0040 -14.2444
v  27.0009 -5.2475 -14.2475
v  27.0010 -7.2262 -13.7749
v  27.0012 -8.0515 -12.1838
v  4.7802 -10.0281 -6.0509
v  8.7806 -9.7215 -6.5947
v  12.8643 -9.4482 -6.9440
v  16.9691 -9.0995 -7.1987
v  21.0084 -8.7378 -7.3327
v  24.9911 -8.5692 -7.2166
v  27.0001 -8.6082 -7.0618
v  29.0191 -8.7301 -6.8352
v  30.9612 -8.9004 -6.5082
v  31.9206 -8.9944 -6.3013
v  32.4035 -9.0423 -6.1859
v  32.8821 -9.0905 -6.0550
v  41.9824 -9.5617 -0.3818
v  40.6114 -9.7485 -1.3935
v  33.7120 -9.1798 -5.7499
v  34.4600 -9.2651 -5.4085
v  35.8655 -9.4390 -4.6060
v  37.3232 -9.6216 -3.6455
v  38.8303 -9.7556 -2.6074
v  43.8551 -3.0535 0.7663
v  43.4006 -3.0490 0.3742
v  21.0084 -8.4566 -10.2678
v  24.9917 -8.3526 -10.1940
v  27.0007 -8.3899 -10.0393
v  29.0198 -8.4841 -9.7996
v  30.9614 -8.5949 -9.5274
v  31.9209 -8.6448 -9.3999
v  32.4039 -8.6664 -9.3347
v  34.2052 -7.2028 -12.2331
v  34.0961 -8.1792 -10.7170
v  34.0938 -8.9778 -7.1994
v  34.0928 -9.4838 -3.9619
v  34.0936 -8.7174 -8.6632
v  34.0933 -9.2238 -5.5795
v  33.3069 -8.6934 -9.0677
v  33.3068 -8.9225 -7.5177
v  33.3059 -9.3696 -4.2905
v  33.3064 -9.1363 -5.9026
v  29.0200 -11.1402 -1.7333
v  43.7536 -7.7287 0.8458
v  43.0798 -7.8386 0.2346
v  43.3983 -7.7870 0.5592
v  43.4038 -9.3434 0.8572
v  43.1032 -8.6748 0.4350
v  43.1095 -8.9713 0.5222
v  43.1133 -9.2668 0.6119
v  43.7046 -8.4929 0.8945
v  43.7035 -8.7835 0.9386
v  43.6903 -9.0468 0.9900
v  43.3900 -9.1668 0.8046
v  43.4001 -8.8480 0.7395
v  43.3952 -8.5943 0.6793
v  37.3234 -10.0129 -2.1349
v  24.9914 -9.8278 -3.0040
v  27.0009 -10.8009 -2.5894
v  27.0011 -11.1308 -1.8475
v  27.0006 -9.8545 -2.8868
v  34.4595 -11.0594 -1.3986
v  30.9612 -9.9812 -2.5847
v  30.9613 -10.8213 -2.2986
v  30.9618 -11.1357 -1.6259
v  34.4585 -10.2749 -2.1216
v  31.4407 -3.0090 -14.1198
v  31.4405 -5.2938 -14.1208
v  31.4413 -7.3172 -13.5551
v  31.4412 -8.1691 -11.8429
v  31.4408 -8.7905 -7.9658
v  31.4409 -9.1279 -4.8462
v  31.4407 -8.9475 -6.4048
v  31.4409 -8.6206 -9.4638
v  31.4402 -9.2219 -4.2223
v  31.9201 -9.2808 -4.1231
v  32.4027 -9.3450 -4.0077
v  31.4406 -9.4579 -3.1951
v  31.9205 -9.5143 -3.1245
v  32.4034 -9.5737 -3.0486
v  33.3051 -9.4707 -3.7545
v  33.7109 -9.5274 -3.6206
v  34.0922 -9.5876 -3.4748
v  34.0930 -9.8165 -2.6852
v  33.7116 -9.7574 -2.7847
v  33.3061 -9.6965 -2.8781
v  33.3057 -10.1528 -2.3050
v  33.7108 -10.1949 -2.2462
v  34.0920 -10.2348 -2.1838
v  33.3059 -10.8283 -2.0273
v  33.7112 -10.8273 -1.9689
v  34.0925 -10.8276 -1.9111
v  33.3071 -11.0947 -1.4860
v  33.7125 -11.0815 -1.4602
v  34.0942 -11.0704 -1.4293
v  31.4406 -10.0132 -2.5327
v  31.9204 -10.0458 -2.4798
v  32.4032 -10.0779 -2.4221
v  31.4408 -10.8252 -2.2469
v  31.9207 -10.8274 -2.1944
v  32.4035 -10.8296 -2.1416
v  31.4413 -11.1310 -1.5983
v  31.9212 -11.1253 -1.5702
v  32.4042 -11.1172 -1.5412
v  4.7802 -10.7027 -2.0738
v  12.8643 -10.1438 -3.3109
v  8.7806 -10.3718 -2.9768
v  16.9691 -9.7939 -3.4468
v  21.0088 -9.4617 -3.3889
v  24.9913 -9.3351 -3.2037
v  29.0192 -9.4572 -3.0026
v  32.8823 -9.8023 -2.6160
v  40.6075 -10.3673 -0.4546
v  38.8300 -10.3832 -1.1162
v  35.8655 -10.2087 -1.9728
v  27.0004 -9.3751 -3.0959
v  30.9610 -9.6021 -2.8509
v  34.4598 -10.0267 -2.3164
v  31.4406 -9.6496 -2.7954
v  31.9205 -9.6986 -2.7386
v  32.4035 -9.7501 -2.6780
v  33.3065 -9.8603 -2.5450
v  33.7120 -9.9170 -2.4729
v  34.0932 -9.9723 -2.3955
v  4.7802 -10.6358 -2.3696
v  43.1125 -10.0867 0.9214
v  8.7806 -10.3280 -3.1371
v  41.9712 -10.2881 0.2346
v  37.3233 -10.3115 -1.5878
v  35.8656 -10.1320 -2.0551
v  30.9611 -9.4856 -3.0532
v  34.4599 -9.9396 -2.4465
v  31.4405 -9.5384 -2.9908
v  31.9205 -9.5922 -2.9274
v  33.3063 -9.7681 -2.7089
v  33.7119 -9.8277 -2.6261
v  12.8643 -10.0882 -3.4942
v  16.9692 -9.7070 -3.6497
v  21.0088 -9.3161 -3.5984
v  24.9913 -9.1728 -3.4089
v  29.0192 -9.3225 -3.2135
v  32.8821 -9.7069 -2.7903
v  27.0004 -9.2193 -3.3041
v  32.4035 -9.6494 -2.8597
v  34.0932 -9.8856 -2.5378
v  4.7803 -10.6062 -2.5184
v  12.8643 -10.2033 -3.1336
v  16.9691 -9.9045 -3.2616
v  21.0088 -9.6686 -3.2303
v  24.9914 -9.5645 -3.0654
v  29.0194 -9.6520 -2.8434
v  32.8822 -9.9370 -2.4679
v  27.0005 -9.5964 -2.9527
v  32.4035 -9.8936 -2.5256
v  34.0928 -10.0892 -2.2736
v  4.7802 -10.6693 -2.2217
v  8.7806 -10.4163 -2.8175
v  37.3241 -10.4653 -1.4823
v  35.8655 -10.2979 -1.9018
v  30.9611 -9.7697 -2.6882
v  34.4593 -10.1387 -2.2045
v  31.4407 -9.8097 -2.6361
v  31.9206 -9.8512 -2.5831
v  33.3064 -9.9886 -2.4050
v  33.7117 -10.0396 -2.3414
v  4.7801 -10.7755 -1.7877
v  8.7806 -10.5807 -2.3337
v  12.8643 -10.4915 -2.6441
v  16.9691 -10.4455 -2.8842
v  24.9915 -10.3648 -2.9334
v  29.0198 -10.3673 -2.6803
v  32.8813 -10.5078 -2.2655
v  21.0088 -10.4271 -3.0106
v  37.3245 -10.6187 -1.3778
v  35.8658 -10.6099 -1.7380
v  40.6063 -10.5533 -0.2338
v  27.0007 -10.3843 -2.8178
v  30.9612 -10.4449 -2.4948
v  34.4578 -10.5800 -2.0150
v  32.4031 -10.4919 -2.3250
v  31.9204 -10.4760 -2.3826
v  31.4407 -10.4608 -2.4398
v  33.3049 -10.5244 -2.1976
v  33.7099 -10.5412 -2.1324
v  34.0918 -10.5618 -2.0770
v  4.7804 -10.9703 -1.2321
v  8.7805 -10.9785 -1.7713
v  12.8643 -11.0319 -2.1177
v  16.9691 -11.0287 -2.3353
v  21.0090 -11.0391 -2.3840
v  24.9917 -11.0089 -2.3349
v  29.0199 -11.0383 -2.0671
v  32.8826 -11.0122 -1.7909
v  35.8662 -10.9237 -1.4275
v  37.3243 -10.8698 -1.1196
v  38.8308 -10.8268 -0.6531
v  40.6063 -10.7174 -0.0090
v  27.0010 -11.0182 -2.2166
v  34.4598 -10.9777 -1.6135
v  30.9615 -11.0299 -1.9595
v  31.4410 -11.0267 -1.9184
v  31.9209 -11.0222 -1.8760
v  32.4039 -11.0175 -1.8337
v  34.0933 -10.9855 -1.6576
v  33.7120 -10.9935 -1.7017
v  33.3067 -11.0030 -1.7465
v  4.7803 -10.5111 -3.0262
v  8.7806 -10.2085 -3.6681
v  12.8643 -9.9422 -4.0709
v  16.9692 -9.5277 -4.2847
v  21.0089 -9.0827 -4.2883
v  24.9913 -8.9161 -4.1003
v  27.0003 -8.9674 -3.9931
v  29.0193 -9.0944 -3.8860
v  30.9612 -9.2816 -3.6865
v  32.8818 -9.5227 -3.3334
v  41.9735 -10.1344 0.0762
v  40.6083 -10.2206 -0.6506
v  34.4597 -9.7593 -2.8710
v  35.8655 -9.9630 -2.3581
v  38.8297 -10.2158 -1.3432
v  37.3231 -10.1215 -1.8559
v  32.4033 -9.4600 -3.4280
v  31.9204 -9.3982 -3.5200
v  31.4407 -9.3395 -3.6034
v  34.0929 -9.7051 -2.9922
v  33.7115 -9.6460 -3.1113
v  33.3059 -9.5860 -3.2229
v  41.9719 -10.5789 0.5981
v  8.7805 -10.8614 -1.9010
v  27.0009 -10.9246 -2.4167
v  34.4594 -10.9087 -1.7397
v  30.9614 -10.9402 -2.1426
v  31.4409 -10.9398 -2.0956
v  31.9208 -10.9381 -2.0476
v  33.3063 -10.9251 -1.8967
v  4.7802 -10.9055 -1.3660
v  12.8643 -10.9388 -2.2791
v  16.9691 -10.9454 -2.5208
v  21.0090 -10.9541 -2.5910
v  24.9917 -10.9146 -2.5358
v  29.0198 -10.9388 -2.2834
v  32.8823 -10.9326 -1.9499
v  35.8662 -10.8643 -1.5198
v  32.4037 -10.9358 -1.9994
v  34.0929 -10.9135 -1.7918
v  33.7117 -10.9184 -1.8439
v  8.7806 -10.6564 -2.1789
v  12.8643 -10.6441 -2.5252
v  16.9691 -10.6489 -2.7964
v  32.8817 -10.6837 -2.2001
v  21.0089 -10.6529 -2.9235
v  35.8659 -10.7084 -1.6783
v  27.0008 -10.6112 -2.7366
v  30.9613 -10.6492 -2.4246
v  32.4033 -10.6757 -2.2580
v  31.9206 -10.6671 -2.3144
v  34.0919 -10.7070 -2.0114
v  4.7801 -10.8132 -1.6462
v  24.9916 -10.5954 -2.8533
v  29.0199 -10.6053 -2.6060
v  38.8309 -10.7350 -0.7827
v  34.4582 -10.7150 -1.9500
v  31.4407 -10.6588 -2.3704
v  33.3053 -10.6908 -2.1353
v  33.7106 -10.6985 -2.0724
v  41.9719 -10.4457 0.4123
v  4.7801 -10.7374 -1.9304
v  24.9914 -10.0977 -2.9718
v  29.0197 -10.1275 -2.7140
v  38.8309 -10.6255 -0.9006
v  34.4579 -10.4275 -2.0664
v  31.4406 -10.2355 -2.4824
v  33.3052 -10.3383 -2.2491
v  33.7101 -10.3691 -2.1906
v  8.7806 -10.5176 -2.4945
v  12.8644 -10.3653 -2.7898
v  16.9691 -10.2317 -2.9751
v  32.8814 -10.3078 -2.3094
v  21.0088 -10.1684 -3.0693
v  35.8656 -10.5034 -1.7918
v  27.0007 -10.1206 -2.8546
v  30.9612 -10.2113 -2.5352
v  32.4030 -10.2835 -2.3691
v  31.9203 -10.2599 -2.4294
v  34.0914 -10.3980 -2.1276
v  23.0006 -8.0308 -12.3491
v  23.0001 -8.4957 -8.9828
v  22.9989 -8.7529 -5.6446
v  22.9992 -8.8364 -4.9255
v  22.9989 -9.0927 -3.7446
v  23.0008 -10.8115 -2.7676
v  23.0010 -11.1515 -1.9321
v  23.0004 -7.2039 -13.9063
v  23.0005 -3.0003 -14.3602
v  23.0003 -5.2348 -14.3579
v  22.9995 -8.6171 -7.3131
v  23.0006 -8.3792 -10.2584
v  23.0007 -9.8538 -3.0942
v  22.9996 -9.3637 -3.3108
v  22.9991 -9.2036 -3.5179
v  23.0003 -9.5918 -3.1670
v  23.0006 -10.3907 -3.0018
v  23.0010 -11.0227 -2.3839
v  22.9987 -8.9533 -4.2135
v  23.0009 -10.9330 -2.5899
v  23.0006 -10.6208 -2.9179
v  23.0007 -10.1236 -3.0489
v  18.9893 -3.0138 -14.4708
v  18.9893 -5.2571 -14.4723
v  18.9892 -7.2280 -13.9629
v  18.9890 -8.1146 -12.3980
v  18.9884 -8.7381 -8.9091
v  18.9874 -9.0834 -5.6734
v  18.9881 -9.1743 -4.9930
v  18.9876 -9.4056 -3.8713
v  18.9886 -10.8359 -2.7446
v  18.9886 -9.9633 -3.1289
v  18.9890 -11.1522 -1.9487
v  18.9879 -8.9087 -7.2910
v  18.9889 -8.5669 -10.2737
v  18.9879 -9.6086 -3.4388
v  18.9878 -9.4925 -3.6488
v  18.9881 -9.7671 -3.2599
v  18.9888 -10.4378 -2.9666
v  18.9888 -11.0342 -2.3776
v  18.9876 -9.2879 -4.3172
v  18.9887 -10.9514 -2.5755
v  18.9886 -10.6556 -2.8817
v  18.9889 -10.1953 -3.0383
v  14.9167 -7.2592 -14.0117
v  14.9170 -9.0502 -8.7222
v  14.9165 -9.5278 -5.4508
v  14.9172 -9.6367 -4.8282
v  14.9157 -10.1563 -3.0533
v  14.9154 -10.8175 -2.5635
v  14.9159 -11.1381 -1.8731
v  14.9171 -8.8073 -10.2263
v  14.9167 -3.0140 -14.5846
v  14.9167 -5.2777 -14.5866
v  14.9170 -8.2444 -12.4450
v  14.9167 -9.2860 -7.0860
v  14.9171 -9.8593 -3.8039
v  14.9167 -9.9850 -3.4105
v  14.9169 -9.9175 -3.6042
v  14.9160 -10.0610 -3.2255
v  14.9160 -10.4605 -2.7743
v  14.9155 -11.0298 -2.2477
v  14.9171 -9.7580 -4.2083
v  14.9153 -10.9461 -2.4223
v  14.9158 -10.6436 -2.6751
v  14.9158 -10.2892 -2.8942
v  10.8225 -2.9979 -14.7004
v  10.8224 -5.2851 -14.7011
v  10.8223 -8.3055 -12.4788
v  10.8216 -8.9838 -10.1253
v  10.8209 -9.2995 -8.5051
v  10.8193 -9.8614 -5.0789
v  10.8205 -10.7612 -2.2390
v  10.8204 -11.1426 -1.6479
v  10.8191 -10.3681 -2.8458
v  10.8225 -7.2928 -14.0903
v  10.8193 -9.9665 -4.4897
v  10.8202 -9.5865 -6.7930
v  10.8192 -10.1695 -3.5248
v  10.8192 -10.2631 -3.1807
v  10.8192 -10.2133 -3.3513
v  10.8191 -10.3123 -3.0124
v  10.8197 -10.5210 -2.5120
v  10.8196 -11.0122 -1.9732
v  10.8192 -10.0808 -3.9024
v  10.8199 -10.8964 -2.1140
v  10.8203 -10.6323 -2.3695
v  10.8192 -10.4345 -2.6733
v  6.8328 -3.0299 -14.8091
v  6.7802 -5.3631 -14.8121
v  6.7803 -7.3592 -14.1218
v  6.7801 -8.4038 -12.4448
v  6.7793 -9.1837 -9.9185
v  6.7772 -9.5500 -8.1685
v  6.7724 -10.1522 -4.5350
v  6.7772 -10.7813 -1.7904
v  6.7784 -11.1371 -1.2529
v  6.7727 -10.2465 -3.9589
v  6.7737 -9.8638 -6.3607
v  6.7736 -10.4208 -3.0192
v  6.7746 -10.5710 -2.4015
v  6.7741 -10.4914 -2.7092
v  6.7738 -10.4545 -2.8638
v  6.7744 -10.5312 -2.5553
v  6.7757 -10.6681 -2.0924
v  6.7783 -10.9578 -1.5181
v  6.7732 -10.3468 -3.3839
v  6.7782 -10.8579 -1.6473
v  6.7764 -10.7207 -1.9392
v  6.7752 -10.6190 -2.2470
v  2.6969 -5.4189 -14.9119
v  2.6969 -7.4374 -14.1370
v  2.6970 -8.5679 -12.4213
v  2.6978 -9.4654 -9.6420
v  2.6946 -9.8797 -7.6599
v  2.6906 -11.1212 -0.7400
v  2.6896 -10.9379 -1.2681
v  2.6881 -10.6075 -3.1459
v  2.6872 -10.5210 -3.7018
v  2.6888 -10.2200 -5.6513
v  2.6895 -10.7514 -2.2447
v  2.6898 -10.8362 -1.7649
v  2.6896 -10.7867 -2.0389
v  2.6897 -10.8847 -1.5120
v  2.6892 -10.6947 -2.5902
v  2.6901 -11.0001 -1.0236
v  43.7810 -7.1350 0.8271
v  4.7786 -8.0113 -13.3485
v  8.7796 -7.8949 -13.3834
v  16.9682 -7.7986 -13.2941
v  21.0081 -7.7351 -13.2625
v  24.9916 -7.7193 -13.1775
v  29.0196 -7.7788 -12.9555
v  30.9615 -7.8203 -12.8242
v  31.9200 -7.8373 -12.7675
v  32.3993 -7.8453 -12.7293
v  32.8794 -7.8561 -12.5756
v  34.5012 -7.7544 -11.1488
v  33.7355 -7.8284 -11.9378
v  37.2938 -7.5298 -7.4202
v  40.6099 -7.5133 -3.3007
v  33.3194 -7.8547 -12.2900
v  35.8774 -7.5922 -9.3440
v  38.8077 -7.5542 -5.5466
v  12.8635 -7.8542 -13.3387
v  27.0009 -7.7394 -13.0835
v  34.1264 -7.7984 -11.5515
v  41.9749 -7.3814 -1.4230
v  43.0614 -7.2229 0.1388
v  43.3952 -7.1793 0.5076
v  31.4407 -7.8289 -12.7960
v  23.0001 -7.7190 -13.2340
v  18.9885 -7.7619 -13.2778
v  14.9159 -7.8298 -13.3157
v  10.8216 -7.8695 -13.3688
v  6.7790 -7.9480 -13.3643
v  2.6957 -8.0702 -13.3562
v  8.7807 -8.7477 -11.2761
v  4.7800 -8.9548 -11.1143
v  24.9919 -8.2271 -11.2499
v  21.0087 -8.2983 -11.3311
v  29.0199 -8.3352 -10.9230
v  30.9616 -8.4180 -10.7092
v  31.9211 -8.4529 -10.6141
v  32.4041 -8.4673 -10.5629
v  12.8643 -8.6378 -11.3309
v  16.9689 -8.4802 -11.3523
v  43.0931 -8.2591 0.3245
v  41.9766 -8.4876 -1.0060
v  40.6134 -8.6614 -2.6225
v  34.4552 -8.4876 -9.4272
v  33.7105 -8.4783 -9.9745
v  37.3169 -8.6030 -6.4745
v  35.8623 -8.5297 -8.1204
v  38.8253 -8.6904 -4.6919
v  32.8828 -8.4735 -10.4535
v  27.0011 -8.2606 -11.1193
v  34.0912 -8.4856 -9.7030
v  33.3063 -8.4788 -10.2262
v  43.7335 -8.1113 0.8666
v  43.4009 -8.1919 0.6104
v  31.4411 -8.4361 -10.6618
v  23.0007 -8.2419 -11.3113
v  18.9890 -8.3839 -11.3466
v  14.9170 -8.5701 -11.3484
v  10.8220 -8.6880 -11.3154
v  6.7800 -8.8396 -11.1961
v  2.6978 -9.0738 -11.0509
v  43.8251 -5.7511 0.8009
v  4.7812 -6.4990 -14.7076
v  8.7825 -6.3952 -14.6473
v  16.9701 -6.3299 -14.4397
v  32.4158 -6.4001 -13.9939
v  32.9281 -6.3949 -13.8739
v  33.4164 -6.3811 -13.6241
v  24.9926 -6.2909 -14.2405
v  29.0215 -6.3521 -14.1236
v  30.9638 -6.3897 -14.0599
v  31.9241 -6.3993 -14.0236
v  34.2731 -6.2952 -12.7644
v  33.8747 -6.3486 -13.2467
v  34.6105 -6.2200 -12.2190
v  21.0093 -6.3049 -14.3500
v  12.8659 -6.3575 -14.5365
v  27.0020 -6.3121 -14.1842
v  35.8616 -6.0127 -9.9687
v  37.2884 -5.9530 -7.9037
v  38.8088 -5.9635 -5.9843
v  40.6157 -5.9540 -3.6889
v  41.9741 -5.8928 -1.7188
v  43.0354 -5.7931 0.0152
v  43.3931 -5.7697 0.4410
v  31.4434 -6.3949 -14.0419
v  23.0011 -6.2919 -14.2963
v  18.9901 -6.3174 -14.3969
v  14.9180 -6.3435 -14.4887
v  10.8241 -6.3693 -14.5943
v  6.7778 -6.4497 -14.6778
v  2.6973 -6.5156 -14.7261
v  43.0279 -4.0167 -0.0664
v  43.8491 -4.0073 0.7769
v  0.6147 -4.2569 -14.9425
v  32.8845 -4.1493 -14.0353
v  35.8669 -4.0203 -10.2367
v  43.3958 -4.0091 0.3920
v  4.7788 -4.2470 -14.8630
v  8.7797 -4.1544 -14.7585
v  16.9683 -4.1447 -14.5267
v  24.9914 -4.1165 -14.3057
v  29.0191 -4.1419 -14.1831
v  30.9605 -4.1530 -14.1301
v  31.9195 -4.1531 -14.1093
v  32.4009 -4.1511 -14.0926
v  33.3560 -4.1491 -13.9120
v  33.8727 -4.1448 -13.6502
v  34.3288 -4.1298 -13.1946
v  37.2877 -3.9935 -8.1209
v  38.8085 -4.0070 -6.1574
v  40.6177 -4.0493 -3.8649
v  41.9788 -4.0634 -1.8863
v  34.6754 -4.1045 -12.6217
v  21.0083 -4.1265 -14.4155
v  12.8635 -4.1494 -14.6430
v  27.0004 -4.1266 -14.2443
v  31.4399 -4.1530 -14.1197
v  22.9999 -4.1182 -14.3606
v  18.9886 -4.1367 -14.4711
v  14.9159 -4.1481 -14.5848
v  10.8215 -4.1439 -14.7008
v  6.8061 -4.2008 -14.8101
v  2.6963 -4.2571 -14.9170
v  39.9726 -2.9960 -4.7374
v  39.9642 -5.0687 -4.6306
v  39.9744 -6.8439 -4.3496
v  39.9681 -8.1797 -3.7815
v  39.9671 -10.3140 -0.7964
v  39.9692 -10.1298 -1.1043
v  39.9644 -10.6842 -0.3736
v  39.9624 -10.8525 -0.0895
v  39.9658 -10.4884 -0.5967
v  39.9513 -9.1344 -2.8963
v  39.9523 -9.4893 -2.3670
v  39.9707 -10.0313 -1.2975
v  39.9638 -9.7743 -1.8366
v  39.9666 -10.3856 -0.7082
v  39.9642 -10.5874 -0.4848
v  39.9637 -10.7662 -0.2512
v  39.9675 -10.2330 -0.9158
v  39.9661 -7.5420 -4.1253
v  39.9619 -8.6942 -3.3776
v  39.9710 -5.9633 -4.5305
v  39.9652 -4.0336 -4.7012
v  41.3440 -3.0561 -2.9323
v  41.3264 -5.0677 -2.8178
v  41.3162 -6.7838 -2.5532
v  41.3031 -8.0961 -2.0991
v  41.2987 -9.0515 -1.4878
v  41.3052 -9.3934 -1.1882
v  41.3148 -9.9500 -0.6061
v  41.3113 -10.0690 -0.4649
v  41.3061 -10.2568 -0.2364
v  41.3017 -10.4105 -0.0519
v  41.2956 -10.5740 0.1552
v  41.2920 -10.7338 0.4016
v  41.3158 -9.6807 -0.9036
v  41.3045 -10.3238 -0.1560
v  41.2987 -10.4944 0.0516
v  41.2933 -10.6471 0.2629
v  41.3079 -10.1804 -0.3292
v  41.3055 -7.4570 -2.3685
v  41.3025 -8.5911 -1.8194
v  41.3194 -5.9307 -2.7147
v  41.3340 -4.0630 -2.8920
v  4.7799 -1.9236 -14.8659
v  8.7807 -1.8885 -14.7575
v  16.9691 -1.8964 -14.5274
v  24.9919 -1.8869 -14.3047
v  29.0197 -1.8934 -14.1864
v  30.9616 -1.8938 -14.1331
v  31.9207 -1.8913 -14.1096
v  32.4041 -1.8891 -14.0925
v  32.8893 -1.8866 -14.0460
v  33.3573 -1.8842 -13.9476
v  33.8847 -1.8825 -13.7162
v  34.3508 -1.8805 -13.2845
v  34.7112 -1.8770 -12.7245
v  35.8833 -1.8608 -10.3287
v  37.2882 -1.8550 -8.1776
v  38.8111 -1.8647 -6.1930
v  40.6275 -1.9003 -3.9218
v  41.9898 -1.9252 -1.9480
v  43.0361 -1.9131 -0.1104
v  21.0089 -1.8917 -14.4155
v  12.8644 -1.8922 -14.6425
v  27.0009 -1.8901 -14.2438
v  43.8648 -1.9149 0.7634
v  43.4071 -1.9126 0.3630
v  31.4409 -1.8925 -14.1224
v  23.0005 -1.8883 -14.3601
v  18.9893 -1.8949 -14.4717
v  14.9167 -1.8949 -14.5849
v  10.8225 -1.8867 -14.6998
v  6.8328 -1.9028 -14.8107
v  39.9730 -1.8862 -4.7519
v  41.3486 -1.9162 -2.9534
v  41.9741 -10.7637 0.8629
v  38.8326 -11.1567 0.2927
v  35.8665 -11.2415 -0.0693
v  32.8832 -11.3016 -0.2183
v  29.0201 -11.3208 -0.3291
v  24.9920 -11.3213 -0.4080
v  21.0093 -11.3298 -0.4292
v  16.9691 -11.3218 -0.4298
v  12.8643 -11.3223 -0.3463
v  8.7806 -11.3210 -0.2021
v  4.7802 -11.3163 0.0432
v  37.3241 -11.1944 0.0754
v  27.0012 -11.3155 -0.3861
v  34.3688 -11.2732 -0.1618
v  40.6085 -11.0115 0.5988
v  31.0819 -11.3183 -0.2755
v  34.1861 -11.2787 -0.1771
v  33.6116 -11.2873 -0.1926
v  33.4088 -11.2939 -0.2055
v  32.2837 -11.3067 -0.2330
v  32.0422 -11.3107 -0.2475
v  31.3216 -11.3160 -0.2617
v  23.0009 -11.3252 -0.4284
v  18.9891 -11.3257 -0.4367
v  14.9163 -11.3186 -0.3989
v  10.8214 -11.3209 -0.2863
v  6.7794 -11.3175 -0.0888
v  2.6940 -11.3101 0.1693
v  39.9642 -11.0775 0.4847
v  41.2979 -10.9152 0.7276
v  42.5709 -10.4649 0.8284
v  42.4976 -3.0619 -1.0018
v  42.4910 -5.0162 -0.9154
v  42.5023 -6.6639 -0.7419
v  42.5493 -9.7043 0.2597
v  42.5394 -9.9491 0.3926
v  42.5486 -10.0259 0.4497
v  42.5158 -7.9245 -0.4778
v  42.5475 -9.4141 0.1153
v  42.5388 -9.1200 -0.0242
v  42.5306 -8.8065 -0.1601
v  42.5631 -10.3846 0.7476
v  42.5463 -10.1919 0.5718
v  42.5074 -7.3008 -0.6348
v  42.5230 -8.3701 -0.3314
v  42.4950 -5.8424 -0.8458
v  42.4919 -4.0397 -0.9698
v  42.5016 -1.9191 -1.0228
v  -11.5810 -8.3858 1.2672
v  -4.2126 -13.7465 1.2672
v  47.4081 -7.6771 1.2672
v  39.9606 -13.7465 1.2672
v  -11.5476 -13.4909 1.2672
v  -11.4517 -13.6217 1.2672
v  -11.3101 -13.7101 1.2672
v  47.4058 -13.3705 1.2672
v  47.3745 -13.4909 1.2672
v  47.2945 -13.6217 1.2672
v  47.1789 -13.7101 1.2672
v  47.0469 -13.7465 1.2672
v  44.7462 -13.7465 1.2672
v  47.4080 -9.9240 1.2672
v  41.9795 -13.7465 1.2672
v  47.4080 -8.8075 1.2672
v  43.7155 -13.7465 1.2672
v  47.4080 -10.6139 1.2672
v  47.4080 -10.2690 1.2672
v  44.2309 -13.7465 1.2672
v  46.9122 -7.6771 1.4749
v  46.9122 -9.9240 1.4760
v  46.9122 -8.8075 1.4750
v  46.9125 -10.6125 1.4768
v  46.9123 -10.2689 1.4761
v  39.9606 -13.2348 1.4803
v  44.7461 -13.2349 1.4822
v  41.9795 -13.2348 1.4804
v  43.7155 -13.2348 1.4811
v  44.2308 -13.2347 1.4817
v  46.9134 -13.2359 1.4870
v  2.6974 -13.7465 1.2672
v  2.6975 -13.2351 1.4803
v  8.7807 -13.7465 1.2672
v  8.7808 -13.2351 1.4803
v  14.9167 -13.7465 1.2672
v  14.9168 -13.2350 1.4803
v  21.0095 -13.2350 1.4803
v  21.0095 -13.7465 1.2672
v  27.0013 -13.2349 1.4803
v  27.0012 -13.7465 1.2672
v  32.1632 -13.7465 1.2672
v  35.8668 -13.2349 1.4803
v  35.8668 -13.7465 1.2672
v  47.4081 -5.7373 1.2672
v  47.4081 -4.0100 1.2672
v  47.4081 -1.9192 1.2672
v  46.9124 -1.9192 1.4749
v  46.9123 -4.0100 1.4749
v  46.9123 -5.7374 1.4749
v  -11.5810 -5.9634 1.2672
v  -11.1180 -5.9634 1.4914
v  40.6047 -13.7465 1.2672
v  41.2976 -13.7465 1.2672
v  41.2976 -13.2348 1.4803
v  40.6047 -13.2348 1.4803
v  39.9598 -11.7026 1.3975
v  39.9586 -11.5360 1.3321
v  39.9580 -11.3895 1.2289
v  41.9778 -11.6179 1.3978
v  41.9754 -11.3759 1.3338
v  41.9742 -11.1471 1.2346
v  45.4239 -7.6767 1.3904
v  44.9870 -7.6759 1.3335
v  44.5583 -7.6756 1.2351
v  2.6973 -11.7482 1.3891
v  2.6973 -11.6371 1.3157
v  2.6974 -11.5510 1.2145
v  8.7806 -11.7482 1.3891
v  8.7806 -11.6371 1.3156
v  8.7806 -11.5510 1.2144
v  14.9167 -11.7482 1.3891
v  14.9167 -11.6373 1.3155
v  14.9167 -11.5511 1.2144
v  21.0095 -11.7480 1.3894
v  21.0095 -11.6380 1.3147
v  21.0095 -11.5508 1.2147
v  27.0012 -11.7483 1.3892
v  27.0012 -11.6374 1.3155
v  27.0012 -11.5512 1.2145
v  32.1632 -11.7487 1.3900
v  35.8668 -11.7473 1.3936
v  35.8668 -11.6228 1.3194
v  35.8668 -11.5221 1.2141
v  45.4945 -1.9197 1.3822
v  45.1290 -1.9201 1.3097
v  44.7709 -1.9197 1.2062
v  45.4869 -4.0100 1.3861
v  45.1156 -4.0099 1.3178
v  44.7533 -4.0099 1.2110
v  44.7146 -5.7368 1.2230
v  45.0900 -5.7368 1.3271
v  45.4745 -5.7372 1.3900
v  44.8815 -8.7551 1.3406
v  44.4029 -8.7294 1.2426
v  45.3684 -8.7816 1.3915
v  44.6486 -9.8539 1.3568
v  44.1450 -9.6985 1.2681
v  44.3328 -10.4526 1.3643
v  43.8794 -10.1579 1.2694
v  45.1863 -10.1230 1.4007
v  43.4411 -11.4871 1.4064
v  43.1663 -11.2031 1.3555
v  42.8927 -10.9289 1.2705
v  44.1643 -11.2732 1.4079
v  43.8309 -10.9176 1.3627
v  43.5188 -10.6046 1.2752
v  41.2962 -11.6587 1.3969
v  41.2938 -11.4530 1.3345
v  41.2928 -11.2638 1.2354
v  40.6035 -11.6852 1.3987
v  40.6016 -11.5030 1.3360
v  40.6010 -11.3407 1.2349
v  44.8497 -10.8007 1.4073
v  -11.5570 -8.3858 1.3599
v  -11.5074 -8.3858 1.4282
v  -11.4368 -8.3858 1.4767
v  -11.5246 -13.4812 1.3599
v  -11.4780 -13.4617 1.4282
v  -11.4122 -13.4342 1.4762
v  -11.4338 -13.6045 1.3599
v  -11.3981 -13.5694 1.4282
v  -11.3477 -13.5196 1.4766
v  -11.3002 -13.6879 1.3599
v  -11.2810 -13.6424 1.4282
v  -11.2541 -13.5776 1.4765
v  -4.2126 -13.7221 1.3599
v  -4.2126 -13.6714 1.4282
v  -4.2126 -13.5994 1.4737
v  39.9606 -13.7221 1.3599
v  39.9606 -13.6714 1.4282
v  39.9606 -13.5994 1.4737
v  47.0431 -13.7221 1.3599
v  47.0352 -13.6714 1.4282
v  47.0242 -13.5994 1.4737
v  47.1686 -13.6879 1.3599
v  47.1469 -13.6424 1.4282
v  47.1162 -13.5776 1.4765
v  47.2774 -13.6045 1.3599
v  47.2418 -13.5694 1.4282
v  47.1907 -13.5196 1.4766
v  47.3526 -13.4812 1.3599
v  47.3072 -13.4617 1.4282
v  47.2422 -13.4342 1.4762
v  47.3813 -13.3668 1.3599
v  47.3324 -13.3599 1.4282
v  47.2623 -13.3506 1.4739
v  47.3830 -7.6771 1.3599
v  47.3317 -7.6771 1.4282
v  47.2589 -7.6771 1.4711
v  44.7462 -13.7221 1.3599
v  44.7461 -13.6714 1.4282
v  44.7461 -13.5994 1.4737
v  47.3830 -9.9240 1.3599
v  47.3318 -9.9240 1.4282
v  47.2594 -9.9240 1.4714
v  41.9795 -13.7221 1.3599
v  41.9795 -13.6714 1.4282
v  41.9795 -13.5994 1.4737
v  47.3830 -8.8075 1.3599
v  47.3317 -8.8075 1.4282
v  47.2591 -8.8075 1.4712
v  43.7155 -13.7221 1.3599
v  43.7155 -13.6714 1.4282
v  43.7155 -13.5994 1.4737
v  47.3829 -10.6139 1.3599
v  47.3318 -10.6138 1.4282
v  47.2593 -10.6138 1.4716
v  47.3829 -10.2689 1.3599
v  47.3316 -10.2690 1.4282
v  47.2592 -10.2690 1.4715
v  44.2308 -13.7221 1.3599
v  44.2308 -13.6714 1.4282
v  44.2308 -13.5994 1.4737
v  2.6974 -13.7221 1.3599
v  2.6974 -13.6714 1.4282
v  2.6974 -13.5994 1.4737
v  8.7807 -13.7221 1.3599
v  8.7806 -13.6714 1.4282
v  8.7806 -13.5994 1.4737
v  14.9167 -13.7221 1.3599
v  14.9167 -13.6714 1.4282
v  14.9167 -13.5994 1.4737
v  21.0095 -13.7221 1.3599
v  21.0095 -13.6714 1.4282
v  21.0095 -13.5994 1.4737
v  27.0012 -13.7221 1.3599
v  27.0012 -13.6714 1.4282
v  27.0012 -13.5994 1.4737
v  32.1632 -13.7221 1.3599
v  35.8668 -13.7221 1.3599
v  35.8668 -13.6714 1.4282
v  35.8668 -13.5994 1.4737
v  47.3830 -1.9192 1.3599
v  47.3317 -1.9192 1.4282
v  47.2590 -1.9192 1.4711
v  47.3830 -4.0100 1.3599
v  47.3317 -4.0100 1.4282
v  47.2590 -4.0101 1.4711
v  47.2590 -5.7374 1.4711
v  47.3317 -5.7374 1.4282
v  47.3830 -5.7373 1.3599
v  -11.5570 -5.9634 1.3599
v  -11.5074 -5.9634 1.4282
v  -11.4368 -5.9634 1.4767
v  41.2976 -13.7221 1.3599
v  41.2976 -13.6714 1.4282
v  41.2976 -13.5994 1.4737
v  40.6047 -13.5994 1.4737
v  40.6047 -13.6714 1.4282
v  40.6047 -13.7221 1.3599
v  47.2589 -0.0000 1.4711
v  -1.5251 -13.7465 1.2672
v  0.6146 -13.7465 1.2672
v  0.6146 -13.2352 1.4803
v  0.6150 -11.6384 1.3156
v  0.6149 -11.7527 1.3914
v  0.6146 -13.5994 1.4737
v  -1.5251 -13.5994 1.4737
v  0.6146 -13.6714 1.4282
v  -1.5250 -13.6714 1.4282
v  -1.5250 -13.7221 1.3599
v  0.6146 -13.7221 1.3599
v  4.7801 -13.7465 1.2672
v  6.7804 -13.7465 1.2672
v  6.7805 -13.2351 1.4803
v  4.7802 -13.2351 1.4803
v  6.7803 -11.5510 1.2144
v  4.7800 -11.5510 1.2145
v  6.7803 -11.6371 1.3156
v  4.7800 -11.6371 1.3157
v  4.7800 -11.7482 1.3891
v  6.7803 -11.7482 1.3891
v  6.7804 -13.5994 1.4737
v  4.7801 -13.5994 1.4737
v  6.7804 -13.6714 1.4282
v  4.7801 -13.6714 1.4282
v  4.7801 -13.7221 1.3599
v  6.7804 -13.7221 1.3599
v  10.8226 -13.7465 1.2672
v  12.8644 -13.7465 1.2672
v  12.8644 -13.2351 1.4803
v  10.8226 -13.2351 1.4803
v  12.8643 -11.5511 1.2144
v  10.8225 -11.5511 1.2144
v  12.8643 -11.6372 1.3156
v  10.8225 -11.6372 1.3156
v  10.8225 -11.7482 1.3891
v  12.8643 -11.7482 1.3891
v  12.8643 -13.5994 1.4737
v  10.8225 -13.5994 1.4737
v  12.8643 -13.6714 1.4282
v  10.8225 -13.6714 1.4282
v  10.8225 -13.7221 1.3599
v  12.8644 -13.7221 1.3599
v  16.9691 -13.7465 1.2672
v  18.9893 -13.7465 1.2672
v  18.9893 -13.2350 1.4803
v  16.9691 -13.2350 1.4803
v  18.9893 -11.5509 1.2146
v  16.9691 -11.5510 1.2145
v  18.9893 -11.6378 1.3150
v  16.9691 -11.6375 1.3152
v  16.9691 -11.7482 1.3892
v  18.9893 -11.7481 1.3893
v  18.9893 -13.5994 1.4737
v  16.9690 -13.5994 1.4737
v  18.9893 -13.6714 1.4282
v  16.9690 -13.6714 1.4282
v  16.9690 -13.7221 1.3599
v  18.9893 -13.7221 1.3599
v  23.0008 -13.7465 1.2672
v  24.9922 -13.7465 1.2672
v  24.9922 -13.2350 1.4803
v  23.0008 -13.2350 1.4803
v  24.9921 -11.5510 1.2146
v  23.0008 -11.5509 1.2146
v  24.9921 -11.6376 1.3153
v  23.0008 -11.6378 1.3150
v  23.0008 -11.7481 1.3893
v  24.9921 -11.7482 1.3892
v  24.9922 -13.5994 1.4737
v  23.0008 -13.5994 1.4737
v  24.9922 -13.6714 1.4282
v  23.0008 -13.6714 1.4282
v  23.0008 -13.7221 1.3599
v  24.9922 -13.7221 1.3599
v  29.0202 -13.7465 1.2672
v  31.2020 -13.7465 1.2672
v  29.0202 -13.2349 1.4803
v  29.0201 -11.5512 1.2149
v  29.0201 -11.6380 1.3155
v  29.0201 -11.7485 1.3894
v  31.2020 -11.7487 1.3897
v  29.0202 -13.5994 1.4737
v  29.0202 -13.6714 1.4282
v  29.0202 -13.7221 1.3599
v  31.2020 -13.7221 1.3599
v  31.2020 -13.2349 1.4803
v  31.2020 -11.5513 1.2153
v  31.2020 -11.6386 1.3154
v  31.2020 -13.5994 1.4737
v  31.2020 -13.6714 1.4282
v  34.2780 -11.5339 1.2146
v  34.2780 -11.6292 1.3178
v  34.2780 -13.2349 1.4803
v  34.2780 -13.5994 1.4737
v  34.2780 -13.6714 1.4282
v  32.8835 -13.7465 1.2672
v  33.5106 -13.7465 1.2672
v  34.2780 -13.7465 1.2672
v  32.8835 -11.7484 1.3907
v  33.5106 -11.7481 1.3913
v  34.2780 -11.7479 1.3921
v  32.8835 -13.7221 1.3599
v  33.5106 -13.7221 1.3599
v  34.2780 -13.7221 1.3599
v  33.5106 -11.5395 1.2149
v  32.8835 -11.5442 1.2151
v  32.1632 -11.5495 1.2154
v  33.5106 -11.6324 1.3170
v  32.8835 -11.6349 1.3163
v  32.1632 -11.6378 1.3156
v  33.5106 -13.2349 1.4803
v  32.8835 -13.2349 1.4803
v  32.1632 -13.2349 1.4803
v  33.5106 -13.5994 1.4737
v  32.8835 -13.5994 1.4737
v  32.1632 -13.5994 1.4737
v  33.5106 -13.6714 1.4282
v  32.8835 -13.6714 1.4282
v  32.1632 -13.6714 1.4282
v  -11.5810 -1.1912 1.2672
v  -11.5573 -1.1912 1.3599
v  -11.5082 -1.1912 1.4282
v  -11.4381 -1.1912 1.4762
v  -11.5810 -2.3824 1.2672
v  -11.5810 -4.1691 1.2672
v  -11.1178 -2.3823 1.4914
v  -11.4370 -4.1691 1.4767
v  -11.4373 -2.3824 1.4765
v  -11.5077 -2.3824 1.4282
v  -11.5572 -2.3824 1.3599
v  -11.5571 -4.1691 1.3599
v  -11.5075 -4.1691 1.4282
v  -11.1181 -7.1571 1.4914
v  -11.5810 -7.1571 1.2672
v  -11.4367 -7.1571 1.4768
v  -11.5074 -7.1571 1.4282
v  -11.5570 -7.1571 1.3599
v  47.4081 -3.0619 1.2672
v  46.9124 -3.0620 1.4749
v  44.7627 -3.0621 1.2084
v  45.1226 -3.0623 1.3140
v  45.4908 -3.0622 1.3843
v  47.2590 -3.0620 1.4711
v  47.3317 -3.0619 1.4282
v  47.3830 -3.0619 1.3599
v  47.4081 -4.9579 1.2672
v  46.9123 -4.9579 1.4749
v  44.7320 -4.9575 1.2176
v  45.1016 -4.9576 1.3229
v  45.4801 -4.9578 1.3883
v  47.2590 -4.9579 1.4711
v  47.3317 -4.9579 1.4282
v  47.3830 -4.9579 1.3599
v  47.4081 -7.0926 1.2672
v  47.4081 -6.5157 1.2672
v  46.9122 -6.5157 1.4749
v  46.9122 -7.0926 1.4749
v  45.4392 -7.0923 1.3903
v  45.4542 -6.5155 1.3902
v  45.0180 -7.0916 1.3316
v  45.0487 -6.5150 1.3297
v  44.6519 -6.5148 1.2279
v  44.6054 -7.0914 1.2314
v  47.3830 -7.0926 1.3599
v  47.3830 -6.5157 1.3599
v  47.3317 -7.0926 1.4282
v  47.3317 -6.5157 1.4282
v  47.2589 -6.5157 1.4711
v  47.2589 -7.0926 1.4711
v  47.4080 -8.4307 1.2672
v  47.4081 -8.0539 1.2672
v  46.9122 -8.0539 1.4749
v  46.9122 -8.4307 1.4750
v  44.5065 -8.0269 1.2376
v  44.4547 -8.3782 1.2401
v  44.9518 -8.0357 1.3359
v  44.9167 -8.3954 1.3382
v  45.3869 -8.4133 1.3911
v  45.4054 -8.0450 1.3907
v  47.2590 -8.0539 1.4711
v  47.2590 -8.4307 1.4712
v  47.3317 -8.0539 1.4282
v  47.3317 -8.4307 1.4282
v  47.3830 -8.4307 1.3599
v  47.3830 -8.0539 1.3599
v  38.8309 -13.2349 1.4803
v  37.3243 -13.2349 1.4803
v  37.3243 -13.7465 1.2672
v  38.8309 -13.7465 1.2672
v  38.8292 -11.4261 1.2248
v  37.3234 -11.4749 1.2194
v  38.8296 -11.5599 1.3286
v  37.3237 -11.5919 1.3239
v  37.3240 -11.7314 1.3950
v  38.8304 -11.7149 1.3964
v  38.8309 -13.5994 1.4737
v  37.3243 -13.5994 1.4737
v  38.8309 -13.6714 1.4282
v  37.3243 -13.6714 1.4282
v  37.3243 -13.7221 1.3599
v  38.8309 -13.7221 1.3599
v  29.0198 -0.0000 -14.1911
v  43.4117 -0.0000 0.3536
v  21.0088 -0.0000 -14.4149
v  45.7431 -10.2690 1.4225
v  45.9404 -10.3004 1.4317
v  45.6532 -10.6113 1.4232
v  45.8417 -10.6802 1.4315
v  45.4972 -10.9390 1.4236
v  45.6685 -11.0443 1.4296
v  45.8590 -8.8075 1.4214
v  46.0590 -8.8075 1.4316
v  45.7980 -9.9240 1.4221
v  45.9969 -9.9452 1.4318
v  45.8637 -8.0539 1.4213
v  46.0635 -8.0539 1.4315
v  45.8614 -8.4307 1.4213
v  46.0611 -8.4307 1.4315
v  38.8309 -11.8906 1.4278
v  38.8309 -12.0905 1.4356
v  37.3243 -11.8906 1.4278
v  37.3243 -12.0905 1.4356
v  41.2976 -11.8786 1.4273
v  41.2976 -12.0785 1.4351
v  40.6047 -11.8849 1.4275
v  40.6065 -12.0847 1.4353
v  43.7155 -11.7808 1.4267
v  43.7372 -11.9798 1.4342
v  41.9795 -11.8730 1.4273
v  41.9795 -12.0732 1.4351
v  44.2309 -11.6953 1.4262
v  44.2760 -11.8904 1.4333
v  44.7462 -11.5412 1.4253
v  44.8184 -11.7282 1.4318
v  45.2990 -11.1954 1.4242
v  45.4425 -11.3367 1.4291
v  45.0439 -11.3989 1.4249
v  45.1507 -11.5695 1.4303
v  45.8661 -1.9192 1.4212
v  46.0659 -1.9192 1.4314
v  45.8661 -3.0620 1.4212
v  46.0659 -3.0620 1.4314
v  6.7803 -11.8906 1.4278
v  6.7803 -12.0905 1.4356
v  4.7800 -11.8906 1.4278
v  4.7800 -12.0905 1.4356
v  12.8643 -11.8906 1.4278
v  12.8643 -12.0905 1.4356
v  10.8225 -11.8906 1.4278
v  10.8225 -12.0905 1.4356
v  18.9893 -11.8906 1.4278
v  18.9893 -12.0905 1.4356
v  16.9691 -11.8906 1.4278
v  16.9691 -12.0905 1.4356
v  24.9921 -11.8906 1.4278
v  24.9921 -12.0905 1.4356
v  23.0008 -11.8906 1.4278
v  23.0008 -12.0905 1.4356
v  31.2020 -11.8906 1.4278
v  31.2020 -12.0905 1.4356
v  29.0202 -11.8906 1.4278
v  29.0202 -12.0905 1.4356
v  35.8668 -11.8906 1.4278
v  35.8668 -12.0905 1.4356
v  34.2780 -11.8906 1.4278
v  34.2780 -12.0905 1.4356
v  45.8661 -6.5157 1.4212
v  46.0659 -6.5157 1.4314
v  45.8661 -7.0926 1.4212
v  46.0659 -7.0926 1.4314
v  45.8661 -4.0101 1.4212
v  46.0659 -4.0101 1.4314
v  45.8661 -4.9579 1.4212
v  46.0659 -4.9579 1.4314
v  39.9606 -11.8906 1.4278
v  39.9624 -12.0905 1.4356
v  45.8661 -5.7374 1.4212
v  46.0659 -5.7374 1.4314
v  32.8835 -11.8906 1.4278
v  32.8835 -12.0905 1.4356
v  33.5106 -11.8906 1.4278
v  33.5106 -12.0905 1.4356
v  2.6973 -11.8906 1.4278
v  2.6973 -12.0905 1.4356
v  8.7806 -11.8906 1.4278
v  8.7806 -12.0905 1.4356
v  14.9167 -11.8906 1.4278
v  14.9167 -12.0905 1.4356
v  21.0095 -11.8906 1.4278
v  21.0095 -12.0905 1.4356
v  27.0012 -11.8906 1.4278
v  27.0012 -12.0905 1.4356
v  32.1632 -11.8906 1.4278
v  32.1632 -12.0905 1.4356
v  45.8661 -7.6772 1.4212
v  46.0659 -7.6772 1.4314
v  38.8309 -11.3291 1.0753
v  38.8304 -11.3175 1.0267
v  39.9606 -11.2796 1.0753
v  39.9601 -11.2642 1.0277
v  40.6046 -11.2085 1.0752
v  40.6028 -11.1895 1.0290
v  41.2976 -11.1021 1.0751
v  41.2947 -11.0786 1.0311
v  41.9795 -10.9393 1.0749
v  41.9737 -10.9108 1.0345
v  42.6310 -10.6804 1.0753
v  42.6174 -10.6519 1.0366
v  44.3707 -4.9580 1.0765
v  44.3267 -4.9568 1.0528
v  44.3981 -4.0102 1.0736
v  44.3542 -4.0090 1.0497
v  44.2655 -6.5158 1.0774
v  44.2223 -6.5112 1.0527
v  44.3481 -5.7375 1.0789
v  44.3045 -5.7328 1.0549
v  44.0088 -8.3737 1.0738
v  43.9680 -8.3639 1.0465
v  44.0864 -8.0214 1.0741
v  44.0451 -8.0123 1.0475
v  43.1603 -10.3313 1.0753
v  43.1358 -10.3087 1.0430
v  43.6076 -9.6583 1.0744
v  43.5733 -9.6459 1.0466
v  29.0201 -11.4991 1.0753
v  29.0201 -11.4928 1.0257
v  31.2020 -11.4991 1.0753
v  31.2020 -11.4924 1.0257
v  21.0095 -11.4992 1.0753
v  21.0095 -11.4935 1.0256
v  23.0008 -11.4990 1.0753
v  23.0008 -11.4932 1.0256
v  44.4108 -3.0620 1.0729
v  44.3670 -3.0615 1.0488
v  44.4221 -1.9192 1.0725
v  44.3784 -1.9188 1.0483
v  44.1421 -7.6772 1.0753
v  44.0999 -7.6702 1.0494
v  44.2042 -7.0927 1.0764
v  44.1614 -7.0881 1.0509
v  43.8975 -8.8468 1.0709
v  43.8580 -8.8328 1.0437
v  34.2780 -11.4752 1.0753
v  34.2779 -11.4671 1.0259
v  35.8668 -11.4602 1.0752
v  35.8667 -11.4510 1.0260
v  32.1632 -11.4964 1.0753
v  32.1632 -11.4894 1.0258
v  33.5106 -11.4830 1.0753
v  33.5105 -11.4755 1.0258
v  32.8835 -11.4894 1.0753
v  32.8835 -11.4821 1.0258
v  24.9921 -11.4991 1.0753
v  24.9921 -11.4932 1.0256
v  44.4285 -0.0000 1.0753
v  18.9893 -11.4992 1.0753
v  18.9893 -11.4934 1.0256
v  0.6146 -11.5014 1.0739
v  0.6145 -11.4945 1.0244
v  2.6974 -11.4991 1.0769
v  2.6974 -11.4893 1.0279
v  4.7800 -11.4991 1.0753
v  4.7800 -11.4903 1.0260
v  6.7803 -11.4991 1.0753
v  6.7803 -11.4914 1.0259
v  8.7806 -11.4991 1.0753
v  8.7806 -11.4921 1.0258
v  10.8225 -11.4991 1.0753
v  10.8225 -11.4926 1.0257
v  12.8644 -11.4991 1.0753
v  12.8644 -11.4929 1.0257
v  14.9167 -11.4992 1.0753
v  14.9167 -11.4931 1.0256
v  16.9691 -11.4992 1.0753
v  16.9691 -11.4933 1.0256
v  37.3243 -11.3952 1.0753
v  37.3239 -11.3853 1.0263
v  27.0012 -11.4991 1.0753
v  27.0012 -11.4930 1.0257
v  -11.5828 -8.3858 1.2138
v  -11.5828 -7.1571 1.2138
v  -11.5828 -5.9634 1.2138
v  -11.5828 -4.1691 1.2138
v  -11.5828 -2.3824 1.2138
v  -11.5828 -1.1912 1.2138
v  47.4097 -0.0000 1.2138
v  47.4098 -1.9192 1.2138
v  47.4098 -3.0619 1.2138
v  47.4098 -4.0100 1.2138
v  47.4098 -4.9579 1.2138
v  47.4098 -5.7373 1.2138
v  47.4098 -6.5157 1.2138
v  47.4098 -7.0926 1.2138
v  47.4098 -7.6771 1.2138
v  47.4098 -8.0539 1.2138
v  47.4098 -8.4307 1.2138
v  47.4098 -8.8075 1.2138
v  47.4098 -9.9240 1.2138
v  47.4098 -10.2690 1.2138
v  47.4097 -10.6139 1.2138
v  47.4075 -13.3707 1.2138
v  47.3760 -13.4917 1.2138
v  47.2958 -13.6232 1.2138
v  47.1796 -13.7119 1.2138
v  47.0471 -13.7483 1.2138
v  44.7462 -13.7483 1.2138
v  44.2309 -13.7483 1.2138
v  43.7155 -13.7483 1.2138
v  41.9795 -13.7483 1.2138
v  41.2976 -13.7483 1.2138
v  40.6047 -13.7483 1.2138
v  39.9606 -13.7483 1.2138
v  38.8309 -13.7483 1.2138
v  37.3243 -13.7483 1.2138
v  35.8668 -13.7483 1.2138
v  34.2780 -13.7483 1.2138
v  33.5106 -13.7483 1.2138
v  32.8835 -13.7483 1.2138
v  32.1632 -13.7483 1.2138
v  31.2020 -13.7483 1.2138
v  29.0202 -13.7483 1.2138
v  27.0012 -13.7483 1.2138
v  24.9922 -13.7483 1.2138
v  23.0008 -13.7483 1.2138
v  21.0095 -13.7483 1.2138
v  18.9893 -13.7483 1.2138
v  16.9691 -13.7483 1.2138
v  14.9167 -13.7483 1.2138
v  12.8644 -13.7483 1.2138
v  10.8226 -13.7483 1.2138
v  8.7807 -13.7482 1.2138
v  6.7804 -13.7482 1.2138
v  4.7801 -13.7482 1.2138
v  2.6974 -13.7482 1.2138
v  0.6146 -13.7482 1.2138
v  -1.5251 -13.7482 1.2138
v  -4.2126 -13.7482 1.2138
v  -11.3109 -13.7119 1.2138
v  -11.4534 -13.6232 1.2138
v  -11.5497 -13.4917 1.2138
v  -4.2127 -13.5013 1.4907
v  -4.2127 -13.4513 1.4890
v  -1.5251 -13.5013 1.4907
v  -1.5251 -13.4513 1.4887
v  0.6146 -13.5013 1.4907
v  0.6146 -13.4513 1.4887
v  -11.3412 -2.3824 1.4956
v  -11.2912 -2.3824 1.4946
v  40.6047 -13.5013 1.4907
v  40.6047 -13.4513 1.4887
v  41.2976 -13.5013 1.4907
v  41.2976 -13.4513 1.4888
v  47.1608 -9.9240 1.4880
v  47.1109 -9.9240 1.4855
v  47.1601 -8.8075 1.4877
v  47.1102 -8.8076 1.4852
v  47.1599 -5.7374 1.4876
v  47.1100 -5.7374 1.4851
v  47.1599 -4.9579 1.4876
v  47.1100 -4.9579 1.4851
v  41.9795 -13.5013 1.4907
v  41.9795 -13.4513 1.4888
v  43.7155 -13.5020 1.4911
v  43.7155 -13.4520 1.4892
v  47.1600 -8.4307 1.4877
v  47.1101 -8.4307 1.4851
v  47.1600 -8.0539 1.4876
v  47.1100 -8.0540 1.4851
v  44.2309 -13.5021 1.4913
v  44.2309 -13.4521 1.4895
v  47.1605 -10.2690 1.4881
v  47.1106 -10.2690 1.4857
v  44.7462 -13.5024 1.4915
v  44.7462 -13.4524 1.4899
v  47.1606 -10.6139 1.4883
v  47.1106 -10.6140 1.4863
v  47.1661 -13.3393 1.4932
v  47.1161 -13.3346 1.4922
v  47.0105 -13.5051 1.4938
v  47.0045 -13.4552 1.4927
v  47.0749 -13.4903 1.4942
v  47.0539 -13.4438 1.4930
v  47.1210 -13.4572 1.4943
v  47.0848 -13.4216 1.4931
v  47.1530 -13.4109 1.4940
v  47.1058 -13.3913 1.4929
v  -11.3406 -8.3858 1.4956
v  -11.2906 -8.3858 1.4947
v  -11.2173 -13.4884 1.4956
v  -11.1973 -13.4415 1.4949
v  -11.3229 -13.3828 1.4952
v  -11.2761 -13.3626 1.4946
v  -11.2794 -13.4461 1.4956
v  -11.2435 -13.4100 1.4949
v  4.7801 -13.5013 1.4907
v  4.7801 -13.4513 1.4887
v  6.7804 -13.5013 1.4907
v  6.7804 -13.4513 1.4887
v  10.8225 -13.5013 1.4907
v  10.8225 -13.4513 1.4887
v  12.8643 -13.5013 1.4907
v  12.8643 -13.4513 1.4887
v  16.9690 -13.5013 1.4907
v  16.9690 -13.4513 1.4887
v  18.9893 -13.5013 1.4907
v  18.9893 -13.4513 1.4887
v  23.0008 -13.5013 1.4907
v  23.0008 -13.4513 1.4887
v  24.9922 -13.5013 1.4907
v  24.9922 -13.4513 1.4887
v  29.0202 -13.5013 1.4907
v  29.0202 -13.4513 1.4887
v  31.2020 -13.5013 1.4907
v  31.2020 -13.4513 1.4887
v  32.8835 -13.5013 1.4907
v  32.8835 -13.4513 1.4887
v  33.5106 -13.5013 1.4907
v  33.5106 -13.4513 1.4887
v  37.3243 -13.5013 1.4907
v  37.3243 -13.4513 1.4887
v  38.8309 -13.5013 1.4907
v  38.8309 -13.4513 1.4887
v  47.1600 -1.9192 1.4876
v  47.1100 -1.9192 1.4851
v  47.1599 -4.0101 1.4876
v  47.1100 -4.0101 1.4851
v  47.1599 -3.0620 1.4876
v  47.1100 -3.0620 1.4851
v  47.1599 -7.0926 1.4876
v  47.1099 -7.0926 1.4851
v  47.1599 -6.5157 1.4876
v  47.1100 -6.5157 1.4851
v  -11.3405 -5.9634 1.4956
v  -11.2905 -5.9634 1.4946
v  -11.3404 -7.1571 1.4956
v  -11.2904 -7.1571 1.4946
v  -11.3426 -1.1912 1.4955
v  -11.2926 -1.1911 1.4946
v  39.9606 -13.5013 1.4907
v  39.9606 -13.4513 1.4887
v  -11.3408 -4.1691 1.4956
v  -11.2908 -4.1691 1.4946
v  35.8668 -13.5013 1.4907
v  35.8668 -13.4513 1.4887
v  34.2780 -13.5013 1.4907
v  34.2780 -13.4513 1.4887
v  2.6974 -13.5013 1.4907
v  2.6974 -13.4513 1.4887
v  8.7806 -13.5013 1.4907
v  8.7806 -13.4513 1.4887
v  14.9167 -13.5013 1.4907
v  14.9167 -13.4513 1.4887
v  21.0095 -13.5013 1.4907
v  21.0095 -13.4513 1.4887
v  27.0012 -13.5013 1.4907
v  27.0012 -13.4513 1.4887
v  32.1632 -13.5013 1.4907
v  32.1632 -13.4513 1.4887
v  47.1599 -7.6772 1.4876
v  47.1099 -7.6772 1.4851
v  -2.7082 -8.6358 -12.0065
v  -3.7749 -8.2857 -11.9135
v  -4.1797 -8.2428 -11.3075
v  0.6137 -8.6189 -12.4626
v  -3.1728 -10.9890 -2.2822
v  -3.0698 -10.6172 -4.5932
v  -2.9273 -10.1596 -6.8748
v  -2.7906 -9.6000 -9.1355
v  -2.7310 -9.1691 -10.5626
v  -4.8743 -11.1357 -0.7016
v  -4.7759 -10.9376 -1.8868
v  -4.5315 -10.4449 -4.3240
v  -4.2642 -9.8694 -6.7187
v  -4.0016 -9.2253 -9.0966
v  -3.8572 -8.7995 -10.4985
v  -5.6465 -10.8269 -0.7189
v  -5.5302 -10.6375 -1.7983
v  -5.2548 -10.0854 -4.2611
v  -4.9533 -9.4537 -6.6778
v  -4.6181 -8.7825 -9.0792
v  -4.4068 -8.3993 -10.4775
v  -6.1804 -10.2603 -0.7849
v  -6.0402 -10.0335 -1.9412
v  -5.7433 -9.4988 -4.3802
v  -5.3907 -8.9089 -6.7782
v  -5.0070 -8.3208 -9.1711
v  -4.7457 -7.9824 -10.6267
v  -6.5263 -9.5440 -0.8838
v  -6.3566 -9.2935 -2.1987
v  -6.0376 -8.7928 -4.5858
v  -5.6882 -8.2801 -6.9505
v  -5.2961 -7.7937 -9.3130
v  -4.9937 -7.5128 -10.8463
v  -6.7456 -8.7703 -1.0011
v  -6.5533 -8.5044 -2.4366
v  -6.2354 -8.0463 -4.7844
v  -5.8988 -7.5886 -7.1193
v  -5.5338 -7.1587 -9.4545
v  -5.2387 -6.8932 -11.0729
v  -6.8874 -7.9720 -1.0755
v  -6.6968 -7.6980 -2.5297
v  -6.4072 -7.1062 -4.9346
v  -6.0600 -6.7461 -7.3005
v  -5.7406 -6.3440 -9.5333
v  0.6146 -11.1058 -0.6979
v  0.6146 -10.4015 -5.3210
v  0.6144 -10.0562 -7.3577
v  0.6140 -9.5899 -9.5302
v  0.6137 -9.1646 -11.0171
v  -2.7327 -8.0901 -13.1367
v  -3.7570 -7.8467 -12.8473
v  -4.3837 -7.7992 -11.8775
v  0.6139 -8.1061 -13.3914
v  -2.7540 -7.3362 -14.1077
v  -3.7760 -7.2886 -13.6969
v  -4.5603 -7.3254 -12.4226
v  -2.7196 -6.4537 -14.6018
v  -3.7691 -6.4886 -14.3648
v  -4.7759 -6.6524 -12.9517
v  0.6143 -6.4840 -14.7135
v  -2.6942 -5.4695 -14.8041
v  -3.7574 -5.4971 -14.6549
v  -4.9486 -5.7005 -13.2987
v  -11.1181 -8.3858 1.4914
v  -4.2126 -13.2352 1.4803
v  -1.5278 -11.2502 -0.2006
v  -4.1516 -11.3606 0.5215
v  0.6146 -11.0679 -0.8895
v  -1.5277 -11.2120 -0.4003
v  -3.7411 -11.3028 0.0700
v  0.6145 -11.0292 -1.0977
v  -1.5274 -11.1851 -0.5808
v  0.6145 -10.9949 -1.3163
v  -1.5275 -11.1543 -0.7834
v  0.6144 -10.9560 -1.5669
v  -1.5274 -11.1195 -1.0192
v  -3.3156 -11.2295 -0.4637
v  -1.5274 -11.0958 -1.1993
v  -3.2398 -11.1933 -0.7449
v  0.6144 -10.8796 -2.0852
v  -1.5271 -11.0542 -1.5150
v  -3.1703 -11.1423 -1.1266
v  0.6144 -10.8014 -2.6219
v  -1.5268 -10.9917 -1.9907
v  -3.1793 -11.1076 -1.3993
v  -4.9325 -11.2378 0.0832
v  -6.9717 -7.1581 -1.0883
v  -6.7639 -7.1599 -2.5392
v  -5.4742 -5.9156 -11.2294
v  -5.8073 -5.9616 -9.5278
v  -6.1960 -5.9825 -7.2323
v  -7.0491 -5.9655 -1.0991
v  -6.8568 -5.9666 -2.6134
v  -6.5383 -5.9774 -4.9283
v  -2.7123 -4.2022 -14.9014
v  -3.8035 -4.2100 -14.7688
v  -5.0390 -4.2180 -13.4789
v  -7.0820 -4.2092 -1.1025
v  -6.9044 -4.2093 -2.6229
v  -6.6153 -4.2090 -4.9422
v  -11.1179 -4.1691 1.4914
v  -5.6364 -1.1931 -11.6304
v  -5.6215 -2.3848 -11.6283
v  -5.5665 -4.2069 -11.5944
v  -6.0167 -1.1933 -9.5626
v  -6.0004 -2.3854 -9.5597
v  -5.9460 -4.2087 -9.5537
v  -6.3533 -1.1925 -7.2597
v  -6.3375 -2.3851 -7.2563
v  -6.2955 -4.2082 -7.2505
v  -3.7976 -2.3844 -14.7932
v  -3.7797 -1.1922 -14.7794
v  -5.0704 -2.3860 -13.5299
v  -5.0720 -1.1918 -13.5235
v  -7.0866 -2.3847 -1.1020
v  -7.0821 -1.1886 -1.1012
v  -6.9098 -2.3850 -2.6267
v  -6.9127 -1.1897 -2.6294
v  -6.6371 -2.3852 -4.9467
v  -6.6482 -1.1914 -4.9499
v  -11.1178 -1.1912 1.4914
v  -5.0389 -11.5554 1.3275
v  -4.2147 -11.6416 1.3144
v  -5.8257 -11.2159 1.3303
v  -6.5022 -10.6920 1.3306
v  -7.0223 -10.0171 1.3164
v  -7.3331 -9.2257 1.3108
v  -7.4343 -8.3904 1.3161
v  -7.4458 -7.1568 1.3146
v  -7.4502 -5.9633 1.3135
v  -7.4546 -4.2092 1.3138
v  -7.4583 -2.3824 1.3147
v  -7.4605 -1.1913 1.3153
v  -5.0675 -11.6678 1.4029
v  -5.8848 -11.3211 1.4028
v  -6.5918 -10.7787 1.4041
v  -7.1295 -10.0711 1.3992
v  -7.4550 -9.2499 1.3926
v  -7.5676 -8.3904 1.3945
v  -7.5805 -1.1912 1.3944
v  -4.2147 -11.7573 1.3933
v  -7.5732 -7.1570 1.3953
v  -7.5754 -5.9633 1.3948
v  -7.5776 -4.2092 1.3946
v  -7.5794 -2.3824 1.3945
v  -4.2147 -11.5493 1.2060
v  0.6149 -11.5497 1.2101
v  -7.3483 -7.1568 1.1981
v  -7.3566 -5.9633 1.1956
v  -7.3625 -4.2092 1.1974
v  -7.3670 -2.3824 1.2008
v  -5.0136 -11.4556 1.2168
v  -5.7773 -11.1297 1.2191
v  -6.4375 -10.6265 1.2124
v  -6.9446 -9.9780 1.1969
v  -7.2318 -9.2056 1.1990
v  -7.3277 -8.3904 1.2065
v  -7.3691 -1.1913 1.2034
v  -4.1869 -11.4399 0.8368
v  0.6147 -11.3443 0.3221
v  -1.5306 -8.7164 -12.1423
v  -1.5304 -9.2572 -10.6699
v  -1.5300 -9.6786 -9.2130
v  -1.5269 -10.1758 -7.0757
v  -1.5248 -10.5666 -4.9169
v  -1.5303 -8.1653 -13.2467
v  -1.5295 -7.3986 -14.1748
v  -1.5272 -6.4973 -14.6514
v  -1.5268 -5.4955 -14.8388
v  -1.5250 -13.2352 1.4803
v  -1.5261 -10.8892 -2.7402
v  -1.5249 -11.3405 0.0910
v  -1.5267 -4.2097 -14.9226
v  -1.5250 -11.6412 1.3143
v  -1.5250 -11.7572 1.3933
v  -1.5250 -11.5539 1.2030
v  -1.5252 -11.4738 0.5705
v  -3.9928 -8.2418 -11.6636
v  -4.1302 -7.7780 -12.4275
v  -4.2458 -7.2779 -13.1302
v  -4.4079 -6.5698 -13.7898
v  -4.5226 -5.6004 -14.1538
v  -4.5736 -1.1913 -14.3145
v  -4.5881 -2.3855 -14.3315
v  -4.5834 -4.2202 -14.3027
v  -4.3171 -8.3002 -10.8974
v  -4.5935 -7.8693 -11.2582
v  -4.8081 -7.4021 -11.6420
v  -5.0313 -6.7555 -12.0191
v  -5.2368 -5.8053 -12.3066
v  -5.3344 -4.2106 -12.5530
v  -5.3821 -2.3848 -12.5980
v  -5.3923 -1.1922 -12.5969
v  -4.2146 -11.8906 1.4278
v  -4.2274 -12.0905 1.4354
v  -5.0953 -11.7772 1.4280
v  -5.1465 -11.9722 1.4334
v  -5.9468 -11.4307 1.4283
v  -6.0462 -11.6062 1.4314
v  -6.6916 -10.8719 1.4278
v  -6.8338 -11.0152 1.4305
v  -7.2538 -10.1338 1.4279
v  -7.4301 -10.2324 1.4306
v  -7.5851 -9.2761 1.4273
v  -7.7796 -9.3275 1.4304
v  -7.7174 -8.3904 1.4278
v  -7.9174 -8.4052 1.4316
v  -7.7174 -7.1571 1.4278
v  -7.9174 -7.1571 1.4316
v  0.6145 -11.8906 1.4278
v  0.6145 -12.0905 1.4356
v  -1.5250 -11.8906 1.4278
v  -1.5250 -12.0905 1.4356
v  -7.7174 -5.9634 1.4278
v  -7.9174 -5.9634 1.4316
v  -7.7174 -4.2092 1.4278
v  -7.9174 -4.2092 1.4316
v  -7.7174 -2.3823 1.4278
v  -7.9174 -2.3823 1.4316
v  -7.7174 -1.1912 1.4278
v  -7.9174 -1.1912 1.4316
v  -7.3252 -1.1912 1.0706
v  -7.3196 -1.1910 1.0209
v  -7.3249 -2.3825 1.0656
v  -7.3194 -2.3823 1.0159
v  -5.7524 -11.0852 1.0767
v  -5.7493 -11.0781 1.0273
v  -6.4131 -10.5804 1.0610
v  -6.4064 -10.5725 1.0121
v  -6.8883 -9.9496 1.0694
v  -6.8791 -9.9413 1.0210
v  -7.1589 -9.1911 1.0730
v  -7.1386 -9.1835 1.0269
v  -7.2622 -8.3903 1.0754
v  -7.2492 -8.3875 1.0272
v  -7.2998 -7.1572 1.0586
v  -7.2917 -7.1577 1.0092
v  -4.9960 -11.3863 1.0833
v  -4.9943 -11.3757 1.0345
v  -7.3152 -5.9636 1.0550
v  -7.3087 -5.9636 1.0054
v  -7.3232 -4.2092 1.0585
v  -7.3176 -4.2091 1.0088
v  -4.2146 -11.4990 1.0753
v  -4.2133 -11.4890 1.0265
v  -1.5250 -11.5149 1.0700
v  -1.5250 -11.5097 1.0202
v  46.9177 -13.7483 1.2138
v  46.8677 -13.7483 1.2138
v  47.4110 -13.2394 1.2138
v  47.4110 -13.1894 1.2138
v  46.9162 -13.6714 1.4282
v  46.8662 -13.6714 1.4282
v  46.9172 -13.7221 1.3599
v  46.8672 -13.7221 1.3599
v  47.3849 -13.2389 1.3599
v  47.3849 -13.1889 1.3599
v  47.3351 -13.2380 1.4282
v  47.3350 -13.1880 1.4282
v  46.9139 -13.5063 1.4931
v  46.8638 -13.5062 1.4931
v  46.9150 -13.5994 1.4737
v  46.8650 -13.5994 1.4737
v  46.9176 -13.7465 1.2672
v  46.8676 -13.7465 1.2672
v  47.2640 -13.2371 1.4733
v  47.2639 -13.1871 1.4733
v  47.1670 -13.2363 1.4920
v  47.1669 -13.1863 1.4920
v  47.4092 -13.2394 1.2672
v  47.4092 -13.1894 1.2672
v  46.9139 -13.4563 1.4918
v  46.8639 -13.4562 1.4918
v  47.1170 -13.2359 1.4907
v  47.1169 -13.1859 1.4906
v  -11.5830 -13.3089 1.2138
v  -11.5830 -13.2589 1.2138
v  -11.1435 -13.7482 1.2138
v  -11.0935 -13.7482 1.2138
v  -11.5568 -13.2996 1.3599
v  -11.5566 -13.2494 1.3599
v  -11.5071 -13.2996 1.4282
v  -11.5070 -13.2494 1.4282
v  -11.1356 -13.7221 1.3599
v  -11.0853 -13.7221 1.3600
v  -11.1356 -13.6714 1.4282
v  -11.0853 -13.6714 1.4279
v  -11.4364 -13.2996 1.4757
v  -11.4368 -13.2494 1.4755
v  -11.3392 -13.2996 1.4943
v  -11.3412 -13.2494 1.4942
v  -11.5811 -13.3087 1.2672
v  -11.5811 -13.2587 1.2672
v  -11.1356 -13.5994 1.4737
v  -11.0853 -13.5994 1.4737
v  -11.1356 -13.5046 1.4951
v  -11.0853 -13.5085 1.4948
v  -11.1433 -13.7465 1.2672
v  -11.0933 -13.7465 1.2672
v  -11.1356 -13.4547 1.4941
v  -11.0853 -13.4547 1.4941
v  -11.2897 -13.2996 1.4937
v  -11.2897 -13.2493 1.4937
v  -11.1200 -13.2602 1.4920
v  10.8225 -0.0000 -14.6995
v  12.8643 -0.0000 -14.6425
v  6.8328 -0.0000 -14.8108
v  30.9619 -0.0000 -14.1370
v  31.4414 -0.0000 -14.1237
v  34.3444 -0.0000 -13.3102
v  34.7118 -0.0000 -12.7592
v  35.8830 -0.0000 -10.3601
v  38.8057 -0.0000 -6.1988
v  40.6273 -0.0000 -3.9373
v  43.0375 -0.0000 -0.1280
v  44.3848 -0.0000 1.0509
v  47.1100 -0.0000 1.4851
v  46.0658 -0.0000 1.4315
v  -11.5828 0.0000 1.2138
v  45.8661 -0.0000 1.4212
v  -11.5810 0.0000 1.2672
v  -7.5816 0.0000 1.3942
v  -7.7174 0.0000 1.4278
v  -6.6520 0.0000 -4.9525
v  -5.3969 0.0000 -12.5961
v  -6.0246 0.0000 -9.5651
v  -4.5594 0.0000 -14.2999
v  -7.0821 0.0000 -1.1011
v  -7.3715 0.0000 1.2057
v  -0.9636 -0.1832 -15.5878
v  -0.9099 -0.3668 -15.5878
v  -0.8194 -0.5401 -15.5878
v  -0.6952 -0.6933 -15.5878
v  -0.5440 -0.8180 -15.5878
v  -0.3735 -0.9093 -15.5878
v  -0.1899 -0.9652 -15.5878
v  -0.0021 -0.9843 -15.5878
v  0.1868 -0.9670 -15.5878
v  0.3733 -0.9122 -15.5878
v  0.5464 -0.8210 -15.5878
v  0.6997 -0.6957 -15.5878
v  0.8253 -0.5417 -15.5878
v  0.9164 -0.3680 -15.5878
v  0.9705 -0.1837 -15.5878
v  0.9062 -0.5948 -15.3713
v  -0.0022 -1.0840 -15.3713
v  -0.2083 -1.0638 -15.3713
v  -0.5997 -0.9030 -15.3713
v  -0.7675 -0.7656 -15.3713
v  -0.9052 -0.5964 -15.3713
v  -0.6131 -1.5130 -15.2247
v  -1.1555 -1.1537 -15.2249
v  -1.3644 -0.8967 -15.2249
v  -1.5156 -0.6070 -15.2247
v  -1.0650 -0.2020 -15.3712
v  -1.0054 -0.4050 -15.3712
v  -0.4110 -1.0030 -15.3713
v  0.2050 -1.0644 -15.3713
v  0.4097 -1.0036 -15.3713
v  0.5999 -0.9029 -15.3713
v  0.7685 -0.7645 -15.3713
v  1.0060 -0.4036 -15.3713
v  1.0651 -0.2014 -15.3713
v  1.5162 -0.6057 -15.2249
v  1.1564 -1.1526 -15.2248
v  0.9002 -1.3622 -15.2249
v  0.6118 -1.5135 -15.2247
v  0.3050 -1.6037 -15.2247
v  0.2817 -1.4789 -15.2862
v  -0.0021 -1.5056 -15.2862
v  -0.2850 -1.4782 -15.2861
v  -0.5660 -1.3950 -15.2861
v  -0.8303 -1.2559 -15.2861
v  -1.0655 -1.0637 -15.2862
v  -1.2581 -0.8270 -15.2862
v  -1.3975 -0.5600 -15.2862
v  -1.4795 -0.2787 -15.2862
v  -1.3491 -0.2545 -15.3327
v  -1.2082 -0.2285 -15.3585
v  -1.1409 -0.4584 -15.3585
v  -1.0271 -0.6759 -15.3585
v  -0.8705 -0.8685 -15.3585
v  -0.6794 -1.0248 -15.3585
v  -0.4645 -1.1385 -15.3585
v  -0.2348 -1.2069 -15.3585
v  -0.0022 -1.2296 -15.3585
v  0.2314 -1.2076 -15.3585
v  0.4632 -1.1390 -15.3585
v  0.6796 -1.0247 -15.3585
v  0.8714 -0.8674 -15.3585
v  1.0281 -0.6744 -15.3585
v  1.1414 -0.4572 -15.3585
v  1.2083 -0.2278 -15.3585
v  1.3492 -0.2537 -15.3327
v  1.4797 -0.2780 -15.2862
v  1.3980 -0.5587 -15.2862
v  1.2590 -0.8255 -15.2862
v  1.0665 -1.0626 -15.2862
v  0.8306 -1.2557 -15.2861
v  0.5647 -1.3955 -15.2861
v  1.2746 -0.5098 -15.3327
v  1.1480 -0.7528 -15.3327
v  0.9727 -0.9687 -15.3327
v  0.7579 -1.1446 -15.3327
v  0.5158 -1.2722 -15.3326
v  0.2574 -1.3485 -15.3327
v  -0.0022 -1.3728 -15.3327
v  -0.2608 -1.3478 -15.3326
v  -0.5171 -1.2717 -15.3326
v  -0.7577 -1.1448 -15.3326
v  -0.9717 -0.9697 -15.3327
v  -1.1471 -0.7543 -15.3327
v  -1.2742 -0.5109 -15.3327
v  -2.0013 -0.3752 -14.9933
v  2.0038 -0.3750 -14.9920
v  -1.8872 -0.7538 -14.9957
v  -1.6937 -1.1115 -14.9990
v  -0.7477 -1.8505 -15.0155
v  -0.3732 -1.9504 -15.0213
v  1.6906 -1.1070 -15.0017
v  0.7417 -1.8409 -15.0221
v  0.3679 -1.9448 -15.0260
v  1.8872 -0.7523 -14.9959
v  1.6047 -0.3012 -15.2248
v  1.4221 -1.4172 -15.0089
v  1.3653 -0.8951 -15.2247
v  1.0984 -1.6652 -15.0162
v  -1.6046 -0.3019 -15.2248
v  -1.4279 -1.4251 -15.0034
v  -0.9001 -1.3623 -15.2249
v  -1.1054 -1.6752 -15.0092
v  -0.3083 -1.6032 -15.2248
v  -0.0022 -1.6328 -15.2249
v  -0.0023 -1.9798 -15.0254
v  -0.9636 -0.1832 -15.3713
v  -0.9636 -0.1832 -15.3913
v  -0.9834 -0.1869 -15.3713
v  -0.9099 -0.3668 -15.3713
v  -0.9099 -0.3668 -15.3913
v  -0.9286 -0.3743 -15.3713
v  -0.8194 -0.5401 -15.3713
v  -0.8194 -0.5401 -15.3913
v  -0.8362 -0.5512 -15.3713
v  -0.6952 -0.6933 -15.3713
v  -0.6952 -0.6933 -15.3913
v  -0.7095 -0.7075 -15.3713
v  -0.5440 -0.8180 -15.3713
v  -0.5440 -0.8180 -15.3913
v  -0.5552 -0.8347 -15.3713
v  -0.3735 -0.9093 -15.3713
v  -0.3735 -0.9093 -15.3913
v  -0.3812 -0.9279 -15.3713
v  -0.1899 -0.9652 -15.3713
v  -0.1899 -0.9652 -15.3913
v  -0.1938 -0.9849 -15.3713
v  -0.0021 -0.9843 -15.3713
v  -0.0021 -0.9843 -15.3913
v  -0.0022 -1.0043 -15.3713
v  0.1868 -0.9670 -15.3713
v  0.1868 -0.9670 -15.3913
v  0.1906 -0.9868 -15.3713
v  0.3733 -0.9122 -15.3713
v  0.3733 -0.9122 -15.3913
v  0.3808 -0.9308 -15.3713
v  0.5464 -0.8210 -15.3713
v  0.5464 -0.8210 -15.3913
v  0.5575 -0.8377 -15.3713
v  0.6997 -0.6957 -15.3713
v  0.6997 -0.6957 -15.3913
v  0.7139 -0.7099 -15.3713
v  0.8252 -0.5417 -15.3713
v  0.8252 -0.5417 -15.3913
v  0.8420 -0.5528 -15.3713
v  0.9163 -0.3680 -15.3713
v  0.9163 -0.3680 -15.3913
v  0.9350 -0.3755 -15.3713
v  0.9704 -0.1837 -15.3713
v  0.9704 -0.1837 -15.3913
v  0.9901 -0.1874 -15.3713
v  -2.0551 -0.3853 -14.9778
v  -2.1536 -0.4048 -14.9735
v  -1.9379 -0.7740 -14.9801
v  -2.0307 -0.8126 -14.9766
v  -1.7393 -1.1414 -14.9838
v  -1.8223 -1.1981 -14.9811
v  -1.1353 -1.7204 -14.9947
v  -1.1884 -1.8057 -14.9921
v  -1.4665 -1.4636 -14.9887
v  -1.5360 -1.5362 -14.9862
v  -0.3832 -2.0029 -15.0066
v  -0.4001 -2.1018 -15.0034
v  -0.7679 -1.9003 -15.0010
v  -0.8030 -1.9944 -14.9983
v  0.7617 -1.8904 -15.0072
v  0.7974 -1.9843 -15.0040
v  0.3778 -1.9968 -15.0105
v  0.3960 -2.0955 -15.0075
v  2.0577 -0.3850 -14.9763
v  2.1561 -0.4049 -14.9714
v  1.9380 -0.7725 -14.9804
v  2.0303 -0.8119 -14.9758
v  -0.0023 -2.0328 -15.0100
v  -0.0015 -2.1331 -15.0066
v  1.1281 -1.7101 -15.0016
v  1.1810 -1.7954 -14.9982
v  1.7363 -1.1369 -14.9868
v  1.8186 -1.1944 -14.9827
v  1.4606 -1.4555 -14.9943
v  1.5294 -1.5286 -14.9906
v  -2.1931 0.0000 -14.9726
v  2.1963 -0.0000 -14.9701
v  0.9877 -0.0000 -15.3913
v  0.9877 -0.0000 -15.5878
v  -0.9808 0.0000 -15.5878
v  -0.9808 0.0000 -15.3913
v  1.0078 -0.0000 -15.3713
v  1.0840 -0.0000 -15.3713
v  -1.0009 0.0000 -15.3713
v  -1.0840 0.0000 -15.3713
v  -1.5056 0.0000 -15.2862
v  -1.6329 0.0000 -15.2249
v  -1.3729 0.0000 -15.3328
v  -1.2296 0.0000 -15.3586
v  1.2296 -0.0000 -15.3586
v  1.3728 -0.0000 -15.3328
v  1.5056 -0.0000 -15.2863
v  1.6328 -0.0000 -15.2249
v  -2.0377 0.0000 -14.9925
v  2.0410 -0.0000 -14.9906
v  -2.0928 0.0000 -14.9770
v  2.0939 -0.0000 -14.9751
v  0.9877 -0.0000 -15.3713
v  -0.9808 0.0000 -15.3713
v  -1.5256 -2.8045 -14.9652
v  2.6971 -3.0244 -14.9270
v  2.6972 -1.9001 -14.9376
v  -2.8606 -2.3842 -14.9358
v  0.6147 -2.9766 -14.9808
v  -2.8581 -1.1921 -14.9371
v  2.6974 -0.0000 -14.9455
v  -2.8554 0.0000 -14.9392
v  -5.7048 -10.9638 0.1520
v  -6.2836 -10.4081 0.1163
v  -6.6804 -9.7320 0.0746
v  -6.9139 -8.9699 0.0195
v  -7.0371 -8.1761 -0.0182
v  -7.1220 -7.1574 -0.0380
v  -7.1770 -5.9645 -0.0466
v  -7.1984 -4.2091 -0.0467
v  -7.2030 -2.3835 -0.0430
v  -7.2039 -1.1898 -0.0405
v  25.0319 -0.0000 -14.5526
v  33.4273 -0.0000 -14.1914
v  43.2627 -9.6260 0.5141
v  43.5710 -4.9746 0.2401
v  43.2386 -3.0539 -0.2324
v  43.2328 -4.9889 -0.1732
v  34.0277 -2.9934 -13.9048
v  33.4414 -2.9947 -14.1756
v  32.9300 -2.9978 -14.2909
v  4.7868 -3.0722 -15.1127
v  8.7875 -3.0011 -15.0080
v  16.9760 -3.0168 -14.7764
v  24.9992 -2.9973 -14.5552
v  29.0269 -3.0108 -14.4334
v  30.9676 -3.0117 -14.3804
v  31.9276 -3.0067 -14.3590
v  32.4205 -3.0023 -14.3424
v  34.5469 -2.9906 -13.4112
v  34.9245 -2.9845 -12.8066
v  36.0966 -2.9521 -10.4188
v  37.4950 -2.9379 -8.3072
v  39.0097 -2.9562 -6.3395
v  40.8239 -3.0295 -4.0555
v  42.2006 -3.0792 -2.0534
v  43.9804 -4.9658 0.5827
v  43.9465 -6.5510 0.6086
v  43.2544 -9.9941 0.6455
v  0.6111 -5.4452 -15.1498
v  4.7853 -5.4303 -15.1172
v  0.6129 -7.6046 -14.3557
v  0.6149 -11.4288 -0.4881
v  0.6255 -11.1760 -1.7877
v  8.7877 -5.3149 -15.0075
v  16.9759 -5.2797 -14.7787
v  4.7839 -7.5754 -14.3100
v  8.7860 -7.4823 -14.3141
v  4.7884 -8.7157 -12.5190
v  8.7856 -8.5699 -12.5731
v  16.9736 -7.3988 -14.1780
v  16.9771 -8.4231 -12.5050
v  4.7926 -9.5636 -9.8343
v  8.7899 -9.3132 -10.1043
v  4.7940 -9.9506 -7.9792
v  8.7920 -9.6623 -8.4054
v  4.7947 -10.5713 -4.2042
v  0.6274 -10.9708 -3.1944
v  4.7941 -10.6626 -3.6356
v  4.7914 -10.8225 -2.7138
v  8.7927 -10.2493 -4.8672
v  12.8771 -9.4304 -8.6545
v  12.8737 -9.1497 -10.2227
v  12.8806 -9.9578 -5.3168
v  16.9940 -9.5550 -5.6153
v  16.9866 -9.1434 -8.8514
v  8.7919 -10.3475 -4.2902
v  8.7889 -10.5337 -3.3546
v  12.8805 -10.0668 -4.7186
v  16.9958 -9.6550 -4.9721
v  12.8783 -10.2794 -3.7434
v  16.9943 -9.8740 -3.9317
v  4.7702 -11.3670 -1.0809
v  4.7783 -11.0916 -1.5843
v  8.7654 -10.9523 -2.1832
v  12.8482 -10.9624 -2.5996
v  8.7718 -11.3794 -1.5602
v  12.8610 -11.3894 -1.8225
v  8.7843 -10.7016 -2.7334
v  12.8697 -10.4984 -3.0673
v  16.9731 -10.2096 -3.2908
v  16.9600 -10.9996 -2.8587
v  16.9672 -11.3896 -1.9845
v  24.9989 -5.2418 -14.5529
v  29.0268 -5.2775 -14.4383
v  30.9682 -5.2994 -14.3841
v  31.9293 -5.3059 -14.3586
v  32.4292 -5.3081 -14.3346
v  32.9570 -5.3155 -14.2482
v  33.4892 -5.3301 -14.0622
v  24.9972 -7.3582 -14.0502
v  21.0132 -7.3745 -14.1414
v  29.0258 -7.4300 -13.8681
v  30.9685 -7.4768 -13.7650
v  31.9308 -7.4901 -13.7162
v  32.4366 -7.4918 -13.6805
v  32.9842 -7.4892 -13.5267
v  21.0144 -8.3027 -12.4491
v  24.9936 -8.2679 -12.3559
v  21.0218 -8.8447 -8.9938
v  24.9927 -8.7066 -8.9237
v  29.0187 -8.3427 -12.0971
v  30.9601 -8.3974 -11.9431
v  31.9211 -8.4198 -11.8815
v  32.4134 -8.4285 -11.8454
v  26.9935 -8.7455 -8.7367
v  29.0070 -8.8572 -8.4398
v  32.9152 -8.4345 -11.7026
v  16.9831 -8.9356 -10.3025
v  21.0287 -9.1333 -5.7225
v  24.9928 -8.9537 -5.5554
v  30.9468 -9.0019 -8.0823
v  31.9079 -9.0748 -7.9021
v  26.9914 -8.9976 -5.4348
v  29.0025 -9.1271 -5.2829
v  30.9410 -9.3180 -4.9932
v  31.8993 -9.4322 -4.7656
v  32.8604 -9.6518 -3.9341
v  32.8612 -9.5561 -4.4840
v  30.9409 -9.4101 -4.3620
v  32.3822 -9.4933 -4.6281
v  32.3931 -9.1091 -7.8129
v  32.8755 -9.1408 -7.6997
v  21.0307 -9.2159 -5.0240
v  21.0301 -9.4475 -3.9109
v  24.9930 -9.0406 -4.8478
v  24.9952 -9.2921 -3.7262
v  26.9912 -9.0884 -4.7347
v  29.0022 -9.2186 -4.6056
v  26.9952 -9.3428 -3.6207
v  29.0078 -9.4613 -3.5195
v  30.9464 -9.6381 -3.3451
v  32.8661 -9.8685 -3.0543
v  29.0355 -9.9552 -2.9937
v  32.9035 -10.2091 -2.5933
v  21.0090 -11.0232 -2.9373
v  21.0147 -9.9873 -3.3702
v  25.0000 -10.9668 -2.8832
v  29.0318 -10.9789 -2.6428
v  21.0095 -11.4061 -1.9805
v  24.9943 -11.3884 -1.9424
v  32.8928 -11.3509 -1.5715
v  32.9044 -11.0082 -2.2617
v  34.5089 -5.3066 -13.1933
v  34.0399 -5.3326 -13.7117
v  37.4923 -5.0657 -8.1838
v  36.0765 -5.1088 -10.2565
v  39.0061 -5.0724 -6.2482
v  40.8132 -5.0857 -3.9407
v  42.1891 -5.0631 -1.9450
v  34.7586 -7.2284 -11.8725
v  33.9675 -7.4028 -12.8159
v  33.5030 -7.4625 -13.2197
v  34.8654 -5.2572 -12.5958
v  36.0768 -6.9615 -9.8296
v  37.4889 -6.8835 -7.8298
v  39.0035 -6.8965 -5.9437
v  40.8148 -6.8624 -3.6604
v  43.2477 -6.6124 -0.0747
v  42.1873 -6.7551 -1.7104
v  42.1753 -8.0700 -1.3515
v  40.7994 -8.2394 -3.1236
v  42.1435 -9.3697 -0.7341
v  42.1181 -9.9695 -0.3408
v  42.1537 -9.0291 -0.9212
v  40.7607 -9.2602 -2.3341
v  40.7370 -9.6353 -1.9151
v  40.6903 -10.2061 -1.1148
v  42.1000 -10.1378 -0.2190
v  40.6788 -10.3162 -0.9433
v  40.6775 -10.4900 -0.6868
v  43.5696 -6.5795 0.2945
v  33.3647 -8.4307 -11.4400
v  33.7849 -8.4139 -11.1302
v  34.5688 -8.3803 -10.4629
v  36.0161 -8.3021 -8.9369
v  37.4779 -8.2534 -7.1531
v  37.4130 -9.1747 -5.9455
v  35.9235 -9.0499 -7.4412
v  38.9925 -8.2876 -5.3117
v  38.9484 -9.2927 -4.2414
v  33.7284 -8.9488 -8.9202
v  32.8875 -8.9254 -9.2982
v  33.7107 -9.1965 -7.4056
v  33.6938 -9.6724 -4.1780
v  34.4476 -9.8829 -3.3845
v  34.4477 -9.7837 -3.8372
v  34.4630 -9.2510 -7.0742
v  34.4893 -8.9727 -8.5073
v  35.8800 -9.3816 -6.1954
v  35.8631 -9.9901 -3.1307
v  37.3595 -9.5515 -4.9367
v  37.3325 -10.1594 -2.4907
v  38.8593 -10.3409 -1.6671
v  35.8638 -10.0861 -2.7828
v  38.8605 -10.2538 -1.8890
v  38.9040 -9.6849 -3.4952
v  34.4571 -10.0994 -2.6845
v  35.8782 -10.2859 -2.2735
v  38.8743 -10.4995 -1.3543
v  40.6803 -10.6447 -0.4970
v  38.8912 -10.6663 -1.1907
v  37.3536 -10.4219 -1.8363
v  35.9070 -10.5123 -2.0617
v  37.3744 -10.9335 -1.4290
v  35.9056 -10.9722 -1.7766
v  40.6779 -10.8343 -0.2664
v  34.4891 -11.0107 -2.0208
v  35.8859 -11.2592 -1.2899
v  37.3524 -11.2053 -1.0090
v  38.8680 -11.1467 -0.5696
v  40.6637 -11.0198 0.0336
v  21.0158 -3.0072 -14.6650
v  21.0155 -5.2520 -14.6633
v  12.8714 -3.0089 -14.8925
v  12.8714 -5.2973 -14.8939
v  12.8692 -7.4348 -14.2359
v  12.8693 -8.5142 -12.5548
v  27.0085 -3.0039 -14.4943
v  27.0080 -5.2545 -14.4973
v  27.0065 -7.3828 -13.9697
v  27.0009 -8.2929 -12.2491
v  4.7947 -10.2744 -6.0913
v  8.7931 -9.9678 -6.6356
v  12.8796 -9.6947 -6.9830
v  16.9905 -9.3466 -7.2301
v  21.0254 -8.9862 -7.3548
v  24.9929 -8.8185 -7.2349
v  26.9921 -8.8573 -7.0809
v  29.0041 -8.9787 -6.8567
v  30.9428 -9.1484 -6.5335
v  31.9027 -9.2422 -6.3296
v  32.3865 -9.2899 -6.2160
v  32.8666 -9.3379 -6.0872
v  42.1377 -9.6748 -0.5419
v  40.7124 -9.9381 -1.5214
v  33.6996 -9.4268 -5.7865
v  34.4538 -9.5115 -5.4499
v  35.8662 -9.6841 -4.6550
v  37.3398 -9.8637 -3.7058
v  38.8745 -9.9880 -2.6883
v  43.9977 -3.0559 0.5610
v  43.5811 -3.0524 0.2013
v  21.0197 -8.7044 -10.2993
v  24.9927 -8.6013 -10.2192
v  26.9954 -8.6386 -10.0645
v  29.0107 -8.7324 -9.8275
v  30.9517 -8.8427 -9.5591
v  31.9137 -8.8923 -9.4341
v  32.4006 -8.9138 -9.3704
v  34.3816 -7.3275 -12.3588
v  34.1776 -8.4006 -10.7998
v  34.0943 -9.2244 -7.2404
v  34.0768 -9.7291 -4.0075
v  34.1134 -8.9617 -8.7128
v  34.0829 -9.4706 -5.6181
v  33.3190 -8.9397 -9.1090
v  33.3029 -9.1700 -7.5527
v  33.2863 -9.6155 -4.3313
v  33.2925 -9.3836 -5.9370
v  29.0227 -11.3846 -1.7859
v  43.8977 -7.7450 0.6422
v  43.2676 -7.8635 0.0715
v  43.5662 -7.8063 0.3750
v  43.5479 -9.3919 0.6588
v  43.2759 -8.7191 0.2598
v  43.2751 -9.0225 0.3421
v  43.2713 -9.3237 0.4266
v  43.8474 -8.5228 0.6915
v  43.8408 -8.8231 0.7335
v  43.8234 -9.0925 0.7834
v  43.5385 -9.2140 0.6091
v  43.5515 -8.8929 0.5457
v  43.5512 -8.6317 0.4875
v  37.3344 -10.2481 -2.2189
v  25.0043 -9.8715 -3.2499
v  27.0110 -10.9807 -2.7628
v  27.0032 -11.3753 -1.8999
v  27.0143 -9.9010 -3.1320
v  34.4742 -11.3000 -1.4649
v  30.9795 -10.0631 -2.8202
v  30.9768 -10.9961 -2.4766
v  30.9663 -11.3796 -1.6808
v  34.4896 -10.3819 -2.3454
v  31.4463 -3.0093 -14.3697
v  31.4472 -5.3024 -14.3706
v  31.4482 -7.4843 -13.7409
v  31.4401 -8.4092 -11.9126
v  31.4270 -9.0387 -7.9923
v  31.4193 -9.3748 -4.8793
v  31.4223 -9.1953 -6.4316
v  31.4324 -8.8682 -9.4968
v  31.4191 -9.4675 -4.2642
v  31.8986 -9.5261 -4.1664
v  32.3816 -9.5901 -4.0527
v  31.4248 -9.6940 -3.2758
v  31.9046 -9.7502 -3.2057
v  32.3874 -9.8092 -3.1309
v  33.2856 -9.7150 -3.8040
v  33.6933 -9.7713 -3.6728
v  34.0772 -9.8309 -3.5301
v  34.0841 -10.0471 -2.7812
v  33.6989 -9.9898 -2.8759
v  33.2910 -9.9304 -2.9652
v  33.3283 -10.2542 -2.5324
v  33.7353 -10.2984 -2.4724
v  34.1187 -10.3409 -2.4086
v  33.3311 -11.0067 -2.2006
v  33.7366 -11.0073 -2.1405
v  34.1184 -11.0095 -2.0806
v  33.3186 -11.3368 -1.5471
v  33.7247 -11.3232 -1.5231
v  34.1064 -11.3116 -1.4936
v  31.4604 -10.0980 -2.7670
v  31.9410 -10.1338 -2.7129
v  32.4245 -10.1709 -2.6532
v  31.4589 -11.0007 -2.4241
v  31.9392 -11.0034 -2.3709
v  32.4225 -11.0064 -2.3172
v  31.4474 -11.3746 -1.6544
v  31.9280 -11.3685 -1.6278
v  32.4119 -11.3601 -1.5998
v  4.7867 -10.9460 -2.1310
v  12.8758 -10.3816 -3.3871
v  8.7866 -10.6127 -3.0434
v  16.9880 -10.0157 -3.5604
v  21.0264 -9.6424 -3.5607
v  25.0008 -9.5007 -3.3908
v  29.0192 -9.6441 -3.1686
v  32.8794 -10.0057 -2.7612
v  40.6792 -10.5526 -0.6064
v  38.8847 -10.5546 -1.2898
v  35.8941 -10.3775 -2.1549
v  27.0041 -9.5460 -3.2783
v  30.9593 -9.7995 -3.0043
v  34.4698 -10.2197 -2.4750
v  31.4386 -9.8481 -2.9473
v  31.9181 -9.8984 -2.8888
v  32.4010 -9.9518 -2.8256
v  33.3041 -10.0626 -2.6917
v  33.7120 -10.1176 -2.6220
v  34.0968 -10.1702 -2.5482
v  4.7892 -10.8802 -2.4217
v  43.2441 -10.1826 0.7317
v  8.7877 -10.5702 -3.1985
v  42.0807 -10.4524 0.0814
v  37.3663 -10.4750 -1.7720
v  35.8860 -10.3276 -2.2094
v  30.9511 -9.7106 -3.1617
v  34.4619 -10.1558 -2.5720
v  31.4298 -9.7637 -3.0987
v  31.9093 -9.8176 -3.0349
v  33.2956 -9.9923 -2.8190
v  33.7035 -10.0502 -2.7398
v  12.8772 -10.3282 -3.5630
v  16.9920 -9.9395 -3.7388
v  21.0290 -9.5330 -3.7211
v  24.9975 -9.3836 -3.5431
v  29.0121 -9.5431 -3.3308
v  32.8708 -9.9324 -2.8976
v  26.9987 -9.4329 -3.4340
v  32.3922 -9.8749 -2.9671
v  34.0888 -10.1058 -2.6561
v  4.7904 -10.8513 -2.5668
v  12.8737 -10.4377 -3.2200
v  16.9815 -10.1058 -3.4093
v  21.0214 -9.7930 -3.4468
v  25.0035 -9.6591 -3.2965
v  29.0285 -9.7774 -3.0595
v  32.8920 -10.0950 -2.6614
v  27.0103 -9.6970 -3.1813
v  32.4135 -10.0474 -2.7225
v  34.1082 -10.2459 -2.4678
v  4.7880 -10.9130 -2.2767
v  8.7857 -10.6566 -2.8865
v  37.3755 -10.6031 -1.6845
v  35.9013 -10.4378 -2.1059
v  30.9704 -9.9135 -2.8924
v  34.4803 -10.2925 -2.4004
v  31.4505 -9.9561 -2.8385
v  31.9304 -10.0008 -2.7831
v  33.3167 -10.1471 -2.5981
v  33.7242 -10.1976 -2.5348
v  4.7833 -11.0169 -1.8524
v  8.7777 -10.8093 -2.4347
v  12.8555 -10.6636 -2.8252
v  16.9609 -10.5441 -3.1138
v  25.0030 -10.4238 -3.1761
v  29.0384 -10.4220 -2.9235
v  32.9115 -10.5785 -2.5034
v  21.0085 -10.5000 -3.2497
v  37.3778 -10.7668 -1.5721
v  35.9124 -10.7285 -1.9531
v  40.6802 -10.7378 -0.3854
v  27.0160 -10.4440 -3.0601
v  30.9842 -10.5069 -2.7359
v  34.4961 -10.6733 -2.2437
v  32.4299 -10.5604 -2.5639
v  31.9470 -10.5440 -2.6217
v  31.4662 -10.5255 -2.6799
v  33.3384 -10.6018 -2.4329
v  33.7424 -10.6245 -2.3658
v  34.1245 -10.6489 -2.3090
v  4.7675 -11.1865 -1.3568
v  8.7631 -11.1815 -1.9162
v  12.8560 -11.2601 -2.2196
v  16.9658 -11.2633 -2.4215
v  21.0097 -11.2759 -2.4643
v  24.9959 -11.2422 -2.4246
v  29.0251 -11.2719 -2.1560
v  32.8960 -11.2422 -1.8878
v  35.8942 -11.1416 -1.5468
v  37.3657 -11.0762 -1.2545
v  38.8813 -11.0360 -0.7802
v  40.6727 -10.9235 -0.1341
v  27.0052 -11.2515 -2.3063
v  34.4799 -11.2040 -1.7179
v  30.9693 -11.2618 -2.0526
v  31.4508 -11.2583 -2.0121
v  31.9312 -11.2533 -1.9708
v  32.4148 -11.2482 -1.9295
v  34.1102 -11.2128 -1.7603
v  33.7284 -11.2215 -1.8028
v  33.3224 -11.2319 -1.8456
v  4.7928 -10.7570 -3.0693
v  8.7904 -10.4533 -3.7178
v  12.8795 -10.1857 -4.1251
v  16.9955 -9.7706 -4.3379
v  21.0305 -9.3259 -4.3421
v  24.9936 -9.1592 -4.1585
v  26.9927 -9.2103 -4.0519
v  29.0047 -9.3374 -3.9431
v  30.9429 -9.5244 -3.7434
v  32.8623 -9.7641 -3.3952
v  42.0914 -10.2904 -0.0796
v  40.6766 -10.4188 -0.7867
v  34.4518 -9.9971 -2.9478
v  35.8695 -10.1938 -2.4540
v  38.8643 -10.4332 -1.4617
v  37.3415 -10.3452 -1.9660
v  32.3839 -9.7019 -3.4882
v  31.9009 -9.6404 -3.5790
v  31.4213 -9.5819 -3.6614
v  34.0799 -9.9440 -3.0644
v  33.6950 -9.8859 -3.1797
v  33.2875 -9.8268 -3.2875
v  42.0559 -10.7724 0.4638
v  8.7612 -11.0509 -2.0629
v  27.0077 -11.1402 -2.5431
v  34.4839 -11.1194 -1.8720
v  30.9724 -11.1527 -2.2739
v  31.4543 -11.1524 -2.2265
v  31.9347 -11.1508 -2.1783
v  33.3263 -11.1366 -2.0285
v  4.7730 -11.1356 -1.4636
v  12.8507 -11.1349 -2.4336
v  16.9635 -11.1604 -2.6483
v  21.0096 -11.1753 -2.7075
v  24.9978 -11.1296 -2.6633
v  29.0279 -11.1537 -2.4109
v  32.8997 -11.1450 -2.0806
v  35.8999 -11.0647 -1.6655
v  32.4181 -11.1486 -2.1298
v  34.1138 -11.1248 -1.9236
v  33.7321 -11.1299 -1.9757
v  8.7717 -10.8732 -2.3030
v  12.8500 -10.7954 -2.7237
v  16.9584 -10.7682 -3.0159
v  32.9095 -10.8038 -2.4175
v  21.0082 -10.7794 -3.1391
v  35.9104 -10.8526 -1.8777
v  27.0144 -10.7311 -2.9555
v  30.9816 -10.7646 -2.6455
v  32.4272 -10.7947 -2.4766
v  31.9441 -10.7848 -2.5337
v  34.1233 -10.8385 -2.2217
v  4.7817 -11.0540 -1.7136
v  25.0019 -10.7127 -3.0739
v  29.0360 -10.7162 -2.8295
v  38.8886 -10.9237 -0.9362
v  34.4942 -10.8505 -2.1571
v  31.4638 -10.7754 -2.5903
v  33.3366 -10.8122 -2.3516
v  33.7409 -10.8225 -2.2874
v  42.0696 -10.6238 0.2665
v  4.7850 -10.9797 -1.9919
v  25.0038 -10.1306 -3.2193
v  29.0384 -10.1653 -2.9604
v  38.8921 -10.7958 -1.0731
v  34.4947 -10.5091 -2.2999
v  31.4651 -10.2859 -2.7260
v  33.3353 -10.4066 -2.4877
v  33.7415 -10.4460 -2.4264
v  8.7818 -10.7526 -2.5798
v  12.8631 -10.5705 -2.9326
v  16.9658 -10.3528 -3.1938
v  32.9095 -10.3682 -2.5504
v  21.0102 -10.2264 -3.3125
v  35.9108 -10.6128 -2.0120
v  27.0159 -10.1530 -3.1020
v  30.9837 -10.2587 -2.7797
v  32.4298 -10.3407 -2.6109
v  31.9463 -10.3146 -2.6719
v  34.1234 -10.4757 -2.3630
v  23.0046 -8.2716 -12.4161
v  23.0093 -8.7447 -9.0034
v  23.0112 -9.0013 -5.6691
v  23.0118 -9.0836 -4.9601
v  23.0121 -9.3253 -3.8351
v  23.0054 -10.9939 -2.9385
v  23.0025 -11.3967 -1.9809
v  23.0057 -7.3574 -14.1036
v  23.0074 -3.0003 -14.6101
v  23.0071 -5.2424 -14.6077
v  23.0107 -8.8661 -7.3323
v  23.0077 -8.6275 -10.2861
v  23.0093 -9.9078 -3.3381
v  23.0126 -9.5322 -3.4950
v  23.0126 -9.4158 -3.6494
v  23.0112 -9.6935 -3.3950
v  23.0061 -10.4554 -3.2432
v  23.0034 -11.2580 -2.4684
v  23.0115 -9.1966 -4.2692
v  23.0044 -11.1517 -2.7111
v  23.0059 -10.7423 -3.1363
v  23.0074 -10.1665 -3.2951
v  18.9962 -3.0139 -14.7207
v  18.9962 -5.2661 -14.7220
v  18.9923 -7.3844 -14.1580
v  18.9971 -8.3521 -12.4757
v  19.0057 -8.9858 -8.9376
v  19.0120 -9.3304 -5.7035
v  19.0141 -9.4201 -5.0303
v  19.0127 -9.6421 -3.9484
v  18.9844 -11.0170 -2.9168
v  18.9915 -10.0793 -3.3503
v  18.9880 -11.3976 -1.9963
v  19.0091 -9.1564 -7.3175
v  19.0026 -8.8139 -10.3098
v  19.0060 -9.8120 -3.5830
v  19.0105 -9.7178 -3.7547
v  18.9989 -9.9312 -3.4482
v  18.9815 -10.5188 -3.2030
v  18.9874 -11.2704 -2.4592
v  19.0138 -9.5309 -4.3698
v  18.9861 -11.1709 -2.6952
v  18.9823 -10.7777 -3.0998
v  18.9849 -10.2774 -3.2744
v  14.9211 -7.4170 -14.2055
v  14.9325 -9.2969 -8.7598
v  14.9377 -9.7737 -5.4905
v  14.9390 -9.8816 -4.8734
v  14.9211 -10.3622 -3.1950
v  14.9028 -10.9790 -2.7539
v  14.9137 -11.3830 -1.9233
v  14.9290 -9.0528 -10.2720
v  14.9238 -3.0140 -14.8345
v  14.9236 -5.2891 -14.8363
v  14.9230 -8.4776 -12.5347
v  14.9356 -9.5327 -7.1219
v  14.9376 -10.0997 -3.8691
v  14.9329 -10.2181 -3.4993
v  14.9358 -10.1549 -3.6803
v  14.9281 -10.2859 -3.3340
v  14.9059 -10.5923 -2.9865
v  14.9106 -11.2632 -2.3372
v  14.9387 -10.0011 -4.2625
v  14.9065 -11.1531 -2.5622
v  14.9025 -10.7711 -2.8897
v  14.9128 -10.4582 -3.0783
v  10.8295 -2.9978 -14.9503
v  10.8293 -5.2973 -14.9507
v  10.8259 -8.5370 -12.5730
v  10.8299 -9.2278 -10.1793
v  10.8321 -9.5452 -8.5497
v  10.8322 -10.1076 -5.1205
v  10.8031 -10.9352 -2.4178
v  10.8146 -11.3842 -1.7120
v  10.8232 -10.6032 -2.9307
v  10.8277 -7.4536 -14.2817
v  10.8314 -10.2119 -4.5355
v  10.8331 -9.8329 -6.8335
v  10.8287 -10.4122 -3.5839
v  10.8267 -10.5030 -3.2508
v  10.8276 -10.4544 -3.4169
v  10.8255 -10.5507 -3.0873
v  10.8131 -10.7301 -2.6488
v  10.8064 -11.2270 -2.1004
v  10.8300 -10.3250 -3.9548
v  10.8023 -11.0784 -2.2845
v  10.8071 -10.8200 -2.5342
v  10.8191 -10.6615 -2.7779
v  6.8393 -3.0300 -15.0590
v  6.7869 -5.3778 -15.0615
v  6.7845 -7.5261 -14.3079
v  6.7871 -8.6342 -12.5417
v  6.7906 -9.4266 -9.9765
v  6.7899 -9.7953 -8.2154
v  6.7856 -10.3987 -4.5747
v  6.7684 -11.0073 -1.8968
v  6.7672 -11.3696 -1.3441
v  6.7852 -10.4927 -4.0006
v  6.7871 -10.1101 -6.4015
v  6.7832 -10.6653 -3.0705
v  6.7791 -10.8114 -2.4698
v  6.7810 -10.7339 -2.7694
v  6.7821 -10.6982 -2.9193
v  6.7803 -10.7731 -2.6180
v  6.7761 -10.9054 -2.1711
v  6.7601 -11.1604 -1.6634
v  6.7843 -10.5922 -3.4302
v  6.7627 -11.0675 -1.7826
v  6.7731 -10.9546 -2.0273
v  6.7776 -10.8575 -2.3220
v  2.7004 -3.0257 -15.1769
v  2.6990 -5.4404 -15.1609
v  2.7012 -7.6039 -14.3233
v  2.7055 -8.7960 -12.5232
v  2.7098 -9.7080 -9.7011
v  2.7086 -10.1249 -7.7066
v  2.6853 -11.3600 -0.8140
v  2.6936 -11.1811 -1.3258
v  2.7019 -10.8541 -3.1845
v  2.7017 -10.7677 -3.7399
v  2.7038 -10.4663 -5.6912
v  2.7013 -10.9977 -2.2860
v  2.6988 -11.0818 -1.8108
v  2.7002 -11.0327 -2.0823
v  2.6966 -11.1295 -1.5623
v  2.7021 -10.9412 -2.6298
v  2.6870 -11.2366 -1.1048
v  43.9254 -7.1468 0.6234
v  4.7845 -8.2221 -13.4828
v  8.7838 -8.1067 -13.5162
v  16.9727 -8.0119 -13.4243
v  21.0119 -7.9542 -13.3827
v  24.9948 -7.9396 -13.2958
v  29.0220 -8.0012 -13.0697
v  30.9640 -8.0435 -12.9367
v  31.9241 -8.0602 -12.8805
v  32.4180 -8.0667 -12.8438
v  32.9316 -8.0734 -12.6875
v  34.6557 -7.9179 -11.2577
v  33.8476 -8.0255 -12.0431
v  37.4813 -7.6059 -7.5671
v  40.8040 -7.5730 -3.4466
v  33.4064 -8.0635 -12.3965
v  36.0592 -7.6964 -9.4804
v  38.9935 -7.6252 -5.6980
v  12.8675 -8.0646 -13.4736
v  27.0036 -7.9605 -13.2002
v  34.2575 -7.9819 -11.6593
v  42.1795 -7.4212 -1.5611
v  43.2557 -7.2394 -0.0176
v  43.5678 -7.1924 0.3272
v  31.4433 -8.0520 -12.9087
v  23.0038 -7.9386 -13.3534
v  18.9939 -7.9786 -13.4024
v  14.9206 -8.0412 -13.4492
v  10.8255 -8.0805 -13.5029
v  6.7841 -8.1598 -13.4971
v  2.7026 -8.2786 -13.4942
v  8.7877 -8.9871 -11.3481
v  4.7908 -9.1929 -11.1895
v  24.9930 -8.4741 -11.2887
v  21.0178 -8.5439 -11.3769
v  29.0145 -8.5815 -10.9653
v  30.9561 -8.6637 -10.7547
v  31.9179 -8.6984 -10.6613
v  32.4071 -8.7125 -10.6112
v  12.8712 -8.8790 -11.3961
v  16.9806 -8.7235 -11.4084
v  43.2741 -8.2950 0.1557
v  42.1664 -8.5587 -1.1524
v  40.7844 -8.7778 -2.7629
v  34.5160 -8.7202 -9.4960
v  33.7478 -8.7186 -10.0323
v  37.4465 -8.7776 -6.5977
v  35.9561 -8.7400 -8.2178
v  38.9742 -8.8408 -4.8250
v  32.8995 -8.7178 -10.5039
v  26.9980 -8.5075 -11.1586
v  34.1351 -8.7235 -9.7660
v  33.3363 -8.7213 -10.2791
v  43.8776 -8.1347 0.6636
v  43.5634 -8.2206 0.4226
v  31.4367 -8.6817 -10.7083
v  23.0061 -8.4884 -11.3526
v  18.9992 -8.6282 -11.3984
v  14.9255 -8.8124 -11.4094
v  10.8274 -8.9282 -11.3843
v  6.7893 -9.0783 -11.2699
v  2.7079 -9.3115 -11.1277
v  43.9651 -5.7584 0.5939
v  4.7849 -6.5865 -14.9418
v  8.7895 -6.4711 -14.8854
v  16.9762 -6.3972 -14.6803
v  32.4495 -6.4713 -14.2312
v  33.0091 -6.4693 -14.0984
v  33.5474 -6.4591 -13.8222
v  24.9992 -6.3477 -14.4838
v  29.0284 -6.4151 -14.3654
v  30.9718 -6.4572 -14.3005
v  31.9355 -6.4692 -14.2634
v  34.4716 -6.3642 -12.8998
v  34.0455 -6.4259 -13.4120
v  34.8230 -6.2766 -12.3379
v  21.0155 -6.3636 -14.5930
v  12.8724 -6.4302 -14.7756
v  27.0086 -6.3711 -14.4270
v  36.0718 -6.0450 -10.1000
v  37.4881 -5.9821 -8.0511
v  39.0033 -5.9898 -6.1392
v  40.8154 -5.9776 -3.8375
v  42.1858 -5.9112 -1.8506
v  43.2373 -5.8008 -0.1321
v  43.5694 -5.7764 0.2639
v  31.4517 -6.4637 -14.2821
v  23.0079 -6.3490 -14.5396
v  18.9951 -6.3808 -14.6387
v  14.9239 -6.4135 -14.7286
v  10.8307 -6.4430 -14.8331
v  6.7833 -6.5319 -14.9138
v  2.6990 -6.6046 -14.9597
v  43.2333 -4.0218 -0.2087
v  43.9902 -4.0110 0.5705
v  0.6147 -4.2653 -15.1924
v  32.9309 -4.1530 -14.2809
v  36.0827 -4.0320 -10.3623
v  43.5749 -4.0134 0.2176
v  4.7851 -4.2467 -15.1130
v  8.7865 -4.1544 -15.0085
v  16.9753 -4.1445 -14.7766
v  24.9987 -4.1168 -14.5556
v  29.0263 -4.1413 -14.4330
v  30.9666 -4.1525 -14.3800
v  31.9265 -4.1531 -14.3592
v  32.4198 -4.1519 -14.3419
v  33.4448 -4.1577 -14.1455
v  34.0198 -4.1589 -13.8518
v  34.5256 -4.1464 -13.3480
v  37.4903 -4.0024 -8.2672
v  39.0048 -4.0143 -6.3120
v  40.8167 -4.0587 -4.0159
v  42.1931 -4.0717 -2.0148
v  34.8943 -4.1207 -12.7413
v  21.0152 -4.1267 -14.6654
v  12.8706 -4.1492 -14.8929
v  27.0078 -4.1264 -14.4942
v  31.4455 -4.1528 -14.3697
v  23.0068 -4.1185 -14.6105
v  18.9956 -4.1366 -14.7210
v  14.9229 -4.1478 -14.8347
v  10.8286 -4.1438 -14.9507
v  6.8127 -4.2007 -15.0600
v  2.7005 -4.2591 -15.1669
v  40.1686 -3.0004 -4.8926
v  40.1606 -5.0823 -4.7847
v  40.1682 -6.8850 -4.5020
v  40.1468 -8.2767 -3.9269
v  40.0242 -10.5093 -0.9416
v  40.0202 -10.3462 -1.2187
v  40.0296 -10.8761 -0.5200
v  40.0109 -11.0760 -0.1905
v  40.0325 -10.6674 -0.7580
v  40.0866 -9.3014 -3.0240
v  40.0564 -9.6843 -2.4838
v  40.0277 -10.2485 -1.4075
v  40.0395 -9.9865 -1.9449
v  40.0297 -10.5684 -0.8667
v  40.0320 -10.7685 -0.6432
v  40.0225 -10.9748 -0.3758
v  40.0196 -10.4414 -1.0436
v  40.1551 -7.6075 -4.2753
v  40.1232 -8.8263 -3.5155
v  40.1668 -5.9869 -4.6842
v  40.1615 -4.0423 -4.8558
v  41.5499 -3.0616 -3.0740
v  41.5322 -5.0826 -2.9590
v  41.5196 -6.8185 -2.6944
v  41.4952 -8.1678 -2.2422
v  41.4643 -9.1687 -1.6339
v  41.4534 -9.5296 -1.3366
v  41.4250 -10.1186 -0.7540
v  41.4095 -10.2465 -0.6111
v  41.3947 -10.4378 -0.3844
v  41.3878 -10.5929 -0.1996
v  41.3769 -10.7668 0.0182
v  41.3629 -10.9414 0.2816
v  41.4446 -9.8354 -1.0518
v  41.3922 -10.5041 -0.3053
v  41.3834 -10.6797 -0.0933
v  41.3708 -10.8468 0.1340
v  41.3991 -10.3608 -0.4763
v  41.5048 -7.5085 -2.5103
v  41.4834 -8.6859 -1.9635
v  41.5247 -5.9535 -2.8555
v  41.5399 -4.0727 -3.0335
v  4.7874 -1.9242 -15.1157
v  8.7876 -1.8883 -15.0075
v  16.9760 -1.8965 -14.7773
v  24.9991 -1.8868 -14.5546
v  29.0267 -1.8940 -14.4363
v  30.9678 -1.8943 -14.3830
v  31.9285 -1.8913 -14.3595
v  32.4205 -1.8891 -14.3420
v  32.9271 -1.8871 -14.2931
v  33.4338 -1.8858 -14.1856
v  34.0218 -1.8852 -13.9253
v  34.5422 -1.8836 -13.4453
v  34.9292 -1.8804 -12.8470
v  36.1008 -1.8639 -10.4520
v  37.4920 -1.8560 -8.3223
v  39.0074 -1.8652 -6.3477
v  40.8259 -1.9023 -4.0738
v  42.2046 -1.9275 -2.0758
v  43.2429 -1.9153 -0.2510
v  21.0158 -1.8917 -14.6654
v  12.8714 -1.8922 -14.8924
v  27.0083 -1.8904 -14.4937
v  44.0084 -1.9161 0.5588
v  43.5886 -1.9146 0.1911
v  31.4470 -1.8928 -14.3723
v  23.0074 -1.8882 -14.6100
v  18.9962 -1.8950 -14.7216
v  14.9237 -1.8949 -14.8348
v  10.8295 -1.8866 -14.9497
v  6.8395 -1.9030 -15.0606
v  2.7016 -1.9009 -15.1875
v  40.1685 -1.8876 -4.9077
v  41.5544 -1.9185 -3.0953
v  42.0499 -10.9504 0.7149
v  38.8555 -11.3971 0.2280
v  35.8778 -11.4867 -0.1170
v  32.8875 -11.5489 -0.2548
v  29.0209 -11.5687 -0.3609
v  24.9928 -11.5695 -0.4379
v  21.0095 -11.5783 -0.4572
v  16.9683 -11.5701 -0.4591
v  12.8635 -11.5704 -0.3772
v  8.7786 -11.5686 -0.2368
v  4.7769 -11.5625 -0.0003
v  37.3394 -11.4382 0.0223
v  27.0019 -11.5635 -0.4174
v  34.3779 -11.5195 -0.2038
v  40.6537 -11.2371 0.5009
v  31.0844 -11.5660 -0.3089
v  34.1939 -11.5253 -0.2175
v  33.6192 -11.5341 -0.2316
v  33.4162 -11.5409 -0.2433
v  32.2883 -11.5541 -0.2684
v  32.0464 -11.5582 -0.2824
v  31.3251 -11.5636 -0.2956
v  23.0016 -11.5735 -0.4571
v  18.9886 -11.5741 -0.4652
v  14.9158 -11.5668 -0.4292
v  10.8202 -11.5688 -0.3188
v  6.7767 -11.5646 -0.1273
v  2.6929 -11.5550 0.1188
v  39.9973 -11.3105 0.4004
v  41.3553 -11.1277 0.6091
v  42.6684 -10.6285 0.6665
v  42.7147 -3.0662 -1.1258
v  42.7063 -5.0250 -1.0423
v  42.7121 -6.6822 -0.8767
v  42.7060 -9.7958 0.0878
v  42.6843 -10.0548 0.2185
v  42.6837 -10.1476 0.2781
v  42.7145 -7.9640 -0.6244
v  42.7145 -9.4939 -0.0528
v  42.7146 -9.1901 -0.1876
v  42.7139 -8.8682 -0.3185
v  42.6769 -10.5306 0.5795
v  42.6717 -10.3269 0.4028
v  42.7126 -7.3284 -0.7749
v  42.7144 -8.4222 -0.4835
v  42.7081 -5.8549 -0.9758
v  42.7084 -4.0461 -1.0946
v  42.7188 -1.9212 -1.1465
v  46.9250 -7.6771 1.2252
v  46.9243 -9.9242 1.2263
v  46.9250 -8.8076 1.2253
v  46.9238 -10.6133 1.2270
v  46.9242 -10.2693 1.2264
v  39.9606 -13.2446 1.2305
v  44.7466 -13.2435 1.2323
v  41.9795 -13.2446 1.2306
v  43.7157 -13.2442 1.2313
v  44.2311 -13.2438 1.2319
v  46.9166 -13.2399 1.2371
v  2.6975 -13.2449 1.2305
v  8.7807 -13.2448 1.2305
v  14.9168 -13.2448 1.2305
v  21.0095 -13.2447 1.2305
v  27.0013 -13.2447 1.2305
v  35.8668 -13.2446 1.2305
v  46.9252 -1.9192 1.2252
v  46.9252 -4.0100 1.2252
v  46.9251 -5.7374 1.2252
v  -11.1227 -5.9634 1.2415
v  41.2976 -13.2446 1.2305
v  40.6047 -13.2446 1.2305
v  39.9616 -11.7687 1.1564
v  39.9636 -11.6540 1.1118
v  39.9681 -11.5651 1.0512
v  41.9836 -11.6638 1.1521
v  41.9915 -11.4563 1.0977
v  42.0084 -11.2722 1.0209
v  45.4488 -7.6780 1.1416
v  45.0309 -7.6804 1.0874
v  44.6305 -7.6851 0.9959
v  2.6973 -11.8513 1.1613
v  2.6974 -11.8029 1.1285
v  2.6974 -11.7663 1.0874
v  8.7806 -11.8513 1.1613
v  8.7806 -11.8029 1.1285
v  8.7806 -11.7666 1.0878
v  14.9167 -11.8514 1.1614
v  14.9167 -11.8031 1.1285
v  14.9167 -11.7666 1.0877
v  21.0095 -11.8522 1.1621
v  21.0095 -11.8038 1.1276
v  21.0095 -11.7657 1.0871
v  27.0012 -11.8516 1.1615
v  27.0012 -11.8033 1.1285
v  27.0012 -11.7666 1.0876
v  32.1633 -11.8519 1.1623
v  35.8675 -11.8413 1.1620
v  35.8686 -11.7783 1.1237
v  35.8713 -11.7292 1.0742
v  45.5319 -1.9199 1.1350
v  45.1880 -1.9208 1.0668
v  44.8504 -1.9203 0.9691
v  45.5211 -4.0105 1.1385
v  45.1735 -4.0113 1.0746
v  44.8336 -4.0122 0.9743
v  44.7932 -5.7419 0.9858
v  45.1433 -5.7395 1.0829
v  45.5048 -5.7380 1.1419
v  44.9185 -8.7629 1.0934
v  44.4693 -8.7459 1.0021
v  45.3887 -8.7841 1.1423
v  44.6752 -9.8674 1.1086
v  44.2032 -9.7261 1.0265
v  44.3559 -10.4719 1.1161
v  43.9347 -10.1967 1.0287
v  45.1984 -10.1289 1.1511
v  43.4471 -11.5103 1.1576
v  43.1812 -11.2474 1.1099
v  42.9281 -11.0122 1.0374
v  44.1711 -11.2872 1.1584
v  43.8508 -10.9474 1.1153
v  43.5642 -10.6620 1.0361
v  41.2991 -11.7126 1.1528
v  41.3026 -11.5477 1.1033
v  41.3135 -11.4107 1.0341
v  40.6057 -11.7445 1.1559
v  40.6089 -11.6104 1.1104
v  40.6170 -11.5045 1.0468
v  44.8578 -10.8091 1.1575
v  0.6146 -13.2449 1.2305
v  0.6151 -11.8049 1.1292
v  0.6149 -11.8550 1.1633
v  6.7805 -13.2449 1.2305
v  4.7802 -13.2449 1.2305
v  6.7803 -11.7666 1.0878
v  4.7800 -11.7666 1.0879
v  6.7803 -11.8029 1.1285
v  4.7800 -11.8029 1.1285
v  4.7800 -11.8513 1.1613
v  6.7803 -11.8513 1.1613
v  12.8644 -13.2448 1.2305
v  10.8226 -13.2448 1.2305
v  12.8643 -11.7666 1.0877
v  10.8225 -11.7666 1.0877
v  12.8643 -11.8031 1.1285
v  10.8225 -11.8030 1.1285
v  10.8225 -11.8514 1.1614
v  12.8643 -11.8514 1.1614
v  18.9893 -13.2448 1.2305
v  16.9691 -13.2448 1.2305
v  18.9893 -11.7660 1.0873
v  16.9691 -11.7663 1.0875
v  18.9893 -11.8036 1.1279
v  16.9691 -11.8034 1.1282
v  16.9691 -11.8517 1.1616
v  18.9893 -11.8519 1.1619
v  24.9922 -13.2447 1.2305
v  23.0008 -13.2447 1.2305
v  24.9921 -11.7663 1.0874
v  23.0008 -11.7660 1.0872
v  24.9921 -11.8034 1.1281
v  23.0008 -11.8036 1.1279
v  23.0008 -11.8520 1.1619
v  24.9921 -11.8518 1.1617
v  29.0202 -13.2447 1.2305
v  29.0201 -11.7663 1.0875
v  29.0201 -11.8037 1.1283
v  29.0201 -11.8520 1.1619
v  31.2020 -11.8525 1.1622
v  31.2020 -13.2447 1.2305
v  31.2022 -11.7660 1.0873
v  31.2020 -11.8041 1.1280
v  34.2795 -11.7440 1.0792
v  34.2790 -11.7888 1.1253
v  34.2780 -13.2446 1.2305
v  32.8838 -11.8498 1.1622
v  33.5109 -11.8480 1.1621
v  34.2785 -11.8458 1.1621
v  33.5122 -11.7511 1.0817
v  32.8851 -11.7569 1.0838
v  32.1642 -11.7635 1.0862
v  33.5114 -11.7937 1.1260
v  32.8843 -11.7979 1.1267
v  32.1636 -11.8026 1.1276
v  33.5106 -13.2446 1.2305
v  32.8835 -13.2446 1.2305
v  32.1632 -13.2447 1.2305
v  -11.1225 -2.3823 1.2415
v  -11.1227 -7.1571 1.2415
v  46.9252 -3.0620 1.2252
v  44.8429 -3.0634 0.9716
v  45.1812 -3.0635 1.0710
v  45.5265 -3.0630 1.1369
v  46.9251 -4.9579 1.2252
v  44.8117 -4.9607 0.9807
v  45.1571 -4.9597 1.0792
v  45.5122 -4.9588 1.1403
v  46.9251 -6.5157 1.2252
v  46.9250 -7.0926 1.2252
v  45.4656 -7.0932 1.1417
v  45.4823 -6.5165 1.1417
v  45.0649 -7.0950 1.0860
v  45.0983 -6.5186 1.0847
v  44.7281 -6.5221 0.9899
v  44.6798 -7.0986 0.9929
v  46.9250 -8.0539 1.2253
v  46.9250 -8.4307 1.2253
v  44.5782 -8.0387 0.9984
v  44.5244 -8.3904 1.0003
v  44.9937 -8.0414 1.0895
v  44.9565 -8.4009 1.0915
v  45.4091 -8.4150 1.1421
v  45.4289 -8.0467 1.1419
v  38.8309 -13.2446 1.2305
v  37.3243 -13.2446 1.2305
v  38.8358 -11.6102 1.0558
v  37.3298 -11.6701 1.0633
v  38.8331 -11.6876 1.1137
v  37.3274 -11.7331 1.1177
v  37.3254 -11.8145 1.1592
v  38.8316 -11.7879 1.1573
v  29.0268 -0.0000 -14.4410
v  43.5942 -0.0000 0.1827
v  21.0158 -0.0000 -14.6648
v  45.7532 -10.2714 1.1728
v  45.9516 -10.3026 1.1820
v  45.6615 -10.6148 1.1734
v  45.8521 -10.6835 1.1817
v  45.5031 -10.9428 1.1737
v  45.6763 -11.0475 1.1798
v  45.8729 -8.8080 1.1718
v  46.0717 -8.8079 1.1819
v  45.8091 -9.9259 1.1723
v  46.0088 -9.9464 1.1821
v  45.8785 -8.0542 1.1717
v  46.0763 -8.0540 1.1818
v  45.8757 -8.4311 1.1718
v  46.0738 -8.4308 1.1819
v  38.8311 -11.9174 1.1793
v  38.8309 -12.1002 1.1858
v  37.3245 -11.9207 1.1797
v  37.3243 -12.1002 1.1858
v  41.2981 -11.9003 1.1783
v  41.2976 -12.0883 1.1853
v  40.6049 -11.9075 1.1786
v  40.6065 -12.0945 1.1855
v  43.7172 -11.7922 1.1769
v  43.7380 -11.9891 1.1844
v  41.9805 -11.8918 1.1781
v  41.9797 -12.0829 1.1853
v  44.2327 -11.7050 1.1764
v  44.2775 -11.8992 1.1835
v  44.7492 -11.5488 1.1754
v  44.8208 -11.7363 1.1819
v  45.3033 -11.2004 1.1743
v  45.4467 -11.3412 1.1791
v  45.0471 -11.4052 1.1750
v  45.1532 -11.5760 1.1804
v  45.8856 -1.9192 1.1720
v  46.0787 -1.9192 1.1818
v  45.8848 -3.0622 1.1719
v  46.0787 -3.0620 1.1818
v  6.7803 -11.9285 1.1807
v  6.7803 -12.1002 1.1858
v  4.7800 -11.9285 1.1807
v  4.7800 -12.1002 1.1858
v  12.8643 -11.9285 1.1807
v  12.8643 -12.1002 1.1858
v  10.8225 -11.9285 1.1807
v  10.8225 -12.1002 1.1858
v  18.9893 -11.9283 1.1807
v  18.9893 -12.1002 1.1858
v  16.9691 -11.9284 1.1807
v  16.9691 -12.1002 1.1858
v  24.9921 -11.9284 1.1807
v  24.9921 -12.1002 1.1858
v  23.0008 -11.9283 1.1807
v  23.0008 -12.1002 1.1858
v  31.2020 -11.9282 1.1807
v  31.2020 -12.1002 1.1858
v  29.0202 -11.9283 1.1807
v  29.0202 -12.1002 1.1858
v  35.8670 -11.9245 1.1802
v  35.8668 -12.1002 1.1858
v  34.2781 -11.9261 1.1804
v  34.2780 -12.1002 1.1858
v  45.8820 -6.5158 1.1717
v  46.0787 -6.5157 1.1818
v  45.8816 -7.0927 1.1717
v  46.0787 -7.0926 1.1818
v  45.8840 -4.0101 1.1718
v  46.0787 -4.0101 1.1818
v  45.8832 -4.9582 1.1718
v  46.0787 -4.9579 1.1818
v  39.9609 -11.9152 1.1791
v  39.9624 -12.1002 1.1858
v  45.8825 -5.7374 1.1717
v  46.0787 -5.7374 1.1818
v  32.8836 -11.9273 1.1805
v  32.8835 -12.1002 1.1858
v  33.5107 -11.9268 1.1805
v  33.5106 -12.1002 1.1858
v  2.6973 -11.9285 1.1807
v  2.6973 -12.1002 1.1858
v  8.7806 -11.9285 1.1807
v  8.7806 -12.1002 1.1858
v  14.9167 -11.9285 1.1807
v  14.9167 -12.1002 1.1858
v  21.0095 -11.9283 1.1807
v  21.0095 -12.1002 1.1858
v  27.0012 -11.9285 1.1807
v  27.0012 -12.1002 1.1858
v  32.1632 -11.9279 1.1806
v  32.1632 -12.1002 1.1858
v  45.8813 -7.6773 1.1717
v  46.0787 -7.6772 1.1818
v  38.8408 -11.5585 0.9763
v  38.8441 -11.5603 0.9688
v  39.9770 -11.5017 0.9617
v  39.9807 -11.5002 0.9476
v  40.6314 -11.4204 0.9454
v  40.6363 -11.4178 0.9329
v  41.3340 -11.2980 0.9243
v  41.3385 -11.2951 0.9141
v  42.0352 -11.1120 0.9030
v  42.0400 -11.1017 0.8872
v  42.7021 -10.8260 0.8849
v  42.7072 -10.8202 0.8751
v  44.4757 -4.9618 0.8496
v  44.4454 -4.9609 0.8328
v  44.5031 -4.0129 0.8467
v  44.4734 -4.0122 0.8300
v  44.3725 -6.5266 0.8518
v  44.3454 -6.5226 0.8354
v  44.4534 -5.7447 0.8522
v  44.4230 -5.7409 0.8350
v  44.1188 -8.3973 0.8506
v  44.1012 -8.3925 0.8369
v  44.1965 -8.0415 0.8505
v  44.1755 -8.0355 0.8355
v  43.2533 -10.4316 0.8660
v  43.2578 -10.4258 0.8589
v  43.7145 -9.7123 0.8550
v  43.7105 -9.7118 0.8482
v  29.0202 -11.7418 1.0153
v  29.0203 -11.7407 0.9939
v  31.2023 -11.7416 1.0146
v  31.2026 -11.7402 0.9921
v  21.0095 -11.7423 1.0173
v  21.0095 -11.7419 0.9973
v  23.0008 -11.7421 1.0168
v  23.0009 -11.7416 0.9968
v  44.5161 -3.0635 0.8462
v  44.4876 -3.0631 0.8298
v  44.5278 -1.9198 0.8460
v  44.4998 -1.9196 0.8297
v  44.2514 -7.6914 0.8509
v  44.2284 -7.6863 0.8356
v  44.3129 -7.1037 0.8515
v  44.2884 -7.1004 0.8358
v  44.0049 -8.8788 0.8474
v  43.9886 -8.8714 0.8340
v  34.2801 -11.7154 1.0061
v  34.2808 -11.7139 0.9862
v  35.8733 -11.6987 1.0008
v  35.8745 -11.6967 0.9803
v  32.1647 -11.7385 1.0130
v  32.1649 -11.7369 0.9906
v  33.5130 -11.7241 1.0093
v  33.5134 -11.7227 0.9885
v  32.8858 -11.7310 1.0113
v  32.8861 -11.7295 0.9897
v  24.9921 -11.7421 1.0163
v  24.9921 -11.7414 0.9958
v  44.5342 -0.0000 0.8487
v  18.9893 -11.7423 1.0171
v  18.9892 -11.7418 0.9970
v  0.6157 -11.7442 1.0145
v  0.6173 -11.7408 0.9821
v  2.6974 -11.7394 1.0082
v  2.6975 -11.7342 0.9779
v  4.7800 -11.7402 1.0094
v  4.7793 -11.7363 0.9818
v  6.7803 -11.7409 1.0119
v  6.7798 -11.7383 0.9869
v  8.7806 -11.7414 1.0137
v  8.7801 -11.7396 0.9907
v  10.8225 -11.7417 1.0149
v  10.8222 -11.7405 0.9930
v  12.8643 -11.7419 1.0156
v  12.8642 -11.7410 0.9945
v  14.9167 -11.7420 1.0160
v  14.9166 -11.7413 0.9953
v  16.9691 -11.7422 1.0165
v  16.9689 -11.7415 0.9962
v  37.3337 -11.6297 0.9890
v  37.3352 -11.6301 0.9766
v  27.0012 -11.7419 1.0157
v  27.0014 -11.7410 0.9947
v  -11.3329 -8.3858 1.2054
v  -11.3329 -7.1571 1.2054
v  -11.3329 -5.9634 1.2054
v  -11.3329 -4.1691 1.2054
v  -11.3329 -2.3824 1.2054
v  -11.3329 -1.1912 1.2054
v  47.1599 -0.0000 1.2054
v  47.1599 -1.9192 1.2054
v  47.1599 -3.0619 1.2054
v  47.1599 -4.0100 1.2054
v  47.1599 -4.9579 1.2054
v  47.1599 -5.7373 1.2054
v  47.1599 -6.5157 1.2054
v  47.1599 -7.0926 1.2054
v  47.1599 -7.6771 1.2054
v  47.1599 -8.0539 1.2054
v  47.1599 -8.4307 1.2054
v  47.1599 -8.8075 1.2054
v  47.1599 -9.9240 1.2053
v  47.1599 -10.2690 1.2053
v  47.1599 -10.6139 1.2053
v  47.1601 -13.3357 1.2055
v  47.1460 -13.3942 1.2053
v  47.1101 -13.4559 1.2048
v  47.0688 -13.4880 1.2047
v  47.0138 -13.5006 1.2051
v  44.7462 -13.4984 1.2053
v  44.2309 -13.4984 1.2053
v  43.7155 -13.4984 1.2053
v  41.9795 -13.4984 1.2053
v  41.2976 -13.4984 1.2053
v  40.6047 -13.4984 1.2053
v  39.9606 -13.4984 1.2053
v  38.8309 -13.4984 1.2053
v  37.3243 -13.4984 1.2053
v  35.8668 -13.4984 1.2053
v  34.2780 -13.4984 1.2053
v  33.5106 -13.4984 1.2053
v  32.8835 -13.4984 1.2053
v  32.1632 -13.4984 1.2053
v  31.2020 -13.4984 1.2053
v  29.0202 -13.4984 1.2053
v  27.0012 -13.4984 1.2053
v  24.9922 -13.4984 1.2053
v  23.0008 -13.4984 1.2053
v  21.0095 -13.4984 1.2053
v  18.9893 -13.4984 1.2053
v  16.9691 -13.4984 1.2053
v  14.9167 -13.4984 1.2053
v  12.8644 -13.4984 1.2053
v  10.8226 -13.4984 1.2053
v  8.7807 -13.4984 1.2053
v  6.7804 -13.4984 1.2053
v  4.7801 -13.4984 1.2053
v  2.6974 -13.4984 1.2053
v  0.6146 -13.4984 1.2053
v  -1.5251 -13.4984 1.2053
v  -4.2126 -13.4984 1.2053
v  -11.2171 -13.4804 1.2037
v  -11.2835 -13.4401 1.2030
v  -11.3201 -13.3932 1.2033
v  -4.2128 -13.4604 1.2392
v  -1.5251 -13.4610 1.2389
v  0.6146 -13.4611 1.2389
v  -11.2959 -2.3824 1.2447
v  40.6047 -13.4610 1.2389
v  41.2976 -13.4611 1.2390
v  47.1230 -9.9241 1.2358
v  47.1229 -8.8076 1.2355
v  47.1228 -5.7374 1.2354
v  47.1228 -4.9579 1.2354
v  41.9795 -13.4610 1.2390
v  43.7156 -13.4614 1.2394
v  47.1229 -8.4308 1.2354
v  47.1228 -8.0540 1.2354
v  44.2310 -13.4611 1.2396
v  47.1225 -10.2692 1.2360
v  44.7465 -13.4608 1.2400
v  47.1216 -10.6144 1.2366
v  47.1209 -13.3382 1.2423
v  47.0072 -13.4607 1.2428
v  47.0573 -13.4488 1.2431
v  47.0887 -13.4262 1.2431
v  47.1101 -13.3954 1.2429
v  -11.2951 -8.3858 1.2448
v  -11.2001 -13.4443 1.2449
v  -11.2781 -13.3660 1.2446
v  -11.2456 -13.4130 1.2449
v  4.7801 -13.4611 1.2389
v  6.7804 -13.4611 1.2389
v  10.8225 -13.4611 1.2389
v  12.8643 -13.4611 1.2389
v  16.9690 -13.4611 1.2389
v  18.9893 -13.4611 1.2389
v  23.0008 -13.4611 1.2389
v  24.9922 -13.4611 1.2389
v  29.0202 -13.4611 1.2389
v  31.2020 -13.4610 1.2389
v  32.8835 -13.4610 1.2389
v  33.5106 -13.4610 1.2389
v  37.3243 -13.4611 1.2389
v  38.8309 -13.4610 1.2389
v  47.1228 -1.9192 1.2354
v  47.1228 -4.0101 1.2354
v  47.1228 -3.0620 1.2354
v  47.1228 -7.0926 1.2354
v  47.1228 -6.5157 1.2354
v  -11.2951 -5.9634 1.2447
v  -11.2951 -7.1571 1.2447
v  -11.2971 -1.1911 1.2447
v  39.9606 -13.4610 1.2389
v  -11.2954 -4.1691 1.2447
v  35.8668 -13.4610 1.2389
v  34.2780 -13.4610 1.2389
v  2.6974 -13.4611 1.2389
v  8.7806 -13.4611 1.2389
v  14.9167 -13.4611 1.2389
v  21.0095 -13.4611 1.2389
v  27.0012 -13.4611 1.2389
v  32.1632 -13.4610 1.2389
v  47.1228 -7.6772 1.2354
v  -2.7612 -8.8609 -12.1015
v  -3.8831 -8.4919 -12.0043
v  -4.3327 -8.4249 -11.3847
v  0.6158 -8.8461 -12.5670
v  -3.1814 -11.2358 -2.3211
v  -3.0906 -10.8619 -4.6402
v  -2.9621 -10.4006 -6.9314
v  -2.8366 -9.8364 -9.2024
v  -2.7819 -9.4009 -10.6412
v  -4.9263 -11.3769 -0.7415
v  -4.8338 -11.1757 -1.9363
v  -4.6058 -10.6768 -4.3806
v  -4.3560 -10.0921 -6.7857
v  -4.1086 -9.4397 -9.1679
v  -3.9668 -9.0103 -10.5764
v  -5.7804 -11.0327 -0.7659
v  -5.6695 -10.8377 -1.8533
v  -5.4029 -10.2772 -4.3225
v  -5.1088 -9.6364 -6.7479
v  -4.7774 -8.9617 -9.1501
v  -4.5652 -8.5781 -10.5512
v  -6.3771 -10.4050 -0.8386
v  -6.2409 -10.1727 -1.9945
v  -5.9447 -9.6349 -4.4387
v  -5.5892 -9.0469 -6.8421
v  -5.1986 -8.4669 -9.2378
v  -4.9321 -8.1337 -10.6965
v  -6.7517 -9.6375 -0.9381
v  -6.5841 -9.3854 -2.2468
v  -6.2643 -8.8845 -4.6378
v  -5.9102 -8.3804 -7.0067
v  -5.5109 -7.9064 -9.3734
v  -5.2019 -7.6353 -10.9106
v  -6.9834 -8.8300 -1.0502
v  -6.7920 -8.5646 -2.4803
v  -6.4728 -8.1095 -4.8303
v  -6.1339 -7.6582 -7.1685
v  -5.7642 -7.2397 -9.5080
v  -5.4652 -6.9806 -11.1324
v  -7.1313 -8.0072 -1.1174
v  -6.9406 -7.7375 -2.5687
v  -6.6508 -7.1454 -4.9749
v  -6.3017 -6.7936 -7.3433
v  -5.9802 -6.3974 -9.5808
v  0.6163 -11.3484 -0.7582
v  0.6273 -10.6479 -5.3608
v  0.6245 -10.3014 -7.4053
v  0.6202 -9.8323 -9.5910
v  0.6175 -9.4019 -11.0957
v  -2.7845 -8.2992 -13.2637
v  -3.8686 -8.0421 -12.9562
v  -4.5541 -7.9643 -11.9564
v  0.6148 -8.3117 -13.5337
v  -2.7971 -7.4980 -14.2933
v  -3.8868 -7.4570 -13.8447
v  -4.7494 -7.4672 -12.5042
v  -2.7483 -6.5401 -14.8347
v  -3.8672 -6.5923 -14.5701
v  -4.9875 -6.7536 -13.0380
v  0.6100 -6.5685 -14.9487
v  -2.7149 -5.5029 -15.0510
v  -3.8411 -5.5386 -14.8868
v  -5.1754 -5.7488 -13.3923
v  -11.1229 -8.3858 1.2415
v  -4.2128 -13.2451 1.2305
v  -1.5290 -11.4930 -0.2603
v  -4.1692 -11.6039 0.4670
v  0.6204 -11.3133 -0.9368
v  -1.5235 -11.4584 -0.4424
v  -3.7487 -11.5497 0.0311
v  0.6224 -11.2755 -1.1398
v  -1.5218 -11.4323 -0.6180
v  0.6239 -11.2417 -1.3549
v  -1.5212 -11.4015 -0.8202
v  0.6247 -11.2030 -1.6044
v  -1.5202 -11.3669 -1.0539
v  -3.3176 -11.4773 -0.4969
v  -1.5192 -11.3435 -1.2319
v  -3.2415 -11.4411 -0.7776
v  0.6263 -11.1267 -2.1214
v  -1.5187 -11.3020 -1.5477
v  -3.1715 -11.3902 -1.1589
v  0.6269 -11.0485 -2.6579
v  -1.5181 -11.2393 -2.0241
v  -3.1830 -11.3554 -1.4328
v  -5.0004 -11.5130 0.3181
v  -4.9822 -11.4804 0.0485
v  -5.0213 -11.5371 0.5495
v  -4.1992 -11.6606 0.6939
v  -7.2183 -7.1786 -1.1239
v  -7.0100 -7.1856 -2.5748
v  -5.7143 -5.9601 -11.2833
v  -6.0514 -5.9919 -9.5722
v  -6.4415 -6.0094 -7.2710
v  -7.2969 -5.9761 -1.1303
v  -7.1042 -5.9809 -2.6464
v  -6.7849 -5.9973 -4.9638
v  -2.7304 -4.2148 -15.1505
v  -3.8843 -4.2234 -15.0050
v  -5.2681 -4.2337 -13.5777
v  -7.3304 -4.2121 -1.1311
v  -7.1525 -4.2136 -2.6533
v  -6.8630 -4.2161 -4.9750
v  -11.1226 -4.1691 1.2415
v  -5.8807 -1.1952 -11.6837
v  -5.8659 -2.3903 -11.6809
v  -5.8105 -4.2228 -11.6466
v  -6.2634 -1.1958 -9.6032
v  -6.2470 -2.3910 -9.6004
v  -6.1921 -4.2227 -9.5954
v  -6.6010 -1.1950 -7.2935
v  -6.5851 -2.3898 -7.2905
v  -6.5426 -4.2185 -7.2867
v  -3.8803 -2.3846 -15.0291
v  -3.8648 -1.1891 -15.0144
v  -5.2974 -2.3887 -13.6344
v  -5.2977 -1.1906 -13.6312
v  -7.3350 -2.3846 -1.1301
v  -7.3306 -1.1883 -1.1291
v  -7.1581 -2.3858 -2.6558
v  -7.1611 -1.1903 -2.6575
v  -6.8851 -2.3881 -4.9775
v  -6.8964 -1.1931 -4.9799
v  -11.1224 -1.1912 1.2415
v  -5.0812 -11.7091 1.1350
v  -4.2249 -11.8079 1.1281
v  -5.9058 -11.3520 1.1365
v  -6.6154 -10.8087 1.1407
v  -7.1715 -10.1022 1.1347
v  -7.4886 -9.2648 1.1190
v  -7.5883 -8.4010 1.1195
v  -7.6104 -7.1580 1.1265
v  -7.6183 -5.9638 1.1284
v  -7.6234 -4.2094 1.1294
v  -7.6266 -2.3826 1.1298
v  -7.6280 -1.1915 1.1297
v  -5.0919 -11.7576 1.1709
v  -5.9289 -11.3967 1.1686
v  -6.6500 -10.8386 1.1684
v  -7.2112 -10.1184 1.1677
v  -7.5506 -9.2741 1.1629
v  -7.6581 -8.3967 1.1615
v  -7.6804 -1.1913 1.1652
v  -4.2215 -11.8593 1.1651
v  -7.6690 -7.1573 1.1644
v  -7.6733 -5.9636 1.1648
v  -7.6766 -4.2093 1.1651
v  -7.6790 -2.3824 1.1652
v  -4.2290 -11.7629 1.0769
v  0.6155 -11.7668 1.0860
v  -7.5653 -7.1602 1.0740
v  -7.5783 -5.9647 1.0802
v  -7.5851 -4.2097 1.0837
v  -7.5877 -2.3826 1.0835
v  -5.0671 -11.6509 1.0701
v  -5.8839 -11.3148 1.0893
v  -6.5899 -10.7846 1.0929
v  -7.1317 -10.0810 1.0670
v  -7.4267 -9.2537 1.0500
v  -7.5308 -8.4041 1.0614
v  -7.5883 -1.1913 1.0831
v  -4.2161 -11.7010 0.8526
v  0.6184 -11.5887 0.2697
v  -1.5460 -8.9457 -12.2406
v  -1.5437 -9.4945 -10.7474
v  -1.5390 -9.9204 -9.2757
v  -1.5288 -10.4205 -7.1267
v  -1.5203 -10.8130 -4.9584
v  -1.5446 -8.3748 -13.3824
v  -1.5397 -7.5564 -14.3685
v  -1.5353 -6.5808 -14.8869
v  -1.5332 -5.5264 -15.0868
v  -1.5250 -13.2449 1.2305
v  -1.5180 -11.1365 -2.7760
v  -1.5285 -11.5806 0.0215
v  -1.5310 -4.2216 -15.1723
v  -1.5248 -11.8118 1.1315
v  -1.5249 -11.8604 1.1656
v  -1.5251 -11.7761 1.0885
v  -1.5263 -11.7196 0.5252
v  -4.1361 -8.4298 -11.7450
v  -4.2845 -7.9531 -12.5170
v  -4.4111 -7.4334 -13.2349
v  -4.5852 -6.6791 -13.9281
v  -4.7033 -5.6495 -14.3194
v  -4.7473 -1.1873 -14.4944
v  -4.7633 -2.3852 -14.5098
v  -4.7622 -4.2351 -14.4768
v  -4.4737 -8.4800 -10.9727
v  -4.7735 -8.0265 -11.3315
v  -5.0090 -7.5328 -11.7130
v  -5.2535 -6.8481 -12.0865
v  -5.4735 -5.8525 -12.3719
v  -5.5746 -4.2268 -12.6202
v  -5.6223 -2.3895 -12.6675
v  -5.6319 -1.1933 -12.6683
v  -4.2170 -11.9257 1.1803
v  -4.2279 -12.1000 1.1856
v  -5.1026 -11.8049 1.1796
v  -5.1475 -11.9799 1.1835
v  -5.9591 -11.4524 1.1795
v  -6.0478 -11.6102 1.1815
v  -6.7066 -10.8875 1.1787
v  -6.8361 -11.0177 1.1805
v  -7.2757 -10.1465 1.1792
v  -7.4330 -10.2340 1.1806
v  -7.6157 -9.2837 1.1793
v  -7.7836 -9.3282 1.1805
v  -7.7459 -8.3923 1.1795
v  -7.9220 -8.4054 1.1816
v  -7.7474 -7.1571 1.1796
v  -7.9220 -7.1571 1.1816
v  0.6145 -11.9276 1.1806
v  0.6145 -12.1002 1.1858
v  -1.5250 -11.9270 1.1805
v  -1.5250 -12.1002 1.1858
v  -7.7482 -5.9634 1.1797
v  -7.9220 -5.9634 1.1816
v  -7.7488 -4.2092 1.1798
v  -7.9220 -4.2092 1.1816
v  -7.7493 -2.3824 1.1799
v  -7.9220 -2.3823 1.1816
v  -7.7496 -1.1912 1.1799
v  -7.9220 -1.1912 1.1816
v  -7.5694 -1.1911 1.0172
v  -7.5681 -1.1909 0.9932
v  -7.5696 -2.3825 1.0144
v  -7.5679 -2.3823 0.9884
v  -5.8712 -11.2962 1.0144
v  -5.8703 -11.2934 0.9885
v  -6.5835 -10.7509 0.9947
v  -6.5822 -10.7435 0.9635
v  -7.0948 -10.0602 0.9819
v  -7.0951 -10.0527 0.9625
v  -7.3739 -9.2442 0.9569
v  -7.3681 -9.2391 0.9450
v  -7.4950 -8.4081 0.9862
v  -7.4914 -8.4096 0.9692
v  -7.5421 -7.1628 0.9974
v  -7.5383 -7.1648 0.9687
v  -5.0567 -11.6132 0.9976
v  -5.0555 -11.6125 0.9828
v  -7.5598 -5.9657 1.0034
v  -7.5565 -5.9670 0.9726
v  -7.5685 -4.2098 1.0101
v  -7.5659 -4.2101 0.9804
v  -4.2329 -11.7382 1.0052
v  -4.2326 -11.7314 0.9684
v  -1.5253 -11.7601 1.0213
v  -1.5256 -11.7585 0.9968
v  46.9177 -13.4984 1.2053
v  46.8677 -13.4984 1.2053
v  47.1611 -13.2362 1.2055
v  47.1611 -13.1895 1.2054
v  46.9152 -13.4623 1.2419
v  46.8642 -13.4622 1.2419
v  47.1226 -13.2380 1.2408
v  47.1226 -13.1864 1.2407
v  -11.3341 -13.2865 1.2046
v  -11.3332 -13.2588 1.2050
v  -11.1171 -13.4998 1.2048
v  -11.0935 -13.4984 1.2053
v  -11.1375 -13.4580 1.2441
v  -11.0855 -13.4576 1.2441
v  -11.2921 -13.3015 1.2437
v  -11.2922 -13.2494 1.2437
v  -11.1220 -13.2621 1.2420
v  10.8295 -0.0000 -14.9494
v  12.8713 -0.0000 -14.8924
v  14.9237 -0.0000 -14.8350
v  4.7878 -0.0000 -15.1179
v  2.7020 -0.0000 -15.1954
v  6.8397 -0.0000 -15.0607
v  16.9760 -0.0000 -14.7777
v  18.9961 -0.0000 -14.7212
v  27.0076 -0.0000 -14.4975
v  30.9688 -0.0000 -14.3869
v  31.4482 -0.0000 -14.3736
v  32.4213 -0.0000 -14.3402
v  32.9251 -0.0000 -14.2926
v  34.5335 -0.0000 -13.4737
v  34.9288 -0.0000 -12.8834
v  36.1009 -0.0000 -10.4828
v  37.4850 -0.0000 -8.3347
v  39.0020 -0.0000 -6.3537
v  41.5546 -0.0000 -3.1134
v  40.8255 -0.0000 -4.0897
v  43.2446 -0.0000 -0.2681
v  42.7196 -0.0000 -1.1653
v  44.5070 -0.0000 0.8328
v  44.0172 -0.0000 0.5593
v  47.1228 -0.0000 1.2354
v  46.9253 -0.0000 1.2253
v  46.0786 -0.0000 1.1818
v  -11.3329 0.0000 1.2054
v  -11.1223 0.0000 1.2415
v  -11.2991 0.0000 1.2446
v  45.8862 -0.0000 1.1720
v  45.5341 -0.0000 1.1331
v  45.1914 -0.0000 1.0643
v  -7.6818 0.0000 1.1652
v  -7.7500 0.0000 1.1800
v  -6.6085 0.0000 -7.2962
v  -6.9002 0.0000 -4.9822
v  -5.6362 0.0000 -12.6686
v  -5.8852 0.0000 -11.6848
v  -6.2712 0.0000 -9.6058
v  -7.9220 0.0000 1.1816
v  -3.8504 0.0000 -15.0035
v  -4.7321 0.0000 -14.4807
v  -5.2942 0.0000 -13.6274
v  -7.3305 0.0000 -1.1288
v  -7.5687 0.0000 0.9978
v  -7.1618 0.0000 -2.6597
v  -7.6295 0.0000 1.1297
v  -7.5892 0.0000 1.0827
v  -7.5695 0.0000 1.0197
v  0.9062 -0.5948 -15.6212
v  -0.0022 -1.0840 -15.6212
v  -0.2083 -1.0638 -15.6212
v  -0.5997 -0.9030 -15.6212
v  -0.7675 -0.7656 -15.6212
v  -0.9052 -0.5964 -15.6212
v  -0.6131 -1.5130 -15.4746
v  -1.1555 -1.1537 -15.4748
v  -1.3645 -0.8967 -15.4748
v  -1.5156 -0.6070 -15.4746
v  -1.0650 -0.2020 -15.6211
v  -1.0054 -0.4050 -15.6211
v  -0.4110 -1.0030 -15.6212
v  0.2050 -1.0644 -15.6212
v  0.4097 -1.0036 -15.6212
v  0.5999 -0.9029 -15.6212
v  0.7685 -0.7645 -15.6212
v  1.0060 -0.4036 -15.6212
v  1.0651 -0.2014 -15.6212
v  1.5162 -0.6057 -15.4748
v  1.1564 -1.1526 -15.4747
v  0.9002 -1.3622 -15.4748
v  0.6118 -1.5135 -15.4746
v  0.3050 -1.6037 -15.4746
v  0.2817 -1.4789 -15.5361
v  -0.0021 -1.5056 -15.5361
v  -0.2850 -1.4782 -15.5360
v  -0.5660 -1.3950 -15.5360
v  -0.8303 -1.2559 -15.5360
v  -1.0655 -1.0637 -15.5361
v  -1.2581 -0.8270 -15.5361
v  -1.3975 -0.5600 -15.5361
v  -1.4795 -0.2787 -15.5361
v  -1.3491 -0.2545 -15.5826
v  -1.2082 -0.2285 -15.6084
v  -1.1409 -0.4584 -15.6084
v  -1.0271 -0.6759 -15.6084
v  -0.8705 -0.8685 -15.6084
v  -0.6794 -1.0248 -15.6084
v  -0.4645 -1.1385 -15.6084
v  -0.2348 -1.2069 -15.6084
v  -0.0022 -1.2296 -15.6084
v  0.2314 -1.2076 -15.6084
v  0.4632 -1.1390 -15.6084
v  0.6796 -1.0247 -15.6084
v  0.8714 -0.8674 -15.6084
v  1.0281 -0.6744 -15.6084
v  1.1414 -0.4572 -15.6084
v  1.2083 -0.2278 -15.6084
v  1.3492 -0.2537 -15.5826
v  1.4797 -0.2780 -15.5361
v  1.3980 -0.5587 -15.5361
v  1.2590 -0.8255 -15.5361
v  1.0665 -1.0626 -15.5361
v  0.8306 -1.2557 -15.5360
v  0.5647 -1.3955 -15.5360
v  1.2746 -0.5098 -15.5826
v  1.1480 -0.7528 -15.5826
v  0.9727 -0.9687 -15.5826
v  0.7579 -1.1446 -15.5825
v  0.5158 -1.2722 -15.5825
v  0.2574 -1.3485 -15.5826
v  -0.0022 -1.3728 -15.5826
v  -0.2608 -1.3478 -15.5825
v  -0.5171 -1.2717 -15.5825
v  -0.7577 -1.1448 -15.5825
v  -0.9717 -0.9697 -15.5826
v  -1.1471 -0.7543 -15.5826
v  -1.2742 -0.5109 -15.5826
v  -2.0013 -0.3752 -15.2432
v  2.0038 -0.3750 -15.2419
v  -1.8872 -0.7538 -15.2456
v  -1.6937 -1.1115 -15.2489
v  -0.7477 -1.8505 -15.2654
v  -0.3732 -1.9504 -15.2712
v  1.6906 -1.1070 -15.2516
v  0.7417 -1.8409 -15.2720
v  0.3679 -1.9448 -15.2759
v  1.8872 -0.7523 -15.2458
v  1.6047 -0.3012 -15.4747
v  1.4221 -1.4172 -15.2588
v  1.3653 -0.8951 -15.4746
v  1.0984 -1.6652 -15.2661
v  -1.6046 -0.3019 -15.4747
v  -1.4279 -1.4251 -15.2533
v  -0.9001 -1.3623 -15.4748
v  -1.1054 -1.6752 -15.2591
v  -0.3083 -1.6032 -15.4747
v  -0.0022 -1.6328 -15.4748
v  -0.0023 -1.9798 -15.2753
v  -0.9636 -0.1832 -15.6212
v  -0.9636 -0.1832 -15.6412
v  -0.9834 -0.1869 -15.6212
v  -0.9099 -0.3668 -15.6212
v  -0.9099 -0.3668 -15.6412
v  -0.9286 -0.3743 -15.6212
v  -0.8194 -0.5401 -15.6212
v  -0.8194 -0.5401 -15.6412
v  -0.8362 -0.5512 -15.6212
v  -0.6952 -0.6933 -15.6212
v  -0.6952 -0.6933 -15.6412
v  -0.7095 -0.7075 -15.6212
v  -0.5440 -0.8180 -15.6212
v  -0.5440 -0.8180 -15.6412
v  -0.5552 -0.8347 -15.6212
v  -0.3735 -0.9093 -15.6212
v  -0.3735 -0.9093 -15.6412
v  -0.3812 -0.9279 -15.6212
v  -0.1899 -0.9652 -15.6212
v  -0.1899 -0.9652 -15.6412
v  -0.1938 -0.9849 -15.6212
v  -0.0021 -0.9843 -15.6212
v  -0.0021 -0.9843 -15.6412
v  -0.0022 -1.0043 -15.6212
v  0.1868 -0.9670 -15.6212
v  0.1868 -0.9670 -15.6412
v  0.1906 -0.9868 -15.6212
v  0.3733 -0.9122 -15.6212
v  0.3733 -0.9122 -15.6412
v  0.3808 -0.9308 -15.6212
v  0.5464 -0.8210 -15.6212
v  0.5464 -0.8210 -15.6412
v  0.5575 -0.8377 -15.6212
v  0.6997 -0.6957 -15.6212
v  0.6997 -0.6957 -15.6412
v  0.7139 -0.7099 -15.6212
v  0.8252 -0.5417 -15.6212
v  0.8252 -0.5417 -15.6412
v  0.8420 -0.5528 -15.6212
v  0.9163 -0.3680 -15.6212
v  0.9163 -0.3680 -15.6412
v  0.9350 -0.3755 -15.6212
v  0.9704 -0.1837 -15.6212
v  0.9704 -0.1837 -15.6412
v  0.9901 -0.1874 -15.6212
v  -2.0551 -0.3853 -15.2276
v  -2.1536 -0.4048 -15.2234
v  -1.9379 -0.7740 -15.2300
v  -2.0307 -0.8126 -15.2265
v  -1.7393 -1.1414 -15.2337
v  -1.8223 -1.1981 -15.2310
v  -1.1353 -1.7204 -15.2446
v  -1.1884 -1.8057 -15.2420
v  -1.4665 -1.4636 -15.2386
v  -1.5360 -1.5362 -15.2361
v  -0.3832 -2.0029 -15.2565
v  -0.4001 -2.1018 -15.2532
v  -0.7679 -1.9003 -15.2509
v  -0.8030 -1.9944 -15.2482
v  0.7617 -1.8904 -15.2571
v  0.7974 -1.9843 -15.2539
v  0.3778 -1.9968 -15.2604
v  0.3960 -2.0955 -15.2574
v  2.0577 -0.3850 -15.2262
v  2.1561 -0.4049 -15.2213
v  1.9380 -0.7725 -15.2303
v  2.0303 -0.8119 -15.2257
v  -0.0023 -2.0328 -15.2599
v  -0.0015 -2.1331 -15.2565
v  1.1281 -1.7101 -15.2515
v  1.1810 -1.7954 -15.2481
v  1.7363 -1.1369 -15.2367
v  1.8186 -1.1944 -15.2326
v  1.4606 -1.4555 -15.2442
v  1.5294 -1.5286 -15.2405
v  -2.1932 0.0000 -15.2225
v  2.1963 -0.0000 -15.2200
v  0.9877 -0.0000 -15.6412
v  -0.9808 0.0000 -15.6412
v  1.0078 -0.0000 -15.6212
v  1.0840 -0.0000 -15.6212
v  -1.0009 0.0000 -15.6212
v  -1.0841 0.0000 -15.6212
v  -1.5056 0.0000 -15.5361
v  -1.6329 0.0000 -15.4748
v  -1.3729 0.0000 -15.5827
v  -1.2296 0.0000 -15.6085
v  1.2296 -0.0000 -15.6085
v  1.3728 -0.0000 -15.5827
v  1.5056 -0.0000 -15.5361
v  1.6328 -0.0000 -15.4748
v  -2.0377 0.0000 -15.2424
v  2.0410 -0.0000 -15.2405
v  -2.0928 0.0000 -15.2269
v  2.0939 -0.0000 -15.2250
v  0.9877 -0.0000 -15.6212
v  -0.9808 0.0000 -15.6212
v  -1.5283 -2.8083 -15.2151
v  -2.8906 -2.3881 -15.1839
v  0.6156 -2.9803 -15.2307
v  -2.9011 -1.1915 -15.1834
v  -2.9015 0.0000 -15.1849
v  0.0015 -0.0000 -16.1728
v  0.9705 -0.1837 -16.1728
v  0.9507 -0.1799 -16.1728
v  0.9705 -0.1837 -16.1528
v  0.9877 -0.0000 -16.1728
v  0.9877 -0.0000 -16.1528
v  0.9676 -0.0000 -16.1728
v  -0.9808 0.0000 -16.1728
v  -0.9607 0.0000 -16.1728
v  -0.9808 0.0000 -16.1528
v  -0.9636 -0.1832 -16.1728
v  -0.9636 -0.1832 -16.1528
v  -0.9439 -0.1794 -16.1728
v  -0.9099 -0.3668 -16.1728
v  -0.9099 -0.3668 -16.1528
v  -0.8913 -0.3593 -16.1728
v  -0.8194 -0.5401 -16.1728
v  -0.8194 -0.5401 -16.1528
v  -0.8026 -0.5291 -16.1728
v  -0.6952 -0.6933 -16.1728
v  -0.6952 -0.6933 -16.1528
v  -0.6809 -0.6791 -16.1728
v  -0.5440 -0.8180 -16.1728
v  -0.5440 -0.8180 -16.1528
v  -0.5328 -0.8013 -16.1728
v  -0.3735 -0.9093 -16.1728
v  -0.3735 -0.9093 -16.1528
v  -0.3658 -0.8908 -16.1728
v  -0.1899 -0.9652 -16.1728
v  -0.1899 -0.9652 -16.1528
v  -0.1859 -0.9455 -16.1728
v  -0.0021 -0.9843 -16.1728
v  -0.0021 -0.9843 -16.1528
v  -0.0020 -0.9642 -16.1728
v  0.1868 -0.9670 -16.1728
v  0.1868 -0.9670 -16.1528
v  0.1831 -0.9473 -16.1728
v  0.3733 -0.9122 -16.1728
v  0.3733 -0.9122 -16.1528
v  0.3657 -0.8935 -16.1728
v  0.5464 -0.8210 -16.1728
v  0.5464 -0.8210 -16.1528
v  0.5353 -0.8042 -16.1728
v  0.6997 -0.6957 -16.1728
v  0.6997 -0.6957 -16.1528
v  0.6855 -0.6815 -16.1728
v  0.8253 -0.5417 -16.1728
v  0.8253 -0.5417 -16.1528
v  0.8085 -0.5306 -16.1728
v  0.9164 -0.3680 -16.1728
v  0.9164 -0.3680 -16.1528
v  0.8977 -0.3605 -16.1728
v  37.3242 -13.7903 0.0000
v  37.3242 -13.7703 0.0000
v  37.3242 -13.7896 0.0244
v  38.8308 -13.7903 0.0000
v  38.8308 -13.7896 0.0244
v  38.8308 -13.7703 0.0000
v  40.6045 -13.7903 0.0000
v  40.6045 -13.7703 0.0000
v  40.6045 -13.7896 0.0244
v  41.2975 -13.7903 0.0000
v  41.2975 -13.7896 0.0244
v  41.2975 -13.7703 0.0000
v  47.4517 -5.7373 0.0000
v  47.4318 -5.7373 0.0000
v  47.4510 -5.7373 0.0244
v  47.4517 -4.9578 0.0000
v  47.4511 -4.9578 0.0244
v  47.4318 -4.9578 0.0000
v  47.4519 -8.4307 0.0000
v  47.4319 -8.4307 0.0000
v  47.4512 -8.4307 0.0244
v  47.4518 -8.0539 0.0000
v  47.4511 -8.0539 0.0244
v  47.4318 -8.0539 0.0000
v  47.3258 -13.6586 0.0000
v  47.3108 -13.6449 0.0000
v  47.3253 -13.6580 0.0244
v  47.4126 -13.5201 0.0000
v  47.4120 -13.5197 0.0244
v  47.3941 -13.5121 0.0000
v  46.9184 -13.7903 0.0000
v  46.9184 -13.7703 0.0000
v  46.9184 -13.7896 0.0244
v  47.0582 -13.7903 0.0000
v  47.0581 -13.7896 0.0244
v  47.0556 -13.7703 0.0000
v  47.2007 -13.7525 0.0000
v  47.2005 -13.7518 0.0244
v  47.1918 -13.7342 0.0000
v  47.4483 -13.3810 0.0000
v  47.4284 -13.3781 0.0000
v  47.4476 -13.3808 0.0244
v  47.4528 -13.2394 0.0000
v  47.4521 -13.2394 0.0244
v  47.4328 -13.2394 0.0000
v  44.7462 -13.7903 0.0000
v  44.7462 -13.7703 0.0000
v  44.7462 -13.7896 0.0244
v  46.8684 -13.7903 0.0000
v  46.8684 -13.7896 0.0244
v  46.8684 -13.7703 0.0000
v  47.4524 -10.2690 0.0000
v  47.4324 -10.2690 0.0000
v  47.4517 -10.2690 0.0244
v  47.4522 -9.9240 0.0000
v  47.4515 -9.9240 0.0244
v  47.4323 -9.9240 0.0000
v  41.9795 -13.7903 0.0000
v  41.9795 -13.7703 0.0000
v  41.9795 -13.7896 0.0244
v  43.7155 -13.7903 0.0000
v  43.7155 -13.7896 0.0244
v  43.7155 -13.7703 0.0000
v  47.4520 -8.8075 0.0000
v  47.4513 -8.8075 0.0244
v  47.4320 -8.8075 0.0000
v  44.2309 -13.7903 0.0000
v  44.2309 -13.7896 0.0244
v  44.2309 -13.7703 0.0000
v  47.4528 -13.1894 0.0000
v  47.4328 -13.1894 0.0000
v  47.4521 -13.1894 0.0244
v  47.4525 -10.6139 0.0000
v  47.4518 -10.6139 0.0244
v  47.4325 -10.6139 0.0000
v  4.7802 -13.7903 0.0000
v  4.7802 -13.7703 0.0000
v  4.7802 -13.7896 0.0244
v  6.7805 -13.7903 0.0000
v  6.7805 -13.7896 0.0244
v  6.7805 -13.7703 0.0000
v  23.0008 -13.7903 0.0000
v  23.0008 -13.7703 0.0000
v  23.0008 -13.7896 0.0244
v  24.9921 -13.7903 0.0000
v  24.9921 -13.7896 0.0244
v  24.9921 -13.7703 0.0000
v  29.0200 -13.7903 0.0000
v  29.0200 -13.7703 0.0000
v  29.0200 -13.7896 0.0244
v  31.2020 -13.7903 0.0000
v  31.2020 -13.7896 0.0244
v  31.2020 -13.7703 0.0000
v  34.2780 -13.7903 0.0000
v  34.2780 -13.7703 0.0000
v  34.2780 -13.7896 0.0244
v  35.8668 -13.7903 0.0000
v  35.8668 -13.7896 0.0244
v  35.8668 -13.7703 0.0000
v  47.4517 -1.9192 0.0000
v  47.4318 -1.9192 0.0000
v  47.4511 -1.9192 0.0244
v  47.4517 -0.0000 0.0000
v  47.4510 -0.0000 0.0244
v  47.4317 -0.0000 0.0000
v  47.4517 -4.0100 0.0000
v  47.4318 -4.0100 0.0000
v  47.4511 -4.0100 0.0244
v  47.4517 -3.0619 0.0000
v  47.4511 -3.0619 0.0244
v  47.4318 -3.0619 0.0000
v  47.4517 -7.0925 0.0000
v  47.4318 -7.0925 0.0000
v  47.4510 -7.0925 0.0244
v  47.4517 -6.5156 0.0000
v  47.4510 -6.5156 0.0244
v  47.4318 -6.5156 0.0000
v  39.9604 -13.7903 0.0000
v  39.9604 -13.7703 0.0000
v  39.9604 -13.7896 0.0244
v  18.9893 -13.7903 0.0000
v  18.9893 -13.7703 0.0000
v  18.9893 -13.7896 0.0244
v  21.0095 -13.7903 0.0000
v  21.0095 -13.7896 0.0244
v  21.0095 -13.7703 0.0000
v  27.0011 -13.7903 0.0000
v  27.0011 -13.7896 0.0244
v  27.0011 -13.7703 0.0000
v  32.1632 -13.7903 0.0000
v  32.1632 -13.7896 0.0244
v  32.1632 -13.7703 0.0000
v  32.8835 -13.7903 0.0000
v  32.8835 -13.7896 0.0244
v  32.8835 -13.7703 0.0000
v  33.5106 -13.7903 0.0000
v  33.5106 -13.7896 0.0244
v  33.5106 -13.7703 0.0000
v  47.4517 -7.6770 0.0000
v  47.4318 -7.6770 0.0000
v  47.4510 -7.6770 0.0244
v  -11.3751 -13.3023 -0.0000
v  -11.3951 -13.3023 -0.0000
v  -11.3745 -13.3029 0.0156
v  -11.3751 -8.3858 -0.0000
v  -11.3745 -8.3858 0.0156
v  -11.3951 -8.3858 -0.0000
v  38.8308 -13.5404 0.0000
v  38.8308 -13.5604 0.0000
v  38.8308 -13.5398 0.0156
v  37.3242 -13.5404 0.0000
v  37.3242 -13.5398 0.0156
v  37.3242 -13.5604 0.0000
v  41.2975 -13.5404 0.0000
v  41.2975 -13.5604 0.0000
v  41.2975 -13.5398 0.0156
v  40.6045 -13.5404 0.0000
v  40.6045 -13.5398 0.0156
v  40.6045 -13.5604 0.0000
v  47.2019 -4.9578 0.0000
v  47.2219 -4.9578 0.0000
v  47.2012 -4.9578 0.0156
v  47.2019 -5.7373 0.0000
v  47.2012 -5.7373 0.0156
v  47.2219 -5.7373 0.0000
v  -11.1583 -13.5422 -0.0000
v  -11.1596 -13.5623 -0.0000
v  -11.1586 -13.5414 0.0156
v  -11.2517 -13.5223 -0.0000
v  -11.2514 -13.5214 0.0156
v  -11.2592 -13.5411 -0.0000
v  -11.3641 -13.4234 -0.0000
v  -11.3832 -13.4310 -0.0000
v  -11.3633 -13.4229 0.0156
v  -11.3762 -13.3293 -0.0000
v  -11.3755 -13.3293 0.0156
v  -11.3963 -13.3302 -0.0000
v  -11.3248 -13.4778 -0.0000
v  -11.3386 -13.4927 -0.0000
v  -11.3241 -13.4769 0.0156
v  47.2020 -8.0539 0.0000
v  47.2220 -8.0539 0.0000
v  47.2013 -8.0539 0.0156
v  47.2021 -8.4307 0.0000
v  47.2014 -8.4307 0.0156
v  47.2220 -8.4307 0.0000
v  47.1832 -13.4214 0.0000
v  47.2019 -13.4290 0.0000
v  47.1824 -13.4212 0.0156
v  47.1419 -13.4895 0.0000
v  47.1412 -13.4891 0.0156
v  47.1570 -13.5031 0.0000
v  -4.2126 -13.5404 -0.0000
v  -4.2126 -13.5604 -0.0000
v  -4.2126 -13.5398 0.0156
v  -11.1374 -13.5404 -0.0000
v  -11.1374 -13.5398 0.0156
v  -11.1358 -13.5604 -0.0000
v  -11.3751 -5.9633 -0.0000
v  -11.3951 -5.9633 -0.0000
v  -11.3745 -5.9633 0.0156
v  -11.3751 -4.1691 -0.0000
v  -11.3745 -4.1691 0.0156
v  -11.3951 -4.1691 -0.0000
v  47.0257 -13.5426 0.0000
v  47.0277 -13.5626 0.0000
v  47.0257 -13.5419 0.0156
v  46.9184 -13.5404 0.0000
v  46.9185 -13.5398 0.0156
v  46.9184 -13.5604 0.0000
v  47.0916 -13.5278 0.0000
v  47.1002 -13.5463 0.0000
v  47.0912 -13.5271 0.0156
v  47.2030 -13.2355 0.0000
v  47.2229 -13.2358 0.0000
v  47.2023 -13.2354 0.0156
v  47.2009 -13.3457 0.0000
v  47.2002 -13.3456 0.0156
v  47.2209 -13.3482 0.0000
v  46.8684 -13.5404 0.0000
v  46.8684 -13.5604 0.0000
v  46.8684 -13.5398 0.0156
v  44.7462 -13.5404 0.0000
v  44.7462 -13.5398 0.0156
v  44.7462 -13.5604 0.0000
v  47.2024 -9.9241 0.0000
v  47.2224 -9.9241 0.0000
v  47.2017 -9.9241 0.0156
v  47.2025 -10.2691 0.0000
v  47.2018 -10.2691 0.0156
v  47.2225 -10.2691 0.0000
v  43.7155 -13.5404 0.0000
v  43.7155 -13.5604 0.0000
v  43.7155 -13.5398 0.0156
v  41.9795 -13.5404 0.0000
v  41.9795 -13.5398 0.0156
v  41.9795 -13.5604 0.0000
v  47.2021 -8.8075 0.0000
v  47.2221 -8.8075 0.0000
v  47.2015 -8.8076 0.0156
v  44.2309 -13.5404 0.0000
v  44.2309 -13.5604 0.0000
v  44.2309 -13.5398 0.0156
v  47.2027 -10.6140 0.0000
v  47.2226 -10.6140 0.0000
v  47.2020 -10.6140 0.0156
v  47.2029 -13.1894 0.0000
v  47.2022 -13.1894 0.0156
v  47.2229 -13.1894 0.0000
v  0.6146 -13.5404 0.0000
v  0.6146 -13.5604 0.0000
v  0.6146 -13.5398 0.0156
v  -1.5250 -13.5404 -0.0000
v  -1.5250 -13.5398 0.0156
v  -1.5250 -13.5604 -0.0000
v  6.7805 -13.5404 0.0000
v  6.7805 -13.5604 0.0000
v  6.7805 -13.5398 0.0156
v  4.7802 -13.5404 0.0000
v  4.7802 -13.5398 0.0156
v  4.7802 -13.5604 0.0000
v  12.8645 -13.5404 0.0000
v  12.8645 -13.5604 0.0000
v  12.8645 -13.5398 0.0156
v  10.8227 -13.5404 0.0000
v  10.8227 -13.5398 0.0156
v  10.8227 -13.5604 0.0000
v  18.9893 -13.5404 0.0000
v  18.9893 -13.5604 0.0000
v  18.9893 -13.5398 0.0156
v  16.9692 -13.5404 0.0000
v  16.9692 -13.5398 0.0156
v  16.9692 -13.5604 0.0000
v  24.9921 -13.5404 0.0000
v  24.9921 -13.5604 0.0000
v  24.9921 -13.5398 0.0156
v  23.0008 -13.5404 0.0000
v  23.0008 -13.5398 0.0156
v  23.0008 -13.5604 0.0000
v  31.2020 -13.5404 0.0000
v  31.2020 -13.5604 0.0000
v  31.2020 -13.5398 0.0156
v  29.0200 -13.5404 0.0000
v  29.0200 -13.5398 0.0156
v  29.0200 -13.5604 0.0000
v  35.8668 -13.5404 0.0000
v  35.8668 -13.5604 0.0000
v  35.8668 -13.5398 0.0156
v  34.2780 -13.5404 0.0000
v  34.2780 -13.5398 0.0156
v  34.2780 -13.5604 0.0000
v  47.2018 -0.0000 0.0000
v  47.2218 -0.0000 0.0000
v  47.2012 -0.0000 0.0156
v  47.2019 -1.9192 0.0000
v  47.2012 -1.9192 0.0156
v  47.2219 -1.9192 0.0000
v  47.2019 -3.0619 0.0000
v  47.2219 -3.0619 0.0000
v  47.2012 -3.0619 0.0156
v  47.2019 -4.0100 0.0000
v  47.2012 -4.0100 0.0156
v  47.2219 -4.0100 0.0000
v  47.2019 -6.5156 0.0000
v  47.2219 -6.5156 0.0000
v  47.2012 -6.5156 0.0156
v  47.2019 -7.0925 0.0000
v  47.2012 -7.0925 0.0156
v  47.2219 -7.0925 0.0000
v  -11.3751 -1.1912 -0.0000
v  -11.3951 -1.1912 -0.0000
v  -11.3745 -1.1912 0.0156
v  -11.3751 0.0000 -0.0000
v  -11.3745 0.0000 0.0156
v  -11.3951 0.0000 -0.0000
v  -11.3751 -2.3824 -0.0000
v  -11.3745 -2.3824 0.0156
v  -11.3951 -2.3824 -0.0000
v  -11.3751 -7.1571 -0.0000
v  -11.3951 -7.1571 -0.0000
v  -11.3745 -7.1571 0.0156
v  39.9604 -13.5404 0.0000
v  39.9604 -13.5398 0.0156
v  39.9604 -13.5604 0.0000
v  2.6975 -13.5404 0.0000
v  2.6975 -13.5604 0.0000
v  2.6975 -13.5398 0.0156
v  8.7808 -13.5404 0.0000
v  8.7808 -13.5604 0.0000
v  8.7808 -13.5398 0.0156
v  14.9168 -13.5404 0.0000
v  14.9168 -13.5604 0.0000
v  14.9168 -13.5398 0.0156
v  21.0095 -13.5404 0.0000
v  21.0095 -13.5604 0.0000
v  21.0095 -13.5398 0.0156
v  27.0011 -13.5404 0.0000
v  27.0011 -13.5604 0.0000
v  27.0011 -13.5398 0.0156
v  32.1632 -13.5404 0.0000
v  32.1632 -13.5604 0.0000
v  32.1632 -13.5398 0.0156
v  32.8835 -13.5404 0.0000
v  32.8835 -13.5604 0.0000
v  32.8835 -13.5398 0.0156
v  33.5106 -13.5404 0.0000
v  33.5106 -13.5604 0.0000
v  33.5106 -13.5398 0.0156
v  47.2019 -7.6771 0.0000
v  47.2012 -7.6771 0.0156
v  47.2219 -7.6770 0.0000
v  -11.6250 -13.3023 -0.0000
v  -11.6243 -13.3023 0.0244
v  -11.6050 -13.3023 -0.0000
v  -11.6250 -8.3858 -0.0000
v  -11.6050 -8.3858 -0.0000
v  -11.6243 -8.3858 0.0244
v  -11.1874 -13.7903 -0.0000
v  -11.1871 -13.7896 0.0244
v  -11.1851 -13.7703 -0.0000
v  -11.3487 -13.7525 -0.0000
v  -11.3408 -13.7338 -0.0000
v  -11.3481 -13.7518 0.0244
v  -11.5944 -13.5201 -0.0000
v  -11.5936 -13.5198 0.0244
v  -11.5755 -13.5122 -0.0000
v  -11.6250 -13.3523 -0.0000
v  -11.6050 -13.3505 -0.0000
v  -11.6242 -13.3522 0.0244
v  -11.4970 -13.6586 -0.0000
v  -11.4963 -13.6580 0.0244
v  -11.4830 -13.6439 -0.0000
v  -4.2126 -13.7903 -0.0000
v  -4.2126 -13.7896 0.0244
v  -4.2126 -13.7703 -0.0000
v  -11.1374 -13.7903 -0.0000
v  -11.1374 -13.7703 -0.0000
v  -11.1374 -13.7896 0.0244
v  -11.6250 -5.9633 -0.0000
v  -11.6243 -5.9633 0.0244
v  -11.6050 -5.9633 -0.0000
v  -11.6250 -4.1691 -0.0000
v  -11.6050 -4.1691 -0.0000
v  -11.6243 -4.1691 0.0244
v  0.6146 -13.7903 0.0000
v  0.6146 -13.7896 0.0244
v  0.6146 -13.7703 0.0000
v  -1.5250 -13.7903 -0.0000
v  -1.5250 -13.7703 -0.0000
v  -1.5250 -13.7896 0.0244
v  12.8645 -13.7903 0.0000
v  12.8645 -13.7896 0.0244
v  12.8645 -13.7703 0.0000
v  10.8227 -13.7903 0.0000
v  10.8227 -13.7703 0.0000
v  10.8227 -13.7896 0.0244
v  16.9692 -13.7903 0.0000
v  16.9692 -13.7703 0.0000
v  16.9692 -13.7896 0.0244
v  -11.6250 -1.1912 -0.0000
v  -11.6243 -1.1912 0.0244
v  -11.6050 -1.1912 -0.0000
v  -11.6250 0.0000 -0.0000
v  -11.6050 0.0000 -0.0000
v  -11.6243 0.0000 0.0244
v  -11.6250 -2.3824 -0.0000
v  -11.6050 -2.3824 -0.0000
v  -11.6243 -2.3824 0.0244
v  -11.6250 -7.1571 -0.0000
v  -11.6243 -7.1571 0.0244
v  -11.6050 -7.1571 -0.0000
v  2.6975 -13.7903 0.0000
v  2.6975 -13.7896 0.0244
v  2.6975 -13.7703 0.0000
v  8.7808 -13.7903 0.0000
v  8.7808 -13.7896 0.0244
v  8.7808 -13.7703 0.0000
v  14.9168 -13.7903 0.0000
v  14.9168 -13.7896 0.0244
v  14.9168 -13.7703 0.0000
v  -5.7270 -11.0210 0.5896
v  -4.9634 -11.3068 0.5588
v  -7.2069 -7.1575 0.4856
v  -7.2429 -5.9641 0.4794
v  -7.2580 -4.2091 0.4811
v  -7.2612 -2.3829 0.4865
v  -7.2618 -1.1904 0.4902
v  -7.2607 0.0000 0.4939
v  -6.3450 -10.4903 0.5642
v  -6.7797 -9.8366 0.5478
v  -7.0262 -9.0767 0.5232
v  -7.1432 -8.2818 0.5045
v  33.5105 11.4755 1.0258
v  33.6116 11.2873 -0.1926
v  33.4088 11.2939 -0.2055
v  38.8304 11.3175 1.0267
v  39.9601 11.2642 1.0277
v  39.9642 11.0775 0.4847
v  38.8326 11.1567 0.2927
v  43.1095 8.9713 0.5222
v  43.1133 9.2668 0.6119
v  43.3900 9.1668 0.8046
v  43.4001 8.8480 0.7395
v  40.6028 11.1895 1.0290
v  41.2947 11.0786 1.0311
v  41.2979 10.9152 0.7276
v  40.6085 11.0115 0.5988
v  41.9737 10.9108 1.0345
v  42.6174 10.6519 1.0366
v  41.9741 10.7637 0.8629
v  2.6971 3.0244 -14.9270
v  4.7799 3.0717 -14.8628
v  4.7799 1.9236 -14.8659
v  2.6972 1.9001 -14.9376
v  6.8328 3.0299 -14.8091
v  6.8328 1.9028 -14.8107
v  14.9167 3.0140 -14.5846
v  16.9691 3.0167 -14.5265
v  16.9691 1.8964 -14.5274
v  14.9167 1.8949 -14.5849
v  18.9893 3.0138 -14.4708
v  18.9893 1.8949 -14.4717
v  24.9919 1.8869 -14.3047
v  24.9919 2.9974 -14.3053
v  27.0009 3.0040 -14.2444
v  27.0009 1.8901 -14.2438
v  29.0197 1.8934 -14.1864
v  29.0198 3.0105 -14.1835
v  30.9614 3.0114 -14.1305
v  30.9616 1.8938 -14.1331
v  31.4407 3.0090 -14.1198
v  31.4409 1.8925 -14.1224
v  31.9207 1.8913 -14.1096
v  31.9206 3.0066 -14.1091
v  32.4038 3.0022 -14.0930
v  32.4041 1.8891 -14.0925
v  32.8899 2.9970 -14.0441
v  32.8893 1.8866 -14.0460
v  33.3613 2.9920 -13.9387
v  33.3573 1.8842 -13.9476
v  33.8871 2.9879 -13.6982
v  33.8847 1.8825 -13.7162
v  34.3531 2.9830 -13.2535
v  34.3508 1.8805 -13.2845
v  34.7112 1.8770 -12.7245
v  34.7058 2.9758 -12.6858
v  35.8833 1.8608 -10.3287
v  35.8798 2.9451 -10.2946
v  37.2882 1.8550 -8.1776
v  37.2918 2.9338 -8.1617
v  38.8111 1.8647 -6.1930
v  38.8133 2.9531 -6.1849
v  39.9730 1.8862 -4.7519
v  39.9726 2.9960 -4.7374
v  41.3486 1.9162 -2.9534
v  40.6275 1.9003 -3.9218
v  40.6251 3.0244 -3.9040
v  41.3440 3.0561 -2.9323
v  42.5016 1.9191 -1.0228
v  41.9898 1.9252 -1.9480
v  41.9859 3.0742 -1.9255
v  42.4976 3.0619 -1.0018
v  43.4071 1.9126 0.3630
v  43.0361 1.9131 -0.1104
v  43.0323 3.0500 -0.0913
v  43.4006 3.0490 0.3742
v  44.3267 4.9568 1.0528
v  44.3542 4.0090 1.0497
v  43.8491 4.0073 0.7769
v  43.8401 4.9610 0.7895
v  44.2223 6.5112 1.0527
v  44.3045 5.7328 1.0549
v  43.8251 5.7511 0.8009
v  43.8033 6.5419 0.8133
v  43.9680 8.3639 1.0465
v  44.0451 8.0123 1.0475
v  43.7335 8.1113 0.8666
v  43.7046 8.4929 0.8945
v  43.1358 10.3087 1.0430
v  43.5733 9.6459 1.0466
v  43.1125 10.0867 0.9214
v  29.0201 11.4928 1.0257
v  31.2020 11.4924 1.0257
v  31.0819 11.3183 -0.2755
v  29.0201 11.3208 -0.3291
v  23.0009 11.3252 -0.4284
v  21.0093 11.3298 -0.4292
v  21.0095 11.4935 1.0256
v  23.0008 11.4932 1.0256
v  18.9891 11.3257 -0.4367
v  21.0091 11.1605 -1.9337
v  18.9890 11.1522 -1.9487
v  2.6969 5.4189 -14.9119
v  4.7800 5.4125 -14.8679
v  4.7788 4.2470 -14.8630
v  2.6963 4.2571 -14.9170
v  0.6144 5.4196 -14.9012
v  0.6143 6.4840 -14.7135
v  2.6973 6.5156 -14.7261
v  6.8061 4.2008 -14.8101
v  10.8225 2.9979 -14.7004
v  8.7807 3.0012 -14.7581
v  8.7797 4.1544 -14.7585
v  10.8215 4.1439 -14.7008
v  6.7778 6.4497 -14.6778
v  6.7802 5.3631 -14.8121
v  4.7812 6.4990 -14.7076
v  10.8224 5.2851 -14.7011
v  8.7807 5.3024 -14.7579
v  8.7825 6.3952 -14.6473
v  10.8241 6.3693 -14.5943
v  2.6969 7.4374 -14.1370
v  0.6144 7.4448 -14.1635
v  0.6139 8.1061 -13.3914
v  2.6957 8.0702 -13.3562
v  6.7790 7.9480 -13.3643
v  6.7803 7.3592 -14.1218
v  4.7801 7.4068 -14.1255
v  4.7786 8.0113 -13.3485
v  2.6978 9.0738 -11.0509
v  2.6970 8.5679 -12.4213
v  0.6137 8.6189 -12.4626
v  0.6137 9.1646 -11.0171
v  6.7800 8.8396 -11.1961
v  6.7801 8.4038 -12.4448
v  4.7799 8.4864 -12.4196
v  4.7800 8.9548 -11.1143
v  10.8225 7.2928 -14.0903
v  8.7807 7.3188 -14.1250
v  8.7796 7.8949 -13.3834
v  10.8216 7.8695 -13.3688
v  2.6947 9.8797 -7.6599
v  2.6978 9.4654 -9.6420
v  0.6140 9.5899 -9.5302
v  0.6144 10.0562 -7.3577
v  6.7772 9.5500 -8.1685
v  6.7793 9.1837 -9.9185
v  4.7800 9.3209 -9.7758
v  4.7801 9.7054 -7.9325
v  4.7804 10.4162 -3.5953
v  4.7804 10.3248 -4.1651
v  2.6872 10.5210 -3.7018
v  2.6881 10.6075 -3.1459
v  4.7803 10.5111 -3.0262
v  2.6892 10.6947 -2.5902
v  4.7803 10.6062 -2.5184
v  4.7803 10.5771 -2.6673
v  2.6895 10.7514 -2.2447
v  2.6896 10.7867 -2.0389
v  4.7801 10.7374 -1.9304
v  4.7802 10.7027 -2.0738
v  2.6898 10.8362 -1.7649
v  2.6897 10.8847 -1.5120
v  6.7737 9.8638 -6.3607
v  4.7802 10.0281 -6.0509
v  10.8209 9.2995 -8.5051
v  10.8216 8.9838 -10.1253
v  8.7807 9.0699 -10.0475
v  8.7806 9.4169 -8.3590
v  10.8202 9.5865 -6.7930
v  8.7806 9.7215 -6.5947
v  14.9167 9.2860 -7.0860
v  14.9170 9.0502 -8.7222
v  12.8644 9.1842 -8.6130
v  12.8643 9.4482 -6.9440
v  6.7727 10.2465 -3.9589
v  6.7724 10.1522 -4.5350
v  8.7806 10.2085 -3.6681
v  8.7807 10.1016 -4.2466
v  6.7732 10.3468 -3.3839
v  10.8193 9.9665 -4.4897
v  10.8193 9.8614 -5.0789
v  8.7806 10.0029 -4.8266
v  12.8643 9.9422 -4.0709
v  12.8645 9.8217 -4.6718
v  10.8192 10.0808 -3.9024
v  14.9172 9.6367 -4.8282
v  14.9165 9.5278 -5.4508
v  12.8643 9.7118 -5.2750
v  14.9171 9.7580 -4.2083
v  16.9692 9.7070 -3.6497
v  16.9692 9.6356 -3.8610
v  14.9171 9.8593 -3.8039
v  14.9169 9.9175 -3.6042
v  0.6146 11.1058 -0.6979
v  0.6146 11.1865 -0.4263
v  2.6906 11.1212 -0.7400
v  2.6901 11.0001 -1.0236
v  4.7802 11.3163 0.0432
v  4.7803 11.1348 -0.9889
v  2.6940 11.3101 0.1693
v  8.7805 10.8614 -1.9010
v  8.7806 10.7513 -2.0353
v  6.7772 10.7813 -1.7904
v  6.7782 10.8579 -1.6473
v  8.7805 10.9785 -1.7713
v  8.7806 11.1429 -1.4796
v  10.8204 11.1426 -1.6479
v  10.8196 11.0122 -1.9732
v  8.7806 11.3210 -0.2021
v  6.7784 11.1371 -1.2529
v  6.7794 11.3175 -0.0888
v  12.8644 11.3223 -0.3463
v  12.8643 11.1455 -1.7678
v  10.8214 11.3209 -0.2863
v  12.8643 10.0882 -3.4942
v  12.8643 10.0377 -3.6812
v  10.8192 10.1695 -3.5248
v  10.8192 10.2133 -3.3513
v  8.7806 10.6564 -2.1789
v  10.8205 10.7612 -2.2390
v  10.8203 10.6323 -2.3695
v  16.9691 10.2317 -2.9751
v  16.9691 10.0442 -3.1034
v  14.9157 10.1563 -3.0533
v  14.9158 10.2892 -2.8942
v  12.8643 11.0319 -2.1177
v  14.9159 11.1381 -1.8731
v  14.9155 11.0298 -2.2477
v  16.9691 11.3218 -0.4298
v  16.9691 11.1445 -1.9350
v  14.9163 11.3186 -0.3989
v  16.9683 4.1447 -14.5267
v  18.9886 4.1367 -14.4711
v  24.9914 4.1165 -14.3057
v  27.0004 4.1266 -14.2443
v  29.0191 4.1419 -14.1831
v  30.9605 4.1530 -14.1301
v  31.4399 4.1530 -14.1197
v  31.9195 4.1531 -14.1093
v  32.4009 4.1511 -14.0926
v  32.8845 4.1493 -14.0353
v  32.8963 5.2991 -14.0062
v  32.4039 5.2967 -14.0861
v  32.4158 6.4001 -13.9939
v  32.9281 6.3949 -13.8739
v  33.3560 4.1490 -13.9120
v  33.3810 5.3051 -13.8382
v  33.4164 6.3811 -13.6241
v  33.8727 4.1448 -13.6502
v  33.8791 5.2999 -13.5231
v  33.8747 6.3486 -13.2467
v  18.9893 5.2571 -14.4723
v  16.9691 5.2692 -14.5290
v  16.9701 6.3299 -14.4397
v  18.9901 6.3174 -14.3969
v  27.0009 5.2475 -14.2475
v  24.9918 5.2343 -14.3031
v  24.9926 6.2909 -14.2405
v  27.0020 6.3121 -14.1842
v  30.9612 5.2915 -14.1343
v  29.0198 5.2706 -14.1885
v  29.0215 6.3521 -14.1236
v  30.9638 6.3897 -14.0599
v  31.4405 5.2938 -14.1208
v  31.4434 6.3949 -14.0419
v  31.9204 5.2963 -14.1089
v  31.9241 6.3993 -14.0236
v  18.9892 7.2280 -13.9629
v  16.9691 7.2422 -13.9832
v  16.9682 7.7986 -13.2941
v  18.9885 7.7619 -13.2778
v  23.0004 7.2039 -13.9063
v  21.0086 7.2191 -13.9457
v  21.0081 7.7351 -13.2625
v  23.0001 7.7190 -13.2340
v  23.0006 8.0308 -12.3491
v  21.0088 8.0633 -12.3774
v  21.0087 8.2983 -11.3311
v  23.0007 8.2419 -11.3113
v  27.0010 7.2261 -13.7749
v  24.9919 7.2048 -13.8529
v  24.9916 7.7193 -13.1775
v  27.0009 7.7394 -13.0835
v  30.9618 7.3104 -13.5786
v  29.0200 7.2680 -13.6777
v  29.0196 7.7788 -12.9555
v  30.9615 7.8203 -12.8242
v  31.4413 7.3172 -13.5551
v  31.4407 7.8289 -12.7960
v  32.4056 7.3263 -13.4957
v  31.9211 7.3227 -13.5307
v  31.9200 7.8373 -12.7675
v  32.3993 7.8453 -12.7293
v  27.0011 8.2606 -11.1193
v  24.9919 8.2271 -11.2499
v  24.9917 8.3526 -10.1940
v  27.0007 8.3899 -10.0393
v  30.9618 8.1572 -11.8741
v  29.0201 8.1019 -12.0301
v  29.0199 8.3352 -10.9230
v  30.9616 8.4180 -10.7092
v  31.4412 8.1691 -11.8429
v  31.4411 8.4361 -10.6618
v  32.4041 8.1891 -11.7741
v  31.9211 8.1798 -11.8114
v  31.9211 8.4529 -10.6141
v  32.4041 8.4673 -10.5629
v  32.9072 7.3270 -13.3528
v  32.8794 7.8561 -12.5756
v  32.8838 8.1971 -11.6308
v  32.8828 8.4735 -10.4535
v  18.9889 8.5669 -10.2737
v  18.9884 8.7381 -8.9091
v  21.0082 8.5962 -8.9696
v  21.0084 8.4566 -10.2678
v  12.8643 8.6378 -11.3309
v  12.8644 8.9049 -10.1727
v  14.9171 8.8073 -10.2263
v  14.9170 8.5701 -11.3484
v  8.7807 8.7477 -11.2761
v  10.8220 8.6880 -11.3154
v  18.9879 8.9087 -7.2910
v  16.9691 8.8962 -8.8182
v  16.9691 9.0995 -7.1987
v  23.0001 8.4957 -8.9828
v  21.0084 8.7378 -7.3327
v  22.9995 8.6171 -7.3131
v  27.0004 8.4963 -8.7180
v  24.9913 8.4573 -8.9051
v  24.9911 8.5692 -7.2166
v  27.0001 8.6082 -7.0618
v  29.0194 8.6084 -8.4187
v  29.0191 8.7301 -6.8352
v  30.9613 8.7536 -8.0573
v  30.9612 8.9004 -6.5082
v  31.4408 8.7905 -7.9658
v  31.4407 8.9475 -6.4048
v  32.4027 9.3450 -4.0077
v  32.8811 9.4071 -3.8872
v  32.8817 9.3099 -4.4456
v  32.4034 9.2468 -4.5916
v  32.4037 8.8611 -7.7831
v  31.9208 8.8267 -7.8741
v  31.9206 8.9944 -6.3013
v  32.4035 9.0423 -6.1859
v  32.8825 8.8930 -7.6675
v  32.8821 9.0905 -6.0550
v  18.9881 9.1743 -4.9930
v  18.9873 9.0834 -5.6734
v  16.9692 9.3087 -5.5800
v  16.9697 9.4098 -4.9306
v  22.9989 8.7529 -5.6446
v  21.0089 8.8854 -5.6965
v  21.0097 8.9692 -4.9893
v  22.9992 8.8364 -4.9255
v  18.9876 9.2879 -4.3172
v  16.9692 9.5277 -4.2847
v  21.0089 9.0827 -4.2883
v  22.9987 8.9533 -4.2135
v  26.9999 8.8415 -4.6968
v  27.0001 8.7492 -5.4078
v  24.9912 8.7050 -5.5300
v  24.9914 8.7932 -4.8114
v  29.0186 8.9722 -4.5670
v  29.0191 8.8793 -5.2541
v  24.9913 8.9161 -4.1003
v  27.0003 8.9674 -3.9931
v  29.0193 9.0944 -3.8860
v  30.9608 9.1642 -4.3215
v  30.9614 9.0709 -4.9614
v  30.9612 9.2816 -3.6865
v  31.9204 9.3982 -3.5200
v  31.4407 9.3395 -3.6034
v  31.4406 9.4579 -3.1951
v  31.9205 9.5143 -3.1245
v  18.9878 9.4925 -3.6488
v  18.9876 9.4056 -3.8713
v  22.9989 9.0927 -3.7446
v  21.0088 9.2134 -3.8256
v  21.0088 9.3161 -3.5984
v  22.9991 9.2036 -3.5179
v  27.0005 9.5963 -2.9527
v  24.9914 9.5645 -3.0654
v  24.9914 9.8278 -3.0040
v  27.0006 9.8545 -2.8868
v  30.9612 9.9812 -2.5847
v  29.0196 9.8899 -2.7529
v  29.0197 10.1275 -2.7140
v  30.9612 10.2113 -2.5352
v  21.0090 10.9541 -2.5910
v  21.0089 10.8368 -2.7707
v  18.9886 10.8359 -2.7446
v  18.9887 10.9514 -2.5755
v  24.9914 10.0977 -2.9718
v  23.0007 9.8538 -3.0942
v  23.0007 10.1236 -3.0489
v  21.0088 10.1684 -3.0693
v  21.0088 9.9106 -3.1323
v  18.9886 9.9633 -3.1289
v  18.9889 10.1953 -3.0383
v  30.9611 9.4018 -3.2648
v  29.0193 9.2264 -3.4346
v  29.0192 9.3225 -3.2135
v  30.9611 9.4856 -3.0532
v  23.0008 10.8115 -2.7676
v  23.0009 10.9330 -2.5899
v  27.0009 10.8009 -2.5894
v  24.9917 10.7891 -2.7076
v  24.9917 10.9146 -2.5358
v  27.0009 10.9246 -2.4167
v  31.9208 10.9381 -2.0476
v  32.4037 10.9358 -1.9994
v  32.4035 10.8296 -2.1416
v  31.9207 10.8274 -2.1944
v  34.3084 5.2731 -13.0479
v  34.3288 4.1298 -13.1946
v  34.2731 6.2951 -12.7644
v  35.8669 4.0203 -10.2367
v  37.2877 3.9935 -8.1209
v  38.8085 4.0070 -6.1574
v  39.9652 4.0336 -4.7012
v  40.6177 4.0493 -3.8649
v  41.3340 4.0630 -2.8920
v  41.9788 4.0634 -1.8863
v  42.4919 4.0397 -0.9698
v  34.2052 7.2028 -12.2331
v  34.5649 7.1249 -11.7530
v  34.6105 6.2199 -12.2190
v  33.8132 7.2613 -12.6794
v  33.7355 7.8284 -11.9378
v  34.1264 7.7984 -11.5515
v  34.6474 5.2276 -12.4771
v  35.8626 5.0899 -10.1286
v  34.6754 4.1045 -12.6217
v  35.8616 6.0127 -9.9687
v  35.8751 6.9044 -9.6933
v  37.2908 5.0491 -8.0368
v  37.2884 5.9530 -7.9037
v  37.2927 6.8372 -7.6819
v  35.8774 7.5922 -9.3440
v  37.2938 7.5298 -7.4202
v  38.8102 5.0580 -6.0936
v  38.8088 5.9635 -5.9843
v  39.9642 5.0687 -4.6306
v  39.9710 5.9633 -4.5305
v  42.4910 5.0162 -0.9154
v  41.9757 5.0505 -1.8153
v  41.9741 5.8928 -1.7188
v  42.4950 5.8424 -0.8458
v  41.3264 5.0677 -2.8178
v  40.6137 5.0716 -3.7906
v  40.6157 5.9540 -3.6889
v  41.3194 5.9307 -2.7147
v  42.5230 8.3701 -0.3314
v  43.0931 8.2591 0.3245
v  43.0798 7.8386 0.2346
v  42.5158 7.9245 -0.4778
v  41.3162 6.7838 -2.5532
v  40.6166 6.8238 -3.5130
v  40.6099 7.5133 -3.3007
v  41.3055 7.4570 -2.3685
v  41.3031 8.0961 -2.0991
v  40.6140 8.1530 -2.9799
v  40.6134 8.6614 -2.6225
v  41.3025 8.5911 -1.8194
v  41.2987 9.0515 -1.4878
v  40.6103 9.1143 -2.1976
v  40.6110 9.4648 -1.7827
v  41.3052 9.3934 -1.1882
v  40.6114 9.7485 -1.3935
v  41.3158 9.6807 -0.9036
v  42.5493 9.7043 0.2597
v  41.9770 9.8434 -0.1775
v  41.9714 9.9965 -0.0577
v  42.5394 9.9491 0.3926
v  41.3148 9.9500 -0.6061
v  40.6099 10.0066 -0.9874
v  40.6080 10.1139 -0.8147
v  41.3113 10.0690 -0.4649
v  40.6083 10.2206 -0.6506
v  41.3079 10.1804 -0.3292
v  42.5486 10.0259 0.4497
v  41.9735 10.1344 0.0762
v  41.9712 10.2880 0.2346
v  42.5463 10.1919 0.5718
v  43.3936 4.9691 0.4161
v  43.0288 4.9829 -0.0287
v  43.0354 5.7931 0.0152
v  43.3931 5.7697 0.4410
v  33.3804 7.3083 -13.0658
v  33.3194 7.8547 -12.2900
v  34.0961 8.1792 -10.7170
v  33.7150 8.1863 -11.0539
v  33.7105 8.4783 -9.9745
v  34.0912 8.4856 -9.7030
v  34.5012 7.7544 -11.1488
v  35.8740 8.1359 -8.8156
v  34.4643 8.1710 -10.3747
v  34.4552 8.4876 -9.4272
v  35.8623 8.5297 -8.1204
v  37.3169 8.6030 -6.4745
v  38.8253 8.6904 -4.6919
v  38.8202 8.1788 -5.1669
v  37.3125 8.1286 -7.0132
v  35.8663 8.8192 -7.3638
v  37.3224 8.9639 -5.8463
v  38.8077 7.5542 -5.5466
v  39.9681 8.1797 -3.7815
v  39.9661 7.5420 -4.1253
v  39.9619 8.6942 -3.3776
v  43.3950 6.5707 0.4732
v  43.0494 6.6020 0.0771
v  43.0614 7.2229 0.1388
v  43.3952 7.1793 0.5076
v  43.7810 7.1350 0.8271
v  33.3069 8.6934 -9.0677
v  32.8827 8.6784 -9.2597
v  33.3068 8.9225 -7.5177
v  33.3064 9.1363 -5.9026
v  34.0922 9.5876 -3.4748
v  34.4594 9.6399 -3.3270
v  34.4596 9.5388 -3.7884
v  34.0928 9.4838 -3.9619
v  33.3102 8.1977 -11.3676
v  33.3063 8.4788 -10.2262
v  34.0938 8.9778 -7.1994
v  33.7124 8.9495 -7.3675
v  33.7120 9.1797 -5.7499
v  34.0933 9.2238 -5.5795
v  34.0936 8.7174 -8.6632
v  33.7123 8.7035 -8.8748
v  35.8658 9.1378 -6.1421
v  34.4600 8.7308 -8.4514
v  34.4604 9.0048 -7.0311
v  34.4600 9.2651 -5.4085
v  35.8655 9.4390 -4.6060
v  37.3232 9.3140 -4.8677
v  37.3232 9.6216 -3.6455
v  37.3234 10.0128 -2.1349
v  38.8301 10.1124 -1.5700
v  38.8297 10.0212 -1.8028
v  37.3232 9.9195 -2.4210
v  38.8301 9.4645 -3.4032
v  38.8303 9.7556 -2.6074
v  38.8288 9.1054 -4.1268
v  35.8653 9.8466 -2.7112
v  35.8654 9.7473 -3.0714
v  34.4585 10.2749 -2.1216
v  35.8655 10.3962 -1.8443
v  35.8655 10.2979 -1.9018
v  34.4593 10.1387 -2.2045
v  33.7115 9.6460 -3.1113
v  33.3059 9.5860 -3.2229
v  33.3061 9.6965 -2.8781
v  33.7116 9.7574 -2.7847
v  31.9205 9.5922 -2.9274
v  32.4035 9.6494 -2.8597
v  32.4034 9.5737 -3.0486
v  34.4597 9.7593 -2.8710
v  35.8655 9.9629 -2.3581
v  39.9671 10.3140 -0.7964
v  38.8298 10.3033 -1.2059
v  38.8300 10.3832 -1.1162
v  39.9666 10.3856 -0.7082
v  39.9642 10.5874 -0.4848
v  40.6063 10.5533 -0.2338
v  40.6069 10.4618 -0.3432
v  39.9658 10.4884 -0.5967
v  37.3233 10.2217 -1.6897
v  37.3233 10.3115 -1.5878
v  39.9692 10.1298 -1.1043
v  38.8297 10.2158 -1.3432
v  39.9675 10.2330 -0.9158
v  37.3231 10.1215 -1.8559
v  35.8656 10.0704 -2.1474
v  35.8656 10.1320 -2.0551
v  37.3241 10.4653 -1.4823
v  35.8656 10.5034 -1.7918
v  37.3245 10.6186 -1.3778
v  38.8306 10.5053 -1.0093
v  38.8309 10.6255 -0.9006
v  34.4579 10.4275 -2.0664
v  33.7120 10.9935 -1.7017
v  33.3067 11.0030 -1.7465
v  33.3071 11.0947 -1.4860
v  33.7125 11.0815 -1.4602
v  35.8660 10.7958 -1.6039
v  34.4589 10.8276 -1.8533
v  34.4594 10.9087 -1.7397
v  35.8662 10.8643 -1.5198
v  37.3245 10.7576 -1.2585
v  37.3243 10.8698 -1.1196
v  38.8308 10.8268 -0.6531
v  38.8309 10.7350 -0.7827
v  39.9644 10.6842 -0.3736
v  39.9637 10.7662 -0.2512
v  37.3240 10.9719 -0.9240
v  35.8662 11.0219 -1.2137
v  35.8665 11.2415 -0.0693
v  37.3241 11.1944 0.0754
v  38.8304 10.9173 -0.4777
v  39.9513 9.1344 -2.8963
v  39.9523 9.4893 -2.3670
v  39.9638 9.7743 -1.8366
v  39.9707 10.0313 -1.2975
v  41.3061 10.2568 -0.2364
v  40.6083 10.2981 -0.5422
v  40.6075 10.3673 -0.4546
v  41.3045 10.3238 -0.1560
v  41.3017 10.4105 -0.0519
v  41.2987 10.4944 0.0516
v  41.2956 10.5740 0.1552
v  40.6064 10.6408 -0.1253
v  40.6063 10.7174 -0.0090
v  41.2933 10.6471 0.2629
v  21.0089 1.8917 -14.4155
v  21.0089 3.0072 -14.4151
v  23.0005 3.0003 -14.3602
v  23.0005 1.8883 -14.3601
v  21.0083 4.1265 -14.4155
v  21.0086 5.2442 -14.4135
v  23.0003 5.2348 -14.3579
v  22.9999 4.1182 -14.3606
v  21.0093 6.3049 -14.3500
v  23.0011 6.2919 -14.2963
v  12.8644 1.8922 -14.6425
v  10.8225 1.8867 -14.6998
v  12.8635 4.1494 -14.6430
v  12.8644 5.2850 -14.6443
v  14.9167 5.2777 -14.5866
v  14.9159 4.1481 -14.5848
v  12.8659 6.3575 -14.5365
v  12.8644 7.2757 -14.0431
v  14.9167 7.2592 -14.0117
v  14.9180 6.3435 -14.4887
v  12.8635 7.8542 -13.3387
v  12.8644 8.2820 -12.4623
v  14.9170 8.2444 -12.4450
v  14.9159 7.8298 -13.3157
v  27.0012 8.0515 -12.1838
v  29.0198 8.4841 -9.7996
v  2.6888 10.2200 -5.6513
v  31.4409 9.1279 -4.8462
v  31.9206 9.1855 -4.7312
v  33.3059 9.3696 -4.2905
v  33.7115 9.4267 -4.1350
v  43.3958 4.0091 0.3920
v  43.8648 1.9149 0.7634
v  43.8551 3.0535 0.7663
v  44.3670 3.0615 1.0488
v  44.3784 1.9188 1.0483
v  43.0279 4.0167 -0.0664
v  23.0006 8.3792 -10.2584
v  30.9614 8.5949 -9.5274
v  31.4409 8.6206 -9.4638
v  32.4039 8.6664 -9.3347
v  31.9209 8.6448 -9.3999
v  18.9890 8.3839 -11.3466
v  27.0012 11.3155 -0.3861
v  29.0200 11.1402 -1.7333
v  27.0011 11.1308 -1.8475
v  44.0999 7.6702 1.0494
v  44.1614 7.0881 1.0509
v  43.7536 7.7287 0.8458
v  42.5074 7.3008 -0.6348
v  43.6903 9.0468 0.9900
v  43.7035 8.7835 0.9386
v  43.1032 8.6748 0.4350
v  43.3952 8.5943 0.6793
v  43.4009 8.1919 0.6104
v  43.4038 9.3434 0.8572
v  43.1145 9.5612 0.7047
v  42.5475 9.4141 0.1153
v  41.9824 9.5617 -0.3818
v  42.5388 9.1200 -0.0242
v  41.9753 9.2717 -0.5771
v  42.5306 8.8065 -0.1601
v  41.9744 8.9440 -0.7692
v  43.1148 9.9079 0.8342
v  43.8580 8.8328 1.0437
v  6.7738 10.4545 -2.8638
v  6.7736 10.4208 -3.0192
v  27.0007 10.1206 -2.8546
v  29.0194 9.6520 -2.8434
v  29.0199 11.0383 -2.0671
v  27.0010 11.0182 -2.2166
v  24.9920 11.3213 -0.4080
v  24.9918 11.1437 -1.8913
v  29.0199 10.6053 -2.6060
v  27.0008 10.6112 -2.7366
v  29.0198 10.8042 -2.4643
v  35.8667 11.4510 1.0260
v  34.3688 11.2732 -0.1618
v  34.2779 11.4671 1.0259
v  42.5709 10.4649 0.8284
v  42.5631 10.3846 0.7476
v  41.9719 10.4457 0.4123
v  41.9719 10.5789 0.5981
v  32.1632 11.4894 1.0258
v  32.0422 11.3107 -0.2475
v  31.3216 11.3160 -0.2617
v  31.9206 10.6671 -2.3144
v  31.4407 10.6588 -2.3704
v  31.4408 10.8252 -2.2469
v  29.0198 10.9388 -2.2834
v  30.9614 10.9402 -2.1426
v  30.9613 10.8213 -2.2986
v  33.7119 9.8277 -2.6261
v  34.0932 9.8856 -2.5378
v  34.0930 9.8165 -2.6852
v  33.7101 10.3691 -2.1906
v  34.0914 10.3980 -2.1276
v  34.0920 10.2348 -2.1838
v  33.7108 10.1949 -2.2462
v  34.1861 11.2787 -0.1771
v  32.8832 11.3016 -0.2183
v  32.8829 11.1083 -1.5119
v  32.8818 9.5227 -3.3334
v  32.4033 9.4600 -3.4280
v  32.8820 9.6334 -2.9706
v  31.4402 9.2219 -4.2223
v  31.4409 10.9398 -2.0956
v  32.8826 11.0122 -1.7909
v  32.4039 11.0175 -1.8337
v  32.4042 11.1172 -1.5412
v  34.0929 9.7051 -2.9922
v  34.4599 9.8710 -2.5830
v  33.3051 9.4707 -3.7545
v  31.4405 9.5384 -2.9908
v  32.8822 9.9370 -2.4679
v  32.4035 9.8936 -2.5256
v  32.4032 10.0779 -2.4221
v  32.8817 10.1108 -2.3645
v  34.4598 10.9777 -1.6135
v  34.0933 10.9855 -1.6576
v  34.0942 11.0704 -1.4293
v  34.4595 11.0594 -1.3986
v  32.8823 10.9326 -1.9499
v  33.3063 10.9251 -1.8967
v  33.3059 10.8283 -2.0273
v  32.8820 10.8307 -2.0871
v  32.8835 11.4821 1.0258
v  32.2837 11.3067 -0.2330
v  31.4413 11.1310 -1.5983
v  30.9618 11.1357 -1.6259
v  32.8817 10.6837 -2.2001
v  32.4033 10.6757 -2.2580
v  31.4406 10.2355 -2.4824
v  31.4406 10.0132 -2.5327
v  32.8821 9.7068 -2.7903
v  33.3063 9.7681 -2.7089
v  34.0928 10.0892 -2.2736
v  32.8814 10.3077 -2.3094
v  33.3052 10.3383 -2.2491
v  33.3057 10.1528 -2.3050
v  34.4582 10.7150 -1.9500
v  34.0919 10.7070 -2.0114
v  34.0925 10.8276 -1.9111
v  31.9201 9.2808 -4.1231
v  33.7109 9.5274 -3.6206
v  6.7752 10.6190 -2.2470
v  6.7746 10.5710 -2.4015
v  0.6144 10.9560 -1.5669
v  0.6145 10.9949 -1.3163
v  14.9160 10.0610 -3.2255
v  14.9167 9.9850 -3.4105
v  12.8643 10.1438 -3.3109
v  12.8643 10.2033 -3.1336
v  10.8191 10.3123 -3.0124
v  10.8192 10.2631 -3.1807
v  8.7806 10.3718 -2.9768
v  8.7806 10.4163 -2.8175
v  18.9881 9.7671 -3.2599
v  18.9879 9.6086 -3.4388
v  16.9691 9.7939 -3.4468
v  16.9691 9.9045 -3.2616
v  22.9996 9.3637 -3.3108
v  21.0088 9.4617 -3.3889
v  21.0088 9.6686 -3.2303
v  23.0003 9.5917 -3.1670
v  24.9913 9.3351 -3.2037
v  27.0004 9.3751 -3.0959
v  27.0004 9.2193 -3.3041
v  24.9913 9.1728 -3.4089
v  30.9610 9.6021 -2.8509
v  29.0192 9.4572 -3.0026
v  30.9611 9.7697 -2.6882
v  34.4598 10.0267 -2.3164
v  35.8655 10.2087 -1.9728
v  34.4599 9.9396 -2.4465
v  32.4035 9.7501 -2.6780
v  31.9205 9.6986 -2.7386
v  31.9206 9.8512 -2.5831
v  6.7744 10.5312 -2.5553
v  6.7741 10.4914 -2.7092
v  4.7802 10.6358 -2.3696
v  4.7802 10.6693 -2.2217
v  34.0932 9.9723 -2.3955
v  33.7120 9.9170 -2.4729
v  33.7117 10.0396 -2.3414
v  31.4406 9.6496 -2.7954
v  31.4407 9.8097 -2.6361
v  32.8823 9.8023 -2.6160
v  33.3065 9.8603 -2.5450
v  33.3064 9.9886 -2.4050
v  8.7806 10.3280 -3.1371
v  27.0004 9.1102 -3.5292
v  24.9913 9.0601 -3.6331
v  12.8643 10.2724 -2.9606
v  10.8191 10.3681 -2.8458
v  8.7806 10.4631 -2.6587
v  31.9204 10.0458 -2.4798
v  2.6896 10.9379 -1.2681
v  0.6145 11.0292 -1.0977
v  0.6146 11.0679 -0.8895
v  10.8192 10.4345 -2.6733
v  10.8197 10.5210 -2.5120
v  12.8643 10.4915 -2.6441
v  12.8644 10.3653 -2.7898
v  14.9158 10.6436 -2.6751
v  14.9160 10.4605 -2.7743
v  12.8643 10.6440 -2.5252
v  30.9612 10.4449 -2.4948
v  29.0198 10.3673 -2.6803
v  30.9613 10.6492 -2.4246
v  23.0006 10.3907 -3.0018
v  21.0088 10.4271 -3.0106
v  21.0089 10.6529 -2.9235
v  23.0006 10.6208 -2.9179
v  18.9888 10.4378 -2.9666
v  16.9691 10.4455 -2.8842
v  16.9691 10.6489 -2.7964
v  18.9886 10.6556 -2.8817
v  35.8658 10.6099 -1.7380
v  35.8659 10.7084 -1.6783
v  34.4578 10.5800 -2.0150
v  27.0007 10.3843 -2.8178
v  24.9915 10.3648 -2.9334
v  24.9916 10.5954 -2.8533
v  31.4407 10.4608 -2.4398
v  31.9204 10.4760 -2.3826
v  31.9203 10.2599 -2.4294
v  34.0918 10.5618 -2.0770
v  33.7099 10.5412 -2.1324
v  33.7106 10.6985 -2.0724
v  32.4031 10.4919 -2.3250
v  32.8813 10.5078 -2.2655
v  32.4030 10.2835 -2.3691
v  33.3049 10.5244 -2.1976
v  33.3053 10.6908 -2.1353
v  6.7764 10.7207 -1.9392
v  6.7757 10.6681 -2.0924
v  4.7801 10.7755 -1.7877
v  4.7801 10.8132 -1.6462
v  4.7804 10.9703 -1.2321
v  4.7802 10.9055 -1.3660
v  6.7783 10.9578 -1.5181
v  10.8199 10.8964 -2.1140
v  12.8643 10.9388 -2.2791
v  14.9153 10.9461 -2.4223
v  16.9691 11.0287 -2.3353
v  16.9691 10.9454 -2.5208
v  18.9888 11.0342 -2.3776
v  23.0010 11.0227 -2.3839
v  21.0090 11.0391 -2.3840
v  23.0010 11.1515 -1.9321
v  24.9917 11.0089 -2.3349
v  31.9209 11.0222 -1.8760
v  31.9212 11.1253 -1.5702
v  33.7117 10.9184 -1.8439
v  35.8662 10.9237 -1.4275
v  39.9624 10.8525 -0.0895
v  40.6057 10.8023 0.1424
v  41.2920 10.7338 0.4016
v  30.9615 11.0299 -1.9595
v  31.4410 11.0267 -1.9184
v  34.0929 10.9134 -1.7918
v  0.6144 10.8796 -2.0852
v  0.6144 10.9289 -1.7514
v  8.7806 10.2901 -3.2993
v  4.7801 10.8543 -1.5057
v  12.8643 10.8017 -2.4088
v  14.9154 10.8175 -2.5635
v  16.9691 10.8279 -2.6772
v  33.7112 10.8273 -1.9689
v  24.9921 11.4932 1.0256
v  24.9919 8.0265 -12.2909
v  18.9890 8.1146 -12.3980
v  16.9691 8.6894 -10.2613
v  16.9691 8.1878 -12.4210
v  16.9689 8.4802 -11.3523
v  14.9167 -0.0000 -14.5851
v  10.8223 8.3055 -12.4788
v  8.7886 -0.0000 -14.7563
v  8.7807 1.8885 -14.7575
v  8.7806 10.5176 -2.4945
v  8.7806 10.5807 -2.3337
v  8.7807 8.3389 -12.4777
v  0.6147 4.2569 -14.9425
v  0.6147 2.9766 -14.9808
v  0.6144 10.7238 -3.1581
v  0.6144 10.8014 -2.6219
v  0.6147 11.3443 0.3221
v  0.6146 10.4015 -5.3210
v  38.8118 6.8527 -5.7893
v  39.9744 6.8439 -4.3496
v  43.3983 7.7870 0.5592
v  42.5023 6.6639 -0.7419
v  41.9766 8.4876 -1.0060
v  41.9784 6.7278 -1.5758
v  12.8644 3.0090 -14.6426
v  41.9749 7.3814 -1.4230
v  41.9773 8.0154 -1.2090
v  4.7799 -0.0000 -14.8680
v  16.9690 -0.0000 -14.5278
v  18.9892 -0.0000 -14.4713
v  27.0005 -0.0000 -14.2476
v  32.4046 -0.0000 -14.0908
v  31.9213 -0.0000 -14.1104
v  32.8888 -0.0000 -14.0453
v  33.8793 -0.0000 -13.7281
v  37.2807 -0.0000 -8.1905
v  39.9711 -0.0000 -4.7645
v  41.3489 -0.0000 -2.9713
v  42.5024 -0.0000 -1.0416
v  23.0263 -0.0000 -14.3586
v  43.8724 -0.0000 0.7631
v  41.9896 -0.0000 -1.9680
v  18.9893 11.4934 1.0256
v  2.6974 11.4893 1.0279
v  4.7800 11.4903 1.0260
v  6.7803 11.4914 1.0259
v  8.7806 11.4921 1.0258
v  10.8225 11.4926 1.0257
v  12.8644 11.4929 1.0257
v  14.9167 11.4931 1.0256
v  16.9691 11.4933 1.0256
v  37.3239 11.3853 1.0263
v  27.0012 11.4930 1.0257
v  0.6146 11.4945 1.0244
v  -11.1200 13.2602 1.4920
v  -11.0853 13.4547 1.4941
v  -4.2127 13.4513 1.4890
v  -4.2126 13.2352 1.4803
v  -11.5830 13.2589 1.2138
v  -11.5828 8.3858 1.2138
v  -11.6243 8.3858 0.0244
v  -11.6243 13.3023 0.0244
v  37.3242 13.7896 0.0244
v  38.8308 13.7896 0.0244
v  38.8309 13.7482 1.2138
v  37.3243 13.7482 1.2138
v  40.6047 13.7482 1.2138
v  40.6045 13.7896 0.0244
v  41.2975 13.7896 0.0244
v  41.2976 13.7482 1.2138
v  47.4098 5.7373 1.2138
v  47.4510 5.7373 0.0244
v  47.4511 4.9578 0.0244
v  47.4098 4.9579 1.2138
v  -11.3109 13.7119 1.2138
v  -11.3481 13.7518 0.0244
v  -11.1871 13.7896 0.0244
v  -11.1435 13.7482 1.2138
v  -11.5936 13.5198 0.0244
v  -11.5497 13.4917 1.2138
v  -11.5830 13.3089 1.2138
v  -11.6242 13.3522 0.0244
v  -11.4963 13.6580 0.0244
v  -11.4534 13.6232 1.2138
v  47.4512 8.4307 0.0244
v  47.4511 8.0538 0.0244
v  47.4098 8.0539 1.2138
v  47.4098 8.4307 1.2138
v  47.3253 13.6580 0.0244
v  47.4120 13.5197 0.0244
v  47.3760 13.4917 1.2138
v  47.2958 13.6232 1.2138
v  -11.0935 13.7482 1.2138
v  -11.1374 13.7896 0.0244
v  -4.2126 13.7896 0.0244
v  -4.2126 13.7482 1.2138
v  -11.6243 4.1691 0.0244
v  -11.6243 5.9633 0.0244
v  -11.5828 5.9634 1.2138
v  -11.5828 4.1691 1.2138
v  46.9177 13.7482 1.2138
v  46.9184 13.7896 0.0244
v  47.0581 13.7896 0.0244
v  47.0471 13.7482 1.2138
v  47.2005 13.7518 0.0244
v  47.1796 13.7119 1.2138
v  47.4075 13.3707 1.2138
v  47.4476 13.3808 0.0244
v  47.4521 13.2394 0.0244
v  47.4110 13.2394 1.2138
v  -11.5074 8.3858 1.4282
v  -11.5570 8.3858 1.3599
v  -11.5566 13.2494 1.3599
v  -11.5070 13.2494 1.4282
v  -11.5246 13.4812 1.3599
v  -11.4780 13.4617 1.4282
v  -11.5071 13.2996 1.4282
v  -11.5568 13.2996 1.3599
v  -11.4338 13.6045 1.3599
v  -11.3981 13.5694 1.4282
v  -11.3002 13.6879 1.3599
v  -11.2810 13.6424 1.4282
v  -11.1356 13.7221 1.3599
v  -11.1356 13.6714 1.4282
v  -11.0853 13.6714 1.4279
v  -11.0853 13.7221 1.3600
v  -4.2126 13.7221 1.3599
v  -4.2126 13.6714 1.4282
v  0.6146 13.7221 1.3599
v  0.6146 13.6714 1.4282
v  -1.5250 13.6714 1.4282
v  -1.5250 13.7221 1.3599
v  40.6047 13.7221 1.3599
v  41.2976 13.7221 1.3599
v  41.2976 13.6714 1.4282
v  40.6047 13.6714 1.4282
v  47.0352 13.6714 1.4282
v  46.9162 13.6714 1.4282
v  46.9172 13.7221 1.3599
v  47.0431 13.7221 1.3599
v  47.1686 13.6879 1.3599
v  47.1469 13.6423 1.4282
v  47.2774 13.6045 1.3599
v  47.2418 13.5694 1.4282
v  47.3526 13.4812 1.3599
v  47.3072 13.4617 1.4282
v  47.3813 13.3668 1.3599
v  47.3324 13.3599 1.4282
v  47.3849 13.2389 1.3599
v  47.3351 13.2380 1.4282
v  47.3350 13.1880 1.4282
v  47.3849 13.1889 1.3599
v  47.3829 10.6139 1.3599
v  47.3318 10.6138 1.4282
v  47.3830 4.9579 1.3599
v  47.3830 4.0100 1.3599
v  47.3317 4.0100 1.4282
v  47.3317 4.9579 1.4282
v  -11.5572 2.3824 1.3599
v  -11.5571 4.1691 1.3599
v  -11.5075 4.1691 1.4282
v  -11.5077 2.3824 1.4282
v  0.6146 13.2352 1.4803
v  -1.5250 13.2352 1.4803
v  -1.5251 13.4513 1.4887
v  0.6146 13.4513 1.4887
v  -11.2908 4.1691 1.4946
v  -11.1179 4.1691 1.4914
v  -11.1178 2.3823 1.4914
v  -11.2912 2.3824 1.4946
v  44.7462 13.7482 1.2138
v  44.7462 13.7896 0.0244
v  46.8684 13.7896 0.0244
v  46.8677 13.7482 1.2138
v  44.7461 13.6714 1.4282
v  44.7462 13.7221 1.3599
v  46.8672 13.7221 1.3599
v  46.8662 13.6714 1.4282
v  47.4517 10.2690 0.0244
v  47.4515 9.9240 0.0244
v  47.4098 9.9240 1.2138
v  47.4098 10.2690 1.2138
v  47.3830 9.9240 1.3599
v  47.3830 8.8075 1.3599
v  47.3317 8.8075 1.4282
v  47.3318 9.9240 1.4282
v  41.2976 13.2348 1.4803
v  40.6047 13.2348 1.4803
v  40.6047 13.4513 1.4887
v  41.2976 13.4513 1.4888
v  47.1102 8.8076 1.4852
v  46.9122 8.8075 1.4750
v  46.9122 9.9240 1.4760
v  47.1109 9.9240 1.4855
v  46.9123 4.9579 1.4749
v  46.9123 5.7374 1.4749
v  47.1100 5.7374 1.4851
v  47.1100 4.9579 1.4851
v  41.9795 13.7482 1.2138
v  41.9795 13.7896 0.0244
v  43.7155 13.7896 0.0244
v  43.7155 13.7482 1.2138
v  41.9795 13.7221 1.3599
v  43.7155 13.7221 1.3599
v  43.7155 13.6714 1.4282
v  41.9795 13.6714 1.4282
v  43.7155 13.2348 1.4811
v  41.9795 13.2348 1.4804
v  41.9795 13.4513 1.4888
v  43.7155 13.4520 1.4892
v  47.4513 8.8075 0.0244
v  47.4098 8.8075 1.2138
v  47.3830 8.0539 1.3599
v  47.3317 8.0539 1.4282
v  47.3317 8.4307 1.4282
v  47.3830 8.4307 1.3599
v  46.9122 8.0539 1.4749
v  46.9122 8.4307 1.4750
v  47.1101 8.4307 1.4851
v  47.1100 8.0540 1.4851
v  44.2309 13.7896 0.0244
v  44.2309 13.7482 1.2138
v  44.2308 13.7221 1.3599
v  44.2308 13.6714 1.4282
v  44.2308 13.2347 1.4817
v  44.2309 13.4521 1.4895
v  46.9125 10.6125 1.4768
v  46.9123 10.2689 1.4761
v  45.9404 10.3004 1.4317
v  45.8417 10.6802 1.4315
v  47.3829 10.2689 1.3599
v  47.3316 10.2689 1.4282
v  47.4521 13.1894 0.0244
v  47.4518 10.6139 0.0244
v  47.4097 10.6139 1.2138
v  47.4110 13.1894 1.2138
v  45.6685 11.0443 1.4296
v  46.9134 13.2359 1.4870
v  47.1106 10.2690 1.4857
v  44.7461 13.2348 1.4822
v  44.7462 13.4524 1.4899
v  46.0590 8.8075 1.4316
v  45.9969 9.9452 1.4318
v  46.0635 8.0539 1.4315
v  46.0611 8.4307 1.4315
v  47.1106 10.6140 1.4863
v  47.1161 13.3346 1.4922
v  47.1058 13.3913 1.4929
v  37.3243 13.2349 1.4803
v  38.8309 13.2349 1.4803
v  38.8309 12.0905 1.4356
v  37.3243 12.0905 1.4356
v  41.2976 12.0785 1.4351
v  40.6065 12.0847 1.4353
v  43.7372 11.9798 1.4342
v  41.9795 12.0732 1.4351
v  44.2760 11.8904 1.4333
v  46.8639 13.4562 1.4918
v  44.8184 11.7282 1.4318
v  47.1169 13.1859 1.4906
v  45.4425 11.3367 1.4291
v  45.1507 11.5695 1.4303
v  -11.2906 8.3858 1.4947
v  -11.2897 13.2493 1.4937
v  -11.1181 8.3858 1.4914
v  -11.1973 13.4415 1.4949
v  -11.1356 13.4547 1.4941
v  -11.2897 13.2996 1.4937
v  -11.2761 13.3626 1.4946
v  -11.2435 13.4100 1.4949
v  46.9124 3.0620 1.4749
v  46.9124 1.9192 1.4749
v  46.0659 1.9192 1.4314
v  46.0659 3.0620 1.4314
v  39.9586 11.5360 1.3321
v  39.9598 11.7026 1.3975
v  40.6035 11.6852 1.3987
v  40.6016 11.5030 1.3360
v  45.3869 8.4133 1.3911
v  45.4054 8.0450 1.3907
v  44.9518 8.0357 1.3359
v  44.9167 8.3954 1.3382
v  45.4801 4.9578 1.3883
v  45.4869 4.0100 1.3861
v  45.1156 4.0099 1.3178
v  45.1016 4.9576 1.3229
v  -1.5250 13.7896 0.0244
v  0.6146 13.7896 0.0244
v  0.6146 13.7482 1.2138
v  -1.5251 13.7482 1.2138
v  6.7804 13.7221 1.3599
v  6.7804 13.6714 1.4282
v  4.7801 13.6714 1.4282
v  4.7801 13.7221 1.3599
v  6.7805 13.2351 1.4803
v  4.7802 13.2351 1.4803
v  4.7801 13.4513 1.4887
v  6.7804 13.4513 1.4887
v  6.7803 11.7482 1.3891
v  6.7803 11.6371 1.3156
v  4.7800 11.6371 1.3157
v  4.7800 11.7482 1.3891
v  4.7802 13.7896 0.0244
v  6.7805 13.7896 0.0244
v  6.7804 13.7482 1.2138
v  4.7801 13.7482 1.2138
v  6.7803 12.0905 1.4356
v  4.7800 12.0905 1.4356
v  12.8644 13.7221 1.3599
v  12.8643 13.6714 1.4282
v  10.8225 13.6714 1.4282
v  10.8225 13.7221 1.3599
v  12.8644 13.2351 1.4803
v  10.8226 13.2351 1.4803
v  10.8225 13.4513 1.4887
v  12.8643 13.4513 1.4887
v  12.8643 11.7482 1.3891
v  12.8643 11.6372 1.3156
v  10.8225 11.6372 1.3156
v  10.8225 11.7482 1.3891
v  10.8227 13.7896 0.0244
v  12.8645 13.7896 0.0244
v  12.8644 13.7482 1.2138
v  10.8226 13.7482 1.2138
v  12.8643 12.0905 1.4356
v  10.8225 12.0905 1.4356
v  18.9893 13.7221 1.3599
v  18.9893 13.6714 1.4282
v  16.9690 13.6714 1.4282
v  16.9691 13.7221 1.3599
v  18.9893 13.2350 1.4803
v  16.9691 13.2350 1.4803
v  16.9690 13.4513 1.4887
v  18.9893 13.4513 1.4887
v  18.9893 11.7481 1.3893
v  18.9893 11.6378 1.3150
v  16.9691 11.6375 1.3152
v  16.9691 11.7482 1.3892
v  16.9692 13.7896 0.0244
v  18.9893 13.7896 0.0244
v  18.9893 13.7482 1.2138
v  16.9691 13.7482 1.2138
v  18.9893 12.0905 1.4356
v  16.9691 12.0905 1.4356
v  24.9922 13.7221 1.3599
v  24.9922 13.6714 1.4282
v  23.0008 13.6714 1.4282
v  23.0008 13.7221 1.3599
v  24.9922 13.2350 1.4803
v  23.0008 13.2350 1.4803
v  23.0008 13.4513 1.4887
v  24.9922 13.4513 1.4887
v  24.9921 11.7482 1.3892
v  24.9921 11.6376 1.3153
v  23.0008 11.6378 1.3150
v  23.0008 11.7481 1.3893
v  23.0008 13.7896 0.0244
v  24.9921 13.7896 0.0244
v  24.9922 13.7482 1.2138
v  23.0008 13.7482 1.2138
v  24.9921 12.0905 1.4356
v  23.0008 12.0905 1.4356
v  31.2020 13.7221 1.3599
v  31.2020 13.6714 1.4282
v  29.0202 13.6714 1.4282
v  29.0202 13.7221 1.3599
v  31.2020 13.2349 1.4803
v  29.0202 13.2349 1.4803
v  29.0202 13.4513 1.4887
v  31.2020 13.4513 1.4887
v  31.2020 11.7487 1.3897
v  31.2020 11.6386 1.3154
v  29.0201 11.6380 1.3155
v  29.0201 11.7485 1.3894
v  29.0200 13.7896 0.0244
v  31.2020 13.7896 0.0244
v  31.2020 13.7482 1.2138
v  29.0202 13.7482 1.2138
v  31.2020 12.0905 1.4356
v  29.0202 12.0905 1.4356
v  34.2780 13.7221 1.3599
v  35.8668 13.7221 1.3599
v  35.8668 13.6714 1.4282
v  34.2780 13.6714 1.4282
v  33.5106 13.2349 1.4803
v  32.8835 13.2349 1.4803
v  32.8835 13.4513 1.4887
v  33.5106 13.4513 1.4887
v  34.2780 11.7479 1.3921
v  35.8668 11.7472 1.3936
v  35.8668 11.6228 1.3194
v  34.2780 11.6292 1.3178
v  34.2780 13.7896 0.0244
v  35.8668 13.7896 0.0244
v  35.8668 13.7482 1.2138
v  34.2780 13.7482 1.2138
v  34.2780 13.2349 1.4803
v  35.8668 13.2349 1.4803
v  35.8668 12.0905 1.4356
v  34.2780 12.0905 1.4356
v  38.8309 13.7221 1.3599
v  38.8309 13.6714 1.4282
v  37.3243 13.6714 1.4282
v  37.3243 13.7221 1.3599
v  37.3243 13.4513 1.4887
v  38.8309 13.4513 1.4887
v  38.8304 11.7149 1.3964
v  38.8296 11.5599 1.3286
v  37.3237 11.5919 1.3239
v  37.3240 11.7314 1.3950
v  47.4098 1.9192 1.2138
v  47.4511 1.9192 0.0244
v  47.4098 4.0100 1.2138
v  47.4511 4.0100 0.0244
v  47.4511 3.0619 0.0244
v  47.4098 3.0619 1.2138
v  47.4510 7.0925 0.0244
v  47.4510 6.5156 0.0244
v  47.4098 6.5157 1.2138
v  47.4098 7.0926 1.2138
v  47.3830 1.9192 1.3599
v  47.3830 -0.0000 1.3599
v  47.3316 -0.0000 1.4282
v  47.3317 1.9192 1.4282
v  47.3830 3.0619 1.3599
v  47.3317 3.0619 1.4282
v  47.2589 7.0926 1.4711
v  47.3317 7.0926 1.4282
v  47.3317 6.5157 1.4282
v  47.2589 6.5157 1.4711
v  46.9124 -0.0000 1.4749
v  47.1100 1.9192 1.4851
v  46.9123 4.0100 1.4749
v  47.1100 4.0101 1.4851
v  47.1100 3.0620 1.4851
v  47.1099 7.0926 1.4851
v  47.1100 6.5157 1.4851
v  46.9122 6.5157 1.4749
v  46.9122 7.0926 1.4749
v  46.0659 6.5157 1.4314
v  46.0659 7.0926 1.4314
v  46.0659 4.0101 1.4314
v  46.0659 4.9579 1.4314
v  45.4908 3.0622 1.3843
v  45.4945 1.9197 1.3822
v  45.1290 1.9201 1.3097
v  45.1226 3.0623 1.3140
v  44.6519 6.5148 1.2279
v  44.6054 7.0914 1.2314
v  45.0180 7.0916 1.3316
v  45.0487 6.5149 1.3297
v  -11.6243 1.1912 0.0244
v  -11.5828 1.1912 1.2138
v  -11.6243 2.3824 0.0244
v  -11.5828 2.3824 1.2138
v  -11.6243 7.1571 0.0244
v  -11.5828 7.1571 1.2138
v  -11.5570 7.1571 1.3599
v  -11.5074 7.1571 1.4282
v  -11.5570 5.9634 1.3599
v  -11.5074 5.9634 1.4282
v  -11.5082 1.1912 1.4282
v  -11.4381 1.1912 1.4762
v  -11.4394 0.0000 1.4756
v  -11.5088 0.0000 1.4282
v  -11.1181 7.1571 1.4914
v  -11.1180 5.9634 1.4914
v  -11.2905 5.9634 1.4946
v  -11.2904 7.1571 1.4946
v  -11.1177 0.0000 1.4914
v  -11.2947 0.0000 1.4946
v  -11.2926 1.1911 1.4946
v  -11.1178 1.1912 1.4914
v  42.8927 10.9289 1.2705
v  41.9742 11.1471 1.2346
v  41.9754 11.3759 1.3338
v  43.1663 11.2031 1.3555
v  45.1863 10.1230 1.4007
v  45.3684 8.7816 1.3915
v  44.8815 8.7551 1.3406
v  44.6486 9.8539 1.3568
v  44.3328 10.4526 1.3643
v  44.8497 10.8007 1.4073
v  43.4411 11.4871 1.4064
v  44.1643 11.2732 1.4079
v  43.8309 10.9175 1.3627
v  39.9604 13.7896 0.0244
v  39.9606 13.7482 1.2138
v  40.6047 13.5994 1.4737
v  39.9606 13.5994 1.4737
v  39.9606 13.6714 1.4282
v  39.9606 13.4513 1.4887
v  39.9606 13.2348 1.4803
v  39.9624 12.0905 1.4356
v  41.2938 11.4530 1.3345
v  41.2962 11.6587 1.3969
v  41.9778 11.6179 1.3978
v  40.6010 11.3407 1.2349
v  40.6046 11.2085 1.0752
v  39.9606 11.2796 1.0753
v  39.9580 11.3895 1.2289
v  39.9606 11.8906 1.4278
v  40.6047 11.8849 1.4275
v  44.4547 8.3782 1.2401
v  44.5065 8.0269 1.2376
v  44.0864 8.0214 1.0741
v  44.0088 8.3737 1.0738
v  45.8614 8.4307 1.4213
v  45.8637 8.0539 1.4213
v  44.3981 4.0102 1.0736
v  44.3707 4.9580 1.0765
v  44.7320 4.9575 1.2176
v  44.7533 4.0099 1.2110
v  45.8661 4.9579 1.4212
v  45.4745 5.7372 1.3900
v  45.8661 5.7374 1.4212
v  4.7800 11.5510 1.2145
v  6.7803 11.5510 1.2144
v  6.7803 11.4991 1.0753
v  4.7800 11.4991 1.0753
v  4.7800 11.8906 1.4278
v  6.7803 11.8906 1.4278
v  10.8225 11.5511 1.2144
v  12.8643 11.5511 1.2144
v  12.8644 11.4991 1.0753
v  10.8225 11.4991 1.0753
v  10.8225 11.8906 1.4278
v  12.8643 11.8906 1.4278
v  16.9691 11.5510 1.2145
v  18.9893 11.5509 1.2146
v  18.9893 11.4992 1.0753
v  16.9691 11.4992 1.0753
v  16.9691 11.8906 1.4278
v  18.9893 11.8906 1.4278
v  23.0008 11.5509 1.2146
v  24.9921 11.5510 1.2146
v  24.9921 11.4991 1.0753
v  23.0008 11.4990 1.0753
v  23.0008 11.8906 1.4278
v  24.9921 11.8906 1.4278
v  29.0201 11.5512 1.2149
v  31.2020 11.5512 1.2153
v  31.2020 11.4991 1.0753
v  29.0201 11.4991 1.0753
v  29.0202 11.8906 1.4278
v  31.2020 11.8906 1.4278
v  34.2780 11.4752 1.0753
v  34.2780 11.5339 1.2146
v  35.8668 11.5221 1.2141
v  35.8668 11.4601 1.0752
v  32.8835 11.7484 1.3907
v  32.8835 11.8906 1.4278
v  33.5106 11.8906 1.4278
v  33.5106 11.7481 1.3913
v  38.8292 11.4261 1.2248
v  38.8309 11.3291 1.0753
v  37.3243 11.3952 1.0753
v  37.3234 11.4749 1.2194
v  37.3243 11.8906 1.4278
v  38.8309 11.8906 1.4278
v  45.4957 -0.0000 1.3802
v  45.8661 1.9192 1.4212
v  44.4108 3.0620 1.0729
v  44.7627 3.0621 1.2084
v  44.7709 1.9197 1.2062
v  44.4221 1.9192 1.0725
v  45.8661 3.0620 1.4212
v  45.8661 4.0101 1.4212
v  45.8661 7.0926 1.4212
v  45.8661 6.5157 1.4212
v  45.4542 6.5155 1.3902
v  45.4392 7.0923 1.3903
v  44.2655 6.5158 1.0774
v  44.2042 7.0927 1.0764
v  41.9795 11.8730 1.4273
v  43.7155 11.7808 1.4267
v  42.6310 10.6804 1.0753
v  41.9795 10.9393 1.0749
v  43.8975 8.8468 1.0709
v  44.4029 8.7294 1.2426
v  43.6076 9.6583 1.0744
v  44.1450 9.6985 1.2681
v  45.7980 9.9240 1.4221
v  45.8590 8.8075 1.4214
v  45.7431 10.2690 1.4225
v  43.8794 10.1579 1.2694
v  45.4972 10.9390 1.4236
v  45.6532 10.6113 1.4232
v  43.1603 10.3313 1.0753
v  43.5188 10.6046 1.2752
v  44.2309 11.6953 1.4262
v  44.7462 11.5412 1.4253
v  45.0439 11.3989 1.4249
v  41.2976 11.1021 1.0751
v  41.2928 11.2638 1.2354
v  41.2976 11.8786 1.4273
v  45.2990 11.1954 1.4242
v  -11.3406 8.3858 1.4956
v  -11.4368 8.3858 1.4767
v  -11.4368 13.2494 1.4755
v  -11.3412 13.2494 1.4942
v  -11.5811 13.2587 1.2672
v  -11.5810 8.3858 1.2672
v  -11.4122 13.4342 1.4762
v  -11.3229 13.3828 1.4952
v  -11.3392 13.2996 1.4943
v  -11.4364 13.2996 1.4757
v  -11.5811 13.3087 1.2672
v  -11.5476 13.4909 1.2672
v  -11.3477 13.5196 1.4766
v  -11.2794 13.4461 1.4956
v  -11.4517 13.6217 1.2672
v  -11.2173 13.4884 1.4956
v  -11.2541 13.5776 1.4765
v  -11.3101 13.7101 1.2672
v  -11.1356 13.5994 1.4737
v  -11.1356 13.5045 1.4951
v  -11.1433 13.7465 1.2672
v  -11.0853 13.5083 1.4948
v  -11.0853 13.5994 1.4737
v  -4.2126 13.5994 1.4737
v  -4.2127 13.5013 1.4907
v  -4.2126 13.7465 1.2672
v  -11.0933 13.7465 1.2672
v  -1.5251 13.5994 1.4737
v  0.6146 13.5994 1.4737
v  0.6146 13.5013 1.4907
v  -1.5251 13.5013 1.4907
v  -1.5251 13.7465 1.2672
v  0.6146 13.7465 1.2672
v  40.6047 13.5013 1.4907
v  41.2976 13.5994 1.4737
v  41.2976 13.5013 1.4907
v  40.6047 13.7465 1.2672
v  41.2976 13.7465 1.2672
v  47.0105 13.5051 1.4938
v  46.9139 13.5063 1.4931
v  46.9150 13.5994 1.4737
v  47.0242 13.5994 1.4737
v  46.9176 13.7465 1.2672
v  47.0469 13.7465 1.2672
v  47.0749 13.4903 1.4942
v  47.1162 13.5776 1.4765
v  47.1789 13.7101 1.2672
v  47.1210 13.4572 1.4943
v  47.1907 13.5196 1.4766
v  47.2945 13.6217 1.2672
v  47.1530 13.4109 1.4940
v  47.2422 13.4341 1.4762
v  47.3745 13.4909 1.2672
v  47.2623 13.3506 1.4739
v  47.1661 13.3393 1.4932
v  47.4058 13.3705 1.2672
v  47.2640 13.2371 1.4733
v  47.1670 13.2363 1.4920
v  47.4092 13.2394 1.2672
v  47.1669 13.1863 1.4920
v  47.2639 13.1871 1.4733
v  47.2593 10.6138 1.4716
v  47.1606 10.6139 1.4883
v  47.4080 10.6139 1.2672
v  47.4092 13.1894 1.2672
v  47.1599 4.9579 1.4876
v  47.2590 4.9579 1.4711
v  47.2590 4.0101 1.4711
v  47.1599 4.0101 1.4876
v  47.3830 5.7373 1.3599
v  47.4081 5.7373 1.2672
v  47.4081 4.9579 1.2672
v  -11.3408 4.1691 1.4956
v  -11.3412 2.3824 1.4956
v  -11.4373 2.3824 1.4765
v  -11.4370 4.1691 1.4767
v  -11.5810 4.1691 1.2672
v  -11.5810 2.3824 1.2672
v  44.7462 13.5024 1.4915
v  44.7461 13.5994 1.4737
v  46.8650 13.5994 1.4737
v  46.8638 13.5062 1.4931
v  46.8676 13.7465 1.2672
v  44.7462 13.7465 1.2672
v  47.1608 9.9240 1.4880
v  47.2594 9.9240 1.4714
v  47.2591 8.8075 1.4712
v  47.1601 8.8075 1.4877
v  47.4080 9.9240 1.2672
v  47.4080 8.8075 1.2672
v  41.9795 13.5013 1.4907
v  41.9795 13.5994 1.4737
v  43.7155 13.5994 1.4737
v  43.7155 13.5020 1.4911
v  41.9795 13.7465 1.2672
v  43.7155 13.7465 1.2672
v  47.2590 8.4307 1.4712
v  47.2590 8.0539 1.4711
v  47.1600 8.0539 1.4876
v  47.1600 8.4307 1.4877
v  47.4080 8.4307 1.2672
v  47.4081 8.0539 1.2672
v  44.2308 13.5994 1.4737
v  44.2309 13.5021 1.4913
v  44.2309 13.7465 1.2672
v  47.2592 10.2690 1.4715
v  47.1605 10.2690 1.4881
v  47.4080 10.2690 1.2672
v  4.7801 13.5994 1.4737
v  6.7804 13.5994 1.4737
v  6.7804 13.5013 1.4907
v  4.7801 13.5013 1.4907
v  4.7801 13.7465 1.2672
v  6.7804 13.7465 1.2672
v  10.8225 13.5994 1.4737
v  12.8643 13.5994 1.4737
v  12.8643 13.5013 1.4907
v  10.8225 13.5013 1.4907
v  10.8226 13.7465 1.2672
v  12.8644 13.7465 1.2672
v  16.9690 13.5994 1.4737
v  18.9893 13.5994 1.4737
v  18.9893 13.5013 1.4907
v  16.9690 13.5013 1.4907
v  16.9691 13.7465 1.2672
v  18.9893 13.7465 1.2672
v  23.0008 13.5994 1.4737
v  24.9922 13.5994 1.4737
v  24.9922 13.5013 1.4907
v  23.0008 13.5013 1.4907
v  23.0008 13.7465 1.2672
v  24.9922 13.7465 1.2672
v  29.0202 13.5994 1.4737
v  31.2020 13.5994 1.4737
v  31.2020 13.5013 1.4907
v  29.0202 13.5013 1.4907
v  29.0202 13.7465 1.2672
v  31.2020 13.7465 1.2672
v  34.2780 13.5013 1.4907
v  34.2780 13.5994 1.4737
v  35.8668 13.5994 1.4737
v  35.8668 13.5013 1.4907
v  32.8835 13.7221 1.3599
v  32.8835 13.7465 1.2672
v  33.5106 13.7465 1.2672
v  33.5106 13.7221 1.3599
v  37.3243 13.5994 1.4737
v  38.8309 13.5994 1.4737
v  38.8309 13.5013 1.4907
v  37.3243 13.5013 1.4907
v  37.3243 13.7465 1.2672
v  38.8309 13.7465 1.2672
v  47.1600 1.9192 1.4876
v  47.2590 1.9192 1.4711
v  47.1599 -0.0000 1.4876
v  47.4081 1.9192 1.2672
v  47.4080 -0.0000 1.2672
v  47.1599 3.0620 1.4876
v  47.2590 3.0620 1.4711
v  47.4081 4.0100 1.2672
v  47.4081 3.0619 1.2672
v  47.3830 7.0926 1.3599
v  47.4081 7.0926 1.2672
v  47.4081 6.5157 1.2672
v  47.3830 6.5157 1.3599
v  47.1599 6.5157 1.4876
v  47.1599 7.0926 1.4876
v  -11.3404 7.1571 1.4956
v  -11.4367 7.1571 1.4768
v  -11.5810 5.9634 1.2672
v  -11.5810 7.1571 1.2672
v  -11.4367 5.9634 1.4767
v  -11.3405 5.9634 1.4956
v  -11.5810 1.1912 1.2672
v  -11.5573 1.1912 1.3599
v  -11.5576 0.0000 1.3599
v  -11.3426 1.1912 1.4955
v  -11.3447 0.0000 1.4955
v  39.9606 13.7221 1.3599
v  39.9606 13.7465 1.2672
v  39.9606 13.5013 1.4907
v  45.1330 -0.0000 1.3074
v  44.7768 -0.0000 1.2079
v  2.6974 13.7221 1.3599
v  2.6974 13.6714 1.4282
v  2.6975 13.2351 1.4803
v  2.6974 13.4513 1.4887
v  0.6150 11.6384 1.3156
v  0.6149 11.7527 1.3914
v  2.6973 11.7482 1.3891
v  2.6973 11.6371 1.3157
v  2.6975 13.7896 0.0244
v  2.6974 13.7482 1.2138
v  2.6973 12.0905 1.4356
v  0.6145 12.0905 1.4356
v  2.6974 11.4991 1.0769
v  0.6146 11.5014 1.0739
v  0.6149 11.5497 1.2101
v  2.6974 11.5510 1.2145
v  0.6145 11.8906 1.4278
v  2.6973 11.8906 1.4278
v  2.6974 13.5013 1.4907
v  2.6974 13.5994 1.4737
v  2.6974 13.7465 1.2672
v  8.7807 13.7221 1.3599
v  8.7806 13.6714 1.4282
v  8.7808 13.2351 1.4803
v  8.7806 13.4513 1.4887
v  8.7806 11.7482 1.3891
v  8.7806 11.6371 1.3156
v  8.7808 13.7896 0.0244
v  8.7807 13.7482 1.2138
v  8.7806 12.0905 1.4356
v  8.7806 11.4991 1.0753
v  8.7806 11.5510 1.2144
v  8.7806 11.8906 1.4278
v  8.7806 13.5013 1.4907
v  8.7806 13.5994 1.4737
v  8.7807 13.7465 1.2672
v  14.9167 13.7221 1.3599
v  14.9167 13.6714 1.4282
v  14.9168 13.2350 1.4803
v  14.9167 13.4513 1.4887
v  14.9167 11.7482 1.3891
v  14.9167 11.6373 1.3155
v  14.9169 13.7896 0.0244
v  14.9167 13.7482 1.2138
v  14.9167 12.0905 1.4356
v  14.9167 11.4991 1.0753
v  14.9167 11.5511 1.2144
v  14.9167 11.8906 1.4278
v  14.9167 13.5013 1.4907
v  14.9167 13.5994 1.4737
v  14.9167 13.7465 1.2672
v  21.0095 13.7221 1.3599
v  21.0095 13.6714 1.4282
v  21.0095 13.2350 1.4803
v  21.0095 13.4513 1.4887
v  21.0095 11.7480 1.3894
v  21.0095 11.6380 1.3147
v  21.0095 13.7896 0.0244
v  21.0095 13.7482 1.2138
v  21.0095 12.0905 1.4356
v  21.0095 11.4992 1.0753
v  21.0095 11.5508 1.2147
v  21.0095 11.8906 1.4278
v  21.0095 13.5013 1.4907
v  21.0095 13.5994 1.4737
v  21.0095 13.7465 1.2672
v  27.0012 13.7221 1.3599
v  27.0012 13.6714 1.4282
v  27.0013 13.2349 1.4803
v  27.0012 13.4513 1.4887
v  27.0012 11.7483 1.3892
v  27.0012 11.6374 1.3155
v  27.0011 13.7896 0.0244
v  27.0012 13.7482 1.2138
v  27.0012 12.0905 1.4356
v  27.0012 11.4991 1.0753
v  27.0012 11.5512 1.2145
v  27.0012 11.8906 1.4278
v  27.0012 13.5013 1.4907
v  27.0012 13.5994 1.4737
v  27.0012 13.7465 1.2672
v  32.1632 13.7221 1.3599
v  32.1632 13.6714 1.4282
v  32.1632 13.2349 1.4803
v  32.1632 13.4513 1.4887
v  32.1632 11.7486 1.3900
v  32.1632 11.6378 1.3156
v  32.1632 13.7896 0.0244
v  32.1632 13.7482 1.2138
v  32.1632 12.0905 1.4356
v  32.1632 11.4964 1.0753
v  32.1632 11.5495 1.2154
v  32.1632 11.8906 1.4278
v  32.1632 13.5013 1.4907
v  32.1632 13.5994 1.4737
v  32.1632 13.7465 1.2672
v  34.2780 13.4513 1.4887
v  35.8668 13.4513 1.4887
v  34.2780 11.8906 1.4278
v  35.8668 11.8906 1.4278
v  34.2780 13.7465 1.2672
v  35.8668 13.7465 1.2672
v  32.8835 13.6714 1.4282
v  33.5106 13.6714 1.4282
v  32.8835 11.6349 1.3163
v  33.5106 11.6324 1.3170
v  32.8835 13.7896 0.0244
v  32.8835 13.7482 1.2138
v  33.5106 13.7896 0.0244
v  33.5106 13.7482 1.2138
v  32.8835 12.0905 1.4356
v  33.5106 12.0905 1.4356
v  32.8835 11.5442 1.2151
v  32.8835 11.4893 1.0753
v  33.5106 11.5395 1.2149
v  33.5106 11.4830 1.0753
v  32.8835 13.5994 1.4737
v  32.8835 13.5013 1.4907
v  33.5106 13.5994 1.4737
v  33.5106 13.5013 1.4907
v  47.3317 5.7374 1.4282
v  45.0900 5.7368 1.3271
v  46.0659 5.7374 1.4314
v  44.3481 5.7375 1.0789
v  44.7146 5.7368 1.2230
v  47.2590 5.7374 1.4711
v  47.1599 5.7374 1.4876
v  47.4510 7.6770 0.0244
v  47.4098 7.6771 1.2138
v  47.2589 7.6771 1.4711
v  47.3317 7.6771 1.4282
v  47.1099 7.6772 1.4851
v  46.9122 7.6771 1.4749
v  46.0659 7.6772 1.4314
v  44.9870 7.6759 1.3335
v  44.5583 7.6756 1.2351
v  45.4239 7.6767 1.3904
v  45.8661 7.6772 1.4212
v  44.1421 7.6772 1.0753
v  47.3830 7.6771 1.3599
v  47.4081 7.6771 1.2672
v  47.1599 7.6772 1.4876
v  47.0539 13.4438 1.4930
v  47.0848 13.4216 1.4931
v  47.0045 13.4552 1.4927
v  46.9139 13.4563 1.4918
v  47.1170 13.2359 1.4907
v  -4.2146 11.8906 1.4278
v  -4.2147 11.7573 1.3933
v  -5.0675 11.6678 1.4029
v  -5.0953 11.7772 1.4280
v  -5.8848 11.3211 1.4028
v  -5.9468 11.4307 1.4283
v  -6.5918 10.7787 1.4041
v  -6.6916 10.8719 1.4278
v  -7.1295 10.0711 1.3992
v  -7.2538 10.1338 1.4279
v  -7.4550 9.2499 1.3926
v  -7.5851 9.2761 1.4273
v  -7.5676 8.3904 1.3945
v  -7.7174 8.3904 1.4278
v  -1.5250 11.8906 1.4278
v  -1.5250 11.7572 1.3933
v  -7.3249 2.3825 1.0656
v  -7.3252 1.1912 1.0706
v  -7.3691 1.1913 1.2034
v  -7.3670 2.3824 1.2008
v  -4.2642 9.8694 -6.7187
v  -4.5315 10.4449 -4.3240
v  -3.0698 10.6172 -4.5932
v  -2.9273 10.1596 -6.8748
v  -5.2548 10.0854 -4.2611
v  -4.9533 9.4537 -6.6778
v  -5.7433 9.4988 -4.3802
v  -5.3907 8.9089 -6.7782
v  -6.0376 8.7928 -4.5858
v  -5.6882 8.2801 -6.9505
v  -6.2354 8.0463 -4.7844
v  -5.8988 7.5886 -7.1193
v  -6.4072 7.1062 -4.9346
v  -6.0600 6.7461 -7.3005
v  -6.3375 2.3851 -7.2563
v  -6.3533 1.1925 -7.2597
v  -6.6482 1.1914 -4.9499
v  -6.6371 2.3852 -4.9467
v  -1.5248 10.5666 -4.9169
v  -1.5269 10.1758 -7.0757
v  -3.7749 8.2857 -11.9135
v  -3.8572 8.7995 -10.4985
v  -2.7310 9.1691 -10.5626
v  -2.7082 8.6358 -12.0065
v  -4.0016 9.2253 -9.0966
v  -2.7906 9.6000 -9.1355
v  -3.1793 11.1076 -1.3993
v  -3.1728 10.9890 -2.2822
v  -4.7759 10.9376 -1.8868
v  -4.8743 11.1357 -0.7016
v  -4.4068 8.3993 -10.4775
v  -4.3171 8.3002 -10.8974
v  -4.6181 8.7825 -9.0792
v  -5.7048 10.9638 0.1520
v  -5.7270 11.0210 0.5896
v  -4.9634 11.3068 0.5588
v  -4.9325 11.2378 0.0832
v  -5.5302 10.6375 -1.7983
v  -5.6465 10.8269 -0.7189
v  -4.7457 7.9824 -10.6267
v  -4.5935 7.8693 -11.2582
v  -5.0070 8.3208 -9.1711
v  -6.1804 10.2603 -0.7849
v  -6.2836 10.4081 0.1163
v  -6.0402 10.0335 -1.9412
v  -4.9937 7.5128 -10.8463
v  -4.8081 7.4021 -11.6420
v  -5.2961 7.7937 -9.3130
v  -6.5263 9.5440 -0.8838
v  -6.6804 9.7320 0.0746
v  -6.3566 9.2935 -2.1987
v  -5.2387 6.8932 -11.0729
v  -5.0313 6.7555 -12.0191
v  -5.5338 7.1587 -9.4545
v  -6.7456 8.7703 -1.0011
v  -6.9139 8.9699 0.0195
v  -6.5533 8.5044 -2.4366
v  -5.4742 5.9156 -11.2294
v  -5.2368 5.8053 -12.3066
v  -5.7406 6.3440 -9.5333
v  -6.8874 7.9720 -1.0755
v  -7.0371 8.1761 -0.0182
v  -6.6968 7.6980 -2.5297
v  -5.0704 2.3860 -13.5299
v  -5.0720 1.1918 -13.5235
v  -5.3923 1.1922 -12.5969
v  -5.3821 2.3848 -12.5980
v  -5.6215 2.3848 -11.6283
v  -5.6364 1.1931 -11.6304
v  -6.0167 1.1933 -9.5626
v  -6.0004 2.3854 -9.5597
v  -6.9717 7.1581 -1.0883
v  -7.1220 7.1574 -0.0380
v  -6.7639 7.1599 -2.5392
v  -1.5304 9.2572 -10.6699
v  -1.5306 8.7164 -12.1423
v  -1.5300 9.6786 -9.2130
v  -1.5261 10.8892 -2.7402
v  -2.7327 8.0901 -13.1367
v  -3.7570 7.8467 -12.8473
v  -4.1302 7.7780 -12.4275
v  -3.9928 8.2418 -11.6636
v  -1.5303 8.1653 -13.2467
v  -2.7540 7.3362 -14.1077
v  -3.7760 7.2886 -13.6969
v  -4.2458 7.2779 -13.1302
v  -1.5295 7.3986 -14.1748
v  -2.7196 6.4537 -14.6018
v  -3.7691 6.4886 -14.3648
v  -4.4079 6.5698 -13.7898
v  -1.5272 6.4973 -14.6514
v  -2.6942 5.4695 -14.8041
v  -3.7574 5.4971 -14.6549
v  -4.5226 5.6004 -14.1538
v  -1.5268 5.4955 -14.8388
v  -2.7123 4.2022 -14.9014
v  -3.8035 4.2100 -14.7688
v  -4.5834 4.2202 -14.3027
v  -1.5267 4.2097 -14.9226
v  -7.9174 2.3823 1.4316
v  -7.9174 1.1912 1.4316
v  -1.5250 12.0905 1.4356
v  -4.2274 12.0905 1.4354
v  -7.7796 9.3275 1.4304
v  -7.9174 8.4052 1.4316
v  -5.1465 11.9722 1.4334
v  -6.0462 11.6062 1.4314
v  -6.8338 11.0152 1.4305
v  -7.4301 10.2324 1.4306
v  -1.5278 11.2502 -0.2006
v  -1.5249 11.3405 0.0910
v  -1.5277 11.2120 -0.4003
v  -1.5274 11.1851 -0.5808
v  -1.5275 11.1543 -0.7834
v  -3.7411 11.3028 0.0700
v  -1.5274 11.1195 -1.0192
v  -3.3156 11.2295 -0.4637
v  -1.5274 11.0958 -1.1993
v  -3.2398 11.1933 -0.7449
v  -1.5268 10.9917 -1.9907
v  -1.5271 11.0542 -1.5150
v  -3.1703 11.1423 -1.1266
v  -4.1516 11.3606 0.5215
v  -4.9943 11.3757 1.0345
v  -4.1869 11.4399 0.8368
v  -1.5252 11.4738 0.5705
v  -7.2622 8.3903 1.0754
v  -7.2998 7.1572 1.0586
v  -7.3483 7.1568 1.1981
v  -7.3277 8.3904 1.2065
v  -7.3087 5.9636 1.0054
v  -7.2917 7.1577 1.0092
v  -7.2069 7.1575 0.4856
v  -7.2429 5.9641 0.4794
v  -7.0491 5.9655 -1.0991
v  -6.8568 5.9666 -2.6134
v  -6.5383 5.9774 -4.9283
v  -7.9174 7.1571 1.4316
v  -7.3152 5.9636 1.0550
v  -7.3566 5.9633 1.1956
v  -6.1960 5.9825 -7.2323
v  -5.8073 5.9616 -9.5278
v  -7.9174 5.9634 1.4316
v  -7.3176 4.2091 1.0088
v  -7.2580 4.2091 0.4811
v  -7.0820 4.2092 -1.1025
v  -6.9044 4.2093 -2.6229
v  -6.6153 4.2090 -4.9422
v  -7.3232 4.2092 1.0585
v  -7.3625 4.2092 1.1974
v  -6.2955 4.2082 -7.2505
v  -4.9486 5.7005 -13.2987
v  -5.0390 4.2180 -13.4789
v  -5.3344 4.2106 -12.5530
v  -5.5665 4.2069 -11.5944
v  -5.9460 4.2087 -9.5537
v  -3.7976 2.3844 -14.7932
v  -2.8606 2.3842 -14.9358
v  -4.5881 2.3855 -14.3315
v  -1.5256 2.8045 -14.9652
v  -7.9174 4.2092 1.4316
v  -7.3194 2.3823 1.0159
v  -7.2612 2.3829 0.4865
v  -7.0866 2.3847 -1.1020
v  -6.9098 2.3850 -2.6267
v  -7.7174 1.1912 1.4278
v  -7.5805 1.1912 1.3944
v  -6.3608 0.0000 -7.2625
v  -5.6410 0.0000 -11.6314
v  -7.9174 0.0000 1.4316
v  -3.7638 0.0000 -14.7689
v  -3.7797 1.1922 -14.7794
v  -2.8581 1.1921 -14.9371
v  -5.0696 0.0000 -13.5177
v  -4.5736 1.1913 -14.3145
v  -7.3202 0.0000 1.0256
v  -7.3196 1.1910 1.0209
v  -7.2618 1.1904 0.4902
v  -7.0821 1.1886 -1.1012
v  -6.9127 1.1897 -2.6294
v  -6.9133 0.0000 -2.6319
v  -5.0389 11.5554 1.3275
v  -4.2147 11.6416 1.3144
v  -4.2147 11.5493 1.2060
v  -5.0136 11.4556 1.2168
v  -5.8257 11.2159 1.3303
v  -5.7773 11.1297 1.2191
v  -6.5022 10.6920 1.3306
v  -6.4375 10.6265 1.2124
v  -6.9446 9.9780 1.1969
v  -7.0223 10.0171 1.3164
v  -7.2318 9.2056 1.1990
v  -7.3331 9.2257 1.3108
v  -7.4343 8.3904 1.3161
v  -1.5250 11.6412 1.3143
v  -1.5250 11.5539 1.2030
v  -7.5794 2.3824 1.3945
v  -7.4583 2.3824 1.3147
v  -7.4605 1.1913 1.3153
v  -7.4458 7.1568 1.3146
v  -7.5732 7.1570 1.3953
v  -7.4502 5.9633 1.3135
v  -7.5754 5.9633 1.3948
v  -7.4546 4.2092 1.3138
v  -7.5776 4.2092 1.3946
v  -7.4626 0.0000 1.3158
v  -7.7174 2.3823 1.4278
v  -7.7174 7.1571 1.4278
v  -7.7174 5.9634 1.4278
v  -7.7174 4.2092 1.4278
v  -4.9960 11.3863 1.0833
v  -4.2146 11.4990 1.0753
v  -5.7524 11.0852 1.0767
v  -6.4131 10.5804 1.0610
v  -6.8883 9.9496 1.0694
v  -7.1589 9.1911 1.0730
v  -1.5250 11.5149 1.0700
v  -7.3258 0.0000 1.0753
v  -1.5250 11.5097 1.0202
v  -4.2133 11.4890 1.0265
v  -4.3837 7.7992 -11.8775
v  -4.1797 8.2428 -11.3075
v  -4.5603 7.3254 -12.4226
v  -4.7759 6.6524 -12.9517
v  -6.4064 10.5725 1.0121
v  -5.7493 11.0781 1.0273
v  -6.8791 9.9413 1.0210
v  -7.1386 9.1835 1.0269
v  -7.2492 8.3875 1.0272
v  -2.1536 0.4048 -14.9735
v  -1.8223 1.1981 -14.9811
v  -2.0307 0.8126 -14.9766
v  -1.5360 1.5362 -14.9862
v  -0.4001 2.1018 -15.0034
v  -0.8030 1.9944 -14.9983
v  0.7974 1.9843 -15.0040
v  0.3960 2.0955 -15.0075
v  2.1561 0.4049 -14.9714
v  2.0303 0.8119 -14.9758
v  1.1810 1.7954 -14.9982
v  1.8186 1.1944 -14.9827
v  1.5294 1.5286 -14.9906
v  -0.0015 2.1331 -15.0066
v  -1.1884 1.8057 -14.9921
v  0.9705 0.1837 -15.5878
v  0.9704 0.1837 -15.3913
v  -0.9636 0.1832 -15.3913
v  -0.9636 0.1832 -15.5878
v  -0.9099 0.3668 -15.3913
v  -0.9099 0.3668 -15.5878
v  -0.8194 0.5401 -15.3913
v  -0.8194 0.5401 -15.5878
v  -0.6952 0.6933 -15.3913
v  -0.6952 0.6933 -15.5878
v  -0.5440 0.8180 -15.3913
v  -0.5440 0.8180 -15.5878
v  -0.3735 0.9093 -15.3913
v  -0.3735 0.9093 -15.5878
v  -0.1899 0.9652 -15.3913
v  -0.1899 0.9652 -15.5878
v  -0.0021 0.9843 -15.3913
v  -0.0021 0.9843 -15.5878
v  0.1868 0.9670 -15.3913
v  0.1868 0.9670 -15.5878
v  0.3733 0.9122 -15.3913
v  0.3733 0.9122 -15.5878
v  0.5464 0.8210 -15.3913
v  0.5464 0.8210 -15.5878
v  0.6997 0.6957 -15.3913
v  0.6997 0.6957 -15.5878
v  0.8252 0.5417 -15.3913
v  0.8253 0.5417 -15.5878
v  0.9163 0.3680 -15.3913
v  0.9164 0.3680 -15.5878
v  0.9901 0.1874 -15.3713
v  1.0651 0.2014 -15.3713
v  0.9350 0.3755 -15.3713
v  1.0060 0.4036 -15.3713
v  0.8420 0.5528 -15.3713
v  0.9062 0.5948 -15.3713
v  0.7139 0.7099 -15.3713
v  0.7685 0.7645 -15.3713
v  0.5575 0.8377 -15.3713
v  0.5999 0.9029 -15.3713
v  0.3808 0.9308 -15.3713
v  0.4097 1.0036 -15.3713
v  0.1906 0.9868 -15.3713
v  0.2050 1.0644 -15.3713
v  -0.0022 1.0043 -15.3713
v  -0.0022 1.0840 -15.3713
v  -0.1938 0.9849 -15.3713
v  -0.2083 1.0638 -15.3713
v  -0.3812 0.9279 -15.3713
v  -0.4110 1.0030 -15.3713
v  -0.5552 0.8347 -15.3713
v  -0.5997 0.9030 -15.3713
v  -0.7095 0.7075 -15.3713
v  -0.7675 0.7656 -15.3713
v  -0.8362 0.5512 -15.3713
v  -0.9052 0.5964 -15.3713
v  -0.9286 0.3743 -15.3713
v  -1.0054 0.4050 -15.3712
v  -0.9834 0.1869 -15.3713
v  -1.0650 0.2020 -15.3712
v  -0.0022 1.6328 -15.2249
v  0.3050 1.6037 -15.2247
v  0.2817 1.4788 -15.2862
v  -0.0021 1.5056 -15.2862
v  -0.2850 1.4782 -15.2861
v  -0.3083 1.6032 -15.2248
v  -0.5660 1.3950 -15.2861
v  -0.6131 1.5130 -15.2247
v  -0.8303 1.2559 -15.2861
v  -0.9001 1.3623 -15.2249
v  -1.0655 1.0637 -15.2862
v  -1.1555 1.1537 -15.2249
v  -1.2581 0.8270 -15.2862
v  -1.3644 0.8967 -15.2249
v  -1.3975 0.5600 -15.2862
v  -1.5156 0.6070 -15.2247
v  -1.4795 0.2787 -15.2862
v  -1.6046 0.3019 -15.2248
v  -1.3491 0.2545 -15.3327
v  -1.2082 0.2285 -15.3585
v  -1.1409 0.4584 -15.3585
v  -1.0271 0.6759 -15.3585
v  -0.8705 0.8685 -15.3585
v  -0.6794 1.0248 -15.3585
v  -0.4645 1.1385 -15.3585
v  -0.2348 1.2069 -15.3585
v  -0.0022 1.2296 -15.3585
v  0.2314 1.2076 -15.3585
v  0.4632 1.1390 -15.3585
v  0.6796 1.0247 -15.3585
v  0.8714 0.8674 -15.3585
v  1.0281 0.6744 -15.3585
v  1.1414 0.4572 -15.3585
v  1.2083 0.2278 -15.3585
v  1.3492 0.2537 -15.3327
v  1.4797 0.2780 -15.2862
v  1.6047 0.3012 -15.2248
v  1.3980 0.5587 -15.2862
v  1.5162 0.6057 -15.2249
v  1.2590 0.8255 -15.2862
v  1.3653 0.8951 -15.2247
v  1.0665 1.0626 -15.2862
v  1.1564 1.1526 -15.2248
v  0.8306 1.2557 -15.2861
v  0.9002 1.3622 -15.2249
v  0.5647 1.3955 -15.2861
v  0.6118 1.5135 -15.2247
v  1.2746 0.5098 -15.3327
v  1.1480 0.7527 -15.3327
v  0.9727 0.9687 -15.3327
v  0.7579 1.1446 -15.3327
v  0.5158 1.2722 -15.3326
v  0.2574 1.3484 -15.3327
v  -0.0022 1.3728 -15.3327
v  -0.2608 1.3478 -15.3326
v  -0.5171 1.2717 -15.3326
v  -0.7577 1.1448 -15.3326
v  -0.9717 0.9697 -15.3327
v  -1.1471 0.7543 -15.3327
v  -1.2742 0.5109 -15.3327
v  -0.0023 1.9798 -15.0254
v  -0.3732 1.9504 -15.0213
v  -2.0013 0.3752 -14.9933
v  2.0038 0.3750 -14.9920
v  1.8872 0.7523 -14.9959
v  -1.8872 0.7538 -14.9957
v  -1.6937 1.1115 -14.9990
v  -0.7477 1.8505 -15.0155
v  0.3679 1.9448 -15.0260
v  0.7417 1.8409 -15.0221
v  1.6906 1.1070 -15.0017
v  1.4221 1.4172 -15.0089
v  1.0984 1.6652 -15.0162
v  -1.4279 1.4251 -15.0034
v  -1.1054 1.6752 -15.0092
v  -0.3832 2.0029 -15.0066
v  -0.0023 2.0328 -15.0100
v  -2.0551 0.3853 -14.9778
v  2.0577 0.3850 -14.9763
v  1.9380 0.7725 -14.9804
v  -1.9379 0.7740 -14.9801
v  -1.7393 1.1414 -14.9838
v  -1.4665 1.4636 -14.9887
v  -1.1353 1.7204 -14.9947
v  -0.7679 1.9003 -15.0010
v  1.7363 1.1369 -14.9868
v  1.4606 1.4555 -14.9943
v  1.1281 1.7101 -15.0016
v  0.7617 1.8904 -15.0072
v  0.3778 1.9968 -15.0105
v  0.9704 0.1837 -15.3713
v  -0.9636 0.1832 -15.3713
v  -0.9099 0.3668 -15.3713
v  -0.8194 0.5401 -15.3713
v  -0.6952 0.6933 -15.3713
v  -0.5440 0.8180 -15.3713
v  -0.3735 0.9093 -15.3713
v  -0.1899 0.9652 -15.3713
v  -0.0021 0.9843 -15.3713
v  0.1868 0.9670 -15.3713
v  0.3733 0.9122 -15.3713
v  0.5464 0.8210 -15.3713
v  0.6997 0.6957 -15.3713
v  0.8252 0.5417 -15.3713
v  0.9163 0.3680 -15.3713
v  -6.3450 10.4903 0.5642
v  -6.7797 9.8366 0.5478
v  -7.0262 9.0767 0.5232
v  -7.1432 8.2818 0.5045
v  -7.1770 5.9645 -0.0466
v  -7.1984 4.2091 -0.0467
v  -7.2030 2.3835 -0.0430
v  -7.2039 1.1898 -0.0405
v  -7.2011 0.0000 -0.0378
v  33.4162 11.5409 -0.2433
v  33.6192 11.5341 -0.2316
v  33.5134 11.7227 0.9885
v  39.9973 11.3105 0.4004
v  39.9807 11.5001 0.9476
v  38.8441 11.5603 0.9688
v  38.8555 11.3971 0.2280
v  43.5385 9.2140 0.6091
v  43.2713 9.3237 0.4266
v  43.2751 9.0225 0.3421
v  43.5515 8.8929 0.5457
v  41.3553 11.1277 0.6091
v  41.3385 11.2951 0.9141
v  40.6363 11.4178 0.9329
v  40.6537 11.2371 0.5009
v  42.0499 10.9504 0.7149
v  42.7072 10.8202 0.8751
v  42.0400 11.1017 0.8872
v  4.7874 1.9241 -15.1157
v  4.7868 3.0722 -15.1127
v  2.7004 3.0257 -15.1769
v  2.7016 1.9009 -15.1875
v  6.8393 3.0300 -15.0590
v  6.8395 1.9030 -15.0606
v  16.9760 1.8965 -14.7773
v  16.9760 3.0168 -14.7764
v  14.9238 3.0140 -14.8345
v  14.9237 1.8949 -14.8348
v  18.9961 3.0139 -14.7207
v  18.9962 1.8950 -14.7216
v  27.0085 3.0039 -14.4943
v  24.9992 2.9973 -14.5552
v  24.9991 1.8868 -14.5546
v  27.0083 1.8904 -14.4937
v  30.9676 3.0117 -14.3804
v  29.0269 3.0108 -14.4334
v  29.0267 1.8940 -14.4363
v  30.9678 1.8942 -14.3830
v  31.4463 3.0093 -14.3697
v  31.4470 1.8928 -14.3723
v  32.4205 3.0023 -14.3424
v  31.9276 3.0067 -14.3590
v  31.9285 1.8913 -14.3595
v  32.4205 1.8891 -14.3420
v  32.9300 2.9978 -14.2909
v  32.9271 1.8871 -14.2931
v  33.4414 2.9947 -14.1756
v  33.4338 1.8858 -14.1856
v  34.0277 2.9934 -13.9048
v  34.0218 1.8852 -13.9253
v  34.5469 2.9906 -13.4112
v  34.5422 1.8836 -13.4453
v  34.9292 1.8804 -12.8470
v  34.9245 2.9845 -12.8066
v  36.1008 1.8639 -10.4520
v  36.0966 2.9521 -10.4188
v  37.4920 1.8560 -8.3223
v  37.4950 2.9379 -8.3072
v  39.0074 1.8652 -6.3477
v  39.0097 2.9562 -6.3395
v  40.1685 1.8876 -4.9077
v  40.1686 3.0004 -4.8926
v  40.8239 3.0295 -4.0555
v  40.8259 1.9023 -4.0738
v  41.5544 1.9185 -3.0953
v  41.5499 3.0616 -3.0740
v  42.2006 3.0792 -2.0534
v  42.2046 1.9275 -2.0758
v  42.7188 1.9212 -1.1465
v  42.7147 3.0662 -1.1258
v  43.2386 3.0539 -0.2324
v  43.2429 1.9153 -0.2510
v  43.5886 1.9146 0.1911
v  43.5811 3.0524 0.2013
v  43.9902 4.0110 0.5705
v  44.4734 4.0122 0.8300
v  44.4454 4.9609 0.8328
v  43.9804 4.9658 0.5827
v  43.9651 5.7584 0.5939
v  44.4230 5.7409 0.8350
v  44.3454 6.5226 0.8354
v  43.9465 6.5510 0.6086
v  43.8776 8.1347 0.6636
v  44.1755 8.0355 0.8355
v  44.1012 8.3925 0.8369
v  43.8474 8.5227 0.6915
v  43.2441 10.1826 0.7317
v  43.7105 9.7118 0.8482
v  43.2578 10.4258 0.8589
v  31.0844 11.5660 -0.3089
v  31.2026 11.7402 0.9921
v  29.0203 11.7407 0.9939
v  29.0209 11.5687 -0.3609
v  21.0095 11.7419 0.9973
v  21.0095 11.5782 -0.4572
v  23.0016 11.5735 -0.4571
v  23.0009 11.7416 0.9968
v  21.0095 11.4061 -1.9805
v  18.9886 11.5741 -0.4652
v  18.9880 11.3976 -1.9963
v  4.7851 4.2467 -15.1130
v  4.7853 5.4303 -15.1172
v  2.6990 5.4404 -15.1609
v  2.7005 4.2591 -15.1669
v  0.6100 6.5685 -14.9487
v  0.6111 5.4452 -15.1498
v  2.6990 6.6046 -14.9597
v  6.8127 4.2007 -15.0600
v  8.7865 4.1544 -15.0085
v  8.7875 3.0011 -15.0080
v  10.8295 2.9978 -14.9503
v  10.8286 4.1438 -14.9507
v  6.7869 5.3778 -15.0615
v  6.7833 6.5319 -14.9138
v  4.7849 6.5865 -14.9418
v  8.7895 6.4711 -14.8854
v  8.7877 5.3149 -15.0075
v  10.8293 5.2973 -14.9507
v  10.8307 6.4430 -14.8331
v  0.6148 8.3117 -13.5337
v  0.6129 7.6046 -14.3557
v  2.7012 7.6039 -14.3233
v  2.7026 8.2786 -13.4942
v  4.7839 7.5754 -14.3100
v  6.7845 7.5261 -14.3079
v  6.7841 8.1598 -13.4971
v  4.7845 8.2221 -13.4828
v  0.6158 8.8461 -12.5670
v  2.7055 8.7960 -12.5232
v  2.7079 9.3115 -11.1277
v  0.6175 9.4019 -11.0957
v  4.7884 8.7157 -12.5190
v  6.7871 8.6342 -12.5417
v  6.7893 9.0783 -11.2699
v  4.7908 9.1929 -11.1895
v  8.7838 8.1067 -13.5162
v  8.7860 7.4823 -14.3141
v  10.8277 7.4536 -14.2817
v  10.8255 8.0805 -13.5029
v  0.6202 9.8323 -9.5910
v  2.7098 9.7080 -9.7011
v  2.7086 10.1249 -7.7066
v  0.6245 10.3014 -7.4053
v  4.7926 9.5636 -9.8343
v  6.7906 9.4266 -9.9765
v  6.7899 9.7953 -8.2154
v  4.7940 9.9506 -7.9792
v  2.7017 10.7677 -3.7399
v  4.7947 10.5713 -4.2042
v  4.7941 10.6626 -3.6356
v  2.7019 10.8541 -3.1845
v  4.7928 10.7570 -3.0693
v  2.7021 10.9412 -2.6298
v  2.7013 10.9977 -2.2860
v  4.7914 10.8225 -2.7138
v  4.7904 10.8513 -2.5668
v  2.7002 11.0327 -2.0823
v  2.6988 11.0818 -1.8108
v  4.7867 10.9460 -2.1310
v  4.7850 10.9797 -1.9919
v  2.6966 11.1295 -1.5623
v  6.7871 10.1101 -6.4015
v  4.7947 10.2744 -6.0913
v  8.7899 9.3132 -10.1043
v  10.8299 9.2278 -10.1793
v  10.8321 9.5452 -8.5497
v  8.7920 9.6623 -8.4054
v  10.8331 9.8329 -6.8335
v  8.7931 9.9678 -6.6356
v  12.8771 9.4304 -8.6545
v  14.9325 9.2969 -8.7598
v  14.9356 9.5327 -7.1219
v  12.8796 9.6947 -6.9830
v  6.7856 10.3987 -4.5747
v  6.7852 10.4927 -4.0006
v  8.7919 10.3475 -4.2902
v  8.7904 10.4533 -3.7178
v  6.7843 10.5922 -3.4302
v  8.7927 10.2493 -4.8672
v  10.8322 10.1076 -5.1205
v  10.8314 10.2119 -4.5355
v  12.8805 10.0668 -4.7186
v  12.8795 10.1857 -4.1251
v  10.8300 10.3250 -3.9548
v  12.8806 9.9578 -5.3168
v  14.9377 9.7737 -5.4905
v  14.9390 9.8816 -4.8734
v  14.9387 10.0011 -4.2625
v  14.9376 10.0997 -3.8691
v  16.9943 9.8740 -3.9317
v  16.9920 9.9395 -3.7388
v  14.9358 10.1549 -3.6803
v  2.6853 11.3600 -0.8140
v  0.6149 11.4288 -0.4881
v  0.6163 11.3484 -0.7582
v  2.6870 11.2366 -1.1048
v  4.7702 11.3670 -1.0809
v  4.7769 11.5625 -0.0003
v  2.6929 11.5550 0.1188
v  6.7684 11.0073 -1.8968
v  8.7654 10.9523 -2.1832
v  8.7612 11.0509 -2.0629
v  6.7627 11.0675 -1.7826
v  10.8146 11.3842 -1.7120
v  8.7718 11.3794 -1.5602
v  8.7631 11.1815 -1.9162
v  10.8064 11.2270 -2.1004
v  6.7672 11.3696 -1.3441
v  8.7786 11.5686 -0.2368
v  6.7767 11.5646 -0.1273
v  12.8610 11.3894 -1.8225
v  12.8635 11.5704 -0.3772
v  10.8202 11.5688 -0.3188
v  10.8287 10.4122 -3.5839
v  12.8783 10.2794 -3.7434
v  12.8772 10.3282 -3.5630
v  10.8276 10.4544 -3.4169
v  10.8031 10.9352 -2.4178
v  8.7717 10.8732 -2.3030
v  10.8071 10.8200 -2.5342
v  14.9211 10.3622 -3.1950
v  16.9731 10.2096 -3.2908
v  16.9658 10.3528 -3.1938
v  14.9128 10.4582 -3.0783
v  14.9137 11.3830 -1.9233
v  12.8560 11.2601 -2.2196
v  14.9106 11.2632 -2.3372
v  16.9672 11.3896 -1.9845
v  16.9683 11.5701 -0.4591
v  14.9158 11.5668 -0.4292
v  16.9753 4.1444 -14.7766
v  18.9956 4.1366 -14.7210
v  24.9987 4.1168 -14.5556
v  27.0078 4.1264 -14.4942
v  29.0263 4.1413 -14.4330
v  30.9666 4.1525 -14.3800
v  31.4455 4.1528 -14.3697
v  31.9265 4.1531 -14.3592
v  32.4198 4.1519 -14.3419
v  32.9309 4.1530 -14.2809
v  32.4495 6.4713 -14.2312
v  32.4292 5.3081 -14.3346
v  32.9570 5.3154 -14.2482
v  33.0091 6.4693 -14.0984
v  33.4448 4.1577 -14.1455
v  33.4892 5.3301 -14.0622
v  33.5474 6.4591 -13.8222
v  34.0198 4.1589 -13.8518
v  34.0399 5.3326 -13.7117
v  34.0455 6.4259 -13.4120
v  16.9762 6.3972 -14.6803
v  16.9759 5.2797 -14.7787
v  18.9962 5.2661 -14.7220
v  18.9951 6.3808 -14.6387
v  24.9992 6.3477 -14.4838
v  24.9989 5.2418 -14.5529
v  27.0080 5.2545 -14.4973
v  27.0086 6.3711 -14.4270
v  29.0284 6.4151 -14.3654
v  29.0268 5.2775 -14.4383
v  30.9682 5.2994 -14.3841
v  30.9718 6.4572 -14.3005
v  31.4472 5.3024 -14.3706
v  31.4517 6.4637 -14.2821
v  31.9355 6.4692 -14.2634
v  31.9293 5.3059 -14.3586
v  16.9727 8.0119 -13.4243
v  16.9736 7.3988 -14.1780
v  18.9923 7.3844 -14.1580
v  18.9939 7.9786 -13.4024
v  21.0119 7.9542 -13.3827
v  21.0132 7.3745 -14.1414
v  23.0057 7.3574 -14.1036
v  23.0038 7.9386 -13.3534
v  21.0178 8.5439 -11.3769
v  21.0144 8.3027 -12.4491
v  23.0046 8.2716 -12.4161
v  23.0061 8.4884 -11.3526
v  24.9948 7.9396 -13.2958
v  24.9972 7.3582 -14.0502
v  27.0065 7.3827 -13.9697
v  27.0036 7.9605 -13.2002
v  29.0220 8.0012 -13.0697
v  29.0258 7.4300 -13.8681
v  30.9685 7.4768 -13.7650
v  30.9640 8.0435 -12.9367
v  31.4482 7.4843 -13.7409
v  31.4433 8.0520 -12.9087
v  31.9241 8.0602 -12.8805
v  31.9308 7.4901 -13.7162
v  32.4366 7.4918 -13.6805
v  32.4180 8.0667 -12.8438
v  24.9927 8.6013 -10.2192
v  24.9930 8.4741 -11.2887
v  26.9980 8.5075 -11.1586
v  26.9954 8.6386 -10.0645
v  29.0145 8.5815 -10.9653
v  29.0187 8.3427 -12.0971
v  30.9601 8.3974 -11.9431
v  30.9561 8.6637 -10.7547
v  31.4401 8.4092 -11.9126
v  31.4367 8.6817 -10.7083
v  31.9179 8.6984 -10.6613
v  31.9211 8.4198 -11.8815
v  32.4134 8.4285 -11.8454
v  32.4071 8.7125 -10.6112
v  32.9842 7.4892 -13.5267
v  32.9316 8.0734 -12.6875
v  32.9152 8.4345 -11.7026
v  32.8995 8.7178 -10.5039
v  21.0218 8.8447 -8.9938
v  19.0057 8.9858 -8.9376
v  19.0026 8.8139 -10.3098
v  21.0197 8.7044 -10.2993
v  14.9290 9.0528 -10.2720
v  12.8737 9.1497 -10.2227
v  12.8712 8.8790 -11.3961
v  14.9255 8.8124 -11.4094
v  8.7877 8.9871 -11.3481
v  10.8274 8.9282 -11.3843
v  16.9866 9.1433 -8.8514
v  19.0091 9.1564 -7.3175
v  16.9905 9.3466 -7.2301
v  21.0254 8.9862 -7.3548
v  23.0093 8.7447 -9.0034
v  23.0107 8.8661 -7.3323
v  24.9929 8.8185 -7.2349
v  24.9927 8.7066 -8.9237
v  26.9935 8.7455 -8.7367
v  26.9921 8.8573 -7.0809
v  29.0070 8.8572 -8.4398
v  29.0041 8.9787 -6.8567
v  30.9468 9.0019 -8.0823
v  30.9428 9.1484 -6.5335
v  31.4270 9.0387 -7.9923
v  31.4223 9.1953 -6.4316
v  32.8612 9.5561 -4.4840
v  32.8604 9.6518 -3.9341
v  32.3816 9.5901 -4.0527
v  32.3822 9.4932 -4.6281
v  31.9027 9.2422 -6.3296
v  31.9079 9.0748 -7.9021
v  32.3931 9.1091 -7.8129
v  32.3865 9.2899 -6.2160
v  32.8755 9.1408 -7.6997
v  32.8666 9.3379 -6.0872
v  16.9940 9.5550 -5.6153
v  19.0120 9.3303 -5.7035
v  19.0141 9.4201 -5.0303
v  16.9958 9.6550 -4.9721
v  21.0307 9.2159 -5.0240
v  21.0287 9.1333 -5.7225
v  23.0112 9.0013 -5.6691
v  23.0118 9.0836 -4.9601
v  19.0138 9.5309 -4.3698
v  16.9955 9.7706 -4.3379
v  21.0305 9.3258 -4.3421
v  23.0115 9.1966 -4.2692
v  24.9928 8.9537 -5.5554
v  26.9914 8.9976 -5.4348
v  26.9912 9.0884 -4.7347
v  24.9930 9.0406 -4.8478
v  29.0025 9.1271 -5.2829
v  29.0022 9.2186 -4.6056
v  24.9936 9.1592 -4.1585
v  26.9927 9.2102 -4.0519
v  29.0047 9.3374 -3.9431
v  30.9410 9.3180 -4.9932
v  30.9409 9.4101 -4.3620
v  30.9429 9.5243 -3.7434
v  31.4248 9.6939 -3.2758
v  31.4213 9.5819 -3.6614
v  31.9009 9.6404 -3.5790
v  31.9046 9.7502 -3.2057
v  19.0127 9.6421 -3.9484
v  19.0105 9.7178 -3.7547
v  21.0290 9.5330 -3.7211
v  21.0301 9.4475 -3.9109
v  23.0121 9.3253 -3.8351
v  23.0126 9.4158 -3.6494
v  25.0043 9.8715 -3.2499
v  25.0035 9.6591 -3.2965
v  27.0103 9.6970 -3.1813
v  27.0143 9.9010 -3.1320
v  29.0384 10.1653 -2.9604
v  29.0355 9.9552 -2.9937
v  30.9795 10.0631 -2.8202
v  30.9837 10.2587 -2.7797
v  18.9844 11.0170 -2.9168
v  21.0090 11.0232 -2.9373
v  21.0096 11.1753 -2.7075
v  18.9861 11.1709 -2.6952
v  23.0093 9.9078 -3.3381
v  25.0038 10.1306 -3.2193
v  23.0074 10.1665 -3.2951
v  18.9915 10.0793 -3.3503
v  21.0147 9.9873 -3.3702
v  21.0102 10.2264 -3.3125
v  18.9849 10.2774 -3.2744
v  29.0121 9.5431 -3.3308
v  29.0078 9.4613 -3.5195
v  30.9464 9.6381 -3.3451
v  30.9511 9.7106 -3.1617
v  23.0054 10.9939 -2.9385
v  23.0044 11.1517 -2.7111
v  24.9978 11.1296 -2.6633
v  25.0000 10.9668 -2.8832
v  27.0110 10.9807 -2.7628
v  27.0077 11.1402 -2.5431
v  32.4225 11.0064 -2.3172
v  32.4181 11.1486 -2.1298
v  31.9347 11.1508 -2.1783
v  31.9392 11.0034 -2.3709
v  34.5256 4.1463 -13.3480
v  34.5089 5.3066 -13.1933
v  34.4716 6.3641 -12.8998
v  36.0827 4.0320 -10.3623
v  37.4903 4.0024 -8.2672
v  39.0048 4.0143 -6.3120
v  40.1615 4.0423 -4.8558
v  40.8167 4.0587 -4.0159
v  41.5399 4.0727 -3.0335
v  42.1931 4.0717 -2.0148
v  42.7084 4.0461 -1.0946
v  34.8230 6.2766 -12.3379
v  34.7586 7.2284 -11.8725
v  34.3816 7.3275 -12.3588
v  33.8476 8.0255 -12.0431
v  33.9675 7.4028 -12.8159
v  34.2575 7.9819 -11.6593
v  36.0765 5.1088 -10.2565
v  34.8654 5.2572 -12.5958
v  34.8943 4.1207 -12.7413
v  36.0718 6.0450 -10.1000
v  36.0768 6.9615 -9.8296
v  37.4923 5.0657 -8.1838
v  37.4881 5.9821 -8.0511
v  36.0592 7.6964 -9.4804
v  37.4889 6.8835 -7.8298
v  37.4813 7.6059 -7.5671
v  39.0061 5.0724 -6.2482
v  39.0033 5.9897 -6.1392
v  40.1606 5.0823 -4.7847
v  40.1668 5.9869 -4.6842
v  42.1858 5.9112 -1.8506
v  42.1891 5.0631 -1.9450
v  42.7063 5.0250 -1.0423
v  42.7081 5.8549 -0.9758
v  40.8154 5.9776 -3.8375
v  40.8132 5.0857 -3.9407
v  41.5322 5.0826 -2.9590
v  41.5247 5.9535 -2.8555
v  43.2676 7.8635 0.0715
v  43.2741 8.2949 0.1557
v  42.7144 8.4222 -0.4835
v  42.7145 7.9640 -0.6244
v  40.8040 7.5730 -3.4466
v  40.8148 6.8624 -3.6604
v  41.5196 6.8185 -2.6944
v  41.5048 7.5085 -2.5103
v  40.7844 8.7778 -2.7629
v  40.7994 8.2394 -3.1236
v  41.4952 8.1678 -2.2422
v  41.4834 8.6859 -1.9635
v  40.7370 9.6353 -1.9151
v  40.7607 9.2602 -2.3341
v  41.4643 9.1687 -1.6339
v  41.4534 9.5296 -1.3366
v  40.7124 9.9381 -1.5214
v  41.4446 9.8354 -1.0518
v  42.1000 10.1378 -0.2190
v  42.1181 9.9695 -0.3408
v  42.7060 9.7958 0.0878
v  42.6843 10.0548 0.2185
v  40.6788 10.3162 -0.9433
v  40.6903 10.2061 -1.1148
v  41.4250 10.1186 -0.7540
v  41.4095 10.2465 -0.6111
v  40.6766 10.4188 -0.7867
v  41.3991 10.3608 -0.4763
v  42.0807 10.4524 0.0814
v  42.0914 10.2903 -0.0796
v  42.6837 10.1476 0.2781
v  42.6717 10.3269 0.4028
v  43.2373 5.8008 -0.1321
v  43.2328 4.9889 -0.1732
v  43.5710 4.9746 0.2401
v  43.5694 5.7764 0.2639
v  33.5030 7.4625 -13.2197
v  33.4064 8.0635 -12.3965
v  33.7478 8.7186 -10.0323
v  33.7849 8.4139 -11.1302
v  34.1776 8.4006 -10.7998
v  34.1351 8.7235 -9.7660
v  34.6557 7.9179 -11.2577
v  34.5160 8.7201 -9.4960
v  34.5688 8.3803 -10.4629
v  36.0161 8.3021 -8.9369
v  35.9561 8.7400 -8.2178
v  38.9925 8.2876 -5.3117
v  38.9742 8.8408 -4.8250
v  37.4465 8.7776 -6.5977
v  37.4779 8.2534 -7.1531
v  35.9235 9.0499 -7.4412
v  37.4130 9.1747 -5.9455
v  38.9935 7.6252 -5.6980
v  40.1468 8.2767 -3.9269
v  40.1551 7.6075 -4.2753
v  40.1232 8.8263 -3.5155
v  43.2557 7.2393 -0.0176
v  43.2477 6.6124 -0.0747
v  43.5696 6.5795 0.2945
v  43.5678 7.1924 0.3272
v  43.9254 7.1468 0.6234
v  32.8875 8.9253 -9.2982
v  33.3190 8.9397 -9.1090
v  33.3029 9.1700 -7.5527
v  33.2925 9.3836 -5.9370
v  34.4477 9.7837 -3.8372
v  34.4476 9.8829 -3.3845
v  34.0772 9.8309 -3.5301
v  34.0768 9.7291 -4.0075
v  33.3363 8.7213 -10.2791
v  33.3647 8.4307 -11.4400
v  33.6996 9.4268 -5.7865
v  33.7107 9.1965 -7.4056
v  34.0943 9.2244 -7.2404
v  34.0829 9.4705 -5.6181
v  33.7284 8.9488 -8.9202
v  34.1134 8.9617 -8.7128
v  34.4893 8.9727 -8.5073
v  35.8800 9.3816 -6.1954
v  34.4630 9.2510 -7.0742
v  34.4538 9.5115 -5.4499
v  35.8662 9.6841 -4.6550
v  37.3595 9.5515 -4.9367
v  37.3398 9.8637 -3.7058
v  38.8605 10.2538 -1.8890
v  38.8593 10.3409 -1.6671
v  37.3344 10.2481 -2.2189
v  37.3325 10.1594 -2.4907
v  38.9040 9.6849 -3.4952
v  38.8745 9.9880 -2.6883
v  38.9484 9.2927 -4.2414
v  35.8631 9.9901 -3.1307
v  35.8638 10.0861 -2.7828
v  35.9013 10.4378 -2.1059
v  35.9070 10.5123 -2.0617
v  34.4896 10.3819 -2.3454
v  34.4803 10.2925 -2.4004
v  33.2910 9.9304 -2.9652
v  33.2875 9.8268 -3.2875
v  33.6950 9.8859 -3.1797
v  33.6989 9.9898 -2.8759
v  32.3874 9.8092 -3.1309
v  32.3922 9.8749 -2.9671
v  31.9093 9.8176 -3.0349
v  34.4518 9.9971 -2.9478
v  35.8695 10.1938 -2.4540
v  38.8847 10.5546 -1.2898
v  38.8743 10.4995 -1.3543
v  40.0242 10.5093 -0.9416
v  40.0297 10.5684 -0.8667
v  40.6803 10.6447 -0.4970
v  40.6802 10.7378 -0.3854
v  40.0320 10.7685 -0.6432
v  40.0325 10.6674 -0.7580
v  37.3663 10.4750 -1.7720
v  37.3536 10.4219 -1.8363
v  38.8643 10.4332 -1.4617
v  40.0202 10.3462 -1.2187
v  40.0196 10.4414 -1.0436
v  37.3415 10.3452 -1.9660
v  35.8860 10.3276 -2.2094
v  35.8782 10.2859 -2.2735
v  35.9108 10.6128 -2.0120
v  37.3755 10.6031 -1.6845
v  37.3778 10.7668 -1.5721
v  38.8912 10.6663 -1.1907
v  38.8921 10.7957 -1.0731
v  34.4947 10.5091 -2.2999
v  33.3186 11.3368 -1.5471
v  33.3224 11.2319 -1.8456
v  33.7284 11.2215 -1.8028
v  33.7247 11.3232 -1.5231
v  34.4839 11.1194 -1.8720
v  34.4891 11.0107 -2.0208
v  35.9056 10.9722 -1.7766
v  35.8999 11.0647 -1.6655
v  37.3744 10.9335 -1.4290
v  37.3657 11.0762 -1.2545
v  38.8886 10.9237 -0.9362
v  38.8813 11.0360 -0.7802
v  40.0296 10.8761 -0.5200
v  40.0225 10.9748 -0.3758
v  35.8778 11.4867 -0.1170
v  35.8859 11.2592 -1.2899
v  37.3524 11.2053 -1.0090
v  37.3394 11.4382 0.0223
v  38.8680 11.1467 -0.5696
v  40.0866 9.3014 -3.0240
v  40.0564 9.6843 -2.4838
v  40.0395 9.9865 -1.9449
v  40.0277 10.2485 -1.4075
v  40.6792 10.5526 -0.6064
v  40.6775 10.4900 -0.6868
v  41.3947 10.4378 -0.3844
v  41.3922 10.5041 -0.3053
v  41.3878 10.5929 -0.1996
v  41.3834 10.6797 -0.0933
v  40.6727 10.9235 -0.1341
v  40.6779 10.8343 -0.2664
v  41.3769 10.7668 0.0182
v  41.3708 10.8468 0.1340
v  23.0074 3.0003 -14.6101
v  21.0158 3.0072 -14.6650
v  21.0158 1.8917 -14.6654
v  23.0074 1.8882 -14.6100
v  23.0071 5.2424 -14.6077
v  21.0155 5.2520 -14.6633
v  21.0152 4.1267 -14.6654
v  23.0068 4.1185 -14.6105
v  21.0155 6.3636 -14.5930
v  23.0079 6.3490 -14.5396
v  12.8714 1.8922 -14.8924
v  10.8295 1.8866 -14.9497
v  14.9236 5.2891 -14.8363
v  12.8714 5.2973 -14.8939
v  12.8706 4.1492 -14.8929
v  14.9229 4.1478 -14.8347
v  14.9211 7.4170 -14.2055
v  12.8692 7.4348 -14.2359
v  12.8724 6.4302 -14.7756
v  14.9239 6.4135 -14.7286
v  14.9230 8.4776 -12.5347
v  12.8693 8.5142 -12.5548
v  12.8675 8.0646 -13.4736
v  14.9206 8.0412 -13.4492
v  27.0009 8.2929 -12.2491
v  29.0107 8.7324 -9.8275
v  2.7038 10.4663 -5.6912
v  31.4193 9.3748 -4.8793
v  31.8993 9.4322 -4.7656
v  33.2863 9.6155 -4.3313
v  33.6938 9.6724 -4.1780
v  43.5749 4.0134 0.2176
v  44.4876 3.0631 0.8298
v  43.9977 3.0559 0.5610
v  44.0084 1.9161 0.5588
v  44.4998 1.9196 0.8297
v  43.2333 4.0218 -0.2087
v  23.0077 8.6275 -10.2861
v  30.9517 8.8427 -9.5591
v  31.4324 8.8682 -9.4968
v  31.9137 8.8923 -9.4341
v  32.4006 8.9138 -9.3704
v  18.9992 8.6282 -11.3984
v  29.0227 11.3846 -1.7859
v  27.0019 11.5635 -0.4174
v  27.0032 11.3753 -1.8999
v  44.2884 7.1004 0.8358
v  44.2284 7.6863 0.8356
v  43.8977 7.7450 0.6422
v  42.7126 7.3284 -0.7749
v  43.8234 9.0925 0.7834
v  43.8408 8.8231 0.7335
v  43.5634 8.2206 0.4226
v  43.5512 8.6317 0.4875
v  43.2759 8.7191 0.2598
v  43.5479 9.3919 0.6588
v  43.2627 9.6260 0.5141
v  42.1377 9.6748 -0.5419
v  42.7145 9.4939 -0.0528
v  42.1435 9.3696 -0.7341
v  42.7146 9.1901 -0.1876
v  42.1537 9.0291 -0.9212
v  42.7139 8.8682 -0.3185
v  43.2544 9.9941 0.6455
v  43.9886 8.8714 0.8340
v  6.7832 10.6653 -3.0705
v  6.7821 10.6982 -2.9193
v  27.0159 10.1530 -3.1020
v  29.0285 9.7774 -3.0595
v  27.0052 11.2515 -2.3063
v  29.0251 11.2719 -2.1560
v  24.9928 11.5695 -0.4379
v  24.9943 11.3884 -1.9424
v  27.0144 10.7311 -2.9555
v  29.0360 10.7162 -2.8295
v  29.0318 10.9789 -2.6428
v  34.3779 11.5195 -0.2038
v  35.8745 11.6967 0.9803
v  34.2808 11.7139 0.9862
v  42.0696 10.6238 0.2665
v  42.6769 10.5306 0.5795
v  42.6684 10.6285 0.6665
v  42.0559 10.7724 0.4638
v  32.0464 11.5582 -0.2824
v  32.1649 11.7369 0.9906
v  31.3251 11.5636 -0.2956
v  31.4589 11.0007 -2.4241
v  31.4638 10.7754 -2.5903
v  31.9441 10.7848 -2.5337
v  30.9768 10.9961 -2.4766
v  30.9724 11.1527 -2.2739
v  29.0279 11.1536 -2.4109
v  34.0841 10.0471 -2.7812
v  34.0888 10.1058 -2.6561
v  33.7035 10.0502 -2.7398
v  34.1187 10.3408 -2.4086
v  34.1234 10.4757 -2.3630
v  33.7415 10.4460 -2.4264
v  33.7353 10.2984 -2.4724
v  34.1939 11.5253 -0.2175
v  32.8875 11.5489 -0.2548
v  32.8928 11.3509 -1.5715
v  32.3839 9.7019 -3.4882
v  32.8623 9.7641 -3.3952
v  32.8661 9.8685 -3.0543
v  31.4191 9.4675 -4.2642
v  31.4543 11.1524 -2.2265
v  32.4119 11.3601 -1.5998
v  32.4148 11.2482 -1.9295
v  32.8960 11.2422 -1.8878
v  34.0799 9.9440 -3.0644
v  34.4571 10.0994 -2.6845
v  33.2856 9.7150 -3.8040
v  31.4298 9.7637 -3.0987
v  32.4245 10.1709 -2.6532
v  32.4135 10.0474 -2.7225
v  32.8920 10.0950 -2.6614
v  32.9035 10.2091 -2.5933
v  34.1064 11.3116 -1.4936
v  34.1102 11.2128 -1.7603
v  34.4799 11.2040 -1.7179
v  34.4742 11.3000 -1.4649
v  33.3311 11.0067 -2.2006
v  33.3263 11.1366 -2.0285
v  32.8997 11.1450 -2.0806
v  32.9044 11.0082 -2.2617
v  32.2883 11.5541 -0.2684
v  32.8861 11.7295 0.9897
v  31.4474 11.3746 -1.6544
v  30.9663 11.3795 -1.6808
v  32.4272 10.7947 -2.4766
v  32.9095 10.8038 -2.4175
v  31.4604 10.0980 -2.7670
v  31.4651 10.2859 -2.7260
v  33.2956 9.9923 -2.8190
v  32.8708 9.9324 -2.8976
v  34.1082 10.2458 -2.4678
v  33.3283 10.2542 -2.5324
v  33.3353 10.4066 -2.4877
v  32.9095 10.3682 -2.5504
v  34.1184 11.0095 -2.0806
v  34.1233 10.8385 -2.2217
v  34.4942 10.8505 -2.1571
v  31.8986 9.5261 -4.1664
v  33.6933 9.7713 -3.6728
v  6.7791 10.8114 -2.4698
v  6.7776 10.8575 -2.3220
v  0.6247 11.2030 -1.6044
v  0.6239 11.2417 -1.3549
v  12.8758 10.3816 -3.3871
v  14.9329 10.2181 -3.4993
v  14.9281 10.2859 -3.3340
v  12.8737 10.4377 -3.2200
v  8.7866 10.6127 -3.0434
v  10.8267 10.5030 -3.2508
v  10.8255 10.5507 -3.0873
v  8.7857 10.6566 -2.8865
v  16.9880 10.0157 -3.5604
v  19.0060 9.8120 -3.5830
v  18.9989 9.9312 -3.4482
v  16.9815 10.1058 -3.4093
v  21.0214 9.7930 -3.4468
v  21.0264 9.6424 -3.5607
v  23.0126 9.5322 -3.4950
v  23.0112 9.6935 -3.3950
v  26.9987 9.4329 -3.4340
v  27.0041 9.5460 -3.2783
v  25.0008 9.5007 -3.3908
v  24.9975 9.3836 -3.5431
v  29.0192 9.6441 -3.1686
v  30.9593 9.7995 -3.0043
v  30.9704 9.9135 -2.8924
v  35.8941 10.3775 -2.1549
v  34.4698 10.2197 -2.4750
v  34.4619 10.1558 -2.5720
v  31.9304 10.0008 -2.7831
v  31.9181 9.8984 -2.8888
v  32.4010 9.9518 -2.8256
v  4.7892 10.8802 -2.4217
v  6.7810 10.7339 -2.7694
v  6.7803 10.7731 -2.6180
v  4.7880 10.9130 -2.2767
v  33.7242 10.1976 -2.5348
v  33.7120 10.1176 -2.6220
v  34.0968 10.1702 -2.5482
v  31.4386 9.8481 -2.9473
v  31.4505 9.9561 -2.8385
v  32.8794 10.0057 -2.7612
v  33.3041 10.0626 -2.6917
v  33.3167 10.1471 -2.5981
v  8.7877 10.5702 -3.1985
v  26.9952 9.3428 -3.6207
v  24.9952 9.2920 -3.7262
v  12.8697 10.4984 -3.0673
v  10.8232 10.6032 -2.9307
v  8.7843 10.7016 -2.7334
v  31.9410 10.1338 -2.7129
v  0.6224 11.2755 -1.1398
v  2.6936 11.1811 -1.3258
v  0.6204 11.3133 -0.9368
v  12.8555 10.6636 -2.8252
v  10.8131 10.7301 -2.6488
v  10.8191 10.6615 -2.7779
v  12.8631 10.5705 -2.9326
v  14.9059 10.5923 -2.9865
v  14.9025 10.7711 -2.8897
v  12.8500 10.7954 -2.7237
v  29.0384 10.4220 -2.9235
v  30.9842 10.5069 -2.7359
v  30.9816 10.7646 -2.6455
v  21.0082 10.7794 -3.1391
v  21.0085 10.5000 -3.2497
v  23.0061 10.4554 -3.2432
v  23.0059 10.7423 -3.1363
v  16.9584 10.7682 -3.0159
v  16.9609 10.5441 -3.1138
v  18.9815 10.5188 -3.2030
v  18.9823 10.7777 -3.0998
v  35.9104 10.8526 -1.8777
v  35.9124 10.7285 -1.9531
v  34.4961 10.6733 -2.2437
v  25.0019 10.7127 -3.0739
v  25.0030 10.4238 -3.1761
v  27.0160 10.4440 -3.0601
v  31.9463 10.3146 -2.6719
v  31.9470 10.5440 -2.6217
v  31.4662 10.5255 -2.6799
v  33.7409 10.8225 -2.2874
v  33.7424 10.6245 -2.3658
v  34.1245 10.6489 -2.3090
v  32.9115 10.5785 -2.5034
v  32.4299 10.5604 -2.5639
v  32.4298 10.3407 -2.6109
v  33.3384 10.6018 -2.4329
v  33.3366 10.8122 -2.3516
v  4.7833 11.0169 -1.8524
v  6.7761 10.9054 -2.1711
v  6.7731 10.9546 -2.0273
v  4.7817 11.0540 -1.7136
v  4.7730 11.1356 -1.4636
v  4.7675 11.1865 -1.3568
v  6.7601 11.1604 -1.6634
v  10.8023 11.0784 -2.2845
v  12.8507 11.1349 -2.4336
v  16.9658 11.2633 -2.4215
v  14.9065 11.1531 -2.5622
v  16.9635 11.1604 -2.6483
v  18.9874 11.2704 -2.4592
v  21.0097 11.2759 -2.4643
v  23.0034 11.2580 -2.4684
v  23.0025 11.3967 -1.9809
v  24.9959 11.2422 -2.4246
v  31.9280 11.3685 -1.6278
v  31.9312 11.2533 -1.9708
v  33.7321 11.1299 -1.9757
v  35.8942 11.1416 -1.5468
v  40.0109 11.0760 -0.1905
v  40.6637 11.0198 0.0336
v  41.3629 10.9414 0.2816
v  30.9693 11.2618 -2.0526
v  31.4508 11.2582 -2.0121
v  34.1138 11.1248 -1.9236
v  0.6263 11.1267 -2.1214
v  0.6255 11.1760 -1.7877
v  8.7889 10.5337 -3.3546
v  4.7783 11.0916 -1.5843
v  12.8482 10.9624 -2.5996
v  14.9028 10.9789 -2.7539
v  16.9600 10.9996 -2.8587
v  33.7366 11.0073 -2.1405
v  24.9921 11.7414 0.9958
v  24.9936 8.2679 -12.3559
v  18.9971 8.3521 -12.4757
v  16.9831 8.9356 -10.3025
v  16.9771 8.4231 -12.5050
v  16.9806 8.7235 -11.4084
v  10.8259 8.5370 -12.5730
v  8.7956 -0.0000 -15.0062
v  8.7876 1.8883 -15.0075
v  8.7818 10.7526 -2.5798
v  8.7777 10.8093 -2.4347
v  8.7856 8.5699 -12.5731
v  0.6147 4.2653 -15.1924
v  0.6156 2.9803 -15.2307
v  0.6274 10.9708 -3.1944
v  0.6269 11.0485 -2.6579
v  0.6184 11.5887 0.2697
v  0.6273 10.6479 -5.3608
v  39.0035 6.8965 -5.9437
v  40.1682 6.8850 -4.5020
v  43.5662 7.8063 0.3750
v  42.7121 6.6822 -0.8767
v  42.1664 8.5587 -1.1524
v  42.1873 6.7551 -1.7104
v  12.8714 3.0089 -14.8925
v  42.1795 7.4212 -1.5611
v  42.1753 8.0700 -1.3515
v  31.9298 -0.0000 -14.3603
v  34.0138 -0.0000 -13.9388
v  40.1662 -0.0000 -4.9208
v  23.0333 -0.0000 -14.6085
v  42.2044 -0.0000 -2.0959
v  18.9892 11.7418 0.9970
v  4.7793 11.7363 0.9818
v  2.6975 11.7342 0.9779
v  8.7801 11.7396 0.9907
v  6.7798 11.7383 0.9869
v  12.8642 11.7410 0.9945
v  10.8223 11.7405 0.9930
v  16.9689 11.7415 0.9962
v  14.9166 11.7413 0.9953
v  37.3352 11.6301 0.9766
v  27.0014 11.7410 0.9947
v  0.6173 11.7408 0.9821
v  -4.2128 13.4604 1.2392
v  -11.0855 13.4576 1.2441
v  -11.1220 13.2621 1.2420
v  -4.2128 13.2451 1.2305
v  -11.3745 8.3858 0.0156
v  -11.3329 8.3858 1.2054
v  -11.3332 13.2588 1.2050
v  -11.3745 13.3029 0.0156
v  38.8309 13.4984 1.2053
v  38.8308 13.5398 0.0156
v  37.3242 13.5398 0.0156
v  37.3243 13.4984 1.2053
v  41.2975 13.5398 0.0156
v  40.6045 13.5398 0.0156
v  40.6047 13.4984 1.2053
v  41.2976 13.4984 1.2053
v  47.2012 4.9578 0.0156
v  47.2012 5.7373 0.0156
v  47.1599 5.7373 1.2054
v  47.1599 4.9579 1.2054
v  -11.1586 13.5414 0.0156
v  -11.2514 13.5214 0.0156
v  -11.2171 13.4804 1.2037
v  -11.1171 13.4998 1.2048
v  -11.3341 13.2865 1.2046
v  -11.3201 13.3932 1.2033
v  -11.3633 13.4229 0.0156
v  -11.3755 13.3293 0.0156
v  -11.2835 13.4401 1.2030
v  -11.3241 13.4769 0.0156
v  47.1599 8.0539 1.2054
v  47.2013 8.0539 0.0156
v  47.2014 8.4307 0.0156
v  47.1599 8.4307 1.2054
v  47.1460 13.3942 1.2053
v  47.1824 13.4211 0.0156
v  47.1412 13.4890 0.0156
v  47.1101 13.4559 1.2048
v  -4.2126 13.5398 0.0156
v  -11.1374 13.5398 0.0156
v  -11.0935 13.4984 1.2053
v  -4.2126 13.4984 1.2053
v  -11.3329 5.9634 1.2054
v  -11.3745 5.9633 0.0156
v  -11.3745 4.1691 0.0156
v  -11.3329 4.1691 1.2054
v  47.0257 13.5419 0.0156
v  46.9185 13.5398 0.0156
v  46.9177 13.4984 1.2053
v  47.0138 13.5006 1.2051
v  47.0688 13.4880 1.2047
v  47.0912 13.5271 0.0156
v  47.2023 13.2354 0.0156
v  47.2002 13.3456 0.0156
v  47.1601 13.3357 1.2055
v  47.1611 13.2362 1.2055
v  -1.5251 13.4610 1.2389
v  -1.5250 13.2449 1.2305
v  0.6146 13.2449 1.2305
v  0.6146 13.4611 1.2389
v  -11.1225 2.3823 1.2415
v  -11.1226 4.1691 1.2415
v  -11.2954 4.1691 1.2447
v  -11.2959 2.3824 1.2447
v  46.8684 13.5398 0.0156
v  44.7462 13.5398 0.0156
v  44.7462 13.4984 1.2053
v  46.8677 13.4984 1.2053
v  47.1599 9.9240 1.2053
v  47.2017 9.9241 0.0156
v  47.2018 10.2691 0.0156
v  47.1599 10.2690 1.2053
v  40.6047 13.4610 1.2389
v  40.6047 13.2446 1.2305
v  41.2976 13.2446 1.2305
v  41.2976 13.4611 1.2390
v  46.9243 9.9242 1.2263
v  46.9250 8.8076 1.2253
v  47.1229 8.8076 1.2355
v  47.1230 9.9241 1.2358
v  47.1228 5.7374 1.2354
v  46.9251 5.7374 1.2252
v  46.9251 4.9579 1.2252
v  47.1228 4.9579 1.2354
v  43.7155 13.5398 0.0156
v  41.9795 13.5398 0.0156
v  41.9795 13.4984 1.2053
v  43.7155 13.4984 1.2053
v  41.9795 13.4610 1.2390
v  41.9795 13.2446 1.2306
v  43.7157 13.2442 1.2313
v  43.7156 13.4613 1.2394
v  47.1599 8.8075 1.2054
v  47.2015 8.8075 0.0156
v  47.1229 8.4308 1.2354
v  46.9250 8.4307 1.2253
v  46.9250 8.0539 1.2253
v  47.1228 8.0540 1.2354
v  44.2309 13.5398 0.0156
v  44.2309 13.4984 1.2053
v  44.2311 13.2438 1.2319
v  44.2310 13.4611 1.2396
v  45.9516 10.3026 1.1820
v  46.9242 10.2693 1.2264
v  46.9238 10.6133 1.2270
v  45.8521 10.6835 1.1817
v  47.1599 10.6139 1.2053
v  47.2020 10.6140 0.0156
v  47.2022 13.1894 0.0156
v  47.1611 13.1895 1.2054
v  46.9166 13.2399 1.2371
v  45.6763 11.0475 1.1798
v  47.1225 10.2692 1.2360
v  44.7466 13.2435 1.2323
v  44.7465 13.4608 1.2400
v  46.0088 9.9464 1.1821
v  46.0717 8.8079 1.1819
v  46.0763 8.0540 1.1818
v  46.0738 8.4308 1.1819
v  47.1216 10.6144 1.2366
v  47.1101 13.3954 1.2429
v  47.1209 13.3382 1.2423
v  38.8309 12.1002 1.1858
v  38.8309 13.2446 1.2305
v  37.3243 13.2446 1.2305
v  37.3243 12.1002 1.1858
v  41.2976 12.0883 1.1853
v  40.6065 12.0945 1.1855
v  41.9797 12.0829 1.1853
v  43.7380 11.9891 1.1844
v  44.2775 11.8992 1.1835
v  46.8642 13.4622 1.2419
v  44.8208 11.7363 1.1819
v  47.1226 13.1864 1.2407
v  45.4467 11.3412 1.1791
v  45.1532 11.5760 1.1804
v  -11.2922 13.2494 1.2437
v  -11.2951 8.3858 1.2448
v  -11.1229 8.3858 1.2415
v  -11.1375 13.4580 1.2441
v  -11.2001 13.4443 1.2449
v  -11.2781 13.3660 1.2446
v  -11.2921 13.3015 1.2437
v  -11.2456 13.4130 1.2449
v  46.0787 1.9192 1.1818
v  46.9252 1.9192 1.2252
v  46.9252 3.0620 1.2252
v  46.0787 3.0620 1.1818
v  40.6057 11.7445 1.1559
v  39.9616 11.7687 1.1564
v  39.9636 11.6540 1.1118
v  40.6089 11.6104 1.1104
v  44.9937 8.0414 1.0895
v  45.4289 8.0467 1.1419
v  45.4091 8.4150 1.1421
v  44.9565 8.4009 1.0915
v  45.1735 4.0113 1.0746
v  45.5211 4.0105 1.1385
v  45.5122 4.9588 1.1403
v  45.1571 4.9597 1.0792
v  0.6146 13.4984 1.2053
v  0.6146 13.5398 0.0156
v  -1.5250 13.5398 0.0156
v  -1.5251 13.4984 1.2053
v  4.7801 13.4611 1.2389
v  4.7802 13.2449 1.2305
v  6.7805 13.2448 1.2305
v  6.7804 13.4611 1.2389
v  4.7800 11.8029 1.1285
v  6.7803 11.8029 1.1285
v  6.7803 11.8513 1.1613
v  4.7800 11.8513 1.1613
v  6.7804 13.4984 1.2053
v  6.7805 13.5398 0.0156
v  4.7802 13.5398 0.0156
v  4.7801 13.4984 1.2053
v  6.7803 12.1002 1.1858
v  4.7800 12.1002 1.1858
v  10.8225 13.4611 1.2389
v  10.8226 13.2448 1.2305
v  12.8644 13.2448 1.2305
v  12.8643 13.4611 1.2389
v  10.8225 11.8030 1.1285
v  12.8643 11.8031 1.1285
v  12.8643 11.8514 1.1614
v  10.8225 11.8513 1.1614
v  12.8644 13.4984 1.2053
v  12.8645 13.5398 0.0156
v  10.8227 13.5398 0.0156
v  10.8226 13.4984 1.2053
v  12.8643 12.1002 1.1858
v  10.8225 12.1002 1.1858
v  16.9690 13.4611 1.2389
v  16.9691 13.2448 1.2305
v  18.9893 13.2448 1.2305
v  18.9893 13.4611 1.2389
v  16.9691 11.8034 1.1282
v  18.9893 11.8036 1.1279
v  18.9893 11.8519 1.1619
v  16.9691 11.8517 1.1616
v  18.9893 13.4984 1.2053
v  18.9893 13.5398 0.0156
v  16.9692 13.5398 0.0156
v  16.9691 13.4984 1.2053
v  18.9893 12.1002 1.1858
v  16.9691 12.1002 1.1858
v  23.0008 13.4611 1.2389
v  23.0008 13.2447 1.2305
v  24.9922 13.2447 1.2305
v  24.9922 13.4611 1.2389
v  23.0008 11.8036 1.1279
v  24.9921 11.8034 1.1281
v  24.9921 11.8518 1.1617
v  23.0008 11.8520 1.1619
v  24.9922 13.4984 1.2053
v  24.9921 13.5398 0.0156
v  23.0008 13.5398 0.0156
v  23.0008 13.4984 1.2053
v  24.9921 12.1002 1.1858
v  23.0008 12.1002 1.1858
v  29.0202 13.4610 1.2389
v  29.0202 13.2447 1.2305
v  31.2020 13.2447 1.2305
v  31.2020 13.4610 1.2389
v  29.0201 11.8037 1.1283
v  31.2020 11.8041 1.1280
v  31.2020 11.8525 1.1622
v  29.0201 11.8520 1.1619
v  31.2020 13.4984 1.2053
v  31.2020 13.5398 0.0156
v  29.0200 13.5398 0.0156
v  29.0202 13.4984 1.2053
v  31.2020 12.1002 1.1858
v  29.0202 12.1002 1.1858
v  32.8835 13.4610 1.2389
v  32.8835 13.2446 1.2305
v  33.5106 13.2446 1.2305
v  33.5106 13.4610 1.2389
v  35.8686 11.7783 1.1237
v  35.8675 11.8413 1.1620
v  34.2785 11.8458 1.1621
v  34.2790 11.7888 1.1253
v  35.8668 13.4984 1.2053
v  35.8668 13.5398 0.0156
v  34.2780 13.5398 0.0156
v  34.2780 13.4984 1.2053
v  35.8668 12.1002 1.1858
v  35.8668 13.2446 1.2305
v  34.2780 13.2446 1.2305
v  34.2780 12.1002 1.1858
v  37.3243 13.4610 1.2389
v  38.8309 13.4610 1.2389
v  37.3274 11.7331 1.1177
v  38.8331 11.6876 1.1137
v  38.8316 11.7879 1.1573
v  37.3254 11.8145 1.1592
v  47.2012 1.9192 0.0156
v  47.1599 1.9192 1.2054
v  47.2012 3.0619 0.0156
v  47.2012 4.0100 0.0156
v  47.1599 4.0100 1.2054
v  47.1599 3.0619 1.2054
v  47.1599 6.5157 1.2054
v  47.2012 6.5156 0.0156
v  47.2012 7.0925 0.0156
v  47.1599 7.0926 1.2054
v  47.1228 1.9192 1.2354
v  47.1228 4.0101 1.2354
v  46.9252 4.0100 1.2252
v  47.1228 3.0620 1.2354
v  46.9251 6.5157 1.2252
v  47.1228 6.5157 1.2354
v  47.1228 7.0926 1.2354
v  46.9250 7.0926 1.2252
v  46.0787 6.5157 1.1818
v  46.0787 7.0926 1.1818
v  46.0787 4.0101 1.1818
v  46.0787 4.9579 1.1818
v  45.1880 1.9208 1.0668
v  45.5319 1.9199 1.1350
v  45.5265 3.0630 1.1369
v  45.1812 3.0635 1.0710
v  45.0649 7.0950 1.0860
v  44.6798 7.0986 0.9929
v  44.7281 6.5221 0.9899
v  45.0983 6.5186 1.0847
v  -11.3329 1.1912 1.2054
v  -11.3745 1.1912 0.0156
v  -11.3745 2.3824 0.0156
v  -11.3329 2.3824 1.2054
v  -11.3745 7.1571 0.0156
v  -11.3329 7.1571 1.2054
v  -11.2951 5.9634 1.2447
v  -11.1227 5.9634 1.2415
v  -11.1227 7.1571 1.2415
v  -11.2951 7.1571 1.2447
v  -11.2971 1.1911 1.2447
v  -11.1224 1.1912 1.2415
v  41.9915 11.4563 1.0977
v  42.0084 11.2722 1.0209
v  42.9281 11.0122 1.0374
v  43.1812 11.2474 1.1099
v  44.9185 8.7629 1.0934
v  45.3887 8.7841 1.1423
v  45.1984 10.1289 1.1511
v  44.6752 9.8674 1.1086
v  44.8578 10.8091 1.1575
v  44.3559 10.4719 1.1161
v  43.8508 10.9474 1.1153
v  44.1711 11.2872 1.1584
v  43.4471 11.5103 1.1576
v  39.9604 13.5398 0.0156
v  39.9606 13.4984 1.2053
v  39.9606 13.4610 1.2389
v  39.9606 13.2446 1.2305
v  39.9624 12.1002 1.1858
v  41.9836 11.6638 1.1521
v  41.2991 11.7126 1.1528
v  41.3026 11.5477 1.1033
v  39.9770 11.5017 0.9617
v  40.6314 11.4204 0.9454
v  40.6170 11.5045 1.0468
v  39.9681 11.5650 1.0512
v  40.6049 11.9075 1.1786
v  39.9609 11.9152 1.1791
v  44.1965 8.0415 0.8505
v  44.5782 8.0387 0.9984
v  44.5244 8.3904 1.0003
v  44.1188 8.3973 0.8506
v  45.8757 8.4311 1.1718
v  45.8785 8.0542 1.1717
v  44.8117 4.9607 0.9807
v  44.4757 4.9618 0.8496
v  44.5031 4.0129 0.8467
v  44.8336 4.0122 0.9743
v  45.5048 5.7380 1.1419
v  45.8832 4.9582 1.1718
v  45.8825 5.7374 1.1717
v  6.7803 11.7409 1.0119
v  6.7803 11.7666 1.0878
v  4.7800 11.7666 1.0879
v  4.7800 11.7402 1.0094
v  6.7803 11.9285 1.1807
v  4.7800 11.9285 1.1807
v  12.8643 11.7419 1.0156
v  12.8643 11.7666 1.0877
v  10.8225 11.7666 1.0877
v  10.8225 11.7417 1.0149
v  12.8643 11.9285 1.1807
v  10.8225 11.9285 1.1807
v  18.9893 11.7423 1.0171
v  18.9893 11.7660 1.0873
v  16.9691 11.7663 1.0875
v  16.9691 11.7422 1.0165
v  18.9893 11.9283 1.1807
v  16.9691 11.9284 1.1807
v  24.9921 11.7421 1.0163
v  24.9921 11.7663 1.0874
v  23.0008 11.7660 1.0872
v  23.0008 11.7421 1.0168
v  24.9921 11.9284 1.1807
v  23.0008 11.9283 1.1807
v  31.2023 11.7416 1.0146
v  31.2022 11.7660 1.0873
v  29.0201 11.7663 1.0875
v  29.0202 11.7418 1.0153
v  31.2020 11.9282 1.1807
v  29.0202 11.9283 1.1807
v  35.8713 11.7292 1.0742
v  34.2795 11.7440 1.0792
v  34.2801 11.7154 1.0061
v  35.8733 11.6987 1.0008
v  33.5107 11.9268 1.1805
v  32.8836 11.9273 1.1805
v  32.8838 11.8498 1.1622
v  33.5109 11.8480 1.1621
v  37.3337 11.6297 0.9890
v  38.8408 11.5585 0.9763
v  38.8358 11.6102 1.0558
v  37.3298 11.6701 1.0633
v  37.3245 11.9207 1.1797
v  38.8311 11.9174 1.1793
v  45.8856 1.9192 1.1720
v  44.8504 1.9203 0.9691
v  44.8429 3.0634 0.9716
v  44.5161 3.0634 0.8462
v  44.5278 1.9198 0.8460
v  45.8848 3.0622 1.1719
v  45.8840 4.0101 1.1718
v  45.4823 6.5165 1.1417
v  45.8820 6.5158 1.1717
v  45.8816 7.0927 1.1717
v  45.4656 7.0932 1.1417
v  44.3129 7.1036 0.8515
v  44.3725 6.5266 0.8518
v  43.7172 11.7922 1.1769
v  41.9805 11.8918 1.1781
v  42.0352 11.1120 0.9030
v  42.7021 10.8260 0.8849
v  44.4693 8.7459 1.0021
v  44.0049 8.8788 0.8474
v  44.2032 9.7261 1.0265
v  43.7145 9.7123 0.8550
v  45.8729 8.8080 1.1718
v  45.8091 9.9259 1.1723
v  45.7532 10.2714 1.1728
v  43.9347 10.1967 1.0287
v  45.6615 10.6148 1.1734
v  45.5031 10.9428 1.1737
v  43.2533 10.4315 0.8660
v  43.5642 10.6620 1.0361
v  44.2327 11.7050 1.1764
v  44.7492 11.5488 1.1754
v  45.0471 11.4052 1.1750
v  41.3340 11.2980 0.9243
v  41.3135 11.4107 1.0341
v  41.2981 11.9003 1.1783
v  45.3033 11.2004 1.1743
v  44.8549 -0.0000 0.9704
v  2.6975 13.2449 1.2305
v  2.6974 13.4611 1.2389
v  2.6973 11.8513 1.1613
v  0.6149 11.8550 1.1633
v  0.6151 11.8049 1.1292
v  2.6974 11.8029 1.1285
v  2.6975 13.5398 0.0156
v  2.6974 13.4984 1.2053
v  0.6145 12.1002 1.1858
v  2.6973 12.1002 1.1858
v  0.6155 11.7668 1.0860
v  0.6157 11.7442 1.0145
v  2.6974 11.7394 1.0082
v  2.6974 11.7663 1.0874
v  2.6973 11.9285 1.1807
v  0.6145 11.9276 1.1806
v  8.7808 13.2448 1.2305
v  8.7806 13.4611 1.2389
v  8.7806 11.8513 1.1613
v  8.7806 11.8029 1.1285
v  8.7808 13.5398 0.0156
v  8.7807 13.4984 1.2053
v  8.7806 12.1002 1.1858
v  8.7806 11.7414 1.0137
v  8.7806 11.7666 1.0878
v  8.7806 11.9285 1.1807
v  14.9168 13.2448 1.2305
v  14.9167 13.4611 1.2389
v  14.9167 11.8514 1.1614
v  14.9167 11.8031 1.1285
v  14.9169 13.5398 0.0156
v  14.9167 13.4984 1.2053
v  14.9167 12.1002 1.1858
v  14.9167 11.7420 1.0160
v  14.9167 11.7666 1.0877
v  14.9167 11.9285 1.1807
v  21.0095 13.2447 1.2305
v  21.0095 13.4611 1.2389
v  21.0095 11.8522 1.1621
v  21.0095 11.8038 1.1276
v  21.0095 13.5398 0.0156
v  21.0095 13.4984 1.2053
v  21.0095 12.1002 1.1858
v  21.0095 11.7423 1.0173
v  21.0095 11.7657 1.0871
v  21.0095 11.9282 1.1807
v  27.0013 13.2447 1.2305
v  27.0012 13.4610 1.2389
v  27.0012 11.8516 1.1615
v  27.0012 11.8033 1.1285
v  27.0011 13.5398 0.0156
v  27.0012 13.4984 1.2053
v  27.0012 12.1002 1.1858
v  27.0012 11.7419 1.0157
v  27.0012 11.7666 1.0876
v  27.0012 11.9285 1.1807
v  32.1632 13.2446 1.2305
v  32.1632 13.4610 1.2389
v  32.1633 11.8519 1.1623
v  32.1636 11.8026 1.1276
v  32.1632 13.5398 0.0156
v  32.1632 13.4984 1.2053
v  32.1632 12.1002 1.1858
v  32.1647 11.7385 1.0130
v  32.1642 11.7635 1.0862
v  32.1632 11.9279 1.1806
v  34.2780 13.4610 1.2389
v  35.8668 13.4610 1.2389
v  34.2781 11.9260 1.1804
v  35.8670 11.9245 1.1802
v  32.8843 11.7979 1.1267
v  33.5114 11.7937 1.1260
v  32.8835 13.4984 1.2053
v  32.8835 13.5398 0.0156
v  33.5106 13.4984 1.2053
v  33.5106 13.5398 0.0156
v  32.8835 12.1002 1.1858
v  33.5106 12.1002 1.1858
v  32.8858 11.7310 1.0113
v  32.8851 11.7569 1.0838
v  33.5130 11.7241 1.0093
v  33.5122 11.7511 1.0817
v  45.1433 5.7395 1.0829
v  46.0787 5.7374 1.1818
v  44.7932 5.7418 0.9858
v  44.4534 5.7447 0.8522
v  47.2012 7.6770 0.0156
v  47.1599 7.6771 1.2054
v  47.1228 7.6772 1.2354
v  46.9250 7.6771 1.2252
v  46.0787 7.6772 1.1818
v  45.0309 7.6804 1.0874
v  44.6305 7.6851 0.9959
v  45.8813 7.6773 1.1717
v  45.4488 7.6780 1.1416
v  44.2514 7.6914 0.8509
v  47.1226 13.2380 1.2408
v  47.0887 13.4262 1.2431
v  47.0573 13.4488 1.2431
v  47.0072 13.4607 1.2428
v  46.9152 13.4623 1.2419
v  -5.0919 11.7576 1.1709
v  -4.2215 11.8593 1.1651
v  -4.2170 11.9257 1.1803
v  -5.1026 11.8049 1.1796
v  -5.9289 11.3967 1.1686
v  -5.9591 11.4524 1.1795
v  -6.6500 10.8386 1.1684
v  -6.7066 10.8875 1.1787
v  -7.2112 10.1184 1.1677
v  -7.2757 10.1465 1.1792
v  -7.5506 9.2741 1.1629
v  -7.6157 9.2837 1.1793
v  -7.6581 8.3967 1.1615
v  -7.7459 8.3923 1.1795
v  -1.5250 11.9270 1.1805
v  -1.5249 11.8604 1.1656
v  -7.5883 1.1913 1.0831
v  -7.5694 1.1911 1.0172
v  -7.5696 2.3825 1.0144
v  -7.5877 2.3826 1.0835
v  -3.0906 10.8619 -4.6402
v  -4.6058 10.6768 -4.3806
v  -4.3560 10.0921 -6.7857
v  -2.9621 10.4006 -6.9314
v  -5.4029 10.2772 -4.3225
v  -5.1088 9.6364 -6.7479
v  -5.9447 9.6349 -4.4387
v  -5.5892 9.0469 -6.8421
v  -6.2643 8.8845 -4.6378
v  -5.9102 8.3804 -7.0067
v  -6.4728 8.1095 -4.8303
v  -6.1339 7.6582 -7.1685
v  -6.6508 7.1454 -4.9749
v  -6.3017 6.7936 -7.3433
v  -6.8964 1.1931 -4.9799
v  -6.6010 1.1950 -7.2935
v  -6.5851 2.3898 -7.2905
v  -6.8851 2.3881 -4.9775
v  -1.5203 10.8130 -4.9584
v  -1.5288 10.4205 -7.1267
v  -2.7819 9.4009 -10.6412
v  -3.9668 9.0103 -10.5764
v  -3.8831 8.4919 -12.0043
v  -2.7612 8.8609 -12.1015
v  -2.8366 9.8364 -9.2024
v  -4.1086 9.4397 -9.1679
v  -4.8338 11.1757 -1.9363
v  -3.1814 11.2358 -2.3211
v  -3.1830 11.3554 -1.4328
v  -4.9263 11.3769 -0.7415
v  -4.4737 8.4800 -10.9727
v  -4.5652 8.5781 -10.5512
v  -4.7774 8.9617 -9.1501
v  -5.7804 11.0327 -0.7659
v  -4.9822 11.4804 0.0485
v  -5.8703 11.2934 0.9885
v  -5.6695 10.8377 -1.8533
v  -4.9321 8.1337 -10.6965
v  -4.7735 8.0265 -11.3315
v  -5.1986 8.4669 -9.2378
v  -6.5822 10.7435 0.9635
v  -6.3771 10.4050 -0.8386
v  -6.2409 10.1727 -1.9945
v  -5.2019 7.6353 -10.9106
v  -5.0090 7.5328 -11.7130
v  -5.5109 7.9064 -9.3734
v  -7.0951 10.0527 0.9625
v  -6.7517 9.6375 -0.9381
v  -6.5841 9.3854 -2.2468
v  -5.4652 6.9806 -11.1324
v  -5.2535 6.8481 -12.0865
v  -5.7642 7.2397 -9.5080
v  -7.3681 9.2391 0.9450
v  -6.9834 8.8300 -1.0502
v  -6.7920 8.5646 -2.4803
v  -5.7143 5.9601 -11.2833
v  -5.4735 5.8525 -12.3719
v  -5.9802 6.3974 -9.5808
v  -7.4914 8.4096 0.9692
v  -7.1313 8.0072 -1.1174
v  -6.9406 7.7375 -2.5687
v  -5.6319 1.1933 -12.6683
v  -5.2977 1.1906 -13.6312
v  -5.2974 2.3887 -13.6344
v  -5.6223 2.3895 -12.6675
v  -6.2634 1.1958 -9.6032
v  -5.8807 1.1952 -11.6837
v  -5.8659 2.3903 -11.6809
v  -6.2470 2.3910 -9.6004
v  -7.5383 7.1648 0.9687
v  -7.2183 7.1786 -1.1239
v  -7.0100 7.1856 -2.5748
v  -1.5437 9.4945 -10.7474
v  -1.5460 8.9457 -12.2406
v  -1.5390 9.9204 -9.2757
v  -1.5180 11.1365 -2.7760
v  -3.8686 8.0421 -12.9562
v  -2.7845 8.2992 -13.2637
v  -4.2845 7.9531 -12.5170
v  -4.1361 8.4298 -11.7450
v  -1.5446 8.3748 -13.3824
v  -3.8868 7.4570 -13.8447
v  -2.7971 7.4980 -14.2933
v  -4.4111 7.4334 -13.2349
v  -1.5397 7.5564 -14.3685
v  -3.8672 6.5923 -14.5701
v  -2.7483 6.5401 -14.8347
v  -4.5852 6.6791 -13.9281
v  -1.5353 6.5808 -14.8869
v  -3.8411 5.5386 -14.8868
v  -2.7149 5.5029 -15.0510
v  -4.7033 5.6495 -14.3194
v  -1.5332 5.5264 -15.0868
v  -2.7304 4.2148 -15.1505
v  -3.8843 4.2234 -15.0050
v  -4.7622 4.2351 -14.4768
v  -1.5310 4.2216 -15.1723
v  -7.9220 1.1912 1.1816
v  -7.9220 2.3823 1.1816
v  -4.2279 12.1000 1.1856
v  -1.5250 12.1002 1.1858
v  -7.7836 9.3282 1.1805
v  -7.9220 8.4054 1.1816
v  -5.1475 11.9799 1.1835
v  -6.0478 11.6102 1.1815
v  -6.8361 11.0177 1.1805
v  -7.4330 10.2340 1.1806
v  -1.5290 11.4930 -0.2603
v  -1.5285 11.5806 0.0215
v  -1.5235 11.4584 -0.4424
v  -1.5218 11.4323 -0.6180
v  -3.7487 11.5497 0.0311
v  -1.5212 11.4015 -0.8202
v  -3.3176 11.4773 -0.4969
v  -1.5202 11.3669 -1.0539
v  -3.2415 11.4411 -0.7776
v  -1.5192 11.3435 -1.2319
v  -5.0004 11.5130 0.3181
v  -1.5181 11.2393 -2.0241
v  -1.5187 11.3020 -1.5477
v  -3.1715 11.3902 -1.1589
v  -4.1692 11.6039 0.4670
v  -5.0213 11.5371 0.5495
v  -5.0555 11.6125 0.9828
v  -4.2161 11.7010 0.8526
v  -4.1992 11.6606 0.6939
v  -1.5263 11.7196 0.5252
v  -7.5653 7.1602 1.0740
v  -7.5421 7.1628 0.9974
v  -7.4950 8.4081 0.9862
v  -7.5308 8.4041 1.0614
v  -7.5565 5.9670 0.9726
v  -7.2969 5.9761 -1.1303
v  -7.1042 5.9809 -2.6464
v  -6.7849 5.9973 -4.9638
v  -7.9220 7.1571 1.1816
v  -7.5783 5.9647 1.0802
v  -7.5598 5.9657 1.0034
v  -6.4415 6.0094 -7.2710
v  -6.0514 5.9919 -9.5722
v  -7.9220 5.9634 1.1816
v  -7.5659 4.2101 0.9804
v  -7.3304 4.2121 -1.1311
v  -7.1525 4.2136 -2.6533
v  -6.8630 4.2161 -4.9750
v  -7.5851 4.2097 1.0837
v  -7.5685 4.2098 1.0101
v  -6.5426 4.2185 -7.2867
v  -5.5746 4.2268 -12.6202
v  -5.2681 4.2337 -13.5777
v  -5.1754 5.7488 -13.3923
v  -6.1921 4.2227 -9.5954
v  -5.8105 4.2228 -11.6466
v  -3.8803 2.3846 -15.0291
v  -2.8906 2.3881 -15.1839
v  -4.7633 2.3852 -14.5098
v  -1.5283 2.8083 -15.2151
v  -7.9220 4.2092 1.1816
v  -7.5679 2.3823 0.9884
v  -7.3350 2.3846 -1.1301
v  -7.1581 2.3858 -2.6558
v  -7.6804 1.1913 1.1652
v  -7.7496 1.1912 1.1799
v  -2.9011 1.1915 -15.1834
v  -3.8648 1.1891 -15.0144
v  -4.7473 1.1873 -14.4944
v  -7.3306 1.1883 -1.1291
v  -7.5681 1.1909 0.9932
v  -7.1611 1.1903 -2.6575
v  -4.2290 11.7629 1.0769
v  -4.2249 11.8079 1.1281
v  -5.0812 11.7091 1.1350
v  -5.0671 11.6509 1.0701
v  -5.9058 11.3520 1.1365
v  -5.8839 11.3148 1.0893
v  -6.6154 10.8087 1.1407
v  -6.5899 10.7846 1.0929
v  -7.1715 10.1022 1.1347
v  -7.1317 10.0810 1.0670
v  -7.4886 9.2648 1.1190
v  -7.4267 9.2537 1.0500
v  -7.5883 8.4010 1.1195
v  -1.5248 11.8118 1.1315
v  -1.5251 11.7761 1.0885
v  -7.6280 1.1915 1.1297
v  -7.6266 2.3826 1.1298
v  -7.6790 2.3824 1.1652
v  -7.6104 7.1580 1.1265
v  -7.6690 7.1573 1.1644
v  -7.6183 5.9638 1.1284
v  -7.6733 5.9636 1.1648
v  -7.6234 4.2094 1.1294
v  -7.6766 4.2093 1.1651
v  -7.7493 2.3824 1.1799
v  -7.7474 7.1571 1.1796
v  -7.7482 5.9634 1.1797
v  -7.7488 4.2092 1.1798
v  -5.0567 11.6132 0.9976
v  -4.2329 11.7382 1.0052
v  -5.8712 11.2962 1.0144
v  -6.5835 10.7509 0.9947
v  -7.0948 10.0602 0.9819
v  -7.3739 9.2442 0.9569
v  -1.5253 11.7601 1.0213
v  -1.5256 11.7585 0.9968
v  -4.2326 11.7314 0.9684
v  -4.5541 7.9643 -11.9564
v  -4.3327 8.4249 -11.3847
v  -4.7494 7.4672 -12.5042
v  -4.9875 6.7536 -13.0380
v  -11.6050 13.3023 -0.0000
v  -11.6050 8.3858 -0.0000
v  -11.3951 8.3858 -0.0000
v  -11.3951 13.3023 -0.0000
v  38.8308 13.7703 0.0000
v  37.3242 13.7703 0.0000
v  37.3242 13.5604 0.0000
v  38.8308 13.5604 0.0000
v  41.2975 13.7703 0.0000
v  40.6045 13.7703 0.0000
v  40.6045 13.5604 0.0000
v  41.2975 13.5604 0.0000
v  47.4318 4.9578 0.0000
v  47.4318 5.7373 0.0000
v  47.2219 5.7373 0.0000
v  47.2219 4.9578 0.0000
v  -11.1851 13.7703 -0.0000
v  -11.3408 13.7338 -0.0000
v  -11.2592 13.5411 -0.0000
v  -11.1596 13.5623 -0.0000
v  -11.5755 13.5122 -0.0000
v  -11.6050 13.3505 -0.0000
v  -11.3963 13.3302 -0.0000
v  -11.3832 13.4310 -0.0000
v  -11.4830 13.6439 -0.0000
v  -11.3386 13.4927 -0.0000
v  47.4318 8.0539 0.0000
v  47.4319 8.4307 0.0000
v  47.2220 8.4307 0.0000
v  47.2220 8.0539 0.0000
v  47.3941 13.5121 0.0000
v  47.3108 13.6448 0.0000
v  47.1570 13.5031 0.0000
v  47.2019 13.4290 0.0000
v  -4.2126 13.7703 -0.0000
v  -11.1374 13.7703 -0.0000
v  -11.1358 13.5604 -0.0000
v  -4.2126 13.5604 -0.0000
v  -11.6050 5.9633 -0.0000
v  -11.6050 4.1691 -0.0000
v  -11.3951 4.1691 -0.0000
v  -11.3951 5.9633 -0.0000
v  47.0556 13.7703 0.0000
v  46.9184 13.7703 0.0000
v  46.9184 13.5604 0.0000
v  47.0277 13.5626 0.0000
v  47.1918 13.7342 0.0000
v  47.1002 13.5463 0.0000
v  47.4328 13.2394 0.0000
v  47.4284 13.3781 0.0000
v  47.2209 13.3482 0.0000
v  47.2229 13.2358 0.0000
v  46.8684 13.7703 0.0000
v  44.7462 13.7703 0.0000
v  44.7462 13.5604 0.0000
v  46.8684 13.5604 0.0000
v  47.4323 9.9240 0.0000
v  47.4324 10.2690 0.0000
v  47.2225 10.2691 0.0000
v  47.2224 9.9241 0.0000
v  43.7155 13.7703 0.0000
v  41.9795 13.7703 0.0000
v  41.9795 13.5604 0.0000
v  43.7155 13.5604 0.0000
v  47.4320 8.8075 0.0000
v  47.2221 8.8075 0.0000
v  44.2309 13.7703 0.0000
v  44.2309 13.5604 0.0000
v  47.4325 10.6139 0.0000
v  47.4328 13.1894 0.0000
v  47.2229 13.1894 0.0000
v  47.2226 10.6140 0.0000
v  0.6146 13.7703 0.0000
v  -1.5250 13.7703 -0.0000
v  -1.5250 13.5604 -0.0000
v  0.6146 13.5604 0.0000
v  6.7805 13.7703 0.0000
v  4.7802 13.7703 0.0000
v  4.7802 13.5604 0.0000
v  6.7805 13.5604 0.0000
v  12.8645 13.7703 0.0000
v  10.8227 13.7703 0.0000
v  10.8227 13.5604 0.0000
v  12.8645 13.5604 0.0000
v  18.9893 13.7703 0.0000
v  16.9692 13.7703 0.0000
v  16.9692 13.5604 0.0000
v  18.9893 13.5604 0.0000
v  24.9921 13.7703 0.0000
v  23.0008 13.7703 0.0000
v  23.0008 13.5604 0.0000
v  24.9921 13.5604 0.0000
v  31.2020 13.7703 0.0000
v  29.0200 13.7703 0.0000
v  29.0200 13.5604 0.0000
v  31.2020 13.5604 0.0000
v  35.8668 13.7703 0.0000
v  34.2780 13.7703 0.0000
v  34.2780 13.5604 0.0000
v  35.8668 13.5604 0.0000
v  47.4318 1.9192 0.0000
v  47.2219 1.9192 0.0000
v  47.4318 3.0619 0.0000
v  47.4318 4.0100 0.0000
v  47.2219 4.0100 0.0000
v  47.2219 3.0619 0.0000
v  47.4318 6.5156 0.0000
v  47.4318 7.0925 0.0000
v  47.2219 7.0925 0.0000
v  47.2219 6.5156 0.0000
v  -11.6050 1.1912 -0.0000
v  -11.3951 1.1912 -0.0000
v  -11.6050 2.3824 -0.0000
v  -11.3951 2.3824 -0.0000
v  -11.6050 7.1571 -0.0000
v  -11.3951 7.1571 -0.0000
v  39.9604 13.7703 0.0000
v  39.9604 13.5604 0.0000
v  2.6975 13.7703 0.0000
v  2.6975 13.5604 0.0000
v  8.7808 13.7703 0.0000
v  8.7808 13.5604 0.0000
v  14.9169 13.7703 0.0000
v  14.9169 13.5604 0.0000
v  21.0095 13.7703 0.0000
v  21.0095 13.5604 0.0000
v  27.0011 13.7703 0.0000
v  27.0011 13.5604 0.0000
v  32.1632 13.7703 0.0000
v  32.1632 13.5604 0.0000
v  32.8835 13.7703 0.0000
v  32.8835 13.5604 0.0000
v  33.5106 13.7703 0.0000
v  33.5106 13.5604 0.0000
v  47.4318 7.6770 0.0000
v  47.2219 7.6770 0.0000
v  -2.1536 0.4048 -15.2234
v  -2.0307 0.8126 -15.2265
v  -1.8223 1.1981 -15.2310
v  -1.5360 1.5362 -15.2361
v  -0.8030 1.9944 -15.2482
v  -0.4001 2.1018 -15.2532
v  0.3960 2.0955 -15.2574
v  0.7974 1.9843 -15.2539
v  2.0303 0.8119 -15.2257
v  2.1561 0.4049 -15.2213
v  1.1810 1.7954 -15.2481
v  1.8186 1.1944 -15.2326
v  1.5294 1.5286 -15.2405
v  -0.0015 2.1331 -15.2565
v  -1.1884 1.8057 -15.2420
v  0.9705 0.1837 -16.1528
v  0.9704 0.1837 -15.6412
v  -0.9636 0.1832 -15.6412
v  -0.9636 0.1832 -16.1528
v  -0.9099 0.3668 -15.6412
v  -0.9099 0.3668 -16.1528
v  -0.8194 0.5401 -15.6412
v  -0.8194 0.5401 -16.1528
v  -0.6952 0.6933 -15.6412
v  -0.6952 0.6933 -16.1528
v  -0.5440 0.8180 -15.6412
v  -0.5440 0.8180 -16.1528
v  -0.3735 0.9093 -15.6412
v  -0.3735 0.9093 -16.1528
v  -0.1899 0.9652 -15.6412
v  -0.1899 0.9652 -16.1528
v  -0.0021 0.9843 -15.6412
v  -0.0021 0.9842 -16.1528
v  0.1868 0.9670 -15.6412
v  0.1868 0.9670 -16.1528
v  0.3733 0.9122 -15.6412
v  0.3733 0.9122 -16.1528
v  0.5464 0.8210 -15.6412
v  0.5464 0.8210 -16.1528
v  0.6997 0.6957 -15.6412
v  0.6997 0.6957 -16.1528
v  0.8252 0.5417 -15.6412
v  0.8253 0.5417 -16.1528
v  0.9163 0.3680 -15.6412
v  0.9164 0.3680 -16.1528
v  1.0651 0.2014 -15.6212
v  0.9901 0.1874 -15.6212
v  0.9350 0.3755 -15.6212
v  1.0060 0.4036 -15.6212
v  0.8420 0.5528 -15.6212
v  0.9062 0.5948 -15.6212
v  0.7139 0.7099 -15.6212
v  0.7685 0.7645 -15.6212
v  0.5999 0.9029 -15.6212
v  0.5575 0.8377 -15.6212
v  0.4097 1.0036 -15.6212
v  0.3808 0.9308 -15.6212
v  0.2050 1.0644 -15.6212
v  0.1906 0.9868 -15.6212
v  -0.0022 1.0840 -15.6212
v  -0.0022 1.0043 -15.6212
v  -0.2083 1.0638 -15.6212
v  -0.1938 0.9849 -15.6212
v  -0.3812 0.9279 -15.6212
v  -0.4110 1.0030 -15.6212
v  -0.5552 0.8347 -15.6212
v  -0.5997 0.9030 -15.6212
v  -0.7095 0.7075 -15.6212
v  -0.7675 0.7656 -15.6212
v  -0.9052 0.5964 -15.6212
v  -0.8362 0.5512 -15.6212
v  -1.0054 0.4050 -15.6211
v  -0.9286 0.3743 -15.6212
v  -1.0650 0.2020 -15.6211
v  -0.9834 0.1869 -15.6212
v  -0.0022 1.6328 -15.4748
v  -0.0021 1.5056 -15.5361
v  0.2817 1.4788 -15.5361
v  0.3050 1.6037 -15.4746
v  -0.3083 1.6032 -15.4747
v  -0.2850 1.4782 -15.5360
v  -0.5660 1.3950 -15.5360
v  -0.6131 1.5130 -15.4746
v  -0.8303 1.2559 -15.5360
v  -0.9001 1.3623 -15.4748
v  -1.0655 1.0637 -15.5361
v  -1.1555 1.1537 -15.4748
v  -1.3645 0.8967 -15.4748
v  -1.2581 0.8270 -15.5361
v  -1.5156 0.6070 -15.4746
v  -1.3975 0.5600 -15.5361
v  -1.6046 0.3019 -15.4747
v  -1.4795 0.2787 -15.5361
v  -1.3491 0.2545 -15.5826
v  -1.2082 0.2285 -15.6084
v  -1.1409 0.4584 -15.6084
v  -1.0271 0.6759 -15.6084
v  -0.8705 0.8685 -15.6084
v  -0.6794 1.0248 -15.6084
v  -0.4645 1.1385 -15.6084
v  -0.2348 1.2069 -15.6084
v  -0.0022 1.2296 -15.6084
v  0.2314 1.2076 -15.6084
v  0.4632 1.1390 -15.6084
v  0.6796 1.0247 -15.6084
v  0.8714 0.8674 -15.6084
v  1.0281 0.6744 -15.6084
v  1.1414 0.4572 -15.6084
v  1.2083 0.2278 -15.6084
v  1.3492 0.2537 -15.5826
v  1.4797 0.2780 -15.5361
v  1.6047 0.3012 -15.4747
v  1.3980 0.5587 -15.5361
v  1.5162 0.6057 -15.4748
v  1.2590 0.8255 -15.5361
v  1.3653 0.8951 -15.4746
v  1.0665 1.0626 -15.5361
v  1.1564 1.1526 -15.4747
v  0.8306 1.2557 -15.5360
v  0.9002 1.3622 -15.4748
v  0.6118 1.5135 -15.4746
v  0.5647 1.3955 -15.5360
v  1.2746 0.5098 -15.5826
v  1.1480 0.7527 -15.5826
v  0.9727 0.9687 -15.5826
v  0.7579 1.1446 -15.5825
v  0.5158 1.2722 -15.5825
v  0.2574 1.3484 -15.5826
v  -0.0022 1.3728 -15.5826
v  -0.2608 1.3478 -15.5825
v  -0.5171 1.2717 -15.5825
v  -0.7577 1.1448 -15.5825
v  -0.9717 0.9697 -15.5826
v  -1.1471 0.7543 -15.5826
v  -1.2742 0.5109 -15.5826
v  -0.0023 1.9798 -15.2753
v  -0.3732 1.9504 -15.2712
v  -2.0013 0.3752 -15.2432
v  2.0038 0.3750 -15.2419
v  1.8872 0.7523 -15.2458
v  -1.8872 0.7538 -15.2456
v  -1.6937 1.1115 -15.2489
v  -0.7477 1.8505 -15.2654
v  0.3679 1.9448 -15.2759
v  0.7417 1.8409 -15.2720
v  1.6906 1.1070 -15.2516
v  1.4221 1.4172 -15.2588
v  1.0984 1.6652 -15.2661
v  -1.4279 1.4251 -15.2533
v  -1.1054 1.6752 -15.2591
v  -0.0023 2.0328 -15.2599
v  -0.3832 2.0029 -15.2565
v  -2.0551 0.3853 -15.2276
v  2.0577 0.3850 -15.2262
v  1.9380 0.7725 -15.2303
v  -1.9379 0.7740 -15.2300
v  -1.7393 1.1414 -15.2337
v  -1.4665 1.4636 -15.2386
v  -1.1353 1.7204 -15.2446
v  -0.7679 1.9003 -15.2509
v  1.7363 1.1369 -15.2367
v  1.4606 1.4554 -15.2442
v  1.1281 1.7101 -15.2515
v  0.7617 1.8904 -15.2571
v  0.3778 1.9968 -15.2604
v  0.9704 0.1837 -15.6212
v  -0.9636 0.1832 -15.6212
v  -0.9099 0.3668 -15.6212
v  -0.8194 0.5401 -15.6212
v  -0.6952 0.6933 -15.6212
v  -0.5440 0.8180 -15.6212
v  -0.3735 0.9093 -15.6212
v  -0.1899 0.9652 -15.6212
v  -0.0021 0.9843 -15.6212
v  0.1868 0.9670 -15.6212
v  0.3733 0.9122 -15.6212
v  0.5464 0.8210 -15.6212
v  0.6997 0.6957 -15.6212
v  0.8252 0.5417 -15.6212
v  0.9163 0.3680 -15.6212
v  0.9507 0.1799 -16.1728
v  -0.9439 0.1794 -16.1728
v  -0.8913 0.3593 -16.1728
v  -0.8026 0.5291 -16.1728
v  -0.6809 0.6791 -16.1728
v  -0.5328 0.8013 -16.1728
v  -0.3658 0.8908 -16.1728
v  -0.1859 0.9455 -16.1728
v  -0.0020 0.9642 -16.1728
v  0.1831 0.9473 -16.1728
v  0.3657 0.8935 -16.1728
v  0.5353 0.8042 -16.1728
v  0.6855 0.6815 -16.1728
v  0.8085 0.5306 -16.1728
v  0.8977 0.3605 -16.1728
v  0.9705 0.1837 -16.1728
v  -0.9636 0.1832 -16.1728
v  -0.9099 0.3668 -16.1728
v  -0.8194 0.5401 -16.1728
v  -0.6952 0.6933 -16.1728
v  -0.5440 0.8180 -16.1728
v  -0.3735 0.9093 -16.1728
v  -0.1899 0.9652 -16.1728
v  -0.0021 0.9842 -16.1728
v  0.1868 0.9670 -16.1728
v  0.3733 0.9122 -16.1728
v  0.5464 0.8210 -16.1728
v  0.6997 0.6957 -16.1728
v  0.8253 0.5417 -16.1728
v  0.9164 0.3680 -16.1728
v  -11.6250 8.3858 -0.0000
v  -11.6250 13.3023 -0.0000
v  37.3242 13.7903 0.0000
v  38.8308 13.7903 0.0000
v  40.6045 13.7903 0.0000
v  41.2975 13.7903 0.0000
v  47.4517 5.7373 0.0000
v  47.4517 4.9578 0.0000
v  -11.3487 13.7525 -0.0000
v  -11.1874 13.7903 -0.0000
v  -11.6250 13.3523 -0.0000
v  -11.5944 13.5201 -0.0000
v  -11.4970 13.6586 -0.0000
v  47.4519 8.4307 0.0000
v  47.4518 8.0538 0.0000
v  47.3258 13.6586 0.0000
v  47.4126 13.5201 0.0000
v  -11.1374 13.7903 -0.0000
v  -4.2126 13.7903 -0.0000
v  -11.6250 4.1691 -0.0000
v  -11.6250 5.9633 -0.0000
v  46.9184 13.7903 0.0000
v  47.0582 13.7903 0.0000
v  47.2007 13.7525 0.0000
v  47.4483 13.3809 0.0000
v  47.4528 13.2394 0.0000
v  44.7462 13.7903 0.0000
v  46.8684 13.7903 0.0000
v  47.4524 10.2690 0.0000
v  47.4522 9.9240 0.0000
v  41.9795 13.7903 0.0000
v  43.7155 13.7903 0.0000
v  47.4520 8.8075 0.0000
v  44.2309 13.7903 0.0000
v  47.4528 13.1894 0.0000
v  47.4525 10.6139 0.0000
v  -1.5250 13.7903 -0.0000
v  0.6146 13.7903 0.0000
v  4.7802 13.7903 0.0000
v  6.7805 13.7903 0.0000
v  10.8227 13.7903 0.0000
v  12.8645 13.7903 0.0000
v  16.9692 13.7903 0.0000
v  18.9893 13.7903 0.0000
v  23.0008 13.7903 0.0000
v  24.9921 13.7903 0.0000
v  29.0200 13.7903 0.0000
v  31.2020 13.7903 0.0000
v  34.2780 13.7903 0.0000
v  35.8668 13.7903 0.0000
v  47.4517 1.9192 0.0000
v  47.4517 4.0100 0.0000
v  47.4517 3.0619 0.0000
v  47.4517 7.0925 0.0000
v  47.4517 6.5156 0.0000
v  -11.6250 1.1912 -0.0000
v  -11.6250 2.3824 -0.0000
v  -11.6250 7.1571 -0.0000
v  39.9604 13.7903 0.0000
v  2.6975 13.7903 0.0000
v  8.7808 13.7903 0.0000
v  14.9169 13.7903 0.0000
v  21.0095 13.7903 0.0000
v  27.0011 13.7903 0.0000
v  32.1632 13.7903 0.0000
v  32.8835 13.7903 0.0000
v  33.5106 13.7903 0.0000
v  47.4517 7.6770 0.0000
v  -11.3751 13.3023 -0.0000
v  -11.3751 8.3858 -0.0000
v  38.8308 13.5404 0.0000
v  37.3242 13.5404 0.0000
v  41.2975 13.5404 0.0000
v  40.6045 13.5404 0.0000
v  47.2019 4.9578 0.0000
v  47.2019 5.7373 0.0000
v  -11.1583 13.5422 -0.0000
v  -11.2517 13.5223 -0.0000
v  -11.3641 13.4234 -0.0000
v  -11.3762 13.3293 -0.0000
v  -11.3248 13.4778 -0.0000
v  47.2020 8.0539 0.0000
v  47.2021 8.4307 0.0000
v  47.1832 13.4213 0.0000
v  47.1419 13.4895 0.0000
v  -4.2126 13.5404 -0.0000
v  -11.1374 13.5404 -0.0000
v  -11.3751 5.9633 -0.0000
v  -11.3751 4.1691 -0.0000
v  47.0257 13.5426 0.0000
v  46.9184 13.5404 0.0000
v  47.0916 13.5278 0.0000
v  47.2030 13.2355 0.0000
v  47.2009 13.3457 0.0000
v  46.8684 13.5404 0.0000
v  44.7462 13.5404 0.0000
v  47.2024 9.9241 0.0000
v  47.2025 10.2691 0.0000
v  43.7155 13.5404 0.0000
v  41.9795 13.5404 0.0000
v  47.2021 8.8075 0.0000
v  44.2309 13.5404 0.0000
v  47.2027 10.6140 0.0000
v  47.2029 13.1894 0.0000
v  0.6146 13.5404 0.0000
v  -1.5250 13.5404 -0.0000
v  6.7805 13.5404 0.0000
v  4.7802 13.5404 0.0000
v  12.8645 13.5404 0.0000
v  10.8227 13.5404 0.0000
v  18.9893 13.5404 0.0000
v  16.9692 13.5404 0.0000
v  24.9921 13.5404 0.0000
v  23.0008 13.5404 0.0000
v  31.2020 13.5404 0.0000
v  29.0200 13.5404 0.0000
v  35.8668 13.5404 0.0000
v  34.2780 13.5404 0.0000
v  47.2019 1.9192 0.0000
v  47.2019 3.0619 0.0000
v  47.2019 4.0100 0.0000
v  47.2019 6.5156 0.0000
v  47.2019 7.0925 0.0000
v  -11.3751 1.1912 -0.0000
v  -11.3751 2.3824 -0.0000
v  -11.3751 7.1571 -0.0000
v  39.9604 13.5404 0.0000
v  2.6975 13.5404 0.0000
v  8.7808 13.5404 0.0000
v  14.9169 13.5404 0.0000
v  21.0095 13.5404 0.0000
v  27.0011 13.5404 0.0000
v  32.1632 13.5404 0.0000
v  32.8835 13.5404 0.0000
v  33.5106 13.5404 0.0000
v  47.2019 7.6770 0.0000
v  -6.8542 1.0148 -1.3500
v  -6.8690 1.0439 -1.2084
v  -6.8920 0.9821 -0.9929
v  -6.9136 0.8863 -0.7919
v  -6.9334 0.7597 -0.6086
v  -6.9510 0.6034 -0.4472
v  -6.9563 0.4657 -0.4011
v  -6.8393 1.0049 -1.4909
v  -6.9633 0.3382 -0.3389
v  -6.3074 0.4373 -0.3204
v  -6.3104 0.5603 -0.3654
v  -6.2482 0.9716 -0.9441
v  -6.2713 0.8716 -0.7313
v  -6.2917 0.7368 -0.5384
v  -6.2222 1.0333 -1.1825
v  -6.2007 1.0099 -1.3098
v  -6.1866 1.0026 -1.4234
v  -6.2337 0.2754 -0.5459
v  -6.2346 0.3729 -0.5809
v  -6.1857 0.6980 -1.0385
v  -6.2034 0.6190 -0.8701
v  -6.2203 0.5124 -0.7178
v  -6.1654 0.7467 -1.2270
v  -6.1494 0.7278 -1.3276
v  -6.1384 0.7220 -1.4176
v  -6.1691 0.0905 -0.7794
v  -6.1683 0.1429 -0.7999
v  -6.1346 0.3900 -1.1138
v  -6.1447 0.3475 -1.0210
v  -6.1536 0.2881 -0.9378
v  -6.1134 0.4369 -1.3079
v  -6.1063 0.4282 -1.3631
v  -6.1006 0.4256 -1.4127
v  -6.0985 0.0597 -1.1826
v  -6.0745 0.1116 -1.4088
v  -6.3367 0.6046 -0.2878
v  -6.3437 0.6048 -0.2886
v  -6.3347 0.6012 -0.2938
v  -6.3332 0.4889 -0.2472
v  -6.3312 0.4849 -0.2528
v  -6.3401 0.4890 -0.2480
v  -6.3364 0.3829 -0.1946
v  -6.3434 0.3829 -0.1954
v  -6.3373 0.6205 -0.2946
v  -6.3442 0.6208 -0.2954
v  -6.3365 0.6352 -0.3042
v  -6.3347 0.6299 -0.3085
v  -6.3435 0.6355 -0.3050
v  -6.2452 1.1260 -1.1522
v  -6.2522 1.1260 -1.1527
v  -6.2436 1.1194 -1.1543
v  -6.2706 1.0600 -0.9138
v  -6.2690 1.0536 -0.9160
v  -6.2776 1.0601 -0.9144
v  -6.2950 0.9533 -0.6866
v  -6.2933 0.9473 -0.6899
v  -6.3020 0.9534 -0.6873
v  -6.3173 0.8094 -0.4806
v  -6.3154 0.8041 -0.4848
v  -6.3242 0.8096 -0.4814
v  -6.2431 1.1269 -1.1691
v  -6.2502 1.1270 -1.1696
v  -6.2400 1.1247 -1.1865
v  -6.2386 1.1176 -1.1862
v  -6.2470 1.1247 -1.1870
v  -6.2193 1.1011 -1.3051
v  -6.2263 1.1012 -1.3057
v  -6.2179 1.0941 -1.3055
v  -6.2039 1.0933 -1.4255
v  -6.2109 1.0933 -1.4262
v  -6.2026 1.0864 -1.4253
v  -6.2416 1.1201 -1.1701
v  -6.3353 0.6162 -0.2998
v  -6.9720 0.2205 -0.2599
v  -6.9825 0.1117 -0.1641
v  -6.9890 -0.1069 -0.1096
v  -6.9917 -0.3298 -0.0917
v  -6.9906 -0.5528 -0.1091
v  -6.9856 -0.7716 -0.1631
v  -6.9758 -0.8806 -0.2587
v  -6.9679 -0.9986 -0.3374
v  -6.3239 -0.9063 -0.2066
v  -6.3405 -0.8063 -0.1235
v  -6.3454 -0.0966 -0.0585
v  -6.3486 -0.3320 -0.0383
v  -6.3469 -0.5674 -0.0580
v  -6.3371 0.1419 -0.1244
v  -6.3197 0.2418 -0.2078
v  -6.3106 0.3373 -0.2707
v  -6.2467 -0.7864 -0.4559
v  -6.2584 -0.7076 -0.3897
v  -6.2626 -0.1465 -0.3384
v  -6.2645 -0.3326 -0.3223
v  -6.2639 -0.5187 -0.3380
v  -6.2561 0.0420 -0.3906
v  -6.2435 0.1207 -0.4569
v  -6.2364 0.1963 -0.5067
v  -6.1768 -0.6720 -0.7296
v  -6.1818 -0.6281 -0.6947
v  -6.1868 -0.2310 -0.6388
v  -6.1891 -0.3332 -0.6292
v  -6.1877 -0.4353 -0.6386
v  -6.1794 -0.0386 -0.6953
v  -6.1745 0.0053 -0.7303
v  -6.1712 0.0472 -0.7574
v  -6.1734 -0.7128 -0.7558
v  -6.1245 -0.3338 -0.9561
v  -6.1159 -0.1108 -1.0244
v  -6.3670 -0.8534 -0.0477
v  -6.3740 -0.8532 -0.0482
v  -6.3649 -0.8497 -0.0535
v  -6.3507 -0.9459 -0.1265
v  -6.3486 -0.9429 -0.1327
v  -6.3577 -0.9458 -0.1272
v  -6.3415 -1.0445 -0.1914
v  -6.3485 -1.0445 -0.1922
v  -6.3693 -0.8396 -0.0374
v  -6.3763 -0.8394 -0.0379
v  -6.3704 -0.8239 -0.0296
v  -6.3683 -0.8227 -0.0362
v  -6.3774 -0.8237 -0.0301
v  -6.3670 0.1601 -0.0306
v  -6.3740 0.1599 -0.0312
v  -6.3649 0.1588 -0.0372
v  -6.3744 -0.0805 0.0317
v  -6.3723 -0.0817 0.0251
v  -6.3814 -0.0806 0.0311
v  -6.3775 -0.3318 0.0533
v  -6.3754 -0.3318 0.0466
v  -6.3845 -0.3318 0.0527
v  -6.3761 -0.5831 0.0323
v  -6.3740 -0.5820 0.0257
v  -6.3831 -0.5830 0.0317
v  -6.3659 0.1753 -0.0382
v  -6.3729 0.1751 -0.0388
v  -6.3634 0.1894 -0.0488
v  -6.3614 0.1858 -0.0546
v  -6.3704 0.1893 -0.0494
v  -6.3465 0.2817 -0.1279
v  -6.3535 0.2816 -0.1286
v  -6.3444 0.2786 -0.1341
v  -6.3344 0.3794 -0.2004
v  -6.3638 0.1729 -0.0445
v  -6.3672 -0.8371 -0.0436
v  -6.9618 -1.1263 -0.3993
v  -6.9574 -1.2641 -0.4452
v  -6.9409 -1.4209 -0.6062
v  -6.9220 -1.5481 -0.7892
v  -6.9011 -1.6444 -0.9900
v  -6.8785 -1.7068 -1.2053
v  -6.8634 -1.6782 -1.3470
v  -6.8485 -1.6687 -1.4879
v  -6.2101 -1.6777 -1.3068
v  -6.2318 -1.7007 -1.1797
v  -6.2992 -1.4023 -0.5360
v  -6.2796 -1.5376 -0.7286
v  -6.2571 -1.6383 -0.9412
v  -6.3163 -1.2255 -0.3635
v  -6.3125 -1.1022 -0.3187
v  -6.3154 -0.9994 -0.2677
v  -6.1568 -1.3961 -1.3253
v  -6.1725 -1.4147 -1.2247
v  -6.2261 -1.1787 -0.7159
v  -6.2100 -1.2859 -0.8681
v  -6.1929 -1.3653 -1.0362
v  -6.2397 -1.0389 -0.5795
v  -6.2378 -0.9414 -0.5446
v  -6.2402 -0.8600 -0.5043
v  -6.1459 -1.3905 -1.4128
v  -6.1112 -1.0969 -1.3613
v  -6.1186 -1.1054 -1.3061
v  -6.1580 -0.9554 -0.9364
v  -6.1501 -1.0150 -1.0196
v  -6.1394 -1.0579 -1.1122
v  -6.1714 -0.8098 -0.7988
v  -6.1718 -0.7573 -0.7784
v  -6.1060 -1.0943 -1.4096
v  -6.1019 -0.7279 -1.1818
v  -6.1168 -0.5569 -1.0237
v  -6.2500 -1.7919 -1.1833
v  -6.2571 -1.7920 -1.1838
v  -6.2486 -1.7849 -1.1830
v  -6.2292 -1.7688 -1.3019
v  -6.2277 -1.7617 -1.3023
v  -6.2362 -1.7688 -1.3025
v  -6.2141 -1.7614 -1.4191
v  -6.2211 -1.7613 -1.4198
v  -6.2531 -1.7941 -1.1663
v  -6.2602 -1.7941 -1.1668
v  -6.2553 -1.7931 -1.1489
v  -6.2536 -1.7866 -1.1511
v  -6.2623 -1.7931 -1.1494
v  -6.3432 -1.2998 -0.3020
v  -6.3501 -1.3001 -0.3029
v  -6.3413 -1.2946 -0.3064
v  -6.3251 -1.4745 -0.4781
v  -6.3233 -1.4693 -0.4823
v  -6.3321 -1.4747 -0.4788
v  -6.3039 -1.6190 -0.6837
v  -6.3021 -1.6131 -0.6870
v  -6.3108 -1.6191 -0.6844
v  -6.2802 -1.7265 -0.9107
v  -6.2785 -1.7201 -0.9129
v  -6.2872 -1.7265 -0.9113
v  -6.3438 -1.2856 -0.2927
v  -6.3508 -1.2858 -0.2935
v  -6.3432 -1.2692 -0.2858
v  -6.3411 -1.2658 -0.2917
v  -6.3502 -1.2694 -0.2866
v  -6.3388 -1.1534 -0.2454
v  -6.3458 -1.1535 -0.2462
v  -6.3368 -1.1495 -0.2510
v  -6.3395 -1.0410 -0.1972
v  -6.3418 -1.2812 -0.2979
v  -6.2516 -1.7873 -1.1673
v  -6.8336 -1.6786 -1.6288
v  -6.8188 -1.7077 -1.7704
v  -6.7958 -1.6459 -1.9859
v  -6.7742 -1.5501 -2.1869
v  -6.7544 -1.4235 -2.3702
v  -6.7368 -1.2672 -2.5316
v  -6.7315 -1.1295 -2.5777
v  -6.0799 -1.1054 -2.5210
v  -6.0930 -1.2284 -2.4777
v  -6.1560 -1.6397 -1.8990
v  -6.1334 -1.5397 -2.1119
v  -6.1122 -1.4049 -2.3047
v  -6.1808 -1.7014 -1.6606
v  -6.1862 -1.6780 -1.5315
v  -6.1961 -1.6708 -1.4174
v  -6.0539 -0.9439 -2.2849
v  -6.0627 -1.0413 -2.2509
v  -6.1128 -1.3664 -1.7935
v  -6.0944 -1.2875 -1.9618
v  -6.0783 -1.1808 -2.1141
v  -6.1326 -1.4152 -1.6049
v  -6.1379 -1.3963 -1.5032
v  -6.0382 -0.7592 -2.0429
v  -6.0421 -0.8116 -2.0228
v  -6.0765 -1.0587 -1.7089
v  -6.0667 -1.0162 -1.8018
v  -6.0576 -0.9568 -1.8849
v  -6.0967 -1.1056 -1.5147
v  -6.1012 -1.0970 -1.4593
v  -6.0354 -0.7159 -2.0648
v  -6.0534 -0.7286 -1.6339
v  -6.0776 -0.7805 -1.4077
v  -6.1029 -1.2725 -2.5590
v  -6.1099 -1.2728 -2.5597
v  -6.1021 -1.2691 -2.5528
v  -6.0901 -1.1569 -2.5980
v  -6.0894 -1.1529 -2.5920
v  -6.0971 -1.1570 -2.5987
v  -6.1049 -1.2885 -2.5525
v  -6.1119 -1.2887 -2.5532
v  -6.1063 -1.3032 -2.5430
v  -6.1054 -1.2979 -2.5384
v  -6.1132 -1.3034 -2.5437
v  -6.1975 -1.7939 -1.6950
v  -6.2045 -1.7940 -1.6960
v  -6.1964 -1.7874 -1.6926
v  -6.1721 -1.7280 -1.9334
v  -6.1710 -1.7216 -1.9309
v  -6.1791 -1.7281 -1.9343
v  -6.1478 -1.6212 -2.1606
v  -6.1467 -1.6153 -2.1571
v  -6.1547 -1.6213 -2.1614
v  -6.1255 -1.4773 -2.3666
v  -6.1245 -1.4721 -2.3621
v  -6.1325 -1.4775 -2.3673
v  -6.1991 -1.7949 -1.6780
v  -6.2060 -1.7949 -1.6790
v  -6.1996 -1.7926 -1.6604
v  -6.1982 -1.7856 -1.6604
v  -6.2066 -1.7927 -1.6614
v  -6.2040 -1.7691 -1.5400
v  -6.2110 -1.7691 -1.5409
v  -6.2026 -1.7621 -1.5394
v  -6.2127 -1.7545 -1.4190
v  -6.1977 -1.7881 -1.6768
v  -6.1040 -1.2841 -2.5471
v  -6.7158 -0.8843 -2.7189
v  -6.7053 -0.7755 -2.8147
v  -6.6988 -0.5569 -2.8692
v  -6.6961 -0.3340 -2.8871
v  -6.6962 -0.2220 -2.8828
v  -6.7245 -1.0020 -2.6399
v  -6.0634 0.2382 -2.6348
v  -6.0629 0.1382 -2.7195
v  -6.0588 -0.5715 -2.7846
v  -6.0561 -0.3361 -2.8049
v  -6.0570 -0.1007 -2.7851
v  -6.0660 -0.8100 -2.7186
v  -6.0671 -0.9099 -2.6335
v  -6.0720 -1.0054 -2.5701
v  -6.0408 0.1179 -2.3749
v  -6.0389 0.0391 -2.4421
v  -6.0360 -0.5219 -2.4936
v  -6.0333 -0.3358 -2.5096
v  -6.0347 -0.1498 -2.4940
v  -6.0418 -0.7105 -2.4413
v  -6.0439 -0.7891 -2.3739
v  -6.0478 -0.8648 -2.3237
v  -6.0304 0.0033 -2.0927
v  -6.0282 -0.0407 -2.1279
v  -6.0241 -0.4377 -2.1839
v  -6.0236 -0.3355 -2.1937
v  -6.0235 -0.2334 -2.1841
v  -6.0299 -0.6302 -2.1272
v  -6.0327 -0.6740 -2.0920
v  -6.0288 -0.3351 -1.8605
v  -6.0362 -0.5581 -1.7921
v  -6.0726 0.1854 -2.7992
v  -6.0796 0.1852 -2.8001
v  -6.0719 0.1818 -2.7931
v  -6.0726 0.2779 -2.7186
v  -6.0719 0.2748 -2.7121
v  -6.0796 0.2778 -2.7194
v  -6.0729 0.1716 -2.8098
v  -6.0798 0.1714 -2.8107
v  -6.0724 0.1560 -2.8177
v  -6.0717 0.1547 -2.8108
v  -6.0793 0.1558 -2.8186
v  -6.0758 -0.8280 -2.8166
v  -6.0827 -0.8278 -2.8175
v  -6.0751 -0.8268 -2.8097
v  -6.0684 -0.5875 -2.8789
v  -6.0677 -0.5863 -2.8721
v  -6.0753 -0.5873 -2.8798
v  -6.0653 -0.3362 -2.9005
v  -6.0646 -0.3362 -2.8935
v  -6.0722 -0.3361 -2.9014
v  -6.0667 -0.0848 -2.8795
v  -6.0659 -0.0860 -2.8726
v  -6.0736 -0.0849 -2.8804
v  -6.0764 -0.8433 -2.8089
v  -6.0833 -0.8431 -2.8098
v  -6.0762 -0.8574 -2.7981
v  -6.0754 -0.8538 -2.7920
v  -6.0832 -0.8572 -2.7990
v  -6.0768 -0.9497 -2.7172
v  -6.0838 -0.9496 -2.7181
v  -6.0761 -0.9466 -2.7108
v  -6.0816 -1.0509 -2.6500
v  -6.0886 -1.0509 -2.6507
v  -6.0809 -1.0475 -2.6439
v  -6.0756 -0.8408 -2.8023
v  -6.0721 0.1692 -2.8032
v  -6.7658 0.8843 -2.1896
v  -6.7867 0.9806 -1.9889
v  -6.8093 1.0430 -1.7735
v  -6.8244 1.0144 -1.6318
v  -6.1771 1.0095 -1.5345
v  -6.1716 1.0326 -1.6634
v  -6.1049 0.7342 -2.3071
v  -6.1251 0.8695 -2.1146
v  -6.1468 0.9702 -1.9019
v  -6.0867 0.5574 -2.4795
v  -6.0744 0.4340 -2.5226
v  -6.0673 0.3312 -2.5731
v  -6.1307 0.7276 -1.5055
v  -6.1248 0.7463 -1.6072
v  -6.0725 0.5103 -2.1161
v  -6.0878 0.6174 -1.9638
v  -6.1057 0.6968 -1.7958
v  -6.0582 0.3705 -2.2524
v  -6.0496 0.2729 -2.2861
v  -6.0441 0.1915 -2.3261
v  -6.0956 0.4281 -1.4610
v  -6.0912 0.4366 -1.5164
v  -6.0534 0.2867 -1.8864
v  -6.0627 0.3463 -1.8033
v  -6.0713 0.3891 -1.7105
v  -6.0387 0.1411 -2.0238
v  -6.0352 0.0886 -2.0439
v  -6.0323 0.0440 -2.0664
v  -6.0513 0.0590 -1.6348
v  -6.0340 -0.1121 -1.7926
v  -6.1896 1.1239 -1.6636
v  -6.1966 1.1240 -1.6646
v  -6.1882 1.1169 -1.6636
v  -6.1941 1.1008 -1.5432
v  -6.1928 1.0937 -1.5425
v  -6.2011 1.1008 -1.5441
v  -6.1890 1.1261 -1.6808
v  -6.1960 1.1262 -1.6818
v  -6.1875 1.1251 -1.6983
v  -6.1864 1.1186 -1.6958
v  -6.1944 1.1252 -1.6993
v  -6.0996 0.6319 -2.5452
v  -6.1066 0.6322 -2.5458
v  -6.0987 0.6267 -2.5405
v  -6.1176 0.8066 -2.3691
v  -6.1167 0.8013 -2.3646
v  -6.1246 0.8068 -2.3698
v  -6.1389 0.9511 -2.1635
v  -6.1379 0.9451 -2.1599
v  -6.1459 0.9512 -2.1643
v  -6.1625 1.0585 -1.9365
v  -6.1614 1.0521 -1.9340
v  -6.1695 1.0586 -1.9374
v  -6.0984 0.6176 -2.5544
v  -6.0964 0.6012 -2.5611
v  -6.0957 0.5979 -2.5548
v  -6.1034 0.6015 -2.5618
v  -6.0845 0.4854 -2.5998
v  -6.0915 0.4856 -2.6005
v  -6.0837 0.4814 -2.5938
v  -6.0765 0.3764 -2.6532
v  -6.0835 0.3765 -2.6539
v  -6.0758 0.3730 -2.6471
v  -6.0975 0.6133 -2.5490
v  -6.1054 0.6179 -2.5551
v  -6.1878 1.1193 -1.6796
v  -6.8390 1.0954 -1.4910
v  -6.8390 1.0884 -1.4910
v  -6.8320 1.0954 -1.4903
v  -6.8529 1.1050 -1.3589
v  -6.8459 1.1050 -1.3583
v  -6.8530 1.0980 -1.3582
v  -6.8664 1.1328 -1.2308
v  -6.8594 1.1327 -1.2303
v  -6.8665 1.1259 -1.2294
v  -6.8703 1.1343 -1.1934
v  -6.8703 1.1274 -1.1942
v  -6.8633 1.1342 -1.1929
v  -6.8947 1.0682 -0.9648
v  -6.8877 1.0681 -0.9643
v  -6.8945 1.0616 -0.9670
v  -6.9181 0.9648 -0.7470
v  -6.9111 0.9647 -0.7463
v  -6.9177 0.9587 -0.7505
v  -6.9395 0.8274 -0.5486
v  -6.9326 0.8272 -0.5478
v  -6.9390 0.8221 -0.5533
v  -6.9582 0.6619 -0.3770
v  -6.9512 0.6616 -0.3762
v  -6.9576 0.6577 -0.3826
v  -6.9591 0.6461 -0.3665
v  -6.9585 0.6428 -0.3727
v  -6.9522 0.6458 -0.3657
v  -6.9602 0.6286 -0.3595
v  -6.9595 0.6263 -0.3661
v  -6.9532 0.6283 -0.3587
v  -6.9648 0.5032 -0.3190
v  -6.9579 0.5030 -0.3183
v  -6.9642 0.5003 -0.3254
v  -6.9714 0.3836 -0.2610
v  -6.9644 0.3836 -0.2602
v  -6.9708 0.3801 -0.2670
v  -6.8683 1.1284 -1.2117
v  -6.8683 1.1354 -1.2120
v  -6.8613 1.1353 -1.2115
v  -6.9796 0.2734 -0.1867
v  -6.9726 0.2734 -0.1861
v  -6.9790 0.2693 -0.1924
v  -6.9892 0.1756 -0.0987
v  -6.9822 0.1758 -0.0982
v  -6.9887 0.1710 -0.1040
v  -6.9914 0.1438 -0.0787
v  -6.9908 0.1410 -0.0851
v  -6.9845 0.1440 -0.0782
v  -6.9983 -0.0883 -0.0214
v  -6.9913 -0.0882 -0.0208
v  -6.9976 -0.0897 -0.0283
v  -7.0012 -0.3297 -0.0016
v  -6.9942 -0.3297 -0.0010
v  -7.0004 -0.3297 -0.0086
v  -6.9999 -0.5712 -0.0209
v  -6.9930 -0.5713 -0.0203
v  -6.9992 -0.5698 -0.0277
v  -6.9947 -0.8035 -0.0776
v  -6.9877 -0.8037 -0.0771
v  -6.9940 -0.8007 -0.0840
v  -6.9937 -0.8204 -0.0860
v  -6.9931 -0.8167 -0.0919
v  -6.9867 -0.8207 -0.0855
v  -6.9927 -0.8353 -0.0976
v  -6.9921 -0.8307 -0.1028
v  -6.9857 -0.8355 -0.0970
v  -6.9838 -0.9333 -0.1854
v  -6.9768 -0.9334 -0.1847
v  -6.9831 -0.9292 -0.1910
v  -6.9763 -1.0437 -0.2594
v  -6.9694 -1.0438 -0.2586
v  -6.9756 -1.0403 -0.2654
v  -6.9898 0.1569 -0.0929
v  -6.9904 0.1606 -0.0870
v  -6.9834 0.1608 -0.0865
v  -6.9706 -1.1636 -0.3172
v  -6.9636 -1.1634 -0.3164
v  -6.9699 -1.1607 -0.3236
v  -6.9668 -1.2891 -0.3574
v  -6.9598 -1.2888 -0.3566
v  -6.9660 -1.2868 -0.3640
v  -6.9650 -1.3224 -0.3748
v  -6.9644 -1.3182 -0.3804
v  -6.9581 -1.3222 -0.3740
v  -6.9475 -1.4884 -0.5460
v  -6.9405 -1.4882 -0.5453
v  -6.9470 -1.4832 -0.5507
v  -6.9270 -1.6264 -0.7441
v  -6.9200 -1.6263 -0.7434
v  -6.9266 -1.6204 -0.7476
v  -6.9043 -1.7305 -0.9617
v  -6.8974 -1.7305 -0.9611
v  -6.9041 -1.7238 -0.9639
v  -6.8804 -1.7973 -1.1901
v  -6.8734 -1.7972 -1.1896
v  -6.8803 -1.7903 -1.1909
v  -6.8782 -1.7984 -1.2089
v  -6.8783 -1.7914 -1.2086
v  -6.8712 -1.7984 -1.2084
v  -6.8765 -1.7958 -1.2275
v  -6.8766 -1.7890 -1.2261
v  -6.8695 -1.7958 -1.2270
v  -6.8628 -1.7684 -1.3557
v  -6.8558 -1.7684 -1.3551
v  -6.8629 -1.7614 -1.3550
v  -6.8488 -1.7592 -1.4878
v  -6.8419 -1.7593 -1.4871
v  -6.8488 -1.7522 -1.4878
v  -6.9653 -1.3035 -0.3707
v  -6.9660 -1.3068 -0.3645
v  -6.9590 -1.3065 -0.3637
v  -6.8349 -1.7688 -1.6199
v  -6.8280 -1.7688 -1.6190
v  -6.8348 -1.7618 -1.6206
v  -6.8214 -1.7966 -1.7481
v  -6.8145 -1.7966 -1.7471
v  -6.8213 -1.7897 -1.7494
v  -6.8175 -1.7981 -1.7855
v  -6.8175 -1.7912 -1.7847
v  -6.8105 -1.7981 -1.7845
v  -6.7931 -1.7321 -2.0140
v  -6.7862 -1.7320 -2.0131
v  -6.7933 -1.7254 -2.0118
v  -6.7697 -1.6286 -2.2319
v  -6.7628 -1.6285 -2.2311
v  -6.7701 -1.6226 -2.2284
v  -6.7483 -1.4912 -2.4302
v  -6.7413 -1.4910 -2.4295
v  -6.7488 -1.4860 -2.4256
v  -6.7296 -1.3257 -2.6018
v  -6.7226 -1.3255 -2.6012
v  -6.7302 -1.3215 -2.5963
v  -6.7283 -1.3099 -2.6122
v  -6.7289 -1.3066 -2.6061
v  -6.7213 -1.3097 -2.6116
v  -6.7277 -1.2924 -2.6193
v  -6.7283 -1.2902 -2.6127
v  -6.7207 -1.2922 -2.6186
v  -6.7229 -1.1670 -2.6598
v  -6.7160 -1.1669 -2.6591
v  -6.7236 -1.1641 -2.6534
v  -6.7164 -1.0474 -2.7179
v  -6.7095 -1.0474 -2.7171
v  -6.7170 -1.0439 -2.7118
v  -6.8193 -1.7923 -1.7671
v  -6.8194 -1.7993 -1.7669
v  -6.8124 -1.7992 -1.7659
v  -6.7082 -0.9372 -2.7921
v  -6.7013 -0.9373 -2.7913
v  -6.7088 -0.9331 -2.7865
v  -6.6986 -0.8394 -2.8801
v  -6.6916 -0.8396 -2.8792
v  -6.6991 -0.8348 -2.8749
v  -6.6964 -0.8076 -2.9001
v  -6.6970 -0.8049 -2.8937
v  -6.6894 -0.8079 -2.8992
v  -6.6895 -0.5756 -2.9574
v  -6.6826 -0.5757 -2.9565
v  -6.6902 -0.5741 -2.9506
v  -6.6866 -0.3341 -2.9772
v  -6.6797 -0.3341 -2.9763
v  -6.6874 -0.3341 -2.9702
v  -6.6867 -0.2128 -2.9724
v  -6.6798 -0.2127 -2.9716
v  -6.6875 -0.2135 -2.9655
v  -6.6978 -0.8207 -2.8859
v  -6.6972 -0.8244 -2.8918
v  -6.6903 -0.8246 -2.8908
v  -6.7502 0.8975 -2.3367
v  -6.7433 0.8974 -2.3360
v  -6.7507 0.8918 -2.3326
v  -6.7467 0.8728 -2.3712
v  -6.7473 0.8769 -2.3655
v  -6.7473 0.8692 -2.3652
v  -6.7398 0.8716 -2.3718
v  -6.7608 0.9626 -2.2347
v  -6.7539 0.9625 -2.2340
v  -6.7612 0.9565 -2.2313
v  -6.7835 1.0667 -2.0171
v  -6.7765 1.0666 -2.0162
v  -6.7837 1.0600 -2.0150
v  -6.8074 1.1334 -1.7888
v  -6.8005 1.1334 -1.7877
v  -6.8075 1.1265 -1.7879
v  -6.8092 1.1346 -1.7699
v  -6.8092 1.1276 -1.7702
v  -6.8022 1.1345 -1.7689
v  -6.8113 1.1320 -1.7514
v  -6.8112 1.1251 -1.7527
v  -6.8044 1.1319 -1.7504
v  -6.8250 1.1046 -1.6231
v  -6.8180 1.1046 -1.6222
v  -6.8249 1.0976 -1.6238
v  -6.5179 0.8181 -2.4101
v  -6.5186 0.8145 -2.4040
v  -6.5061 0.8178 -2.4089
v  -6.6166 0.8504 -2.3829
v  -6.6048 0.8512 -2.3801
v  -6.6172 0.8468 -2.3768
v  -6.4260 0.7733 -2.4498
v  -6.4179 0.7742 -2.4477
v  -6.4266 0.7697 -2.4437
v  -6.2755 0.6394 -2.5618
v  -6.2761 0.6358 -2.5557
v  -6.2675 0.6391 -2.5610
v  -6.2662 0.6209 -2.5645
v  -6.2655 0.6244 -2.5705
v  -6.2576 0.6241 -2.5697
v  -6.2572 0.6074 -2.5767
v  -6.2579 0.6038 -2.5705
v  -6.2497 0.6071 -2.5759
v  -6.2169 0.4884 -2.6127
v  -6.2176 0.4848 -2.6067
v  -6.2098 0.4882 -2.6120
v  -6.2027 0.3767 -2.6666
v  -6.1957 0.3767 -2.6658
v  -6.6875 -0.1356 -2.9631
v  -6.6874 -0.1425 -2.9640
v  -6.6807 -0.1341 -2.9622
v  -6.6881 -0.1391 -2.9571
v  -6.6085 -0.1190 -2.9522
v  -6.5949 -0.1213 -2.9507
v  -6.6091 -0.1226 -2.9461
v  -6.5345 -0.0907 -2.9386
v  -6.5352 -0.0943 -2.9325
v  -6.5200 -0.0905 -2.9368
v  -6.4279 -0.0304 -2.9140
v  -6.4189 -0.0318 -2.9132
v  -6.4286 -0.0340 -2.9079
v  -6.2669 0.1508 -2.8438
v  -6.2675 0.1472 -2.8378
v  -6.2585 0.1511 -2.8427
v  -6.2575 0.1664 -2.8349
v  -6.2493 0.1666 -2.8338
v  -6.2582 0.1628 -2.8289
v  -6.2492 0.1815 -2.8225
v  -6.2414 0.1816 -2.8214
v  -6.2499 0.1778 -2.8164
v  -6.2125 0.2751 -2.7359
v  -6.2054 0.2753 -2.7350
v  -6.2131 0.2715 -2.7298
v  -6.2033 0.3732 -2.6606
v  -6.6965 -0.1935 -2.8794
v  -6.7480 0.8733 -2.3584
v  -6.7402 0.8759 -2.3660
v  -6.6805 -0.1412 -2.9629
v  -6.6813 -0.1377 -2.9562
v  -6.7404 0.8680 -2.3658
v  -6.6881 -0.1470 -2.9575
v  -6.7341 0.5698 -2.4347
v  -6.7193 0.3184 -2.5823
v  -6.7046 0.0670 -2.7299
v  -6.7114 0.0662 -2.7305
v  -6.7262 0.3183 -2.5825
v  -6.7410 0.5703 -2.4344
v  -6.6196 0.0730 -2.7252
v  -6.6212 0.3153 -2.5869
v  -6.6237 0.5578 -2.4406
v  -6.5312 0.5406 -2.4576
v  -6.5357 0.3134 -2.5857
v  -6.5395 0.0862 -2.7218
v  -6.4356 0.5221 -2.4813
v  -6.4347 0.3210 -2.6104
v  -6.4365 0.1202 -2.7133
v  -6.5270 0.7678 -2.3254
v  -6.5271 0.7613 -2.3292
v  -6.5264 0.7714 -2.3315
v  -6.6257 0.8001 -2.2983
v  -6.6250 0.8037 -2.3043
v  -6.6256 0.7939 -2.3019
v  -6.2846 0.5891 -2.4772
v  -6.2820 0.5712 -2.4849
v  -6.2839 0.5927 -2.4832
v  -6.4351 0.7230 -2.3652
v  -6.4344 0.7266 -2.3713
v  -6.4351 0.7158 -2.3693
v  -6.2747 0.5741 -2.4859
v  -6.2740 0.5777 -2.4919
v  -6.2664 0.5571 -2.4920
v  -6.2657 0.5607 -2.4982
v  -6.2260 0.4381 -2.5281
v  -6.2337 0.4411 -2.5242
v  -6.2254 0.4416 -2.5341
v  -6.2118 0.3264 -2.5819
v  -6.2192 0.3263 -2.5793
v  -6.2111 0.3300 -2.5880
v  -6.6898 -0.1845 -2.8776
v  -6.6901 -0.1783 -2.8740
v  -6.6891 -0.1809 -2.8836
v  -6.6176 -0.1693 -2.8675
v  -6.6169 -0.1657 -2.8736
v  -6.6176 -0.1631 -2.8639
v  -6.5436 -0.1410 -2.8540
v  -6.5435 -0.1344 -2.8501
v  -6.5430 -0.1374 -2.8600
v  -6.4370 -0.0807 -2.8294
v  -6.4364 -0.0771 -2.8355
v  -6.4370 -0.0736 -2.8253
v  -6.2760 0.1005 -2.7592
v  -6.2754 0.1041 -2.7653
v  -6.2666 0.1160 -2.7503
v  -6.2660 0.1196 -2.7563
v  -6.2583 0.1311 -2.7379
v  -6.2577 0.1347 -2.7439
v  -6.2741 0.1161 -2.7476
v  -6.2216 0.2248 -2.6512
v  -6.2209 0.2284 -2.6572
v  -6.2291 0.2212 -2.6523
v  -6.7489 0.8212 -2.2870
v  -6.7483 0.8248 -2.2931
v  -6.7485 0.8150 -2.2907
v  -6.6966 -0.1859 -2.8785
v  -6.6969 -0.1797 -2.8749
v  -6.6973 -0.1867 -2.8716
v  -6.6959 -0.1823 -2.8845
v  -6.7558 0.8224 -2.2864
v  -6.7552 0.8260 -2.2924
v  -6.7562 0.8252 -2.2823
v  -6.7562 0.8167 -2.2824
v  -6.7554 0.8162 -2.2901
v  -6.7120 0.0641 -2.7243
v  -6.7268 0.3150 -2.5770
v  -6.7415 0.5658 -2.4297
v  -6.0609 -0.3345 -1.4066
v  -6.8662 0.3157 -1.4038
v  -6.8749 0.2968 -1.3222
v  -6.8833 0.2676 -1.2437
v  -6.8913 0.2285 -1.1695
v  -6.8987 0.1802 -1.1009
v  -6.9054 0.1235 -1.0390
v  -6.9113 0.0592 -0.9849
v  -6.8574 0.3240 -1.4872
v  -6.9164 -0.0114 -0.9393
v  -6.9205 -0.0874 -0.9032
v  -6.9235 -0.1674 -0.8769
v  -6.9254 -0.2501 -0.8611
v  -6.9263 -0.3341 -0.8559
v  -6.9260 -0.4182 -0.8615
v  -6.9245 -0.5008 -0.8777
v  -6.9220 -0.5807 -0.9042
v  -6.9184 -0.6565 -0.9407
v  -6.9138 -0.7270 -0.9866
v  -6.9082 -0.7910 -1.0410
v  -6.9018 -0.8475 -1.1031
v  -6.8947 -0.8956 -1.1719
v  -6.8870 -0.9344 -1.2463
v  -6.8788 -0.9633 -1.3249
v  -6.8702 -0.9819 -1.4066
v  -6.8614 -0.9899 -1.4900
v  -6.8526 -0.9870 -1.5737
v  -6.8438 -0.9734 -1.6564
v  -6.8352 -0.9493 -1.7366
v  -6.8270 -0.9151 -1.8131
v  -6.8193 -0.8713 -1.8847
v  -6.8122 -0.8186 -1.9500
v  -6.8059 -0.7580 -2.0082
v  -6.7958 -0.6170 -2.0991
v  -6.7922 -0.5389 -2.1303
v  -6.7897 -0.4574 -2.1514
v  -6.7883 -0.3738 -2.1619
v  -6.7881 -0.2896 -2.1617
v  -6.8004 -0.6905 -2.0581
v  -6.8234 0.2504 -1.8106
v  -6.8314 0.2843 -1.7339
v  -6.8398 0.3081 -1.6536
v  -6.8485 0.3214 -1.5709
v  -6.7890 -0.2061 -2.1508
v  -6.7909 -0.1247 -2.1294
v  -6.8160 0.2068 -1.8823
v  -6.8092 0.1545 -1.9479
v  -6.7940 -0.0466 -2.0978
v  -6.7981 0.0267 -2.0565
v  -6.8032 0.0941 -2.0063
v  -7.1810 0.3168 -1.4371
v  -7.1896 0.2979 -1.3555
v  -7.1980 0.2686 -1.2769
v  -7.2060 0.2296 -1.2028
v  -7.2134 0.1812 -1.1342
v  -7.2202 0.1245 -1.0723
v  -7.2261 0.0603 -1.0181
v  -7.1721 0.3250 -1.5204
v  -7.2311 -0.0104 -0.9726
v  -7.2352 -0.0863 -0.9364
v  -7.2383 -0.1663 -0.9102
v  -7.2402 -0.2490 -0.8944
v  -7.2410 -0.3331 -0.8892
v  -7.2407 -0.4171 -0.8947
v  -7.2393 -0.4998 -0.9109
v  -7.2367 -0.5796 -0.9375
v  -7.2331 -0.6554 -0.9740
v  -7.2285 -0.7259 -1.0199
v  -7.2230 -0.7900 -1.0743
v  -7.2166 -0.8465 -1.1364
v  -7.2095 -0.8945 -1.2052
v  -7.2018 -0.9334 -1.2796
v  -7.1935 -0.9623 -1.3582
v  -7.1850 -0.9809 -1.4399
v  -7.1762 -0.9888 -1.5233
v  -7.1673 -0.9860 -1.6070
v  -7.1585 -0.9724 -1.6897
v  -7.1500 -0.9483 -1.7699
v  -7.1418 -0.9140 -1.8464
v  -7.1341 -0.8702 -1.9179
v  -7.1270 -0.8176 -1.9833
v  -7.1206 -0.7570 -2.0414
v  -7.1106 -0.6159 -2.1323
v  -7.1070 -0.5378 -2.1636
v  -7.1045 -0.4563 -2.1847
v  -7.1031 -0.3728 -2.1952
v  -7.1028 -0.2885 -2.1950
v  -7.1151 -0.6894 -2.0914
v  -7.1382 0.2514 -1.8439
v  -7.1462 0.2854 -1.7672
v  -7.1546 0.3092 -1.6869
v  -7.1633 0.3225 -1.6042
v  -7.1037 -0.2050 -2.1841
v  -7.1057 -0.1236 -2.1627
v  -7.1307 0.2079 -1.9156
v  -7.1240 0.1555 -1.9812
v  -7.1088 -0.0456 -2.1311
v  -7.1129 0.0277 -2.0898
v  -7.1180 0.0951 -2.0396
v  -0.9943 0.0000 -14.5604
v  -1.0015 0.0000 -14.5590
v  -1.0082 0.0000 -14.5546
v  -1.0126 0.0000 -14.5480
v  -1.0139 0.0000 -14.5407
v  -1.0126 0.0000 -14.5335
v  -1.0082 0.0000 -14.5268
v  -1.0015 0.0000 -14.5224
v  -0.8915 0.0000 -14.4888
v  -0.5895 0.0000 -14.4178
v  -0.2911 0.0000 -14.3768
v  -0.9895 -0.0975 -14.5604
v  -0.9967 -0.0982 -14.5590
v  -1.0033 -0.0988 -14.5546
v  -1.0077 -0.0992 -14.5480
v  -1.0091 -0.0994 -14.5407
v  -1.0077 -0.0992 -14.5335
v  -1.0033 -0.0988 -14.5268
v  -0.9967 -0.0982 -14.5224
v  -0.8872 -0.0874 -14.4888
v  -0.5867 -0.0578 -14.4178
v  -0.2897 -0.0285 -14.3768
v  -0.9752 -0.1940 -14.5604
v  -0.9823 -0.1954 -14.5590
v  -0.9888 -0.1967 -14.5546
v  -0.9931 -0.1975 -14.5480
v  -0.9945 -0.1978 -14.5407
v  -0.9931 -0.1975 -14.5335
v  -0.9888 -0.1967 -14.5268
v  -0.9823 -0.1954 -14.5224
v  -0.8744 -0.1739 -14.4888
v  -0.5782 -0.1150 -14.4178
v  -0.2855 -0.0568 -14.3768
v  -0.9514 -0.2886 -14.5604
v  -0.9584 -0.2907 -14.5590
v  -0.9648 -0.2927 -14.5546
v  -0.9690 -0.2939 -14.5480
v  -0.9703 -0.2943 -14.5407
v  -0.9690 -0.2939 -14.5335
v  -0.9648 -0.2927 -14.5268
v  -0.9584 -0.2907 -14.5224
v  -0.8531 -0.2588 -14.4888
v  -0.5642 -0.1711 -14.4178
v  -0.2786 -0.0845 -14.3768
v  -0.9186 -0.3805 -14.5604
v  -0.9253 -0.3833 -14.5590
v  -0.9314 -0.3858 -14.5546
v  -0.9355 -0.3875 -14.5480
v  -0.9368 -0.3880 -14.5407
v  -0.9355 -0.3875 -14.5335
v  -0.9314 -0.3858 -14.5268
v  -0.9253 -0.3833 -14.5224
v  -0.8236 -0.3412 -14.4888
v  -0.5447 -0.2256 -14.4178
v  -0.2690 -0.1114 -14.3768
v  -0.8769 -0.4687 -14.5604
v  -0.8833 -0.4721 -14.5590
v  -0.8891 -0.4752 -14.5546
v  -0.8930 -0.4773 -14.5480
v  -0.8942 -0.4780 -14.5407
v  -0.8930 -0.4773 -14.5335
v  -0.8891 -0.4752 -14.5268
v  -0.8833 -0.4721 -14.5224
v  -0.7862 -0.4202 -14.4888
v  -0.5199 -0.2779 -14.4178
v  -0.2567 -0.1372 -14.3768
v  -0.8267 -0.5524 -14.5604
v  -0.8327 -0.5564 -14.5590
v  -0.8383 -0.5601 -14.5546
v  -0.8419 -0.5625 -14.5480
v  -0.8431 -0.5633 -14.5407
v  -0.8419 -0.5625 -14.5335
v  -0.8383 -0.5601 -14.5268
v  -0.8327 -0.5564 -14.5224
v  -0.7412 -0.4953 -14.4888
v  -0.4902 -0.3275 -14.4178
v  -0.2421 -0.1617 -14.3768
v  -0.7686 -0.6307 -14.5604
v  -0.7742 -0.6353 -14.5590
v  -0.7793 -0.6396 -14.5546
v  -0.7827 -0.6424 -14.5480
v  -0.7838 -0.6432 -14.5407
v  -0.7827 -0.6424 -14.5335
v  -0.7793 -0.6396 -14.5268
v  -0.7742 -0.6353 -14.5224
v  -0.6891 -0.5656 -14.4888
v  -0.4557 -0.3740 -14.4178
v  -0.2250 -0.1847 -14.3768
v  -0.7031 -0.7030 -14.5604
v  -0.7082 -0.7082 -14.5590
v  -0.7129 -0.7129 -14.5546
v  -0.7160 -0.7160 -14.5480
v  -0.7170 -0.7170 -14.5407
v  -0.7160 -0.7160 -14.5335
v  -0.7129 -0.7129 -14.5268
v  -0.7082 -0.7082 -14.5224
v  -0.6304 -0.6304 -14.4888
v  -0.4169 -0.4169 -14.4178
v  -0.2059 -0.2059 -14.3768
v  -0.6308 -0.7686 -14.5604
v  -0.6354 -0.7742 -14.5590
v  -0.6396 -0.7793 -14.5546
v  -0.6424 -0.7827 -14.5480
v  -0.6432 -0.7838 -14.5407
v  -0.6424 -0.7827 -14.5335
v  -0.6396 -0.7793 -14.5268
v  -0.6354 -0.7742 -14.5224
v  -0.5656 -0.6891 -14.4888
v  -0.3740 -0.4557 -14.4178
v  -0.1847 -0.2250 -14.3768
v  -0.5524 -0.8267 -14.5604
v  -0.5564 -0.8327 -14.5590
v  -0.5601 -0.8383 -14.5546
v  -0.5626 -0.8419 -14.5480
v  -0.5633 -0.8431 -14.5407
v  -0.5626 -0.8419 -14.5335
v  -0.5601 -0.8383 -14.5268
v  -0.5564 -0.8327 -14.5224
v  -0.4953 -0.7412 -14.4888
v  -0.3275 -0.4902 -14.4178
v  -0.1617 -0.2421 -14.3768
v  -0.4687 -0.8769 -14.5604
v  -0.4721 -0.8832 -14.5590
v  -0.4753 -0.8891 -14.5546
v  -0.4773 -0.8930 -14.5480
v  -0.4780 -0.8942 -14.5407
v  -0.4773 -0.8930 -14.5335
v  -0.4753 -0.8891 -14.5268
v  -0.4721 -0.8832 -14.5224
v  -0.4202 -0.7862 -14.4888
v  -0.2779 -0.5199 -14.4178
v  -0.1372 -0.2567 -14.3768
v  -0.3805 -0.9186 -14.5604
v  -0.3833 -0.9253 -14.5590
v  -0.3858 -0.9314 -14.5546
v  -0.3875 -0.9355 -14.5480
v  -0.3880 -0.9368 -14.5407
v  -0.3875 -0.9355 -14.5335
v  -0.3858 -0.9314 -14.5268
v  -0.3833 -0.9253 -14.5224
v  -0.3412 -0.8236 -14.4888
v  -0.2256 -0.5447 -14.4178
v  -0.1114 -0.2690 -14.3768
v  -0.2886 -0.9514 -14.5604
v  -0.2907 -0.9584 -14.5590
v  -0.2927 -0.9648 -14.5546
v  -0.2939 -0.9690 -14.5480
v  -0.2943 -0.9703 -14.5407
v  -0.2939 -0.9690 -14.5335
v  -0.2927 -0.9648 -14.5268
v  -0.2907 -0.9584 -14.5224
v  -0.2588 -0.8531 -14.4888
v  -0.1711 -0.5642 -14.4178
v  -0.0845 -0.2786 -14.3768
v  -0.1940 -0.9752 -14.5604
v  -0.1954 -0.9823 -14.5590
v  -0.1967 -0.9888 -14.5546
v  -0.1975 -0.9931 -14.5480
v  -0.1978 -0.9945 -14.5407
v  -0.1975 -0.9931 -14.5335
v  -0.1967 -0.9888 -14.5268
v  -0.1954 -0.9823 -14.5224
v  -0.1739 -0.8744 -14.4888
v  -0.1150 -0.5782 -14.4178
v  -0.0568 -0.2855 -14.3768
v  -0.0975 -0.9895 -14.5604
v  -0.0982 -0.9967 -14.5590
v  -0.0988 -1.0033 -14.5546
v  -0.0993 -1.0077 -14.5480
v  -0.0994 -1.0091 -14.5407
v  -0.0993 -1.0077 -14.5335
v  -0.0988 -1.0033 -14.5268
v  -0.0982 -0.9967 -14.5224
v  -0.0874 -0.8872 -14.4888
v  -0.0578 -0.5867 -14.4178
v  -0.0285 -0.2897 -14.3768
v  -0.0000 -0.9943 -14.5604
v  -0.0000 -1.0015 -14.5590
v  -0.0000 -1.0082 -14.5546
v  -0.0000 -1.0126 -14.5480
v  -0.0000 -1.0139 -14.5407
v  -0.0000 -1.0126 -14.5335
v  -0.0000 -1.0082 -14.5268
v  -0.0000 -1.0015 -14.5224
v  -0.0000 -0.8915 -14.4888
v  -0.0000 -0.5895 -14.4178
v  -0.0000 -0.2911 -14.3768
v  0.0975 -0.9895 -14.5604
v  0.0982 -0.9967 -14.5590
v  0.0988 -1.0033 -14.5546
v  0.0992 -1.0077 -14.5480
v  0.0994 -1.0091 -14.5407
v  0.0992 -1.0077 -14.5335
v  0.0988 -1.0033 -14.5268
v  0.0982 -0.9967 -14.5224
v  0.0874 -0.8872 -14.4888
v  0.0578 -0.5867 -14.4178
v  0.0285 -0.2897 -14.3768
v  0.1940 -0.9752 -14.5604
v  0.1954 -0.9823 -14.5590
v  0.1967 -0.9888 -14.5546
v  0.1975 -0.9931 -14.5480
v  0.1978 -0.9945 -14.5407
v  0.1975 -0.9931 -14.5335
v  0.1967 -0.9888 -14.5268
v  0.1954 -0.9823 -14.5224
v  0.1739 -0.8744 -14.4888
v  0.1150 -0.5782 -14.4178
v  0.0568 -0.2855 -14.3768
v  0.2886 -0.9515 -14.5604
v  0.2907 -0.9584 -14.5590
v  0.2927 -0.9648 -14.5546
v  0.2939 -0.9690 -14.5480
v  0.2943 -0.9703 -14.5407
v  0.2939 -0.9690 -14.5335
v  0.2927 -0.9648 -14.5268
v  0.2907 -0.9584 -14.5224
v  0.2588 -0.8531 -14.4888
v  0.1711 -0.5642 -14.4178
v  0.0845 -0.2786 -14.3768
v  0.3805 -0.9186 -14.5604
v  0.3833 -0.9253 -14.5590
v  0.3858 -0.9314 -14.5546
v  0.3875 -0.9355 -14.5480
v  0.3880 -0.9368 -14.5407
v  0.3875 -0.9355 -14.5335
v  0.3858 -0.9314 -14.5268
v  0.3833 -0.9253 -14.5224
v  0.3412 -0.8236 -14.4888
v  0.2256 -0.5447 -14.4178
v  0.1114 -0.2690 -14.3768
v  0.4687 -0.8769 -14.5604
v  0.4721 -0.8833 -14.5590
v  0.4753 -0.8891 -14.5546
v  0.4773 -0.8930 -14.5480
v  0.4780 -0.8942 -14.5407
v  0.4773 -0.8930 -14.5335
v  0.4753 -0.8891 -14.5268
v  0.4721 -0.8833 -14.5224
v  0.4202 -0.7862 -14.4888
v  0.2779 -0.5199 -14.4178
v  0.1372 -0.2567 -14.3768
v  0.5524 -0.8267 -14.5604
v  0.5564 -0.8327 -14.5590
v  0.5601 -0.8383 -14.5546
v  0.5625 -0.8419 -14.5480
v  0.5633 -0.8431 -14.5407
v  0.5625 -0.8419 -14.5335
v  0.5601 -0.8383 -14.5268
v  0.5564 -0.8327 -14.5224
v  0.4953 -0.7412 -14.4888
v  0.3275 -0.4902 -14.4178
v  0.1617 -0.2421 -14.3768
v  0.6307 -0.7686 -14.5604
v  0.6353 -0.7742 -14.5590
v  0.6396 -0.7793 -14.5546
v  0.6424 -0.7827 -14.5480
v  0.6432 -0.7838 -14.5407
v  0.6424 -0.7827 -14.5335
v  0.6396 -0.7793 -14.5268
v  0.6353 -0.7742 -14.5224
v  0.5656 -0.6891 -14.4888
v  0.3740 -0.4557 -14.4178
v  0.1847 -0.2250 -14.3768
v  0.7030 -0.7031 -14.5604
v  0.7082 -0.7082 -14.5590
v  0.7129 -0.7129 -14.5546
v  0.7160 -0.7160 -14.5480
v  0.7170 -0.7170 -14.5407
v  0.7160 -0.7160 -14.5335
v  0.7129 -0.7129 -14.5268
v  0.7082 -0.7082 -14.5224
v  0.6304 -0.6304 -14.4888
v  0.4169 -0.4169 -14.4178
v  0.2058 -0.2059 -14.3768
v  0.7686 -0.6308 -14.5604
v  0.7742 -0.6354 -14.5590
v  0.7793 -0.6396 -14.5546
v  0.7827 -0.6424 -14.5480
v  0.7838 -0.6432 -14.5407
v  0.7827 -0.6424 -14.5335
v  0.7793 -0.6396 -14.5268
v  0.7742 -0.6354 -14.5224
v  0.6891 -0.5656 -14.4888
v  0.4557 -0.3740 -14.4178
v  0.2250 -0.1847 -14.3768
v  0.8267 -0.5524 -14.5604
v  0.8327 -0.5564 -14.5590
v  0.8383 -0.5601 -14.5546
v  0.8419 -0.5626 -14.5480
v  0.8431 -0.5633 -14.5407
v  0.8419 -0.5626 -14.5335
v  0.8383 -0.5601 -14.5268
v  0.8327 -0.5564 -14.5224
v  0.7412 -0.4953 -14.4888
v  0.4902 -0.3275 -14.4178
v  0.2421 -0.1617 -14.3768
v  0.8769 -0.4687 -14.5604
v  0.8833 -0.4721 -14.5590
v  0.8891 -0.4753 -14.5546
v  0.8930 -0.4773 -14.5480
v  0.8942 -0.4780 -14.5407
v  0.8930 -0.4773 -14.5335
v  0.8891 -0.4753 -14.5268
v  0.8833 -0.4721 -14.5224
v  0.7862 -0.4202 -14.4888
v  0.5199 -0.2779 -14.4178
v  0.2567 -0.1372 -14.3768
v  0.9186 -0.3805 -14.5604
v  0.9253 -0.3833 -14.5590
v  0.9314 -0.3858 -14.5546
v  0.9355 -0.3875 -14.5480
v  0.9368 -0.3880 -14.5407
v  0.9355 -0.3875 -14.5335
v  0.9314 -0.3858 -14.5268
v  0.9253 -0.3833 -14.5224
v  0.8236 -0.3412 -14.4888
v  0.5447 -0.2256 -14.4178
v  0.2690 -0.1114 -14.3768
v  0.9515 -0.2886 -14.5604
v  0.9584 -0.2907 -14.5590
v  0.9648 -0.2927 -14.5546
v  0.9690 -0.2939 -14.5480
v  0.9703 -0.2943 -14.5407
v  0.9690 -0.2939 -14.5335
v  0.9648 -0.2927 -14.5268
v  0.9584 -0.2907 -14.5224
v  0.8531 -0.2588 -14.4888
v  0.5642 -0.1711 -14.4178
v  0.2786 -0.0845 -14.3768
v  0.9752 -0.1940 -14.5604
v  0.9823 -0.1954 -14.5590
v  0.9888 -0.1967 -14.5546
v  0.9931 -0.1975 -14.5480
v  0.9945 -0.1978 -14.5407
v  0.9931 -0.1975 -14.5335
v  0.9888 -0.1967 -14.5268
v  0.9823 -0.1954 -14.5224
v  0.8744 -0.1739 -14.4888
v  0.5782 -0.1150 -14.4178
v  0.2855 -0.0568 -14.3768
v  0.9895 -0.0975 -14.5604
v  0.9967 -0.0982 -14.5590
v  1.0033 -0.0988 -14.5546
v  1.0077 -0.0993 -14.5480
v  1.0091 -0.0994 -14.5407
v  1.0077 -0.0993 -14.5335
v  1.0033 -0.0988 -14.5268
v  0.9967 -0.0982 -14.5224
v  0.8872 -0.0874 -14.4888
v  0.5867 -0.0578 -14.4178
v  0.2897 -0.0285 -14.3768
v  0.9943 -0.0000 -14.5604
v  1.0015 -0.0000 -14.5590
v  1.0082 -0.0000 -14.5546
v  1.0126 -0.0000 -14.5480
v  1.0139 -0.0000 -14.5407
v  1.0126 -0.0000 -14.5335
v  1.0082 -0.0000 -14.5268
v  1.0015 -0.0000 -14.5224
v  0.8915 -0.0000 -14.4888
v  0.5895 -0.0000 -14.4178
v  0.2911 -0.0000 -14.3768
v  0.9895 0.0975 -14.5604
v  0.9967 0.0982 -14.5590
v  1.0033 0.0988 -14.5546
v  1.0077 0.0992 -14.5480
v  1.0091 0.0994 -14.5407
v  1.0077 0.0992 -14.5335
v  1.0033 0.0988 -14.5268
v  0.9967 0.0982 -14.5224
v  0.8872 0.0874 -14.4888
v  0.5867 0.0578 -14.4178
v  0.2897 0.0285 -14.3768
v  0.9752 0.1940 -14.5604
v  0.9823 0.1954 -14.5590
v  0.9888 0.1967 -14.5546
v  0.9931 0.1975 -14.5480
v  0.9945 0.1978 -14.5407
v  0.9931 0.1975 -14.5335
v  0.9888 0.1967 -14.5268
v  0.9823 0.1954 -14.5224
v  0.8744 0.1739 -14.4888
v  0.5782 0.1150 -14.4178
v  0.2855 0.0568 -14.3768
v  0.9515 0.2886 -14.5604
v  0.9584 0.2907 -14.5590
v  0.9648 0.2927 -14.5546
v  0.9690 0.2939 -14.5480
v  0.9703 0.2943 -14.5407
v  0.9690 0.2939 -14.5335
v  0.9648 0.2927 -14.5268
v  0.9584 0.2907 -14.5224
v  0.8531 0.2588 -14.4888
v  0.5642 0.1711 -14.4178
v  0.2786 0.0845 -14.3768
v  0.9186 0.3805 -14.5604
v  0.9253 0.3833 -14.5590
v  0.9314 0.3858 -14.5546
v  0.9355 0.3875 -14.5480
v  0.9368 0.3880 -14.5407
v  0.9355 0.3875 -14.5335
v  0.9314 0.3858 -14.5268
v  0.9253 0.3833 -14.5224
v  0.8236 0.3412 -14.4888
v  0.5447 0.2256 -14.4178
v  0.2690 0.1114 -14.3768
v  0.8769 0.4687 -14.5604
v  0.8833 0.4721 -14.5590
v  0.8891 0.4752 -14.5546
v  0.8930 0.4773 -14.5480
v  0.8942 0.4780 -14.5407
v  0.8930 0.4773 -14.5335
v  0.8891 0.4752 -14.5268
v  0.8833 0.4721 -14.5224
v  0.7862 0.4202 -14.4888
v  0.5199 0.2779 -14.4178
v  0.2567 0.1372 -14.3768
v  0.8267 0.5524 -14.5604
v  0.8327 0.5564 -14.5590
v  0.8383 0.5601 -14.5546
v  0.8419 0.5625 -14.5480
v  0.8431 0.5633 -14.5407
v  0.8419 0.5625 -14.5335
v  0.8383 0.5601 -14.5268
v  0.8327 0.5564 -14.5224
v  0.7413 0.4953 -14.4888
v  0.4902 0.3275 -14.4178
v  0.2421 0.1617 -14.3768
v  0.7686 0.6308 -14.5604
v  0.7742 0.6353 -14.5590
v  0.7793 0.6396 -14.5546
v  0.7827 0.6424 -14.5480
v  0.7838 0.6432 -14.5407
v  0.7827 0.6424 -14.5335
v  0.7793 0.6396 -14.5268
v  0.7742 0.6353 -14.5224
v  0.6891 0.5656 -14.4888
v  0.4557 0.3740 -14.4178
v  0.2250 0.1847 -14.3768
v  0.7031 0.7030 -14.5604
v  0.7082 0.7082 -14.5590
v  0.7129 0.7129 -14.5546
v  0.7160 0.7160 -14.5480
v  0.7170 0.7170 -14.5407
v  0.7160 0.7160 -14.5335
v  0.7129 0.7129 -14.5268
v  0.7082 0.7082 -14.5224
v  0.6304 0.6304 -14.4888
v  0.4169 0.4169 -14.4178
v  0.2059 0.2059 -14.3768
v  0.6308 0.7686 -14.5604
v  0.6354 0.7742 -14.5590
v  0.6396 0.7793 -14.5546
v  0.6424 0.7827 -14.5480
v  0.6432 0.7838 -14.5407
v  0.6424 0.7827 -14.5335
v  0.6396 0.7793 -14.5268
v  0.6354 0.7742 -14.5224
v  0.5656 0.6891 -14.4888
v  0.3740 0.4557 -14.4178
v  0.1847 0.2250 -14.3768
v  0.5524 0.8267 -14.5604
v  0.5564 0.8327 -14.5590
v  0.5601 0.8383 -14.5546
v  0.5626 0.8419 -14.5480
v  0.5633 0.8431 -14.5407
v  0.5626 0.8419 -14.5335
v  0.5601 0.8383 -14.5268
v  0.5564 0.8327 -14.5224
v  0.4953 0.7412 -14.4888
v  0.3275 0.4902 -14.4178
v  0.1617 0.2421 -14.3768
v  0.4687 0.8769 -14.5604
v  0.4721 0.8832 -14.5590
v  0.4753 0.8891 -14.5546
v  0.4773 0.8930 -14.5480
v  0.4780 0.8942 -14.5407
v  0.4773 0.8930 -14.5335
v  0.4753 0.8891 -14.5268
v  0.4721 0.8832 -14.5224
v  0.4203 0.7862 -14.4888
v  0.2779 0.5199 -14.4178
v  0.1372 0.2567 -14.3768
v  0.3805 0.9186 -14.5604
v  0.3833 0.9253 -14.5590
v  0.3858 0.9314 -14.5546
v  0.3875 0.9355 -14.5480
v  0.3880 0.9368 -14.5407
v  0.3875 0.9355 -14.5335
v  0.3858 0.9314 -14.5268
v  0.3833 0.9253 -14.5224
v  0.3412 0.8236 -14.4888
v  0.2256 0.5447 -14.4178
v  0.1114 0.2690 -14.3768
v  0.2886 0.9514 -14.5604
v  0.2907 0.9584 -14.5590
v  0.2927 0.9648 -14.5546
v  0.2939 0.9690 -14.5480
v  0.2943 0.9703 -14.5407
v  0.2939 0.9690 -14.5335
v  0.2927 0.9648 -14.5268
v  0.2907 0.9584 -14.5224
v  0.2588 0.8531 -14.4888
v  0.1711 0.5642 -14.4178
v  0.0845 0.2786 -14.3768
v  0.1940 0.9752 -14.5604
v  0.1954 0.9823 -14.5590
v  0.1967 0.9888 -14.5546
v  0.1975 0.9931 -14.5480
v  0.1978 0.9945 -14.5407
v  0.1975 0.9931 -14.5335
v  0.1967 0.9888 -14.5268
v  0.1954 0.9823 -14.5224
v  0.1739 0.8744 -14.4888
v  0.1150 0.5782 -14.4178
v  0.0568 0.2855 -14.3768
v  0.0975 0.9895 -14.5604
v  0.0982 0.9967 -14.5590
v  0.0988 1.0033 -14.5546
v  0.0993 1.0077 -14.5480
v  0.0994 1.0091 -14.5407
v  0.0993 1.0077 -14.5335
v  0.0988 1.0033 -14.5268
v  0.0982 0.9967 -14.5224
v  0.0874 0.8872 -14.4888
v  0.0578 0.5867 -14.4178
v  0.0285 0.2897 -14.3768
v  0.0000 0.9943 -14.5604
v  0.0000 1.0015 -14.5590
v  0.0000 1.0082 -14.5546
v  0.0000 1.0126 -14.5480
v  0.0000 1.0139 -14.5407
v  0.0000 1.0126 -14.5335
v  0.0000 1.0082 -14.5268
v  0.0000 1.0015 -14.5224
v  0.0000 0.8915 -14.4888
v  0.0000 0.5895 -14.4178
v  0.0000 0.2911 -14.3768
v  -0.0974 0.9895 -14.5604
v  -0.0982 0.9967 -14.5590
v  -0.0988 1.0033 -14.5546
v  -0.0992 1.0077 -14.5480
v  -0.0994 1.0091 -14.5407
v  -0.0992 1.0077 -14.5335
v  -0.0988 1.0033 -14.5268
v  -0.0982 0.9967 -14.5224
v  -0.0874 0.8872 -14.4888
v  -0.0578 0.5867 -14.4178
v  -0.0285 0.2897 -14.3768
v  -0.1940 0.9752 -14.5604
v  -0.1954 0.9823 -14.5590
v  -0.1967 0.9888 -14.5546
v  -0.1975 0.9931 -14.5480
v  -0.1978 0.9945 -14.5407
v  -0.1975 0.9931 -14.5335
v  -0.1967 0.9888 -14.5268
v  -0.1954 0.9823 -14.5224
v  -0.1739 0.8744 -14.4888
v  -0.1150 0.5782 -14.4178
v  -0.0568 0.2855 -14.3768
v  -0.2886 0.9515 -14.5604
v  -0.2907 0.9584 -14.5590
v  -0.2927 0.9648 -14.5546
v  -0.2939 0.9690 -14.5480
v  -0.2943 0.9703 -14.5407
v  -0.2939 0.9690 -14.5335
v  -0.2927 0.9648 -14.5268
v  -0.2907 0.9584 -14.5224
v  -0.2588 0.8531 -14.4888
v  -0.1711 0.5642 -14.4178
v  -0.0845 0.2786 -14.3768
v  -0.3805 0.9186 -14.5604
v  -0.3833 0.9253 -14.5590
v  -0.3858 0.9314 -14.5546
v  -0.3875 0.9355 -14.5480
v  -0.3880 0.9368 -14.5407
v  -0.3875 0.9355 -14.5335
v  -0.3858 0.9314 -14.5268
v  -0.3833 0.9253 -14.5224
v  -0.3412 0.8236 -14.4888
v  -0.2256 0.5447 -14.4178
v  -0.1114 0.2690 -14.3768
v  -0.4687 0.8769 -14.5604
v  -0.4721 0.8833 -14.5590
v  -0.4752 0.8891 -14.5546
v  -0.4773 0.8930 -14.5480
v  -0.4780 0.8942 -14.5407
v  -0.4773 0.8930 -14.5335
v  -0.4752 0.8891 -14.5268
v  -0.4721 0.8833 -14.5224
v  -0.4202 0.7862 -14.4888
v  -0.2779 0.5199 -14.4178
v  -0.1372 0.2567 -14.3768
v  -0.5524 0.8267 -14.5604
v  -0.5564 0.8327 -14.5590
v  -0.5601 0.8383 -14.5546
v  -0.5625 0.8419 -14.5480
v  -0.5633 0.8431 -14.5407
v  -0.5625 0.8419 -14.5335
v  -0.5601 0.8383 -14.5268
v  -0.5564 0.8327 -14.5224
v  -0.4953 0.7412 -14.4888
v  -0.3275 0.4902 -14.4178
v  -0.1617 0.2421 -14.3768
v  -0.6308 0.7686 -14.5604
v  -0.6353 0.7742 -14.5590
v  -0.6396 0.7793 -14.5546
v  -0.6424 0.7827 -14.5480
v  -0.6432 0.7838 -14.5407
v  -0.6424 0.7827 -14.5335
v  -0.6396 0.7793 -14.5268
v  -0.6353 0.7742 -14.5224
v  -0.5656 0.6891 -14.4888
v  -0.3740 0.4557 -14.4178
v  -0.1847 0.2250 -14.3768
v  -0.7030 0.7031 -14.5604
v  -0.7082 0.7082 -14.5590
v  -0.7129 0.7129 -14.5546
v  -0.7160 0.7160 -14.5480
v  -0.7170 0.7170 -14.5407
v  -0.7160 0.7160 -14.5335
v  -0.7129 0.7129 -14.5268
v  -0.7082 0.7082 -14.5224
v  -0.6304 0.6304 -14.4888
v  -0.4169 0.4169 -14.4178
v  -0.2059 0.2059 -14.3768
v  -0.7686 0.6308 -14.5604
v  -0.7742 0.6354 -14.5590
v  -0.7793 0.6396 -14.5546
v  -0.7827 0.6424 -14.5480
v  -0.7838 0.6432 -14.5407
v  -0.7827 0.6424 -14.5335
v  -0.7793 0.6396 -14.5268
v  -0.7742 0.6354 -14.5224
v  -0.6891 0.5656 -14.4888
v  -0.4557 0.3740 -14.4178
v  -0.2250 0.1847 -14.3768
v  -0.8267 0.5524 -14.5604
v  -0.8327 0.5564 -14.5590
v  -0.8383 0.5601 -14.5546
v  -0.8419 0.5626 -14.5480
v  -0.8431 0.5633 -14.5407
v  -0.8419 0.5626 -14.5335
v  -0.8383 0.5601 -14.5268
v  -0.8327 0.5564 -14.5224
v  -0.7412 0.4953 -14.4888
v  -0.4902 0.3275 -14.4178
v  -0.2421 0.1617 -14.3768
v  -0.8769 0.4687 -14.5604
v  -0.8833 0.4721 -14.5590
v  -0.8891 0.4753 -14.5546
v  -0.8930 0.4773 -14.5480
v  -0.8942 0.4780 -14.5407
v  -0.8930 0.4773 -14.5335
v  -0.8891 0.4753 -14.5268
v  -0.8833 0.4721 -14.5224
v  -0.7862 0.4202 -14.4888
v  -0.5199 0.2779 -14.4178
v  -0.2567 0.1372 -14.3768
v  -0.9186 0.3805 -14.5604
v  -0.9253 0.3833 -14.5590
v  -0.9314 0.3858 -14.5546
v  -0.9355 0.3875 -14.5480
v  -0.9368 0.3880 -14.5407
v  -0.9355 0.3875 -14.5335
v  -0.9314 0.3858 -14.5268
v  -0.9253 0.3833 -14.5224
v  -0.8236 0.3412 -14.4888
v  -0.5447 0.2256 -14.4178
v  -0.2690 0.1114 -14.3768
v  -0.9514 0.2886 -14.5604
v  -0.9584 0.2907 -14.5590
v  -0.9648 0.2927 -14.5546
v  -0.9690 0.2939 -14.5480
v  -0.9703 0.2943 -14.5407
v  -0.9690 0.2939 -14.5335
v  -0.9648 0.2927 -14.5268
v  -0.9584 0.2907 -14.5224
v  -0.8531 0.2588 -14.4888
v  -0.5642 0.1711 -14.4178
v  -0.2786 0.0845 -14.3768
v  -0.9752 0.1940 -14.5604
v  -0.9823 0.1954 -14.5590
v  -0.9888 0.1967 -14.5546
v  -0.9931 0.1975 -14.5480
v  -0.9945 0.1978 -14.5407
v  -0.9931 0.1975 -14.5335
v  -0.9888 0.1967 -14.5268
v  -0.9823 0.1954 -14.5224
v  -0.8744 0.1739 -14.4888
v  -0.5782 0.1150 -14.4178
v  -0.2855 0.0568 -14.3768
v  0.0000 0.0000 -14.8163
v  -0.9895 0.0975 -14.5604
v  -0.9967 0.0982 -14.5590
v  -1.0033 0.0988 -14.5546
v  -1.0077 0.0993 -14.5480
v  -1.0091 0.0994 -14.5407
v  -1.0077 0.0993 -14.5335
v  -1.0033 0.0988 -14.5268
v  -0.9967 0.0982 -14.5224
v  -0.8872 0.0874 -14.4888
v  -0.5867 0.0578 -14.4178
v  -0.2897 0.0285 -14.3768
v  0.0000 0.0000 -14.3637
v  -0.6268 -0.0617 -14.8163
v  -0.6268 -0.0617 -14.8063
v  -0.6170 -0.0603 -14.8163
v  -0.6299 0.0000 -14.8163
v  -0.6199 0.0005 -14.8163
v  -0.6299 0.0000 -14.8063
v  -0.6268 -0.0617 -14.7376
v  -0.6169 -0.0612 -14.7376
v  -0.6268 -0.0617 -14.7476
v  -0.6299 0.0000 -14.7376
v  -0.6299 0.0000 -14.7476
v  -0.6199 -0.0005 -14.7376
v  -0.5602 -0.0552 -14.7376
v  -0.5602 -0.0552 -14.7276
v  -0.5701 -0.0566 -14.7376
v  -0.5629 0.0000 -14.7376
v  -0.5729 -0.0005 -14.7376
v  -0.5629 0.0000 -14.7276
v  -0.5602 -0.0552 -14.5604
v  -0.5702 -0.0557 -14.5604
v  -0.5602 -0.0552 -14.5704
v  -0.5629 0.0000 -14.5604
v  -0.5629 0.0000 -14.5704
v  -0.5729 0.0005 -14.5604
v  -0.6178 -0.1229 -14.8163
v  -0.6178 -0.1229 -14.8063
v  -0.6081 -0.1204 -14.8163
v  -0.6178 -0.1229 -14.7376
v  -0.6079 -0.1214 -14.7376
v  -0.6178 -0.1229 -14.7476
v  -0.5521 -0.1098 -14.7376
v  -0.5521 -0.1098 -14.7276
v  -0.5618 -0.1123 -14.7376
v  -0.5521 -0.1098 -14.5604
v  -0.5620 -0.1113 -14.5604
v  -0.5521 -0.1098 -14.5704
v  -0.6028 -0.1828 -14.8163
v  -0.6028 -0.1828 -14.8063
v  -0.5933 -0.1795 -14.8163
v  -0.6028 -0.1828 -14.7376
v  -0.5931 -0.1804 -14.7376
v  -0.6028 -0.1828 -14.7476
v  -0.5387 -0.1634 -14.7376
v  -0.5387 -0.1634 -14.7276
v  -0.5481 -0.1668 -14.7376
v  -0.5387 -0.1634 -14.5604
v  -0.5484 -0.1658 -14.5604
v  -0.5387 -0.1634 -14.5704
v  -0.5819 -0.2410 -14.8163
v  -0.5819 -0.2410 -14.8063
v  -0.5729 -0.2368 -14.8163
v  -0.5819 -0.2410 -14.7376
v  -0.5725 -0.2377 -14.7376
v  -0.5819 -0.2410 -14.7476
v  -0.5201 -0.2154 -14.7376
v  -0.5201 -0.2154 -14.7276
v  -0.5291 -0.2197 -14.7376
v  -0.5201 -0.2154 -14.5604
v  -0.5295 -0.2188 -14.5604
v  -0.5201 -0.2154 -14.5704
v  -0.5555 -0.2969 -14.8163
v  -0.5555 -0.2969 -14.8063
v  -0.5469 -0.2918 -14.8163
v  -0.5555 -0.2969 -14.7376
v  -0.5465 -0.2926 -14.7376
v  -0.5555 -0.2969 -14.7476
v  -0.4965 -0.2654 -14.7376
v  -0.4965 -0.2654 -14.7276
v  -0.5051 -0.2705 -14.7376
v  -0.4965 -0.2654 -14.5604
v  -0.5055 -0.2696 -14.5604
v  -0.4965 -0.2654 -14.5704
v  -0.5237 -0.3499 -14.8163
v  -0.5237 -0.3499 -14.8063
v  -0.5157 -0.3440 -14.8163
v  -0.5237 -0.3499 -14.7376
v  -0.5151 -0.3448 -14.7376
v  -0.5237 -0.3499 -14.7476
v  -0.4681 -0.3128 -14.7376
v  -0.4681 -0.3128 -14.7276
v  -0.4761 -0.3187 -14.7376
v  -0.4681 -0.3128 -14.5604
v  -0.4767 -0.3179 -14.5604
v  -0.4681 -0.3128 -14.5704
v  -0.4869 -0.3996 -14.8163
v  -0.4869 -0.3996 -14.8063
v  -0.4795 -0.3929 -14.8163
v  -0.4869 -0.3996 -14.7376
v  -0.4789 -0.3936 -14.7376
v  -0.4869 -0.3996 -14.7476
v  -0.4352 -0.3571 -14.7376
v  -0.4352 -0.3571 -14.7276
v  -0.4426 -0.3638 -14.7376
v  -0.4352 -0.3571 -14.5604
v  -0.4432 -0.3631 -14.5604
v  -0.4352 -0.3571 -14.5704
v  -0.4454 -0.4454 -14.8163
v  -0.4454 -0.4454 -14.8063
v  -0.4387 -0.4380 -14.8163
v  -0.4454 -0.4454 -14.7376
v  -0.4380 -0.4387 -14.7376
v  -0.4454 -0.4454 -14.7476
v  -0.3981 -0.3981 -14.7376
v  -0.3981 -0.3981 -14.7276
v  -0.4048 -0.4055 -14.7376
v  -0.3981 -0.3981 -14.5604
v  -0.4055 -0.4048 -14.5604
v  -0.3981 -0.3981 -14.5704
v  -0.3996 -0.4869 -14.8163
v  -0.3996 -0.4869 -14.8063
v  -0.3936 -0.4789 -14.8163
v  -0.3996 -0.4869 -14.7376
v  -0.3929 -0.4795 -14.7376
v  -0.3996 -0.4869 -14.7476
v  -0.3571 -0.4352 -14.7376
v  -0.3571 -0.4352 -14.7276
v  -0.3631 -0.4432 -14.7376
v  -0.3571 -0.4352 -14.5604
v  -0.3638 -0.4426 -14.5604
v  -0.3571 -0.4352 -14.5704
v  -0.3499 -0.5237 -14.8163
v  -0.3499 -0.5237 -14.8063
v  -0.3448 -0.5151 -14.8163
v  -0.3499 -0.5237 -14.7376
v  -0.3440 -0.5157 -14.7376
v  -0.3499 -0.5237 -14.7476
v  -0.3128 -0.4681 -14.7376
v  -0.3128 -0.4681 -14.7276
v  -0.3179 -0.4767 -14.7376
v  -0.3128 -0.4681 -14.5604
v  -0.3187 -0.4761 -14.5604
v  -0.3128 -0.4681 -14.5704
v  -0.2969 -0.5555 -14.8163
v  -0.2969 -0.5555 -14.8063
v  -0.2926 -0.5465 -14.8163
v  -0.2969 -0.5555 -14.7376
v  -0.2918 -0.5469 -14.7376
v  -0.2969 -0.5555 -14.7476
v  -0.2654 -0.4965 -14.7376
v  -0.2654 -0.4965 -14.7276
v  -0.2697 -0.5055 -14.7376
v  -0.2654 -0.4965 -14.5604
v  -0.2705 -0.5051 -14.5604
v  -0.2654 -0.4965 -14.5704
v  -0.2410 -0.5819 -14.8163
v  -0.2410 -0.5819 -14.8063
v  -0.2377 -0.5725 -14.8163
v  -0.2410 -0.5819 -14.7376
v  -0.2368 -0.5729 -14.7376
v  -0.2410 -0.5819 -14.7476
v  -0.2154 -0.5201 -14.7376
v  -0.2154 -0.5201 -14.7276
v  -0.2188 -0.5295 -14.7376
v  -0.2154 -0.5201 -14.5604
v  -0.2197 -0.5291 -14.5604
v  -0.2154 -0.5201 -14.5704
v  -0.1828 -0.6028 -14.8163
v  -0.1828 -0.6028 -14.8063
v  -0.1804 -0.5931 -14.8163
v  -0.1828 -0.6028 -14.7376
v  -0.1795 -0.5933 -14.7376
v  -0.1828 -0.6028 -14.7476
v  -0.1634 -0.5387 -14.7376
v  -0.1634 -0.5387 -14.7276
v  -0.1658 -0.5484 -14.7376
v  -0.1634 -0.5387 -14.5604
v  -0.1668 -0.5481 -14.5604
v  -0.1634 -0.5387 -14.5704
v  -0.1229 -0.6178 -14.8163
v  -0.1229 -0.6178 -14.8063
v  -0.1214 -0.6079 -14.8163
v  -0.1229 -0.6178 -14.7376
v  -0.1205 -0.6081 -14.7376
v  -0.1229 -0.6178 -14.7476
v  -0.1098 -0.5521 -14.7376
v  -0.1098 -0.5521 -14.7276
v  -0.1113 -0.5620 -14.7376
v  -0.1098 -0.5521 -14.5604
v  -0.1123 -0.5618 -14.5604
v  -0.1098 -0.5521 -14.5704
v  -0.0617 -0.6268 -14.8163
v  -0.0617 -0.6268 -14.8063
v  -0.0613 -0.6169 -14.8163
v  -0.0617 -0.6268 -14.7376
v  -0.0603 -0.6169 -14.7376
v  -0.0617 -0.6268 -14.7476
v  -0.0552 -0.5602 -14.7376
v  -0.0552 -0.5602 -14.7276
v  -0.0557 -0.5702 -14.7376
v  -0.0552 -0.5602 -14.5604
v  -0.0567 -0.5701 -14.5604
v  -0.0552 -0.5602 -14.5704
v  -0.0000 -0.6299 -14.8163
v  -0.0000 -0.6299 -14.8063
v  -0.0005 -0.6199 -14.8163
v  -0.0000 -0.6299 -14.7376
v  0.0005 -0.6199 -14.7376
v  -0.0000 -0.6299 -14.7476
v  -0.0000 -0.5630 -14.7376
v  -0.0000 -0.5630 -14.7276
v  0.0005 -0.5729 -14.7376
v  -0.0000 -0.5630 -14.5604
v  -0.0005 -0.5729 -14.5604
v  -0.0000 -0.5630 -14.5704
v  0.0617 -0.6268 -14.8163
v  0.0617 -0.6268 -14.8063
v  0.0603 -0.6170 -14.8163
v  0.0617 -0.6268 -14.7376
v  0.0612 -0.6169 -14.7376
v  0.0617 -0.6268 -14.7476
v  0.0552 -0.5602 -14.7376
v  0.0552 -0.5602 -14.7276
v  0.0566 -0.5701 -14.7376
v  0.0552 -0.5602 -14.5604
v  0.0557 -0.5702 -14.5604
v  0.0552 -0.5602 -14.5704
v  0.1229 -0.6178 -14.8163
v  0.1229 -0.6178 -14.8063
v  0.1205 -0.6081 -14.8163
v  0.1229 -0.6178 -14.7376
v  0.1214 -0.6079 -14.7376
v  0.1229 -0.6178 -14.7476
v  0.1098 -0.5521 -14.7376
v  0.1098 -0.5521 -14.7276
v  0.1123 -0.5618 -14.7376
v  0.1098 -0.5521 -14.5604
v  0.1113 -0.5620 -14.5604
v  0.1098 -0.5521 -14.5704
v  0.1828 -0.6028 -14.8163
v  0.1828 -0.6028 -14.8063
v  0.1795 -0.5933 -14.8163
v  0.1828 -0.6028 -14.7376
v  0.1804 -0.5931 -14.7376
v  0.1828 -0.6028 -14.7476
v  0.1634 -0.5387 -14.7376
v  0.1634 -0.5387 -14.7276
v  0.1668 -0.5481 -14.7376
v  0.1634 -0.5387 -14.5604
v  0.1658 -0.5484 -14.5604
v  0.1634 -0.5387 -14.5704
v  0.2410 -0.5819 -14.8163
v  0.2410 -0.5819 -14.8063
v  0.2368 -0.5729 -14.8163
v  0.2410 -0.5819 -14.7376
v  0.2377 -0.5725 -14.7376
v  0.2410 -0.5819 -14.7476
v  0.2154 -0.5201 -14.7376
v  0.2154 -0.5201 -14.7276
v  0.2197 -0.5291 -14.7376
v  0.2154 -0.5201 -14.5604
v  0.2188 -0.5295 -14.5604
v  0.2154 -0.5201 -14.5704
v  0.2969 -0.5555 -14.8163
v  0.2969 -0.5555 -14.8063
v  0.2918 -0.5469 -14.8163
v  0.2969 -0.5555 -14.7376
v  0.2926 -0.5465 -14.7376
v  0.2969 -0.5555 -14.7476
v  0.2654 -0.4965 -14.7376
v  0.2654 -0.4965 -14.7276
v  0.2705 -0.5051 -14.7376
v  0.2654 -0.4965 -14.5604
v  0.2696 -0.5055 -14.5604
v  0.2654 -0.4965 -14.5704
v  0.3499 -0.5237 -14.8163
v  0.3499 -0.5237 -14.8063
v  0.3440 -0.5157 -14.8163
v  0.3499 -0.5237 -14.7376
v  0.3448 -0.5151 -14.7376
v  0.3499 -0.5237 -14.7476
v  0.3128 -0.4681 -14.7376
v  0.3128 -0.4681 -14.7276
v  0.3187 -0.4761 -14.7376
v  0.3128 -0.4681 -14.5604
v  0.3179 -0.4767 -14.5604
v  0.3128 -0.4681 -14.5704
v  0.3996 -0.4869 -14.8163
v  0.3996 -0.4869 -14.8063
v  0.3929 -0.4795 -14.8163
v  0.3996 -0.4869 -14.7376
v  0.3936 -0.4789 -14.7376
v  0.3996 -0.4869 -14.7476
v  0.3571 -0.4352 -14.7376
v  0.3571 -0.4352 -14.7276
v  0.3638 -0.4426 -14.7376
v  0.3571 -0.4352 -14.5604
v  0.3631 -0.4432 -14.5604
v  0.3571 -0.4352 -14.5704
v  0.4454 -0.4454 -14.8163
v  0.4454 -0.4454 -14.8063
v  0.4380 -0.4387 -14.8163
v  0.4454 -0.4454 -14.7376
v  0.4387 -0.4380 -14.7376
v  0.4454 -0.4454 -14.7476
v  0.3981 -0.3981 -14.7376
v  0.3981 -0.3981 -14.7276
v  0.4055 -0.4048 -14.7376
v  0.3981 -0.3981 -14.5604
v  0.4048 -0.4055 -14.5604
v  0.3981 -0.3981 -14.5704
v  0.4869 -0.3996 -14.8163
v  0.4869 -0.3996 -14.8063
v  0.4789 -0.3936 -14.8163
v  0.4869 -0.3996 -14.7376
v  0.4795 -0.3929 -14.7376
v  0.4869 -0.3996 -14.7476
v  0.4352 -0.3571 -14.7376
v  0.4352 -0.3571 -14.7276
v  0.4432 -0.3631 -14.7376
v  0.4352 -0.3571 -14.5604
v  0.4426 -0.3639 -14.5604
v  0.4352 -0.3571 -14.5704
v  0.5237 -0.3499 -14.8163
v  0.5237 -0.3499 -14.8063
v  0.5151 -0.3448 -14.8163
v  0.5237 -0.3499 -14.7376
v  0.5157 -0.3440 -14.7376
v  0.5237 -0.3499 -14.7476
v  0.4681 -0.3128 -14.7376
v  0.4681 -0.3128 -14.7276
v  0.4767 -0.3179 -14.7376
v  0.4681 -0.3128 -14.5604
v  0.4761 -0.3187 -14.5604
v  0.4681 -0.3128 -14.5704
v  0.5555 -0.2969 -14.8163
v  0.5555 -0.2969 -14.8063
v  0.5465 -0.2926 -14.8163
v  0.5555 -0.2969 -14.7376
v  0.5469 -0.2918 -14.7376
v  0.5555 -0.2969 -14.7476
v  0.4965 -0.2654 -14.7376
v  0.4965 -0.2654 -14.7276
v  0.5055 -0.2697 -14.7376
v  0.4965 -0.2654 -14.5604
v  0.5051 -0.2705 -14.5604
v  0.4965 -0.2654 -14.5704
v  0.5819 -0.2410 -14.8163
v  0.5819 -0.2410 -14.8063
v  0.5725 -0.2377 -14.8163
v  0.5819 -0.2410 -14.7376
v  0.5729 -0.2368 -14.7376
v  0.5819 -0.2410 -14.7476
v  0.5201 -0.2154 -14.7376
v  0.5201 -0.2154 -14.7276
v  0.5295 -0.2188 -14.7376
v  0.5201 -0.2154 -14.5604
v  0.5291 -0.2197 -14.5604
v  0.5201 -0.2154 -14.5704
v  0.6028 -0.1828 -14.8163
v  0.6028 -0.1828 -14.8063
v  0.5931 -0.1804 -14.8163
v  0.6028 -0.1828 -14.7376
v  0.5933 -0.1795 -14.7376
v  0.6028 -0.1828 -14.7476
v  0.5387 -0.1634 -14.7376
v  0.5387 -0.1634 -14.7276
v  0.5484 -0.1658 -14.7376
v  0.5387 -0.1634 -14.5604
v  0.5481 -0.1668 -14.5604
v  0.5387 -0.1634 -14.5704
v  0.6178 -0.1229 -14.8163
v  0.6178 -0.1229 -14.8063
v  0.6079 -0.1214 -14.8163
v  0.6178 -0.1229 -14.7376
v  0.6081 -0.1205 -14.7376
v  0.6178 -0.1229 -14.7476
v  0.5521 -0.1098 -14.7376
v  0.5521 -0.1098 -14.7276
v  0.5620 -0.1113 -14.7376
v  0.5521 -0.1098 -14.5604
v  0.5618 -0.1123 -14.5604
v  0.5521 -0.1098 -14.5704
v  0.6268 -0.0617 -14.8163
v  0.6268 -0.0617 -14.8063
v  0.6169 -0.0613 -14.8163
v  0.6268 -0.0617 -14.7376
v  0.6170 -0.0603 -14.7376
v  0.6268 -0.0617 -14.7476
v  0.5602 -0.0552 -14.7376
v  0.5602 -0.0552 -14.7276
v  0.5702 -0.0557 -14.7376
v  0.5602 -0.0552 -14.5604
v  0.5701 -0.0567 -14.5604
v  0.5602 -0.0552 -14.5704
v  0.6299 -0.0000 -14.8163
v  0.6299 -0.0000 -14.8063
v  0.6199 -0.0005 -14.8163
v  0.6299 -0.0000 -14.7376
v  0.6199 0.0005 -14.7376
v  0.6299 -0.0000 -14.7476
v  0.5630 -0.0000 -14.7376
v  0.5630 -0.0000 -14.7276
v  0.5729 0.0005 -14.7376
v  0.5630 -0.0000 -14.5604
v  0.5729 -0.0005 -14.5604
v  0.5630 -0.0000 -14.5704
v  0.6268 0.0617 -14.8163
v  0.6268 0.0617 -14.8063
v  0.6170 0.0603 -14.8163
v  0.6268 0.0617 -14.7376
v  0.6169 0.0612 -14.7376
v  0.6268 0.0617 -14.7476
v  0.5602 0.0552 -14.7376
v  0.5602 0.0552 -14.7276
v  0.5701 0.0566 -14.7376
v  0.5602 0.0552 -14.5604
v  0.5702 0.0557 -14.5604
v  0.5602 0.0552 -14.5704
v  0.6178 0.1229 -14.8163
v  0.6178 0.1229 -14.8063
v  0.6081 0.1204 -14.8163
v  0.6178 0.1229 -14.7376
v  0.6079 0.1214 -14.7376
v  0.6178 0.1229 -14.7476
v  0.5521 0.1098 -14.7376
v  0.5521 0.1098 -14.7276
v  0.5618 0.1123 -14.7376
v  0.5521 0.1098 -14.5604
v  0.5620 0.1113 -14.5604
v  0.5521 0.1098 -14.5704
v  0.6028 0.1828 -14.8163
v  0.6028 0.1828 -14.8063
v  0.5933 0.1795 -14.8163
v  0.6028 0.1828 -14.7376
v  0.5931 0.1804 -14.7376
v  0.6028 0.1828 -14.7476
v  0.5387 0.1634 -14.7376
v  0.5387 0.1634 -14.7276
v  0.5481 0.1668 -14.7376
v  0.5387 0.1634 -14.5604
v  0.5484 0.1658 -14.5604
v  0.5387 0.1634 -14.5704
v  0.5819 0.2410 -14.8163
v  0.5819 0.2410 -14.8063
v  0.5729 0.2368 -14.8163
v  0.5819 0.2410 -14.7376
v  0.5725 0.2377 -14.7376
v  0.5819 0.2410 -14.7476
v  0.5201 0.2154 -14.7376
v  0.5201 0.2154 -14.7276
v  0.5291 0.2197 -14.7376
v  0.5201 0.2154 -14.5604
v  0.5295 0.2188 -14.5604
v  0.5201 0.2154 -14.5704
v  0.5555 0.2969 -14.8163
v  0.5555 0.2969 -14.8063
v  0.5469 0.2918 -14.8163
v  0.5555 0.2969 -14.7376
v  0.5465 0.2926 -14.7376
v  0.5555 0.2969 -14.7476
v  0.4965 0.2654 -14.7376
v  0.4965 0.2654 -14.7276
v  0.5051 0.2705 -14.7376
v  0.4965 0.2654 -14.5604
v  0.5055 0.2696 -14.5604
v  0.4965 0.2654 -14.5704
v  0.5237 0.3499 -14.8163
v  0.5237 0.3499 -14.8063
v  0.5157 0.3440 -14.8163
v  0.5237 0.3499 -14.7376
v  0.5151 0.3448 -14.7376
v  0.5237 0.3499 -14.7476
v  0.4681 0.3128 -14.7376
v  0.4681 0.3128 -14.7276
v  0.4761 0.3187 -14.7376
v  0.4681 0.3128 -14.5604
v  0.4767 0.3179 -14.5604
v  0.4681 0.3128 -14.5704
v  0.4869 0.3996 -14.8163
v  0.4869 0.3996 -14.8063
v  0.4795 0.3929 -14.8163
v  0.4869 0.3996 -14.7376
v  0.4789 0.3936 -14.7376
v  0.4869 0.3996 -14.7476
v  0.4352 0.3571 -14.7376
v  0.4352 0.3571 -14.7276
v  0.4426 0.3638 -14.7376
v  0.4352 0.3571 -14.5604
v  0.4432 0.3631 -14.5604
v  0.4352 0.3571 -14.5704
v  0.4454 0.4454 -14.8163
v  0.4454 0.4454 -14.8063
v  0.4387 0.4380 -14.8163
v  0.4454 0.4454 -14.7376
v  0.4380 0.4387 -14.7376
v  0.4454 0.4454 -14.7476
v  0.3981 0.3981 -14.7376
v  0.3981 0.3981 -14.7276
v  0.4048 0.4055 -14.7376
v  0.3981 0.3981 -14.5604
v  0.4055 0.4048 -14.5604
v  0.3981 0.3981 -14.5704
v  0.3996 0.4869 -14.8163
v  0.3996 0.4869 -14.8063
v  0.3936 0.4789 -14.8163
v  0.3996 0.4869 -14.7376
v  0.3929 0.4795 -14.7376
v  0.3996 0.4869 -14.7476
v  0.3571 0.4352 -14.7376
v  0.3571 0.4352 -14.7276
v  0.3631 0.4432 -14.7376
v  0.3571 0.4352 -14.5604
v  0.3639 0.4426 -14.5604
v  0.3571 0.4352 -14.5704
v  0.3499 0.5237 -14.8163
v  0.3499 0.5237 -14.8063
v  0.3448 0.5151 -14.8163
v  0.3499 0.5237 -14.7376
v  0.3440 0.5157 -14.7376
v  0.3499 0.5237 -14.7476
v  0.3128 0.4681 -14.7376
v  0.3128 0.4681 -14.7276
v  0.3179 0.4767 -14.7376
v  0.3128 0.4681 -14.5604
v  0.3187 0.4761 -14.5604
v  0.3128 0.4681 -14.5704
v  0.2969 0.5555 -14.8163
v  0.2969 0.5555 -14.8063
v  0.2926 0.5465 -14.8163
v  0.2969 0.5555 -14.7376
v  0.2918 0.5469 -14.7376
v  0.2969 0.5555 -14.7476
v  0.2654 0.4965 -14.7376
v  0.2654 0.4965 -14.7276
v  0.2697 0.5055 -14.7376
v  0.2654 0.4965 -14.5604
v  0.2705 0.5051 -14.5604
v  0.2654 0.4965 -14.5704
v  0.2410 0.5819 -14.8163
v  0.2410 0.5819 -14.8063
v  0.2377 0.5725 -14.8163
v  0.2410 0.5819 -14.7376
v  0.2368 0.5729 -14.7376
v  0.2410 0.5819 -14.7476
v  0.2154 0.5201 -14.7376
v  0.2154 0.5201 -14.7276
v  0.2188 0.5295 -14.7376
v  0.2154 0.5201 -14.5604
v  0.2197 0.5291 -14.5604
v  0.2154 0.5201 -14.5704
v  0.1828 0.6028 -14.8163
v  0.1828 0.6028 -14.8063
v  0.1804 0.5931 -14.8163
v  0.1828 0.6028 -14.7376
v  0.1795 0.5933 -14.7376
v  0.1828 0.6028 -14.7476
v  0.1634 0.5387 -14.7376
v  0.1634 0.5387 -14.7276
v  0.1658 0.5484 -14.7376
v  0.1634 0.5387 -14.5604
v  0.1668 0.5481 -14.5604
v  0.1634 0.5387 -14.5704
v  0.1229 0.6178 -14.8163
v  0.1229 0.6178 -14.8063
v  0.1214 0.6079 -14.8163
v  0.1229 0.6178 -14.7376
v  0.1205 0.6081 -14.7376
v  0.1229 0.6178 -14.7476
v  0.1098 0.5521 -14.7376
v  0.1098 0.5521 -14.7276
v  0.1113 0.5620 -14.7376
v  0.1098 0.5521 -14.5604
v  0.1123 0.5618 -14.5604
v  0.1098 0.5521 -14.5704
v  0.0617 0.6268 -14.8163
v  0.0617 0.6268 -14.8063
v  0.0613 0.6169 -14.8163
v  0.0617 0.6268 -14.7376
v  0.0603 0.6169 -14.7376
v  0.0617 0.6268 -14.7476
v  0.0552 0.5602 -14.7376
v  0.0552 0.5602 -14.7276
v  0.0557 0.5702 -14.7376
v  0.0552 0.5602 -14.5604
v  0.0566 0.5701 -14.5604
v  0.0552 0.5602 -14.5704
v  0.0000 0.6299 -14.8163
v  0.0000 0.6299 -14.8063
v  0.0005 0.6199 -14.8163
v  0.0000 0.6299 -14.7376
v  -0.0005 0.6199 -14.7376
v  0.0000 0.6299 -14.7476
v  0.0000 0.5630 -14.7376
v  0.0000 0.5630 -14.7276
v  -0.0005 0.5729 -14.7376
v  0.0000 0.5630 -14.5604
v  0.0005 0.5729 -14.5604
v  0.0000 0.5630 -14.5704
v  -0.0617 0.6268 -14.8163
v  -0.0617 0.6268 -14.8063
v  -0.0603 0.6170 -14.8163
v  -0.0617 0.6268 -14.7376
v  -0.0612 0.6169 -14.7376
v  -0.0617 0.6268 -14.7476
v  -0.0552 0.5602 -14.7376
v  -0.0552 0.5602 -14.7276
v  -0.0566 0.5701 -14.7376
v  -0.0552 0.5602 -14.5604
v  -0.0557 0.5702 -14.5604
v  -0.0552 0.5602 -14.5704
v  -0.1229 0.6178 -14.8163
v  -0.1229 0.6178 -14.8063
v  -0.1204 0.6081 -14.8163
v  -0.1229 0.6178 -14.7376
v  -0.1214 0.6079 -14.7376
v  -0.1229 0.6178 -14.7476
v  -0.1098 0.5521 -14.7376
v  -0.1098 0.5521 -14.7276
v  -0.1123 0.5618 -14.7376
v  -0.1098 0.5521 -14.5604
v  -0.1113 0.5620 -14.5604
v  -0.1098 0.5521 -14.5704
v  -0.1828 0.6028 -14.8163
v  -0.1828 0.6028 -14.8063
v  -0.1795 0.5933 -14.8163
v  -0.1828 0.6028 -14.7376
v  -0.1804 0.5931 -14.7376
v  -0.1828 0.6028 -14.7476
v  -0.1634 0.5387 -14.7376
v  -0.1634 0.5387 -14.7276
v  -0.1668 0.5481 -14.7376
v  -0.1634 0.5387 -14.5604
v  -0.1658 0.5484 -14.5604
v  -0.1634 0.5387 -14.5704
v  -0.2410 0.5819 -14.8163
v  -0.2410 0.5819 -14.8063
v  -0.2368 0.5729 -14.8163
v  -0.2410 0.5819 -14.7376
v  -0.2377 0.5725 -14.7376
v  -0.2410 0.5819 -14.7476
v  -0.2154 0.5201 -14.7376
v  -0.2154 0.5201 -14.7276
v  -0.2197 0.5291 -14.7376
v  -0.2154 0.5201 -14.5604
v  -0.2188 0.5295 -14.5604
v  -0.2154 0.5201 -14.5704
v  -0.2969 0.5555 -14.8163
v  -0.2969 0.5555 -14.8063
v  -0.2918 0.5469 -14.8163
v  -0.2969 0.5555 -14.7376
v  -0.2926 0.5465 -14.7376
v  -0.2969 0.5555 -14.7476
v  -0.2654 0.4965 -14.7376
v  -0.2654 0.4965 -14.7276
v  -0.2705 0.5051 -14.7376
v  -0.2654 0.4965 -14.5604
v  -0.2696 0.5055 -14.5604
v  -0.2654 0.4965 -14.5704
v  -0.3499 0.5237 -14.8163
v  -0.3499 0.5237 -14.8063
v  -0.3440 0.5157 -14.8163
v  -0.3499 0.5237 -14.7376
v  -0.3448 0.5151 -14.7376
v  -0.3499 0.5237 -14.7476
v  -0.3128 0.4681 -14.7376
v  -0.3128 0.4681 -14.7276
v  -0.3187 0.4761 -14.7376
v  -0.3128 0.4681 -14.5604
v  -0.3179 0.4767 -14.5604
v  -0.3128 0.4681 -14.5704
v  -0.3996 0.4869 -14.8163
v  -0.3996 0.4869 -14.8063
v  -0.3929 0.4795 -14.8163
v  -0.3996 0.4869 -14.7376
v  -0.3936 0.4789 -14.7376
v  -0.3996 0.4869 -14.7476
v  -0.3571 0.4352 -14.7376
v  -0.3571 0.4352 -14.7276
v  -0.3638 0.4426 -14.7376
v  -0.3571 0.4352 -14.5604
v  -0.3631 0.4432 -14.5604
v  -0.3571 0.4352 -14.5704
v  -0.4454 0.4454 -14.8163
v  -0.4454 0.4454 -14.8063
v  -0.4380 0.4387 -14.8163
v  -0.4454 0.4454 -14.7376
v  -0.4387 0.4380 -14.7376
v  -0.4454 0.4454 -14.7476
v  -0.3981 0.3981 -14.7376
v  -0.3981 0.3981 -14.7276
v  -0.4055 0.4048 -14.7376
v  -0.3981 0.3981 -14.5604
v  -0.4048 0.4055 -14.5604
v  -0.3981 0.3981 -14.5704
v  -0.4869 0.3996 -14.8163
v  -0.4869 0.3996 -14.8063
v  -0.4789 0.3936 -14.8163
v  -0.4869 0.3996 -14.7376
v  -0.4795 0.3929 -14.7376
v  -0.4869 0.3996 -14.7476
v  -0.4352 0.3571 -14.7376
v  -0.4352 0.3571 -14.7276
v  -0.4432 0.3631 -14.7376
v  -0.4352 0.3571 -14.5604
v  -0.4426 0.3639 -14.5604
v  -0.4352 0.3571 -14.5704
v  -0.5237 0.3499 -14.8163
v  -0.5237 0.3499 -14.8063
v  -0.5151 0.3448 -14.8163
v  -0.5237 0.3499 -14.7376
v  -0.5157 0.3440 -14.7376
v  -0.5237 0.3499 -14.7476
v  -0.4681 0.3128 -14.7376
v  -0.4681 0.3128 -14.7276
v  -0.4766 0.3179 -14.7376
v  -0.4681 0.3128 -14.5604
v  -0.4761 0.3187 -14.5604
v  -0.4681 0.3128 -14.5704
v  -0.5555 0.2969 -14.8163
v  -0.5555 0.2969 -14.8063
v  -0.5465 0.2926 -14.8163
v  -0.5555 0.2969 -14.7376
v  -0.5469 0.2918 -14.7376
v  -0.5555 0.2969 -14.7476
v  -0.4965 0.2654 -14.7376
v  -0.4965 0.2654 -14.7276
v  -0.5055 0.2697 -14.7376
v  -0.4965 0.2654 -14.5604
v  -0.5051 0.2705 -14.5604
v  -0.4965 0.2654 -14.5704
v  -0.5819 0.2410 -14.8163
v  -0.5819 0.2410 -14.8063
v  -0.5725 0.2377 -14.8163
v  -0.5819 0.2410 -14.7376
v  -0.5729 0.2368 -14.7376
v  -0.5819 0.2410 -14.7476
v  -0.5201 0.2154 -14.7376
v  -0.5201 0.2154 -14.7276
v  -0.5295 0.2188 -14.7376
v  -0.5201 0.2154 -14.5604
v  -0.5291 0.2197 -14.5604
v  -0.5201 0.2154 -14.5704
v  -0.6028 0.1828 -14.8163
v  -0.6028 0.1828 -14.8063
v  -0.5931 0.1804 -14.8163
v  -0.6028 0.1828 -14.7376
v  -0.5933 0.1795 -14.7376
v  -0.6028 0.1828 -14.7476
v  -0.5387 0.1634 -14.7376
v  -0.5387 0.1634 -14.7276
v  -0.5484 0.1658 -14.7376
v  -0.5387 0.1634 -14.5604
v  -0.5481 0.1668 -14.5604
v  -0.5387 0.1634 -14.5704
v  -0.6178 0.1229 -14.8163
v  -0.6178 0.1229 -14.8063
v  -0.6079 0.1214 -14.8163
v  -0.6178 0.1229 -14.7376
v  -0.6081 0.1205 -14.7376
v  -0.6178 0.1229 -14.7476
v  -0.5521 0.1098 -14.7376
v  -0.5521 0.1098 -14.7276
v  -0.5620 0.1113 -14.7376
v  -0.5521 0.1098 -14.5604
v  -0.5618 0.1123 -14.5604
v  -0.5521 0.1098 -14.5704
v  -0.6268 0.0617 -14.8163
v  -0.6268 0.0617 -14.8063
v  -0.6169 0.0613 -14.8163
v  -0.6268 0.0617 -14.7376
v  -0.6170 0.0603 -14.7376
v  -0.6268 0.0617 -14.7476
v  -0.5602 0.0552 -14.7376
v  -0.5602 0.0552 -14.7276
v  -0.5702 0.0557 -14.7376
v  -0.5602 0.0552 -14.5604
v  -0.5701 0.0567 -14.5604
v  -0.5602 0.0552 -14.5704
v  -0.9795 -0.0965 -14.5604
v  -0.9842 0.0000 -14.5604
v  -0.9795 0.0965 -14.5604
v  -0.9653 0.1920 -14.5604
v  -0.9419 0.2857 -14.5604
v  -0.9093 0.3767 -14.5604
v  -0.8680 0.4640 -14.5604
v  -0.8184 0.5468 -14.5604
v  -0.7608 0.6244 -14.5604
v  -0.6960 0.6960 -14.5604
v  -0.6244 0.7608 -14.5604
v  -0.5468 0.8184 -14.5604
v  -0.4640 0.8680 -14.5604
v  -0.3767 0.9093 -14.5604
v  -0.2857 0.9419 -14.5604
v  -0.1920 0.9653 -14.5604
v  -0.0965 0.9795 -14.5604
v  0.0000 0.9843 -14.5604
v  0.0965 0.9795 -14.5604
v  0.1920 0.9653 -14.5604
v  0.2857 0.9419 -14.5604
v  0.3767 0.9093 -14.5604
v  0.4640 0.8680 -14.5604
v  0.5468 0.8184 -14.5604
v  0.6244 0.7608 -14.5604
v  0.6960 0.6960 -14.5604
v  0.7608 0.6244 -14.5604
v  0.8184 0.5468 -14.5604
v  0.8680 0.4640 -14.5604
v  0.9093 0.3767 -14.5604
v  0.9419 0.2857 -14.5604
v  0.9653 0.1920 -14.5604
v  0.9795 0.0965 -14.5604
v  0.9843 -0.0000 -14.5604
v  0.9795 -0.0965 -14.5604
v  0.9653 -0.1920 -14.5604
v  0.9419 -0.2857 -14.5604
v  0.9093 -0.3767 -14.5604
v  0.8680 -0.4640 -14.5604
v  0.8184 -0.5468 -14.5604
v  0.7608 -0.6244 -14.5604
v  0.6960 -0.6960 -14.5604
v  0.6244 -0.7608 -14.5604
v  0.5468 -0.8184 -14.5604
v  0.4640 -0.8680 -14.5604
v  0.3767 -0.9093 -14.5604
v  0.2857 -0.9419 -14.5604
v  0.1920 -0.9653 -14.5604
v  0.0965 -0.9795 -14.5604
v  -0.0000 -0.9843 -14.5604
v  -0.0965 -0.9795 -14.5604
v  -0.1920 -0.9653 -14.5604
v  -0.2857 -0.9419 -14.5604
v  -0.3767 -0.9093 -14.5604
v  -0.4640 -0.8680 -14.5604
v  -0.5468 -0.8184 -14.5604
v  -0.6244 -0.7608 -14.5604
v  -0.6960 -0.6960 -14.5604
v  -0.7608 -0.6244 -14.5604
v  -0.8184 -0.5468 -14.5604
v  -0.8680 -0.4640 -14.5604
v  -0.9093 -0.3767 -14.5604
v  -0.9419 -0.2857 -14.5604
v  -0.9653 -0.1920 -14.5604
v  0.4119 -0.6165 -14.4490
v  0.3495 -0.6539 -14.4490
v  0.2837 -0.6850 -14.4490
v  0.2152 -0.7095 -14.4490
v  0.1446 -0.7272 -14.4490
v  0.0727 -0.7379 -14.4490
v  -0.0000 -0.7414 -14.4490
v  -0.0727 -0.7379 -14.4490
v  -0.1447 -0.7272 -14.4490
v  -0.2152 -0.7095 -14.4490
v  -0.2837 -0.6850 -14.4490
v  -0.3495 -0.6539 -14.4490
v  -0.4119 -0.6165 -14.4490
v  -0.4704 -0.5731 -14.4490
v  -0.5243 -0.5243 -14.4490
v  -0.5731 -0.4704 -14.4490
v  -0.6165 -0.4119 -14.4490
v  -0.6539 -0.3495 -14.4490
v  -0.6850 -0.2837 -14.4490
v  -0.7095 -0.2152 -14.4490
v  -0.7272 -0.1446 -14.4490
v  -0.7379 -0.0727 -14.4490
v  -0.7414 0.0000 -14.4490
v  -0.7379 0.0727 -14.4490
v  -0.7272 0.1447 -14.4490
v  -0.7095 0.2152 -14.4490
v  -0.6850 0.2837 -14.4490
v  -0.6539 0.3495 -14.4490
v  -0.6165 0.4119 -14.4490
v  -0.5731 0.4704 -14.4490
v  -0.5243 0.5243 -14.4490
v  -0.4704 0.5731 -14.4490
v  -0.4119 0.6165 -14.4490
v  -0.3495 0.6539 -14.4490
v  -0.2837 0.6850 -14.4490
v  -0.2152 0.7095 -14.4490
v  -0.1446 0.7272 -14.4490
v  -0.0727 0.7379 -14.4490
v  0.0000 0.7414 -14.4490
v  0.0727 0.7379 -14.4490
v  0.1447 0.7272 -14.4490
v  0.2152 0.7095 -14.4490
v  0.2837 0.6850 -14.4490
v  0.3495 0.6539 -14.4490
v  0.4119 0.6165 -14.4490
v  0.4704 0.5731 -14.4490
v  0.5243 0.5243 -14.4490
v  0.5732 0.4704 -14.4490
v  0.6165 0.4119 -14.4490
v  0.6539 0.3495 -14.4490
v  0.6850 0.2837 -14.4490
v  0.7095 0.2152 -14.4490
v  0.7272 0.1446 -14.4490
v  0.7379 0.0727 -14.4490
v  0.7414 -0.0000 -14.4490
v  0.7379 -0.0727 -14.4490
v  0.7272 -0.1447 -14.4490
v  0.7095 -0.2152 -14.4490
v  0.6850 -0.2837 -14.4490
v  0.6539 -0.3495 -14.4490
v  0.6165 -0.4119 -14.4490
v  0.5731 -0.4704 -14.4490
v  0.5243 -0.5243 -14.4490
v  0.4704 -0.5731 -14.4490
v  0.2449 -0.3666 -14.3932
v  0.2078 -0.3888 -14.3932
v  0.1687 -0.4073 -14.3932
v  0.1280 -0.4219 -14.3932
v  0.0860 -0.4324 -14.3932
v  0.0432 -0.4387 -14.3932
v  -0.0000 -0.4408 -14.3932
v  -0.0432 -0.4387 -14.3932
v  -0.0860 -0.4324 -14.3932
v  -0.1280 -0.4219 -14.3932
v  -0.1687 -0.4073 -14.3932
v  -0.2078 -0.3888 -14.3932
v  -0.2449 -0.3665 -14.3932
v  -0.2797 -0.3408 -14.3932
v  -0.3117 -0.3117 -14.3932
v  -0.3408 -0.2797 -14.3932
v  -0.3666 -0.2449 -14.3932
v  -0.3888 -0.2078 -14.3932
v  -0.4073 -0.1687 -14.3932
v  -0.4219 -0.1280 -14.3932
v  -0.4324 -0.0860 -14.3932
v  -0.4387 -0.0432 -14.3932
v  -0.4408 0.0000 -14.3932
v  -0.4387 0.0432 -14.3932
v  -0.4324 0.0860 -14.3932
v  -0.4219 0.1280 -14.3932
v  -0.4073 0.1687 -14.3932
v  -0.3888 0.2078 -14.3932
v  -0.3665 0.2449 -14.3932
v  -0.3408 0.2797 -14.3932
v  -0.3117 0.3117 -14.3932
v  -0.2797 0.3408 -14.3932
v  -0.2449 0.3666 -14.3932
v  -0.2078 0.3888 -14.3932
v  -0.1687 0.4073 -14.3932
v  -0.1280 0.4219 -14.3932
v  -0.0860 0.4324 -14.3932
v  -0.0432 0.4387 -14.3932
v  0.0000 0.4408 -14.3932
v  0.0432 0.4387 -14.3932
v  0.0860 0.4324 -14.3932
v  0.1280 0.4219 -14.3932
v  0.1687 0.4073 -14.3932
v  0.2078 0.3888 -14.3932
v  0.2449 0.3665 -14.3932
v  0.2797 0.3408 -14.3932
v  0.3117 0.3117 -14.3932
v  0.3408 0.2797 -14.3932
v  0.3666 0.2449 -14.3932
v  0.3888 0.2078 -14.3932
v  0.4073 0.1687 -14.3932
v  0.4219 0.1280 -14.3932
v  0.4324 0.0860 -14.3932
v  0.4387 0.0432 -14.3932
v  0.4408 -0.0000 -14.3932
v  0.4387 -0.0432 -14.3932
v  0.4324 -0.0860 -14.3932
v  0.4219 -0.1280 -14.3932
v  0.4073 -0.1687 -14.3932
v  0.3888 -0.2078 -14.3932
v  0.3665 -0.2449 -14.3932
v  0.3408 -0.2797 -14.3932
v  0.3117 -0.3117 -14.3932
v  0.2797 -0.3408 -14.3932
v  -0.9919 0.0000 -14.5195
v  -0.9872 -0.0972 -14.5195
v  -0.9729 -0.1935 -14.5195
v  -0.9492 -0.2879 -14.5195
v  -0.9164 -0.3796 -14.5195
v  -0.8748 -0.4676 -14.5195
v  -0.8248 -0.5511 -14.5195
v  -0.7668 -0.6293 -14.5195
v  -0.7014 -0.7014 -14.5195
v  -0.6293 -0.7668 -14.5195
v  -0.5511 -0.8248 -14.5195
v  -0.4676 -0.8748 -14.5195
v  -0.3796 -0.9164 -14.5195
v  -0.2879 -0.9492 -14.5195
v  -0.1935 -0.9729 -14.5195
v  -0.0972 -0.9872 -14.5195
v  -0.0000 -0.9919 -14.5195
v  0.0972 -0.9872 -14.5195
v  0.1935 -0.9729 -14.5195
v  0.2879 -0.9492 -14.5195
v  0.3796 -0.9164 -14.5195
v  0.4676 -0.8748 -14.5195
v  0.5511 -0.8248 -14.5195
v  0.6293 -0.7668 -14.5195
v  0.7014 -0.7014 -14.5195
v  0.7668 -0.6293 -14.5195
v  0.8248 -0.5511 -14.5195
v  0.8748 -0.4676 -14.5195
v  0.9164 -0.3796 -14.5195
v  0.9492 -0.2879 -14.5195
v  0.9729 -0.1935 -14.5195
v  0.9872 -0.0972 -14.5195
v  0.9919 -0.0000 -14.5195
v  0.9872 0.0972 -14.5195
v  0.9729 0.1935 -14.5195
v  0.9492 0.2879 -14.5195
v  0.9164 0.3796 -14.5195
v  0.8748 0.4676 -14.5195
v  0.8248 0.5511 -14.5195
v  0.7668 0.6293 -14.5195
v  0.7014 0.7014 -14.5195
v  0.6293 0.7668 -14.5195
v  0.5511 0.8248 -14.5195
v  0.4676 0.8748 -14.5195
v  0.3796 0.9164 -14.5195
v  0.2879 0.9492 -14.5195
v  0.1935 0.9729 -14.5195
v  0.0972 0.9872 -14.5195
v  0.0000 0.9919 -14.5195
v  -0.0972 0.9872 -14.5195
v  -0.1935 0.9729 -14.5195
v  -0.2879 0.9492 -14.5195
v  -0.3796 0.9164 -14.5195
v  -0.4676 0.8748 -14.5195
v  -0.5511 0.8248 -14.5195
v  -0.6293 0.7668 -14.5195
v  -0.7014 0.7014 -14.5195
v  -0.7668 0.6293 -14.5195
v  -0.8248 0.5511 -14.5195
v  -0.8748 0.4676 -14.5195
v  -0.9164 0.3796 -14.5195
v  -0.9492 0.2879 -14.5195
v  -0.9729 0.1935 -14.5195
v  -0.9872 0.0972 -14.5195
v  0.0000 0.0000 -14.6785
v  0.0000 0.0000 -16.1549
v  -0.1455 0.0603 -16.1549
v  -0.1361 0.0564 -16.1549
v  -0.1455 0.0603 -16.1449
v  -0.1575 0.0000 -16.1549
v  -0.1575 0.0000 -16.1449
v  -0.1473 0.0000 -16.1549
v  -0.1575 0.0000 -14.6785
v  -0.1473 0.0000 -14.6785
v  -0.1575 0.0000 -14.6885
v  -0.1455 0.0603 -14.6785
v  -0.1455 0.0603 -14.6885
v  -0.1361 0.0564 -14.6785
v  -0.1114 0.1114 -16.1549
v  -0.1041 0.1041 -16.1549
v  -0.1114 0.1114 -16.1449
v  -0.1114 0.1114 -14.6785
v  -0.1114 0.1114 -14.6885
v  -0.1041 0.1041 -14.6785
v  -0.0603 0.1455 -16.1549
v  -0.0564 0.1361 -16.1549
v  -0.0603 0.1455 -16.1449
v  -0.0603 0.1455 -14.6785
v  -0.0603 0.1455 -14.6885
v  -0.0564 0.1361 -14.6785
v  0.0000 0.1575 -16.1549
v  0.0000 0.1473 -16.1549
v  0.0000 0.1575 -16.1449
v  0.0000 0.1575 -14.6785
v  0.0000 0.1575 -14.6885
v  0.0000 0.1473 -14.6785
v  0.0603 0.1455 -16.1549
v  0.0564 0.1361 -16.1549
v  0.0603 0.1455 -16.1449
v  0.0603 0.1455 -14.6785
v  0.0603 0.1455 -14.6885
v  0.0564 0.1361 -14.6785
v  0.1114 0.1114 -16.1549
v  0.1041 0.1041 -16.1549
v  0.1114 0.1114 -16.1449
v  0.1114 0.1114 -14.6785
v  0.1114 0.1114 -14.6885
v  0.1041 0.1041 -14.6785
v  0.1455 0.0603 -16.1549
v  0.1361 0.0564 -16.1549
v  0.1455 0.0603 -16.1449
v  0.1455 0.0603 -14.6785
v  0.1455 0.0603 -14.6885
v  0.1361 0.0564 -14.6785
v  0.1575 -0.0000 -16.1549
v  0.1473 -0.0000 -16.1549
v  0.1575 -0.0000 -16.1449
v  0.1575 0.0000 -14.6785
v  0.1575 0.0000 -14.6885
v  0.1473 0.0000 -14.6785
v  0.1455 -0.0603 -16.1549
v  0.1361 -0.0564 -16.1549
v  0.1455 -0.0603 -16.1449
v  0.1455 -0.0603 -14.6785
v  0.1455 -0.0603 -14.6885
v  0.1361 -0.0564 -14.6785
v  0.1114 -0.1114 -16.1549
v  0.1041 -0.1041 -16.1549
v  0.1114 -0.1114 -16.1449
v  0.1114 -0.1114 -14.6785
v  0.1114 -0.1114 -14.6885
v  0.1041 -0.1041 -14.6785
v  0.0603 -0.1455 -16.1549
v  0.0564 -0.1361 -16.1549
v  0.0603 -0.1455 -16.1449
v  0.0603 -0.1455 -14.6785
v  0.0603 -0.1455 -14.6885
v  0.0564 -0.1361 -14.6785
v  0.0000 -0.1575 -16.1549
v  0.0000 -0.1473 -16.1549
v  0.0000 -0.1575 -16.1449
v  -0.0000 -0.1575 -14.6785
v  -0.0000 -0.1575 -14.6885
v  0.0000 -0.1473 -14.6785
v  -0.0603 -0.1455 -16.1549
v  -0.0564 -0.1361 -16.1549
v  -0.0603 -0.1455 -16.1449
v  -0.0603 -0.1455 -14.6785
v  -0.0603 -0.1455 -14.6885
v  -0.0564 -0.1361 -14.6785
v  -0.1114 -0.1114 -16.1549
v  -0.1041 -0.1041 -16.1549
v  -0.1114 -0.1114 -16.1449
v  -0.1114 -0.1114 -14.6785
v  -0.1114 -0.1114 -14.6885
v  -0.1041 -0.1041 -14.6785
v  -0.1455 -0.0603 -16.1549
v  -0.1361 -0.0564 -16.1549
v  -0.1455 -0.0603 -16.1449
v  -0.1455 -0.0603 -14.6785
v  -0.1455 -0.0603 -14.6885
v  -0.1361 -0.0564 -14.6785
v  -0.2594 0.0480 -15.8417
v  -0.2638 0.0000 -15.8417
v  -0.2565 0.0000 -15.8431
v  -0.2522 0.0467 -15.8431
v  -0.2453 0.0971 -15.8417
v  -0.2385 0.0944 -15.8431
v  -0.2208 0.1443 -15.8417
v  -0.2147 0.1404 -15.8431
v  -0.1865 0.1865 -15.8417
v  -0.1814 0.1814 -15.8431
v  -0.1443 0.2208 -15.8417
v  -0.1404 0.2147 -15.8431
v  -0.0971 0.2453 -15.8417
v  -0.0944 0.2385 -15.8431
v  -0.0480 0.2594 -15.8417
v  -0.0467 0.2523 -15.8431
v  0.0000 0.2565 -15.8431
v  0.0000 0.2638 -15.8417
v  -0.0455 0.2457 -15.8474
v  0.0000 0.2499 -15.8474
v  -0.0447 0.2414 -15.8541
v  0.0000 0.2455 -15.8541
v  -0.0444 0.2400 -15.8614
v  0.0000 0.2441 -15.8614
v  -0.0898 0.2270 -15.8614
v  -0.0904 0.2282 -15.8541
v  -0.1336 0.2043 -15.8614
v  -0.1343 0.2055 -15.8541
v  -0.1726 0.1726 -15.8614
v  -0.1736 0.1736 -15.8541
v  -0.2043 0.1336 -15.8614
v  -0.2055 0.1343 -15.8541
v  -0.2270 0.0899 -15.8614
v  -0.2282 0.0904 -15.8541
v  -0.2400 0.0444 -15.8614
v  -0.2414 0.0447 -15.8541
v  -0.2441 0.0000 -15.8614
v  -0.2455 0.0000 -15.8541
v  -0.0920 0.2323 -15.8474
v  -0.1367 0.2091 -15.8474
v  -0.1767 0.1767 -15.8474
v  -0.2091 0.1367 -15.8474
v  -0.2323 0.0920 -15.8474
v  -0.2457 0.0455 -15.8474
v  -0.2499 0.0000 -15.8474
v  -0.7892 0.1460 -15.8415
v  -0.7310 0.1924 -15.8417
v  -0.7267 0.2080 -15.8417
v  -0.7716 0.2208 -15.8415
v  -0.7340 0.1685 -15.8417
v  -0.7325 0.1496 -15.8417
v  -0.7028 0.2782 -15.8417
v  -0.7462 0.2954 -15.8415
v  -0.6715 0.3472 -15.8417
v  -0.7129 0.3686 -15.8415
v  -0.6327 0.4136 -15.8417
v  -0.6718 0.4392 -15.8415
v  -0.5868 0.4764 -15.8417
v  -0.6231 0.5059 -15.8415
v  -0.5345 0.5345 -15.8417
v  -0.5675 0.5675 -15.8415
v  -0.5147 0.5506 -15.8417
v  -0.4795 0.5634 -15.8417
v  -0.5059 0.6231 -15.8415
v  -0.4975 0.5587 -15.8417
v  -0.0721 0.7993 -15.8415
v  -0.0679 0.7528 -15.8417
v  0.0000 0.7559 -15.8417
v  0.0000 0.8026 -15.8415
v  -0.1460 0.7892 -15.8415
v  -0.1375 0.7433 -15.8417
v  -0.2208 0.7716 -15.8415
v  -0.1989 0.7293 -15.8417
v  -0.2093 0.7258 -15.8417
v  -0.2954 0.7462 -15.8415
v  -0.2270 0.7165 -15.8417
v  -0.2422 0.7036 -15.8417
v  -0.2550 0.6881 -15.8417
v  -0.7993 0.0721 -15.8415
v  -0.7264 0.1313 -15.8417
v  -0.7173 0.1150 -15.8417
v  -0.4627 0.5652 -15.8417
v  -0.4392 0.6718 -15.8415
v  -0.4444 0.5635 -15.8417
v  -0.3686 0.7129 -15.8415
v  -0.2642 0.6711 -15.8417
v  -0.2697 0.6518 -15.8417
v  -0.4268 0.5584 -15.8417
v  -0.8026 0.0000 -15.8415
v  -0.6892 0.0846 -15.8417
v  -0.7059 0.0988 -15.8417
v  -0.2711 0.6346 -15.8417
v  -0.4080 0.5488 -15.8417
v  -0.2692 0.6168 -15.8417
v  -0.3921 0.5352 -15.8417
v  -0.2644 0.5985 -15.8417
v  -0.3776 0.5162 -15.8417
v  -0.2582 0.5851 -15.8417
v  -0.2848 0.3555 -15.8417
v  -0.1654 0.4244 -15.8417
v  -0.2782 0.3408 -15.8417
v  -0.1582 0.4136 -15.8417
v  -0.2738 0.3254 -15.8417
v  -0.1498 0.4040 -15.8417
v  -0.2719 0.3062 -15.8417
v  -0.1341 0.3912 -15.8417
v  -0.3806 0.0977 -15.8417
v  -0.3964 0.0849 -15.8417
v  -0.3678 0.1135 -15.8417
v  -0.3610 0.1267 -15.8417
v  -0.3551 0.1406 -15.8417
v  -0.3196 0.2090 -15.8417
v  -0.2942 0.2435 -15.8417
v  -0.2860 0.2556 -15.8417
v  -0.2739 0.2874 -15.8417
v  -0.2790 0.2689 -15.8417
v  -0.1164 0.3821 -15.8417
v  -0.0981 0.3768 -15.8417
v  -0.0802 0.3751 -15.8417
v  -0.0638 0.3765 -15.8417
v  0.0000 0.3822 -15.8417
v  -0.0760 0.8421 -15.6337
v  -0.1538 0.8314 -15.6337
v  -0.1499 0.8099 -15.8223
v  -0.0740 0.8203 -15.8223
v  -0.0737 0.8169 -15.8310
v  0.0000 0.8202 -15.8310
v  0.0000 0.8237 -15.8223
v  -0.0731 0.8101 -15.8378
v  0.0000 0.8134 -15.8378
v  -0.8237 0.0000 -15.8223
v  -0.8203 0.0740 -15.8223
v  -0.8421 0.0760 -15.6337
v  -0.8455 0.0000 -15.6337
v  -0.8099 0.1499 -15.8223
v  -0.8314 0.1539 -15.6337
v  -0.7919 0.2266 -15.8223
v  -0.8129 0.2326 -15.6337
v  -0.7316 0.3783 -15.8223
v  -0.6894 0.4507 -15.8223
v  -0.7077 0.4627 -15.6337
v  -0.7510 0.3883 -15.6337
v  -0.6395 0.5192 -15.8223
v  -0.5824 0.5824 -15.8223
v  -0.5979 0.5979 -15.6337
v  -0.6564 0.5329 -15.6337
v  -0.5192 0.6395 -15.8223
v  -0.5329 0.6564 -15.6337
v  -0.4507 0.6894 -15.8223
v  -0.4627 0.7077 -15.6337
v  -0.3783 0.7316 -15.8223
v  -0.3883 0.7511 -15.6337
v  -0.2266 0.7919 -15.8223
v  -0.2326 0.8129 -15.6337
v  -0.8202 0.0000 -15.8310
v  -0.8169 0.0737 -15.8310
v  -0.8134 0.0000 -15.8378
v  -0.8101 0.0731 -15.8378
v  -0.8065 0.1492 -15.8310
v  -0.7998 0.1480 -15.8378
v  -0.7885 0.2257 -15.8310
v  -0.7820 0.2238 -15.8378
v  -0.7626 0.3019 -15.8310
v  -0.7658 0.3032 -15.8223
v  -0.7563 0.2994 -15.8378
v  -0.7286 0.3767 -15.8310
v  -0.7225 0.3736 -15.8378
v  -0.6865 0.4488 -15.8310
v  -0.6808 0.4451 -15.8378
v  -0.6368 0.5170 -15.8310
v  -0.6315 0.5127 -15.8378
v  -0.5800 0.5800 -15.8310
v  -0.5751 0.5751 -15.8378
v  -0.5170 0.6368 -15.8310
v  -0.5127 0.6315 -15.8378
v  -0.4488 0.6865 -15.8310
v  -0.4451 0.6808 -15.8378
v  -0.3767 0.7286 -15.8310
v  -0.3736 0.7225 -15.8378
v  -0.3019 0.7626 -15.8310
v  -0.3032 0.7658 -15.8223
v  -0.2994 0.7563 -15.8378
v  -0.2257 0.7885 -15.8310
v  -0.2238 0.7820 -15.8378
v  -0.1492 0.8065 -15.8310
v  -0.1480 0.7998 -15.8378
v  -0.3461 0.8741 -15.5390
v  -0.4935 1.2467 -15.4755
v  -0.6158 1.1910 -15.4755
v  -0.4318 0.8351 -15.5390
v  -0.1711 0.9245 -15.5390
v  -0.2440 1.3184 -15.4755
v  -0.3689 1.2890 -15.4755
v  -0.2587 0.9039 -15.5390
v  -0.0845 0.9364 -15.5390
v  -0.0825 0.9145 -15.5453
v  0.0000 0.9182 -15.5453
v  0.0000 0.9402 -15.5390
v  -0.0806 0.8934 -15.5563
v  0.0000 0.8970 -15.5563
v  -0.0789 0.8746 -15.5716
v  0.0000 0.8781 -15.5716
v  -0.0775 0.8593 -15.5905
v  0.0000 0.8628 -15.5905
v  -0.0765 0.8484 -15.6117
v  0.0000 0.8518 -15.6117
v  0.0000 0.8455 -15.6337
v  -0.7861 0.3112 -15.6337
v  -0.9364 0.0845 -15.5390
v  -1.3354 0.1205 -15.4755
v  -1.3408 0.0000 -15.4755
v  -0.9402 0.0000 -15.5390
v  -0.9039 0.2587 -15.5390
v  -1.2890 0.3689 -15.4755
v  -1.3184 0.2440 -15.4755
v  -0.9245 0.1711 -15.5390
v  -0.8351 0.4318 -15.5390
v  -1.1910 0.6158 -15.4755
v  -1.2467 0.4935 -15.4755
v  -0.8741 0.3461 -15.5390
v  -0.9182 0.0000 -15.5453
v  -0.9145 0.0825 -15.5453
v  -0.9028 0.1671 -15.5453
v  -0.8970 0.0000 -15.5563
v  -0.8934 0.0806 -15.5563
v  -0.8781 0.0000 -15.5716
v  -0.8746 0.0789 -15.5716
v  -0.8820 0.1632 -15.5563
v  -0.8635 0.1598 -15.5716
v  -0.8827 0.2526 -15.5453
v  -0.8537 0.3380 -15.5453
v  -0.8624 0.2468 -15.5563
v  -0.8442 0.2416 -15.5716
v  -0.8340 0.3302 -15.5563
v  -0.8165 0.3232 -15.5716
v  -0.8628 0.0000 -15.5905
v  -0.8593 0.0775 -15.5905
v  -0.8518 0.0000 -15.6117
v  -0.8484 0.0765 -15.6117
v  -0.8484 0.1570 -15.5905
v  -0.8376 0.1550 -15.6117
v  -0.8295 0.2374 -15.5905
v  -0.8189 0.2344 -15.6117
v  -0.8022 0.3176 -15.5905
v  -0.7920 0.3136 -15.6117
v  -0.8156 0.4217 -15.5453
v  -0.7685 0.5024 -15.5453
v  -0.7869 0.5145 -15.5390
v  -0.7968 0.4120 -15.5563
v  -0.7800 0.4033 -15.5716
v  -0.7508 0.4909 -15.5563
v  -0.7350 0.4805 -15.5716
v  -0.7128 0.5787 -15.5453
v  -0.7299 0.5926 -15.5390
v  -0.6492 0.6492 -15.5453
v  -0.6648 0.6648 -15.5390
v  -0.6964 0.5654 -15.5563
v  -0.6817 0.5535 -15.5716
v  -0.6343 0.6343 -15.5563
v  -0.6209 0.6209 -15.5716
v  -0.7664 0.3963 -15.5905
v  -0.7567 0.3912 -15.6117
v  -0.7221 0.4721 -15.5905
v  -0.7130 0.4661 -15.6117
v  -0.6698 0.5438 -15.5905
v  -0.6613 0.5369 -15.6117
v  -0.6101 0.6101 -15.5905
v  -0.6023 0.6023 -15.6117
v  -0.5787 0.7128 -15.5453
v  -0.5926 0.7299 -15.5390
v  -0.5024 0.7685 -15.5453
v  -0.5145 0.7869 -15.5390
v  -0.5654 0.6964 -15.5563
v  -0.5535 0.6817 -15.5716
v  -0.4909 0.7508 -15.5563
v  -0.4805 0.7350 -15.5716
v  -0.4217 0.8156 -15.5453
v  -0.3380 0.8537 -15.5453
v  -0.4120 0.7968 -15.5563
v  -0.4033 0.7800 -15.5716
v  -0.3302 0.8340 -15.5563
v  -0.3232 0.8165 -15.5716
v  -0.5438 0.6698 -15.5905
v  -0.5369 0.6613 -15.6117
v  -0.4721 0.7221 -15.5905
v  -0.4661 0.7130 -15.6117
v  -0.3963 0.7664 -15.5905
v  -0.3912 0.7567 -15.6117
v  -0.3176 0.8022 -15.5905
v  -0.3136 0.7920 -15.6117
v  -0.3112 0.7861 -15.6337
v  -0.2526 0.8827 -15.5453
v  -0.1671 0.9028 -15.5453
v  -0.2468 0.8624 -15.5563
v  -0.2416 0.8442 -15.5716
v  -0.1632 0.8820 -15.5563
v  -0.1598 0.8635 -15.5716
v  -0.2374 0.8295 -15.5905
v  -0.2344 0.8189 -15.6117
v  -0.1570 0.8484 -15.5905
v  -0.1550 0.8376 -15.6117
v  -0.1226 1.3587 -15.4859
v  0.0000 1.3643 -15.4859
v  0.0000 1.3680 -15.4969
v  -0.1229 1.3625 -15.4969
v  -0.1220 1.3519 -15.4791
v  0.0000 1.3574 -15.4791
v  -0.1212 1.3433 -15.4756
v  0.0000 1.3488 -15.4756
v  -0.1205 1.3354 -15.4755
v  0.0000 1.3408 -15.4755
v  -0.2454 1.3263 -15.4756
v  -0.3711 1.2967 -15.4756
v  -0.4965 1.2541 -15.4756
v  -0.6195 1.1981 -15.4756
v  -0.7337 1.1222 -15.4755
v  -0.7381 1.1289 -15.4756
v  -0.8451 1.0409 -15.4755
v  -0.8501 1.0471 -15.4756
v  -0.9537 0.9537 -15.4756
v  -0.9481 0.9481 -15.4755
v  -1.0409 0.8451 -15.4755
v  -1.0471 0.8501 -15.4756
v  -1.1222 0.7337 -15.4755
v  -1.1289 0.7381 -15.4756
v  -1.1981 0.6195 -15.4756
v  -1.2541 0.4965 -15.4756
v  -1.2967 0.3711 -15.4756
v  -1.3263 0.2454 -15.4756
v  -1.3433 0.1212 -15.4756
v  -1.3488 0.0000 -15.4756
v  -1.3617 0.1229 -15.4975
v  -1.3672 0.0000 -15.4975
v  -1.3651 0.0000 -15.4871
v  -1.3595 0.1227 -15.4871
v  -1.3452 0.2489 -15.4969
v  -1.3415 0.2482 -15.4859
v  -1.3152 0.3764 -15.4969
v  -1.3116 0.3754 -15.4859
v  -1.2720 0.5036 -15.4969
v  -1.2685 0.5022 -15.4859
v  -1.2152 0.6283 -15.4969
v  -1.2118 0.6266 -15.4859
v  -1.1450 0.7486 -15.4969
v  -1.1419 0.7465 -15.4859
v  -1.0621 0.8623 -15.4969
v  -1.0591 0.8599 -15.4859
v  -0.9673 0.9673 -15.4969
v  -0.9647 0.9647 -15.4859
v  -0.8623 1.0621 -15.4969
v  -0.8599 1.0591 -15.4859
v  -0.7486 1.1450 -15.4969
v  -0.7465 1.1419 -15.4859
v  -0.6283 1.2152 -15.4969
v  -0.6266 1.2119 -15.4859
v  -0.5036 1.2720 -15.4969
v  -0.5022 1.2685 -15.4859
v  -0.3764 1.3152 -15.4969
v  -0.3754 1.3116 -15.4859
v  -0.2489 1.3452 -15.4969
v  -0.2482 1.3415 -15.4859
v  -1.3583 0.0000 -15.4797
v  -1.3528 0.1221 -15.4797
v  -1.3348 0.2470 -15.4791
v  -1.3050 0.3735 -15.4791
v  -1.2621 0.4997 -15.4791
v  -1.2058 0.6235 -15.4791
v  -1.1361 0.7428 -15.4791
v  -1.0538 0.8556 -15.4791
v  -0.9598 0.9598 -15.4791
v  -0.8556 1.0538 -15.4791
v  -0.7428 1.1362 -15.4791
v  -0.6235 1.2058 -15.4791
v  -0.4997 1.2621 -15.4791
v  -0.3735 1.3050 -15.4791
v  -0.2470 1.3348 -15.4791
v  -0.1220 1.3519 -15.5146
v  0.0000 1.3574 -15.5146
v  0.0000 1.3485 -15.5182
v  -0.1212 1.3430 -15.5182
v  -0.1226 1.3587 -15.5078
v  0.0000 1.3643 -15.5078
v  -0.2482 1.3415 -15.5078
v  -0.3754 1.3116 -15.5078
v  -0.5022 1.2685 -15.5078
v  -0.6266 1.2119 -15.5078
v  -0.7465 1.1419 -15.5078
v  -0.8599 1.0591 -15.5078
v  -0.9647 0.9647 -15.5078
v  -1.0591 0.8599 -15.5078
v  -1.1419 0.7465 -15.5078
v  -1.2118 0.6266 -15.5078
v  -1.2685 0.5022 -15.5078
v  -1.3116 0.3754 -15.5078
v  -1.3415 0.2482 -15.5078
v  -1.3587 0.1226 -15.5071
v  -1.3643 0.0000 -15.5071
v  -1.3485 0.0000 -15.5182
v  -1.3575 0.0000 -15.5140
v  -1.3521 0.1220 -15.5140
v  -1.3430 0.1212 -15.5182
v  -1.3348 0.2470 -15.5146
v  -1.3260 0.2454 -15.5182
v  -1.3050 0.3735 -15.5146
v  -1.2964 0.3710 -15.5182
v  -1.2621 0.4997 -15.5146
v  -1.2541 0.4965 -15.5169
v  -1.2058 0.6235 -15.5146
v  -1.1978 0.6194 -15.5182
v  -1.1361 0.7428 -15.5146
v  -1.1287 0.7379 -15.5182
v  -1.0538 0.8556 -15.5146
v  -1.0469 0.8499 -15.5182
v  -0.9598 0.9598 -15.5146
v  -0.9535 0.9535 -15.5182
v  -0.8556 1.0538 -15.5146
v  -0.8499 1.0469 -15.5182
v  -0.7428 1.1362 -15.5146
v  -0.7379 1.1287 -15.5182
v  -0.6235 1.2058 -15.5146
v  -0.6193 1.1978 -15.5182
v  -0.4997 1.2621 -15.5146
v  -0.4964 1.2538 -15.5182
v  -0.3735 1.3050 -15.5146
v  -0.3710 1.2964 -15.5182
v  -0.2470 1.3348 -15.5146
v  -0.2454 1.3260 -15.5182
v  -0.1340 0.7239 -15.8614
v  -0.1937 0.7103 -15.8614
v  -0.0661 0.7332 -15.8614
v  0.0000 0.7362 -15.8614
v  -0.1952 0.7158 -15.8474
v  -0.1350 0.7296 -15.8474
v  -0.1362 0.7362 -15.8431
v  -0.1970 0.7223 -15.8431
v  -0.0673 0.7456 -15.8431
v  0.0000 0.7487 -15.8431
v  0.0000 0.7376 -15.8541
v  -0.0663 0.7346 -15.8541
v  -0.1342 0.7253 -15.8541
v  -0.1941 0.7116 -15.8541
v  0.0000 0.7420 -15.8474
v  -0.0667 0.7390 -15.8474
v  -0.2025 0.7088 -15.8541
v  -0.2020 0.7075 -15.8614
v  -0.2169 0.7014 -15.8541
v  -0.2161 0.7002 -15.8614
v  -0.2297 0.6910 -15.8541
v  -0.2287 0.6900 -15.8614
v  -0.2401 0.6782 -15.8541
v  -0.2389 0.6774 -15.8614
v  -0.2475 0.6638 -15.8541
v  -0.2462 0.6633 -15.8614
v  -0.2504 0.6486 -15.8614
v  -0.2518 0.6489 -15.8541
v  -0.2517 0.6343 -15.8614
v  -0.2531 0.6343 -15.8541
v  -0.2504 0.6200 -15.8614
v  -0.2518 0.6197 -15.8541
v  -0.2475 0.6048 -15.8541
v  -0.2462 0.6053 -15.8614
v  -0.2424 0.5942 -15.8541
v  -0.2412 0.5949 -15.8614
v  -0.2516 0.6032 -15.8474
v  -0.2462 0.5921 -15.8474
v  -0.2578 0.6007 -15.8431
v  -0.2520 0.5887 -15.8431
v  -0.2066 0.7191 -15.8431
v  -0.2041 0.7129 -15.8474
v  -0.2192 0.7050 -15.8474
v  -0.2328 0.6941 -15.8474
v  -0.2229 0.7106 -15.8431
v  -0.2375 0.6988 -15.8431
v  -0.2437 0.6806 -15.8474
v  -0.2516 0.6654 -15.8474
v  -0.2493 0.6842 -15.8431
v  -0.2578 0.6679 -15.8431
v  -0.2561 0.6497 -15.8474
v  -0.2575 0.6343 -15.8474
v  -0.2627 0.6509 -15.8431
v  -0.2642 0.6343 -15.8431
v  -0.2561 0.6189 -15.8474
v  -0.2627 0.6177 -15.8431
v  -0.1496 0.4335 -15.8541
v  -0.1484 0.4342 -15.8614
v  -0.1534 0.4313 -15.8474
v  -0.1592 0.4280 -15.8431
v  -0.1092 0.4004 -15.8614
v  -0.1233 0.4077 -15.8614
v  -0.1240 0.4065 -15.8541
v  -0.1097 0.3991 -15.8541
v  -0.1525 0.4180 -15.8431
v  -0.1472 0.4221 -15.8474
v  -0.1437 0.4248 -15.8541
v  -0.1426 0.4256 -15.8614
v  -0.1359 0.4179 -15.8614
v  -0.1369 0.4169 -15.8541
v  -0.1447 0.4091 -15.8431
v  -0.1301 0.3973 -15.8431
v  -0.1138 0.3888 -15.8431
v  -0.0968 0.3839 -15.8431
v  -0.0802 0.3824 -15.8431
v  -0.0802 0.3891 -15.8474
v  -0.0956 0.3905 -15.8474
v  -0.0802 0.3934 -15.8541
v  -0.0948 0.3948 -15.8541
v  -0.0802 0.3948 -15.8614
v  -0.0945 0.3961 -15.8614
v  -0.1400 0.4138 -15.8474
v  -0.1264 0.4028 -15.8474
v  -0.1113 0.3950 -15.8474
v  -0.0671 0.3959 -15.8614
v  0.0000 0.4016 -15.8614
v  -0.3018 0.3456 -15.8614
v  -0.3946 0.5064 -15.8614
v  -0.2926 0.3206 -15.8614
v  -0.2963 0.3334 -15.8614
v  -0.3024 0.2663 -15.8614
v  -0.3094 0.2560 -15.8614
v  -0.2968 0.2773 -15.8614
v  -0.2926 0.2919 -15.8614
v  -0.2913 0.3062 -15.8614
v  -0.3734 0.1478 -15.8614
v  -0.3785 0.1358 -15.8614
v  -0.3361 0.2197 -15.8614
v  -0.4359 0.0899 -15.8614
v  -0.4502 0.0886 -15.8614
v  -0.3843 0.1242 -15.8614
v  -0.3945 0.1116 -15.8614
v  -0.4071 0.1014 -15.8614
v  -0.4212 0.0941 -15.8614
v  -0.6358 0.0886 -15.8614
v  -0.6915 0.1116 -15.8614
v  -0.6789 0.1014 -15.8614
v  -0.6502 0.0899 -15.8614
v  -0.6648 0.0941 -15.8614
v  -0.7146 0.1673 -15.8614
v  -0.7120 0.1874 -15.8614
v  -0.7133 0.1530 -15.8614
v  -0.7090 0.1383 -15.8614
v  -0.7017 0.1242 -15.8614
v  -0.7078 0.2026 -15.8614
v  -0.6845 0.2710 -15.8614
v  -0.6540 0.3381 -15.8614
v  -0.6162 0.4029 -15.8614
v  -0.5716 0.4640 -15.8614
v  -0.5206 0.5206 -15.8614
v  -0.4918 0.5402 -15.8614
v  -0.5059 0.5329 -15.8614
v  -0.4071 0.5227 -15.8614
v  -0.4197 0.5329 -15.8614
v  -0.4338 0.5402 -15.8614
v  -0.4485 0.5444 -15.8614
v  -0.4628 0.5457 -15.8614
v  -0.4771 0.5444 -15.8614
v  -0.3934 0.5070 -15.8541
v  -0.4062 0.5236 -15.8541
v  -0.4190 0.5340 -15.8541
v  -0.4333 0.5415 -15.8541
v  -0.4482 0.5458 -15.8541
v  -0.4628 0.5471 -15.8541
v  -0.4774 0.5458 -15.8541
v  -0.5067 0.5340 -15.8541
v  -0.5216 0.5216 -15.8541
v  -0.4923 0.5415 -15.8541
v  -0.3983 0.5315 -15.8431
v  -0.4031 0.5267 -15.8474
v  -0.3896 0.5092 -15.8474
v  -0.3839 0.5126 -15.8431
v  -0.4166 0.5377 -15.8474
v  -0.4317 0.5456 -15.8474
v  -0.4129 0.5433 -15.8431
v  -0.4293 0.5518 -15.8431
v  -0.4474 0.5501 -15.8474
v  -0.4628 0.5515 -15.8474
v  -0.4462 0.5566 -15.8431
v  -0.4628 0.5582 -15.8431
v  -0.4782 0.5501 -15.8474
v  -0.4939 0.5456 -15.8474
v  -0.4794 0.5566 -15.8431
v  -0.4964 0.5518 -15.8431
v  -0.5091 0.5377 -15.8474
v  -0.5127 0.5433 -15.8431
v  -0.2911 0.3518 -15.8431
v  -0.2968 0.3485 -15.8474
v  -0.3006 0.3463 -15.8541
v  -0.3083 0.2552 -15.8541
v  -0.3012 0.2656 -15.8541
v  -0.2909 0.3354 -15.8474
v  -0.2846 0.3377 -15.8431
v  -0.2950 0.3339 -15.8541
v  -0.2912 0.3208 -15.8541
v  -0.2899 0.3062 -15.8541
v  -0.2912 0.2917 -15.8541
v  -0.2955 0.2768 -15.8541
v  -0.3049 0.2524 -15.8474
v  -0.2974 0.2634 -15.8474
v  -0.2998 0.2481 -15.8431
v  -0.2924 0.2599 -15.8433
v  -0.2914 0.2751 -15.8474
v  -0.2852 0.2727 -15.8431
v  -0.2869 0.2909 -15.8474
v  -0.2855 0.3062 -15.8474
v  -0.2804 0.2897 -15.8431
v  -0.2788 0.3062 -15.8431
v  -0.2869 0.3216 -15.8474
v  -0.2804 0.3228 -15.8431
v  -0.3618 0.1432 -15.8431
v  -0.3674 0.1301 -15.8431
v  -0.3721 0.1473 -15.8541
v  -0.3350 0.2190 -15.8541
v  -0.3313 0.2166 -15.8474
v  -0.3257 0.2129 -15.8431
v  -0.3680 0.1457 -15.8474
v  -0.3734 0.1331 -15.8474
v  -0.3772 0.1351 -15.8541
v  -0.3739 0.1174 -15.8431
v  -0.3858 0.1028 -15.8431
v  -0.4003 0.0910 -15.8431
v  -0.4167 0.0825 -15.8431
v  -0.4140 0.0758 -15.8417
v  -0.4323 0.0705 -15.8417
v  -0.4336 0.0777 -15.8431
v  -0.4502 0.0761 -15.8431
v  -0.4502 0.0689 -15.8417
v  -0.4348 0.0842 -15.8474
v  -0.4502 0.0828 -15.8474
v  -0.4356 0.0885 -15.8541
v  -0.4502 0.0872 -15.8541
v  -0.4207 0.0928 -15.8541
v  -0.4064 0.1003 -15.8541
v  -0.3936 0.1107 -15.8541
v  -0.3832 0.1235 -15.8541
v  -0.4191 0.0888 -15.8474
v  -0.4040 0.0966 -15.8474
v  -0.3905 0.1076 -15.8474
v  -0.3795 0.1211 -15.8474
v  -0.6358 0.0872 -15.8541
v  -0.6358 0.0828 -15.8474
v  -0.6358 0.0761 -15.8431
v  -0.6358 0.0689 -15.8417
v  -0.7133 0.1877 -15.8541
v  -0.7160 0.1673 -15.8541
v  -0.7146 0.1527 -15.8541
v  -0.7103 0.1378 -15.8541
v  -0.7029 0.1235 -15.8541
v  -0.6925 0.1107 -15.8541
v  -0.6797 0.1003 -15.8541
v  -0.6653 0.0928 -15.8541
v  -0.6504 0.0885 -15.8541
v  -0.6512 0.0842 -15.8474
v  -0.6524 0.0777 -15.8431
v  -0.7203 0.1673 -15.8474
v  -0.7176 0.1888 -15.8474
v  -0.7240 0.1905 -15.8431
v  -0.7270 0.1673 -15.8431
v  -0.7189 0.1519 -15.8474
v  -0.7144 0.1362 -15.8474
v  -0.7255 0.1507 -15.8431
v  -0.7206 0.1338 -15.8431
v  -0.7066 0.1211 -15.8474
v  -0.6956 0.1076 -15.8474
v  -0.7121 0.1174 -15.8431
v  -0.7003 0.1028 -15.8431
v  -0.6821 0.0966 -15.8474
v  -0.6669 0.0888 -15.8474
v  -0.6857 0.0910 -15.8431
v  -0.6694 0.0825 -15.8431
v  -0.5247 0.5247 -15.8474
v  -0.5294 0.5294 -15.8431
v  -0.5726 0.4649 -15.8541
v  -0.6174 0.4036 -15.8541
v  -0.6552 0.3388 -15.8541
v  -0.6858 0.2715 -15.8541
v  -0.7091 0.2030 -15.8541
v  -0.7133 0.2042 -15.8474
v  -0.7198 0.2060 -15.8431
v  -0.6961 0.2756 -15.8431
v  -0.6650 0.3439 -15.8431
v  -0.6266 0.4097 -15.8431
v  -0.5812 0.4719 -15.8431
v  -0.5760 0.4677 -15.8474
v  -0.6210 0.4060 -15.8474
v  -0.6591 0.3408 -15.8474
v  -0.6899 0.2731 -15.8474
v  -0.0856 0.9485 -15.5809
v  0.0000 0.9524 -15.5809
v  -0.9485 0.0856 -15.5809
v  -0.9524 0.0000 -15.5809
v  -0.9365 0.1733 -15.5809
v  -0.9156 0.2621 -15.5809
v  -0.8855 0.3506 -15.5809
v  -0.8460 0.4374 -15.5809
v  -0.7972 0.5212 -15.5809
v  -0.7394 0.6003 -15.5809
v  -0.6734 0.6734 -15.5809
v  -0.6003 0.7394 -15.5809
v  -0.5212 0.7972 -15.5809
v  -0.4374 0.8460 -15.5809
v  -0.3506 0.8855 -15.5809
v  -0.2621 0.9156 -15.5809
v  -0.1733 0.9365 -15.5809
v  -0.0650 0.3837 -15.8431
v  -0.0661 0.3903 -15.8474
v  -0.0668 0.3946 -15.8541
v  -0.6719 0.0759 -15.8417
v  -0.6541 0.0708 -15.8417
v  0.0000 0.3893 -15.8431
v  0.0000 0.3959 -15.8474
v  0.0000 0.4002 -15.8541
v  -0.6541 0.0000 -15.8417
v  -0.6358 0.0000 -15.8417
v  -0.6719 0.0000 -15.8417
v  -0.4502 0.0000 -15.8417
v  -0.4323 0.0000 -15.8417
v  -0.4140 0.0000 -15.8417
v  0.2594 0.0480 -15.8417
v  0.2523 0.0467 -15.8431
v  0.2565 0.0000 -15.8431
v  0.2638 0.0000 -15.8417
v  0.2453 0.0971 -15.8417
v  0.2385 0.0944 -15.8431
v  0.2208 0.1443 -15.8417
v  0.2147 0.1404 -15.8431
v  0.1865 0.1865 -15.8417
v  0.1814 0.1814 -15.8431
v  0.1443 0.2208 -15.8417
v  0.1404 0.2147 -15.8431
v  0.0971 0.2453 -15.8417
v  0.0944 0.2385 -15.8431
v  0.0480 0.2594 -15.8417
v  0.0467 0.2523 -15.8431
v  0.0455 0.2457 -15.8474
v  0.0447 0.2414 -15.8541
v  0.0444 0.2400 -15.8614
v  0.0899 0.2270 -15.8614
v  0.0904 0.2282 -15.8541
v  0.1336 0.2043 -15.8614
v  0.1343 0.2055 -15.8541
v  0.1726 0.1726 -15.8614
v  0.1736 0.1736 -15.8541
v  0.2043 0.1336 -15.8614
v  0.2055 0.1343 -15.8541
v  0.2270 0.0899 -15.8614
v  0.2282 0.0904 -15.8541
v  0.2400 0.0444 -15.8614
v  0.2414 0.0447 -15.8541
v  0.2441 0.0000 -15.8614
v  0.2455 0.0000 -15.8541
v  0.0920 0.2323 -15.8474
v  0.1367 0.2091 -15.8474
v  0.1767 0.1767 -15.8474
v  0.2091 0.1367 -15.8474
v  0.2323 0.0920 -15.8474
v  0.2457 0.0455 -15.8474
v  0.2499 0.0000 -15.8474
v  0.7892 0.1460 -15.8415
v  0.7716 0.2208 -15.8415
v  0.7267 0.2080 -15.8417
v  0.7310 0.1924 -15.8417
v  0.7341 0.1685 -15.8417
v  0.7325 0.1496 -15.8417
v  0.7462 0.2954 -15.8415
v  0.7028 0.2782 -15.8417
v  0.7129 0.3686 -15.8415
v  0.6715 0.3472 -15.8417
v  0.6718 0.4392 -15.8415
v  0.6327 0.4136 -15.8417
v  0.6231 0.5059 -15.8415
v  0.5869 0.4764 -15.8417
v  0.5675 0.5675 -15.8415
v  0.5345 0.5345 -15.8417
v  0.5147 0.5506 -15.8417
v  0.4795 0.5634 -15.8417
v  0.4975 0.5587 -15.8417
v  0.5059 0.6231 -15.8415
v  0.0721 0.7993 -15.8415
v  0.0679 0.7528 -15.8417
v  0.1460 0.7892 -15.8415
v  0.1375 0.7433 -15.8417
v  0.2208 0.7716 -15.8415
v  0.1989 0.7293 -15.8417
v  0.2093 0.7258 -15.8417
v  0.2954 0.7462 -15.8415
v  0.2270 0.7165 -15.8417
v  0.2422 0.7036 -15.8417
v  0.2550 0.6881 -15.8417
v  0.7993 0.0721 -15.8415
v  0.7264 0.1313 -15.8417
v  0.7173 0.1150 -15.8417
v  0.4392 0.6718 -15.8415
v  0.4627 0.5652 -15.8417
v  0.4444 0.5635 -15.8417
v  0.3686 0.7129 -15.8415
v  0.2642 0.6711 -15.8417
v  0.2697 0.6518 -15.8417
v  0.4268 0.5584 -15.8417
v  0.7059 0.0988 -15.8417
v  0.6892 0.0846 -15.8417
v  0.8026 0.0000 -15.8415
v  0.2711 0.6346 -15.8417
v  0.4081 0.5488 -15.8417
v  0.2692 0.6168 -15.8417
v  0.3921 0.5352 -15.8417
v  0.2644 0.5985 -15.8417
v  0.3776 0.5162 -15.8417
v  0.2583 0.5851 -15.8417
v  0.2848 0.3555 -15.8417
v  0.1654 0.4244 -15.8417
v  0.1582 0.4136 -15.8417
v  0.2782 0.3408 -15.8417
v  0.1498 0.4040 -15.8417
v  0.2738 0.3254 -15.8417
v  0.1341 0.3912 -15.8417
v  0.2719 0.3062 -15.8417
v  0.3964 0.0849 -15.8417
v  0.3806 0.0977 -15.8417
v  0.3678 0.1135 -15.8417
v  0.3610 0.1267 -15.8417
v  0.3551 0.1406 -15.8417
v  0.3196 0.2090 -15.8417
v  0.2942 0.2435 -15.8417
v  0.2860 0.2556 -15.8417
v  0.2790 0.2689 -15.8417
v  0.2739 0.2874 -15.8417
v  0.1164 0.3821 -15.8417
v  0.0981 0.3768 -15.8417
v  0.0802 0.3751 -15.8417
v  0.0638 0.3765 -15.8417
v  0.0760 0.8421 -15.6337
v  0.0740 0.8203 -15.8223
v  0.1499 0.8099 -15.8223
v  0.1539 0.8314 -15.6337
v  0.0737 0.8169 -15.8310
v  0.0731 0.8101 -15.8378
v  0.8237 0.0000 -15.8223
v  0.8455 0.0000 -15.6337
v  0.8421 0.0760 -15.6337
v  0.8203 0.0740 -15.8223
v  0.8314 0.1539 -15.6337
v  0.8099 0.1499 -15.8223
v  0.8129 0.2326 -15.6337
v  0.7919 0.2266 -15.8223
v  0.7317 0.3783 -15.8223
v  0.7511 0.3883 -15.6337
v  0.7077 0.4627 -15.6337
v  0.6894 0.4507 -15.8223
v  0.6395 0.5192 -15.8223
v  0.6564 0.5329 -15.6337
v  0.5979 0.5979 -15.6337
v  0.5824 0.5824 -15.8223
v  0.5329 0.6564 -15.6337
v  0.5192 0.6395 -15.8223
v  0.4627 0.7077 -15.6337
v  0.4507 0.6894 -15.8223
v  0.3883 0.7511 -15.6337
v  0.3783 0.7316 -15.8223
v  0.2266 0.7919 -15.8223
v  0.2327 0.8129 -15.6337
v  0.8169 0.0737 -15.8310
v  0.8202 0.0000 -15.8310
v  0.8101 0.0731 -15.8378
v  0.8134 0.0000 -15.8378
v  0.8065 0.1492 -15.8310
v  0.7998 0.1480 -15.8378
v  0.7886 0.2257 -15.8310
v  0.7820 0.2238 -15.8378
v  0.7658 0.3032 -15.8223
v  0.7626 0.3019 -15.8310
v  0.7563 0.2994 -15.8378
v  0.7286 0.3767 -15.8310
v  0.7225 0.3736 -15.8378
v  0.6865 0.4488 -15.8310
v  0.6808 0.4451 -15.8378
v  0.6368 0.5170 -15.8310
v  0.6315 0.5127 -15.8378
v  0.5800 0.5800 -15.8310
v  0.5751 0.5751 -15.8378
v  0.5170 0.6368 -15.8310
v  0.5127 0.6315 -15.8378
v  0.4488 0.6865 -15.8310
v  0.4451 0.6808 -15.8378
v  0.3767 0.7286 -15.8310
v  0.3736 0.7225 -15.8378
v  0.3032 0.7658 -15.8223
v  0.3019 0.7626 -15.8310
v  0.2994 0.7563 -15.8378
v  0.2257 0.7885 -15.8310
v  0.2238 0.7820 -15.8378
v  0.1493 0.8065 -15.8310
v  0.1480 0.7998 -15.8378
v  0.3461 0.8741 -15.5390
v  0.4318 0.8351 -15.5390
v  0.6158 1.1910 -15.4755
v  0.4935 1.2467 -15.4755
v  0.1711 0.9245 -15.5390
v  0.2587 0.9039 -15.5390
v  0.3689 1.2890 -15.4755
v  0.2440 1.3184 -15.4755
v  0.0845 0.9364 -15.5390
v  0.0825 0.9145 -15.5453
v  0.0806 0.8934 -15.5563
v  0.0789 0.8746 -15.5716
v  0.0775 0.8593 -15.5905
v  0.0765 0.8484 -15.6117
v  0.7861 0.3112 -15.6337
v  0.9364 0.0845 -15.5390
v  0.9402 0.0000 -15.5390
v  1.3408 0.0000 -15.4755
v  1.3354 0.1205 -15.4755
v  0.9039 0.2587 -15.5390
v  0.9245 0.1711 -15.5390
v  1.3184 0.2440 -15.4755
v  1.2890 0.3689 -15.4755
v  0.8351 0.4318 -15.5390
v  0.8741 0.3461 -15.5390
v  1.2467 0.4935 -15.4755
v  1.1910 0.6158 -15.4755
v  0.9145 0.0825 -15.5453
v  0.9182 0.0000 -15.5453
v  0.9028 0.1671 -15.5453
v  0.8934 0.0806 -15.5563
v  0.8970 0.0000 -15.5563
v  0.8746 0.0789 -15.5716
v  0.8781 0.0000 -15.5716
v  0.8820 0.1632 -15.5563
v  0.8635 0.1598 -15.5716
v  0.8827 0.2526 -15.5453
v  0.8537 0.3380 -15.5453
v  0.8624 0.2468 -15.5563
v  0.8442 0.2416 -15.5716
v  0.8340 0.3302 -15.5563
v  0.8165 0.3232 -15.5716
v  0.8593 0.0775 -15.5905
v  0.8628 0.0000 -15.5905
v  0.8484 0.0765 -15.6117
v  0.8518 0.0000 -15.6117
v  0.8484 0.1570 -15.5905
v  0.8376 0.1550 -15.6117
v  0.8295 0.2374 -15.5905
v  0.8190 0.2344 -15.6117
v  0.8022 0.3176 -15.5905
v  0.7920 0.3136 -15.6117
v  0.8156 0.4217 -15.5453
v  0.7869 0.5145 -15.5390
v  0.7685 0.5024 -15.5453
v  0.7968 0.4120 -15.5563
v  0.7800 0.4033 -15.5716
v  0.7508 0.4909 -15.5563
v  0.7350 0.4805 -15.5716
v  0.7299 0.5926 -15.5390
v  0.7128 0.5787 -15.5453
v  0.6648 0.6648 -15.5390
v  0.6492 0.6492 -15.5453
v  0.6964 0.5654 -15.5563
v  0.6817 0.5535 -15.5716
v  0.6343 0.6343 -15.5563
v  0.6209 0.6209 -15.5716
v  0.7664 0.3963 -15.5905
v  0.7567 0.3912 -15.6117
v  0.7222 0.4721 -15.5905
v  0.7130 0.4661 -15.6117
v  0.6698 0.5438 -15.5905
v  0.6613 0.5369 -15.6117
v  0.6101 0.6101 -15.5905
v  0.6023 0.6023 -15.6117
v  0.5926 0.7299 -15.5390
v  0.5787 0.7128 -15.5453
v  0.5145 0.7869 -15.5390
v  0.5024 0.7685 -15.5453
v  0.5654 0.6964 -15.5563
v  0.5535 0.6817 -15.5716
v  0.4909 0.7508 -15.5563
v  0.4805 0.7350 -15.5716
v  0.4217 0.8156 -15.5453
v  0.3380 0.8537 -15.5453
v  0.4120 0.7968 -15.5563
v  0.4033 0.7800 -15.5716
v  0.3302 0.8340 -15.5563
v  0.3232 0.8165 -15.5716
v  0.5438 0.6698 -15.5905
v  0.5369 0.6613 -15.6117
v  0.4721 0.7221 -15.5905
v  0.4661 0.7130 -15.6117
v  0.3963 0.7664 -15.5905
v  0.3912 0.7567 -15.6117
v  0.3176 0.8022 -15.5905
v  0.3136 0.7920 -15.6117
v  0.3112 0.7861 -15.6337
v  0.2526 0.8827 -15.5453
v  0.1671 0.9028 -15.5453
v  0.2468 0.8624 -15.5563
v  0.2416 0.8442 -15.5716
v  0.1632 0.8820 -15.5563
v  0.1598 0.8635 -15.5716
v  0.2374 0.8295 -15.5905
v  0.2344 0.8189 -15.6117
v  0.1570 0.8484 -15.5905
v  0.1550 0.8376 -15.6117
v  0.1226 1.3587 -15.4859
v  0.1229 1.3625 -15.4969
v  0.1220 1.3519 -15.4791
v  0.1212 1.3433 -15.4756
v  0.1205 1.3354 -15.4755
v  0.2454 1.3263 -15.4756
v  0.3711 1.2967 -15.4756
v  0.4965 1.2541 -15.4756
v  0.6195 1.1981 -15.4756
v  0.7337 1.1222 -15.4755
v  0.7381 1.1289 -15.4756
v  0.8451 1.0409 -15.4755
v  0.8501 1.0471 -15.4756
v  0.9481 0.9481 -15.4755
v  0.9537 0.9537 -15.4756
v  1.0409 0.8451 -15.4755
v  1.0471 0.8501 -15.4756
v  1.1222 0.7337 -15.4755
v  1.1289 0.7381 -15.4756
v  1.1981 0.6195 -15.4756
v  1.2541 0.4965 -15.4756
v  1.2967 0.3711 -15.4756
v  1.3263 0.2454 -15.4756
v  1.3433 0.1212 -15.4756
v  1.3488 0.0000 -15.4756
v  1.3617 0.1228 -15.4975
v  1.3595 0.1227 -15.4871
v  1.3651 0.0000 -15.4871
v  1.3672 0.0000 -15.4975
v  1.3452 0.2489 -15.4969
v  1.3415 0.2482 -15.4859
v  1.3152 0.3764 -15.4969
v  1.3116 0.3754 -15.4859
v  1.2720 0.5036 -15.4969
v  1.2685 0.5022 -15.4859
v  1.2152 0.6283 -15.4969
v  1.2119 0.6266 -15.4859
v  1.1450 0.7486 -15.4969
v  1.1419 0.7465 -15.4859
v  1.0621 0.8623 -15.4969
v  1.0591 0.8599 -15.4859
v  0.9673 0.9673 -15.4969
v  0.9647 0.9647 -15.4859
v  0.8623 1.0621 -15.4969
v  0.8599 1.0591 -15.4859
v  0.7486 1.1450 -15.4969
v  0.7465 1.1419 -15.4859
v  0.6283 1.2152 -15.4969
v  0.6266 1.2119 -15.4859
v  0.5036 1.2720 -15.4969
v  0.5022 1.2685 -15.4859
v  0.3764 1.3152 -15.4969
v  0.3754 1.3116 -15.4859
v  0.2489 1.3452 -15.4969
v  0.2482 1.3415 -15.4859
v  1.3528 0.1221 -15.4797
v  1.3583 0.0000 -15.4797
v  1.3348 0.2470 -15.4791
v  1.3050 0.3735 -15.4791
v  1.2621 0.4997 -15.4791
v  1.2058 0.6235 -15.4791
v  1.1362 0.7428 -15.4791
v  1.0538 0.8556 -15.4791
v  0.9598 0.9598 -15.4791
v  0.8556 1.0538 -15.4791
v  0.7428 1.1361 -15.4791
v  0.6235 1.2058 -15.4791
v  0.4997 1.2621 -15.4791
v  0.3735 1.3050 -15.4791
v  0.2470 1.3348 -15.4791
v  0.1220 1.3519 -15.5146
v  0.1212 1.3430 -15.5182
v  0.1226 1.3587 -15.5078
v  0.2482 1.3415 -15.5078
v  0.3754 1.3116 -15.5078
v  0.5022 1.2685 -15.5078
v  0.6266 1.2119 -15.5078
v  0.7465 1.1419 -15.5078
v  0.8599 1.0591 -15.5078
v  0.9647 0.9647 -15.5078
v  1.0591 0.8599 -15.5078
v  1.1419 0.7465 -15.5078
v  1.2119 0.6266 -15.5078
v  1.2685 0.5022 -15.5078
v  1.3116 0.3754 -15.5078
v  1.3415 0.2482 -15.5078
v  1.3588 0.1226 -15.5071
v  1.3643 0.0000 -15.5071
v  1.3485 0.0000 -15.5182
v  1.3430 0.1212 -15.5182
v  1.3521 0.1220 -15.5140
v  1.3576 0.0000 -15.5140
v  1.3260 0.2454 -15.5182
v  1.3348 0.2470 -15.5146
v  1.2964 0.3710 -15.5182
v  1.3050 0.3735 -15.5146
v  1.2541 0.4965 -15.5169
v  1.2621 0.4997 -15.5146
v  1.1978 0.6194 -15.5182
v  1.2058 0.6235 -15.5146
v  1.1287 0.7379 -15.5182
v  1.1362 0.7428 -15.5146
v  1.0469 0.8499 -15.5182
v  1.0538 0.8556 -15.5146
v  0.9535 0.9535 -15.5182
v  0.9598 0.9598 -15.5146
v  0.8499 1.0469 -15.5182
v  0.8556 1.0538 -15.5146
v  0.7379 1.1287 -15.5182
v  0.7428 1.1361 -15.5146
v  0.6194 1.1978 -15.5182
v  0.6235 1.2058 -15.5146
v  0.4964 1.2538 -15.5182
v  0.4997 1.2621 -15.5146
v  0.3710 1.2964 -15.5182
v  0.3735 1.3050 -15.5146
v  0.2454 1.3260 -15.5182
v  0.2470 1.3348 -15.5146
v  0.1937 0.7103 -15.8614
v  0.1340 0.7239 -15.8614
v  0.0662 0.7332 -15.8614
v  0.1952 0.7158 -15.8474
v  0.1970 0.7223 -15.8431
v  0.1362 0.7362 -15.8431
v  0.1350 0.7296 -15.8474
v  0.0673 0.7456 -15.8431
v  0.0663 0.7346 -15.8541
v  0.1342 0.7253 -15.8541
v  0.1941 0.7116 -15.8541
v  0.0667 0.7390 -15.8474
v  0.2020 0.7075 -15.8614
v  0.2025 0.7088 -15.8541
v  0.2161 0.7002 -15.8614
v  0.2169 0.7014 -15.8541
v  0.2287 0.6900 -15.8614
v  0.2297 0.6910 -15.8541
v  0.2389 0.6774 -15.8614
v  0.2401 0.6782 -15.8541
v  0.2462 0.6633 -15.8614
v  0.2475 0.6638 -15.8541
v  0.2504 0.6486 -15.8614
v  0.2518 0.6489 -15.8541
v  0.2518 0.6343 -15.8614
v  0.2531 0.6343 -15.8541
v  0.2504 0.6200 -15.8614
v  0.2518 0.6197 -15.8541
v  0.2462 0.6053 -15.8614
v  0.2475 0.6048 -15.8541
v  0.2412 0.5949 -15.8614
v  0.2424 0.5942 -15.8541
v  0.2516 0.6032 -15.8474
v  0.2462 0.5921 -15.8474
v  0.2520 0.5887 -15.8431
v  0.2578 0.6007 -15.8431
v  0.2066 0.7191 -15.8431
v  0.2041 0.7129 -15.8474
v  0.2193 0.7050 -15.8474
v  0.2328 0.6941 -15.8474
v  0.2229 0.7106 -15.8431
v  0.2375 0.6988 -15.8431
v  0.2437 0.6806 -15.8474
v  0.2516 0.6654 -15.8474
v  0.2493 0.6842 -15.8431
v  0.2578 0.6679 -15.8431
v  0.2561 0.6497 -15.8474
v  0.2575 0.6343 -15.8474
v  0.2627 0.6509 -15.8431
v  0.2642 0.6343 -15.8431
v  0.2561 0.6189 -15.8474
v  0.2627 0.6177 -15.8431
v  0.1484 0.4342 -15.8614
v  0.1496 0.4335 -15.8541
v  0.1534 0.4313 -15.8474
v  0.1592 0.4280 -15.8431
v  0.1092 0.4004 -15.8614
v  0.1097 0.3991 -15.8541
v  0.1241 0.4065 -15.8541
v  0.1233 0.4077 -15.8614
v  0.1525 0.4180 -15.8431
v  0.1472 0.4221 -15.8474
v  0.1437 0.4248 -15.8541
v  0.1426 0.4256 -15.8614
v  0.1359 0.4179 -15.8614
v  0.1369 0.4169 -15.8541
v  0.1447 0.4091 -15.8431
v  0.1301 0.3973 -15.8431
v  0.1138 0.3888 -15.8431
v  0.0968 0.3839 -15.8431
v  0.0802 0.3824 -15.8431
v  0.0802 0.3891 -15.8474
v  0.0956 0.3905 -15.8474
v  0.0802 0.3934 -15.8541
v  0.0948 0.3948 -15.8541
v  0.0802 0.3948 -15.8614
v  0.0945 0.3961 -15.8614
v  0.1400 0.4138 -15.8474
v  0.1265 0.4028 -15.8474
v  0.1113 0.3950 -15.8474
v  0.0671 0.3959 -15.8614
v  0.3018 0.3456 -15.8614
v  0.3946 0.5064 -15.8614
v  0.2963 0.3334 -15.8614
v  0.2926 0.3206 -15.8614
v  0.3024 0.2663 -15.8614
v  0.3094 0.2560 -15.8614
v  0.2968 0.2773 -15.8614
v  0.2926 0.2919 -15.8614
v  0.2913 0.3062 -15.8614
v  0.3734 0.1478 -15.8614
v  0.3785 0.1358 -15.8614
v  0.3361 0.2197 -15.8614
v  0.4359 0.0899 -15.8614
v  0.4502 0.0886 -15.8614
v  0.3843 0.1242 -15.8614
v  0.3946 0.1116 -15.8614
v  0.4071 0.1014 -15.8614
v  0.4212 0.0941 -15.8614
v  0.6358 0.0886 -15.8614
v  0.6789 0.1014 -15.8614
v  0.6915 0.1116 -15.8614
v  0.6502 0.0899 -15.8614
v  0.6648 0.0941 -15.8614
v  0.7146 0.1673 -15.8614
v  0.7120 0.1874 -15.8614
v  0.7133 0.1530 -15.8614
v  0.7090 0.1383 -15.8614
v  0.7017 0.1242 -15.8614
v  0.7078 0.2026 -15.8614
v  0.6845 0.2710 -15.8614
v  0.6540 0.3381 -15.8614
v  0.6162 0.4029 -15.8614
v  0.5716 0.4640 -15.8614
v  0.5206 0.5206 -15.8614
v  0.5059 0.5329 -15.8614
v  0.4918 0.5402 -15.8614
v  0.4071 0.5227 -15.8614
v  0.4197 0.5329 -15.8614
v  0.4338 0.5402 -15.8614
v  0.4485 0.5444 -15.8614
v  0.4628 0.5457 -15.8614
v  0.4772 0.5444 -15.8614
v  0.3934 0.5070 -15.8541
v  0.4062 0.5236 -15.8541
v  0.4190 0.5340 -15.8541
v  0.4333 0.5415 -15.8541
v  0.4482 0.5458 -15.8541
v  0.4628 0.5471 -15.8541
v  0.4774 0.5458 -15.8541
v  0.5216 0.5216 -15.8541
v  0.5067 0.5340 -15.8541
v  0.4923 0.5415 -15.8541
v  0.3984 0.5315 -15.8431
v  0.3839 0.5126 -15.8431
v  0.3896 0.5092 -15.8474
v  0.4031 0.5267 -15.8474
v  0.4166 0.5377 -15.8474
v  0.4317 0.5456 -15.8474
v  0.4129 0.5433 -15.8431
v  0.4293 0.5518 -15.8431
v  0.4474 0.5501 -15.8474
v  0.4628 0.5515 -15.8474
v  0.4462 0.5566 -15.8431
v  0.4628 0.5582 -15.8431
v  0.4782 0.5501 -15.8474
v  0.4939 0.5456 -15.8474
v  0.4794 0.5566 -15.8431
v  0.4964 0.5518 -15.8431
v  0.5091 0.5377 -15.8474
v  0.5127 0.5433 -15.8431
v  0.2911 0.3518 -15.8431
v  0.2968 0.3485 -15.8474
v  0.3006 0.3463 -15.8541
v  0.3083 0.2552 -15.8541
v  0.3012 0.2656 -15.8541
v  0.2846 0.3377 -15.8431
v  0.2909 0.3354 -15.8474
v  0.2950 0.3339 -15.8541
v  0.2912 0.3208 -15.8541
v  0.2899 0.3062 -15.8541
v  0.2912 0.2917 -15.8541
v  0.2955 0.2768 -15.8541
v  0.3049 0.2524 -15.8474
v  0.2975 0.2634 -15.8474
v  0.2998 0.2481 -15.8431
v  0.2924 0.2599 -15.8433
v  0.2915 0.2751 -15.8474
v  0.2852 0.2727 -15.8431
v  0.2869 0.2909 -15.8474
v  0.2855 0.3062 -15.8474
v  0.2804 0.2897 -15.8431
v  0.2788 0.3062 -15.8431
v  0.2869 0.3216 -15.8474
v  0.2804 0.3228 -15.8431
v  0.3674 0.1301 -15.8431
v  0.3618 0.1432 -15.8431
v  0.3721 0.1473 -15.8541
v  0.3350 0.2190 -15.8541
v  0.3313 0.2166 -15.8474
v  0.3257 0.2129 -15.8431
v  0.3680 0.1457 -15.8474
v  0.3734 0.1331 -15.8474
v  0.3772 0.1351 -15.8541
v  0.3739 0.1174 -15.8431
v  0.3858 0.1028 -15.8431
v  0.4003 0.0910 -15.8431
v  0.4140 0.0758 -15.8417
v  0.4167 0.0825 -15.8431
v  0.4323 0.0705 -15.8417
v  0.4336 0.0777 -15.8431
v  0.4502 0.0689 -15.8417
v  0.4502 0.0761 -15.8431
v  0.4349 0.0842 -15.8474
v  0.4502 0.0828 -15.8474
v  0.4357 0.0885 -15.8541
v  0.4502 0.0872 -15.8541
v  0.4207 0.0928 -15.8541
v  0.4064 0.1003 -15.8541
v  0.3936 0.1107 -15.8541
v  0.3832 0.1235 -15.8541
v  0.4191 0.0888 -15.8474
v  0.4040 0.0966 -15.8474
v  0.3905 0.1076 -15.8474
v  0.3795 0.1211 -15.8474
v  0.6358 0.0872 -15.8541
v  0.6358 0.0828 -15.8474
v  0.6358 0.0761 -15.8431
v  0.6358 0.0689 -15.8417
v  0.7133 0.1877 -15.8541
v  0.7160 0.1673 -15.8541
v  0.7146 0.1527 -15.8541
v  0.7103 0.1378 -15.8541
v  0.7029 0.1235 -15.8541
v  0.6925 0.1107 -15.8541
v  0.6797 0.1003 -15.8541
v  0.6653 0.0928 -15.8541
v  0.6504 0.0885 -15.8541
v  0.6512 0.0842 -15.8474
v  0.6524 0.0777 -15.8431
v  0.7203 0.1673 -15.8474
v  0.7270 0.1673 -15.8430
v  0.7240 0.1905 -15.8431
v  0.7176 0.1888 -15.8474
v  0.7189 0.1519 -15.8474
v  0.7144 0.1362 -15.8474
v  0.7255 0.1507 -15.8431
v  0.7206 0.1338 -15.8431
v  0.7066 0.1211 -15.8474
v  0.6956 0.1076 -15.8474
v  0.7122 0.1174 -15.8431
v  0.7003 0.1028 -15.8431
v  0.6821 0.0966 -15.8474
v  0.6669 0.0888 -15.8474
v  0.6857 0.0910 -15.8431
v  0.6694 0.0825 -15.8431
v  0.5247 0.5247 -15.8474
v  0.5294 0.5294 -15.8431
v  0.5726 0.4649 -15.8541
v  0.6174 0.4036 -15.8541
v  0.6552 0.3388 -15.8541
v  0.6858 0.2715 -15.8541
v  0.7091 0.2030 -15.8541
v  0.7133 0.2042 -15.8474
v  0.7198 0.2060 -15.8431
v  0.6961 0.2756 -15.8431
v  0.6650 0.3439 -15.8431
v  0.6266 0.4097 -15.8431
v  0.5812 0.4719 -15.8431
v  0.5760 0.4677 -15.8474
v  0.6210 0.4060 -15.8474
v  0.6591 0.3408 -15.8474
v  0.6899 0.2731 -15.8474
v  0.0856 0.9485 -15.5809
v  0.9524 0.0000 -15.5809
v  0.9485 0.0856 -15.5809
v  0.9365 0.1733 -15.5809
v  0.9156 0.2621 -15.5809
v  0.8855 0.3506 -15.5809
v  0.8460 0.4374 -15.5809
v  0.7972 0.5212 -15.5809
v  0.7394 0.6003 -15.5809
v  0.6735 0.6734 -15.5809
v  0.6003 0.7394 -15.5809
v  0.5212 0.7972 -15.5809
v  0.4374 0.8460 -15.5809
v  0.3506 0.8855 -15.5809
v  0.2621 0.9156 -15.5809
v  0.1733 0.9365 -15.5809
v  0.0650 0.3837 -15.8431
v  0.0661 0.3903 -15.8474
v  0.0668 0.3946 -15.8541
v  0.6719 0.0759 -15.8417
v  0.6541 0.0708 -15.8417
v  0.6358 0.0000 -15.8417
v  0.6541 0.0000 -15.8417
v  0.6719 0.0000 -15.8417
v  0.4502 0.0000 -15.8417
v  0.4323 0.0000 -15.8417
v  0.4140 0.0000 -15.8417
v  -0.2594 -0.0480 -15.8417
v  -0.2522 -0.0467 -15.8431
v  -0.2453 -0.0971 -15.8417
v  -0.2385 -0.0944 -15.8431
v  -0.2208 -0.1443 -15.8417
v  -0.2147 -0.1404 -15.8431
v  -0.1865 -0.1865 -15.8417
v  -0.1814 -0.1814 -15.8431
v  -0.1443 -0.2208 -15.8417
v  -0.1404 -0.2147 -15.8431
v  -0.0971 -0.2453 -15.8417
v  -0.0944 -0.2385 -15.8431
v  -0.0480 -0.2594 -15.8417
v  -0.0467 -0.2523 -15.8431
v  0.0000 -0.2638 -15.8417
v  0.0000 -0.2565 -15.8431
v  -0.0455 -0.2457 -15.8474
v  0.0000 -0.2499 -15.8474
v  -0.0447 -0.2414 -15.8541
v  0.0000 -0.2455 -15.8541
v  -0.0444 -0.2400 -15.8614
v  0.0000 -0.2441 -15.8614
v  -0.0898 -0.2270 -15.8614
v  -0.0904 -0.2282 -15.8541
v  -0.1336 -0.2043 -15.8614
v  -0.1343 -0.2055 -15.8541
v  -0.1726 -0.1726 -15.8614
v  -0.1736 -0.1736 -15.8541
v  -0.2043 -0.1336 -15.8614
v  -0.2055 -0.1343 -15.8541
v  -0.2270 -0.0898 -15.8614
v  -0.2282 -0.0904 -15.8541
v  -0.2400 -0.0444 -15.8614
v  -0.2414 -0.0447 -15.8541
v  -0.0920 -0.2323 -15.8474
v  -0.1367 -0.2091 -15.8474
v  -0.1767 -0.1767 -15.8474
v  -0.2091 -0.1367 -15.8474
v  -0.2323 -0.0920 -15.8474
v  -0.2457 -0.0455 -15.8474
v  -0.7892 -0.1460 -15.8415
v  -0.7716 -0.2208 -15.8415
v  -0.7267 -0.2080 -15.8417
v  -0.7310 -0.1924 -15.8417
v  -0.7340 -0.1685 -15.8417
v  -0.7325 -0.1496 -15.8417
v  -0.7462 -0.2954 -15.8415
v  -0.7028 -0.2782 -15.8417
v  -0.7129 -0.3686 -15.8415
v  -0.6715 -0.3472 -15.8417
v  -0.6718 -0.4392 -15.8415
v  -0.6327 -0.4136 -15.8417
v  -0.6231 -0.5059 -15.8415
v  -0.5868 -0.4764 -15.8417
v  -0.5675 -0.5675 -15.8415
v  -0.5345 -0.5345 -15.8417
v  -0.5147 -0.5506 -15.8417
v  -0.4795 -0.5634 -15.8417
v  -0.4975 -0.5587 -15.8417
v  -0.5059 -0.6231 -15.8415
v  -0.0721 -0.7993 -15.8415
v  0.0000 -0.8026 -15.8415
v  0.0000 -0.7559 -15.8417
v  -0.0679 -0.7528 -15.8417
v  -0.1460 -0.7892 -15.8415
v  -0.1375 -0.7433 -15.8417
v  -0.2208 -0.7716 -15.8415
v  -0.1989 -0.7293 -15.8417
v  -0.2093 -0.7258 -15.8417
v  -0.2954 -0.7462 -15.8415
v  -0.2270 -0.7165 -15.8417
v  -0.2422 -0.7036 -15.8417
v  -0.2550 -0.6881 -15.8417
v  -0.7993 -0.0721 -15.8415
v  -0.7264 -0.1313 -15.8417
v  -0.7173 -0.1150 -15.8417
v  -0.4392 -0.6718 -15.8415
v  -0.4627 -0.5652 -15.8417
v  -0.4444 -0.5635 -15.8417
v  -0.3686 -0.7129 -15.8415
v  -0.2642 -0.6711 -15.8417
v  -0.2697 -0.6518 -15.8417
v  -0.4268 -0.5584 -15.8417
v  -0.7059 -0.0988 -15.8417
v  -0.6892 -0.0846 -15.8417
v  -0.2711 -0.6346 -15.8417
v  -0.4080 -0.5488 -15.8417
v  -0.2692 -0.6168 -15.8417
v  -0.3921 -0.5352 -15.8417
v  -0.2644 -0.5985 -15.8417
v  -0.3776 -0.5162 -15.8417
v  -0.2582 -0.5851 -15.8417
v  -0.2848 -0.3555 -15.8417
v  -0.1654 -0.4244 -15.8417
v  -0.1582 -0.4136 -15.8417
v  -0.2782 -0.3408 -15.8417
v  -0.1498 -0.4040 -15.8417
v  -0.2738 -0.3254 -15.8417
v  -0.1341 -0.3912 -15.8417
v  -0.2719 -0.3062 -15.8417
v  -0.3964 -0.0849 -15.8417
v  -0.3806 -0.0977 -15.8417
v  -0.3678 -0.1135 -15.8417
v  -0.3610 -0.1267 -15.8417
v  -0.3551 -0.1406 -15.8417
v  -0.3196 -0.2090 -15.8417
v  -0.2942 -0.2435 -15.8417
v  -0.2860 -0.2556 -15.8417
v  -0.2790 -0.2689 -15.8417
v  -0.2739 -0.2874 -15.8417
v  -0.1164 -0.3821 -15.8417
v  -0.0981 -0.3768 -15.8417
v  -0.0802 -0.3751 -15.8417
v  -0.0638 -0.3765 -15.8417
v  0.0000 -0.3822 -15.8417
v  -0.0760 -0.8421 -15.6337
v  -0.0740 -0.8203 -15.8223
v  -0.1499 -0.8099 -15.8223
v  -0.1538 -0.8314 -15.6337
v  -0.0737 -0.8169 -15.8310
v  0.0000 -0.8237 -15.8223
v  0.0000 -0.8202 -15.8310
v  -0.0731 -0.8101 -15.8378
v  0.0000 -0.8134 -15.8378
v  -0.8421 -0.0760 -15.6337
v  -0.8203 -0.0740 -15.8223
v  -0.8314 -0.1538 -15.6337
v  -0.8099 -0.1499 -15.8223
v  -0.8129 -0.2326 -15.6337
v  -0.7919 -0.2266 -15.8223
v  -0.7316 -0.3783 -15.8223
v  -0.7510 -0.3883 -15.6337
v  -0.7077 -0.4627 -15.6337
v  -0.6894 -0.4507 -15.8223
v  -0.6395 -0.5192 -15.8223
v  -0.6564 -0.5329 -15.6337
v  -0.5979 -0.5979 -15.6337
v  -0.5824 -0.5824 -15.8223
v  -0.5329 -0.6564 -15.6337
v  -0.5192 -0.6395 -15.8223
v  -0.4627 -0.7077 -15.6337
v  -0.4507 -0.6894 -15.8223
v  -0.3883 -0.7511 -15.6337
v  -0.3783 -0.7316 -15.8223
v  -0.2266 -0.7919 -15.8223
v  -0.2326 -0.8129 -15.6337
v  -0.8169 -0.0737 -15.8310
v  -0.8101 -0.0731 -15.8378
v  -0.8065 -0.1492 -15.8310
v  -0.7998 -0.1480 -15.8378
v  -0.7885 -0.2257 -15.8310
v  -0.7820 -0.2238 -15.8378
v  -0.7658 -0.3032 -15.8223
v  -0.7626 -0.3019 -15.8310
v  -0.7563 -0.2994 -15.8378
v  -0.7286 -0.3767 -15.8310
v  -0.7225 -0.3736 -15.8378
v  -0.6865 -0.4488 -15.8310
v  -0.6808 -0.4451 -15.8378
v  -0.6368 -0.5170 -15.8310
v  -0.6315 -0.5127 -15.8378
v  -0.5800 -0.5800 -15.8310
v  -0.5751 -0.5751 -15.8378
v  -0.5170 -0.6368 -15.8310
v  -0.5127 -0.6315 -15.8378
v  -0.4488 -0.6865 -15.8310
v  -0.4451 -0.6808 -15.8378
v  -0.3767 -0.7286 -15.8310
v  -0.3736 -0.7225 -15.8378
v  -0.3032 -0.7658 -15.8223
v  -0.3019 -0.7626 -15.8310
v  -0.2994 -0.7563 -15.8378
v  -0.2257 -0.7885 -15.8310
v  -0.2238 -0.7820 -15.8378
v  -0.1492 -0.8065 -15.8310
v  -0.1480 -0.7998 -15.8378
v  -0.3461 -0.8741 -15.5390
v  -0.4318 -0.8351 -15.5390
v  -0.6158 -1.1910 -15.4755
v  -0.4935 -1.2467 -15.4755
v  -0.1711 -0.9245 -15.5390
v  -0.2587 -0.9039 -15.5390
v  -0.3689 -1.2890 -15.4755
v  -0.2440 -1.3184 -15.4755
v  -0.0845 -0.9364 -15.5390
v  0.0000 -0.9402 -15.5390
v  0.0000 -0.9182 -15.5453
v  -0.0825 -0.9145 -15.5453
v  0.0000 -0.8970 -15.5563
v  -0.0806 -0.8934 -15.5563
v  0.0000 -0.8781 -15.5716
v  -0.0789 -0.8746 -15.5716
v  0.0000 -0.8628 -15.5905
v  -0.0775 -0.8593 -15.5905
v  0.0000 -0.8518 -15.6117
v  -0.0765 -0.8484 -15.6117
v  0.0000 -0.8455 -15.6337
v  -0.7861 -0.3112 -15.6337
v  -0.9364 -0.0845 -15.5390
v  -1.3354 -0.1205 -15.4755
v  -0.9039 -0.2587 -15.5390
v  -0.9245 -0.1711 -15.5390
v  -1.3184 -0.2440 -15.4755
v  -1.2890 -0.3689 -15.4755
v  -0.8351 -0.4318 -15.5390
v  -0.8741 -0.3461 -15.5390
v  -1.2467 -0.4935 -15.4755
v  -1.1910 -0.6158 -15.4755
v  -0.9145 -0.0825 -15.5453
v  -0.9028 -0.1671 -15.5453
v  -0.8934 -0.0806 -15.5563
v  -0.8746 -0.0789 -15.5716
v  -0.8820 -0.1632 -15.5563
v  -0.8635 -0.1598 -15.5716
v  -0.8827 -0.2526 -15.5453
v  -0.8537 -0.3380 -15.5453
v  -0.8624 -0.2468 -15.5563
v  -0.8442 -0.2416 -15.5716
v  -0.8340 -0.3302 -15.5563
v  -0.8165 -0.3232 -15.5716
v  -0.8593 -0.0775 -15.5905
v  -0.8484 -0.0765 -15.6117
v  -0.8484 -0.1570 -15.5905
v  -0.8376 -0.1550 -15.6117
v  -0.8295 -0.2374 -15.5905
v  -0.8189 -0.2344 -15.6117
v  -0.8022 -0.3176 -15.5905
v  -0.7920 -0.3136 -15.6117
v  -0.8156 -0.4217 -15.5453
v  -0.7869 -0.5145 -15.5390
v  -0.7685 -0.5024 -15.5453
v  -0.7968 -0.4120 -15.5563
v  -0.7800 -0.4033 -15.5716
v  -0.7508 -0.4909 -15.5563
v  -0.7350 -0.4805 -15.5716
v  -0.7299 -0.5926 -15.5390
v  -0.7128 -0.5787 -15.5453
v  -0.6648 -0.6648 -15.5390
v  -0.6492 -0.6492 -15.5453
v  -0.6964 -0.5654 -15.5563
v  -0.6817 -0.5535 -15.5716
v  -0.6343 -0.6343 -15.5563
v  -0.6209 -0.6209 -15.5716
v  -0.7664 -0.3963 -15.5905
v  -0.7567 -0.3912 -15.6117
v  -0.7221 -0.4721 -15.5905
v  -0.7130 -0.4661 -15.6117
v  -0.6698 -0.5438 -15.5905
v  -0.6613 -0.5369 -15.6117
v  -0.6101 -0.6101 -15.5905
v  -0.6023 -0.6023 -15.6117
v  -0.5926 -0.7299 -15.5390
v  -0.5787 -0.7128 -15.5453
v  -0.5145 -0.7869 -15.5390
v  -0.5024 -0.7685 -15.5453
v  -0.5654 -0.6964 -15.5563
v  -0.5535 -0.6817 -15.5716
v  -0.4909 -0.7508 -15.5563
v  -0.4805 -0.7350 -15.5716
v  -0.4217 -0.8156 -15.5453
v  -0.3380 -0.8537 -15.5453
v  -0.4120 -0.7968 -15.5563
v  -0.4033 -0.7800 -15.5716
v  -0.3302 -0.8340 -15.5563
v  -0.3232 -0.8165 -15.5716
v  -0.5438 -0.6698 -15.5905
v  -0.5369 -0.6613 -15.6117
v  -0.4721 -0.7221 -15.5905
v  -0.4661 -0.7130 -15.6117
v  -0.3963 -0.7664 -15.5905
v  -0.3912 -0.7567 -15.6117
v  -0.3176 -0.8022 -15.5905
v  -0.3136 -0.7920 -15.6117
v  -0.3112 -0.7861 -15.6337
v  -0.2526 -0.8827 -15.5453
v  -0.1671 -0.9028 -15.5453
v  -0.2468 -0.8624 -15.5563
v  -0.2416 -0.8442 -15.5716
v  -0.1632 -0.8820 -15.5563
v  -0.1598 -0.8635 -15.5716
v  -0.2374 -0.8295 -15.5905
v  -0.2344 -0.8189 -15.6117
v  -0.1570 -0.8484 -15.5905
v  -0.1550 -0.8376 -15.6117
v  -0.1226 -1.3587 -15.4859
v  -0.1229 -1.3625 -15.4969
v  0.0000 -1.3680 -15.4969
v  0.0000 -1.3643 -15.4859
v  0.0000 -1.3574 -15.4791
v  -0.1220 -1.3519 -15.4791
v  -0.1212 -1.3433 -15.4756
v  0.0000 -1.3488 -15.4756
v  -0.1205 -1.3354 -15.4755
v  0.0000 -1.3408 -15.4755
v  -0.2454 -1.3263 -15.4756
v  -0.3711 -1.2967 -15.4756
v  -0.4965 -1.2541 -15.4756
v  -0.6195 -1.1981 -15.4756
v  -0.7337 -1.1222 -15.4755
v  -0.7381 -1.1289 -15.4756
v  -0.8451 -1.0409 -15.4755
v  -0.8501 -1.0471 -15.4756
v  -0.9481 -0.9481 -15.4755
v  -0.9537 -0.9537 -15.4756
v  -1.0409 -0.8451 -15.4755
v  -1.0471 -0.8501 -15.4756
v  -1.1222 -0.7337 -15.4755
v  -1.1289 -0.7381 -15.4756
v  -1.1981 -0.6195 -15.4756
v  -1.2541 -0.4965 -15.4756
v  -1.2967 -0.3711 -15.4756
v  -1.3263 -0.2454 -15.4756
v  -1.3433 -0.1212 -15.4756
v  -1.3617 -0.1228 -15.4975
v  -1.3595 -0.1227 -15.4871
v  -1.3452 -0.2489 -15.4969
v  -1.3415 -0.2482 -15.4859
v  -1.3152 -0.3764 -15.4969
v  -1.3116 -0.3754 -15.4859
v  -1.2720 -0.5036 -15.4969
v  -1.2685 -0.5022 -15.4859
v  -1.2152 -0.6283 -15.4969
v  -1.2118 -0.6266 -15.4859
v  -1.1450 -0.7486 -15.4969
v  -1.1419 -0.7465 -15.4859
v  -1.0621 -0.8623 -15.4969
v  -1.0591 -0.8599 -15.4859
v  -0.9673 -0.9673 -15.4969
v  -0.9647 -0.9647 -15.4859
v  -0.8623 -1.0621 -15.4969
v  -0.8599 -1.0591 -15.4859
v  -0.7486 -1.1450 -15.4969
v  -0.7465 -1.1419 -15.4859
v  -0.6283 -1.2152 -15.4969
v  -0.6266 -1.2119 -15.4859
v  -0.5036 -1.2720 -15.4969
v  -0.5022 -1.2685 -15.4859
v  -0.3764 -1.3152 -15.4969
v  -0.3754 -1.3116 -15.4859
v  -0.2489 -1.3452 -15.4969
v  -0.2482 -1.3415 -15.4859
v  -1.3528 -0.1220 -15.4797
v  -1.3348 -0.2470 -15.4791
v  -1.3050 -0.3735 -15.4791
v  -1.2621 -0.4997 -15.4791
v  -1.2058 -0.6235 -15.4791
v  -1.1361 -0.7428 -15.4791
v  -1.0538 -0.8556 -15.4791
v  -0.9598 -0.9598 -15.4791
v  -0.8556 -1.0538 -15.4791
v  -0.7428 -1.1361 -15.4791
v  -0.6235 -1.2058 -15.4791
v  -0.4997 -1.2621 -15.4791
v  -0.3735 -1.3050 -15.4791
v  -0.2470 -1.3348 -15.4791
v  -0.1220 -1.3519 -15.5146
v  -0.1212 -1.3430 -15.5182
v  0.0000 -1.3485 -15.5182
v  0.0000 -1.3574 -15.5146
v  -0.1226 -1.3587 -15.5078
v  0.0000 -1.3643 -15.5078
v  -0.2482 -1.3415 -15.5078
v  -0.3754 -1.3116 -15.5078
v  -0.5022 -1.2685 -15.5078
v  -0.6266 -1.2119 -15.5078
v  -0.7465 -1.1419 -15.5078
v  -0.8599 -1.0591 -15.5078
v  -0.9647 -0.9647 -15.5078
v  -1.0591 -0.8599 -15.5078
v  -1.1419 -0.7465 -15.5078
v  -1.2118 -0.6266 -15.5078
v  -1.2685 -0.5022 -15.5078
v  -1.3116 -0.3754 -15.5078
v  -1.3415 -0.2482 -15.5078
v  -1.3587 -0.1226 -15.5071
v  -1.3430 -0.1212 -15.5182
v  -1.3521 -0.1220 -15.5140
v  -1.3260 -0.2454 -15.5182
v  -1.3348 -0.2470 -15.5146
v  -1.2964 -0.3710 -15.5182
v  -1.3050 -0.3735 -15.5146
v  -1.2541 -0.4965 -15.5169
v  -1.2621 -0.4997 -15.5146
v  -1.1978 -0.6194 -15.5182
v  -1.2058 -0.6235 -15.5146
v  -1.1287 -0.7379 -15.5182
v  -1.1361 -0.7428 -15.5146
v  -1.0469 -0.8499 -15.5182
v  -1.0538 -0.8556 -15.5146
v  -0.9535 -0.9535 -15.5182
v  -0.9598 -0.9598 -15.5146
v  -0.8499 -1.0469 -15.5182
v  -0.8556 -1.0538 -15.5146
v  -0.7379 -1.1287 -15.5182
v  -0.7428 -1.1361 -15.5146
v  -0.6193 -1.1978 -15.5182
v  -0.6235 -1.2058 -15.5146
v  -0.4964 -1.2538 -15.5182
v  -0.4997 -1.2621 -15.5146
v  -0.3710 -1.2964 -15.5182
v  -0.3735 -1.3050 -15.5146
v  -0.2454 -1.3260 -15.5182
v  -0.2470 -1.3348 -15.5146
v  -0.1937 -0.7103 -15.8614
v  -0.1340 -0.7239 -15.8614
v  -0.0661 -0.7332 -15.8614
v  0.0000 -0.7362 -15.8614
v  -0.1952 -0.7158 -15.8474
v  -0.1970 -0.7223 -15.8431
v  -0.1362 -0.7362 -15.8431
v  -0.1350 -0.7296 -15.8474
v  -0.0673 -0.7456 -15.8431
v  0.0000 -0.7487 -15.8431
v  -0.0663 -0.7346 -15.8541
v  0.0000 -0.7376 -15.8541
v  -0.1342 -0.7253 -15.8541
v  -0.1941 -0.7116 -15.8541
v  -0.0667 -0.7390 -15.8474
v  0.0000 -0.7420 -15.8474
v  -0.2020 -0.7075 -15.8614
v  -0.2025 -0.7088 -15.8541
v  -0.2161 -0.7002 -15.8614
v  -0.2169 -0.7014 -15.8541
v  -0.2287 -0.6900 -15.8614
v  -0.2297 -0.6910 -15.8541
v  -0.2389 -0.6774 -15.8614
v  -0.2401 -0.6782 -15.8541
v  -0.2462 -0.6633 -15.8614
v  -0.2475 -0.6638 -15.8541
v  -0.2504 -0.6486 -15.8614
v  -0.2518 -0.6489 -15.8541
v  -0.2517 -0.6343 -15.8614
v  -0.2531 -0.6343 -15.8541
v  -0.2504 -0.6200 -15.8614
v  -0.2518 -0.6197 -15.8541
v  -0.2462 -0.6053 -15.8614
v  -0.2475 -0.6048 -15.8541
v  -0.2412 -0.5949 -15.8614
v  -0.2424 -0.5942 -15.8541
v  -0.2516 -0.6032 -15.8474
v  -0.2462 -0.5921 -15.8474
v  -0.2520 -0.5887 -15.8431
v  -0.2578 -0.6007 -15.8431
v  -0.2066 -0.7191 -15.8431
v  -0.2041 -0.7129 -15.8474
v  -0.2192 -0.7050 -15.8474
v  -0.2328 -0.6941 -15.8474
v  -0.2229 -0.7106 -15.8431
v  -0.2375 -0.6988 -15.8431
v  -0.2437 -0.6806 -15.8474
v  -0.2516 -0.6654 -15.8474
v  -0.2493 -0.6842 -15.8431
v  -0.2578 -0.6679 -15.8431
v  -0.2561 -0.6497 -15.8474
v  -0.2575 -0.6343 -15.8474
v  -0.2627 -0.6509 -15.8431
v  -0.2642 -0.6343 -15.8431
v  -0.2561 -0.6189 -15.8474
v  -0.2627 -0.6177 -15.8431
v  -0.1484 -0.4342 -15.8614
v  -0.1496 -0.4335 -15.8541
v  -0.1534 -0.4313 -15.8474
v  -0.1592 -0.4280 -15.8431
v  -0.1092 -0.4004 -15.8614
v  -0.1097 -0.3991 -15.8541
v  -0.1240 -0.4065 -15.8541
v  -0.1233 -0.4077 -15.8614
v  -0.1525 -0.4180 -15.8431
v  -0.1472 -0.4221 -15.8474
v  -0.1437 -0.4248 -15.8541
v  -0.1426 -0.4256 -15.8614
v  -0.1359 -0.4179 -15.8614
v  -0.1369 -0.4169 -15.8541
v  -0.1447 -0.4091 -15.8431
v  -0.1301 -0.3973 -15.8431
v  -0.1138 -0.3888 -15.8431
v  -0.0968 -0.3839 -15.8431
v  -0.0802 -0.3824 -15.8431
v  -0.0802 -0.3891 -15.8474
v  -0.0956 -0.3905 -15.8474
v  -0.0802 -0.3934 -15.8541
v  -0.0948 -0.3948 -15.8541
v  -0.0802 -0.3948 -15.8614
v  -0.0945 -0.3961 -15.8614
v  -0.1400 -0.4138 -15.8474
v  -0.1264 -0.4028 -15.8474
v  -0.1113 -0.3950 -15.8474
v  -0.0671 -0.3959 -15.8614
v  0.0000 -0.4016 -15.8614
v  -0.3018 -0.3456 -15.8614
v  -0.3946 -0.5064 -15.8614
v  -0.2963 -0.3334 -15.8614
v  -0.2926 -0.3206 -15.8614
v  -0.3024 -0.2663 -15.8614
v  -0.3094 -0.2560 -15.8614
v  -0.2968 -0.2773 -15.8614
v  -0.2926 -0.2919 -15.8614
v  -0.2913 -0.3062 -15.8614
v  -0.3734 -0.1478 -15.8614
v  -0.3785 -0.1358 -15.8614
v  -0.3361 -0.2197 -15.8614
v  -0.4359 -0.0899 -15.8614
v  -0.4502 -0.0886 -15.8614
v  -0.3843 -0.1242 -15.8614
v  -0.3945 -0.1116 -15.8614
v  -0.4071 -0.1014 -15.8614
v  -0.4212 -0.0941 -15.8614
v  -0.6358 -0.0886 -15.8614
v  -0.6789 -0.1014 -15.8614
v  -0.6915 -0.1116 -15.8614
v  -0.6502 -0.0899 -15.8614
v  -0.6648 -0.0941 -15.8614
v  -0.7146 -0.1673 -15.8614
v  -0.7120 -0.1874 -15.8614
v  -0.7133 -0.1530 -15.8614
v  -0.7090 -0.1383 -15.8614
v  -0.7017 -0.1242 -15.8614
v  -0.7078 -0.2026 -15.8614
v  -0.6845 -0.2710 -15.8614
v  -0.6540 -0.3381 -15.8614
v  -0.6162 -0.4029 -15.8614
v  -0.5716 -0.4640 -15.8614
v  -0.5206 -0.5206 -15.8614
v  -0.5059 -0.5329 -15.8614
v  -0.4918 -0.5402 -15.8614
v  -0.4071 -0.5227 -15.8614
v  -0.4197 -0.5329 -15.8614
v  -0.4338 -0.5402 -15.8614
v  -0.4485 -0.5444 -15.8614
v  -0.4628 -0.5457 -15.8614
v  -0.4771 -0.5444 -15.8614
v  -0.3934 -0.5070 -15.8541
v  -0.4062 -0.5236 -15.8541
v  -0.4190 -0.5340 -15.8541
v  -0.4333 -0.5415 -15.8541
v  -0.4482 -0.5458 -15.8541
v  -0.4628 -0.5471 -15.8541
v  -0.4774 -0.5458 -15.8541
v  -0.5216 -0.5216 -15.8541
v  -0.5067 -0.5340 -15.8541
v  -0.4923 -0.5415 -15.8541
v  -0.3983 -0.5315 -15.8431
v  -0.3839 -0.5126 -15.8431
v  -0.3896 -0.5092 -15.8474
v  -0.4031 -0.5267 -15.8474
v  -0.4166 -0.5377 -15.8474
v  -0.4317 -0.5456 -15.8474
v  -0.4129 -0.5433 -15.8431
v  -0.4293 -0.5518 -15.8431
v  -0.4474 -0.5501 -15.8474
v  -0.4628 -0.5515 -15.8474
v  -0.4462 -0.5566 -15.8431
v  -0.4628 -0.5582 -15.8431
v  -0.4782 -0.5501 -15.8474
v  -0.4939 -0.5456 -15.8474
v  -0.4794 -0.5566 -15.8431
v  -0.4964 -0.5518 -15.8431
v  -0.5091 -0.5377 -15.8474
v  -0.5127 -0.5433 -15.8431
v  -0.2911 -0.3518 -15.8431
v  -0.2968 -0.3485 -15.8474
v  -0.3006 -0.3463 -15.8541
v  -0.3083 -0.2552 -15.8541
v  -0.3012 -0.2656 -15.8541
v  -0.2846 -0.3377 -15.8431
v  -0.2909 -0.3354 -15.8474
v  -0.2950 -0.3339 -15.8541
v  -0.2912 -0.3208 -15.8541
v  -0.2899 -0.3062 -15.8541
v  -0.2912 -0.2917 -15.8541
v  -0.2955 -0.2768 -15.8541
v  -0.3049 -0.2524 -15.8474
v  -0.2974 -0.2634 -15.8474
v  -0.2998 -0.2481 -15.8431
v  -0.2924 -0.2599 -15.8433
v  -0.2914 -0.2751 -15.8474
v  -0.2852 -0.2727 -15.8431
v  -0.2869 -0.2909 -15.8474
v  -0.2855 -0.3062 -15.8474
v  -0.2804 -0.2897 -15.8431
v  -0.2788 -0.3062 -15.8431
v  -0.2869 -0.3216 -15.8474
v  -0.2804 -0.3228 -15.8431
v  -0.3674 -0.1301 -15.8431
v  -0.3618 -0.1432 -15.8431
v  -0.3721 -0.1473 -15.8541
v  -0.3350 -0.2190 -15.8541
v  -0.3313 -0.2166 -15.8474
v  -0.3257 -0.2129 -15.8431
v  -0.3680 -0.1457 -15.8474
v  -0.3734 -0.1331 -15.8474
v  -0.3772 -0.1351 -15.8541
v  -0.3739 -0.1174 -15.8431
v  -0.3858 -0.1028 -15.8431
v  -0.4003 -0.0910 -15.8431
v  -0.4140 -0.0758 -15.8417
v  -0.4167 -0.0825 -15.8431
v  -0.4323 -0.0705 -15.8417
v  -0.4336 -0.0777 -15.8431
v  -0.4502 -0.0689 -15.8417
v  -0.4502 -0.0761 -15.8431
v  -0.4348 -0.0842 -15.8474
v  -0.4502 -0.0828 -15.8474
v  -0.4356 -0.0885 -15.8541
v  -0.4502 -0.0872 -15.8541
v  -0.4207 -0.0928 -15.8541
v  -0.4064 -0.1003 -15.8541
v  -0.3936 -0.1107 -15.8541
v  -0.3832 -0.1235 -15.8541
v  -0.4191 -0.0887 -15.8474
v  -0.4040 -0.0966 -15.8474
v  -0.3905 -0.1076 -15.8474
v  -0.3795 -0.1211 -15.8474
v  -0.6358 -0.0872 -15.8541
v  -0.6358 -0.0828 -15.8474
v  -0.6358 -0.0761 -15.8431
v  -0.6358 -0.0689 -15.8417
v  -0.7133 -0.1877 -15.8541
v  -0.7160 -0.1673 -15.8541
v  -0.7146 -0.1527 -15.8541
v  -0.7103 -0.1378 -15.8541
v  -0.7029 -0.1235 -15.8541
v  -0.6925 -0.1107 -15.8541
v  -0.6797 -0.1003 -15.8541
v  -0.6653 -0.0928 -15.8541
v  -0.6504 -0.0885 -15.8541
v  -0.6512 -0.0842 -15.8474
v  -0.6524 -0.0777 -15.8431
v  -0.7203 -0.1673 -15.8474
v  -0.7270 -0.1673 -15.8431
v  -0.7240 -0.1905 -15.8431
v  -0.7176 -0.1888 -15.8474
v  -0.7189 -0.1519 -15.8474
v  -0.7144 -0.1362 -15.8474
v  -0.7255 -0.1507 -15.8431
v  -0.7206 -0.1338 -15.8431
v  -0.7066 -0.1211 -15.8474
v  -0.6956 -0.1076 -15.8474
v  -0.7121 -0.1174 -15.8431
v  -0.7003 -0.1028 -15.8431
v  -0.6821 -0.0966 -15.8474
v  -0.6669 -0.0887 -15.8474
v  -0.6857 -0.0910 -15.8431
v  -0.6694 -0.0825 -15.8431
v  -0.5247 -0.5247 -15.8474
v  -0.5294 -0.5294 -15.8431
v  -0.5726 -0.4649 -15.8541
v  -0.6174 -0.4036 -15.8541
v  -0.6552 -0.3388 -15.8541
v  -0.6858 -0.2715 -15.8541
v  -0.7091 -0.2030 -15.8541
v  -0.7133 -0.2042 -15.8474
v  -0.7198 -0.2060 -15.8431
v  -0.6961 -0.2756 -15.8431
v  -0.6650 -0.3439 -15.8431
v  -0.6266 -0.4097 -15.8431
v  -0.5812 -0.4719 -15.8431
v  -0.5760 -0.4677 -15.8474
v  -0.6210 -0.4060 -15.8474
v  -0.6591 -0.3408 -15.8474
v  -0.6899 -0.2731 -15.8474
v  -0.0856 -0.9485 -15.5809
v  0.0000 -0.9524 -15.5809
v  -0.9485 -0.0856 -15.5809
v  -0.9365 -0.1733 -15.5809
v  -0.9156 -0.2621 -15.5809
v  -0.8855 -0.3506 -15.5809
v  -0.8460 -0.4374 -15.5809
v  -0.7972 -0.5212 -15.5809
v  -0.7394 -0.6003 -15.5809
v  -0.6734 -0.6734 -15.5809
v  -0.6003 -0.7394 -15.5809
v  -0.5212 -0.7972 -15.5809
v  -0.4374 -0.8460 -15.5809
v  -0.3506 -0.8855 -15.5809
v  -0.2621 -0.9156 -15.5809
v  -0.1733 -0.9365 -15.5809
v  -0.0650 -0.3837 -15.8431
v  -0.0661 -0.3903 -15.8474
v  -0.0668 -0.3946 -15.8541
v  -0.6719 -0.0759 -15.8417
v  -0.6541 -0.0708 -15.8417
v  0.0000 -0.3959 -15.8474
v  0.0000 -0.3893 -15.8431
v  0.0000 -0.4002 -15.8541
v  0.2594 -0.0480 -15.8417
v  0.2523 -0.0467 -15.8431
v  0.2453 -0.0971 -15.8417
v  0.2385 -0.0944 -15.8431
v  0.2208 -0.1443 -15.8417
v  0.2147 -0.1404 -15.8431
v  0.1865 -0.1865 -15.8417
v  0.1814 -0.1814 -15.8431
v  0.1443 -0.2208 -15.8417
v  0.1404 -0.2147 -15.8431
v  0.0971 -0.2453 -15.8417
v  0.0944 -0.2385 -15.8431
v  0.0480 -0.2594 -15.8417
v  0.0467 -0.2523 -15.8431
v  0.0455 -0.2457 -15.8474
v  0.0447 -0.2414 -15.8541
v  0.0444 -0.2400 -15.8614
v  0.0899 -0.2270 -15.8614
v  0.0904 -0.2282 -15.8541
v  0.1336 -0.2043 -15.8614
v  0.1343 -0.2055 -15.8541
v  0.1726 -0.1726 -15.8614
v  0.1736 -0.1736 -15.8541
v  0.2043 -0.1336 -15.8614
v  0.2055 -0.1343 -15.8541
v  0.2270 -0.0898 -15.8614
v  0.2282 -0.0904 -15.8541
v  0.2400 -0.0444 -15.8614
v  0.2414 -0.0447 -15.8541
v  0.0920 -0.2323 -15.8474
v  0.1367 -0.2091 -15.8474
v  0.1767 -0.1767 -15.8474
v  0.2091 -0.1367 -15.8474
v  0.2323 -0.0920 -15.8474
v  0.2457 -0.0455 -15.8474
v  0.7892 -0.1460 -15.8415
v  0.7310 -0.1924 -15.8417
v  0.7267 -0.2080 -15.8417
v  0.7716 -0.2208 -15.8415
v  0.7341 -0.1685 -15.8417
v  0.7325 -0.1496 -15.8417
v  0.7028 -0.2782 -15.8417
v  0.7462 -0.2954 -15.8415
v  0.6715 -0.3472 -15.8417
v  0.7129 -0.3686 -15.8415
v  0.6327 -0.4136 -15.8417
v  0.6718 -0.4392 -15.8415
v  0.5869 -0.4764 -15.8417
v  0.6231 -0.5059 -15.8415
v  0.5345 -0.5345 -15.8417
v  0.5675 -0.5675 -15.8415
v  0.5147 -0.5506 -15.8417
v  0.4795 -0.5634 -15.8417
v  0.5059 -0.6231 -15.8415
v  0.4975 -0.5587 -15.8417
v  0.0721 -0.7993 -15.8415
v  0.0679 -0.7528 -15.8417
v  0.1460 -0.7892 -15.8415
v  0.1375 -0.7433 -15.8417
v  0.2208 -0.7716 -15.8415
v  0.1989 -0.7293 -15.8417
v  0.2093 -0.7258 -15.8417
v  0.2954 -0.7462 -15.8415
v  0.2270 -0.7165 -15.8417
v  0.2422 -0.7036 -15.8417
v  0.2550 -0.6881 -15.8417
v  0.7993 -0.0721 -15.8415
v  0.7264 -0.1313 -15.8417
v  0.7173 -0.1150 -15.8417
v  0.4627 -0.5652 -15.8417
v  0.4392 -0.6718 -15.8415
v  0.4444 -0.5635 -15.8417
v  0.3686 -0.7129 -15.8415
v  0.2642 -0.6711 -15.8417
v  0.2697 -0.6518 -15.8417
v  0.4268 -0.5584 -15.8417
v  0.6892 -0.0846 -15.8417
v  0.7059 -0.0988 -15.8417
v  0.2711 -0.6346 -15.8417
v  0.4081 -0.5488 -15.8417
v  0.2692 -0.6168 -15.8417
v  0.3921 -0.5352 -15.8417
v  0.2644 -0.5985 -15.8417
v  0.3776 -0.5162 -15.8417
v  0.2583 -0.5851 -15.8417
v  0.2848 -0.3555 -15.8417
v  0.1654 -0.4244 -15.8417
v  0.2782 -0.3408 -15.8417
v  0.1582 -0.4136 -15.8417
v  0.2738 -0.3254 -15.8417
v  0.1498 -0.4040 -15.8417
v  0.2719 -0.3062 -15.8417
v  0.1341 -0.3912 -15.8417
v  0.3806 -0.0977 -15.8417
v  0.3964 -0.0849 -15.8417
v  0.3678 -0.1135 -15.8417
v  0.3610 -0.1267 -15.8417
v  0.3551 -0.1406 -15.8417
v  0.3196 -0.2090 -15.8417
v  0.2942 -0.2435 -15.8417
v  0.2860 -0.2556 -15.8417
v  0.2739 -0.2874 -15.8417
v  0.2790 -0.2689 -15.8417
v  0.1164 -0.3821 -15.8417
v  0.0981 -0.3768 -15.8417
v  0.0802 -0.3751 -15.8417
v  0.0638 -0.3765 -15.8417
v  0.0760 -0.8421 -15.6337
v  0.1539 -0.8314 -15.6337
v  0.1499 -0.8099 -15.8223
v  0.0740 -0.8203 -15.8223
v  0.0737 -0.8169 -15.8310
v  0.0731 -0.8101 -15.8378
v  0.8203 -0.0740 -15.8223
v  0.8421 -0.0760 -15.6337
v  0.8099 -0.1499 -15.8223
v  0.8314 -0.1539 -15.6337
v  0.7919 -0.2266 -15.8223
v  0.8129 -0.2326 -15.6337
v  0.7317 -0.3783 -15.8223
v  0.6894 -0.4507 -15.8223
v  0.7077 -0.4627 -15.6337
v  0.7511 -0.3883 -15.6337
v  0.6395 -0.5192 -15.8223
v  0.5824 -0.5824 -15.8223
v  0.5979 -0.5979 -15.6337
v  0.6564 -0.5329 -15.6337
v  0.5192 -0.6395 -15.8223
v  0.5329 -0.6564 -15.6337
v  0.4507 -0.6894 -15.8223
v  0.4627 -0.7077 -15.6337
v  0.3783 -0.7316 -15.8223
v  0.3883 -0.7511 -15.6337
v  0.2266 -0.7919 -15.8223
v  0.2327 -0.8129 -15.6337
v  0.8169 -0.0737 -15.8310
v  0.8101 -0.0731 -15.8378
v  0.8065 -0.1492 -15.8310
v  0.7998 -0.1480 -15.8378
v  0.7886 -0.2257 -15.8310
v  0.7820 -0.2238 -15.8378
v  0.7626 -0.3019 -15.8310
v  0.7658 -0.3032 -15.8223
v  0.7563 -0.2994 -15.8378
v  0.7286 -0.3767 -15.8310
v  0.7225 -0.3736 -15.8378
v  0.6865 -0.4488 -15.8310
v  0.6808 -0.4451 -15.8378
v  0.6368 -0.5170 -15.8310
v  0.6315 -0.5127 -15.8378
v  0.5800 -0.5800 -15.8310
v  0.5751 -0.5751 -15.8378
v  0.5170 -0.6368 -15.8310
v  0.5127 -0.6315 -15.8378
v  0.4488 -0.6865 -15.8310
v  0.4451 -0.6808 -15.8378
v  0.3767 -0.7286 -15.8310
v  0.3736 -0.7225 -15.8378
v  0.3019 -0.7626 -15.8310
v  0.3032 -0.7658 -15.8223
v  0.2994 -0.7563 -15.8378
v  0.2257 -0.7885 -15.8310
v  0.2238 -0.7820 -15.8378
v  0.1493 -0.8065 -15.8310
v  0.1480 -0.7998 -15.8378
v  0.3461 -0.8741 -15.5390
v  0.4935 -1.2467 -15.4755
v  0.6158 -1.1910 -15.4755
v  0.4318 -0.8351 -15.5390
v  0.1711 -0.9245 -15.5390
v  0.2440 -1.3184 -15.4755
v  0.3689 -1.2890 -15.4755
v  0.2587 -0.9039 -15.5390
v  0.0845 -0.9364 -15.5390
v  0.0825 -0.9145 -15.5453
v  0.0806 -0.8934 -15.5563
v  0.0789 -0.8746 -15.5716
v  0.0775 -0.8593 -15.5905
v  0.0765 -0.8484 -15.6117
v  0.7861 -0.3112 -15.6337
v  0.9364 -0.0845 -15.5390
v  1.3354 -0.1205 -15.4755
v  0.9039 -0.2587 -15.5390
v  1.2890 -0.3689 -15.4755
v  1.3184 -0.2440 -15.4755
v  0.9245 -0.1711 -15.5390
v  0.8351 -0.4318 -15.5390
v  1.1910 -0.6158 -15.4755
v  1.2467 -0.4935 -15.4755
v  0.8741 -0.3461 -15.5390
v  0.9145 -0.0825 -15.5453
v  0.9028 -0.1671 -15.5453
v  0.8934 -0.0806 -15.5563
v  0.8746 -0.0789 -15.5716
v  0.8820 -0.1632 -15.5563
v  0.8635 -0.1598 -15.5716
v  0.8827 -0.2526 -15.5453
v  0.8537 -0.3380 -15.5453
v  0.8624 -0.2468 -15.5563
v  0.8442 -0.2416 -15.5716
v  0.8340 -0.3302 -15.5563
v  0.8165 -0.3232 -15.5716
v  0.8593 -0.0775 -15.5905
v  0.8484 -0.0765 -15.6117
v  0.8484 -0.1570 -15.5905
v  0.8376 -0.1550 -15.6117
v  0.8295 -0.2374 -15.5905
v  0.8190 -0.2344 -15.6117
v  0.8022 -0.3176 -15.5905
v  0.7920 -0.3136 -15.6117
v  0.8156 -0.4217 -15.5453
v  0.7685 -0.5024 -15.5453
v  0.7869 -0.5145 -15.5390
v  0.7968 -0.4120 -15.5563
v  0.7800 -0.4033 -15.5716
v  0.7508 -0.4909 -15.5563
v  0.7350 -0.4805 -15.5716
v  0.7128 -0.5787 -15.5453
v  0.7299 -0.5926 -15.5390
v  0.6492 -0.6492 -15.5453
v  0.6648 -0.6648 -15.5390
v  0.6964 -0.5654 -15.5563
v  0.6817 -0.5535 -15.5716
v  0.6343 -0.6343 -15.5563
v  0.6209 -0.6209 -15.5716
v  0.7664 -0.3963 -15.5905
v  0.7567 -0.3912 -15.6117
v  0.7222 -0.4721 -15.5905
v  0.7130 -0.4661 -15.6117
v  0.6698 -0.5438 -15.5905
v  0.6613 -0.5369 -15.6117
v  0.6101 -0.6101 -15.5905
v  0.6023 -0.6023 -15.6117
v  0.5787 -0.7128 -15.5453
v  0.5926 -0.7299 -15.5390
v  0.5024 -0.7685 -15.5453
v  0.5145 -0.7869 -15.5390
v  0.5654 -0.6964 -15.5563
v  0.5535 -0.6817 -15.5716
v  0.4909 -0.7508 -15.5563
v  0.4805 -0.7350 -15.5716
v  0.4217 -0.8156 -15.5453
v  0.3380 -0.8537 -15.5453
v  0.4120 -0.7968 -15.5563
v  0.4033 -0.7800 -15.5716
v  0.3302 -0.8340 -15.5563
v  0.3232 -0.8165 -15.5716
v  0.5438 -0.6698 -15.5905
v  0.5369 -0.6613 -15.6117
v  0.4721 -0.7221 -15.5905
v  0.4661 -0.7130 -15.6117
v  0.3963 -0.7664 -15.5905
v  0.3912 -0.7567 -15.6117
v  0.3176 -0.8022 -15.5905
v  0.3136 -0.7920 -15.6117
v  0.3112 -0.7861 -15.6337
v  0.2526 -0.8827 -15.5453
v  0.1671 -0.9028 -15.5453
v  0.2468 -0.8624 -15.5563
v  0.2416 -0.8442 -15.5716
v  0.1632 -0.8820 -15.5563
v  0.1598 -0.8635 -15.5716
v  0.2374 -0.8295 -15.5905
v  0.2344 -0.8189 -15.6117
v  0.1570 -0.8484 -15.5905
v  0.1550 -0.8376 -15.6117
v  0.1226 -1.3587 -15.4859
v  0.1229 -1.3625 -15.4969
v  0.1220 -1.3519 -15.4791
v  0.1212 -1.3433 -15.4756
v  0.1205 -1.3354 -15.4755
v  0.2454 -1.3263 -15.4756
v  0.3711 -1.2967 -15.4756
v  0.4965 -1.2541 -15.4756
v  0.6195 -1.1981 -15.4756
v  0.7337 -1.1222 -15.4755
v  0.7381 -1.1289 -15.4756
v  0.8451 -1.0409 -15.4755
v  0.8501 -1.0471 -15.4756
v  0.9537 -0.9537 -15.4756
v  0.9481 -0.9481 -15.4755
v  1.0409 -0.8451 -15.4755
v  1.0471 -0.8501 -15.4756
v  1.1222 -0.7337 -15.4755
v  1.1289 -0.7381 -15.4756
v  1.1981 -0.6195 -15.4756
v  1.2541 -0.4965 -15.4756
v  1.2967 -0.3711 -15.4756
v  1.3263 -0.2454 -15.4756
v  1.3433 -0.1212 -15.4756
v  1.3617 -0.1228 -15.4975
v  1.3595 -0.1227 -15.4871
v  1.3452 -0.2489 -15.4969
v  1.3415 -0.2482 -15.4859
v  1.3152 -0.3764 -15.4969
v  1.3116 -0.3754 -15.4859
v  1.2720 -0.5036 -15.4969
v  1.2685 -0.5022 -15.4859
v  1.2152 -0.6283 -15.4969
v  1.2119 -0.6266 -15.4859
v  1.1450 -0.7486 -15.4969
v  1.1419 -0.7465 -15.4859
v  1.0621 -0.8623 -15.4969
v  1.0591 -0.8599 -15.4859
v  0.9673 -0.9673 -15.4969
v  0.9647 -0.9647 -15.4859
v  0.8623 -1.0621 -15.4969
v  0.8599 -1.0591 -15.4859
v  0.7486 -1.1450 -15.4969
v  0.7465 -1.1419 -15.4859
v  0.6283 -1.2152 -15.4969
v  0.6266 -1.2119 -15.4859
v  0.5036 -1.2720 -15.4969
v  0.5022 -1.2685 -15.4859
v  0.3764 -1.3152 -15.4969
v  0.3754 -1.3116 -15.4859
v  0.2489 -1.3452 -15.4969
v  0.2482 -1.3415 -15.4859
v  1.3528 -0.1221 -15.4797
v  1.3348 -0.2470 -15.4791
v  1.3050 -0.3735 -15.4791
v  1.2621 -0.4997 -15.4791
v  1.2058 -0.6235 -15.4791
v  1.1362 -0.7428 -15.4791
v  1.0538 -0.8556 -15.4791
v  0.9598 -0.9598 -15.4791
v  0.8556 -1.0538 -15.4791
v  0.7428 -1.1361 -15.4791
v  0.6235 -1.2058 -15.4791
v  0.4997 -1.2621 -15.4791
v  0.3735 -1.3050 -15.4791
v  0.2470 -1.3348 -15.4791
v  0.1220 -1.3519 -15.5146
v  0.1212 -1.3430 -15.5182
v  0.1226 -1.3587 -15.5078
v  0.2482 -1.3415 -15.5078
v  0.3754 -1.3116 -15.5078
v  0.5022 -1.2685 -15.5078
v  0.6266 -1.2119 -15.5078
v  0.7465 -1.1419 -15.5078
v  0.8599 -1.0591 -15.5078
v  0.9647 -0.9647 -15.5078
v  1.0591 -0.8599 -15.5078
v  1.1419 -0.7465 -15.5078
v  1.2119 -0.6266 -15.5078
v  1.2685 -0.5022 -15.5078
v  1.3116 -0.3754 -15.5078
v  1.3415 -0.2482 -15.5078
v  1.3588 -0.1226 -15.5071
v  1.3521 -0.1220 -15.5140
v  1.3430 -0.1212 -15.5182
v  1.3348 -0.2470 -15.5146
v  1.3260 -0.2454 -15.5182
v  1.3050 -0.3735 -15.5146
v  1.2964 -0.3710 -15.5182
v  1.2621 -0.4997 -15.5146
v  1.2541 -0.4965 -15.5169
v  1.2058 -0.6235 -15.5146
v  1.1978 -0.6194 -15.5182
v  1.1362 -0.7428 -15.5146
v  1.1287 -0.7379 -15.5182
v  1.0538 -0.8556 -15.5146
v  1.0469 -0.8499 -15.5182
v  0.9598 -0.9598 -15.5146
v  0.9535 -0.9535 -15.5182
v  0.8556 -1.0538 -15.5146
v  0.8499 -1.0469 -15.5182
v  0.7428 -1.1361 -15.5146
v  0.7379 -1.1287 -15.5182
v  0.6235 -1.2058 -15.5146
v  0.6194 -1.1978 -15.5182
v  0.4997 -1.2621 -15.5146
v  0.4964 -1.2538 -15.5182
v  0.3735 -1.3050 -15.5146
v  0.3710 -1.2964 -15.5182
v  0.2470 -1.3348 -15.5146
v  0.2454 -1.3260 -15.5182
v  0.1340 -0.7239 -15.8614
v  0.1937 -0.7103 -15.8614
v  0.0662 -0.7332 -15.8614
v  0.1952 -0.7158 -15.8474
v  0.1350 -0.7296 -15.8474
v  0.1362 -0.7362 -15.8431
v  0.1970 -0.7223 -15.8431
v  0.0673 -0.7456 -15.8431
v  0.0663 -0.7346 -15.8541
v  0.1342 -0.7253 -15.8541
v  0.1941 -0.7116 -15.8541
v  0.0667 -0.7390 -15.8474
v  0.2025 -0.7088 -15.8541
v  0.2020 -0.7075 -15.8614
v  0.2169 -0.7014 -15.8541
v  0.2161 -0.7002 -15.8614
v  0.2297 -0.6910 -15.8541
v  0.2287 -0.6900 -15.8614
v  0.2401 -0.6782 -15.8541
v  0.2389 -0.6774 -15.8614
v  0.2475 -0.6638 -15.8541
v  0.2462 -0.6633 -15.8614
v  0.2504 -0.6486 -15.8614
v  0.2518 -0.6489 -15.8541
v  0.2518 -0.6343 -15.8614
v  0.2531 -0.6343 -15.8541
v  0.2504 -0.6200 -15.8614
v  0.2518 -0.6197 -15.8541
v  0.2475 -0.6048 -15.8541
v  0.2462 -0.6053 -15.8614
v  0.2424 -0.5942 -15.8541
v  0.2412 -0.5949 -15.8614
v  0.2516 -0.6032 -15.8474
v  0.2462 -0.5921 -15.8474
v  0.2578 -0.6007 -15.8431
v  0.2520 -0.5887 -15.8431
v  0.2066 -0.7191 -15.8431
v  0.2041 -0.7129 -15.8474
v  0.2193 -0.7050 -15.8474
v  0.2328 -0.6941 -15.8474
v  0.2229 -0.7106 -15.8431
v  0.2375 -0.6988 -15.8431
v  0.2437 -0.6806 -15.8474
v  0.2516 -0.6654 -15.8474
v  0.2493 -0.6842 -15.8431
v  0.2578 -0.6679 -15.8431
v  0.2561 -0.6497 -15.8474
v  0.2575 -0.6343 -15.8474
v  0.2627 -0.6509 -15.8431
v  0.2642 -0.6343 -15.8431
v  0.2561 -0.6189 -15.8474
v  0.2627 -0.6177 -15.8431
v  0.1496 -0.4335 -15.8541
v  0.1484 -0.4342 -15.8614
v  0.1534 -0.4313 -15.8474
v  0.1592 -0.4280 -15.8431
v  0.1092 -0.4004 -15.8614
v  0.1233 -0.4077 -15.8614
v  0.1241 -0.4065 -15.8541
v  0.1097 -0.3991 -15.8541
v  0.1525 -0.4180 -15.8431
v  0.1472 -0.4221 -15.8474
v  0.1437 -0.4248 -15.8541
v  0.1426 -0.4256 -15.8614
v  0.1359 -0.4179 -15.8614
v  0.1369 -0.4169 -15.8541
v  0.1447 -0.4091 -15.8431
v  0.1301 -0.3973 -15.8431
v  0.1138 -0.3888 -15.8431
v  0.0968 -0.3839 -15.8431
v  0.0802 -0.3824 -15.8431
v  0.0802 -0.3891 -15.8474
v  0.0956 -0.3905 -15.8474
v  0.0802 -0.3934 -15.8541
v  0.0948 -0.3948 -15.8541
v  0.0802 -0.3948 -15.8614
v  0.0945 -0.3961 -15.8614
v  0.1400 -0.4138 -15.8474
v  0.1265 -0.4028 -15.8474
v  0.1113 -0.3950 -15.8474
v  0.0671 -0.3959 -15.8614
v  0.3018 -0.3456 -15.8614
v  0.3946 -0.5064 -15.8614
v  0.2926 -0.3206 -15.8614
v  0.2963 -0.3334 -15.8614
v  0.3024 -0.2663 -15.8614
v  0.3094 -0.2560 -15.8614
v  0.2968 -0.2773 -15.8614
v  0.2926 -0.2919 -15.8614
v  0.2913 -0.3062 -15.8614
v  0.3734 -0.1478 -15.8614
v  0.3785 -0.1358 -15.8614
v  0.3361 -0.2197 -15.8614
v  0.4359 -0.0899 -15.8614
v  0.4502 -0.0886 -15.8614
v  0.3843 -0.1242 -15.8614
v  0.3946 -0.1116 -15.8614
v  0.4071 -0.1014 -15.8614
v  0.4212 -0.0941 -15.8614
v  0.6358 -0.0886 -15.8614
v  0.6915 -0.1116 -15.8614
v  0.6789 -0.1014 -15.8614
v  0.6502 -0.0899 -15.8614
v  0.6648 -0.0941 -15.8614
v  0.7146 -0.1673 -15.8614
v  0.7120 -0.1874 -15.8614
v  0.7133 -0.1530 -15.8614
v  0.7090 -0.1383 -15.8614
v  0.7017 -0.1242 -15.8614
v  0.7078 -0.2026 -15.8614
v  0.6845 -0.2710 -15.8614
v  0.6540 -0.3381 -15.8614
v  0.6162 -0.4029 -15.8614
v  0.5716 -0.4640 -15.8614
v  0.5206 -0.5206 -15.8614
v  0.4918 -0.5402 -15.8614
v  0.5059 -0.5329 -15.8614
v  0.4071 -0.5227 -15.8614
v  0.4197 -0.5329 -15.8614
v  0.4338 -0.5402 -15.8614
v  0.4485 -0.5444 -15.8614
v  0.4628 -0.5457 -15.8614
v  0.4772 -0.5444 -15.8614
v  0.3934 -0.5070 -15.8541
v  0.4062 -0.5236 -15.8541
v  0.4190 -0.5340 -15.8541
v  0.4333 -0.5415 -15.8541
v  0.4482 -0.5458 -15.8541
v  0.4628 -0.5471 -15.8541
v  0.4774 -0.5458 -15.8541
v  0.5067 -0.5340 -15.8541
v  0.5216 -0.5216 -15.8541
v  0.4923 -0.5415 -15.8541
v  0.3984 -0.5315 -15.8431
v  0.4031 -0.5267 -15.8474
v  0.3896 -0.5092 -15.8474
v  0.3839 -0.5126 -15.8431
v  0.4166 -0.5377 -15.8474
v  0.4317 -0.5456 -15.8474
v  0.4129 -0.5433 -15.8431
v  0.4293 -0.5518 -15.8431
v  0.4474 -0.5501 -15.8474
v  0.4628 -0.5515 -15.8474
v  0.4462 -0.5566 -15.8431
v  0.4628 -0.5582 -15.8431
v  0.4782 -0.5501 -15.8474
v  0.4939 -0.5456 -15.8474
v  0.4794 -0.5566 -15.8431
v  0.4964 -0.5518 -15.8431
v  0.5091 -0.5377 -15.8474
v  0.5127 -0.5433 -15.8431
v  0.2911 -0.3518 -15.8431
v  0.2968 -0.3485 -15.8474
v  0.3006 -0.3463 -15.8541
v  0.3083 -0.2552 -15.8541
v  0.3012 -0.2656 -15.8541
v  0.2909 -0.3354 -15.8474
v  0.2846 -0.3377 -15.8431
v  0.2950 -0.3339 -15.8541
v  0.2912 -0.3208 -15.8541
v  0.2899 -0.3062 -15.8541
v  0.2912 -0.2917 -15.8541
v  0.2955 -0.2768 -15.8541
v  0.3049 -0.2524 -15.8474
v  0.2975 -0.2634 -15.8474
v  0.2998 -0.2481 -15.8431
v  0.2924 -0.2599 -15.8433
v  0.2915 -0.2751 -15.8474
v  0.2852 -0.2727 -15.8431
v  0.2869 -0.2909 -15.8474
v  0.2855 -0.3062 -15.8474
v  0.2804 -0.2897 -15.8431
v  0.2788 -0.3062 -15.8431
v  0.2869 -0.3216 -15.8474
v  0.2804 -0.3228 -15.8431
v  0.3618 -0.1432 -15.8431
v  0.3674 -0.1301 -15.8431
v  0.3721 -0.1473 -15.8541
v  0.3350 -0.2190 -15.8541
v  0.3313 -0.2166 -15.8474
v  0.3257 -0.2129 -15.8431
v  0.3680 -0.1457 -15.8474
v  0.3734 -0.1331 -15.8474
v  0.3772 -0.1351 -15.8541
v  0.3739 -0.1174 -15.8431
v  0.3858 -0.1028 -15.8431
v  0.4003 -0.0910 -15.8431
v  0.4167 -0.0825 -15.8431
v  0.4140 -0.0758 -15.8417
v  0.4323 -0.0705 -15.8417
v  0.4336 -0.0777 -15.8431
v  0.4502 -0.0761 -15.8431
v  0.4502 -0.0689 -15.8417
v  0.4349 -0.0842 -15.8474
v  0.4502 -0.0828 -15.8474
v  0.4357 -0.0885 -15.8541
v  0.4502 -0.0872 -15.8541
v  0.4207 -0.0928 -15.8541
v  0.4064 -0.1003 -15.8541
v  0.3936 -0.1107 -15.8541
v  0.3832 -0.1235 -15.8541
v  0.4191 -0.0887 -15.8474
v  0.4040 -0.0966 -15.8474
v  0.3905 -0.1076 -15.8474
v  0.3795 -0.1211 -15.8474
v  0.6358 -0.0872 -15.8541
v  0.6358 -0.0828 -15.8474
v  0.6358 -0.0761 -15.8431
v  0.6358 -0.0689 -15.8417
v  0.7133 -0.1877 -15.8541
v  0.7160 -0.1673 -15.8541
v  0.7146 -0.1527 -15.8541
v  0.7103 -0.1378 -15.8541
v  0.7029 -0.1235 -15.8541
v  0.6925 -0.1107 -15.8541
v  0.6797 -0.1003 -15.8541
v  0.6653 -0.0928 -15.8541
v  0.6504 -0.0885 -15.8541
v  0.6512 -0.0842 -15.8474
v  0.6524 -0.0777 -15.8431
v  0.7203 -0.1673 -15.8474
v  0.7176 -0.1888 -15.8474
v  0.7240 -0.1905 -15.8431
v  0.7270 -0.1673 -15.8430
v  0.7189 -0.1519 -15.8474
v  0.7144 -0.1362 -15.8474
v  0.7255 -0.1507 -15.8431
v  0.7206 -0.1338 -15.8431
v  0.7066 -0.1211 -15.8474
v  0.6956 -0.1076 -15.8474
v  0.7122 -0.1174 -15.8431
v  0.7003 -0.1028 -15.8431
v  0.6821 -0.0966 -15.8474
v  0.6669 -0.0887 -15.8474
v  0.6857 -0.0910 -15.8431
v  0.6694 -0.0825 -15.8431
v  0.5247 -0.5247 -15.8474
v  0.5294 -0.5294 -15.8431
v  0.5726 -0.4649 -15.8541
v  0.6174 -0.4036 -15.8541
v  0.6552 -0.3388 -15.8541
v  0.6858 -0.2715 -15.8541
v  0.7091 -0.2030 -15.8541
v  0.7133 -0.2042 -15.8474
v  0.7198 -0.2060 -15.8431
v  0.6961 -0.2756 -15.8431
v  0.6650 -0.3439 -15.8431
v  0.6266 -0.4097 -15.8431
v  0.5812 -0.4719 -15.8431
v  0.5760 -0.4677 -15.8474
v  0.6210 -0.4060 -15.8474
v  0.6591 -0.3408 -15.8474
v  0.6899 -0.2731 -15.8474
v  0.0856 -0.9485 -15.5809
v  0.9485 -0.0856 -15.5809
v  0.9365 -0.1733 -15.5809
v  0.9156 -0.2621 -15.5809
v  0.8855 -0.3506 -15.5809
v  0.8460 -0.4374 -15.5809
v  0.7972 -0.5212 -15.5809
v  0.7394 -0.6003 -15.5809
v  0.6735 -0.6734 -15.5809
v  0.6003 -0.7394 -15.5809
v  0.5212 -0.7972 -15.5809
v  0.4374 -0.8460 -15.5809
v  0.3506 -0.8855 -15.5809
v  0.2621 -0.9156 -15.5809
v  0.1733 -0.9365 -15.5809
v  0.0650 -0.3837 -15.8431
v  0.0661 -0.3903 -15.8474
v  0.0668 -0.3946 -15.8541
v  0.6719 -0.0759 -15.8417
v  0.6541 -0.0708 -15.8417
v  -0.0609 -0.1537 -15.7511
v  -0.0433 -0.1596 -15.7511
v  -0.1384 -0.0905 -15.7511
v  -0.1283 -0.1043 -15.7511
v  -0.1042 -0.1284 -15.7511
v  -0.0905 -0.1384 -15.7511
v  -0.0301 -0.1626 -15.8102
v  -0.1654 0.0000 -15.7511
v  -0.1626 -0.0301 -15.7511
v  -0.1537 -0.0609 -15.7511
v  -0.1169 -0.1169 -15.7511
v  -0.1591 -0.2756 -15.8495
v  -0.1121 -0.1718 -15.7128
v  -0.2013 -0.0365 -15.7118
v  -0.1702 -0.1128 -15.7123
v  -0.0433 -0.2009 -15.7128
v  -0.0760 -0.1904 -15.7128
v  -0.2047 0.0000 -15.7118
v  -0.1895 -0.0758 -15.7124
v  -0.1581 -0.1299 -15.7128
v  -0.1442 -0.1455 -15.7128
v  -0.1287 -0.1596 -15.7128
v  -0.1591 -0.2756 -15.7118
v  -0.0433 -0.2756 -15.7118
v  -0.1157 -0.1157 -15.8608
v  -0.1654 0.0000 -15.8608
v  -0.1626 -0.0301 -15.8608
v  -0.1537 -0.0609 -15.8608
v  -0.0448 -0.1586 -15.8608
v  -0.2086 -0.0380 -15.7118
v  -0.1961 -0.0786 -15.7118
v  -0.1763 -0.1166 -15.7118
v  -0.1636 -0.1343 -15.7127
v  -0.1492 -0.1504 -15.7127
v  -0.1332 -0.1650 -15.7127
v  -0.1158 -0.1778 -15.7127
v  -0.0787 -0.1969 -15.7127
v  -0.0503 -0.2060 -15.7127
v  -0.0503 -0.2686 -15.7118
v  -0.1551 -0.2686 -15.7119
v  -0.0433 -0.2686 -15.7189
v  -0.0433 -0.2037 -15.7198
v  -0.0433 -0.1666 -15.7542
v  -0.0312 -0.1695 -15.8102
v  -0.0433 -0.2075 -15.7127
v  -0.0433 -0.2686 -15.7119
v  -0.1094 -0.1676 -15.7177
v  -0.1256 -0.1557 -15.7177
v  -0.1406 -0.1420 -15.7177
v  -0.1542 -0.1267 -15.7177
v  -0.1658 -0.1101 -15.7174
v  -0.1848 -0.0739 -15.7175
v  -0.1962 -0.0355 -15.7171
v  -0.1995 0.0000 -15.7170
v  -0.1675 -0.0310 -15.7462
v  -0.1584 -0.0627 -15.7462
v  -0.1426 -0.0931 -15.7462
v  -0.1322 -0.1074 -15.7462
v  -0.1205 -0.1205 -15.7462
v  -0.1073 -0.1323 -15.7462
v  -0.0931 -0.1427 -15.7462
v  -0.0628 -0.1584 -15.7462
v  -0.0501 -0.1626 -15.7463
v  -0.0501 -0.1935 -15.7177
v  -0.0741 -0.1858 -15.7177
v  -0.0433 -0.1952 -15.7182
v  -0.0495 -0.1990 -15.7128
v  -0.0433 -0.1644 -15.7466
v  -0.0301 -0.1626 -15.8172
v  -0.0500 -0.1574 -15.8172
v  -0.0500 -0.1574 -15.7581
v  -0.0609 -0.1537 -15.7581
v  -0.0905 -0.1384 -15.7581
v  -0.1042 -0.1284 -15.7581
v  -0.1169 -0.1169 -15.7581
v  -0.1283 -0.1043 -15.7581
v  -0.1384 -0.0905 -15.7581
v  -0.1537 -0.0609 -15.7581
v  -0.1626 -0.0301 -15.7581
v  -0.0905 -0.1384 -15.8538
v  -0.0609 -0.1537 -15.8538
v  -0.0433 -0.1596 -15.8538
v  -0.0301 -0.1626 -15.8538
v  -0.1654 0.0000 -15.8538
v  -0.1626 -0.0301 -15.8538
v  -0.1537 -0.0609 -15.8538
v  -0.1384 -0.0905 -15.8538
v  -0.1283 -0.1043 -15.8538
v  -0.1169 -0.1169 -15.8538
v  -0.1042 -0.1284 -15.8538
v  -0.0492 -0.1576 -15.7511
v  -0.0433 -0.1596 -15.7581
v  -0.1521 -0.2756 -15.7188
v  -0.0503 -0.2756 -15.7188
v  -0.0503 -0.2756 -15.8172
v  -0.1521 -0.2756 -15.8347
v  -0.0503 -0.2756 -15.7118
v  -0.0433 -0.2756 -15.7188
v  -0.0433 -0.2686 -15.8102
v  -0.0433 -0.2686 -15.8032
v  -0.0363 -0.2686 -15.8102
v  -0.0441 -0.1666 -15.8102
v  -0.0372 -0.1681 -15.8102
v  -0.0440 -0.1666 -15.8032
v  -0.0364 -0.1611 -15.8102
v  -0.0433 -0.1596 -15.8102
v  -0.0433 -0.1596 -15.8032
v  -0.0433 -0.2756 -15.8032
v  -0.0433 -0.2756 -15.8102
v  -0.0363 -0.2756 -15.8102
v  0.0000 -0.2686 -15.8102
v  0.0000 -0.2756 -15.8172
v  0.0000 -0.2756 -15.8495
v  -0.0503 -0.2756 -15.8064
v  -0.0390 -0.2756 -15.8172
v  0.0000 -0.1654 -15.8538
v  0.0000 -0.1654 -15.8172
v  -0.1551 0.2686 -15.7119
v  -0.1332 0.1650 -15.7118
v  -0.1158 0.1778 -15.7118
v  -0.0503 0.2060 -15.7118
v  -0.0503 0.2686 -15.7118
v  -0.0787 0.1969 -15.7118
v  -0.2086 0.0380 -15.7118
v  -0.1961 0.0786 -15.7118
v  -0.1763 0.1166 -15.7118
v  -0.1636 0.1343 -15.7118
v  -0.0433 0.2686 -15.7189
v  -0.0433 0.2037 -15.7198
v  -0.0433 0.1666 -15.7542
v  -0.0440 0.1666 -15.8032
v  -0.0433 0.2686 -15.8032
v  -0.0628 0.1584 -15.7462
v  -0.0739 0.1852 -15.7171
v  -0.1090 0.1668 -15.7168
v  -0.0931 0.1427 -15.7462
v  -0.0501 0.1626 -15.7463
v  -0.0499 0.1928 -15.7169
v  -0.1675 0.0310 -15.7462
v  -0.1961 0.0355 -15.7170
v  -0.1704 0.0000 -15.7462
v  -0.1584 0.0627 -15.7462
v  -0.1845 0.0738 -15.7172
v  -0.1426 0.0931 -15.7462
v  -0.1655 0.1100 -15.7170
v  -0.1322 0.1074 -15.7462
v  -0.1538 0.1264 -15.7172
v  -0.1205 0.1205 -15.7462
v  -0.1400 0.1414 -15.7168
v  -0.1073 0.1323 -15.7462
v  -0.1250 0.1550 -15.7168
v  -0.1521 0.2756 -15.8347
v  -0.0503 0.2756 -15.8064
v  -0.0503 0.2756 -15.8172
v  -0.1591 0.2756 -15.7118
v  -0.1591 0.2756 -15.8495
v  -0.2122 0.0000 -15.7118
v  -0.1491 0.1504 -15.7118
v  -0.0905 0.1384 -15.7581
v  -0.0905 0.1384 -15.8538
v  -0.0609 0.1537 -15.8538
v  -0.0609 0.1537 -15.7581
v  -0.1654 0.0000 -15.7581
v  -0.1626 0.0301 -15.8538
v  -0.1626 0.0301 -15.7581
v  -0.1537 0.0609 -15.8538
v  -0.1537 0.0609 -15.7581
v  -0.1384 0.0905 -15.8538
v  -0.1384 0.0905 -15.7581
v  -0.1283 0.1043 -15.8538
v  -0.1283 0.1043 -15.7581
v  -0.1169 0.1169 -15.8538
v  -0.1169 0.1169 -15.7581
v  -0.1042 0.1284 -15.8538
v  -0.1042 0.1284 -15.7581
v  -0.0500 0.1574 -15.8172
v  -0.0500 0.1574 -15.7581
v  -0.0301 0.1626 -15.8172
v  -0.0301 0.1626 -15.8538
v  0.0000 0.1654 -15.8538
v  0.0000 0.1654 -15.8172
v  -0.0433 0.1596 -15.8538
v  -0.2013 0.0365 -15.7118
v  -0.1893 0.0758 -15.7119
v  -0.1700 0.1127 -15.7118
v  -0.1579 0.1297 -15.7120
v  -0.1439 0.1452 -15.7118
v  -0.1285 0.1592 -15.7118
v  -0.1118 0.1715 -15.7118
v  -0.0759 0.1900 -15.7118
v  -0.0493 0.1986 -15.7118
v  -0.0433 0.2009 -15.7128
v  -0.0433 0.2076 -15.7127
v  -0.0433 0.2686 -15.7119
v  -0.0433 0.2756 -15.7118
v  -0.0503 0.2756 -15.7118
v  -0.0433 0.1952 -15.7182
v  -0.0433 0.1596 -15.7511
v  -0.0433 0.1596 -15.7581
v  -0.0364 0.1612 -15.8102
v  -0.0301 0.1626 -15.8102
v  -0.0312 0.1695 -15.8102
v  -0.0372 0.1682 -15.8102
v  0.0000 0.1654 -15.8102
v  0.0000 0.1724 -15.8102
v  -0.0433 0.2756 -15.8032
v  -0.0433 0.2756 -15.7188
v  -0.1626 0.0301 -15.7511
v  -0.1537 0.0609 -15.7511
v  -0.1384 0.0905 -15.7511
v  -0.1283 0.1043 -15.7511
v  -0.1169 0.1169 -15.7511
v  -0.1042 0.1284 -15.7511
v  -0.0905 0.1384 -15.7511
v  -0.0609 0.1537 -15.7511
v  -0.0492 0.1576 -15.7511
v  -0.0433 0.1644 -15.7466
v  -0.0433 0.1596 -15.8032
v  -0.0448 0.1586 -15.8608
v  0.0000 0.1654 -15.8608
v  -0.1626 0.0301 -15.8608
v  -0.1537 0.0609 -15.8608
v  -0.1157 0.1157 -15.8608
v  -0.0503 0.2756 -15.7188
v  -0.1521 0.2756 -15.7188
v  -0.0363 0.2756 -15.8102
v  -0.0390 0.2756 -15.8172
v  -0.0433 0.1596 -15.8102
v  -0.0433 0.2756 -15.8102
v  -0.0441 0.1666 -15.8102
v  -0.0433 0.2686 -15.8102
v  -0.0363 0.2686 -15.8102
v  0.0000 0.2756 -15.8347
v  0.0000 0.2756 -15.8172
v  0.0000 0.2756 -15.8495
v  -0.1626 -0.2695 -15.7188
v  -0.1626 -0.2695 -15.8347
v  -0.1626 0.2695 -15.8347
v  -0.1626 0.2695 -15.7188
v  -0.1591 0.2756 -15.8344
v  -0.3182 0.0000 -15.7188
v  -0.3147 -0.0061 -15.7188
v  -0.3147 0.0061 -15.7188
v  -0.3182 0.0000 -15.8347
v  -0.3147 0.0061 -15.8347
v  -0.3147 -0.0061 -15.8347
v  -0.3101 0.0000 -15.7119
v  -0.3182 0.0000 -15.7118
v  -0.3147 0.0061 -15.7118
v  -0.3147 -0.0061 -15.7118
v  -0.3159 0.0000 -15.8495
v  -0.1591 -0.2756 -15.7188
v  -0.1591 -0.2756 -15.8341
v  -0.1591 0.2756 -15.7185
v  -0.1519 0.2756 -15.7118
v  -0.1626 0.2695 -15.7118
v  -0.1626 -0.2695 -15.7118
v  -0.1521 -0.2756 -15.7118
v  0.1551 -0.2686 -15.7119
v  0.1332 -0.1650 -15.7127
v  0.1158 -0.1778 -15.7127
v  0.0503 -0.2060 -15.7127
v  0.0503 -0.2686 -15.7118
v  0.0787 -0.1969 -15.7127
v  0.3101 0.0000 -15.7119
v  0.2086 -0.0380 -15.7127
v  0.1961 -0.0786 -15.7127
v  0.1763 -0.1166 -15.7127
v  0.1636 -0.1343 -15.7127
v  0.0433 -0.2686 -15.7189
v  0.0433 -0.2037 -15.7198
v  0.0433 -0.1666 -15.7542
v  0.0440 -0.1666 -15.8032
v  0.0433 -0.2686 -15.8032
v  0.0628 -0.1584 -15.7462
v  0.0741 -0.1858 -15.7177
v  0.1094 -0.1676 -15.7177
v  0.0931 -0.1427 -15.7462
v  0.0501 -0.1626 -15.7463
v  0.0501 -0.1935 -15.7177
v  0.1675 -0.0310 -15.7462
v  0.1968 -0.0356 -15.7177
v  0.2001 0.0000 -15.7177
v  0.1704 0.0000 -15.7462
v  0.1584 -0.0627 -15.7462
v  0.1850 -0.0740 -15.7177
v  0.1426 -0.0931 -15.7462
v  0.1661 -0.1103 -15.7177
v  0.1322 -0.1074 -15.7462
v  0.1542 -0.1267 -15.7177
v  0.1205 -0.1205 -15.7462
v  0.1406 -0.1420 -15.7177
v  0.1074 -0.1323 -15.7462
v  0.1256 -0.1557 -15.7177
v  0.1521 -0.2756 -15.8347
v  0.0503 -0.2756 -15.8064
v  0.0503 -0.2756 -15.8172
v  0.3147 -0.0061 -15.8347
v  0.3147 -0.0061 -15.7188
v  0.1626 -0.2695 -15.7188
v  0.1626 -0.2695 -15.8347
v  0.2122 0.0000 -15.7127
v  0.1492 -0.1504 -15.7127
v  0.0905 -0.1384 -15.7581
v  0.0905 -0.1384 -15.8538
v  0.0609 -0.1537 -15.8538
v  0.0609 -0.1537 -15.7581
v  0.1654 0.0000 -15.7581
v  0.1654 0.0000 -15.8538
v  0.1626 -0.0301 -15.8538
v  0.1626 -0.0301 -15.7581
v  0.1537 -0.0609 -15.8538
v  0.1537 -0.0609 -15.7581
v  0.1384 -0.0905 -15.8538
v  0.1384 -0.0905 -15.7581
v  0.1283 -0.1043 -15.8538
v  0.1283 -0.1043 -15.7581
v  0.1169 -0.1169 -15.8538
v  0.1169 -0.1169 -15.7581
v  0.1042 -0.1284 -15.8538
v  0.1042 -0.1284 -15.7581
v  0.0500 -0.1574 -15.8172
v  0.0500 -0.1574 -15.7581
v  0.0301 -0.1626 -15.8172
v  0.0301 -0.1626 -15.8538
v  0.0433 -0.1596 -15.8538
v  0.2052 0.0000 -15.7128
v  0.2017 -0.0366 -15.7128
v  0.1896 -0.0759 -15.7128
v  0.1704 -0.1129 -15.7128
v  0.1581 -0.1299 -15.7128
v  0.1442 -0.1455 -15.7128
v  0.1287 -0.1596 -15.7128
v  0.1121 -0.1718 -15.7128
v  0.0760 -0.1904 -15.7128
v  0.0495 -0.1990 -15.7128
v  0.0433 -0.2009 -15.7128
v  0.0433 -0.2075 -15.7127
v  0.0433 -0.2686 -15.7119
v  0.0433 -0.2756 -15.7118
v  0.0503 -0.2756 -15.7118
v  0.1521 -0.2756 -15.7118
v  0.1591 -0.2756 -15.7118
v  0.1626 -0.2695 -15.7118
v  0.0433 -0.1952 -15.7182
v  0.0433 -0.1596 -15.7511
v  0.0433 -0.1596 -15.7581
v  0.0364 -0.1611 -15.8102
v  0.0301 -0.1626 -15.8102
v  0.0312 -0.1695 -15.8102
v  0.0372 -0.1681 -15.8102
v  0.0000 -0.1654 -15.8102
v  0.0000 -0.1724 -15.8102
v  0.0433 -0.2756 -15.8032
v  0.0433 -0.2756 -15.7188
v  0.1654 0.0000 -15.7511
v  0.1626 -0.0301 -15.7511
v  0.1537 -0.0609 -15.7511
v  0.1384 -0.0905 -15.7511
v  0.1283 -0.1043 -15.7511
v  0.1169 -0.1169 -15.7511
v  0.1042 -0.1284 -15.7511
v  0.0905 -0.1384 -15.7511
v  0.0609 -0.1537 -15.7511
v  0.0492 -0.1576 -15.7511
v  0.0433 -0.1644 -15.7466
v  0.0433 -0.1596 -15.8032
v  0.0448 -0.1586 -15.8608
v  0.0000 -0.1654 -15.8608
v  0.1654 0.0000 -15.8608
v  0.1626 -0.0301 -15.8608
v  0.1537 -0.0609 -15.8608
v  0.1157 -0.1157 -15.8608
v  0.1521 -0.2756 -15.7188
v  0.1591 -0.2756 -15.7188
v  0.0503 -0.2756 -15.7188
v  0.0363 -0.2756 -15.8102
v  0.0390 -0.2756 -15.8172
v  0.1591 -0.2756 -15.8495
v  0.1591 -0.2756 -15.8341
v  0.0433 -0.1596 -15.8102
v  0.0433 -0.2756 -15.8102
v  0.0441 -0.1666 -15.8102
v  0.0433 -0.2686 -15.8102
v  0.0363 -0.2686 -15.8102
v  0.0000 -0.2756 -15.8347
v  0.0000 -0.2756 -15.8102
v  0.1551 0.2686 -15.7119
v  0.1158 0.1778 -15.7127
v  0.1332 0.1650 -15.7127
v  0.0503 0.2060 -15.7127
v  0.0787 0.1969 -15.7127
v  0.0503 0.2686 -15.7118
v  0.1961 0.0786 -15.7127
v  0.2086 0.0380 -15.7127
v  0.1763 0.1166 -15.7127
v  0.1636 0.1343 -15.7127
v  0.0433 0.2686 -15.7189
v  0.0433 0.2686 -15.8032
v  0.0440 0.1666 -15.8032
v  0.0433 0.1666 -15.7542
v  0.0433 0.2037 -15.7198
v  0.0628 0.1584 -15.7462
v  0.0931 0.1427 -15.7462
v  0.1094 0.1676 -15.7177
v  0.0741 0.1858 -15.7177
v  0.0501 0.1626 -15.7463
v  0.0501 0.1935 -15.7177
v  0.1675 0.0310 -15.7462
v  0.1968 0.0356 -15.7177
v  0.1850 0.0740 -15.7177
v  0.1584 0.0627 -15.7462
v  0.1661 0.1103 -15.7177
v  0.1426 0.0931 -15.7462
v  0.1322 0.1074 -15.7462
v  0.1542 0.1267 -15.7177
v  0.1205 0.1205 -15.7462
v  0.1406 0.1420 -15.7177
v  0.1074 0.1323 -15.7462
v  0.1256 0.1557 -15.7177
v  0.1521 0.2756 -15.8347
v  0.0503 0.2756 -15.8172
v  0.0503 0.2756 -15.8064
v  0.3147 0.0061 -15.8347
v  0.1626 0.2695 -15.8347
v  0.1626 0.2695 -15.7188
v  0.3147 0.0061 -15.7188
v  0.1492 0.1504 -15.7127
v  0.0905 0.1384 -15.7581
v  0.0609 0.1537 -15.7581
v  0.0609 0.1537 -15.8538
v  0.0905 0.1384 -15.8538
v  0.1626 0.0301 -15.7581
v  0.1626 0.0301 -15.8538
v  0.1537 0.0609 -15.7581
v  0.1537 0.0609 -15.8538
v  0.1384 0.0905 -15.7581
v  0.1384 0.0905 -15.8538
v  0.1283 0.1043 -15.7581
v  0.1283 0.1043 -15.8538
v  0.1169 0.1169 -15.7581
v  0.1169 0.1169 -15.8538
v  0.1042 0.1284 -15.7581
v  0.1042 0.1284 -15.8538
v  0.0500 0.1574 -15.7581
v  0.0500 0.1574 -15.8172
v  0.0301 0.1626 -15.8172
v  0.0301 0.1626 -15.8538
v  0.0433 0.1596 -15.8538
v  0.2017 0.0366 -15.7128
v  0.1896 0.0759 -15.7128
v  0.1704 0.1129 -15.7128
v  0.1581 0.1299 -15.7128
v  0.1442 0.1455 -15.7128
v  0.1287 0.1596 -15.7128
v  0.1121 0.1718 -15.7128
v  0.0760 0.1904 -15.7128
v  0.0495 0.1990 -15.7128
v  0.0433 0.2076 -15.7127
v  0.0433 0.2009 -15.7128
v  0.0433 0.2686 -15.7119
v  0.0503 0.2756 -15.7118
v  0.0433 0.2756 -15.7118
v  0.1591 0.2756 -15.7118
v  0.1519 0.2756 -15.7118
v  0.3147 0.0061 -15.7118
v  0.1626 0.2695 -15.7118
v  0.0433 0.1952 -15.7182
v  0.0433 0.1596 -15.7511
v  0.0433 0.1596 -15.7581
v  0.0364 0.1612 -15.8102
v  0.0372 0.1682 -15.8102
v  0.0312 0.1695 -15.8102
v  0.0301 0.1626 -15.8102
v  0.0433 0.2756 -15.8032
v  0.0433 0.2756 -15.7188
v  0.1626 0.0301 -15.7511
v  0.1537 0.0609 -15.7511
v  0.1384 0.0905 -15.7511
v  0.1283 0.1043 -15.7511
v  0.1169 0.1169 -15.7511
v  0.1042 0.1284 -15.7511
v  0.0905 0.1384 -15.7511
v  0.0609 0.1537 -15.7511
v  0.0492 0.1576 -15.7511
v  0.0433 0.1644 -15.7466
v  0.0433 0.1596 -15.8102
v  0.0433 0.1596 -15.8032
v  0.1157 0.1157 -15.8608
v  0.0448 0.1586 -15.8608
v  0.1626 0.0301 -15.8608
v  0.1537 0.0609 -15.8608
v  0.1591 0.2756 -15.7185
v  0.1521 0.2756 -15.7188
v  0.0503 0.2756 -15.7188
v  0.0433 0.2756 -15.8102
v  0.0390 0.2756 -15.8172
v  0.0363 0.2756 -15.8102
v  0.1591 0.2756 -15.8495
v  0.1591 0.2756 -15.8344
v  0.0433 0.2686 -15.8102
v  0.0441 0.1666 -15.8102
v  0.0363 0.2686 -15.8102
v  0.0000 0.2756 -15.8102
v  0.0000 0.2686 -15.8102
v  0.3147 -0.0061 -15.7118
v  0.3159 0.0000 -15.8495
v  0.3182 0.0000 -15.8347
v  0.3182 0.0000 -15.7188
v  0.3182 0.0000 -15.7118
v  0.0000 0.5775 -15.9340
v  -0.4990 0.2844 -15.9340
v  0.4990 0.2844 -15.9340
v  0.0000 -0.5775 -15.9340
v  -0.4990 -0.2844 -15.9340
v  0.4990 -0.2844 -15.9340
v  -0.1340 0.7239 -15.9340
v  -0.1340 0.7239 -15.9240
v  -0.1326 0.7140 -15.9340
v  -0.1958 0.7096 -15.9340
v  -0.1941 0.7024 -15.9340
v  -0.1957 0.7096 -15.9240
v  -0.0661 0.7332 -15.9340
v  -0.0661 0.7332 -15.9240
v  -0.0657 0.7233 -15.9340
v  0.0000 0.7362 -15.9340
v  0.0000 0.7362 -15.9240
v  -0.0004 0.7262 -15.9340
v  -0.0802 0.3948 -15.9340
v  -0.0802 0.3948 -15.9240
v  -0.0802 0.4049 -15.9340
v  -0.0671 0.3959 -15.9340
v  -0.0679 0.4059 -15.9340
v  -0.0671 0.3959 -15.9240
v  -0.2412 0.5949 -15.9340
v  -0.2412 0.5949 -15.9240
v  -0.2322 0.5993 -15.9340
v  -0.1476 0.4329 -15.9340
v  -0.1393 0.4385 -15.9340
v  -0.1475 0.4327 -15.9241
v  -0.2020 0.7075 -15.9340
v  -0.1981 0.6983 -15.9340
v  -0.2020 0.7075 -15.9240
v  -0.2462 0.6053 -15.9340
v  -0.2462 0.6053 -15.9240
v  -0.2368 0.6089 -15.9340
v  -0.2504 0.6200 -15.9340
v  -0.2504 0.6200 -15.9240
v  -0.2406 0.6218 -15.9340
v  -0.2517 0.6343 -15.9340
v  -0.2517 0.6343 -15.9240
v  -0.2417 0.6343 -15.9340
v  -0.2504 0.6486 -15.9340
v  -0.2504 0.6486 -15.9240
v  -0.2406 0.6468 -15.9340
v  -0.2462 0.6633 -15.9340
v  -0.2462 0.6633 -15.9240
v  -0.2369 0.6596 -15.9340
v  -0.2389 0.6774 -15.9340
v  -0.2389 0.6774 -15.9240
v  -0.2305 0.6719 -15.9340
v  -0.2287 0.6900 -15.9340
v  -0.2287 0.6900 -15.9240
v  -0.2216 0.6829 -15.9340
v  -0.2161 0.7002 -15.9340
v  -0.2161 0.7002 -15.9240
v  -0.2106 0.6918 -15.9340
v  0.0000 0.4016 -15.9340
v  0.0000 0.4116 -15.9340
v  0.0000 0.4016 -15.9240
v  -0.3018 0.3456 -15.9340
v  -0.3018 0.3456 -15.9240
v  -0.3109 0.3414 -15.9340
v  -0.3952 0.5073 -15.9340
v  -0.4035 0.5017 -15.9340
v  -0.3952 0.5072 -15.9240
v  -0.2926 0.3206 -15.9340
v  -0.2926 0.3206 -15.9240
v  -0.3025 0.3187 -15.9340
v  -0.2965 0.3343 -15.9340
v  -0.3059 0.3308 -15.9340
v  -0.2965 0.3343 -15.9240
v  -0.3067 0.2597 -15.9340
v  -0.3066 0.2598 -15.9241
v  -0.3151 0.2651 -15.9340
v  -0.2968 0.2773 -15.9340
v  -0.3061 0.2811 -15.9340
v  -0.2968 0.2773 -15.9240
v  -0.2926 0.2919 -15.9340
v  -0.3025 0.2938 -15.9340
v  -0.2926 0.2919 -15.9240
v  -0.2913 0.3062 -15.9340
v  -0.3013 0.3062 -15.9340
v  -0.2913 0.3062 -15.9240
v  -0.3361 0.2198 -15.9340
v  -0.3362 0.2198 -15.9240
v  -0.3447 0.2250 -15.9340
v  -0.3768 0.1389 -15.9340
v  -0.3769 0.1389 -15.9240
v  -0.3857 0.1434 -15.9340
v  -0.4502 0.0886 -15.9340
v  -0.4502 0.0886 -15.9240
v  -0.4502 0.0986 -15.9340
v  -0.4359 0.0899 -15.9340
v  -0.4378 0.0998 -15.9340
v  -0.4359 0.0899 -15.9240
v  -0.3843 0.1242 -15.9340
v  -0.3843 0.1242 -15.9240
v  -0.3927 0.1297 -15.9340
v  -0.3945 0.1116 -15.9340
v  -0.3945 0.1116 -15.9240
v  -0.4017 0.1188 -15.9340
v  -0.4071 0.1014 -15.9340
v  -0.4071 0.1014 -15.9240
v  -0.4126 0.1098 -15.9340
v  -0.4212 0.0941 -15.9340
v  -0.4212 0.0941 -15.9240
v  -0.4250 0.1034 -15.9340
v  -0.6358 0.0886 -15.9340
v  -0.6358 0.0886 -15.9240
v  -0.6349 0.0985 -15.9340
v  -0.6915 0.1116 -15.9340
v  -0.6915 0.1116 -15.9240
v  -0.6844 0.1188 -15.9340
v  -0.6789 0.1014 -15.9340
v  -0.6734 0.1098 -15.9340
v  -0.6789 0.1014 -15.9240
v  -0.6502 0.0899 -15.9340
v  -0.6502 0.0899 -15.9240
v  -0.6483 0.0998 -15.9340
v  -0.6648 0.0941 -15.9340
v  -0.6648 0.0941 -15.9240
v  -0.6611 0.1034 -15.9340
v  -0.7124 0.1855 -15.9340
v  -0.7124 0.1855 -15.9240
v  -0.7025 0.1836 -15.9340
v  -0.7146 0.1673 -15.9340
v  -0.7045 0.1672 -15.9340
v  -0.7146 0.1673 -15.9240
v  -0.7133 0.1530 -15.9340
v  -0.7034 0.1548 -15.9340
v  -0.7133 0.1530 -15.9240
v  -0.7090 0.1383 -15.9340
v  -0.6997 0.1421 -15.9340
v  -0.7090 0.1383 -15.9240
v  -0.7017 0.1242 -15.9340
v  -0.6933 0.1297 -15.9340
v  -0.7017 0.1242 -15.9240
v  -0.7078 0.2026 -15.9340
v  -0.7078 0.2026 -15.9240
v  -0.6983 0.1994 -15.9340
v  -0.6845 0.2710 -15.9340
v  -0.6845 0.2710 -15.9240
v  -0.6754 0.2669 -15.9340
v  -0.6540 0.3381 -15.9340
v  -0.6540 0.3381 -15.9240
v  -0.6451 0.3335 -15.9340
v  -0.6162 0.4029 -15.9340
v  -0.6162 0.4029 -15.9240
v  -0.6078 0.3974 -15.9340
v  -0.5716 0.4640 -15.9340
v  -0.5716 0.4640 -15.9240
v  -0.5638 0.4577 -15.9340
v  -0.5200 0.5212 -15.9340
v  -0.5200 0.5211 -15.9240
v  -0.5131 0.5139 -15.9340
v  -0.4918 0.5402 -15.9340
v  -0.4918 0.5402 -15.9240
v  -0.4881 0.5309 -15.9340
v  -0.5059 0.5329 -15.9340
v  -0.5003 0.5245 -15.9340
v  -0.5059 0.5329 -15.9240
v  -0.4071 0.5227 -15.9340
v  -0.4143 0.5156 -15.9340
v  -0.4071 0.5227 -15.9240
v  -0.4197 0.5329 -15.9340
v  -0.4252 0.5245 -15.9340
v  -0.4197 0.5329 -15.9240
v  -0.4338 0.5402 -15.9340
v  -0.4376 0.5309 -15.9340
v  -0.4338 0.5402 -15.9240
v  -0.4485 0.5444 -15.9340
v  -0.4503 0.5345 -15.9340
v  -0.4485 0.5444 -15.9240
v  -0.4628 0.5457 -15.9340
v  -0.4628 0.5357 -15.9340
v  -0.4628 0.5457 -15.9240
v  -0.4771 0.5444 -15.9340
v  -0.4753 0.5345 -15.9340
v  -0.4771 0.5444 -15.9240
v  -0.0945 0.3961 -15.9340
v  -0.0945 0.3961 -15.9240
v  -0.0927 0.4060 -15.9340
v  -0.1359 0.4179 -15.9340
v  -0.1287 0.4249 -15.9340
v  -0.1359 0.4179 -15.9240
v  -0.1233 0.4077 -15.9340
v  -0.1178 0.4161 -15.9340
v  -0.1233 0.4077 -15.9240
v  -0.1092 0.4004 -15.9340
v  -0.1055 0.4097 -15.9340
v  -0.1092 0.4004 -15.9240
v  0.1958 0.7096 -15.9340
v  0.1957 0.7096 -15.9240
v  0.1932 0.7018 -15.9340
v  0.1340 0.7239 -15.9340
v  0.1317 0.7142 -15.9340
v  0.1340 0.7239 -15.9240
v  0.0662 0.7332 -15.9340
v  0.0648 0.7233 -15.9340
v  0.0662 0.7332 -15.9240
v  0.0671 0.3959 -15.9340
v  0.0671 0.3959 -15.9240
v  0.0679 0.4059 -15.9340
v  0.0802 0.3948 -15.9340
v  0.0802 0.4049 -15.9340
v  0.0802 0.3948 -15.9240
v  0.1476 0.4329 -15.9340
v  0.1475 0.4327 -15.9241
v  0.1393 0.4385 -15.9340
v  0.2412 0.5949 -15.9340
v  0.2325 0.5999 -15.9340
v  0.2412 0.5949 -15.9240
v  0.2020 0.7075 -15.9340
v  0.2020 0.7075 -15.9240
v  0.1981 0.6983 -15.9340
v  0.2462 0.6053 -15.9340
v  0.2368 0.6089 -15.9340
v  0.2462 0.6053 -15.9240
v  0.2504 0.6200 -15.9340
v  0.2406 0.6218 -15.9340
v  0.2504 0.6200 -15.9240
v  0.2518 0.6343 -15.9340
v  0.2417 0.6343 -15.9340
v  0.2518 0.6343 -15.9240
v  0.2504 0.6486 -15.9340
v  0.2406 0.6468 -15.9340
v  0.2504 0.6486 -15.9240
v  0.2462 0.6633 -15.9340
v  0.2369 0.6596 -15.9340
v  0.2462 0.6633 -15.9240
v  0.2389 0.6774 -15.9340
v  0.2305 0.6719 -15.9340
v  0.2389 0.6774 -15.9240
v  0.2287 0.6900 -15.9340
v  0.2216 0.6829 -15.9340
v  0.2287 0.6900 -15.9240
v  0.2161 0.7002 -15.9340
v  0.2106 0.6918 -15.9340
v  0.2161 0.7002 -15.9240
v  0.3952 0.5073 -15.9340
v  0.3952 0.5072 -15.9240
v  0.4035 0.5017 -15.9340
v  0.3018 0.3456 -15.9340
v  0.3105 0.3406 -15.9340
v  0.3018 0.3456 -15.9240
v  0.2965 0.3343 -15.9340
v  0.2965 0.3343 -15.9240
v  0.3059 0.3308 -15.9340
v  0.2926 0.3206 -15.9340
v  0.3025 0.3187 -15.9340
v  0.2926 0.3206 -15.9240
v  0.2968 0.2773 -15.9340
v  0.2968 0.2772 -15.9240
v  0.3061 0.2811 -15.9340
v  0.3067 0.2597 -15.9340
v  0.3151 0.2651 -15.9340
v  0.3066 0.2598 -15.9241
v  0.2926 0.2919 -15.9340
v  0.2926 0.2919 -15.9240
v  0.3025 0.2938 -15.9340
v  0.2913 0.3062 -15.9340
v  0.2913 0.3062 -15.9240
v  0.3013 0.3062 -15.9340
v  0.3361 0.2198 -15.9340
v  0.3447 0.2250 -15.9340
v  0.3362 0.2198 -15.9240
v  0.3769 0.1389 -15.9340
v  0.3858 0.1434 -15.9340
v  0.3769 0.1389 -15.9240
v  0.4359 0.0899 -15.9340
v  0.4359 0.0899 -15.9240
v  0.4378 0.0998 -15.9340
v  0.4502 0.0886 -15.9340
v  0.4511 0.0985 -15.9340
v  0.4502 0.0886 -15.9240
v  0.3843 0.1242 -15.9340
v  0.3928 0.1297 -15.9340
v  0.3843 0.1242 -15.9240
v  0.3946 0.1116 -15.9340
v  0.4017 0.1188 -15.9340
v  0.3946 0.1116 -15.9240
v  0.4071 0.1014 -15.9340
v  0.4127 0.1098 -15.9340
v  0.4071 0.1014 -15.9240
v  0.4212 0.0941 -15.9340
v  0.4250 0.1034 -15.9340
v  0.4212 0.0941 -15.9240
v  0.6358 0.0886 -15.9340
v  0.6358 0.0986 -15.9340
v  0.6358 0.0886 -15.9240
v  0.6789 0.1014 -15.9340
v  0.6789 0.1014 -15.9240
v  0.6734 0.1098 -15.9340
v  0.6915 0.1116 -15.9340
v  0.6844 0.1188 -15.9340
v  0.6915 0.1116 -15.9240
v  0.6502 0.0899 -15.9340
v  0.6483 0.0998 -15.9340
v  0.6502 0.0899 -15.9240
v  0.6648 0.0941 -15.9340
v  0.6611 0.1034 -15.9340
v  0.6648 0.0941 -15.9240
v  0.7146 0.1673 -15.9340
v  0.7146 0.1673 -15.9240
v  0.7045 0.1672 -15.9340
v  0.7124 0.1855 -15.9340
v  0.7026 0.1836 -15.9340
v  0.7124 0.1855 -15.9240
v  0.7133 0.1530 -15.9340
v  0.7133 0.1530 -15.9240
v  0.7034 0.1548 -15.9340
v  0.7090 0.1383 -15.9340
v  0.7090 0.1383 -15.9240
v  0.6997 0.1421 -15.9340
v  0.7017 0.1242 -15.9340
v  0.7017 0.1242 -15.9240
v  0.6933 0.1297 -15.9340
v  0.7078 0.2026 -15.9340
v  0.6981 0.2000 -15.9340
v  0.7078 0.2026 -15.9240
v  0.6845 0.2710 -15.9340
v  0.6751 0.2678 -15.9340
v  0.6845 0.2710 -15.9240
v  0.6540 0.3381 -15.9340
v  0.6451 0.3335 -15.9340
v  0.6540 0.3381 -15.9240
v  0.6162 0.4029 -15.9340
v  0.6078 0.3974 -15.9340
v  0.6162 0.4029 -15.9240
v  0.5716 0.4640 -15.9340
v  0.5638 0.4577 -15.9340
v  0.5716 0.4640 -15.9240
v  0.5200 0.5212 -15.9340
v  0.5131 0.5139 -15.9340
v  0.5200 0.5211 -15.9240
v  0.5059 0.5329 -15.9340
v  0.5059 0.5329 -15.9240
v  0.5003 0.5245 -15.9340
v  0.4918 0.5402 -15.9340
v  0.4881 0.5309 -15.9340
v  0.4918 0.5402 -15.9240
v  0.4071 0.5227 -15.9340
v  0.4072 0.5227 -15.9240
v  0.4143 0.5156 -15.9340
v  0.4197 0.5329 -15.9340
v  0.4197 0.5329 -15.9240
v  0.4252 0.5245 -15.9340
v  0.4338 0.5402 -15.9340
v  0.4338 0.5402 -15.9240
v  0.4376 0.5309 -15.9340
v  0.4485 0.5444 -15.9340
v  0.4485 0.5444 -15.9240
v  0.4504 0.5345 -15.9340
v  0.4628 0.5457 -15.9340
v  0.4628 0.5457 -15.9240
v  0.4628 0.5357 -15.9340
v  0.4772 0.5444 -15.9340
v  0.4772 0.5444 -15.9240
v  0.4753 0.5345 -15.9340
v  0.0945 0.3961 -15.9340
v  0.0927 0.4060 -15.9340
v  0.0945 0.3961 -15.9240
v  0.1359 0.4179 -15.9340
v  0.1359 0.4179 -15.9240
v  0.1287 0.4249 -15.9340
v  0.1233 0.4077 -15.9340
v  0.1233 0.4077 -15.9240
v  0.1178 0.4161 -15.9340
v  0.1092 0.4004 -15.9340
v  0.1092 0.4004 -15.9240
v  0.1055 0.4097 -15.9340
v  -0.1958 -0.7096 -15.9340
v  -0.1957 -0.7096 -15.9240
v  -0.1932 -0.7018 -15.9340
v  -0.1340 -0.7239 -15.9340
v  -0.1317 -0.7142 -15.9340
v  -0.1340 -0.7239 -15.9240
v  -0.0661 -0.7332 -15.9340
v  -0.0648 -0.7233 -15.9340
v  -0.0661 -0.7332 -15.9240
v  0.0000 -0.7362 -15.9340
v  0.0005 -0.7262 -15.9340
v  0.0000 -0.7362 -15.9240
v  -0.0671 -0.3959 -15.9340
v  -0.0671 -0.3959 -15.9240
v  -0.0679 -0.4059 -15.9340
v  -0.0802 -0.3948 -15.9340
v  -0.0802 -0.4049 -15.9340
v  -0.0802 -0.3948 -15.9240
v  -0.1476 -0.4329 -15.9340
v  -0.1475 -0.4327 -15.9241
v  -0.1393 -0.4385 -15.9340
v  -0.2412 -0.5949 -15.9340
v  -0.2325 -0.5999 -15.9340
v  -0.2412 -0.5949 -15.9240
v  -0.2020 -0.7075 -15.9340
v  -0.2020 -0.7075 -15.9240
v  -0.1981 -0.6983 -15.9340
v  -0.2462 -0.6053 -15.9340
v  -0.2368 -0.6089 -15.9340
v  -0.2462 -0.6053 -15.9240
v  -0.2504 -0.6200 -15.9340
v  -0.2406 -0.6218 -15.9340
v  -0.2504 -0.6200 -15.9240
v  -0.2517 -0.6343 -15.9340
v  -0.2417 -0.6343 -15.9340
v  -0.2517 -0.6343 -15.9240
v  -0.2504 -0.6486 -15.9340
v  -0.2406 -0.6468 -15.9340
v  -0.2504 -0.6486 -15.9240
v  -0.2462 -0.6633 -15.9340
v  -0.2369 -0.6596 -15.9340
v  -0.2462 -0.6633 -15.9240
v  -0.2389 -0.6774 -15.9340
v  -0.2305 -0.6719 -15.9340
v  -0.2389 -0.6774 -15.9240
v  -0.2287 -0.6900 -15.9340
v  -0.2216 -0.6829 -15.9340
v  -0.2287 -0.6900 -15.9240
v  -0.2161 -0.7002 -15.9340
v  -0.2106 -0.6918 -15.9340
v  -0.2161 -0.7002 -15.9240
v  0.0000 -0.4016 -15.9340
v  0.0000 -0.4016 -15.9240
v  0.0000 -0.4116 -15.9340
v  -0.3952 -0.5073 -15.9340
v  -0.3952 -0.5072 -15.9240
v  -0.4035 -0.5017 -15.9340
v  -0.3018 -0.3456 -15.9340
v  -0.3105 -0.3406 -15.9340
v  -0.3018 -0.3456 -15.9240
v  -0.2965 -0.3343 -15.9340
v  -0.2965 -0.3343 -15.9240
v  -0.3059 -0.3308 -15.9340
v  -0.2926 -0.3206 -15.9340
v  -0.3025 -0.3187 -15.9340
v  -0.2926 -0.3206 -15.9240
v  -0.2968 -0.2773 -15.9340
v  -0.2968 -0.2772 -15.9240
v  -0.3061 -0.2811 -15.9340
v  -0.3067 -0.2597 -15.9340
v  -0.3151 -0.2651 -15.9340
v  -0.3066 -0.2598 -15.9241
v  -0.2926 -0.2919 -15.9340
v  -0.2926 -0.2919 -15.9240
v  -0.3025 -0.2938 -15.9340
v  -0.2913 -0.3062 -15.9340
v  -0.2913 -0.3062 -15.9240
v  -0.3013 -0.3062 -15.9340
v  -0.3361 -0.2198 -15.9340
v  -0.3447 -0.2250 -15.9340
v  -0.3362 -0.2198 -15.9240
v  -0.3768 -0.1389 -15.9340
v  -0.3858 -0.1434 -15.9340
v  -0.3769 -0.1389 -15.9240
v  -0.4359 -0.0899 -15.9340
v  -0.4359 -0.0899 -15.9240
v  -0.4378 -0.0998 -15.9340
v  -0.4502 -0.0886 -15.9340
v  -0.4511 -0.0985 -15.9340
v  -0.4502 -0.0886 -15.9240
v  -0.3843 -0.1242 -15.9340
v  -0.3927 -0.1297 -15.9340
v  -0.3843 -0.1242 -15.9240
v  -0.3945 -0.1116 -15.9340
v  -0.4017 -0.1188 -15.9340
v  -0.3945 -0.1116 -15.9240
v  -0.4071 -0.1014 -15.9340
v  -0.4126 -0.1098 -15.9340
v  -0.4071 -0.1014 -15.9240
v  -0.4212 -0.0941 -15.9340
v  -0.4250 -0.1034 -15.9340
v  -0.4212 -0.0941 -15.9240
v  -0.6358 -0.0886 -15.9340
v  -0.6358 -0.0986 -15.9340
v  -0.6358 -0.0886 -15.9240
v  -0.6789 -0.1014 -15.9340
v  -0.6789 -0.1014 -15.9240
v  -0.6734 -0.1098 -15.9340
v  -0.6915 -0.1116 -15.9340
v  -0.6844 -0.1188 -15.9340
v  -0.6915 -0.1116 -15.9240
v  -0.6502 -0.0899 -15.9340
v  -0.6483 -0.0998 -15.9340
v  -0.6502 -0.0899 -15.9240
v  -0.6648 -0.0941 -15.9340
v  -0.6611 -0.1034 -15.9340
v  -0.6648 -0.0941 -15.9240
v  -0.7146 -0.1673 -15.9340
v  -0.7146 -0.1673 -15.9240
v  -0.7045 -0.1672 -15.9340
v  -0.7124 -0.1855 -15.9340
v  -0.7025 -0.1836 -15.9340
v  -0.7124 -0.1855 -15.9240
v  -0.7133 -0.1530 -15.9340
v  -0.7133 -0.1530 -15.9240
v  -0.7034 -0.1548 -15.9340
v  -0.7090 -0.1383 -15.9340
v  -0.7090 -0.1383 -15.9240
v  -0.6997 -0.1421 -15.9340
v  -0.7017 -0.1242 -15.9340
v  -0.7017 -0.1242 -15.9240
v  -0.6933 -0.1297 -15.9340
v  -0.7078 -0.2026 -15.9340
v  -0.6981 -0.2000 -15.9340
v  -0.7078 -0.2026 -15.9240
v  -0.6845 -0.2710 -15.9340
v  -0.6751 -0.2678 -15.9340
v  -0.6845 -0.2710 -15.9240
v  -0.6540 -0.3381 -15.9340
v  -0.6451 -0.3335 -15.9340
v  -0.6540 -0.3381 -15.9240
v  -0.6162 -0.4029 -15.9340
v  -0.6078 -0.3974 -15.9340
v  -0.6162 -0.4029 -15.9240
v  -0.5716 -0.4640 -15.9340
v  -0.5638 -0.4577 -15.9340
v  -0.5716 -0.4640 -15.9240
v  -0.5200 -0.5212 -15.9340
v  -0.5131 -0.5139 -15.9340
v  -0.5200 -0.5211 -15.9240
v  -0.5059 -0.5329 -15.9340
v  -0.5059 -0.5329 -15.9240
v  -0.5003 -0.5245 -15.9340
v  -0.4918 -0.5402 -15.9340
v  -0.4881 -0.5309 -15.9340
v  -0.4918 -0.5402 -15.9240
v  -0.4071 -0.5227 -15.9340
v  -0.4071 -0.5227 -15.9240
v  -0.4143 -0.5156 -15.9340
v  -0.4197 -0.5329 -15.9340
v  -0.4197 -0.5329 -15.9240
v  -0.4252 -0.5245 -15.9340
v  -0.4338 -0.5402 -15.9340
v  -0.4338 -0.5402 -15.9240
v  -0.4376 -0.5309 -15.9340
v  -0.4485 -0.5444 -15.9340
v  -0.4485 -0.5444 -15.9240
v  -0.4503 -0.5345 -15.9340
v  -0.4628 -0.5457 -15.9340
v  -0.4628 -0.5457 -15.9240
v  -0.4628 -0.5357 -15.9340
v  -0.4771 -0.5444 -15.9340
v  -0.4771 -0.5444 -15.9240
v  -0.4753 -0.5345 -15.9340
v  -0.0945 -0.3961 -15.9340
v  -0.0927 -0.4060 -15.9340
v  -0.0945 -0.3961 -15.9240
v  -0.1359 -0.4179 -15.9340
v  -0.1359 -0.4179 -15.9240
v  -0.1287 -0.4249 -15.9340
v  -0.1233 -0.4077 -15.9340
v  -0.1233 -0.4077 -15.9240
v  -0.1178 -0.4161 -15.9340
v  -0.1092 -0.4004 -15.9340
v  -0.1092 -0.4004 -15.9240
v  -0.1055 -0.4097 -15.9340
v  0.1340 -0.7239 -15.9340
v  0.1340 -0.7239 -15.9240
v  0.1326 -0.7140 -15.9340
v  0.1958 -0.7096 -15.9340
v  0.1941 -0.7024 -15.9340
v  0.1957 -0.7096 -15.9240
v  0.0662 -0.7332 -15.9340
v  0.0662 -0.7332 -15.9240
v  0.0657 -0.7233 -15.9340
v  0.0802 -0.3948 -15.9340
v  0.0802 -0.3948 -15.9240
v  0.0802 -0.4049 -15.9340
v  0.0671 -0.3959 -15.9340
v  0.0679 -0.4059 -15.9340
v  0.0671 -0.3959 -15.9240
v  0.2412 -0.5949 -15.9340
v  0.2412 -0.5949 -15.9240
v  0.2322 -0.5993 -15.9340
v  0.1476 -0.4329 -15.9340
v  0.1393 -0.4385 -15.9340
v  0.1475 -0.4327 -15.9241
v  0.2020 -0.7075 -15.9340
v  0.1981 -0.6983 -15.9340
v  0.2020 -0.7075 -15.9240
v  0.2462 -0.6053 -15.9340
v  0.2462 -0.6053 -15.9240
v  0.2368 -0.6089 -15.9340
v  0.2504 -0.6200 -15.9340
v  0.2504 -0.6200 -15.9240
v  0.2406 -0.6218 -15.9340
v  0.2518 -0.6343 -15.9340
v  0.2518 -0.6343 -15.9240
v  0.2417 -0.6343 -15.9340
v  0.2504 -0.6486 -15.9340
v  0.2504 -0.6486 -15.9240
v  0.2406 -0.6468 -15.9340
v  0.2462 -0.6633 -15.9340
v  0.2462 -0.6633 -15.9240
v  0.2369 -0.6596 -15.9340
v  0.2389 -0.6774 -15.9340
v  0.2389 -0.6774 -15.9240
v  0.2305 -0.6719 -15.9340
v  0.2287 -0.6900 -15.9340
v  0.2287 -0.6900 -15.9240
v  0.2216 -0.6829 -15.9340
v  0.2161 -0.7002 -15.9340
v  0.2161 -0.7002 -15.9240
v  0.2106 -0.6918 -15.9340
v  0.3018 -0.3456 -15.9340
v  0.3018 -0.3456 -15.9240
v  0.3109 -0.3414 -15.9340
v  0.3952 -0.5073 -15.9340
v  0.4035 -0.5017 -15.9340
v  0.3952 -0.5072 -15.9240
v  0.2926 -0.3206 -15.9340
v  0.2926 -0.3206 -15.9240
v  0.3025 -0.3187 -15.9340
v  0.2965 -0.3343 -15.9340
v  0.3059 -0.3308 -15.9340
v  0.2965 -0.3343 -15.9240
v  0.3067 -0.2597 -15.9340
v  0.3066 -0.2598 -15.9241
v  0.3151 -0.2651 -15.9340
v  0.2968 -0.2773 -15.9340
v  0.3061 -0.2811 -15.9340
v  0.2968 -0.2773 -15.9240
v  0.2926 -0.2919 -15.9340
v  0.3025 -0.2938 -15.9340
v  0.2926 -0.2919 -15.9240
v  0.2913 -0.3062 -15.9340
v  0.3013 -0.3062 -15.9340
v  0.2913 -0.3062 -15.9240
v  0.3361 -0.2198 -15.9340
v  0.3362 -0.2198 -15.9240
v  0.3447 -0.2250 -15.9340
v  0.3769 -0.1389 -15.9340
v  0.3769 -0.1389 -15.9240
v  0.3858 -0.1434 -15.9340
v  0.4502 -0.0886 -15.9340
v  0.4502 -0.0886 -15.9240
v  0.4502 -0.0986 -15.9340
v  0.4359 -0.0899 -15.9340
v  0.4378 -0.0998 -15.9340
v  0.4359 -0.0899 -15.9240
v  0.3843 -0.1242 -15.9340
v  0.3843 -0.1242 -15.9240
v  0.3928 -0.1297 -15.9340
v  0.3946 -0.1116 -15.9340
v  0.3946 -0.1116 -15.9240
v  0.4017 -0.1188 -15.9340
v  0.4071 -0.1014 -15.9340
v  0.4071 -0.1014 -15.9240
v  0.4127 -0.1098 -15.9340
v  0.4212 -0.0941 -15.9340
v  0.4212 -0.0941 -15.9240
v  0.4250 -0.1034 -15.9340
v  0.6358 -0.0886 -15.9340
v  0.6358 -0.0886 -15.9240
v  0.6349 -0.0985 -15.9340
v  0.6915 -0.1116 -15.9340
v  0.6915 -0.1116 -15.9240
v  0.6844 -0.1188 -15.9340
v  0.6789 -0.1014 -15.9340
v  0.6734 -0.1098 -15.9340
v  0.6789 -0.1014 -15.9240
v  0.6502 -0.0899 -15.9340
v  0.6502 -0.0899 -15.9240
v  0.6483 -0.0998 -15.9340
v  0.6648 -0.0941 -15.9340
v  0.6648 -0.0941 -15.9240
v  0.6611 -0.1034 -15.9340
v  0.7124 -0.1855 -15.9340
v  0.7124 -0.1855 -15.9240
v  0.7026 -0.1836 -15.9340
v  0.7146 -0.1673 -15.9340
v  0.7045 -0.1672 -15.9340
v  0.7146 -0.1673 -15.9240
v  0.7133 -0.1530 -15.9340
v  0.7034 -0.1548 -15.9340
v  0.7133 -0.1530 -15.9240
v  0.7090 -0.1383 -15.9340
v  0.6997 -0.1421 -15.9340
v  0.7090 -0.1383 -15.9240
v  0.7017 -0.1242 -15.9340
v  0.6933 -0.1297 -15.9340
v  0.7017 -0.1242 -15.9240
v  0.7078 -0.2026 -15.9340
v  0.7078 -0.2026 -15.9240
v  0.6983 -0.1994 -15.9340
v  0.6845 -0.2710 -15.9340
v  0.6845 -0.2710 -15.9240
v  0.6754 -0.2669 -15.9340
v  0.6540 -0.3381 -15.9340
v  0.6540 -0.3381 -15.9240
v  0.6451 -0.3335 -15.9340
v  0.6162 -0.4029 -15.9340
v  0.6162 -0.4029 -15.9240
v  0.6078 -0.3974 -15.9340
v  0.5716 -0.4640 -15.9340
v  0.5716 -0.4640 -15.9240
v  0.5638 -0.4577 -15.9340
v  0.5200 -0.5212 -15.9340
v  0.5200 -0.5211 -15.9240
v  0.5131 -0.5139 -15.9340
v  0.4918 -0.5402 -15.9340
v  0.4918 -0.5402 -15.9240
v  0.4881 -0.5309 -15.9340
v  0.5059 -0.5329 -15.9340
v  0.5003 -0.5245 -15.9340
v  0.5059 -0.5329 -15.9240
v  0.4071 -0.5227 -15.9340
v  0.4143 -0.5156 -15.9340
v  0.4071 -0.5227 -15.9240
v  0.4197 -0.5329 -15.9340
v  0.4252 -0.5245 -15.9340
v  0.4197 -0.5329 -15.9240
v  0.4338 -0.5402 -15.9340
v  0.4376 -0.5309 -15.9340
v  0.4338 -0.5402 -15.9240
v  0.4485 -0.5444 -15.9340
v  0.4504 -0.5345 -15.9340
v  0.4485 -0.5444 -15.9240
v  0.4628 -0.5457 -15.9340
v  0.4628 -0.5357 -15.9340
v  0.4628 -0.5457 -15.9240
v  0.4772 -0.5444 -15.9340
v  0.4753 -0.5345 -15.9340
v  0.4772 -0.5444 -15.9240
v  0.0945 -0.3961 -15.9340
v  0.0945 -0.3961 -15.9240
v  0.0927 -0.4060 -15.9340
v  0.1359 -0.4179 -15.9340
v  0.1287 -0.4249 -15.9340
v  0.1359 -0.4179 -15.9240
v  0.1233 -0.4077 -15.9340
v  0.1178 -0.4161 -15.9340
v  0.1233 -0.4077 -15.9240
v  0.1092 -0.4004 -15.9340
v  0.1055 -0.4097 -15.9340
v  0.1092 -0.4004 -15.9240
# 15575 vertices

o 15847T
g 15847T
s 1
f 1428 835 836 
f 1376 1378 846 819 
f 255 256 260 261 
f 1380 1382 847 832 
f 1384 1386 818 
f 2173 10 786 2174 
f 786 10 581 815 
f 545 12 788 813 
f 788 12 515 812 
f 789 13 207 807 
f 790 14 15 791 
f 791 15 273 810 
f 792 16 17 793 
f 793 17 9 794 
f 794 9 8 795 
f 795 8 7 796 
f 796 7 18 797 
f 798 797 18 19 
f 799 798 19 20 
f 800 799 20 21 
f 801 800 21 22 
f 816 801 22 744 
f 817 802 23 765 
f 865 803 24 849 
f 809 804 5 231 
f 1388 1390 713 25 
f 1392 1394 681 26 
f 1396 1398 672 257 
f 1400 1402 332 
f 1404 1406 833 822 
f 840 824 1408 1410 
f 841 824 128 525 
f 603 29 718 743 
f 603 28 1698 711 
f 742 581 10 718 
f 559 11 719 741 
f 710 582 29 682 
f 560 33 683 709 
f 604 30 1691 649 
f 648 583 35 620 
f 680 605 1642 1687 
f 679 584 37 651 
f 568 36 621 647 
f 607 606 1686 1685 
f 586 585 41 43 
f 47 45 611 610 
f 413 47 610 617 
f 352 48 613 615 
f 474 311 614 616 
f 591 586 43 211 
f 563 562 42 44 
f 570 563 44 212 
f 548 538 50 213 
f 590 587 45 47 
f 414 55 590 599 
f 569 564 49 55 
f 415 57 569 577 
f 540 539 52 57 
f 555 540 57 415 
f 344 60 549 551 
f 1683 31 608 618 
f 828 61 608 845 
f 436 63 588 600 
f 393 65 566 576 
f 827 65 589 844 
f 826 66 566 843 
f 343 59 571 573 
f 454 63 565 579 
f 484 69 541 558 
f 394 66 543 554 
f 825 71 543 842 
f 515 12 720 739 
f 207 13 721 736 
f 15 14 722 723 
f 273 15 723 737 
f 17 16 724 725 
f 9 17 725 715 
f 77 76 685 686 
f 8 9 715 726 
f 78 77 686 687 
f 727 726 78 133 
f 133 78 687 693 
f 516 34 684 707 
f 208 72 688 697 
f 74 73 689 690 
f 274 74 690 705 
f 76 75 691 685 
f 517 39 622 645 
f 500 80 623 644 
f 493 86 653 675 
f 209 79 624 638 
f 82 81 625 626 
f 275 82 626 643 
f 84 83 627 628 
f 669 652 233 234 
f 91 90 654 655 
f 276 91 655 674 
f 93 92 656 657 
f 85 84 628 629 
f 96 93 657 668 
f 527 519 88 232 
f 658 51 544 677 
f 650 42 562 678 
f 538 544 51 50 
f 526 519 54 214 
f 494 88 215 503 
f 94 89 216 217 
f 95 94 217 218 
f 100 95 218 219 
f 277 100 219 279 
f 283 106 107 109 
f 110 101 220 221 
f 111 110 221 222 
f 521 520 53 58 
f 495 98 112 496 
f 533 521 58 416 
f 496 112 417 511 
f 116 102 99 114 
f 117 103 102 116 
f 116 114 418 419 
f 117 116 419 420 
f 108 104 103 117 
f 108 117 420 421 
f 430 431 284 285 
f 529 522 60 344 
f 497 113 345 507 
f 359 356 264 267 
f 269 122 476 489 
f 446 124 523 534 
f 475 264 505 514 
f 486 125 524 536 
f 120 119 347 337 
f 498 124 446 512 
f 265 126 447 437 
f 441 451 307 306 
f 133 132 728 727 
f 132 133 693 692 
f 21 20 716 729 
f 22 21 729 730 
f 744 22 730 764 
f 765 23 731 785 
f 849 24 732 864 
f 239 139 694 692 
f 239 140 631 639 
f 142 135 716 733 
f 733 728 132 142 
f 698 694 139 143 
f 134 135 698 699 
f 144 143 635 632 
f 136 134 699 700 
f 745 136 700 763 
f 850 138 702 863 
f 766 137 701 784 
f 862 660 251 855 
f 767 146 633 782 
f 768 150 662 783 
f 769 154 155 770 
f 770 155 224 777 
f 852 152 157 853 
f 771 156 158 772 
f 772 158 424 781 
f 854 423 334 860 
f 4 6 703 704 
f 681 25 4 704 
f 141 85 629 634 
f 140 141 634 631 
f 240 162 664 670 
f 143 139 630 635 
f 164 163 663 666 
f 665 667 168 165 
f 665 666 167 166 
f 636 632 165 168 
f 747 150 633 761 
f 747 168 667 762 
f 160 147 641 642 
f 619 26 160 642 
f 245 171 111 246 
f 246 111 222 248 
f 289 174 175 242 
f 162 161 671 664 
f 241 172 225 244 
f 243 170 172 241 
f 178 167 177 176 
f 178 176 226 227 
f 180 166 167 178 
f 180 178 227 228 
f 263 182 184 181 
f 185 180 228 229 
f 185 169 166 180 
f 183 179 175 174 
f 272 192 365 367 
f 433 434 292 291 
f 340 350 286 285 
f 183 174 425 426 
f 748 188 320 757 
f 758 382 189 752 
f 188 191 335 320 
f 749 182 427 760 
f 427 428 191 188 
f 191 187 336 335 
f 364 192 487 380 
f 190 364 380 477 
f 478 487 192 272 
f 411 412 299 300 
f 194 196 438 450 
f 193 194 450 401 
f 401 402 468 193 
f 750 468 402 759 
f 198 197 820 829 
f 199 198 829 819 
f 753 169 185 754 
f 754 185 229 756 
f 755 184 182 749 
f 773 159 319 778 
f 774 189 382 779 
f 775 195 403 780 
f 805 201 501 811 
f 734 202 502 738 
f 695 80 500 706 
f 806 1944 1943 814 
f 735 204 546 740 
f 696 205 537 708 
f 637 206 547 646 
f 807 207 14 790 
f 722 736 208 73 
f 689 697 209 81 
f 625 638 210 90 
f 654 669 234 235 
f 612 611 45 211 
f 587 591 211 45 
f 564 570 212 49 
f 539 548 213 52 
f 520 526 214 53 
f 503 215 98 495 
f 217 216 99 102 
f 218 217 102 103 
f 219 218 103 104 
f 279 219 104 278 
f 221 220 105 109 
f 222 221 109 107 
f 777 224 156 771 
f 248 222 107 247 
f 244 225 173 242 
f 227 226 175 179 
f 228 227 179 181 
f 229 228 181 184 
f 756 229 184 755 
f 607 612 211 43 
f 717 4 25 713 
f 808 230 1412 1414 
f 231 230 808 809 
f 231 5 712 717 
f 504 232 88 494 
f 234 233 89 94 
f 235 234 94 95 
f 236 235 95 100 
f 280 236 100 277 
f 238 237 101 110 
f 527 232 653 676 
f 171 238 110 111 
f 630 639 240 163 
f 663 670 243 177 
f 176 241 244 226 
f 177 243 241 176 
f 226 244 242 175 
f 170 245 246 172 
f 172 246 248 225 
f 225 248 247 173 
f 668 671 161 96 
f 830 822 249 266 
f 1416 1418 619 250 
f 855 251 641 861 
f 261 260 259 258 
f 254 262 673 660 
f 254 255 261 262 
f 253 260 256 3 
f 673 262 257 672 
f 262 261 258 257 
f 260 253 259 
f 856 223 152 852 
f 857 151 223 856 
f 858 153 151 857 
f 3 27 1402 253 
f 257 258 1420 1396 
f 258 259 1420 
f 259 1402 1420 
f 183 263 181 179 
f 426 428 263 183 
f 595 592 48 352 
f 267 264 475 488 
f 357 359 267 122 
f 398 404 266 249 
f 823 830 266 129 
f 467 460 265 127 
f 1424 820 831 1422 
f 848 859 473 435 
f 1406 1426 838 839 
f 463 470 305 306 
f 448 439 270 127 
f 342 351 290 291 
f 481 492 295 294 
f 810 273 16 792 
f 737 274 75 724 
f 691 705 275 83 
f 627 643 276 92 
f 656 674 280 237 
f 101 277 279 220 
f 220 279 278 105 
f 237 280 277 101 
f 1422 831 834 
f 1422 834 835 1428 
f 821 836 299 130 
f 422 429 286 121 
f 429 430 285 286 
f 421 431 281 108 
f 439 440 305 270 
f 440 441 306 305 
f 399 409 310 130 
f 425 432 290 186 
f 432 433 291 290 
f 422 434 287 106 
f 337 339 284 120 
f 339 340 285 284 
f 358 360 304 123 
f 405 410 301 268 
f 410 411 300 301 
f 449 442 296 131 
f 1430 821 837 1426 
f 1426 837 838 
f 833 839 308 271 
f 457 462 307 131 
f 462 463 306 307 
f 489 479 302 269 
f 348 341 292 121 
f 341 342 291 292 
f 367 361 295 272 
f 485 480 293 123 
f 480 481 294 293 
f 469 464 298 196 
f 281 282 105 278 
f 282 283 109 105 
f 108 281 278 104 
f 106 287 247 107 
f 287 288 173 247 
f 288 289 242 173 
f 602 593 311 474 
f 1402 27 332 
f 614 615 1713 1711 
f 552 550 312 353 
f 574 572 313 363 
f 530 528 314 354 
f 506 315 355 508 
f 316 322 349 346 
f 323 317 357 366 
f 324 321 336 338 
f 327 326 369 360 
f 757 320 190 752 
f 320 335 364 190 
f 335 321 365 364 
f 778 319 189 774 
f 596 594 331 362 
f 322 317 347 349 
f 330 329 371 361 
f 325 323 366 368 
f 326 325 368 369 
f 327 318 348 350 
f 328 318 358 370 
f 329 328 370 371 
f 330 324 338 351 
f 550 551 343 312 
f 572 573 333 313 
f 528 529 344 314 
f 507 345 315 506 
f 337 347 317 323 
f 350 340 326 327 
f 336 321 335 
f 594 595 352 331 
f 351 342 329 330 
f 339 337 323 325 
f 340 339 325 326 
f 341 348 318 328 
f 342 341 328 329 
f 346 349 118 115 
f 338 336 187 186 
f 349 347 119 118 
f 350 348 121 286 
f 351 338 186 290 
f 356 359 322 316 
f 367 365 321 324 
f 359 357 317 322 
f 360 358 318 327 
f 361 367 324 330 
f 541 552 353 68 
f 567 574 363 67 
f 524 530 354 69 
f 508 355 125 505 
f 366 357 122 269 
f 360 369 303 304 
f 365 192 364 
f 593 596 362 311 
f 361 371 294 295 
f 368 366 269 302 
f 369 368 302 303 
f 370 358 123 293 
f 371 370 293 294 
f 609 616 1709 1706 
f 580 575 374 483 
f 557 553 374 455 
f 384 377 467 461 
f 509 379 458 513 
f 531 375 456 535 
f 758 477 468 750 
f 380 381 459 193 
f 477 380 193 468 
f 381 385 469 459 
f 779 382 195 775 
f 383 376 466 460 
f 383 377 476 488 
f 388 387 491 479 
f 391 390 472 464 
f 386 378 485 490 
f 387 386 490 491 
f 388 384 461 470 
f 389 378 457 471 
f 390 389 471 472 
f 391 385 478 492 
f 601 597 372 465 
f 392 443 618 
f 589 598 392 61 
f 578 576 394 444 
f 556 554 395 445 
f 532 395 71 525 
f 510 396 128 499 
f 404 397 129 266 
f 409 408 309 310 
f 412 411 453 442 
f 400 405 268 197 
f 401 400 197 198 
f 402 401 198 199 
f 759 402 199 751 
f 780 403 200 776 
f 404 398 448 437 
f 406 398 249 271 
f 407 406 271 308 
f 408 407 308 309 
f 409 399 449 451 
f 410 405 438 452 
f 411 410 452 453 
f 412 399 130 299 
f 613 617 1718 32 
f 592 599 413 48 
f 571 577 414 56 
f 549 555 415 59 
f 522 533 416 60 
f 511 417 113 497 
f 419 418 115 118 
f 420 419 118 119 
f 421 420 119 120 
f 431 430 282 281 
f 781 424 159 773 
f 434 433 288 287 
f 426 425 186 187 
f 760 427 188 748 
f 428 427 182 263 
f 428 426 187 191 
f 429 422 106 283 
f 430 429 283 282 
f 431 421 120 284 
f 432 425 174 289 
f 433 432 289 288 
f 434 422 121 292 
f 598 600 443 392 
f 534 445 395 532 
f 512 446 396 510 
f 437 447 397 404 
f 451 441 408 409 
f 450 438 405 400 
f 450 400 401 
f 439 448 398 406 
f 440 439 406 407 
f 441 440 407 408 
f 442 449 399 412 
f 609 618 443 62 
f 565 578 444 64 
f 542 556 445 70 
f 442 453 297 296 
f 437 448 127 265 
f 451 449 131 307 
f 452 438 196 298 
f 453 452 298 297 
f 27 853 854 
f 575 579 455 374 
f 460 467 377 383 
f 470 463 387 388 
f 462 457 378 386 
f 463 462 386 387 
f 464 469 385 391 
f 542 557 455 64 
f 461 467 127 270 
f 513 458 124 498 
f 535 456 70 523 
f 459 194 193 
f 459 469 196 194 
f 460 466 126 265 
f 464 472 297 298 
f 470 461 270 305 
f 471 457 131 296 
f 472 471 296 297 
f 588 601 465 62 
f 553 558 483 374 
f 489 476 377 384 
f 514 486 379 509 
f 536 484 375 531 
f 487 381 380 
f 487 478 385 381 
f 488 475 376 383 
f 492 481 390 391 
f 479 489 384 388 
f 480 485 378 389 
f 481 480 389 390 
f 597 602 474 372 
f 567 580 483 68 
f 488 476 122 267 
f 479 491 303 302 
f 490 485 123 304 
f 491 490 304 303 
f 492 478 272 295 
f 332 860 859 1400 
f 823 840 1410 1432 
f 624 644 493 87 
f 652 675 504 233 
f 89 494 503 216 
f 99 495 496 114 
f 114 496 511 418 
f 115 497 507 346 
f 514 505 125 486 
f 498 512 447 126 
f 811 501 13 789 
f 738 502 72 721 
f 706 500 79 688 
f 216 503 495 99 
f 233 504 494 89 
f 506 508 356 316 
f 507 506 316 346 
f 508 505 264 356 
f 509 513 466 376 
f 510 499 129 397 
f 418 511 497 115 
f 512 510 397 447 
f 513 498 126 466 
f 514 509 376 475 
f 812 515 201 805 
f 841 525 71 825 
f 739 516 202 734 
f 707 517 80 695 
f 645 518 86 623 
f 519 527 97 54 
f 519 526 215 88 
f 520 521 112 98 
f 521 533 417 112 
f 522 529 345 113 
f 534 523 70 445 
f 536 524 69 484 
f 526 520 98 215 
f 676 518 40 659 
f 528 530 355 315 
f 529 528 315 345 
f 530 524 125 355 
f 531 535 458 379 
f 532 525 128 396 
f 533 522 113 417 
f 534 532 396 446 
f 535 523 124 458 
f 536 531 379 486 
f 813 5412 1944 806 
f 538 548 214 54 
f 539 540 58 53 
f 540 555 416 58 
f 551 549 59 343 
f 558 541 68 483 
f 554 543 71 395 
f 842 543 66 826 
f 677 544 97 659 
f 544 538 54 97 
f 740 546 34 720 
f 708 537 39 684 
f 646 547 40 622 
f 548 539 53 214 
f 550 552 354 314 
f 551 550 314 344 
f 552 541 69 354 
f 553 557 456 375 
f 554 556 444 394 
f 555 549 60 416 
f 556 542 64 444 
f 557 542 70 456 
f 558 553 375 484 
f 741 560 204 735 
f 709 568 205 696 
f 647 561 206 637 
f 562 563 50 51 
f 563 570 213 50 
f 564 569 57 52 
f 577 569 55 414 
f 576 566 66 394 
f 843 566 65 827 
f 573 571 56 333 
f 579 565 64 455 
f 678 562 51 658 
f 814 1943 5414 787 
f 570 564 52 213 
f 572 574 353 312 
f 573 572 312 343 
f 574 567 68 353 
f 575 580 482 373 
f 576 578 436 393 
f 577 571 59 415 
f 578 565 63 436 
f 579 575 373 454 
f 580 567 67 482 
f 815 581 11 787 
f 742 582 33 719 
f 710 583 36 683 
f 648 584 38 621 
f 679 585 42 650 
f 585 586 44 42 
f 586 591 212 44 
f 587 590 55 49 
f 599 590 47 413 
f 600 588 62 443 
f 844 589 61 828 
f 591 587 49 212 
f 592 595 333 56 
f 593 602 482 67 
f 594 596 363 313 
f 595 594 313 333 
f 596 593 67 363 
f 597 601 454 373 
f 598 589 65 393 
f 599 592 56 414 
f 600 598 393 436 
f 601 588 63 454 
f 602 597 373 482 
f 714 743 2173 2176 
f 711 604 35 682 
f 649 605 37 620 
f 680 606 41 651 
f 606 607 43 41 
f 610 611 46 1721 
f 617 610 1721 1718 
f 615 613 32 1713 
f 616 614 1711 1709 
f 618 608 61 392 
f 845 608 31 1798 
f 611 612 1684 46 
f 612 607 1685 1684 
f 615 614 362 331 
f 615 331 352 
f 614 311 362 
f 616 609 465 372 
f 617 613 48 413 
f 618 609 1706 1683 
f 609 62 465 
f 616 372 474 
f 649 1691 1642 605 
f 584 648 620 37 
f 647 621 38 561 
f 645 622 40 518 
f 644 623 86 493 
f 638 624 87 210 
f 626 625 90 91 
f 643 626 91 276 
f 628 627 92 93 
f 629 628 93 96 
f 639 631 162 240 
f 632 635 164 165 
f 782 633 150 768 
f 634 629 96 161 
f 631 634 161 162 
f 635 630 163 164 
f 632 636 145 144 
f 761 633 146 746 
f 642 641 251 252 
f 250 619 642 252 
f 637 646 537 205 
f 638 625 81 209 
f 639 630 139 239 
f 1418 1392 26 619 
f 861 641 147 851 
f 643 627 83 275 
f 644 624 79 500 
f 645 623 80 517 
f 646 622 39 537 
f 647 637 205 568 
f 583 648 621 36 
f 604 649 620 35 
f 1398 1416 250 672 
f 606 680 1687 1686 
f 585 679 651 41 
f 675 653 232 504 
f 652 669 210 87 
f 655 654 235 236 
f 674 655 236 280 
f 657 656 237 238 
f 668 657 238 171 
f 206 658 677 547 
f 38 650 678 561 
f 862 661 153 858 
f 783 662 154 769 
f 670 664 170 243 
f 666 663 177 167 
f 667 665 166 169 
f 666 665 165 164 
f 762 667 169 753 
f 664 671 245 170 
f 669 654 90 210 
f 676 653 86 518 
f 670 663 163 240 
f 671 668 171 245 
f 660 673 252 251 
f 252 673 672 250 
f 674 656 92 276 
f 675 652 87 493 
f 527 676 659 97 
f 677 659 40 547 
f 678 658 206 561 
f 584 679 650 38 
f 605 680 651 37 
f 1394 1388 25 681 
f 711 1698 30 604 
f 583 710 682 35 
f 709 683 36 568 
f 686 685 84 85 
f 687 686 85 141 
f 693 687 141 140 
f 707 684 39 517 
f 697 688 79 209 
f 690 689 81 82 
f 705 690 82 275 
f 685 691 83 84 
f 692 693 140 239 
f 692 694 142 132 
f 694 698 135 142 
f 699 698 143 144 
f 700 699 144 145 
f 763 700 145 746 
f 863 702 148 851 
f 784 701 146 767 
f 704 703 147 160 
f 26 681 704 160 
f 695 706 502 202 
f 696 708 546 204 
f 697 689 73 208 
f 705 691 75 274 
f 706 688 72 502 
f 707 695 202 516 
f 708 684 34 546 
f 709 696 204 560 
f 582 710 683 33 
f 711 682 29 603 
f 230 713 1390 1412 
f 743 718 10 2173 
f 582 742 718 29 
f 560 741 719 33 
f 739 720 34 516 
f 736 721 72 208 
f 723 722 73 74 
f 737 723 74 274 
f 725 724 75 76 
f 715 725 76 77 
f 726 715 77 78 
f 726 727 7 8 
f 727 728 18 7 
f 729 716 135 134 
f 730 729 134 136 
f 764 730 136 745 
f 785 731 137 766 
f 864 732 138 850 
f 733 716 20 19 
f 728 733 19 18 
f 734 738 501 201 
f 735 740 545 203 
f 736 722 14 207 
f 717 713 230 231 
f 717 712 6 4 
f 737 724 16 273 
f 738 721 13 501 
f 739 734 201 515 
f 740 720 12 545 
f 741 735 203 559 
f 581 742 719 11 
f 743 714 28 603 
f 1378 1380 832 846 
f 802 816 744 23 
f 23 744 764 731 
f 137 745 763 701 
f 168 747 761 636 
f 150 747 762 662 
f 159 748 757 319 
f 477 758 752 190 
f 158 749 760 424 
f 195 750 759 403 
f 154 753 754 155 
f 155 754 756 224 
f 156 755 749 158 
f 224 756 755 156 
f 319 757 752 189 
f 382 758 750 195 
f 403 759 751 200 
f 424 760 748 159 
f 636 761 746 145 
f 662 762 753 154 
f 701 763 746 146 
f 731 764 745 137 
f 1384 818 847 1382 
f 803 817 765 24 
f 24 765 785 732 
f 138 766 784 702 
f 148 767 782 640 
f 149 768 783 661 
f 153 769 770 151 
f 151 770 777 223 
f 152 771 772 157 
f 157 772 781 423 
f 423 773 778 334 
f 334 774 779 473 
f 473 775 780 435 
f 223 777 771 152 
f 774 334 778 
f 775 473 779 
f 776 435 780 
f 773 423 781 
f 640 782 768 149 
f 661 783 769 153 
f 702 784 767 148 
f 732 785 766 138 
f 253 1402 259 
f 2174 786 5434 2178 
f 786 815 1945 5434 
f 813 788 5435 5412 
f 788 812 5436 5435 
f 789 807 5437 1 
f 790 791 1946 1280 
f 791 810 1947 1946 
f 792 793 5438 5439 
f 793 794 5440 5438 
f 794 795 2 5440 
f 795 796 5441 2 
f 796 797 1948 5441 
f 797 798 1949 1948 
f 798 799 1950 1949 
f 799 800 5442 1950 
f 800 801 1951 5442 
f 801 816 5443 1951 
f 802 817 5444 1952 
f 865 804 1953 5445 
f 804 809 1281 1953 
f 805 811 5446 1282 
f 806 814 559 203 
f 807 790 1280 5437 
f 5447 808 1414 1954 
f 809 808 5447 1281 
f 810 792 5439 1947 
f 811 789 1 5446 
f 812 805 1282 5436 
f 813 806 203 545 
f 814 787 11 559 
f 815 787 5414 1945 
f 816 802 1952 5443 
f 817 803 5448 5444 
f 835 300 299 836 
f 819 846 751 199 
f 832 847 776 200 
f 822 833 271 249 
f 824 840 499 128 
f 1408 824 841 1435 
f 845 1439 1441 828 
f 844 1443 1445 827 
f 843 1447 1449 826 
f 842 1451 1453 825 
f 1424 1455 829 820 
f 1455 1376 819 829 
f 1457 1404 822 830 
f 1457 830 823 1432 
f 831 820 197 268 
f 839 838 309 308 
f 831 268 301 834 
f 835 834 301 300 
f 1430 1428 836 821 
f 310 837 821 130 
f 837 310 309 838 
f 833 1406 839 
f 840 823 129 499 
f 1435 841 825 1453 
f 826 1449 1451 842 
f 827 1445 1447 843 
f 828 1441 1443 844 
f 1798 1437 1439 845 
f 846 832 200 751 
f 847 818 435 776 
f 848 435 818 1386 
f 865 849 5 804 
f 5 849 864 712 
f 6 850 863 703 
f 661 862 855 149 
f 3 852 853 27 
f 27 854 860 332 
f 149 855 861 640 
f 256 856 852 3 
f 255 857 856 256 
f 254 858 857 255 
f 848 1400 859 
f 853 157 423 854 
f 473 859 860 334 
f 640 861 851 148 
f 660 862 858 254 
f 703 863 851 147 
f 712 864 850 6 
f 865 5445 5448 803 
f 1386 1400 848 
f 1942 1939 1520 1703 
f 1915 1458 4446 4442 
f 4092 4094 1491 1492 
f 1489 4098 4100 1488 
f 1469 4104 4106 1468 
f 1516 4452 4448 1916 
f 4454 1518 1914 4458 
f 4460 1517 1518 4454 
f 1517 4460 4452 1516 
f 4110 4112 1473 1474 
f 4116 4118 1480 1481 
f 1917 4467 4463 1515 
f 4473 4469 1460 1461 
f 1886 4122 4124 1483 
f 4124 4127 1482 1483 
f 4127 4116 1481 1482 
f 1479 4131 4133 1888 
f 1480 4118 4131 1479 
f 981 980 1919 1921 
f 983 984 1920 1918 
f 984 983 986 987 
f 986 989 990 987 
f 989 1922 1924 990 
f 1925 1923 992 993 
f 1088 1085 1086 1087 
f 1076 1071 1072 1075 
f 999 1890 1892 998 
f 998 1001 1002 999 
f 1001 1004 1005 1002 
f 1004 1007 1008 1005 
f 1008 1007 1010 1011 
f 1894 1896 1011 1010 
f 1897 1895 1031 1032 
f 1231 1062 1063 1230 
f 1208 1209 1210 1207 
f 1080 1808 1522 1524 
f 1620 1739 1204 1526 
f 1484 4137 4139 1887 
f 1017 1016 1893 1891 
f 4143 4145 1476 1477 
f 1019 1025 1026 1020 
f 920 921 1528 1530 
f 1534 888 887 1532 
f 1225 915 1536 1538 
f 1487 4149 4151 1486 
f 1022 1028 1029 1023 
f 894 893 1540 1542 
f 4145 4154 1475 1476 
f 1263 1260 1261 1262 
f 1250 1251 1544 1546 
f 1486 4151 4157 1485 
f 1028 1037 1038 1029 
f 895 894 1542 1548 
f 889 890 1284 1286 
f 1031 1034 1035 1032 
f 4161 4163 1478 1889 
f 1288 896 889 1286 
f 4163 4143 1477 1478 
f 1034 1019 1020 1035 
f 1532 887 890 1550 
f 1485 4157 4137 1484 
f 1037 1016 1017 1038 
f 892 895 1548 1552 
f 1290 1292 887 888 
f 1251 1250 1294 1296 
f 1550 890 889 1554 
f 1292 1284 890 887 
f 1556 896 1564 
f 1265 1264 1298 1300 
f 921 920 1302 1304 
f 894 1306 1308 893 
f 895 1310 1306 894 
f 1552 1911 896 892 
f 892 1312 1310 895 
f 889 896 1913 1554 
f 1288 1314 896 
f 1314 1316 896 
f 1316 1312 892 896 
f 1566 1941 1942 1702 
f 1942 1568 1938 
f 1942 1940 1570 
f 1942 1570 1572 
f 1942 1572 1568 
f 1217 913 1318 1320 
f 923 922 976 977 
f 1256 1257 1254 1255 
f 1228 953 954 1227 
f 4479 4475 1513 1514 
f 1104 1101 1102 1103 
f 1091 1092 1574 1576 
f 1098 1095 1096 1097 
f 4167 4169 1510 1511 
f 1092 1091 1322 1324 
f 1120 1117 1118 1119 
f 1107 1108 1578 1580 
f 1114 1111 1112 1113 
f 4485 4481 1507 1508 
f 1108 1107 1326 1328 
f 1136 1133 1134 1135 
f 1123 1124 1582 1584 
f 1130 1127 1128 1129 
f 4488 4212 1504 1505 
f 1124 1123 1330 1332 
f 1152 1149 1150 1151 
f 1139 1140 1586 1588 
f 1146 1143 1144 1145 
f 4173 4175 1501 1502 
f 1140 1139 1334 1336 
f 1163 1168 1161 1162 
f 1164 1155 1590 1592 
f 1159 1166 1157 1158 
f 4179 4181 1498 1499 
f 1155 1164 1338 1340 
f 1182 1056 1057 1173 
f 1189 1190 1594 1596 
f 1179 947 948 1170 
f 4185 4187 1493 1494 
f 1171 908 1342 1344 
f 1279 1276 1277 1278 
f 1264 1265 1598 1600 
f 1273 1270 1271 1272 
f 1465 4191 4193 1464 
f 1467 4197 4199 1466 
f 4203 4205 1470 1471 
f 1059 5828 5829 1060 
f 1223 1059 1060 1222 
f 1247 1244 1245 1246 
f 5837 913 1602 1955 
f 1217 914 1604 1606 
f 1608 1610 1234 1235 
f 1235 1234 1346 1348 
f 1225 914 1350 1352 
f 1956 1318 913 5837 
f 1220 950 951 1219 
f 1240 1241 1238 1239 
f 4494 4490 1463 1957 
f 4497 4473 1461 1462 
f 1460 4469 4499 1459 
f 1215 980 981 1214 
f 1210 1209 1068 1069 
f 1200 1201 5870 5871 
f 1211 917 1612 1614 
f 1612 917 1739 1620 
f 5876 5877 1616 1759 
f 969 927 926 968 
f 966 961 959 962 
f 964 979 966 962 
f 967 970 971 968 
f 970 979 964 971 
f 1488 4100 4149 1487 
f 4209 4098 1489 1490 
f 1071 1022 1023 1072 
f 1074 997 996 1075 
f 893 920 1530 1540 
f 1618 1528 921 891 
f 1354 891 921 1304 
f 1308 1302 920 893 
f 974 973 925 926 
f 977 976 973 974 
f 978 1379 1377 924 
f 924 923 977 978 
f 1353 1303 976 922 
f 1253 1252 1397 1395 
f 1255 1254 1252 1253 
f 1257 1256 1295 1293 
f 1389 1387 1226 955 
f 1227 954 955 1226 
f 1351 1228 958 1355 
f 1094 1093 1442 1440 
f 1095 1093 1094 1096 
f 1097 1323 1321 1098 
f 1110 1109 1448 1446 
f 1111 1109 1110 1112 
f 1113 1327 1325 1114 
f 1126 1125 1434 1452 
f 1127 1125 1126 1128 
f 1129 1331 1329 1130 
f 1142 1141 1431 1409 
f 1143 1141 1142 1144 
f 1145 1335 1333 1146 
f 1156 1165 1405 1403 
f 1166 1165 1156 1157 
f 1158 1339 1337 1159 
f 1421 1169 949 1423 
f 1170 948 949 1169 
f 1177 1357 1359 1178 
f 1268 1375 1454 1269 
f 1270 1268 1269 1271 
f 1273 1272 1299 1297 
f 1958 5967 950 1317 
f 1411 1218 952 1413 
f 1219 951 952 1218 
f 1319 1220 953 1349 
f 1347 1345 1237 1236 
f 1239 1238 1236 1237 
f 1391 1417 1241 1240 
f 1307 1305 967 925 
f 968 926 925 967 
f 1385 1383 927 969 
f 1395 1419 960 1253 
f 1419 1401 963 960 
f 962 959 960 963 
f 1291 1289 961 966 
f 966 1283 1291 
f 963 1401 965 
f 965 964 962 963 
f 979 1287 1285 966 
f 966 1285 1283 
f 1399 1385 969 972 
f 968 971 972 969 
f 1305 1309 970 967 
f 970 1309 1311 
f 965 1401 1399 972 
f 972 971 964 965 
f 1311 1315 979 970 
f 927 1383 1381 975 
f 975 974 926 927 
f 1301 1307 925 973 
f 975 1381 1379 978 
f 978 977 974 975 
f 1303 1301 973 976 
f 979 1313 1287 
f 979 1315 1313 
f 1565 982 1927 1929 
f 982 981 1921 1927 
f 1931 1919 980 866 
f 985 1569 1928 1926 
f 984 985 1926 1920 
f 1918 1930 870 983 
f 988 1571 1569 985 
f 985 984 987 988 
f 986 983 870 871 
f 1567 1571 988 991 
f 987 990 991 988 
f 989 986 871 872 
f 991 1932 1934 1567 
f 990 1924 1932 991 
f 872 1936 1922 989 
f 1935 1933 994 1519 
f 1933 1925 993 994 
f 867 992 1923 1937 
f 1084 1083 1523 1521 
f 1085 1083 1084 1086 
f 1087 1078 1079 1088 
f 1527 1074 1073 1529 
f 1075 1072 1073 1074 
f 1071 1076 918 919 
f 1557 1898 1900 1000 
f 1000 1900 1890 999 
f 998 1892 1902 877 
f 1559 1557 1000 1003 
f 999 1002 1003 1000 
f 1001 998 877 876 
f 1561 1559 1003 1006 
f 1002 1005 1006 1003 
f 1004 1001 876 875 
f 1563 1561 1006 1009 
f 1005 1008 1009 1006 
f 1007 1004 875 874 
f 1012 1555 1563 1009 
f 1009 1008 1011 1012 
f 873 1010 1007 874 
f 1904 1906 1555 1012 
f 1896 1904 1012 1011 
f 1010 873 1908 1894 
f 1907 1905 1033 1553 
f 1905 1897 1032 1033 
f 883 1031 1895 1909 
f 1537 1229 1064 1603 
f 1230 1063 1064 1229 
f 1231 1067 910 1224 
f 1619 1525 1206 1205 
f 1206 1207 1210 1205 
f 1203 1209 1208 1202 
f 1551 1018 1901 1899 
f 1018 1017 1891 1901 
f 1903 1893 1016 878 
f 1531 1021 1027 1533 
f 1020 1026 1027 1021 
f 1025 1019 879 881 
f 1539 1024 1030 1541 
f 1023 1029 1030 1024 
f 1028 1022 880 882 
f 1259 1258 1545 1543 
f 1260 1258 1259 1261 
f 1262 1248 1249 1263 
f 1541 1030 1039 1547 
f 1029 1038 1039 1030 
f 1037 1028 882 885 
f 1553 1033 1036 1549 
f 1032 1035 1036 1033 
f 1034 1031 883 884 
f 1549 1036 1021 1531 
f 1035 1020 1021 1036 
f 1019 1034 884 879 
f 1547 1039 1018 1551 
f 1038 1017 1018 1039 
f 1016 1037 885 878 
f 1100 1099 1575 1573 
f 1101 1099 1100 1102 
f 1103 1089 1090 1104 
f 1116 1115 1579 1577 
f 1117 1115 1116 1118 
f 1119 1105 1106 1120 
f 1132 1131 1583 1581 
f 1133 1131 1132 1134 
f 1135 1121 1122 1136 
f 1148 1147 1587 1585 
f 1149 1147 1148 1150 
f 1151 1137 1138 1152 
f 1160 1167 1591 1589 
f 1168 1167 1160 1161 
f 1162 1153 1154 1163 
f 1623 1172 1058 1621 
f 1173 1057 1058 1172 
f 1180 1174 1175 1181 
f 1275 1274 1599 1597 
f 1276 1274 1275 1277 
f 1278 1266 1267 1279 
f 1601 1061 1077 6158 
f 1060 5829 1077 1061 
f 5828 1059 912 6160 
f 1605 1221 1061 1601 
f 1222 1060 1061 1221 
f 1223 1062 911 1216 
f 1242 1232 1233 1243 
f 1244 1242 1243 1245 
f 1247 1246 1609 1607 
f 1613 1213 982 1565 
f 1214 981 982 1213 
f 1215 1068 916 1212 
f 1205 1070 1611 1619 
f 1205 1210 1069 1070 
f 916 1068 1209 1203 
f 1198 1199 6179 1959 
f 1199 1200 5871 6179 
f 1201 1615 6181 5870 
f 1529 1073 1024 1539 
f 1072 1023 1024 1073 
f 1022 1071 919 880 
f 1076 995 869 918 
f 1075 996 995 1076 
f 1617 997 1074 1527 
f 5967 6185 951 950 
f 952 6186 1433 1413 
f 6185 6186 952 951 
f 1087 1086 993 992 
f 1085 1088 1040 1041 
f 898 1080 1524 1626 
f 1520 1522 1808 1703 
f 1081 1082 931 932 
f 4463 4479 1514 1515 
f 1513 4475 4502 1512 
f 1362 1849 1080 898 
f 1438 1436 1785 933 
f 1785 1081 932 933 
f 1082 1848 1361 931 
f 994 1084 1521 1519 
f 1625 1523 1083 1042 
f 1086 1084 994 993 
f 1083 1085 1041 1042 
f 1088 1079 897 1040 
f 1078 1087 992 867 
f 1103 1102 1041 1040 
f 1101 1104 1043 1044 
f 900 1091 1576 1628 
f 1626 1574 1092 898 
f 1097 1096 932 931 
f 1095 1098 934 935 
f 4502 4167 1511 1512 
f 1510 4169 4505 1509 
f 898 1092 1324 1362 
f 1364 1322 1091 900 
f 933 1094 1440 1438 
f 1444 1442 1093 936 
f 1096 1094 933 932 
f 1093 1095 935 936 
f 1098 1321 1363 934 
f 931 1361 1323 1097 
f 1042 1100 1573 1625 
f 1627 1575 1099 1045 
f 1102 1100 1042 1041 
f 1099 1101 1044 1045 
f 1104 1090 899 1043 
f 1089 1103 1040 897 
f 1119 1118 1044 1043 
f 1117 1120 1046 1047 
f 902 1107 1580 1630 
f 1628 1578 1108 900 
f 1113 1112 935 934 
f 1111 1114 937 938 
f 4505 4485 1508 1509 
f 1507 4481 4508 1506 
f 900 1108 1328 1364 
f 1366 1326 1107 902 
f 936 1110 1446 1444 
f 1450 1448 1109 939 
f 1112 1110 936 935 
f 1109 1111 938 939 
f 1114 1325 1365 937 
f 934 1363 1327 1113 
f 1045 1116 1577 1627 
f 1629 1579 1115 1048 
f 1118 1116 1045 1044 
f 1115 1117 1047 1048 
f 1120 1106 901 1046 
f 1105 1119 1043 899 
f 1135 1134 1047 1046 
f 1133 1136 1049 1050 
f 903 1123 1584 1632 
f 1630 1582 1124 902 
f 1129 1128 938 937 
f 1127 1130 940 941 
f 4508 4488 1505 1506 
f 1504 4212 4214 1503 
f 902 1124 1332 1366 
f 1368 1330 1123 903 
f 939 1126 1452 1450 
f 1407 1434 1125 942 
f 1128 1126 939 938 
f 1125 1127 941 942 
f 1130 1329 1367 940 
f 937 1365 1331 1129 
f 1048 1132 1581 1629 
f 1631 1583 1131 1051 
f 1134 1132 1048 1047 
f 1131 1133 1050 1051 
f 1136 1122 904 1049 
f 1121 1135 1046 901 
f 1151 1150 1050 1049 
f 1149 1152 1052 1053 
f 905 1139 1588 1634 
f 1632 1586 1140 903 
f 1145 1144 941 940 
f 1143 1146 943 944 
f 4214 4173 1502 1503 
f 1501 4175 4217 1500 
f 903 1140 1336 1368 
f 1370 1334 1139 905 
f 942 1142 1409 1407 
f 1456 1431 1141 945 
f 1144 1142 942 941 
f 1141 1143 944 945 
f 1146 1333 1369 943 
f 940 1367 1335 1145 
f 1051 1148 1585 1631 
f 1633 1587 1147 1054 
f 1150 1148 1051 1050 
f 1147 1149 1053 1054 
f 1152 1138 906 1052 
f 1137 1151 1049 904 
f 1162 1161 1053 1052 
f 1634 1590 1155 905 
f 1158 1157 944 943 
f 4217 4179 1499 1500 
f 905 1155 1340 1370 
f 945 1156 1403 1456 
f 1157 1156 945 944 
f 943 1369 1339 1158 
f 1054 1160 1589 1633 
f 1161 1160 1054 1053 
f 1153 1162 1052 906 
f 1168 1163 1055 1197 
f 1191 1164 1592 1636 
f 1166 1159 946 1188 
f 1498 4181 4220 1497 
f 1372 1338 1164 1191 
f 1425 1405 1165 1185 
f 1165 1166 1188 1185 
f 1159 1337 1371 946 
f 1635 1591 1167 1194 
f 1167 1168 1197 1194 
f 1163 1154 907 1055 
f 908 1171 1624 1622 
f 947 1179 1343 1341 
f 1182 1176 909 1056 
f 1171 1189 1596 1624 
f 1636 1594 1190 1191 
f 1178 1359 1343 1179 
f 946 1371 1357 1177 
f 1181 1175 1176 1182 
f 1174 1180 1055 907 
f 1180 1196 1197 1055 
f 1181 1195 1196 1180 
f 1195 1181 1182 1173 
f 1177 1187 1188 946 
f 1178 1186 1187 1177 
f 1186 1178 1179 1170 
f 4220 4223 1496 1497 
f 4223 4226 1495 1496 
f 1495 4226 4185 1494 
f 1191 1190 1358 1372 
f 1190 1189 1360 1358 
f 1344 1360 1189 1171 
f 1185 1184 1429 1425 
f 1184 1183 1427 1429 
f 1421 1427 1183 1169 
f 1187 1184 1185 1188 
f 1186 1183 1184 1187 
f 1183 1186 1170 1169 
f 1194 1193 1593 1635 
f 1193 1192 1595 1593 
f 1623 1595 1192 1172 
f 1196 1193 1194 1197 
f 1195 1192 1193 1196 
f 1192 1195 1173 1172 
f 1463 4490 4497 1462 
f 1207 1206 1201 1200 
f 1526 1204 1759 1616 
f 1202 1208 1199 1198 
f 1207 1200 1199 1208 
f 1525 1615 1201 1206 
f 1459 4499 4446 1458 
f 1215 1214 1069 1068 
f 1702 1211 1614 1566 
f 1070 1213 1613 1611 
f 1214 1213 1070 1069 
f 1215 1212 866 980 
f 914 1217 1320 1350 
f 1466 4199 4191 1465 
f 1223 1222 1063 1062 
f 913 1217 1606 1602 
f 1220 1219 954 953 
f 1411 1389 955 1218 
f 1219 1218 955 954 
f 950 1220 1319 1317 
f 1064 1221 1605 1603 
f 1222 1221 1064 1063 
f 1223 1216 912 1059 
f 1468 4106 4197 1467 
f 1231 1230 1066 1067 
f 914 1225 1538 1604 
f 958 1228 1227 957 
f 915 1225 1352 1356 
f 1387 1393 956 1226 
f 957 1227 1226 956 
f 953 1228 1351 1349 
f 1065 1229 1537 1535 
f 1230 1229 1065 1066 
f 1231 1224 911 1062 
f 4230 4203 1471 1472 
f 1470 4205 4104 1469 
f 1246 1245 1066 1065 
f 1244 1247 1015 1014 
f 1638 1608 1235 886 
f 915 1234 1610 1536 
f 886 1235 1348 1374 
f 1356 1346 1234 915 
f 956 1240 1239 957 
f 929 1238 1241 930 
f 1345 1355 958 1237 
f 1236 928 1373 1347 
f 957 1239 1237 958 
f 928 1236 1238 929 
f 1417 1415 930 1241 
f 1240 956 1393 1391 
f 1243 1233 910 1067 
f 1232 1242 1013 868 
f 1245 1243 1067 1066 
f 1242 1244 1014 1013 
f 1015 1247 1607 1637 
f 1535 1609 1246 1065 
f 4154 4110 1474 1475 
f 1473 4112 4230 1472 
f 1262 1261 1026 1025 
f 1260 1263 1013 1014 
f 886 1250 1546 1638 
f 1534 1544 1251 888 
f 888 1251 1296 1290 
f 1374 1294 1250 886 
f 961 1256 1255 959 
f 929 1254 1257 928 
f 1252 930 1415 1397 
f 959 1255 1253 960 
f 930 1252 1254 929 
f 1293 1373 928 1257 
f 961 1289 1295 1256 
f 1027 1259 1543 1533 
f 1637 1545 1258 1015 
f 1261 1259 1027 1026 
f 1258 1260 1014 1015 
f 1263 1249 868 1013 
f 1248 1262 1025 881 
f 4187 4092 1492 1493 
f 1491 4094 4209 1490 
f 908 1265 1300 1342 
f 1354 1298 1264 891 
f 1278 1277 1057 1056 
f 1276 1279 995 996 
f 891 1264 1600 1618 
f 1622 1598 1265 908 
f 1272 1271 948 947 
f 1270 1273 922 923 
f 949 1269 1454 1423 
f 924 1377 1375 1268 
f 1271 1269 949 948 
f 1268 1270 923 924 
f 922 1273 1297 1353 
f 1341 1299 1272 947 
f 1058 1275 1597 1621 
f 1617 1599 1274 997 
f 1277 1275 1058 1057 
f 1274 1276 996 997 
f 1279 1267 869 995 
f 1266 1278 1056 909 
f 1286 1284 1283 1285 
f 1288 1286 1285 1287 
f 1292 1290 1289 1291 
f 1296 1294 1293 1295 
f 1284 1292 1291 1283 
f 1300 1298 1297 1299 
f 1304 1302 1301 1303 
f 1308 1306 1305 1307 
f 1306 1310 1309 1305 
f 1310 1312 1311 1309 
f 1314 1288 1287 1313 
f 1316 1314 1313 1315 
f 1312 1316 1315 1311 
f 1320 1318 1317 1319 
f 1324 1322 1321 1323 
f 1328 1326 1325 1327 
f 1332 1330 1329 1331 
f 1336 1334 1333 1335 
f 1340 1338 1337 1339 
f 1344 1342 1341 1343 
f 1348 1346 1345 1347 
f 1352 1350 1349 1351 
f 1318 1956 1958 1317 
f 1354 1304 1303 1353 
f 1302 1308 1307 1301 
f 1849 1362 1361 1848 
f 1362 1324 1323 1361 
f 1322 1364 1363 1321 
f 1364 1328 1327 1363 
f 1326 1366 1365 1325 
f 1366 1332 1331 1365 
f 1330 1368 1367 1329 
f 1368 1336 1335 1367 
f 1334 1370 1369 1333 
f 1370 1340 1339 1369 
f 1338 1372 1371 1337 
f 1372 1358 1357 1371 
f 1358 1360 1359 1357 
f 1360 1344 1343 1359 
f 1350 1320 1319 1349 
f 1356 1352 1351 1355 
f 1374 1348 1347 1373 
f 1346 1356 1355 1345 
f 1290 1296 1295 1289 
f 1294 1374 1373 1293 
f 1342 1300 1299 1341 
f 1298 1354 1353 1297 
f 1378 1376 1375 1377 
f 1382 1380 1379 1381 
f 1386 1384 1383 1385 
f 1390 1388 1387 1389 
f 1394 1392 1391 1393 
f 1398 1396 1395 1397 
f 1402 1400 1399 1401 
f 1406 1404 1403 1405 
f 1410 1408 1407 1409 
f 1414 1412 1411 1413 
f 1418 1416 1415 1417 
f 1396 1420 1419 1395 
f 1420 1402 1401 1419 
f 1424 1422 1421 1423 
f 1426 1406 1405 1425 
f 1422 1428 1427 1421 
f 1430 1426 1425 1429 
f 1432 1410 1409 1431 
f 1392 1418 1417 1391 
f 1416 1398 1397 1415 
f 1388 1394 1393 1387 
f 1412 1390 1389 1411 
f 1380 1378 1377 1379 
f 1384 1382 1381 1383 
f 1954 1414 1413 1433 
f 1408 1435 1434 1407 
f 1441 1439 1438 1440 
f 1445 1443 1442 1444 
f 1449 1447 1446 1448 
f 1453 1451 1450 1452 
f 1455 1424 1423 1454 
f 1376 1455 1454 1375 
f 1404 1457 1456 1403 
f 1457 1432 1431 1456 
f 1428 1430 1429 1427 
f 1435 1453 1452 1434 
f 1451 1449 1448 1450 
f 1447 1445 1444 1446 
f 1443 1441 1440 1442 
f 1439 1437 1436 1438 
f 1400 1386 1385 1399 
f 866 1458 1915 1931 
f 866 1212 1459 1458 
f 1212 916 1460 1459 
f 1203 1461 1460 916 
f 1203 1202 1462 1461 
f 1202 1198 1463 1462 
f 1198 1959 1957 1463 
f 6160 912 1465 1464 
f 912 1216 1466 1465 
f 1216 911 1467 1466 
f 911 1224 1468 1467 
f 1224 910 1469 1468 
f 910 1233 1470 1469 
f 1233 1232 1471 1470 
f 1232 868 1472 1471 
f 868 1249 1473 1472 
f 1249 1248 1474 1473 
f 1248 881 1475 1474 
f 881 879 1476 1475 
f 879 884 1477 1476 
f 884 883 1478 1477 
f 1909 1889 1478 883 
f 873 1479 1888 1908 
f 873 874 1480 1479 
f 874 875 1481 1480 
f 875 876 1482 1481 
f 876 877 1483 1482 
f 1902 1886 1483 877 
f 878 1484 1887 1903 
f 878 885 1485 1484 
f 885 882 1486 1485 
f 882 880 1487 1486 
f 880 919 1488 1487 
f 919 918 1489 1488 
f 918 869 1490 1489 
f 869 1267 1491 1490 
f 1267 1266 1492 1491 
f 1266 909 1493 1492 
f 909 1176 1494 1493 
f 1176 1175 1495 1494 
f 1175 1174 1496 1495 
f 1174 907 1497 1496 
f 907 1154 1498 1497 
f 1154 1153 1499 1498 
f 1153 906 1500 1499 
f 906 1138 1501 1500 
f 1138 1137 1502 1501 
f 1137 904 1503 1502 
f 904 1122 1504 1503 
f 1122 1121 1505 1504 
f 1121 901 1506 1505 
f 901 1106 1507 1506 
f 1106 1105 1508 1507 
f 1105 899 1509 1508 
f 899 1090 1510 1509 
f 1090 1089 1511 1510 
f 1089 897 1512 1511 
f 897 1079 1513 1512 
f 1079 1078 1514 1513 
f 1078 867 1515 1514 
f 1937 1917 1515 867 
f 872 1516 1916 1936 
f 872 871 1517 1516 
f 871 870 1518 1517 
f 1930 1914 1518 870 
f 896 1560 1562 
f 896 1558 1560 
f 896 1910 1558 
f 896 1562 1564 
f 1556 1912 896 
f 1939 1935 1519 1520 
f 1524 1522 1521 1523 
f 1525 1619 1620 1526 
f 1530 1528 1527 1529 
f 1534 1532 1531 1533 
f 1538 1536 1535 1537 
f 1542 1540 1539 1541 
f 1546 1544 1543 1545 
f 1548 1542 1541 1547 
f 1532 1550 1549 1531 
f 1552 1548 1547 1551 
f 1550 1554 1553 1549 
f 1556 1564 1563 1555 
f 1552 1551 1899 1911 
f 1913 1907 1553 1554 
f 1566 1565 1929 1941 
f 1567 1934 1938 1568 
f 1940 1928 1569 1570 
f 1572 1570 1569 1571 
f 1568 1572 1571 1567 
f 1576 1574 1573 1575 
f 1580 1578 1577 1579 
f 1584 1582 1581 1583 
f 1588 1586 1585 1587 
f 1592 1590 1589 1591 
f 1596 1594 1593 1595 
f 1600 1598 1597 1599 
f 1955 1602 1601 6158 
f 1606 1604 1603 1605 
f 1610 1608 1607 1609 
f 1614 1612 1611 1613 
f 1619 1611 1612 1620 
f 1616 5877 6181 1615 
f 1540 1530 1529 1539 
f 1528 1618 1617 1527 
f 1626 1524 1523 1625 
f 1522 1520 1519 1521 
f 1628 1576 1575 1627 
f 1574 1626 1625 1573 
f 1630 1580 1579 1629 
f 1578 1628 1627 1577 
f 1632 1584 1583 1631 
f 1582 1630 1629 1581 
f 1634 1588 1587 1633 
f 1586 1632 1631 1585 
f 1590 1634 1633 1589 
f 1636 1592 1591 1635 
f 1622 1624 1623 1621 
f 1624 1596 1595 1623 
f 1594 1636 1635 1593 
f 1615 1525 1526 1616 
f 1566 1614 1613 1565 
f 1602 1606 1605 1601 
f 1604 1538 1537 1603 
f 1608 1638 1637 1607 
f 1536 1610 1609 1535 
f 1638 1546 1545 1637 
f 1544 1534 1533 1543 
f 1618 1600 1599 1617 
f 1598 1622 1621 1597 
f 1562 1560 1559 1561 
f 1560 1558 1557 1559 
f 1558 1910 1898 1557 
f 1564 1562 1561 1563 
f 1556 1555 1906 1912 
f 1832 1779 1772 1834 
f 1834 1772 1773 1836 
f 1836 1773 1774 1838 
f 1838 1774 1775 1840 
f 1840 1775 1776 1842 
f 1842 1776 1777 1844 
f 1779 1832 1850 1813 
f 1862 1860 1796 1789 
f 1651 1650 1644 1645 
f 1656 1650 1651 1657 
f 1662 1656 1657 1663 
f 1668 1662 1663 1669 
f 1674 1668 1669 1675 
f 1680 1674 1675 1681 
f 1747 1746 1758 1757 
f 1645 1644 1803 1802 
f 1640 1653 1647 1639 
f 1653 1652 1646 1647 
f 1652 1651 1645 1646 
f 1723 1643 1649 1648 
f 1643 1644 1650 1649 
f 1659 1653 1824 
f 1658 1652 1653 1659 
f 1658 1657 1651 1652 
f 2180 4510 4511 1724 
f 1648 1649 1655 1654 
f 1649 1650 1656 1655 
f 1665 1659 1824 1825 
f 1664 1658 1659 1665 
f 1663 1657 1658 1664 
f 1654 1660 2181 2180 
f 1655 1661 1660 1654 
f 1656 1662 1661 1655 
f 1671 1665 1825 1826 
f 1670 1664 1665 1671 
f 1669 1663 1664 1670 
f 1660 1666 2182 2181 
f 1661 1667 1666 1660 
f 1662 1668 1667 1661 
f 1677 1671 1826 1827 
f 1676 1670 1671 1677 
f 1675 1669 1670 1676 
f 1666 1672 2183 2182 
f 1667 1673 1672 1666 
f 1668 1674 1673 1667 
f 1727 1677 1827 1828 
f 1682 1676 1677 1727 
f 1681 1675 1676 1682 
f 1672 1678 2184 2183 
f 1673 1679 1678 1672 
f 1674 1680 1679 1673 
f 1751 1752 1831 1830 
f 1741 1740 1743 1744 
f 1744 1743 1746 1747 
f 1678 1725 2185 2184 
f 1679 1726 1725 1678 
f 1680 1726 1679 
f 1639 1647 1800 1799 
f 1647 1646 1801 1800 
f 1646 1645 1802 1801 
f 46 1684 1803 1809 
f 1639 1688 1689 1640 
f 1640 1689 1817 1816 
f 1642 1691 1804 1799 
f 1688 1692 1693 1689 
f 1689 1693 1818 1817 
f 1691 30 1805 1804 
f 1692 1695 1696 1693 
f 1693 1696 1819 1818 
f 30 1698 1806 1805 
f 1695 1699 1700 1696 
f 1696 1700 1820 1819 
f 1806 1698 28 1807 
f 1700 1699 1733 1734 
f 1700 1734 1823 1820 
f 1807 28 714 1811 
f 1857 1859 1759 1204 
f 1851 1833 1703 1808 
f 1702 1942 1843 1845 
f 1835 1942 1703 1833 
f 1837 1942 1835 
f 1839 1942 1837 
f 1841 1942 1839 
f 1843 1942 1841 
f 31 1683 1704 1810 
f 1683 1706 1707 1704 
f 1709 1710 1707 1706 
f 1712 1708 1710 
f 1712 1714 1715 1708 
f 1716 1717 1715 1714 
f 1715 1717 1724 
f 1718 1721 1722 1719 
f 1720 1717 1716 1719 
f 1704 1707 1708 1705 
f 1707 1710 1708 
f 1711 1712 1710 1709 
f 1714 1712 1711 1713 
f 32 1716 1714 1713 
f 1719 1722 1723 1720 
f 1719 1716 32 1718 
f 1723 1648 1720 
f 1708 1715 1724 
f 1648 1724 1717 1720 
f 46 1809 1722 1721 
f 1705 4511 1877 1797 
f 1798 31 1810 1815 
f 1872 1874 1786 1795 
f 1879 1875 4512 4513 
f 1730 1725 1726 1731 
f 1731 1726 1680 1732 
f 1845 1847 1211 1702 
f 1874 1878 1787 1786 
f 1681 1729 1732 1680 
f 1727 1728 1682 
f 1682 1728 1729 1681 
f 1847 1853 917 1211 
f 1881 1879 4513 4514 
f 1736 1730 1731 1737 
f 1737 1731 1732 1738 
f 1878 1880 1788 1787 
f 1729 1748 1738 1732 
f 1701 1735 1829 1828 
f 1727 1742 1745 1728 
f 1728 1745 1748 1729 
f 1749 1734 1733 2175 
f 1751 1735 1823 1822 
f 2175 1733 1811 2172 
f 1855 1739 917 1853 
f 1863 1881 4514 4515 
f 1753 1736 1737 1755 
f 1755 1737 1738 1757 
f 1880 1862 1789 1788 
f 1858 1778 1960 1961 
f 1748 1747 1757 1738 
f 1962 1758 1746 6521 
f 1735 1751 1830 1829 
f 6522 1740 1831 1963 
f 1742 1741 1744 1745 
f 1964 1743 1740 6522 
f 1745 1744 1747 1748 
f 6521 1746 1743 1964 
f 1857 1204 1739 1855 
f 5876 1759 1859 6523 
f 6524 1750 2177 2179 
f 1750 1749 2175 2177 
f 6527 1752 1821 1965 
f 1752 1751 1822 1821 
f 6529 1861 4516 4517 
f 1861 1863 4515 4516 
f 1966 1754 1756 6534 
f 1754 1753 1755 1756 
f 6534 1756 1758 1962 
f 1756 1755 1757 1758 
f 1760 1761 1784 1790 
f 1762 1760 1790 1791 
f 1763 1762 1791 1792 
f 1793 1764 1763 1792 
f 1794 1765 1764 1793 
f 1795 1766 1765 1794 
f 1784 1761 1812 1814 
f 1783 1770 1771 1778 
f 1777 1766 1767 1780 
f 1780 1767 1768 1781 
f 1781 1768 1769 1782 
f 1782 1769 1770 1783 
f 1967 6559 1771 1796 
f 1760 1772 1779 1761 
f 1762 1773 1772 1760 
f 1763 1774 1773 1762 
f 1764 1775 1774 1763 
f 1776 1775 1764 1765 
f 1766 1777 1776 1765 
f 1761 1779 1813 1812 
f 6559 1960 1778 1771 
f 1783 1778 1858 1856 
f 1844 1777 1780 1846 
f 1780 1781 1852 1846 
f 1781 1782 1854 1852 
f 1782 1783 1856 1854 
f 1770 1789 1796 1771 
f 1766 1795 1786 1767 
f 1767 1786 1787 1768 
f 1768 1787 1788 1769 
f 1769 1788 1789 1770 
f 1876 1790 1784 1882 
f 1791 1790 1876 1864 
f 1792 1791 1864 1866 
f 1793 1792 1866 1868 
f 1870 1794 1793 1868 
f 1872 1795 1794 1870 
f 1882 1784 1814 1884 
f 6571 1967 1796 1860 
f 1437 1798 1815 1885 
f 1797 1877 1883 
f 1813 1850 1848 1082 
f 1802 1803 1684 1685 
f 1799 1800 1687 1642 
f 1800 1801 1686 1687 
f 1801 1802 1685 1686 
f 1809 1803 1644 1643 
f 1799 1804 1688 1639 
f 1804 1805 1692 1688 
f 1805 1806 1695 1692 
f 1806 1807 1699 1695 
f 1699 1807 1811 1733 
f 1849 1851 1808 1080 
f 1722 1809 1643 1723 
f 1815 1810 1797 
f 2176 2172 1811 714 
f 1785 1814 1812 1081 
f 1081 1812 1813 1082 
f 1884 1814 1785 1436 
f 1885 1815 1797 1883 
f 1797 1810 1704 1705 
f 1816 1817 1690 1641 
f 1817 1818 1694 1690 
f 1818 1819 1697 1694 
f 1819 1820 1701 1697 
f 1820 1823 1735 1701 
f 1822 1823 1734 1749 
f 6524 1965 1821 1750 
f 1750 1821 1822 1749 
f 1825 1824 1641 1690 
f 1826 1825 1690 1694 
f 1827 1826 1694 1697 
f 1828 1827 1697 1701 
f 1741 1830 1831 1740 
f 1828 1829 1742 1727 
f 1829 1830 1741 1742 
f 6527 1963 1831 1752 
f 1824 1653 1641 
f 1641 1653 1816 
f 1816 1653 1640 
f 1857 1856 1858 1859 
f 1851 1850 1832 1833 
f 1843 1842 1844 1845 
f 1833 1832 1834 1835 
f 1835 1834 1836 1837 
f 1837 1836 1838 1839 
f 1839 1838 1840 1841 
f 1841 1840 1842 1843 
f 1845 1844 1846 1847 
f 1847 1846 1852 1853 
f 1853 1852 1854 1855 
f 1855 1854 1856 1857 
f 1859 1858 1961 6523 
f 1849 1848 1850 1851 
f 1867 1866 1864 1865 
f 1869 1868 1866 1867 
f 1871 1870 1868 1869 
f 1873 1872 1870 1871 
f 1875 1874 1872 1873 
f 1865 1864 1876 1877 
f 1879 1878 1874 1875 
f 1881 1880 1878 1879 
f 1863 1862 1880 1881 
f 6529 6571 1860 1861 
f 1861 1860 1862 1863 
f 1885 1884 1436 1437 
f 1877 1876 1882 1883 
f 1883 1882 1884 1885 
f 1895 1897 1896 1894 
f 1887 4139 4122 1886 
f 1891 1893 1892 1890 
f 4161 1889 1888 4133 
f 1905 1907 1906 1904 
f 1897 1905 1904 1896 
f 1909 1895 1894 1908 
f 1899 1901 1900 1898 
f 1901 1891 1890 1900 
f 1893 1903 1902 1892 
f 1889 1909 1908 1888 
f 1903 1887 1886 1902 
f 1911 1899 1898 1910 
f 1907 1913 1912 1906 
f 1911 1910 896 
f 896 1912 1913 
f 1942 1938 1939 
f 1941 1940 1942 
f 1915 4442 4458 1914 
f 4467 1917 1916 4448 
f 1921 1919 1918 1920 
f 1923 1925 1924 1922 
f 1929 1927 1926 1928 
f 1927 1921 1920 1926 
f 1919 1931 1930 1918 
f 1933 1935 1934 1932 
f 1925 1933 1932 1924 
f 1937 1923 1922 1936 
f 1931 1915 1914 1930 
f 1917 1937 1936 1916 
f 1935 1939 1938 1934 
f 1941 1929 1928 1940 
f 2179 2119 2148 
f 2175 2123 2121 2177 
f 2175 2172 2127 2123 
f 2172 2129 2131 
f 2176 2133 2135 
f 2178 2137 2139 2174 
f 2176 2173 2143 2133 
f 2178 2149 2137 
f 2145 2147 2174 
f 2139 2145 2174 
f 2147 2143 2173 2174 
f 2176 2135 2141 
f 2172 2131 2125 
s 2
f 1982 2116 2150 2151 
f 2074 1968 2152 2153 
f 2077 1969 1968 2074 
f 2080 1970 1969 2077 
f 2083 1971 1970 2080 
f 2086 1972 1971 2083 
f 2089 1973 1972 2086 
f 2092 1974 1973 2089 
f 2095 1975 1974 2092 
f 2098 1976 1975 2095 
f 2101 1977 1976 2098 
f 2104 1978 1977 2101 
f 2107 1979 1978 2104 
f 2110 1980 1979 2107 
f 2113 1981 1980 2110 
f 2116 1982 1981 2113 
s 1
f 2154 2117 2001 2155 
f 2114 2000 2001 2117 
f 2111 1983 2000 2114 
f 2108 1999 1983 2111 
f 2108 2105 1998 1999 
f 2105 2102 1997 1998 
f 2102 2099 1996 1997 
f 2099 2096 1984 1996 
f 2096 2093 1985 1984 
f 2090 1995 1985 2093 
f 2087 1986 1995 2090 
f 2084 1987 1986 2087 
f 2084 2081 1988 1987 
f 2081 2078 1994 1988 
f 2078 2075 1993 1994 
f 2075 2156 2157 1993 
f 2071 2006 2007 2008 
f 2008 2009 2070 2071 
f 2010 1989 2070 2009 
f 2011 2068 1989 2010 
f 2012 1990 2068 2011 
f 2012 2013 1991 1990 
f 2013 2014 1992 1991 
f 2014 2015 2066 1992 
f 2015 2158 2159 2066 
f 2015 2016 2160 2158 
f 2016 2017 2161 2160 
f 2017 1993 2157 2161 
f 2018 1994 1993 2017 
f 2019 1988 1994 2018 
f 2020 1987 1988 2019 
f 2021 1986 1987 2020 
f 2021 2022 1995 1986 
f 2022 2023 1985 1995 
f 2023 2024 1984 1985 
f 2024 2025 1996 1984 
f 2026 1997 1996 2025 
f 2027 1998 1997 2026 
f 2028 1999 1998 2027 
f 2028 2029 1983 1999 
f 2029 2030 2000 1983 
f 2030 2031 2001 2000 
f 2031 2162 2155 2001 
f 2032 2163 2162 2031 
f 2032 2033 2164 2163 
f 2033 2062 2165 2164 
f 2034 2002 2062 2033 
f 2035 2064 2002 2034 
f 2036 2003 2064 2035 
f 2037 2004 2003 2036 
f 2037 2038 2005 2004 
f 2038 2007 2006 2005 
f 2033 2032 2039 2034 
f 2032 2031 2030 2039 
f 2034 2039 2040 2035 
f 2039 2030 2029 2040 
f 2035 2040 2041 2036 
f 2040 2029 2028 2041 
f 2036 2041 2042 2037 
f 2041 2028 2027 2042 
f 2037 2042 2043 2038 
f 2042 2027 2026 2043 
f 2038 2043 2044 2007 
f 2043 2026 2025 2044 
f 2007 2044 2045 2008 
f 2044 2025 2024 2045 
f 2008 2045 2046 2009 
f 2045 2024 2023 2046 
f 2009 2046 2047 2010 
f 2046 2023 2022 2047 
f 2010 2047 2048 2011 
f 2047 2022 2021 2048 
f 2011 2048 2049 2012 
f 2048 2021 2020 2049 
f 2012 2049 2050 2013 
f 2049 2020 2019 2050 
f 2013 2050 2051 2014 
f 2050 2019 2018 2051 
f 2014 2051 2016 2015 
f 2051 2018 2017 2016 
f 2072 2071 2070 2057 
f 2052 2066 2159 2166 
f 2053 2167 2165 2062 
f 2061 2053 2062 2002 
f 2054 1992 2066 2052 
f 2055 1991 1992 2054 
f 2057 2070 1989 2056 
f 2060 2059 2005 2006 
f 2072 2060 2006 2071 
f 2002 2064 2058 2061 
f 2064 2003 2063 2058 
f 2003 2004 2065 2063 
f 2004 2005 2059 2065 
f 2067 1990 1991 2055 
f 2069 2068 1990 2067 
f 2056 1989 2068 2069 
f 2072 2057 2128 2140 
f 2052 2166 2168 2118 
f 2167 2053 2136 2169 
f 2053 2061 2138 2136 
f 2054 2052 2118 2120 
f 2055 2054 2120 2122 
f 2067 2055 2122 2126 
f 2069 2067 2126 2124 
f 2056 2069 2124 2130 
f 2057 2056 2130 2128 
f 2061 2058 2144 2138 
f 2058 2063 2146 2144 
f 2063 2065 2142 2146 
f 2065 2059 2132 2142 
f 2059 2060 2134 2132 
f 2060 2072 2140 2134 
s 2
f 2150 2116 2115 2170 
f 2074 2153 2171 2073 
f 2077 2074 2073 2076 
f 2080 2077 2076 2079 
f 2083 2080 2079 2082 
f 2086 2083 2082 2085 
f 2089 2086 2085 2088 
f 2092 2089 2088 2091 
f 2095 2092 2091 2094 
f 2098 2095 2094 2097 
f 2101 2098 2097 2100 
f 2104 2101 2100 2103 
f 2107 2104 2103 2106 
f 2110 2107 2106 2109 
f 2113 2110 2109 2112 
f 2116 2113 2112 2115 
s 1
f 2117 2154 2170 2115 
f 2114 2117 2115 2112 
f 2111 2114 2112 2109 
f 2108 2111 2109 2106 
f 2105 2108 2106 2103 
f 2102 2105 2103 2100 
f 2099 2102 2100 2097 
f 2096 2099 2097 2094 
f 2093 2096 2094 2091 
f 2090 2093 2091 2088 
f 2087 2090 2088 2085 
f 2084 2087 2085 2082 
f 2081 2084 2082 2079 
f 2078 2081 2079 2076 
f 2075 2078 2076 2073 
f 2156 2075 2073 2171 
f 2148 2119 2118 2168 
f 2119 2121 2120 2118 
f 2121 2123 2122 2120 
f 2127 2125 2124 2126 
f 2131 2129 2128 2130 
f 2135 2133 2132 2134 
f 2139 2137 2136 2138 
f 2123 2127 2126 2122 
f 2129 2141 2140 2128 
f 2133 2143 2142 2132 
f 2137 2149 2169 2136 
f 2147 2145 2144 2146 
f 2145 2139 2138 2144 
f 2143 2147 2146 2142 
f 2141 2135 2134 2140 
f 2125 2131 2130 2124 
f 2121 2119 2179 2177 
f 2172 2176 2141 2129 
f 2172 2125 2127 
f 2181 4518 4510 2180 
f 2182 4519 4518 2181 
f 2183 4520 4519 2182 
f 2184 4521 4520 2183 
f 2185 4512 4521 2184 
f 2185 1725 1730 2186 
f 2186 1730 1736 2187 
f 2187 1736 1753 2188 
f 2189 1754 1966 6771 
f 2188 1753 1754 2189 
f 1724 1648 1654 2180 
f 3027 3026 3378 
f 3037 3328 3326 3010 
f 2449 2445 2444 2450 
f 3038 3332 3330 3023 
f 3009 3336 3334 
f 2976 2199 2792 3006 
f 2770 2199 2976 3005 
f 2978 2201 2734 3003 
f 2704 2201 2978 3002 
f 2396 2202 2979 2997 
f 2204 2203 2980 2981 
f 2462 2204 2981 3000 
f 2206 2205 2982 2983 
f 2198 2206 2983 2984 
f 2197 2198 2984 2985 
f 2196 2197 2985 2986 
f 2207 2196 2986 2987 
f 2207 2987 2988 2208 
f 2208 2988 2989 2209 
f 2209 2989 2990 2210 
f 2210 2990 2991 2211 
f 2211 2991 3007 2934 
f 2212 2992 3008 2955 
f 2213 2993 3056 3040 
f 2194 2994 2999 2420 
f 2903 3340 3338 2214 
f 2871 3344 3342 2215 
f 2862 3348 3346 2446 
f 2521 3352 3350 
f 3024 3356 3354 3013 
f 3358 3015 3031 3360 
f 2317 3015 3032 2714 
f 2908 2218 2793 2933 
f 3588 2217 2793 2901 
f 2199 2770 2932 2908 
f 2909 2200 2748 2931 
f 2218 2771 2900 2872 
f 2873 2222 2749 2899 
f 3581 2219 2794 2839 
f 2224 2772 2838 2810 
f 3532 2795 2870 3577 
f 2226 2773 2869 2841 
f 2811 2225 2757 2837 
f 3576 2796 2797 3575 
f 2230 2774 2775 2232 
f 2801 2234 2236 2800 
f 2800 2236 2602 2807 
f 2803 2237 2541 2805 
f 2804 2500 2663 2806 
f 2232 2775 2780 2400 
f 2231 2751 2752 2233 
f 2233 2752 2759 2401 
f 2239 2727 2737 2402 
f 2234 2776 2779 2236 
f 2779 2244 2603 2788 
f 2238 2753 2758 2244 
f 2758 2246 2604 2766 
f 2241 2728 2729 2246 
f 2246 2729 2744 2604 
f 2738 2249 2533 2740 
f 2798 2220 3573 2808 
f 2798 2250 3019 3036 
f 2777 2252 2625 2789 
f 2755 2254 2582 2765 
f 2778 2254 3018 3035 
f 2755 2255 3017 3034 
f 2760 2248 2532 2762 
f 2754 2252 2643 2768 
f 2730 2258 2673 2747 
f 2732 2255 2583 2743 
f 2732 2260 3016 3033 
f 2910 2201 2704 2929 
f 2911 2202 2396 2926 
f 2912 2203 2204 2913 
f 2913 2204 2462 2927 
f 2914 2205 2206 2915 
f 2915 2206 2198 2905 
f 2875 2265 2266 2876 
f 2905 2198 2197 2916 
f 2876 2266 2267 2877 
f 2267 2916 2917 2322 
f 2877 2267 2322 2883 
f 2874 2223 2705 2897 
f 2878 2261 2397 2887 
f 2879 2262 2263 2880 
f 2880 2263 2463 2895 
f 2881 2264 2265 2875 
f 2812 2228 2706 2835 
f 2813 2269 2689 2834 
f 2843 2275 2682 2865 
f 2814 2268 2398 2828 
f 2815 2270 2271 2816 
f 2816 2271 2464 2833 
f 2817 2272 2273 2818 
f 2422 2842 2859 2423 
f 2844 2279 2280 2845 
f 2845 2280 2465 2864 
f 2846 2281 2282 2847 
f 2818 2273 2274 2819 
f 2847 2282 2285 2858 
f 2277 2708 2716 2421 
f 2733 2240 2848 2867 
f 2751 2231 2840 2868 
f 2240 2733 2727 2239 
f 2243 2708 2715 2403 
f 2404 2277 2683 2692 
f 2405 2278 2283 2406 
f 2406 2283 2284 2407 
f 2407 2284 2289 2408 
f 2408 2289 2466 2468 
f 2296 2295 2472 2298 
f 2409 2290 2299 2410 
f 2410 2299 2300 2411 
f 2242 2709 2710 2247 
f 2301 2287 2684 2685 
f 2247 2710 2722 2605 
f 2606 2301 2685 2700 
f 2288 2291 2305 2303 
f 2291 2292 2306 2305 
f 2607 2303 2305 2608 
f 2608 2305 2306 2609 
f 2292 2293 2297 2306 
f 2609 2306 2297 2610 
f 2473 2620 2619 2474 
f 2249 2711 2718 2533 
f 2534 2302 2686 2696 
f 2453 2545 2548 2456 
f 2665 2311 2458 2678 
f 2712 2313 2635 2723 
f 2694 2453 2664 2703 
f 2713 2314 2675 2725 
f 2536 2308 2309 2526 
f 2635 2313 2687 2701 
f 2636 2315 2454 2626 
f 2496 2640 2630 2495 
f 2918 2321 2322 2917 
f 2883 2322 2321 2882 
f 2906 2209 2210 2919 
f 2919 2210 2211 2920 
f 2920 2211 2934 2954 
f 2921 2212 2955 2975 
f 2922 2213 3040 3055 
f 2884 2328 2428 2882 
f 2821 2329 2428 2829 
f 2906 2324 2331 2923 
f 2321 2918 2923 2331 
f 2328 2884 2888 2332 
f 2888 2324 2323 2889 
f 2825 2332 2333 2822 
f 2889 2323 2325 2890 
f 2890 2325 2935 2953 
f 2892 2327 3041 3054 
f 2891 2326 2956 2974 
f 2440 2850 3053 3046 
f 2823 2335 2957 2972 
f 2852 2339 2958 2973 
f 2344 2343 2959 2960 
f 2413 2344 2960 2967 
f 2346 2341 3043 3044 
f 2347 2345 2961 2962 
f 2613 2347 2962 2971 
f 2523 2612 3045 3051 
f 2893 2195 2193 2894 
f 2193 2214 2871 2894 
f 2819 2274 2330 2824 
f 2824 2330 2329 2821 
f 2854 2351 2429 2860 
f 2820 2328 2332 2825 
f 2853 2352 2353 2856 
f 2357 2857 2855 2354 
f 2356 2856 2855 2355 
f 2354 2822 2826 2357 
f 2823 2339 2937 2951 
f 2857 2357 2937 2952 
f 2831 2336 2349 2832 
f 2349 2215 2809 2832 
f 2300 2360 2434 2435 
f 2411 2300 2435 2437 
f 2364 2363 2478 2431 
f 2861 2350 2351 2854 
f 2414 2361 2430 2433 
f 2361 2359 2432 2430 
f 2366 2356 2367 2365 
f 2415 2365 2367 2416 
f 2356 2355 2369 2367 
f 2416 2367 2369 2417 
f 2373 2371 2452 2370 
f 2417 2369 2374 2418 
f 2355 2358 2374 2369 
f 2364 2368 2372 2363 
f 2554 2381 2461 2556 
f 2481 2623 2622 2480 
f 2475 2539 2529 2474 
f 2614 2363 2372 2615 
f 2509 2377 2938 2947 
f 2378 2571 2948 2942 
f 2524 2380 2377 2509 
f 2616 2371 2939 2950 
f 2380 2617 2616 2377 
f 2525 2376 2380 2524 
f 2676 2381 2553 2569 
f 2569 2553 2379 2666 
f 2381 2676 2667 2461 
f 2488 2601 2600 2489 
f 2627 2385 2383 2639 
f 2639 2383 2382 2590 
f 2657 2591 2590 2382 
f 2591 2657 2940 2949 
f 3011 2386 2387 3020 
f 3020 2387 2388 3010 
f 2374 2358 2943 2944 
f 2418 2374 2944 2946 
f 2371 2373 2945 2939 
f 2508 2348 2963 2968 
f 2571 2378 2964 2969 
f 2592 2384 2965 2970 
f 2690 2390 2995 3001 
f 2691 2391 2924 2928 
f 2689 2269 2885 2896 
f 3796 3797 2996 3004 
f 2735 2393 2925 2930 
f 2726 2394 2886 2898 
f 2736 2395 2827 2836 
f 2203 2396 2997 2980 
f 2397 2926 2912 2262 
f 2398 2887 2879 2270 
f 2399 2828 2815 2279 
f 2423 2859 2844 2424 
f 2234 2801 2802 2400 
f 2400 2780 2776 2234 
f 2401 2759 2753 2238 
f 2402 2737 2728 2241 
f 2403 2715 2709 2242 
f 2287 2404 2692 2684 
f 2288 2405 2406 2291 
f 2291 2406 2407 2292 
f 2292 2407 2408 2293 
f 2293 2408 2468 2467 
f 2294 2409 2410 2298 
f 2298 2410 2411 2296 
f 2345 2413 2967 2961 
f 2296 2411 2437 2436 
f 2362 2414 2433 2431 
f 2364 2415 2416 2368 
f 2368 2416 2417 2370 
f 2370 2417 2418 2373 
f 2373 2418 2946 2945 
f 2400 2802 2797 2232 
f 2214 2193 2907 2903 
f 3362 2419 2998 3364 
f 2998 2419 2420 2999 
f 2902 2194 2420 2907 
f 2277 2421 2693 2683 
f 2278 2422 2423 2283 
f 2283 2423 2424 2284 
f 2284 2424 2425 2289 
f 2289 2425 2469 2466 
f 2290 2426 2427 2299 
f 2843 2421 2716 2866 
f 2299 2427 2360 2300 
f 2429 2829 2820 2352 
f 2432 2860 2853 2366 
f 2433 2430 2365 2415 
f 2430 2432 2366 2365 
f 2431 2433 2415 2364 
f 2435 2434 2359 2361 
f 2437 2435 2361 2414 
f 2436 2437 2414 2362 
f 2350 2861 2858 2285 
f 2438 3013 3021 2455 
f 2809 3368 3366 2439 
f 2831 2440 3046 3052 
f 2448 2449 2450 2447 
f 2863 2451 2443 2850 
f 2450 2444 2443 2451 
f 2445 2449 2442 2192 
f 2446 2451 2863 2862 
f 2447 2450 2451 2446 
f 2448 2442 2449 
f 2341 2412 3047 3043 
f 2412 2340 3048 3047 
f 2340 2342 3049 3048 
f 3352 2216 2192 2442 
f 3370 2447 2446 3346 
f 3370 2448 2447 
f 3370 3352 2448 
f 2370 2452 2372 2368 
f 2452 2617 2615 2372 
f 2237 2781 2784 2541 
f 2664 2453 2456 2677 
f 2456 2548 2546 2311 
f 2455 2593 2587 2438 
f 2455 3021 3014 2318 
f 2454 2649 2656 2316 
f 3022 3011 3374 3372 
f 2662 3050 3039 2624 
f 3029 3376 3356 3030 
f 2494 2659 2652 2495 
f 2459 2628 2637 2316 
f 2479 2540 2531 2480 
f 2484 2681 2670 2483 
f 2205 2462 3000 2982 
f 2264 2463 2927 2914 
f 2464 2895 2881 2272 
f 2465 2833 2817 2281 
f 2469 2864 2846 2426 
f 2468 2466 2290 2409 
f 2467 2468 2409 2294 
f 2466 2469 2426 2290 
f 3025 3022 3372 
f 3026 3025 3372 3378 
f 2488 3027 3012 2319 
f 2475 2618 2611 2310 
f 2474 2619 2618 2475 
f 2470 2620 2610 2297 
f 2494 2629 2628 2459 
f 2495 2630 2629 2494 
f 2499 2598 2588 2319 
f 2479 2621 2614 2375 
f 2480 2622 2621 2479 
f 2476 2623 2611 2295 
f 2473 2528 2526 2309 
f 2474 2529 2528 2473 
f 2493 2549 2547 2312 
f 2490 2599 2594 2457 
f 2489 2600 2599 2490 
f 2485 2631 2638 2320 
f 3028 3012 3380 3376 
f 3029 3028 3376 
f 2497 3030 3024 2460 
f 2496 2651 2646 2320 
f 2495 2652 2651 2496 
f 2491 2668 2678 2458 
f 2481 2530 2537 2310 
f 2480 2531 2530 2481 
f 2484 2550 2556 2461 
f 2482 2669 2674 2312 
f 2483 2670 2669 2482 
f 2487 2653 2658 2385 
f 2294 2471 2470 2467 
f 2298 2472 2471 2294 
f 2467 2470 2297 2293 
f 2436 2476 2295 2296 
f 2362 2477 2476 2436 
f 2431 2478 2477 2362 
f 2500 2782 2791 2663 
f 2521 2216 3352 
f 3603 2805 2804 3601 
f 2501 2739 2741 2542 
f 2502 2761 2763 2552 
f 2503 2717 2719 2543 
f 2544 2504 2695 2697 
f 2538 2511 2505 2535 
f 2546 2506 2512 2555 
f 2525 2510 2513 2527 
f 2558 2515 2516 2549 
f 2379 2509 2947 2942 
f 2553 2524 2509 2379 
f 2554 2510 2524 2553 
f 2378 2508 2968 2964 
f 2520 2783 2785 2551 
f 2536 2506 2511 2538 
f 2560 2518 2519 2550 
f 2555 2512 2514 2557 
f 2557 2514 2515 2558 
f 2537 2507 2516 2539 
f 2547 2507 2517 2559 
f 2559 2517 2518 2560 
f 2527 2513 2519 2540 
f 2532 2740 2739 2501 
f 2522 2762 2761 2502 
f 2533 2718 2717 2503 
f 2504 2534 2696 2695 
f 2506 2536 2526 2512 
f 2515 2529 2539 2516 
f 2524 2510 2525 
f 2541 2784 2783 2520 
f 2518 2531 2540 2519 
f 2512 2526 2528 2514 
f 2514 2528 2529 2515 
f 2507 2537 2530 2517 
f 2517 2530 2531 2518 
f 2307 2538 2535 2304 
f 2376 2525 2527 2375 
f 2308 2536 2538 2307 
f 2310 2537 2539 2475 
f 2375 2527 2540 2479 
f 2511 2548 2545 2505 
f 2510 2554 2556 2513 
f 2506 2546 2548 2511 
f 2507 2547 2549 2516 
f 2513 2556 2550 2519 
f 2542 2741 2730 2257 
f 2552 2763 2756 2256 
f 2543 2719 2713 2258 
f 2314 2544 2697 2694 
f 2311 2546 2555 2458 
f 2492 2558 2549 2493 
f 2553 2381 2554 
f 2551 2785 2782 2500 
f 2483 2560 2550 2484 
f 2458 2555 2557 2491 
f 2491 2557 2558 2492 
f 2312 2547 2559 2482 
f 2482 2559 2560 2483 
f 3599 2806 2799 3596 
f 2563 2764 2769 2672 
f 2563 2742 2746 2644 
f 2656 2566 2573 2650 
f 2647 2568 2698 2702 
f 2645 2564 2720 2724 
f 2657 2666 2948 2940 
f 2648 2570 2569 2382 
f 2382 2569 2666 2657 
f 2658 2574 2570 2648 
f 2384 2571 2969 2965 
f 2655 2565 2572 2649 
f 2665 2566 2572 2677 
f 2680 2576 2577 2668 
f 2661 2579 2580 2653 
f 2674 2567 2575 2679 
f 2679 2575 2576 2680 
f 2650 2573 2577 2659 
f 2646 2567 2578 2660 
f 2660 2578 2579 2661 
f 2667 2574 2580 2681 
f 2561 2786 2790 2654 
f 2808 2632 2581 
f 2581 2787 2778 2250 
f 2583 2765 2767 2633 
f 2584 2743 2745 2634 
f 2260 2584 2721 2714 
f 2317 2585 2699 2688 
f 2318 2586 2593 2455 
f 2498 2597 2598 2499 
f 2642 2600 2601 2631 
f 2457 2594 2589 2386 
f 2386 2589 2590 2387 
f 2387 2590 2591 2388 
f 2388 2591 2949 2941 
f 2389 2592 2970 2966 
f 2637 2587 2593 2626 
f 2438 2587 2595 2460 
f 2460 2595 2596 2497 
f 2497 2596 2597 2498 
f 2638 2588 2598 2640 
f 2627 2594 2599 2641 
f 2641 2599 2600 2642 
f 2319 2588 2601 2488 
f 3608 2807 2803 2221 
f 2602 2788 2781 2237 
f 2603 2766 2760 2245 
f 2604 2744 2738 2248 
f 2605 2722 2711 2249 
f 2302 2606 2700 2686 
f 2304 2607 2608 2307 
f 2307 2608 2609 2308 
f 2308 2609 2610 2309 
f 2471 2619 2620 2470 
f 2348 2613 2971 2963 
f 2477 2622 2623 2476 
f 2375 2614 2615 2376 
f 2377 2616 2950 2938 
f 2371 2616 2617 2452 
f 2376 2615 2617 2380 
f 2295 2611 2618 2472 
f 2472 2618 2619 2471 
f 2309 2610 2620 2473 
f 2363 2614 2621 2478 
f 2478 2621 2622 2477 
f 2310 2611 2623 2481 
f 2632 2789 2787 2581 
f 2584 2634 2723 2721 
f 2585 2635 2701 2699 
f 2586 2636 2626 2593 
f 2597 2630 2640 2598 
f 2594 2627 2639 2589 
f 2590 2589 2639 
f 2587 2637 2628 2595 
f 2595 2628 2629 2596 
f 2596 2629 2630 2597 
f 2588 2638 2631 2601 
f 2632 2808 2799 2251 
f 2633 2767 2754 2253 
f 2634 2745 2731 2259 
f 2486 2642 2631 2485 
f 2316 2637 2626 2454 
f 2320 2638 2640 2496 
f 2385 2627 2641 2487 
f 2487 2641 2642 2486 
f 3045 3044 2216 
f 2644 2768 2764 2563 
f 2566 2656 2649 2572 
f 2576 2652 2659 2577 
f 2567 2646 2651 2575 
f 2575 2651 2652 2576 
f 2574 2658 2653 2580 
f 2644 2746 2731 2253 
f 2316 2656 2650 2459 
f 2313 2647 2702 2687 
f 2259 2645 2724 2712 
f 2382 2383 2648 
f 2385 2658 2648 2383 
f 2315 2655 2649 2454 
f 2486 2661 2653 2487 
f 2459 2650 2659 2494 
f 2320 2646 2660 2485 
f 2485 2660 2661 2486 
f 2654 2790 2777 2251 
f 2672 2747 2742 2563 
f 2566 2665 2678 2573 
f 2568 2675 2703 2698 
f 2564 2673 2725 2720 
f 2569 2570 2676 
f 2574 2667 2676 2570 
f 2565 2664 2677 2572 
f 2579 2670 2681 2580 
f 2573 2678 2668 2577 
f 2567 2674 2669 2578 
f 2578 2669 2670 2579 
f 2663 2791 2786 2561 
f 2672 2769 2756 2257 
f 2311 2665 2677 2456 
f 2492 2680 2668 2491 
f 2312 2674 2679 2493 
f 2493 2679 2680 2492 
f 2461 2667 2681 2484 
f 3050 3051 2521 3350 
f 3360 3031 3014 3382 
f 2682 2834 2814 2276 
f 2693 2865 2842 2422 
f 2692 2683 2278 2405 
f 2685 2684 2288 2303 
f 2700 2685 2303 2607 
f 2696 2686 2304 2535 
f 2314 2694 2703 2675 
f 2636 2701 2687 2315 
f 2202 2690 3001 2979 
f 2261 2691 2928 2911 
f 2268 2689 2896 2878 
f 2684 2692 2405 2288 
f 2683 2693 2422 2278 
f 2545 2697 2695 2505 
f 2505 2695 2696 2535 
f 2453 2694 2697 2545 
f 2655 2702 2698 2565 
f 2318 2688 2699 2586 
f 2686 2700 2607 2304 
f 2586 2699 2701 2636 
f 2315 2687 2702 2655 
f 2565 2698 2703 2664 
f 2390 2704 3002 2995 
f 2260 2714 3032 3016 
f 2391 2705 2929 2924 
f 2269 2706 2897 2885 
f 2275 2707 2835 2813 
f 2286 2716 2708 2243 
f 2404 2715 2708 2277 
f 2301 2710 2709 2287 
f 2606 2722 2710 2301 
f 2534 2718 2711 2302 
f 2259 2712 2723 2634 
f 2258 2713 2725 2673 
f 2287 2709 2715 2404 
f 2229 2707 2866 2849 
f 2544 2719 2717 2504 
f 2504 2717 2718 2534 
f 2314 2713 2719 2544 
f 2647 2724 2720 2568 
f 2317 2714 2721 2585 
f 2302 2711 2722 2606 
f 2585 2721 2723 2635 
f 2313 2712 2724 2647 
f 2568 2720 2725 2675 
f 3797 3798 3003 2996 
f 2403 2737 2727 2243 
f 2247 2729 2728 2242 
f 2605 2744 2729 2247 
f 2248 2738 2740 2532 
f 2257 2730 2747 2672 
f 2260 2732 2743 2584 
f 2255 2732 3033 3017 
f 2286 2733 2867 2849 
f 2243 2727 2733 2286 
f 2223 2735 2930 2910 
f 2228 2726 2898 2874 
f 2229 2736 2836 2812 
f 2242 2728 2737 2403 
f 2543 2741 2739 2503 
f 2503 2739 2740 2533 
f 2258 2730 2741 2543 
f 2645 2746 2742 2564 
f 2633 2745 2743 2583 
f 2249 2738 2744 2605 
f 2253 2731 2745 2633 
f 2259 2731 2746 2645 
f 2564 2742 2747 2673 
f 2393 2749 2931 2925 
f 2394 2757 2899 2886 
f 2395 2750 2837 2827 
f 2239 2752 2751 2240 
f 2402 2759 2752 2239 
f 2246 2758 2753 2241 
f 2244 2758 2766 2603 
f 2255 2755 2765 2583 
f 2254 2755 3034 3018 
f 2245 2760 2762 2522 
f 2253 2754 2768 2644 
f 2240 2751 2868 2848 
f 7663 3796 3004 2977 
f 2241 2753 2759 2402 
f 2542 2763 2761 2501 
f 2501 2761 2762 2532 
f 2257 2756 2763 2542 
f 2671 2769 2764 2562 
f 2625 2767 2765 2582 
f 2248 2760 2766 2604 
f 2252 2754 2767 2625 
f 2562 2764 2768 2643 
f 2256 2756 2769 2671 
f 2200 2770 3005 2977 
f 2222 2771 2932 2909 
f 2225 2772 2900 2873 
f 2227 2773 2838 2811 
f 2231 2774 2869 2840 
f 2233 2775 2774 2231 
f 2401 2780 2775 2233 
f 2244 2779 2776 2238 
f 2236 2779 2788 2602 
f 2251 2777 2789 2632 
f 2250 2778 3035 3019 
f 2238 2776 2780 2401 
f 2522 2784 2781 2245 
f 2671 2791 2782 2256 
f 2552 2785 2783 2502 
f 2502 2783 2784 2522 
f 2256 2782 2785 2552 
f 2643 2790 2786 2562 
f 2254 2778 2787 2582 
f 2245 2781 2788 2603 
f 2582 2787 2789 2625 
f 2252 2777 2790 2643 
f 2562 2786 2791 2671 
f 2792 2933 2904 4035 
f 2224 2794 2901 2872 
f 2226 2795 2839 2810 
f 2230 2796 2870 2841 
f 2232 2797 2796 2230 
f 2235 2801 2800 3611 
f 3611 2800 2807 3608 
f 2221 2803 2805 3603 
f 3601 2804 2806 3599 
f 2250 2798 2808 2581 
f 2220 2798 3036 3691 
f 3574 2802 2801 2235 
f 3575 2797 2802 3574 
f 2551 2804 2805 2520 
f 2541 2520 2805 
f 2551 2500 2804 
f 2654 2799 2806 2561 
f 2237 2803 2807 2602 
f 3596 2799 2808 3573 
f 2654 2251 2799 
f 2663 2561 2806 
f 3532 3581 2839 2795 
f 2810 2838 2773 2226 
f 2227 2811 2837 2750 
f 2229 2812 2835 2707 
f 2275 2813 2834 2682 
f 2276 2814 2828 2399 
f 2279 2815 2816 2280 
f 2280 2816 2833 2465 
f 2281 2817 2818 2282 
f 2282 2818 2819 2285 
f 2351 2821 2829 2429 
f 2353 2825 2822 2354 
f 2339 2823 2972 2958 
f 2285 2819 2824 2350 
f 2350 2824 2821 2351 
f 2352 2820 2825 2353 
f 2334 2826 2822 2333 
f 2335 2823 2951 2936 
f 2440 2831 2832 2441 
f 2832 2809 2439 2441 
f 2726 2836 2827 2394 
f 2270 2815 2828 2398 
f 2328 2820 2829 2428 
f 2215 3342 3368 2809 
f 2336 2831 3052 3042 
f 2272 2817 2833 2464 
f 2268 2814 2834 2689 
f 2269 2813 2835 2706 
f 2228 2812 2836 2726 
f 2394 2827 2837 2757 
f 2811 2838 2772 2225 
f 2810 2839 2794 2224 
f 2439 3366 3348 2862 
f 3577 2870 2796 3576 
f 2841 2869 2774 2230 
f 2421 2843 2865 2693 
f 2399 2859 2842 2276 
f 2424 2844 2845 2425 
f 2425 2845 2864 2469 
f 2426 2846 2847 2427 
f 2427 2847 2858 2360 
f 2867 2848 2395 2736 
f 2868 2840 2227 2750 
f 2342 2851 3053 3049 
f 2343 2852 2973 2959 
f 2359 2854 2860 2432 
f 2366 2853 2856 2356 
f 2355 2855 2857 2358 
f 2354 2855 2856 2353 
f 2358 2857 2952 2943 
f 2434 2861 2854 2359 
f 2279 2844 2859 2399 
f 2275 2843 2866 2707 
f 2352 2853 2860 2429 
f 2360 2858 2861 2434 
f 2441 2863 2850 2440 
f 2862 2863 2441 2439 
f 2281 2846 2864 2465 
f 2276 2842 2865 2682 
f 2849 2866 2716 2286 
f 2229 2849 2867 2736 
f 2395 2848 2868 2750 
f 2840 2869 2773 2227 
f 2841 2870 2795 2226 
f 2214 3338 3344 2871 
f 2219 3588 2901 2794 
f 2872 2900 2772 2224 
f 2225 2873 2899 2757 
f 2273 2875 2876 2274 
f 2274 2876 2877 2330 
f 2330 2877 2883 2329 
f 2228 2874 2897 2706 
f 2268 2878 2887 2398 
f 2270 2879 2880 2271 
f 2271 2880 2895 2464 
f 2272 2881 2875 2273 
f 2329 2883 2882 2428 
f 2331 2884 2882 2321 
f 2324 2888 2884 2331 
f 2332 2888 2889 2333 
f 2333 2889 2890 2334 
f 2334 2890 2953 2936 
f 2337 2892 3054 3042 
f 2335 2891 2974 2957 
f 2336 2893 2894 2349 
f 2894 2871 2215 2349 
f 2691 2896 2885 2391 
f 2735 2898 2886 2393 
f 2262 2879 2887 2397 
f 2264 2881 2895 2463 
f 2261 2878 2896 2691 
f 2391 2885 2897 2705 
f 2223 2874 2898 2735 
f 2393 2886 2899 2749 
f 2873 2900 2771 2222 
f 2218 2872 2901 2793 
f 3340 2903 2419 3362 
f 2199 2908 2933 2792 
f 2908 2932 2771 2218 
f 2909 2931 2749 2222 
f 2223 2910 2929 2705 
f 2261 2911 2926 2397 
f 2262 2912 2913 2263 
f 2263 2913 2927 2463 
f 2264 2914 2915 2265 
f 2265 2915 2905 2266 
f 2266 2905 2916 2267 
f 2196 2917 2916 2197 
f 2207 2918 2917 2196 
f 2324 2906 2919 2323 
f 2323 2919 2920 2325 
f 2325 2920 2954 2935 
f 2326 2921 2975 2956 
f 2327 2922 3055 3041 
f 2209 2906 2923 2208 
f 2208 2923 2918 2207 
f 2690 2928 2924 2390 
f 2734 2930 2925 2392 
f 2203 2912 2926 2396 
f 2419 2903 2907 2420 
f 2195 2902 2907 2193 
f 2205 2914 2927 2462 
f 2202 2911 2928 2690 
f 2390 2924 2929 2704 
f 2201 2910 2930 2734 
f 2392 2925 2931 2748 
f 2909 2932 2770 2200 
f 2217 2904 2933 2793 
f 3023 3330 3328 3037 
f 2934 3007 2992 2212 
f 2954 2934 2212 2921 
f 2953 2935 2326 2891 
f 2951 2937 2357 2826 
f 2952 2937 2339 2852 
f 2947 2938 2348 2508 
f 2942 2948 2666 2379 
f 2950 2939 2347 2613 
f 2949 2940 2384 2592 
f 2944 2943 2343 2344 
f 2946 2944 2344 2413 
f 2939 2945 2345 2347 
f 2945 2946 2413 2345 
f 2942 2947 2508 2378 
f 2940 2948 2571 2384 
f 2941 2949 2592 2389 
f 2938 2950 2613 2348 
f 2936 2951 2826 2334 
f 2943 2952 2852 2343 
f 2936 2953 2891 2335 
f 2935 2954 2921 2326 
f 3038 3009 3334 3332 
f 2955 3008 2993 2213 
f 2975 2955 2213 2922 
f 2974 2956 2327 2892 
f 2972 2957 2337 2830 
f 2973 2958 2338 2851 
f 2960 2959 2342 2340 
f 2967 2960 2340 2412 
f 2962 2961 2341 2346 
f 2971 2962 2346 2612 
f 2968 2963 2612 2523 
f 2969 2964 2523 2662 
f 2970 2965 2662 2624 
f 2961 2967 2412 2341 
f 2968 2523 2964 
f 2969 2662 2965 
f 2970 2624 2966 
f 2971 2612 2963 
f 2958 2972 2830 2338 
f 2959 2973 2851 2342 
f 2957 2974 2892 2337 
f 2956 2975 2922 2327 
f 2448 3352 2442 
f 3799 2976 3006 3800 
f 3801 3005 2976 3799 
f 3802 2978 3003 3798 
f 3803 3002 2978 3802 
f 3804 2997 2979 2190 
f 3805 2981 2980 3230 
f 3806 3000 2981 3805 
f 3807 2983 2982 7683 
f 3808 2984 2983 3807 
f 2191 2985 2984 3808 
f 7684 2986 2985 2191 
f 3809 2987 2986 7684 
f 3810 2988 2987 3809 
f 3811 2989 2988 3810 
f 3812 2990 2989 3811 
f 3813 2991 2990 3812 
f 7685 3007 2991 3813 
f 3814 3008 2992 3815 
f 3816 2994 3056 3817 
f 3231 2999 2994 3816 
f 7686 3001 2995 3232 
f 2748 3004 2996 2392 
f 3230 2980 2997 3804 
f 3364 2998 3819 3818 
f 3819 2998 2999 3231 
f 7683 2982 3000 3806 
f 2190 2979 3001 7686 
f 3232 2995 3002 3803 
f 2392 2996 3003 2734 
f 2200 2977 3004 2748 
f 7663 2977 3005 3801 
f 3815 2992 3007 7685 
f 7687 2993 3008 3814 
f 2488 2489 3026 3027 
f 2941 3037 3010 2388 
f 2966 3038 3023 2389 
f 2460 3024 3013 2438 
f 2688 3031 3015 2317 
f 3032 3015 3358 3385 
f 3391 3389 3036 3019 
f 3395 3393 3035 3018 
f 3399 3397 3034 3017 
f 3403 3401 3033 3016 
f 3020 3405 3374 3011 
f 3010 3326 3405 3020 
f 3013 3354 3407 3021 
f 3014 3021 3407 3382 
f 2386 3011 3022 2457 
f 2498 3029 3030 2497 
f 2490 2457 3022 3025 
f 2490 3025 3026 2489 
f 3027 3378 3380 3012 
f 3012 3028 2499 2319 
f 2498 2499 3028 3029 
f 3030 3356 3024 
f 2318 3014 3031 2688 
f 3016 3032 3385 3403 
f 3401 3399 3017 3033 
f 3397 3395 3018 3034 
f 3393 3391 3019 3035 
f 3389 3387 3691 3036 
f 2389 3023 3037 2941 
f 2624 3009 3038 2966 
f 3009 2624 3039 3336 
f 2194 3040 3056 2994 
f 3055 3040 2194 2902 
f 3054 3041 2195 2893 
f 3046 3053 2851 2338 
f 3044 3043 2192 2216 
f 3051 3045 2216 2521 
f 3052 3046 2338 2830 
f 3043 3047 2445 2192 
f 3047 3048 2444 2445 
f 3048 3049 2443 2444 
f 3050 3350 3039 
f 2612 2346 3044 3045 
f 3051 3050 2662 2523 
f 3042 3052 2830 2337 
f 3049 3053 2850 2443 
f 3042 3054 2893 2336 
f 3041 3055 2902 2195 
f 7687 3817 3056 2993 
f 3039 3350 3336 
f 3469 3792 3795 3593 
f 4235 3408 3788 4233 
f 3441 4239 4241 3442 
f 4245 4247 3439 3438 
f 4251 4253 3419 3418 
f 4257 4259 3466 3789 
f 3787 3468 4263 4265 
f 3468 3467 4269 4263 
f 4259 4269 3467 3466 
f 3423 4272 4274 3424 
f 3430 4278 4280 3431 
f 4284 4286 3790 3465 
f 3410 4290 4292 3411 
f 4296 4298 3779 3433 
f 3432 4302 4296 3433 
f 3431 4280 4302 3432 
f 4305 4307 3429 3781 
f 4307 4278 3430 3429 
f 3470 3701 3138 3471 
f 3196 3632 3519 3472 
f 4311 4313 3434 3780 
f 3426 4317 4319 3427 
f 3473 3079 3078 3474 
f 3058 3059 3476 3475 
f 3477 3076 3202 3478 
f 4323 4325 3437 3436 
f 3479 3064 3065 3480 
f 3425 4329 4317 3426 
f 3481 3215 3214 3482 
f 4332 4323 3436 3435 
f 3480 3065 3066 3483 
f 3234 3061 3060 3236 
f 3428 4335 4337 3782 
f 3060 3067 3238 3236 
f 3427 4319 4335 3428 
f 3061 3058 3475 3484 
f 4313 4332 3435 3434 
f 3483 3066 3063 3485 
f 3058 3242 3240 3059 
f 3244 3214 3215 3246 
f 3060 3061 3484 3486 
f 3061 3234 3242 3058 
f 3491 3067 3487 
f 3248 3222 3223 3250 
f 3252 3078 3079 3254 
f 3258 3256 3065 3064 
f 3256 3260 3066 3065 
f 3067 3784 3485 3063 
f 3260 3262 3063 3066 
f 3786 3067 3060 3486 
f 3067 3264 3238 
f 3067 3266 3264 
f 3063 3262 3266 3067 
f 3795 3794 3492 3592 
f 3791 3493 3795 
f 3494 3793 3795 
f 3495 3494 3795 
f 3493 3495 3795 
f 3268 3074 3198 3270 
f 3134 3080 3081 3135 
f 3218 3221 3220 3219 
f 3112 3111 3205 3204 
f 3463 4341 4343 3464 
f 3496 3142 3141 3497 
f 3146 3145 3148 3147 
f 3460 4347 4349 3461 
f 3272 3141 3142 3274 
f 3498 3150 3149 3499 
f 3154 3153 3156 3155 
f 3457 4353 4355 3458 
f 3276 3149 3150 3278 
f 3500 3158 3157 3501 
f 3162 3161 3164 3163 
f 3454 4359 4361 3455 
f 3280 3157 3158 3282 
f 3502 3166 3165 3503 
f 3170 3169 3172 3171 
f 3451 4365 4367 3452 
f 3284 3165 3166 3286 
f 3504 3173 3178 3505 
f 3175 3180 3177 3176 
f 3448 4371 4373 3449 
f 3288 3178 3173 3290 
f 3506 3194 3193 3507 
f 3106 3105 3186 3182 
f 3443 4377 4379 3444 
f 3292 3073 3183 3294 
f 3508 3223 3222 3509 
f 3227 3226 3229 3228 
f 4383 4385 3415 3414 
f 4389 4391 3417 3416 
f 3420 4395 4397 3421 
f 3510 3074 3821 3820 
f 3511 3075 3198 3512 
f 3206 3514 3513 3207 
f 3296 3206 3207 3298 
f 3300 3075 3202 3302 
f 3074 3268 3822 3821 
f 3109 3108 3201 3200 
f 3210 3213 3212 3211 
f 3413 4401 4403 3823 
f 3411 4292 4406 3412 
f 4410 4290 3410 3409 
f 3515 3077 3197 3516 
f 3632 3077 3515 3519 
f 3517 3825 3824 3652 
f 3084 3085 3127 3126 
f 3117 3119 3124 3120 
f 3124 3137 3122 3120 
f 3129 3128 3125 3126 
f 3122 3137 3128 3129 
f 4325 4245 3438 3437 
f 3439 4247 4412 3440 
f 3474 3078 3064 3479 
f 3079 3473 3518 3062 
f 3079 3062 3304 3254 
f 3078 3252 3258 3064 
f 3083 3131 3132 3084 
f 3131 3134 3135 3132 
f 3327 3329 3136 3082 
f 3135 3081 3082 3136 
f 3134 3253 3303 3080 
f 3347 3216 3217 3345 
f 3216 3218 3219 3217 
f 3245 3220 3221 3243 
f 3203 3337 3339 3113 
f 3113 3112 3204 3203 
f 3116 3205 3301 3305 
f 3392 3143 3144 3390 
f 3144 3143 3145 3146 
f 3271 3273 3147 3148 
f 3398 3151 3152 3396 
f 3152 3151 3153 3154 
f 3275 3277 3155 3156 
f 3384 3159 3160 3402 
f 3160 3159 3161 3162 
f 3279 3281 3163 3164 
f 3381 3167 3168 3359 
f 3168 3167 3169 3170 
f 3283 3285 3171 3172 
f 3355 3179 3174 3353 
f 3174 3179 3180 3175 
f 3287 3289 3176 3177 
f 3107 3181 3371 3373 
f 3107 3106 3182 3181 
f 3309 3307 3184 3185 
f 3404 3325 3224 3225 
f 3225 3224 3226 3227 
f 3249 3228 3229 3247 
f 3108 3827 3826 3267 
f 3110 3199 3361 3363 
f 3110 3109 3200 3199 
f 3111 3201 3269 3299 
f 3209 3295 3297 3208 
f 3208 3210 3211 3209 
f 3213 3367 3341 3212 
f 3125 3255 3257 3083 
f 3083 3084 3126 3125 
f 3085 3333 3335 3127 
f 3118 3369 3345 3217 
f 3121 3351 3369 3118 
f 3118 3117 3120 3121 
f 3119 3239 3241 3124 
f 3241 3233 3124 
f 3123 3351 3121 
f 3120 3122 3123 3121 
f 3235 3237 3137 3124 
f 3233 3235 3124 
f 3127 3335 3349 3130 
f 3130 3129 3126 3127 
f 3128 3259 3255 3125 
f 3261 3259 3128 
f 3349 3351 3123 3130 
f 3122 3129 3130 3123 
f 3137 3265 3261 3128 
f 3331 3333 3085 3133 
f 3084 3132 3133 3085 
f 3083 3257 3251 3131 
f 3329 3331 3133 3136 
f 3132 3135 3136 3133 
f 3131 3251 3253 3134 
f 3237 3263 3137 
f 3263 3265 3137 
f 3109 3828 3827 3108 
f 3383 8118 3110 3363 
f 3110 8118 3828 3109 
f 3471 3138 3068 3522 
f 3701 3470 3469 3593 
f 3089 3140 3139 3090 
f 3464 4343 4284 3465 
f 4416 4341 3463 3462 
f 3138 3742 3312 3068 
f 3678 3386 3388 3091 
f 3090 3139 3678 3091 
f 3311 3741 3140 3089 
f 3497 3141 3069 3523 
f 3142 3496 3522 3068 
f 3090 3146 3147 3089 
f 3092 3148 3145 3093 
f 3461 4349 4416 3462 
f 4419 4347 3460 3459 
f 3274 3142 3068 3312 
f 3141 3272 3314 3069 
f 3390 3144 3091 3388 
f 3143 3392 3394 3094 
f 3091 3144 3146 3090 
f 3093 3145 3143 3094 
f 3313 3271 3148 3092 
f 3273 3311 3089 3147 
f 3499 3149 3070 3524 
f 3150 3498 3523 3069 
f 3093 3154 3155 3092 
f 3095 3156 3153 3096 
f 3458 4355 4419 3459 
f 4422 4353 3457 3456 
f 3278 3150 3069 3314 
f 3149 3276 3316 3070 
f 3396 3152 3094 3394 
f 3151 3398 3400 3097 
f 3094 3152 3154 3093 
f 3096 3153 3151 3097 
f 3315 3275 3156 3095 
f 3277 3313 3092 3155 
f 3501 3157 3071 3525 
f 3158 3500 3524 3070 
f 3096 3162 3163 3095 
f 3098 3164 3161 3099 
f 3455 4361 4422 3456 
f 4425 4359 3454 3453 
f 3282 3158 3070 3316 
f 3157 3280 3318 3071 
f 3402 3160 3097 3400 
f 3159 3384 3357 3100 
f 3097 3160 3162 3096 
f 3099 3161 3159 3100 
f 3317 3279 3164 3098 
f 3281 3315 3095 3163 
f 3503 3165 3072 3526 
f 3166 3502 3525 3071 
f 3099 3170 3171 3098 
f 3101 3172 3169 3102 
f 3452 4367 4425 3453 
f 4428 4365 3451 3450 
f 3286 3166 3071 3318 
f 3165 3284 3320 3072 
f 3359 3168 3100 3357 
f 3167 3381 3406 3103 
f 3100 3168 3170 3099 
f 3102 3169 3167 3103 
f 3319 3283 3172 3101 
f 3285 3317 3098 3171 
f 3173 3504 3526 3072 
f 3102 3175 3176 3101 
f 3449 4373 4428 3450 
f 3290 3173 3072 3320 
f 3353 3174 3103 3406 
f 3103 3174 3175 3102 
f 3289 3319 3101 3176 
f 3505 3178 3195 3527 
f 3104 3177 3180 3192 
f 4431 4371 3448 3447 
f 3178 3288 3322 3195 
f 3179 3355 3375 3189 
f 3192 3180 3179 3189 
f 3321 3287 3177 3104 
f 3521 3183 3073 3520 
f 3293 3186 3105 3291 
f 3507 3193 3183 3521 
f 3194 3506 3527 3195 
f 3293 3309 3185 3186 
f 3307 3321 3104 3184 
f 3192 3191 3184 3104 
f 3191 3190 3185 3184 
f 3186 3185 3190 3182 
f 3446 4434 4431 3447 
f 3445 4437 4434 3446 
f 4379 4437 3445 3444 
f 3308 3194 3195 3322 
f 3310 3193 3194 3308 
f 3193 3310 3294 3183 
f 3379 3188 3189 3375 
f 3377 3187 3188 3379 
f 3187 3377 3371 3181 
f 3189 3188 3191 3192 
f 3188 3187 3190 3191 
f 3182 3190 3187 3181 
f 4406 4401 3413 3412 
f 3652 3196 3472 3517 
f 4235 4410 3409 3408 
f 3516 3197 3592 3492 
f 3270 3198 3075 3300 
f 4385 4389 3416 3415 
f 3512 3198 3074 3510 
f 3112 3200 3201 3111 
f 3113 3339 3361 3199 
f 3113 3199 3200 3112 
f 3269 3201 3108 3267 
f 4391 4251 3418 3417 
f 3478 3202 3075 3511 
f 3204 3205 3116 3115 
f 3302 3202 3076 3306 
f 3114 3343 3337 3203 
f 3203 3204 3115 3114 
f 3301 3205 3111 3299 
f 3421 4397 4439 3422 
f 4253 4395 3420 3419 
f 3207 3513 3528 3057 
f 3514 3206 3076 3477 
f 3298 3207 3057 3324 
f 3206 3296 3306 3076 
f 3211 3212 3114 3115 
f 3213 3210 3087 3088 
f 3116 3305 3295 3209 
f 3323 3086 3208 3297 
f 3209 3211 3115 3116 
f 3210 3208 3086 3087 
f 3088 3365 3367 3213 
f 3343 3114 3212 3341 
f 3424 4274 4329 3425 
f 4439 4272 3423 3422 
f 3482 3214 3057 3528 
f 3215 3481 3476 3059 
f 3246 3215 3059 3240 
f 3214 3244 3324 3057 
f 3219 3220 3119 3117 
f 3221 3218 3087 3086 
f 3365 3088 3216 3347 
f 3217 3219 3117 3118 
f 3218 3216 3088 3087 
f 3086 3323 3243 3221 
f 3245 3239 3119 3220 
f 3442 4241 4377 3443 
f 4412 4239 3441 3440 
f 3250 3223 3073 3292 
f 3222 3248 3304 3062 
f 3509 3222 3062 3518 
f 3223 3508 3520 3073 
f 3106 3227 3228 3105 
f 3080 3229 3226 3081 
f 3404 3225 3107 3373 
f 3325 3327 3082 3224 
f 3107 3225 3227 3106 
f 3081 3226 3224 3082 
f 3247 3229 3080 3303 
f 3228 3249 3291 3105 
f 3233 3234 3236 3235 
f 3235 3236 3238 3237 
f 3239 3240 3242 3241 
f 3243 3244 3246 3245 
f 3241 3242 3234 3233 
f 3247 3248 3250 3249 
f 3251 3252 3254 3253 
f 3255 3256 3258 3257 
f 3259 3260 3256 3255 
f 3261 3262 3260 3259 
f 3237 3238 3264 3263 
f 3263 3264 3266 3265 
f 3265 3266 3262 3261 
f 3267 3268 3270 3269 
f 3271 3272 3274 3273 
f 3275 3276 3278 3277 
f 3279 3280 3282 3281 
f 3283 3284 3286 3285 
f 3287 3288 3290 3289 
f 3291 3292 3294 3293 
f 3295 3296 3298 3297 
f 3299 3300 3302 3301 
f 3826 3822 3268 3267 
f 3253 3254 3304 3303 
f 3257 3258 3252 3251 
f 3311 3312 3742 3741 
f 3273 3274 3312 3311 
f 3313 3314 3272 3271 
f 3277 3278 3314 3313 
f 3315 3316 3276 3275 
f 3281 3282 3316 3315 
f 3317 3318 3280 3279 
f 3285 3286 3318 3317 
f 3319 3320 3284 3283 
f 3289 3290 3320 3319 
f 3321 3322 3288 3287 
f 3307 3308 3322 3321 
f 3309 3310 3308 3307 
f 3293 3294 3310 3309 
f 3269 3270 3300 3299 
f 3301 3302 3306 3305 
f 3297 3298 3324 3323 
f 3305 3306 3296 3295 
f 3245 3246 3240 3239 
f 3323 3324 3244 3243 
f 3249 3250 3292 3291 
f 3303 3304 3248 3247 
f 3325 3326 3328 3327 
f 3329 3330 3332 3331 
f 3333 3334 3336 3335 
f 3337 3338 3340 3339 
f 3341 3342 3344 3343 
f 3345 3346 3348 3347 
f 3349 3350 3352 3351 
f 3353 3354 3356 3355 
f 3357 3358 3360 3359 
f 3361 3362 3364 3363 
f 3365 3366 3368 3367 
f 3369 3370 3346 3345 
f 3351 3352 3370 3369 
f 3371 3372 3374 3373 
f 3355 3356 3376 3375 
f 3377 3378 3372 3371 
f 3375 3376 3380 3379 
f 3359 3360 3382 3381 
f 3367 3368 3342 3341 
f 3347 3348 3366 3365 
f 3343 3344 3338 3337 
f 3339 3340 3362 3361 
f 3327 3328 3330 3329 
f 3331 3332 3334 3333 
f 3363 3364 3818 3383 
f 3384 3385 3358 3357 
f 3388 3389 3391 3390 
f 3392 3393 3395 3394 
f 3396 3397 3399 3398 
f 3400 3401 3403 3402 
f 3373 3374 3405 3404 
f 3404 3405 3326 3325 
f 3406 3407 3354 3353 
f 3381 3382 3407 3406 
f 3379 3380 3378 3377 
f 3402 3403 3385 3384 
f 3398 3399 3401 3400 
f 3394 3395 3397 3396 
f 3390 3391 3393 3392 
f 3386 3387 3389 3388 
f 3335 3336 3350 3349 
s 2
f 3788 3408 3492 3794 
f 3409 3516 3492 3408 
f 3410 3411 3519 3515 
f 3412 3472 3519 3411 
f 3415 3510 3820 3414 
f 3416 3512 3510 3415 
f 3418 3478 3511 3417 
f 3423 3482 3528 3422 
f 3424 3481 3482 3423 
f 3425 3476 3481 3424 
f 3426 3475 3476 3425 
f 3427 3484 3475 3426 
f 3428 3486 3484 3427 
f 3428 3782 3786 3486 
f 3781 3429 3487 3785 
f 3430 3491 3487 3429 
f 3431 3490 3491 3430 
f 3432 3489 3490 3431 
f 3433 3488 3489 3432 
f 3433 3779 3783 3488 
f 3780 3434 3485 3784 
f 3435 3483 3485 3434 
f 3436 3480 3483 3435 
f 3437 3479 3480 3436 
f 3438 3474 3479 3437 
f 3439 3473 3474 3438 
f 3441 3509 3518 3440 
f 3442 3508 3509 3441 
f 3443 3520 3508 3442 
f 3444 3521 3520 3443 
f 3448 3505 3527 3447 
f 3449 3504 3505 3448 
f 3450 3526 3504 3449 
f 3451 3503 3526 3450 
f 3452 3502 3503 3451 
f 3453 3525 3502 3452 
f 3454 3501 3525 3453 
f 3455 3500 3501 3454 
f 3456 3524 3500 3455 
f 3457 3499 3524 3456 
f 3458 3498 3499 3457 
f 3459 3523 3498 3458 
f 3460 3497 3523 3459 
f 3461 3496 3497 3460 
f 3462 3522 3496 3461 
f 3463 3471 3522 3462 
f 3464 3470 3471 3463 
f 3465 3469 3470 3464 
f 3465 3790 3792 3469 
f 3789 3466 3493 3791 
f 3467 3495 3493 3466 
f 3468 3494 3495 3467 
f 3468 3787 3793 3494 
s 1
f 3490 3489 3067 
f 3489 3488 3067 
f 3488 3783 3067 
f 3491 3490 3067 
f 3067 3785 3487 
s 2
f 3477 3478 3418 3419 
f 3506 3507 3445 3446 
f 3511 3512 3416 3417 
f 3513 3514 3420 3421 
f 3515 3516 3409 3410 
f 3825 3517 3413 3823 
f 3518 3473 3439 3440 
f 3507 3521 3444 3445 
f 3527 3506 3446 3447 
f 3472 3412 3413 3517 
f 3528 3513 3421 3422 
f 3514 3477 3419 3420 
s 1
f 3665 3672 3725 3727 
f 3666 3665 3727 3729 
f 3667 3666 3729 3731 
f 3668 3667 3731 3733 
f 3669 3668 3733 3735 
f 3670 3669 3735 3737 
f 3743 3725 3672 3706 
f 3689 3753 3755 3682 
f 3534 3540 3541 3535 
f 3541 3540 3546 3547 
f 3547 3546 3552 3553 
f 3553 3552 3558 3559 
f 3559 3558 3564 3565 
f 3565 3564 3570 3571 
f 3651 3639 3640 3650 
f 3696 3534 3535 3695 
f 3537 3543 3530 3529 
f 3536 3542 3543 3537 
f 3535 3541 3542 3536 
f 3539 3533 3613 3538 
f 3540 3534 3533 3539 
f 3717 3543 3549 
f 3543 3542 3548 3549 
f 3541 3547 3548 3542 
f 3544 3538 3615 3758 
f 3545 3539 3538 3544 
f 3546 3540 3539 3545 
f 3717 3549 3555 3718 
f 3549 3548 3554 3555 
f 3548 3547 3553 3554 
f 3760 3550 3544 3758 
f 3550 3551 3545 3544 
f 3551 3552 3546 3545 
f 3718 3555 3561 3719 
f 3555 3554 3560 3561 
f 3554 3553 3559 3560 
f 3762 3556 3550 3760 
f 3556 3557 3551 3550 
f 3557 3558 3552 3551 
f 3719 3561 3567 3720 
f 3561 3560 3566 3567 
f 3560 3559 3565 3566 
f 3764 3562 3556 3762 
f 3562 3563 3557 3556 
f 3563 3564 3558 3557 
f 3720 3567 3620 3721 
f 3567 3566 3572 3620 
f 3566 3565 3571 3572 
f 3766 3568 3562 3764 
f 3568 3569 3563 3562 
f 3569 3570 3564 3563 
f 3724 3645 3644 3723 
f 3636 3633 3634 3637 
f 3639 3636 3637 3640 
f 3768 3618 3568 3766 
f 3618 3619 3569 3568 
f 3569 3619 3570 
f 3693 3537 3529 3692 
f 3694 3536 3537 3693 
f 3695 3535 3536 3694 
f 3696 3574 2235 3702 
f 3579 3578 3529 3530 
f 3710 3579 3530 3709 
f 3697 3581 3532 3692 
f 3583 3582 3578 3579 
f 3711 3583 3579 3710 
f 3698 2219 3581 3697 
f 3586 3585 3582 3583 
f 3712 3586 3583 3711 
f 3699 3588 2219 3698 
f 3590 3589 3585 3586 
f 3713 3590 3586 3712 
f 2217 3588 3699 3700 
f 3626 3589 3590 3627 
f 3716 3627 3590 3713 
f 2904 2217 3700 3704 
f 3652 3752 3750 3196 
f 3593 3726 3744 3701 
f 3736 3795 3592 3738 
f 3593 3795 3728 3726 
f 3728 3795 3730 
f 3730 3795 3732 
f 3732 3795 3734 
f 3734 3795 3736 
f 3594 3573 2220 3703 
f 3597 3596 3573 3594 
f 3597 3600 3599 3596 
f 3600 3598 3602 
f 3605 3604 3602 3598 
f 3605 3607 3606 3604 
f 3615 3607 3605 3614 
f 3612 3611 3608 3609 
f 3606 3607 3610 3609 
f 3598 3597 3594 3595 
f 3598 3600 3597 
f 3600 3602 3601 3599 
f 3601 3602 3604 3603 
f 3604 3606 2221 3603 
f 3613 3612 3609 3610 
f 2221 3606 3609 3608 
f 3610 3538 3613 
f 3614 3605 3598 3616 
f 3616 3758 3614 
f 3607 3615 3538 3610 
f 3614 3758 3615 
f 3612 3702 2235 3611 
f 3616 3598 3595 3770 
f 3770 3758 3616 
f 3690 3770 3617 
f 3703 2220 3691 3708 
f 3679 3767 3765 3688 
f 3618 3768 3772 3623 
f 3619 3618 3623 3624 
f 3570 3619 3624 3625 
f 3197 3740 3738 3592 
f 3680 3771 3767 3679 
f 3625 3622 3571 3570 
f 3572 3621 3620 
f 3622 3621 3572 3571 
f 3077 3746 3740 3197 
f 3623 3772 3774 3629 
f 3624 3623 3629 3630 
f 3625 3624 3630 3631 
f 3681 3773 3771 3680 
f 3631 3641 3622 3625 
f 3722 3628 3591 3721 
f 3638 3635 3620 3621 
f 3641 3638 3621 3622 
f 3626 3627 3642 4034 
f 3716 3628 3644 3715 
f 3704 3626 4034 4033 
f 3077 3632 3748 3746 
f 3629 3774 3756 3646 
f 3630 3629 3646 3648 
f 3631 3630 3648 3650 
f 3682 3755 3773 3681 
f 3829 3671 3751 3830 
f 3650 3640 3641 3631 
f 3639 3651 3832 3831 
f 3723 3644 3628 3722 
f 3724 3633 3834 3833 
f 3637 3634 3635 3638 
f 3633 3636 3835 3834 
f 3640 3637 3638 3641 
f 3636 3639 3831 3835 
f 3632 3196 3750 3748 
f 3752 3652 3824 3836 
f 4036 3643 3837 4037 
f 4034 3642 3643 4036 
f 3714 3645 3839 3838 
f 3715 3644 3645 3714 
f 3647 3754 3841 3840 
f 3646 3756 3754 3647 
f 3649 3647 3840 3842 
f 3648 3646 3647 3649 
f 3651 3649 3842 3832 
f 3650 3648 3649 3651 
f 3677 3654 3653 3683 
f 3683 3653 3655 3684 
f 3684 3655 3656 3685 
f 3656 3657 3686 3685 
f 3657 3658 3687 3686 
f 3658 3659 3688 3687 
f 3705 3654 3677 3707 
f 3664 3663 3676 3671 
f 3660 3659 3670 3673 
f 3661 3660 3673 3674 
f 3662 3661 3674 3675 
f 3663 3662 3675 3676 
f 3664 3843 3844 3689 
f 3672 3665 3653 3654 
f 3665 3666 3655 3653 
f 3666 3667 3656 3655 
f 3667 3668 3657 3656 
f 3657 3668 3669 3658 
f 3669 3670 3659 3658 
f 3706 3672 3654 3705 
f 3671 3829 3843 3664 
f 3751 3671 3676 3749 
f 3673 3670 3737 3739 
f 3745 3674 3673 3739 
f 3747 3675 3674 3745 
f 3749 3676 3675 3747 
f 3689 3682 3663 3664 
f 3679 3688 3659 3660 
f 3680 3679 3660 3661 
f 3681 3680 3661 3662 
f 3682 3681 3662 3663 
f 3677 3683 3769 3775 
f 3769 3683 3684 3757 
f 3757 3684 3685 3759 
f 3759 3685 3686 3761 
f 3686 3687 3763 3761 
f 3687 3688 3765 3763 
f 3707 3677 3775 3777 
f 3689 3844 3845 3753 
f 3708 3691 3387 3778 
f 3776 3770 3690 
f 3741 3743 3706 3140 
f 3574 3696 3695 3575 
f 3577 3693 3692 3532 
f 3576 3694 3693 3577 
f 3575 3695 3694 3576 
f 3534 3696 3702 3533 
f 3578 3697 3692 3529 
f 3582 3698 3697 3578 
f 3585 3699 3698 3582 
f 3589 3700 3699 3585 
f 3704 3700 3589 3626 
f 3701 3744 3742 3138 
f 3533 3702 3612 3613 
f 3617 3703 3708 3690 
f 3704 4033 4035 2904 
f 3705 3707 3678 3139 
f 3706 3705 3139 3140 
f 3678 3707 3777 3386 
f 3690 3708 3778 3776 
f 3594 3703 3617 3595 
f 3617 3770 3595 
f 3580 3710 3709 3531 
f 3584 3711 3710 3580 
f 3587 3712 3711 3584 
f 3591 3713 3712 3587 
f 3628 3716 3713 3591 
f 3627 3716 3715 3642 
f 3714 3838 3837 3643 
f 3715 3714 3643 3642 
f 3531 3717 3718 3580 
f 3580 3718 3719 3584 
f 3584 3719 3720 3587 
f 3587 3720 3721 3591 
f 3724 3723 3634 3633 
f 3635 3722 3721 3620 
f 3634 3723 3722 3635 
f 3724 3833 3839 3645 
f 3531 3543 3717 
f 3709 3543 3531 
f 3530 3543 3709 
f 3751 3749 3750 3752 
f 3725 3743 3744 3726 
f 3737 3735 3736 3738 
f 3727 3725 3726 3728 
f 3729 3727 3728 3730 
f 3731 3729 3730 3732 
f 3733 3731 3732 3734 
f 3735 3733 3734 3736 
f 3739 3737 3738 3740 
f 3745 3739 3740 3746 
f 3747 3745 3746 3748 
f 3749 3747 3748 3750 
f 3830 3751 3752 3836 
f 3743 3741 3742 3744 
f 3757 3759 3760 3758 
f 3759 3761 3762 3760 
f 3761 3763 3764 3762 
f 3763 3765 3766 3764 
f 3765 3767 3768 3766 
f 3769 3757 3758 3770 
f 3767 3771 3772 3768 
f 3771 3773 3774 3772 
f 3773 3755 3756 3774 
f 3753 3845 3841 3754 
f 3755 3753 3754 3756 
f 3386 3777 3778 3387 
f 3775 3769 3770 3776 
f 3777 3775 3776 3778 
f 4298 4311 3780 3779 
f 3781 3782 4337 4305 
s 2
f 3785 3786 3782 3781 
f 3779 3780 3784 3783 
s 1
f 3067 3783 3784 
f 3786 3785 3067 
f 3792 3791 3795 
f 3795 3793 3794 
f 4265 4233 3788 3787 
f 3789 3790 4286 4257 
s 2
f 3787 3788 3794 3793 
f 3791 3792 3790 3789 
f 4443 4445 4236 4232 
f 4095 4091 4242 4238 
f 4101 4097 4248 4244 
f 4107 4103 4254 4250 
f 4449 4451 4260 4256 
f 4455 4457 4266 4262 
f 4461 4455 4262 4268 
f 4451 4461 4268 4260 
f 4113 4109 4275 4271 
f 4119 4115 4281 4277 
f 4464 4466 4287 4283 
f 4470 4472 4293 4289 
f 4125 4121 4299 4295 
f 4128 4125 4295 4301 
f 4115 4128 4301 4281 
f 4134 4130 4308 4304 
f 4130 4119 4277 4308 
f 4140 4136 4314 4310 
f 4146 4142 4320 4316 
f 4152 4148 4326 4322 
f 4155 4146 4316 4328 
f 4158 4152 4322 4331 
f 4164 4160 4338 4334 
f 4142 4164 4334 4320 
f 4136 4158 4331 4314 
f 4476 4478 4344 4340 
f 4170 4166 4350 4346 
f 4482 4484 4356 4352 
f 4211 4487 4362 4358 
f 4176 4172 4368 4364 
f 4182 4178 4374 4370 
f 4188 4184 4380 4376 
f 4194 4190 4386 4382 
f 4200 4196 4392 4388 
f 4206 4202 4398 4394 
f 4491 4493 4404 4400 
f 4472 4496 4407 4293 
f 4500 4470 4289 4409 
f 4148 4101 4244 4326 
f 4097 4208 4413 4248 
f 4478 4464 4283 4344 
f 4503 4476 4340 4415 
f 4166 4503 4415 4350 
f 4506 4170 4346 4418 
f 4484 4506 4418 4356 
f 4509 4482 4352 4421 
f 4487 4509 4421 4362 
f 4215 4211 4358 4424 
f 4172 4215 4424 4368 
f 4218 4176 4364 4427 
f 4178 4218 4427 4374 
f 4221 4182 4370 4430 
f 4224 4221 4430 4433 
f 4227 4224 4433 4436 
f 4184 4227 4436 4380 
f 4496 4491 4400 4407 
f 4445 4500 4409 4236 
f 4190 4200 4388 4386 
f 4196 4107 4250 4392 
f 4202 4229 4440 4398 
f 4103 4206 4394 4254 
f 4109 4155 4328 4275 
f 4229 4113 4271 4440 
f 4091 4188 4376 4242 
f 4208 4095 4238 4413 
f 4121 4140 4310 4299 
f 4160 4134 4304 4338 
f 4457 4443 4232 4266 
f 4466 4449 4256 4287 
s 1
f 4037 4011 3982 
f 4034 4036 3984 3986 
f 4034 3986 3990 4033 
f 4033 3994 3992 
f 4035 3998 3996 
f 3800 3006 4002 4000 
f 4035 3996 4006 2792 
f 3800 4000 4012 
f 4008 3006 4010 
f 4002 3006 4008 
f 4010 3006 2792 4006 
f 4035 4004 3998 
f 4033 3988 3994 
s 2
f 4041 4043 4013 3979 
f 3937 4014 4047 4049 
f 3940 3937 4049 4052 
f 3943 3940 4052 4055 
f 3946 3943 4055 4058 
f 3949 3946 4058 4061 
f 3952 3949 4061 4064 
f 3955 3952 4064 4067 
f 3958 3955 4067 4070 
f 3961 3958 4070 4073 
f 3964 3961 4073 4076 
f 3967 3964 4076 4079 
f 3970 3967 4079 4082 
f 3973 3970 4082 4085 
f 3976 3973 4085 4088 
f 3979 3976 4088 4041 
s 1
f 4015 4016 3864 3980 
f 3977 3980 3864 3863 
f 3974 3977 3863 3846 
f 3971 3974 3846 3862 
f 3971 3862 3861 3968 
f 3968 3861 3860 3965 
f 3965 3860 3859 3962 
f 3962 3859 3847 3959 
f 3959 3847 3848 3956 
f 3953 3956 3848 3858 
f 3950 3953 3858 3849 
f 3947 3950 3849 3850 
f 3947 3850 3851 3944 
f 3944 3851 3857 3941 
f 3941 3857 3856 3938 
f 3938 3856 4018 4017 
f 3934 3871 3870 3869 
f 3871 3934 3933 3872 
f 3873 3872 3933 3852 
f 3874 3873 3852 3931 
f 3875 3874 3931 3853 
f 3875 3853 3854 3876 
f 3876 3854 3855 3877 
f 3877 3855 3929 3878 
f 3878 3929 4020 4019 
f 3878 4019 4021 3879 
f 3879 4021 4022 3880 
f 3880 4022 4018 3856 
f 3881 3880 3856 3857 
f 3882 3881 3857 3851 
f 3883 3882 3851 3850 
f 3884 3883 3850 3849 
f 3884 3849 3858 3885 
f 3885 3858 3848 3886 
f 3886 3848 3847 3887 
f 3887 3847 3859 3888 
f 3889 3888 3859 3860 
f 3890 3889 3860 3861 
f 3891 3890 3861 3862 
f 3891 3862 3846 3892 
f 3892 3846 3863 3893 
f 3893 3863 3864 3894 
f 3894 3864 4016 4023 
f 3895 3894 4023 4024 
f 3895 4024 4025 3896 
f 3896 4025 4026 3925 
f 3897 3896 3925 3865 
f 3898 3897 3865 3927 
f 3899 3898 3927 3866 
f 3900 3899 3866 3867 
f 3900 3867 3868 3901 
f 3901 3868 3869 3870 
f 3896 3897 3902 3895 
f 3895 3902 3893 3894 
f 3897 3898 3903 3902 
f 3902 3903 3892 3893 
f 3898 3899 3904 3903 
f 3903 3904 3891 3892 
f 3899 3900 3905 3904 
f 3904 3905 3890 3891 
f 3900 3901 3906 3905 
f 3905 3906 3889 3890 
f 3901 3870 3907 3906 
f 3906 3907 3888 3889 
f 3870 3871 3908 3907 
f 3907 3908 3887 3888 
f 3871 3872 3909 3908 
f 3908 3909 3886 3887 
f 3872 3873 3910 3909 
f 3909 3910 3885 3886 
f 3873 3874 3911 3910 
f 3910 3911 3884 3885 
f 3874 3875 3912 3911 
f 3911 3912 3883 3884 
f 3875 3876 3913 3912 
f 3912 3913 3882 3883 
f 3876 3877 3914 3913 
f 3913 3914 3881 3882 
f 3877 3878 3879 3914 
f 3914 3879 3880 3881 
f 3935 3920 3933 3934 
f 3915 4027 4020 3929 
f 3916 3925 4026 4028 
f 3924 3865 3925 3916 
f 3917 3915 3929 3855 
f 3918 3917 3855 3854 
f 3920 3919 3852 3933 
f 3923 3869 3868 3922 
f 3935 3934 3869 3923 
f 3865 3924 3921 3927 
f 3927 3921 3926 3866 
f 3866 3926 3928 3867 
f 3867 3928 3922 3868 
f 3930 3918 3854 3853 
f 3932 3930 3853 3931 
f 3919 3932 3931 3852 
f 3935 4003 3991 3920 
f 3915 3981 4029 4027 
f 4028 4030 3999 3916 
f 3916 3999 4001 3924 
f 3917 3983 3981 3915 
f 3918 3985 3983 3917 
f 3930 3989 3985 3918 
f 3932 3987 3989 3930 
f 3919 3993 3987 3932 
f 3920 3991 3993 3919 
f 3924 4001 4007 3921 
f 3921 4007 4009 3926 
f 3926 4009 4005 3928 
f 3928 4005 3995 3922 
f 3922 3995 3997 3923 
f 3923 3997 4003 3935 
s 2
f 4013 4031 3978 3979 
f 3937 3936 4032 4014 
f 3940 3939 3936 3937 
f 3943 3942 3939 3940 
f 3946 3945 3942 3943 
f 3949 3948 3945 3946 
f 3952 3951 3948 3949 
f 3955 3954 3951 3952 
f 3958 3957 3954 3955 
f 3961 3960 3957 3958 
f 3964 3963 3960 3961 
f 3967 3966 3963 3964 
f 3970 3969 3966 3967 
f 3973 3972 3969 3970 
f 3976 3975 3972 3973 
f 3979 3978 3975 3976 
s 1
f 3980 3978 4031 4015 
f 3977 3975 3978 3980 
f 3974 3972 3975 3977 
f 3971 3969 3972 3974 
f 3968 3966 3969 3971 
f 3965 3963 3966 3968 
f 3962 3960 3963 3965 
f 3959 3957 3960 3962 
f 3956 3954 3957 3959 
f 3953 3951 3954 3956 
f 3950 3948 3951 3953 
f 3947 3945 3948 3950 
f 3944 3942 3945 3947 
f 3941 3939 3942 3944 
f 3938 3936 3939 3941 
f 4017 4032 3936 3938 
f 4011 4029 3981 3982 
f 3982 3981 3983 3984 
f 3984 3983 3985 3986 
f 3990 3989 3987 3988 
f 3994 3993 3991 3992 
f 3998 3997 3995 3996 
f 4002 4001 3999 4000 
f 3986 3985 3989 3990 
f 3992 3991 4003 4004 
f 3996 3995 4005 4006 
f 4000 3999 4030 4012 
f 4010 4009 4007 4008 
f 4008 4007 4001 4002 
f 4006 4005 4009 4010 
f 4004 4003 3997 3998 
f 3988 3987 3993 3994 
f 3984 4036 4037 3982 
f 4033 3992 4004 4035 
f 4033 3990 3988 
f 4044 4040 4038 
f 4050 4046 4038 
f 4053 4050 4038 
f 4056 4053 4038 
f 4059 4056 4038 
f 4062 4059 4038 
f 4065 4062 4038 
f 4068 4065 4038 
f 4071 4068 4038 
f 4074 4071 4038 
f 4077 4074 4038 
f 4080 4077 4038 
f 4083 4080 4038 
f 4086 4083 4038 
f 4089 4086 4038 
f 4040 4089 4038 
s 2
f 4043 4041 4039 4042 
f 4049 4047 4045 4048 
f 4052 4049 4048 4051 
f 4055 4052 4051 4054 
f 4058 4055 4054 4057 
f 4061 4058 4057 4060 
f 4064 4061 4060 4063 
f 4067 4064 4063 4066 
f 4070 4067 4066 4069 
f 4073 4070 4069 4072 
f 4076 4073 4072 4075 
f 4079 4076 4075 4078 
f 4082 4079 4078 4081 
f 4085 4082 4081 4084 
f 4088 4085 4084 4087 
f 4041 4088 4087 4039 
s 1
f 4040 4044 4042 4039 
f 4046 4050 4048 4045 
f 4050 4053 4051 4048 
f 4053 4056 4054 4051 
f 4056 4059 4057 4054 
f 4059 4062 4060 4057 
f 4062 4065 4063 4060 
f 4065 4068 4066 4063 
f 4068 4071 4069 4066 
f 4071 4074 4072 4069 
f 4074 4077 4075 4072 
f 4077 4080 4078 4075 
f 4080 4083 4081 4078 
f 4083 4086 4084 4081 
f 4086 4089 4087 4084 
f 4089 4040 4039 4087 
f 4442 4446 4444 4441 
f 4094 4092 4090 4093 
f 4100 4098 4096 4099 
f 4106 4104 4102 4105 
f 4448 4452 4450 4447 
f 4454 4458 4456 4453 
f 4460 4454 4453 4459 
f 4452 4460 4459 4450 
f 4112 4110 4108 4111 
f 4118 4116 4114 4117 
f 4463 4467 4465 4462 
f 4469 4473 4471 4468 
f 4124 4122 4120 4123 
f 4127 4124 4123 4126 
f 4116 4127 4126 4114 
f 4133 4131 4129 4132 
f 4131 4118 4117 4129 
f 4139 4137 4135 4138 
f 4145 4143 4141 4144 
f 4151 4149 4147 4150 
f 4154 4145 4144 4153 
f 4157 4151 4150 4156 
f 4163 4161 4159 4162 
f 4143 4163 4162 4141 
f 4137 4157 4156 4135 
f 4475 4479 4477 4474 
f 4169 4167 4165 4168 
f 4481 4485 4483 4480 
f 4212 4488 4486 4210 
f 4175 4173 4171 4174 
f 4181 4179 4177 4180 
f 4187 4185 4183 4186 
f 4193 4191 4189 4192 
f 4199 4197 4195 4198 
f 4205 4203 4201 4204 
f 4490 4494 4492 4489 
f 4473 4497 4495 4471 
f 4499 4469 4468 4498 
f 4149 4100 4099 4147 
f 4098 4209 4207 4096 
f 4479 4463 4462 4477 
f 4502 4475 4474 4501 
f 4167 4502 4501 4165 
f 4505 4169 4168 4504 
f 4485 4505 4504 4483 
f 4508 4481 4480 4507 
f 4488 4508 4507 4486 
f 4214 4212 4210 4213 
f 4173 4214 4213 4171 
f 4217 4175 4174 4216 
f 4179 4217 4216 4177 
f 4220 4181 4180 4219 
f 4223 4220 4219 4222 
f 4226 4223 4222 4225 
f 4185 4226 4225 4183 
f 4497 4490 4489 4495 
f 4446 4499 4498 4444 
f 4191 4199 4198 4189 
f 4197 4106 4105 4195 
f 4203 4230 4228 4201 
f 4104 4205 4204 4102 
f 4110 4154 4153 4108 
f 4230 4112 4111 4228 
f 4092 4187 4186 4090 
f 4209 4094 4093 4207 
f 4122 4139 4138 4120 
f 4161 4133 4132 4159 
f 4458 4442 4441 4456 
f 4467 4448 4447 4465 
f 4235 4233 4231 4234 
f 4241 4239 4237 4240 
f 4247 4245 4243 4246 
f 4253 4251 4249 4252 
f 4259 4257 4255 4258 
f 4265 4263 4261 4264 
f 4263 4269 4267 4261 
f 4269 4259 4258 4267 
f 4274 4272 4270 4273 
f 4280 4278 4276 4279 
f 4286 4284 4282 4285 
f 4292 4290 4288 4291 
f 4298 4296 4294 4297 
f 4296 4302 4300 4294 
f 4302 4280 4279 4300 
f 4307 4305 4303 4306 
f 4278 4307 4306 4276 
f 4313 4311 4309 4312 
f 4319 4317 4315 4318 
f 4325 4323 4321 4324 
f 4317 4329 4327 4315 
f 4323 4332 4330 4321 
f 4337 4335 4333 4336 
f 4335 4319 4318 4333 
f 4332 4313 4312 4330 
f 4343 4341 4339 4342 
f 4349 4347 4345 4348 
f 4355 4353 4351 4354 
f 4361 4359 4357 4360 
f 4367 4365 4363 4366 
f 4373 4371 4369 4372 
f 4379 4377 4375 4378 
f 4385 4383 4381 4384 
f 4391 4389 4387 4390 
f 4397 4395 4393 4396 
f 4403 4401 4399 4402 
f 4406 4292 4291 4405 
f 4290 4410 4408 4288 
f 4245 4325 4324 4243 
f 4412 4247 4246 4411 
f 4284 4343 4342 4282 
f 4341 4416 4414 4339 
f 4416 4349 4348 4414 
f 4347 4419 4417 4345 
f 4419 4355 4354 4417 
f 4353 4422 4420 4351 
f 4422 4361 4360 4420 
f 4359 4425 4423 4357 
f 4425 4367 4366 4423 
f 4365 4428 4426 4363 
f 4428 4373 4372 4426 
f 4371 4431 4429 4369 
f 4431 4434 4432 4429 
f 4434 4437 4435 4432 
f 4437 4379 4378 4435 
f 4401 4406 4405 4399 
f 4410 4235 4234 4408 
f 4389 4385 4384 4387 
f 4251 4391 4390 4249 
f 4439 4397 4396 4438 
f 4395 4253 4252 4393 
f 4329 4274 4273 4327 
f 4272 4439 4438 4270 
f 4377 4241 4240 4375 
f 4239 4412 4411 4237 
f 4311 4298 4297 4309 
f 4305 4337 4336 4303 
f 4233 4265 4264 4231 
f 4257 4286 4285 4255 
s 2
f 4445 4443 4441 4444 
f 4232 4236 4234 4231 
f 4091 4095 4093 4090 
f 4238 4242 4240 4237 
f 4097 4101 4099 4096 
f 4244 4248 4246 4243 
f 4103 4107 4105 4102 
f 4250 4254 4252 4249 
f 4451 4449 4447 4450 
f 4256 4260 4258 4255 
f 4457 4455 4453 4456 
f 4262 4266 4264 4261 
f 4455 4461 4459 4453 
f 4268 4262 4261 4267 
f 4461 4451 4450 4459 
f 4260 4268 4267 4258 
f 4109 4113 4111 4108 
f 4271 4275 4273 4270 
f 4115 4119 4117 4114 
f 4277 4281 4279 4276 
f 4466 4464 4462 4465 
f 4283 4287 4285 4282 
f 4472 4470 4468 4471 
f 4289 4293 4291 4288 
f 4121 4125 4123 4120 
f 4295 4299 4297 4294 
f 4125 4128 4126 4123 
f 4301 4295 4294 4300 
f 4128 4115 4114 4126 
f 4281 4301 4300 4279 
f 4130 4134 4132 4129 
f 4304 4308 4306 4303 
f 4119 4130 4129 4117 
f 4308 4277 4276 4306 
f 4136 4140 4138 4135 
f 4310 4314 4312 4309 
f 4142 4146 4144 4141 
f 4316 4320 4318 4315 
f 4148 4152 4150 4147 
f 4322 4326 4324 4321 
f 4146 4155 4153 4144 
f 4328 4316 4315 4327 
f 4152 4158 4156 4150 
f 4331 4322 4321 4330 
f 4160 4164 4162 4159 
f 4334 4338 4336 4333 
f 4164 4142 4141 4162 
f 4320 4334 4333 4318 
f 4158 4136 4135 4156 
f 4314 4331 4330 4312 
f 4478 4476 4474 4477 
f 4340 4344 4342 4339 
f 4166 4170 4168 4165 
f 4346 4350 4348 4345 
f 4484 4482 4480 4483 
f 4352 4356 4354 4351 
f 4487 4211 4210 4486 
f 4358 4362 4360 4357 
f 4172 4176 4174 4171 
f 4364 4368 4366 4363 
f 4178 4182 4180 4177 
f 4370 4374 4372 4369 
f 4184 4188 4186 4183 
f 4376 4380 4378 4375 
f 4190 4194 4192 4189 
f 4382 4386 4384 4381 
f 4196 4200 4198 4195 
f 4388 4392 4390 4387 
f 4202 4206 4204 4201 
f 4394 4398 4396 4393 
f 4493 4491 4489 4492 
f 4400 4404 4402 4399 
f 4496 4472 4471 4495 
f 4293 4407 4405 4291 
f 4470 4500 4498 4468 
f 4409 4289 4288 4408 
f 4101 4148 4147 4099 
f 4326 4244 4243 4324 
f 4208 4097 4096 4207 
f 4248 4413 4411 4246 
f 4464 4478 4477 4462 
f 4344 4283 4282 4342 
f 4476 4503 4501 4474 
f 4415 4340 4339 4414 
f 4503 4166 4165 4501 
f 4350 4415 4414 4348 
f 4170 4506 4504 4168 
f 4418 4346 4345 4417 
f 4506 4484 4483 4504 
f 4356 4418 4417 4354 
f 4482 4509 4507 4480 
f 4421 4352 4351 4420 
f 4509 4487 4486 4507 
f 4362 4421 4420 4360 
f 4211 4215 4213 4210 
f 4424 4358 4357 4423 
f 4215 4172 4171 4213 
f 4368 4424 4423 4366 
f 4176 4218 4216 4174 
f 4427 4364 4363 4426 
f 4218 4178 4177 4216 
f 4374 4427 4426 4372 
f 4182 4221 4219 4180 
f 4430 4370 4369 4429 
f 4221 4224 4222 4219 
f 4433 4430 4429 4432 
f 4224 4227 4225 4222 
f 4436 4433 4432 4435 
f 4227 4184 4183 4225 
f 4380 4436 4435 4378 
f 4491 4496 4495 4489 
f 4407 4400 4399 4405 
f 4500 4445 4444 4498 
f 4236 4409 4408 4234 
f 4200 4190 4189 4198 
f 4386 4388 4387 4384 
f 4107 4196 4195 4105 
f 4392 4250 4249 4390 
f 4229 4202 4201 4228 
f 4398 4440 4438 4396 
f 4206 4103 4102 4204 
f 4254 4394 4393 4252 
f 4155 4109 4108 4153 
f 4275 4328 4327 4273 
f 4113 4229 4228 4111 
f 4440 4271 4270 4438 
f 4188 4091 4090 4186 
f 4242 4376 4375 4240 
f 4095 4208 4207 4093 
f 4413 4238 4237 4411 
f 4140 4121 4120 4138 
f 4299 4310 4309 4297 
f 4134 4160 4159 4132 
f 4338 4304 4303 4336 
f 4443 4457 4456 4441 
f 4266 4232 4231 4264 
f 4449 4466 4465 4447 
f 4287 4256 4255 4285 
s 1
f 4510 1865 1877 4511 
f 4512 2185 2186 4513 
f 4513 2186 2187 4514 
f 4514 2187 2188 4515 
f 4516 2189 6771 4517 
f 4515 2188 2189 4516 
f 4518 1867 1865 4510 
f 4519 1869 1867 4518 
f 4520 1871 1869 4519 
f 4521 1873 1871 4520 
f 4512 1875 1873 4521 
f 1705 1708 1724 4511 
f 4522 4524 4523 
f 4525 4528 4527 4526 
f 4529 4532 4531 4530 
f 4533 4536 4535 4534 
f 4537 4539 4538 
f 4540 4543 4542 4541 
f 4542 4545 4544 4541 
f 4546 4549 4548 4547 
f 4548 4551 4550 4547 
f 4552 4555 4554 4553 
f 4556 4559 4558 4557 
f 4559 4561 4560 4558 
f 4562 4565 4564 4563 
f 4565 4567 4566 4564 
f 4567 4569 4568 4566 
f 4569 4571 4570 4568 
f 4571 4573 4572 4570 
f 4574 4575 4572 4573 
f 4576 4577 4575 4574 
f 4578 4579 4577 4576 
f 4580 4581 4579 4578 
f 4582 4583 4581 4580 
f 4584 4587 4586 4585 
f 4588 4591 4590 4589 
f 4592 4595 4594 4593 
f 4596 4599 4598 4597 
f 4600 4603 4602 4601 
f 4604 4607 4606 4605 
f 4608 4610 4609 
f 4611 4614 4613 4612 
f 4615 4618 4617 4616 
f 4619 4621 4620 4616 
f 4622 4625 4624 4623 
f 4622 4628 4627 4626 
f 4629 4624 4541 4544 
f 4630 4633 4632 4631 
f 4634 4636 4623 4635 
f 4637 4640 4639 4638 
f 4641 4644 4643 4642 
f 4645 4648 4647 4646 
f 4649 4652 4651 4650 
f 4653 4656 4655 4654 
f 4657 4660 4659 4658 
f 4661 4664 4663 4662 
f 4665 4668 4667 4666 
f 4669 4672 4671 4670 
f 4673 4674 4672 4669 
f 4675 4678 4677 4676 
f 4679 4682 4681 4680 
f 4683 4684 4668 4665 
f 4685 4688 4687 4686 
f 4689 4690 4688 4685 
f 4691 4694 4693 4692 
f 4695 4669 4670 4696 
f 4697 4699 4695 4698 
f 4700 4698 4702 4701 
f 4703 4705 4700 4704 
f 4706 4704 4708 4707 
f 4709 4703 4704 4706 
f 4710 4713 4712 4711 
f 4714 4717 4716 4715 
f 4718 4720 4716 4719 
f 4721 4724 4723 4722 
f 4725 4728 4727 4726 
f 4729 4731 4730 4726 
f 4732 4734 4727 4733 
f 4735 4738 4737 4736 
f 4739 4741 4740 4722 
f 4742 4745 4744 4743 
f 4746 4748 4747 4733 
f 4749 4751 4747 4750 
f 4550 4753 4752 4547 
f 4554 4755 4754 4553 
f 4558 4757 4756 4557 
f 4560 4758 4757 4558 
f 4564 4760 4759 4563 
f 4566 4761 4760 4564 
f 4762 4765 4764 4763 
f 4568 4766 4761 4566 
f 4767 4768 4765 4762 
f 4769 4770 4767 4766 
f 4770 4771 4768 4767 
f 4772 4775 4774 4773 
f 4776 4779 4778 4777 
f 4780 4783 4782 4781 
f 4784 4785 4783 4780 
f 4763 4764 4787 4786 
f 4788 4791 4790 4789 
f 4792 4795 4794 4793 
f 4796 4799 4798 4797 
f 4800 4803 4802 4801 
f 4804 4807 4806 4805 
f 4808 4809 4807 4804 
f 4810 4813 4812 4811 
f 4814 4817 4816 4815 
f 4818 4821 4820 4819 
f 4822 4823 4821 4818 
f 4824 4827 4826 4825 
f 4828 4829 4813 4810 
f 4830 4831 4827 4824 
f 4832 4835 4834 4833 
f 4836 4839 4838 4837 
f 4840 4841 4686 4687 
f 4692 4693 4837 4838 
f 4842 4844 4843 4833 
f 4845 4847 4846 4834 
f 4848 4851 4850 4849 
f 4852 4853 4851 4848 
f 4854 4855 4853 4852 
f 4856 4857 4855 4854 
f 4858 4861 4860 4859 
f 4862 4865 4864 4863 
f 4866 4867 4865 4862 
f 4868 4871 4870 4869 
f 4872 4875 4874 4873 
f 4876 4877 4871 4868 
f 4875 4879 4878 4874 
f 4880 4883 4882 4881 
f 4884 4880 4881 4885 
f 4880 4887 4886 4883 
f 4884 4888 4887 4880 
f 4889 4884 4885 4890 
f 4889 4891 4888 4884 
f 4892 4895 4894 4893 
f 4896 4710 4711 4897 
f 4898 4901 4900 4899 
f 4902 4905 4904 4903 
f 4906 4909 4908 4907 
f 4910 4913 4912 4911 
f 4914 4916 4915 4904 
f 4917 4920 4919 4918 
f 4921 4924 4923 4922 
f 4925 4926 4910 4911 
f 4927 4930 4929 4928 
f 4931 4934 4933 4932 
f 4770 4769 4936 4935 
f 4935 4937 4771 4770 
f 4579 4939 4938 4577 
f 4581 4940 4939 4579 
f 4583 4941 4940 4581 
f 4587 4943 4942 4586 
f 4591 4945 4944 4590 
f 4946 4937 4948 4947 
f 4946 4951 4950 4949 
f 4952 4954 4938 4953 
f 4954 4952 4935 4936 
f 4955 4956 4947 4948 
f 4957 4958 4955 4953 
f 4959 4961 4960 4956 
f 4962 4963 4958 4957 
f 4964 4965 4963 4962 
f 4966 4969 4968 4967 
f 4970 4973 4972 4971 
f 4974 4977 4976 4975 
f 4978 4981 4980 4979 
f 4982 4985 4984 4983 
f 4986 4989 4988 4987 
f 4989 4991 4990 4988 
f 4992 4995 4994 4993 
f 4996 4999 4998 4997 
f 4999 5001 5000 4998 
f 5002 5005 5004 5003 
f 5006 5009 5008 5007 
f 4602 5009 5006 4599 
f 5010 5011 4829 4828 
f 4949 4950 5011 5010 
f 5012 5015 5014 5013 
f 4956 4960 5016 4947 
f 5017 5020 5019 5018 
f 5021 5024 5023 5022 
f 5021 5026 5025 5020 
f 5027 5023 5024 4961 
f 5028 5029 4980 4983 
f 5028 5030 5022 5023 
f 5031 5034 5033 5032 
f 5035 5034 5031 4603 
f 5036 5038 4866 5037 
f 5038 5039 4867 4866 
f 5040 5043 5042 5041 
f 5013 5014 5045 5044 
f 5046 5049 5048 5047 
f 5050 5046 5047 5051 
f 5052 5054 5053 5025 
f 5052 5056 5055 5054 
f 5057 5052 5025 5026 
f 5057 5058 5056 5052 
f 5059 5062 5061 5060 
f 5063 5064 5058 5057 
f 5063 5057 5026 5065 
f 5066 5041 5042 5067 
f 5068 5071 5070 5069 
f 5072 5075 5074 5073 
f 5076 4895 5078 5077 
f 5066 5080 5079 5041 
f 5081 5084 5083 5082 
f 5085 5088 5087 5086 
f 5082 5083 5090 5089 
f 5091 5093 5092 5060 
f 5092 5082 5089 5094 
f 5089 5090 5096 5095 
f 5097 5099 5098 5069 
f 5100 5101 5099 5097 
f 5102 5068 5069 5098 
f 5103 5106 5105 5104 
f 5107 5110 5109 5108 
f 5111 5112 5110 5107 
f 5112 5111 5114 5113 
f 5115 5116 5113 5114 
f 5117 5120 5119 5118 
f 5121 4528 5120 5117 
f 5122 5123 5063 5065 
f 5123 5124 5064 5063 
f 5125 5091 5060 5061 
f 5126 5129 5128 5127 
f 5130 5131 5086 5087 
f 5132 5135 5134 5133 
f 5136 5139 5138 5137 
f 5140 5143 5142 5141 
f 5144 5145 4792 4793 
f 5146 5147 1943 1944 
f 5148 5151 5150 5149 
f 5152 5155 5154 5153 
f 5156 5159 5158 5157 
f 4555 4556 4557 4554 
f 4756 4781 4776 4755 
f 4782 4805 4800 4779 
f 4806 4819 5160 4803 
f 4820 5161 4817 4814 
f 5162 4684 4670 4671 
f 4696 4670 4684 4683 
f 4701 4702 4690 4689 
f 4707 4708 4694 4691 
f 4869 4870 4844 4842 
f 4847 4872 4873 4846 
f 4851 4881 4882 4850 
f 4853 4885 4881 4851 
f 4855 4890 4885 4853 
f 4857 5163 4890 4855 
f 4865 4861 5164 4864 
f 4867 4860 4861 4865 
f 4991 4996 4997 4990 
f 5039 5165 4860 4867 
f 5049 5043 5166 5048 
f 5056 5067 5042 5055 
f 5058 5062 5067 5056 
f 5064 5061 5062 5058 
f 5124 5125 5061 5064 
f 4661 4668 4684 5162 
f 5167 4598 4599 5006 
f 5168 5171 5170 5169 
f 4595 4592 5168 5169 
f 4595 5167 5172 4594 
f 5173 4845 4834 4835 
f 4817 4848 4849 4816 
f 5161 4852 4848 4817 
f 5174 4854 4852 5161 
f 5175 4856 4854 5174 
f 5176 4862 4863 5177 
f 4832 5178 4798 4835 
f 5037 4866 4862 5176 
f 5016 5018 5012 4951 
f 5019 5053 5050 5015 
f 5054 5055 5049 5046 
f 5053 5054 5046 5050 
f 5055 5042 5043 5049 
f 5051 5047 5038 5036 
f 5047 5048 5039 5038 
f 5048 5166 5165 5039 
f 4831 4830 5044 5045 
f 5179 5181 5180 4614 
f 5182 5184 5035 5183 
f 4977 5185 5033 4976 
f 4532 5187 5186 4531 
f 5188 4975 5190 5189 
f 5188 5189 4532 4529 
f 5191 5192 4530 4531 
f 5190 4606 4607 5189 
f 5189 4607 5187 4532 
f 4531 5186 5191 
f 5193 4992 4993 5194 
f 5195 5193 5194 5196 
f 5197 5195 5196 5198 
f 5192 5191 4609 5199 
f 4607 4604 5200 5187 
f 5187 5200 5186 
f 5186 5200 4609 
f 5066 5067 5062 5059 
f 5080 5066 5059 5094 
f 5201 4675 4676 5202 
f 4905 5203 4914 4904 
f 5204 4907 4905 4902 
f 5205 5180 5181 5206 
f 5207 5208 5181 5179 
f 5209 5211 4927 5210 
f 5212 5214 5213 5119 
f 5215 5218 5217 5216 
f 4612 5221 5220 5219 
f 5222 4934 5224 5223 
f 5225 5211 5227 5226 
f 5228 5075 5230 5229 
f 5231 5234 5233 5232 
f 4561 4562 4563 4560 
f 4758 4759 4786 4784 
f 4787 4811 4808 4785 
f 4812 4825 4822 4809 
f 4826 5177 5175 4823 
f 4863 4864 4857 4856 
f 4864 5164 5163 4857 
f 5177 4863 4856 5175 
f 5214 5235 5213 
f 5214 4522 4523 5235 
f 5236 5237 5105 4524 
f 5238 5240 5078 5239 
f 5239 5078 4895 4892 
f 4891 4889 5241 4893 
f 5226 5227 5224 5242 
f 5242 5224 4934 4931 
f 5243 5237 5245 5244 
f 5079 5247 5230 5246 
f 5246 5230 5075 5072 
f 5238 4859 5248 5073 
f 4924 4921 4894 5249 
f 5249 4894 4895 5076 
f 5250 5253 5252 5251 
f 5254 5257 5256 5255 
f 5255 5256 5106 5103 
f 5258 5261 5260 5259 
f 5262 5219 5263 5236 
f 5219 5220 5263 
f 4613 5265 5264 5221 
f 5266 5261 4933 5267 
f 5267 4933 4934 5222 
f 4909 4906 5269 5268 
f 5270 5240 5074 5271 
f 5271 5074 5075 5228 
f 5071 5068 5233 5272 
f 5273 5253 5275 5274 
f 5274 5275 5234 5231 
f 5276 5108 5278 5277 
f 5241 5163 5164 5279 
f 5279 5164 4861 4858 
f 4889 4890 5163 5241 
f 4859 4860 5165 5248 
f 5248 5165 5166 5280 
f 5280 5166 5043 5040 
f 5281 4679 4680 5282 
f 4609 4610 5199 
f 4681 5284 5283 4678 
f 5285 5288 5287 5286 
f 5289 5292 5291 5290 
f 5293 5296 5295 5294 
f 5297 5300 5299 5298 
f 5301 5304 5303 5302 
f 5305 5307 5204 5306 
f 5308 5310 5096 5309 
f 5311 5251 5313 5312 
f 5084 5088 5100 5083 
f 5083 5100 5097 5090 
f 5090 5097 5070 5309 
f 5129 5130 5087 5128 
f 5314 5317 5316 5315 
f 5302 5303 4923 5306 
f 5318 5272 5320 5319 
f 5321 5322 5307 5305 
f 5312 5313 5322 5321 
f 5311 5077 5270 5323 
f 5324 5325 5250 5323 
f 5319 5320 5325 5324 
f 5318 5229 5310 5308 
f 5286 5287 4735 4713 
f 5290 5291 5326 4738 
f 5294 5295 4710 4896 
f 4901 5297 5298 4900 
f 4924 5305 5306 4923 
f 5077 5311 5312 5076 
f 5096 5090 5309 
f 5315 5316 4675 5201 
f 5229 5318 5319 5228 
f 5249 5321 5305 4924 
f 5076 5312 5321 5249 
f 5271 5324 5323 5270 
f 5228 5319 5324 5271 
f 5304 5328 5327 5303 
f 5310 5247 5095 5096 
f 5303 5327 4922 4923 
f 5077 5078 5240 5270 
f 5229 5230 5247 5310 
f 4903 5301 5302 4902 
f 5071 5308 5309 5070 
f 4902 5302 5306 5204 
f 5251 5311 5323 5250 
f 5272 5318 5308 5071 
f 4744 5329 5288 5285 
f 5330 5331 5292 5289 
f 4919 4743 5296 5293 
f 5300 4915 4918 5299 
f 5307 4906 4907 5204 
f 5251 5252 5332 5313 
f 5070 5097 5069 
f 5282 4680 5317 5314 
f 5272 5233 5234 5320 
f 5322 5269 4906 5307 
f 5313 5332 5269 5322 
f 5325 5275 5253 5250 
f 5320 5234 5275 5325 
f 5333 5335 5334 4682 
f 5336 5339 5338 5337 
f 5340 5342 5338 5341 
f 5343 5345 5209 5344 
f 5346 5349 5348 5347 
f 5350 5353 5352 5351 
f 5085 5115 5114 5101 
f 5099 5111 5355 5354 
f 5101 5114 5111 5099 
f 5354 5355 5276 5356 
f 5131 5132 5133 5086 
f 5357 5210 5359 5358 
f 5357 5203 4908 5344 
f 5360 5268 5362 5361 
f 5363 5277 5365 5364 
f 5366 5368 5273 5367 
f 5361 5362 5368 5366 
f 5360 5223 5345 5343 
f 5369 5370 5266 5367 
f 5364 5365 5370 5369 
f 5363 5232 5102 5356 
f 5371 5374 5373 5372 
f 5375 4717 5376 
f 4730 4719 5375 5377 
f 5378 5379 4746 4728 
f 5380 5382 5381 4748 
f 5383 4621 4750 5381 
f 5384 5386 4620 5385 
f 5206 5181 5208 5387 
f 5244 5245 5389 5388 
f 5104 5259 5390 5103 
f 5391 5118 5257 5254 
f 5112 5117 5118 5391 
f 5113 5121 5117 5112 
f 5116 5392 5121 5113 
f 5135 5394 5393 5134 
f 5206 4930 5225 5205 
f 5395 5265 5180 5205 
f 5396 5264 5265 5395 
f 5388 5389 5264 5396 
f 5244 4932 5258 5243 
f 5255 5397 5109 5254 
f 5103 5390 5397 5255 
f 5104 5105 5237 5243 
f 4677 5399 5398 4674 
f 5202 4676 4673 4699 
f 4737 5400 4697 4705 
f 4712 4736 4703 4709 
f 4897 4711 4877 4876 
f 4879 4898 4899 4878 
f 4887 5327 5328 4886 
f 4888 4922 5327 4887 
f 4891 4921 4922 4888 
f 4893 5241 5279 4892 
f 5001 5126 5127 5000 
f 5073 5248 5280 5072 
f 5080 5095 5247 5079 
f 5093 5081 5082 5092 
f 5094 5059 5060 5092 
f 5094 5089 5095 5080 
f 5239 4858 4859 5238 
f 4892 5279 4858 5239 
f 4893 4894 4921 4891 
f 5246 5040 5041 5079 
f 5072 5280 5040 5246 
f 5073 5074 5240 5238 
f 5377 5375 5376 4724 
f 4913 5383 5381 5382 
f 4926 5384 5385 4910 
f 4930 5206 5387 4929 
f 4932 5244 5388 4931 
f 5110 5391 5254 5109 
f 5110 5112 5391 
f 5226 5395 5205 5225 
f 5242 5396 5395 5226 
f 4931 5388 5396 5242 
f 5259 5104 5243 5258 
f 5333 5401 5376 4717 
f 4740 5402 5379 5378 
f 5403 5404 5382 5380 
f 5259 5260 5405 5390 
f 4930 4927 5211 5225 
f 4932 4933 5261 5258 
f 5397 5278 5108 5109 
f 5390 5405 5278 5397 
f 5199 5002 4995 
f 5337 5338 5342 4741 
f 5210 5357 5344 5209 
f 5223 5360 5361 5222 
f 5267 5366 5367 5266 
f 5222 5361 5366 5267 
f 5277 5363 5356 5276 
f 5403 5402 5342 5340 
f 5345 5227 5211 5209 
f 5349 4925 4911 5348 
f 5353 4912 5404 5352 
f 5355 5111 5107 
f 5355 5107 5108 5276 
f 5210 4927 4928 5359 
f 5277 5278 5405 5365 
f 5223 5224 5227 5345 
f 5370 5260 5261 5266 
f 5365 5405 5260 5370 
f 4723 5401 5374 5371 
f 5341 5338 5339 4745 
f 4909 5343 5344 4908 
f 4916 5346 5347 4917 
f 4920 5350 5351 4742 
f 5098 5099 5354 
f 5098 5354 5356 5102 
f 5203 5357 5358 4914 
f 5232 5363 5364 5231 
f 5268 5360 5343 4909 
f 5274 5369 5367 5273 
f 5231 5364 5369 5274 
f 5372 5373 4679 5281 
f 5330 5329 5339 5336 
f 5203 4905 4907 4908 
f 5268 5269 5332 5362 
f 5368 5252 5253 5273 
f 5362 5332 5252 5368 
f 5232 5233 5068 5102 
f 4610 4608 5216 5005 
f 5207 5406 4618 4615 
f 4802 5407 4796 4795 
f 4815 4816 5173 4799 
f 4849 4850 4847 4845 
f 4882 4883 4875 4872 
f 4883 4886 4879 4875 
f 5328 5304 4901 4898 
f 4916 4917 4918 4915 
f 4925 4928 4929 4926 
f 5139 4552 4553 5138 
f 5143 4754 4777 5142 
f 5145 4778 4801 4792 
f 4850 4882 4872 4847 
f 4816 4849 4845 5173 
f 5297 5301 4903 5300 
f 4901 5304 5301 5297 
f 5300 4903 4904 4915 
f 5346 5358 5359 5349 
f 5384 5387 5208 5386 
f 4886 5328 4898 4879 
f 4926 4929 5387 5384 
f 5349 5359 4928 4925 
f 4916 4914 5358 5346 
f 4551 5136 5137 4550 
f 4619 4749 4750 4621 
f 4753 5140 5141 4772 
f 4775 5144 4793 4788 
f 4791 4794 4797 5408 
f 4833 4843 5409 4832 
f 4833 4834 4846 4842 
f 4869 4873 4874 4868 
f 4868 4874 4878 4876 
f 4897 4899 4900 4896 
f 4913 5382 5404 4912 
f 4920 4742 4743 4919 
f 4842 4846 4873 4869 
f 5178 5411 5410 5408 
f 5294 5298 5299 5293 
f 4896 4900 5298 5294 
f 5293 5299 4918 4919 
f 5350 5347 5348 5353 
f 5383 5385 4620 4621 
f 4876 4878 4899 4897 
f 4913 4910 5385 5383 
f 5353 5348 4911 4912 
f 4920 4917 5347 5350 
f 4549 5146 1944 5412 
f 4692 4843 4844 4691 
f 4707 4870 4871 4706 
f 4706 4871 4877 4709 
f 4713 4735 4736 4712 
f 4745 5339 5329 4744 
f 4748 5381 4750 4747 
f 4751 4732 4733 4747 
f 4839 5411 5409 4838 
f 4838 5409 4843 4692 
f 5151 4752 4773 5150 
f 5155 4774 4789 5154 
f 5159 4790 5410 5158 
f 4691 4844 4870 4707 
f 5286 5295 5296 5285 
f 4713 4710 5295 5286 
f 5285 5296 4743 4744 
f 5341 5351 5352 5340 
f 4748 4746 5379 5380 
f 4709 4877 4711 4712 
f 5380 5379 5402 5403 
f 5340 5352 5404 5403 
f 4745 4742 5351 5341 
f 4633 5148 5149 4637 
f 4640 5152 5153 4657 
f 4660 5156 5157 5413 
f 4686 4837 4693 4685 
f 4685 4693 4694 4689 
f 4701 4708 4704 4700 
f 4705 4697 4698 4700 
f 4728 4746 4733 4727 
f 4734 4729 4726 4727 
f 4738 5326 5400 4737 
f 4741 5342 5402 4740 
f 4841 4836 4837 4686 
f 5147 5415 5414 1943 
f 4689 4694 4708 4701 
f 5290 5287 5288 5289 
f 4738 4735 5287 5290 
f 5289 5288 5329 5330 
f 5337 5417 5416 5336 
f 4728 4725 4721 5378 
f 4705 4703 4736 4737 
f 5378 4721 4722 4740 
f 4741 4739 5417 5337 
f 5336 5416 5331 5330 
f 4545 5415 4631 4544 
f 4629 4632 4638 4635 
f 4634 4639 4658 4646 
f 4645 4659 5418 4654 
f 4653 4840 4687 4666 
f 4666 4687 4688 4665 
f 4665 4688 4690 4683 
f 4696 4702 4698 4695 
f 4699 4673 4669 4695 
f 4724 5376 5401 4723 
f 4731 4718 4719 4730 
f 4683 4690 4702 4696 
f 5202 5400 5326 5201 
f 5282 5331 5416 5281 
f 5315 5291 5292 5314 
f 5201 5326 5291 5315 
f 5314 5292 5331 5282 
f 5372 5417 4739 5371 
f 5377 4725 4726 4730 
f 4699 4697 5400 5202 
f 4724 4721 4725 5377 
f 5371 4739 4722 4723 
f 5281 5416 5417 5372 
f 5419 5420 4540 4625 
f 4628 4636 4647 4641 
f 4644 4648 4655 4650 
f 4649 4656 4667 4662 
f 4662 4667 4668 4661 
f 4672 5422 5421 4671 
f 4674 5398 5422 4672 
f 4678 5283 5399 4677 
f 4682 5334 5284 4681 
f 4717 5375 4719 4716 
f 4720 5423 4715 4716 
f 4671 5421 5424 5162 
f 5162 5424 4664 4661 
f 4678 5316 5317 4681 
f 4678 4675 5316 
f 4681 5317 4680 
f 4682 5373 5374 5333 
f 4674 4673 4676 4677 
f 4717 4714 5335 5333 
f 5333 5374 5401 
f 4682 4679 5373 
f 4644 4650 4651 4643 
f 4654 4655 4648 4645 
f 4660 5413 5418 4659 
f 4791 5408 5410 4790 
f 4795 4796 4797 4794 
f 4803 5160 5407 4802 
f 4807 4818 4819 4806 
f 4809 4822 4818 4807 
f 4813 4824 4825 4812 
f 4829 4830 4824 4813 
f 4951 5012 5013 4950 
f 4961 5024 5017 4960 
f 4981 4982 4983 4980 
f 5011 5044 4830 4829 
f 4950 5013 5044 5011 
f 4960 5017 5018 5016 
f 4961 4959 5425 5027 
f 5029 5426 4979 4980 
f 5034 5427 4976 5033 
f 5184 5427 5034 5035 
f 5156 5153 5154 5159 
f 4803 4800 4805 4806 
f 4951 4946 4947 5016 
f 5183 5035 4603 4600 
f 5185 5428 5032 5033 
f 4809 4808 4811 4812 
f 4795 4792 4801 4802 
f 4791 4788 4793 4794 
f 5159 5154 4789 4790 
f 4660 4657 5153 5156 
f 4646 4658 4659 4645 
f 4641 4647 4648 4644 
f 4605 4606 5184 5182 
f 4662 4663 4652 4649 
f 4666 4667 4656 4653 
f 4799 5173 4835 4798 
f 4815 5407 5160 4814 
f 4821 5174 5161 4820 
f 4823 5175 5174 4821 
f 4827 5176 5177 4826 
f 4831 5037 5176 4827 
f 5157 5158 4839 4836 
f 5418 5413 4841 4840 
f 4974 5197 5198 5429 
f 4985 4986 4987 4984 
f 5015 5050 5051 5014 
f 5020 5025 5053 5019 
f 5022 5065 5026 5021 
f 5020 5017 5024 5021 
f 5030 5122 5065 5022 
f 5014 5051 5036 5045 
f 4814 5160 4819 4820 
f 5178 5408 4797 4798 
f 5015 5012 5018 5019 
f 5045 5036 5037 4831 
f 4975 4976 5427 5190 
f 5427 5184 4606 5190 
f 4823 4822 4825 4826 
f 4799 4796 5407 4815 
f 4832 5409 5411 5178 
f 4839 5158 5410 5411 
f 4841 5413 5157 4836 
f 4654 5418 4840 4653 
f 4650 4655 4656 4649 
f 4601 4602 4599 4596 
f 4628 4641 4642 4627 
f 4646 4647 4636 4634 
f 4640 4657 4658 4639 
f 4765 4828 4810 4764 
f 4768 5010 4828 4765 
f 4771 4949 5010 4768 
f 4775 4788 4789 4774 
f 4779 4800 4801 4778 
f 4783 4804 4805 4782 
f 4785 4808 4804 4783 
f 4764 4810 4811 4787 
f 4937 4946 4949 4771 
f 4937 4935 4952 4948 
f 4948 4952 4953 4955 
f 4958 4959 4956 4955 
f 4963 5425 4959 4958 
f 4965 5426 5425 4963 
f 4969 5428 5430 4968 
f 4973 4978 4979 4972 
f 5009 5031 5032 5008 
f 4603 5031 5009 4602 
f 5144 5141 5142 5145 
f 5152 5149 5150 5155 
f 4779 4776 4781 4782 
f 4785 4784 4786 4787 
f 5145 5142 4777 4778 
f 4775 4772 5141 5144 
f 5155 5150 4773 4774 
f 4640 4637 5149 5152 
f 4635 4638 4639 4634 
f 4628 4622 4623 4636 
f 5169 5170 4597 4598 
f 4625 4540 4541 4624 
f 4635 4623 4624 4629 
f 4637 4638 4632 4633 
f 4753 4772 4773 4752 
f 4755 4776 4777 4754 
f 4757 4780 4781 4756 
f 4758 4784 4780 4757 
f 4760 4763 4786 4759 
f 4761 4762 4763 4760 
f 4766 4767 4762 4761 
f 4766 4568 4570 4769 
f 4769 4570 4572 4936 
f 4939 4957 4953 4938 
f 4940 4962 4957 4939 
f 4941 4964 4962 4940 
f 4943 4970 4971 4942 
f 4945 4966 4967 4944 
f 4954 4575 4577 4938 
f 4936 4572 4575 4954 
f 5140 5137 5138 5143 
f 5148 5431 4546 5151 
f 4755 4554 4557 4756 
f 5167 4595 5169 4598 
f 5167 5006 5007 5172 
f 4758 4560 4563 4759 
f 5143 5138 4553 4754 
f 4753 4550 5137 5140 
f 5151 4546 4547 4752 
f 4633 4630 5431 5148 
f 4544 4631 4632 4629 
f 4625 4622 4626 5419 
f 4526 4527 4536 4533 
f 4585 4586 4583 4582 
f 4586 4942 4941 4583 
f 4971 4972 4965 4964 
f 5023 5027 5029 5028 
f 4983 4984 5030 5028 
f 5127 5128 5084 5081 
f 5101 5100 5088 5085 
f 4998 5000 5093 5091 
f 5133 5134 5116 5115 
f 4987 4988 5123 5122 
f 4988 4990 5124 5123 
f 4997 4998 5091 5125 
f 4990 4997 5125 5124 
f 5128 5087 5088 5084 
f 5086 5133 5115 5085 
f 5134 5393 5392 5116 
f 5000 5127 5081 5093 
f 5027 5425 5426 5029 
f 4984 4987 5122 5030 
f 4972 4979 5426 4965 
f 4942 4971 4964 4941 
f 4537 4534 4535 4539 
f 4589 4590 4587 4584 
f 4590 4944 4943 4587 
f 4967 4968 4973 4970 
f 5430 5432 4981 4978 
f 5433 5429 4985 4982 
f 5198 5196 4989 4986 
f 5196 5194 4991 4989 
f 4993 4994 4999 4996 
f 4994 5003 5001 4999 
f 5003 5004 5129 5126 
f 5004 5217 5131 5130 
f 5217 5218 5135 5132 
f 5194 4993 4996 4991 
f 5130 5129 5004 
f 5132 5131 5217 
f 5394 5135 5218 
f 5126 5001 5003 
f 5432 5433 4982 4981 
f 5429 5198 4986 4985 
f 4968 5430 4978 4973 
f 4944 4967 4970 4943 
f 5191 5186 4609 
f 4543 2178 5434 4542 
f 4542 5434 1945 4545 
f 4549 5412 5435 4548 
f 4548 5435 5436 4551 
f 4552 1 5437 4555 
f 4556 1280 1946 4559 
f 4559 1946 1947 4561 
f 4562 5439 5438 4565 
f 4565 5438 5440 4567 
f 4567 5440 2 4569 
f 4569 2 5441 4571 
f 4571 5441 1948 4573 
f 4573 1948 1949 4574 
f 4574 1949 1950 4576 
f 4576 1950 5442 4578 
f 4578 5442 1951 4580 
f 4580 1951 5443 4582 
f 4585 1952 5444 4584 
f 4588 5445 1953 4593 
f 4593 1953 1281 4592 
f 5136 1282 5446 5139 
f 5146 5431 4630 5147 
f 4555 5437 1280 4556 
f 5447 1954 5171 5168 
f 4592 1281 5447 5168 
f 4561 1947 5439 4562 
f 5139 5446 1 4552 
f 4551 5436 1282 5136 
f 4549 4546 5431 5146 
f 5147 4630 4631 5415 
f 4545 1945 5414 5415 
f 4582 5443 1952 4585 
f 4584 5444 5448 4589 
f 4523 4524 5105 5106 
f 4528 5121 5392 4527 
f 4536 5393 5394 4535 
f 4614 5180 5265 4613 
f 4616 4620 5386 4615 
f 4617 5449 4619 4616 
f 4720 4718 5451 5450 
f 4731 4729 5453 5452 
f 4734 4732 5455 5454 
f 4751 4749 5457 5456 
f 5212 5119 5120 5458 
f 5458 5120 4528 4525 
f 5459 5179 4614 4611 
f 5459 5406 5207 5179 
f 5213 5257 5118 5119 
f 5221 5264 5389 5220 
f 5213 5235 5256 5257 
f 4523 5106 5256 5235 
f 5262 5236 4524 4522 
f 5245 5237 5236 5263 
f 5263 5220 5389 5245 
f 4613 5221 4612 
f 4615 5386 5208 5207 
f 5449 5457 4749 4619 
f 4732 4751 5456 5455 
f 4729 4734 5454 5453 
f 4718 4731 5452 5451 
f 5423 4720 5450 5460 
f 4527 5392 5393 4536 
f 4535 5394 5218 4539 
f 5215 4538 4539 5218 
f 4588 4593 4594 4591 
f 4594 5172 4945 4591 
f 5007 5008 4969 4966 
f 5429 5433 4977 4974 
f 5192 5199 4995 4992 
f 5199 4610 5005 5002 
f 5433 5432 5185 4977 
f 4530 5192 4992 5193 
f 4529 4530 5193 5195 
f 5188 4529 5195 5197 
f 5215 5216 4608 
f 4995 5002 5003 4994 
f 5217 5004 5005 5216 
f 5432 5430 5428 5185 
f 4975 5188 5197 4974 
f 5008 5032 5428 4969 
f 5172 5007 4966 4945 
f 4588 4589 5448 5445 
f 4538 5215 4608 
f 5461 5464 5463 5462 
f 5465 5468 5467 5466 
f 5469 5472 5471 5470 
f 5473 5476 5475 5474 
f 5477 5480 5479 5478 
f 5481 5484 5483 5482 
f 5485 5488 5487 5486 
f 5489 5485 5486 5490 
f 5490 5481 5482 5489 
f 5491 5494 5493 5492 
f 5495 5498 5497 5496 
f 5499 5502 5501 5500 
f 5503 5506 5505 5504 
f 5507 5510 5509 5508 
f 5509 5510 5512 5511 
f 5511 5512 5498 5495 
f 5513 5516 5515 5514 
f 5497 5513 5514 5496 
f 5517 5520 5519 5518 
f 5521 5524 5523 5522 
f 5522 5526 5525 5521 
f 5525 5526 5528 5527 
f 5527 5528 5530 5529 
f 5531 5534 5533 5532 
f 5535 5538 5537 5536 
f 5539 5542 5541 5540 
f 5543 5546 5545 5544 
f 5546 5543 5548 5547 
f 5547 5548 5550 5549 
f 5549 5550 5552 5551 
f 5552 5554 5553 5551 
f 5555 5553 5554 5556 
f 5557 5560 5559 5558 
f 5561 5564 5563 5562 
f 5565 5568 5567 5566 
f 5569 5572 5571 5570 
f 5573 5576 5575 5574 
f 5577 5580 5579 5578 
f 5581 5584 5583 5582 
f 5585 5588 5587 5586 
f 5589 5592 5591 5590 
f 5593 5596 5595 5594 
f 5597 5600 5599 5598 
f 5601 5604 5603 5602 
f 5605 5608 5607 5606 
f 5609 5612 5611 5610 
f 5613 5616 5615 5614 
f 5586 5587 5618 5617 
f 5619 5622 5621 5620 
f 5623 5626 5625 5624 
f 5608 5628 5627 5607 
f 5610 5611 5630 5629 
f 5631 5632 5616 5613 
f 5633 5636 5635 5634 
f 5559 5560 5638 5637 
f 5639 5642 5641 5640 
f 5643 5636 5633 5644 
f 5640 5641 5588 5585 
f 5637 5638 5592 5589 
f 5600 5645 5634 5599 
f 5628 5577 5578 5627 
f 5629 5630 5581 5582 
f 5646 5647 5632 5631 
f 5648 5598 5599 5649 
f 5624 5651 5650 5623 
f 5645 5652 5633 5634 
f 5649 5599 5634 5635 
f 5653 5654 5644 
f 5655 5658 5657 5656 
f 5594 5660 5659 5593 
f 5613 5614 5662 5661 
f 5631 5613 5661 5663 
f 5647 5646 5644 5664 
f 5646 5631 5663 5665 
f 5633 5652 5666 5644 
f 5643 5644 5667 
f 5667 5644 5668 
f 5668 5644 5646 5665 
f 5669 5671 5461 5670 
f 5461 5673 5672 
f 5461 5675 5674 
f 5461 5676 5675 
f 5461 5672 5676 
f 5677 5680 5679 5678 
f 5681 5684 5683 5682 
f 5685 5688 5687 5686 
f 5689 5692 5691 5690 
f 5693 5696 5695 5694 
f 5697 5700 5699 5698 
f 5701 5704 5703 5702 
f 5705 5708 5707 5706 
f 5709 5712 5711 5710 
f 5702 5714 5713 5701 
f 5715 5718 5717 5716 
f 5719 5722 5721 5720 
f 5723 5726 5725 5724 
f 5727 5730 5729 5728 
f 5720 5732 5731 5719 
f 5733 5736 5735 5734 
f 5737 5740 5739 5738 
f 5741 5744 5743 5742 
f 5745 5748 5747 5746 
f 5738 5750 5749 5737 
f 5751 5754 5753 5752 
f 5755 5758 5757 5756 
f 5759 5762 5761 5760 
f 5763 5766 5765 5764 
f 5756 5768 5767 5755 
f 5769 5772 5771 5770 
f 5773 5776 5775 5774 
f 5777 5780 5779 5778 
f 5781 5784 5783 5782 
f 5774 5786 5785 5773 
f 5787 5790 5789 5788 
f 5791 5794 5793 5792 
f 5795 5798 5797 5796 
f 5799 5802 5801 5800 
f 5803 5806 5805 5804 
f 5807 5810 5809 5808 
f 5656 5812 5811 5655 
f 5813 5816 5815 5814 
f 5817 1464 4193 5818 
f 5819 5822 5821 5820 
f 5823 5826 5825 5824 
f 5827 5830 5829 5828 
f 5831 5832 5830 5827 
f 5833 5836 5835 5834 
f 5837 1955 5838 5678 
f 5677 5841 5840 5839 
f 5842 5845 5844 5843 
f 5845 5847 5846 5844 
f 5601 5849 5848 5839 
f 1956 5837 5678 5679 
f 5850 5853 5852 5851 
f 5854 5857 5856 5855 
f 4494 1957 5859 5858 
f 5860 5861 5506 5503 
f 5505 5863 5862 5504 
f 5864 5865 5517 5518 
f 5567 5867 5866 5566 
f 5868 5871 5870 5869 
f 5872 5875 5874 5873 
f 5874 5573 5574 5873 
f 5876 5879 5878 5877 
f 5880 5883 5882 5881 
f 5884 5887 5886 5885 
f 5888 5887 5884 5889 
f 5890 5883 5892 5891 
f 5891 5892 5888 5889 
f 5476 5605 5606 5475 
f 5893 5894 5473 5474 
f 5540 5541 5612 5609 
f 5895 5542 5897 5896 
f 5614 5615 5596 5593 
f 5898 5899 5594 5595 
f 5900 5660 5594 5899 
f 5662 5614 5593 5659 
f 5901 5882 5903 5902 
f 5684 5901 5902 5683 
f 5904 5907 5906 5905 
f 5907 5904 5684 5681 
f 5908 5682 5683 5909 
f 5910 5913 5912 5911 
f 5688 5910 5911 5687 
f 5686 5915 5914 5685 
f 5916 5919 5918 5917 
f 5692 5918 5919 5691 
f 5920 5922 5921 5689 
f 5923 5926 5925 5924 
f 5706 5707 5923 5924 
f 5708 5705 5928 5927 
f 5929 5932 5931 5930 
f 5724 5725 5929 5930 
f 5726 5723 5934 5933 
f 5935 5938 5937 5936 
f 5742 5743 5935 5936 
f 5744 5741 5940 5939 
f 5941 5944 5943 5942 
f 5760 5761 5941 5942 
f 5762 5759 5946 5945 
f 5947 5950 5949 5948 
f 5778 5779 5947 5948 
f 5780 5777 5952 5951 
f 5953 5956 5955 5954 
f 5798 5954 5955 5797 
f 5957 5960 5959 5958 
f 5961 5964 5963 5962 
f 5814 5815 5964 5961 
f 5813 5966 5965 5816 
f 1958 5968 5851 5967 
f 5969 5972 5971 5970 
f 5853 5970 5971 5852 
f 5973 5974 5690 5850 
f 5975 5978 5977 5976 
f 5857 5977 5978 5856 
f 5979 5854 5855 5980 
f 5981 5903 5890 5982 
f 5883 5890 5903 5882 
f 5983 5880 5881 5984 
f 5913 5910 5986 5985 
f 5985 5986 5988 5987 
f 5887 5988 5986 5886 
f 5989 5884 5885 5990 
f 5884 5989 5991 
f 5988 5992 5987 
f 5992 5988 5887 5888 
f 5889 5884 5994 5993 
f 5884 5991 5994 
f 5995 5996 5880 5983 
f 5883 5880 5996 5892 
f 5982 5890 5891 5997 
f 5891 5998 5997 
f 5992 5996 5995 5987 
f 5996 5992 5888 5892 
f 5998 5891 5889 5999 
f 5881 6001 6000 5984 
f 6001 5881 5882 5901 
f 6002 5902 5903 5981 
f 6001 5904 5905 6000 
f 5904 6001 5901 5684 
f 5909 5683 5902 6002 
f 5889 5993 6003 
f 5889 6003 5999 
f 6004 6007 6006 6005 
f 6005 6006 5520 5517 
f 6008 6009 5518 5519 
f 6010 6013 6012 6011 
f 5522 5523 6013 6010 
f 5524 5521 6015 6014 
f 6016 6010 6011 6017 
f 6010 6016 5526 5522 
f 5525 6018 6015 5521 
f 6019 6020 6016 6017 
f 5526 6016 6020 5528 
f 5527 6021 6018 5525 
f 6020 6019 6023 6022 
f 5528 6020 6022 5530 
f 6021 5527 5529 6024 
f 6025 6028 6027 6026 
f 6026 6027 5534 5531 
f 6029 6030 5532 5533 
f 6031 6034 6033 6032 
f 5536 5537 6031 6032 
f 5538 5535 6036 6035 
f 6037 6039 6038 5895 
f 5542 5895 6038 5541 
f 5540 6041 6040 5539 
f 6042 6045 6044 6043 
f 6045 5543 5544 6044 
f 5546 6047 6046 5545 
f 6048 6049 6045 6042 
f 5543 6045 6049 5548 
f 5547 6050 6047 5546 
f 6051 6052 6049 6048 
f 5548 6049 6052 5550 
f 5549 6053 6050 5547 
f 6054 6055 6052 6051 
f 5550 6052 6055 5552 
f 5551 6056 6053 5549 
f 6057 6055 6054 6058 
f 6055 6057 5554 5552 
f 6059 6056 5551 5553 
f 6060 6057 6058 6061 
f 5556 5554 6057 6060 
f 5553 5555 6062 6059 
f 6063 6066 6065 6064 
f 6064 6065 5560 5557 
f 6067 6068 5558 5559 
f 6069 6072 6071 6070 
f 5564 6070 6071 5563 
f 5561 6075 6074 6073 
f 6076 6079 6078 6077 
f 6078 6079 5567 5568 
f 6080 6081 5565 5566 
f 6082 6085 6084 6083 
f 6083 6084 5584 5581 
f 6086 6087 5582 5583 
f 6088 6091 6090 6089 
f 5592 6089 6090 5591 
f 5590 6093 6092 5589 
f 6094 6097 6096 6095 
f 5612 6095 6096 5611 
f 5610 6099 6098 5609 
f 6100 6103 6102 6101 
f 5620 5621 6100 6101 
f 5622 5619 6105 6104 
f 6097 6107 6106 6096 
f 5611 6096 6106 5630 
f 5629 6108 6099 5610 
f 6066 6110 6109 6065 
f 5560 6065 6109 5638 
f 5637 6111 6067 5559 
f 6110 6088 6089 6109 
f 5638 6109 6089 5592 
f 5589 6092 6111 5637 
f 6107 6082 6083 6106 
f 5630 6106 6083 5581 
f 5582 6087 6108 5629 
f 6112 6115 6114 6113 
f 5698 5699 6112 6113 
f 5700 5697 6117 6116 
f 6118 6121 6120 6119 
f 5716 5717 6118 6119 
f 5718 5715 6123 6122 
f 6124 6127 6126 6125 
f 5734 5735 6124 6125 
f 5736 5733 6129 6128 
f 6130 6133 6132 6131 
f 5752 5753 6130 6131 
f 5754 5751 6135 6134 
f 6136 6139 6138 6137 
f 5770 5771 6136 6137 
f 5772 5769 6141 6140 
f 6142 6145 6144 6143 
f 5790 6143 6144 5789 
f 6146 6149 6148 6147 
f 6150 6153 6152 6151 
f 5808 5809 6150 6151 
f 5810 5807 6155 6154 
f 6156 6158 1077 6157 
f 5830 6157 1077 5829 
f 5828 6160 6159 5827 
f 6161 6156 6157 6162 
f 5832 6162 6157 5830 
f 5831 6164 6163 5562 
f 6165 6168 6167 6166 
f 5834 5835 6168 6165 
f 5833 6170 6169 5836 
f 6171 6004 6005 6172 
f 5865 6172 6005 5517 
f 5864 6174 6173 5866 
f 6079 6076 6176 6175 
f 6079 6175 5867 5567 
f 6173 6080 5566 5866 
f 6177 1959 6179 6178 
f 6178 6179 5871 5868 
f 5869 5870 6181 6180 
f 6039 6094 6095 6038 
f 5541 6038 6095 5612 
f 5609 6098 6041 5540 
f 5539 6040 6183 6182 
f 5542 5539 6182 5897 
f 6184 6037 5895 5896 
f 5967 5851 5852 6185 
f 5971 5972 1433 6186 
f 6185 5852 5971 6186 
f 5538 5533 5534 5537 
f 5536 6188 6187 5535 
f 6189 6190 5572 5569 
f 5463 5464 5570 5571 
f 6191 6194 6193 6192 
f 5501 5502 5696 5693 
f 5695 6196 6195 5694 
f 6197 6189 5569 6198 
f 6199 6202 6201 6200 
f 6201 6202 6194 6191 
f 6192 6193 6204 6203 
f 6027 6028 6034 6031 
f 6205 6206 6032 6033 
f 5537 5534 6027 6031 
f 6032 6206 6188 5536 
f 5535 6187 6207 6036 
f 6035 6029 5533 5538 
f 5700 6187 6188 5699 
f 5698 6209 6208 5697 
f 6210 6211 5704 5701 
f 6190 6189 5702 5703 
f 5708 6193 6194 5707 
f 5706 6213 6212 5705 
f 6195 6196 5712 5709 
f 5711 6215 6214 5710 
f 6189 6197 5714 5702 
f 6216 6210 5701 5713 
f 6202 6199 5926 5923 
f 6217 6218 5924 5925 
f 5707 6194 6202 5923 
f 5924 6218 6213 5706 
f 5705 6212 6219 5928 
f 6193 5708 5927 6204 
f 6206 6205 6115 6112 
f 6220 6221 6113 6114 
f 5699 6188 6206 6112 
f 6113 6221 6209 5698 
f 5697 6208 6222 6117 
f 6116 6207 6187 5700 
f 5718 6208 6209 5717 
f 5716 6224 6223 5715 
f 6225 6226 5722 5719 
f 6211 6210 5720 5721 
f 5726 6212 6213 5725 
f 5724 6228 6227 5723 
f 6214 6215 5730 5727 
f 5729 6230 6229 5728 
f 6210 6216 5732 5720 
f 6231 6225 5719 5731 
f 6218 6217 5932 5929 
f 6232 6233 5930 5931 
f 5725 6213 6218 5929 
f 5930 6233 6228 5724 
f 5723 6227 6234 5934 
f 6212 5726 5933 6219 
f 6221 6220 6121 6118 
f 6235 6236 6119 6120 
f 5717 6209 6221 6118 
f 6119 6236 6224 5716 
f 5715 6223 6237 6123 
f 6122 6222 6208 5718 
f 5736 6223 6224 5735 
f 5734 6239 6238 5733 
f 6240 6241 5740 5737 
f 6226 6225 5738 5739 
f 5744 6227 6228 5743 
f 5742 6243 6242 5741 
f 6229 6230 5748 5745 
f 5747 6245 6244 5746 
f 6225 6231 5750 5738 
f 6246 6240 5737 5749 
f 6233 6232 5938 5935 
f 6247 6248 5936 5937 
f 5743 6228 6233 5935 
f 5936 6248 6243 5742 
f 5741 6242 6249 5940 
f 6227 5744 5939 6234 
f 6236 6235 6127 6124 
f 6250 6251 6125 6126 
f 5735 6224 6236 6124 
f 6125 6251 6239 5734 
f 5733 6238 6252 6129 
f 6128 6237 6223 5736 
f 5754 6238 6239 5753 
f 5752 6254 6253 5751 
f 6255 6256 5758 5755 
f 6241 6240 5756 5757 
f 5762 6242 6243 5761 
f 5760 6258 6257 5759 
f 6244 6245 5766 5763 
f 5765 6260 6259 5764 
f 6240 6246 5768 5756 
f 6261 6255 5755 5767 
f 6248 6247 5944 5941 
f 6262 6263 5942 5943 
f 5761 6243 6248 5941 
f 5942 6263 6258 5760 
f 5759 6257 6264 5946 
f 6242 5762 5945 6249 
f 6251 6250 6133 6130 
f 6265 6266 6131 6132 
f 5753 6239 6251 6130 
f 6131 6266 6254 5752 
f 5751 6253 6267 6135 
f 6134 6252 6238 5754 
f 5772 6253 6254 5771 
f 6256 6255 5774 5775 
f 5780 6257 6258 5779 
f 6259 6260 5784 5781 
f 6255 6261 5786 5774 
f 6263 6262 5950 5947 
f 5779 6258 6263 5947 
f 6257 5780 5951 6264 
f 6266 6265 6139 6136 
f 5771 6254 6266 6136 
f 6140 6267 6253 5772 
f 5770 6269 6268 5769 
f 6270 6271 5776 5773 
f 5778 6273 6272 5777 
f 5783 6275 6274 5782 
f 6276 6270 5773 5785 
f 6277 6278 5948 5949 
f 5948 6278 6273 5778 
f 5777 6272 6279 5952 
f 6280 6281 6137 6138 
f 6137 6281 6269 5770 
f 5769 6268 6282 6141 
f 5804 6284 6283 5803 
f 5796 6286 6285 5795 
f 5787 5788 6288 6287 
f 5803 6283 5794 5791 
f 6271 6270 5792 5793 
f 5960 5795 6285 5959 
f 6272 5957 5958 6279 
f 6149 5787 6287 6148 
f 6147 6282 6268 6146 
f 6146 6268 6269 6289 
f 6149 6146 6289 6290 
f 6290 5790 5787 6149 
f 5957 6272 6273 6291 
f 5960 5957 6291 6292 
f 6292 5798 5795 5960 
f 6274 6275 6294 6293 
f 6293 6294 6296 6295 
f 6296 5802 5799 6295 
f 6270 6276 6297 5792 
f 5792 6297 6298 5791 
f 5806 5803 5791 6298 
f 6278 6277 6300 6299 
f 6299 6300 6302 6301 
f 5953 5954 6301 6302 
f 6291 6273 6278 6299 
f 6292 6291 6299 6301 
f 6301 5954 5798 6292 
f 6281 6280 6304 6303 
f 6303 6304 6306 6305 
f 6142 6143 6305 6306 
f 6289 6269 6281 6303 
f 6290 6289 6303 6305 
f 6305 6143 5790 6290 
f 5859 5861 5860 5858 
f 5568 5868 5869 6078 
f 5576 5878 5879 5575 
f 6081 6177 6178 5565 
f 5568 5565 6178 5868 
f 6077 6078 5869 6180 
f 5863 5466 5467 5862 
f 5864 5866 5867 5865 
f 5671 5669 5875 5872 
f 6175 6176 6171 6172 
f 5865 5867 6175 6172 
f 5864 5518 6009 6174 
f 5839 5848 5680 5677 
f 5822 5817 5818 5821 
f 5831 5562 5563 5832 
f 5678 5838 5841 5677 
f 5850 5690 5691 5853 
f 5969 5970 5919 5916 
f 5853 5691 5919 5970 
f 5851 5968 5973 5850 
f 6071 6072 6161 6162 
f 5832 5563 6071 6162 
f 5831 5827 6159 6164 
f 5480 5819 5820 5479 
f 5561 6073 6307 5564 
f 5839 5840 5604 5601 
f 5921 6308 5692 5689 
f 5602 6309 5849 5601 
f 5917 5918 6311 6310 
f 6308 6311 5918 5692 
f 5690 5974 5920 5689 
f 6312 6313 6069 6070 
f 5564 6307 6312 6070 
f 5561 5562 6163 6075 
f 6314 6315 5826 5823 
f 5825 5477 5478 5824 
f 5836 6312 6307 5835 
f 5834 6317 6316 5833 
f 6318 6319 5845 5842 
f 5602 5603 5843 5844 
f 6319 6320 5847 5845 
f 6309 5602 5844 5846 
f 6311 6308 5857 5854 
f 6321 6322 5855 5856 
f 5976 5977 5921 5922 
f 5978 5975 6324 6323 
f 6308 5921 5977 5857 
f 6323 6321 5856 5978 
f 5980 5855 6322 6325 
f 5854 5979 6310 6311 
f 6168 6073 6074 6167 
f 6166 6327 6326 6165 
f 5835 6307 6073 6168 
f 6165 6326 6317 5834 
f 6316 6328 6170 5833 
f 6313 6312 5836 6169 
f 5617 5618 5494 5491 
f 5493 6315 6314 5492 
f 5622 5590 5591 5621 
f 5620 6317 6326 5619 
f 6319 6318 5626 5623 
f 5597 5598 5624 5625 
f 5598 5648 5651 5624 
f 6320 6319 5623 5650 
f 5885 5886 5688 5685 
f 6321 6323 5686 5687 
f 5911 5912 6325 6322 
f 5886 5986 5910 5688 
f 6322 6321 5687 5911 
f 5915 5686 6323 6324 
f 5885 5685 5914 5990 
f 6090 6091 6103 6100 
f 6328 6316 6101 6102 
f 5621 5591 6090 6100 
f 6101 6316 6317 5620 
f 5619 6326 6327 6105 
f 6104 6093 5590 5622 
f 5800 5801 5472 5469 
f 5471 5894 5893 5470 
f 5804 5805 5658 5655 
f 5900 5899 5656 5657 
f 5810 5788 5789 5809 
f 5808 5897 6182 5807 
f 5899 5898 5812 5656 
f 6284 5804 5655 5811 
f 5816 5796 5797 5815 
f 5814 5681 5682 5813 
f 5955 5956 5963 5964 
f 5907 5961 5962 5906 
f 5815 5797 5955 5964 
f 5961 5907 5681 5814 
f 5682 5908 5966 5813 
f 6286 5796 5816 5965 
f 6144 6145 6153 6150 
f 6184 5896 6151 6152 
f 5809 5789 6144 6150 
f 6151 5896 5897 5808 
f 5807 6182 6183 6155 
f 6154 6288 5788 5810 
f 5636 5994 5991 5635 
f 5643 5993 5994 5636 
f 5649 5989 5990 5648 
f 5651 5914 5915 5650 
f 5635 5991 5989 5649 
f 5658 5965 5966 5657 
f 5660 5909 6002 5659 
f 5662 5981 5982 5661 
f 5661 5982 5997 5663 
f 5663 5997 5998 5665 
f 5667 6003 5993 5643 
f 5668 5999 6003 5667 
f 5665 5998 5999 5668 
f 5680 5973 5968 5679 
f 5714 5927 5928 5713 
f 5732 5933 5934 5731 
f 5750 5939 5940 5749 
f 5768 5945 5946 5767 
f 5786 5951 5952 5785 
f 5806 6285 6286 5805 
f 5847 5975 5976 5846 
f 5849 5920 5974 5848 
f 5679 5968 1958 1956 
f 5900 5908 5909 5660 
f 5659 6002 5981 5662 
f 6198 6203 6204 6197 
f 6197 6204 5927 5714 
f 5713 5928 6219 6216 
f 6216 6219 5933 5732 
f 5731 5934 6234 6231 
f 6231 6234 5939 5750 
f 5749 5940 6249 6246 
f 6246 6249 5945 5768 
f 5767 5946 6264 6261 
f 6261 6264 5951 5786 
f 5785 5952 6279 6276 
f 6276 6279 5958 6297 
f 6297 5958 5959 6298 
f 6298 5959 6285 5806 
f 5848 5974 5973 5680 
f 6309 5922 5920 5849 
f 6320 6324 5975 5847 
f 5846 5976 5922 6309 
f 5648 5990 5914 5651 
f 5650 5915 6324 6320 
f 5805 6286 5965 5658 
f 5657 5966 5908 5900 
f 4526 5906 5962 4525 
f 4534 6000 5905 4533 
f 4538 5983 5984 4537 
f 4597 5916 5917 4596 
f 4601 6310 5979 4600 
f 4605 5912 5913 4604 
f 4609 5987 5995 4608 
f 4612 5949 5950 4611 
f 4618 5944 6247 4617 
f 5171 5972 5969 5170 
f 5183 5980 6325 5182 
f 4604 5913 5985 5200 
f 5200 5985 5987 4609 
f 5212 5956 5953 5214 
f 5219 6277 5949 4612 
f 5214 5953 6302 4522 
f 5262 6300 6277 5219 
f 5406 5943 5944 4618 
f 4600 5979 5980 5183 
f 5182 6325 5912 4605 
f 4596 5917 6310 4601 
f 5170 5969 5916 4597 
f 4533 5905 5906 4526 
f 4537 5984 6000 4534 
f 1954 1433 5972 5171 
f 4617 6247 5937 5449 
f 5451 5926 6199 5450 
f 5453 6217 5925 5452 
f 5455 5931 5932 5454 
f 5457 5938 6232 5456 
f 5458 5963 5956 5212 
f 4525 5962 5963 5458 
f 4611 5950 6262 5459 
f 5459 6262 5943 5406 
f 4522 6302 6300 5262 
f 5449 5937 5938 5457 
f 5456 6232 5931 5455 
f 5454 5932 6217 5453 
f 5452 5925 5926 5451 
f 5450 6199 6200 5460 
f 4608 5995 5983 4538 
f 6009 6008 5465 5466 
f 6009 5466 5863 6174 
f 6174 5863 5505 6173 
f 6080 6173 5505 5506 
f 6080 5506 5861 6081 
f 6081 5861 5859 6177 
f 6177 5859 1957 1959 
f 6160 1464 5817 6159 
f 6159 5817 5822 6164 
f 6164 5822 5819 6163 
f 6163 5819 5480 6075 
f 6075 5480 5477 6074 
f 6074 5477 5825 6167 
f 6167 5825 5826 6166 
f 6166 5826 6315 6327 
f 6327 6315 5493 6105 
f 6105 5493 5494 6104 
f 6104 5494 5618 6093 
f 6093 5618 5587 6092 
f 6092 5587 5588 6111 
f 6111 5588 5641 6067 
f 6068 6067 5641 5642 
f 6059 6062 5516 5513 
f 6059 5513 5497 6056 
f 6056 5497 5498 6053 
f 6053 5498 5512 6050 
f 6050 5512 5510 6047 
f 6046 6047 5510 5507 
f 6087 6086 5580 5577 
f 6087 5577 5628 6108 
f 6108 5628 5608 6099 
f 6099 5608 5605 6098 
f 6098 5605 5476 6041 
f 6041 5476 5473 6040 
f 6040 5473 5894 6183 
f 6183 5894 5471 6155 
f 6155 5471 5472 6154 
f 6154 5472 5801 6288 
f 6288 5801 5802 6287 
f 6287 5802 6296 6148 
f 6148 6296 6294 6147 
f 6147 6294 6275 6282 
f 6282 6275 5783 6141 
f 6141 5783 5784 6140 
f 6140 5784 6260 6267 
f 6267 6260 5765 6135 
f 6135 5765 5766 6134 
f 6134 5766 6245 6252 
f 6252 6245 5747 6129 
f 6129 5747 5748 6128 
f 6128 5748 6230 6237 
f 6237 6230 5729 6123 
f 6123 5729 5730 6122 
f 6122 5730 6215 6222 
f 6222 6215 5711 6117 
f 6117 5711 5712 6116 
f 6116 5712 6196 6207 
f 6207 6196 5695 6036 
f 6036 5695 5696 6035 
f 6035 5696 5502 6029 
f 6030 6029 5502 5499 
f 6021 6024 5484 5481 
f 6021 5481 5490 6018 
f 6018 5490 5486 6015 
f 6014 6015 5486 5487 
f 5644 6330 6329 
f 5644 6329 6331 
f 5644 6331 6332 
f 5644 5654 6330 
f 5653 5644 6333 
f 5462 5463 6028 6025 
f 5572 6033 6034 5571 
f 6077 5576 5573 6076 
f 5596 6039 6037 5595 
f 5597 6091 6088 5600 
f 5604 6069 6313 5603 
f 5616 6097 6094 5615 
f 5626 6102 6103 5625 
f 5632 6107 6097 5616 
f 5600 6088 6110 5645 
f 5647 6082 6107 5632 
f 5645 6110 6066 5652 
f 5653 6058 6054 5654 
f 5647 5664 6085 6082 
f 5666 5652 6066 6063 
f 5669 5670 6007 6004 
f 6019 5672 5673 6023 
f 5674 5675 6011 6012 
f 5676 6017 6011 5675 
f 5672 6019 6017 5676 
f 5704 6114 6115 5703 
f 5722 6120 6121 5721 
f 5740 6126 6127 5739 
f 5758 6132 6133 5757 
f 5776 6138 6139 5775 
f 5794 6306 6304 5793 
f 5812 6152 6153 5811 
f 1955 6158 6156 5838 
f 5841 6161 6072 5840 
f 5843 6169 6170 5842 
f 5875 6171 6176 5874 
f 6076 5573 5874 6176 
f 5878 6180 6181 5877 
f 5615 6094 6039 5596 
f 5595 6037 6184 5898 
f 6190 6205 6033 5572 
f 5571 6034 6028 5463 
f 6211 6220 6114 5704 
f 5703 6115 6205 6190 
f 6226 6235 6120 5722 
f 5721 6121 6220 6211 
f 6241 6250 6126 5740 
f 5739 6127 6235 6226 
f 6256 6265 6132 5758 
f 5757 6133 6250 6241 
f 5775 6139 6265 6256 
f 6271 6280 6138 5776 
f 6284 6145 6142 6283 
f 6283 6142 6306 5794 
f 5793 6304 6280 6271 
f 6180 5878 5576 6077 
f 5669 6004 6171 5875 
f 5838 6156 6161 5841 
f 5840 6072 6069 5604 
f 5842 6170 6328 6318 
f 5603 6313 6169 5843 
f 6318 6328 6102 5626 
f 5625 6103 6091 5597 
f 5898 6184 6152 5812 
f 5811 6153 6145 6284 
f 6330 6051 6048 6329 
f 6329 6048 6042 6331 
f 6331 6042 6043 6332 
f 5654 6054 6051 6330 
f 5653 6333 6061 6058 
f 6334 6337 6336 6335 
f 6337 6339 6338 6336 
f 6339 6341 6340 6338 
f 6341 6343 6342 6340 
f 6343 6345 6344 6342 
f 6345 6347 6346 6344 
f 6335 6349 6348 6334 
f 6350 6353 6352 6351 
f 6354 6357 6356 6355 
f 6358 6359 6354 6355 
f 6360 6361 6359 6358 
f 6362 6363 6361 6360 
f 6364 6365 6363 6362 
f 6366 6367 6365 6364 
f 6368 6371 6370 6369 
f 6357 6373 6372 6356 
f 6374 6377 6376 6375 
f 6375 6376 6379 6378 
f 6378 6379 6357 6354 
f 6380 6383 6382 6381 
f 6381 6382 6355 6356 
f 6384 6385 6375 
f 6386 6384 6375 6378 
f 6386 6378 6354 6359 
f 6387 6390 6389 6388 
f 6383 6392 6391 6382 
f 6382 6391 6358 6355 
f 6393 6394 6385 6384 
f 6395 6393 6384 6386 
f 6361 6395 6386 6359 
f 6392 6387 6397 6396 
f 6391 6392 6396 6398 
f 6358 6391 6398 6360 
f 6399 6400 6394 6393 
f 6401 6399 6393 6395 
f 6363 6401 6395 6361 
f 6396 6397 6403 6402 
f 6398 6396 6402 6404 
f 6360 6398 6404 6362 
f 6405 6406 6400 6399 
f 6407 6405 6399 6401 
f 6365 6407 6401 6363 
f 6402 6403 6409 6408 
f 6404 6402 6408 6410 
f 6362 6404 6410 6364 
f 6411 6412 6406 6405 
f 6413 6411 6405 6407 
f 6367 6413 6407 6365 
f 6408 6409 6415 6414 
f 6410 6408 6414 6416 
f 6364 6410 6416 6366 
f 6417 6420 6419 6418 
f 6421 6424 6423 6422 
f 6424 6368 6369 6423 
f 6414 6415 6426 6425 
f 6416 6414 6425 6427 
f 6366 6416 6427 
f 6377 6429 6428 6376 
f 6376 6428 6430 6379 
f 6379 6430 6373 6357 
f 5421 6431 6372 5424 
f 6377 6374 6433 6432 
f 6374 6435 6434 6433 
f 4651 6429 6436 4643 
f 6432 6433 6438 6437 
f 6433 6434 6439 6438 
f 4643 6436 6440 4642 
f 6437 6438 6442 6441 
f 6438 6439 6443 6442 
f 4642 6440 6444 4627 
f 6441 6442 6446 6445 
f 6442 6443 6447 6446 
f 6444 6448 4626 4627 
f 6446 6450 6449 6445 
f 6446 6447 6451 6450 
f 6448 6452 5419 4626 
f 6453 5575 5879 6454 
f 6455 5570 5464 6456 
f 5671 6458 6457 5461 
f 6459 6456 5464 5461 
f 6460 6459 5461 
f 6461 6460 5461 
f 6462 6461 5461 
f 6457 6462 5461 
f 4715 6464 6463 4714 
f 4714 6463 6465 5335 
f 5334 5335 6465 6466 
f 6467 6466 6468 
f 6467 6468 6470 6469 
f 6471 6469 6470 6472 
f 6470 6390 6472 
f 5398 6474 6473 5422 
f 6475 6474 6471 6472 
f 6463 6476 6468 6465 
f 6465 6468 6466 
f 5284 5334 6466 6467 
f 6469 5283 5284 6467 
f 5399 5283 6469 6471 
f 6474 6475 6380 6473 
f 6474 5398 5399 6471 
f 6380 6475 6383 
f 6468 6390 6470 
f 6383 6475 6472 6390 
f 5421 5422 6473 6431 
f 6476 6478 6477 6389 
f 5423 6479 6464 4715 
f 6480 6483 6482 6481 
f 6484 6487 6486 6485 
f 6488 6489 6427 6425 
f 6489 6490 6366 6427 
f 6458 5671 5872 6491 
f 6481 6482 6493 6492 
f 6367 6366 6490 6494 
f 6411 6413 6495 
f 6413 6367 6494 6495 
f 6491 5872 5873 6496 
f 6497 6498 6487 6484 
f 6499 6500 6489 6488 
f 6500 6501 6490 6489 
f 6492 6493 6503 6502 
f 6494 6490 6501 6504 
f 6505 6412 6507 6506 
f 6411 6495 6509 6508 
f 6495 6494 6504 6509 
f 6510 6511 6449 6450 
f 6417 6512 6451 6506 
f 6511 6513 6452 6449 
f 6514 6496 5873 5574 
f 6515 6516 6498 6497 
f 6517 6518 6500 6499 
f 6518 6371 6501 6500 
f 6502 6503 6353 6350 
f 6519 1961 1960 6520 
f 6504 6501 6371 6368 
f 1962 6521 6369 6370 
f 6506 6507 6420 6417 
f 6522 1963 6419 6422 
f 6508 6509 6424 6421 
f 1964 6522 6422 6423 
f 6509 6504 6368 6424 
f 6521 1964 6423 6369 
f 6453 6514 5574 5575 
f 5876 6523 6454 5879 
f 6524 2179 6526 6525 
f 6525 6526 6511 6510 
f 6527 1965 6528 6418 
f 6418 6528 6512 6417 
f 6529 4517 6531 6530 
f 6530 6531 6516 6515 
f 1966 6534 6533 6532 
f 6532 6533 6518 6517 
f 6534 1962 6370 6533 
f 6533 6370 6371 6518 
f 6535 6538 6537 6536 
f 6539 6540 6538 6535 
f 6541 6542 6540 6539 
f 6543 6542 6541 6544 
f 6545 6543 6544 6546 
f 6483 6545 6546 6547 
f 6537 6549 6548 6536 
f 6550 6520 6552 6551 
f 6346 6554 6553 6547 
f 6554 6556 6555 6553 
f 6556 6558 6557 6555 
f 6558 6550 6551 6557 
f 1967 6352 6552 6559 
f 6535 6536 6335 6336 
f 6539 6535 6336 6338 
f 6541 6539 6338 6340 
f 6544 6541 6340 6342 
f 6344 6546 6544 6342 
f 6547 6546 6344 6346 
f 6536 6548 6349 6335 
f 6559 6552 6520 1960 
f 6550 6560 6519 6520 
f 6347 6561 6554 6346 
f 6554 6561 6562 6556 
f 6556 6562 6563 6558 
f 6558 6563 6560 6550 
f 6551 6552 6352 6353 
f 6547 6553 6482 6483 
f 6553 6555 6493 6482 
f 6555 6557 6503 6493 
f 6557 6551 6353 6503 
f 6564 6565 6537 6538 
f 6540 6566 6564 6538 
f 6542 6567 6566 6540 
f 6543 6568 6567 6542 
f 6569 6568 6543 6545 
f 6480 6569 6545 6483 
f 6565 6570 6549 6537 
f 6571 6351 6352 1967 
f 5460 6572 6479 5423 
f 6478 6573 6477 
f 6349 6192 6203 6348 
f 6373 4664 5424 6372 
f 6429 4651 4652 6428 
f 6428 4652 4663 6430 
f 6430 4663 4664 6373 
f 6431 6381 6356 6372 
f 6429 6377 6432 6436 
f 6436 6432 6437 6440 
f 6440 6437 6441 6444 
f 6444 6441 6445 6448 
f 6445 6449 6452 6448 
f 6198 5569 5570 6455 
f 6473 6380 6381 6431 
f 6479 6478 6464 
f 5420 5419 6452 6513 
f 6201 6191 6548 6549 
f 6191 6192 6349 6548 
f 6570 6200 6201 6549 
f 6572 6573 6478 6479 
f 6478 6476 6463 6464 
f 6435 6575 6574 6434 
f 6434 6574 6576 6439 
f 6439 6576 6577 6443 
f 6443 6577 6505 6447 
f 6447 6505 6506 6451 
f 6512 6510 6450 6451 
f 6524 6525 6528 1965 
f 6525 6510 6512 6528 
f 6394 6574 6575 6385 
f 6400 6576 6574 6394 
f 6406 6577 6576 6400 
f 6412 6505 6577 6406 
f 6421 6422 6419 6420 
f 6412 6411 6508 6507 
f 6507 6508 6421 6420 
f 6527 6418 6419 1963 
f 6385 6575 6375 
f 6575 6435 6375 
f 6435 6374 6375 
f 6453 6454 6519 6560 
f 6455 6456 6334 6348 
f 6457 6458 6347 6345 
f 6456 6459 6337 6334 
f 6459 6460 6339 6337 
f 6460 6461 6341 6339 
f 6461 6462 6343 6341 
f 6462 6457 6345 6343 
f 6458 6491 6561 6347 
f 6491 6496 6562 6561 
f 6496 6514 6563 6562 
f 6514 6453 6560 6563 
f 6454 6523 1961 6519 
f 6198 6455 6348 6203 
f 6578 6579 6566 6567 
f 6580 6578 6567 6568 
f 6581 6580 6568 6569 
f 6582 6581 6569 6480 
f 6485 6582 6480 6481 
f 6579 6477 6564 6566 
f 6484 6485 6481 6492 
f 6497 6484 6492 6502 
f 6515 6497 6502 6350 
f 6529 6530 6351 6571 
f 6530 6515 6350 6351 
f 6572 5460 6200 6570 
f 6477 6573 6565 6564 
f 6573 6572 6570 6565 
f 5558 5555 5556 5557 
f 5580 5507 5508 5579 
f 5584 5544 5545 5583 
f 5639 5515 5516 5642 
f 6064 6060 6061 6063 
f 5557 5556 6060 6064 
f 6068 6062 5555 5558 
f 6085 6043 6044 6084 
f 6084 6044 5544 5584 
f 5583 5545 6046 6086 
f 5642 5516 6062 6068 
f 6086 6046 5507 5580 
f 5664 6332 6043 6085 
f 6063 6061 6333 5666 
f 5664 5644 6332 
f 5644 5666 6333 
f 5461 5462 5673 
f 5670 5461 5674 
f 5465 5487 5488 5468 
f 5500 5483 5484 5499 
f 5520 5523 5524 5519 
f 5532 5529 5530 5531 
f 6007 6012 6013 6006 
f 6006 6013 5523 5520 
f 5519 5524 6014 6008 
f 6026 6022 6023 6025 
f 5531 5530 6022 6026 
f 6030 6024 5529 5532 
f 6008 6014 5487 5465 
f 5499 5484 6024 6030 
f 6025 6023 5673 5462 
f 5670 5674 6012 6007 
f 2179 2148 6583 
f 6511 6526 6585 6584 
f 6511 6584 6586 6513 
f 6513 6588 6587 
f 5420 6590 6589 
f 2178 4543 6592 6591 
f 5420 6589 6593 4540 
f 2178 6591 2149 
f 6594 4543 6595 
f 6592 4543 6594 
f 6595 4543 4540 6593 
f 5420 6596 6590 
f 6513 6597 6588 
s 2
f 6598 2151 2150 6599 
f 6600 2153 2152 6601 
f 6602 6600 6601 6603 
f 6604 6602 6603 6605 
f 6606 6604 6605 6607 
f 6608 6606 6607 6609 
f 6610 6608 6609 6611 
f 6612 6610 6611 6613 
f 6614 6612 6613 6615 
f 6616 6614 6615 6617 
f 6618 6616 6617 6619 
f 6620 6618 6619 6621 
f 6622 6620 6621 6623 
f 6624 6622 6623 6625 
f 6626 6624 6625 6627 
f 6599 6626 6627 6598 
s 1
f 2154 2155 6629 6628 
f 6630 6628 6629 6631 
f 6632 6630 6631 6633 
f 6634 6632 6633 6635 
f 6634 6635 6637 6636 
f 6636 6637 6639 6638 
f 6638 6639 6641 6640 
f 6640 6641 6643 6642 
f 6642 6643 6645 6644 
f 6646 6644 6645 6647 
f 6648 6646 6647 6649 
f 6650 6648 6649 6651 
f 6650 6651 6653 6652 
f 6652 6653 6655 6654 
f 6654 6655 6657 6656 
f 6656 6657 2157 2156 
f 6658 6661 6660 6659 
f 6661 6658 6663 6662 
f 6664 6662 6663 6665 
f 6666 6664 6665 6667 
f 6668 6666 6667 6669 
f 6668 6669 6671 6670 
f 6670 6671 6673 6672 
f 6672 6673 6675 6674 
f 6674 6675 2159 2158 
f 6674 2158 2160 6676 
f 6676 2160 2161 6677 
f 6677 2161 2157 6657 
f 6678 6677 6657 6655 
f 6679 6678 6655 6653 
f 6680 6679 6653 6651 
f 6681 6680 6651 6649 
f 6681 6649 6647 6682 
f 6682 6647 6645 6683 
f 6683 6645 6643 6684 
f 6684 6643 6641 6685 
f 6686 6685 6641 6639 
f 6687 6686 6639 6637 
f 6688 6687 6637 6635 
f 6688 6635 6633 6689 
f 6689 6633 6631 6690 
f 6690 6631 6629 6691 
f 6691 6629 2155 2162 
f 6692 6691 2162 2163 
f 6692 2163 2164 6693 
f 6693 2164 2165 6694 
f 6695 6693 6694 6696 
f 6697 6695 6696 6698 
f 6699 6697 6698 6700 
f 6701 6699 6700 6702 
f 6701 6702 6704 6703 
f 6703 6704 6659 6660 
f 6693 6695 6705 6692 
f 6692 6705 6690 6691 
f 6695 6697 6706 6705 
f 6705 6706 6689 6690 
f 6697 6699 6707 6706 
f 6706 6707 6688 6689 
f 6699 6701 6708 6707 
f 6707 6708 6687 6688 
f 6701 6703 6709 6708 
f 6708 6709 6686 6687 
f 6703 6660 6710 6709 
f 6709 6710 6685 6686 
f 6660 6661 6711 6710 
f 6710 6711 6684 6685 
f 6661 6662 6712 6711 
f 6711 6712 6683 6684 
f 6662 6664 6713 6712 
f 6712 6713 6682 6683 
f 6664 6666 6714 6713 
f 6713 6714 6681 6682 
f 6666 6668 6715 6714 
f 6714 6715 6680 6681 
f 6668 6670 6716 6715 
f 6715 6716 6679 6680 
f 6670 6672 6717 6716 
f 6716 6717 6678 6679 
f 6672 6674 6676 6717 
f 6717 6676 6677 6678 
f 6718 6719 6663 6658 
f 6720 2166 2159 6675 
f 6721 6694 2165 2167 
f 6722 6696 6694 6721 
f 6723 6720 6675 6673 
f 6724 6723 6673 6671 
f 6719 6725 6665 6663 
f 6726 6659 6704 6727 
f 6718 6658 6659 6726 
f 6696 6722 6728 6698 
f 6698 6728 6729 6700 
f 6700 6729 6730 6702 
f 6702 6730 6727 6704 
f 6731 6724 6671 6669 
f 6732 6731 6669 6667 
f 6725 6732 6667 6665 
f 6718 6734 6733 6719 
f 6720 6735 2168 2166 
f 2167 2169 6736 6721 
f 6721 6736 6737 6722 
f 6723 6738 6735 6720 
f 6724 6739 6738 6723 
f 6731 6740 6739 6724 
f 6732 6741 6740 6731 
f 6725 6742 6741 6732 
f 6719 6733 6742 6725 
f 6722 6737 6743 6728 
f 6728 6743 6744 6729 
f 6729 6744 6745 6730 
f 6730 6745 6746 6727 
f 6727 6746 6747 6726 
f 6726 6747 6734 6718 
s 2
f 2150 2170 6748 6599 
f 6600 6749 2171 2153 
f 6602 6750 6749 6600 
f 6604 6751 6750 6602 
f 6606 6752 6751 6604 
f 6608 6753 6752 6606 
f 6610 6754 6753 6608 
f 6612 6755 6754 6610 
f 6614 6756 6755 6612 
f 6616 6757 6756 6614 
f 6618 6758 6757 6616 
f 6620 6759 6758 6618 
f 6622 6760 6759 6620 
f 6624 6761 6760 6622 
f 6626 6762 6761 6624 
f 6599 6748 6762 6626 
s 1
f 6628 6748 2170 2154 
f 6630 6762 6748 6628 
f 6632 6761 6762 6630 
f 6634 6760 6761 6632 
f 6636 6759 6760 6634 
f 6638 6758 6759 6636 
f 6640 6757 6758 6638 
f 6642 6756 6757 6640 
f 6644 6755 6756 6642 
f 6646 6754 6755 6644 
f 6648 6753 6754 6646 
f 6650 6752 6753 6648 
f 6652 6751 6752 6650 
f 6654 6750 6751 6652 
f 6656 6749 6750 6654 
f 2156 2171 6749 6656 
f 2148 2168 6735 6583 
f 6583 6735 6738 6585 
f 6585 6738 6739 6584 
f 6586 6740 6741 6597 
f 6588 6742 6733 6587 
f 6590 6747 6746 6589 
f 6592 6737 6736 6591 
f 6584 6739 6740 6586 
f 6587 6733 6734 6596 
f 6589 6746 6745 6593 
f 6591 6736 2169 2149 
f 6595 6744 6743 6594 
f 6594 6743 6737 6592 
f 6593 6745 6744 6595 
f 6596 6734 6747 6590 
f 6597 6741 6742 6588 
f 6585 6526 2179 6583 
f 6513 6587 6596 5420 
f 6513 6586 6597 
f 6397 6387 6388 6763 
f 6403 6397 6763 6764 
f 6409 6403 6764 6765 
f 6415 6409 6765 6766 
f 6426 6415 6766 6486 
f 6426 6767 6488 6425 
f 6767 6768 6499 6488 
f 6768 6769 6517 6499 
f 6770 6771 1966 6532 
f 6769 6770 6532 6517 
f 6390 6387 6392 6383 
f 6772 6774 6773 
f 6775 6778 6777 6776 
f 6779 6782 6781 6780 
f 6783 6786 6785 6784 
f 6787 6789 6788 
f 6790 6793 6792 6791 
f 6794 6795 6790 6791 
f 6796 6799 6798 6797 
f 6800 6801 6796 6797 
f 6802 6805 6804 6803 
f 6806 6809 6808 6807 
f 6810 6811 6809 6806 
f 6812 6815 6814 6813 
f 6816 6817 6815 6812 
f 6818 6819 6817 6816 
f 6820 6821 6819 6818 
f 6822 6823 6821 6820 
f 6822 6825 6824 6823 
f 6825 6827 6826 6824 
f 6827 6829 6828 6826 
f 6829 6831 6830 6828 
f 6831 6833 6832 6830 
f 6834 6837 6836 6835 
f 6838 6841 6840 6839 
f 6842 6845 6844 6843 
f 6846 6849 6848 6847 
f 6850 6853 6852 6851 
f 6854 6857 6856 6855 
f 6858 6860 6859 
f 6861 6864 6863 6862 
f 6865 6868 6867 6866 
f 6869 6871 6870 6866 
f 6872 6875 6874 6873 
f 6876 6878 6874 6877 
f 6791 6872 6879 6794 
f 6880 6883 6882 6881 
f 6873 6886 6885 6884 
f 6887 6890 6889 6888 
f 6891 6894 6893 6892 
f 6895 6898 6897 6896 
f 6899 6902 6901 6900 
f 6903 6906 6905 6904 
f 6907 6910 6909 6908 
f 6911 6914 6913 6912 
f 6915 6918 6917 6916 
f 6919 6922 6921 6920 
f 6922 6924 6923 6921 
f 6925 6928 6927 6926 
f 6929 6932 6931 6930 
f 6918 6934 6933 6917 
f 6935 6938 6937 6936 
f 6938 6940 6939 6937 
f 6941 6944 6943 6942 
f 6920 6921 6946 6945 
f 6946 6949 6948 6947 
f 6950 6947 6952 6951 
f 6952 6955 6954 6953 
f 6956 6953 6958 6957 
f 6953 6954 6959 6958 
f 6960 6963 6962 6961 
f 6964 6967 6966 6965 
f 6964 6970 6969 6968 
f 6971 6974 6973 6972 
f 6975 6978 6977 6976 
f 6979 6981 6980 6976 
f 6975 6984 6983 6982 
f 6985 6988 6987 6986 
f 6989 6991 6990 6972 
f 6992 6995 6994 6993 
f 6996 6998 6997 6982 
f 6996 7001 7000 6999 
f 7002 7003 6800 6797 
f 7004 7005 6802 6803 
f 7006 7007 6806 6807 
f 7007 7008 6810 6806 
f 7009 7010 6812 6813 
f 7010 7011 6816 6812 
f 7012 7015 7014 7013 
f 7011 7016 6818 6816 
f 7015 7018 7017 7014 
f 7017 7020 7019 7016 
f 7018 7021 7020 7017 
f 7022 7025 7024 7023 
f 7026 7029 7028 7027 
f 7030 7033 7032 7031 
f 7033 7035 7034 7032 
f 7036 7012 7013 7037 
f 7038 7041 7040 7039 
f 7042 7045 7044 7043 
f 7046 7049 7048 7047 
f 7050 7053 7052 7051 
f 7054 7057 7056 7055 
f 7057 7059 7058 7056 
f 7060 7063 7062 7061 
f 7064 7067 7066 7065 
f 7068 7071 7070 7069 
f 7071 7073 7072 7070 
f 7074 7077 7076 7075 
f 7063 7079 7078 7062 
f 7077 7081 7080 7076 
f 7082 7085 7084 7083 
f 7086 7089 7088 7087 
f 6936 7091 7090 6935 
f 7087 6941 6942 7086 
f 7092 7094 7093 7083 
f 7095 7097 7096 7082 
f 7098 7101 7100 7099 
f 7101 7103 7102 7100 
f 7103 7105 7104 7102 
f 7105 7107 7106 7104 
f 7108 7111 7110 7109 
f 7112 7115 7114 7113 
f 7115 7117 7116 7114 
f 7118 7121 7120 7119 
f 7122 7125 7124 7123 
f 7121 7127 7126 7120 
f 7128 7129 7125 7122 
f 7130 7133 7132 7131 
f 7131 7132 7135 7134 
f 7136 7137 7132 7133 
f 7137 7138 7135 7132 
f 7134 7135 7140 7139 
f 7138 7141 7140 7135 
f 7142 7145 7144 7143 
f 6961 6962 7147 7146 
f 7148 7151 7150 7149 
f 7152 7155 7154 7153 
f 7156 7159 7158 7157 
f 7160 7163 7162 7161 
f 7164 7166 7165 7152 
f 7167 7170 7169 7168 
f 7171 7174 7173 7172 
f 7162 7176 7175 7161 
f 7177 7180 7179 7178 
f 7181 7184 7183 7182 
f 7185 7019 7020 7186 
f 7021 7187 7186 7020 
f 7188 7189 6829 6827 
f 7189 7190 6831 6829 
f 7190 7191 6833 6831 
f 7192 7193 6837 6834 
f 7194 7195 6841 6838 
f 7196 7187 7198 7197 
f 7199 7201 7198 7200 
f 7188 7204 7203 7202 
f 7186 7203 7204 7185 
f 7197 7206 7205 7196 
f 7205 7208 7207 7202 
f 7209 7211 7210 7206 
f 7208 7213 7212 7207 
f 7213 7215 7214 7212 
f 7216 7219 7218 7217 
f 7220 7223 7222 7221 
f 7224 7227 7226 7225 
f 7228 7231 7230 7229 
f 7232 7235 7234 7233 
f 7236 7239 7238 7237 
f 7240 7241 7239 7236 
f 7242 7245 7244 7243 
f 7246 7249 7248 7247 
f 7250 7251 7249 7246 
f 7252 7255 7254 7253 
f 7256 7259 7258 7257 
f 7258 7259 6850 6849 
f 7079 7261 7260 7078 
f 7261 7199 7200 7260 
f 7262 7265 7264 7263 
f 7266 7209 7206 7197 
f 7267 7270 7269 7268 
f 7271 7274 7273 7272 
f 7275 7276 7273 7270 
f 7274 7271 7277 7211 
f 7228 7279 7278 7233 
f 7272 7280 7278 7271 
f 7281 7284 7283 7282 
f 7283 7284 7285 6853 
f 7116 7288 7287 7286 
f 7117 7289 7288 7116 
f 7290 7293 7292 7291 
f 7294 7262 7263 7295 
f 7296 7299 7298 7297 
f 7297 7298 7301 7300 
f 7302 7304 7303 7275 
f 7305 7306 7303 7304 
f 7275 7303 7307 7276 
f 7306 7308 7307 7303 
f 7309 7312 7311 7310 
f 7308 7314 7313 7307 
f 7276 7307 7313 7315 
f 7290 7291 7317 7316 
f 7318 7321 7320 7319 
f 7322 7325 7324 7323 
f 7326 7145 7328 7327 
f 7329 7330 7317 7291 
f 7331 7334 7333 7332 
f 7335 7338 7337 7336 
f 7339 7331 7332 7340 
f 7341 7343 7342 7310 
f 7340 7332 7341 7344 
f 7345 7339 7340 7346 
f 7347 7349 7348 7319 
f 7349 7351 7350 7348 
f 7319 7320 7352 7347 
f 7353 7356 7355 7354 
f 7357 7360 7359 7358 
f 7360 7362 7361 7359 
f 7363 7361 7362 7364 
f 7364 7366 7365 7363 
f 7367 7370 7369 7368 
f 7370 6778 7371 7369 
f 7313 7373 7372 7315 
f 7314 7374 7373 7313 
f 7310 7342 7375 7309 
f 7376 7379 7378 7377 
f 7336 7381 7380 7335 
f 7382 7385 7384 7383 
f 7386 7389 7388 7387 
f 7390 7393 7392 7391 
f 7044 7395 7394 7043 
f 3796 7397 7396 3797 
f 7398 7401 7400 7399 
f 7402 7405 7404 7403 
f 7406 7409 7408 7407 
f 6807 6808 6805 6802 
f 7028 7031 7006 7005 
f 7052 7055 7030 7029 
f 7410 7069 7054 7053 
f 7067 7411 7068 7066 
f 6920 6934 7412 6919 
f 6934 6920 6945 6933 
f 6940 6950 6951 6939 
f 6944 6956 6957 6943 
f 7094 7118 7119 7093 
f 7123 7124 7097 7095 
f 7130 7131 7101 7098 
f 7131 7134 7103 7101 
f 7134 7139 7105 7103 
f 7139 7413 7107 7105 
f 7414 7111 7115 7112 
f 7111 7108 7117 7115 
f 7247 7248 7241 7240 
f 7108 7415 7289 7117 
f 7416 7293 7299 7296 
f 7290 7316 7306 7305 
f 7316 7312 7308 7306 
f 7312 7309 7314 7308 
f 7309 7375 7374 7314 
f 6934 6918 6913 7412 
f 6849 6846 7417 7258 
f 7418 7421 7420 7419 
f 7420 6844 6845 7419 
f 7422 7417 6845 6842 
f 7082 7096 7423 7085 
f 7099 7100 7067 7064 
f 7100 7102 7411 7067 
f 7102 7104 7424 7411 
f 7104 7106 7425 7424 
f 7113 7114 7427 7426 
f 7046 7428 7084 7085 
f 7114 7116 7286 7427 
f 7264 7268 7266 7201 
f 7301 7302 7267 7265 
f 7299 7305 7304 7298 
f 7298 7304 7302 7301 
f 7293 7290 7305 7299 
f 7288 7297 7300 7287 
f 7289 7296 7297 7288 
f 7415 7416 7296 7289 
f 7295 7080 7081 7294 
f 7429 7431 7430 6864 
f 7285 7434 7433 7432 
f 7281 7435 7227 7224 
f 7436 7437 6782 6779 
f 7438 7225 7440 7439 
f 6782 7439 7440 6781 
f 6780 7442 7441 6779 
f 6857 6854 7438 7439 
f 7437 6857 7439 6782 
f 7436 6779 7441 
f 7243 7244 7444 7443 
f 7443 7444 7446 7445 
f 7445 7446 7448 7447 
f 6859 7441 7442 7449 
f 7450 6856 6857 7437 
f 7450 7437 7436 
f 7450 7436 6859 
f 7312 7316 7317 7311 
f 7311 7317 7330 7344 
f 6926 6927 7452 7451 
f 7165 7453 7155 7152 
f 7155 7157 7454 7154 
f 7431 7429 7456 7455 
f 7431 7458 7457 7430 
f 7179 7461 7460 7459 
f 7462 7464 7463 7367 
f 7465 7468 7467 7466 
f 7469 7471 6862 7470 
f 7472 7184 7474 7473 
f 7475 7461 7477 7476 
f 7478 7325 7480 7479 
f 7481 7484 7483 7482 
f 6813 6814 6811 6810 
f 7037 7009 7008 7034 
f 7058 7061 7036 7035 
f 7072 7075 7060 7059 
f 7425 7426 7074 7073 
f 7107 7112 7113 7106 
f 7413 7414 7112 7107 
f 7106 7113 7426 7425 
f 7485 7464 7462 
f 6773 6774 7464 7485 
f 7353 7487 7486 6772 
f 7326 7490 7489 7488 
f 7145 7326 7488 7144 
f 7491 7140 7141 7143 
f 7472 7475 7476 7492 
f 7184 7472 7492 7183 
f 7493 7487 7495 7494 
f 7478 7497 7329 7496 
f 7325 7478 7496 7324 
f 7498 7109 7489 7323 
f 7142 7173 7174 7499 
f 7145 7142 7499 7328 
f 7500 7503 7502 7501 
f 7504 7507 7506 7505 
f 7356 7504 7505 7355 
f 7508 7511 7510 7509 
f 7512 7470 7513 7486 
f 7469 7470 7512 
f 7514 7515 6861 7471 
f 7181 7511 7517 7516 
f 7184 7181 7516 7474 
f 7518 7158 7159 7519 
f 7322 7490 7521 7520 
f 7325 7322 7520 7480 
f 7481 7320 7321 7522 
f 7523 7503 7525 7524 
f 7484 7523 7524 7483 
f 7526 7358 7528 7527 
f 7414 7413 7491 7529 
f 7111 7414 7529 7110 
f 7413 7139 7140 7491 
f 7415 7108 7109 7498 
f 7416 7415 7498 7530 
f 7293 7416 7530 7292 
f 6930 6931 7532 7531 
f 6858 6859 7449 
f 7533 7534 6929 6928 
f 7535 7538 7537 7536 
f 7539 7542 7541 7540 
f 7543 7546 7545 7544 
f 7547 7550 7549 7548 
f 7551 7554 7553 7552 
f 7454 7557 7556 7555 
f 7345 7560 7559 7558 
f 7561 7501 7563 7562 
f 7350 7338 7334 7331 
f 7348 7350 7331 7339 
f 7318 7348 7339 7558 
f 7335 7380 7379 7376 
f 7564 7567 7566 7565 
f 7171 7551 7552 7555 
f 7568 7522 7570 7569 
f 7557 7572 7571 7556 
f 7572 7561 7562 7571 
f 7521 7327 7563 7573 
f 7502 7575 7574 7573 
f 7575 7568 7569 7574 
f 7560 7479 7570 7559 
f 6987 7535 7536 6963 
f 7576 7539 7540 6988 
f 6962 7543 7544 7147 
f 7548 7549 7151 7148 
f 7555 7556 7174 7171 
f 7562 7563 7327 7328 
f 7339 7345 7558 
f 6927 7564 7565 7452 
f 7569 7570 7479 7480 
f 7556 7571 7499 7174 
f 7571 7562 7328 7499 
f 7573 7574 7520 7521 
f 7574 7569 7480 7520 
f 7577 7578 7554 7551 
f 7346 7497 7560 7345 
f 7172 7577 7551 7171 
f 7490 7326 7327 7521 
f 7497 7478 7479 7560 
f 7552 7553 7153 7154 
f 7558 7559 7321 7318 
f 7555 7552 7154 7454 
f 7573 7563 7501 7502 
f 7559 7570 7522 7321 
f 7538 7579 6992 7537 
f 7542 7581 7580 7541 
f 7546 6993 7167 7545 
f 7168 7164 7550 7547 
f 7157 7158 7557 7454 
f 7582 7500 7501 7561 
f 7348 7318 7319 
f 7567 6930 7531 7566 
f 7484 7481 7522 7568 
f 7158 7518 7572 7557 
f 7518 7582 7561 7572 
f 7503 7523 7575 7502 
f 7523 7484 7568 7575 
f 7583 7585 7584 6932 
f 7586 7589 7588 7587 
f 7586 7592 7591 7590 
f 7460 7595 7594 7593 
f 7596 7599 7598 7597 
f 7600 7603 7602 7601 
f 7363 7365 7337 7351 
f 7604 7361 7349 7605 
f 7361 7363 7351 7349 
f 7528 7604 7605 7606 
f 7383 7384 7381 7336 
f 7607 7459 7609 7608 
f 7156 7453 7609 7593 
f 7610 7519 7612 7611 
f 7613 7527 7615 7614 
f 7525 7618 7617 7616 
f 7618 7610 7611 7617 
f 7595 7473 7612 7594 
f 7517 7620 7619 7616 
f 7620 7613 7614 7619 
f 7352 7482 7615 7606 
f 7621 7624 7623 7622 
f 6967 7626 7625 
f 7626 6968 6979 7627 
f 6997 7629 7628 6978 
f 7630 7632 7631 6998 
f 6999 6871 7633 7630 
f 6869 7636 7635 7634 
f 7458 7431 7455 7637 
f 7638 7493 7494 7639 
f 7640 7509 7354 7355 
f 7507 7368 7641 7506 
f 7368 7369 7362 7641 
f 7369 7371 7364 7362 
f 7371 7642 7366 7364 
f 7643 7644 7385 7382 
f 7477 7180 7455 7456 
f 7429 7515 7645 7456 
f 7515 7514 7646 7645 
f 7514 7638 7639 7646 
f 7510 7182 7494 7495 
f 7357 7647 7505 7506 
f 7647 7640 7355 7505 
f 7487 7353 7354 7495 
f 7648 7649 6925 6924 
f 6923 6926 7451 6949 
f 6948 7650 6985 6955 
f 6954 6986 6960 6959 
f 7127 6961 7146 7126 
f 7149 7150 7129 7128 
f 7578 7577 7137 7136 
f 7577 7172 7138 7137 
f 7172 7173 7141 7138 
f 7529 7491 7143 7144 
f 7377 7378 7251 7250 
f 7530 7498 7323 7324 
f 7497 7346 7330 7329 
f 7332 7333 7343 7341 
f 7310 7311 7344 7341 
f 7346 7340 7344 7330 
f 7109 7110 7488 7489 
f 7110 7529 7144 7488 
f 7173 7142 7143 7141 
f 7291 7292 7496 7329 
f 7292 7530 7324 7496 
f 7490 7322 7323 7489 
f 7625 7626 7627 6974 
f 7630 7633 7163 7632 
f 7634 7635 7176 7162 
f 7637 7455 7180 7177 
f 7639 7494 7182 7183 
f 7506 7641 7360 7357 
f 7362 7360 7641 
f 7456 7645 7476 7477 
f 7645 7646 7492 7476 
f 7646 7639 7183 7492 
f 7495 7354 7509 7510 
f 7625 7651 7584 6967 
f 7629 7652 6989 7628 
f 7632 7654 7653 7631 
f 7655 7508 7509 7640 
f 7461 7179 7180 7477 
f 7511 7181 7182 7510 
f 7358 7526 7647 7357 
f 7526 7655 7640 7647 
f 7254 7449 7245 
f 7592 7586 7587 6991 
f 7593 7609 7459 7460 
f 7611 7612 7473 7474 
f 7616 7617 7516 7517 
f 7617 7611 7474 7516 
f 7606 7615 7527 7528 
f 7592 7652 7653 7591 
f 7461 7475 7595 7460 
f 7161 7175 7599 7596 
f 7654 7160 7603 7600 
f 7361 7604 7359 
f 7358 7359 7604 7528 
f 7178 7179 7459 7607 
f 7655 7526 7527 7613 
f 7475 7472 7473 7595 
f 7511 7508 7620 7517 
f 7508 7655 7613 7620 
f 7624 7651 6971 7623 
f 7589 7586 7590 6995 
f 7593 7594 7159 7156 
f 7597 7598 7166 7169 
f 7601 7602 7170 6994 
f 7349 7347 7605 
f 7606 7605 7347 7352 
f 7608 7609 7453 7165 
f 7614 7615 7482 7483 
f 7594 7612 7519 7159 
f 7616 7619 7524 7525 
f 7619 7614 7483 7524 
f 6931 7621 7622 7532 
f 7589 7579 7580 7588 
f 7157 7155 7453 7156 
f 7582 7518 7519 7610 
f 7503 7500 7618 7525 
f 7500 7582 7610 7618 
f 7320 7481 7482 7352 
f 7466 6860 6858 7255 
f 6868 7656 7457 6867 
f 7048 7657 7050 7045 
f 7423 7064 7065 7049 
f 7097 7098 7099 7096 
f 7125 7133 7130 7124 
f 7129 7136 7133 7125 
f 7151 7554 7578 7150 
f 7168 7169 7166 7164 
f 7177 7178 7175 7176 
f 6803 6804 7389 7386 
f 7027 7004 7393 7390 
f 7051 7026 7395 7044 
f 7124 7130 7098 7097 
f 7096 7099 7064 7423 
f 7153 7553 7549 7550 
f 7553 7554 7151 7549 
f 7152 7153 7550 7164 
f 7607 7608 7598 7599 
f 7458 7637 7635 7636 
f 7150 7578 7136 7129 
f 7637 7177 7176 7635 
f 7178 7607 7599 7175 
f 7608 7165 7166 7598 
f 7387 7388 6801 6800 
f 6999 7000 6870 6871 
f 7391 7392 7003 7024 
f 7043 7394 7025 7040 
f 7047 7042 7041 7658 
f 7659 7092 7083 7084 
f 7095 7082 7083 7093 
f 7122 7123 7119 7120 
f 7128 7122 7120 7126 
f 7148 7149 7146 7147 
f 7654 7632 7163 7160 
f 6993 6994 7170 7167 
f 7123 7095 7093 7119 
f 7660 7661 7428 7658 
f 7547 7548 7544 7545 
f 7548 7148 7147 7544 
f 7168 7547 7545 7167 
f 7596 7597 7602 7603 
f 6869 7634 7633 6871 
f 7149 7128 7126 7146 
f 7634 7162 7163 7633 
f 7161 7596 7603 7160 
f 7597 7169 7170 7602 
f 3797 7396 6799 3798 
f 7094 7092 6942 6943 
f 7121 7118 6957 6958 
f 7127 7121 6958 6959 
f 6986 6987 6963 6960 
f 7579 7589 6995 6992 
f 6999 7630 6998 6996 
f 6982 6983 7001 6996 
f 7659 7661 7089 7086 
f 7092 7659 7086 6942 
f 7023 7002 7401 7398 
f 7039 7022 7405 7402 
f 7660 7038 7409 7406 
f 7118 7094 6943 6957 
f 7546 7543 7536 7537 
f 7543 6962 6963 7536 
f 6993 7546 7537 6992 
f 7600 7601 7590 7591 
f 7629 6997 6998 7631 
f 6961 7127 6959 6960 
f 7652 7629 7631 7653 
f 7654 7600 7591 7653 
f 7601 6994 6995 7590 
f 7399 7400 6883 6889 
f 7403 7404 6890 6909 
f 7407 7408 6910 7662 
f 6941 7087 6936 6937 
f 6944 6941 6937 6939 
f 6953 6956 6951 6952 
f 6947 6948 6955 6952 
f 6982 6997 6978 6975 
f 6976 6980 6984 6975 
f 7650 7576 6988 6985 
f 7652 7592 6991 6989 
f 7087 7088 7091 6936 
f 7663 7664 7397 3796 
f 6956 6944 6939 6951 
f 7538 7535 7540 7541 
f 7535 6987 6988 7540 
f 7579 7538 7541 7580 
f 7665 7666 7587 7588 
f 6973 6977 6978 7628 
f 6986 6954 6955 6985 
f 6972 6973 7628 6989 
f 7666 6990 6991 7587 
f 7581 7665 7588 7580 
f 6881 7664 6795 6794 
f 6888 6880 6879 6884 
f 6908 6887 6885 6896 
f 7667 6907 6897 6904 
f 6935 7090 6905 6916 
f 6938 6935 6916 6917 
f 6940 6938 6917 6933 
f 6947 6950 6945 6946 
f 6921 6923 6949 6946 
f 7651 7625 6974 6971 
f 6968 6969 6981 6979 
f 6950 6940 6933 6945 
f 7576 7650 7451 7452 
f 7665 7581 7531 7532 
f 7542 7539 7565 7566 
f 7539 7576 7452 7565 
f 7581 7542 7566 7531 
f 6990 7666 7622 7623 
f 6976 6977 7627 6979 
f 7650 6948 6949 7451 
f 6977 6973 6974 7627 
f 6972 6990 7623 6971 
f 7666 7665 7532 7622 
f 6792 7669 7668 6875 
f 6895 6886 6878 6893 
f 6903 6898 6894 6900 
f 6915 6906 6901 6912 
f 6918 6915 6912 6913 
f 7670 7671 6922 6919 
f 7671 7648 6924 6922 
f 7649 7533 6928 6925 
f 7534 7583 6932 6929 
f 6968 7626 6967 6964 
f 6965 7672 6970 6964 
f 7673 7670 6919 7412 
f 6914 7673 7412 6913 
f 7567 7564 6928 6929 
f 6927 6928 7564 
f 7567 6929 6930 
f 7624 7621 6932 7584 
f 6926 6923 6924 6925 
f 7585 6966 6967 7584 
f 7624 7584 7651 
f 6931 6932 7621 
f 6899 6900 6894 6891 
f 6898 6903 6904 6897 
f 7667 7662 6910 6907 
f 7660 7658 7041 7038 
f 7047 7048 7045 7042 
f 7657 7410 7053 7050 
f 7069 7070 7057 7054 
f 7070 7072 7059 7057 
f 7075 7076 7063 7060 
f 7076 7080 7079 7063 
f 7263 7264 7201 7199 
f 7269 7274 7211 7209 
f 7233 7234 7231 7228 
f 7080 7295 7261 7079 
f 7295 7263 7199 7261 
f 7268 7269 7209 7266 
f 7674 7210 7211 7277 
f 7229 7675 7279 7228 
f 7224 7676 7284 7281 
f 7284 7676 7434 7285 
f 7402 7403 7408 7409 
f 7055 7052 7053 7054 
f 7197 7198 7201 7266 
f 6853 7285 7432 6852 
f 7282 7677 7435 7281 
f 7061 7058 7059 7060 
f 7051 7044 7045 7050 
f 7043 7040 7041 7042 
f 7039 7402 7409 7038 
f 7403 6909 6910 7408 
f 6907 6908 6896 6897 
f 6898 6895 6893 6894 
f 7434 6854 6855 7433 
f 6902 6911 6912 6901 
f 6906 6915 6916 6905 
f 7085 7423 7049 7046 
f 7410 7657 7065 7066 
f 7411 7424 7071 7068 
f 7424 7425 7073 7071 
f 7426 7427 7077 7074 
f 7427 7286 7081 7077 
f 7089 7406 7407 7088 
f 7091 7662 7667 7090 
f 7447 7448 7226 7678 
f 7237 7238 7235 7232 
f 7300 7301 7265 7262 
f 7302 7275 7270 7267 
f 7276 7315 7272 7273 
f 7274 7269 7270 7273 
f 7315 7372 7280 7272 
f 7287 7300 7262 7294 
f 7069 7410 7066 7068 
f 7047 7658 7428 7046 
f 7268 7264 7265 7267 
f 7286 7287 7294 7081 
f 7676 7224 7225 7438 
f 6854 7434 7676 7438 
f 7075 7072 7073 7074 
f 7657 7048 7049 7065 
f 7661 7659 7084 7428 
f 7660 7406 7089 7661 
f 7407 7662 7091 7088 
f 7090 7667 6904 6905 
f 6906 6903 6900 6901 
f 6849 6850 6851 6848 
f 6892 6893 6878 6876 
f 6886 6895 6896 6885 
f 6908 6909 6890 6887 
f 7062 7078 7015 7012 
f 7078 7260 7018 7015 
f 7260 7200 7021 7018 
f 7039 7040 7025 7022 
f 7051 7052 7029 7026 
f 7055 7056 7033 7030 
f 7056 7058 7035 7033 
f 7061 7062 7012 7036 
f 7200 7198 7187 7021 
f 7203 7186 7187 7196 
f 7202 7203 7196 7205 
f 7206 7210 7208 7205 
f 7210 7674 7213 7208 
f 7674 7675 7215 7213 
f 7679 7677 7219 7216 
f 7229 7230 7223 7220 
f 7282 7283 7259 7256 
f 7259 7283 6853 6850 
f 7390 7391 7394 7395 
f 7398 7399 7404 7405 
f 7031 7028 7029 7030 
f 7037 7034 7035 7036 
f 7027 7390 7395 7026 
f 7391 7024 7025 7394 
f 7023 7398 7405 7022 
f 7399 6889 6890 7404 
f 6887 6888 6884 6885 
f 6873 6874 6878 6886 
f 6847 7418 7419 6846 
f 6791 6792 6875 6872 
f 6872 6873 6884 6879 
f 6880 6888 6889 6883 
f 7023 7024 7003 7002 
f 7027 7028 7005 7004 
f 7031 7032 7007 7006 
f 7032 7034 7008 7007 
f 7037 7013 7010 7009 
f 7013 7014 7011 7010 
f 7014 7017 7016 7011 
f 6820 6818 7016 7019 
f 6822 6820 7019 7185 
f 7202 7207 7189 7188 
f 7207 7212 7190 7189 
f 7212 7214 7191 7190 
f 7221 7222 7193 7192 
f 7217 7218 7195 7194 
f 6827 6825 7204 7188 
f 6825 6822 7185 7204 
f 7386 7387 7392 7393 
f 6798 7680 7400 7401 
f 6807 6802 7005 7006 
f 7419 6845 7417 6846 
f 7257 7258 7417 7422 
f 6813 6810 7008 7009 
f 6803 7386 7393 7004 
f 7387 6800 7003 7392 
f 6797 6798 7401 7002 
f 7680 6882 6883 7400 
f 6880 6881 6794 6879 
f 6877 6874 6875 7668 
f 6786 6775 6776 6785 
f 6833 6834 6835 6832 
f 7191 7192 6834 6833 
f 7215 7220 7221 7214 
f 7279 7277 7271 7278 
f 7280 7232 7233 7278 
f 7334 7376 7377 7333 
f 7338 7350 7351 7337 
f 7343 7250 7246 7342 
f 7366 7382 7383 7365 
f 7373 7236 7237 7372 
f 7374 7240 7236 7373 
f 7342 7246 7247 7375 
f 7375 7247 7240 7374 
f 7338 7335 7376 7334 
f 7365 7383 7336 7337 
f 7642 7643 7382 7366 
f 7333 7377 7250 7343 
f 7675 7674 7277 7279 
f 7372 7237 7232 7280 
f 7675 7229 7220 7215 
f 7214 7221 7192 7191 
f 6783 6784 6789 6787 
f 6837 6838 6839 6836 
f 7193 7194 6838 6837 
f 7223 7216 7217 7222 
f 7231 7681 7679 7230 
f 7235 7678 7682 7234 
f 7239 7445 7447 7238 
f 7241 7443 7445 7239 
f 7249 7242 7243 7248 
f 7251 7253 7242 7249 
f 7379 7252 7253 7378 
f 7381 7465 7252 7380 
f 7385 7468 7465 7384 
f 7248 7243 7443 7241 
f 7379 7380 7252 
f 7381 7384 7465 
f 7385 7644 7468 
f 7251 7378 7253 
f 7234 7682 7681 7231 
f 7238 7447 7678 7235 
f 7230 7679 7216 7223 
f 7222 7217 7194 7193 
f 7436 7441 6859 
f 3799 3800 6793 6790 
f 3801 3799 6790 6795 
f 3802 3798 6799 6796 
f 3803 3802 6796 6801 
f 3804 2190 6804 6805 
f 3805 3230 6808 6809 
f 3806 3805 6809 6811 
f 3807 7683 6814 6815 
f 3808 3807 6815 6817 
f 2191 3808 6817 6819 
f 7684 2191 6819 6821 
f 3809 7684 6821 6823 
f 3810 3809 6823 6824 
f 3811 3810 6824 6826 
f 3812 3811 6826 6828 
f 3813 3812 6828 6830 
f 7685 3813 6830 6832 
f 3814 3815 6835 6836 
f 3816 3817 6840 6843 
f 3231 3816 6843 6844 
f 7686 3232 7388 7389 
f 6882 7680 7396 7397 
f 3230 3804 6805 6808 
f 7421 3818 3819 7420 
f 3819 3231 6844 7420 
f 7683 3806 6811 6814 
f 2190 7686 7389 6804 
f 3232 3803 6801 7388 
f 7680 6798 6799 7396 
f 6881 6882 7397 7664 
f 7663 3801 6795 7664 
f 3815 7685 6832 6835 
f 7687 3814 6836 6839 
f 7353 6772 6773 7356 
f 7642 7371 6778 6775 
f 7644 7643 6786 6783 
f 7515 7429 6864 6861 
f 7636 6869 6866 6867 
f 6870 7688 6865 6866 
f 7689 6969 6970 7690 
f 7691 6980 6981 7692 
f 7693 6983 6984 7694 
f 7695 7000 7001 7696 
f 7370 7367 7463 7697 
f 6778 7370 7697 6777 
f 6864 7430 7698 6863 
f 7457 7656 7698 7430 
f 7368 7507 7462 7367 
f 7638 7514 7471 7469 
f 7504 7485 7462 7507 
f 7504 7356 6773 7485 
f 6772 7486 7513 6774 
f 7486 7487 7493 7512 
f 7638 7469 7512 7493 
f 7471 6861 6862 
f 7458 7636 6867 7457 
f 7000 7695 7688 6870 
f 7696 7001 6983 7693 
f 7694 6984 6980 7691 
f 7692 6981 6969 7689 
f 7690 6970 7672 7699 
f 7643 7642 6775 6786 
f 7468 7644 6783 6787 
f 6787 6788 7467 7468 
f 6842 6843 6840 6841 
f 7195 7422 6842 6841 
f 7219 7256 7257 7218 
f 7227 7682 7678 7226 
f 7245 7449 7442 7244 
f 7255 6858 7449 7254 
f 7435 7681 7682 7227 
f 7244 7442 6780 7444 
f 7444 6780 6781 7446 
f 7446 6781 7440 7448 
f 7466 7467 6860 
f 7253 7254 7245 7242 
f 7255 7252 7465 7466 
f 7677 7679 7681 7435 
f 7448 7440 7225 7226 
f 7677 7282 7256 7219 
f 7218 7257 7422 7195 
f 7687 6839 6840 3817 
f 7467 6788 6860 
f 7700 7703 7702 7701 
f 7704 7707 7706 7705 
f 7708 7711 7710 7709 
f 7712 7715 7714 7713 
f 7716 7719 7718 7717 
f 7720 7723 7722 7721 
f 7724 7727 7726 7725 
f 7725 7726 7729 7728 
f 7721 7722 7728 7729 
f 7730 7733 7732 7731 
f 7734 7737 7736 7735 
f 7738 7741 7740 7739 
f 7742 7745 7744 7743 
f 7746 7749 7748 7747 
f 7750 7749 7746 7751 
f 7737 7750 7751 7736 
f 7752 7755 7754 7753 
f 7753 7754 7734 7735 
f 7756 7759 7758 7757 
f 7760 7763 7762 7761 
f 7764 7767 7766 7765 
f 7768 7771 7770 7769 
f 7772 7775 7774 7773 
f 7776 7779 7778 7777 
f 7780 7783 7782 7781 
f 7784 7787 7786 7785 
f 7788 7791 7790 7789 
f 7792 7768 7769 7793 
f 7794 7797 7796 7795 
f 7798 7799 7787 7784 
f 7791 7801 7800 7790 
f 7802 7805 7804 7803 
f 7806 7809 7808 7807 
f 7804 7805 7811 7810 
f 7771 7806 7807 7770 
f 7803 7812 7779 7776 
f 7765 7766 7799 7798 
f 7801 7814 7813 7800 
f 7776 7777 7816 7815 
f 7817 7818 7795 7796 
f 7804 7819 7812 7803 
f 7803 7776 7815 7802 
f 7820 7821 7810 
f 7822 7825 7824 7823 
f 7826 7827 7773 7774 
f 7828 7789 7790 7829 
f 7829 7790 7800 7830 
f 7810 7813 7814 7831 
f 7830 7800 7813 7832 
f 7833 7819 7804 7810 
f 7810 7811 7834 
f 7810 7834 7835 
f 7813 7810 7835 7832 
f 7702 7838 7837 7836 
f 7839 7702 7840 
f 7841 7702 7842 
f 7843 7702 7841 
f 7840 7702 7843 
f 7844 7847 7846 7845 
f 7848 7851 7850 7849 
f 7852 7855 7854 7853 
f 7856 7859 7858 7857 
f 7860 7863 7862 7861 
f 7864 7867 7866 7865 
f 7868 7871 7870 7869 
f 7872 7875 7874 7873 
f 7876 7877 7865 7866 
f 7878 7881 7880 7879 
f 7882 7885 7884 7883 
f 7886 7889 7888 7887 
f 7890 7891 7879 7880 
f 7892 7895 7894 7893 
f 7896 7899 7898 7897 
f 7900 7903 7902 7901 
f 7904 7905 7893 7894 
f 7906 7909 7908 7907 
f 7910 7913 7912 7911 
f 7914 7917 7916 7915 
f 7918 7919 7907 7908 
f 7920 7923 7922 7921 
f 7924 7927 7926 7925 
f 7928 7931 7930 7929 
f 7932 7933 7921 7922 
f 7934 7937 7936 7935 
f 7938 7941 7940 7939 
f 7942 7945 7944 7943 
f 7946 7949 7948 7947 
f 7950 7951 7823 7824 
f 7952 7955 7954 7953 
f 4383 3414 7957 7956 
f 7958 7961 7960 7959 
f 7962 7965 7964 7963 
f 7966 3820 3821 7845 
f 7967 7969 7846 7968 
f 7970 7973 7972 7971 
f 7974 7975 7973 7970 
f 7976 7977 7782 7968 
f 7845 3821 3822 7844 
f 7978 7981 7980 7979 
f 7982 7985 7984 7983 
f 7986 3823 4403 7987 
f 7745 7989 7988 7744 
f 7990 7991 7742 7743 
f 7992 7995 7994 7993 
f 7761 7762 7992 7993 
f 7996 7997 3824 3825 
f 7998 8001 8000 7999 
f 8002 8005 8004 8003 
f 8004 8005 8007 8006 
f 8008 8001 8010 8009 
f 8007 8008 8009 8006 
f 7785 7786 7715 7712 
f 7714 8012 8011 7713 
f 7775 7788 7789 7774 
f 7773 8014 8013 7772 
f 7773 7827 8015 8014 
f 7774 7789 7828 7826 
f 8016 7998 8018 8017 
f 8017 8018 7851 7848 
f 8019 8022 8021 8020 
f 7851 8021 8022 7850 
f 7848 7849 8024 8023 
f 8025 8028 8027 8026 
f 8026 8027 7855 7852 
f 8029 8030 7853 7854 
f 8031 8034 8033 8032 
f 8034 8031 7859 7856 
f 8035 8037 8036 7858 
f 8038 8041 8040 8039 
f 8040 7868 7869 8039 
f 8042 7870 7871 8043 
f 8044 8047 8046 8045 
f 8046 7882 7883 8045 
f 8048 7884 7885 8049 
f 8050 8053 8052 8051 
f 8052 7896 7897 8051 
f 8054 7898 7899 8055 
f 8056 8059 8058 8057 
f 8058 7910 7911 8057 
f 8060 7912 7913 8061 
f 8062 8065 8064 8063 
f 8064 7924 7925 8063 
f 8066 7926 7927 8067 
f 8068 8071 8070 8069 
f 8068 8069 7941 7938 
f 8072 8075 8074 8073 
f 8076 8079 8078 8077 
f 8079 7952 7953 8078 
f 8080 8081 7954 7955 
f 7979 8082 3826 3827 
f 8083 8086 8085 8084 
f 8083 8084 7981 7978 
f 7857 8088 8087 7980 
f 8089 8092 8091 8090 
f 8092 8089 7985 7982 
f 7983 7984 8094 8093 
f 8010 8016 8096 8095 
f 8016 8010 8001 7998 
f 7999 8000 8098 8097 
f 8099 8027 8028 8100 
f 8101 8099 8100 8102 
f 8099 8101 8005 8002 
f 8003 8004 8104 8103 
f 8104 8004 8105 
f 8106 8101 8102 
f 8005 8101 8106 8007 
f 8107 8004 8006 8108 
f 8105 8004 8107 
f 8000 8110 8109 8098 
f 8110 8000 8001 8008 
f 8009 8010 8095 8111 
f 8112 8009 8111 
f 8109 8110 8106 8102 
f 8007 8106 8110 8008 
f 8006 8009 8112 8113 
f 8114 8115 7999 8097 
f 7998 7999 8115 8018 
f 8016 8017 8116 8096 
f 8020 8021 8115 8114 
f 8018 8115 8021 7851 
f 8017 7848 8023 8116 
f 8108 8006 8117 
f 8117 8006 8113 
f 7978 7979 3827 3828 
f 3383 8086 8083 8118 
f 8083 7978 3828 8118 
f 7759 8120 8119 7758 
f 7757 7703 7700 7756 
f 8121 8124 8123 8122 
f 7863 7741 7738 7862 
f 8125 8126 7860 7861 
f 7758 8119 8128 8127 
f 8129 8132 8131 8130 
f 8124 8132 8129 8123 
f 8133 8121 8122 8134 
f 7867 8136 8135 7866 
f 7865 8119 8120 7864 
f 8124 8121 7871 7868 
f 8137 8138 7869 7870 
f 7875 8126 8125 7874 
f 8139 8140 7872 7873 
f 7877 8128 8119 7865 
f 7866 8135 8141 7876 
f 8041 8131 8132 8040 
f 8039 8143 8142 8038 
f 8132 8124 7868 8040 
f 8138 8143 8039 7869 
f 8144 8137 7870 8042 
f 8043 7871 8121 8133 
f 7881 8146 8145 7880 
f 7879 8135 8136 7878 
f 8138 8137 7885 7882 
f 8147 8148 7883 7884 
f 7889 8140 8139 7888 
f 8149 8150 7886 7887 
f 7891 8141 8135 7879 
f 7880 8145 8151 7890 
f 8047 8142 8143 8046 
f 8045 8153 8152 8044 
f 8143 8138 7882 8046 
f 8148 8153 8045 7883 
f 8154 8147 7884 8048 
f 8049 7885 8137 8144 
f 7895 8156 8155 7894 
f 7893 8145 8146 7892 
f 8148 8147 7899 7896 
f 8157 8158 7897 7898 
f 7903 8150 8149 7902 
f 8159 8160 7900 7901 
f 7905 8151 8145 7893 
f 7894 8155 8161 7904 
f 8053 8152 8153 8052 
f 8051 8163 8162 8050 
f 8153 8148 7896 8052 
f 8158 8163 8051 7897 
f 8164 8157 7898 8054 
f 8055 7899 8147 8154 
f 7909 8166 8165 7908 
f 7907 8155 8156 7906 
f 8158 8157 7913 7910 
f 8167 8168 7911 7912 
f 7917 8160 8159 7916 
f 8169 8170 7914 7915 
f 7919 8161 8155 7907 
f 7908 8165 8171 7918 
f 8059 8162 8163 8058 
f 8057 8173 8172 8056 
f 8163 8158 7910 8058 
f 8168 8173 8057 7911 
f 8174 8167 7912 8060 
f 8061 7913 8157 8164 
f 7921 8165 8166 7920 
f 8168 8167 7927 7924 
f 7931 8170 8169 7930 
f 7933 8171 8165 7921 
f 8065 8172 8173 8064 
f 8173 8168 7924 8064 
f 8067 7927 8167 8174 
f 7923 8176 8175 7922 
f 8177 8178 7925 7926 
f 8179 8180 7928 7929 
f 7922 8175 8181 7932 
f 8063 8183 8182 8062 
f 8178 8183 8063 7925 
f 8184 8177 7926 8066 
f 8185 8186 7947 7948 
f 8187 8188 7939 7940 
f 7937 8185 7948 7936 
f 7935 8175 8176 7934 
f 8187 7940 8075 8072 
f 8073 8074 8177 8184 
f 8178 8177 8074 8189 
f 8189 8074 8075 8190 
f 7940 7941 8190 8075 
f 8191 8180 8179 8192 
f 8193 8191 8192 8194 
f 7944 7945 8193 8194 
f 8195 8181 8175 7935 
f 8196 8195 7935 7936 
f 7936 7948 7949 8196 
f 8197 8182 8183 8198 
f 8199 8197 8198 8200 
f 8200 8069 8070 8199 
f 8183 8178 8189 8198 
f 8198 8189 8190 8200 
f 7941 8069 8200 8190 
f 7988 7989 7986 7987 
f 7997 7996 7763 7760 
f 7704 7705 7991 7990 
f 7995 7837 7838 7994 
f 7847 7976 7968 7846 
f 7956 7957 7961 7958 
f 7969 7966 7845 7846 
f 7856 7857 7980 7981 
f 8034 8084 8085 8033 
f 8034 7856 7981 8084 
f 8087 8082 7979 7980 
f 7959 7960 7719 7716 
f 7783 7967 7968 7782 
f 7859 8201 8035 7858 
f 7977 8202 7781 7782 
f 8203 8031 8032 8204 
f 8031 8203 8201 7859 
f 8036 8088 7857 7858 
f 7965 8206 8205 7964 
f 7717 7718 7962 7963 
f 7973 8208 8207 7972 
f 7971 7780 7781 7970 
f 7975 8209 8208 7973 
f 7970 7781 8202 7974 
f 7985 8201 8203 7984 
f 7983 8211 8210 7982 
f 8035 8089 8090 8037 
f 8212 8091 8092 8213 
f 8089 8035 8201 7985 
f 7982 8210 8213 8092 
f 8211 7983 8093 8214 
f 8204 8094 7984 8203 
f 7733 7792 7793 7732 
f 8205 8206 7730 7731 
f 7797 8207 8208 7796 
f 7795 7777 7778 7794 
f 7818 7816 7777 7795 
f 7796 8208 8209 7817 
f 7855 8002 8003 7854 
f 7853 8213 8210 7852 
f 8214 8025 8026 8211 
f 8027 8099 8002 7855 
f 7852 8210 8211 8026 
f 8213 7853 8030 8212 
f 8029 7854 8003 8103 
f 7711 7942 7943 7710 
f 8011 8012 7708 7709 
f 7825 7946 7947 7824 
f 7823 8014 8015 7822 
f 7951 8013 8014 7823 
f 7824 7947 8186 7950 
f 7938 7939 7955 7952 
f 7849 7850 7953 7954 
f 8076 8071 8068 8079 
f 8077 8078 8022 8019 
f 8068 7938 7952 8079 
f 7850 8022 8078 7953 
f 8081 8024 7849 7954 
f 7955 7939 8188 8080 
f 8105 8107 7805 7802 
f 8107 8108 7811 7805 
f 8103 8104 7815 7816 
f 8030 8029 7818 7817 
f 8104 8105 7802 7815 
f 8081 8080 7825 7822 
f 8116 8023 7827 7826 
f 8095 8096 7828 7829 
f 8111 8095 7829 7830 
f 8112 8111 7830 7832 
f 8108 8117 7834 7811 
f 8117 8113 7835 7834 
f 8113 8112 7832 7835 
f 8082 8087 7847 7844 
f 8042 8043 7877 7876 
f 8048 8049 7891 7890 
f 8054 8055 7905 7904 
f 8060 8061 7919 7918 
f 8066 8067 7933 7932 
f 8188 8187 7949 7946 
f 8090 8091 7975 7974 
f 8088 8036 7977 7976 
f 3826 8082 7844 3822 
f 8023 8024 8015 7827 
f 8096 8116 7826 7828 
f 8133 8134 8127 8128 
f 8043 8133 8128 7877 
f 8144 8042 7876 8141 
f 8049 8144 8141 7891 
f 8154 8048 7890 8151 
f 8055 8154 8151 7905 
f 8164 8054 7904 8161 
f 8061 8164 8161 7919 
f 8174 8060 7918 8171 
f 8067 8174 8171 7933 
f 8184 8066 7932 8181 
f 8073 8184 8181 8195 
f 8072 8073 8195 8196 
f 8187 8072 8196 7949 
f 8087 8088 7976 7847 
f 8036 8037 8202 7977 
f 8091 8212 8209 7975 
f 8037 8090 7974 8202 
f 8029 8103 7816 7818 
f 8212 8030 7817 8209 
f 8080 8188 7946 7825 
f 8024 8081 7822 8015 
f 8077 8019 6776 6777 
f 8020 8114 6784 6785 
f 8097 8098 6788 6789 
f 8032 8033 6847 6848 
f 8094 8204 6851 6852 
f 8028 8025 6855 6856 
f 8109 8102 6859 6860 
f 8065 8062 6862 6863 
f 8162 8059 6868 6865 
f 8085 8086 7421 7418 
f 8214 8093 7432 7433 
f 8100 8028 6856 7450 
f 8102 8100 7450 6859 
f 8070 8071 7463 7464 
f 8062 8182 7470 6862 
f 8199 8070 7464 6774 
f 8182 8197 7513 7470 
f 8059 8056 7656 6868 
f 8093 8094 6852 7432 
f 8025 8214 7433 6855 
f 8204 8032 6848 6851 
f 8033 8085 7418 6847 
f 8019 8020 6785 6776 
f 8114 8097 6789 6784 
f 8086 3383 3818 7421 
f 8050 8162 6865 7688 
f 8131 8041 7689 7690 
f 8038 8142 7691 7692 
f 8047 8044 7693 7694 
f 8152 8053 7695 7696 
f 8071 8076 7697 7463 
f 8076 8077 6777 7697 
f 8172 8065 6863 7698 
f 8056 8172 7698 7656 
f 8197 8199 6774 7513 
f 8053 8050 7688 7695 
f 8044 8152 7696 7693 
f 8142 8047 7694 7691 
f 8041 8038 7692 7689 
f 8130 8131 7690 7699 
f 8098 8109 6860 6788 
s 2
f 7706 7836 7837 7705 
f 7991 7705 7837 7995 
f 7742 7992 7762 7745 
f 7989 7745 7762 7763 
f 7957 3414 3820 7966 
f 7961 7957 7966 7969 
f 7719 7960 7967 7783 
f 7730 8206 8207 7797 
f 7733 7730 7797 7794 
f 7792 7733 7794 7778 
f 7768 7792 7778 7779 
f 7771 7768 7779 7812 
f 7806 7771 7812 7819 
f 7806 7819 7833 7809 
f 7755 8215 7821 7754 
f 7734 7754 7821 7820 
f 7737 7734 7820 8216 
f 7750 7737 8216 8217 
f 7749 7750 8217 8218 
f 7749 8218 8219 7748 
f 7767 7831 7814 7766 
f 7799 7766 7814 7801 
f 7787 7799 7801 7791 
f 7786 7787 7791 7788 
f 7715 7786 7788 7775 
f 7714 7715 7775 7772 
f 7708 8012 8013 7951 
f 7711 7708 7951 7950 
f 7942 7711 7950 8186 
f 7945 7942 8186 8185 
f 7928 8180 8176 7923 
f 7931 7928 7923 7920 
f 8170 7931 7920 8166 
f 7914 8170 8166 7909 
f 7917 7914 7909 7906 
f 8160 7917 7906 8156 
f 7900 8160 8156 7895 
f 7903 7900 7895 7892 
f 8150 7903 7892 8146 
f 7886 8150 8146 7881 
f 7889 7886 7881 7878 
f 8140 7889 7878 8136 
f 7872 8140 8136 7867 
f 7875 7872 7867 7864 
f 8126 7875 7864 8120 
f 7860 8126 8120 7759 
f 7863 7860 7759 7756 
f 7741 7863 7756 7700 
f 7741 7700 7701 7740 
f 7723 7839 7840 7722 
f 7728 7722 7840 7843 
f 7725 7728 7843 7841 
f 7725 7841 7842 7724 
s 1
f 8216 7810 8217 
f 8217 7810 8218 
f 8218 7810 8219 
f 7820 7810 8216 
f 7810 7821 8215 
s 2
f 7780 7718 7719 7783 
f 7934 8191 8193 7937 
f 7967 7960 7961 7969 
f 7972 7965 7962 7971 
f 7992 7742 7991 7995 
f 3825 3823 7986 7996 
f 8013 8012 7714 7772 
f 7937 8193 7945 8185 
f 8176 8180 8191 7934 
f 7763 7996 7986 7989 
f 8207 8206 7965 7972 
f 7971 7962 7718 7780 
s 1
f 8220 8223 8222 8221 
f 8224 8225 8223 8220 
f 8226 8227 8225 8224 
f 8228 8229 8227 8226 
f 8230 8231 8229 8228 
f 8232 8233 8231 8230 
f 8234 8235 8221 8222 
f 8236 8239 8238 8237 
f 8240 8243 8242 8241 
f 8242 8245 8244 8241 
f 8245 8247 8246 8244 
f 8247 8249 8248 8246 
f 8249 8251 8250 8248 
f 8251 8253 8252 8250 
f 8254 8257 8256 8255 
f 8258 8259 8243 8240 
f 8260 8263 8262 8261 
f 8264 8260 8261 8265 
f 8243 8264 8265 8242 
f 8266 8269 8268 8267 
f 8241 8266 8267 8240 
f 8270 8271 8261 
f 8261 8271 8272 8265 
f 8242 8265 8272 8245 
f 8273 8275 8274 8269 
f 8276 8273 8269 8266 
f 8244 8276 8266 8241 
f 8270 8278 8277 8271 
f 8271 8277 8279 8272 
f 8272 8279 8247 8245 
f 8280 8275 8273 8281 
f 8281 8273 8276 8282 
f 8282 8276 8244 8246 
f 8278 8284 8283 8277 
f 8277 8283 8285 8279 
f 8279 8285 8249 8247 
f 8286 8280 8281 8287 
f 8287 8281 8282 8288 
f 8288 8282 8246 8248 
f 8284 8290 8289 8283 
f 8283 8289 8291 8285 
f 8285 8291 8251 8249 
f 8292 8286 8287 8293 
f 8293 8287 8288 8294 
f 8294 8288 8248 8250 
f 8290 8296 8295 8289 
f 8289 8295 8297 8291 
f 8291 8297 8253 8251 
f 8298 8292 8293 8299 
f 8299 8293 8294 8300 
f 8300 8294 8250 8252 
f 8301 8304 8303 8302 
f 8305 8308 8307 8306 
f 8255 8256 8308 8305 
f 8309 8298 8299 8310 
f 8310 8299 8300 8311 
f 8300 8252 8311 
f 8312 8313 8263 8260 
f 8314 8312 8260 8264 
f 8259 8314 8264 8243 
f 8258 8315 7670 7673 
f 8316 8262 8263 8317 
f 8318 8319 8262 8316 
f 8320 8313 6899 6891 
f 8321 8316 8317 8322 
f 8323 8318 8316 8321 
f 8324 8320 6891 6892 
f 8325 8321 8322 8326 
f 8327 8323 8321 8325 
f 8328 8324 6892 6876 
f 8329 8325 8326 8330 
f 8331 8327 8325 8329 
f 6877 8332 8328 6876 
f 8333 8334 8329 8330 
f 8335 8331 8329 8334 
f 7668 8336 8332 6877 
f 7997 7760 8338 8337 
f 7703 7757 8340 8339 
f 8341 8342 7838 7702 
f 7703 8339 8343 7702 
f 8343 8344 7702 
f 8344 8345 7702 
f 8345 8346 7702 
f 8346 8341 7702 
f 8347 8348 6965 6966 
f 8349 8347 6966 7585 
f 8349 7585 7583 8350 
f 8350 8352 8351 
f 8353 8351 8352 8354 
f 8353 8354 8356 8355 
f 8274 8357 8353 8355 
f 8358 8359 7648 7671 
f 8356 8359 8360 8355 
f 8351 8361 8347 8349 
f 8351 8349 8350 
f 8350 7583 7534 8352 
f 7534 7533 8354 8352 
f 8354 7533 7649 8356 
f 8268 8360 8359 8358 
f 7649 7648 8359 8356 
f 8360 8268 8269 
f 8357 8362 8351 8353 
f 8362 8357 8275 
f 8355 8360 8269 8274 
f 8357 8274 8275 
f 8358 7671 7670 8315 
f 8362 8363 8361 8351 
f 8363 8362 8275 
f 8364 8365 8363 
f 8348 8366 7672 6965 
f 8367 8370 8369 8368 
f 8310 8372 8371 8309 
f 8311 8373 8372 8310 
f 8252 8374 8373 8311 
f 7994 7838 8342 8375 
f 8376 8367 8368 8377 
f 8374 8252 8253 8378 
f 8297 8295 8379 
f 8378 8253 8297 8379 
f 7993 7994 8375 8380 
f 8372 8382 8381 8371 
f 8373 8383 8382 8372 
f 8374 8384 8383 8373 
f 8385 8376 8377 8386 
f 8384 8374 8378 8387 
f 8388 8296 8390 8389 
f 8391 8379 8295 8392 
f 8387 8378 8379 8391 
f 8333 8394 8393 8334 
f 8335 8395 8303 8389 
f 8336 8396 8394 8333 
f 7993 8380 8397 7761 
f 8382 8399 8398 8381 
f 8383 8400 8399 8382 
f 8384 8257 8400 8383 
f 8239 8385 8386 8238 
f 3829 3830 8402 8401 
f 8257 8384 8387 8256 
f 8255 3831 3832 8254 
f 8304 8388 8389 8303 
f 8301 3833 3834 8306 
f 8308 8391 8392 8307 
f 8306 3834 3835 8305 
f 8256 8387 8391 8308 
f 8305 3835 3831 8255 
f 7761 8397 8338 7760 
f 8337 3836 3824 7997 
f 8403 4037 3837 8404 
f 8394 8403 8404 8393 
f 8405 3838 3839 8302 
f 8395 8405 8302 8303 
f 8406 3840 3841 8407 
f 8399 8406 8407 8398 
f 8408 3842 3840 8406 
f 8400 8408 8406 8399 
f 8254 3832 3842 8408 
f 8257 8254 8408 8400 
f 8409 8412 8411 8410 
f 8412 8414 8413 8411 
f 8414 8416 8415 8413 
f 8415 8416 8418 8417 
f 8417 8418 8420 8419 
f 8419 8420 8370 8421 
f 8422 8423 8409 8410 
f 8424 8401 8426 8425 
f 8427 8428 8232 8421 
f 8429 8430 8428 8427 
f 8431 8432 8430 8429 
f 8425 8426 8432 8431 
f 8424 8236 3844 3843 
f 8221 8410 8411 8220 
f 8220 8411 8413 8224 
f 8224 8413 8415 8226 
f 8226 8415 8417 8228 
f 8417 8419 8230 8228 
f 8230 8419 8421 8232 
f 8235 8422 8410 8221 
f 8401 8424 3843 3829 
f 8402 8433 8426 8401 
f 8428 8434 8233 8232 
f 8435 8434 8428 8430 
f 8436 8435 8430 8432 
f 8433 8436 8432 8426 
f 8236 8424 8425 8239 
f 8367 8427 8421 8370 
f 8376 8429 8427 8367 
f 8385 8431 8429 8376 
f 8239 8425 8431 8385 
f 8409 8438 8437 8412 
f 8437 8439 8414 8412 
f 8439 8440 8416 8414 
f 8440 8441 8418 8416 
f 8418 8441 8442 8420 
f 8420 8442 8369 8370 
f 8423 8443 8438 8409 
f 8236 8237 3845 3844 
f 8366 8444 7699 7672 
f 8445 8364 8363 
f 8134 8122 8235 8234 
f 7673 6914 8259 8258 
f 6902 6899 8313 8312 
f 6911 6902 8312 8314 
f 6914 6911 8314 8259 
f 8240 8267 8315 8258 
f 8317 8263 8313 8320 
f 8322 8317 8320 8324 
f 8326 8322 8324 8328 
f 8330 8326 8328 8332 
f 8336 8333 8330 8332 
f 7757 7758 8127 8340 
f 8267 8268 8358 8315 
f 8365 8364 8366 8348 
f 8336 7668 7669 8396 
f 8422 8123 8129 8423 
f 8235 8122 8123 8422 
f 8129 8130 8443 8423 
f 8364 8445 8444 8366 
f 8347 8361 8365 8348 
f 8365 8361 8363 
f 8446 8447 8319 8318 
f 8448 8446 8318 8323 
f 8449 8448 8323 8327 
f 8390 8449 8327 8331 
f 8389 8390 8331 8335 
f 8334 8393 8395 8335 
f 8405 8404 3837 3838 
f 8395 8393 8404 8405 
f 8447 8446 8278 8270 
f 8446 8448 8284 8278 
f 8448 8449 8290 8284 
f 8449 8390 8296 8290 
f 8301 8306 8307 8304 
f 8392 8295 8296 8388 
f 8307 8392 8388 8304 
f 8301 8302 3839 3833 
f 8447 8270 8261 
f 8319 8447 8261 
f 8262 8319 8261 
f 8402 8337 8338 8433 
f 8222 8339 8340 8234 
f 8233 8342 8341 8231 
f 8223 8343 8339 8222 
f 8225 8344 8343 8223 
f 8227 8345 8344 8225 
f 8229 8346 8345 8227 
f 8231 8341 8346 8229 
f 8434 8375 8342 8233 
f 8435 8380 8375 8434 
f 8436 8397 8380 8435 
f 8433 8338 8397 8436 
f 3830 3836 8337 8402 
f 8234 8340 8127 8134 
f 8439 8275 8280 8440 
f 8440 8280 8286 8441 
f 8441 8286 8292 8442 
f 8442 8292 8298 8369 
f 8369 8298 8309 8368 
f 8437 8363 8275 8439 
f 8368 8309 8371 8377 
f 8377 8371 8381 8386 
f 8386 8381 8398 8238 
f 8237 8407 3841 3845 
f 8238 8398 8407 8237 
f 8130 7699 8444 8443 
f 8438 8445 8363 8437 
f 8443 8444 8445 8438 
f 7747 7748 7767 7764 
f 7755 7752 7808 7809 
s 2
f 8215 7755 7809 7833 
f 7748 8219 7831 7767 
s 1
f 7810 7831 8219 
f 7833 7810 8215 
f 7701 7702 7839 
f 7702 7836 7842 
f 7727 7724 7706 7707 
f 7723 7720 7739 7740 
s 2
f 7724 7842 7836 7706 
f 7839 7723 7740 7701 
f 8450 8453 8452 8451 
f 8454 8457 8456 8455 
f 8458 8461 8460 8459 
f 8462 8465 8464 8463 
f 8466 8469 8468 8467 
f 8470 8473 8472 8471 
f 8474 8475 8473 8470 
f 8467 8468 8475 8474 
f 8476 8479 8478 8477 
f 8480 8483 8482 8481 
f 8484 8487 8486 8485 
f 8488 8491 8490 8489 
f 8492 8495 8494 8493 
f 8496 8497 8495 8492 
f 8481 8482 8497 8496 
f 8498 8501 8500 8499 
f 8499 8500 8483 8480 
f 8502 8505 8504 8503 
f 8506 8509 8508 8507 
f 8510 8513 8512 8511 
f 8514 8515 8509 8506 
f 8516 8517 8513 8510 
f 8518 8521 8520 8519 
f 8507 8508 8521 8518 
f 8503 8504 8517 8516 
f 8522 8525 8524 8523 
f 8526 8529 8528 8527 
f 8530 8533 8532 8531 
f 8534 8537 8536 8535 
f 8538 8541 8540 8539 
f 8542 8545 8544 8543 
f 8546 8549 8548 8547 
f 4194 4382 8551 8550 
f 8552 8555 8554 8553 
f 8556 8559 8558 8557 
f 8560 8561 4404 4493 
f 8489 8490 8563 8562 
f 8564 8565 8491 8488 
f 8511 8512 8461 8458 
f 8459 8460 8567 8566 
f 8523 8524 8487 8484 
f 8568 8569 8525 8522 
f 8527 8528 8569 8568 
f 8570 8571 8529 8526 
f 8531 8532 8571 8570 
f 8572 8573 8533 8530 
f 8535 8536 8573 8572 
f 8574 8575 8537 8534 
f 8539 8540 8575 8574 
f 8576 8577 8541 8538 
f 8543 8544 8577 8576 
f 8578 8579 8545 8542 
f 8580 8581 8579 8578 
f 8582 8583 8581 8580 
f 8547 8548 8583 8582 
f 8562 8563 8561 8560 
f 8451 8452 8565 8564 
f 8550 8551 8555 8552 
f 8553 8554 8465 8462 
f 8557 8558 8585 8584 
f 8463 8464 8559 8556 
f 8477 8478 8515 8514 
f 8584 8585 8479 8476 
f 8455 8456 8549 8546 
f 8566 8567 8457 8454 
f 8493 8494 8505 8502 
f 8519 8520 8501 8498 
f 8471 8472 8453 8450 
f 8485 8486 8469 8466 
s 1
f 4037 8586 4011 
f 8394 8588 8587 8403 
f 8394 8396 8589 8588 
f 8396 8591 8590 
f 7669 8593 8592 
f 3800 8595 8594 6793 
f 7669 6792 8596 8593 
f 3800 4012 8595 
f 8597 8598 6793 
f 8594 8597 6793 
f 8598 8596 6792 6793 
f 7669 8592 8599 
f 8396 8590 8600 
s 2
f 8601 8602 4013 4043 
f 8603 8604 4047 4014 
f 8605 8606 8604 8603 
f 8607 8608 8606 8605 
f 8609 8610 8608 8607 
f 8611 8612 8610 8609 
f 8613 8614 8612 8611 
f 8615 8616 8614 8613 
f 8617 8618 8616 8615 
f 8619 8620 8618 8617 
f 8621 8622 8620 8619 
f 8623 8624 8622 8621 
f 8625 8626 8624 8623 
f 8627 8628 8626 8625 
f 8629 8630 8628 8627 
f 8602 8601 8630 8629 
s 1
f 4015 8632 8631 4016 
f 8633 8634 8631 8632 
f 8635 8636 8634 8633 
f 8637 8638 8636 8635 
f 8637 8640 8639 8638 
f 8640 8642 8641 8639 
f 8642 8644 8643 8641 
f 8644 8646 8645 8643 
f 8646 8648 8647 8645 
f 8649 8650 8647 8648 
f 8651 8652 8650 8649 
f 8653 8654 8652 8651 
f 8653 8656 8655 8654 
f 8656 8658 8657 8655 
f 8658 8660 8659 8657 
f 8660 4017 4018 8659 
f 8661 8664 8663 8662 
f 8662 8666 8665 8661 
f 8667 8668 8665 8666 
f 8669 8670 8668 8667 
f 8671 8672 8670 8669 
f 8671 8674 8673 8672 
f 8674 8676 8675 8673 
f 8676 8678 8677 8675 
f 8678 4019 4020 8677 
f 8678 8679 4021 4019 
f 8679 8680 4022 4021 
f 8680 8659 4018 4022 
f 8681 8657 8659 8680 
f 8682 8655 8657 8681 
f 8683 8654 8655 8682 
f 8684 8652 8654 8683 
f 8684 8685 8650 8652 
f 8685 8686 8647 8650 
f 8686 8687 8645 8647 
f 8687 8688 8643 8645 
f 8689 8641 8643 8688 
f 8690 8639 8641 8689 
f 8691 8638 8639 8690 
f 8691 8692 8636 8638 
f 8692 8693 8634 8636 
f 8693 8694 8631 8634 
f 8694 4023 4016 8631 
f 8695 4024 4023 8694 
f 8695 8696 4025 4024 
f 8696 8697 4026 4025 
f 8698 8699 8697 8696 
f 8700 8701 8699 8698 
f 8702 8703 8701 8700 
f 8704 8705 8703 8702 
f 8704 8707 8706 8705 
f 8707 8663 8664 8706 
f 8696 8695 8708 8698 
f 8695 8694 8693 8708 
f 8698 8708 8709 8700 
f 8708 8693 8692 8709 
f 8700 8709 8710 8702 
f 8709 8692 8691 8710 
f 8702 8710 8711 8704 
f 8710 8691 8690 8711 
f 8704 8711 8712 8707 
f 8711 8690 8689 8712 
f 8707 8712 8713 8663 
f 8712 8689 8688 8713 
f 8663 8713 8714 8662 
f 8713 8688 8687 8714 
f 8662 8714 8715 8666 
f 8714 8687 8686 8715 
f 8666 8715 8716 8667 
f 8715 8686 8685 8716 
f 8667 8716 8717 8669 
f 8716 8685 8684 8717 
f 8669 8717 8718 8671 
f 8717 8684 8683 8718 
f 8671 8718 8719 8674 
f 8718 8683 8682 8719 
f 8674 8719 8720 8676 
f 8719 8682 8681 8720 
f 8676 8720 8679 8678 
f 8720 8681 8680 8679 
f 8721 8661 8665 8722 
f 8723 8677 4020 4027 
f 8724 4028 4026 8697 
f 8725 8724 8697 8699 
f 8726 8675 8677 8723 
f 8727 8673 8675 8726 
f 8722 8665 8668 8728 
f 8729 8730 8706 8664 
f 8721 8729 8664 8661 
f 8699 8701 8731 8725 
f 8701 8703 8732 8731 
f 8703 8705 8733 8732 
f 8705 8706 8730 8733 
f 8734 8672 8673 8727 
f 8735 8670 8672 8734 
f 8728 8668 8670 8735 
f 8721 8722 8737 8736 
f 8723 4027 4029 8738 
f 4028 8724 8739 4030 
f 8724 8725 8740 8739 
f 8726 8723 8738 8741 
f 8727 8726 8741 8742 
f 8734 8727 8742 8743 
f 8735 8734 8743 8744 
f 8728 8735 8744 8745 
f 8722 8728 8745 8737 
f 8725 8731 8746 8740 
f 8731 8732 8747 8746 
f 8732 8733 8748 8747 
f 8733 8730 8749 8748 
f 8730 8729 8750 8749 
f 8729 8721 8736 8750 
s 2
f 4013 8602 8751 4031 
f 8603 4014 4032 8752 
f 8605 8603 8752 8753 
f 8607 8605 8753 8754 
f 8609 8607 8754 8755 
f 8611 8609 8755 8756 
f 8613 8611 8756 8757 
f 8615 8613 8757 8758 
f 8617 8615 8758 8759 
f 8619 8617 8759 8760 
f 8621 8619 8760 8761 
f 8623 8621 8761 8762 
f 8625 8623 8762 8763 
f 8627 8625 8763 8764 
f 8629 8627 8764 8765 
f 8602 8629 8765 8751 
s 1
f 8632 4015 4031 8751 
f 8633 8632 8751 8765 
f 8635 8633 8765 8764 
f 8637 8635 8764 8763 
f 8640 8637 8763 8762 
f 8642 8640 8762 8761 
f 8644 8642 8761 8760 
f 8646 8644 8760 8759 
f 8648 8646 8759 8758 
f 8649 8648 8758 8757 
f 8651 8649 8757 8756 
f 8653 8651 8756 8755 
f 8656 8653 8755 8754 
f 8658 8656 8754 8753 
f 8660 8658 8753 8752 
f 4017 8660 8752 4032 
f 4011 8586 8738 4029 
f 8586 8587 8741 8738 
f 8587 8588 8742 8741 
f 8589 8600 8744 8743 
f 8590 8591 8737 8745 
f 8592 8593 8749 8750 
f 8594 8595 8739 8740 
f 8588 8589 8743 8742 
f 8591 8599 8736 8737 
f 8593 8596 8748 8749 
f 8595 4012 4030 8739 
f 8598 8597 8746 8747 
f 8597 8594 8740 8746 
f 8596 8598 8747 8748 
f 8599 8592 8750 8736 
f 8600 8590 8745 8744 
f 8587 8586 4037 8403 
f 8396 7669 8599 8591 
f 8396 8600 8589 
f 4044 4038 8766 
f 8767 4038 4046 
f 8768 4038 8767 
f 8769 4038 8768 
f 8770 4038 8769 
f 8771 4038 8770 
f 8772 4038 8771 
f 8773 4038 8772 
f 8774 4038 8773 
f 8775 4038 8774 
f 8776 4038 8775 
f 8777 4038 8776 
f 8778 4038 8777 
f 8779 4038 8778 
f 8780 4038 8779 
f 8766 4038 8780 
s 2
f 4043 4042 8781 8601 
f 8604 8782 4045 4047 
f 8606 8783 8782 8604 
f 8608 8784 8783 8606 
f 8610 8785 8784 8608 
f 8612 8786 8785 8610 
f 8614 8787 8786 8612 
f 8616 8788 8787 8614 
f 8618 8789 8788 8616 
f 8620 8790 8789 8618 
f 8622 8791 8790 8620 
f 8624 8792 8791 8622 
f 8626 8793 8792 8624 
f 8628 8794 8793 8626 
f 8630 8795 8794 8628 
f 8601 8781 8795 8630 
s 1
f 8766 8781 4042 4044 
f 4046 4045 8782 8767 
f 8767 8782 8783 8768 
f 8768 8783 8784 8769 
f 8769 8784 8785 8770 
f 8770 8785 8786 8771 
f 8771 8786 8787 8772 
f 8772 8787 8788 8773 
f 8773 8788 8789 8774 
f 8774 8789 8790 8775 
f 8775 8790 8791 8776 
f 8776 8791 8792 8777 
f 8777 8792 8793 8778 
f 8778 8793 8794 8779 
f 8779 8794 8795 8780 
f 8780 8795 8781 8766 
f 5468 8797 8796 5467 
f 5470 8799 8798 5469 
f 5475 8801 8800 5474 
f 5479 8803 8802 5478 
f 5483 8805 8804 5482 
f 5485 8807 8806 5488 
f 5489 8808 8807 5485 
f 5482 8804 8808 5489 
f 5492 8810 8809 5491 
f 5496 8812 8811 5495 
f 5501 8814 8813 5500 
f 5504 8816 8815 5503 
f 5509 8818 8817 5508 
f 5511 8819 8818 5509 
f 5495 8811 8819 5511 
f 5515 8821 8820 5514 
f 5514 8820 8812 5496 
f 5579 8823 8822 5578 
f 5586 8825 8824 5585 
f 5607 8827 8826 5606 
f 5617 8828 8825 5586 
f 5627 8829 8827 5607 
f 5640 8831 8830 5639 
f 5585 8824 8831 5640 
f 5578 8822 8829 5627 
f 5694 8833 8832 5693 
f 5710 8835 8834 5709 
f 5728 8837 8836 5727 
f 5746 8839 8838 5745 
f 5764 8841 8840 5763 
f 5782 8843 8842 5781 
f 5800 8845 8844 5799 
f 4193 4192 8846 5818 
f 5821 8848 8847 5820 
f 5824 8850 8849 5823 
f 5858 8851 4492 4494 
f 5503 8815 8852 5860 
f 5862 8853 8816 5504 
f 5606 8826 8801 5475 
f 5474 8800 8854 5893 
f 5693 8832 8814 5501 
f 6195 8855 8833 5694 
f 5709 8834 8855 6195 
f 6214 8856 8835 5710 
f 5727 8836 8856 6214 
f 6229 8857 8837 5728 
f 5745 8838 8857 6229 
f 6244 8858 8839 5746 
f 5763 8840 8858 6244 
f 6259 8859 8841 5764 
f 5781 8842 8859 6259 
f 6274 8860 8843 5782 
f 6293 8861 8860 6274 
f 6295 8862 8861 6293 
f 5799 8844 8862 6295 
f 5860 8852 8851 5858 
f 5467 8796 8853 5862 
f 5818 8846 8848 5821 
f 5820 8847 8803 5479 
f 5823 8849 8863 6314 
f 5478 8802 8850 5824 
f 5491 8809 8828 5617 
f 6314 8863 8810 5492 
f 5469 8798 8845 5800 
f 5893 8854 8799 5470 
f 5508 8817 8823 5579 
f 5639 8830 8821 5515 
f 5488 8806 8797 5468 
f 5500 8813 8805 5483 
f 7704 8865 8864 7707 
f 7710 8867 8866 7709 
f 7713 8869 8868 7712 
f 7717 8871 8870 7716 
f 7721 8873 8872 7720 
f 7727 8875 8874 7726 
f 7726 8874 8876 7729 
f 7729 8876 8873 7721 
f 7732 8878 8877 7731 
f 7736 8880 8879 7735 
f 7739 8882 8881 7738 
f 7744 8884 8883 7743 
f 7747 8886 8885 7746 
f 7746 8885 8887 7751 
f 7751 8887 8880 7736 
f 7753 8889 8888 7752 
f 7735 8879 8889 7753 
f 7765 8891 8890 7764 
f 7770 8893 8892 7769 
f 7785 8895 8894 7784 
f 7769 8892 8896 7793 
f 7784 8894 8897 7798 
f 7808 8899 8898 7807 
f 7807 8898 8893 7770 
f 7798 8897 8891 7765 
f 7862 8901 8900 7861 
f 7874 8903 8902 7873 
f 7888 8905 8904 7887 
f 7902 8907 8906 7901 
f 7916 8909 8908 7915 
f 7930 8911 8910 7929 
f 7944 8913 8912 7943 
f 7956 8914 4381 4383 
f 7959 8916 8915 7958 
f 7964 8918 8917 7963 
f 4403 4402 8919 7987 
f 7988 8920 8884 7744 
f 7743 8883 8921 7990 
f 7712 8868 8895 7785 
f 8011 8922 8869 7713 
f 7738 8881 8901 7862 
f 7861 8900 8923 8125 
f 8125 8923 8903 7874 
f 7873 8902 8924 8139 
f 8139 8924 8905 7888 
f 7887 8904 8925 8149 
f 8149 8925 8907 7902 
f 7901 8906 8926 8159 
f 8159 8926 8909 7916 
f 7915 8908 8927 8169 
f 8169 8927 8911 7930 
f 7929 8910 8928 8179 
f 8179 8928 8929 8192 
f 8192 8929 8930 8194 
f 8194 8930 8913 7944 
f 7987 8919 8920 7988 
f 7990 8921 8865 7704 
f 7958 8915 8914 7956 
f 7716 8870 8916 7959 
f 8205 8931 8918 7964 
f 7963 8917 8871 7717 
f 7793 8896 8878 7732 
f 7731 8877 8931 8205 
f 7943 8912 8867 7710 
f 7709 8866 8922 8011 
f 7764 8890 8886 7747 
f 7752 8888 8899 7808 
f 7707 8864 8875 7727 
f 7720 8872 8882 7739 
s 2
f 8451 8796 8797 8450 
f 8453 8864 8865 8452 
f 8455 8798 8799 8454 
f 8457 8866 8867 8456 
f 8459 8800 8801 8458 
f 8461 8868 8869 8460 
f 8463 8802 8803 8462 
f 8465 8870 8871 8464 
f 8467 8804 8805 8466 
f 8469 8872 8873 8468 
f 8471 8806 8807 8470 
f 8473 8874 8875 8472 
f 8470 8807 8808 8474 
f 8475 8876 8874 8473 
f 8474 8808 8804 8467 
f 8468 8873 8876 8475 
f 8477 8809 8810 8476 
f 8479 8877 8878 8478 
f 8481 8811 8812 8480 
f 8483 8879 8880 8482 
f 8485 8813 8814 8484 
f 8487 8881 8882 8486 
f 8489 8815 8816 8488 
f 8491 8883 8884 8490 
f 8493 8817 8818 8492 
f 8495 8885 8886 8494 
f 8492 8818 8819 8496 
f 8497 8887 8885 8495 
f 8496 8819 8811 8481 
f 8482 8880 8887 8497 
f 8499 8820 8821 8498 
f 8501 8888 8889 8500 
f 8480 8812 8820 8499 
f 8500 8889 8879 8483 
f 8503 8822 8823 8502 
f 8505 8890 8891 8504 
f 8507 8824 8825 8506 
f 8509 8892 8893 8508 
f 8511 8826 8827 8510 
f 8513 8894 8895 8512 
f 8506 8825 8828 8514 
f 8515 8896 8892 8509 
f 8510 8827 8829 8516 
f 8517 8897 8894 8513 
f 8519 8830 8831 8518 
f 8521 8898 8899 8520 
f 8518 8831 8824 8507 
f 8508 8893 8898 8521 
f 8516 8829 8822 8503 
f 8504 8891 8897 8517 
f 8523 8832 8833 8522 
f 8525 8900 8901 8524 
f 8527 8834 8835 8526 
f 8529 8902 8903 8528 
f 8531 8836 8837 8530 
f 8533 8904 8905 8532 
f 8535 8838 8839 8534 
f 8537 8906 8907 8536 
f 8539 8840 8841 8538 
f 8541 8908 8909 8540 
f 8543 8842 8843 8542 
f 8545 8910 8911 8544 
f 8547 8844 8845 8546 
f 8549 8912 8913 8548 
f 8550 8846 4192 4194 
f 4382 4381 8914 8551 
f 8553 8847 8848 8552 
f 8555 8915 8916 8554 
f 8557 8849 8850 8556 
f 8559 8917 8918 8558 
f 4493 4492 8851 8560 
f 8561 8919 4402 4404 
f 8562 8852 8815 8489 
f 8490 8884 8920 8563 
f 8488 8816 8853 8564 
f 8565 8921 8883 8491 
f 8458 8801 8826 8511 
f 8512 8895 8868 8461 
f 8566 8854 8800 8459 
f 8460 8869 8922 8567 
f 8484 8814 8832 8523 
f 8524 8901 8881 8487 
f 8522 8833 8855 8568 
f 8569 8923 8900 8525 
f 8568 8855 8834 8527 
f 8528 8903 8923 8569 
f 8526 8835 8856 8570 
f 8571 8924 8902 8529 
f 8570 8856 8836 8531 
f 8532 8905 8924 8571 
f 8530 8837 8857 8572 
f 8573 8925 8904 8533 
f 8572 8857 8838 8535 
f 8536 8907 8925 8573 
f 8534 8839 8858 8574 
f 8575 8926 8906 8537 
f 8574 8858 8840 8539 
f 8540 8909 8926 8575 
f 8538 8841 8859 8576 
f 8577 8927 8908 8541 
f 8576 8859 8842 8543 
f 8544 8911 8927 8577 
f 8542 8843 8860 8578 
f 8579 8928 8910 8545 
f 8578 8860 8861 8580 
f 8581 8929 8928 8579 
f 8580 8861 8862 8582 
f 8583 8930 8929 8581 
f 8582 8862 8844 8547 
f 8548 8913 8930 8583 
f 8560 8851 8852 8562 
f 8563 8920 8919 8561 
f 8564 8853 8796 8451 
f 8452 8865 8921 8565 
f 8552 8848 8846 8550 
f 8551 8914 8915 8555 
f 8462 8803 8847 8553 
f 8554 8916 8870 8465 
f 8584 8863 8849 8557 
f 8558 8918 8931 8585 
f 8556 8850 8802 8463 
f 8464 8871 8917 8559 
f 8514 8828 8809 8477 
f 8478 8878 8896 8515 
f 8476 8810 8863 8584 
f 8585 8931 8877 8479 
f 8546 8845 8798 8455 
f 8456 8867 8912 8549 
f 8454 8799 8854 8566 
f 8567 8922 8866 8457 
f 8502 8823 8817 8493 
f 8494 8886 8890 8505 
f 8498 8821 8830 8519 
f 8520 8899 8888 8501 
f 8450 8797 8806 8471 
f 8472 8875 8864 8453 
f 8466 8805 8813 8485 
f 8486 8882 8872 8469 
s 1
f 6388 6389 6477 6579 
f 6486 6487 6767 6426 
f 6487 6498 6768 6767 
f 6498 6516 6769 6768 
f 6531 4517 6771 6770 
f 6516 6531 6770 6769 
f 6763 6388 6579 6578 
f 6764 6763 6578 6580 
f 6765 6764 6580 6581 
f 6766 6765 6581 6582 
f 6486 6766 6582 6485 
f 6476 6389 6390 6468 
f 8932 9351 9347 8939 
f 8933 9354 9351 8932 
f 8933 8934 9360 9356 
f 8934 8935 9363 9360 
f 8935 8936 9366 9363 
f 8937 9369 9366 8936 
f 8937 8938 9378 9374 
f 8938 8940 9381 9378 
s 2
f 9380 8974 8972 9377 
f 9375 9377 8972 8968 
f 8968 8976 9372 9375 
f 8991 9365 9368 8979 
f 9357 9359 8985 8981 
f 9359 9362 8988 8985 
f 9362 9365 8991 8988 
s 1
f 9356 9382 8933 
s 2
f 8996 8998 9350 9353 
f 8998 9001 9348 9350 
f 9357 8981 8993 9384 
f 8993 8996 9353 9384 
f 8976 8979 9368 9372 
s 1
f 8937 9374 9371 
f 9371 9369 8937 
f 9382 9354 8933 
f 8969 8971 8941 8942 
f 8971 9073 9020 8941 
f 9004 8969 8942 
f 8978 8942 8945 8990 
f 8982 8984 8943 8946 
f 8984 8987 8944 8943 
f 8987 8990 8945 8944 
f 9003 8982 8946 
f 8995 8946 8947 8999 
f 8999 8947 8948 9002 
f 8995 9003 8946 
f 8978 9004 8942 
f 8942 8941 8949 8950 
f 8941 9020 9028 8949 
f 8942 8950 8953 8945 
f 8946 8943 8951 8954 
f 8943 8944 8952 8951 
f 8944 8945 8953 8952 
f 8946 8954 8955 8947 
f 8947 8955 8956 8948 
f 8950 8949 8957 8958 
f 8949 9028 9036 8957 
f 8950 8958 8961 8953 
f 8954 8951 8959 8962 
f 8951 8952 8960 8959 
f 8952 8953 8961 8960 
f 8954 8962 8963 8955 
f 8955 8963 8964 8956 
f 8958 8957 9039 
f 8957 9036 9039 
f 8958 9039 8965 8961 
f 8962 8959 8965 8966 
f 8959 8960 8965 
f 8960 8961 8965 
f 8962 8966 8963 
f 8963 8966 8964 
s 2
f 8972 8974 8973 8970 
f 8968 8972 8970 8967 
f 8976 8968 8967 8975 
f 8979 8977 8989 8991 
f 8981 8985 8983 8980 
f 8985 8988 8986 8983 
f 8988 8991 8989 8986 
f 8996 8994 8997 8998 
f 8998 8997 9000 9001 
f 8993 8981 8980 8992 
f 8996 8993 8992 8994 
f 8979 8976 8975 8977 
s 1
f 8969 8967 8970 8971 
f 8971 8970 8973 9073 
f 8969 9004 8975 8967 
f 8978 8990 8989 8977 
f 8982 8980 8983 8984 
f 8984 8983 8986 8987 
f 8987 8986 8989 8990 
f 8982 9003 8992 8980 
f 8995 8999 8997 8994 
f 8999 9002 9000 8997 
f 9003 8995 8994 8992 
f 9004 8978 8977 8975 
f 9005 9387 9381 8940 
f 9006 9390 9387 9005 
f 9006 9007 9396 9392 
f 9007 9008 9399 9396 
f 9008 9009 9402 9399 
f 9010 9405 9402 9009 
f 9010 9011 9414 9410 
f 9011 9012 9417 9414 
s 2
f 9416 9047 9045 9413 
f 9411 9413 9045 9041 
f 9041 9049 9408 9411 
f 9064 9401 9404 9052 
f 9393 9395 9058 9054 
f 9395 9398 9061 9058 
f 9398 9401 9064 9061 
s 1
f 9392 9418 9006 
s 2
f 9069 9071 9386 9389 
f 9071 8974 9380 9386 
f 9393 9054 9066 9420 
f 9066 9069 9389 9420 
f 9049 9052 9404 9408 
s 1
f 9010 9410 9407 
f 9407 9405 9010 
f 9418 9390 9006 
f 9042 9044 9013 9014 
f 9044 9144 9091 9013 
f 9075 9042 9014 
f 9051 9014 9017 9063 
f 9055 9057 9015 9018 
f 9057 9060 9016 9015 
f 9060 9063 9017 9016 
f 9074 9055 9018 
f 9068 9018 9019 9072 
f 9072 9019 9020 9073 
f 9068 9074 9018 
f 9051 9075 9014 
f 9014 9013 9021 9022 
f 9013 9091 9099 9021 
f 9014 9022 9025 9017 
f 9018 9015 9023 9026 
f 9015 9016 9024 9023 
f 9016 9017 9025 9024 
f 9018 9026 9027 9019 
f 9019 9027 9028 9020 
f 9022 9021 9029 9030 
f 9021 9099 9037 9029 
f 9022 9030 9033 9025 
f 9026 9023 9031 9034 
f 9023 9024 9032 9031 
f 9024 9025 9033 9032 
f 9026 9034 9035 9027 
f 9027 9035 9036 9028 
f 9030 9029 9110 
f 9029 9037 9110 
f 9030 9110 9038 9033 
f 9034 9031 9038 9039 
f 9031 9032 9038 
f 9032 9033 9038 
f 9034 9039 9035 
f 9035 9039 9036 
s 2
f 9045 9047 9046 9043 
f 9041 9045 9043 9040 
f 9049 9041 9040 9048 
f 9052 9050 9062 9064 
f 9054 9058 9056 9053 
f 9058 9061 9059 9056 
f 9061 9064 9062 9059 
f 9069 9067 9070 9071 
f 9071 9070 8973 8974 
f 9066 9054 9053 9065 
f 9069 9066 9065 9067 
f 9052 9049 9048 9050 
s 1
f 9042 9040 9043 9044 
f 9044 9043 9046 9144 
f 9042 9075 9048 9040 
f 9051 9063 9062 9050 
f 9055 9053 9056 9057 
f 9057 9056 9059 9060 
f 9060 9059 9062 9063 
f 9055 9074 9065 9053 
f 9068 9072 9070 9067 
f 9072 9073 8973 9070 
f 9074 9068 9067 9065 
f 9075 9051 9050 9048 
f 9076 9423 9417 9012 
f 9077 9426 9423 9076 
f 9077 9078 9432 9428 
f 9078 9079 9435 9432 
f 9079 9080 9438 9435 
f 9081 9441 9438 9080 
f 9081 9082 9450 9446 
f 9082 9083 9453 9450 
s 2
f 9452 9118 9116 9449 
f 9447 9449 9116 9112 
f 9112 9120 9444 9447 
f 9135 9437 9440 9123 
f 9429 9431 9129 9125 
f 9431 9434 9132 9129 
f 9434 9437 9135 9132 
s 1
f 9428 9454 9077 
s 2
f 9140 9142 9422 9425 
f 9142 9047 9416 9422 
f 9429 9125 9137 9456 
f 9137 9140 9425 9456 
f 9120 9123 9440 9444 
s 1
f 9081 9446 9443 
f 9443 9441 9081 
f 9454 9426 9077 
f 9113 9115 9084 9085 
f 9115 9210 9161 9084 
f 9146 9113 9085 
f 9122 9085 9088 9134 
f 9126 9128 9086 9089 
f 9128 9131 9087 9086 
f 9131 9134 9088 9087 
f 9145 9126 9089 
f 9139 9089 9090 9143 
f 9143 9090 9091 9144 
f 9139 9145 9089 
f 9122 9146 9085 
f 9085 9084 9092 9093 
f 9084 9161 9100 9092 
f 9085 9093 9096 9088 
f 9089 9086 9094 9097 
f 9086 9087 9095 9094 
f 9087 9088 9096 9095 
f 9089 9097 9098 9090 
f 9090 9098 9099 9091 
f 9093 9092 9101 9102 
f 9092 9100 9108 9101 
f 9093 9102 9105 9096 
f 9097 9094 9103 9106 
f 9094 9095 9104 9103 
f 9095 9096 9105 9104 
f 9097 9106 9107 9098 
f 9098 9107 9037 9099 
f 9102 9101 9178 
f 9101 9108 9178 
f 9102 9178 9109 9105 
f 9106 9103 9109 9110 
f 9103 9104 9109 
f 9104 9105 9109 
f 9106 9110 9107 
f 9107 9110 9037 
s 2
f 9116 9118 9117 9114 
f 9112 9116 9114 9111 
f 9120 9112 9111 9119 
f 9123 9121 9133 9135 
f 9125 9129 9127 9124 
f 9129 9132 9130 9127 
f 9132 9135 9133 9130 
f 9140 9138 9141 9142 
f 9142 9141 9046 9047 
f 9137 9125 9124 9136 
f 9140 9137 9136 9138 
f 9123 9120 9119 9121 
s 1
f 9113 9111 9114 9115 
f 9115 9114 9117 9210 
f 9113 9146 9119 9111 
f 9122 9134 9133 9121 
f 9126 9124 9127 9128 
f 9128 9127 9130 9131 
f 9131 9130 9133 9134 
f 9126 9145 9136 9124 
f 9139 9143 9141 9138 
f 9143 9144 9046 9141 
f 9145 9139 9138 9136 
f 9146 9122 9121 9119 
f 9147 9459 9453 9083 
f 9148 9462 9459 9147 
f 9148 9149 9468 9464 
f 9149 9150 9471 9468 
f 9150 9151 9474 9471 
f 9152 9477 9474 9151 
f 9152 9153 9486 9482 
f 9153 9218 9489 9486 
s 2
f 9488 9276 9184 9485 
f 9483 9485 9184 9180 
f 9180 9186 9480 9483 
f 9201 9473 9476 9189 
f 9465 9467 9195 9191 
f 9467 9470 9198 9195 
f 9470 9473 9201 9198 
s 1
f 9464 9490 9148 
s 2
f 9206 9208 9458 9461 
f 9208 9118 9452 9458 
f 9465 9191 9203 9492 
f 9203 9206 9461 9492 
f 9186 9189 9476 9480 
s 1
f 9152 9482 9479 
f 9479 9477 9152 
f 9490 9462 9148 
f 9181 9183 9154 9155 
f 9183 9277 9226 9154 
f 9212 9181 9155 
f 9188 9155 9158 9200 
f 9192 9194 9156 9159 
f 9194 9197 9157 9156 
f 9197 9200 9158 9157 
f 9211 9192 9159 
f 9205 9159 9160 9209 
f 9209 9160 9161 9210 
f 9205 9211 9159 
f 9188 9212 9155 
f 9155 9154 9162 9163 
f 9154 9226 9234 9162 
f 9155 9163 9166 9158 
f 9159 9156 9164 9167 
f 9156 9157 9165 9164 
f 9157 9158 9166 9165 
f 9159 9167 9168 9160 
f 9160 9168 9100 9161 
f 9163 9162 9169 9170 
f 9162 9234 9176 9169 
f 9163 9170 9173 9166 
f 9167 9164 9171 9174 
f 9164 9165 9172 9171 
f 9165 9166 9173 9172 
f 9167 9174 9175 9168 
f 9168 9175 9108 9100 
f 9170 9169 9243 
f 9169 9176 9243 
f 9170 9243 9177 9173 
f 9174 9171 9177 9178 
f 9171 9172 9177 
f 9172 9173 9177 
f 9174 9178 9175 
f 9175 9178 9108 
s 2
f 9184 9276 9275 9182 
f 9180 9184 9182 9179 
f 9186 9180 9179 9185 
f 9189 9187 9199 9201 
f 9191 9195 9193 9190 
f 9195 9198 9196 9193 
f 9198 9201 9199 9196 
f 9206 9204 9207 9208 
f 9208 9207 9117 9118 
f 9203 9191 9190 9202 
f 9206 9203 9202 9204 
f 9189 9186 9185 9187 
s 1
f 9181 9179 9182 9183 
f 9183 9182 9275 9277 
f 9181 9212 9185 9179 
f 9188 9200 9199 9187 
f 9192 9190 9193 9194 
f 9194 9193 9196 9197 
f 9197 9196 9199 9200 
f 9192 9211 9202 9190 
f 9205 9209 9207 9204 
f 9209 9210 9117 9207 
f 9211 9205 9204 9202 
f 9212 9188 9187 9185 
f 9213 9495 9489 9218 
f 9214 9498 9495 9213 
f 9214 9215 9504 9500 
f 9215 9216 9507 9504 
f 9216 9217 9510 9507 
s 2
f 9561 9341 9249 9585 
f 9585 9249 9245 9582 
f 9245 9251 9579 9582 
f 9266 9573 9577 9254 
f 9501 9503 9260 9256 
f 9503 9506 9263 9260 
f 9506 9509 9263 
f 9571 9266 9567 
f 9573 9266 9571 
s 1
f 9500 9511 9214 
s 2
f 9271 9273 9494 9497 
f 9273 9276 9488 9494 
f 9501 9256 9268 9513 
f 9268 9271 9497 9513 
f 9251 9254 9577 9579 
s 1
f 9511 9498 9214 
f 9246 9248 9219 9220 
f 9248 9342 9291 9219 
f 9279 9246 9220 
f 9253 9220 9223 9265 
f 9257 9259 9221 9224 
f 9259 9262 9222 9221 
f 9262 9265 9223 9222 
f 9278 9257 9224 
f 9270 9224 9225 9274 
f 9274 9225 9226 9277 
f 9270 9278 9224 
f 9253 9279 9220 
f 9220 9219 9227 9228 
f 9219 9291 9299 9227 
f 9220 9228 9231 9223 
f 9224 9221 9229 9232 
f 9221 9222 9230 9229 
f 9222 9223 9231 9230 
f 9224 9232 9233 9225 
f 9225 9233 9234 9226 
f 9228 9227 9235 9236 
f 9227 9299 9307 9235 
f 9228 9236 9239 9231 
f 9232 9229 9237 9240 
f 9229 9230 9238 9237 
f 9230 9231 9239 9238 
f 9232 9240 9241 9233 
f 9233 9241 9176 9234 
f 9236 9235 9309 
f 9235 9307 9309 
f 9236 9309 9242 9239 
f 9240 9237 9242 9243 
f 9237 9238 9242 
f 9238 9239 9242 
f 9240 9243 9241 
f 9241 9243 9176 
s 2
f 9249 9341 9340 9247 
f 9245 9249 9247 9244 
f 9251 9245 9244 9250 
f 9254 9252 9264 9266 
f 9256 9260 9258 9255 
f 9260 9263 9261 9258 
f 9263 9266 9264 9261 
f 9271 9269 9272 9273 
f 9273 9272 9275 9276 
f 9268 9256 9255 9267 
f 9271 9268 9267 9269 
f 9254 9251 9250 9252 
s 1
f 9246 9244 9247 9248 
f 9248 9247 9340 9342 
f 9246 9279 9250 9244 
f 9253 9265 9264 9252 
f 9257 9255 9258 9259 
f 9259 9258 9261 9262 
f 9262 9261 9264 9265 
f 9257 9278 9267 9255 
f 9270 9274 9272 9269 
f 9274 9277 9275 9272 
f 9278 9270 9269 9267 
f 9279 9253 9252 9250 
f 9663 9280 9523 9516 
f 9280 9281 9526 9523 
f 9282 9529 9526 9281 
f 9282 9283 9538 9534 
f 9283 8939 9347 9538 
s 2
f 9348 9001 9315 9537 
f 9535 9537 9315 9311 
f 9311 9317 9532 9535 
f 9332 9525 9528 9320 
f 9515 9329 9543 9590 
f 9522 9525 9332 9329 
f 9317 9320 9528 9532 
s 1
f 9282 9534 9531 
f 9531 9529 9282 
f 9312 9314 9284 9285 
f 9314 9002 8948 9284 
f 9345 9312 9285 
f 9319 9285 9288 9331 
f 9323 9325 9286 9289 
f 9325 9328 9287 9286 
f 9328 9331 9288 9287 
f 9343 9323 9289 
f 9335 9289 9290 9339 
f 9339 9290 9291 9342 
f 9335 9343 9289 
f 9319 9345 9285 
f 9285 9284 9292 9293 
f 9284 8948 8956 9292 
f 9285 9293 9296 9288 
f 9289 9286 9294 9297 
f 9286 9287 9295 9294 
f 9287 9288 9296 9295 
f 9289 9297 9298 9290 
f 9290 9298 9299 9291 
f 9293 9292 9300 9301 
f 9292 8956 8964 9300 
f 9293 9301 9304 9296 
f 9297 9294 9302 9305 
f 9294 9295 9303 9302 
f 9295 9296 9304 9303 
f 9297 9305 9306 9298 
f 9298 9306 9307 9299 
f 9301 9300 8966 
f 9300 8964 8966 
f 9301 8966 9308 9304 
f 9305 9302 9308 9309 
f 9302 9303 9308 
f 9303 9304 9308 
f 9305 9309 9306 
f 9306 9309 9307 
s 2
f 9315 9001 9000 9313 
f 9311 9315 9313 9310 
f 9317 9311 9310 9316 
f 9320 9318 9330 9332 
f 9322 9326 9324 9321 
f 9326 9329 9327 9324 
f 9329 9332 9330 9327 
f 9336 9334 9337 9338 
f 9338 9337 9340 9341 
f 9344 9322 9321 9333 
f 9336 9344 9333 9334 
f 9320 9317 9316 9318 
s 1
f 9312 9310 9313 9314 
f 9314 9313 9000 9002 
f 9312 9345 9316 9310 
f 9319 9331 9330 9318 
f 9323 9321 9324 9325 
f 9325 9324 9327 9328 
f 9328 9327 9330 9331 
f 9323 9343 9333 9321 
f 9335 9339 9337 9334 
f 9339 9342 9340 9337 
f 9343 9335 9334 9333 
f 9345 9319 9318 9316 
f 9663 9516 9589 
s 2
f 9541 9326 9546 
f 9546 9326 9322 9550 
f 9550 9322 9344 9553 
f 9553 9344 9336 9556 
f 9556 9336 9338 9559 
f 9559 9338 9341 9561 
s 4
f 9544 9540 9612 9614 
f 9547 9549 9618 9620 
f 9549 9551 9623 9618 
f 9551 9555 9625 9623 
f 9555 9558 9628 9625 
f 9558 9587 9631 9628 
f 9568 9592 9634 9636 
f 9574 9570 9640 9642 
f 9574 9642 9645 9576 
f 9580 9576 9645 9647 
f 9583 9580 9647 9649 
f 9583 9649 9652 9586 
f 9586 9652 9631 9587 
f 9593 9544 9614 9655 
f 9540 9547 9620 9612 
f 9570 9568 9636 9640 
s 1
f 9588 9594 9510 9217 
f 9589 9518 9517 9519 
s 2
f 9590 9520 9517 9518 
f 9591 9563 9562 9564 
s 4
f 9592 9564 9562 9565 
f 9593 9519 9517 9520 
s 1
f 9594 9565 9562 9563 
f 9347 9351 9349 9346 
f 9351 9354 9352 9349 
f 9356 9360 9358 9355 
f 9360 9363 9361 9358 
f 9363 9366 9364 9361 
f 9366 9369 9367 9364 
f 9374 9378 9376 9373 
f 9378 9381 9379 9376 
s 2
f 9377 9376 9379 9380 
f 9375 9373 9376 9377 
f 9375 9372 9370 9373 
f 9368 9365 9364 9367 
f 9357 9355 9358 9359 
f 9359 9358 9361 9362 
f 9362 9361 9364 9365 
s 1
f 9382 9356 9355 9383 
s 2
f 9353 9350 9349 9352 
f 9350 9348 9346 9349 
f 9357 9384 9383 9355 
f 9384 9353 9352 9383 
f 9372 9368 9367 9370 
s 1
f 9371 9374 9373 9370 
f 9369 9371 9370 9367 
f 9354 9382 9383 9352 
f 9381 9387 9385 9379 
f 9387 9390 9388 9385 
f 9392 9396 9394 9391 
f 9396 9399 9397 9394 
f 9399 9402 9400 9397 
f 9402 9405 9403 9400 
f 9410 9414 9412 9409 
f 9414 9417 9415 9412 
s 2
f 9413 9412 9415 9416 
f 9411 9409 9412 9413 
f 9411 9408 9406 9409 
f 9404 9401 9400 9403 
f 9393 9391 9394 9395 
f 9395 9394 9397 9398 
f 9398 9397 9400 9401 
s 1
f 9418 9392 9391 9419 
s 2
f 9389 9386 9385 9388 
f 9386 9380 9379 9385 
f 9393 9420 9419 9391 
f 9420 9389 9388 9419 
f 9408 9404 9403 9406 
s 1
f 9407 9410 9409 9406 
f 9405 9407 9406 9403 
f 9390 9418 9419 9388 
f 9417 9423 9421 9415 
f 9423 9426 9424 9421 
f 9428 9432 9430 9427 
f 9432 9435 9433 9430 
f 9435 9438 9436 9433 
f 9438 9441 9439 9436 
f 9446 9450 9448 9445 
f 9450 9453 9451 9448 
s 2
f 9449 9448 9451 9452 
f 9447 9445 9448 9449 
f 9447 9444 9442 9445 
f 9440 9437 9436 9439 
f 9429 9427 9430 9431 
f 9431 9430 9433 9434 
f 9434 9433 9436 9437 
s 1
f 9454 9428 9427 9455 
s 2
f 9425 9422 9421 9424 
f 9422 9416 9415 9421 
f 9429 9456 9455 9427 
f 9456 9425 9424 9455 
f 9444 9440 9439 9442 
s 1
f 9443 9446 9445 9442 
f 9441 9443 9442 9439 
f 9426 9454 9455 9424 
f 9453 9459 9457 9451 
f 9459 9462 9460 9457 
f 9464 9468 9466 9463 
f 9468 9471 9469 9466 
f 9471 9474 9472 9469 
f 9474 9477 9475 9472 
f 9482 9486 9484 9481 
f 9486 9489 9487 9484 
s 2
f 9485 9484 9487 9488 
f 9483 9481 9484 9485 
f 9483 9480 9478 9481 
f 9476 9473 9472 9475 
f 9465 9463 9466 9467 
f 9467 9466 9469 9470 
f 9470 9469 9472 9473 
s 1
f 9490 9464 9463 9491 
s 2
f 9461 9458 9457 9460 
f 9458 9452 9451 9457 
f 9465 9492 9491 9463 
f 9492 9461 9460 9491 
f 9480 9476 9475 9478 
s 1
f 9479 9482 9481 9478 
f 9477 9479 9478 9475 
f 9462 9490 9491 9460 
f 9489 9495 9493 9487 
f 9495 9498 9496 9493 
f 9500 9504 9502 9499 
f 9504 9507 9505 9502 
f 9507 9510 9508 9505 
s 2
f 9585 9584 9560 9561 
f 9582 9581 9584 9585 
f 9582 9579 9578 9581 
f 9577 9573 9572 9575 
f 9501 9499 9502 9503 
f 9503 9502 9505 9506 
f 9509 9506 9505 9508 
f 9571 9567 9566 9569 
f 9573 9571 9569 9572 
s 1
f 9511 9500 9499 9512 
s 2
f 9497 9494 9493 9496 
f 9494 9488 9487 9493 
f 9501 9513 9512 9499 
f 9513 9497 9496 9512 
f 9579 9577 9575 9578 
s 1
f 9498 9511 9512 9496 
f 9516 9523 9521 9514 
f 9523 9526 9524 9521 
f 9526 9529 9527 9524 
f 9534 9538 9536 9533 
f 9538 9347 9346 9536 
s 2
f 9537 9536 9346 9348 
f 9535 9533 9536 9537 
f 9535 9532 9530 9533 
f 9528 9525 9524 9527 
f 9522 9515 9514 9521 
f 9522 9521 9524 9525 
f 9532 9528 9527 9530 
s 1
f 9531 9534 9533 9530 
f 9529 9531 9530 9527 
f 9589 9516 9514 9518 
f 9589 9519 9662 9663 
s 2
f 9515 9590 9518 9514 
f 9590 9543 9542 9520 
f 9541 9546 9545 9539 
f 9550 9548 9545 9546 
f 9550 9553 9552 9548 
f 9553 9556 9554 9552 
f 9556 9559 9557 9554 
f 9559 9561 9560 9557 
f 9543 9541 9539 9542 
f 9591 9509 9508 9563 
f 9567 9591 9564 9566 
s 4
f 9540 9544 9542 9539 
f 9547 9545 9548 9549 
f 9551 9549 9548 9552 
f 9555 9551 9552 9554 
f 9555 9554 9557 9558 
f 9558 9557 9560 9587 
f 9592 9568 9566 9564 
f 9634 9592 9565 9660 
f 9570 9574 9572 9569 
f 9574 9576 9575 9572 
f 9576 9580 9578 9575 
f 9580 9583 9581 9578 
f 9583 9586 9584 9581 
f 9586 9587 9560 9584 
f 9544 9593 9520 9542 
f 9593 9655 9662 9519 
f 9547 9540 9539 9545 
f 9568 9570 9569 9566 
s 1
f 9594 9588 9660 9565 
f 9510 9594 9563 9508 
s 2
f 9595 9596 9599 9600 
f 9604 9605 9602 9603 
f 9597 9596 9602 9601 
f 9607 9608 9605 9604 
f 9621 9617 9607 
f 9597 9633 9658 9598 
f 9596 9597 9598 9599 
f 9600 9665 9656 9595 
f 9606 9639 9637 9601 
f 9605 9606 9601 9602 
f 9603 9615 9611 9604 
f 9595 9656 9615 9603 
f 9596 9595 9603 9602 
f 9601 9637 9633 9597 
f 9609 9643 9639 9606 
f 9608 9609 9606 9605 
f 9604 9611 9621 9607 
f 9627 9630 9608 9607 
f 9630 9653 9609 9608 
f 9653 9650 9609 
f 9650 9643 9609 
f 9617 9627 9607 
s 1
f 9598 9658 9659 9666 
f 9599 9598 9666 9667 
f 9600 9599 9667 9668 
f 9664 9665 9600 9668 
f 9662 9661 9663 
f 9588 9657 9660 
f 9663 9661 9664 
f 9659 9657 9588 
f 9658 9657 9659 
f 9664 9661 9665 
s 4
f 9614 9612 9610 9613 
f 9620 9618 9616 9619 
f 9618 9623 9622 9616 
f 9623 9625 9624 9622 
f 9625 9628 9626 9624 
f 9628 9631 9629 9626 
f 9636 9634 9632 9635 
f 9642 9640 9638 9641 
f 9645 9642 9641 9644 
f 9647 9645 9644 9646 
f 9649 9647 9646 9648 
f 9652 9649 9648 9651 
f 9631 9652 9651 9629 
f 9655 9614 9613 9654 
f 9612 9620 9619 9610 
f 9640 9636 9635 9638 
f 9634 9660 9657 9632 
f 9662 9655 9654 9661 
s 2
f 9617 9621 9619 9616 
f 9658 9633 9632 9657 
f 9656 9665 9661 9654 
f 9637 9639 9638 9635 
f 9611 9615 9613 9610 
f 9615 9656 9654 9613 
f 9633 9637 9635 9632 
f 9639 9643 9641 9638 
f 9621 9611 9610 9619 
f 9630 9627 9626 9629 
f 9653 9630 9629 9651 
f 9650 9653 9651 9648 
f 9650 9648 9646 
f 9650 9646 9644 
f 9643 9650 9644 9641 
f 9617 9616 9622 
f 9617 9622 9624 
f 9627 9617 9624 9626 
f 9326 9541 9543 
f 9515 9522 9329 
f 9266 9263 9567 
f 9329 9326 9543 
f 9263 9509 9591 9567 
s 1
f 8965 9039 9669 
f 8966 8965 9669 
f 9038 9110 9669 
f 9039 9038 9669 
f 9109 9178 9669 
f 9110 9109 9669 
f 9177 9243 9669 
f 9178 9177 9669 
f 9242 9309 9669 
f 9243 9242 9669 
f 9308 8966 9669 
f 9309 9308 9669 
f 8932 8939 9677 9670 
f 8933 8932 9670 9671 
f 8934 8933 9671 9672 
f 8935 8934 9672 9673 
f 8936 8935 9673 9674 
f 8937 8936 9674 9675 
f 8938 8937 9675 9676 
f 8940 8938 9676 9678 
f 9005 8940 9678 9679 
f 9006 9005 9679 9680 
f 9007 9006 9680 9681 
f 9008 9007 9681 9682 
f 9009 9008 9682 9683 
f 9010 9009 9683 9684 
f 9011 9010 9684 9685 
f 9012 9011 9685 9686 
f 9076 9012 9686 9687 
f 9077 9076 9687 9688 
f 9078 9077 9688 9689 
f 9079 9078 9689 9690 
f 9080 9079 9690 9691 
f 9081 9080 9691 9692 
f 9082 9081 9692 9693 
f 9083 9082 9693 9694 
f 9147 9083 9694 9695 
f 9148 9147 9695 9696 
f 9149 9148 9696 9697 
f 9150 9149 9697 9698 
f 9151 9150 9698 9699 
f 9152 9151 9699 9700 
f 9153 9152 9700 9701 
f 9218 9153 9701 9707 
f 9213 9218 9707 9702 
f 9214 9213 9702 9703 
f 9215 9214 9703 9704 
f 9216 9215 9704 9705 
f 9217 9216 9705 9706 
f 9280 9663 9714 9708 
f 9281 9280 9708 9709 
f 9282 9281 9709 9710 
f 9283 9282 9710 9711 
f 8939 9283 9711 9677 
f 9588 9217 9706 9712 
f 9663 9664 9715 9714 
f 9659 9588 9712 9713 
f 9666 9659 9713 9716 
f 9667 9666 9716 9717 
f 9668 9667 9717 9718 
f 9664 9668 9718 9715 
s 2
f 9670 9677 9726 9719 
f 9671 9670 9719 9720 
f 9672 9671 9720 9721 
f 9673 9672 9721 9722 
f 9674 9673 9722 9723 
f 9675 9674 9723 9724 
f 9676 9675 9724 9725 
f 9678 9676 9725 9727 
f 9679 9678 9727 9728 
f 9680 9679 9728 9729 
f 9681 9680 9729 9730 
f 9682 9681 9730 9731 
f 9683 9682 9731 9732 
f 9684 9683 9732 9733 
f 9685 9684 9733 9734 
f 9686 9685 9734 9735 
f 9687 9686 9735 9736 
f 9688 9687 9736 9737 
f 9689 9688 9737 9738 
f 9690 9689 9738 9739 
f 9691 9690 9739 9740 
f 9692 9691 9740 9741 
f 9693 9692 9741 9742 
f 9694 9693 9742 9743 
f 9695 9694 9743 9744 
f 9696 9695 9744 9745 
f 9697 9696 9745 9746 
f 9698 9697 9746 9747 
f 9699 9698 9747 9748 
f 9700 9699 9748 9749 
f 9701 9700 9749 9750 
f 9707 9701 9750 9756 
f 9702 9707 9756 9751 
f 9703 9702 9751 9752 
f 9704 9703 9752 9753 
f 9705 9704 9753 9754 
f 9706 9705 9754 9755 
f 9708 9714 9763 9757 
f 9709 9708 9757 9758 
f 9710 9709 9758 9759 
f 9711 9710 9759 9760 
f 9677 9711 9760 9726 
f 9712 9706 9755 9761 
f 9714 9715 9764 9763 
f 9713 9712 9761 9762 
f 9716 9713 9762 9765 
f 9717 9716 9765 9766 
f 9718 9717 9766 9767 
f 9715 9718 9767 9764 
s 1
f 10461 10476 10478 
s 2
f 10479 10475 10482 10484 
s 1
f 10485 10481 10488 10490 
s 2
f 10491 10487 10494 10496 
s 1
f 10497 10493 11242 11243 
f 9768 9779 9780 9769 
f 9769 9780 9781 9770 
f 9770 9781 9782 9771 
f 9771 9782 9783 9772 
f 9772 9783 9784 9773 
f 9773 9784 9785 9774 
f 9774 9785 9786 9775 
f 11434 11435 9787 9776 
f 9776 9787 11327 11328 
f 9777 9788 11391 11392 
f 9778 9789 10473 
f 10461 10500 10476 
s 2
f 10475 10499 10503 10482 
s 1
f 10481 10502 10506 10488 
s 2
f 10487 10505 10509 10494 
s 1
f 10493 10508 11305 11242 
f 9779 9790 9791 9780 
f 9780 9791 9792 9781 
f 9781 9792 9793 9782 
f 9782 9793 9794 9783 
f 9783 9794 9795 9784 
f 9784 9795 9796 9785 
f 9785 9796 9797 9786 
f 11435 11436 9798 9787 
f 9787 9798 11326 11327 
f 9788 9799 11390 11391 
f 9789 9800 10473 
f 10461 10512 10500 
s 2
f 10499 10511 10515 10503 
s 1
f 10502 10514 10518 10506 
s 2
f 10505 10517 10521 10509 
s 1
f 10508 10520 11304 11305 
f 9790 9801 9802 9791 
f 9791 9802 9803 9792 
f 9792 9803 9804 9793 
f 9793 9804 9805 9794 
f 9794 9805 9806 9795 
f 9795 9806 9807 9796 
f 9796 9807 9808 9797 
f 11436 11437 9809 9798 
f 9798 9809 11325 11326 
f 9799 9810 11389 11390 
f 9800 9811 10473 
f 10461 10524 10512 
s 2
f 10511 10523 10527 10515 
s 1
f 10514 10526 10530 10518 
s 2
f 10517 10529 10533 10521 
s 1
f 10520 10532 11303 11304 
f 9801 9812 9813 9802 
f 9802 9813 9814 9803 
f 9803 9814 9815 9804 
f 9804 9815 9816 9805 
f 9805 9816 9817 9806 
f 9806 9817 9818 9807 
f 9807 9818 9819 9808 
f 11437 11438 9820 9809 
f 9809 9820 11324 11325 
f 9810 9821 11388 11389 
f 9811 9822 10473 
f 10461 10536 10524 
s 2
f 10523 10535 10539 10527 
s 1
f 10526 10538 10542 10530 
s 2
f 10529 10541 10545 10533 
s 1
f 10532 10544 11302 11303 
f 9812 9823 9824 9813 
f 9813 9824 9825 9814 
f 9814 9825 9826 9815 
f 9815 9826 9827 9816 
f 9816 9827 9828 9817 
f 9817 9828 9829 9818 
f 9818 9829 9830 9819 
f 11438 11439 9831 9820 
f 9820 9831 11323 11324 
f 9821 9832 11387 11388 
f 9822 9833 10473 
f 10461 10548 10536 
s 2
f 10535 10547 10551 10539 
s 1
f 10538 10550 10554 10542 
s 2
f 10541 10553 10557 10545 
s 1
f 10544 10556 11301 11302 
f 9823 9834 9835 9824 
f 9824 9835 9836 9825 
f 9825 9836 9837 9826 
f 9826 9837 9838 9827 
f 9827 9838 9839 9828 
f 9828 9839 9840 9829 
f 9829 9840 9841 9830 
f 11439 11440 9842 9831 
f 9831 9842 11322 11323 
f 9832 9843 11386 11387 
f 9833 9844 10473 
f 10461 10560 10548 
s 2
f 10547 10559 10563 10551 
s 1
f 10550 10562 10566 10554 
s 2
f 10553 10565 10569 10557 
s 1
f 10556 10568 11300 11301 
f 9834 9845 9846 9835 
f 9835 9846 9847 9836 
f 9836 9847 9848 9837 
f 9837 9848 9849 9838 
f 9838 9849 9850 9839 
f 9839 9850 9851 9840 
f 9840 9851 9852 9841 
f 11440 11441 9853 9842 
f 9842 9853 11321 11322 
f 9843 9854 11385 11386 
f 9844 9855 10473 
f 10461 10572 10560 
s 2
f 10559 10571 10575 10563 
s 1
f 10562 10574 10578 10566 
s 2
f 10565 10577 10581 10569 
s 1
f 10568 10580 11299 11300 
f 9845 9856 9857 9846 
f 9846 9857 9858 9847 
f 9847 9858 9859 9848 
f 9848 9859 9860 9849 
f 9849 9860 9861 9850 
f 9850 9861 9862 9851 
f 9851 9862 9863 9852 
f 11441 11442 9864 9853 
f 9853 9864 11320 11321 
f 9854 9865 11384 11385 
f 9855 9866 10473 
f 10461 10584 10572 
s 2
f 10571 10583 10587 10575 
s 1
f 10574 10586 10590 10578 
s 2
f 10577 10589 10593 10581 
s 1
f 10580 10592 11298 11299 
f 9856 9867 9868 9857 
f 9857 9868 9869 9858 
f 9858 9869 9870 9859 
f 9859 9870 9871 9860 
f 9860 9871 9872 9861 
f 9861 9872 9873 9862 
f 9862 9873 9874 9863 
f 11442 11443 9875 9864 
f 9864 9875 11319 11320 
f 9865 9876 11383 11384 
f 9866 9877 10473 
f 10461 10596 10584 
s 2
f 10583 10595 10599 10587 
s 1
f 10586 10598 10602 10590 
s 2
f 10589 10601 10605 10593 
s 1
f 10592 10604 11297 11298 
f 9867 9878 9879 9868 
f 9868 9879 9880 9869 
f 9869 9880 9881 9870 
f 9870 9881 9882 9871 
f 9871 9882 9883 9872 
f 9872 9883 9884 9873 
f 9873 9884 9885 9874 
f 11443 11444 9886 9875 
f 9875 9886 11318 11319 
f 9876 9887 11382 11383 
f 9877 9888 10473 
f 10461 10608 10596 
s 2
f 10595 10607 10611 10599 
s 1
f 10598 10610 10614 10602 
s 2
f 10601 10613 10617 10605 
s 1
f 10604 10616 11296 11297 
f 9878 9889 9890 9879 
f 9879 9890 9891 9880 
f 9880 9891 9892 9881 
f 9881 9892 9893 9882 
f 9882 9893 9894 9883 
f 9883 9894 9895 9884 
f 9884 9895 9896 9885 
f 11444 11445 9897 9886 
f 9886 9897 11317 11318 
f 9887 9898 11381 11382 
f 9888 9899 10473 
f 10461 10620 10608 
s 2
f 10607 10619 10623 10611 
s 1
f 10610 10622 10626 10614 
s 2
f 10613 10625 10629 10617 
s 1
f 10616 10628 11295 11296 
f 9889 9900 9901 9890 
f 9890 9901 9902 9891 
f 9891 9902 9903 9892 
f 9892 9903 9904 9893 
f 9893 9904 9905 9894 
f 9894 9905 9906 9895 
f 9895 9906 9907 9896 
f 11445 11446 9908 9897 
f 9897 9908 11316 11317 
f 9898 9909 11380 11381 
f 9899 9910 10473 
f 10461 10632 10620 
s 2
f 10619 10631 10635 10623 
s 1
f 10622 10634 10638 10626 
s 2
f 10625 10637 10641 10629 
s 1
f 10628 10640 11294 11295 
f 9900 9911 9912 9901 
f 9901 9912 9913 9902 
f 9902 9913 9914 9903 
f 9903 9914 9915 9904 
f 9904 9915 9916 9905 
f 9905 9916 9917 9906 
f 9906 9917 9918 9907 
f 11446 11447 9919 9908 
f 9908 9919 11315 11316 
f 9909 9920 11379 11380 
f 9910 9921 10473 
f 10461 10644 10632 
s 2
f 10631 10643 10647 10635 
s 1
f 10634 10646 10650 10638 
s 2
f 10637 10649 10653 10641 
s 1
f 10640 10652 11293 11294 
f 9911 9922 9923 9912 
f 9912 9923 9924 9913 
f 9913 9924 9925 9914 
f 9914 9925 9926 9915 
f 9915 9926 9927 9916 
f 9916 9927 9928 9917 
f 9917 9928 9929 9918 
f 11447 11448 9930 9919 
f 9919 9930 11314 11315 
f 9920 9931 11378 11379 
f 9921 9932 10473 
f 10461 10656 10644 
s 2
f 10643 10655 10659 10647 
s 1
f 10646 10658 10662 10650 
s 2
f 10649 10661 10665 10653 
s 1
f 10652 10664 11292 11293 
f 9922 9933 9934 9923 
f 9923 9934 9935 9924 
f 9924 9935 9936 9925 
f 9925 9936 9937 9926 
f 9926 9937 9938 9927 
f 9927 9938 9939 9928 
f 9928 9939 9940 9929 
f 11448 11449 9941 9930 
f 9930 9941 11313 11314 
f 9931 9942 11377 11378 
f 9932 9943 10473 
f 10461 10668 10656 
s 2
f 10655 10667 10671 10659 
s 1
f 10658 10670 10674 10662 
s 2
f 10661 10673 10677 10665 
s 1
f 10664 10676 11291 11292 
f 9933 9944 9945 9934 
f 9934 9945 9946 9935 
f 9935 9946 9947 9936 
f 9936 9947 9948 9937 
f 9937 9948 9949 9938 
f 9938 9949 9950 9939 
f 9939 9950 9951 9940 
f 11449 11450 9952 9941 
f 9941 9952 11312 11313 
f 9942 9953 11376 11377 
f 9943 9954 10473 
f 10461 10680 10668 
s 2
f 10667 10679 10683 10671 
s 1
f 10670 10682 10686 10674 
s 2
f 10673 10685 10689 10677 
s 1
f 10676 10688 11290 11291 
f 9944 9955 9956 9945 
f 9945 9956 9957 9946 
f 9946 9957 9958 9947 
f 9947 9958 9959 9948 
f 9948 9959 9960 9949 
f 9949 9960 9961 9950 
f 9950 9961 9962 9951 
f 11450 11451 9963 9952 
f 9952 9963 11311 11312 
f 9953 9964 11375 11376 
f 9954 9965 10473 
f 10461 10692 10680 
s 2
f 10679 10691 10695 10683 
s 1
f 10682 10694 10698 10686 
s 2
f 10685 10697 10701 10689 
s 1
f 10688 10700 11289 11290 
f 9955 9966 9967 9956 
f 9956 9967 9968 9957 
f 9957 9968 9969 9958 
f 9958 9969 9970 9959 
f 9959 9970 9971 9960 
f 9960 9971 9972 9961 
f 9961 9972 9973 9962 
f 11451 11452 9974 9963 
f 9963 9974 11310 11311 
f 9964 9975 11374 11375 
f 9965 9976 10473 
f 10461 10704 10692 
s 2
f 10691 10703 10707 10695 
s 1
f 10694 10706 10710 10698 
s 2
f 10697 10709 10713 10701 
s 1
f 10700 10712 11288 11289 
f 9966 9977 9978 9967 
f 9967 9978 9979 9968 
f 9968 9979 9980 9969 
f 9969 9980 9981 9970 
f 9970 9981 9982 9971 
f 9971 9982 9983 9972 
f 9972 9983 9984 9973 
f 11452 11453 9985 9974 
f 9974 9985 11309 11310 
f 9975 9986 11373 11374 
f 9976 9987 10473 
f 10461 10716 10704 
s 2
f 10703 10715 10719 10707 
s 1
f 10706 10718 10722 10710 
s 2
f 10709 10721 10725 10713 
s 1
f 10712 10724 11287 11288 
f 9977 9988 9989 9978 
f 9978 9989 9990 9979 
f 9979 9990 9991 9980 
f 9980 9991 9992 9981 
f 9981 9992 9993 9982 
f 9982 9993 9994 9983 
f 9983 9994 9995 9984 
f 11453 11454 9996 9985 
f 9985 9996 11308 11309 
f 9986 9997 11372 11373 
f 9987 9998 10473 
f 10461 10728 10716 
s 2
f 10715 10727 10731 10719 
s 1
f 10718 10730 10734 10722 
s 2
f 10721 10733 10737 10725 
s 1
f 10724 10736 11286 11287 
f 9988 9999 10000 9989 
f 9989 10000 10001 9990 
f 9990 10001 10002 9991 
f 9991 10002 10003 9992 
f 9992 10003 10004 9993 
f 9993 10004 10005 9994 
f 9994 10005 10006 9995 
f 11454 11455 10007 9996 
f 9996 10007 11307 11308 
f 9997 10008 11371 11372 
f 9998 10009 10473 
f 10461 10740 10728 
s 2
f 10727 10739 10743 10731 
s 1
f 10730 10742 10746 10734 
s 2
f 10733 10745 10749 10737 
s 1
f 10736 10748 11285 11286 
f 9999 10010 10011 10000 
f 10000 10011 10012 10001 
f 10001 10012 10013 10002 
f 10002 10013 10014 10003 
f 10003 10014 10015 10004 
f 10004 10015 10016 10005 
f 10005 10016 10017 10006 
f 11455 11456 10018 10007 
f 10007 10018 11306 11307 
f 10008 10019 11370 11371 
f 10009 10020 10473 
f 10461 10752 10740 
s 2
f 10739 10751 10755 10743 
s 1
f 10742 10754 10758 10746 
s 2
f 10745 10757 10761 10749 
s 1
f 10748 10760 11284 11285 
f 10010 10021 10022 10011 
f 10011 10022 10023 10012 
f 10012 10023 10024 10013 
f 10013 10024 10025 10014 
f 10014 10025 10026 10015 
f 10015 10026 10027 10016 
f 10016 10027 10028 10017 
f 11456 11457 10029 10018 
f 10018 10029 11369 11306 
f 10019 10030 11433 11370 
f 10020 10031 10473 
f 10461 10764 10752 
s 2
f 10751 10763 10767 10755 
s 1
f 10754 10766 10770 10758 
s 2
f 10757 10769 10773 10761 
s 1
f 10760 10772 11283 11284 
f 10021 10032 10033 10022 
f 10022 10033 10034 10023 
f 10023 10034 10035 10024 
f 10024 10035 10036 10025 
f 10025 10036 10037 10026 
f 10026 10037 10038 10027 
f 10027 10038 10039 10028 
f 11457 11458 10040 10029 
f 10029 10040 11368 11369 
f 10030 10041 11432 11433 
f 10031 10042 10473 
f 10461 10776 10764 
s 2
f 10763 10775 10779 10767 
s 1
f 10766 10778 10782 10770 
s 2
f 10769 10781 10785 10773 
s 1
f 10772 10784 11282 11283 
f 10032 10043 10044 10033 
f 10033 10044 10045 10034 
f 10034 10045 10046 10035 
f 10035 10046 10047 10036 
f 10036 10047 10048 10037 
f 10037 10048 10049 10038 
f 10038 10049 10050 10039 
f 11458 11459 10051 10040 
f 10040 10051 11367 11368 
f 10041 10052 11431 11432 
f 10042 10053 10473 
f 10461 10788 10776 
s 2
f 10775 10787 10791 10779 
s 1
f 10778 10790 10794 10782 
s 2
f 10781 10793 10797 10785 
s 1
f 10784 10796 11281 11282 
f 10043 10054 10055 10044 
f 10044 10055 10056 10045 
f 10045 10056 10057 10046 
f 10046 10057 10058 10047 
f 10047 10058 10059 10048 
f 10048 10059 10060 10049 
f 10049 10060 10061 10050 
f 11459 11460 10062 10051 
f 10051 10062 11366 11367 
f 10052 10063 11430 11431 
f 10053 10064 10473 
f 10461 10800 10788 
s 2
f 10787 10799 10803 10791 
s 1
f 10790 10802 10806 10794 
s 2
f 10793 10805 10809 10797 
s 1
f 10796 10808 11280 11281 
f 10054 10065 10066 10055 
f 10055 10066 10067 10056 
f 10056 10067 10068 10057 
f 10057 10068 10069 10058 
f 10058 10069 10070 10059 
f 10059 10070 10071 10060 
f 10060 10071 10072 10061 
f 11460 11461 10073 10062 
f 10062 10073 11365 11366 
f 10063 10074 11429 11430 
f 10064 10075 10473 
f 10461 10812 10800 
s 2
f 10799 10811 10815 10803 
s 1
f 10802 10814 10818 10806 
s 2
f 10805 10817 10821 10809 
s 1
f 10808 10820 11279 11280 
f 10065 10076 10077 10066 
f 10066 10077 10078 10067 
f 10067 10078 10079 10068 
f 10068 10079 10080 10069 
f 10069 10080 10081 10070 
f 10070 10081 10082 10071 
f 10071 10082 10083 10072 
f 11461 11462 10084 10073 
f 10073 10084 11364 11365 
f 10074 10085 11428 11429 
f 10075 10086 10473 
f 10461 10824 10812 
s 2
f 10811 10823 10827 10815 
s 1
f 10814 10826 10830 10818 
s 2
f 10817 10829 10833 10821 
s 1
f 10820 10832 11278 11279 
f 10076 10087 10088 10077 
f 10077 10088 10089 10078 
f 10078 10089 10090 10079 
f 10079 10090 10091 10080 
f 10080 10091 10092 10081 
f 10081 10092 10093 10082 
f 10082 10093 10094 10083 
f 11462 11463 10095 10084 
f 10084 10095 11363 11364 
f 10085 10096 11427 11428 
f 10086 10097 10473 
f 10461 10836 10824 
s 2
f 10823 10835 10839 10827 
s 1
f 10826 10838 10842 10830 
s 2
f 10829 10841 10845 10833 
s 1
f 10832 10844 11277 11278 
f 10087 10098 10099 10088 
f 10088 10099 10100 10089 
f 10089 10100 10101 10090 
f 10090 10101 10102 10091 
f 10091 10102 10103 10092 
f 10092 10103 10104 10093 
f 10093 10104 10105 10094 
f 11463 11464 10106 10095 
f 10095 10106 11362 11363 
f 10096 10107 11426 11427 
f 10097 10108 10473 
f 10461 10848 10836 
s 2
f 10835 10847 10851 10839 
s 1
f 10838 10850 10854 10842 
s 2
f 10841 10853 10857 10845 
s 1
f 10844 10856 11276 11277 
f 10098 10109 10110 10099 
f 10099 10110 10111 10100 
f 10100 10111 10112 10101 
f 10101 10112 10113 10102 
f 10102 10113 10114 10103 
f 10103 10114 10115 10104 
f 10104 10115 10116 10105 
f 11464 11465 10117 10106 
f 10106 10117 11361 11362 
f 10107 10118 11425 11426 
f 10108 10119 10473 
f 10461 10860 10848 
s 2
f 10847 10859 10863 10851 
s 1
f 10850 10862 10866 10854 
s 2
f 10853 10865 10869 10857 
s 1
f 10856 10868 11275 11276 
f 10109 10120 10121 10110 
f 10110 10121 10122 10111 
f 10111 10122 10123 10112 
f 10112 10123 10124 10113 
f 10113 10124 10125 10114 
f 10114 10125 10126 10115 
f 10115 10126 10127 10116 
f 11465 11466 10128 10117 
f 10117 10128 11360 11361 
f 10118 10129 11424 11425 
f 10119 10130 10473 
f 10461 10872 10860 
s 2
f 10859 10871 10875 10863 
s 1
f 10862 10874 10878 10866 
s 2
f 10865 10877 10881 10869 
s 1
f 10868 10880 11274 11275 
f 10120 10131 10132 10121 
f 10121 10132 10133 10122 
f 10122 10133 10134 10123 
f 10123 10134 10135 10124 
f 10124 10135 10136 10125 
f 10125 10136 10137 10126 
f 10126 10137 10138 10127 
f 11466 11467 10139 10128 
f 10128 10139 11359 11360 
f 10129 10140 11423 11424 
f 10130 10141 10473 
f 10461 10884 10872 
s 2
f 10871 10883 10887 10875 
s 1
f 10874 10886 10890 10878 
s 2
f 10877 10889 10893 10881 
s 1
f 10880 10892 11273 11274 
f 10131 10142 10143 10132 
f 10132 10143 10144 10133 
f 10133 10144 10145 10134 
f 10134 10145 10146 10135 
f 10135 10146 10147 10136 
f 10136 10147 10148 10137 
f 10137 10148 10149 10138 
f 11467 11468 10150 10139 
f 10139 10150 11358 11359 
f 10140 10151 11422 11423 
f 10141 10152 10473 
f 10461 10896 10884 
s 2
f 10883 10895 10899 10887 
s 1
f 10886 10898 10902 10890 
s 2
f 10889 10901 10905 10893 
s 1
f 10892 10904 11272 11273 
f 10142 10153 10154 10143 
f 10143 10154 10155 10144 
f 10144 10155 10156 10145 
f 10145 10156 10157 10146 
f 10146 10157 10158 10147 
f 10147 10158 10159 10148 
f 10148 10159 10160 10149 
f 11468 11469 10161 10150 
f 10150 10161 11357 11358 
f 10151 10162 11421 11422 
f 10152 10163 10473 
f 10461 10908 10896 
s 2
f 10895 10907 10911 10899 
s 1
f 10898 10910 10914 10902 
s 2
f 10901 10913 10917 10905 
s 1
f 10904 10916 11271 11272 
f 10153 10164 10165 10154 
f 10154 10165 10166 10155 
f 10155 10166 10167 10156 
f 10156 10167 10168 10157 
f 10157 10168 10169 10158 
f 10158 10169 10170 10159 
f 10159 10170 10171 10160 
f 11469 11470 10172 10161 
f 10161 10172 11356 11357 
f 10162 10173 11420 11421 
f 10163 10174 10473 
f 10461 10920 10908 
s 2
f 10907 10919 10923 10911 
s 1
f 10910 10922 10926 10914 
s 2
f 10913 10925 10929 10917 
s 1
f 10916 10928 11270 11271 
f 10164 10175 10176 10165 
f 10165 10176 10177 10166 
f 10166 10177 10178 10167 
f 10167 10178 10179 10168 
f 10168 10179 10180 10169 
f 10169 10180 10181 10170 
f 10170 10181 10182 10171 
f 11470 11471 10183 10172 
f 10172 10183 11355 11356 
f 10173 10184 11419 11420 
f 10174 10185 10473 
f 10461 10932 10920 
s 2
f 10919 10931 10935 10923 
s 1
f 10922 10934 10938 10926 
s 2
f 10925 10937 10941 10929 
s 1
f 10928 10940 11269 11270 
f 10175 10186 10187 10176 
f 10176 10187 10188 10177 
f 10177 10188 10189 10178 
f 10178 10189 10190 10179 
f 10179 10190 10191 10180 
f 10180 10191 10192 10181 
f 10181 10192 10193 10182 
f 11471 11472 10194 10183 
f 10183 10194 11354 11355 
f 10184 10195 11418 11419 
f 10185 10196 10473 
f 10461 10944 10932 
s 2
f 10931 10943 10947 10935 
s 1
f 10934 10946 10950 10938 
s 2
f 10937 10949 10953 10941 
s 1
f 10940 10952 11268 11269 
f 10186 10197 10198 10187 
f 10187 10198 10199 10188 
f 10188 10199 10200 10189 
f 10189 10200 10201 10190 
f 10190 10201 10202 10191 
f 10191 10202 10203 10192 
f 10192 10203 10204 10193 
f 11472 11473 10205 10194 
f 10194 10205 11353 11354 
f 10195 10206 11417 11418 
f 10196 10207 10473 
f 10461 10956 10944 
s 2
f 10943 10955 10959 10947 
s 1
f 10946 10958 10962 10950 
s 2
f 10949 10961 10965 10953 
s 1
f 10952 10964 11267 11268 
f 10197 10208 10209 10198 
f 10198 10209 10210 10199 
f 10199 10210 10211 10200 
f 10200 10211 10212 10201 
f 10201 10212 10213 10202 
f 10202 10213 10214 10203 
f 10203 10214 10215 10204 
f 11473 11474 10216 10205 
f 10205 10216 11352 11353 
f 10206 10217 11416 11417 
f 10207 10218 10473 
f 10461 10968 10956 
s 2
f 10955 10967 10971 10959 
s 1
f 10958 10970 10974 10962 
s 2
f 10961 10973 10977 10965 
s 1
f 10964 10976 11266 11267 
f 10208 10219 10220 10209 
f 10209 10220 10221 10210 
f 10210 10221 10222 10211 
f 10211 10222 10223 10212 
f 10212 10223 10224 10213 
f 10213 10224 10225 10214 
f 10214 10225 10226 10215 
f 11474 11475 10227 10216 
f 10216 10227 11351 11352 
f 10217 10228 11415 11416 
f 10218 10229 10473 
f 10461 10980 10968 
s 2
f 10967 10979 10983 10971 
s 1
f 10970 10982 10986 10974 
s 2
f 10973 10985 10989 10977 
s 1
f 10976 10988 11265 11266 
f 10219 10230 10231 10220 
f 10220 10231 10232 10221 
f 10221 10232 10233 10222 
f 10222 10233 10234 10223 
f 10223 10234 10235 10224 
f 10224 10235 10236 10225 
f 10225 10236 10237 10226 
f 11475 11476 10238 10227 
f 10227 10238 11350 11351 
f 10228 10239 11414 11415 
f 10229 10240 10473 
f 10461 10992 10980 
s 2
f 10979 10991 10995 10983 
s 1
f 10982 10994 10998 10986 
s 2
f 10985 10997 11001 10989 
s 1
f 10988 11000 11264 11265 
f 10230 10241 10242 10231 
f 10231 10242 10243 10232 
f 10232 10243 10244 10233 
f 10233 10244 10245 10234 
f 10234 10245 10246 10235 
f 10235 10246 10247 10236 
f 10236 10247 10248 10237 
f 11476 11477 10249 10238 
f 10238 10249 11349 11350 
f 10239 10250 11413 11414 
f 10240 10251 10473 
f 10461 11004 10992 
s 2
f 10991 11003 11007 10995 
s 1
f 10994 11006 11010 10998 
s 2
f 10997 11009 11013 11001 
s 1
f 11000 11012 11263 11264 
f 10241 10252 10253 10242 
f 10242 10253 10254 10243 
f 10243 10254 10255 10244 
f 10244 10255 10256 10245 
f 10245 10256 10257 10246 
f 10246 10257 10258 10247 
f 10247 10258 10259 10248 
f 11477 11478 10260 10249 
f 10249 10260 11348 11349 
f 10250 10261 11412 11413 
f 10251 10262 10473 
f 10461 11016 11004 
s 2
f 11003 11015 11019 11007 
s 1
f 11006 11018 11022 11010 
s 2
f 11009 11021 11025 11013 
s 1
f 11012 11024 11262 11263 
f 10252 10263 10264 10253 
f 10253 10264 10265 10254 
f 10254 10265 10266 10255 
f 10255 10266 10267 10256 
f 10256 10267 10268 10257 
f 10257 10268 10269 10258 
f 10258 10269 10270 10259 
f 11478 11479 10271 10260 
f 10260 10271 11347 11348 
f 10261 10272 11411 11412 
f 10262 10273 10473 
f 10461 11028 11016 
s 2
f 11015 11027 11031 11019 
s 1
f 11018 11030 11034 11022 
s 2
f 11021 11033 11037 11025 
s 1
f 11024 11036 11261 11262 
f 10263 10274 10275 10264 
f 10264 10275 10276 10265 
f 10265 10276 10277 10266 
f 10266 10277 10278 10267 
f 10267 10278 10279 10268 
f 10268 10279 10280 10269 
f 10269 10280 10281 10270 
f 11479 11480 10282 10271 
f 10271 10282 11346 11347 
f 10272 10283 11410 11411 
f 10273 10284 10473 
f 10461 11040 11028 
s 2
f 11027 11039 11043 11031 
s 1
f 11030 11042 11046 11034 
s 2
f 11033 11045 11049 11037 
s 1
f 11036 11048 11260 11261 
f 10274 10285 10286 10275 
f 10275 10286 10287 10276 
f 10276 10287 10288 10277 
f 10277 10288 10289 10278 
f 10278 10289 10290 10279 
f 10279 10290 10291 10280 
f 10280 10291 10292 10281 
f 11480 11481 10293 10282 
f 10282 10293 11345 11346 
f 10283 10294 11409 11410 
f 10284 10295 10473 
f 10461 11052 11040 
s 2
f 11039 11051 11055 11043 
s 1
f 11042 11054 11058 11046 
s 2
f 11045 11057 11061 11049 
s 1
f 11048 11060 11259 11260 
f 10285 10296 10297 10286 
f 10286 10297 10298 10287 
f 10287 10298 10299 10288 
f 10288 10299 10300 10289 
f 10289 10300 10301 10290 
f 10290 10301 10302 10291 
f 10291 10302 10303 10292 
f 11481 11482 10304 10293 
f 10293 10304 11344 11345 
f 10294 10305 11408 11409 
f 10295 10306 10473 
f 10461 11064 11052 
s 2
f 11051 11063 11067 11055 
s 1
f 11054 11066 11070 11058 
s 2
f 11057 11069 11073 11061 
s 1
f 11060 11072 11258 11259 
f 10296 10307 10308 10297 
f 10297 10308 10309 10298 
f 10298 10309 10310 10299 
f 10299 10310 10311 10300 
f 10300 10311 10312 10301 
f 10301 10312 10313 10302 
f 10302 10313 10314 10303 
f 11482 11483 10315 10304 
f 10304 10315 11343 11344 
f 10305 10316 11407 11408 
f 10306 10317 10473 
f 10461 11076 11064 
s 2
f 11063 11075 11079 11067 
s 1
f 11066 11078 11082 11070 
s 2
f 11069 11081 11085 11073 
s 1
f 11072 11084 11257 11258 
f 10307 10318 10319 10308 
f 10308 10319 10320 10309 
f 10309 10320 10321 10310 
f 10310 10321 10322 10311 
f 10311 10322 10323 10312 
f 10312 10323 10324 10313 
f 10313 10324 10325 10314 
f 11483 11484 10326 10315 
f 10315 10326 11342 11343 
f 10316 10327 11406 11407 
f 10317 10328 10473 
f 10461 11088 11076 
s 2
f 11075 11087 11091 11079 
s 1
f 11078 11090 11094 11082 
s 2
f 11081 11093 11097 11085 
s 1
f 11084 11096 11256 11257 
f 10318 10329 10330 10319 
f 10319 10330 10331 10320 
f 10320 10331 10332 10321 
f 10321 10332 10333 10322 
f 10322 10333 10334 10323 
f 10323 10334 10335 10324 
f 10324 10335 10336 10325 
f 11484 11485 10337 10326 
f 10326 10337 11341 11342 
f 10327 10338 11405 11406 
f 10328 10339 10473 
f 10461 11100 11088 
s 2
f 11087 11099 11103 11091 
s 1
f 11090 11102 11106 11094 
s 2
f 11093 11105 11109 11097 
s 1
f 11096 11108 11255 11256 
f 10329 10340 10341 10330 
f 10330 10341 10342 10331 
f 10331 10342 10343 10332 
f 10332 10343 10344 10333 
f 10333 10344 10345 10334 
f 10334 10345 10346 10335 
f 10335 10346 10347 10336 
f 11485 11486 10348 10337 
f 10337 10348 11340 11341 
f 10338 10349 11404 11405 
f 10339 10350 10473 
f 10461 11112 11100 
s 2
f 11099 11111 11115 11103 
s 1
f 11102 11114 11118 11106 
s 2
f 11105 11117 11121 11109 
s 1
f 11108 11120 11254 11255 
f 10340 10351 10352 10341 
f 10341 10352 10353 10342 
f 10342 10353 10354 10343 
f 10343 10354 10355 10344 
f 10344 10355 10356 10345 
f 10345 10356 10357 10346 
f 10346 10357 10358 10347 
f 11486 11487 10359 10348 
f 10348 10359 11339 11340 
f 10349 10360 11403 11404 
f 10350 10361 10473 
f 10461 11124 11112 
s 2
f 11111 11123 11127 11115 
s 1
f 11114 11126 11130 11118 
s 2
f 11117 11129 11133 11121 
s 1
f 11120 11132 11253 11254 
f 10351 10362 10363 10352 
f 10352 10363 10364 10353 
f 10353 10364 10365 10354 
f 10354 10365 10366 10355 
f 10355 10366 10367 10356 
f 10356 10367 10368 10357 
f 10357 10368 10369 10358 
f 11487 11488 10370 10359 
f 10359 10370 11338 11339 
f 10360 10371 11402 11403 
f 10361 10372 10473 
f 10461 11136 11124 
s 2
f 11123 11135 11139 11127 
s 1
f 11126 11138 11142 11130 
s 2
f 11129 11141 11145 11133 
s 1
f 11132 11144 11252 11253 
f 10362 10373 10374 10363 
f 10363 10374 10375 10364 
f 10364 10375 10376 10365 
f 10365 10376 10377 10366 
f 10366 10377 10378 10367 
f 10367 10378 10379 10368 
f 10368 10379 10380 10369 
f 11488 11489 10381 10370 
f 10370 10381 11337 11338 
f 10371 10382 11401 11402 
f 10372 10383 10473 
f 10461 11148 11136 
s 2
f 11135 11147 11151 11139 
s 1
f 11138 11150 11154 11142 
s 2
f 11141 11153 11157 11145 
s 1
f 11144 11156 11251 11252 
f 10373 10384 10385 10374 
f 10374 10385 10386 10375 
f 10375 10386 10387 10376 
f 10376 10387 10388 10377 
f 10377 10388 10389 10378 
f 10378 10389 10390 10379 
f 10379 10390 10391 10380 
f 11489 11490 10392 10381 
f 10381 10392 11336 11337 
f 10382 10393 11400 11401 
f 10383 10394 10473 
f 10461 11160 11148 
s 2
f 11147 11159 11163 11151 
s 1
f 11150 11162 11166 11154 
s 2
f 11153 11165 11169 11157 
s 1
f 11156 11168 11250 11251 
f 10384 10395 10396 10385 
f 10385 10396 10397 10386 
f 10386 10397 10398 10387 
f 10387 10398 10399 10388 
f 10388 10399 10400 10389 
f 10389 10400 10401 10390 
f 10390 10401 10402 10391 
f 11490 11491 10403 10392 
f 10392 10403 11335 11336 
f 10393 10404 11399 11400 
f 10394 10405 10473 
f 10461 11172 11160 
s 2
f 11159 11171 11175 11163 
s 1
f 11162 11174 11178 11166 
s 2
f 11165 11177 11181 11169 
s 1
f 11168 11180 11249 11250 
f 10395 10406 10407 10396 
f 10396 10407 10408 10397 
f 10397 10408 10409 10398 
f 10398 10409 10410 10399 
f 10399 10410 10411 10400 
f 10400 10411 10412 10401 
f 10401 10412 10413 10402 
f 11491 11492 10414 10403 
f 10403 10414 11334 11335 
f 10404 10415 11398 11399 
f 10405 10416 10473 
f 10461 11184 11172 
s 2
f 11171 11183 11187 11175 
s 1
f 11174 11186 11190 11178 
s 2
f 11177 11189 11193 11181 
s 1
f 11180 11192 11248 11249 
f 10406 10417 10418 10407 
f 10407 10418 10419 10408 
f 10408 10419 10420 10409 
f 10409 10420 10421 10410 
f 10410 10421 10422 10411 
f 10411 10422 10423 10412 
f 10412 10423 10424 10413 
f 11492 11493 10425 10414 
f 10414 10425 11333 11334 
f 10415 10426 11397 11398 
f 10416 10427 10473 
f 10461 11196 11184 
s 2
f 11183 11195 11199 11187 
s 1
f 11186 11198 11202 11190 
s 2
f 11189 11201 11205 11193 
s 1
f 11192 11204 11247 11248 
f 10417 10428 10429 10418 
f 10418 10429 10430 10419 
f 10419 10430 10431 10420 
f 10420 10431 10432 10421 
f 10421 10432 10433 10422 
f 10422 10433 10434 10423 
f 10423 10434 10435 10424 
f 11493 11494 10436 10425 
f 10425 10436 11332 11333 
f 10426 10437 11396 11397 
f 10427 10438 10473 
f 10461 11208 11196 
s 2
f 11195 11207 11211 11199 
s 1
f 11198 11210 11214 11202 
s 2
f 11201 11213 11217 11205 
s 1
f 11204 11216 11246 11247 
f 10428 10439 10440 10429 
f 10429 10440 10441 10430 
f 10430 10441 10442 10431 
f 10431 10442 10443 10432 
f 10432 10443 10444 10433 
f 10433 10444 10445 10434 
f 10434 10445 10446 10435 
f 11494 11495 10447 10436 
f 10436 10447 11331 11332 
f 10437 10448 11395 11396 
f 10438 10449 10473 
f 10461 11220 11208 
s 2
f 11207 11219 11223 11211 
s 1
f 11210 11222 11226 11214 
s 2
f 11213 11225 11229 11217 
s 1
f 11216 11228 11245 11246 
f 10439 10450 10451 10440 
f 10440 10451 10452 10441 
f 10441 10452 10453 10442 
f 10442 10453 10454 10443 
f 10443 10454 10455 10444 
f 10444 10455 10456 10445 
f 10445 10456 10457 10446 
f 11495 11496 10458 10447 
f 10447 10458 11330 11331 
f 10448 10459 11394 11395 
f 10449 10460 10473 
f 10461 11232 11220 
s 2
f 11219 11231 11235 11223 
s 1
f 11222 11234 11238 11226 
s 2
f 11225 11237 11241 11229 
s 1
f 11228 11240 11244 11245 
f 10450 10462 10463 10451 
f 10451 10463 10464 10452 
f 10452 10464 10465 10453 
f 10453 10465 10466 10454 
f 10454 10466 10467 10455 
f 10455 10467 10468 10456 
f 10456 10468 10469 10457 
f 11496 11497 10470 10458 
f 10458 10470 11329 11330 
f 10459 10471 11393 11394 
f 10460 10472 10473 
f 10461 10478 11232 
s 2
f 11231 10479 10484 11235 
s 1
f 11234 10485 10490 11238 
s 2
f 11237 10491 10496 11241 
s 1
f 11240 10497 11243 11244 
f 10462 9768 9769 10463 
f 10463 9769 9770 10464 
f 10464 9770 9771 10465 
f 10465 9771 9772 10466 
f 10466 9772 9773 10467 
f 10467 9773 9774 10468 
f 10468 9774 9775 10469 
f 11497 11434 9776 10470 
f 10470 9776 11328 11329 
f 10471 9777 11392 11393 
f 10472 9778 10473 
f 10478 10476 10474 10477 
s 2
f 10475 10479 10477 10474 
f 10484 10482 10480 10483 
s 1
f 10481 10485 10483 10480 
f 10490 10488 10486 10489 
s 2
f 10487 10491 10489 10486 
f 10496 10494 10492 10495 
s 1
f 10493 10497 10495 10492 
f 10476 10500 10498 10474 
s 2
f 10499 10475 10474 10498 
f 10482 10503 10501 10480 
s 1
f 10502 10481 10480 10501 
f 10488 10506 10504 10486 
s 2
f 10505 10487 10486 10504 
f 10494 10509 10507 10492 
s 1
f 10508 10493 10492 10507 
f 10500 10512 10510 10498 
s 2
f 10511 10499 10498 10510 
f 10503 10515 10513 10501 
s 1
f 10514 10502 10501 10513 
f 10506 10518 10516 10504 
s 2
f 10517 10505 10504 10516 
f 10509 10521 10519 10507 
s 1
f 10520 10508 10507 10519 
f 10512 10524 10522 10510 
s 2
f 10523 10511 10510 10522 
f 10515 10527 10525 10513 
s 1
f 10526 10514 10513 10525 
f 10518 10530 10528 10516 
s 2
f 10529 10517 10516 10528 
f 10521 10533 10531 10519 
s 1
f 10532 10520 10519 10531 
f 10524 10536 10534 10522 
s 2
f 10535 10523 10522 10534 
f 10527 10539 10537 10525 
s 1
f 10538 10526 10525 10537 
f 10530 10542 10540 10528 
s 2
f 10541 10529 10528 10540 
f 10533 10545 10543 10531 
s 1
f 10544 10532 10531 10543 
f 10536 10548 10546 10534 
s 2
f 10547 10535 10534 10546 
f 10539 10551 10549 10537 
s 1
f 10550 10538 10537 10549 
f 10542 10554 10552 10540 
s 2
f 10553 10541 10540 10552 
f 10545 10557 10555 10543 
s 1
f 10556 10544 10543 10555 
f 10548 10560 10558 10546 
s 2
f 10559 10547 10546 10558 
f 10551 10563 10561 10549 
s 1
f 10562 10550 10549 10561 
f 10554 10566 10564 10552 
s 2
f 10565 10553 10552 10564 
f 10557 10569 10567 10555 
s 1
f 10568 10556 10555 10567 
f 10560 10572 10570 10558 
s 2
f 10571 10559 10558 10570 
f 10563 10575 10573 10561 
s 1
f 10574 10562 10561 10573 
f 10566 10578 10576 10564 
s 2
f 10577 10565 10564 10576 
f 10569 10581 10579 10567 
s 1
f 10580 10568 10567 10579 
f 10572 10584 10582 10570 
s 2
f 10583 10571 10570 10582 
f 10575 10587 10585 10573 
s 1
f 10586 10574 10573 10585 
f 10578 10590 10588 10576 
s 2
f 10589 10577 10576 10588 
f 10581 10593 10591 10579 
s 1
f 10592 10580 10579 10591 
f 10584 10596 10594 10582 
s 2
f 10595 10583 10582 10594 
f 10587 10599 10597 10585 
s 1
f 10598 10586 10585 10597 
f 10590 10602 10600 10588 
s 2
f 10601 10589 10588 10600 
f 10593 10605 10603 10591 
s 1
f 10604 10592 10591 10603 
f 10596 10608 10606 10594 
s 2
f 10607 10595 10594 10606 
f 10599 10611 10609 10597 
s 1
f 10610 10598 10597 10609 
f 10602 10614 10612 10600 
s 2
f 10613 10601 10600 10612 
f 10605 10617 10615 10603 
s 1
f 10616 10604 10603 10615 
f 10608 10620 10618 10606 
s 2
f 10619 10607 10606 10618 
f 10611 10623 10621 10609 
s 1
f 10622 10610 10609 10621 
f 10614 10626 10624 10612 
s 2
f 10625 10613 10612 10624 
f 10617 10629 10627 10615 
s 1
f 10628 10616 10615 10627 
f 10620 10632 10630 10618 
s 2
f 10631 10619 10618 10630 
f 10623 10635 10633 10621 
s 1
f 10634 10622 10621 10633 
f 10626 10638 10636 10624 
s 2
f 10637 10625 10624 10636 
f 10629 10641 10639 10627 
s 1
f 10640 10628 10627 10639 
f 10632 10644 10642 10630 
s 2
f 10643 10631 10630 10642 
f 10635 10647 10645 10633 
s 1
f 10646 10634 10633 10645 
f 10638 10650 10648 10636 
s 2
f 10649 10637 10636 10648 
f 10641 10653 10651 10639 
s 1
f 10652 10640 10639 10651 
f 10644 10656 10654 10642 
s 2
f 10655 10643 10642 10654 
f 10647 10659 10657 10645 
s 1
f 10658 10646 10645 10657 
f 10650 10662 10660 10648 
s 2
f 10661 10649 10648 10660 
f 10653 10665 10663 10651 
s 1
f 10664 10652 10651 10663 
f 10656 10668 10666 10654 
s 2
f 10667 10655 10654 10666 
f 10659 10671 10669 10657 
s 1
f 10670 10658 10657 10669 
f 10662 10674 10672 10660 
s 2
f 10673 10661 10660 10672 
f 10665 10677 10675 10663 
s 1
f 10676 10664 10663 10675 
f 10668 10680 10678 10666 
s 2
f 10679 10667 10666 10678 
f 10671 10683 10681 10669 
s 1
f 10682 10670 10669 10681 
f 10674 10686 10684 10672 
s 2
f 10685 10673 10672 10684 
f 10677 10689 10687 10675 
s 1
f 10688 10676 10675 10687 
f 10680 10692 10690 10678 
s 2
f 10691 10679 10678 10690 
f 10683 10695 10693 10681 
s 1
f 10694 10682 10681 10693 
f 10686 10698 10696 10684 
s 2
f 10697 10685 10684 10696 
f 10689 10701 10699 10687 
s 1
f 10700 10688 10687 10699 
f 10692 10704 10702 10690 
s 2
f 10703 10691 10690 10702 
f 10695 10707 10705 10693 
s 1
f 10706 10694 10693 10705 
f 10698 10710 10708 10696 
s 2
f 10709 10697 10696 10708 
f 10701 10713 10711 10699 
s 1
f 10712 10700 10699 10711 
f 10704 10716 10714 10702 
s 2
f 10715 10703 10702 10714 
f 10707 10719 10717 10705 
s 1
f 10718 10706 10705 10717 
f 10710 10722 10720 10708 
s 2
f 10721 10709 10708 10720 
f 10713 10725 10723 10711 
s 1
f 10724 10712 10711 10723 
f 10716 10728 10726 10714 
s 2
f 10727 10715 10714 10726 
f 10719 10731 10729 10717 
s 1
f 10730 10718 10717 10729 
f 10722 10734 10732 10720 
s 2
f 10733 10721 10720 10732 
f 10725 10737 10735 10723 
s 1
f 10736 10724 10723 10735 
f 10728 10740 10738 10726 
s 2
f 10739 10727 10726 10738 
f 10731 10743 10741 10729 
s 1
f 10742 10730 10729 10741 
f 10734 10746 10744 10732 
s 2
f 10745 10733 10732 10744 
f 10737 10749 10747 10735 
s 1
f 10748 10736 10735 10747 
f 10740 10752 10750 10738 
s 2
f 10751 10739 10738 10750 
f 10743 10755 10753 10741 
s 1
f 10754 10742 10741 10753 
f 10746 10758 10756 10744 
s 2
f 10757 10745 10744 10756 
f 10749 10761 10759 10747 
s 1
f 10760 10748 10747 10759 
f 10752 10764 10762 10750 
s 2
f 10763 10751 10750 10762 
f 10755 10767 10765 10753 
s 1
f 10766 10754 10753 10765 
f 10758 10770 10768 10756 
s 2
f 10769 10757 10756 10768 
f 10761 10773 10771 10759 
s 1
f 10772 10760 10759 10771 
f 10764 10776 10774 10762 
s 2
f 10775 10763 10762 10774 
f 10767 10779 10777 10765 
s 1
f 10778 10766 10765 10777 
f 10770 10782 10780 10768 
s 2
f 10781 10769 10768 10780 
f 10773 10785 10783 10771 
s 1
f 10784 10772 10771 10783 
f 10776 10788 10786 10774 
s 2
f 10787 10775 10774 10786 
f 10779 10791 10789 10777 
s 1
f 10790 10778 10777 10789 
f 10782 10794 10792 10780 
s 2
f 10793 10781 10780 10792 
f 10785 10797 10795 10783 
s 1
f 10796 10784 10783 10795 
f 10788 10800 10798 10786 
s 2
f 10799 10787 10786 10798 
f 10791 10803 10801 10789 
s 1
f 10802 10790 10789 10801 
f 10794 10806 10804 10792 
s 2
f 10805 10793 10792 10804 
f 10797 10809 10807 10795 
s 1
f 10808 10796 10795 10807 
f 10800 10812 10810 10798 
s 2
f 10811 10799 10798 10810 
f 10803 10815 10813 10801 
s 1
f 10814 10802 10801 10813 
f 10806 10818 10816 10804 
s 2
f 10817 10805 10804 10816 
f 10809 10821 10819 10807 
s 1
f 10820 10808 10807 10819 
f 10812 10824 10822 10810 
s 2
f 10823 10811 10810 10822 
f 10815 10827 10825 10813 
s 1
f 10826 10814 10813 10825 
f 10818 10830 10828 10816 
s 2
f 10829 10817 10816 10828 
f 10821 10833 10831 10819 
s 1
f 10832 10820 10819 10831 
f 10824 10836 10834 10822 
s 2
f 10835 10823 10822 10834 
f 10827 10839 10837 10825 
s 1
f 10838 10826 10825 10837 
f 10830 10842 10840 10828 
s 2
f 10841 10829 10828 10840 
f 10833 10845 10843 10831 
s 1
f 10844 10832 10831 10843 
f 10836 10848 10846 10834 
s 2
f 10847 10835 10834 10846 
f 10839 10851 10849 10837 
s 1
f 10850 10838 10837 10849 
f 10842 10854 10852 10840 
s 2
f 10853 10841 10840 10852 
f 10845 10857 10855 10843 
s 1
f 10856 10844 10843 10855 
f 10848 10860 10858 10846 
s 2
f 10859 10847 10846 10858 
f 10851 10863 10861 10849 
s 1
f 10862 10850 10849 10861 
f 10854 10866 10864 10852 
s 2
f 10865 10853 10852 10864 
f 10857 10869 10867 10855 
s 1
f 10868 10856 10855 10867 
f 10860 10872 10870 10858 
s 2
f 10871 10859 10858 10870 
f 10863 10875 10873 10861 
s 1
f 10874 10862 10861 10873 
f 10866 10878 10876 10864 
s 2
f 10877 10865 10864 10876 
f 10869 10881 10879 10867 
s 1
f 10880 10868 10867 10879 
f 10872 10884 10882 10870 
s 2
f 10883 10871 10870 10882 
f 10875 10887 10885 10873 
s 1
f 10886 10874 10873 10885 
f 10878 10890 10888 10876 
s 2
f 10889 10877 10876 10888 
f 10881 10893 10891 10879 
s 1
f 10892 10880 10879 10891 
f 10884 10896 10894 10882 
s 2
f 10895 10883 10882 10894 
f 10887 10899 10897 10885 
s 1
f 10898 10886 10885 10897 
f 10890 10902 10900 10888 
s 2
f 10901 10889 10888 10900 
f 10893 10905 10903 10891 
s 1
f 10904 10892 10891 10903 
f 10896 10908 10906 10894 
s 2
f 10907 10895 10894 10906 
f 10899 10911 10909 10897 
s 1
f 10910 10898 10897 10909 
f 10902 10914 10912 10900 
s 2
f 10913 10901 10900 10912 
f 10905 10917 10915 10903 
s 1
f 10916 10904 10903 10915 
f 10908 10920 10918 10906 
s 2
f 10919 10907 10906 10918 
f 10911 10923 10921 10909 
s 1
f 10922 10910 10909 10921 
f 10914 10926 10924 10912 
s 2
f 10925 10913 10912 10924 
f 10917 10929 10927 10915 
s 1
f 10928 10916 10915 10927 
f 10920 10932 10930 10918 
s 2
f 10931 10919 10918 10930 
f 10923 10935 10933 10921 
s 1
f 10934 10922 10921 10933 
f 10926 10938 10936 10924 
s 2
f 10937 10925 10924 10936 
f 10929 10941 10939 10927 
s 1
f 10940 10928 10927 10939 
f 10932 10944 10942 10930 
s 2
f 10943 10931 10930 10942 
f 10935 10947 10945 10933 
s 1
f 10946 10934 10933 10945 
f 10938 10950 10948 10936 
s 2
f 10949 10937 10936 10948 
f 10941 10953 10951 10939 
s 1
f 10952 10940 10939 10951 
f 10944 10956 10954 10942 
s 2
f 10955 10943 10942 10954 
f 10947 10959 10957 10945 
s 1
f 10958 10946 10945 10957 
f 10950 10962 10960 10948 
s 2
f 10961 10949 10948 10960 
f 10953 10965 10963 10951 
s 1
f 10964 10952 10951 10963 
f 10956 10968 10966 10954 
s 2
f 10967 10955 10954 10966 
f 10959 10971 10969 10957 
s 1
f 10970 10958 10957 10969 
f 10962 10974 10972 10960 
s 2
f 10973 10961 10960 10972 
f 10965 10977 10975 10963 
s 1
f 10976 10964 10963 10975 
f 10968 10980 10978 10966 
s 2
f 10979 10967 10966 10978 
f 10971 10983 10981 10969 
s 1
f 10982 10970 10969 10981 
f 10974 10986 10984 10972 
s 2
f 10985 10973 10972 10984 
f 10977 10989 10987 10975 
s 1
f 10988 10976 10975 10987 
f 10980 10992 10990 10978 
s 2
f 10991 10979 10978 10990 
f 10983 10995 10993 10981 
s 1
f 10994 10982 10981 10993 
f 10986 10998 10996 10984 
s 2
f 10997 10985 10984 10996 
f 10989 11001 10999 10987 
s 1
f 11000 10988 10987 10999 
f 10992 11004 11002 10990 
s 2
f 11003 10991 10990 11002 
f 10995 11007 11005 10993 
s 1
f 11006 10994 10993 11005 
f 10998 11010 11008 10996 
s 2
f 11009 10997 10996 11008 
f 11001 11013 11011 10999 
s 1
f 11012 11000 10999 11011 
f 11004 11016 11014 11002 
s 2
f 11015 11003 11002 11014 
f 11007 11019 11017 11005 
s 1
f 11018 11006 11005 11017 
f 11010 11022 11020 11008 
s 2
f 11021 11009 11008 11020 
f 11013 11025 11023 11011 
s 1
f 11024 11012 11011 11023 
f 11016 11028 11026 11014 
s 2
f 11027 11015 11014 11026 
f 11019 11031 11029 11017 
s 1
f 11030 11018 11017 11029 
f 11022 11034 11032 11020 
s 2
f 11033 11021 11020 11032 
f 11025 11037 11035 11023 
s 1
f 11036 11024 11023 11035 
f 11028 11040 11038 11026 
s 2
f 11039 11027 11026 11038 
f 11031 11043 11041 11029 
s 1
f 11042 11030 11029 11041 
f 11034 11046 11044 11032 
s 2
f 11045 11033 11032 11044 
f 11037 11049 11047 11035 
s 1
f 11048 11036 11035 11047 
f 11040 11052 11050 11038 
s 2
f 11051 11039 11038 11050 
f 11043 11055 11053 11041 
s 1
f 11054 11042 11041 11053 
f 11046 11058 11056 11044 
s 2
f 11057 11045 11044 11056 
f 11049 11061 11059 11047 
s 1
f 11060 11048 11047 11059 
f 11052 11064 11062 11050 
s 2
f 11063 11051 11050 11062 
f 11055 11067 11065 11053 
s 1
f 11066 11054 11053 11065 
f 11058 11070 11068 11056 
s 2
f 11069 11057 11056 11068 
f 11061 11073 11071 11059 
s 1
f 11072 11060 11059 11071 
f 11064 11076 11074 11062 
s 2
f 11075 11063 11062 11074 
f 11067 11079 11077 11065 
s 1
f 11078 11066 11065 11077 
f 11070 11082 11080 11068 
s 2
f 11081 11069 11068 11080 
f 11073 11085 11083 11071 
s 1
f 11084 11072 11071 11083 
f 11076 11088 11086 11074 
s 2
f 11087 11075 11074 11086 
f 11079 11091 11089 11077 
s 1
f 11090 11078 11077 11089 
f 11082 11094 11092 11080 
s 2
f 11093 11081 11080 11092 
f 11085 11097 11095 11083 
s 1
f 11096 11084 11083 11095 
f 11088 11100 11098 11086 
s 2
f 11099 11087 11086 11098 
f 11091 11103 11101 11089 
s 1
f 11102 11090 11089 11101 
f 11094 11106 11104 11092 
s 2
f 11105 11093 11092 11104 
f 11097 11109 11107 11095 
s 1
f 11108 11096 11095 11107 
f 11100 11112 11110 11098 
s 2
f 11111 11099 11098 11110 
f 11103 11115 11113 11101 
s 1
f 11114 11102 11101 11113 
f 11106 11118 11116 11104 
s 2
f 11117 11105 11104 11116 
f 11109 11121 11119 11107 
s 1
f 11120 11108 11107 11119 
f 11112 11124 11122 11110 
s 2
f 11123 11111 11110 11122 
f 11115 11127 11125 11113 
s 1
f 11126 11114 11113 11125 
f 11118 11130 11128 11116 
s 2
f 11129 11117 11116 11128 
f 11121 11133 11131 11119 
s 1
f 11132 11120 11119 11131 
f 11124 11136 11134 11122 
s 2
f 11135 11123 11122 11134 
f 11127 11139 11137 11125 
s 1
f 11138 11126 11125 11137 
f 11130 11142 11140 11128 
s 2
f 11141 11129 11128 11140 
f 11133 11145 11143 11131 
s 1
f 11144 11132 11131 11143 
f 11136 11148 11146 11134 
s 2
f 11147 11135 11134 11146 
f 11139 11151 11149 11137 
s 1
f 11150 11138 11137 11149 
f 11142 11154 11152 11140 
s 2
f 11153 11141 11140 11152 
f 11145 11157 11155 11143 
s 1
f 11156 11144 11143 11155 
f 11148 11160 11158 11146 
s 2
f 11159 11147 11146 11158 
f 11151 11163 11161 11149 
s 1
f 11162 11150 11149 11161 
f 11154 11166 11164 11152 
s 2
f 11165 11153 11152 11164 
f 11157 11169 11167 11155 
s 1
f 11168 11156 11155 11167 
f 11160 11172 11170 11158 
s 2
f 11171 11159 11158 11170 
f 11163 11175 11173 11161 
s 1
f 11174 11162 11161 11173 
f 11166 11178 11176 11164 
s 2
f 11177 11165 11164 11176 
f 11169 11181 11179 11167 
s 1
f 11180 11168 11167 11179 
f 11172 11184 11182 11170 
s 2
f 11183 11171 11170 11182 
f 11175 11187 11185 11173 
s 1
f 11186 11174 11173 11185 
f 11178 11190 11188 11176 
s 2
f 11189 11177 11176 11188 
f 11181 11193 11191 11179 
s 1
f 11192 11180 11179 11191 
f 11184 11196 11194 11182 
s 2
f 11195 11183 11182 11194 
f 11187 11199 11197 11185 
s 1
f 11198 11186 11185 11197 
f 11190 11202 11200 11188 
s 2
f 11201 11189 11188 11200 
f 11193 11205 11203 11191 
s 1
f 11204 11192 11191 11203 
f 11196 11208 11206 11194 
s 2
f 11207 11195 11194 11206 
f 11199 11211 11209 11197 
s 1
f 11210 11198 11197 11209 
f 11202 11214 11212 11200 
s 2
f 11213 11201 11200 11212 
f 11205 11217 11215 11203 
s 1
f 11216 11204 11203 11215 
f 11208 11220 11218 11206 
s 2
f 11219 11207 11206 11218 
f 11211 11223 11221 11209 
s 1
f 11222 11210 11209 11221 
f 11214 11226 11224 11212 
s 2
f 11225 11213 11212 11224 
f 11217 11229 11227 11215 
s 1
f 11228 11216 11215 11227 
f 11220 11232 11230 11218 
s 2
f 11231 11219 11218 11230 
f 11223 11235 11233 11221 
s 1
f 11234 11222 11221 11233 
f 11226 11238 11236 11224 
s 2
f 11237 11225 11224 11236 
f 11229 11241 11239 11227 
s 1
f 11240 11228 11227 11239 
f 11232 10478 10477 11230 
s 2
f 10479 11231 11230 10477 
f 11235 10484 10483 11233 
s 1
f 10485 11234 11233 10483 
f 11238 10490 10489 11236 
s 2
f 10491 11237 11236 10489 
f 11241 10496 10495 11239 
s 1
f 10497 11240 11239 10495 
f 9779 9768 11243 11242 
f 9768 10462 11244 11243 
f 10462 10450 11245 11244 
f 10450 10439 11246 11245 
f 10439 10428 11247 11246 
f 10428 10417 11248 11247 
f 10417 10406 11249 11248 
f 10406 10395 11250 11249 
f 10395 10384 11251 11250 
f 10384 10373 11252 11251 
f 10373 10362 11253 11252 
f 10362 10351 11254 11253 
f 10351 10340 11255 11254 
f 10340 10329 11256 11255 
f 10329 10318 11257 11256 
f 10318 10307 11258 11257 
f 10307 10296 11259 11258 
f 10296 10285 11260 11259 
f 10285 10274 11261 11260 
f 10274 10263 11262 11261 
f 10263 10252 11263 11262 
f 10252 10241 11264 11263 
f 10241 10230 11265 11264 
f 10230 10219 11266 11265 
f 10219 10208 11267 11266 
f 10208 10197 11268 11267 
f 10197 10186 11269 11268 
f 10186 10175 11270 11269 
f 10175 10164 11271 11270 
f 10164 10153 11272 11271 
f 10153 10142 11273 11272 
f 10142 10131 11274 11273 
f 10131 10120 11275 11274 
f 10120 10109 11276 11275 
f 10109 10098 11277 11276 
f 10098 10087 11278 11277 
f 10087 10076 11279 11278 
f 10076 10065 11280 11279 
f 10065 10054 11281 11280 
f 10054 10043 11282 11281 
f 10043 10032 11283 11282 
f 10032 10021 11284 11283 
f 10021 10010 11285 11284 
f 10010 9999 11286 11285 
f 9999 9988 11287 11286 
f 9988 9977 11288 11287 
f 9977 9966 11289 11288 
f 9966 9955 11290 11289 
f 9955 9944 11291 11290 
f 9944 9933 11292 11291 
f 9933 9922 11293 11292 
f 9922 9911 11294 11293 
f 9911 9900 11295 11294 
f 9900 9889 11296 11295 
f 9889 9878 11297 11296 
f 9878 9867 11298 11297 
f 9867 9856 11299 11298 
f 9856 9845 11300 11299 
f 9845 9834 11301 11300 
f 9834 9823 11302 11301 
f 9823 9812 11303 11302 
f 9812 9801 11304 11303 
f 9801 9790 11305 11304 
f 9790 9779 11242 11305 
f 11327 9788 9777 11328 
f 11326 9799 9788 11327 
f 11325 9810 9799 11326 
f 11324 9821 9810 11325 
f 11323 9832 9821 11324 
f 11322 9843 9832 11323 
f 11321 9854 9843 11322 
f 11320 9865 9854 11321 
f 11319 9876 9865 11320 
f 11318 9887 9876 11319 
f 11317 9898 9887 11318 
f 11316 9909 9898 11317 
f 11315 9920 9909 11316 
f 11314 9931 9920 11315 
f 11313 9942 9931 11314 
f 11312 9953 9942 11313 
f 11311 9964 9953 11312 
f 11310 9975 9964 11311 
f 11309 9986 9975 11310 
f 11308 9997 9986 11309 
f 11307 10008 9997 11308 
f 11306 10019 10008 11307 
f 11369 10030 10019 11306 
f 11368 10041 10030 11369 
f 11367 10052 10041 11368 
f 11366 10063 10052 11367 
f 11365 10074 10063 11366 
f 11364 10085 10074 11365 
f 11363 10096 10085 11364 
f 11362 10107 10096 11363 
f 11361 10118 10107 11362 
f 11360 10129 10118 11361 
f 11359 10140 10129 11360 
f 11358 10151 10140 11359 
f 11357 10162 10151 11358 
f 11356 10173 10162 11357 
f 11355 10184 10173 11356 
f 11354 10195 10184 11355 
f 11353 10206 10195 11354 
f 11352 10217 10206 11353 
f 11351 10228 10217 11352 
f 11350 10239 10228 11351 
f 11349 10250 10239 11350 
f 11348 10261 10250 11349 
f 11347 10272 10261 11348 
f 11346 10283 10272 11347 
f 11345 10294 10283 11346 
f 11344 10305 10294 11345 
f 11343 10316 10305 11344 
f 11342 10327 10316 11343 
f 11341 10338 10327 11342 
f 11340 10349 10338 11341 
f 11339 10360 10349 11340 
f 11338 10371 10360 11339 
f 11337 10382 10371 11338 
f 11336 10393 10382 11337 
f 11335 10404 10393 11336 
f 11334 10415 10404 11335 
f 11333 10426 10415 11334 
f 11332 10437 10426 11333 
f 11331 10448 10437 11332 
f 11330 10459 10448 11331 
f 11329 10471 10459 11330 
f 11328 9777 10471 11329 
f 11391 9789 9778 11392 
f 11390 9800 9789 11391 
f 11389 9811 9800 11390 
f 11388 9822 9811 11389 
f 11387 9833 9822 11388 
f 11386 9844 9833 11387 
f 11385 9855 9844 11386 
f 11384 9866 9855 11385 
f 11383 9877 9866 11384 
f 11382 9888 9877 11383 
f 11381 9899 9888 11382 
f 11380 9910 9899 11381 
f 11379 9921 9910 11380 
f 11378 9932 9921 11379 
f 11377 9943 9932 11378 
f 11376 9954 9943 11377 
f 11375 9965 9954 11376 
f 11374 9976 9965 11375 
f 11373 9987 9976 11374 
f 11372 9998 9987 11373 
f 11371 10009 9998 11372 
f 11370 10020 10009 11371 
f 11433 10031 10020 11370 
f 11432 10042 10031 11433 
f 11431 10053 10042 11432 
f 11430 10064 10053 11431 
f 11429 10075 10064 11430 
f 11428 10086 10075 11429 
f 11427 10097 10086 11428 
f 11426 10108 10097 11427 
f 11425 10119 10108 11426 
f 11424 10130 10119 11425 
f 11423 10141 10130 11424 
f 11422 10152 10141 11423 
f 11421 10163 10152 11422 
f 11420 10174 10163 11421 
f 11419 10185 10174 11420 
f 11418 10196 10185 11419 
f 11417 10207 10196 11418 
f 11416 10218 10207 11417 
f 11415 10229 10218 11416 
f 11414 10240 10229 11415 
f 11413 10251 10240 11414 
f 11412 10262 10251 11413 
f 11411 10273 10262 11412 
f 11410 10284 10273 11411 
f 11409 10295 10284 11410 
f 11408 10306 10295 11409 
f 11407 10317 10306 11408 
f 11406 10328 10317 11407 
f 11405 10339 10328 11406 
f 11404 10350 10339 11405 
f 11403 10361 10350 11404 
f 11402 10372 10361 11403 
f 11401 10383 10372 11402 
f 11400 10394 10383 11401 
f 11399 10405 10394 11400 
f 11398 10416 10405 11399 
f 11397 10427 10416 11398 
f 11396 10438 10427 11397 
f 11395 10449 10438 11396 
f 11394 10460 10449 11395 
f 11393 10472 10460 11394 
f 11392 9778 10472 11393 
f 9775 9786 11435 11434 
f 9786 9797 11436 11435 
f 9797 9808 11437 11436 
f 9808 9819 11438 11437 
f 9819 9830 11439 11438 
f 9830 9841 11440 11439 
f 9841 9852 11441 11440 
f 9852 9863 11442 11441 
f 9863 9874 11443 11442 
f 9874 9885 11444 11443 
f 9885 9896 11445 11444 
f 9896 9907 11446 11445 
f 9907 9918 11447 11446 
f 9918 9929 11448 11447 
f 9929 9940 11449 11448 
f 9940 9951 11450 11449 
f 9951 9962 11451 11450 
f 9962 9973 11452 11451 
f 9973 9984 11453 11452 
f 9984 9995 11454 11453 
f 9995 10006 11455 11454 
f 10006 10017 11456 11455 
f 10017 10028 11457 11456 
f 10028 10039 11458 11457 
f 10039 10050 11459 11458 
f 10050 10061 11460 11459 
f 10061 10072 11461 11460 
f 10072 10083 11462 11461 
f 10083 10094 11463 11462 
f 10094 10105 11464 11463 
f 10105 10116 11465 11464 
f 10116 10127 11466 11465 
f 10127 10138 11467 11466 
f 10138 10149 11468 11467 
f 10149 10160 11469 11468 
f 10160 10171 11470 11469 
f 10171 10182 11471 11470 
f 10182 10193 11472 11471 
f 10193 10204 11473 11472 
f 10204 10215 11474 11473 
f 10215 10226 11475 11474 
f 10226 10237 11476 11475 
f 10237 10248 11477 11476 
f 10248 10259 11478 11477 
f 10259 10270 11479 11478 
f 10270 10281 11480 11479 
f 10281 10292 11481 11480 
f 10292 10303 11482 11481 
f 10303 10314 11483 11482 
f 10314 10325 11484 11483 
f 10325 10336 11485 11484 
f 10336 10347 11486 11485 
f 10347 10358 11487 11486 
f 10358 10369 11488 11487 
f 10369 10380 11489 11488 
f 10380 10391 11490 11489 
f 10391 10402 11491 11490 
f 10402 10413 11492 11491 
f 10413 10424 11493 11492 
f 10424 10435 11494 11493 
f 10435 10446 11495 11494 
f 10446 10457 11496 11495 
f 10457 10469 11497 11496 
f 10469 9775 11434 11497 
s 2
f 11504 11508 11510 11502 
f 11502 11510 11516 11514 
f 11514 11516 11522 11520 
f 11520 11522 11528 11526 
f 11526 11528 11534 11532 
f 11532 11534 11540 11538 
f 11538 11540 11546 11544 
f 11544 11546 11552 11550 
f 11550 11552 11558 11556 
f 11556 11558 11564 11562 
f 11562 11564 11570 11568 
f 11568 11570 11576 11574 
f 11574 11576 11582 11580 
f 11580 11582 11588 11586 
f 11586 11588 11594 11592 
f 11592 11594 11508 11504 
s off
f 11511 11507 11498 
f 11517 11511 11498 
f 11523 11517 11498 
f 11529 11523 11498 
f 11535 11529 11498 
f 11541 11535 11498 
f 11547 11541 11498 
f 11553 11547 11498 
f 11559 11553 11498 
f 11565 11559 11498 
f 11571 11565 11498 
f 11577 11571 11498 
f 11583 11577 11498 
f 11589 11583 11498 
f 11595 11589 11498 
f 11507 11595 11498 
f 11505 11501 11499 
f 11501 11513 11499 
f 11513 11519 11499 
f 11519 11525 11499 
f 11525 11531 11499 
f 11531 11537 11499 
f 11537 11543 11499 
f 11543 11549 11499 
f 11549 11555 11499 
f 11555 11561 11499 
f 11561 11567 11499 
f 11567 11573 11499 
f 11573 11579 11499 
f 11579 11585 11499 
f 11585 11591 11499 
f 11591 11505 11499 
s 2
f 11510 11508 11506 11509 
f 11504 11502 11500 11503 
f 11516 11510 11509 11515 
f 11502 11514 11512 11500 
f 11522 11516 11515 11521 
f 11514 11520 11518 11512 
f 11528 11522 11521 11527 
f 11520 11526 11524 11518 
f 11534 11528 11527 11533 
f 11526 11532 11530 11524 
f 11540 11534 11533 11539 
f 11532 11538 11536 11530 
f 11546 11540 11539 11545 
f 11538 11544 11542 11536 
f 11552 11546 11545 11551 
f 11544 11550 11548 11542 
f 11558 11552 11551 11557 
f 11550 11556 11554 11548 
f 11564 11558 11557 11563 
f 11556 11562 11560 11554 
f 11570 11564 11563 11569 
f 11562 11568 11566 11560 
f 11576 11570 11569 11575 
f 11568 11574 11572 11566 
f 11582 11576 11575 11581 
f 11574 11580 11578 11572 
f 11588 11582 11581 11587 
f 11580 11586 11584 11578 
f 11594 11588 11587 11593 
f 11586 11592 11590 11584 
f 11508 11594 11593 11506 
f 11592 11504 11503 11590 
s off
f 11507 11511 11509 11506 
f 11511 11517 11515 11509 
f 11517 11523 11521 11515 
f 11523 11529 11527 11521 
f 11529 11535 11533 11527 
f 11535 11541 11539 11533 
f 11541 11547 11545 11539 
f 11547 11553 11551 11545 
f 11553 11559 11557 11551 
f 11559 11565 11563 11557 
f 11565 11571 11569 11563 
f 11571 11577 11575 11569 
f 11577 11583 11581 11575 
f 11583 11589 11587 11581 
f 11589 11595 11593 11587 
f 11595 11507 11506 11593 
f 11501 11505 11503 11500 
f 11513 11501 11500 11512 
f 11519 11513 11512 11518 
f 11525 11519 11518 11524 
f 11531 11525 11524 11530 
f 11537 11531 11530 11536 
f 11543 11537 11536 11542 
f 11549 11543 11542 11548 
f 11555 11549 11548 11554 
f 11561 11555 11554 11560 
f 11567 11561 11560 11566 
f 11573 11567 11566 11572 
f 11579 11573 11572 11578 
f 11585 11579 11578 11584 
f 11591 11585 11584 11590 
f 11505 11591 11590 11503 
s 1
f 11596 11597 11598 11599 
f 11600 11596 11599 11601 
f 11602 11600 11601 11603 
f 11604 11602 11603 11605 
f 11606 11604 11605 11607 
f 11608 11606 11607 11609 
f 11610 11608 11609 11611 
f 11611 11612 11613 11610 
f 11614 11615 11612 11611 
f 11616 11617 11615 11614 
f 11618 11619 11617 11616 
f 11620 11618 11616 11621 
f 11622 11620 11621 11623 
f 11624 11622 11623 11625 
f 11626 11624 11625 11627 
f 11628 11626 11627 11629 
f 11630 11628 11629 11631 
f 11632 11630 11631 11633 
f 11616 11614 11634 11621 
f 11614 11611 11609 11634 
f 11621 11634 11635 11623 
f 11623 11635 11636 11625 
f 11634 11609 11607 11635 
f 11635 11607 11605 11636 
f 11625 11636 11637 11627 
f 11627 11637 11638 11629 
f 11636 11605 11603 11637 
f 11637 11603 11601 11638 
f 11629 11638 11639 11631 
f 11631 11639 11640 11633 
f 11638 11601 11599 11639 
f 11639 11599 11598 11640 
f 11641 11642 11643 11644 
f 11641 11645 11642 
f 11641 11646 11645 
f 11643 11647 11648 11644 
f 11647 11649 11650 11648 
f 11649 11651 11652 11650 
f 11651 11653 11654 11652 
f 11653 11655 11656 11654 
f 11655 11657 11656 
f 11658 11659 11660 
f 11661 11662 11663 11664 
f 11665 11666 11662 11661 
f 11667 11668 11666 11665 
f 11667 11669 11668 
f 11670 11671 11669 11667 
f 11670 11672 11671 
f 11670 11673 11672 
f 11674 11675 11646 11641 
f 11674 11676 11675 
f 11658 11677 11678 11659 
f 11679 11678 11677 
f 11680 11681 11673 11670 
f 11680 11682 11681 
f 11683 11680 11678 11679 
f 11674 11684 11685 11686 
f 11683 11687 11682 11680 
f 11688 11689 11687 11683 
f 11690 11691 11689 11688 
f 11692 11693 11691 11690 
f 11694 11695 11693 11692 
f 11694 11696 11697 11695 
f 11696 11698 11699 11697 
f 11698 11700 11701 11699 
f 11596 11702 11703 11597 
f 11596 11704 11702 
f 11600 11705 11704 11596 
f 11600 11706 11705 
f 11600 11602 11707 11706 
f 11602 11604 11708 11707 
f 11604 11709 11708 
f 11606 11710 11711 11604 
f 11606 11701 11700 11710 
f 11608 11712 11701 11606 
f 11608 11713 11712 
f 11610 11714 11713 11608 
f 11610 11715 11714 
f 11610 11613 11716 11715 
f 11717 11718 11719 11720 
f 11721 11722 11723 11720 
f 11724 11725 11722 11721 
f 11661 11664 11725 11724 
f 11726 11727 11728 11729 
f 11727 11730 11731 11728 
f 11730 11732 11733 11731 
f 11734 11735 11736 11737 
f 11738 11739 11740 11741 
f 11739 11742 11743 11740 
f 11742 11744 11745 11743 
f 11744 11746 11747 11745 
f 11748 11719 11718 11749 
f 11726 11750 11751 11727 
f 11750 11752 11753 11751 
f 11727 11751 11754 11730 
f 11751 11753 11755 11754 
f 11752 11684 11674 11753 
f 11753 11674 11641 11755 
f 11730 11754 11756 11732 
f 11754 11755 11757 11756 
f 11732 11756 11758 11759 
f 11756 11757 11760 11758 
f 11755 11641 11644 11757 
f 11757 11644 11648 11760 
f 11759 11758 11761 11734 
f 11758 11760 11762 11761 
f 11734 11761 11763 11735 
f 11761 11762 11764 11763 
f 11760 11648 11650 11762 
f 11762 11650 11652 11764 
f 11735 11763 11765 11738 
f 11763 11764 11766 11765 
f 11738 11765 11767 11739 
f 11765 11766 11768 11767 
f 11764 11652 11654 11766 
f 11766 11654 11656 11768 
f 11739 11767 11769 11742 
f 11767 11768 11770 11769 
f 11742 11769 11771 11744 
f 11769 11770 11772 11771 
f 11768 11656 11659 11770 
f 11770 11659 11678 11772 
f 11744 11771 11773 11746 
f 11771 11772 11774 11773 
f 11746 11773 11775 11776 
f 11773 11774 11777 11775 
f 11772 11678 11680 11774 
f 11774 11680 11670 11777 
f 11776 11775 11778 11748 
f 11775 11777 11779 11778 
f 11748 11778 11780 11719 
f 11778 11779 11781 11780 
f 11777 11670 11667 11779 
f 11779 11667 11665 11781 
f 11719 11780 11721 11720 
f 11780 11781 11724 11721 
f 11781 11665 11661 11724 
f 11782 11783 11784 11785 
f 11786 11787 11788 11789 
f 11790 11791 11792 11793 
f 11791 11794 11795 11792 
f 11794 11796 11797 11795 
f 11796 11798 11799 11797 
f 11798 11800 11801 11799 
f 11800 11717 11802 11801 
f 11736 11735 11738 11741 
f 11803 11759 11734 11737 
f 11733 11732 11759 11803 
f 11804 11805 11806 11807 
f 11808 11809 11810 11811 
f 11812 11813 11814 11815 
f 11807 11816 11817 11804 
f 11804 11817 11818 11811 
f 11816 11819 11820 11817 
f 11819 11821 11822 11820 
f 11817 11820 11823 11818 
f 11820 11822 11824 11823 
f 11811 11818 11825 11808 
f 11808 11825 11826 11815 
f 11818 11823 11827 11825 
f 11823 11824 11828 11827 
f 11825 11827 11829 11826 
f 11827 11828 11830 11829 
f 11821 11831 11832 11822 
f 11831 11833 11834 11832 
f 11822 11832 11835 11824 
f 11832 11834 11836 11835 
f 11833 11729 11728 11834 
f 11834 11728 11731 11836 
f 11824 11835 11837 11828 
f 11835 11836 11838 11837 
f 11828 11837 11839 11830 
f 11837 11838 11840 11839 
f 11836 11731 11733 11838 
f 11838 11733 11803 11840 
f 11815 11826 11841 11812 
f 11812 11841 11842 11843 
f 11826 11829 11844 11841 
f 11829 11830 11845 11844 
f 11841 11844 11846 11842 
f 11844 11845 11847 11846 
f 11843 11842 11848 11849 
f 11849 11848 11850 11851 
f 11842 11846 11852 11848 
f 11846 11847 11853 11852 
f 11848 11852 11854 11850 
f 11852 11853 11855 11854 
f 11830 11839 11856 11845 
f 11839 11840 11857 11856 
f 11845 11856 11858 11847 
f 11856 11857 11859 11858 
f 11840 11803 11737 11857 
f 11857 11737 11736 11859 
f 11847 11858 11860 11853 
f 11858 11859 11861 11860 
f 11853 11860 11862 11855 
f 11860 11861 11863 11862 
f 11859 11736 11741 11861 
f 11861 11741 11740 11863 
f 11851 11850 11864 11865 
f 11865 11864 11866 11867 
f 11850 11854 11868 11864 
f 11854 11855 11869 11868 
f 11864 11868 11870 11866 
f 11868 11869 11871 11870 
f 11867 11866 11872 11785 
f 11785 11872 11873 11782 
f 11866 11870 11874 11872 
f 11870 11871 11875 11874 
f 11872 11874 11876 11873 
f 11874 11875 11877 11876 
f 11855 11862 11878 11869 
f 11862 11863 11879 11878 
f 11869 11878 11880 11871 
f 11878 11879 11881 11880 
f 11863 11740 11743 11879 
f 11879 11743 11745 11881 
f 11871 11880 11882 11875 
f 11880 11881 11883 11882 
f 11875 11882 11884 11877 
f 11882 11883 11885 11884 
f 11881 11745 11747 11883 
f 11883 11747 11886 11885 
f 11782 11873 11887 11789 
f 11789 11887 11888 11786 
f 11873 11876 11889 11887 
f 11876 11877 11890 11889 
f 11887 11889 11891 11888 
f 11889 11890 11892 11891 
f 11786 11888 11791 11790 
f 11888 11891 11794 11791 
f 11891 11892 11796 11794 
f 11877 11884 11893 11890 
f 11884 11885 11894 11893 
f 11890 11893 11895 11892 
f 11893 11894 11896 11895 
f 11885 11886 11749 11894 
f 11894 11749 11718 11896 
f 11892 11895 11798 11796 
f 11895 11896 11800 11798 
f 11896 11718 11717 11800 
f 11897 11898 11899 11900 
f 11897 11901 11902 11898 
f 11903 11904 11902 11901 
f 11905 11906 11904 11903 
f 11787 11905 11903 11907 
f 11788 11787 11907 11908 
f 11783 11788 11908 11909 
f 11784 11783 11909 11910 
f 11911 11784 11910 11912 
f 11913 11911 11912 11914 
f 11914 11915 11916 11913 
f 11917 11916 11915 11918 
f 11919 11917 11918 11920 
f 11813 11919 11920 11921 
f 11814 11813 11921 11922 
f 11809 11814 11922 11923 
f 11810 11809 11923 11924 
f 11805 11810 11924 11925 
f 11806 11805 11925 11926 
f 11927 11928 11929 11930 
f 11931 11927 11930 11932 
f 11933 11931 11932 11934 
f 11935 11933 11934 11936 
f 11937 11935 11936 11938 
f 11939 11937 11938 11940 
f 11941 11939 11940 11942 
f 11943 11941 11942 11944 
f 11945 11943 11944 11946 
f 11947 11945 11946 11948 
f 11949 11947 11948 11950 
f 11951 11949 11950 11952 
f 11953 11951 11952 11954 
f 11955 11953 11954 11956 
f 11900 11955 11956 11897 
f 11929 11957 11958 11930 
f 11930 11958 11959 11932 
f 11957 11926 11925 11958 
f 11958 11925 11924 11959 
f 11932 11959 11960 11934 
f 11934 11960 11961 11936 
f 11959 11924 11923 11960 
f 11960 11923 11922 11961 
f 11936 11961 11962 11938 
f 11938 11962 11963 11940 
f 11961 11922 11921 11962 
f 11962 11921 11920 11963 
f 11940 11963 11964 11942 
f 11942 11964 11965 11944 
f 11963 11920 11918 11964 
f 11964 11918 11915 11965 
f 11944 11965 11966 11946 
f 11946 11966 11967 11948 
f 11965 11915 11914 11966 
f 11966 11914 11912 11967 
f 11948 11967 11968 11950 
f 11950 11968 11969 11952 
f 11967 11912 11910 11968 
f 11968 11910 11909 11969 
f 11952 11969 11970 11954 
f 11954 11970 11971 11956 
f 11969 11909 11908 11970 
f 11970 11908 11907 11971 
f 11956 11971 11901 11897 
f 11971 11907 11903 11901 
f 11972 11973 11974 11975 
f 11976 11977 11973 11972 
f 11976 11900 11899 11977 
f 11976 11978 11955 11900 
f 11978 11979 11953 11955 
f 11979 11980 11951 11953 
f 11980 11981 11949 11951 
f 11981 11982 11947 11949 
f 11982 11983 11945 11947 
f 11983 11984 11943 11945 
f 11984 11985 11941 11943 
f 11985 11986 11939 11941 
f 11986 11987 11937 11939 
f 11987 11988 11935 11937 
f 11988 11989 11933 11935 
f 11989 11990 11931 11933 
f 11990 11991 11927 11931 
f 11991 11992 11928 11927 
f 11993 11994 11995 11996 
f 11994 11992 11991 11995 
f 11996 11995 11997 11998 
f 11995 11991 11990 11997 
f 11998 11997 11999 12000 
f 11997 11990 11989 11999 
f 12000 11999 12001 12002 
f 11999 11989 11988 12001 
f 12002 12001 12003 12004 
f 12001 11988 11987 12003 
f 12004 12003 12005 12006 
f 12003 11987 11986 12005 
f 12006 12005 12007 12008 
f 12005 11986 11985 12007 
f 12008 12007 12009 12010 
f 12007 11985 11984 12009 
f 12010 12009 12011 12012 
f 12009 11984 11983 12011 
f 12012 12011 12013 12014 
f 12011 11983 11982 12013 
f 12014 12013 12015 12016 
f 12013 11982 11981 12015 
f 12016 12015 12017 12018 
f 12015 11981 11980 12017 
f 12018 12017 12019 12020 
f 12017 11980 11979 12019 
f 12020 12019 12021 12022 
f 12019 11979 11978 12021 
f 12022 12021 11972 11975 
f 12021 11978 11976 11972 
f 14849 14845 12023 12024 
f 14851 12025 12023 14845 
f 14854 12026 12025 14851 
f 12027 12028 12029 12030 
f 11666 11668 12030 12029 
f 11662 11666 12029 12031 
f 11663 11662 12031 12032 
f 12025 12026 12033 12034 
f 12034 12035 12023 12025 
f 12035 12036 12024 12023 
f 12028 12027 12036 12035 
f 12033 12037 12038 12034 
f 12034 12038 12028 12035 
f 12037 12032 12031 12038 
f 12038 12031 12029 12028 
f 12036 12039 12040 12024 
f 12039 12041 12042 12040 
f 12041 12043 12044 12042 
f 12043 12045 12046 12044 
f 12045 12047 12048 12046 
f 12049 12048 12047 12050 
f 12051 12049 12050 12052 
f 12053 12051 12052 12054 
f 12054 12055 12056 12053 
f 12055 12057 12058 12056 
f 12059 12060 12057 12055 
f 12059 12061 12062 12060 
f 12063 12030 11668 11669 
f 12063 12064 12027 12030 
f 12064 12039 12036 12027 
f 12039 12064 12065 12041 
f 12041 12065 12066 12043 
f 12064 12063 12067 12065 
f 12065 12067 12068 12066 
f 12043 12066 12069 12045 
f 12045 12069 12070 12047 
f 12066 12068 12071 12069 
f 12069 12071 12072 12070 
f 12047 12070 12073 12050 
f 12050 12073 12074 12052 
f 12070 12072 12075 12073 
f 12073 12075 12076 12074 
f 12052 12074 12077 12054 
f 12054 12077 12059 12055 
f 12074 12076 12078 12077 
f 12077 12078 12061 12059 
f 12057 12079 12080 12058 
f 12060 12081 12079 12057 
f 12062 12082 12081 12060 
f 11693 11695 12082 12062 
f 12083 12084 12085 12086 
f 12087 12082 11695 11697 
f 12088 12081 12082 12087 
f 12089 12079 12081 12088 
f 12090 12080 12079 12089 
f 12091 12090 12089 12092 
f 12084 12091 12092 12085 
f 11697 11699 12093 12087 
f 11701 12094 12093 11699 
f 11712 12095 12094 11701 
f 11713 12096 12095 11712 
f 11714 12097 12096 11713 
f 12098 12099 12096 12097 
f 12100 12101 12099 12098 
f 12102 12103 12101 12100 
f 12103 12083 12086 12101 
f 12089 12088 12104 12092 
f 12088 12087 12093 12104 
f 12092 12104 12105 12085 
f 12085 12105 12106 12086 
f 12104 12093 12094 12105 
f 12105 12094 12095 12106 
f 12086 12106 12099 12101 
f 12106 12095 12096 12099 
f 14857 12102 12107 14861 
f 12058 12080 14867 14863 
f 12040 14870 14849 12024 
f 14872 12056 12058 14863 
f 14875 12053 12056 14872 
f 14878 12051 12053 14875 
f 14878 14881 12049 12051 
f 14881 14884 12048 12049 
f 14884 14887 12046 12048 
f 14887 14890 12044 12046 
f 14893 12042 12044 14890 
f 14870 12040 12042 14893 
f 14861 12107 12108 14897 
f 12109 12110 14903 14899 
f 14905 12111 12112 14909 
f 14909 12112 12109 14899 
f 12113 14911 12114 
f 12115 14915 14911 12113 
f 12116 14918 14915 12115 
f 12117 14921 14918 12116 
f 12111 14905 14921 12117 
f 12118 14926 12119 
f 14923 12120 12114 14911 
f 14923 14926 12118 12120 
f 12121 14933 14929 12122 
f 14935 12123 12119 14926 
f 14938 12124 12123 14935 
f 14938 14941 12125 12124 
f 14944 12126 12125 14941 
f 14933 12121 12126 14944 
f 12127 12122 14929 14947 
f 14950 12128 12129 14954 
f 14947 14956 12130 12127 
f 14959 12131 12130 14956 
f 14954 12129 12131 14959 
f 12132 14966 14962 12133 
f 12134 14969 14966 12132 
f 12135 14972 14969 12134 
f 12135 12136 14975 14972 
f 12128 14950 14975 12136 
f 14962 14977 12137 12133 
f 14980 12138 12137 14977 
f 14980 14983 12139 12138 
f 14986 12140 12139 14983 
f 14986 14989 12141 12140 
f 14992 12142 12141 14989 
f 14995 12143 12144 14999 
f 14999 12144 12142 14992 
f 12145 15002 14903 12110 
f 12146 15005 15002 12145 
f 12147 15008 15005 12146 
f 12148 15011 15008 12147 
f 12148 12149 15014 15011 
f 12150 15017 15014 12149 
f 12143 14995 15017 12150 
f 12151 12152 12145 12110 
f 12152 12153 12146 12145 
f 12153 12154 12147 12146 
f 12148 12147 12154 12155 
f 12155 12156 12149 12148 
f 12156 12157 12150 12149 
f 12144 12158 12159 12142 
f 12143 12150 12157 12160 
f 12144 12143 12160 12158 
f 12161 12162 12163 12164 
f 12162 12152 12151 12163 
f 12152 12162 12165 12153 
f 12153 12165 12166 12154 
f 12162 12161 12167 12165 
f 12165 12167 12168 12166 
f 12154 12166 12169 12155 
f 12155 12169 12170 12156 
f 12166 12168 12171 12169 
f 12169 12171 12172 12170 
f 12156 12170 12173 12157 
f 12157 12173 12174 12160 
f 12170 12172 12175 12173 
f 12173 12175 12176 12174 
f 12160 12174 12177 12158 
f 12174 12176 12178 12177 
f 12164 12179 11694 11692 
f 12163 12180 12179 12164 
f 12151 12181 12180 12163 
f 12110 12109 12181 12151 
f 12182 12183 12113 12114 
f 12179 12180 12184 12185 
f 12180 12181 12186 12184 
f 12181 12109 12112 12186 
f 12111 12187 12186 12112 
f 12111 12117 12188 12187 
f 12117 12116 12189 12188 
f 12116 12115 12190 12189 
f 12113 12183 12190 12115 
f 12191 12192 12183 12182 
f 12193 12194 12192 12191 
f 12183 12192 12195 12190 
f 12192 12194 12196 12195 
f 12190 12195 12197 12189 
f 12189 12197 12198 12188 
f 12195 12196 12199 12197 
f 12197 12199 12200 12198 
f 12188 12198 12201 12187 
f 12187 12201 12184 12186 
f 12198 12200 12202 12201 
f 12201 12202 12185 12184 
f 11706 12203 12204 11705 
f 12205 12206 12120 12118 
f 12206 12182 12114 12120 
f 12206 12207 12191 12182 
f 12207 12208 12193 12191 
f 12208 11707 11708 12193 
f 11706 11707 12208 12203 
f 12209 12210 12204 12203 
f 12205 12211 12210 12209 
f 12208 12207 12209 12203 
f 12207 12206 12205 12209 
f 12119 12211 12205 12118 
f 11704 11705 12204 12212 
f 11702 11704 12212 12213 
f 11703 11702 12213 12214 
f 12214 12215 12216 11703 
f 12217 12216 12215 12218 
f 12218 12219 12220 12217 
f 12221 12222 12219 12218 
f 12223 12224 12222 12221 
f 12121 12122 12224 12223 
f 12223 12225 12126 12121 
f 12125 12126 12225 12226 
f 12226 12227 12124 12125 
f 12123 12124 12227 12228 
f 12228 12211 12119 12123 
f 12223 12221 12229 12225 
f 12221 12218 12215 12229 
f 12225 12229 12230 12226 
f 12226 12230 12231 12227 
f 12229 12215 12214 12230 
f 12230 12214 12213 12231 
f 12227 12231 12232 12228 
f 12228 12232 12210 12211 
f 12231 12213 12212 12232 
f 12232 12212 12204 12210 
f 12233 12224 12122 12127 
f 12234 12222 12224 12233 
f 12234 12235 12219 12222 
f 12235 12236 12220 12219 
f 12237 12238 12132 12133 
f 12134 12132 12238 12239 
f 12239 12240 12135 12134 
f 12136 12135 12240 12241 
f 12241 12242 12128 12136 
f 12129 12128 12242 12243 
f 12131 12129 12243 12244 
f 12130 12131 12244 12245 
f 12245 12233 12127 12130 
f 12245 12246 12234 12233 
f 12247 12235 12234 12246 
f 12248 12249 12250 12251 
f 12249 12248 12238 12237 
f 12238 12248 12252 12239 
f 12239 12252 12253 12240 
f 12248 12251 12254 12252 
f 12252 12254 12255 12253 
f 12240 12253 12256 12241 
f 12241 12256 12257 12242 
f 12253 12255 12258 12256 
f 12256 12258 12259 12257 
f 12242 12257 12260 12243 
f 12243 12260 12261 12244 
f 12257 12259 12262 12260 
f 12260 12262 12263 12261 
f 12244 12261 12246 12245 
f 12261 12263 12247 12246 
f 12264 12177 12178 12265 
f 12159 12158 12177 12264 
f 12159 12266 12141 12142 
f 12140 12141 12266 12267 
f 12139 12140 12267 12268 
f 12138 12139 12268 12269 
f 12137 12138 12269 12270 
f 12270 12237 12133 12137 
f 12270 12271 12249 12237 
f 12271 12272 12250 12249 
f 11647 11643 12272 12273 
f 12273 12274 11649 11647 
f 12274 12275 11651 11649 
f 12275 12276 11653 11651 
f 12276 12265 11655 11653 
f 12159 12264 12277 12266 
f 12266 12277 12278 12267 
f 12264 12265 12276 12277 
f 12277 12276 12275 12278 
f 12267 12278 12279 12268 
f 12268 12279 12280 12269 
f 12278 12275 12274 12279 
f 12279 12274 12273 12280 
f 12269 12280 12271 12270 
f 12280 12273 12272 12271 
f 11720 11723 11802 11717 
f 11776 11748 11749 11886 
f 11746 11776 11886 11747 
f 11905 11790 11793 11906 
f 11810 11805 11804 11811 
f 11814 11809 11808 11815 
f 11919 11813 11812 11843 
f 11917 11919 11843 11849 
f 11849 11851 11916 11917 
f 11913 11916 11851 11865 
f 11911 11913 11865 11867 
f 11784 11911 11867 11785 
f 11788 11783 11782 11789 
f 11905 11787 11786 11790 
f 12281 11975 11974 12282 
f 11996 12283 12284 11993 
f 11998 12285 12283 11996 
f 12000 12286 12285 11998 
f 12002 12287 12286 12000 
f 12004 12288 12287 12002 
f 12006 12289 12288 12004 
f 12008 12290 12289 12006 
f 12010 12291 12290 12008 
f 12012 12292 12291 12010 
f 12014 12293 12292 12012 
f 12016 12294 12293 12014 
f 12018 12295 12294 12016 
f 12020 12296 12295 12018 
f 12022 12297 12296 12020 
f 11975 12281 12297 12022 
f 12298 12097 11714 11715 
f 12299 12098 12097 12298 
f 12300 12100 12098 12299 
f 12107 12102 12100 12300 
f 15019 12103 12102 14857 
f 12090 14867 12080 
f 12091 15023 14867 12090 
f 12084 15026 15023 12091 
f 12083 15029 15026 12084 
f 12103 15019 15029 12083 
f 11655 12265 12178 11657 
f 12178 12176 11660 11657 
f 12161 12164 11692 11690 
f 12172 12171 11679 11677 
f 12171 12168 11683 11679 
f 12167 12161 11690 11688 
f 12168 12167 11688 11683 
f 12175 12172 11677 11658 
f 12176 12175 11658 11660 
f 11657 11660 11659 11656 
f 11674 11686 11676 
f 11642 12250 12272 11643 
f 11676 11686 12259 12258 
f 11675 11676 12258 12255 
f 11646 11675 12255 12254 
f 11645 11646 12254 12251 
f 11686 11685 12262 12259 
f 11685 12301 12263 12262 
f 12301 12302 12247 12263 
f 12302 12236 12235 12247 
f 11642 11645 12251 12250 
f 11604 11711 11709 
f 11694 12179 12185 11696 
f 12185 12202 11698 11696 
f 12202 12200 11700 11698 
f 12200 12199 11710 11700 
f 12199 12196 11711 11710 
f 12196 12194 11709 11711 
f 12194 12193 11708 11709 
f 12299 12298 12303 12304 
f 12300 12299 12304 12305 
f 12298 11715 11716 12303 
f 12107 12300 12305 12108 
f 11671 12067 12063 11669 
f 11682 11687 12076 12075 
f 11687 11689 12078 12076 
f 11681 11682 12075 12072 
f 11673 11681 12072 12071 
f 11672 11673 12071 12068 
f 11671 11672 12068 12067 
f 11689 11691 12061 12078 
f 11691 11693 12062 12061 
f 12236 12302 12306 12307 
f 12302 12301 12308 12306 
f 12301 11685 11684 12308 
f 12220 12236 12307 12309 
f 12217 12220 12309 12310 
f 12216 12217 12310 12311 
f 11597 11703 12216 12311 
f 12312 12313 12314 12315 
f 12316 12317 12313 12312 
f 12318 12319 12317 12316 
f 12320 12321 12319 12318 
f 12322 12323 12321 12320 
f 12324 12325 12323 12322 
f 12326 12327 12325 12324 
f 12327 12326 11613 11612 
f 12328 12327 11612 11615 
f 12329 12328 11615 11617 
f 12330 12329 11617 11619 
f 12331 12332 12329 12330 
f 12333 12334 12332 12331 
f 12335 12336 12334 12333 
f 12337 12338 12336 12335 
f 12339 12340 12338 12337 
f 12341 12342 12340 12339 
f 12343 12344 12342 12341 
f 12329 12332 12345 12328 
f 12328 12345 12325 12327 
f 12332 12334 12346 12345 
f 12334 12336 12347 12346 
f 12345 12346 12323 12325 
f 12346 12347 12321 12323 
f 12336 12338 12348 12347 
f 12338 12340 12349 12348 
f 12347 12348 12319 12321 
f 12348 12349 12317 12319 
f 12340 12342 12350 12349 
f 12342 12344 12351 12350 
f 12349 12350 12313 12317 
f 12350 12351 12314 12313 
f 12352 12353 12354 12355 
f 12352 12355 12356 
f 12352 12356 12357 
f 12354 12353 12358 12359 
f 12359 12358 12360 12361 
f 12361 12360 12362 12363 
f 12363 12362 12364 12365 
f 12365 12364 12366 12367 
f 12367 12366 12368 
f 12369 12370 12371 
f 12372 11664 11663 12373 
f 12374 12372 12373 12375 
f 12376 12374 12375 12377 
f 12376 12377 12378 
f 12379 12376 12378 12380 
f 12379 12380 12381 
f 12379 12381 12382 
f 12383 12352 12357 12384 
f 12383 12384 12385 
f 12369 12371 12386 12387 
f 12388 12387 12386 
f 12389 12379 12382 12390 
f 12389 12390 12391 
f 12392 12388 12386 12389 
f 12383 12393 12394 12395 
f 12392 12389 12391 12396 
f 12397 12392 12396 12398 
f 12399 12397 12398 12400 
f 12401 12399 12400 12402 
f 12403 12401 12402 12404 
f 12403 12404 12405 12406 
f 12406 12405 12407 12408 
f 12408 12407 12409 12410 
f 12312 12315 12411 12412 
f 12312 12412 12413 
f 12316 12312 12413 12414 
f 12316 12414 12415 
f 12316 12415 12416 12318 
f 12318 12416 12417 12320 
f 12320 12417 12418 
f 12322 12320 12419 12420 
f 12322 12420 12410 12409 
f 12324 12322 12409 12421 
f 12324 12421 12422 
f 12326 12324 12422 12423 
f 12326 12423 12424 
f 12326 12424 11716 11613 
f 12425 12426 12427 12428 
f 12429 12426 11723 11722 
f 12430 12429 11722 11725 
f 12372 12430 11725 11664 
f 12431 12432 12433 12434 
f 12434 12433 12435 12436 
f 12436 12435 12437 12438 
f 12439 12440 12441 12442 
f 12443 12444 12445 12446 
f 12446 12445 12447 12448 
f 12448 12447 12449 12450 
f 12450 12449 12451 12452 
f 12453 12454 12428 12427 
f 12431 12434 12455 12456 
f 12456 12455 12457 12458 
f 12434 12436 12459 12455 
f 12455 12459 12460 12457 
f 12458 12457 12383 12395 
f 12457 12460 12352 12383 
f 12436 12438 12461 12459 
f 12459 12461 12462 12460 
f 12438 12463 12464 12461 
f 12461 12464 12465 12462 
f 12460 12462 12353 12352 
f 12462 12465 12358 12353 
f 12463 12439 12466 12464 
f 12464 12466 12467 12465 
f 12439 12442 12468 12466 
f 12466 12468 12469 12467 
f 12465 12467 12360 12358 
f 12467 12469 12362 12360 
f 12442 12443 12470 12468 
f 12468 12470 12471 12469 
f 12443 12446 12472 12470 
f 12470 12472 12473 12471 
f 12469 12471 12364 12362 
f 12471 12473 12366 12364 
f 12446 12448 12474 12472 
f 12472 12474 12475 12473 
f 12448 12450 12476 12474 
f 12474 12476 12477 12475 
f 12473 12475 12371 12366 
f 12475 12477 12386 12371 
f 12450 12452 12478 12476 
f 12476 12478 12479 12477 
f 12452 12480 12481 12478 
f 12478 12481 12482 12479 
f 12477 12479 12389 12386 
f 12479 12482 12379 12389 
f 12480 12453 12483 12481 
f 12481 12483 12484 12482 
f 12453 12427 12485 12483 
f 12483 12485 12486 12484 
f 12482 12484 12376 12379 
f 12484 12486 12374 12376 
f 12427 12426 12429 12485 
f 12485 12429 12430 12486 
f 12486 12430 12372 12374 
f 12487 12488 12489 12490 
f 12491 12492 12493 12494 
f 12495 11793 11792 12496 
f 12496 11792 11795 12497 
f 12497 11795 11797 12498 
f 12498 11797 11799 12499 
f 12499 11799 11801 12500 
f 12500 11801 11802 12425 
f 12441 12444 12443 12442 
f 12501 12440 12439 12463 
f 12437 12501 12463 12438 
f 12502 12503 12504 12505 
f 12506 12507 12508 12509 
f 12510 12511 12512 12513 
f 12503 12502 12514 12515 
f 12502 12507 12516 12514 
f 12515 12514 12517 12518 
f 12518 12517 12519 12520 
f 12514 12516 12521 12517 
f 12517 12521 12522 12519 
f 12507 12506 12523 12516 
f 12506 12511 12524 12523 
f 12516 12523 12525 12521 
f 12521 12525 12526 12522 
f 12523 12524 12527 12525 
f 12525 12527 12528 12526 
f 12520 12519 12529 12530 
f 12530 12529 12531 12532 
f 12519 12522 12533 12529 
f 12529 12533 12534 12531 
f 12532 12531 12433 12432 
f 12531 12534 12435 12433 
f 12522 12526 12535 12533 
f 12533 12535 12536 12534 
f 12526 12528 12537 12535 
f 12535 12537 12538 12536 
f 12534 12536 12437 12435 
f 12536 12538 12501 12437 
f 12511 12510 12539 12524 
f 12510 12540 12541 12539 
f 12524 12539 12542 12527 
f 12527 12542 12543 12528 
f 12539 12541 12544 12542 
f 12542 12544 12545 12543 
f 12540 12546 12547 12541 
f 12546 12548 12549 12547 
f 12541 12547 12550 12544 
f 12544 12550 12551 12545 
f 12547 12549 12552 12550 
f 12550 12552 12553 12551 
f 12528 12543 12554 12537 
f 12537 12554 12555 12538 
f 12543 12545 12556 12554 
f 12554 12556 12557 12555 
f 12538 12555 12440 12501 
f 12555 12557 12441 12440 
f 12545 12551 12558 12556 
f 12556 12558 12559 12557 
f 12551 12553 12560 12558 
f 12558 12560 12561 12559 
f 12557 12559 12444 12441 
f 12559 12561 12445 12444 
f 12548 12562 12563 12549 
f 12562 12564 12565 12563 
f 12549 12563 12566 12552 
f 12552 12566 12567 12553 
f 12563 12565 12568 12566 
f 12566 12568 12569 12567 
f 12564 12488 12570 12565 
f 12488 12487 12571 12570 
f 12565 12570 12572 12568 
f 12568 12572 12573 12569 
f 12570 12571 12574 12572 
f 12572 12574 12575 12573 
f 12553 12567 12576 12560 
f 12560 12576 12577 12561 
f 12567 12569 12578 12576 
f 12576 12578 12579 12577 
f 12561 12577 12447 12445 
f 12577 12579 12449 12447 
f 12569 12573 12580 12578 
f 12578 12580 12581 12579 
f 12573 12575 12582 12580 
f 12580 12582 12583 12581 
f 12579 12581 12451 12449 
f 12581 12583 12584 12451 
f 12487 12492 12585 12571 
f 12492 12491 12586 12585 
f 12571 12585 12587 12574 
f 12574 12587 12588 12575 
f 12585 12586 12589 12587 
f 12587 12589 12590 12588 
f 12491 12495 12496 12586 
f 12586 12496 12497 12589 
f 12589 12497 12498 12590 
f 12575 12588 12591 12582 
f 12582 12591 12592 12583 
f 12588 12590 12593 12591 
f 12591 12593 12594 12592 
f 12583 12592 12454 12584 
f 12592 12594 12428 12454 
f 12590 12498 12499 12593 
f 12593 12499 12500 12594 
f 12594 12500 12425 12428 
f 12595 12596 11899 11898 
f 12595 11898 11902 12597 
f 12598 12597 11902 11904 
f 12599 12598 11904 11906 
f 12494 12600 12598 12599 
f 12493 12601 12600 12494 
f 12490 12602 12601 12493 
f 12489 12603 12602 12490 
f 12604 12605 12603 12489 
f 12606 12607 12605 12604 
f 12607 12606 12608 12609 
f 12610 12611 12609 12608 
f 12612 12613 12611 12610 
f 12513 12614 12613 12612 
f 12512 12615 12614 12513 
f 12509 12616 12615 12512 
f 12508 12617 12616 12509 
f 12505 12618 12617 12508 
f 12504 12619 12618 12505 
f 12620 12621 12622 12623 
f 12624 12625 12621 12620 
f 12626 12627 12625 12624 
f 12628 12629 12627 12626 
f 12630 12631 12629 12628 
f 12632 12633 12631 12630 
f 12634 12635 12633 12632 
f 12636 12637 12635 12634 
f 12638 12639 12637 12636 
f 12640 12641 12639 12638 
f 12642 12643 12641 12640 
f 12644 12645 12643 12642 
f 12646 12647 12645 12644 
f 12648 12649 12647 12646 
f 12596 12595 12649 12648 
f 12622 12621 12650 12651 
f 12621 12625 12652 12650 
f 12651 12650 12618 12619 
f 12650 12652 12617 12618 
f 12625 12627 12653 12652 
f 12627 12629 12654 12653 
f 12652 12653 12616 12617 
f 12653 12654 12615 12616 
f 12629 12631 12655 12654 
f 12631 12633 12656 12655 
f 12654 12655 12614 12615 
f 12655 12656 12613 12614 
f 12633 12635 12657 12656 
f 12635 12637 12658 12657 
f 12656 12657 12611 12613 
f 12657 12658 12609 12611 
f 12637 12639 12659 12658 
f 12639 12641 12660 12659 
f 12658 12659 12607 12609 
f 12659 12660 12605 12607 
f 12641 12643 12661 12660 
f 12643 12645 12662 12661 
f 12660 12661 12603 12605 
f 12661 12662 12602 12603 
f 12645 12647 12663 12662 
f 12647 12649 12664 12663 
f 12662 12663 12601 12602 
f 12663 12664 12600 12601 
f 12649 12595 12597 12664 
f 12664 12597 12598 12600 
f 12665 12666 11974 11973 
f 12667 12665 11973 11977 
f 12667 11977 11899 12596 
f 12667 12596 12648 12668 
f 12668 12648 12646 12669 
f 12669 12646 12644 12670 
f 12670 12644 12642 12671 
f 12671 12642 12640 12672 
f 12672 12640 12638 12673 
f 12673 12638 12636 12674 
f 12674 12636 12634 12675 
f 12675 12634 12632 12676 
f 12676 12632 12630 12677 
f 12677 12630 12628 12678 
f 12678 12628 12626 12679 
f 12679 12626 12624 12680 
f 12680 12624 12620 12681 
f 12681 12620 12623 12682 
f 12683 12684 12685 12686 
f 12686 12685 12681 12682 
f 12684 12687 12688 12685 
f 12685 12688 12680 12681 
f 12687 12689 12690 12688 
f 12688 12690 12679 12680 
f 12689 12691 12692 12690 
f 12690 12692 12678 12679 
f 12691 12693 12694 12692 
f 12692 12694 12677 12678 
f 12693 12695 12696 12694 
f 12694 12696 12676 12677 
f 12695 12697 12698 12696 
f 12696 12698 12675 12676 
f 12697 12699 12700 12698 
f 12698 12700 12674 12675 
f 12699 12701 12702 12700 
f 12700 12702 12673 12674 
f 12701 12703 12704 12702 
f 12702 12704 12672 12673 
f 12703 12705 12706 12704 
f 12704 12706 12671 12672 
f 12705 12707 12708 12706 
f 12706 12708 12670 12671 
f 12707 12709 12710 12708 
f 12708 12710 12669 12670 
f 12709 12711 12712 12710 
f 12710 12712 12668 12669 
f 12711 12666 12665 12712 
f 12712 12665 12667 12668 
f 15031 12713 12714 15035 
f 15038 15035 12714 12715 
f 14854 15038 12715 12026 
f 12716 12717 12718 12719 
f 12375 12718 12717 12377 
f 12373 12720 12718 12375 
f 11663 12032 12720 12373 
f 12715 12721 12033 12026 
f 12721 12715 12714 12722 
f 12722 12714 12713 12723 
f 12719 12722 12723 12716 
f 12033 12721 12724 12037 
f 12721 12722 12719 12724 
f 12037 12724 12720 12032 
f 12724 12719 12718 12720 
f 12723 12713 12725 12726 
f 12726 12725 12727 12728 
f 12728 12727 12729 12730 
f 12730 12729 12731 12732 
f 12732 12731 12733 12734 
f 12735 12736 12734 12733 
f 12737 12738 12736 12735 
f 12739 12740 12738 12737 
f 12740 12739 12741 12742 
f 12742 12741 12743 12744 
f 12745 12742 12744 12746 
f 12745 12746 12747 12748 
f 12749 12378 12377 12717 
f 12749 12717 12716 12750 
f 12750 12716 12723 12726 
f 12726 12728 12751 12750 
f 12728 12730 12752 12751 
f 12750 12751 12753 12749 
f 12751 12752 12754 12753 
f 12730 12732 12755 12752 
f 12732 12734 12756 12755 
f 12752 12755 12757 12754 
f 12755 12756 12758 12757 
f 12734 12736 12759 12756 
f 12736 12738 12760 12759 
f 12756 12759 12761 12758 
f 12759 12760 12762 12761 
f 12738 12740 12763 12760 
f 12740 12742 12745 12763 
f 12760 12763 12764 12762 
f 12763 12745 12748 12764 
f 12744 12743 12765 12766 
f 12746 12744 12766 12767 
f 12747 12746 12767 12768 
f 12402 12747 12768 12404 
f 12769 12770 12771 12772 
f 12773 12405 12404 12768 
f 12774 12773 12768 12767 
f 12775 12774 12767 12766 
f 12776 12775 12766 12765 
f 12777 12778 12775 12776 
f 12772 12771 12778 12777 
f 12405 12773 12779 12407 
f 12409 12407 12779 12780 
f 12421 12409 12780 12781 
f 12422 12421 12781 12782 
f 12423 12422 12782 12783 
f 12784 12783 12782 12785 
f 12786 12784 12785 12787 
f 12788 12786 12787 12789 
f 12789 12787 12770 12769 
f 12775 12778 12790 12774 
f 12774 12790 12779 12773 
f 12778 12771 12791 12790 
f 12771 12770 12792 12791 
f 12790 12791 12780 12779 
f 12791 12792 12781 12780 
f 12770 12787 12785 12792 
f 12792 12785 12782 12781 
f 15044 15040 12793 12788 
f 12743 15050 15046 12765 
f 12725 12713 15031 15052 
f 15056 15050 12743 12741 
f 15059 15056 12741 12739 
f 15062 15059 12739 12737 
f 15062 12737 12735 15065 
f 15065 12735 12733 15068 
f 15068 12733 12731 15071 
f 15071 12731 12729 15074 
f 15077 15074 12729 12727 
f 15052 15077 12727 12725 
f 15040 14897 12108 12793 
f 12794 15083 15079 12795 
f 15089 15085 12796 12797 
f 15085 15083 12794 12796 
f 12798 12799 15095 
f 12800 12798 15095 15091 
f 12801 12800 15091 15097 
f 12802 12801 15097 15100 
f 12797 12802 15100 15089 
f 12803 12804 15107 
f 15104 15095 12799 12805 
f 15104 12805 12803 15107 
f 12806 12807 15113 15109 
f 15116 15107 12804 12808 
f 15119 15116 12808 12809 
f 15119 12809 12810 15122 
f 15125 15122 12810 12811 
f 15109 15125 12811 12806 
f 12812 15128 15113 12807 
f 15134 15130 12813 12814 
f 15128 12812 12815 15137 
f 15140 15137 12815 12816 
f 15130 15140 12816 12813 
f 12817 12818 15146 15142 
f 12819 12817 15142 15148 
f 12820 12819 15148 15151 
f 12820 15151 15154 12821 
f 12814 12821 15154 15134 
f 15146 12818 12822 15158 
f 15161 15158 12822 12823 
f 15161 12823 12824 15164 
f 15167 15164 12824 12825 
f 15167 12825 12826 15170 
f 15173 15170 12826 12827 
f 15179 15175 12828 12829 
f 15175 15173 12827 12828 
f 12830 12795 15079 15181 
f 12831 12830 15181 15184 
f 12832 12831 15184 15187 
f 12833 12832 15187 15190 
f 12833 15190 15193 12834 
f 12835 12834 15193 15196 
f 12829 12835 15196 15179 
f 12836 12795 12830 12837 
f 12837 12830 12831 12838 
f 12838 12831 12832 12839 
f 12833 12840 12839 12832 
f 12840 12833 12834 12841 
f 12841 12834 12835 12842 
f 12828 12827 12843 12844 
f 12829 12845 12842 12835 
f 12828 12844 12845 12829 
f 12846 12847 12848 12849 
f 12849 12848 12836 12837 
f 12837 12838 12850 12849 
f 12838 12839 12851 12850 
f 12849 12850 12852 12846 
f 12850 12851 12853 12852 
f 12839 12840 12854 12851 
f 12840 12841 12855 12854 
f 12851 12854 12856 12853 
f 12854 12855 12857 12856 
f 12841 12842 12858 12855 
f 12842 12845 12859 12858 
f 12855 12858 12860 12857 
f 12858 12859 12861 12860 
f 12845 12844 12862 12859 
f 12859 12862 12863 12861 
f 12847 12401 12403 12864 
f 12848 12847 12864 12865 
f 12836 12848 12865 12866 
f 12795 12836 12866 12794 
f 12867 12799 12798 12868 
f 12864 12869 12870 12865 
f 12865 12870 12871 12866 
f 12866 12871 12796 12794 
f 12797 12796 12871 12872 
f 12797 12872 12873 12802 
f 12802 12873 12874 12801 
f 12801 12874 12875 12800 
f 12798 12800 12875 12868 
f 12876 12867 12868 12877 
f 12878 12876 12877 12879 
f 12868 12875 12880 12877 
f 12877 12880 12881 12879 
f 12875 12874 12882 12880 
f 12874 12873 12883 12882 
f 12880 12882 12884 12881 
f 12882 12883 12885 12884 
f 12873 12872 12886 12883 
f 12872 12871 12870 12886 
f 12883 12886 12887 12885 
f 12886 12870 12869 12887 
f 12415 12414 12888 12889 
f 12890 12803 12805 12891 
f 12891 12805 12799 12867 
f 12891 12867 12876 12892 
f 12892 12876 12878 12893 
f 12893 12878 12417 12416 
f 12415 12889 12893 12416 
f 12894 12889 12888 12895 
f 12890 12894 12895 12896 
f 12893 12889 12894 12892 
f 12892 12894 12890 12891 
f 12804 12803 12890 12896 
f 12413 12897 12888 12414 
f 12412 12898 12897 12413 
f 12411 12899 12898 12412 
f 12899 12411 12900 12901 
f 12902 12903 12901 12900 
f 12903 12902 12904 12905 
f 12906 12903 12905 12907 
f 12908 12906 12907 12909 
f 12806 12908 12909 12807 
f 12908 12806 12811 12910 
f 12810 12911 12910 12811 
f 12911 12810 12809 12912 
f 12808 12913 12912 12809 
f 12913 12808 12804 12896 
f 12908 12910 12914 12906 
f 12906 12914 12901 12903 
f 12910 12911 12915 12914 
f 12911 12912 12916 12915 
f 12914 12915 12899 12901 
f 12915 12916 12898 12899 
f 12912 12913 12917 12916 
f 12913 12896 12895 12917 
f 12916 12917 12897 12898 
f 12917 12895 12888 12897 
f 12918 12812 12807 12909 
f 12919 12918 12909 12907 
f 12919 12907 12905 12920 
f 12920 12905 12904 12921 
f 12922 12818 12817 12923 
f 12819 12924 12923 12817 
f 12924 12819 12820 12925 
f 12821 12926 12925 12820 
f 12926 12821 12814 12927 
f 12813 12928 12927 12814 
f 12816 12929 12928 12813 
f 12815 12930 12929 12816 
f 12930 12815 12812 12918 
f 12930 12918 12919 12931 
f 12932 12931 12919 12920 
f 12933 12934 12935 12936 
f 12936 12922 12923 12933 
f 12923 12924 12937 12933 
f 12924 12925 12938 12937 
f 12933 12937 12939 12934 
f 12937 12938 12940 12939 
f 12925 12926 12941 12938 
f 12926 12927 12942 12941 
f 12938 12941 12943 12940 
f 12941 12942 12944 12943 
f 12927 12928 12945 12942 
f 12928 12929 12946 12945 
f 12942 12945 12947 12944 
f 12945 12946 12948 12947 
f 12929 12930 12931 12946 
f 12946 12931 12932 12948 
f 12949 12950 12863 12862 
f 12843 12949 12862 12844 
f 12843 12827 12826 12951 
f 12825 12952 12951 12826 
f 12824 12953 12952 12825 
f 12823 12954 12953 12824 
f 12822 12955 12954 12823 
f 12955 12822 12818 12922 
f 12955 12922 12936 12956 
f 12956 12936 12935 12957 
f 12359 12958 12957 12354 
f 12958 12359 12361 12959 
f 12959 12361 12363 12960 
f 12960 12363 12365 12961 
f 12961 12365 12367 12950 
f 12843 12951 12962 12949 
f 12951 12952 12963 12962 
f 12949 12962 12961 12950 
f 12962 12963 12960 12961 
f 12952 12953 12964 12963 
f 12953 12954 12965 12964 
f 12963 12964 12959 12960 
f 12964 12965 12958 12959 
f 12954 12955 12956 12965 
f 12965 12956 12957 12958 
f 12426 12425 11802 11723 
f 12480 12584 12454 12453 
f 12452 12451 12584 12480 
f 12599 11906 11793 12495 
f 12508 12507 12502 12505 
f 12512 12511 12506 12509 
f 12612 12540 12510 12513 
f 12610 12546 12540 12612 
f 12546 12610 12608 12548 
f 12606 12562 12548 12608 
f 12604 12564 12562 12606 
f 12489 12488 12564 12604 
f 12493 12492 12487 12490 
f 12599 12495 12491 12494 
f 12966 12282 11974 12666 
f 12684 12683 12967 12968 
f 12687 12684 12968 12969 
f 12689 12687 12969 12970 
f 12691 12689 12970 12971 
f 12693 12691 12971 12972 
f 12695 12693 12972 12973 
f 12697 12695 12973 12974 
f 12699 12697 12974 12975 
f 12701 12699 12975 12976 
f 12703 12701 12976 12977 
f 12705 12703 12977 12978 
f 12707 12705 12978 12979 
f 12709 12707 12979 12980 
f 12711 12709 12980 12981 
f 12666 12711 12981 12966 
f 12982 12424 12423 12783 
f 12983 12982 12783 12784 
f 12984 12983 12784 12786 
f 12793 12984 12786 12788 
f 15200 15044 12788 12789 
f 12776 12765 15046 
f 12777 12776 15046 15202 
f 12772 12777 15202 15205 
f 12769 12772 15205 15208 
f 12789 12769 15208 15200 
f 12367 12368 12863 12950 
f 12863 12368 12370 12861 
f 12846 12399 12401 12847 
f 12857 12387 12388 12856 
f 12856 12388 12392 12853 
f 12852 12397 12399 12846 
f 12853 12392 12397 12852 
f 12860 12369 12387 12857 
f 12861 12370 12369 12860 
f 12368 12366 12371 12370 
f 12383 12385 12393 
f 12355 12354 12957 12935 
f 12385 12943 12944 12393 
f 12384 12940 12943 12385 
f 12357 12939 12940 12384 
f 12356 12934 12939 12357 
f 12393 12944 12947 12394 
f 12394 12947 12948 12985 
f 12985 12948 12932 12986 
f 12986 12932 12920 12921 
f 12355 12935 12934 12356 
f 12320 12418 12419 
f 12403 12406 12869 12864 
f 12869 12406 12408 12887 
f 12887 12408 12410 12885 
f 12885 12410 12420 12884 
f 12884 12420 12419 12881 
f 12881 12419 12418 12879 
f 12879 12418 12417 12878 
f 12983 12304 12303 12982 
f 12984 12305 12304 12983 
f 12982 12303 11716 12424 
f 12793 12108 12305 12984 
f 12380 12378 12749 12753 
f 12391 12761 12762 12396 
f 12396 12762 12764 12398 
f 12390 12758 12761 12391 
f 12382 12757 12758 12390 
f 12381 12754 12757 12382 
f 12380 12753 12754 12381 
f 12398 12764 12748 12400 
f 12400 12748 12747 12402 
f 12921 12987 12988 12986 
f 12986 12988 12989 12985 
f 12985 12989 12395 12394 
f 12904 12990 12987 12921 
f 12902 12991 12990 12904 
f 12900 12992 12991 12902 
f 12315 12992 12900 12411 
f 12993 12994 11598 11597 
f 12995 12996 12994 12993 
f 12997 12998 12996 12995 
f 12999 13000 12998 12997 
f 13001 13002 13000 12999 
f 13003 13004 13002 13001 
f 13005 13006 13004 13003 
f 13006 13005 13007 13008 
f 13009 13006 13008 13010 
f 13011 13009 13010 13012 
f 13013 13011 13012 13014 
f 13015 13016 13011 13013 
f 13017 13018 13016 13015 
f 13019 13020 13018 13017 
f 13021 13022 13020 13019 
f 13023 13024 13022 13021 
f 13025 13026 13024 13023 
f 11632 11633 13026 13025 
f 13011 13016 13027 13009 
f 13009 13027 13004 13006 
f 13016 13018 13028 13027 
f 13018 13020 13029 13028 
f 13027 13028 13002 13004 
f 13028 13029 13000 13002 
f 13020 13022 13030 13029 
f 13022 13024 13031 13030 
f 13029 13030 12998 13000 
f 13030 13031 12996 12998 
f 13024 13026 13032 13031 
f 13026 11633 11640 13032 
f 13031 13032 12994 12996 
f 13032 11640 11598 12994 
f 13033 13034 13035 13036 
f 13033 13036 13037 
f 13033 13037 13038 
f 13035 13034 13039 13040 
f 13040 13039 13041 13042 
f 13042 13041 13043 13044 
f 13044 13043 13045 13046 
f 13046 13045 13047 13048 
f 13048 13047 13049 
f 13050 13051 13052 
f 13053 13054 13055 13056 
f 13057 13053 13056 13058 
f 13059 13057 13058 13060 
f 13059 13060 13061 
f 13062 13059 13061 13063 
f 13062 13063 13064 
f 13062 13064 13065 
f 13066 13033 13038 13067 
f 13066 13067 13068 
f 13050 13052 13069 13070 
f 13071 13070 13069 
f 13072 13062 13065 13073 
f 13072 13073 13074 
f 13075 13071 13069 13072 
f 13066 13076 13077 11684 
f 13075 13072 13074 13078 
f 13079 13075 13078 13080 
f 13081 13079 13080 13082 
f 13083 13081 13082 13084 
f 13085 13083 13084 13086 
f 13085 13086 13087 13088 
f 13088 13087 13089 13090 
f 13090 13089 13091 13092 
f 12993 11597 13093 13094 
f 12993 13094 13095 
f 12995 12993 13095 13096 
f 12995 13096 13097 
f 12995 13097 13098 12997 
f 12997 13098 13099 12999 
f 12999 13099 13100 
f 13001 12999 13101 13102 
f 13001 13102 13092 13091 
f 13003 13001 13091 13103 
f 13003 13103 13104 
f 13005 13003 13104 13105 
f 13005 13105 13106 
f 13005 13106 13107 13007 
f 13108 13109 13110 13111 
f 13112 13109 13113 13114 
f 13115 13112 13114 13116 
f 13053 13115 13116 13054 
f 11726 11729 13117 13118 
f 13118 13117 13119 13120 
f 13120 13119 13121 13122 
f 13123 13124 13125 13126 
f 13127 13128 13129 13130 
f 13130 13129 13131 13132 
f 13132 13131 13133 13134 
f 13134 13133 13135 13136 
f 13137 13138 13111 13110 
f 11726 13118 13139 11750 
f 11750 13139 13140 11752 
f 13118 13120 13141 13139 
f 13139 13141 13142 13140 
f 11752 13140 13066 11684 
f 13140 13142 13033 13066 
f 13120 13122 13143 13141 
f 13141 13143 13144 13142 
f 13122 13145 13146 13143 
f 13143 13146 13147 13144 
f 13142 13144 13034 13033 
f 13144 13147 13039 13034 
f 13145 13123 13148 13146 
f 13146 13148 13149 13147 
f 13123 13126 13150 13148 
f 13148 13150 13151 13149 
f 13147 13149 13041 13039 
f 13149 13151 13043 13041 
f 13126 13127 13152 13150 
f 13150 13152 13153 13151 
f 13127 13130 13154 13152 
f 13152 13154 13155 13153 
f 13151 13153 13045 13043 
f 13153 13155 13047 13045 
f 13130 13132 13156 13154 
f 13154 13156 13157 13155 
f 13132 13134 13158 13156 
f 13156 13158 13159 13157 
f 13155 13157 13052 13047 
f 13157 13159 13069 13052 
f 13134 13136 13160 13158 
f 13158 13160 13161 13159 
f 13136 13162 13163 13160 
f 13160 13163 13164 13161 
f 13159 13161 13072 13069 
f 13161 13164 13062 13072 
f 13162 13137 13165 13163 
f 13163 13165 13166 13164 
f 13137 13110 13167 13165 
f 13165 13167 13168 13166 
f 13164 13166 13059 13062 
f 13166 13168 13057 13059 
f 13110 13109 13112 13167 
f 13167 13112 13115 13168 
f 13168 13115 13053 13057 
f 13169 13170 13171 13172 
f 13173 13174 13175 13176 
f 13177 13178 13179 13180 
f 13180 13179 13181 13182 
f 13182 13181 13183 13184 
f 13184 13183 13185 13186 
f 13186 13185 13187 13188 
f 13188 13187 13189 13108 
f 13125 13128 13127 13126 
f 13190 13124 13123 13145 
f 13121 13190 13145 13122 
f 13191 11807 11806 13192 
f 13193 13194 13195 13196 
f 13197 13198 13199 13200 
f 11807 13191 13201 11816 
f 13191 13194 13202 13201 
f 11816 13201 13203 11819 
f 11819 13203 13204 11821 
f 13201 13202 13205 13203 
f 13203 13205 13206 13204 
f 13194 13193 13207 13202 
f 13193 13198 13208 13207 
f 13202 13207 13209 13205 
f 13205 13209 13210 13206 
f 13207 13208 13211 13209 
f 13209 13211 13212 13210 
f 11821 13204 13213 11831 
f 11831 13213 13214 11833 
f 13204 13206 13215 13213 
f 13213 13215 13216 13214 
f 11833 13214 13117 11729 
f 13214 13216 13119 13117 
f 13206 13210 13217 13215 
f 13215 13217 13218 13216 
f 13210 13212 13219 13217 
f 13217 13219 13220 13218 
f 13216 13218 13121 13119 
f 13218 13220 13190 13121 
f 13198 13197 13221 13208 
f 13197 13222 13223 13221 
f 13208 13221 13224 13211 
f 13211 13224 13225 13212 
f 13221 13223 13226 13224 
f 13224 13226 13227 13225 
f 13222 13228 13229 13223 
f 13228 13230 13231 13229 
f 13223 13229 13232 13226 
f 13226 13232 13233 13227 
f 13229 13231 13234 13232 
f 13232 13234 13235 13233 
f 13212 13225 13236 13219 
f 13219 13236 13237 13220 
f 13225 13227 13238 13236 
f 13236 13238 13239 13237 
f 13220 13237 13124 13190 
f 13237 13239 13125 13124 
f 13227 13233 13240 13238 
f 13238 13240 13241 13239 
f 13233 13235 13242 13240 
f 13240 13242 13243 13241 
f 13239 13241 13128 13125 
f 13241 13243 13129 13128 
f 13230 13244 13245 13231 
f 13244 13246 13247 13245 
f 13231 13245 13248 13234 
f 13234 13248 13249 13235 
f 13245 13247 13250 13248 
f 13248 13250 13251 13249 
f 13246 13170 13252 13247 
f 13170 13169 13253 13252 
f 13247 13252 13254 13250 
f 13250 13254 13255 13251 
f 13252 13253 13256 13254 
f 13254 13256 13257 13255 
f 13235 13249 13258 13242 
f 13242 13258 13259 13243 
f 13249 13251 13260 13258 
f 13258 13260 13261 13259 
f 13243 13259 13131 13129 
f 13259 13261 13133 13131 
f 13251 13255 13262 13260 
f 13260 13262 13263 13261 
f 13255 13257 13264 13262 
f 13262 13264 13265 13263 
f 13261 13263 13135 13133 
f 13263 13265 13266 13135 
f 13169 13174 13267 13253 
f 13174 13173 13268 13267 
f 13253 13267 13269 13256 
f 13256 13269 13270 13257 
f 13267 13268 13271 13269 
f 13269 13271 13272 13270 
f 13173 13177 13180 13268 
f 13268 13180 13182 13271 
f 13271 13182 13184 13272 
f 13257 13270 13273 13264 
f 13264 13273 13274 13265 
f 13270 13272 13275 13273 
f 13273 13275 13276 13274 
f 13265 13274 13138 13266 
f 13274 13276 13111 13138 
f 13272 13184 13186 13275 
f 13275 13186 13188 13276 
f 13276 13188 13108 13111 
f 13277 13278 13279 13280 
f 13277 13280 13281 13282 
f 13283 13282 13281 13284 
f 13285 13283 13284 13286 
f 13176 13287 13283 13285 
f 13175 13288 13287 13176 
f 13172 13289 13288 13175 
f 13171 13290 13289 13172 
f 13291 13292 13290 13171 
f 13293 13294 13292 13291 
f 13294 13293 13295 13296 
f 13297 13298 13296 13295 
f 13299 13300 13298 13297 
f 13200 13301 13300 13299 
f 13199 13302 13301 13200 
f 13196 13303 13302 13199 
f 13195 13304 13303 13196 
f 13192 13305 13304 13195 
f 11806 11926 13305 13192 
f 13306 13307 11929 11928 
f 13308 13309 13307 13306 
f 13310 13311 13309 13308 
f 13312 13313 13311 13310 
f 13314 13315 13313 13312 
f 13316 13317 13315 13314 
f 13318 13319 13317 13316 
f 13320 13321 13319 13318 
f 13322 13323 13321 13320 
f 13324 13325 13323 13322 
f 13326 13327 13325 13324 
f 13328 13329 13327 13326 
f 13330 13331 13329 13328 
f 13332 13333 13331 13330 
f 13278 13277 13333 13332 
f 11929 13307 13334 11957 
f 13307 13309 13335 13334 
f 11957 13334 13305 11926 
f 13334 13335 13304 13305 
f 13309 13311 13336 13335 
f 13311 13313 13337 13336 
f 13335 13336 13303 13304 
f 13336 13337 13302 13303 
f 13313 13315 13338 13337 
f 13315 13317 13339 13338 
f 13337 13338 13301 13302 
f 13338 13339 13300 13301 
f 13317 13319 13340 13339 
f 13319 13321 13341 13340 
f 13339 13340 13298 13300 
f 13340 13341 13296 13298 
f 13321 13323 13342 13341 
f 13323 13325 13343 13342 
f 13341 13342 13294 13296 
f 13342 13343 13292 13294 
f 13325 13327 13344 13343 
f 13327 13329 13345 13344 
f 13343 13344 13290 13292 
f 13344 13345 13289 13290 
f 13329 13331 13346 13345 
f 13331 13333 13347 13346 
f 13345 13346 13288 13289 
f 13346 13347 13287 13288 
f 13333 13277 13282 13347 
f 13347 13282 13283 13287 
f 13348 13349 13350 13351 
f 13352 13348 13351 13353 
f 13352 13353 13279 13278 
f 13352 13278 13332 13354 
f 13354 13332 13330 13355 
f 13355 13330 13328 13356 
f 13356 13328 13326 13357 
f 13357 13326 13324 13358 
f 13358 13324 13322 13359 
f 13359 13322 13320 13360 
f 13360 13320 13318 13361 
f 13361 13318 13316 13362 
f 13362 13316 13314 13363 
f 13363 13314 13312 13364 
f 13364 13312 13310 13365 
f 13365 13310 13308 13366 
f 13366 13308 13306 13367 
f 13367 13306 11928 11992 
f 11993 13368 13369 11994 
f 11994 13369 13367 11992 
f 13368 13370 13371 13369 
f 13369 13371 13366 13367 
f 13370 13372 13373 13371 
f 13371 13373 13365 13366 
f 13372 13374 13375 13373 
f 13373 13375 13364 13365 
f 13374 13376 13377 13375 
f 13375 13377 13363 13364 
f 13376 13378 13379 13377 
f 13377 13379 13362 13363 
f 13378 13380 13381 13379 
f 13379 13381 13361 13362 
f 13380 13382 13383 13381 
f 13381 13383 13360 13361 
f 13382 13384 13385 13383 
f 13383 13385 13359 13360 
f 13384 13386 13387 13385 
f 13385 13387 13358 13359 
f 13386 13388 13389 13387 
f 13387 13389 13357 13358 
f 13388 13390 13391 13389 
f 13389 13391 13356 13357 
f 13390 13392 13393 13391 
f 13391 13393 13355 13356 
f 13392 13394 13395 13393 
f 13393 13395 13354 13355 
f 13394 13349 13348 13395 
f 13395 13348 13352 13354 
f 15211 13396 13397 15215 
f 15218 15215 13397 13398 
f 15221 15218 13398 13399 
f 13400 13401 13402 13403 
f 13058 13402 13401 13060 
f 13056 13404 13402 13058 
f 13055 13405 13404 13056 
f 13398 13406 13407 13399 
f 13406 13398 13397 13408 
f 13408 13397 13396 13409 
f 13403 13408 13409 13400 
f 13407 13406 13410 13411 
f 13406 13408 13403 13410 
f 13411 13410 13404 13405 
f 13410 13403 13402 13404 
f 13409 13396 13412 13413 
f 13413 13412 13414 13415 
f 13415 13414 13416 13417 
f 13417 13416 13418 13419 
f 13419 13418 13420 13421 
f 13422 13423 13421 13420 
f 13424 13425 13423 13422 
f 13426 13427 13425 13424 
f 13427 13426 13428 13429 
f 13429 13428 13430 13431 
f 13432 13429 13431 13433 
f 13432 13433 13434 13435 
f 13436 13061 13060 13401 
f 13436 13401 13400 13437 
f 13437 13400 13409 13413 
f 13413 13415 13438 13437 
f 13415 13417 13439 13438 
f 13437 13438 13440 13436 
f 13438 13439 13441 13440 
f 13417 13419 13442 13439 
f 13419 13421 13443 13442 
f 13439 13442 13444 13441 
f 13442 13443 13445 13444 
f 13421 13423 13446 13443 
f 13423 13425 13447 13446 
f 13443 13446 13448 13445 
f 13446 13447 13449 13448 
f 13425 13427 13450 13447 
f 13427 13429 13432 13450 
f 13447 13450 13451 13449 
f 13450 13432 13435 13451 
f 13431 13430 13452 13453 
f 13433 13431 13453 13454 
f 13434 13433 13454 13455 
f 13084 13434 13455 13086 
f 13456 13457 13458 13459 
f 13460 13087 13086 13455 
f 13461 13460 13455 13454 
f 13462 13461 13454 13453 
f 13463 13462 13453 13452 
f 13464 13465 13462 13463 
f 13459 13458 13465 13464 
f 13087 13460 13466 13089 
f 13091 13089 13466 13467 
f 13103 13091 13467 13468 
f 13104 13103 13468 13469 
f 13105 13104 13469 13470 
f 13471 13470 13469 13472 
f 13473 13471 13472 13474 
f 13475 13473 13474 13476 
f 13476 13474 13457 13456 
f 13462 13465 13477 13461 
f 13461 13477 13466 13460 
f 13465 13458 13478 13477 
f 13458 13457 13479 13478 
f 13477 13478 13467 13466 
f 13478 13479 13468 13467 
f 13457 13474 13472 13479 
f 13479 13472 13469 13468 
f 15227 15223 13480 13475 
f 13430 15233 15229 13452 
f 13412 13396 15211 15235 
f 15239 15233 13430 13428 
f 15242 15239 13428 13426 
f 15245 15242 13426 13424 
f 15245 13424 13422 15248 
f 15248 13422 13420 15251 
f 15251 13420 13418 15254 
f 15254 13418 13416 15257 
f 15260 15257 13416 13414 
f 15235 15260 13414 13412 
f 15223 15262 13481 13480 
f 13482 15269 15265 13483 
f 15275 15271 13484 13485 
f 15271 15269 13482 13484 
f 13486 13487 15281 
f 13488 13486 15281 15277 
f 13489 13488 15277 15283 
f 13490 13489 15283 15286 
f 13485 13490 15286 15275 
f 13491 13492 15293 
f 15290 15281 13487 13493 
f 15290 13493 13491 15293 
f 13494 13495 15299 15295 
f 15302 15293 13492 13496 
f 15305 15302 13496 13497 
f 15305 13497 13498 15308 
f 15311 15308 13498 13499 
f 15295 15311 13499 13494 
f 13500 15314 15299 13495 
f 15320 15316 13501 13502 
f 15314 13500 13503 15323 
f 15326 15323 13503 13504 
f 15316 15326 13504 13501 
f 13505 13506 15332 15328 
f 13507 13505 15328 15334 
f 13508 13507 15334 15337 
f 13508 15337 15340 13509 
f 13502 13509 15340 15320 
f 15332 13506 13510 15344 
f 15347 15344 13510 13511 
f 15347 13511 13512 15350 
f 15353 15350 13512 13513 
f 15353 13513 13514 15356 
f 15359 15356 13514 13515 
f 15365 15361 13516 13517 
f 15361 15359 13515 13516 
f 13518 13483 15265 15367 
f 13519 13518 15367 15370 
f 13520 13519 15370 15373 
f 13521 13520 15373 15376 
f 13521 15376 15379 13522 
f 13523 13522 15379 15382 
f 13517 13523 15382 15365 
f 13524 13483 13518 13525 
f 13525 13518 13519 13526 
f 13526 13519 13520 13527 
f 13521 13528 13527 13520 
f 13528 13521 13522 13529 
f 13529 13522 13523 13530 
f 13516 13515 13531 13532 
f 13517 13533 13530 13523 
f 13516 13532 13533 13517 
f 13534 13535 13536 13537 
f 13537 13536 13524 13525 
f 13525 13526 13538 13537 
f 13526 13527 13539 13538 
f 13537 13538 13540 13534 
f 13538 13539 13541 13540 
f 13527 13528 13542 13539 
f 13528 13529 13543 13542 
f 13539 13542 13544 13541 
f 13542 13543 13545 13544 
f 13529 13530 13546 13543 
f 13530 13533 13547 13546 
f 13543 13546 13548 13545 
f 13546 13547 13549 13548 
f 13533 13532 13550 13547 
f 13547 13550 13551 13549 
f 13535 13083 13085 13552 
f 13536 13535 13552 13553 
f 13524 13536 13553 13554 
f 13483 13524 13554 13482 
f 13555 13487 13486 13556 
f 13552 13557 13558 13553 
f 13553 13558 13559 13554 
f 13554 13559 13484 13482 
f 13485 13484 13559 13560 
f 13485 13560 13561 13490 
f 13490 13561 13562 13489 
f 13489 13562 13563 13488 
f 13486 13488 13563 13556 
f 13564 13555 13556 13565 
f 13566 13564 13565 13567 
f 13556 13563 13568 13565 
f 13565 13568 13569 13567 
f 13563 13562 13570 13568 
f 13562 13561 13571 13570 
f 13568 13570 13572 13569 
f 13570 13571 13573 13572 
f 13561 13560 13574 13571 
f 13560 13559 13558 13574 
f 13571 13574 13575 13573 
f 13574 13558 13557 13575 
f 13097 13096 13576 13577 
f 13578 13491 13493 13579 
f 13579 13493 13487 13555 
f 13579 13555 13564 13580 
f 13580 13564 13566 13581 
f 13581 13566 13099 13098 
f 13097 13577 13581 13098 
f 13582 13577 13576 13583 
f 13578 13582 13583 13584 
f 13581 13577 13582 13580 
f 13580 13582 13578 13579 
f 13492 13491 13578 13584 
f 13095 13585 13576 13096 
f 13094 13586 13585 13095 
f 13093 13587 13586 13094 
f 13587 13093 13588 13589 
f 13590 13591 13589 13588 
f 13591 13590 13592 13593 
f 13594 13591 13593 13595 
f 13596 13594 13595 13597 
f 13494 13596 13597 13495 
f 13596 13494 13499 13598 
f 13498 13599 13598 13499 
f 13599 13498 13497 13600 
f 13496 13601 13600 13497 
f 13601 13496 13492 13584 
f 13596 13598 13602 13594 
f 13594 13602 13589 13591 
f 13598 13599 13603 13602 
f 13599 13600 13604 13603 
f 13602 13603 13587 13589 
f 13603 13604 13586 13587 
f 13600 13601 13605 13604 
f 13601 13584 13583 13605 
f 13604 13605 13585 13586 
f 13605 13583 13576 13585 
f 13606 13500 13495 13597 
f 13607 13606 13597 13595 
f 13607 13595 13593 13608 
f 13608 13593 13592 13609 
f 13610 13506 13505 13611 
f 13507 13612 13611 13505 
f 13612 13507 13508 13613 
f 13509 13614 13613 13508 
f 13614 13509 13502 13615 
f 13501 13616 13615 13502 
f 13504 13617 13616 13501 
f 13503 13618 13617 13504 
f 13618 13503 13500 13606 
f 13618 13606 13607 13619 
f 13620 13619 13607 13608 
f 13621 13622 13623 13624 
f 13624 13610 13611 13621 
f 13611 13612 13625 13621 
f 13612 13613 13626 13625 
f 13621 13625 13627 13622 
f 13625 13626 13628 13627 
f 13613 13614 13629 13626 
f 13614 13615 13630 13629 
f 13626 13629 13631 13628 
f 13629 13630 13632 13631 
f 13615 13616 13633 13630 
f 13616 13617 13634 13633 
f 13630 13633 13635 13632 
f 13633 13634 13636 13635 
f 13617 13618 13619 13634 
f 13634 13619 13620 13636 
f 13637 13638 13551 13550 
f 13531 13637 13550 13532 
f 13531 13515 13514 13639 
f 13513 13640 13639 13514 
f 13512 13641 13640 13513 
f 13511 13642 13641 13512 
f 13510 13643 13642 13511 
f 13643 13510 13506 13610 
f 13643 13610 13624 13644 
f 13644 13624 13623 13645 
f 13040 13646 13645 13035 
f 13646 13040 13042 13647 
f 13647 13042 13044 13648 
f 13648 13044 13046 13649 
f 13649 13046 13048 13638 
f 13531 13639 13650 13637 
f 13639 13640 13651 13650 
f 13637 13650 13649 13638 
f 13650 13651 13648 13649 
f 13640 13641 13652 13651 
f 13641 13642 13653 13652 
f 13651 13652 13647 13648 
f 13652 13653 13646 13647 
f 13642 13643 13644 13653 
f 13653 13644 13645 13646 
f 13109 13108 13189 13113 
f 13162 13266 13138 13137 
f 13136 13135 13266 13162 
f 13285 13286 13178 13177 
f 13195 13194 13191 13192 
f 13199 13198 13193 13196 
f 13299 13222 13197 13200 
f 13297 13228 13222 13299 
f 13228 13297 13295 13230 
f 13293 13244 13230 13295 
f 13291 13246 13244 13293 
f 13171 13170 13246 13291 
f 13175 13174 13169 13172 
f 13285 13177 13173 13176 
f 13654 13655 13350 13349 
f 13368 11993 12284 13656 
f 13370 13368 13656 13657 
f 13372 13370 13657 13658 
f 13374 13372 13658 13659 
f 13376 13374 13659 13660 
f 13378 13376 13660 13661 
f 13380 13378 13661 13662 
f 13382 13380 13662 13663 
f 13384 13382 13663 13664 
f 13386 13384 13664 13665 
f 13388 13386 13665 13666 
f 13390 13388 13666 13667 
f 13392 13390 13667 13668 
f 13394 13392 13668 13669 
f 13349 13394 13669 13654 
f 13670 13106 13105 13470 
f 13671 13670 13470 13471 
f 13672 13671 13471 13473 
f 13480 13672 13473 13475 
f 15386 15227 13475 13476 
f 13463 13452 15229 
f 13464 13463 15229 15388 
f 13459 13464 15388 15391 
f 13456 13459 15391 15394 
f 13476 13456 15394 15386 
f 13048 13049 13551 13638 
f 13551 13049 13051 13549 
f 13534 13081 13083 13535 
f 13545 13070 13071 13544 
f 13544 13071 13075 13541 
f 13540 13079 13081 13534 
f 13541 13075 13079 13540 
f 13548 13050 13070 13545 
f 13549 13051 13050 13548 
f 13049 13047 13052 13051 
f 13066 13068 13076 
f 13036 13035 13645 13623 
f 13068 13631 13632 13076 
f 13067 13628 13631 13068 
f 13038 13627 13628 13067 
f 13037 13622 13627 13038 
f 13076 13632 13635 13077 
f 13077 13635 13636 13673 
f 13673 13636 13620 13674 
f 13674 13620 13608 13609 
f 13036 13623 13622 13037 
f 12999 13100 13101 
f 13085 13088 13557 13552 
f 13557 13088 13090 13575 
f 13575 13090 13092 13573 
f 13573 13092 13102 13572 
f 13572 13102 13101 13569 
f 13569 13101 13100 13567 
f 13567 13100 13099 13566 
f 13671 13675 13676 13670 
f 13672 13677 13675 13671 
f 13670 13676 13107 13106 
f 13480 13481 13677 13672 
f 13063 13061 13436 13440 
f 13074 13448 13449 13078 
f 13078 13449 13451 13080 
f 13073 13445 13448 13074 
f 13065 13444 13445 13073 
f 13064 13441 13444 13065 
f 13063 13440 13441 13064 
f 13080 13451 13435 13082 
f 13082 13435 13434 13084 
f 13609 12307 12306 13674 
f 13674 12306 12308 13673 
f 13673 12308 11684 13077 
f 13592 12309 12307 13609 
f 13590 12310 12309 13592 
f 13588 12311 12310 13590 
f 11597 12311 13588 13093 
f 13678 12315 12314 13679 
f 13680 13678 13679 13681 
f 13682 13680 13681 13683 
f 13684 13682 13683 13685 
f 13686 13684 13685 13687 
f 13688 13686 13687 13689 
f 13690 13688 13689 13691 
f 13691 13008 13007 13690 
f 13692 13010 13008 13691 
f 13693 13012 13010 13692 
f 13694 13014 13012 13693 
f 13695 13694 13693 13696 
f 13697 13695 13696 13698 
f 13699 13697 13698 13700 
f 13701 13699 13700 13702 
f 13703 13701 13702 13704 
f 13705 13703 13704 13706 
f 12343 13705 13706 12344 
f 13693 13692 13707 13696 
f 13692 13691 13689 13707 
f 13696 13707 13708 13698 
f 13698 13708 13709 13700 
f 13707 13689 13687 13708 
f 13708 13687 13685 13709 
f 13700 13709 13710 13702 
f 13702 13710 13711 13704 
f 13709 13685 13683 13710 
f 13710 13683 13681 13711 
f 13704 13711 13712 13706 
f 13706 13712 12351 12344 
f 13711 13681 13679 13712 
f 13712 13679 12314 12351 
f 13713 13714 13715 13716 
f 13713 13717 13714 
f 13713 13718 13717 
f 13715 13719 13720 13716 
f 13719 13721 13722 13720 
f 13721 13723 13724 13722 
f 13723 13725 13726 13724 
f 13725 13727 13728 13726 
f 13727 13729 13728 
f 13730 13731 13732 
f 13733 13734 13055 13054 
f 13735 13736 13734 13733 
f 13737 13738 13736 13735 
f 13737 13739 13738 
f 13740 13741 13739 13737 
f 13740 13742 13741 
f 13740 13743 13742 
f 13744 13745 13718 13713 
f 13744 13746 13745 
f 13730 13747 13748 13731 
f 13749 13748 13747 
f 13750 13751 13743 13740 
f 13750 13752 13751 
f 13753 13750 13748 13749 
f 13744 12395 13754 13755 
f 13753 13756 13752 13750 
f 13757 13758 13756 13753 
f 13759 13760 13758 13757 
f 13761 13762 13760 13759 
f 13763 13764 13762 13761 
f 13763 13765 13766 13764 
f 13765 13767 13768 13766 
f 13767 13769 13770 13768 
f 13678 13771 13772 12315 
f 13678 13773 13771 
f 13680 13774 13773 13678 
f 13680 13775 13774 
f 13680 13682 13776 13775 
f 13682 13684 13777 13776 
f 13684 13778 13777 
f 13686 13779 13780 13684 
f 13686 13770 13769 13779 
f 13688 13781 13770 13686 
f 13688 13782 13781 
f 13690 13783 13782 13688 
f 13690 13784 13783 
f 13690 13007 13107 13784 
f 13785 13786 13787 13788 
f 13789 13114 13113 13788 
f 13790 13116 13114 13789 
f 13733 13054 13116 13790 
f 12431 13791 13792 12432 
f 13791 13793 13794 13792 
f 13793 13795 13796 13794 
f 13797 13798 13799 13800 
f 13801 13802 13803 13804 
f 13802 13805 13806 13803 
f 13805 13807 13808 13806 
f 13807 13809 13810 13808 
f 13811 13787 13786 13812 
f 12431 12456 13813 13791 
f 12456 12458 13814 13813 
f 13791 13813 13815 13793 
f 13813 13814 13816 13815 
f 12458 12395 13744 13814 
f 13814 13744 13713 13816 
f 13793 13815 13817 13795 
f 13815 13816 13818 13817 
f 13795 13817 13819 13820 
f 13817 13818 13821 13819 
f 13816 13713 13716 13818 
f 13818 13716 13720 13821 
f 13820 13819 13822 13797 
f 13819 13821 13823 13822 
f 13797 13822 13824 13798 
f 13822 13823 13825 13824 
f 13821 13720 13722 13823 
f 13823 13722 13724 13825 
f 13798 13824 13826 13801 
f 13824 13825 13827 13826 
f 13801 13826 13828 13802 
f 13826 13827 13829 13828 
f 13825 13724 13726 13827 
f 13827 13726 13728 13829 
f 13802 13828 13830 13805 
f 13828 13829 13831 13830 
f 13805 13830 13832 13807 
f 13830 13831 13833 13832 
f 13829 13728 13731 13831 
f 13831 13731 13748 13833 
f 13807 13832 13834 13809 
f 13832 13833 13835 13834 
f 13809 13834 13836 13837 
f 13834 13835 13838 13836 
f 13833 13748 13750 13835 
f 13835 13750 13740 13838 
f 13837 13836 13839 13811 
f 13836 13838 13840 13839 
f 13811 13839 13841 13787 
f 13839 13840 13842 13841 
f 13838 13740 13737 13840 
f 13840 13737 13735 13842 
f 13787 13841 13789 13788 
f 13841 13842 13790 13789 
f 13842 13735 13733 13790 
f 13843 13844 13845 13846 
f 13847 13848 13849 13850 
f 13851 13852 13179 13178 
f 13852 13853 13181 13179 
f 13853 13854 13183 13181 
f 13854 13855 13185 13183 
f 13855 13856 13187 13185 
f 13856 13785 13189 13187 
f 13799 13798 13801 13804 
f 13857 13820 13797 13800 
f 13796 13795 13820 13857 
f 13858 13859 12504 12503 
f 13860 13861 13862 13863 
f 13864 13865 13866 13867 
f 12503 12515 13868 13858 
f 13858 13868 13869 13863 
f 12515 12518 13870 13868 
f 12518 12520 13871 13870 
f 13868 13870 13872 13869 
f 13870 13871 13873 13872 
f 13863 13869 13874 13860 
f 13860 13874 13875 13867 
f 13869 13872 13876 13874 
f 13872 13873 13877 13876 
f 13874 13876 13878 13875 
f 13876 13877 13879 13878 
f 12520 12530 13880 13871 
f 12530 12532 13881 13880 
f 13871 13880 13882 13873 
f 13880 13881 13883 13882 
f 12532 12432 13792 13881 
f 13881 13792 13794 13883 
f 13873 13882 13884 13877 
f 13882 13883 13885 13884 
f 13877 13884 13886 13879 
f 13884 13885 13887 13886 
f 13883 13794 13796 13885 
f 13885 13796 13857 13887 
f 13867 13875 13888 13864 
f 13864 13888 13889 13890 
f 13875 13878 13891 13888 
f 13878 13879 13892 13891 
f 13888 13891 13893 13889 
f 13891 13892 13894 13893 
f 13890 13889 13895 13896 
f 13896 13895 13897 13898 
f 13889 13893 13899 13895 
f 13893 13894 13900 13899 
f 13895 13899 13901 13897 
f 13899 13900 13902 13901 
f 13879 13886 13903 13892 
f 13886 13887 13904 13903 
f 13892 13903 13905 13894 
f 13903 13904 13906 13905 
f 13887 13857 13800 13904 
f 13904 13800 13799 13906 
f 13894 13905 13907 13900 
f 13905 13906 13908 13907 
f 13900 13907 13909 13902 
f 13907 13908 13910 13909 
f 13906 13799 13804 13908 
f 13908 13804 13803 13910 
f 13898 13897 13911 13912 
f 13912 13911 13913 13914 
f 13897 13901 13915 13911 
f 13901 13902 13916 13915 
f 13911 13915 13917 13913 
f 13915 13916 13918 13917 
f 13914 13913 13919 13846 
f 13846 13919 13920 13843 
f 13913 13917 13921 13919 
f 13917 13918 13922 13921 
f 13919 13921 13923 13920 
f 13921 13922 13924 13923 
f 13902 13909 13925 13916 
f 13909 13910 13926 13925 
f 13916 13925 13927 13918 
f 13925 13926 13928 13927 
f 13910 13803 13806 13926 
f 13926 13806 13808 13928 
f 13918 13927 13929 13922 
f 13927 13928 13930 13929 
f 13922 13929 13931 13924 
f 13929 13930 13932 13931 
f 13928 13808 13810 13930 
f 13930 13810 13933 13932 
f 13843 13920 13934 13850 
f 13850 13934 13935 13847 
f 13920 13923 13936 13934 
f 13923 13924 13937 13936 
f 13934 13936 13938 13935 
f 13936 13937 13939 13938 
f 13847 13935 13852 13851 
f 13935 13938 13853 13852 
f 13938 13939 13854 13853 
f 13924 13931 13940 13937 
f 13931 13932 13941 13940 
f 13937 13940 13942 13939 
f 13940 13941 13943 13942 
f 13932 13933 13812 13941 
f 13941 13812 13786 13943 
f 13939 13942 13855 13854 
f 13942 13943 13856 13855 
f 13943 13786 13785 13856 
f 13944 13280 13279 13945 
f 13944 13946 13281 13280 
f 13947 13284 13281 13946 
f 13948 13286 13284 13947 
f 13848 13948 13947 13949 
f 13849 13848 13949 13950 
f 13844 13849 13950 13951 
f 13845 13844 13951 13952 
f 13953 13845 13952 13954 
f 13955 13953 13954 13956 
f 13956 13957 13958 13955 
f 13959 13958 13957 13960 
f 13961 13959 13960 13962 
f 13865 13961 13962 13963 
f 13866 13865 13963 13964 
f 13861 13866 13964 13965 
f 13862 13861 13965 13966 
f 13859 13862 13966 13967 
f 12504 13859 13967 12619 
f 13968 12623 12622 13969 
f 13970 13968 13969 13971 
f 13972 13970 13971 13973 
f 13974 13972 13973 13975 
f 13976 13974 13975 13977 
f 13978 13976 13977 13979 
f 13980 13978 13979 13981 
f 13982 13980 13981 13983 
f 13984 13982 13983 13985 
f 13986 13984 13985 13987 
f 13988 13986 13987 13989 
f 13990 13988 13989 13991 
f 13992 13990 13991 13993 
f 13994 13992 13993 13995 
f 13945 13994 13995 13944 
f 12622 12651 13996 13969 
f 13969 13996 13997 13971 
f 12651 12619 13967 13996 
f 13996 13967 13966 13997 
f 13971 13997 13998 13973 
f 13973 13998 13999 13975 
f 13997 13966 13965 13998 
f 13998 13965 13964 13999 
f 13975 13999 14000 13977 
f 13977 14000 14001 13979 
f 13999 13964 13963 14000 
f 14000 13963 13962 14001 
f 13979 14001 14002 13981 
f 13981 14002 14003 13983 
f 14001 13962 13960 14002 
f 14002 13960 13957 14003 
f 13983 14003 14004 13985 
f 13985 14004 14005 13987 
f 14003 13957 13956 14004 
f 14004 13956 13954 14005 
f 13987 14005 14006 13989 
f 13989 14006 14007 13991 
f 14005 13954 13952 14006 
f 14006 13952 13951 14007 
f 13991 14007 14008 13993 
f 13993 14008 14009 13995 
f 14007 13951 13950 14008 
f 14008 13950 13949 14009 
f 13995 14009 13946 13944 
f 14009 13949 13947 13946 
f 14010 13351 13350 14011 
f 14012 13353 13351 14010 
f 14012 13945 13279 13353 
f 14012 14013 13994 13945 
f 14013 14014 13992 13994 
f 14014 14015 13990 13992 
f 14015 14016 13988 13990 
f 14016 14017 13986 13988 
f 14017 14018 13984 13986 
f 14018 14019 13982 13984 
f 14019 14020 13980 13982 
f 14020 14021 13978 13980 
f 14021 14022 13976 13978 
f 14022 14023 13974 13976 
f 14023 14024 13972 13974 
f 14024 14025 13970 13972 
f 14025 14026 13968 13970 
f 14026 12682 12623 13968 
f 12683 12686 14027 14028 
f 12686 12682 14026 14027 
f 14028 14027 14029 14030 
f 14027 14026 14025 14029 
f 14030 14029 14031 14032 
f 14029 14025 14024 14031 
f 14032 14031 14033 14034 
f 14031 14024 14023 14033 
f 14034 14033 14035 14036 
f 14033 14023 14022 14035 
f 14036 14035 14037 14038 
f 14035 14022 14021 14037 
f 14038 14037 14039 14040 
f 14037 14021 14020 14039 
f 14040 14039 14041 14042 
f 14039 14020 14019 14041 
f 14042 14041 14043 14044 
f 14041 14019 14018 14043 
f 14044 14043 14045 14046 
f 14043 14018 14017 14045 
f 14046 14045 14047 14048 
f 14045 14017 14016 14047 
f 14048 14047 14049 14050 
f 14047 14016 14015 14049 
f 14050 14049 14051 14052 
f 14049 14015 14014 14051 
f 14052 14051 14053 14054 
f 14051 14014 14013 14053 
f 14054 14053 14010 14011 
f 14053 14013 14012 14010 
f 15401 15397 14055 14056 
f 15403 14057 14055 15397 
f 15221 13399 14057 15403 
f 14058 14059 14060 14061 
f 13736 13738 14061 14060 
f 13734 13736 14060 14062 
f 13055 13734 14062 13405 
f 14057 13399 13407 14063 
f 14063 14064 14055 14057 
f 14064 14065 14056 14055 
f 14059 14058 14065 14064 
f 13407 13411 14066 14063 
f 14063 14066 14059 14064 
f 13411 13405 14062 14066 
f 14066 14062 14060 14059 
f 14065 14067 14068 14056 
f 14067 14069 14070 14068 
f 14069 14071 14072 14070 
f 14071 14073 14074 14072 
f 14073 14075 14076 14074 
f 14077 14076 14075 14078 
f 14079 14077 14078 14080 
f 14081 14079 14080 14082 
f 14082 14083 14084 14081 
f 14083 14085 14086 14084 
f 14087 14088 14085 14083 
f 14087 14089 14090 14088 
f 14091 14061 13738 13739 
f 14091 14092 14058 14061 
f 14092 14067 14065 14058 
f 14067 14092 14093 14069 
f 14069 14093 14094 14071 
f 14092 14091 14095 14093 
f 14093 14095 14096 14094 
f 14071 14094 14097 14073 
f 14073 14097 14098 14075 
f 14094 14096 14099 14097 
f 14097 14099 14100 14098 
f 14075 14098 14101 14078 
f 14078 14101 14102 14080 
f 14098 14100 14103 14101 
f 14101 14103 14104 14102 
f 14080 14102 14105 14082 
f 14082 14105 14087 14083 
f 14102 14104 14106 14105 
f 14105 14106 14089 14087 
f 14085 14107 14108 14086 
f 14088 14109 14107 14085 
f 14090 14110 14109 14088 
f 13762 13764 14110 14090 
f 14111 14112 14113 14114 
f 14115 14110 13764 13766 
f 14116 14109 14110 14115 
f 14117 14107 14109 14116 
f 14118 14108 14107 14117 
f 14119 14118 14117 14120 
f 14112 14119 14120 14113 
f 13766 13768 14121 14115 
f 13770 14122 14121 13768 
f 13781 14123 14122 13770 
f 13782 14124 14123 13781 
f 13783 14125 14124 13782 
f 14126 14127 14124 14125 
f 14128 14129 14127 14126 
f 14130 14131 14129 14128 
f 14131 14111 14114 14129 
f 14117 14116 14132 14120 
f 14116 14115 14121 14132 
f 14120 14132 14133 14113 
f 14113 14133 14134 14114 
f 14132 14121 14122 14133 
f 14133 14122 14123 14134 
f 14114 14134 14127 14129 
f 14134 14123 14124 14127 
f 15406 14130 14135 15410 
f 14086 14108 15416 15412 
f 14068 15419 15401 14056 
f 15421 14084 14086 15412 
f 15424 14081 14084 15421 
f 15427 14079 14081 15424 
f 15427 15430 14077 14079 
f 15430 15433 14076 14077 
f 15433 15436 14074 14076 
f 15436 15439 14072 14074 
f 15442 14070 14072 15439 
f 15419 14068 14070 15442 
f 15410 14135 13481 15262 
f 14136 14137 15449 15445 
f 15451 14138 14139 15455 
f 15455 14139 14136 15445 
f 14140 15457 14141 
f 14142 15461 15457 14140 
f 14143 15464 15461 14142 
f 14144 15467 15464 14143 
f 14138 15451 15467 14144 
f 14145 15472 14146 
f 15469 14147 14141 15457 
f 15469 15472 14145 14147 
f 14148 15479 15475 14149 
f 15481 14150 14146 15472 
f 15484 14151 14150 15481 
f 15484 15487 14152 14151 
f 15490 14153 14152 15487 
f 15479 14148 14153 15490 
f 14154 14149 15475 15493 
f 15496 14155 14156 15500 
f 15493 15502 14157 14154 
f 15505 14158 14157 15502 
f 15500 14156 14158 15505 
f 14159 15512 15508 14160 
f 14161 15515 15512 14159 
f 14162 15518 15515 14161 
f 14162 14163 15521 15518 
f 14155 15496 15521 14163 
f 15508 15523 14164 14160 
f 15526 14165 14164 15523 
f 15526 15529 14166 14165 
f 15532 14167 14166 15529 
f 15532 15535 14168 14167 
f 15538 14169 14168 15535 
f 15541 14170 14171 15545 
f 15545 14171 14169 15538 
f 14172 15548 15449 14137 
f 14173 15551 15548 14172 
f 14174 15554 15551 14173 
f 14175 15557 15554 14174 
f 14175 14176 15560 15557 
f 14177 15563 15560 14176 
f 14170 15541 15563 14177 
f 14178 14179 14172 14137 
f 14179 14180 14173 14172 
f 14180 14181 14174 14173 
f 14175 14174 14181 14182 
f 14182 14183 14176 14175 
f 14183 14184 14177 14176 
f 14171 14185 14186 14169 
f 14170 14177 14184 14187 
f 14171 14170 14187 14185 
f 14188 14189 14190 14191 
f 14189 14179 14178 14190 
f 14179 14189 14192 14180 
f 14180 14192 14193 14181 
f 14189 14188 14194 14192 
f 14192 14194 14195 14193 
f 14181 14193 14196 14182 
f 14182 14196 14197 14183 
f 14193 14195 14198 14196 
f 14196 14198 14199 14197 
f 14183 14197 14200 14184 
f 14184 14200 14201 14187 
f 14197 14199 14202 14200 
f 14200 14202 14203 14201 
f 14187 14201 14204 14185 
f 14201 14203 14205 14204 
f 14191 14206 13763 13761 
f 14190 14207 14206 14191 
f 14178 14208 14207 14190 
f 14137 14136 14208 14178 
f 14209 14210 14140 14141 
f 14206 14207 14211 14212 
f 14207 14208 14213 14211 
f 14208 14136 14139 14213 
f 14138 14214 14213 14139 
f 14138 14144 14215 14214 
f 14144 14143 14216 14215 
f 14143 14142 14217 14216 
f 14140 14210 14217 14142 
f 14218 14219 14210 14209 
f 14220 14221 14219 14218 
f 14210 14219 14222 14217 
f 14219 14221 14223 14222 
f 14217 14222 14224 14216 
f 14216 14224 14225 14215 
f 14222 14223 14226 14224 
f 14224 14226 14227 14225 
f 14215 14225 14228 14214 
f 14214 14228 14211 14213 
f 14225 14227 14229 14228 
f 14228 14229 14212 14211 
f 13775 14230 14231 13774 
f 14232 14233 14147 14145 
f 14233 14209 14141 14147 
f 14233 14234 14218 14209 
f 14234 14235 14220 14218 
f 14235 13776 13777 14220 
f 13775 13776 14235 14230 
f 14236 14237 14231 14230 
f 14232 14238 14237 14236 
f 14235 14234 14236 14230 
f 14234 14233 14232 14236 
f 14146 14238 14232 14145 
f 13773 13774 14231 14239 
f 13771 13773 14239 14240 
f 13772 13771 14240 14241 
f 14241 14242 14243 13772 
f 14244 14243 14242 14245 
f 14245 14246 14247 14244 
f 14248 14249 14246 14245 
f 14250 14251 14249 14248 
f 14148 14149 14251 14250 
f 14250 14252 14153 14148 
f 14152 14153 14252 14253 
f 14253 14254 14151 14152 
f 14150 14151 14254 14255 
f 14255 14238 14146 14150 
f 14250 14248 14256 14252 
f 14248 14245 14242 14256 
f 14252 14256 14257 14253 
f 14253 14257 14258 14254 
f 14256 14242 14241 14257 
f 14257 14241 14240 14258 
f 14254 14258 14259 14255 
f 14255 14259 14237 14238 
f 14258 14240 14239 14259 
f 14259 14239 14231 14237 
f 14260 14251 14149 14154 
f 14261 14249 14251 14260 
f 14261 14262 14246 14249 
f 14262 14263 14247 14246 
f 14264 14265 14159 14160 
f 14161 14159 14265 14266 
f 14266 14267 14162 14161 
f 14163 14162 14267 14268 
f 14268 14269 14155 14163 
f 14156 14155 14269 14270 
f 14158 14156 14270 14271 
f 14157 14158 14271 14272 
f 14272 14260 14154 14157 
f 14272 14273 14261 14260 
f 14274 14262 14261 14273 
f 14275 14276 14277 14278 
f 14276 14275 14265 14264 
f 14265 14275 14279 14266 
f 14266 14279 14280 14267 
f 14275 14278 14281 14279 
f 14279 14281 14282 14280 
f 14267 14280 14283 14268 
f 14268 14283 14284 14269 
f 14280 14282 14285 14283 
f 14283 14285 14286 14284 
f 14269 14284 14287 14270 
f 14270 14287 14288 14271 
f 14284 14286 14289 14287 
f 14287 14289 14290 14288 
f 14271 14288 14273 14272 
f 14288 14290 14274 14273 
f 14291 14204 14205 14292 
f 14186 14185 14204 14291 
f 14186 14293 14168 14169 
f 14167 14168 14293 14294 
f 14166 14167 14294 14295 
f 14165 14166 14295 14296 
f 14164 14165 14296 14297 
f 14297 14264 14160 14164 
f 14297 14298 14276 14264 
f 14298 14299 14277 14276 
f 13719 13715 14299 14300 
f 14300 14301 13721 13719 
f 14301 14302 13723 13721 
f 14302 14303 13725 13723 
f 14303 14292 13727 13725 
f 14186 14291 14304 14293 
f 14293 14304 14305 14294 
f 14291 14292 14303 14304 
f 14304 14303 14302 14305 
f 14294 14305 14306 14295 
f 14295 14306 14307 14296 
f 14305 14302 14301 14306 
f 14306 14301 14300 14307 
f 14296 14307 14298 14297 
f 14307 14300 14299 14298 
f 13788 13113 13189 13785 
f 13837 13811 13812 13933 
f 13809 13837 13933 13810 
f 13948 13851 13178 13286 
f 13862 13859 13858 13863 
f 13866 13861 13860 13867 
f 13961 13865 13864 13890 
f 13959 13961 13890 13896 
f 13896 13898 13958 13959 
f 13955 13958 13898 13912 
f 13953 13955 13912 13914 
f 13845 13953 13914 13846 
f 13849 13844 13843 13850 
f 13948 13848 13847 13851 
f 14308 14011 13350 13655 
f 14028 14309 12967 12683 
f 14030 14310 14309 14028 
f 14032 14311 14310 14030 
f 14034 14312 14311 14032 
f 14036 14313 14312 14034 
f 14038 14314 14313 14036 
f 14040 14315 14314 14038 
f 14042 14316 14315 14040 
f 14044 14317 14316 14042 
f 14046 14318 14317 14044 
f 14048 14319 14318 14046 
f 14050 14320 14319 14048 
f 14052 14321 14320 14050 
f 14054 14322 14321 14052 
f 14011 14308 14322 14054 
f 14323 14125 13783 13784 
f 14324 14126 14125 14323 
f 14325 14128 14126 14324 
f 14135 14130 14128 14325 
f 15565 14131 14130 15406 
f 14118 15416 14108 
f 14119 15569 15416 14118 
f 14112 15572 15569 14119 
f 14111 15575 15572 14112 
f 14131 15565 15575 14111 
f 13727 14292 14205 13729 
f 14205 14203 13732 13729 
f 14188 14191 13761 13759 
f 14199 14198 13749 13747 
f 14198 14195 13753 13749 
f 14194 14188 13759 13757 
f 14195 14194 13757 13753 
f 14202 14199 13747 13730 
f 14203 14202 13730 13732 
f 13729 13732 13731 13728 
f 13744 13755 13746 
f 13714 14277 14299 13715 
f 13746 13755 14286 14285 
f 13745 13746 14285 14282 
f 13718 13745 14282 14281 
f 13717 13718 14281 14278 
f 13755 13754 14289 14286 
f 13754 14326 14290 14289 
f 14326 14327 14274 14290 
f 14327 14263 14262 14274 
f 13714 13717 14278 14277 
f 13684 13780 13778 
f 13763 14206 14212 13765 
f 14212 14229 13767 13765 
f 14229 14227 13769 13767 
f 14227 14226 13779 13769 
f 14226 14223 13780 13779 
f 14223 14221 13778 13780 
f 14221 14220 13777 13778 
f 14324 14323 13676 13675 
f 14325 14324 13675 13677 
f 14323 13784 13107 13676 
f 14135 14325 13677 13481 
f 13741 14095 14091 13739 
f 13752 13756 14104 14103 
f 13756 13758 14106 14104 
f 13751 13752 14103 14100 
f 13743 13751 14100 14099 
f 13742 13743 14099 14096 
f 13741 13742 14096 14095 
f 13758 13760 14089 14106 
f 13760 13762 14090 14089 
f 14263 14327 12988 12987 
f 14327 14326 12989 12988 
f 14326 13754 12395 12989 
f 14247 14263 12987 12990 
f 14244 14247 12990 12991 
f 14243 14244 12991 12992 
f 12315 13772 14243 12992 
f 14367 14363 14362 
f 14365 14364 14367 14366 
f 14367 14364 14363 
f 14367 14358 14357 14574 
f 14367 14359 14358 
f 14367 14360 14359 
s 2
f 14368 14427 14370 14369 
s 1
f 14389 14388 14374 14392 
f 14390 14389 14392 14391 
f 14382 14468 14381 14380 
f 14380 14379 14383 14382 
f 14379 14378 14384 14383 
f 14385 14384 14378 14377 
f 14386 14385 14377 14376 
f 14387 14386 14376 14375 
f 14388 14387 14375 14374 
s 4
f 14423 14422 14441 
s 2
f 14573 14564 14563 14569 
s 1
f 14574 14357 14484 
f 14367 14361 14360 
f 14362 14361 14367 
s 4
f 14400 14399 14408 14407 
f 14490 14406 14412 14411 
f 14406 14405 14413 14412 
f 14405 14404 14414 14413 
f 14404 14403 14415 14414 
f 14403 14402 14416 14415 
f 14402 14401 14417 14416 
f 14401 14400 14407 14417 
f 14399 14398 14397 14408 
f 14396 14444 14443 14410 
f 14397 14396 14410 14409 
s 1
f 14345 14484 14357 14341 
f 14341 14357 14358 14346 
f 14346 14358 14359 14342 
f 14342 14359 14360 14347 
f 14347 14360 14361 14348 
f 14348 14361 14362 14349 
f 14349 14362 14363 14340 
f 14340 14363 14364 14344 
f 14394 14365 14372 14343 
f 14373 14366 14424 14351 
f 14424 14366 14367 14585 
f 14350 14367 14584 
s 2
f 14343 14369 14393 
f 14329 14370 14419 
s 1
f 14432 14430 14371 14334 
f 14334 14371 14680 14679 
s 2
f 14435 14427 14368 14425 
f 14372 14369 14343 
s 1
f 14366 14373 14372 14365 
s 2
f 14373 14368 14369 14372 
s 1
f 14340 14374 14375 14349 
f 14349 14375 14376 14348 
f 14348 14376 14377 14347 
f 14347 14377 14378 14342 
f 14342 14378 14379 14346 
f 14346 14379 14380 14341 
f 14341 14380 14381 14345 
f 14335 14468 14382 14336 
f 14336 14382 14383 14337 
f 14337 14383 14384 14330 
f 14330 14384 14385 14331 
f 14331 14385 14386 14338 
f 14338 14386 14387 14332 
f 14332 14387 14388 14333 
f 14333 14388 14389 14328 
f 14418 14390 14395 14329 
f 14393 14391 14394 14343 
f 14344 14392 14374 14340 
f 14391 14393 14395 14390 
s 2
f 14393 14369 14370 14395 
s 1
f 14365 14394 14344 14364 
f 14394 14391 14392 14344 
s 2
f 14395 14370 14329 
s 4
f 14679 14444 14396 14334 
f 14334 14396 14397 14432 
f 14433 14397 14434 
f 14328 14399 14400 14333 
f 14333 14400 14401 14332 
f 14332 14401 14402 14338 
f 14338 14402 14403 14331 
f 14331 14403 14404 14330 
f 14330 14404 14405 14337 
f 14337 14405 14406 14336 
f 14336 14406 14490 14335 
f 14352 14407 14408 14356 
f 14408 14409 14356 
f 14409 14410 14356 
f 14356 14410 14443 14696 
f 14353 14411 14412 14354 
f 14354 14412 14413 14355 
f 14355 14413 14414 14352 
f 14414 14415 14352 
f 14415 14416 14352 
f 14416 14417 14352 
f 14417 14407 14352 
s 1
f 14390 14418 14328 14389 
s 4
f 14418 14398 14399 14328 
s 2
f 14419 14370 14431 14434 
s 4
f 14419 14398 14418 14329 
f 14408 14397 14409 
f 14350 14579 14420 14585 
f 14425 14421 14441 14435 
f 14436 14422 14442 14437 
f 14339 14423 14580 
f 14424 14421 14425 14351 
s 2
f 14425 14368 14373 14351 
f 14427 14426 14429 14431 
s 1
f 14430 14429 14426 14428 
f 14432 14433 14429 14430 
f 14428 14426 14436 14437 
s 2
f 14435 14436 14426 14427 
f 14431 14429 14433 14434 
s 4
f 14434 14397 14398 14419 
f 14432 14397 14433 
s 1
f 14428 14371 14430 
s 4
f 14713 14439 14442 
s 1
f 14714 14438 14428 14437 
s 4
f 14440 14713 14423 14339 
s 1
f 14438 14680 14371 14428 
s 4
f 14435 14441 14422 14436 
f 14437 14442 14439 14714 
f 14713 14442 14422 14423 
f 14423 14441 14421 14420 
s 1
f 14445 14446 14447 
f 14448 14449 14445 14450 
f 14445 14447 14450 
f 14445 14574 14451 14452 
f 14445 14452 14453 
f 14445 14453 14454 
s 2
f 14455 14456 14457 14458 
s 1
f 14460 14461 14462 14463 
f 14464 14465 14461 14460 
f 14466 14467 14381 14468 
f 14467 14466 14469 14470 
f 14470 14469 14471 14472 
f 14473 14474 14472 14471 
f 14475 14476 14474 14473 
f 14477 14478 14476 14475 
f 14463 14462 14478 14477 
s 4
f 14479 14480 14481 
s 8
f 14572 14570 14566 14565 
s 1
f 14574 14484 14451 
f 14445 14454 14485 
f 14446 14445 14485 
s 4
f 14486 14487 14488 14489 
f 14490 14411 14491 14492 
f 14492 14491 14493 14494 
f 14494 14493 14495 14496 
f 14496 14495 14497 14498 
f 14498 14497 14499 14500 
f 14500 14499 14501 14502 
f 14502 14501 14487 14486 
f 14489 14488 14503 14504 
f 14505 14506 14507 14508 
f 14503 14509 14506 14505 
s 1
f 14345 14510 14451 14484 
f 14510 14511 14452 14451 
f 14511 14512 14453 14452 
f 14512 14513 14454 14453 
f 14513 14514 14485 14454 
f 14514 14515 14446 14485 
f 14515 14516 14447 14446 
f 14516 14517 14450 14447 
f 14518 14519 14520 14448 
f 14521 14522 14523 14449 
f 14445 14582 14482 
f 14445 14583 14576 14574 
s 2
f 14519 14524 14456 
f 14525 14526 14457 
s 1
f 14527 14528 14529 14530 
f 14528 14531 14532 14529 
s 2
f 14533 14534 14455 14459 
f 14520 14519 14456 
s 1
f 14449 14448 14520 14521 
s 2
f 14521 14520 14456 14455 
s 1
f 14516 14515 14478 14462 
f 14515 14514 14476 14478 
f 14514 14513 14474 14476 
f 14513 14512 14472 14474 
f 14512 14511 14470 14472 
f 14511 14510 14467 14470 
f 14510 14345 14381 14467 
f 14335 14535 14466 14468 
f 14535 14536 14469 14466 
f 14536 14537 14471 14469 
f 14537 14538 14473 14471 
f 14538 14539 14475 14473 
f 14539 14540 14477 14475 
f 14540 14541 14463 14477 
f 14541 14542 14460 14463 
f 14543 14525 14544 14464 
f 14524 14519 14518 14465 
f 14517 14516 14462 14461 
f 14465 14464 14544 14524 
s 2
f 14524 14544 14457 14456 
s 1
f 14448 14450 14517 14518 
f 14518 14517 14461 14465 
s 2
f 14544 14525 14457 
s 4
f 14531 14528 14505 14508 
f 14528 14527 14503 14505 
f 14555 14545 14503 
f 14542 14541 14486 14489 
f 14541 14540 14502 14486 
f 14540 14539 14500 14502 
f 14539 14538 14498 14500 
f 14538 14537 14496 14498 
f 14537 14536 14494 14496 
f 14536 14535 14492 14494 
f 14535 14335 14490 14492 
f 14550 14546 14488 14487 
f 14546 14509 14488 
f 14546 14506 14509 
f 14546 14547 14507 14506 
f 14353 14548 14491 14411 
f 14548 14549 14493 14491 
f 14549 14550 14495 14493 
f 14550 14497 14495 
f 14550 14499 14497 
f 14550 14501 14499 
f 14550 14487 14501 
s 1
f 14464 14460 14542 14543 
s 4
f 14543 14542 14489 14504 
s 2
f 14526 14545 14458 14457 
s 4
f 14526 14525 14543 14504 
f 14488 14509 14503 
f 14482 14582 14552 14581 
f 14534 14533 14480 14551 
f 14556 14553 14554 14481 
f 14483 14567 14479 
f 14523 14522 14534 14551 
s 2
f 14534 14522 14521 14455 
f 14459 14458 14557 14558 
s 1
f 14530 14559 14558 14557 
f 14527 14530 14557 14555 
f 14559 14553 14556 14558 
s 2
f 14533 14459 14558 14556 
f 14458 14545 14555 14557 
s 4
f 14545 14526 14504 14503 
f 14527 14555 14503 
s 1
f 14559 14530 14529 
s 4
f 14560 14554 14561 
s 1
f 14831 14553 14559 14832 
s 4
f 14562 14483 14479 14560 
s 1
f 14832 14559 14529 14532 
s 4
f 14533 14556 14481 14480 
f 14553 14831 14561 14554 
f 14560 14479 14481 14554 
f 14479 14552 14551 14480 
s 2
f 14577 14569 14563 14584 
f 14339 14564 14573 14578 
s 8
f 14578 14572 14565 14483 
f 14483 14565 14567 
f 14583 14566 14570 14576 
s 4
f 14479 14567 14581 14552 
s 8
f 14567 14565 14566 14581 
s 2
f 14569 14568 14571 14573 
s 1
f 14574 14575 14577 
s 8
f 14572 14571 14568 14570 
s 1
f 14576 14575 14574 
s 2
f 14577 14575 14568 14569 
f 14573 14571 14578 
s 8
f 14578 14571 14572 
f 14570 14568 14575 14576 
s 2
f 14579 14563 14564 14580 
s 4
f 14580 14423 14420 14579 
s 2
f 14580 14564 14339 
s 4
f 14552 14582 14523 14551 
s 1
f 14582 14445 14449 14523 
s 8
f 14566 14583 14482 14581 
s 1
f 14583 14445 14482 
f 14584 14367 14574 14577 
s 2
f 14584 14563 14579 14350 
s 4
f 14585 14420 14421 14424 
s 1
f 14585 14367 14350 
f 14586 14587 14588 
f 14589 14590 14586 14591 
f 14586 14588 14591 
f 14586 14592 14593 14594 
f 14586 14594 14595 
f 14586 14595 14596 
s 2
f 14597 14598 14599 14601 
s 1
f 14602 14603 14604 14605 
f 14606 14607 14603 14602 
f 14608 14609 14610 14611 
f 14609 14608 14612 14613 
f 14613 14612 14614 14615 
f 14616 14617 14615 14614 
f 14618 14619 14617 14616 
f 14620 14621 14619 14618 
f 14605 14604 14621 14620 
s 4
f 14622 14623 14624 
s 2
f 14625 14626 14627 14628 
s 1
f 14592 14629 14593 
f 14586 14596 14630 
f 14587 14586 14630 
s 4
f 14631 14632 14633 14634 
f 14635 14636 14637 14638 
f 14638 14637 14639 14640 
f 14640 14639 14641 14642 
f 14642 14641 14643 14644 
f 14644 14643 14645 14646 
f 14646 14645 14647 14648 
f 14648 14647 14632 14631 
f 14634 14633 14649 14650 
f 14651 14652 14443 14444 
f 14649 14653 14652 14651 
s 1
f 14654 14655 14593 14629 
f 14655 14656 14594 14593 
f 14656 14657 14595 14594 
f 14657 14658 14596 14595 
f 14658 14659 14630 14596 
f 14659 14660 14587 14630 
f 14660 14661 14588 14587 
f 14661 14662 14591 14588 
f 14663 14664 14665 14589 
f 14666 14667 14668 14590 
f 14668 14669 14586 14590 
f 14670 14671 14586 
s 2
f 14664 14672 14598 
f 14673 14674 14599 
s 1
f 14675 14676 14677 14678 
f 14676 14679 14680 14677 
s 2
f 14681 14682 14597 14601 
f 14665 14664 14598 
s 1
f 14590 14589 14665 14666 
s 2
f 14666 14665 14598 14597 
s 1
f 14661 14660 14621 14604 
f 14660 14659 14619 14621 
f 14659 14658 14617 14619 
f 14658 14657 14615 14617 
f 14657 14656 14613 14615 
f 14656 14655 14609 14613 
f 14655 14654 14610 14609 
f 14683 14684 14608 14611 
f 14684 14685 14612 14608 
f 14685 14686 14614 14612 
f 14686 14687 14616 14614 
f 14687 14688 14618 14616 
f 14688 14689 14620 14618 
f 14689 14690 14605 14620 
f 14690 14691 14602 14605 
f 14692 14673 14693 14606 
f 14672 14664 14663 14607 
f 14662 14661 14604 14603 
f 14607 14606 14693 14672 
s 2
f 14672 14693 14599 14598 
s 1
f 14589 14591 14662 14663 
f 14663 14662 14603 14607 
s 2
f 14693 14673 14599 
s 4
f 14679 14676 14651 14444 
f 14676 14675 14649 14651 
f 14708 14694 14649 
f 14691 14690 14631 14634 
f 14690 14689 14648 14631 
f 14689 14688 14646 14648 
f 14688 14687 14644 14646 
f 14687 14686 14642 14644 
f 14686 14685 14640 14642 
f 14685 14684 14638 14640 
f 14684 14683 14635 14638 
f 14700 14695 14633 14632 
f 14695 14653 14633 
f 14695 14652 14653 
f 14695 14696 14443 14652 
f 14697 14698 14637 14636 
f 14698 14699 14639 14637 
f 14699 14700 14641 14639 
f 14700 14643 14641 
f 14700 14645 14643 
f 14700 14647 14645 
f 14700 14632 14647 
s 1
f 14606 14602 14691 14692 
s 4
f 14692 14691 14634 14650 
s 2
f 14674 14694 14600 14599 
s 4
f 14674 14673 14692 14650 
f 14633 14653 14649 
f 14670 14669 14701 14702 
f 14682 14681 14623 14703 
f 14709 14704 14705 14624 
f 14706 14707 14622 
f 14668 14667 14682 14703 
s 2
f 14682 14667 14666 14597 
f 14601 14600 14710 14711 
s 1
f 14678 14712 14711 14710 
f 14675 14678 14710 14708 
f 14712 14704 14709 14711 
s 2
f 14681 14601 14711 14709 
f 14600 14694 14708 14710 
s 4
f 14694 14674 14650 14649 
f 14675 14708 14649 
s 1
f 14712 14678 14677 
s 4
f 14713 14705 14439 
s 1
f 14714 14704 14712 14438 
s 4
f 14440 14706 14622 14713 
s 1
f 14438 14712 14677 14680 
s 4
f 14681 14709 14624 14623 
f 14704 14714 14439 14705 
f 14713 14622 14624 14705 
f 14622 14701 14703 14623 
s 1
f 14715 14716 14717 
f 14718 14719 14715 14720 
f 14715 14719 14716 
f 14715 14721 14722 14592 
f 14715 14723 14721 
f 14715 14724 14723 
s 2
f 14725 14726 14727 
s 1
f 14730 14731 14732 14733 
f 14734 14730 14733 14735 
f 14736 14611 14610 14737 
f 14737 14738 14739 14736 
f 14738 14740 14741 14739 
f 14742 14741 14740 14743 
f 14744 14742 14743 14745 
f 14746 14744 14745 14747 
f 14731 14746 14747 14732 
s 4
f 14748 14749 14750 
s 8
f 14751 14752 14753 14754 
s 1
f 14592 14722 14629 
f 14715 14755 14724 
f 14717 14755 14715 
s 4
f 14756 14757 14758 14759 
f 14635 14760 14761 14636 
f 14760 14762 14763 14761 
f 14762 14764 14765 14763 
f 14764 14766 14767 14765 
f 14766 14768 14769 14767 
f 14768 14770 14771 14769 
f 14770 14756 14759 14771 
f 14757 14772 14773 14758 
f 14774 14508 14507 14775 
f 14773 14774 14775 14776 
s 1
f 14654 14629 14722 14777 
f 14777 14722 14721 14778 
f 14778 14721 14723 14779 
f 14779 14723 14724 14780 
f 14780 14724 14755 14781 
f 14781 14755 14717 14782 
f 14782 14717 14716 14783 
f 14783 14716 14719 14784 
f 14785 14718 14786 14787 
f 14788 14720 14789 14790 
f 14715 14791 14792 
f 14715 14592 14793 14794 
s 2
f 14787 14729 14795 
f 14796 14728 14797 
s 1
f 14798 14799 14800 14801 
f 14801 14800 14532 14531 
s 2
f 14802 14726 14725 14803 
f 14786 14729 14787 
s 1
f 14720 14788 14786 14718 
s 2
f 14788 14725 14729 14786 
s 1
f 14783 14732 14747 14782 
f 14782 14747 14745 14781 
f 14781 14745 14743 14780 
f 14780 14743 14740 14779 
f 14779 14740 14738 14778 
f 14778 14738 14737 14777 
f 14777 14737 14610 14654 
f 14683 14611 14736 14804 
f 14804 14736 14739 14805 
f 14805 14739 14741 14806 
f 14806 14741 14742 14807 
f 14807 14742 14744 14808 
f 14808 14744 14746 14809 
f 14809 14746 14731 14810 
f 14810 14731 14730 14811 
f 14812 14734 14813 14796 
f 14795 14735 14785 14787 
f 14784 14733 14732 14783 
f 14735 14795 14813 14734 
s 2
f 14795 14729 14728 14813 
s 1
f 14718 14785 14784 14719 
f 14785 14735 14733 14784 
s 2
f 14813 14728 14796 
s 4
f 14531 14508 14774 14801 
f 14801 14774 14773 14798 
f 14814 14773 14815 
f 14811 14757 14756 14810 
f 14810 14756 14770 14809 
f 14809 14770 14768 14808 
f 14808 14768 14766 14807 
f 14807 14766 14764 14806 
f 14806 14764 14762 14805 
f 14805 14762 14760 14804 
f 14804 14760 14635 14683 
f 14816 14759 14758 14817 
f 14758 14776 14817 
f 14776 14775 14817 
f 14817 14775 14507 14547 
f 14697 14636 14761 14818 
f 14818 14761 14763 14819 
f 14819 14763 14765 14816 
f 14765 14767 14816 
f 14767 14769 14816 
f 14769 14771 14816 
f 14771 14759 14816 
s 1
f 14734 14812 14811 14730 
s 4
f 14812 14772 14757 14811 
s 2
f 14797 14728 14727 14815 
s 4
f 14797 14772 14812 14796 
f 14758 14773 14776 
f 14791 14820 14821 14792 
f 14803 14822 14750 14802 
f 14823 14749 14824 14825 
f 14826 14748 14827 
f 14789 14822 14803 14790 
s 2
f 14803 14725 14788 14790 
f 14726 14828 14829 14727 
s 1
f 14799 14829 14828 14830 
f 14798 14814 14829 14799 
f 14830 14828 14823 14825 
s 2
f 14802 14823 14828 14726 
f 14727 14829 14814 14815 
s 4
f 14815 14773 14772 14797 
f 14798 14773 14814 
s 1
f 14830 14800 14799 
s 4
f 14560 14561 14824 
s 1
f 14831 14832 14830 14825 
s 4
f 14562 14560 14748 14826 
s 1
f 14832 14532 14800 14830 
s 4
f 14802 14750 14749 14823 
f 14825 14824 14561 14831 
f 14560 14824 14749 14748 
f 14748 14750 14822 14821 
s 2
f 14833 14671 14627 14626 
f 14706 14834 14625 14628 
s 8
f 14834 14826 14752 14751 
f 14826 14827 14752 
f 14794 14793 14754 14753 
s 4
f 14748 14821 14820 14827 
s 8
f 14827 14820 14753 14752 
s 2
f 14626 14625 14835 14836 
s 1
f 14592 14833 14837 
s 8
f 14751 14754 14836 14835 
s 1
f 14793 14592 14837 
s 2
f 14833 14626 14836 14837 
f 14625 14834 14835 
s 8
f 14751 14835 14834 
f 14754 14793 14837 14836 
s 2
f 14702 14707 14628 14627 
s 4
f 14707 14702 14701 14622 
s 2
f 14707 14706 14628 
s 4
f 14821 14822 14789 14792 
s 1
f 14792 14789 14720 14715 
s 8
f 14753 14820 14791 14794 
s 1
f 14794 14791 14715 
f 14671 14833 14592 14586 
s 2
f 14671 14670 14702 14627 
s 4
f 14669 14668 14703 14701 
s 1
f 14669 14670 14586 
s 2
f 14370 14427 14431 
f 14601 14599 14600 
f 14725 14727 14728 14729 
f 14455 14458 14459 
f 14846 14848 14838 
f 14848 14869 14838 
f 14869 14894 14838 
f 14894 14891 14838 
f 14891 14888 14838 
f 14888 14885 14838 
f 14885 14882 14838 
f 14882 14879 14838 
f 14879 14876 14838 
f 14876 14873 14838 
f 14873 14864 14838 
f 14864 14866 14838 
f 14866 15022 14838 
f 15022 15025 14838 
f 15025 15028 14838 
f 15028 15020 14838 
f 15020 14858 14838 
f 14858 14860 14838 
f 14860 14896 14838 
f 14896 15041 14838 
f 15041 15043 14838 
f 15043 15199 14838 
f 15199 15209 14838 
f 15209 15206 14838 
f 15206 15203 14838 
f 15203 15047 14838 
f 15047 15049 14838 
f 15049 15055 14838 
f 15055 15058 14838 
f 15058 15061 14838 
f 15061 15064 14838 
f 15064 15067 14838 
f 15067 15070 14838 
f 15070 15073 14838 
f 15073 15076 14838 
f 15076 15053 14838 
f 15053 15032 14838 
f 15032 15034 14838 
f 15034 15037 14838 
f 15037 14855 14838 
f 14855 14852 14838 
f 14852 14846 14838 
f 14900 14902 14839 
f 14902 15001 14839 
f 15001 15004 14839 
f 15004 15007 14839 
f 15007 15010 14839 
f 15010 15013 14839 
f 15013 15016 14839 
f 15016 14996 14839 
f 14996 14998 14839 
f 14998 14993 14839 
f 14993 14990 14839 
f 14990 14987 14839 
f 14987 14984 14839 
f 14984 14981 14839 
f 14981 14978 14839 
f 14978 14963 14839 
f 14963 14965 14839 
f 14965 14968 14839 
f 14968 14971 14839 
f 14971 14974 14839 
f 14974 14951 14839 
f 14951 14953 14839 
f 14953 14960 14839 
f 14960 14957 14839 
f 14957 14948 14839 
f 14948 14930 14839 
f 14930 14932 14839 
f 14932 14945 14839 
f 14945 14942 14839 
f 14942 14939 14839 
f 14939 14936 14839 
f 14936 14927 14839 
f 14927 14924 14839 
f 14924 14912 14839 
f 14912 14914 14839 
f 14914 14917 14839 
f 14917 14920 14839 
f 14920 14906 14839 
f 14906 14908 14839 
f 14908 14900 14839 
f 15080 15082 14840 
f 15082 15086 14840 
f 15086 15088 14840 
f 15088 15101 14840 
f 15101 15098 14840 
f 15098 15092 14840 
f 15092 15094 14840 
f 15094 15103 14840 
f 15103 15106 14840 
f 15106 15115 14840 
f 15115 15118 14840 
f 15118 15121 14840 
f 15121 15124 14840 
f 15124 15110 14840 
f 15110 15112 14840 
f 15112 15127 14840 
f 15127 15136 14840 
f 15136 15139 14840 
f 15139 15131 14840 
f 15131 15133 14840 
f 15133 15155 14840 
f 15155 15152 14840 
f 15152 15149 14840 
f 15149 15143 14840 
f 15143 15145 14840 
f 15145 15157 14840 
f 15157 15160 14840 
f 15160 15163 14840 
f 15163 15166 14840 
f 15166 15169 14840 
f 15169 15172 14840 
f 15172 15176 14840 
f 15176 15178 14840 
f 15178 15197 14840 
f 15197 15194 14840 
f 15194 15191 14840 
f 15191 15188 14840 
f 15188 15185 14840 
f 15185 15182 14840 
f 15182 15080 14840 
f 15212 15214 14841 
f 15214 15217 14841 
f 15217 15220 14841 
f 15220 15404 14841 
f 15404 15398 14841 
f 15398 15400 14841 
f 15400 15418 14841 
f 15418 15443 14841 
f 15443 15440 14841 
f 15440 15437 14841 
f 15437 15434 14841 
f 15434 15431 14841 
f 15431 15428 14841 
f 15428 15425 14841 
f 15425 15422 14841 
f 15422 15413 14841 
f 15413 15415 14841 
f 15415 15568 14841 
f 15568 15571 14841 
f 15571 15574 14841 
f 15574 15566 14841 
f 15566 15407 14841 
f 15407 15409 14841 
f 15409 15263 14841 
f 15263 15224 14841 
f 15224 15226 14841 
f 15226 15385 14841 
f 15385 15395 14841 
f 15395 15392 14841 
f 15392 15389 14841 
f 15389 15230 14841 
f 15230 15232 14841 
f 15232 15238 14841 
f 15238 15241 14841 
f 15241 15244 14841 
f 15244 15247 14841 
f 15247 15250 14841 
f 15250 15253 14841 
f 15253 15256 14841 
f 15256 15259 14841 
f 15259 15236 14841 
f 15236 15212 14841 
f 15266 15268 14842 
f 15268 15272 14842 
f 15272 15274 14842 
f 15274 15287 14842 
f 15287 15284 14842 
f 15284 15278 14842 
f 15278 15280 14842 
f 15280 15289 14842 
f 15289 15292 14842 
f 15292 15301 14842 
f 15301 15304 14842 
f 15304 15307 14842 
f 15307 15310 14842 
f 15310 15296 14842 
f 15296 15298 14842 
f 15298 15313 14842 
f 15313 15322 14842 
f 15322 15325 14842 
f 15325 15317 14842 
f 15317 15319 14842 
f 15319 15341 14842 
f 15341 15338 14842 
f 15338 15335 14842 
f 15335 15329 14842 
f 15329 15331 14842 
f 15331 15343 14842 
f 15343 15346 14842 
f 15346 15349 14842 
f 15349 15352 14842 
f 15352 15355 14842 
f 15355 15358 14842 
f 15358 15362 14842 
f 15362 15364 14842 
f 15364 15383 14842 
f 15383 15380 14842 
f 15380 15377 14842 
f 15377 15374 14842 
f 15374 15371 14842 
f 15371 15368 14842 
f 15368 15266 14842 
f 15446 15448 14843 
f 15448 15547 14843 
f 15547 15550 14843 
f 15550 15553 14843 
f 15553 15556 14843 
f 15556 15559 14843 
f 15559 15562 14843 
f 15562 15542 14843 
f 15542 15544 14843 
f 15544 15539 14843 
f 15539 15536 14843 
f 15536 15533 14843 
f 15533 15530 14843 
f 15530 15527 14843 
f 15527 15524 14843 
f 15524 15509 14843 
f 15509 15511 14843 
f 15511 15514 14843 
f 15514 15517 14843 
f 15517 15520 14843 
f 15520 15497 14843 
f 15497 15499 14843 
f 15499 15506 14843 
f 15506 15503 14843 
f 15503 15494 14843 
f 15494 15476 14843 
f 15476 15478 14843 
f 15478 15491 14843 
f 15491 15488 14843 
f 15488 15485 14843 
f 15485 15482 14843 
f 15482 15473 14843 
f 15473 15470 14843 
f 15470 15458 14843 
f 15458 15460 14843 
f 15460 15463 14843 
f 15463 15466 14843 
f 15466 15452 14843 
f 15452 15454 14843 
f 15454 15446 14843 
s 1
f 14845 14849 14847 14844 
f 14851 14845 14844 14850 
f 14854 14851 14850 14853 
f 14857 14861 14859 14856 
f 14863 14867 14865 14862 
f 14849 14870 14868 14847 
f 14872 14863 14862 14871 
f 14875 14872 14871 14874 
f 14878 14875 14874 14877 
f 14881 14878 14877 14880 
f 14884 14881 14880 14883 
f 14887 14884 14883 14886 
f 14890 14887 14886 14889 
f 14893 14890 14889 14892 
f 14870 14893 14892 14868 
f 14861 14897 14895 14859 
f 14899 14903 14901 14898 
f 14905 14909 14907 14904 
f 14909 14899 14898 14907 
f 14911 14915 14913 14910 
f 14915 14918 14916 14913 
f 14918 14921 14919 14916 
f 14921 14905 14904 14919 
f 14923 14911 14910 14922 
f 14926 14923 14922 14925 
f 14929 14933 14931 14928 
f 14935 14926 14925 14934 
f 14938 14935 14934 14937 
f 14941 14938 14937 14940 
f 14944 14941 14940 14943 
f 14933 14944 14943 14931 
f 14947 14929 14928 14946 
f 14950 14954 14952 14949 
f 14956 14947 14946 14955 
f 14959 14956 14955 14958 
f 14954 14959 14958 14952 
f 14962 14966 14964 14961 
f 14966 14969 14967 14964 
f 14969 14972 14970 14967 
f 14972 14975 14973 14970 
f 14975 14950 14949 14973 
f 14977 14962 14961 14976 
f 14980 14977 14976 14979 
f 14983 14980 14979 14982 
f 14986 14983 14982 14985 
f 14989 14986 14985 14988 
f 14992 14989 14988 14991 
f 14995 14999 14997 14994 
f 14999 14992 14991 14997 
f 14903 15002 15000 14901 
f 15002 15005 15003 15000 
f 15005 15008 15006 15003 
f 15008 15011 15009 15006 
f 15011 15014 15012 15009 
f 15014 15017 15015 15012 
f 15017 14995 14994 15015 
f 15019 14857 14856 15018 
f 14867 15023 15021 14865 
f 15023 15026 15024 15021 
f 15026 15029 15027 15024 
f 15029 15019 15018 15027 
f 15031 15035 15033 15030 
f 15035 15038 15036 15033 
f 15038 14854 14853 15036 
f 15040 15044 15042 15039 
f 15046 15050 15048 15045 
f 15052 15031 15030 15051 
f 15050 15056 15054 15048 
f 15056 15059 15057 15054 
f 15059 15062 15060 15057 
f 15062 15065 15063 15060 
f 15065 15068 15066 15063 
f 15068 15071 15069 15066 
f 15071 15074 15072 15069 
f 15074 15077 15075 15072 
f 15077 15052 15051 15075 
f 14897 15040 15039 14895 
f 15079 15083 15081 15078 
f 15085 15089 15087 15084 
f 15083 15085 15084 15081 
f 15091 15095 15093 15090 
f 15097 15091 15090 15096 
f 15100 15097 15096 15099 
f 15089 15100 15099 15087 
f 15095 15104 15102 15093 
f 15104 15107 15105 15102 
f 15109 15113 15111 15108 
f 15107 15116 15114 15105 
f 15116 15119 15117 15114 
f 15119 15122 15120 15117 
f 15122 15125 15123 15120 
f 15125 15109 15108 15123 
f 15113 15128 15126 15111 
f 15130 15134 15132 15129 
f 15128 15137 15135 15126 
f 15137 15140 15138 15135 
f 15140 15130 15129 15138 
f 15142 15146 15144 15141 
f 15148 15142 15141 15147 
f 15151 15148 15147 15150 
f 15154 15151 15150 15153 
f 15134 15154 15153 15132 
f 15146 15158 15156 15144 
f 15158 15161 15159 15156 
f 15161 15164 15162 15159 
f 15164 15167 15165 15162 
f 15167 15170 15168 15165 
f 15170 15173 15171 15168 
f 15175 15179 15177 15174 
f 15173 15175 15174 15171 
f 15181 15079 15078 15180 
f 15184 15181 15180 15183 
f 15187 15184 15183 15186 
f 15190 15187 15186 15189 
f 15193 15190 15189 15192 
f 15196 15193 15192 15195 
f 15179 15196 15195 15177 
f 15044 15200 15198 15042 
f 15202 15046 15045 15201 
f 15205 15202 15201 15204 
f 15208 15205 15204 15207 
f 15200 15208 15207 15198 
f 15211 15215 15213 15210 
f 15215 15218 15216 15213 
f 15218 15221 15219 15216 
f 15223 15227 15225 15222 
f 15229 15233 15231 15228 
f 15235 15211 15210 15234 
f 15233 15239 15237 15231 
f 15239 15242 15240 15237 
f 15242 15245 15243 15240 
f 15245 15248 15246 15243 
f 15248 15251 15249 15246 
f 15251 15254 15252 15249 
f 15254 15257 15255 15252 
f 15257 15260 15258 15255 
f 15260 15235 15234 15258 
f 15262 15223 15222 15261 
f 15265 15269 15267 15264 
f 15271 15275 15273 15270 
f 15269 15271 15270 15267 
f 15277 15281 15279 15276 
f 15283 15277 15276 15282 
f 15286 15283 15282 15285 
f 15275 15286 15285 15273 
f 15281 15290 15288 15279 
f 15290 15293 15291 15288 
f 15295 15299 15297 15294 
f 15293 15302 15300 15291 
f 15302 15305 15303 15300 
f 15305 15308 15306 15303 
f 15308 15311 15309 15306 
f 15311 15295 15294 15309 
f 15299 15314 15312 15297 
f 15316 15320 15318 15315 
f 15314 15323 15321 15312 
f 15323 15326 15324 15321 
f 15326 15316 15315 15324 
f 15328 15332 15330 15327 
f 15334 15328 15327 15333 
f 15337 15334 15333 15336 
f 15340 15337 15336 15339 
f 15320 15340 15339 15318 
f 15332 15344 15342 15330 
f 15344 15347 15345 15342 
f 15347 15350 15348 15345 
f 15350 15353 15351 15348 
f 15353 15356 15354 15351 
f 15356 15359 15357 15354 
f 15361 15365 15363 15360 
f 15359 15361 15360 15357 
f 15367 15265 15264 15366 
f 15370 15367 15366 15369 
f 15373 15370 15369 15372 
f 15376 15373 15372 15375 
f 15379 15376 15375 15378 
f 15382 15379 15378 15381 
f 15365 15382 15381 15363 
f 15227 15386 15384 15225 
f 15388 15229 15228 15387 
f 15391 15388 15387 15390 
f 15394 15391 15390 15393 
f 15386 15394 15393 15384 
f 15397 15401 15399 15396 
f 15403 15397 15396 15402 
f 15221 15403 15402 15219 
f 15406 15410 15408 15405 
f 15412 15416 15414 15411 
f 15401 15419 15417 15399 
f 15421 15412 15411 15420 
f 15424 15421 15420 15423 
f 15427 15424 15423 15426 
f 15430 15427 15426 15429 
f 15433 15430 15429 15432 
f 15436 15433 15432 15435 
f 15439 15436 15435 15438 
f 15442 15439 15438 15441 
f 15419 15442 15441 15417 
f 15410 15262 15261 15408 
f 15445 15449 15447 15444 
f 15451 15455 15453 15450 
f 15455 15445 15444 15453 
f 15457 15461 15459 15456 
f 15461 15464 15462 15459 
f 15464 15467 15465 15462 
f 15467 15451 15450 15465 
f 15469 15457 15456 15468 
f 15472 15469 15468 15471 
f 15475 15479 15477 15474 
f 15481 15472 15471 15480 
f 15484 15481 15480 15483 
f 15487 15484 15483 15486 
f 15490 15487 15486 15489 
f 15479 15490 15489 15477 
f 15493 15475 15474 15492 
f 15496 15500 15498 15495 
f 15502 15493 15492 15501 
f 15505 15502 15501 15504 
f 15500 15505 15504 15498 
f 15508 15512 15510 15507 
f 15512 15515 15513 15510 
f 15515 15518 15516 15513 
f 15518 15521 15519 15516 
f 15521 15496 15495 15519 
f 15523 15508 15507 15522 
f 15526 15523 15522 15525 
f 15529 15526 15525 15528 
f 15532 15529 15528 15531 
f 15535 15532 15531 15534 
f 15538 15535 15534 15537 
f 15541 15545 15543 15540 
f 15545 15538 15537 15543 
f 15449 15548 15546 15447 
f 15548 15551 15549 15546 
f 15551 15554 15552 15549 
f 15554 15557 15555 15552 
f 15557 15560 15558 15555 
f 15560 15563 15561 15558 
f 15563 15541 15540 15561 
f 15565 15406 15405 15564 
f 15416 15569 15567 15414 
f 15569 15572 15570 15567 
f 15572 15575 15573 15570 
f 15575 15565 15564 15573 
s 2
f 14848 14846 14844 14847 
f 14869 14848 14847 14868 
f 14894 14869 14868 14892 
f 14891 14894 14892 14889 
f 14888 14891 14889 14886 
f 14885 14888 14886 14883 
f 14882 14885 14883 14880 
f 14879 14882 14880 14877 
f 14876 14879 14877 14874 
f 14873 14876 14874 14871 
f 14864 14873 14871 14862 
f 14866 14864 14862 14865 
f 15022 14866 14865 15021 
f 15025 15022 15021 15024 
f 15028 15025 15024 15027 
f 15020 15028 15027 15018 
f 14858 15020 15018 14856 
f 14860 14858 14856 14859 
f 14896 14860 14859 14895 
f 15041 14896 14895 15039 
f 15043 15041 15039 15042 
f 15199 15043 15042 15198 
f 15209 15199 15198 15207 
f 15206 15209 15207 15204 
f 15203 15206 15204 15201 
f 15047 15203 15201 15045 
f 15049 15047 15045 15048 
f 15055 15049 15048 15054 
f 15058 15055 15054 15057 
f 15061 15058 15057 15060 
f 15064 15061 15060 15063 
f 15067 15064 15063 15066 
f 15070 15067 15066 15069 
f 15073 15070 15069 15072 
f 15076 15073 15072 15075 
f 15053 15076 15075 15051 
f 15032 15053 15051 15030 
f 15034 15032 15030 15033 
f 15037 15034 15033 15036 
f 14855 15037 15036 14853 
f 14852 14855 14853 14850 
f 14846 14852 14850 14844 
f 14902 14900 14898 14901 
f 15001 14902 14901 15000 
f 15004 15001 15000 15003 
f 15007 15004 15003 15006 
f 15010 15007 15006 15009 
f 15013 15010 15009 15012 
f 15016 15013 15012 15015 
f 14996 15016 15015 14994 
f 14998 14996 14994 14997 
f 14993 14998 14997 14991 
f 14990 14993 14991 14988 
f 14987 14990 14988 14985 
f 14984 14987 14985 14982 
f 14981 14984 14982 14979 
f 14978 14981 14979 14976 
f 14963 14978 14976 14961 
f 14965 14963 14961 14964 
f 14968 14965 14964 14967 
f 14971 14968 14967 14970 
f 14974 14971 14970 14973 
f 14951 14974 14973 14949 
f 14953 14951 14949 14952 
f 14960 14953 14952 14958 
f 14957 14960 14958 14955 
f 14948 14957 14955 14946 
f 14930 14948 14946 14928 
f 14932 14930 14928 14931 
f 14945 14932 14931 14943 
f 14942 14945 14943 14940 
f 14939 14942 14940 14937 
f 14936 14939 14937 14934 
f 14927 14936 14934 14925 
f 14924 14927 14925 14922 
f 14912 14924 14922 14910 
f 14914 14912 14910 14913 
f 14917 14914 14913 14916 
f 14920 14917 14916 14919 
f 14906 14920 14919 14904 
f 14908 14906 14904 14907 
f 14900 14908 14907 14898 
f 15082 15080 15078 15081 
f 15086 15082 15081 15084 
f 15088 15086 15084 15087 
f 15101 15088 15087 15099 
f 15098 15101 15099 15096 
f 15092 15098 15096 15090 
f 15094 15092 15090 15093 
f 15103 15094 15093 15102 
f 15106 15103 15102 15105 
f 15115 15106 15105 15114 
f 15118 15115 15114 15117 
f 15121 15118 15117 15120 
f 15124 15121 15120 15123 
f 15110 15124 15123 15108 
f 15112 15110 15108 15111 
f 15127 15112 15111 15126 
f 15136 15127 15126 15135 
f 15139 15136 15135 15138 
f 15131 15139 15138 15129 
f 15133 15131 15129 15132 
f 15155 15133 15132 15153 
f 15152 15155 15153 15150 
f 15149 15152 15150 15147 
f 15143 15149 15147 15141 
f 15145 15143 15141 15144 
f 15157 15145 15144 15156 
f 15160 15157 15156 15159 
f 15163 15160 15159 15162 
f 15166 15163 15162 15165 
f 15169 15166 15165 15168 
f 15172 15169 15168 15171 
f 15176 15172 15171 15174 
f 15178 15176 15174 15177 
f 15197 15178 15177 15195 
f 15194 15197 15195 15192 
f 15191 15194 15192 15189 
f 15188 15191 15189 15186 
f 15185 15188 15186 15183 
f 15182 15185 15183 15180 
f 15080 15182 15180 15078 
f 15214 15212 15210 15213 
f 15217 15214 15213 15216 
f 15220 15217 15216 15219 
f 15404 15220 15219 15402 
f 15398 15404 15402 15396 
f 15400 15398 15396 15399 
f 15418 15400 15399 15417 
f 15443 15418 15417 15441 
f 15440 15443 15441 15438 
f 15437 15440 15438 15435 
f 15434 15437 15435 15432 
f 15431 15434 15432 15429 
f 15428 15431 15429 15426 
f 15425 15428 15426 15423 
f 15422 15425 15423 15420 
f 15413 15422 15420 15411 
f 15415 15413 15411 15414 
f 15568 15415 15414 15567 
f 15571 15568 15567 15570 
f 15574 15571 15570 15573 
f 15566 15574 15573 15564 
f 15407 15566 15564 15405 
f 15409 15407 15405 15408 
f 15263 15409 15408 15261 
f 15224 15263 15261 15222 
f 15226 15224 15222 15225 
f 15385 15226 15225 15384 
f 15395 15385 15384 15393 
f 15392 15395 15393 15390 
f 15389 15392 15390 15387 
f 15230 15389 15387 15228 
f 15232 15230 15228 15231 
f 15238 15232 15231 15237 
f 15241 15238 15237 15240 
f 15244 15241 15240 15243 
f 15247 15244 15243 15246 
f 15250 15247 15246 15249 
f 15253 15250 15249 15252 
f 15256 15253 15252 15255 
f 15259 15256 15255 15258 
f 15236 15259 15258 15234 
f 15212 15236 15234 15210 
f 15268 15266 15264 15267 
f 15272 15268 15267 15270 
f 15274 15272 15270 15273 
f 15287 15274 15273 15285 
f 15284 15287 15285 15282 
f 15278 15284 15282 15276 
f 15280 15278 15276 15279 
f 15289 15280 15279 15288 
f 15292 15289 15288 15291 
f 15301 15292 15291 15300 
f 15304 15301 15300 15303 
f 15307 15304 15303 15306 
f 15310 15307 15306 15309 
f 15296 15310 15309 15294 
f 15298 15296 15294 15297 
f 15313 15298 15297 15312 
f 15322 15313 15312 15321 
f 15325 15322 15321 15324 
f 15317 15325 15324 15315 
f 15319 15317 15315 15318 
f 15341 15319 15318 15339 
f 15338 15341 15339 15336 
f 15335 15338 15336 15333 
f 15329 15335 15333 15327 
f 15331 15329 15327 15330 
f 15343 15331 15330 15342 
f 15346 15343 15342 15345 
f 15349 15346 15345 15348 
f 15352 15349 15348 15351 
f 15355 15352 15351 15354 
f 15358 15355 15354 15357 
f 15362 15358 15357 15360 
f 15364 15362 15360 15363 
f 15383 15364 15363 15381 
f 15380 15383 15381 15378 
f 15377 15380 15378 15375 
f 15374 15377 15375 15372 
f 15371 15374 15372 15369 
f 15368 15371 15369 15366 
f 15266 15368 15366 15264 
f 15448 15446 15444 15447 
f 15547 15448 15447 15546 
f 15550 15547 15546 15549 
f 15553 15550 15549 15552 
f 15556 15553 15552 15555 
f 15559 15556 15555 15558 
f 15562 15559 15558 15561 
f 15542 15562 15561 15540 
f 15544 15542 15540 15543 
f 15539 15544 15543 15537 
f 15536 15539 15537 15534 
f 15533 15536 15534 15531 
f 15530 15533 15531 15528 
f 15527 15530 15528 15525 
f 15524 15527 15525 15522 
f 15509 15524 15522 15507 
f 15511 15509 15507 15510 
f 15514 15511 15510 15513 
f 15517 15514 15513 15516 
f 15520 15517 15516 15519 
f 15497 15520 15519 15495 
f 15499 15497 15495 15498 
f 15506 15499 15498 15504 
f 15503 15506 15504 15501 
f 15494 15503 15501 15492 
f 15476 15494 15492 15474 
f 15478 15476 15474 15477 
f 15491 15478 15477 15489 
f 15488 15491 15489 15486 
f 15485 15488 15486 15483 
f 15482 15485 15483 15480 
f 15473 15482 15480 15471 
f 15470 15473 15471 15468 
f 15458 15470 15468 15456 
f 15460 15458 15456 15459 
f 15463 15460 15459 15462 
f 15466 15463 15462 15465 
f 15452 15466 15465 15450 
f 15454 15452 15450 15453 
f 15446 15454 15453 15444 
# 14937 polygons - 1059 triangles

