# 3ds Max Wavefront OBJ Exporter v0.99 - (c)2007 guruware
# File Created: 31.01.2023 13:59:29

#
# object 16086M_4
#

v  -0.0806 -0.0240 0.4054
v  -0.0806 -0.2362 0.4054
v  -0.1191 -0.2362 0.5985
v  -0.1191 -1.9606 0.5985
v  -0.1044 -1.9606 0.5250
v  -0.1030 -1.9613 0.5180
v  -0.1016 -1.9633 0.5109
v  -0.1002 -1.9671 0.5039
v  -0.0988 -1.9731 0.4969
v  -0.0978 -1.9798 0.4919
v  -0.0972 -1.9865 0.4887
v  -0.0969 -1.9933 0.4870
v  -0.0968 -2.0000 0.4865
v  -0.0968 -2.0433 0.4865
v  -0.0960 -2.0472 0.4825
v  -0.0928 -2.0472 0.4668
v  -0.1582 -0.0240 0.3819
v  -0.1582 -0.2362 0.3819
v  -0.2335 -0.2362 0.5638
v  -0.2335 -1.9606 0.5638
v  -0.2048 -1.9606 0.4945
v  -0.2021 -1.9613 0.4879
v  -0.1994 -1.9633 0.4813
v  -0.1966 -1.9671 0.4747
v  -0.1939 -1.9731 0.4681
v  -0.1919 -1.9798 0.4634
v  -0.1907 -1.9865 0.4604
v  -0.1900 -1.9933 0.4588
v  -0.1898 -2.0000 0.4583
v  -0.1898 -2.0433 0.4583
v  -0.1883 -2.0472 0.4545
v  -0.1821 -2.0472 0.4397
v  -0.2297 -0.0240 0.3437
v  -0.2297 -0.2362 0.3437
v  -0.3390 -0.2362 0.5074
v  -0.3390 -1.9606 0.5074
v  -0.2974 -1.9606 0.4451
v  -0.2934 -1.9613 0.4391
v  -0.2894 -1.9633 0.4332
v  -0.2854 -1.9671 0.4272
v  -0.2815 -1.9731 0.4212
v  -0.2786 -1.9798 0.4170
v  -0.2768 -1.9865 0.4143
v  -0.2759 -1.9933 0.4129
v  -0.2756 -2.0000 0.4125
v  -0.2756 -2.0433 0.4125
v  -0.2733 -2.0472 0.4090
v  -0.2644 -2.0472 0.3957
v  -0.2923 -0.0240 0.2923
v  -0.2923 -0.2362 0.2923
v  -0.4315 -0.2362 0.4315
v  -0.4315 -1.9606 0.4315
v  -0.3785 -1.9606 0.3785
v  -0.3734 -1.9613 0.3734
v  -0.3684 -1.9633 0.3684
v  -0.3633 -1.9671 0.3633
v  -0.3582 -1.9731 0.3582
v  -0.3546 -1.9798 0.3546
v  -0.3524 -1.9865 0.3524
v  -0.3511 -1.9933 0.3511
v  -0.3508 -2.0000 0.3508
v  -0.3508 -2.0433 0.3508
v  -0.3479 -2.0472 0.3479
v  -0.3365 -2.0472 0.3365
v  -0.3437 -0.0240 0.2297
v  -0.3437 -0.2362 0.2297
v  -0.5074 -0.2362 0.3390
v  -0.5074 -1.9606 0.3390
v  -0.4451 -1.9606 0.2974
v  -0.4391 -1.9613 0.2934
v  -0.4332 -1.9633 0.2894
v  -0.4272 -1.9671 0.2854
v  -0.4212 -1.9731 0.2815
v  -0.4170 -1.9798 0.2786
v  -0.4143 -1.9865 0.2768
v  -0.4129 -1.9933 0.2759
v  -0.4125 -2.0000 0.2756
v  -0.4125 -2.0433 0.2756
v  -0.4090 -2.0472 0.2733
v  -0.3957 -2.0472 0.2644
v  -0.3819 -0.0240 0.1582
v  -0.3819 -0.2362 0.1582
v  -0.5638 -0.2362 0.2335
v  -0.5638 -1.9606 0.2335
v  -0.4945 -1.9606 0.2048
v  -0.4879 -1.9613 0.2021
v  -0.4813 -1.9633 0.1994
v  -0.4747 -1.9671 0.1966
v  -0.4681 -1.9731 0.1939
v  -0.4634 -1.9798 0.1919
v  -0.4604 -1.9865 0.1907
v  -0.4588 -1.9933 0.1900
v  -0.4583 -2.0000 0.1898
v  -0.4583 -2.0433 0.1898
v  -0.4545 -2.0472 0.1883
v  -0.4397 -2.0472 0.1821
v  -0.4054 -0.0240 0.0806
v  -0.4054 -0.2362 0.0806
v  -0.5985 -0.2362 0.1191
v  -0.5985 -1.9606 0.1191
v  -0.5250 -1.9606 0.1044
v  -0.5180 -1.9613 0.1030
v  -0.5109 -1.9633 0.1016
v  -0.5039 -1.9671 0.1002
v  -0.4969 -1.9731 0.0988
v  -0.4919 -1.9798 0.0978
v  -0.4887 -1.9865 0.0972
v  -0.4870 -1.9933 0.0969
v  -0.4865 -2.0000 0.0968
v  -0.4865 -2.0433 0.0968
v  -0.4825 -2.0472 0.0960
v  -0.4668 -2.0472 0.0928
v  -0.4134 -0.0240 -0.0000
v  -0.4134 -0.2362 -0.0000
v  -0.6102 -0.2362 0.0000
v  -0.6102 -1.9606 0.0000
v  -0.5353 -1.9606 0.0000
v  -0.5281 -1.9613 0.0000
v  -0.5209 -1.9633 0.0000
v  -0.5138 -1.9671 0.0000
v  -0.5066 -1.9731 0.0000
v  -0.5015 -1.9798 0.0000
v  -0.4983 -1.9865 0.0000
v  -0.4966 -1.9933 0.0000
v  -0.4961 -2.0000 0.0000
v  -0.4961 -2.0433 0.0000
v  -0.4920 -2.0472 0.0000
v  -0.4759 -2.0472 0.0000
v  -0.4054 -0.0240 -0.0806
v  -0.4054 -0.2362 -0.0806
v  -0.5985 -0.2362 -0.1191
v  -0.5985 -1.9606 -0.1191
v  -0.5250 -1.9606 -0.1044
v  -0.5180 -1.9613 -0.1030
v  -0.5109 -1.9633 -0.1016
v  -0.5039 -1.9671 -0.1002
v  -0.4969 -1.9731 -0.0988
v  -0.4919 -1.9798 -0.0978
v  -0.4887 -1.9865 -0.0972
v  -0.4870 -1.9933 -0.0969
v  -0.4865 -2.0000 -0.0968
v  -0.4865 -2.0433 -0.0968
v  -0.4825 -2.0472 -0.0960
v  -0.4668 -2.0472 -0.0928
v  -0.3819 -0.0240 -0.1582
v  -0.3819 -0.2362 -0.1582
v  -0.5638 -0.2362 -0.2335
v  -0.5638 -1.9606 -0.2335
v  -0.4945 -1.9606 -0.2048
v  -0.4879 -1.9613 -0.2021
v  -0.4813 -1.9633 -0.1994
v  -0.4747 -1.9671 -0.1966
v  -0.4681 -1.9731 -0.1939
v  -0.4634 -1.9798 -0.1919
v  -0.4604 -1.9865 -0.1907
v  -0.4588 -1.9933 -0.1900
v  -0.4583 -2.0000 -0.1898
v  -0.4583 -2.0433 -0.1898
v  -0.4545 -2.0472 -0.1883
v  -0.4397 -2.0472 -0.1821
v  -0.3437 -0.0240 -0.2297
v  -0.3437 -0.2362 -0.2297
v  -0.5074 -0.2362 -0.3390
v  -0.5074 -1.9606 -0.3390
v  -0.4451 -1.9606 -0.2974
v  -0.4391 -1.9613 -0.2934
v  -0.4332 -1.9633 -0.2894
v  -0.4272 -1.9671 -0.2854
v  -0.4212 -1.9731 -0.2815
v  -0.4170 -1.9798 -0.2786
v  -0.4143 -1.9865 -0.2768
v  -0.4129 -1.9933 -0.2759
v  -0.4125 -2.0000 -0.2756
v  -0.4125 -2.0433 -0.2756
v  -0.4090 -2.0472 -0.2733
v  -0.3957 -2.0472 -0.2644
v  -0.2923 -0.0240 -0.2923
v  -0.2923 -0.2362 -0.2923
v  -0.4315 -0.2362 -0.4315
v  -0.4315 -1.9606 -0.4315
v  -0.3785 -1.9606 -0.3785
v  -0.3734 -1.9613 -0.3734
v  -0.3684 -1.9633 -0.3684
v  -0.3633 -1.9671 -0.3633
v  -0.3582 -1.9731 -0.3582
v  -0.3546 -1.9798 -0.3546
v  -0.3524 -1.9865 -0.3524
v  -0.3511 -1.9933 -0.3511
v  -0.3508 -2.0000 -0.3508
v  -0.3508 -2.0433 -0.3508
v  -0.3479 -2.0472 -0.3479
v  -0.3365 -2.0472 -0.3365
v  -0.2297 -0.0240 -0.3437
v  -0.2297 -0.2362 -0.3437
v  -0.3390 -0.2362 -0.5074
v  -0.3390 -1.9606 -0.5074
v  -0.2974 -1.9606 -0.4451
v  -0.2934 -1.9613 -0.4391
v  -0.2894 -1.9633 -0.4332
v  -0.2854 -1.9671 -0.4272
v  -0.2815 -1.9731 -0.4212
v  -0.2786 -1.9798 -0.4170
v  -0.2768 -1.9865 -0.4143
v  -0.2759 -1.9933 -0.4129
v  -0.2756 -2.0000 -0.4125
v  -0.2756 -2.0433 -0.4125
v  -0.2733 -2.0472 -0.4090
v  -0.2644 -2.0472 -0.3957
v  -0.1582 -0.0240 -0.3819
v  -0.1582 -0.2362 -0.3819
v  -0.2335 -0.2362 -0.5638
v  -0.2335 -1.9606 -0.5638
v  -0.2048 -1.9606 -0.4945
v  -0.2021 -1.9613 -0.4879
v  -0.1994 -1.9633 -0.4813
v  -0.1966 -1.9671 -0.4747
v  -0.1939 -1.9731 -0.4681
v  -0.1919 -1.9798 -0.4634
v  -0.1907 -1.9865 -0.4604
v  -0.1900 -1.9933 -0.4588
v  -0.1898 -2.0000 -0.4583
v  -0.1898 -2.0433 -0.4583
v  -0.1883 -2.0472 -0.4545
v  -0.1821 -2.0472 -0.4397
v  -0.0806 -0.0240 -0.4054
v  -0.0806 -0.2362 -0.4054
v  -0.1191 -0.2362 -0.5985
v  -0.1191 -1.9606 -0.5985
v  -0.1044 -1.9606 -0.5250
v  -0.1030 -1.9613 -0.5180
v  -0.1016 -1.9633 -0.5109
v  -0.1002 -1.9671 -0.5039
v  -0.0988 -1.9731 -0.4969
v  -0.0978 -1.9798 -0.4919
v  -0.0972 -1.9865 -0.4887
v  -0.0969 -1.9933 -0.4870
v  -0.0968 -2.0000 -0.4865
v  -0.0968 -2.0433 -0.4865
v  -0.0960 -2.0472 -0.4825
v  -0.0928 -2.0472 -0.4668
v  -0.0915 -2.0472 0.4599
v  -0.1794 -2.0472 0.4332
v  -0.2605 -2.0472 0.3899
v  -0.3315 -2.0472 0.3315
v  -0.3899 -2.0472 0.2605
v  -0.4332 -2.0472 0.1794
v  -0.4599 -2.0472 0.0915
v  -0.4689 -2.0472 0.0000
v  -0.4599 -2.0472 -0.0915
v  -0.4332 -2.0472 -0.1794
v  -0.3899 -2.0472 -0.2605
v  -0.3315 -2.0472 -0.3315
v  -0.2605 -2.0472 -0.3899
v  -0.1794 -2.0472 -0.4332
v  -0.0915 -2.0472 -0.4599
v  -0.5074 -1.2993 0.3390
v  -0.5638 -1.2993 0.2335
v  -0.5985 -1.2993 0.1191
v  -0.6102 -1.2993 0.0000
v  -0.5985 -1.2993 -0.1191
v  -0.5638 -1.2993 -0.2335
v  -0.5074 -1.2993 -0.3390
v  -0.4315 -1.2993 -0.4315
v  -0.3390 -1.2993 -0.5074
v  -0.2335 -1.2993 -0.5638
v  -0.1191 -1.2993 -0.5985
v  -0.2335 -0.7304 0.5638
v  -0.3390 -0.7304 0.5074
v  -0.4315 -0.7304 0.4315
v  -0.5074 -0.7304 0.3390
v  -0.5638 -0.7304 0.2335
v  -0.5985 -0.7304 0.1191
v  -0.6102 -0.7304 0.0000
v  -0.5985 -0.7304 -0.1191
v  -0.5638 -0.7304 -0.2335
v  -0.5074 -0.7304 -0.3390
v  -0.4315 -0.7304 -0.4315
v  -0.3390 -0.7304 -0.5074
v  -0.2335 -0.7304 -0.5638
v  -0.1191 -0.7304 -0.5985
v  -0.4315 -1.8702 0.4315
v  -0.3390 -1.8702 0.5074
v  -0.2335 -1.8702 0.5638
v  -0.5074 -1.8702 0.3390
v  -0.5638 -1.8702 0.2335
v  -0.5985 -1.8702 0.1191
v  -0.6102 -1.8702 0.0000
v  -0.5985 -1.8702 -0.1191
v  -0.5638 -1.8702 -0.2335
v  -0.5074 -1.8702 -0.3390
v  -0.4315 -1.8702 -0.4315
v  -0.3390 -1.8702 -0.5074
v  -0.2335 -1.8702 -0.5638
v  -0.1191 -1.8702 -0.5985
v  -0.5074 -1.1677 0.3390
v  -0.5638 -1.1677 0.2335
v  -0.5985 -1.1677 0.1191
v  -0.6102 -1.1677 0.0000
v  -0.5985 -1.1677 -0.1191
v  -0.5638 -1.1677 -0.2335
v  -0.5074 -1.1677 -0.3390
v  -0.4315 -1.1677 -0.4315
v  -0.3390 -1.1677 -0.5074
v  -0.2335 -1.1677 -0.5638
v  -0.1191 -1.1677 -0.5985
v  -0.5074 -1.4352 0.3390
v  -0.5638 -1.4352 0.2335
v  -0.5985 -1.4352 0.1191
v  -0.6102 -1.4352 0.0000
v  -0.5985 -1.4352 -0.1191
v  -0.5638 -1.4352 -0.2335
v  -0.5074 -1.4352 -0.3390
v  -0.4315 -1.4352 -0.4315
v  -0.3390 -1.4352 -0.5074
v  -0.2335 -1.4352 -0.5638
v  -0.1191 -1.4352 -0.5985
v  -0.5074 -0.9058 0.3390
v  -0.5638 -0.9058 0.2335
v  -0.5985 -0.9058 0.1191
v  -0.6102 -0.9058 0.0000
v  -0.5985 -0.9058 -0.1191
v  -0.5638 -0.9058 -0.2335
v  -0.5074 -0.9058 -0.3390
v  -0.4315 -0.9058 -0.4315
v  -0.3390 -0.9058 -0.5074
v  -0.2335 -0.9058 -0.5638
v  -0.1191 -0.9058 -0.5985
v  -0.5074 -1.6693 0.3390
v  -0.5638 -1.6693 0.2335
v  -0.5985 -1.6693 0.1191
v  -0.6102 -1.6693 0.0000
v  -0.5985 -1.6693 -0.1191
v  -0.5638 -1.6693 -0.2335
v  -0.5074 -1.6693 -0.3390
v  -0.4315 -1.6693 -0.4315
v  -0.3390 -1.6693 -0.5074
v  -0.2335 -1.6693 -0.5638
v  -0.1191 -1.6693 -0.5985
v  -0.5074 -1.5640 0.3390
v  -0.5638 -1.5640 0.2335
v  -0.5985 -1.5640 0.1191
v  -0.6102 -1.5640 0.0000
v  -0.5985 -1.5640 -0.1191
v  -0.5638 -1.5640 -0.2335
v  -0.5074 -1.5640 -0.3390
v  -0.4315 -1.5640 -0.4315
v  -0.3390 -1.5640 -0.5074
v  -0.2335 -1.5640 -0.5638
v  -0.1191 -1.5640 -0.5985
v  -0.5074 -1.0361 0.3390
v  -0.5638 -1.0361 0.2335
v  -0.5985 -1.0361 0.1191
v  -0.6102 -1.0361 0.0000
v  -0.5985 -1.0361 -0.1191
v  -0.5638 -1.0361 -0.2335
v  -0.5074 -1.0361 -0.3390
v  -0.4315 -1.0361 -0.4315
v  -0.3390 -1.0361 -0.5074
v  -0.2335 -1.0361 -0.5638
v  -0.1191 -1.0361 -0.5985
v  -0.5074 -0.7984 0.3390
v  -0.5638 -0.7984 0.2335
v  -0.5985 -0.7984 0.1191
v  -0.6102 -0.7984 0.0000
v  -0.5985 -0.7984 -0.1191
v  -0.5638 -0.7984 -0.2335
v  -0.5074 -0.7984 -0.3390
v  -0.4315 -0.7984 -0.4315
v  -0.3390 -0.7984 -0.5074
v  -0.2335 -0.7984 -0.5638
v  -0.1191 -0.7984 -0.5985
v  -0.5074 -1.7816 0.3390
v  -0.5638 -1.7816 0.2335
v  -0.5985 -1.7816 0.1191
v  -0.6102 -1.7816 0.0000
v  -0.5985 -1.7816 -0.1191
v  -0.5638 -1.7816 -0.2335
v  -0.5074 -1.7816 -0.3390
v  -0.4315 -1.7816 -0.4315
v  -0.3390 -1.7816 -0.5074
v  -0.2335 -1.7816 -0.5638
v  -0.1191 -1.7816 -0.5985
v  -0.1191 -0.3598 0.5985
v  -0.1191 -0.4833 0.5985
v  -0.1191 -0.6068 0.5985
v  -0.2335 -0.3598 0.5638
v  -0.2335 -0.4833 0.5638
v  -0.2335 -0.6068 0.5638
v  -0.3390 -0.3598 0.5074
v  -0.3390 -0.4833 0.5074
v  -0.3390 -0.6068 0.5074
v  -0.4315 -0.3598 0.4315
v  -0.4315 -0.4833 0.4315
v  -0.4315 -0.6068 0.4315
v  -0.5074 -0.3598 0.3390
v  -0.5074 -0.4833 0.3390
v  -0.5074 -0.6068 0.3390
v  -0.5638 -0.3598 0.2335
v  -0.5638 -0.4833 0.2335
v  -0.5638 -0.6068 0.2335
v  -0.5985 -0.3598 0.1191
v  -0.5985 -0.4833 0.1191
v  -0.5985 -0.6068 0.1191
v  -0.6102 -0.3598 0.0000
v  -0.6102 -0.4833 0.0000
v  -0.6102 -0.6068 0.0000
v  -0.5985 -0.3598 -0.1191
v  -0.5985 -0.4833 -0.1191
v  -0.5985 -0.6068 -0.1191
v  -0.5638 -0.3598 -0.2335
v  -0.5638 -0.4833 -0.2335
v  -0.5638 -0.6068 -0.2335
v  -0.5074 -0.3598 -0.3390
v  -0.5074 -0.4833 -0.3390
v  -0.5074 -0.6068 -0.3390
v  -0.4315 -0.3598 -0.4315
v  -0.4315 -0.4833 -0.4315
v  -0.4315 -0.6068 -0.4315
v  -0.3390 -0.3598 -0.5074
v  -0.3390 -0.4833 -0.5074
v  -0.3390 -0.6068 -0.5074
v  -0.2335 -0.3598 -0.5638
v  -0.2335 -0.4833 -0.5638
v  -0.2335 -0.6068 -0.5638
v  -0.1191 -0.3598 -0.5985
v  -0.1191 -0.4833 -0.5985
v  -0.1191 -0.6068 -0.5985
v  -0.0729 -0.9325 1.5748
v  -0.0806 -0.8939 1.5354
v  -0.0806 -0.8939 0.8858
v  -0.0883 -0.8553 0.8858
v  -0.0954 -0.8566 0.7184
v  -0.1431 -0.9538 1.5748
v  -0.1582 -0.9175 1.5354
v  -0.1582 -0.9175 0.8858
v  -0.1732 -0.8811 0.8858
v  -0.1838 -0.8854 0.6905
v  -0.2077 -0.9884 1.5748
v  -0.2296 -0.9556 1.5354
v  -0.2296 -0.9556 0.8858
v  -0.2515 -0.9229 0.8858
v  -0.2612 -0.9294 0.6497
v  -0.2644 -1.0349 1.5748
v  -0.2922 -1.0070 1.5354
v  -0.2922 -1.0070 0.8858
v  -0.3201 -0.9792 0.8858
v  -0.3263 -0.9845 0.6012
v  -0.3109 -1.0916 1.5748
v  -0.3436 -1.0697 1.5354
v  -0.3436 -1.0697 0.8858
v  -0.3764 -1.0478 0.8858
v  -0.3784 -1.0506 0.5503
v  -0.3455 -1.1562 1.5748
v  -0.3818 -1.1411 1.5354
v  -0.3818 -1.1411 0.8858
v  -0.4182 -1.1261 0.8858
v  -0.3667 -1.2263 1.5748
v  -0.4054 -1.2187 1.5354
v  -0.4054 -1.2187 0.8858
v  -0.4440 -1.2110 0.8858
v  -0.3739 -1.2993 1.5748
v  -0.4133 -1.2993 1.5354
v  -0.4133 -1.2993 0.8858
v  -0.4527 -1.2993 0.8858
v  -0.0557 -1.0194 1.5748
v  -0.1092 -1.0357 1.5748
v  -0.1585 -1.0620 1.5748
v  -0.2018 -1.0975 1.5748
v  -0.2373 -1.1408 1.5748
v  -0.2636 -1.1901 1.5748
v  -0.2799 -1.2436 1.5748
v  -0.2854 -1.2993 1.5748
v  -0.0557 -1.0194 0.8074
v  -0.1092 -1.0357 0.8074
v  -0.1585 -1.0620 0.8074
v  -0.2018 -1.0975 0.8074
v  -0.2373 -1.1408 0.8074
v  -0.2636 -1.1901 0.8074
v  -0.2799 -1.2436 0.8074
v  -0.2854 -1.2993 0.8074
v  -0.0543 -1.0263 0.8074
v  -0.1065 -1.0422 0.8074
v  -0.1546 -1.0679 0.8074
v  -0.1968 -1.1025 0.8074
v  -0.2314 -1.1447 0.8074
v  -0.2571 -1.1928 0.8074
v  -0.2730 -1.2450 0.8074
v  -0.2783 -1.2993 0.8074
v  -0.4246 -1.0967 0.4478
v  -0.4568 -1.1916 0.4086
v  -0.0926 -0.8541 0.7000
v  -0.1793 -0.8817 0.6735
v  -0.2564 -0.9241 0.6340
v  -0.3756 -1.0442 0.5368
v  -0.4169 -1.1197 0.4895
v  -0.4439 -1.2053 0.4533
v  -0.0905 -0.8433 0.6666
v  -0.0932 -0.8240 0.6373
v  -0.1749 -0.8699 0.6423
v  -0.1763 -0.8509 0.6147
v  -0.2522 -0.9109 0.6053
v  -0.2550 -0.8936 0.5798
v  -0.3747 -1.0312 0.5123
v  -0.4188 -1.1089 0.4662
v  -0.3788 -1.0167 0.4920
v  -0.4479 -1.1987 0.4296
v  -0.3224 -0.9785 0.5868
v  -0.3197 -0.9652 0.5603
v  -0.3225 -0.9490 0.5377
v  -0.4180 -1.1252 0.5027
v  -0.4436 -1.2087 0.4665
v  -0.4527 -1.2993 0.4523
v  -0.0806 -1.7047 1.5354
v  -0.0729 -1.6660 1.5748
v  -0.0806 -1.7047 0.8858
v  -0.0883 -1.7433 0.8858
v  -0.0954 -1.7420 0.7184
v  -0.1582 -1.6811 1.5354
v  -0.1431 -1.6448 1.5748
v  -0.1582 -1.6811 0.8858
v  -0.1732 -1.7175 0.8858
v  -0.1838 -1.7132 0.6905
v  -0.2297 -1.6431 1.5354
v  -0.2078 -1.6104 1.5748
v  -0.2297 -1.6431 0.8858
v  -0.2516 -1.6759 0.8858
v  -0.2610 -1.6695 0.6498
v  -0.2922 -1.5915 1.5354
v  -0.2644 -1.5637 1.5748
v  -0.2922 -1.5915 0.8858
v  -0.3201 -1.6194 0.8858
v  -0.3263 -1.6141 0.6012
v  -0.3439 -1.5291 1.5354
v  -0.3111 -1.5072 1.5748
v  -0.3439 -1.5291 0.8858
v  -0.3766 -1.5509 0.8858
v  -0.3642 -1.5708 0.5664
v  -0.3818 -1.4575 1.5354
v  -0.3455 -1.4424 1.5748
v  -0.3818 -1.4575 0.8858
v  -0.4182 -1.4725 0.8858
v  -0.3952 -1.5220 0.5319
v  -0.4054 -1.3799 1.5354
v  -0.3667 -1.3722 1.5748
v  -0.4054 -1.3799 0.8858
v  -0.4440 -1.3876 0.8858
v  -0.4180 -1.4734 0.5027
v  -0.4330 -1.4331 0.4820
v  -0.4436 -1.3899 0.4665
v  -0.0557 -1.5792 1.5748
v  -0.1092 -1.5629 1.5748
v  -0.1586 -1.5367 1.5748
v  -0.2018 -1.5011 1.5748
v  -0.2374 -1.4579 1.5748
v  -0.2636 -1.4085 1.5748
v  -0.2799 -1.3550 1.5748
v  -0.0557 -1.5792 0.8074
v  -0.1092 -1.5629 0.8074
v  -0.1586 -1.5367 0.8074
v  -0.2018 -1.5011 0.8074
v  -0.2374 -1.4579 0.8074
v  -0.2636 -1.4085 0.8074
v  -0.2799 -1.3550 0.8074
v  -0.0543 -1.5723 0.8074
v  -0.1065 -1.5564 0.8074
v  -0.1547 -1.5308 0.8074
v  -0.1968 -1.4961 0.8074
v  -0.2316 -1.4540 0.8074
v  -0.2571 -1.4058 0.8074
v  -0.2730 -1.3536 0.8074
v  -0.4516 -1.4493 0.4127
v  -0.4252 -1.5099 0.4432
v  -0.1844 -1.8002 0.5848
v  -0.3316 -1.6839 0.5146
v  -0.2589 -1.7378 0.5590
v  -0.3261 -1.6680 0.5236
v  -0.2558 -1.7210 0.5681
v  -0.0929 -1.7439 0.7025
v  -0.3676 -1.6227 0.4928
v  -0.4597 -1.4084 0.4036
v  -0.0953 -1.8301 0.6056
v  -0.0921 -1.8087 0.6140
v  -0.0900 -1.7891 0.6262
v  -0.0891 -1.7733 0.6406
v  -0.0899 -1.7524 0.6727
v  -0.1798 -1.7163 0.6754
v  -0.2569 -1.6739 0.6352
v  -0.3225 -1.6197 0.5873
v  -0.3613 -1.5767 0.5525
v  -0.3932 -1.5280 0.5181
v  -0.4169 -1.4792 0.4891
v  -0.4328 -1.4384 0.4675
v  -0.4440 -1.3934 0.4525
v  -0.1751 -1.7266 0.6469
v  -0.1743 -1.7477 0.6170
v  -0.1759 -1.7628 0.6039
v  -0.2529 -1.6855 0.6076
v  -0.3196 -1.6327 0.5607
v  -0.2535 -1.7065 0.5799
v  -0.3223 -1.6539 0.5346
v  -0.1792 -1.7810 0.5928
v  -0.3600 -1.5898 0.5261
v  -0.3936 -1.5408 0.4923
v  -0.3639 -1.6100 0.5022
v  -0.3996 -1.5615 0.4688
v  -0.4187 -1.4912 0.4642
v  -0.4377 -1.4465 0.4400
v  -0.4488 -1.4004 0.4270
v  -0.4536 -1.2993 0.4386
v  -0.4590 -1.2993 0.4141
v  -0.4694 -1.2993 0.3920
v  -0.4315 -1.6693 0.4315
v  -0.4315 -1.7816 0.4315
v  -0.3390 -1.7816 0.5074
v  -0.4315 -0.9058 0.4315
v  -0.4315 -0.7984 0.4315
v  -0.3390 -0.7984 0.5074
v  -0.4323 -1.0788 0.4328
v  -0.3868 -1.0001 0.4756
v  -0.2669 -0.8709 0.5566
v  -0.1855 -0.8227 0.5912
v  -0.1046 -0.7921 0.6122
v  -0.3315 -0.9289 0.5180
v  -0.4346 -0.9978 0.4284
v  -0.0806 -0.0310 0.4054
v  -0.1582 -0.0310 0.3819
v  -0.2297 -0.0310 0.3437
v  -0.2923 -0.0310 0.2923
v  -0.3437 -0.0310 0.2297
v  -0.3819 -0.0310 0.1582
v  -0.4054 -0.0310 0.0806
v  -0.4134 -0.0310 -0.0000
v  -0.4054 -0.0310 -0.0806
v  -0.3819 -0.0310 -0.1582
v  -0.3437 -0.0310 -0.2297
v  -0.2923 -0.0310 -0.2923
v  -0.2297 -0.0310 -0.3437
v  -0.1582 -0.0310 -0.3819
v  -0.0806 -0.0310 -0.4054
v  -0.0806 -0.2292 0.4054
v  -0.0806 -0.2292 -0.4054
v  -0.1582 -0.2292 -0.3819
v  -0.2297 -0.2292 -0.3437
v  -0.2923 -0.2292 -0.2923
v  -0.3437 -0.2292 -0.2297
v  -0.3819 -0.2292 -0.1582
v  -0.4054 -0.2292 -0.0806
v  -0.4134 -0.2292 -0.0000
v  -0.4054 -0.2292 0.0806
v  -0.3819 -0.2292 0.1582
v  -0.3437 -0.2292 0.2297
v  -0.2923 -0.2292 0.2923
v  -0.2297 -0.2292 0.3437
v  -0.1582 -0.2292 0.3819
v  -0.0820 -0.2362 0.4123
v  -0.1609 -0.2362 0.3884
v  -0.2336 -0.2362 0.3496
v  -0.2973 -0.2362 0.2973
v  -0.3496 -0.2362 0.2336
v  -0.3884 -0.2362 0.1609
v  -0.4123 -0.2362 0.0820
v  -0.4204 -0.2362 -0.0000
v  -0.4123 -0.2362 -0.0820
v  -0.3884 -0.2362 -0.1609
v  -0.3496 -0.2362 -0.2336
v  -0.2973 -0.2362 -0.2973
v  -0.2336 -0.2362 -0.3496
v  -0.1609 -0.2362 -0.3884
v  -0.0820 -0.2362 -0.4123
v  -0.1177 -0.2362 0.5916
v  -0.1177 -0.2362 -0.5916
v  -0.2308 -0.2362 -0.5573
v  -0.3351 -0.2362 -0.5015
v  -0.4265 -0.2362 -0.4265
v  -0.5015 -0.2362 -0.3351
v  -0.5573 -0.2362 -0.2308
v  -0.5916 -0.2362 -0.1177
v  -0.6032 -0.2362 0.0000
v  -0.5916 -0.2362 0.1177
v  -0.5573 -0.2362 0.2308
v  -0.5015 -0.2362 0.3351
v  -0.4265 -0.2362 0.4265
v  -0.3351 -0.2362 0.5015
v  -0.2308 -0.2362 0.5573
v  -0.1191 -0.2432 0.5985
v  -0.2335 -0.2432 0.5638
v  -0.3390 -0.2432 0.5074
v  -0.4315 -0.2432 0.4315
v  -0.5074 -0.2432 0.3390
v  -0.5638 -0.2432 0.2335
v  -0.5985 -0.2432 0.1191
v  -0.6102 -0.2432 0.0000
v  -0.5985 -0.2432 -0.1191
v  -0.5638 -0.2432 -0.2335
v  -0.5074 -0.2432 -0.3390
v  -0.4315 -0.2432 -0.4315
v  -0.3390 -0.2432 -0.5074
v  -0.2335 -0.2432 -0.5638
v  -0.1191 -0.2432 -0.5985
v  -0.0883 -0.8553 0.8788
v  -0.0883 -1.7433 0.8788
v  -0.1732 -1.7175 0.8788
v  -0.2516 -1.6759 0.8788
v  -0.3201 -1.6194 0.8788
v  -0.3751 -1.5529 0.8788
v  -0.4182 -1.4725 0.8788
v  -0.4440 -1.3876 0.8788
v  -0.4527 -1.2993 0.8788
v  -0.4440 -1.2110 0.8788
v  -0.4182 -1.1261 0.8788
v  -0.3764 -1.0478 0.8788
v  -0.3201 -0.9792 0.8788
v  -0.2515 -0.9229 0.8788
v  -0.1732 -0.8811 0.8788
v  -0.0967 -0.8570 0.7252
v  -0.1860 -0.8865 0.6971
v  -0.2638 -0.9312 0.6559
v  -0.3288 -0.9870 0.6073
v  -0.3803 -1.0536 0.5564
v  -0.4192 -1.1280 0.5091
v  -0.4441 -1.2106 0.4733
v  -0.4528 -1.2993 0.4594
v  -0.4439 -1.3882 0.4733
v  -0.4337 -1.4305 0.4885
v  -0.4191 -1.4705 0.5090
v  -0.3967 -1.5191 0.5381
v  -0.3662 -1.5680 0.5725
v  -0.3288 -1.6116 0.6073
v  -0.2635 -1.6678 0.6562
v  -0.1860 -1.7121 0.6971
v  -0.0967 -1.7416 0.7252
v  -0.0820 -0.8870 0.8858
v  -0.0820 -1.7116 0.8858
v  -0.1609 -1.6876 0.8858
v  -0.2336 -1.6490 0.8858
v  -0.2972 -1.5965 0.8858
v  -0.3497 -1.5330 0.8858
v  -0.3883 -1.4602 0.8858
v  -0.4123 -1.3813 0.8858
v  -0.4203 -1.2993 0.8858
v  -0.4123 -1.2173 0.8858
v  -0.3883 -1.1384 0.8858
v  -0.3495 -1.0658 0.8858
v  -0.2972 -1.0021 0.8858
v  -0.2335 -0.9498 0.8858
v  -0.1609 -0.9110 0.8858
v  -0.0869 -0.8622 0.8858
v  -0.1705 -0.8876 0.8858
v  -0.2476 -0.9288 0.8858
v  -0.3151 -0.9842 0.8858
v  -0.3705 -1.0517 0.8858
v  -0.4117 -1.1288 0.8858
v  -0.4371 -1.2124 0.8858
v  -0.4456 -1.2993 0.8858
v  -0.4371 -1.3862 0.8858
v  -0.4117 -1.4698 0.8858
v  -0.3708 -1.5470 0.8858
v  -0.3151 -1.6144 0.8858
v  -0.2477 -1.6700 0.8858
v  -0.1705 -1.7110 0.8858
v  -0.0869 -1.7364 0.8858
v  -0.0806 -0.8939 1.5284
v  -0.0806 -1.7047 1.5284
v  -0.1582 -1.6811 1.5284
v  -0.2297 -1.6431 1.5284
v  -0.2922 -1.5915 1.5284
v  -0.3439 -1.5291 1.5284
v  -0.3818 -1.4575 1.5284
v  -0.4054 -1.3799 1.5284
v  -0.4133 -1.2993 1.5284
v  -0.4054 -1.2187 1.5284
v  -0.3818 -1.1411 1.5284
v  -0.3436 -1.0697 1.5284
v  -0.2922 -1.0070 1.5284
v  -0.2296 -0.9556 1.5284
v  -0.1582 -0.9175 1.5284
v  -0.0806 -0.8939 0.8928
v  -0.1582 -0.9175 0.8928
v  -0.2296 -0.9556 0.8928
v  -0.2922 -1.0070 0.8928
v  -0.3436 -1.0697 0.8928
v  -0.3818 -1.1411 0.8928
v  -0.4054 -1.2187 0.8928
v  -0.4133 -1.2993 0.8928
v  -0.4054 -1.3799 0.8928
v  -0.3818 -1.4575 0.8928
v  -0.3439 -1.5291 0.8928
v  -0.2922 -1.5915 0.8928
v  -0.2297 -1.6431 0.8928
v  -0.1582 -1.6811 0.8928
v  -0.0806 -1.7047 0.8928
v  -0.0716 -0.9394 1.5748
v  -0.1404 -0.9603 1.5748
v  -0.2038 -0.9942 1.5748
v  -0.2594 -1.0399 1.5748
v  -0.3051 -1.0955 1.5748
v  -0.3390 -1.1589 1.5748
v  -0.3598 -1.2277 1.5748
v  -0.3669 -1.2993 1.5748
v  -0.3598 -1.3709 1.5748
v  -0.3390 -1.4397 1.5748
v  -0.3052 -1.5033 1.5748
v  -0.2594 -1.5587 1.5748
v  -0.2039 -1.6045 1.5748
v  -0.1404 -1.6383 1.5748
v  -0.0716 -1.6591 1.5748
v  -0.0570 -1.0125 1.5748
v  -0.0570 -1.5861 1.5748
v  -0.1119 -1.5694 1.5748
v  -0.1625 -1.5425 1.5748
v  -0.2068 -1.5061 1.5748
v  -0.2433 -1.4618 1.5748
v  -0.2701 -1.4112 1.5748
v  -0.2868 -1.3563 1.5748
v  -0.2924 -1.2993 1.5748
v  -0.2868 -1.2423 1.5748
v  -0.2701 -1.1874 1.5748
v  -0.2431 -1.1369 1.5748
v  -0.2068 -1.0925 1.5748
v  -0.1624 -1.0562 1.5748
v  -0.1119 -1.0292 1.5748
v  -0.0797 -0.8988 1.5404
v  -0.1563 -0.9220 1.5404
v  -0.2269 -0.9598 1.5404
v  -0.2888 -1.0105 1.5404
v  -0.3395 -1.0724 1.5404
v  -0.3773 -1.1430 1.5404
v  -0.4005 -1.2196 1.5404
v  -0.4084 -1.2993 1.5404
v  -0.4005 -1.3790 1.5404
v  -0.3773 -1.4556 1.5404
v  -0.3397 -1.5263 1.5404
v  -0.2888 -1.5881 1.5404
v  -0.2270 -1.6390 1.5404
v  -0.1563 -1.6766 1.5404
v  -0.0797 -1.6998 1.5404
v  -0.0739 -0.9277 1.5698
v  -0.0739 -1.6709 1.5698
v  -0.1450 -1.6493 1.5698
v  -0.2106 -1.6145 1.5698
v  -0.2679 -1.5672 1.5698
v  -0.3152 -1.5099 1.5698
v  -0.3500 -1.4443 1.5698
v  -0.3716 -1.3732 1.5698
v  -0.3789 -1.2993 1.5698
v  -0.3716 -1.2254 1.5698
v  -0.3500 -1.1543 1.5698
v  -0.3150 -1.0888 1.5698
v  -0.2679 -1.0314 1.5698
v  -0.2105 -0.9843 1.5698
v  -0.1450 -0.9493 1.5698
v  -0.1191 -1.9536 0.5986
v  -0.1191 -1.9536 -0.5985
v  -0.2335 -1.9536 -0.5638
v  -0.3390 -1.9536 -0.5074
v  -0.4315 -1.9536 -0.4315
v  -0.5074 -1.9536 -0.3390
v  -0.5638 -1.9536 -0.2335
v  -0.5985 -1.9536 -0.1191
v  -0.6102 -1.9536 0.0000
v  -0.5985 -1.9536 0.1191
v  -0.5638 -1.9536 0.2335
v  -0.5074 -1.9536 0.3390
v  -0.4315 -1.9536 0.4315
v  -0.3390 -1.9536 0.5074
v  -0.2335 -1.9536 0.5638
v  -0.1177 -1.9606 0.5916
v  -0.2308 -1.9606 0.5573
v  -0.3351 -1.9606 0.5015
v  -0.4265 -1.9606 0.4265
v  -0.5015 -1.9606 0.3351
v  -0.5573 -1.9606 0.2308
v  -0.5916 -1.9606 0.1177
v  -0.6032 -1.9606 0.0000
v  -0.5916 -1.9606 -0.1177
v  -0.5573 -1.9606 -0.2308
v  -0.5015 -1.9606 -0.3351
v  -0.4265 -1.9606 -0.4265
v  -0.3351 -1.9606 -0.5015
v  -0.2308 -1.9606 -0.5573
v  -0.1177 -1.9606 -0.5916
v  -0.4050 -1.5742 0.4590
v  0.0000 -0.8466 0.8858
v  -0.1217 -0.7471 0.5980
v  -0.1230 -0.7404 0.5976
v  -0.2045 -0.7832 0.5750
v  -0.2335 -0.8017 0.5638
v  -0.2362 -0.7959 0.5624
v  -0.2874 -0.8429 0.5383
v  -0.2912 -0.8376 0.5360
v  -0.3465 -0.9058 0.5023
v  -0.3497 -0.9010 0.4998
v  -0.3983 -0.9832 0.4623
v  -0.4025 -0.9790 0.4585
v  -0.4370 -1.0672 0.4259
v  -0.4404 -1.0642 0.4220
v  -0.4669 -1.1859 0.3927
v  -0.4631 -1.1876 0.3983
v  -0.4711 -1.1842 0.3873
v  -0.4766 -1.2993 0.3811
v  -0.4807 -1.2993 0.3755
v  -0.4669 -1.4127 0.3927
v  -0.4710 -1.4149 0.3873
v  -0.4615 -1.4492 0.3992
v  -0.4656 -1.4514 0.3939
v  -0.4370 -1.5314 0.4259
v  -0.4303 -1.5211 0.4345
v  -0.4405 -1.5345 0.4219
v  -0.4128 -1.5876 0.4494
v  -0.4170 -1.5917 0.4455
v  -0.3774 -1.6446 0.4802
v  -0.3717 -1.6339 0.4864
v  -0.3833 -1.6515 0.4749
v  -0.3390 -1.7013 0.5074
v  -0.3422 -1.7062 0.5051
v  -0.2685 -1.7679 0.5485
v  -0.2637 -1.7555 0.5522
v  -0.2754 -1.7740 0.5446
v  -0.1922 -1.8216 0.5788
v  -0.1954 -1.8276 0.5776
v  -0.1000 -1.8550 0.6004
v  -0.1015 -1.8619 0.6001
v  -0.2074 -0.7769 0.5738
v  -0.1041 -1.8750 0.5999
v  0.0000 -1.9933 0.4966
v  0.0000 -2.0472 0.4689
v  0.0000 -1.4352 -0.6102
v  0.0000 -1.0139 0.8074
v  -0.0000 -2.0472 -0.4689
v  0.0000 -0.2432 -0.6102
v  0.0000 -0.8860 0.8928
v  0.0000 -0.8466 0.8788
v  0.0000 -1.7126 0.8928
v  0.0000 -1.6662 1.5748
v  0.0000 -0.8860 0.8858
v  -0.3920 -0.9915 0.4687
v  -0.1133 -0.7710 0.6032
v  -0.3384 -0.9177 0.5095
v  -0.1940 -0.8044 0.5819
v  -0.2763 -0.8574 0.5466
v  0.0000 -0.7545 0.6137
v  -0.0969 -0.8114 0.6253
v  -0.1795 -0.8390 0.6032
v  -0.2593 -0.8837 0.5686
v  -0.3260 -0.9397 0.5278
v  -0.4282 -1.0892 0.4404
v  -0.3825 -1.0086 0.4832
v  -0.0911 -0.8347 0.6512
v  -0.1748 -0.8613 0.6278
v  -0.2527 -0.9028 0.5921
v  -0.3204 -0.9575 0.5486
v  -0.3762 -1.0243 0.5018
v  -0.4213 -1.1033 0.4566
v  -0.4517 -1.1952 0.4188
v  -0.4636 -1.2993 0.4027
v  -0.0891 -1.7614 0.6557
v  -0.1740 -1.7360 0.6311
v  -0.2525 -1.6949 0.5929
v  -0.3202 -1.6424 0.5468
v  -0.3959 -1.5504 0.4797
v  -0.3613 -1.5991 0.5133
v  -0.4437 -1.4485 0.4260
v  -0.4214 -1.4999 0.4529
v  -0.4535 -1.4043 0.4149
v  -0.0910 -0.8498 0.6828
v  -0.1764 -0.8767 0.6574
v  -0.2534 -0.9180 0.6192
v  -0.3202 -0.9722 0.5730
v  -0.3744 -1.0379 0.5240
v  -0.4172 -1.1144 0.4772
v  -0.4453 -1.2020 0.4410
v  -0.4557 -1.2993 0.4259
v  -0.0912 -1.7472 0.6874
v  -0.1770 -1.7207 0.6609
v  -0.2543 -1.6791 0.6212
v  -0.3204 -1.6257 0.5738
v  -0.3928 -1.5340 0.5049
v  -0.3600 -1.5828 0.5390
v  -0.4343 -1.4429 0.4536
v  -0.4172 -1.4848 0.4762
v  -0.4457 -1.3969 0.4393
v  0.0000 -1.9671 0.5138
v  0.0000 -1.9731 0.5066
v  0.0000 -1.9798 0.5015
v  0.0000 -1.9865 0.4983
v  0.0000 -2.0472 0.4759
v  0.0000 -0.0310 -0.4134
v  0.0000 -0.3598 -0.6102
v  -0.0000 -1.9865 -0.4983
v  0.0000 -0.7304 -0.6102
v  0.0000 -1.1677 -0.6102
v  -0.0000 -1.7816 -0.6102
v  0.0000 -0.6068 -0.6102
v  0.0000 -0.2432 0.6102
v  0.0000 -0.7213 0.6102
v  0.0000 -1.0069 1.5748
v  0.0000 -0.7783 0.6213
v  0.0000 -1.5917 1.5748
v  0.0000 -1.5847 0.8074
v  0.0000 -1.7521 0.7283
v  0.0000 -1.8701 0.6103
v  0.0000 -1.7827 0.6483
v  0.0000 -1.7565 0.6962
v  0.0000 -1.9536 0.6104
v  0.0000 -0.2292 0.4134
v  0.0000 -0.2362 0.6032
v  0.0000 -1.9606 0.6032
v  0.0000 -1.9606 0.5353
v  0.0000 -0.2292 -0.4134
v  0.0000 -0.2362 -0.4204
v  0.0000 -0.4833 -0.6102
v  -0.0000 -1.9606 -0.6032
v  -0.0000 -1.9606 -0.5353
v  -0.0000 -1.9613 -0.5281
v  -0.0000 -1.9633 -0.5209
v  -0.0000 -1.9798 -0.5015
v  -0.0000 -2.0000 -0.4961
v  -0.0000 -2.0433 -0.4961
v  0.0000 -0.6053 0.6102
v  0.0000 -0.4823 0.6102
v  0.0000 -1.5640 -0.6102
v  0.0000 -0.9058 -0.6102
v  0.0000 -0.9204 1.5698
v  0.0000 -0.8860 1.5284
v  0.0000 -0.9324 1.5748
v  0.0000 -1.0210 0.8074
v  0.0000 -0.8445 0.7092
v  0.0000 -1.5776 0.8074
v  0.0000 -1.7706 0.6637
v  0.0000 -1.7615 0.6811
v  0.0000 -0.8001 0.6334
v  0.0000 -1.2993 0.8074
v  0.0000 -0.0240 -0.4134
v  0.0000 -0.2362 0.4134
v  0.0000 -0.2362 -0.4134
v  0.0000 -0.9254 1.5748
v  0.0000 -1.6732 1.5748
v  0.0000 -1.9606 0.6102
v  -0.0000 -1.9606 -0.6102
v  0.0000 -0.7283 0.6102
v  0.0000 -0.0310 0.4134
v  0.0806 -0.0310 0.4054
v  0.0806 -0.2292 0.4054
v  0.0000 -0.2362 0.4204
v  0.0820 -0.2362 0.4123
v  0.1177 -0.2362 0.5916
v  0.1177 -1.9606 0.5916
v  0.1044 -1.9606 0.5250
v  0.1030 -1.9613 0.5180
v  0.0000 -1.9613 0.5281
v  0.1016 -1.9633 0.5109
v  0.0000 -1.9633 0.5209
v  0.1002 -1.9671 0.5039
v  0.0988 -1.9731 0.4969
v  0.0978 -1.9798 0.4919
v  0.0972 -1.9865 0.4887
v  0.0969 -1.9933 0.4870
v  0.0968 -2.0000 0.4865
v  0.0000 -2.0000 0.4961
v  0.0968 -2.0433 0.4865
v  0.0000 -2.0433 0.4961
v  0.0960 -2.0472 0.4825
v  0.0000 -2.0472 0.4920
v  0.0928 -2.0472 0.4668
v  0.1582 -0.0310 0.3819
v  0.1582 -0.2292 0.3819
v  0.1609 -0.2362 0.3884
v  0.2308 -0.2362 0.5573
v  0.2308 -1.9606 0.5573
v  0.2048 -1.9606 0.4945
v  0.2021 -1.9613 0.4879
v  0.1994 -1.9633 0.4813
v  0.1966 -1.9671 0.4747
v  0.1939 -1.9731 0.4681
v  0.1919 -1.9798 0.4634
v  0.1907 -1.9865 0.4604
v  0.1900 -1.9933 0.4588
v  0.1898 -2.0000 0.4583
v  0.1898 -2.0433 0.4583
v  0.1883 -2.0472 0.4545
v  0.1821 -2.0472 0.4397
v  0.2297 -0.0310 0.3437
v  0.2297 -0.2292 0.3437
v  0.2336 -0.2362 0.3496
v  0.3351 -0.2362 0.5015
v  0.3351 -1.9606 0.5015
v  0.2974 -1.9606 0.4451
v  0.2934 -1.9613 0.4391
v  0.2894 -1.9633 0.4332
v  0.2854 -1.9671 0.4272
v  0.2815 -1.9731 0.4212
v  0.2786 -1.9798 0.4170
v  0.2768 -1.9865 0.4143
v  0.2759 -1.9933 0.4129
v  0.2756 -2.0000 0.4125
v  0.2756 -2.0433 0.4125
v  0.2733 -2.0472 0.4090
v  0.2644 -2.0472 0.3957
v  0.2923 -0.0310 0.2923
v  0.2923 -0.2292 0.2923
v  0.2973 -0.2362 0.2973
v  0.4265 -0.2362 0.4265
v  0.4265 -1.9606 0.4265
v  0.3785 -1.9606 0.3785
v  0.3734 -1.9613 0.3734
v  0.3684 -1.9633 0.3684
v  0.3633 -1.9671 0.3633
v  0.3582 -1.9731 0.3582
v  0.3546 -1.9798 0.3546
v  0.3524 -1.9865 0.3524
v  0.3511 -1.9933 0.3511
v  0.3508 -2.0000 0.3508
v  0.3508 -2.0433 0.3508
v  0.3479 -2.0472 0.3479
v  0.3365 -2.0472 0.3365
v  0.3437 -0.0310 0.2297
v  0.3437 -0.2292 0.2297
v  0.3496 -0.2362 0.2336
v  0.5015 -0.2362 0.3351
v  0.5015 -1.9606 0.3351
v  0.4451 -1.9606 0.2974
v  0.4391 -1.9613 0.2934
v  0.4332 -1.9633 0.2894
v  0.4272 -1.9671 0.2854
v  0.4212 -1.9731 0.2815
v  0.4170 -1.9798 0.2786
v  0.4143 -1.9865 0.2768
v  0.4129 -1.9933 0.2759
v  0.4125 -2.0000 0.2756
v  0.4125 -2.0433 0.2756
v  0.4090 -2.0472 0.2733
v  0.3957 -2.0472 0.2644
v  0.3819 -0.0310 0.1582
v  0.3819 -0.2292 0.1582
v  0.3884 -0.2362 0.1609
v  0.5573 -0.2362 0.2308
v  0.5638 -0.3598 0.2335
v  0.5638 -0.4833 0.2335
v  0.5074 -0.4833 0.3390
v  0.5074 -0.3598 0.3390
v  0.5573 -1.9606 0.2308
v  0.4945 -1.9606 0.2048
v  0.4879 -1.9613 0.2021
v  0.4813 -1.9633 0.1994
v  0.4747 -1.9671 0.1966
v  0.4681 -1.9731 0.1939
v  0.4634 -1.9798 0.1919
v  0.4604 -1.9865 0.1907
v  0.4588 -1.9933 0.1900
v  0.4583 -2.0000 0.1898
v  0.4583 -2.0433 0.1898
v  0.4545 -2.0472 0.1883
v  0.4397 -2.0472 0.1821
v  0.4054 -0.0310 0.0806
v  0.4054 -0.2292 0.0806
v  0.4123 -0.2362 0.0820
v  0.5916 -0.2362 0.1177
v  0.5985 -0.3598 0.1191
v  0.5985 -0.4833 0.1191
v  0.5916 -1.9606 0.1177
v  0.5250 -1.9606 0.1044
v  0.5180 -1.9613 0.1030
v  0.5109 -1.9633 0.1016
v  0.5039 -1.9671 0.1002
v  0.4969 -1.9731 0.0988
v  0.4919 -1.9798 0.0978
v  0.4887 -1.9865 0.0972
v  0.4870 -1.9933 0.0969
v  0.4865 -2.0000 0.0968
v  0.4865 -2.0433 0.0968
v  0.4825 -2.0472 0.0960
v  0.4668 -2.0472 0.0928
v  0.4134 -0.0310 -0.0000
v  0.4134 -0.2292 -0.0000
v  0.4204 -0.2362 -0.0000
v  0.6032 -0.2362 0.0000
v  0.6102 -0.3598 0.0000
v  0.6102 -0.4833 0.0000
v  0.6032 -1.9606 0.0000
v  0.5353 -1.9606 0.0000
v  0.5281 -1.9613 0.0000
v  0.5209 -1.9633 0.0000
v  0.5138 -1.9671 0.0000
v  0.5066 -1.9731 0.0000
v  0.5015 -1.9798 0.0000
v  0.4983 -1.9865 0.0000
v  0.4966 -1.9933 0.0000
v  0.4961 -2.0000 0.0000
v  0.4961 -2.0433 0.0000
v  0.4920 -2.0472 0.0000
v  0.4759 -2.0472 0.0000
v  0.4054 -0.0310 -0.0806
v  0.4054 -0.2292 -0.0806
v  0.4123 -0.2362 -0.0820
v  0.5916 -0.2362 -0.1177
v  0.5985 -0.3598 -0.1191
v  0.5985 -0.4833 -0.1191
v  0.5916 -1.9606 -0.1177
v  0.5250 -1.9606 -0.1044
v  0.5180 -1.9613 -0.1030
v  0.5109 -1.9633 -0.1016
v  0.5039 -1.9671 -0.1002
v  0.4969 -1.9731 -0.0988
v  0.4919 -1.9798 -0.0978
v  0.4887 -1.9865 -0.0972
v  0.4870 -1.9933 -0.0969
v  0.4865 -2.0000 -0.0968
v  0.4865 -2.0433 -0.0968
v  0.4825 -2.0472 -0.0960
v  0.4668 -2.0472 -0.0928
v  0.3819 -0.0310 -0.1582
v  0.3819 -0.2292 -0.1582
v  0.3884 -0.2362 -0.1609
v  0.5573 -0.2362 -0.2308
v  0.5638 -0.3598 -0.2335
v  0.5638 -0.4833 -0.2335
v  0.5573 -1.9606 -0.2308
v  0.4945 -1.9606 -0.2048
v  0.4879 -1.9613 -0.2021
v  0.4813 -1.9633 -0.1994
v  0.4747 -1.9671 -0.1966
v  0.4681 -1.9731 -0.1939
v  0.4634 -1.9798 -0.1919
v  0.4604 -1.9865 -0.1907
v  0.4588 -1.9933 -0.1900
v  0.4583 -2.0000 -0.1898
v  0.4583 -2.0433 -0.1898
v  0.4545 -2.0472 -0.1883
v  0.4397 -2.0472 -0.1821
v  0.3437 -0.0310 -0.2297
v  0.3437 -0.2292 -0.2297
v  0.3496 -0.2362 -0.2336
v  0.5015 -0.2362 -0.3351
v  0.5074 -0.3598 -0.3390
v  0.5074 -0.4833 -0.3390
v  0.5015 -1.9606 -0.3351
v  0.4451 -1.9606 -0.2974
v  0.4391 -1.9613 -0.2934
v  0.4332 -1.9633 -0.2894
v  0.4272 -1.9671 -0.2854
v  0.4212 -1.9731 -0.2815
v  0.4170 -1.9798 -0.2786
v  0.4143 -1.9865 -0.2768
v  0.4129 -1.9933 -0.2759
v  0.4125 -2.0000 -0.2756
v  0.4125 -2.0433 -0.2756
v  0.4090 -2.0472 -0.2733
v  0.3957 -2.0472 -0.2644
v  0.2923 -0.0310 -0.2923
v  0.2923 -0.2292 -0.2923
v  0.2973 -0.2362 -0.2973
v  0.4265 -0.2362 -0.4265
v  0.4315 -0.3598 -0.4315
v  0.4315 -0.4833 -0.4315
v  0.4265 -1.9606 -0.4265
v  0.3785 -1.9606 -0.3785
v  0.3734 -1.9613 -0.3734
v  0.3684 -1.9633 -0.3684
v  0.3633 -1.9671 -0.3633
v  0.3582 -1.9731 -0.3582
v  0.3546 -1.9798 -0.3546
v  0.3524 -1.9865 -0.3524
v  0.3511 -1.9933 -0.3511
v  0.3508 -2.0000 -0.3508
v  0.3508 -2.0433 -0.3508
v  0.3479 -2.0472 -0.3479
v  0.3365 -2.0472 -0.3365
v  0.2297 -0.0310 -0.3437
v  0.2297 -0.2292 -0.3437
v  0.2336 -0.2362 -0.3496
v  0.3351 -0.2362 -0.5015
v  0.3390 -0.3598 -0.5074
v  0.3390 -0.4833 -0.5074
v  0.3351 -1.9606 -0.5015
v  0.2974 -1.9606 -0.4451
v  0.2934 -1.9613 -0.4391
v  0.2894 -1.9633 -0.4332
v  0.2854 -1.9671 -0.4272
v  0.2815 -1.9731 -0.4212
v  0.2786 -1.9798 -0.4170
v  0.2768 -1.9865 -0.4143
v  0.2759 -1.9933 -0.4129
v  0.2756 -2.0000 -0.4125
v  0.2756 -2.0433 -0.4125
v  0.2733 -2.0472 -0.4090
v  0.2644 -2.0472 -0.3957
v  0.1582 -0.0310 -0.3819
v  0.1582 -0.2292 -0.3819
v  0.1609 -0.2362 -0.3884
v  0.2308 -0.2362 -0.5573
v  0.2335 -0.3598 -0.5638
v  0.2335 -0.4833 -0.5638
v  0.2308 -1.9606 -0.5573
v  0.2048 -1.9606 -0.4945
v  0.2021 -1.9613 -0.4879
v  0.1994 -1.9633 -0.4813
v  0.1966 -1.9671 -0.4747
v  0.1939 -1.9731 -0.4681
v  0.1919 -1.9798 -0.4634
v  0.1907 -1.9865 -0.4604
v  0.1900 -1.9933 -0.4588
v  0.1898 -2.0000 -0.4583
v  0.1898 -2.0433 -0.4583
v  0.1883 -2.0472 -0.4545
v  0.1821 -2.0472 -0.4397
v  0.0806 -0.0310 -0.4054
v  0.0806 -0.2292 -0.4054
v  0.0820 -0.2362 -0.4123
v  0.1177 -0.2362 -0.5916
v  0.1191 -0.3598 -0.5985
v  0.1191 -0.4833 -0.5985
v  0.1177 -1.9606 -0.5916
v  0.1044 -1.9606 -0.5250
v  0.1030 -1.9613 -0.5180
v  0.1016 -1.9633 -0.5109
v  0.1002 -1.9671 -0.5039
v  0.0988 -1.9731 -0.4969
v  0.0978 -1.9798 -0.4919
v  0.0972 -1.9865 -0.4887
v  0.0969 -1.9933 -0.4870
v  0.0968 -2.0000 -0.4865
v  0.0968 -2.0433 -0.4865
v  0.0960 -2.0472 -0.4825
v  0.0928 -2.0472 -0.4668
v  0.0000 -0.2362 -0.6032
v  -0.0000 -1.9671 -0.5138
v  -0.0000 -1.9731 -0.5066
v  -0.0000 -1.9933 -0.4966
v  -0.0000 -2.0472 -0.4920
v  -0.0000 -2.0472 -0.4759
v  0.0915 -2.0472 0.4599
v  0.1794 -2.0472 0.4332
v  0.2605 -2.0472 0.3899
v  0.3315 -2.0472 0.3315
v  0.3899 -2.0472 0.2605
v  0.4332 -2.0472 0.1794
v  0.4599 -2.0472 0.0915
v  0.4689 -2.0472 0.0000
v  0.4599 -2.0472 -0.0915
v  0.4332 -2.0472 -0.1794
v  0.3899 -2.0472 -0.2605
v  0.3315 -2.0472 -0.3315
v  0.2605 -2.0472 -0.3899
v  0.1794 -2.0472 -0.4332
v  0.0915 -2.0472 -0.4599
v  0.1191 -0.4833 0.5985
v  0.1191 -0.6068 0.5985
v  0.2074 -0.7769 0.5738
v  0.1230 -0.7404 0.5976
v  0.2335 -0.7304 0.5638
v  0.2362 -0.7959 0.5624
v  0.3390 -0.7304 0.5074
v  0.3390 -0.7984 0.5074
v  0.4315 -0.7304 0.4315
v  0.4315 -0.7984 0.4315
v  0.4711 -1.1842 0.3873
v  0.5074 -1.1677 0.3390
v  0.5074 -1.2993 0.3390
v  0.4807 -1.2993 0.3755
v  0.3422 -1.7062 0.5051
v  0.3390 -1.7816 0.5074
v  0.2754 -1.7740 0.5446
v  0.5638 -1.2993 0.2335
v  0.5638 -1.4352 0.2335
v  0.5074 -1.4352 0.3390
v  0.5985 -1.2993 0.1191
v  0.5985 -1.4352 0.1191
v  0.6102 -1.2993 0.0000
v  0.6102 -1.4352 0.0000
v  0.5985 -1.2993 -0.1191
v  0.5985 -1.4352 -0.1191
v  0.5638 -1.2993 -0.2335
v  0.5638 -1.4352 -0.2335
v  0.5074 -1.2993 -0.3390
v  0.5074 -1.4352 -0.3390
v  0.4315 -1.2993 -0.4315
v  0.4315 -1.4352 -0.4315
v  0.3390 -1.2993 -0.5074
v  0.3390 -1.4352 -0.5074
v  0.2335 -1.2993 -0.5638
v  0.2335 -1.4352 -0.5638
v  0.1191 -1.2993 -0.5985
v  0.1191 -1.4352 -0.5985
v  0.0000 -1.2993 -0.6102
v  0.5638 -0.7304 0.2335
v  0.5638 -0.7984 0.2335
v  0.5074 -0.7984 0.3390
v  0.5074 -0.7304 0.3390
v  0.5985 -0.7304 0.1191
v  0.5985 -0.7984 0.1191
v  0.6102 -0.7304 0.0000
v  0.6102 -0.7984 0.0000
v  0.5985 -0.7304 -0.1191
v  0.5985 -0.7984 -0.1191
v  0.5638 -0.7304 -0.2335
v  0.5638 -0.7984 -0.2335
v  0.5074 -0.7304 -0.3390
v  0.5074 -0.7984 -0.3390
v  0.4315 -0.7304 -0.4315
v  0.4315 -0.7984 -0.4315
v  0.3390 -0.7304 -0.5074
v  0.3390 -0.7984 -0.5074
v  0.2335 -0.7304 -0.5638
v  0.2335 -0.7984 -0.5638
v  0.1191 -0.7304 -0.5985
v  0.1191 -0.7984 -0.5985
v  0.0000 -0.7984 -0.6102
v  0.2335 -0.4833 0.5638
v  0.2335 -0.6068 0.5638
v  0.3390 -0.4833 0.5074
v  0.3390 -0.6068 0.5074
v  0.4315 -0.4833 0.4315
v  0.4315 -0.6068 0.4315
v  0.5074 -0.6068 0.3390
v  0.5074 -1.9536 0.3390
v  0.4315 -1.9536 0.4315
v  0.4315 -1.8702 0.4315
v  0.5074 -1.8702 0.3390
v  0.3390 -1.9536 0.5074
v  0.3390 -1.8702 0.5074
v  0.2335 -1.9536 0.5638
v  0.2335 -1.8702 0.5638
v  0.5638 -1.9536 0.2335
v  0.5638 -1.8702 0.2335
v  0.5985 -1.9536 0.1191
v  0.5985 -1.8702 0.1191
v  0.6102 -1.9536 0.0000
v  0.6102 -1.8702 0.0000
v  0.5985 -1.9536 -0.1191
v  0.5985 -1.8702 -0.1191
v  0.5638 -1.9536 -0.2335
v  0.5638 -1.8702 -0.2335
v  0.5074 -1.9536 -0.3390
v  0.5074 -1.8702 -0.3390
v  0.4315 -1.9536 -0.4315
v  0.4315 -1.8702 -0.4315
v  0.3390 -1.9536 -0.5074
v  0.3390 -1.8702 -0.5074
v  0.2335 -1.9536 -0.5638
v  0.2335 -1.8702 -0.5638
v  0.1191 -1.9536 -0.5985
v  0.1191 -1.8702 -0.5985
v  -0.0000 -1.9536 -0.6102
v  -0.0000 -1.8702 -0.6102
v  0.5638 -1.1677 0.2335
v  0.5985 -1.1677 0.1191
v  0.6102 -1.1677 0.0000
v  0.5985 -1.1677 -0.1191
v  0.5638 -1.1677 -0.2335
v  0.5074 -1.1677 -0.3390
v  0.4315 -1.1677 -0.4315
v  0.3390 -1.1677 -0.5074
v  0.2335 -1.1677 -0.5638
v  0.1191 -1.1677 -0.5985
v  0.5638 -1.5640 0.2335
v  0.5074 -1.5640 0.3390
v  0.5985 -1.5640 0.1191
v  0.6102 -1.5640 0.0000
v  0.5985 -1.5640 -0.1191
v  0.5638 -1.5640 -0.2335
v  0.5074 -1.5640 -0.3390
v  0.4315 -1.5640 -0.4315
v  0.3390 -1.5640 -0.5074
v  0.2335 -1.5640 -0.5638
v  0.1191 -1.5640 -0.5985
v  0.5638 -0.9058 0.2335
v  0.5638 -1.0361 0.2335
v  0.5074 -1.0361 0.3390
v  0.5074 -0.9058 0.3390
v  0.5985 -0.9058 0.1191
v  0.5985 -1.0361 0.1191
v  0.6102 -0.9058 0.0000
v  0.6102 -1.0361 0.0000
v  0.5985 -0.9058 -0.1191
v  0.5985 -1.0361 -0.1191
v  0.5638 -0.9058 -0.2335
v  0.5638 -1.0361 -0.2335
v  0.5074 -0.9058 -0.3390
v  0.5074 -1.0361 -0.3390
v  0.4315 -0.9058 -0.4315
v  0.4315 -1.0361 -0.4315
v  0.3390 -0.9058 -0.5074
v  0.3390 -1.0361 -0.5074
v  0.2335 -0.9058 -0.5638
v  0.2335 -1.0361 -0.5638
v  0.1191 -0.9058 -0.5985
v  0.1191 -1.0361 -0.5985
v  0.0000 -1.0361 -0.6102
v  0.5638 -1.6693 0.2335
v  0.5638 -1.7816 0.2335
v  0.5074 -1.7816 0.3390
v  0.5074 -1.6693 0.3390
v  0.5985 -1.6693 0.1191
v  0.5985 -1.7816 0.1191
v  0.6102 -1.6693 0.0000
v  0.6102 -1.7816 0.0000
v  0.5985 -1.6693 -0.1191
v  0.5985 -1.7816 -0.1191
v  0.5638 -1.6693 -0.2335
v  0.5638 -1.7816 -0.2335
v  0.5074 -1.6693 -0.3390
v  0.5074 -1.7816 -0.3390
v  0.4315 -1.6693 -0.4315
v  0.4315 -1.7816 -0.4315
v  0.3390 -1.6693 -0.5074
v  0.3390 -1.7816 -0.5074
v  0.2335 -1.6693 -0.5638
v  0.2335 -1.7816 -0.5638
v  0.1191 -1.6693 -0.5985
v  0.1191 -1.7816 -0.5985
v  -0.0000 -1.6693 -0.6102
v  0.5638 -0.6068 0.2335
v  0.5074 -0.2432 0.3390
v  0.5638 -0.2432 0.2335
v  0.5985 -0.6068 0.1191
v  0.5985 -0.2432 0.1191
v  0.6102 -0.6068 0.0000
v  0.6102 -0.2432 0.0000
v  0.5985 -0.6068 -0.1191
v  0.5985 -0.2432 -0.1191
v  0.5638 -0.6068 -0.2335
v  0.5638 -0.2432 -0.2335
v  0.5074 -0.6068 -0.3390
v  0.5074 -0.2432 -0.3390
v  0.4315 -0.6068 -0.4315
v  0.4315 -0.2432 -0.4315
v  0.3390 -0.6068 -0.5074
v  0.3390 -0.2432 -0.5074
v  0.2335 -0.6068 -0.5638
v  0.2335 -0.2432 -0.5638
v  0.1191 -0.6068 -0.5985
v  0.1191 -0.2432 -0.5985
v  0.1191 -0.2432 0.5985
v  0.1191 -0.3598 0.5985
v  0.0000 -0.3593 0.6102
v  0.2335 -0.2432 0.5638
v  0.2335 -0.3598 0.5638
v  0.3390 -0.2432 0.5074
v  0.3390 -0.3598 0.5074
v  0.4315 -0.2432 0.4315
v  0.4315 -0.3598 0.4315
v  0.0000 -0.8909 1.5404
v  0.0797 -0.8988 1.5404
v  0.0739 -0.9277 1.5698
v  0.0806 -0.8939 0.8928
v  0.0806 -0.8939 1.5284
v  0.0000 -0.8790 0.8858
v  0.0000 -0.8537 0.8858
v  0.0869 -0.8622 0.8858
v  0.0820 -0.8870 0.8858
v  0.0000 -0.8465 0.7354
v  0.0967 -0.8570 0.7252
v  0.0883 -0.8553 0.8788
v  0.1563 -0.9220 1.5404
v  0.1450 -0.9493 1.5698
v  0.1582 -0.9175 0.8928
v  0.1582 -0.9175 1.5284
v  0.1705 -0.8876 0.8858
v  0.1609 -0.9110 0.8858
v  0.1860 -0.8865 0.6971
v  0.1732 -0.8811 0.8788
v  0.2269 -0.9598 1.5404
v  0.2105 -0.9843 1.5698
v  0.2296 -0.9556 0.8928
v  0.2296 -0.9556 1.5284
v  0.2476 -0.9288 0.8858
v  0.2335 -0.9498 0.8858
v  0.2638 -0.9312 0.6559
v  0.2515 -0.9229 0.8788
v  0.2888 -1.0105 1.5404
v  0.2679 -1.0314 1.5698
v  0.2922 -1.0070 0.8928
v  0.2922 -1.0070 1.5284
v  0.3151 -0.9842 0.8858
v  0.2972 -1.0021 0.8858
v  0.3288 -0.9870 0.6073
v  0.3201 -0.9792 0.8788
v  0.3395 -1.0724 1.5404
v  0.3150 -1.0888 1.5698
v  0.3436 -1.0697 0.8928
v  0.3436 -1.0697 1.5284
v  0.3705 -1.0517 0.8858
v  0.3495 -1.0658 0.8858
v  0.3803 -1.0536 0.5564
v  0.3764 -1.0478 0.8788
v  0.3773 -1.1430 1.5404
v  0.3500 -1.1543 1.5698
v  0.3818 -1.1411 0.8928
v  0.3818 -1.1411 1.5284
v  0.4117 -1.1288 0.8858
v  0.3883 -1.1384 0.8858
v  0.4192 -1.1280 0.5091
v  0.4182 -1.1261 0.8788
v  0.4005 -1.2196 1.5404
v  0.3716 -1.2254 1.5698
v  0.4054 -1.2187 0.8928
v  0.4054 -1.2187 1.5284
v  0.4371 -1.2124 0.8858
v  0.4123 -1.2173 0.8858
v  0.4441 -1.2106 0.4733
v  0.4440 -1.2110 0.8788
v  0.4084 -1.2993 1.5404
v  0.3789 -1.2993 1.5698
v  0.4133 -1.2993 0.8928
v  0.4133 -1.2993 1.5284
v  0.4456 -1.2993 0.8858
v  0.4203 -1.2993 0.8858
v  0.4528 -1.2993 0.4594
v  0.4527 -1.2993 0.8788
v  0.0716 -0.9394 1.5748
v  0.0570 -1.0125 1.5748
v  0.1404 -0.9603 1.5748
v  0.1119 -1.0292 1.5748
v  0.2038 -0.9942 1.5748
v  0.1624 -1.0562 1.5748
v  0.2594 -1.0399 1.5748
v  0.2068 -1.0925 1.5748
v  0.3051 -1.0955 1.5748
v  0.2431 -1.1369 1.5748
v  0.3390 -1.1589 1.5748
v  0.2701 -1.1874 1.5748
v  0.3598 -1.2277 1.5748
v  0.2868 -1.2423 1.5748
v  0.3669 -1.2993 1.5748
v  0.2924 -1.2993 1.5748
v  0.0000 -1.0139 1.5748
v  0.0557 -1.0194 1.5748
v  0.0557 -1.0194 0.8074
v  0.1092 -1.0357 1.5748
v  0.1092 -1.0357 0.8074
v  0.1585 -1.0620 1.5748
v  0.1585 -1.0620 0.8074
v  0.2018 -1.0975 1.5748
v  0.2018 -1.0975 0.8074
v  0.2373 -1.1408 1.5748
v  0.2373 -1.1408 0.8074
v  0.2636 -1.1901 1.5748
v  0.2636 -1.1901 0.8074
v  0.2799 -1.2436 1.5748
v  0.2799 -1.2436 0.8074
v  0.2854 -1.2993 1.5748
v  0.2854 -1.2993 0.8074
v  0.0543 -1.0263 0.8074
v  0.1065 -1.0422 0.8074
v  0.1546 -1.0679 0.8074
v  0.1968 -1.1025 0.8074
v  0.2314 -1.1447 0.8074
v  0.2571 -1.1928 0.8074
v  0.2730 -1.2450 0.8074
v  0.2783 -1.2993 0.8074
v  0.0926 -0.8541 0.7000
v  0.0954 -0.8566 0.7184
v  0.0000 -0.8465 0.7283
v  0.3983 -0.9832 0.4623
v  0.4370 -1.0672 0.4259
v  0.3920 -0.9915 0.4687
v  0.4669 -1.1859 0.3927
v  0.4631 -1.1876 0.3983
v  0.4323 -1.0788 0.4328
v  0.4766 -1.2993 0.3811
v  0.4694 -1.2993 0.3920
v  0.4568 -1.1916 0.4086
v  0.1046 -0.7921 0.6122
v  0.1133 -0.7710 0.6032
v  0.0932 -0.8240 0.6373
v  0.0911 -0.8347 0.6512
v  0.0000 -0.8251 0.6590
v  0.0000 -0.8138 0.6451
v  0.0905 -0.8433 0.6666
v  0.0910 -0.8498 0.6828
v  0.0000 -0.8404 0.6913
v  0.0000 -0.8340 0.6747
v  0.1793 -0.8817 0.6735
v  0.1838 -0.8854 0.6905
v  0.2564 -0.9241 0.6340
v  0.2612 -0.9294 0.6497
v  0.3224 -0.9785 0.5868
v  0.3263 -0.9845 0.6012
v  0.3756 -1.0442 0.5368
v  0.4169 -1.1197 0.4895
v  0.4180 -1.1252 0.5027
v  0.3784 -1.0506 0.5503
v  0.4439 -1.2053 0.4533
v  0.4436 -1.2087 0.4665
v  0.4536 -1.2993 0.4386
v  0.4527 -1.2993 0.4523
v  0.1764 -0.8767 0.6574
v  0.1748 -0.8613 0.6278
v  0.1749 -0.8699 0.6423
v  0.0969 -0.8114 0.6253
v  0.1795 -0.8390 0.6032
v  0.1763 -0.8509 0.6147
v  0.2534 -0.9180 0.6192
v  0.3202 -0.9722 0.5730
v  0.2527 -0.9028 0.5921
v  0.2522 -0.9109 0.6053
v  0.2593 -0.8837 0.5686
v  0.2550 -0.8936 0.5798
v  0.3204 -0.9575 0.5486
v  0.3197 -0.9652 0.5603
v  0.3260 -0.9397 0.5278
v  0.3225 -0.9490 0.5377
v  0.3744 -1.0379 0.5240
v  0.4172 -1.1144 0.4772
v  0.3747 -1.0312 0.5123
v  0.3762 -1.0243 0.5018
v  0.4213 -1.1033 0.4566
v  0.4188 -1.1089 0.4662
v  0.4453 -1.2020 0.4410
v  0.4517 -1.1952 0.4188
v  0.4479 -1.1987 0.4296
v  0.4557 -1.2993 0.4259
v  0.4636 -1.2993 0.4027
v  0.4590 -1.2993 0.4141
v  0.3788 -1.0167 0.4920
v  0.3465 -0.9058 0.5023
v  0.3384 -0.9177 0.5095
v  0.0000 -1.6782 1.5698
v  0.0739 -1.6709 1.5698
v  0.0797 -1.6998 1.5404
v  0.0000 -1.7077 1.5404
v  0.0000 -1.7126 1.5284
v  0.0806 -1.7047 1.5284
v  0.0806 -1.7047 0.8928
v  0.0000 -1.7196 0.8858
v  0.0820 -1.7116 0.8858
v  0.0869 -1.7364 0.8858
v  0.0000 -1.7449 0.8858
v  0.0000 -1.7520 0.8788
v  0.0883 -1.7433 0.8788
v  0.0967 -1.7416 0.7252
v  0.0000 -1.7521 0.7354
v  0.1450 -1.6493 1.5698
v  0.1563 -1.6766 1.5404
v  0.1582 -1.6811 1.5284
v  0.1582 -1.6811 0.8928
v  0.1609 -1.6876 0.8858
v  0.1705 -1.7110 0.8858
v  0.1732 -1.7175 0.8788
v  0.1860 -1.7121 0.6971
v  0.2108 -1.6147 1.5698
v  0.2272 -1.6392 1.5404
v  0.2300 -1.6433 1.5284
v  0.2300 -1.6433 0.8928
v  0.2339 -1.6492 0.8858
v  0.2480 -1.6703 0.8858
v  0.2514 -1.6765 0.8788
v  0.2595 -1.6715 0.6593
v  0.2683 -1.5675 1.5698
v  0.2892 -1.5884 1.5404
v  0.2927 -1.5919 1.5284
v  0.2927 -1.5919 0.8928
v  0.2976 -1.5969 0.8858
v  0.3155 -1.6148 0.8858
v  0.3197 -1.6206 0.8788
v  0.3213 -1.6195 0.6141
v  0.3154 -1.5101 1.5698
v  0.3399 -1.5265 1.5404
v  0.3441 -1.5292 1.5284
v  0.3441 -1.5292 0.8928
v  0.3499 -1.5331 0.8858
v  0.3710 -1.5472 0.8858
v  0.3750 -1.5536 0.8788
v  0.3660 -1.5679 0.5725
v  0.3500 -1.4443 1.5698
v  0.3773 -1.4556 1.5404
v  0.3818 -1.4575 1.5284
v  0.3818 -1.4575 0.8928
v  0.3883 -1.4602 0.8858
v  0.4117 -1.4698 0.8858
v  0.4182 -1.4725 0.8788
v  0.4019 -1.5094 0.5315
v  0.3716 -1.3732 1.5698
v  0.4005 -1.3790 1.5404
v  0.4054 -1.3799 1.5284
v  0.4054 -1.3799 0.8928
v  0.4123 -1.3813 0.8858
v  0.4371 -1.3862 0.8858
v  0.4440 -1.3876 0.8788
v  0.4337 -1.4305 0.4885
v  0.4191 -1.4705 0.5090
v  0.4439 -1.3882 0.4733
v  0.0570 -1.5861 1.5748
v  0.0716 -1.6591 1.5748
v  0.1119 -1.5694 1.5748
v  0.1404 -1.6383 1.5748
v  0.1627 -1.5427 1.5748
v  0.2042 -1.6047 1.5748
v  0.2070 -1.5063 1.5748
v  0.2598 -1.5590 1.5748
v  0.2434 -1.4620 1.5748
v  0.3054 -1.5034 1.5748
v  0.2701 -1.4112 1.5748
v  0.3390 -1.4397 1.5748
v  0.2868 -1.3563 1.5748
v  0.3598 -1.3709 1.5748
v  0.0000 -1.5847 1.5748
v  0.0557 -1.5792 0.8074
v  0.0557 -1.5792 1.5748
v  0.1092 -1.5629 0.8074
v  0.1092 -1.5629 1.5748
v  0.1588 -1.5368 0.8074
v  0.1588 -1.5368 1.5748
v  0.2021 -1.5013 0.8074
v  0.2021 -1.5013 1.5748
v  0.2376 -1.4580 0.8074
v  0.2376 -1.4580 1.5748
v  0.2636 -1.4085 0.8074
v  0.2636 -1.4085 1.5748
v  0.2799 -1.3550 0.8074
v  0.2799 -1.3550 1.5748
v  0.0543 -1.5723 0.8074
v  0.1065 -1.5564 0.8074
v  0.1549 -1.5310 0.8074
v  0.1971 -1.4963 0.8074
v  0.2317 -1.4541 0.8074
v  0.2571 -1.4058 0.8074
v  0.2730 -1.3536 0.8074
v  0.2572 -1.7387 0.5605
v  0.3273 -1.6868 0.5182
v  0.3390 -1.7013 0.5074
v  0.2637 -1.7555 0.5523
v  0.2521 -1.7230 0.5713
v  0.3187 -1.6730 0.5303
v  0.0000 -1.7536 0.7119
v  0.0954 -1.7420 0.7184
v  0.0929 -1.7439 0.7025
v  0.3661 -1.6265 0.4938
v  0.4084 -1.5704 0.4552
v  0.4128 -1.5876 0.4494
v  0.3708 -1.6360 0.4872
v  0.1844 -1.8002 0.5848
v  0.1792 -1.7810 0.5928
v  0.4485 -1.4564 0.4163
v  0.4561 -1.4616 0.4053
v  0.4303 -1.5211 0.4345
v  0.4252 -1.5099 0.4432
v  0.4597 -1.4084 0.4036
v  0.4669 -1.4127 0.3927
v  0.1922 -1.8216 0.5788
v  0.1000 -1.8550 0.6004
v  0.0953 -1.8301 0.6056
v  0.0000 -1.8430 0.6144
v  0.0000 -1.8202 0.6220
v  0.0921 -1.8087 0.6140
v  0.0000 -1.7993 0.6339
v  0.0900 -1.7891 0.6262
v  0.0891 -1.7733 0.6406
v  0.0891 -1.7614 0.6557
v  0.0899 -1.7524 0.6727
v  0.0912 -1.7472 0.6874
v  0.1838 -1.7132 0.6905
v  0.1798 -1.7163 0.6754
v  0.2571 -1.6731 0.6529
v  0.2531 -1.6773 0.6383
v  0.3190 -1.6218 0.6079
v  0.3153 -1.6271 0.5938
v  0.3612 -1.5766 0.5521
v  0.3640 -1.5706 0.5663
v  0.4004 -1.5125 0.5254
v  0.3986 -1.5187 0.5113
v  0.4169 -1.4792 0.4891
v  0.4180 -1.4734 0.5027
v  0.4330 -1.4331 0.4820
v  0.4328 -1.4384 0.4675
v  0.4440 -1.3934 0.4525
v  0.4436 -1.3899 0.4665
v  0.1770 -1.7207 0.6609
v  0.1751 -1.7266 0.6469
v  0.1740 -1.7360 0.6311
v  0.1743 -1.7477 0.6170
v  0.1759 -1.7628 0.6039
v  0.2504 -1.6824 0.6243
v  0.3131 -1.6329 0.5803
v  0.2490 -1.6888 0.6108
v  0.2485 -1.6981 0.5964
v  0.2494 -1.7093 0.5834
v  0.3123 -1.6398 0.5674
v  0.3125 -1.6494 0.5540
v  0.3145 -1.6604 0.5419
v  0.3984 -1.5249 0.4978
v  0.3600 -1.5828 0.5384
v  0.3603 -1.5900 0.5254
v  0.3995 -1.5321 0.4850
v  0.4018 -1.5424 0.4725
v  0.3612 -1.6002 0.5129
v  0.4370 -1.5314 0.4259
v  0.4343 -1.4429 0.4536
v  0.4172 -1.4848 0.4762
v  0.4187 -1.4912 0.4642
v  0.4377 -1.4465 0.4400
v  0.4424 -1.4515 0.4276
v  0.4214 -1.4999 0.4529
v  0.4457 -1.3969 0.4393
v  0.4488 -1.4004 0.4270
v  0.4535 -1.4043 0.4149
v  0.3631 -1.6123 0.5025
v  0.3775 -1.6446 0.4803
v  0.4049 -1.5550 0.4626
v  0.4710 -1.4149 0.3873
v  0.4404 -1.0642 0.4220
v  0.4615 -1.4651 0.3985
v  0.1191 -1.9536 0.5986
v  0.0000 -1.8772 0.6103
v  0.1041 -1.8750 0.5999
v  0.4315 -1.7816 0.4315
v  0.4315 -1.6693 0.4315
v  0.1954 -1.8276 0.5776
v  0.3835 -1.6516 0.4749
v  0.4405 -1.5345 0.4219
v  0.4346 -0.9978 0.4284
v  0.4315 -0.9058 0.4315
v  0.4025 -0.9790 0.4585
v  0.3497 -0.9010 0.4998
v  0.2912 -0.8376 0.5360
v  0.4282 -1.0892 0.4404
v  0.3825 -1.0086 0.4832
v  0.3868 -1.0001 0.4756
v  0.1940 -0.8044 0.5819
v  0.1855 -0.8227 0.5912
v  0.2763 -0.8574 0.5466
v  0.2669 -0.8709 0.5566
v  0.3315 -0.9289 0.5180
v  0.0806 -0.0240 0.4054
v  0.0000 -0.0240 0.4134
v  0.0806 -0.0240 -0.4054
v  0.1582 -0.0240 -0.3819
v  0.2297 -0.0240 -0.3437
v  0.2923 -0.0240 -0.2923
v  0.3437 -0.0240 -0.2297
v  0.3819 -0.0240 -0.1582
v  0.4054 -0.0240 -0.0806
v  0.4134 -0.0240 -0.0000
v  0.4054 -0.0240 0.0806
v  0.3819 -0.0240 0.1582
v  0.3437 -0.0240 0.2297
v  0.2923 -0.0240 0.2923
v  0.2297 -0.0240 0.3437
v  0.1582 -0.0240 0.3819
v  0.0000 -2.0472 -0.0000
v  0.0806 -0.2362 0.4054
v  0.0806 -0.2362 -0.4054
v  0.1582 -0.2362 -0.3819
v  0.2297 -0.2362 -0.3437
v  0.2923 -0.2362 -0.2923
v  0.3437 -0.2362 -0.2297
v  0.3819 -0.2362 -0.1582
v  0.4054 -0.2362 -0.0806
v  0.4134 -0.2362 -0.0000
v  0.4054 -0.2362 0.0806
v  0.3819 -0.2362 0.1582
v  0.3437 -0.2362 0.2297
v  0.2923 -0.2362 0.2923
v  0.2297 -0.2362 0.3437
v  0.1582 -0.2362 0.3819
v  0.1191 -0.2362 0.5985
v  0.0000 -0.2362 0.6102
v  0.0000 -0.2362 -0.6102
v  0.1191 -0.2362 -0.5985
v  0.2335 -0.2362 -0.5638
v  0.3390 -0.2362 -0.5074
v  0.4315 -0.2362 -0.4315
v  0.5074 -0.2362 -0.3390
v  0.5638 -0.2362 -0.2335
v  0.5985 -0.2362 -0.1191
v  0.6102 -0.2362 0.0000
v  0.5985 -0.2362 0.1191
v  0.5638 -0.2362 0.2335
v  0.5074 -0.2362 0.3390
v  0.4315 -0.2362 0.4315
v  0.3390 -0.2362 0.5074
v  0.2335 -0.2362 0.5638
v  0.0883 -0.8553 0.8858
v  0.0000 -1.7520 0.8858
v  0.0883 -1.7433 0.8858
v  0.1732 -1.7175 0.8858
v  0.2519 -1.6761 0.8858
v  0.3205 -1.6198 0.8858
v  0.3768 -1.5511 0.8858
v  0.4182 -1.4725 0.8858
v  0.4440 -1.3876 0.8858
v  0.4527 -1.2993 0.8858
v  0.4440 -1.2110 0.8858
v  0.4182 -1.1261 0.8858
v  0.3764 -1.0478 0.8858
v  0.3201 -0.9792 0.8858
v  0.2515 -0.9229 0.8858
v  0.1732 -0.8811 0.8858
v  0.0806 -0.8939 0.8858
v  0.0000 -1.7126 0.8858
v  0.0806 -1.7047 0.8858
v  0.1582 -1.6811 0.8858
v  0.2300 -1.6433 0.8858
v  0.2927 -1.5919 0.8858
v  0.3441 -1.5292 0.8858
v  0.3818 -1.4575 0.8858
v  0.4054 -1.3799 0.8858
v  0.4133 -1.2993 0.8858
v  0.4054 -1.2187 0.8858
v  0.3818 -1.1411 0.8858
v  0.3436 -1.0697 0.8858
v  0.2922 -1.0070 0.8858
v  0.2296 -0.9556 0.8858
v  0.1582 -0.9175 0.8858
v  0.0806 -0.8939 1.5354
v  0.0000 -0.8860 1.5354
v  0.0000 -1.7126 1.5354
v  0.0806 -1.7047 1.5354
v  0.1582 -1.6811 1.5354
v  0.2300 -1.6433 1.5354
v  0.2927 -1.5919 1.5354
v  0.3441 -1.5292 1.5354
v  0.3818 -1.4575 1.5354
v  0.4054 -1.3799 1.5354
v  0.4133 -1.2993 1.5354
v  0.4054 -1.2187 1.5354
v  0.3818 -1.1411 1.5354
v  0.3436 -1.0697 1.5354
v  0.2922 -1.0070 1.5354
v  0.2296 -0.9556 1.5354
v  0.1582 -0.9175 1.5354
v  0.0729 -0.9325 1.5748
v  0.1431 -0.9538 1.5748
v  0.2077 -0.9884 1.5748
v  0.2644 -1.0349 1.5748
v  0.3109 -1.0916 1.5748
v  0.3455 -1.1562 1.5748
v  0.3667 -1.2263 1.5748
v  0.3739 -1.2993 1.5748
v  0.3667 -1.3722 1.5748
v  0.3455 -1.4424 1.5748
v  0.3113 -1.5073 1.5748
v  0.2648 -1.5640 1.5748
v  0.2081 -1.6106 1.5748
v  0.1431 -1.6448 1.5748
v  0.0729 -1.6660 1.5748
v  0.1191 -1.9606 0.5985
v  0.1191 -1.9606 -0.5985
v  0.2335 -1.9606 -0.5638
v  0.3390 -1.9606 -0.5074
v  0.4315 -1.9606 -0.4315
v  0.5074 -1.9606 -0.3390
v  0.5638 -1.9606 -0.2335
v  0.5985 -1.9606 -0.1191
v  0.6102 -1.9606 0.0000
v  0.5985 -1.9606 0.1191
v  0.5638 -1.9606 0.2335
v  0.5074 -1.9606 0.3390
v  0.4315 -1.9606 0.4315
v  0.3390 -1.9606 0.5074
v  0.2335 -1.9606 0.5638
v  0.4170 -1.5917 0.4455
v  0.1015 -1.8619 0.6001
v  0.2685 -1.7679 0.5484
v  0.2045 -0.7832 0.5750
v  0.1217 -0.7471 0.5980
v  0.2335 -0.8017 0.5638
v  0.2874 -0.8429 0.5383
v  0.4246 -1.0967 0.4478
v  1.1183 -0.2362 -0.0000
v  1.1402 -0.2324 -0.0000
v  1.1601 -0.2204 -0.0000
v  1.1743 -0.2022 -0.0000
v  1.1811 -0.1787 -0.0000
v  1.1967 -0.0000 -0.0000
v  1.0969 -0.2362 0.2182
v  1.1183 -0.2324 0.2224
v  1.1378 -0.2204 0.2263
v  1.1517 -0.2022 0.2291
v  1.1584 -0.1787 0.2304
v  1.1737 -0.0000 0.2335
v  1.0332 -0.2362 0.4280
v  1.0534 -0.2324 0.4363
v  1.0718 -0.2204 0.4439
v  1.0849 -0.2022 0.4494
v  1.0912 -0.1787 0.4520
v  1.1056 -0.0000 0.4580
v  0.9299 -0.2362 0.6213
v  0.9480 -0.2324 0.6335
v  0.9646 -0.2204 0.6445
v  0.9764 -0.2022 0.6524
v  0.9820 -0.1787 0.6562
v  0.9951 -0.0000 0.6649
v  0.7908 -0.2362 0.7908
v  0.8062 -0.2324 0.8062
v  0.8203 -0.2204 0.8203
v  0.8304 -0.2022 0.8304
v  0.8352 -0.1787 0.8352
v  0.8462 -0.0000 0.8462
v  0.6213 -0.2362 0.9299
v  0.6335 -0.2324 0.9480
v  0.6445 -0.2204 0.9646
v  0.6524 -0.2022 0.9764
v  0.6562 -0.1787 0.9820
v  0.6649 0.0000 0.9951
v  0.4280 -0.2362 1.0332
v  0.4363 -0.2324 1.0534
v  0.4439 -0.2204 1.0718
v  0.4494 -0.2022 1.0849
v  0.4520 -0.1787 1.0912
v  0.4580 0.0000 1.1056
v  0.2182 -0.2362 1.0969
v  0.2224 -0.2324 1.1183
v  0.2263 -0.2204 1.1378
v  0.2291 -0.2022 1.1517
v  0.2304 -0.1787 1.1584
v  0.2335 0.0000 1.1737
v  0.0000 -0.2362 1.1183
v  0.0000 -0.2324 1.1402
v  0.0000 -0.2204 1.1601
v  0.0000 -0.2022 1.1743
v  0.0000 -0.1787 1.1811
v  0.0000 0.0000 1.1967
v  -0.2182 -0.2362 1.0969
v  -0.2224 -0.2324 1.1183
v  -0.2263 -0.2204 1.1378
v  -0.2291 -0.2022 1.1517
v  -0.2304 -0.1787 1.1584
v  -0.2335 0.0000 1.1737
v  -0.4280 -0.2362 1.0332
v  -0.4363 -0.2324 1.0534
v  -0.4439 -0.2204 1.0718
v  -0.4494 -0.2022 1.0849
v  -0.4520 -0.1787 1.0912
v  -0.4580 0.0000 1.1056
v  -0.6213 -0.2362 0.9299
v  -0.6335 -0.2324 0.9480
v  -0.6445 -0.2204 0.9646
v  -0.6524 -0.2022 0.9764
v  -0.6562 -0.1787 0.9820
v  -0.6649 0.0000 0.9951
v  -0.7908 -0.2362 0.7908
v  -0.8062 -0.2324 0.8062
v  -0.8203 -0.2204 0.8203
v  -0.8304 -0.2022 0.8304
v  -0.8352 -0.1787 0.8352
v  -0.8462 0.0000 0.8462
v  -0.9299 -0.2362 0.6213
v  -0.9480 -0.2324 0.6335
v  -0.9646 -0.2204 0.6445
v  -0.9764 -0.2022 0.6524
v  -0.9820 -0.1787 0.6562
v  -0.9951 0.0000 0.6649
v  -1.0332 -0.2362 0.4280
v  -1.0534 -0.2324 0.4363
v  -1.0718 -0.2204 0.4439
v  -1.0849 -0.2022 0.4494
v  -1.0912 -0.1787 0.4520
v  -1.1056 0.0000 0.4580
v  -1.0969 -0.2362 0.2182
v  -1.1183 -0.2324 0.2224
v  -1.1378 -0.2204 0.2263
v  -1.1517 -0.2022 0.2291
v  -1.1584 -0.1787 0.2304
v  -1.1737 0.0000 0.2335
v  -1.1183 -0.2362 0.0000
v  -1.1402 -0.2324 0.0000
v  -1.1601 -0.2204 0.0000
v  -1.1743 -0.2022 0.0000
v  -1.1811 -0.1787 0.0000
v  -1.1967 0.0000 0.0000
v  -1.0969 -0.2362 -0.2182
v  -1.1183 -0.2324 -0.2224
v  -1.1378 -0.2204 -0.2263
v  -1.1517 -0.2022 -0.2291
v  -1.1584 -0.1787 -0.2304
v  -1.1737 0.0000 -0.2335
v  -1.0332 -0.2362 -0.4280
v  -1.0534 -0.2324 -0.4363
v  -1.0718 -0.2204 -0.4439
v  -1.0849 -0.2022 -0.4494
v  -1.0912 -0.1787 -0.4520
v  -1.1056 -0.0000 -0.4580
v  -0.9299 -0.2362 -0.6213
v  -0.9480 -0.2324 -0.6335
v  -0.9646 -0.2204 -0.6445
v  -0.9764 -0.2022 -0.6524
v  -0.9820 -0.1787 -0.6562
v  -0.9951 -0.0000 -0.6649
v  -0.7908 -0.2362 -0.7908
v  -0.8062 -0.2324 -0.8062
v  -0.8203 -0.2204 -0.8203
v  -0.8304 -0.2022 -0.8304
v  -0.8352 -0.1787 -0.8352
v  -0.8462 -0.0000 -0.8462
v  -0.6213 -0.2362 -0.9299
v  -0.6335 -0.2324 -0.9480
v  -0.6445 -0.2204 -0.9646
v  -0.6524 -0.2022 -0.9764
v  -0.6562 -0.1787 -0.9820
v  -0.6649 -0.0000 -0.9951
v  -0.4280 -0.2362 -1.0332
v  -0.4363 -0.2324 -1.0534
v  -0.4439 -0.2204 -1.0718
v  -0.4494 -0.2022 -1.0849
v  -0.4520 -0.1787 -1.0912
v  -0.4580 -0.0000 -1.1056
v  -0.2182 -0.2362 -1.0969
v  -0.2224 -0.2324 -1.1183
v  -0.2263 -0.2204 -1.1378
v  -0.2291 -0.2022 -1.1517
v  -0.2304 -0.1787 -1.1584
v  -0.2335 -0.0000 -1.1737
v  -0.0000 -0.2362 -1.1183
v  -0.0000 -0.2324 -1.1402
v  -0.0000 -0.2204 -1.1601
v  -0.0000 -0.2022 -1.1743
v  -0.0000 -0.1787 -1.1811
v  -0.0000 -0.0000 -1.1967
v  0.2182 -0.2362 -1.0969
v  0.2224 -0.2324 -1.1183
v  0.2263 -0.2204 -1.1378
v  0.2291 -0.2022 -1.1517
v  0.2304 -0.1787 -1.1584
v  0.2335 -0.0000 -1.1737
v  0.4280 -0.2362 -1.0332
v  0.4363 -0.2324 -1.0534
v  0.4439 -0.2204 -1.0718
v  0.4494 -0.2022 -1.0849
v  0.4520 -0.1787 -1.0912
v  0.4580 -0.0000 -1.1056
v  0.6213 -0.2362 -0.9299
v  0.6335 -0.2324 -0.9480
v  0.6445 -0.2204 -0.9646
v  0.6524 -0.2022 -0.9764
v  0.6562 -0.1787 -0.9820
v  0.6649 -0.0000 -0.9951
v  0.7908 -0.2362 -0.7908
v  0.8062 -0.2324 -0.8062
v  0.8203 -0.2204 -0.8203
v  0.8304 -0.2022 -0.8304
v  0.8352 -0.1787 -0.8352
v  0.8462 -0.0000 -0.8462
v  0.9299 -0.2362 -0.6213
v  0.9480 -0.2324 -0.6335
v  0.9646 -0.2204 -0.6445
v  0.9764 -0.2022 -0.6524
v  0.9820 -0.1787 -0.6562
v  0.9951 -0.0000 -0.6649
v  1.0332 -0.2362 -0.4280
v  1.0534 -0.2324 -0.4363
v  1.0718 -0.2204 -0.4439
v  1.0849 -0.2022 -0.4494
v  1.0912 -0.1787 -0.4520
v  1.1056 -0.0000 -0.4580
v  1.0969 -0.2362 -0.2182
v  1.1183 -0.2324 -0.2224
v  1.1378 -0.2204 -0.2263
v  1.1517 -0.2022 -0.2291
v  1.1584 -0.1787 -0.2304
v  1.1737 -0.0000 -0.2335
v  1.1113 -0.2362 -0.0000
v  1.0900 -0.2362 0.2168
v  1.0267 -0.2362 0.4253
v  0.9240 -0.2362 0.6174
v  0.7858 -0.2362 0.7858
v  0.6174 -0.2362 0.9240
v  0.4253 -0.2362 1.0267
v  0.2168 -0.2362 1.0900
v  0.0000 -0.2362 1.1113
v  -0.2168 -0.2362 1.0900
v  -0.4253 -0.2362 1.0267
v  -0.6174 -0.2362 0.9240
v  -0.7858 -0.2362 0.7858
v  -0.9240 -0.2362 0.6174
v  -1.0267 -0.2362 0.4253
v  -1.0900 -0.2362 0.2168
v  -1.1113 -0.2362 0.0000
v  -1.0900 -0.2362 -0.2168
v  -1.0267 -0.2362 -0.4253
v  -0.9240 -0.2362 -0.6174
v  -0.7858 -0.2362 -0.7858
v  -0.6174 -0.2362 -0.9240
v  -0.4253 -0.2362 -1.0267
v  -0.2168 -0.2362 -1.0900
v  -0.0000 -0.2362 -1.1113
v  0.2168 -0.2362 -1.0900
v  0.4253 -0.2362 -1.0267
v  0.6174 -0.2362 -0.9240
v  0.7858 -0.2362 -0.7858
v  0.9240 -0.2362 -0.6174
v  1.0267 -0.2362 -0.4253
v  1.0900 -0.2362 -0.2168
v  -0.0000 -0.2362 -0.0000
v  1.1475 -0.0000 0.2283
v  1.1700 -0.0000 -0.0000
v  1.1475 -0.0000 -0.2283
v  1.0810 -0.0000 -0.4477
v  0.9728 -0.0000 -0.6500
v  0.8273 -0.0000 -0.8273
v  0.6500 -0.0000 -0.9728
v  0.4477 -0.0000 -1.0810
v  0.2283 -0.0000 -1.1475
v  -0.0000 -0.0000 -1.1700
v  -0.2283 -0.0000 -1.1475
v  -0.4477 -0.0000 -1.0810
v  -0.6500 -0.0000 -0.9728
v  -0.8273 -0.0000 -0.8273
v  -0.9728 -0.0000 -0.6500
v  -1.0810 -0.0000 -0.4477
v  -1.1475 -0.0000 -0.2283
v  -1.1700 0.0000 0.0000
v  -1.1475 0.0000 0.2283
v  -1.0810 0.0000 0.4477
v  -0.9728 0.0000 0.6500
v  -0.8273 0.0000 0.8273
v  -0.6500 0.0000 0.9728
v  -0.4477 0.0000 1.0810
v  -0.2283 0.0000 1.1475
v  0.0000 0.0000 1.1700
v  0.2283 0.0000 1.1475
v  0.4477 0.0000 1.0810
v  0.6500 -0.0000 0.9728
v  0.8273 -0.0000 0.8273
v  0.9728 -0.0000 0.6500
v  1.0810 -0.0000 0.4477
v  -0.0000 0.0000 -0.0000
v  1.1590 -0.1717 0.2305
v  1.1817 -0.1717 -0.0000
v  1.1590 -0.1717 -0.2305
v  1.0917 -0.1717 -0.4522
v  0.9825 -0.1717 -0.6565
v  0.8356 -0.1717 -0.8356
v  0.6565 -0.1717 -0.9825
v  0.4522 -0.1717 -1.0917
v  0.2305 -0.1717 -1.1590
v  -0.0000 -0.1717 -1.1817
v  -0.2305 -0.1717 -1.1590
v  -0.4522 -0.1717 -1.0917
v  -0.6565 -0.1717 -0.9825
v  -0.8356 -0.1717 -0.8356
v  -0.9825 -0.1717 -0.6565
v  -1.0917 -0.1717 -0.4522
v  -1.1590 -0.1717 -0.2305
v  -1.1817 -0.1717 0.0000
v  -1.1590 -0.1717 0.2305
v  -1.0917 -0.1717 0.4522
v  -0.9825 -0.1717 0.6565
v  -0.8356 -0.1717 0.8356
v  -0.6565 -0.1717 0.9825
v  -0.4522 -0.1717 1.0917
v  -0.2305 -0.1717 1.1590
v  0.0000 -0.1717 1.1817
v  0.2305 -0.1717 1.1590
v  0.4522 -0.1717 1.0917
v  0.6565 -0.1717 0.9825
v  0.8356 -0.1717 0.8356
v  0.9825 -0.1717 0.6565
v  1.0917 -0.1717 0.4522
v  1.1961 -0.0070 -0.0000
v  1.1731 -0.0070 0.2334
v  1.1051 -0.0070 0.4577
v  0.9945 -0.0070 0.6645
v  0.8458 -0.0070 0.8458
v  0.6645 -0.0070 0.9945
v  0.4577 -0.0070 1.1051
v  0.2334 -0.0070 1.1731
v  0.0000 -0.0070 1.1961
v  -0.2334 -0.0070 1.1731
v  -0.4577 -0.0070 1.1051
v  -0.6645 -0.0070 0.9945
v  -0.8458 -0.0070 0.8458
v  -0.9945 -0.0070 0.6645
v  -1.1051 -0.0070 0.4577
v  -1.1731 -0.0070 0.2334
v  -1.1961 -0.0070 0.0000
v  -1.1732 -0.0070 -0.2334
v  -1.1051 -0.0070 -0.4577
v  -0.9945 -0.0070 -0.6645
v  -0.8458 -0.0070 -0.8458
v  -0.6645 -0.0070 -0.9945
v  -0.4577 -0.0070 -1.1051
v  -0.2334 -0.0070 -1.1731
v  -0.0000 -0.0070 -1.1961
v  0.2334 -0.0070 -1.1731
v  0.4577 -0.0070 -1.1051
v  0.6645 -0.0070 -0.9945
v  0.8458 -0.0070 -0.8458
v  0.9945 -0.0070 -0.6645
v  1.1051 -0.0070 -0.4577
v  1.1731 -0.0070 -0.2334
v  -0.1192 -2.0000 0.5993
v  -0.2338 -2.0000 0.5645
v  -0.3395 -2.0000 0.5080
v  -0.4320 -2.7833 0.4320
v  -0.4320 -2.0000 0.4321
v  -0.5080 -2.0000 0.3395
v  -0.5645 -2.0000 0.2338
v  -0.5971 -3.1604 0.1300
v  -0.5993 -2.0000 0.1192
v  -0.6110 -3.1604 0.0000
v  -0.6110 -2.0000 0.0000
v  -0.5993 -3.1604 -0.1192
v  -0.5993 -2.0000 -0.1192
v  -0.5645 -3.1604 -0.2338
v  -0.5645 -2.0000 -0.2338
v  -0.5081 -3.1604 -0.3395
v  -0.5080 -2.0000 -0.3395
v  -0.4321 -3.1604 -0.4321
v  -0.4321 -2.0000 -0.4320
v  -0.3395 -3.1604 -0.5080
v  -0.3395 -2.0000 -0.5080
v  -0.2338 -3.1604 -0.5645
v  -0.2338 -2.0000 -0.5645
v  -0.1192 -3.1604 -0.5993
v  -0.1192 -2.0000 -0.5993
v  -0.5347 -3.3047 0.4561
v  -0.5518 -3.3052 0.3436
v  -0.2338 -2.7496 0.5645
v  -0.3394 -2.7604 0.5080
v  -0.5079 -2.8263 0.3394
v  -0.5645 -2.9105 0.2338
v  -0.5785 -3.1820 0.2039
v  -0.1513 -3.1281 0.7888
v  -0.1647 -3.0488 0.6431
v  -0.5593 -3.1992 0.2804
v  -0.2048 -2.8337 0.5761
v  -0.3435 -2.8502 0.5063
v  -0.4530 -2.9021 0.4136
v  -0.5382 -3.0162 0.2985
v  -0.1888 -2.9144 0.5866
v  -0.1752 -2.9865 0.6064
v  -0.3159 -2.9225 0.5310
v  -0.4130 -2.9565 0.4654
v  -0.2909 -2.9900 0.5642
v  -0.5138 -3.0566 0.3628
v  -0.3841 -3.0157 0.5162
v  -0.4888 -3.0968 0.4401
v  -0.4646 -3.1342 0.5345
v  -0.3589 -3.0711 0.5836
v  -0.5396 -3.2171 0.3724
v  -0.5207 -3.2330 0.4838
v  -0.3397 -3.1119 0.6612
v  -0.4428 -3.1616 0.6388
v  -0.4238 -3.1812 0.7633
v  -0.3220 -3.1447 0.7737
v  -0.5031 -3.2437 0.6155
v  -0.4895 -3.2499 0.7516
v  -0.5175 -3.3031 0.6050
v  -0.5689 -3.3048 0.2535
v  -0.5862 -3.3036 0.1764
v  -0.5055 -3.3013 0.7448
v  -0.2701 -3.0519 0.6141
v  -0.1585 -3.0905 0.6919
v  -0.2426 -3.1329 0.7810
v  -0.2560 -3.0958 0.6762
v  -0.1503 -3.1460 1.0225
v  -0.4145 -3.1965 1.0225
v  -0.3166 -3.1630 1.0225
v  -0.4761 -3.2566 1.0225
v  -0.4909 -3.2992 1.0225
v  -0.2394 -3.1512 1.0225
v  -0.0770 -3.1430 1.2963
v  -0.4799 -3.2986 1.2963
v  -0.2609 -3.2996 1.6805
v  -0.3382 -3.3002 1.6183
v  -0.1794 -3.2992 1.7227
v  -0.0913 -3.2991 1.7486
v  -0.4678 -3.2612 1.2963
v  -0.3165 -3.1654 1.2963
v  -0.2414 -3.1523 1.2963
v  -0.1506 -3.1448 1.2963
v  -0.4605 -3.2611 1.3622
v  -0.4051 -3.2008 1.3525
v  -0.3103 -3.1651 1.3363
v  -0.2377 -3.1522 1.3192
v  -0.1424 -3.1447 1.3334
v  -0.1283 -3.1447 1.3609
v  -0.1084 -3.1447 1.3854
v  -0.0839 -3.1448 1.4054
v  -0.0565 -3.1448 1.4196
v  -0.0279 -3.1449 1.4278
v  -0.0437 -3.1521 1.5132
v  -0.0566 -3.1652 1.5876
v  -0.0735 -3.2008 1.6820
v  -0.0852 -3.2612 1.7374
v  -0.2239 -3.1519 1.3638
v  -0.2020 -3.1519 1.4071
v  -0.2645 -3.1649 1.4497
v  -0.1711 -3.1519 1.4457
v  -0.2239 -3.1649 1.4998
v  -0.2937 -3.1649 1.3931
v  -0.3829 -3.2005 1.4288
v  -0.3447 -3.2005 1.5024
v  -0.2918 -3.2006 1.5676
v  -0.4355 -3.2610 1.4494
v  -0.3921 -3.2610 1.5333
v  -0.3312 -3.2610 1.6081
v  -0.1327 -3.1520 1.4773
v  -0.1735 -3.1650 1.5409
v  -0.0889 -3.1521 1.5002
v  -0.2261 -3.2006 1.6211
v  -0.1158 -3.1651 1.5708
v  -0.1507 -3.2007 1.6601
v  -0.2563 -3.2611 1.6689
v  -0.1724 -3.2611 1.7123
v  -0.4023 -3.3003 1.5399
v  -0.4470 -3.2996 1.4535
v  -0.4725 -3.2986 1.3634
v  -0.4122 -3.2014 1.2963
v  -0.4135 -3.1990 1.1596
v  -0.3163 -3.1640 1.1595
v  -0.4720 -3.2589 1.1594
v  -0.4854 -3.2989 1.1594
v  -0.2393 -3.1516 1.1594
v  -0.1506 -3.1423 0.9051
v  -0.4167 -3.1928 0.8928
v  -0.3173 -3.1600 0.8979
v  -0.4812 -3.2543 0.8869
v  -0.4971 -3.3001 0.8836
v  -0.2400 -3.1484 0.9014
v  -0.1506 -3.1447 1.1594
v  -0.1192 -2.7456 0.5992
v  -0.0757 -3.1279 0.7944
v  -0.0825 -3.0547 0.6591
v  -0.0879 -2.9944 0.6259
v  -0.0948 -2.9210 0.6093
v  -0.1030 -2.8370 0.6028
v  -0.0793 -3.0922 0.7018
v  -0.0752 -3.1433 1.0225
v  -0.0753 -3.1434 1.1594
v  -0.0754 -3.1408 0.9080
v  -0.4872 -3.3443 0.6042
v  -0.5038 -3.3443 0.4520
v  -0.5208 -3.3438 0.3383
v  -0.5399 -3.3424 0.2475
v  -0.5562 -3.3412 0.1696
v  -0.0858 -3.3432 1.7199
v  -0.1685 -3.3432 1.6956
v  -0.2449 -3.3435 1.6560
v  -0.3172 -3.3440 1.5972
v  -0.3772 -3.3441 1.5235
v  -0.4191 -3.3437 1.4424
v  -0.4430 -3.3429 1.3577
v  -0.4498 -3.3430 1.2954
v  -0.4557 -3.3432 1.1582
v  -0.4612 -3.3434 1.0214
v  -0.4667 -3.3437 0.8820
v  -0.4753 -3.3440 0.7427
v  -0.1672 -3.3391 -0.5559
v  -0.3232 -3.3379 -0.4827
v  -0.4504 -3.3374 -0.3664
v  -0.5358 -3.3391 -0.2207
v  -0.5763 -3.3395 -0.0571
v  -0.5677 -3.3403 0.1150
v  -0.6081 -3.3020 -0.0596
v  -0.4738 -3.3011 -0.3857
v  -0.3398 -3.3012 -0.5078
v  -0.5297 -3.3262 0.4540
v  -0.5465 -3.3264 0.3403
v  -0.5128 -3.3259 0.6048
v  -0.5630 -3.3261 0.2510
v  -0.5797 -3.3257 0.1732
v  -0.5011 -3.3256 0.7445
v  -0.4862 -3.3253 1.0223
v  -0.4751 -3.3251 1.2963
v  -0.2584 -3.3253 1.6767
v  -0.3351 -3.3254 1.6152
v  -0.1776 -3.3252 1.7183
v  -0.0905 -3.3252 1.7440
v  -0.3986 -3.3254 1.5375
v  -0.4428 -3.3253 1.4518
v  -0.4677 -3.3251 1.3625
v  -0.4807 -3.3252 1.1592
v  -0.4925 -3.3255 0.8834
v  -0.5914 -3.3254 0.1201
v  -0.6001 -3.3252 -0.0590
v  -0.5548 -3.3282 -0.2283
v  -0.4669 -3.3249 -0.3795
v  -0.3351 -3.3249 -0.5003
v  -0.1736 -3.3250 -0.5775
v  -0.5338 -3.3157 0.4548
v  -0.5508 -3.3161 0.3416
v  -0.5170 -3.3148 0.6050
v  -0.5677 -3.3159 0.2523
v  -0.5848 -3.3151 0.1750
v  -0.5054 -3.3137 0.7448
v  -0.4909 -3.3125 1.0225
v  -0.4799 -3.3122 1.2964
v  -0.2609 -3.3127 1.6805
v  -0.3382 -3.3130 1.6183
v  -0.1794 -3.3125 1.7227
v  -0.0914 -3.3124 1.7486
v  -0.4023 -3.3131 1.5399
v  -0.4470 -3.3128 1.4534
v  -0.4724 -3.3123 1.3634
v  -0.4854 -3.3124 1.1594
v  -0.4970 -3.3130 0.8836
v  -0.5969 -3.3147 0.1215
v  -0.6061 -3.3143 -0.0594
v  -0.5625 -3.3158 -0.2312
v  -0.4723 -3.3135 -0.3837
v  -0.3388 -3.3135 -0.5058
v  -0.1752 -3.3140 -0.5831
v  -0.5819 -3.3347 0.1180
v  -0.5910 -3.3336 -0.0583
v  -0.5471 -3.3347 -0.2253
v  -0.4591 -3.3331 -0.3733
v  -0.3294 -3.3335 -0.4920
v  -0.1707 -3.3343 -0.5676
v  -0.5195 -3.3375 0.4529
v  -0.5364 -3.3372 0.3392
v  -0.5024 -3.3375 0.6046
v  -0.5532 -3.3365 0.2493
v  -0.5703 -3.3353 0.1716
v  -0.4910 -3.3370 0.7438
v  -0.4761 -3.3366 1.0219
v  -0.4647 -3.3365 1.2960
v  -0.2527 -3.3370 1.6679
v  -0.3278 -3.3373 1.6078
v  -0.1738 -3.3368 1.7087
v  -0.0885 -3.3367 1.7338
v  -0.3898 -3.3373 1.5318
v  -0.4330 -3.3370 1.4479
v  -0.4575 -3.3364 1.3605
v  -0.4705 -3.3364 1.1588
v  -0.4821 -3.3370 0.8828
v  -0.5988 -3.3027 0.1221
v  -0.5649 -3.3017 -0.2330
v  -0.1192 -3.3019 -0.5993
v  -0.1761 -3.3019 -0.5851
v  -0.6110 -3.3019 0.0000
v  -0.5791 -3.3395 -0.0000
v  -0.6027 -3.3254 -0.0000
v  -0.6088 -3.3145 -0.0000
v  -0.5931 -3.3342 -0.0000
v  -0.5667 -3.3396 -0.1186
v  -0.5898 -3.3268 -0.1193
v  -0.5969 -3.3152 -0.1193
v  -0.5806 -3.3344 -0.1193
v  -0.5994 -3.3019 -0.1192
v  -0.4816 -3.3378 -0.3239
v  -0.4993 -3.3261 -0.3338
v  -0.5060 -3.3144 -0.3377
v  -0.4911 -3.3337 -0.3292
v  -0.4112 -3.3372 -0.4104
v  -0.4252 -3.3246 -0.4251
v  -0.4300 -3.3135 -0.4305
v  -0.4182 -3.3332 -0.4178
v  -0.4320 -3.3019 -0.4320
v  -0.2338 -3.3019 -0.5645
v  -0.2220 -3.3389 -0.5365
v  -0.2312 -3.3256 -0.5563
v  -0.2341 -3.3142 -0.5620
v  -0.2267 -3.3346 -0.5466
v  -0.1145 -3.3390 -0.5693
v  -0.1173 -3.3277 -0.5890
v  -0.1185 -3.3163 -0.5963
v  -0.1156 -3.3365 -0.5769
v  -0.5847 -2.9930 0.1775
v  -0.3839 -2.7698 0.4754
v  -0.1713 -2.7472 0.5865
v  -0.1192 -2.5054 0.5993
v  -0.2338 -2.5054 0.5645
v  -0.3395 -2.5054 0.5080
v  -0.4321 -2.5054 0.4321
v  -0.5080 -2.5054 0.3395
v  -0.5645 -2.5054 0.2338
v  -0.5982 -2.5054 0.1245
v  -0.6110 -2.5054 0.0000
v  -0.5993 -2.5054 -0.1192
v  -0.5645 -2.5054 -0.2338
v  -0.5080 -2.5054 -0.3395
v  -0.4321 -2.5054 -0.4321
v  -0.3395 -2.5054 -0.5080
v  -0.2338 -2.5054 -0.5645
v  -0.1192 -2.5054 -0.5993
v  -0.5974 -2.9931 0.1285
v  -0.6110 -2.9931 0.0000
v  -0.5993 -2.9931 -0.1192
v  -0.5645 -2.9931 -0.2338
v  -0.5080 -2.9931 -0.3395
v  -0.4321 -2.9931 -0.4321
v  -0.3395 -2.9931 -0.5080
v  -0.2338 -2.9931 -0.5645
v  -0.5080 -3.3019 -0.3395
v  -0.1472 -3.1448 1.3157
v  -0.2320 -3.1521 1.3419
v  -0.3035 -3.1650 1.3653
v  -0.3963 -3.2006 1.3913
v  -0.4502 -3.2613 1.4065
v  -0.4626 -3.2991 1.4093
v  -0.4332 -3.3432 1.4007
v  -0.4580 -3.3252 1.4080
v  -0.4626 -3.3125 1.4093
v  -0.4480 -3.3367 1.4050
v  -0.3014 -3.2999 1.6518
v  -0.0967 -3.1447 1.3962
v  -0.1528 -3.1520 1.4627
v  -0.1999 -3.1650 1.5219
v  -0.2604 -3.2008 1.5963
v  -0.2953 -3.2612 1.6406
v  -0.2825 -3.3439 1.6284
v  -0.2984 -3.3252 1.6481
v  -0.3011 -3.3128 1.6515
v  -0.2920 -3.3371 1.6402
v  -0.1877 -3.1519 1.4273
v  -0.2458 -3.1650 1.4759
v  -0.3202 -3.2007 1.5365
v  -0.3637 -3.2612 1.5723
v  -0.3494 -3.3443 1.5620
v  -0.1191 -3.1447 1.3738
v  -0.3728 -3.3003 1.5811
v  -0.3691 -3.3252 1.5781
v  -0.3724 -3.3130 1.5807
v  -0.3612 -3.3374 1.5716
v  -0.2139 -3.1519 1.3859
v  -0.3656 -3.2005 1.4665
v  -0.4159 -3.2610 1.4924
v  -0.4002 -3.3440 1.4840
v  -0.1362 -3.1447 1.3476
v  -0.2805 -3.1647 1.4221
v  -0.4268 -3.3001 1.4978
v  -0.4228 -3.3254 1.4958
v  -0.4268 -3.3130 1.4978
v  -0.4135 -3.3372 1.4909
v  -0.2211 -3.2994 1.7036
v  -0.0706 -3.1448 1.4133
v  -0.1115 -3.1521 1.4901
v  -0.1455 -3.1651 1.5576
v  -0.1895 -3.2007 1.6428
v  -0.2154 -3.2613 1.6928
v  -0.2078 -3.3432 1.6780
v  -0.2191 -3.3253 1.6998
v  -0.2213 -3.3126 1.7040
v  -0.2143 -3.3368 1.6906
v  -0.1359 -3.2991 1.7377
v  -0.0424 -3.1449 1.4245
v  -0.0667 -3.1521 1.5081
v  -0.0866 -3.1652 1.5809
v  -0.1126 -3.2009 1.6732
v  -0.1294 -3.2611 1.7273
v  -0.1277 -3.3431 1.7097
v  -0.1346 -3.3251 1.7333
v  -0.1359 -3.3124 1.7378
v  -0.1317 -3.3368 1.7236
v  -0.0458 -3.2991 1.7540
v  -0.0140 -3.1449 1.4294
v  -0.0219 -3.1521 1.5155
v  -0.0284 -3.1650 1.5905
v  -0.0369 -3.2005 1.6865
v  -0.0428 -3.2608 1.7430
v  -0.0431 -3.3434 1.7251
v  -0.0455 -3.3254 1.7504
v  -0.0459 -3.3124 1.7541
v  -0.0444 -3.3372 1.7396
v  -0.0664 -3.1429 1.3285
v  -0.0437 -3.1429 1.3519
v  -0.0146 -3.1431 1.3637
v  -0.0295 -3.1429 1.3594
v  -0.0563 -3.1428 1.3414
v  -0.0735 -3.1428 1.3141
v  -0.0618 -3.1428 1.3352
v  -0.0704 -3.1429 1.3215
v  -0.0368 -3.1429 1.3561
v  -0.0073 -3.1431 1.3646
v  -0.0222 -3.1431 1.3620
v  -0.0503 -3.1428 1.3470
v  -0.6077 -3.3021 0.0612
v  -0.6000 -3.3255 0.0584
v  -0.6059 -3.3146 0.0599
v  -0.5901 -3.3344 0.0573
v  -0.5764 -3.3397 0.0569
v  -0.5535 -3.3395 -0.1705
v  -0.3688 -3.3374 -0.4488
v  -0.2885 -3.3015 -0.5394
v  -0.0572 -3.3388 -0.5779
v  -0.5297 -3.3273 -0.2824
v  -0.2848 -3.3251 -0.5310
v  -0.5369 -3.3151 -0.2858
v  -0.2879 -3.3137 -0.5365
v  -0.5219 -3.3341 -0.2787
v  -0.2797 -3.3339 -0.5221
v  -0.5849 -3.3017 -0.1770
v  -0.5391 -3.3019 -0.2876
v  -0.0601 -3.3019 -0.6080
v  -0.5749 -3.3276 -0.1747
v  -0.5824 -3.3155 -0.1762
v  -0.5667 -3.3345 -0.1732
v  -0.5113 -3.3385 -0.2734
v  -0.3877 -3.3016 -0.4721
v  -0.3821 -3.3246 -0.4653
v  -0.3862 -3.3133 -0.4705
v  -0.3758 -3.3330 -0.4575
v  -0.2741 -3.3384 -0.5121
v  -0.0589 -3.3276 -0.5977
v  -0.0596 -3.3161 -0.6051
v  -0.0579 -3.3363 -0.5855
v  -0.0359 -2.8119 -0.6099
v  -0.0689 -2.8256 -0.6071
v  -0.0972 -2.8473 -0.6032
v  -0.1331 -2.9095 -0.5963
v  -0.1377 -2.9449 -0.5952
v  -0.1331 -2.9803 -0.5963
v  -0.0972 -3.0425 -0.6032
v  -0.0689 -3.0642 -0.6071
v  -0.0359 -3.0779 -0.6099
v  -0.1192 -2.6941 0.5992
v  -0.2338 -2.6941 0.5645
v  -0.3395 -2.6941 0.5080
v  -0.4320 -2.6941 0.4320
v  -0.5080 -2.6941 0.3395
v  -0.5645 -2.6941 0.2338
v  -0.5978 -2.6941 0.1265
v  -0.6110 -2.6941 0.0000
v  -0.5993 -2.6941 -0.1192
v  -0.5645 -2.6941 -0.2338
v  -0.5080 -2.6941 -0.3395
v  -0.4321 -2.6941 -0.4321
v  -0.3395 -2.6941 -0.5080
v  -0.2338 -2.6941 -0.5645
v  -0.1192 -2.6941 -0.5992
v  -0.1582 -2.6941 0.5901
v  -0.5976 -2.8420 0.1275
v  -0.6110 -2.8473 0.0000
v  -0.5993 -2.8473 -0.1192
v  -0.5645 -2.8473 -0.2338
v  -0.5080 -2.8473 -0.3395
v  -0.4321 -2.8473 -0.4321
v  -0.3395 -2.8473 -0.5080
v  -0.2338 -2.8473 -0.5644
v  -0.1192 -2.8472 -0.5993
v  -0.5645 -2.8358 0.2338
v  -0.5973 -3.0693 0.1291
v  -0.6110 -3.0671 0.0000
v  -0.5993 -3.0642 -0.1192
v  -0.5645 -3.0642 -0.2338
v  -0.5081 -3.0642 -0.3395
v  -0.4321 -3.0642 -0.4321
v  -0.3395 -3.0642 -0.5080
v  -0.2338 -3.0642 -0.5645
v  -0.1192 -3.0643 -0.5993
v  -0.2338 -2.9449 -0.5645
v  -0.1193 -3.0138 -0.5993
v  -0.1193 -2.8760 -0.5993
v  -0.0359 -3.0779 -0.4409
v  -0.0689 -3.0642 -0.4409
v  -0.0972 -3.0425 -0.4409
v  -0.1193 -3.0138 -0.4409
v  -0.1331 -2.9803 -0.4409
v  -0.1377 -2.9449 -0.4409
v  -0.1331 -2.9095 -0.4409
v  -0.1193 -2.8760 -0.4409
v  -0.0972 -2.8473 -0.4409
v  -0.0689 -2.8256 -0.4409
v  -0.0359 -2.8119 -0.4409
v  -0.0378 -2.8050 -0.6098
v  -0.0724 -2.8194 -0.6067
v  -0.1021 -2.8422 -0.6024
v  -0.1252 -2.8724 -0.5980
v  -0.1398 -2.9076 -0.5948
v  -0.1446 -2.9449 -0.5936
v  -0.1398 -2.9821 -0.5948
v  -0.1252 -3.0174 -0.5980
v  -0.1021 -3.0475 -0.6024
v  -0.0724 -3.0703 -0.6067
v  -0.0378 -3.0847 -0.6098
v  -0.0356 -2.8117 -0.6029
v  -0.0356 -3.0780 -0.6029
v  -0.0683 -3.0645 -0.6001
v  -0.0967 -3.0430 -0.5963
v  -0.1189 -3.0143 -0.5923
v  -0.1330 -2.9806 -0.5893
v  -0.1377 -2.9449 -0.5882
v  -0.1330 -2.9091 -0.5893
v  -0.1189 -2.8754 -0.5923
v  -0.0967 -2.8467 -0.5962
v  -0.0683 -2.8252 -0.6001
v  -0.0359 -3.0779 -0.4479
v  -0.0359 -2.8119 -0.4479
v  -0.0689 -2.8256 -0.4479
v  -0.0972 -2.8473 -0.4479
v  -0.1193 -2.8760 -0.4479
v  -0.1331 -2.9095 -0.4479
v  -0.1377 -2.9449 -0.4479
v  -0.1331 -2.9803 -0.4479
v  -0.1193 -3.0138 -0.4479
v  -0.0972 -3.0425 -0.4479
v  -0.0689 -3.0642 -0.4479
v  -0.0341 -3.0711 -0.4409
v  -0.0653 -3.0581 -0.4409
v  -0.0922 -3.0375 -0.4409
v  -0.1132 -3.0102 -0.4409
v  -0.1263 -2.9784 -0.4409
v  -0.1307 -2.9449 -0.4409
v  -0.1263 -2.9113 -0.4409
v  -0.1132 -2.8795 -0.4409
v  -0.0922 -2.8523 -0.4409
v  -0.0653 -2.8317 -0.4409
v  -0.0341 -2.8187 -0.4409
v  -0.1830 -3.1604 -0.5829
v  -0.1831 -3.0642 -0.5829
v  -0.1835 -3.0174 -0.5827
v  -0.1839 -2.9449 -0.5826
v  -0.1838 -2.9076 -0.5826
v  -0.1837 -2.9876 -0.5826
v  -0.1773 -2.7707 -0.5847
v  -0.1827 -2.8471 -0.5830
v  -0.1094 -2.0000 0.5502
v  -0.1095 -2.0000 -0.5502
v  -0.2147 -2.0000 -0.5183
v  -0.3117 -2.0000 -0.4665
v  -0.3967 -2.0000 -0.3967
v  -0.4665 -2.0000 -0.3117
v  -0.5183 -2.0000 -0.2147
v  -0.5502 -2.0000 -0.1094
v  -0.5610 -2.0000 0.0000
v  -0.5502 -2.0000 0.1095
v  -0.5183 -2.0000 0.2147
v  -0.4665 -2.0000 0.3117
v  -0.3967 -2.0000 0.3967
v  -0.3117 -2.0000 0.4665
v  -0.2147 -2.0000 0.5183
v  -0.1094 -2.3915 0.5502
v  -0.1095 -2.3915 -0.5502
v  -0.2147 -2.3915 -0.5183
v  -0.3117 -2.3915 -0.4665
v  -0.3967 -2.3915 -0.3967
v  -0.4665 -2.3915 -0.3117
v  -0.5183 -2.3915 -0.2147
v  -0.5502 -2.3915 -0.1094
v  -0.5610 -2.3915 0.0000
v  -0.5502 -2.3915 0.1095
v  -0.5183 -2.3915 0.2147
v  -0.4665 -2.3915 0.3117
v  -0.3967 -2.3915 0.3967
v  -0.3117 -2.3915 0.4665
v  -0.2147 -2.3915 0.5183
v  -0.1081 -2.3915 0.5433
v  -0.1081 -2.3915 -0.5433
v  -0.2120 -2.3915 -0.5118
v  -0.3078 -2.3915 -0.4606
v  -0.3917 -2.3915 -0.3917
v  -0.4606 -2.3915 -0.3078
v  -0.5118 -2.3915 -0.2120
v  -0.5433 -2.3915 -0.1081
v  -0.5540 -2.3915 0.0000
v  -0.5433 -2.3915 0.1081
v  -0.5118 -2.3915 0.2120
v  -0.4606 -2.3915 0.3078
v  -0.3917 -2.3915 0.3917
v  -0.3078 -2.3915 0.4606
v  -0.2120 -2.3915 0.5118
v  -0.1094 -2.0070 0.5502
v  -0.1095 -2.0070 -0.5502
v  -0.2147 -2.0070 -0.5183
v  -0.3117 -2.0070 -0.4665
v  -0.3967 -2.0070 -0.3967
v  -0.4665 -2.0070 -0.3117
v  -0.5183 -2.0070 -0.2147
v  -0.5502 -2.0070 -0.1094
v  -0.5610 -2.0070 0.0000
v  -0.5502 -2.0070 0.1095
v  -0.5183 -2.0070 0.2147
v  -0.4665 -2.0070 0.3117
v  -0.3967 -2.0070 0.3967
v  -0.3117 -2.0070 0.4665
v  -0.2147 -2.0070 0.5183
v  -0.1094 -2.3845 0.5502
v  -0.2147 -2.3845 0.5183
v  -0.3117 -2.3845 0.4665
v  -0.3967 -2.3845 0.3967
v  -0.4665 -2.3845 0.3117
v  -0.5183 -2.3845 0.2147
v  -0.5502 -2.3845 0.1095
v  -0.5610 -2.3845 0.0000
v  -0.5502 -2.3845 -0.1094
v  -0.5183 -2.3845 -0.2147
v  -0.4665 -2.3845 -0.3117
v  -0.3967 -2.3845 -0.3967
v  -0.3117 -2.3845 -0.4665
v  -0.2147 -2.3845 -0.5183
v  -0.1095 -2.3845 -0.5502
v  -0.1192 -2.0070 0.5993
v  -0.2338 -2.0070 0.5645
v  -0.3395 -2.0070 0.5080
v  -0.4320 -2.0070 0.4321
v  -0.5080 -2.0070 0.3395
v  -0.5645 -2.0070 0.2338
v  -0.5993 -2.0070 0.1192
v  -0.6110 -2.0070 0.0000
v  -0.5993 -2.0070 -0.1192
v  -0.5645 -2.0070 -0.2338
v  -0.5080 -2.0070 -0.3395
v  -0.4321 -2.0070 -0.4320
v  -0.3395 -2.0070 -0.5080
v  -0.2338 -2.0070 -0.5645
v  -0.1192 -2.0070 -0.5993
v  -0.1178 -2.0000 0.5924
v  -0.1178 -2.0000 -0.5924
v  -0.2311 -2.0000 -0.5580
v  -0.3356 -2.0000 -0.5022
v  -0.4271 -2.0000 -0.4271
v  -0.5022 -2.0000 -0.3355
v  -0.5580 -2.0000 -0.2311
v  -0.5924 -2.0000 -0.1178
v  -0.6040 -2.0000 0.0000
v  -0.5924 -2.0000 0.1178
v  -0.5580 -2.0000 0.2311
v  -0.5022 -2.0000 0.3356
v  -0.4271 -2.0000 0.4271
v  -0.3355 -2.0000 0.5022
v  -0.2311 -2.0000 0.5580
v  -0.1108 -2.0000 0.5571
v  -0.2174 -2.0000 0.5248
v  -0.3156 -2.0000 0.4723
v  -0.4017 -2.0000 0.4017
v  -0.4723 -2.0000 0.3156
v  -0.5248 -2.0000 0.2174
v  -0.5571 -2.0000 0.1108
v  -0.5681 -2.0000 0.0000
v  -0.5571 -2.0000 -0.1108
v  -0.5248 -2.0000 -0.2174
v  -0.4723 -2.0000 -0.3156
v  -0.4017 -2.0000 -0.4017
v  -0.3156 -2.0000 -0.4723
v  -0.2174 -2.0000 -0.5248
v  -0.1108 -2.0000 -0.5571
v  0.0000 -3.3904 1.1579
v  -0.0852 -3.3889 0.1685
v  -0.0852 -3.3891 0.2461
v  -0.0852 -3.3892 0.3375
v  -0.0852 -3.3892 0.4513
v  -0.0852 -3.3887 0.1138
v  -0.0852 -3.3883 0.0563
v  -0.0851 -3.3833 -0.1697
v  -0.0851 -3.3851 -0.1180
v  -0.0852 -3.3866 -0.0569
v  -0.0852 -3.3876 -0.0015
v  -0.0852 -3.3891 0.6037
v  -0.0852 -3.3891 0.7423
v  -0.0852 -3.3890 0.8817
v  -0.0852 -3.3889 1.0210
v  -0.0852 -3.3887 1.1580
v  -0.0852 -3.3879 1.2949
v  -0.0850 -3.3867 1.3571
v  -0.0837 -3.3808 -0.2194
v  -0.1668 -3.3856 0.1685
v  -0.1668 -3.3856 0.2461
v  -0.1668 -3.3856 0.3375
v  -0.1668 -3.3854 0.4513
v  -0.1668 -3.3854 0.1138
v  -0.1668 -3.3850 0.0563
v  -0.1667 -3.3802 -0.1698
v  -0.1667 -3.3820 -0.1180
v  -0.1668 -3.3835 -0.0569
v  -0.1668 -3.3844 -0.0015
v  -0.1668 -3.3818 1.3572
v  -0.1669 -3.3851 0.6037
v  -0.1670 -3.3848 0.7423
v  -0.1670 -3.3846 0.8817
v  -0.1671 -3.3843 1.0210
v  -0.1671 -3.3840 1.1580
v  -0.1670 -3.3830 1.2950
v  -0.1666 -3.3777 -0.2196
v  -0.2412 -3.3807 0.1685
v  -0.2412 -3.3805 0.2461
v  -0.2412 -3.3803 0.3375
v  -0.2412 -3.3798 0.4514
v  -0.2412 -3.3806 0.1138
v  -0.2412 -3.3804 0.0563
v  -0.2410 -3.3757 -0.1699
v  -0.2411 -3.3775 -0.1181
v  -0.2412 -3.3790 -0.0569
v  -0.2412 -3.3798 -0.0015
v  -0.2411 -3.3745 1.3572
v  -0.2413 -3.3792 0.6037
v  -0.2415 -3.3786 0.7423
v  -0.2414 -3.3781 0.8817
v  -0.2415 -3.3776 1.0210
v  -0.2415 -3.3770 1.1580
v  -0.2413 -3.3758 1.2950
v  -0.2433 -3.3730 -0.2197
v  -0.3127 -3.3743 0.1685
v  -0.3127 -3.3739 0.2462
v  -0.3128 -3.3735 0.3376
v  -0.3128 -3.3726 0.4514
v  -0.3127 -3.3745 0.1138
v  -0.3127 -3.3743 0.0564
v  -0.3127 -3.3699 -0.1699
v  -0.3127 -3.3717 -0.1180
v  -0.3127 -3.3731 -0.0569
v  -0.3127 -3.3739 -0.0015
v  -0.3128 -3.3652 1.3571
v  -0.3128 -3.3715 0.6038
v  -0.3130 -3.3705 0.7424
v  -0.3129 -3.3696 0.8817
v  -0.3130 -3.3687 1.0210
v  -0.3130 -3.3678 1.1580
v  -0.3128 -3.3665 1.2950
v  -0.3180 -3.3666 -0.2197
v  -0.0851 -3.3853 1.3996
v  -0.1669 -3.3803 1.3996
v  -0.2413 -3.3730 1.3995
v  -0.3130 -3.3635 1.3994
v  -0.0852 -3.3804 1.4820
v  -0.1670 -3.3754 1.4818
v  -0.2413 -3.3679 1.4818
v  -0.3131 -3.3585 1.4815
v  -0.0852 -3.3832 1.4403
v  -0.1670 -3.3782 1.4402
v  -0.2413 -3.3708 1.4401
v  -0.3131 -3.3613 1.4400
v  -0.0852 -3.3764 1.5204
v  -0.1669 -3.3713 1.5204
v  -0.2414 -3.3638 1.5203
v  -0.3131 -3.3543 1.5202
v  -0.1665 -3.3746 -0.2712
v  -0.0807 -3.3778 -0.2712
v  -0.2464 -3.3696 -0.2712
v  -0.3246 -3.3628 -0.2711
v  -0.1663 -3.3672 -0.3589
v  -0.0734 -3.3707 -0.3590
v  -0.2555 -3.3612 -0.3588
v  -0.3447 -3.3525 -0.3587
v  -0.1664 -3.3708 -0.3196
v  -0.0767 -3.3742 -0.3197
v  -0.2514 -3.3653 -0.3196
v  -0.3358 -3.3575 -0.3195
v  -0.0752 -3.1429 1.3054
v  -0.2543 -3.3529 1.5928
v  -0.1759 -3.3612 1.5930
v  -0.0933 -3.3666 1.5931
v  -0.2641 -3.3502 -0.4427
v  -0.1659 -3.3574 -0.4428
v  -0.0662 -3.3611 -0.4430
v  -0.0900 -3.3605 -0.4429
v  -0.1922 -3.3558 -0.4428
v  -0.3008 -3.3467 -0.4427
v  -0.4803 -3.3453 0.6035
v  -0.4969 -3.3453 0.4511
v  -0.5139 -3.3448 0.3371
v  -0.5331 -3.3433 0.2460
v  -0.5495 -3.3421 0.1681
v  -0.5609 -3.3413 0.1138
v  -0.5695 -3.3406 0.0563
v  -0.5721 -3.3404 -0.0000
v  -0.5694 -3.3404 -0.0564
v  -0.5599 -3.3405 -0.1172
v  -0.5469 -3.3404 -0.1685
v  -0.5294 -3.3400 -0.2181
v  -0.5052 -3.3395 -0.2702
v  -0.4758 -3.3389 -0.3201
v  -0.4450 -3.3386 -0.3621
v  -0.4063 -3.3384 -0.4055
v  -0.3645 -3.3387 -0.4435
v  -0.3193 -3.3392 -0.4770
v  -0.2709 -3.3397 -0.5060
v  -0.2194 -3.3401 -0.5302
v  -0.1652 -3.3403 -0.5493
v  -0.1131 -3.3402 -0.5626
v  -0.0566 -3.3400 -0.5711
v  -0.0424 -3.3447 1.7182
v  -0.0846 -3.3445 1.7131
v  -0.1257 -3.3445 1.7031
v  -0.1660 -3.3445 1.6892
v  -0.2046 -3.3446 1.6719
v  -0.2411 -3.3449 1.6503
v  -0.2782 -3.3452 1.6231
v  -0.3124 -3.3454 1.5923
v  -0.3440 -3.3456 1.5576
v  -0.3714 -3.3454 1.5197
v  -0.3941 -3.3453 1.4809
v  -0.4127 -3.3449 1.4399
v  -0.4265 -3.3444 1.3988
v  -0.4361 -3.3441 1.3565
v  -0.4429 -3.3442 1.2949
v  -0.4488 -3.3444 1.1579
v  -0.4544 -3.3446 1.0211
v  -0.4598 -3.3449 0.8816
v  -0.4684 -3.3452 0.7422
v  -0.5632 -3.0982 0.2466
v  -0.5425 -3.1226 0.3163
v  -0.5201 -3.1525 0.4036
v  -0.4986 -3.1798 0.5089
v  -0.4786 -3.1985 0.6269
v  -0.4620 -3.2109 0.7577
v  -0.4502 -3.2223 1.0225
v  -0.4376 -3.2273 1.3583
v  -0.4447 -3.2278 1.2963
v  -0.0794 -3.2273 1.7146
v  -0.4137 -3.2271 1.4410
v  -0.3725 -3.2271 1.5205
v  -0.3153 -3.2271 1.5910
v  -0.1627 -3.2273 1.6908
v  -0.2443 -3.2272 1.6488
v  -0.4476 -3.2251 1.1595
v  -0.4539 -3.2191 0.8901
v  -0.5932 -3.0723 0.1466
v  -0.4280 -3.2273 1.4003
v  -0.2814 -3.2273 1.6220
v  -0.3460 -3.2272 1.5573
v  -0.3950 -3.2270 1.4817
v  -0.2046 -3.2275 1.6720
v  -0.1216 -3.2276 1.7048
v  -0.0399 -3.2270 1.7194
v  -0.5402 -2.8645 0.2863
v  -0.4999 -2.9589 0.3588
v  -0.4719 -3.0010 0.4118
v  -0.4443 -3.0511 0.4771
v  -0.4185 -3.0981 0.5590
v  -0.3968 -3.1331 0.6499
v  -0.3774 -3.1599 0.7684
v  -0.3702 -3.1773 1.0225
v  -0.3694 -3.1807 1.2963
v  -0.3624 -3.1804 1.3458
v  -0.0658 -3.1803 1.6397
v  -0.3427 -3.1802 1.4130
v  -0.3086 -3.1800 1.4790
v  -0.2612 -3.1802 1.5374
v  -0.2024 -3.1801 1.5853
v  -0.1349 -3.1802 1.6201
v  -0.3699 -3.1789 1.1596
v  -0.3714 -3.1737 0.8953
v  -0.3544 -3.1804 1.3800
v  -0.2332 -3.1803 1.5631
v  -0.2867 -3.1802 1.5095
v  -0.3273 -3.1799 1.4468
v  -0.1696 -3.1802 1.6047
v  -0.1009 -3.1804 1.6319
v  -0.0331 -3.1800 1.6433
v  -0.5337 -3.2978 0.4559
v  -0.5167 -3.2962 0.6048
v  -0.5044 -3.2944 0.7447
v  -0.4956 -3.2932 0.8835
v  -0.4893 -3.2924 1.0225
v  -0.4838 -3.2921 1.1593
v  -0.4777 -3.2920 1.2963
v  -0.4704 -3.2920 1.3631
v  -0.4606 -3.2924 1.4088
v  -0.4451 -3.2930 1.4528
v  -0.4249 -3.2934 1.4969
v  -0.4005 -3.2936 1.5388
v  -0.3712 -3.2936 1.5797
v  -0.3368 -3.2935 1.6168
v  -0.3001 -3.2932 1.6501
v  -0.2601 -3.2927 1.6792
v  -0.2204 -3.2926 1.7023
v  -0.1788 -3.2923 1.7212
v  -0.1355 -3.2924 1.7363
v  -0.0910 -3.2924 1.7465
v  -0.0458 -3.2920 1.7535
v  -0.0601 -3.2949 -0.6080
v  -0.1192 -3.2949 -0.5992
v  -0.1761 -3.2949 -0.5851
v  -0.2338 -3.2949 -0.5645
v  -0.2885 -3.2945 -0.5393
v  -0.3398 -3.2942 -0.5078
v  -0.3877 -3.2946 -0.4721
v  -0.4320 -3.2949 -0.4320
v  -0.4738 -3.2941 -0.3857
v  -0.5080 -3.2949 -0.3394
v  -0.5390 -3.2949 -0.2876
v  -0.5648 -3.2947 -0.2330
v  -0.5848 -3.2947 -0.1769
v  -0.5993 -3.2949 -0.1192
v  -0.6081 -3.2950 -0.0596
v  -0.6110 -3.2949 0.0000
v  -0.6077 -3.2951 0.0613
v  -0.5987 -3.2957 0.1222
v  -0.5861 -3.2966 0.1765
v  -0.5686 -3.2978 0.2535
v  -0.5513 -3.2982 0.3435
v  0.0000 -2.8071 -0.6110
v  0.0000 -3.3904 0.3375
v  -0.5293 -3.2644 0.4673
v  -0.5473 -3.2566 0.3548
v  -0.5114 -3.2693 0.6090
v  -0.5655 -3.2475 0.2632
v  -0.5838 -3.2381 0.1857
v  -0.4984 -3.2714 0.7475
v  -0.4838 -3.2739 1.0225
v  -0.4735 -3.2762 1.2963
v  -0.2587 -3.2765 1.6748
v  -0.3349 -3.2767 1.6134
v  -0.1760 -3.2763 1.7175
v  -0.0884 -3.2763 1.7430
v  -0.4666 -3.2760 1.3629
v  -0.4414 -3.2765 1.4516
v  -0.3974 -3.2768 1.5368
v  -0.4789 -3.2750 1.1593
v  -0.4897 -3.2731 0.8849
v  -0.4562 -3.2764 1.4079
v  -0.2983 -3.2767 1.6462
v  -0.3683 -3.2769 1.5767
v  -0.4216 -3.2766 1.4953
v  -0.2183 -3.2765 1.6983
v  -0.1327 -3.2764 1.7324
v  -0.0444 -3.2760 1.7491
v  -0.5721 -3.1395 0.2234
v  -0.5521 -3.1596 0.2967
v  -0.5311 -3.1839 0.3873
v  -0.5110 -3.2057 0.4964
v  -0.4924 -3.2203 0.6211
v  -0.4773 -3.2294 0.7548
v  -0.4648 -3.2385 1.0225
v  -0.4505 -3.2434 1.3606
v  -0.4260 -3.2433 1.4458
v  -0.3836 -3.2433 1.5278
v  -0.3245 -3.2433 1.6005
v  -0.1678 -3.2436 1.7029
v  -0.4612 -3.2412 1.1595
v  -0.4691 -3.2357 0.8886
v  -0.4408 -3.2435 1.4040
v  -0.2896 -3.2435 1.6325
v  -0.3562 -3.2434 1.5658
v  -0.4068 -3.2432 1.4878
v  -0.2106 -3.2438 1.6837
v  -0.1256 -3.2438 1.7174
v  -0.0413 -3.2432 1.7325
v  -0.4576 -3.2439 1.2963
v  -0.0822 -3.2435 1.7276
v  -0.2514 -3.2434 1.6600
v  -0.5972 -3.1169 0.1296
v  -0.4296 -3.2137 1.2963
v  -0.0766 -3.2133 1.6992
v  -0.2357 -3.2131 1.6358
v  -0.5897 -3.0313 0.1600
v  -0.5520 -3.0584 0.2716
v  -0.5298 -3.0882 0.3387
v  -0.5061 -3.1233 0.4214
v  -0.4831 -3.1558 0.5216
v  -0.4619 -3.1789 0.6328
v  -0.4440 -3.1949 0.7605
v  -0.4333 -3.2085 1.0225
v  -0.4223 -3.2132 1.3555
v  -0.3992 -3.2130 1.4352
v  -0.3594 -3.2130 1.5120
v  -0.3042 -3.2131 1.5800
v  -0.1571 -3.2131 1.6764
v  -0.4316 -3.2111 1.1596
v  -0.4363 -3.2049 0.8915
v  -0.4130 -3.2133 1.3960
v  -0.2715 -3.2133 1.6098
v  -0.3338 -3.2132 1.5475
v  -0.3812 -3.2129 1.4746
v  -0.1975 -3.2132 1.6584
v  -0.1174 -3.2133 1.6900
v  -0.0385 -3.2128 1.7040
v  -0.5202 -2.9866 0.3303
v  -0.4944 -3.0275 0.3874
v  -0.4682 -3.0727 0.4589
v  -0.4429 -3.1151 0.5470
v  -0.4210 -3.1464 0.6445
v  -0.4016 -3.1697 0.7659
v  -0.3936 -3.1863 1.0225
v  -0.3925 -3.1906 1.2963
v  -0.3854 -3.1901 1.3494
v  -0.3642 -3.1898 1.4215
v  -0.3280 -3.1897 1.4915
v  -0.2776 -3.1898 1.5536
v  -0.2151 -3.1898 1.6045
v  -0.1434 -3.1899 1.6416
v  -0.3932 -3.1884 1.1596
v  -0.3952 -3.1826 0.8941
v  -0.3769 -3.1900 1.3861
v  -0.2478 -3.1900 1.5810
v  -0.3047 -3.1899 1.5240
v  -0.3478 -3.1897 1.4574
v  -0.1803 -3.1898 1.6253
v  -0.1072 -3.1901 1.6540
v  -0.0351 -3.1897 1.6664
v  -0.5532 -2.8865 0.2609
v  -0.0700 -3.1900 1.6624
v  -0.4091 -2.7756 0.4545
v  -0.4014 -2.8759 0.4634
v  -0.3719 -2.9382 0.4958
v  -0.3442 -3.0016 0.5383
v  -0.3205 -3.0605 0.5975
v  -0.2874 -3.1385 0.7769
v  -0.3034 -3.1034 0.6678
v  -0.2831 -3.1569 1.0225
v  -0.2838 -3.1587 1.2963
v  -0.2784 -3.1585 1.3292
v  -0.0510 -3.1585 1.5552
v  -0.2633 -3.1583 1.3803
v  -0.2373 -3.1582 1.4311
v  -0.2009 -3.1582 1.4762
v  -0.1558 -3.1583 1.5132
v  -0.1041 -3.1584 1.5400
v  -0.2828 -3.1578 1.1595
v  -0.2837 -3.1542 0.8994
v  -0.2722 -3.1584 1.3553
v  -0.1794 -3.1583 1.4961
v  -0.2205 -3.1582 1.4547
v  -0.2515 -3.1583 1.4063
v  -0.1307 -3.1584 1.5282
v  -0.0780 -3.1585 1.5492
v  -0.0256 -3.1584 1.5578
v  -0.0360 -3.1477 1.4705
v  -0.1835 -3.1475 1.3478
v  -0.1656 -3.1475 1.3833
v  -0.1403 -3.1475 1.4151
v  -0.1088 -3.1476 1.4411
v  -0.0731 -3.1476 1.4598
v  -0.1954 -3.1477 1.3082
v  -0.1900 -3.1476 1.3274
v  -0.1253 -3.1475 1.4291
v  -0.1540 -3.1475 1.3999
v  -0.1755 -3.1475 1.3660
v  -0.0915 -3.1476 1.4515
v  -0.0549 -3.1477 1.4663
v  -0.0181 -3.1477 1.4725
v  -0.2881 -2.7536 0.5388
v  -0.2767 -2.8418 0.5463
v  -0.2540 -2.9150 0.5621
v  -0.2178 -3.0482 0.6298
v  -0.2340 -2.9854 0.5876
v  -0.1970 -3.1297 0.7850
v  -0.2074 -3.0917 0.6845
v  -0.1949 -3.1478 1.0225
v  -0.1972 -3.1479 1.2963
v  -0.1951 -3.1474 1.1594
v  -0.1953 -3.1445 0.9033
v  -0.2885 -2.6941 0.5396
v  -0.5254 -2.8446 0.3118
v  -0.0614 -3.1722 1.6151
v  -0.4778 -2.9312 0.3861
v  -0.4451 -2.9775 0.4377
v  -0.4165 -3.0323 0.4960
v  -0.3908 -3.0836 0.5710
v  -0.3700 -3.1218 0.6553
v  -0.3512 -3.1518 0.7710
v  -0.3448 -3.1697 1.0225
v  -0.3444 -3.1726 1.2963
v  -0.3377 -3.1722 1.3416
v  -0.3195 -3.1720 1.4037
v  -0.2878 -3.1719 1.4652
v  -0.2435 -3.1721 1.5197
v  -0.1887 -3.1721 1.5643
v  -0.1258 -3.1722 1.5968
v  -0.3446 -3.1710 1.1595
v  -0.3458 -3.1664 0.8966
v  -0.3303 -3.1722 1.3733
v  -0.2174 -3.1722 1.5437
v  -0.2673 -3.1720 1.4937
v  -0.3052 -3.1717 1.4353
v  -0.1581 -3.1723 1.5824
v  -0.0941 -3.1722 1.6079
v  -0.0308 -3.1719 1.6184
v  0.0000 -3.1898 1.6684
v  0.0000 -3.1431 1.3651
v  0.0000 -3.0897 -0.6110
v  0.0000 -2.3845 0.5610
v  0.0000 -2.0070 -0.5610
v  0.0000 -3.3907 0.6036
v  0.0000 -3.3618 -0.4429
v  0.0000 -2.9243 0.6166
v  0.0000 -2.0070 -0.6110
v  0.0000 -3.3245 1.7531
v  0.0000 -2.0000 0.6040
v  0.0000 -2.3915 -0.5540
v  0.0000 -3.3903 0.1685
v  0.0000 -3.3691 1.5932
v  -0.5647 -3.2276 -0.2334
v  -0.3396 -3.2276 -0.5079
v  -0.1192 -3.2276 -0.5993
v  -0.6110 -3.2276 0.0000
v  -0.2338 -3.2276 -0.5645
v  -0.5080 -3.2276 -0.3394
v  -0.4320 -3.2276 -0.4321
v  -0.5993 -3.2276 -0.1192
v  -0.5984 -3.2293 0.1240
v  -0.1795 -3.2276 -0.5840
v  0.0000 -3.1408 0.9090
v  0.0000 -3.1425 1.2963
v  0.0000 -3.1584 1.5600
v  0.0000 -3.3432 1.7281
v  0.0000 -3.3136 -0.6090
v  0.0000 -2.0000 0.6110
v  0.0000 -3.1800 1.6451
v  -0.4143 -3.2006 1.2280
v  -0.3183 -3.1649 1.2280
v  -0.4708 -3.2603 1.2279
v  -0.4835 -3.2987 1.2279
v  -0.2422 -3.1521 1.2280
v  -0.1506 -3.1446 1.2260
v  -0.0785 -3.1433 1.2281
v  -0.4536 -3.3431 1.2269
v  -0.4787 -3.3252 1.2278
v  -0.4835 -3.3123 1.2280
v  -0.4685 -3.3364 1.2275
v  -0.0852 -3.3885 1.2265
v  -0.1671 -3.3837 1.2265
v  -0.2415 -3.3766 1.2265
v  -0.3129 -3.3673 1.2265
v  -0.4467 -3.3443 1.2265
v  -0.4473 -3.2268 1.2280
v  -0.3713 -3.1801 1.2281
v  -0.4816 -3.2920 1.2279
v  -0.4770 -3.2757 1.2279
v  -0.4604 -3.2428 1.2279
v  -0.4319 -3.2128 1.2280
v  -0.3944 -3.1898 1.2281
v  -0.2852 -3.1584 1.2280
v  -0.1980 -3.1477 1.2280
v  -0.3462 -3.1720 1.2280
v  -0.1504 -3.1457 1.0909
v  -0.4137 -3.1978 1.0911
v  -0.4738 -3.2577 1.0909
v  -0.4879 -3.2990 1.0909
v  -0.2388 -3.1516 1.0910
v  -0.3161 -3.1637 1.0910
v  -0.1504 -3.1455 0.9637
v  -0.4151 -3.1954 0.9576
v  -0.3166 -3.1628 0.9601
v  -0.4783 -3.2556 0.9547
v  -0.4937 -3.2996 0.9530
v  -0.2395 -3.1511 0.9618
v  -0.0747 -3.1437 1.0909
v  -0.0752 -3.1432 0.9652
v  -0.4584 -3.3433 1.0898
v  -0.4637 -3.3436 0.9517
v  -0.4832 -3.3252 1.0907
v  -0.4891 -3.3254 0.9528
v  -0.4879 -3.3124 1.0909
v  -0.4937 -3.3127 0.9530
v  -0.4732 -3.3365 1.0903
v  -0.4788 -3.3368 0.9523
v  -0.0852 -3.3889 0.9513
v  -0.0852 -3.3888 1.0895
v  -0.1670 -3.3844 0.9513
v  -0.1671 -3.3842 1.0895
v  -0.2415 -3.3779 0.9514
v  -0.2415 -3.3773 1.0895
v  -0.3129 -3.3691 0.9514
v  -0.3130 -3.3682 1.0895
v  -0.4515 -3.3445 1.0895
v  -0.4568 -3.3447 0.9514
v  -0.4486 -3.2237 1.0910
v  -0.4516 -3.2212 0.9563
v  -0.3696 -3.1783 1.0910
v  -0.3703 -3.1766 0.9588
v  -0.4921 -3.2927 0.9530
v  -0.4864 -3.2922 1.0909
v  -0.4812 -3.2744 1.0909
v  -0.4864 -3.2735 0.9536
v  -0.4665 -3.2374 0.9555
v  -0.4627 -3.2398 1.0910
v  -0.4322 -3.2099 1.0910
v  -0.4343 -3.2073 0.9569
v  -0.3939 -3.1854 0.9582
v  -0.3931 -3.1875 1.0911
v  -0.2825 -3.1575 1.0910
v  -0.2831 -3.1568 0.9608
v  -0.1944 -3.1478 1.0910
v  -0.1949 -3.1475 0.9628
v  -0.3443 -3.1705 1.0910
v  -0.3449 -3.1692 0.9594
v  0.0000 -3.1427 0.9657
v  0.0000 -3.3907 0.9513
v  -0.1503 -3.1384 0.8463
v  -0.4188 -3.1883 0.8278
v  -0.3181 -3.1549 0.8353
v  -0.4847 -3.2524 0.8192
v  -0.5008 -3.3006 0.8142
v  -0.2401 -3.1437 0.8405
v  -0.0752 -3.1375 0.8505
v  -0.4705 -3.3439 0.8123
v  -0.4963 -3.3256 0.8139
v  -0.5008 -3.3133 0.8142
v  -0.4862 -3.3370 0.8133
v  -0.0852 -3.3890 0.8120
v  -0.1670 -3.3847 0.8120
v  -0.2415 -3.3784 0.8120
v  -0.3130 -3.3701 0.8120
v  -0.4636 -3.3450 0.8119
v  -0.4569 -3.2157 0.8238
v  -0.3728 -3.1687 0.8315
v  -0.4995 -3.2937 0.8140
v  -0.4935 -3.2724 0.8161
v  -0.4724 -3.2330 0.8216
v  -0.4389 -3.2009 0.8258
v  -0.3969 -3.1777 0.8297
v  -0.2842 -3.1492 0.8376
v  -0.1952 -3.1402 0.8434
v  -0.3469 -3.1613 0.8333
v  -0.1542 -3.1136 0.7383
v  -0.3292 -3.1313 0.7162
v  -0.4319 -3.1730 0.7006
v  -0.4956 -3.2473 0.6834
v  -0.5109 -3.3022 0.6749
v  -0.2479 -3.1181 0.7268
v  -0.0771 -3.1143 0.7460
v  -0.4808 -3.3442 0.6734
v  -0.5064 -3.3257 0.6746
v  -0.5107 -3.3142 0.6748
v  -0.4962 -3.3372 0.6742
v  -0.0852 -3.3891 0.6730
v  -0.1669 -3.3850 0.6730
v  -0.2414 -3.3789 0.6730
v  -0.3129 -3.3710 0.6731
v  -0.4739 -3.3453 0.6728
v  -0.4693 -3.2057 0.6921
v  -0.3855 -3.1488 0.7083
v  -0.5100 -3.2952 0.6747
v  -0.5042 -3.2706 0.6782
v  -0.4840 -3.2256 0.6878
v  -0.4518 -3.1882 0.6963
v  -0.4099 -3.1600 0.7046
v  -0.2939 -3.1244 0.7209
v  -0.2011 -3.1148 0.7328
v  -0.3590 -3.1394 0.7121
v  0.0000 -3.1157 0.7482
v  0.0000 -2.7448 0.6110
v  0.0000 -3.0940 0.7044
v  0.0000 -2.9979 0.6319
v  0.0000 -3.1380 0.8519
v  0.0000 -3.1425 1.0225
v  0.0000 -3.3123 1.7574
v  0.0000 -3.1477 1.4736
v  0.0000 -3.1449 1.4303
v  0.0000 -3.3245 -0.6031
v  0.0000 -2.9449 -0.4409
v  0.0000 -3.0827 -0.4409
v  0.0000 -2.0000 -0.5681
v  0.0000 -2.3845 -0.5610
v  0.0000 -2.3915 0.5610
v  0.0000 -2.0000 0.5610
v  0.0000 -3.3907 1.0209
v  0.0000 -3.3905 1.0894
v  0.0000 -3.3905 0.2461
v  0.0000 -3.3895 0.0564
v  0.0000 -3.3888 -0.0014
v  0.0000 -3.3863 -0.1178
v  0.0000 -3.3400 -0.5737
v  0.0000 -3.3785 1.5204
v  0.0000 -3.3715 -0.3589
v  0.0000 -3.3446 1.7212
v  0.0000 -3.2273 1.7217
v  0.0000 -3.2946 -0.6110
v  -0.1135 -3.1277 0.7920
v  -0.1189 -3.0911 0.6977
v  -0.1127 -3.1445 1.0225
v  -0.1128 -3.1435 1.2963
v  -0.0976 -3.1434 1.3442
v  -0.0641 -3.1435 1.3784
v  -0.0214 -3.1437 1.3957
v  -0.0432 -3.1435 1.3894
v  -0.0826 -3.1434 1.3631
v  -0.1081 -3.1434 1.3232
v  -0.1130 -3.1437 1.1594
v  -0.1130 -3.1413 0.9067
v  -0.1238 -3.0516 0.6525
v  -0.1319 -2.9903 0.6180
v  -0.1423 -2.9173 0.6003
v  -0.1533 -2.8354 0.5926
v  -0.0907 -3.1434 1.3541
v  -0.1036 -3.1434 1.3340
v  -0.0540 -3.1435 1.3845
v  -0.0107 -3.1437 1.3970
v  -0.0325 -3.1436 1.3932
v  -0.0738 -3.1434 1.3713
v  -0.1114 -3.1435 1.3096
v  -0.1146 -3.1436 1.2270
v  -0.1128 -3.1441 0.9645
v  -0.1126 -3.1444 1.0909
v  -0.1128 -3.1376 0.8487
v  -0.1157 -3.1137 0.7428
v  0.0000 -3.1437 1.3977
v  0.0000 -2.6941 0.6110
v  0.0000 -3.0579 0.6637
v  0.0000 -2.8393 0.6116
v  0.0000 -3.1288 0.7962
v  0.0000 -3.1427 1.0909
v  0.0000 -3.1424 1.2260
v  0.0000 -3.2991 1.7574
v  0.0000 -3.3388 -0.5806
v  0.0000 -3.3337 -0.5931
v  0.0000 -3.1604 -0.6110
v  0.0000 -3.2276 -0.6110
v  0.0000 -2.0070 0.6110
v  0.0000 -2.5054 0.6110
v  0.0000 -2.5054 -0.6110
v  0.0000 -2.6941 -0.6110
v  0.0000 -2.8000 -0.6110
v  0.0000 -3.1521 1.5174
v  0.0000 -3.1649 1.5928
v  0.0000 -3.2007 1.6884
v  0.0000 -3.2612 1.7452
v  0.0000 -3.2435 1.7349
v  0.0000 -3.2925 1.7559
v  0.0000 -3.2764 1.7514
v  0.0000 -3.3365 1.7426
v  0.0000 -3.3016 -0.6110
v  0.0000 -3.0827 -0.4479
v  0.0000 -3.0827 -0.6040
v  0.0000 -2.8071 -0.4479
v  0.0000 -2.8071 -0.6040
v  0.0000 -3.0756 -0.4409
v  0.0000 -2.8141 -0.4409
v  0.0000 -3.0827 -0.6110
v  0.0000 -2.8071 -0.4409
v  0.0000 -2.0000 0.5681
v  0.0000 -2.0000 -0.6040
v  0.0000 -2.0070 0.5610
v  0.0000 -2.3915 0.5540
v  0.0000 -2.3915 -0.5610
v  0.0000 -2.3915 0.0000
v  0.0000 -2.0000 -0.5610
v  0.0000 -2.0000 -0.6110
v  0.0000 -3.3907 0.7423
v  0.0000 -3.3907 0.6730
v  0.0000 -3.3907 0.8817
v  0.0000 -3.3907 0.8120
v  0.0000 -3.3897 1.2949
v  0.0000 -3.3902 1.2264
v  0.0000 -3.3886 1.3567
v  0.0000 -3.3905 0.4513
v  0.0000 -3.3900 0.1138
v  0.0000 -3.3820 -0.2190
v  0.0000 -3.3845 -0.1695
v  0.0000 -3.3879 -0.0567
v  0.0000 -3.3873 1.3996
v  0.0000 -3.3853 1.4403
v  0.0000 -3.3825 1.4819
v  0.0000 -3.3788 -0.2712
v  0.0000 -3.3751 -0.3197
v  0.0000 -3.2131 1.7062
v  0.0000 -3.1719 1.6201
v  0.0000 -3.1425 1.1594
v  0.1192 -2.6941 0.5992
v  0.1192 -2.7456 0.5992
v  0.1583 -2.6941 0.5901
v  0.1713 -2.7472 0.5865
v  0.2338 -2.7496 0.5645
v  0.2338 -2.6941 0.5645
v  0.2885 -2.6941 0.5396
v  0.2881 -2.7536 0.5388
v  0.3395 -2.7604 0.5080
v  0.3395 -2.6941 0.5080
v  0.3839 -2.7698 0.4754
v  0.4320 -2.7833 0.4320
v  0.4320 -2.6941 0.4320
v  0.5081 -2.6941 0.3395
v  0.5079 -2.8263 0.3394
v  0.5645 -2.6941 0.2338
v  0.5645 -2.8358 0.2338
v  0.5978 -2.6941 0.1265
v  0.5976 -2.8420 0.1275
v  0.5971 -3.1604 0.1300
v  0.5972 -3.1169 0.1296
v  0.6110 -3.1604 0.0000
v  0.6110 -3.0671 0.0000
v  0.5993 -3.0642 -0.1192
v  0.5993 -3.1604 -0.1192
v  0.5645 -3.0642 -0.2338
v  0.5645 -3.1604 -0.2338
v  0.5081 -3.0642 -0.3395
v  0.5081 -3.1604 -0.3395
v  0.4321 -3.0642 -0.4321
v  0.4321 -3.1604 -0.4321
v  0.3395 -3.0642 -0.5080
v  0.3395 -3.1604 -0.5080
v  0.2338 -3.0642 -0.5645
v  0.2338 -3.1604 -0.5645
v  0.2338 -2.9931 -0.5645
v  0.1835 -3.0174 -0.5827
v  0.1831 -3.0642 -0.5829
v  0.5513 -3.2982 0.3435
v  0.5338 -3.2978 0.4559
v  0.5293 -3.2644 0.4673
v  0.5473 -3.2566 0.3548
v  0.5655 -3.2475 0.2632
v  0.5686 -3.2978 0.2535
v  0.2048 -2.8337 0.5761
v  0.0793 -3.0922 0.7018
v  0.0771 -3.1143 0.7460
v  0.0825 -3.0547 0.6591
v  0.0879 -2.9944 0.6259
v  0.0948 -2.9210 0.6093
v  0.1031 -2.8370 0.6028
v  0.3436 -2.8502 0.5063
v  0.2767 -2.8418 0.5463
v  0.5646 -2.9105 0.2338
v  0.5382 -3.0162 0.2985
v  0.5202 -2.9866 0.3303
v  0.5533 -2.8865 0.2609
v  0.5785 -3.1820 0.2039
v  0.5722 -3.1395 0.2234
v  0.2540 -2.9150 0.5621
v  0.1888 -2.9144 0.5866
v  0.2340 -2.9854 0.5876
v  0.1752 -2.9865 0.6064
v  0.2178 -3.0482 0.6298
v  0.1647 -3.0488 0.6431
v  0.4014 -2.8759 0.4634
v  0.3719 -2.9382 0.4958
v  0.3159 -2.9225 0.5310
v  0.2909 -2.9900 0.5642
v  0.3442 -3.0016 0.5383
v  0.2701 -3.0519 0.6141
v  0.2560 -3.0958 0.6762
v  0.2074 -3.0917 0.6845
v  0.4530 -2.9021 0.4136
v  0.4778 -2.9312 0.3861
v  0.4452 -2.9775 0.4377
v  0.4130 -2.9565 0.4654
v  0.3841 -3.0157 0.5162
v  0.4165 -3.0323 0.4960
v  0.3205 -3.0605 0.5975
v  0.5139 -3.0566 0.3628
v  0.5520 -3.0584 0.2716
v  0.5298 -3.0882 0.3387
v  0.5061 -3.1233 0.4214
v  0.4888 -3.0968 0.4401
v  0.3908 -3.0836 0.5710
v  0.3590 -3.0711 0.5836
v  0.4646 -3.1342 0.5345
v  0.4831 -3.1558 0.5216
v  0.3397 -3.1119 0.6612
v  0.3700 -3.1218 0.6553
v  0.4428 -3.1616 0.6388
v  0.4620 -3.1789 0.6328
v  0.3590 -3.1394 0.7121
v  0.3293 -3.1313 0.7162
v  0.5167 -3.2962 0.6048
v  0.5114 -3.2693 0.6090
v  0.5593 -3.1992 0.2804
v  0.5838 -3.2381 0.1857
v  0.5984 -3.2293 0.1240
v  0.4895 -3.2499 0.7516
v  0.4956 -3.2473 0.6834
v  0.5043 -3.2706 0.6782
v  0.4984 -3.2714 0.7475
v  0.2479 -3.1181 0.7268
v  0.2011 -3.1148 0.7328
v  0.2939 -3.1244 0.7209
v  0.3034 -3.1034 0.6678
v  0.4518 -3.1882 0.6963
v  0.4319 -3.1730 0.7006
v  0.0757 -3.1279 0.7944
v  0.0752 -3.1375 0.8505
v  0.3220 -3.1447 0.7737
v  0.3512 -3.1518 0.7710
v  0.3470 -3.1613 0.8333
v  0.3182 -3.1549 0.8353
v  0.2426 -3.1329 0.7810
v  0.2874 -3.1385 0.7769
v  0.2842 -3.1492 0.8376
v  0.2401 -3.1437 0.8405
v  0.5044 -3.2944 0.7447
v  0.4995 -3.2937 0.8140
v  0.4935 -3.2724 0.8161
v  0.1513 -3.1281 0.7888
v  0.1970 -3.1297 0.7850
v  0.1952 -3.1402 0.8434
v  0.1503 -3.1384 0.8463
v  0.4238 -3.1812 0.7633
v  0.4440 -3.1949 0.7605
v  0.4389 -3.2009 0.8258
v  0.4189 -3.1883 0.8278
v  0.0752 -3.1433 1.0225
v  0.0747 -3.1437 1.0909
v  0.3166 -3.1630 1.0225
v  0.3449 -3.1697 1.0225
v  0.3444 -3.1705 1.0910
v  0.3161 -3.1637 1.0910
v  0.2394 -3.1512 1.0225
v  0.2831 -3.1569 1.0225
v  0.2825 -3.1575 1.0910
v  0.2388 -3.1516 1.0910
v  0.4893 -3.2924 1.0225
v  0.4864 -3.2922 1.0909
v  0.4812 -3.2744 1.0909
v  0.4838 -3.2739 1.0225
v  0.4145 -3.1965 1.0225
v  0.4333 -3.2085 1.0225
v  0.4322 -3.2099 1.0910
v  0.4137 -3.1978 1.0911
v  0.2601 -3.2927 1.6792
v  0.2205 -3.2926 1.7023
v  0.2184 -3.2765 1.6983
v  0.2587 -3.2765 1.6748
v  0.2563 -3.2611 1.6689
v  0.2953 -3.2612 1.6406
v  0.2984 -3.2767 1.6462
v  0.3312 -3.2610 1.6081
v  0.3637 -3.2612 1.5723
v  0.3683 -3.2769 1.5767
v  0.3349 -3.2767 1.6134
v  0.0910 -3.2924 1.7465
v  0.0884 -3.2763 1.7430
v  0.1327 -3.2764 1.7324
v  0.1355 -3.2924 1.7363
v  0.4605 -3.2611 1.3622
v  0.4506 -3.2434 1.3606
v  0.4576 -3.2439 1.2963
v  0.4678 -3.2612 1.2963
v  0.4052 -3.2008 1.3525
v  0.3854 -3.1901 1.3494
v  0.3925 -3.1906 1.2963
v  0.4122 -3.2014 1.2963
v  0.3103 -3.1651 1.3363
v  0.2785 -3.1585 1.3292
v  0.2838 -3.1587 1.2963
v  0.3166 -3.1654 1.2963
v  0.1506 -3.1448 1.2963
v  0.1954 -3.1477 1.3082
v  0.1900 -3.1476 1.3274
v  0.1472 -3.1448 1.3157
v  0.0279 -3.1449 1.4278
v  0.0361 -3.1477 1.4705
v  0.0181 -3.1477 1.4725
v  0.0140 -3.1449 1.4294
v  0.0437 -3.1521 1.5132
v  0.0510 -3.1585 1.5552
v  0.0256 -3.1584 1.5578
v  0.0219 -3.1521 1.5155
v  0.0566 -3.1652 1.5876
v  0.0615 -3.1722 1.6151
v  0.0309 -3.1719 1.6184
v  0.0284 -3.1650 1.5905
v  0.0735 -3.2008 1.6820
v  0.0767 -3.2133 1.6992
v  0.0385 -3.2128 1.7040
v  0.0369 -3.2005 1.6865
v  0.0458 -3.2920 1.7535
v  0.0445 -3.2760 1.7491
v  0.2377 -3.1522 1.3192
v  0.2722 -3.1584 1.3553
v  0.2320 -3.1521 1.3419
v  0.1424 -3.1447 1.3334
v  0.1835 -3.1475 1.3478
v  0.1755 -3.1475 1.3660
v  0.1362 -3.1447 1.3476
v  0.2239 -3.1519 1.3638
v  0.2633 -3.1583 1.3803
v  0.2515 -3.1583 1.4063
v  0.2139 -3.1519 1.3859
v  0.1283 -3.1447 1.3609
v  0.1656 -3.1475 1.3833
v  0.1540 -3.1475 1.3999
v  0.1191 -3.1447 1.3738
v  0.2020 -3.1519 1.4071
v  0.2373 -3.1582 1.4311
v  0.2206 -3.1582 1.4547
v  0.1878 -3.1519 1.4273
v  0.3377 -3.1722 1.3416
v  0.3303 -3.1722 1.3733
v  0.3035 -3.1650 1.3653
v  0.4223 -3.2132 1.3555
v  0.4130 -3.2133 1.3960
v  0.3963 -3.2006 1.3913
v  0.2937 -3.1649 1.3931
v  0.3195 -3.1720 1.4037
v  0.3052 -3.1717 1.4353
v  0.2806 -3.1647 1.4221
v  0.2645 -3.1649 1.4497
v  0.2878 -3.1719 1.4652
v  0.2674 -3.1720 1.4937
v  0.2458 -3.1650 1.4759
v  0.3829 -3.2005 1.4288
v  0.3992 -3.2130 1.4352
v  0.3812 -3.2129 1.4746
v  0.3656 -3.2005 1.4665
v  0.3447 -3.2005 1.5024
v  0.3594 -3.2130 1.5120
v  0.3338 -3.2132 1.5475
v  0.3202 -3.2007 1.5365
v  0.4704 -3.2920 1.3631
v  0.4606 -3.2924 1.4088
v  0.4562 -3.2764 1.4079
v  0.4666 -3.2760 1.3629
v  0.4451 -3.2930 1.4528
v  0.4249 -3.2934 1.4969
v  0.4216 -3.2766 1.4953
v  0.4414 -3.2765 1.4516
v  0.1084 -3.1447 1.3854
v  0.1403 -3.1475 1.4151
v  0.1253 -3.1475 1.4291
v  0.0968 -3.1447 1.3962
v  0.1711 -3.1519 1.4457
v  0.2010 -3.1582 1.4762
v  0.1794 -3.1583 1.4961
v  0.1528 -3.1520 1.4627
v  0.0839 -3.1448 1.4054
v  0.1088 -3.1476 1.4411
v  0.0915 -3.1476 1.4515
v  0.0706 -3.1448 1.4133
v  0.1327 -3.1520 1.4773
v  0.1558 -3.1583 1.5132
v  0.1307 -3.1584 1.5282
v  0.1115 -3.1521 1.4901
v  0.0565 -3.1448 1.4196
v  0.0731 -3.1476 1.4598
v  0.0549 -3.1477 1.4663
v  0.0424 -3.1449 1.4245
v  0.0889 -3.1521 1.5002
v  0.1041 -3.1584 1.5400
v  0.0780 -3.1585 1.5492
v  0.0667 -3.1521 1.5081
v  0.2239 -3.1649 1.4998
v  0.2435 -3.1721 1.5197
v  0.2174 -3.1722 1.5437
v  0.1999 -3.1650 1.5219
v  0.2918 -3.2006 1.5676
v  0.3042 -3.2131 1.5800
v  0.2715 -3.2133 1.6098
v  0.2604 -3.2008 1.5963
v  0.1735 -3.1650 1.5409
v  0.1887 -3.1721 1.5643
v  0.1582 -3.1723 1.5824
v  0.1455 -3.1651 1.5576
v  0.2261 -3.2006 1.6211
v  0.2357 -3.2131 1.6358
v  0.1975 -3.2132 1.6584
v  0.1895 -3.2007 1.6428
v  0.1158 -3.1651 1.5708
v  0.1258 -3.1722 1.5968
v  0.0941 -3.1722 1.6079
v  0.0866 -3.1652 1.5809
v  0.1507 -3.2007 1.6601
v  0.1571 -3.2131 1.6764
v  0.1174 -3.2133 1.6900
v  0.1126 -3.2009 1.6732
v  0.4735 -3.2762 1.2963
v  0.1503 -3.1460 1.0225
v  0.1949 -3.1478 1.0225
v  0.1944 -3.1478 1.0910
v  0.1504 -3.1457 1.0909
v  0.0770 -3.1430 1.2963
v  0.0752 -3.1429 1.3054
v  0.0907 -3.1434 1.3541
v  0.0976 -3.1434 1.3442
v  0.0540 -3.1435 1.3845
v  0.0641 -3.1435 1.3784
v  0.0108 -3.1437 1.3970
v  0.0214 -3.1437 1.3957
v  0.0325 -3.1436 1.3932
v  0.0432 -3.1435 1.3894
v  0.0738 -3.1434 1.3713
v  0.0827 -3.1434 1.3631
v  0.1036 -3.1434 1.3340
v  0.1082 -3.1434 1.3232
v  0.1506 -3.1447 1.1594
v  0.1506 -3.1446 1.2260
v  0.1146 -3.1436 1.2270
v  0.1130 -3.1437 1.1594
v  0.4135 -3.1990 1.1596
v  0.4143 -3.2006 1.2280
v  0.3944 -3.1898 1.2281
v  0.3933 -3.1884 1.1596
v  0.3164 -3.1640 1.1595
v  0.3183 -3.1649 1.2280
v  0.2852 -3.1584 1.2280
v  0.2829 -3.1578 1.1595
v  0.4838 -3.2921 1.1593
v  0.4816 -3.2920 1.2279
v  0.4770 -3.2757 1.2279
v  0.4789 -3.2750 1.1593
v  0.4720 -3.2589 1.1594
v  0.4708 -3.2603 1.2279
v  0.4604 -3.2428 1.2279
v  0.4612 -3.2412 1.1595
v  0.2393 -3.1516 1.1594
v  0.2422 -3.1521 1.2280
v  0.1981 -3.1477 1.2280
v  0.1951 -3.1474 1.1594
v  0.1506 -3.1423 0.9051
v  0.1504 -3.1455 0.9637
v  0.1128 -3.1441 0.9645
v  0.1130 -3.1413 0.9067
v  0.4167 -3.1928 0.8928
v  0.4151 -3.1954 0.9576
v  0.3939 -3.1854 0.9582
v  0.3952 -3.1826 0.8941
v  0.3173 -3.1600 0.8979
v  0.3166 -3.1628 0.9601
v  0.2831 -3.1568 0.9608
v  0.2837 -3.1542 0.8994
v  0.4956 -3.2932 0.8835
v  0.4921 -3.2927 0.9530
v  0.4865 -3.2735 0.9536
v  0.4897 -3.2731 0.8849
v  0.2400 -3.1484 0.9014
v  0.2395 -3.1511 0.9618
v  0.1949 -3.1475 0.9628
v  0.1953 -3.1445 0.9033
v  0.4812 -3.2543 0.8869
v  0.4783 -3.2556 0.9547
v  0.4665 -3.2374 0.9555
v  0.4691 -3.2357 0.8886
v  0.1190 -3.0911 0.6977
v  0.1157 -3.1137 0.7428
v  0.1238 -3.0516 0.6525
v  0.1319 -2.9903 0.6180
v  0.1423 -2.9173 0.6003
v  0.1533 -2.8354 0.5926
v  0.1135 -3.1277 0.7920
v  0.1128 -3.1376 0.8487
v  0.1128 -3.1445 1.0225
v  0.1126 -3.1444 1.0909
v  0.0752 -3.1432 0.9652
v  0.0785 -3.1433 1.2281
v  0.1973 -3.1479 1.2963
v  0.5175 -3.3031 0.6050
v  0.5347 -3.3047 0.4561
v  0.5339 -3.3157 0.4548
v  0.5171 -3.3148 0.6050
v  0.5518 -3.3052 0.3436
v  0.5508 -3.3161 0.3416
v  0.5689 -3.3048 0.2535
v  0.5677 -3.3159 0.2523
v  0.5863 -3.3036 0.1764
v  0.5848 -3.3151 0.1750
v  0.5988 -3.3027 0.1221
v  0.5969 -3.3147 0.1215
v  0.0459 -3.2991 1.7540
v  0.0459 -3.3124 1.7541
v  0.0914 -3.2991 1.7486
v  0.1359 -3.2991 1.7377
v  0.1359 -3.3124 1.7378
v  0.0914 -3.3124 1.7486
v  0.1794 -3.2992 1.7227
v  0.2211 -3.2994 1.7036
v  0.2213 -3.3126 1.7040
v  0.1794 -3.3125 1.7227
v  0.2609 -3.2996 1.6805
v  0.3014 -3.2999 1.6518
v  0.3011 -3.3128 1.6515
v  0.2609 -3.3127 1.6805
v  0.3383 -3.3002 1.6183
v  0.3728 -3.3003 1.5811
v  0.3724 -3.3130 1.5807
v  0.3382 -3.3130 1.6183
v  0.4023 -3.3003 1.5399
v  0.4268 -3.3001 1.4978
v  0.4268 -3.3130 1.4978
v  0.4023 -3.3131 1.5399
v  0.4470 -3.2996 1.4535
v  0.4626 -3.2991 1.4093
v  0.4626 -3.3125 1.4093
v  0.4470 -3.3128 1.4534
v  0.4725 -3.2986 1.3634
v  0.4799 -3.2986 1.2963
v  0.4799 -3.3122 1.2964
v  0.4724 -3.3123 1.3634
v  0.4835 -3.2987 1.2279
v  0.4835 -3.3123 1.2280
v  0.4854 -3.2989 1.1594
v  0.4879 -3.2990 1.0909
v  0.4880 -3.3124 1.0909
v  0.4854 -3.3124 1.1594
v  0.4909 -3.2992 1.0225
v  0.4937 -3.2996 0.9530
v  0.4937 -3.3127 0.9530
v  0.4909 -3.3125 1.0225
v  0.4971 -3.3001 0.8836
v  0.5009 -3.3006 0.8142
v  0.5008 -3.3133 0.8142
v  0.4971 -3.3130 0.8836
v  0.5055 -3.3013 0.7448
v  0.5110 -3.3022 0.6749
v  0.5107 -3.3142 0.6748
v  0.5054 -3.3137 0.7448
v  0.5764 -3.3395 -0.0571
v  0.5791 -3.3395 -0.0000
v  0.5931 -3.3342 -0.0000
v  0.5911 -3.3336 -0.0583
v  0.5358 -3.3391 -0.2207
v  0.5535 -3.3395 -0.1705
v  0.5667 -3.3345 -0.1732
v  0.5471 -3.3347 -0.2253
v  0.4504 -3.3374 -0.3664
v  0.4816 -3.3378 -0.3239
v  0.4911 -3.3337 -0.3292
v  0.4591 -3.3331 -0.3733
v  0.3232 -3.3379 -0.4827
v  0.3689 -3.3374 -0.4488
v  0.3759 -3.3330 -0.4575
v  0.3294 -3.3335 -0.4920
v  0.1672 -3.3391 -0.5559
v  0.2220 -3.3389 -0.5365
v  0.2268 -3.3346 -0.5466
v  0.1707 -3.3343 -0.5676
v  0.0573 -3.3388 -0.5779
v  0.0579 -3.3363 -0.5855
v  0.5297 -3.3262 0.4540
v  0.5195 -3.3375 0.4529
v  0.5025 -3.3375 0.6046
v  0.5128 -3.3259 0.6048
v  0.5465 -3.3264 0.3403
v  0.5364 -3.3372 0.3392
v  0.5630 -3.3261 0.2510
v  0.5532 -3.3365 0.2493
v  0.5797 -3.3257 0.1732
v  0.5703 -3.3353 0.1716
v  0.5914 -3.3254 0.1201
v  0.5819 -3.3347 0.1180
v  0.0905 -3.3252 1.7440
v  0.0885 -3.3367 1.7338
v  0.0445 -3.3372 1.7396
v  0.0455 -3.3254 1.7504
v  0.1776 -3.3252 1.7183
v  0.1738 -3.3368 1.7087
v  0.1318 -3.3368 1.7236
v  0.1346 -3.3251 1.7333
v  0.2584 -3.3253 1.6767
v  0.2527 -3.3370 1.6679
v  0.2143 -3.3368 1.6906
v  0.2191 -3.3253 1.6998
v  0.3351 -3.3254 1.6152
v  0.3278 -3.3373 1.6078
v  0.2920 -3.3371 1.6402
v  0.2984 -3.3252 1.6481
v  0.3987 -3.3254 1.5375
v  0.3899 -3.3373 1.5318
v  0.3612 -3.3374 1.5716
v  0.3691 -3.3252 1.5781
v  0.4428 -3.3253 1.4518
v  0.4331 -3.3370 1.4479
v  0.4135 -3.3372 1.4909
v  0.4229 -3.3254 1.4958
v  0.4677 -3.3251 1.3625
v  0.4575 -3.3364 1.3605
v  0.4480 -3.3367 1.4050
v  0.4580 -3.3252 1.4080
v  0.4751 -3.3251 1.2963
v  0.4647 -3.3365 1.2960
v  0.4807 -3.3252 1.1592
v  0.4705 -3.3364 1.1588
v  0.4685 -3.3364 1.2275
v  0.4787 -3.3252 1.2278
v  0.4862 -3.3253 1.0223
v  0.4761 -3.3366 1.0219
v  0.4732 -3.3365 1.0903
v  0.4833 -3.3252 1.0907
v  0.4925 -3.3255 0.8834
v  0.4822 -3.3370 0.8828
v  0.4789 -3.3368 0.9523
v  0.4891 -3.3254 0.9528
v  0.5011 -3.3256 0.7445
v  0.4910 -3.3370 0.7438
v  0.4862 -3.3370 0.8133
v  0.4964 -3.3256 0.8139
v  0.4962 -3.3372 0.6742
v  0.5064 -3.3257 0.6746
v  0.6059 -3.3146 0.0599
v  0.6000 -3.3255 0.0584
v  0.6001 -3.3252 -0.0590
v  0.6061 -3.3143 -0.0594
v  0.5969 -3.3152 -0.1193
v  0.5898 -3.3268 -0.1193
v  0.5548 -3.3282 -0.2283
v  0.5625 -3.3158 -0.2312
v  0.5369 -3.3151 -0.2858
v  0.5297 -3.3273 -0.2824
v  0.4669 -3.3249 -0.3795
v  0.4723 -3.3135 -0.3837
v  0.4301 -3.3135 -0.4305
v  0.4252 -3.3246 -0.4251
v  0.3351 -3.3249 -0.5003
v  0.3388 -3.3135 -0.5058
v  0.2879 -3.3137 -0.5365
v  0.2848 -3.3251 -0.5310
v  0.1736 -3.3250 -0.5775
v  0.1753 -3.3140 -0.5831
v  0.1185 -3.3163 -0.5963
v  0.1174 -3.3277 -0.5890
v  0.6078 -3.3021 0.0612
v  0.6082 -3.3020 -0.0596
v  0.5994 -3.3019 -0.1192
v  0.5649 -3.3017 -0.2330
v  0.5391 -3.3019 -0.2876
v  0.4738 -3.3011 -0.3857
v  0.4321 -3.3019 -0.4320
v  0.3398 -3.3012 -0.5078
v  0.2885 -3.3015 -0.5394
v  0.5901 -3.3344 0.0573
v  0.5806 -3.3344 -0.1193
v  0.5220 -3.3341 -0.2787
v  0.4183 -3.3332 -0.4178
v  0.2798 -3.3339 -0.5221
v  0.1156 -3.3365 -0.5769
v  0.5038 -3.3443 0.4520
v  0.4872 -3.3443 0.6042
v  0.5208 -3.3438 0.3383
v  0.5399 -3.3424 0.2475
v  0.5563 -3.3412 0.1696
v  0.5677 -3.3403 0.1150
v  0.0858 -3.3432 1.7199
v  0.0431 -3.3434 1.7251
v  0.1685 -3.3432 1.6956
v  0.1277 -3.3431 1.7097
v  0.2449 -3.3435 1.6560
v  0.2078 -3.3432 1.6780
v  0.3172 -3.3440 1.5972
v  0.2825 -3.3439 1.6284
v  0.3772 -3.3441 1.5235
v  0.3494 -3.3443 1.5620
v  0.4191 -3.3437 1.4424
v  0.4002 -3.3440 1.4840
v  0.4430 -3.3429 1.3577
v  0.4332 -3.3432 1.4007
v  0.4498 -3.3430 1.2954
v  0.4557 -3.3432 1.1582
v  0.4536 -3.3431 1.2269
v  0.4613 -3.3434 1.0214
v  0.4584 -3.3433 1.0898
v  0.4667 -3.3437 0.8820
v  0.4637 -3.3436 0.9517
v  0.4753 -3.3440 0.7427
v  0.4705 -3.3439 0.8123
v  0.4808 -3.3442 0.6734
v  0.5081 -3.2276 -0.3394
v  0.5647 -3.2276 -0.2334
v  0.3396 -3.2276 -0.5079
v  0.4321 -3.2276 -0.4321
v  0.2338 -3.2276 -0.5645
v  0.1192 -3.1604 -0.5993
v  0.1192 -3.2276 -0.5993
v  0.5764 -3.3397 0.0569
v  0.6088 -3.3145 -0.0000
v  0.6027 -3.3254 -0.0000
v  0.6110 -3.3019 0.0000
v  0.5667 -3.3396 -0.1186
v  0.5824 -3.3155 -0.1762
v  0.5749 -3.3276 -0.1747
v  0.5849 -3.3017 -0.1770
v  0.5113 -3.3385 -0.2734
v  0.5060 -3.3144 -0.3377
v  0.4993 -3.3261 -0.3338
v  0.5081 -3.3019 -0.3395
v  0.4112 -3.3372 -0.4104
v  0.3863 -3.3133 -0.4705
v  0.3821 -3.3246 -0.4653
v  0.3878 -3.3016 -0.4721
v  0.2741 -3.3384 -0.5121
v  0.2341 -3.3142 -0.5620
v  0.2313 -3.3256 -0.5563
v  0.2338 -3.3019 -0.5645
v  0.1761 -3.3019 -0.5851
v  0.1192 -3.3019 -0.5993
v  0.1145 -3.3390 -0.5693
v  0.0596 -3.3161 -0.6051
v  0.0589 -3.3276 -0.5977
v  0.0601 -3.3019 -0.6080
v  0.4091 -2.7756 0.4545
v  0.5848 -2.9930 0.1775
v  0.1192 -2.0070 0.5993
v  0.1192 -2.5054 0.5993
v  0.2338 -2.0070 0.5645
v  0.2338 -2.5054 0.5645
v  0.3395 -2.0070 0.5080
v  0.3395 -2.5054 0.5080
v  0.4321 -2.0070 0.4321
v  0.4321 -2.5054 0.4321
v  0.5081 -2.0070 0.3395
v  0.5081 -2.5054 0.3395
v  0.5645 -2.0070 0.2338
v  0.5645 -2.5054 0.2338
v  0.5993 -2.0070 0.1192
v  0.5982 -2.5054 0.1245
v  0.6110 -2.0070 0.0000
v  0.6110 -2.5054 0.0000
v  0.5993 -2.0070 -0.1192
v  0.5993 -2.5054 -0.1192
v  0.5645 -2.0070 -0.2338
v  0.5645 -2.5054 -0.2338
v  0.5081 -2.0070 -0.3395
v  0.5081 -2.5054 -0.3395
v  0.4321 -2.0070 -0.4320
v  0.4321 -2.5054 -0.4321
v  0.3395 -2.0070 -0.5080
v  0.3395 -2.5054 -0.5080
v  0.2338 -2.0070 -0.5645
v  0.2338 -2.5054 -0.5645
v  0.1192 -2.0070 -0.5993
v  0.1192 -2.5054 -0.5993
v  0.5993 -3.2276 -0.1192
v  0.6110 -3.2276 0.0000
v  0.5974 -2.9931 0.1285
v  0.6110 -2.8473 0.0000
v  0.6110 -2.9931 0.0000
v  0.5993 -2.8473 -0.1192
v  0.5993 -2.9931 -0.1192
v  0.5645 -2.8473 -0.2338
v  0.5645 -2.9931 -0.2338
v  0.5081 -2.8473 -0.3395
v  0.5081 -2.9931 -0.3395
v  0.4321 -2.8473 -0.4321
v  0.4321 -2.9931 -0.4321
v  0.3395 -2.8473 -0.5080
v  0.3395 -2.9931 -0.5080
v  0.2338 -2.9449 -0.5645
v  0.2338 -2.8473 -0.5644
v  0.2338 -2.6941 -0.5645
v  0.1773 -2.7707 -0.5847
v  0.1828 -2.8471 -0.5830
v  0.0378 -2.8050 -0.6098
v  0.5898 -3.0313 0.1600
v  0.1830 -3.1604 -0.5829
v  0.1796 -3.2276 -0.5840
v  0.4738 -3.2941 -0.3857
v  0.5080 -3.2949 -0.3394
v  0.4320 -3.2949 -0.4320
v  0.3642 -3.1898 1.4215
v  0.3769 -3.1900 1.3861
v  0.4502 -3.2613 1.4065
v  0.4355 -3.2610 1.4494
v  0.4260 -3.2433 1.4458
v  0.4408 -3.2435 1.4040
v  0.2151 -3.1898 1.6045
v  0.2478 -3.1900 1.5810
v  0.2514 -3.2434 1.6600
v  0.2896 -3.2435 1.6325
v  0.3921 -3.2610 1.5333
v  0.3974 -3.2768 1.5368
v  0.2776 -3.1898 1.5536
v  0.3047 -3.1899 1.5240
v  0.3245 -3.2433 1.6005
v  0.3562 -3.2434 1.5658
v  0.3280 -3.1897 1.4915
v  0.3479 -3.1897 1.4574
v  0.4159 -3.2610 1.4924
v  0.3836 -3.2433 1.5278
v  0.4068 -3.2432 1.4878
v  0.4005 -3.2936 1.5388
v  0.1788 -3.2923 1.7212
v  0.1760 -3.2763 1.7175
v  0.1434 -3.1899 1.6416
v  0.1803 -3.1898 1.6253
v  0.2154 -3.2613 1.6928
v  0.1724 -3.2611 1.7123
v  0.1678 -3.2436 1.7029
v  0.2106 -3.2438 1.6837
v  0.1295 -3.2611 1.7273
v  0.0700 -3.1900 1.6624
v  0.1072 -3.1901 1.6540
v  0.0852 -3.2612 1.7374
v  0.0822 -3.2435 1.7276
v  0.1256 -3.2438 1.7174
v  0.0351 -3.1897 1.6664
v  0.0428 -3.2608 1.7430
v  0.0413 -3.2432 1.7325
v  0.0618 -3.1428 1.3352
v  0.0664 -3.1429 1.3285
v  0.0368 -3.1429 1.3561
v  0.0437 -3.1429 1.3519
v  0.0074 -3.1431 1.3646
v  0.0146 -3.1431 1.3637
v  0.0222 -3.1431 1.3620
v  0.0295 -3.1429 1.3594
v  0.0503 -3.1428 1.3470
v  0.0563 -3.1428 1.3414
v  0.0704 -3.1429 1.3215
v  0.0735 -3.1428 1.3141
v  0.1129 -3.1435 1.2963
v  0.1114 -3.1435 1.3096
v  0.0724 -3.0703 -0.6067
v  0.1192 -3.0643 -0.5993
v  0.1021 -3.0475 -0.6024
v  0.6110 -2.6941 0.0000
v  0.5993 -2.6941 -0.1192
v  0.5645 -2.6941 -0.2338
v  0.5081 -2.6941 -0.3395
v  0.4321 -2.6941 -0.4321
v  0.3395 -2.6941 -0.5080
v  0.1192 -2.6941 -0.5992
v  0.0724 -2.8194 -0.6067
v  0.1021 -2.8422 -0.6024
v  0.1192 -2.8472 -0.5993
v  0.1252 -2.8724 -0.5980
v  0.1838 -2.9076 -0.5826
v  0.0378 -3.0847 -0.6098
v  0.5402 -2.8645 0.2863
v  0.5255 -2.8446 0.3118
v  0.5973 -3.0693 0.1291
v  0.1252 -3.0174 -0.5980
v  0.1447 -2.9449 -0.5936
v  0.1398 -2.9821 -0.5948
v  0.1837 -2.9876 -0.5826
v  0.1839 -2.9449 -0.5826
v  0.1398 -2.9076 -0.5948
v  0.0360 -3.0779 -0.4479
v  0.0356 -3.0780 -0.6029
v  0.0689 -3.0642 -0.4479
v  0.0683 -3.0645 -0.6001
v  0.0972 -3.0425 -0.4479
v  0.0967 -3.0430 -0.5963
v  0.1193 -3.0138 -0.4479
v  0.1189 -3.0143 -0.5923
v  0.1331 -2.9803 -0.4479
v  0.1330 -2.9806 -0.5893
v  0.1378 -2.9449 -0.4479
v  0.1377 -2.9449 -0.5882
v  0.1331 -2.9095 -0.4479
v  0.1330 -2.9091 -0.5893
v  0.1193 -2.8760 -0.4479
v  0.1189 -2.8754 -0.5923
v  0.0972 -2.8473 -0.4479
v  0.0967 -2.8467 -0.5962
v  0.0689 -2.8256 -0.4479
v  0.0683 -2.8252 -0.6001
v  0.0360 -2.8119 -0.4479
v  0.0356 -2.8117 -0.6029
v  0.0341 -3.0711 -0.4409
v  0.0341 -2.8187 -0.4409
v  0.0654 -2.8317 -0.4409
v  0.0922 -2.8523 -0.4409
v  0.1132 -2.8795 -0.4409
v  0.1263 -2.9113 -0.4409
v  0.1307 -2.9449 -0.4409
v  0.1263 -2.9784 -0.4409
v  0.1132 -3.0102 -0.4409
v  0.0922 -3.0375 -0.4409
v  0.0654 -3.0581 -0.4409
v  0.0360 -2.8119 -0.6099
v  0.0689 -2.8256 -0.6071
v  0.0972 -2.8473 -0.6032
v  0.1193 -2.8760 -0.5993
v  0.1331 -2.9095 -0.5963
v  0.1378 -2.9449 -0.5952
v  0.1331 -2.9803 -0.5963
v  0.1193 -3.0138 -0.5993
v  0.0972 -3.0425 -0.6032
v  0.0689 -3.0642 -0.6071
v  0.0360 -3.0779 -0.6099
v  0.0360 -3.0779 -0.4409
v  0.0360 -2.8119 -0.4409
v  0.0689 -2.8256 -0.4409
v  0.0972 -2.8473 -0.4409
v  0.1193 -2.8760 -0.4409
v  0.1331 -2.9095 -0.4409
v  0.1378 -2.9449 -0.4409
v  0.1331 -2.9803 -0.4409
v  0.1193 -3.0138 -0.4409
v  0.0972 -3.0425 -0.4409
v  0.0689 -3.0642 -0.4409
v  0.1178 -2.0000 0.5924
v  0.1108 -2.0000 0.5571
v  0.1179 -2.0000 -0.5924
v  0.1108 -2.0000 -0.5571
v  0.2312 -2.0000 -0.5580
v  0.2174 -2.0000 -0.5248
v  0.3356 -2.0000 -0.5022
v  0.3156 -2.0000 -0.4723
v  0.4271 -2.0000 -0.4271
v  0.4017 -2.0000 -0.4017
v  0.5022 -2.0000 -0.3355
v  0.4723 -2.0000 -0.3156
v  0.5580 -2.0000 -0.2311
v  0.5248 -2.0000 -0.2174
v  0.5924 -2.0000 -0.1178
v  0.5572 -2.0000 -0.1108
v  0.6040 -2.0000 0.0000
v  0.5681 -2.0000 0.0000
v  0.5924 -2.0000 0.1178
v  0.5572 -2.0000 0.1108
v  0.5580 -2.0000 0.2311
v  0.5248 -2.0000 0.2174
v  0.5022 -2.0000 0.3356
v  0.4723 -2.0000 0.3156
v  0.4271 -2.0000 0.4271
v  0.4017 -2.0000 0.4017
v  0.3356 -2.0000 0.5022
v  0.3156 -2.0000 0.4723
v  0.2311 -2.0000 0.5580
v  0.2174 -2.0000 0.5248
v  0.1095 -2.0070 0.5502
v  0.1095 -2.3845 0.5502
v  0.1095 -2.0070 -0.5502
v  0.1095 -2.3845 -0.5502
v  0.2147 -2.0070 -0.5183
v  0.2147 -2.3845 -0.5183
v  0.3117 -2.0070 -0.4665
v  0.3117 -2.3845 -0.4665
v  0.3967 -2.0070 -0.3967
v  0.3967 -2.3845 -0.3967
v  0.4665 -2.0070 -0.3117
v  0.4665 -2.3845 -0.3117
v  0.5183 -2.0070 -0.2147
v  0.5183 -2.3845 -0.2147
v  0.5503 -2.0070 -0.1094
v  0.5503 -2.3845 -0.1094
v  0.5610 -2.0070 0.0000
v  0.5610 -2.3845 0.0000
v  0.5503 -2.0070 0.1095
v  0.5503 -2.3845 0.1095
v  0.5183 -2.0070 0.2147
v  0.5183 -2.3845 0.2147
v  0.4665 -2.0070 0.3117
v  0.4665 -2.3845 0.3117
v  0.3967 -2.0070 0.3967
v  0.3967 -2.3845 0.3967
v  0.3117 -2.0070 0.4665
v  0.3117 -2.3845 0.4665
v  0.2147 -2.0070 0.5183
v  0.2147 -2.3845 0.5183
v  0.1095 -2.3915 0.5502
v  0.1081 -2.3915 0.5433
v  0.1095 -2.3915 -0.5502
v  0.1081 -2.3915 -0.5433
v  0.2147 -2.3915 -0.5183
v  0.2120 -2.3915 -0.5118
v  0.3117 -2.3915 -0.4665
v  0.3078 -2.3915 -0.4606
v  0.3967 -2.3915 -0.3967
v  0.3917 -2.3915 -0.3917
v  0.4665 -2.3915 -0.3117
v  0.4606 -2.3915 -0.3078
v  0.5183 -2.3915 -0.2147
v  0.5118 -2.3915 -0.2120
v  0.5503 -2.3915 -0.1094
v  0.5434 -2.3915 -0.1081
v  0.5610 -2.3915 0.0000
v  0.5540 -2.3915 0.0000
v  0.5503 -2.3915 0.1095
v  0.5434 -2.3915 0.1081
v  0.5183 -2.3915 0.2147
v  0.5118 -2.3915 0.2120
v  0.4665 -2.3915 0.3117
v  0.4606 -2.3915 0.3078
v  0.3967 -2.3915 0.3967
v  0.3917 -2.3915 0.3917
v  0.3117 -2.3915 0.4665
v  0.3078 -2.3915 0.4606
v  0.2147 -2.3915 0.5183
v  0.2120 -2.3915 0.5118
v  0.1095 -2.0000 0.5502
v  0.1095 -2.0000 -0.5502
v  0.2147 -2.0000 -0.5183
v  0.3117 -2.0000 -0.4665
v  0.3967 -2.0000 -0.3967
v  0.4665 -2.0000 -0.3117
v  0.5183 -2.0000 -0.2147
v  0.5503 -2.0000 -0.1094
v  0.5610 -2.0000 0.0000
v  0.5503 -2.0000 0.1095
v  0.5183 -2.0000 0.2147
v  0.4665 -2.0000 0.3117
v  0.3967 -2.0000 0.3967
v  0.3117 -2.0000 0.4665
v  0.2147 -2.0000 0.5183
v  0.1192 -2.0000 0.5993
v  0.2338 -2.0000 0.5645
v  0.3395 -2.0000 0.5080
v  0.4321 -2.0000 0.4321
v  0.5081 -2.0000 0.3395
v  0.5645 -2.0000 0.2338
v  0.5993 -2.0000 0.1192
v  0.6110 -2.0000 0.0000
v  0.5993 -2.0000 -0.1192
v  0.5645 -2.0000 -0.2338
v  0.5081 -2.0000 -0.3395
v  0.4321 -2.0000 -0.4320
v  0.3395 -2.0000 -0.5080
v  0.2338 -2.0000 -0.5645
v  0.1192 -2.0000 -0.5993
v  0.3128 -3.3726 0.4514
v  0.3128 -3.3715 0.6038
v  0.4803 -3.3453 0.6035
v  0.4969 -3.3453 0.4511
v  0.5495 -3.3421 0.1681
v  0.5609 -3.3413 0.1138
v  0.3128 -3.3745 0.1138
v  0.3128 -3.3743 0.1685
v  0.5331 -3.3433 0.2460
v  0.3128 -3.3739 0.2462
v  0.5139 -3.3448 0.3371
v  0.3128 -3.3735 0.3376
v  0.5695 -3.3406 0.0563
v  0.3127 -3.3743 0.0564
v  0.5721 -3.3404 -0.0000
v  0.3127 -3.3739 -0.0015
v  0.5469 -3.3404 -0.1685
v  0.5294 -3.3400 -0.2181
v  0.3180 -3.3666 -0.2197
v  0.3127 -3.3699 -0.1699
v  0.5599 -3.3405 -0.1172
v  0.3127 -3.3717 -0.1180
v  0.5694 -3.3404 -0.0564
v  0.3127 -3.3731 -0.0569
v  0.0852 -3.3891 0.7423
v  0.0852 -3.3891 0.6730
v  0.0852 -3.3890 0.8817
v  0.0852 -3.3890 0.8120
v  0.0852 -3.3889 1.0210
v  0.0852 -3.3889 0.9513
v  0.0853 -3.3887 1.1580
v  0.0853 -3.3888 1.0895
v  0.0852 -3.3879 1.2949
v  0.0853 -3.3885 1.2265
v  0.0851 -3.3867 1.3571
v  0.5052 -3.3395 -0.2702
v  0.3246 -3.3628 -0.2711
v  0.0852 -3.3892 0.4513
v  0.0852 -3.3891 0.6037
v  0.0852 -3.3887 0.1138
v  0.0852 -3.3889 0.1685
v  0.0852 -3.3891 0.2461
v  0.0852 -3.3892 0.3375
v  0.0852 -3.3883 0.0563
v  0.0852 -3.3876 -0.0015
v  0.0837 -3.3808 -0.2194
v  0.0851 -3.3833 -0.1697
v  0.0851 -3.3851 -0.1180
v  0.0852 -3.3866 -0.0569
v  0.1670 -3.3848 0.7423
v  0.1670 -3.3850 0.6730
v  0.1670 -3.3846 0.8817
v  0.1670 -3.3847 0.8120
v  0.1671 -3.3843 1.0210
v  0.1670 -3.3844 0.9513
v  0.1671 -3.3840 1.1580
v  0.1671 -3.3842 1.0895
v  0.1670 -3.3830 1.2950
v  0.1671 -3.3837 1.2265
v  0.1668 -3.3818 1.3572
v  0.1668 -3.3854 0.4513
v  0.1669 -3.3851 0.6037
v  0.1668 -3.3854 0.1138
v  0.1668 -3.3856 0.1685
v  0.1668 -3.3856 0.2461
v  0.1668 -3.3856 0.3375
v  0.1668 -3.3850 0.0563
v  0.1668 -3.3844 -0.0015
v  0.1666 -3.3777 -0.2196
v  0.1667 -3.3802 -0.1698
v  0.1667 -3.3820 -0.1180
v  0.1668 -3.3835 -0.0569
v  0.2415 -3.3786 0.7423
v  0.2414 -3.3789 0.6730
v  0.2414 -3.3781 0.8817
v  0.2415 -3.3784 0.8120
v  0.2415 -3.3776 1.0210
v  0.2415 -3.3779 0.9514
v  0.2415 -3.3770 1.1580
v  0.2415 -3.3773 1.0895
v  0.2414 -3.3758 1.2950
v  0.2415 -3.3766 1.2265
v  0.2412 -3.3745 1.3572
v  0.2412 -3.3798 0.4514
v  0.2413 -3.3792 0.6037
v  0.2412 -3.3806 0.1138
v  0.2412 -3.3807 0.1685
v  0.2412 -3.3805 0.2461
v  0.2412 -3.3803 0.3375
v  0.2412 -3.3804 0.0563
v  0.2412 -3.3798 -0.0015
v  0.2434 -3.3730 -0.2197
v  0.2411 -3.3757 -0.1699
v  0.2411 -3.3775 -0.1181
v  0.2412 -3.3790 -0.0569
v  0.3130 -3.3705 0.7424
v  0.3129 -3.3710 0.6731
v  0.3129 -3.3696 0.8817
v  0.3130 -3.3701 0.8120
v  0.3130 -3.3687 1.0210
v  0.3129 -3.3691 0.9514
v  0.3130 -3.3678 1.1580
v  0.3130 -3.3682 1.0895
v  0.3128 -3.3665 1.2950
v  0.3129 -3.3673 1.2265
v  0.3128 -3.3652 1.3571
v  0.0846 -3.3445 1.7131
v  0.1257 -3.3445 1.7031
v  0.0933 -3.3666 1.5931
v  0.1660 -3.3445 1.6892
v  0.2046 -3.3446 1.6719
v  0.1759 -3.3612 1.5930
v  0.1652 -3.3403 -0.5493
v  0.1131 -3.3402 -0.5626
v  0.0900 -3.3605 -0.4429
v  0.1659 -3.3574 -0.4428
v  0.0566 -3.3400 -0.5711
v  0.0662 -3.3611 -0.4430
v  0.4684 -3.3452 0.7422
v  0.4739 -3.3453 0.6728
v  0.4598 -3.3449 0.8816
v  0.4636 -3.3450 0.8119
v  0.4544 -3.3446 1.0211
v  0.4568 -3.3447 0.9514
v  0.4488 -3.3444 1.1579
v  0.4515 -3.3445 1.0895
v  0.4430 -3.3442 1.2949
v  0.4467 -3.3443 1.2265
v  0.4362 -3.3441 1.3565
v  0.0851 -3.3853 1.3996
v  0.1669 -3.3803 1.3996
v  0.2413 -3.3730 1.3995
v  0.3130 -3.3635 1.3994
v  0.4265 -3.3444 1.3988
v  0.0852 -3.3804 1.4820
v  0.0852 -3.3832 1.4403
v  0.1670 -3.3754 1.4818
v  0.1670 -3.3782 1.4402
v  0.2413 -3.3679 1.4818
v  0.2413 -3.3708 1.4401
v  0.3131 -3.3585 1.4815
v  0.3131 -3.3613 1.4400
v  0.3941 -3.3453 1.4809
v  0.4127 -3.3449 1.4399
v  0.2411 -3.3449 1.6503
v  0.2782 -3.3452 1.6231
v  0.2544 -3.3529 1.5928
v  0.3124 -3.3454 1.5923
v  0.3441 -3.3456 1.5576
v  0.3715 -3.3454 1.5197
v  0.3131 -3.3543 1.5202
v  0.2709 -3.3397 -0.5060
v  0.2194 -3.3401 -0.5302
v  0.1922 -3.3558 -0.4428
v  0.2641 -3.3502 -0.4427
v  0.3645 -3.3387 -0.4435
v  0.3194 -3.3392 -0.4770
v  0.3008 -3.3467 -0.4427
v  0.0852 -3.3764 1.5204
v  0.1669 -3.3713 1.5204
v  0.2414 -3.3638 1.5203
v  0.0807 -3.3778 -0.2712
v  0.1665 -3.3746 -0.2712
v  0.2464 -3.3696 -0.2712
v  0.4758 -3.3389 -0.3201
v  0.3358 -3.3575 -0.3195
v  0.0734 -3.3707 -0.3590
v  0.0767 -3.3742 -0.3197
v  0.1664 -3.3708 -0.3196
v  0.1663 -3.3672 -0.3589
v  0.2515 -3.3653 -0.3196
v  0.2555 -3.3612 -0.3588
v  0.3447 -3.3525 -0.3587
v  0.4450 -3.3386 -0.3621
v  0.4063 -3.3384 -0.4055
v  0.0424 -3.3447 1.7182
v  0.5632 -3.0982 0.2466
v  0.5932 -3.0723 0.1466
v  0.5521 -3.1596 0.2967
v  0.5425 -3.1226 0.3163
v  0.5311 -3.1839 0.3873
v  0.5201 -3.1525 0.4036
v  0.5110 -3.2057 0.4964
v  0.4986 -3.1798 0.5089
v  0.4924 -3.2203 0.6211
v  0.4786 -3.1985 0.6269
v  0.4840 -3.2256 0.6878
v  0.4693 -3.2057 0.6921
v  0.4620 -3.2109 0.7577
v  0.4773 -3.2294 0.7548
v  0.4724 -3.2330 0.8216
v  0.4569 -3.2157 0.8238
v  0.4502 -3.2223 1.0225
v  0.4648 -3.2385 1.0225
v  0.4628 -3.2398 1.0910
v  0.4486 -3.2237 1.0910
v  0.4376 -3.2273 1.3583
v  0.4296 -3.2137 1.2963
v  0.4447 -3.2278 1.2963
v  0.0794 -3.2273 1.7146
v  0.0399 -3.2270 1.7194
v  0.4280 -3.2273 1.4003
v  0.4137 -3.2271 1.4410
v  0.3950 -3.2270 1.4817
v  0.3725 -3.2271 1.5205
v  0.3460 -3.2272 1.5573
v  0.3153 -3.2271 1.5910
v  0.2814 -3.2273 1.6220
v  0.2443 -3.2272 1.6488
v  0.2046 -3.2275 1.6720
v  0.1627 -3.2273 1.6908
v  0.1216 -3.2276 1.7048
v  0.4319 -3.2128 1.2280
v  0.4473 -3.2268 1.2280
v  0.4343 -3.2073 0.9569
v  0.4516 -3.2212 0.9563
v  0.4999 -2.9589 0.3588
v  0.4944 -3.0275 0.3874
v  0.4719 -3.0010 0.4118
v  0.4682 -3.0727 0.4589
v  0.4443 -3.0511 0.4771
v  0.4429 -3.1151 0.5470
v  0.4185 -3.0981 0.5590
v  0.4211 -3.1464 0.6445
v  0.3968 -3.1331 0.6499
v  0.4099 -3.1600 0.7046
v  0.3855 -3.1488 0.7083
v  0.3774 -3.1599 0.7684
v  0.4017 -3.1697 0.7659
v  0.3969 -3.1777 0.8297
v  0.3729 -3.1687 0.8315
v  0.3702 -3.1773 1.0225
v  0.3936 -3.1863 1.0225
v  0.3931 -3.1875 1.0911
v  0.3697 -3.1783 1.0910
v  0.3624 -3.1804 1.3458
v  0.3444 -3.1726 1.2963
v  0.3694 -3.1807 1.2963
v  0.0659 -3.1803 1.6397
v  0.0331 -3.1800 1.6433
v  0.3544 -3.1804 1.3800
v  0.3427 -3.1802 1.4130
v  0.3273 -3.1799 1.4468
v  0.3087 -3.1800 1.4790
v  0.2867 -3.1802 1.5095
v  0.2612 -3.1802 1.5374
v  0.2332 -3.1803 1.5631
v  0.2024 -3.1801 1.5853
v  0.1697 -3.1802 1.6047
v  0.1349 -3.1802 1.6201
v  0.1009 -3.1804 1.6319
v  0.3462 -3.1720 1.2280
v  0.3713 -3.1801 1.2281
v  0.3449 -3.1692 0.9594
v  0.3703 -3.1766 0.9588
v  0.5100 -3.2952 0.6747
v  0.4778 -3.2920 1.2963
v  0.3712 -3.2936 1.5797
v  0.3368 -3.2935 1.6168
v  0.3001 -3.2932 1.6501
v  0.0601 -3.2949 -0.6080
v  0.1192 -3.2949 -0.5992
v  0.1761 -3.2949 -0.5851
v  0.2338 -3.2949 -0.5645
v  0.2885 -3.2945 -0.5393
v  0.3398 -3.2942 -0.5078
v  0.3878 -3.2946 -0.4721
v  0.5391 -3.2949 -0.2876
v  0.5648 -3.2947 -0.2330
v  0.5849 -3.2947 -0.1769
v  0.5993 -3.2949 -0.1192
v  0.6081 -3.2950 -0.0596
v  0.6110 -3.2949 0.0000
v  0.6077 -3.2951 0.0613
v  0.5988 -3.2957 0.1222
v  0.5862 -3.2966 0.1765
v  0.5207 -3.2330 0.4838
v  0.5396 -3.2171 0.3724
v  0.5031 -3.2437 0.6155
v  0.4847 -3.2524 0.8192
v  0.4738 -3.2577 1.0909
v  0.4761 -3.2566 1.0225
v  0.2414 -3.1523 1.2963
v  0.1585 -3.0905 0.6919
v  0.1542 -3.1136 0.7383
v  0.0753 -3.1434 1.1594
v  0.4316 -3.2111 1.1596
v  0.4476 -3.2251 1.1595
v  0.3446 -3.1710 1.1595
v  0.3699 -3.1789 1.1596
v  0.0754 -3.1408 0.9080
v  0.4363 -3.2049 0.8915
v  0.4539 -3.2191 0.8901
v  0.3458 -3.1664 0.8966
v  0.3714 -3.1737 0.8953
v  -0.1319 -2.9458 -0.5787
v  -0.1364 -2.9458 -0.5779
v  -0.1408 -2.9458 -0.5746
v  -0.1431 -2.9458 -0.5708
v  -0.1437 -2.9458 -0.5669
v  -0.1437 -2.9458 -0.4606
v  -0.1240 -2.9458 -0.4409
v  -0.1292 -2.9715 -0.5787
v  -0.1336 -2.9724 -0.5779
v  -0.1379 -2.9733 -0.5746
v  -0.1401 -2.9737 -0.5708
v  -0.1408 -2.9738 -0.5669
v  -0.1408 -2.9738 -0.4606
v  -0.1215 -2.9700 -0.4409
v  -0.1215 -2.9962 -0.5787
v  -0.1256 -2.9979 -0.5779
v  -0.1298 -2.9996 -0.5746
v  -0.1318 -3.0005 -0.5708
v  -0.1324 -3.0007 -0.5669
v  -0.1324 -3.0007 -0.4606
v  -0.1142 -2.9932 -0.4409
v  -0.1091 -3.0189 -0.5787
v  -0.1129 -3.0214 -0.5779
v  -0.1166 -3.0239 -0.5746
v  -0.1184 -3.0251 -0.5708
v  -0.1190 -3.0255 -0.5669
v  -0.1190 -3.0255 -0.4606
v  -0.1026 -3.0146 -0.4409
v  -0.0926 -3.0388 -0.5787
v  -0.0958 -3.0420 -0.5779
v  -0.0989 -3.0451 -0.5746
v  -0.1005 -3.0467 -0.5708
v  -0.1009 -3.0472 -0.5669
v  -0.1009 -3.0472 -0.4606
v  -0.0870 -3.0332 -0.4409
v  -0.0725 -3.0551 -0.5787
v  -0.0750 -3.0588 -0.5779
v  -0.0775 -3.0625 -0.5746
v  -0.0787 -3.0644 -0.5708
v  -0.0791 -3.0649 -0.5669
v  -0.0791 -3.0649 -0.4606
v  -0.0681 -3.0485 -0.4409
v  -0.0496 -3.0671 -0.5787
v  -0.0513 -3.0712 -0.5779
v  -0.0530 -3.0754 -0.5746
v  -0.0539 -3.0774 -0.5708
v  -0.0541 -3.0780 -0.5669
v  -0.0541 -3.0780 -0.4606
v  -0.0466 -3.0598 -0.4409
v  -0.0248 -3.0744 -0.5787
v  -0.0257 -3.0788 -0.5779
v  -0.0266 -3.0832 -0.5746
v  -0.0270 -3.0854 -0.5708
v  -0.0271 -3.0860 -0.5669
v  -0.0271 -3.0860 -0.4606
v  -0.0233 -3.0667 -0.4409
v  0.0009 -3.0768 -0.5787
v  0.0009 -3.0812 -0.5779
v  0.0009 -3.0857 -0.5746
v  0.0009 -3.0879 -0.5708
v  0.0009 -3.0886 -0.5669
v  0.0009 -3.0886 -0.4606
v  0.0009 -3.0689 -0.4409
v  0.0266 -3.0741 -0.5787
v  0.0275 -3.0784 -0.5779
v  0.0284 -3.0828 -0.5746
v  0.0288 -3.0850 -0.5708
v  0.0290 -3.0856 -0.5669
v  0.0290 -3.0856 -0.4606
v  0.0251 -3.0663 -0.4409
v  0.0513 -3.0664 -0.5787
v  0.0530 -3.0705 -0.5779
v  0.0548 -3.0746 -0.5746
v  0.0556 -3.0767 -0.5708
v  0.0559 -3.0773 -0.5669
v  0.0559 -3.0773 -0.4606
v  0.0483 -3.0591 -0.4409
v  0.0741 -3.0540 -0.5787
v  0.0765 -3.0577 -0.5779
v  0.0790 -3.0615 -0.5746
v  0.0803 -3.0633 -0.5708
v  0.0806 -3.0638 -0.5669
v  0.0806 -3.0638 -0.4606
v  0.0697 -3.0475 -0.4409
v  0.0939 -3.0375 -0.5787
v  0.0971 -3.0406 -0.5779
v  0.1002 -3.0438 -0.5746
v  0.1018 -3.0454 -0.5708
v  0.1023 -3.0458 -0.5669
v  0.1023 -3.0458 -0.4606
v  0.0884 -3.0319 -0.4409
v  0.1102 -3.0174 -0.5787
v  0.1139 -3.0199 -0.5779
v  0.1176 -3.0223 -0.5746
v  0.1195 -3.0236 -0.5708
v  0.1200 -3.0239 -0.5669
v  0.1200 -3.0239 -0.4606
v  0.1036 -3.0130 -0.4409
v  0.1222 -2.9945 -0.5787
v  0.1263 -2.9962 -0.5779
v  0.1305 -2.9979 -0.5746
v  0.1325 -2.9988 -0.5708
v  0.1331 -2.9990 -0.5669
v  0.1331 -2.9990 -0.4606
v  0.1149 -2.9915 -0.4409
v  0.1295 -2.9697 -0.5787
v  0.1339 -2.9706 -0.5779
v  0.1383 -2.9714 -0.5746
v  0.1405 -2.9719 -0.5708
v  0.1411 -2.9720 -0.5669
v  0.1411 -2.9720 -0.4606
v  0.1218 -2.9682 -0.4409
v  0.1319 -2.9439 -0.5787
v  0.1364 -2.9439 -0.5779
v  0.1408 -2.9439 -0.5746
v  0.1431 -2.9439 -0.5708
v  0.1437 -2.9439 -0.5669
v  0.1437 -2.9439 -0.4606
v  0.1240 -2.9439 -0.4409
v  0.1292 -2.9182 -0.5787
v  0.1336 -2.9174 -0.5779
v  0.1379 -2.9165 -0.5746
v  0.1401 -2.9161 -0.5708
v  0.1408 -2.9159 -0.5669
v  0.1408 -2.9159 -0.4606
v  0.1214 -2.9198 -0.4409
v  0.1215 -2.8935 -0.5787
v  0.1256 -2.8918 -0.5779
v  0.1298 -2.8901 -0.5746
v  0.1318 -2.8893 -0.5708
v  0.1324 -2.8890 -0.5669
v  0.1324 -2.8890 -0.4606
v  0.1142 -2.8966 -0.4409
v  0.1091 -2.8708 -0.5787
v  0.1129 -2.8683 -0.5779
v  0.1166 -2.8659 -0.5746
v  0.1184 -2.8646 -0.5708
v  0.1190 -2.8643 -0.5669
v  0.1190 -2.8643 -0.4606
v  0.1026 -2.8752 -0.4409
v  0.0926 -2.8510 -0.5787
v  0.0958 -2.8478 -0.5779
v  0.0989 -2.8446 -0.5746
v  0.1005 -2.8431 -0.5708
v  0.1009 -2.8426 -0.5669
v  0.1009 -2.8426 -0.4606
v  0.0870 -2.8565 -0.4409
v  0.0725 -2.8347 -0.5787
v  0.0750 -2.8310 -0.5779
v  0.0775 -2.8273 -0.5746
v  0.0787 -2.8254 -0.5708
v  0.0791 -2.8249 -0.5669
v  0.0791 -2.8249 -0.4606
v  0.0681 -2.8412 -0.4409
v  0.0496 -2.8227 -0.5787
v  0.0513 -2.8185 -0.5779
v  0.0530 -2.8144 -0.5746
v  0.0539 -2.8124 -0.5708
v  0.0541 -2.8118 -0.5669
v  0.0541 -2.8118 -0.4606
v  0.0466 -2.8299 -0.4409
v  0.0248 -2.8153 -0.5787
v  0.0257 -2.8110 -0.5779
v  0.0266 -2.8066 -0.5746
v  0.0270 -2.8044 -0.5708
v  0.0271 -2.8038 -0.5669
v  0.0271 -2.8038 -0.4606
v  0.0233 -2.8231 -0.4409
v  -0.0009 -2.8130 -0.5787
v  -0.0009 -2.8085 -0.5779
v  -0.0009 -2.8040 -0.5746
v  -0.0009 -2.8018 -0.5708
v  -0.0009 -2.8012 -0.5669
v  -0.0009 -2.8012 -0.4606
v  -0.0009 -2.8209 -0.4409
v  -0.0266 -2.8157 -0.5787
v  -0.0275 -2.8113 -0.5779
v  -0.0284 -2.8069 -0.5746
v  -0.0288 -2.8048 -0.5708
v  -0.0290 -2.8041 -0.5669
v  -0.0290 -2.8041 -0.4606
v  -0.0251 -2.8234 -0.4409
v  -0.0513 -2.8234 -0.5787
v  -0.0530 -2.8193 -0.5779
v  -0.0548 -2.8151 -0.5746
v  -0.0556 -2.8131 -0.5708
v  -0.0559 -2.8125 -0.5669
v  -0.0559 -2.8125 -0.4606
v  -0.0483 -2.8307 -0.4409
v  -0.0741 -2.8357 -0.5787
v  -0.0765 -2.8320 -0.5779
v  -0.0790 -2.8283 -0.5746
v  -0.0803 -2.8265 -0.5708
v  -0.0806 -2.8259 -0.5669
v  -0.0806 -2.8259 -0.4606
v  -0.0697 -2.8423 -0.4409
v  -0.0939 -2.8523 -0.5787
v  -0.0971 -2.8491 -0.5779
v  -0.1002 -2.8460 -0.5746
v  -0.1018 -2.8444 -0.5708
v  -0.1023 -2.8439 -0.5669
v  -0.1023 -2.8439 -0.4606
v  -0.0884 -2.8579 -0.4409
v  -0.1102 -2.8724 -0.5787
v  -0.1139 -2.8699 -0.5779
v  -0.1176 -2.8674 -0.5746
v  -0.1195 -2.8662 -0.5708
v  -0.1200 -2.8658 -0.5669
v  -0.1200 -2.8658 -0.4606
v  -0.1036 -2.8768 -0.4409
v  -0.1222 -2.8953 -0.5787
v  -0.1263 -2.8936 -0.5779
v  -0.1305 -2.8919 -0.5746
v  -0.1325 -2.8910 -0.5708
v  -0.1331 -2.8908 -0.5669
v  -0.1331 -2.8908 -0.4606
v  -0.1149 -2.8983 -0.4409
v  -0.1295 -2.9201 -0.5787
v  -0.1339 -2.9192 -0.5779
v  -0.1383 -2.9183 -0.5746
v  -0.1405 -2.9179 -0.5708
v  -0.1411 -2.9178 -0.5669
v  -0.1411 -2.9178 -0.4606
v  -0.1218 -2.9216 -0.4409
v  -0.1170 -2.9458 -0.4409
v  -0.1146 -2.9686 -0.4409
v  -0.1077 -2.9905 -0.4409
v  -0.0968 -3.0106 -0.4409
v  -0.0821 -3.0282 -0.4409
v  -0.0643 -3.0426 -0.4409
v  -0.0440 -3.0533 -0.4409
v  -0.0220 -3.0598 -0.4409
v  0.0009 -3.0619 -0.4409
v  0.0237 -3.0594 -0.4409
v  0.0456 -3.0526 -0.4409
v  0.0657 -3.0417 -0.4409
v  0.0833 -3.0270 -0.4409
v  0.0978 -3.0091 -0.4409
v  0.1084 -2.9888 -0.4409
v  0.1149 -2.9668 -0.4409
v  0.1170 -2.9440 -0.4409
v  0.1146 -2.9212 -0.4409
v  0.1077 -2.8993 -0.4409
v  0.0968 -2.8792 -0.4409
v  0.0821 -2.8615 -0.4409
v  0.0643 -2.8471 -0.4409
v  0.0439 -2.8365 -0.4409
v  0.0220 -2.8300 -0.4409
v  -0.0009 -2.8279 -0.4409
v  -0.0237 -2.8303 -0.4409
v  -0.0456 -2.8371 -0.4409
v  -0.0657 -2.8481 -0.4409
v  -0.0833 -2.8628 -0.4409
v  -0.0978 -2.8806 -0.4409
v  -0.1084 -2.9009 -0.4409
v  -0.1149 -2.9229 -0.4409
v  -0.0000 -2.9449 -0.4409
v  -0.1223 -2.9701 -0.5787
v  -0.1249 -2.9458 -0.5787
v  -0.1226 -2.9214 -0.5787
v  -0.1157 -2.8979 -0.5787
v  -0.1043 -2.8763 -0.5787
v  -0.0889 -2.8572 -0.5787
v  -0.0701 -2.8416 -0.5787
v  -0.0486 -2.8299 -0.5787
v  -0.0252 -2.8226 -0.5787
v  -0.0009 -2.8200 -0.5787
v  0.0235 -2.8223 -0.5787
v  0.0470 -2.8292 -0.5787
v  0.0686 -2.8406 -0.5787
v  0.0877 -2.8560 -0.5787
v  0.1033 -2.8748 -0.5787
v  0.1150 -2.8963 -0.5787
v  0.1223 -2.9197 -0.5787
v  0.1249 -2.9440 -0.5787
v  0.1226 -2.9684 -0.5787
v  0.1157 -2.9918 -0.5787
v  0.1043 -3.0135 -0.5787
v  0.0889 -3.0325 -0.5787
v  0.0701 -3.0482 -0.5787
v  0.0486 -3.0599 -0.5787
v  0.0252 -3.0672 -0.5787
v  0.0009 -3.0697 -0.5787
v  -0.0235 -3.0675 -0.5787
v  -0.0470 -3.0606 -0.5787
v  -0.0686 -3.0492 -0.5787
v  -0.0877 -3.0338 -0.5787
v  -0.1033 -3.0150 -0.5787
v  -0.1150 -2.9935 -0.5787
v  -0.0000 -2.9449 -0.5787
v  -0.1437 -2.9458 -0.5599
v  -0.1408 -2.9738 -0.5599
v  -0.1324 -3.0007 -0.5599
v  -0.1190 -3.0255 -0.5599
v  -0.1009 -3.0472 -0.5599
v  -0.0791 -3.0649 -0.5599
v  -0.0541 -3.0780 -0.5599
v  -0.0271 -3.0860 -0.5599
v  0.0009 -3.0886 -0.5599
v  0.0290 -3.0856 -0.5599
v  0.0559 -3.0773 -0.5599
v  0.0806 -3.0638 -0.5599
v  0.1023 -3.0458 -0.5599
v  0.1200 -3.0239 -0.5599
v  0.1331 -2.9990 -0.5599
v  0.1411 -2.9720 -0.5599
v  0.1437 -2.9439 -0.5599
v  0.1408 -2.9159 -0.5599
v  0.1324 -2.8890 -0.5599
v  0.1190 -2.8643 -0.5599
v  0.1009 -2.8426 -0.5599
v  0.0791 -2.8249 -0.5599
v  0.0541 -2.8118 -0.5599
v  0.0271 -2.8038 -0.5599
v  -0.0009 -2.8012 -0.5599
v  -0.0290 -2.8041 -0.5599
v  -0.0559 -2.8125 -0.5599
v  -0.0806 -2.8259 -0.5599
v  -0.1023 -2.8439 -0.5599
v  -0.1200 -2.8658 -0.5599
v  -0.1331 -2.8908 -0.5599
v  -0.1411 -2.9178 -0.5599
v  -0.1408 -2.9738 -0.4676
v  -0.1437 -2.9458 -0.4676
v  -0.1411 -2.9178 -0.4676
v  -0.1331 -2.8908 -0.4676
v  -0.1200 -2.8658 -0.4676
v  -0.1023 -2.8439 -0.4676
v  -0.0806 -2.8259 -0.4676
v  -0.0559 -2.8125 -0.4676
v  -0.0290 -2.8041 -0.4676
v  -0.0009 -2.8012 -0.4676
v  0.0271 -2.8038 -0.4676
v  0.0541 -2.8118 -0.4676
v  0.0791 -2.8249 -0.4676
v  0.1009 -2.8426 -0.4676
v  0.1190 -2.8643 -0.4676
v  0.1324 -2.8890 -0.4676
v  0.1408 -2.9159 -0.4676
v  0.1437 -2.9439 -0.4676
v  0.1411 -2.9720 -0.4676
v  0.1331 -2.9990 -0.4676
v  0.1200 -3.0239 -0.4676
v  0.1023 -3.0458 -0.4676
v  0.0806 -3.0638 -0.4676
v  0.0559 -3.0773 -0.4676
v  0.0290 -3.0856 -0.4676
v  0.0009 -3.0886 -0.4676
v  -0.0271 -3.0860 -0.4676
v  -0.0541 -3.0780 -0.4676
v  -0.0791 -3.0649 -0.4676
v  -0.1009 -3.0472 -0.4676
v  -0.1190 -3.0255 -0.4676
v  -0.1324 -3.0007 -0.4676
v  -0.1388 -2.9458 -0.4556
v  -0.1359 -2.9728 -0.4556
v  -0.1279 -2.9988 -0.4556
v  -0.1149 -3.0227 -0.4556
v  -0.0975 -3.0436 -0.4556
v  -0.0763 -3.0608 -0.4556
v  -0.0523 -3.0734 -0.4556
v  -0.0262 -3.0812 -0.4556
v  0.0009 -3.0836 -0.4556
v  0.0280 -3.0808 -0.4556
v  0.0539 -3.0727 -0.4556
v  0.0778 -3.0598 -0.4556
v  0.0988 -3.0424 -0.4556
v  0.1159 -3.0212 -0.4556
v  0.1285 -2.9971 -0.4556
v  0.1363 -2.9711 -0.4556
v  0.1388 -2.9440 -0.4556
v  0.1359 -2.9169 -0.4556
v  0.1279 -2.8909 -0.4556
v  0.1149 -2.8670 -0.4556
v  0.0975 -2.8461 -0.4556
v  0.0763 -2.8290 -0.4556
v  0.0523 -2.8163 -0.4556
v  0.0262 -2.8086 -0.4556
v  -0.0009 -2.8061 -0.4556
v  -0.0280 -2.8090 -0.4556
v  -0.0539 -2.8170 -0.4556
v  -0.0778 -2.8300 -0.4556
v  -0.0988 -2.8474 -0.4556
v  -0.1159 -2.8685 -0.4556
v  -0.1285 -2.8926 -0.4556
v  -0.1363 -2.9187 -0.4556
v  -0.1263 -2.9710 -0.4459
v  -0.1290 -2.9459 -0.4459
v  -0.1267 -2.9207 -0.4459
v  -0.1195 -2.8964 -0.4459
v  -0.1078 -2.8741 -0.4459
v  -0.0919 -2.8544 -0.4459
v  -0.0725 -2.8382 -0.4459
v  -0.0502 -2.8261 -0.4459
v  -0.0261 -2.8186 -0.4459
v  -0.0010 -2.8159 -0.4459
v  0.0242 -2.8182 -0.4459
v  0.0484 -2.8254 -0.4459
v  0.0708 -2.8371 -0.4459
v  0.0905 -2.8530 -0.4459
v  0.1067 -2.8724 -0.4459
v  0.1188 -2.8946 -0.4459
v  0.1263 -2.9188 -0.4459
v  0.1290 -2.9439 -0.4459
v  0.1267 -2.9691 -0.4459
v  0.1195 -2.9933 -0.4459
v  0.1078 -3.0157 -0.4459
v  0.0919 -3.0354 -0.4459
v  0.0725 -3.0516 -0.4459
v  0.0502 -3.0636 -0.4459
v  0.0261 -3.0712 -0.4459
v  0.0010 -3.0738 -0.4459
v  -0.0242 -3.0715 -0.4459
v  -0.0484 -3.0644 -0.4459
v  -0.0708 -3.0526 -0.4459
v  -0.0905 -3.0368 -0.4459
v  -0.1067 -3.0173 -0.4459
v  -0.1188 -2.9951 -0.4459
# 5363 vertices

o 16086M_4
g 16086M_4
s 2
f 1041 625 640 1005 
s 1
f 1044 655 670 1006 
f 1007 867 5 1008 
f 1008 5 6 1050 
f 1050 6 7 1052 
f 1052 7 8 982 
f 982 8 9 983 
f 983 9 10 984 
f 984 10 11 985 
f 985 11 12 925 
f 925 12 13 1059 
f 1059 13 14 1061 
s 2
f 1061 14 15 1063 
f 1063 15 16 986 
f 625 626 654 640 
s 1
f 655 656 684 670 
f 867 868 21 5 
f 5 21 22 6 
f 6 22 23 7 
f 7 23 24 8 
f 8 24 25 9 
f 9 25 26 10 
f 10 26 27 11 
f 11 27 28 12 
f 12 28 29 13 
f 13 29 30 14 
s 2
f 14 30 31 15 
f 15 31 32 16 
f 626 627 653 654 
s 1
f 656 657 683 684 
f 868 869 37 21 
f 21 37 38 22 
f 22 38 39 23 
f 23 39 40 24 
f 24 40 41 25 
f 25 41 42 26 
f 26 42 43 27 
f 27 43 44 28 
f 28 44 45 29 
f 29 45 46 30 
s 2
f 30 46 47 31 
f 31 47 48 32 
f 627 628 652 653 
s 1
f 657 658 682 683 
f 869 870 53 37 
f 37 53 54 38 
f 38 54 55 39 
f 39 55 56 40 
f 40 56 57 41 
f 41 57 58 42 
f 42 58 59 43 
f 43 59 60 44 
f 44 60 61 45 
f 45 61 62 46 
s 2
f 46 62 63 47 
f 47 63 64 48 
f 628 629 651 652 
s 1
f 658 659 681 682 
f 870 871 69 53 
f 53 69 70 54 
f 54 70 71 55 
f 55 71 72 56 
f 56 72 73 57 
f 57 73 74 58 
f 58 74 75 59 
f 59 75 76 60 
f 60 76 77 61 
f 61 77 78 62 
s 2
f 62 78 79 63 
f 63 79 80 64 
f 629 630 650 651 
s 1
f 659 660 680 681 
s 2
f 398 399 396 395 
s 1
f 871 872 85 69 
f 69 85 86 70 
f 70 86 87 71 
f 71 87 88 72 
f 72 88 89 73 
f 73 89 90 74 
f 74 90 91 75 
f 75 91 92 76 
f 76 92 93 77 
f 77 93 94 78 
s 2
f 78 94 95 79 
f 79 95 96 80 
f 630 631 649 650 
s 1
f 660 661 679 680 
s 2
f 401 402 399 398 
s 1
f 872 873 101 85 
f 85 101 102 86 
f 86 102 103 87 
f 87 103 104 88 
f 88 104 105 89 
f 89 105 106 90 
f 90 106 107 91 
f 91 107 108 92 
f 92 108 109 93 
f 93 109 110 94 
s 2
f 94 110 111 95 
f 95 111 112 96 
f 631 632 648 649 
s 1
f 661 662 678 679 
s 2
f 404 405 402 401 
s 1
f 873 874 117 101 
f 101 117 118 102 
f 102 118 119 103 
f 103 119 120 104 
f 104 120 121 105 
f 105 121 122 106 
f 106 122 123 107 
f 107 123 124 108 
f 108 124 125 109 
f 109 125 126 110 
s 2
f 110 126 127 111 
f 111 127 128 112 
f 632 633 647 648 
s 1
f 662 663 677 678 
s 2
f 407 408 405 404 
s 1
f 874 875 133 117 
f 117 133 134 118 
f 118 134 135 119 
f 119 135 136 120 
f 120 136 137 121 
f 121 137 138 122 
f 122 138 139 123 
f 123 139 140 124 
f 124 140 141 125 
f 125 141 142 126 
s 2
f 126 142 143 127 
f 127 143 144 128 
f 633 634 646 647 
s 1
f 663 664 676 677 
s 2
f 410 411 408 407 
s 1
f 875 876 149 133 
f 133 149 150 134 
f 134 150 151 135 
f 135 151 152 136 
f 136 152 153 137 
f 137 153 154 138 
f 138 154 155 139 
f 139 155 156 140 
f 140 156 157 141 
f 141 157 158 142 
s 2
f 142 158 159 143 
f 143 159 160 144 
f 634 635 645 646 
s 1
f 664 665 675 676 
s 2
f 413 414 411 410 
s 1
f 876 877 165 149 
f 149 165 166 150 
f 150 166 167 151 
f 151 167 168 152 
f 152 168 169 153 
f 153 169 170 154 
f 154 170 171 155 
f 155 171 172 156 
f 156 172 173 157 
f 157 173 174 158 
s 2
f 158 174 175 159 
f 159 175 176 160 
f 635 636 644 645 
s 1
f 665 666 674 675 
s 2
f 416 417 414 413 
s 1
f 877 878 181 165 
f 165 181 182 166 
f 166 182 183 167 
f 167 183 184 168 
f 168 184 185 169 
f 169 185 186 170 
f 170 186 187 171 
f 171 187 188 172 
f 172 188 189 173 
f 173 189 190 174 
s 2
f 174 190 191 175 
f 175 191 192 176 
f 636 637 643 644 
s 1
f 666 667 673 674 
s 2
f 419 420 417 416 
s 1
f 878 879 197 181 
f 181 197 198 182 
f 182 198 199 183 
f 183 199 200 184 
f 184 200 201 185 
f 185 201 202 186 
f 186 202 203 187 
f 187 203 204 188 
f 188 204 205 189 
f 189 205 206 190 
s 2
f 190 206 207 191 
f 191 207 208 192 
f 637 638 642 643 
s 1
f 667 668 672 673 
s 2
f 422 423 420 419 
s 1
f 879 880 213 197 
f 197 213 214 198 
f 198 214 215 199 
f 199 215 216 200 
f 200 216 217 201 
f 201 217 218 202 
f 202 218 219 203 
f 203 219 220 204 
f 204 220 221 205 
f 205 221 222 206 
s 2
f 206 222 223 207 
f 207 223 224 208 
f 638 639 641 642 
s 1
f 668 669 671 672 
s 2
f 425 426 423 422 
s 1
f 880 881 229 213 
f 213 229 230 214 
f 214 230 231 215 
f 215 231 232 216 
f 216 232 233 217 
f 217 233 234 218 
f 218 234 235 219 
f 219 235 236 220 
f 220 236 237 221 
f 221 237 238 222 
s 2
f 222 238 239 223 
f 223 239 240 224 
f 639 987 1009 641 
s 1
f 669 1010 1325 671 
s 2
f 988 1011 426 425 
s 1
f 881 1012 1013 229 
f 229 1013 1014 230 
f 230 1014 1015 231 
f 231 1015 1326 232 
f 232 1326 1327 233 
f 233 1327 1016 234 
f 234 1016 989 235 
f 235 989 1328 236 
f 236 1328 1017 237 
f 237 1017 1018 238 
s 2
f 238 1018 1329 239 
f 239 1329 1330 240 
f 986 16 241 926 
f 16 32 242 241 
f 32 48 243 242 
f 48 64 244 243 
f 64 80 245 244 
f 80 96 246 245 
f 96 112 247 246 
f 112 128 248 247 
f 128 144 249 248 
f 144 160 250 249 
f 160 176 251 250 
f 176 192 252 251 
f 192 208 253 252 
f 208 224 254 253 
f 224 240 255 254 
f 240 1330 929 255 
f 1019 1020 384 385 
f 923 885 267 888 
f 888 267 268 617 
f 617 268 269 616 
f 899 295 256 901 
f 915 614 918 
f 257 307 306 256 
f 258 308 307 257 
f 259 309 308 258 
f 260 310 309 259 
f 261 311 310 260 
f 262 312 311 261 
f 263 313 312 262 
f 264 314 313 263 
f 265 315 314 264 
f 266 316 315 265 
f 1384 927 316 266 
f 271 362 361 270 
f 272 363 362 271 
f 273 364 363 272 
f 274 365 364 273 
f 275 366 365 274 
f 276 367 366 275 
f 277 368 367 276 
f 278 369 368 277 
f 279 370 369 278 
f 280 371 370 279 
f 990 1407 371 280 
f 385 384 387 388 
f 388 387 390 391 
f 391 390 393 394 
f 394 393 396 397 
f 863 864 281 284 
f 864 865 282 281 
f 865 866 283 282 
f 862 863 284 285 
f 861 862 285 286 
f 860 861 286 287 
f 859 860 287 288 
f 858 859 288 289 
f 857 858 289 290 
f 856 857 290 291 
f 855 856 291 292 
f 854 855 292 293 
f 853 854 293 294 
f 1443 853 294 1444 
f 296 257 256 295 
f 297 258 257 296 
f 298 259 258 297 
f 299 260 259 298 
f 300 261 260 299 
f 301 262 261 300 
f 302 263 262 301 
f 303 264 263 302 
f 304 265 264 303 
f 305 266 265 304 
f 991 1384 266 305 
f 307 340 339 306 
f 308 341 340 307 
f 309 342 341 308 
f 310 343 342 309 
f 311 344 343 310 
f 312 345 344 311 
f 313 346 345 312 
f 314 347 346 313 
f 315 348 347 314 
f 316 349 348 315 
f 927 1021 349 316 
f 318 351 350 317 
f 319 352 351 318 
f 320 353 352 319 
f 321 354 353 320 
f 322 355 354 321 
f 323 356 355 322 
f 324 357 356 323 
f 325 358 357 324 
f 326 359 358 325 
f 327 360 359 326 
f 1022 1488 360 327 
f 329 373 372 328 
f 330 374 373 329 
f 331 375 374 330 
f 332 376 375 331 
f 333 377 376 332 
f 334 378 377 333 
f 335 379 378 334 
f 336 380 379 335 
f 337 381 380 336 
f 338 382 381 337 
f 1511 992 382 338 
f 340 329 328 339 
f 341 330 329 340 
f 342 331 330 341 
f 343 332 331 342 
f 344 333 332 343 
f 345 334 333 344 
f 346 335 334 345 
f 347 336 335 346 
f 348 337 336 347 
f 349 338 337 348 
f 1021 1511 338 349 
f 351 296 295 350 
f 352 297 296 351 
f 353 298 297 352 
f 354 299 298 353 
f 355 300 299 354 
f 356 301 300 355 
f 357 302 301 356 
f 358 303 302 357 
f 359 304 303 358 
f 360 305 304 359 
f 1488 991 305 360 
f 362 318 317 361 
f 363 319 318 362 
f 364 320 319 363 
f 365 321 320 364 
f 366 322 321 365 
f 367 323 322 366 
f 368 324 323 367 
f 369 325 324 368 
f 370 326 325 369 
f 371 327 326 370 
f 1407 1022 327 371 
f 373 285 284 372 
f 374 286 285 373 
f 375 287 286 374 
f 376 288 287 375 
f 377 289 288 376 
f 378 290 289 377 
f 379 291 290 378 
f 380 292 291 379 
f 381 293 292 380 
f 382 294 293 381 
f 992 1444 294 382 
f 400 271 270 397 
f 399 400 397 396 
f 689 690 398 395 
f 403 272 271 400 
f 402 403 400 399 
f 690 691 401 398 
f 406 273 272 403 
f 405 406 403 402 
f 691 692 404 401 
f 409 274 273 406 
f 408 409 406 405 
f 692 693 407 404 
f 412 275 274 409 
f 411 412 409 408 
f 693 694 410 407 
f 415 276 275 412 
f 414 415 412 411 
f 694 695 413 410 
f 418 277 276 415 
f 417 418 415 414 
f 695 696 416 413 
f 421 278 277 418 
f 420 421 418 417 
f 696 697 419 416 
f 424 279 278 421 
f 423 424 421 420 
f 697 698 422 419 
f 427 280 279 424 
f 426 427 424 423 
f 698 699 425 422 
f 993 990 280 427 
f 1011 993 427 426 
f 699 930 988 425 
f 994 685 383 1535 
f 1020 1535 383 384 
f 385 885 995 1019 
f 685 686 386 383 
f 384 383 386 387 
f 686 687 389 386 
f 387 386 389 390 
f 391 268 267 388 
f 687 688 392 389 
f 390 389 392 393 
f 394 269 268 391 
f 688 689 395 392 
f 393 392 395 396 
f 397 270 269 394 
s 1
f 1023 1542 822 837 
f 1024 931 777 762 
s 4
f 1547 1548 747 732 
s 2
f 932 1551 715 700 
s 1
f 837 822 823 851 
f 762 777 778 776 
s 4
f 732 747 748 746 
s 2
f 700 715 716 714 
s 1
f 851 823 824 850 
f 776 778 779 775 
s 4
f 746 748 749 745 
s 2
f 714 716 717 713 
s 1
f 850 824 825 849 
f 775 779 780 774 
s 4
f 745 749 750 744 
s 2
f 713 717 718 712 
s 1
f 849 825 826 848 
f 774 780 781 773 
s 4
f 744 750 751 743 
s 2
f 712 718 719 711 
s 1
f 848 826 827 847 
f 773 781 782 772 
s 4
f 743 751 752 742 
s 2
f 711 719 720 710 
s 1
f 847 827 828 846 
f 772 782 783 771 
s 4
f 742 752 753 741 
s 2
f 710 720 721 709 
s 1
f 846 828 829 845 
f 771 783 784 770 
s 4
f 741 753 754 740 
s 2
f 709 721 722 708 
f 1025 792 807 996 
f 792 793 821 807 
f 793 794 820 821 
f 794 795 819 820 
f 795 796 818 819 
f 796 797 817 818 
f 797 798 816 817 
f 798 799 815 816 
s 1
f 1626 465 473 928 
f 465 466 474 473 
f 466 467 475 474 
f 467 468 476 475 
f 468 469 477 476 
f 469 470 478 477 
f 470 471 479 478 
f 471 472 480 479 
s 2
f 928 473 481 1026 
f 473 474 482 481 
f 474 475 483 482 
f 475 476 484 483 
f 476 477 485 484 
f 477 478 486 485 
f 478 479 487 486 
f 479 480 488 487 
f 1027 491 432 1653 
f 893 895 936 
f 895 897 898 618 
f 898 900 611 490 
f 622 997 941 937 
f 498 948 1667 1668 
f 497 965 1671 1672 
f 491 492 437 432 
f 492 493 442 437 
f 493 507 447 442 
f 494 495 510 452 
f 495 496 511 510 
f 496 609 512 511 
f 491 965 966 492 
f 497 948 949 499 
f 498 942 943 500 
f 492 966 967 493 
f 493 967 968 507 
f 499 949 950 501 
f 500 943 944 502 
f 501 950 951 508 
f 502 944 945 509 
f 494 969 970 495 
f 503 952 953 504 
f 495 970 971 496 
f 504 953 954 506 
f 496 971 972 609 
f 506 954 955 610 
f 507 494 452 447 
f 508 503 969 968 
f 509 505 952 951 
f 891 893 936 938 
s 1
f 1718 838 836 1721 
f 1722 763 791 933 
s 4
f 1725 733 761 1728 
s 2
f 1729 701 731 1732 
s 1
f 838 839 835 836 
f 763 764 790 791 
s 4
f 733 734 760 761 
s 2
f 701 702 730 731 
s 1
f 839 840 834 835 
f 764 765 789 790 
s 4
f 734 735 759 760 
s 2
f 702 703 729 730 
s 1
f 840 841 833 834 
f 765 766 788 789 
s 4
f 735 736 758 759 
s 2
f 703 704 728 729 
s 1
f 841 842 832 833 
f 766 767 787 788 
s 4
f 736 737 757 758 
s 2
f 704 705 727 728 
s 1
f 842 843 831 832 
f 767 768 786 787 
s 4
f 737 738 756 757 
s 2
f 705 706 726 727 
s 1
f 843 844 830 831 
f 768 769 785 786 
s 4
f 738 739 755 756 
s 2
f 706 707 724 725 
s 1
f 844 845 829 830 
f 769 770 784 785 
s 4
f 739 740 754 755 
s 2
f 707 708 722 723 
f 934 998 808 806 
f 806 808 809 805 
f 805 809 810 804 
f 804 810 811 803 
f 803 811 812 802 
f 802 812 813 801 
f 801 813 814 800 
f 800 814 815 799 
s 1
f 1797 999 557 550 
f 550 557 558 551 
f 551 558 559 552 
f 552 559 560 553 
f 553 560 561 554 
f 554 561 562 555 
f 555 562 563 556 
f 556 563 480 472 
s 2
f 999 1028 564 557 
f 557 564 565 558 
f 558 565 566 559 
f 559 566 567 560 
f 560 567 568 561 
f 561 568 569 562 
f 562 569 570 563 
f 563 570 488 480 
f 575 574 914 917 
f 574 575 577 576 
f 1825 1000 517 578 
f 579 882 909 912 
f 917 573 601 575 
f 571 904 907 572 
f 580 611 900 902 
f 919 921 581 573 
f 1843 581 921 1001 
f 1844 582 581 1843 
f 1846 583 582 1844 
f 583 1846 1002 584 
f 584 1002 1029 956 
f 585 1030 1003 973 
f 578 517 522 586 
f 586 522 527 587 
f 587 527 532 588 
f 589 537 542 590 
f 591 547 548 592 
f 593 549 512 609 
f 578 586 974 973 
f 585 594 957 956 
f 584 595 596 583 
f 586 587 975 974 
f 587 588 976 975 
f 594 597 958 957 
f 595 599 577 596 
f 597 598 959 958 
f 599 600 576 577 
f 583 596 601 582 
f 582 601 573 581 
f 596 577 575 601 
f 589 590 977 978 
f 602 603 960 961 
f 907 906 909 882 
f 591 592 979 980 
f 606 607 962 963 
f 593 609 972 981 
f 608 610 955 964 
f 588 532 537 589 
f 598 976 978 602 
f 600 959 961 604 
f 576 600 604 579 
f 574 912 911 914 
f 590 542 547 591 
f 603 977 980 606 
f 605 960 963 572 
f 592 548 549 593 
f 607 979 981 608 
f 571 962 964 580 
f 580 902 904 571 
f 724 707 723 
f 726 706 725 
f 256 306 903 901 
f 899 896 350 295 
f 306 905 903 
f 616 269 270 361 
f 852 1004 1904 924 
f 328 372 613 612 
f 372 284 281 613 
f 613 281 282 614 
f 614 283 920 918 
f 612 614 915 913 
f 339 328 612 908 
f 306 339 908 905 
f 317 350 624 615 
f 615 624 894 892 
f 361 317 615 616 
f 617 890 888 
f 618 946 947 619 
f 622 942 1031 997 
f 622 937 939 621 
f 621 939 940 620 
f 619 947 945 623 
f 885 385 388 267 
f 623 620 940 938 
f 890 617 892 
f 617 616 615 892 
f 898 946 618 
f 350 896 624 
f 624 896 894 
f 612 613 614 
f 1026 481 1032 
f 481 482 1032 
f 482 483 1032 
f 483 484 1032 
f 484 485 1032 
f 485 486 1032 
f 486 487 1032 
f 487 488 1032 
f 488 570 1032 
f 570 569 1032 
f 569 568 1032 
f 568 567 1032 
f 567 566 1032 
f 566 565 1032 
f 565 564 1032 
f 564 1028 1032 
f 926 241 1940 
f 241 242 1940 
f 242 243 1940 
f 243 244 1940 
f 244 245 1940 
f 245 246 1940 
f 246 247 1940 
f 247 248 1940 
f 248 249 1940 
f 249 250 1940 
f 250 251 1940 
f 251 252 1940 
f 252 253 1940 
f 253 254 1940 
f 254 255 1940 
f 255 929 1940 
f 1925 1 625 1041 
f 1 17 626 625 
f 17 33 627 626 
f 33 49 628 627 
f 49 65 629 628 
f 65 81 630 629 
f 81 97 631 630 
f 97 113 632 631 
f 113 129 633 632 
f 129 145 634 633 
f 145 161 635 634 
f 161 177 636 635 
f 177 193 637 636 
f 193 209 638 637 
f 209 225 639 638 
f 225 1033 987 639 
f 2 1034 1005 640 
f 1035 226 641 1009 
f 226 210 642 641 
f 210 194 643 642 
f 194 178 644 643 
f 178 162 645 644 
f 162 146 646 645 
f 146 130 647 646 
f 130 114 648 647 
f 114 98 649 648 
f 98 82 650 649 
f 82 66 651 650 
f 66 50 652 651 
f 50 34 653 652 
f 34 18 654 653 
f 18 2 640 654 
s 1
f 1034 2 655 1044 
f 2 18 656 655 
f 18 34 657 656 
f 34 50 658 657 
f 50 66 659 658 
f 66 82 660 659 
f 82 98 661 660 
f 98 114 662 661 
f 114 130 663 662 
f 130 146 664 663 
f 146 162 665 664 
f 162 178 666 665 
f 178 194 667 666 
f 194 210 668 667 
f 210 226 669 668 
f 226 1035 1010 669 
f 3 1957 1006 670 
f 1958 227 671 1325 
f 227 211 672 671 
f 211 195 673 672 
f 195 179 674 673 
f 179 163 675 674 
f 163 147 676 675 
f 147 131 677 676 
f 131 115 678 677 
f 115 99 679 678 
f 99 83 680 679 
f 83 67 681 680 
f 67 51 682 681 
f 51 35 683 682 
f 35 19 684 683 
f 19 3 670 684 
s 2
f 1957 3 685 994 
f 3 19 686 685 
f 19 35 687 686 
f 35 51 688 687 
f 51 67 689 688 
f 67 83 690 689 
f 83 99 691 690 
f 99 115 692 691 
f 115 131 693 692 
f 131 147 694 693 
f 147 163 695 694 
f 163 179 696 695 
f 179 195 697 696 
f 195 211 698 697 
f 211 227 699 698 
f 227 1958 930 699 
f 431 883 932 700 
f 1974 516 701 1729 
f 516 521 702 701 
f 521 526 703 702 
f 526 531 704 703 
f 531 536 705 704 
f 536 541 706 705 
f 541 546 707 706 
f 546 464 708 707 
f 464 460 709 708 
f 460 456 710 709 
f 456 451 711 710 
f 451 446 712 711 
f 446 441 713 712 
f 441 436 714 713 
f 436 431 700 714 
f 432 437 716 715 
f 437 442 717 716 
f 442 447 718 717 
f 447 452 719 718 
f 452 510 720 719 
f 510 511 721 720 
f 511 512 722 721 
f 512 549 723 722 
f 549 548 724 723 
f 548 547 725 724 
f 547 542 726 725 
f 542 537 727 726 
f 537 532 728 727 
f 532 527 729 728 
f 527 522 730 729 
f 522 517 731 730 
f 517 1000 1732 731 
f 1653 432 715 1551 
s 4
f 430 935 1547 732 
f 1990 515 733 1725 
f 515 520 734 733 
f 520 525 735 734 
f 525 530 736 735 
f 530 535 737 736 
f 535 540 738 737 
f 540 545 739 738 
f 545 463 740 739 
f 463 459 741 740 
f 459 455 742 741 
f 455 450 743 742 
f 450 445 744 743 
f 445 440 745 744 
f 440 435 746 745 
f 435 430 732 746 
f 883 431 747 1548 
f 431 436 748 747 
f 436 441 749 748 
f 441 446 750 749 
f 446 451 751 750 
f 451 456 752 751 
f 456 460 753 752 
f 460 464 754 753 
f 464 546 755 754 
f 546 541 756 755 
f 541 536 757 756 
f 536 531 758 757 
f 531 526 759 758 
f 526 521 760 759 
f 521 516 761 760 
f 516 1974 1728 761 
s 1
f 429 2006 1024 762 
f 2007 513 763 1722 
f 513 518 764 763 
f 518 523 765 764 
f 523 528 766 765 
f 528 533 767 766 
f 533 538 768 767 
f 538 543 769 768 
f 543 462 770 769 
f 462 458 771 770 
f 458 454 772 771 
f 454 449 773 772 
f 449 444 774 773 
f 444 439 775 774 
f 439 434 776 775 
f 434 429 762 776 
f 935 430 777 931 
f 430 435 778 777 
f 435 440 779 778 
f 440 445 780 779 
f 445 450 781 780 
f 450 455 782 781 
f 455 459 783 782 
f 459 463 784 783 
f 463 545 785 784 
f 545 540 786 785 
f 540 535 787 786 
f 535 530 788 787 
f 530 525 789 788 
f 525 520 790 789 
f 520 515 791 790 
f 515 1990 933 791 
s 2
f 1036 428 792 1025 
f 428 433 793 792 
f 433 438 794 793 
f 438 443 795 794 
f 443 448 796 795 
f 448 453 797 796 
f 453 457 798 797 
f 457 461 799 798 
f 461 544 800 799 
f 544 539 801 800 
f 539 534 802 801 
f 534 529 803 802 
f 529 524 804 803 
f 524 519 805 804 
f 519 514 806 805 
f 514 1037 934 806 
f 465 1626 996 807 
f 1797 550 808 998 
f 550 551 809 808 
f 551 552 810 809 
f 552 553 811 810 
f 553 554 812 811 
f 554 555 813 812 
f 555 556 814 813 
f 556 472 815 814 
f 472 471 816 815 
f 471 470 817 816 
f 470 469 818 817 
f 469 468 819 818 
f 468 467 820 819 
f 467 466 821 820 
f 466 465 807 821 
s 1
f 2006 429 822 1542 
f 429 434 823 822 
f 434 439 824 823 
f 439 444 825 824 
f 444 449 826 825 
f 449 454 827 826 
f 454 458 828 827 
f 458 462 829 828 
f 462 543 830 829 
f 543 538 831 830 
f 538 533 832 831 
f 533 528 833 832 
f 528 523 834 833 
f 523 518 835 834 
f 518 513 836 835 
f 513 2007 1721 836 
f 428 1036 1023 837 
f 1037 514 838 1718 
f 514 519 839 838 
f 519 524 840 839 
f 524 529 841 840 
f 529 534 842 841 
f 534 539 843 842 
f 539 544 844 843 
f 544 461 845 844 
f 461 457 846 845 
f 457 453 847 846 
f 453 448 848 847 
f 448 443 849 848 
f 443 438 850 849 
f 438 433 851 850 
f 433 428 837 851 
s 2
f 4 1038 1004 852 
f 1039 228 853 1443 
f 228 212 854 853 
f 212 196 855 854 
f 196 180 856 855 
f 180 164 857 856 
f 164 148 858 857 
f 148 132 859 858 
f 132 116 860 859 
f 116 100 861 860 
f 100 84 862 861 
f 84 68 863 862 
f 68 52 864 863 
f 52 36 865 864 
f 36 20 866 865 
f 20 4 852 866 
s 1
f 1038 4 867 1007 
f 4 20 868 867 
f 20 36 869 868 
f 36 52 870 869 
f 52 68 871 870 
f 68 84 872 871 
f 84 100 873 872 
f 100 116 874 873 
f 116 132 875 874 
f 132 148 876 875 
f 148 164 877 876 
f 164 180 878 877 
f 180 196 879 878 
f 196 212 880 879 
f 212 228 881 880 
f 228 1039 1012 881 
s 2
f 612 910 908 
f 612 913 910 
f 574 576 579 912 
f 922 920 283 924 
f 282 283 614 
f 917 916 919 573 
f 579 604 605 882 
f 882 605 572 907 
f 885 923 886 884 
f 923 888 887 886 
f 899 901 900 897 
f 915 918 916 914 
f 995 885 884 1040 
f 901 903 902 900 
f 896 899 897 895 
f 903 905 904 902 
f 922 1904 1001 921 
f 918 920 919 916 
f 913 915 914 911 
f 905 908 906 904 
f 892 894 893 891 
f 888 890 889 887 
f 890 892 891 889 
f 894 896 895 893 
f 908 910 909 906 
f 910 913 911 909 
f 920 922 921 919 
f 1904 922 924 
f 283 866 852 924 
f 898 897 900 
f 904 906 907 
f 909 911 912 
f 914 916 917 
f 941 1040 884 937 
f 936 619 623 938 
f 937 884 886 939 
f 939 887 889 940 
f 940 889 891 938 
f 939 886 887 
f 895 618 619 936 
f 942 622 621 943 
f 943 621 620 944 
f 944 620 623 945 
f 946 489 505 947 
f 942 498 1668 1031 
f 947 505 509 945 
f 898 490 489 946 
f 948 497 1672 1667 
f 948 498 500 949 
f 949 500 502 950 
f 950 502 509 951 
f 952 505 489 953 
f 953 489 490 954 
f 954 490 611 955 
f 952 503 508 951 
f 1029 1030 585 956 
f 957 595 584 956 
f 958 599 595 957 
f 959 600 599 958 
f 960 605 604 961 
f 962 571 572 963 
f 955 611 580 964 
f 959 598 602 961 
f 960 603 606 963 
f 962 607 608 964 
f 965 491 1027 1671 
f 965 497 499 966 
f 966 499 501 967 
f 967 501 508 968 
f 969 503 504 970 
f 970 504 506 971 
f 971 506 610 972 
f 969 494 507 968 
f 1003 1825 578 973 
f 974 594 585 973 
f 975 597 594 974 
f 976 598 597 975 
f 977 603 602 978 
f 979 607 606 980 
f 972 610 608 981 
f 976 588 589 978 
f 977 590 591 980 
f 979 592 593 981 
f 1041 1005 1043 1042 
s 1
f 1044 1006 1046 1045 
f 1007 1008 1048 1047 
f 1008 1050 1049 1048 
f 1050 1052 1051 1049 
f 1052 982 1053 1051 
f 982 983 1054 1053 
f 983 984 1055 1054 
f 984 985 1056 1055 
f 985 925 1057 1056 
f 925 1059 1058 1057 
f 1059 1061 1060 1058 
s 2
f 1061 1063 1062 1060 
f 1063 986 1064 1062 
f 1042 1043 1066 1065 
s 1
f 1045 1046 1068 1067 
f 1047 1048 1070 1069 
f 1048 1049 1071 1070 
f 1049 1051 1072 1071 
f 1051 1053 1073 1072 
f 1053 1054 1074 1073 
f 1054 1055 1075 1074 
f 1055 1056 1076 1075 
f 1056 1057 1077 1076 
f 1057 1058 1078 1077 
f 1058 1060 1079 1078 
s 2
f 1060 1062 1080 1079 
f 1062 1064 1081 1080 
f 1065 1066 1083 1082 
s 1
f 1067 1068 1085 1084 
f 1069 1070 1087 1086 
f 1070 1071 1088 1087 
f 1071 1072 1089 1088 
f 1072 1073 1090 1089 
f 1073 1074 1091 1090 
f 1074 1075 1092 1091 
f 1075 1076 1093 1092 
f 1076 1077 1094 1093 
f 1077 1078 1095 1094 
f 1078 1079 1096 1095 
s 2
f 1079 1080 1097 1096 
f 1080 1081 1098 1097 
f 1082 1083 1100 1099 
s 1
f 1084 1085 1102 1101 
f 1086 1087 1104 1103 
f 1087 1088 1105 1104 
f 1088 1089 1106 1105 
f 1089 1090 1107 1106 
f 1090 1091 1108 1107 
f 1091 1092 1109 1108 
f 1092 1093 1110 1109 
f 1093 1094 1111 1110 
f 1094 1095 1112 1111 
f 1095 1096 1113 1112 
s 2
f 1096 1097 1114 1113 
f 1097 1098 1115 1114 
f 1099 1100 1117 1116 
s 1
f 1101 1102 1119 1118 
f 1103 1104 1121 1120 
f 1104 1105 1122 1121 
f 1105 1106 1123 1122 
f 1106 1107 1124 1123 
f 1107 1108 1125 1124 
f 1108 1109 1126 1125 
f 1109 1110 1127 1126 
f 1110 1111 1128 1127 
f 1111 1112 1129 1128 
f 1112 1113 1130 1129 
s 2
f 1113 1114 1131 1130 
f 1114 1115 1132 1131 
f 1116 1117 1134 1133 
s 1
f 1118 1119 1136 1135 
s 2
f 1137 1140 1139 1138 
s 1
f 1120 1121 1142 1141 
f 1121 1122 1143 1142 
f 1122 1123 1144 1143 
f 1123 1124 1145 1144 
f 1124 1125 1146 1145 
f 1125 1126 1147 1146 
f 1126 1127 1148 1147 
f 1127 1128 1149 1148 
f 1128 1129 1150 1149 
f 1129 1130 1151 1150 
s 2
f 1130 1131 1152 1151 
f 1131 1132 1153 1152 
f 1133 1134 1155 1154 
s 1
f 1135 1136 1157 1156 
s 2
f 1158 1137 1138 1159 
s 1
f 1141 1142 1161 1160 
f 1142 1143 1162 1161 
f 1143 1144 1163 1162 
f 1144 1145 1164 1163 
f 1145 1146 1165 1164 
f 1146 1147 1166 1165 
f 1147 1148 1167 1166 
f 1148 1149 1168 1167 
f 1149 1150 1169 1168 
f 1150 1151 1170 1169 
s 2
f 1151 1152 1171 1170 
f 1152 1153 1172 1171 
f 1154 1155 1174 1173 
s 1
f 1156 1157 1176 1175 
s 2
f 1177 1158 1159 1178 
s 1
f 1160 1161 1180 1179 
f 1161 1162 1181 1180 
f 1162 1163 1182 1181 
f 1163 1164 1183 1182 
f 1164 1165 1184 1183 
f 1165 1166 1185 1184 
f 1166 1167 1186 1185 
f 1167 1168 1187 1186 
f 1168 1169 1188 1187 
f 1169 1170 1189 1188 
s 2
f 1170 1171 1190 1189 
f 1171 1172 1191 1190 
f 1173 1174 1193 1192 
s 1
f 1175 1176 1195 1194 
s 2
f 1196 1177 1178 1197 
s 1
f 1179 1180 1199 1198 
f 1180 1181 1200 1199 
f 1181 1182 1201 1200 
f 1182 1183 1202 1201 
f 1183 1184 1203 1202 
f 1184 1185 1204 1203 
f 1185 1186 1205 1204 
f 1186 1187 1206 1205 
f 1187 1188 1207 1206 
f 1188 1189 1208 1207 
s 2
f 1189 1190 1209 1208 
f 1190 1191 1210 1209 
f 1192 1193 1212 1211 
s 1
f 1194 1195 1214 1213 
s 2
f 1215 1196 1197 1216 
s 1
f 1198 1199 1218 1217 
f 1199 1200 1219 1218 
f 1200 1201 1220 1219 
f 1201 1202 1221 1220 
f 1202 1203 1222 1221 
f 1203 1204 1223 1222 
f 1204 1205 1224 1223 
f 1205 1206 1225 1224 
f 1206 1207 1226 1225 
f 1207 1208 1227 1226 
s 2
f 1208 1209 1228 1227 
f 1209 1210 1229 1228 
f 1211 1212 1231 1230 
s 1
f 1213 1214 1233 1232 
s 2
f 1234 1215 1216 1235 
s 1
f 1217 1218 1237 1236 
f 1218 1219 1238 1237 
f 1219 1220 1239 1238 
f 1220 1221 1240 1239 
f 1221 1222 1241 1240 
f 1222 1223 1242 1241 
f 1223 1224 1243 1242 
f 1224 1225 1244 1243 
f 1225 1226 1245 1244 
f 1226 1227 1246 1245 
s 2
f 1227 1228 1247 1246 
f 1228 1229 1248 1247 
f 1230 1231 1250 1249 
s 1
f 1232 1233 1252 1251 
s 2
f 1253 1234 1235 1254 
s 1
f 1236 1237 1256 1255 
f 1237 1238 1257 1256 
f 1238 1239 1258 1257 
f 1239 1240 1259 1258 
f 1240 1241 1260 1259 
f 1241 1242 1261 1260 
f 1242 1243 1262 1261 
f 1243 1244 1263 1262 
f 1244 1245 1264 1263 
f 1245 1246 1265 1264 
s 2
f 1246 1247 1266 1265 
f 1247 1248 1267 1266 
f 1249 1250 1269 1268 
s 1
f 1251 1252 1271 1270 
s 2
f 1272 1253 1254 1273 
s 1
f 1255 1256 1275 1274 
f 1256 1257 1276 1275 
f 1257 1258 1277 1276 
f 1258 1259 1278 1277 
f 1259 1260 1279 1278 
f 1260 1261 1280 1279 
f 1261 1262 1281 1280 
f 1262 1263 1282 1281 
f 1263 1264 1283 1282 
f 1264 1265 1284 1283 
s 2
f 1265 1266 1285 1284 
f 1266 1267 1286 1285 
f 1268 1269 1288 1287 
s 1
f 1270 1271 1290 1289 
s 2
f 1291 1272 1273 1292 
s 1
f 1274 1275 1294 1293 
f 1275 1276 1295 1294 
f 1276 1277 1296 1295 
f 1277 1278 1297 1296 
f 1278 1279 1298 1297 
f 1279 1280 1299 1298 
f 1280 1281 1300 1299 
f 1281 1282 1301 1300 
f 1282 1283 1302 1301 
f 1283 1284 1303 1302 
s 2
f 1284 1285 1304 1303 
f 1285 1286 1305 1304 
f 1287 1288 1307 1306 
s 1
f 1289 1290 1309 1308 
s 2
f 1310 1291 1292 1311 
s 1
f 1293 1294 1313 1312 
f 1294 1295 1314 1313 
f 1295 1296 1315 1314 
f 1296 1297 1316 1315 
f 1297 1298 1317 1316 
f 1298 1299 1318 1317 
f 1299 1300 1319 1318 
f 1300 1301 1320 1319 
f 1301 1302 1321 1320 
f 1302 1303 1322 1321 
s 2
f 1303 1304 1323 1322 
f 1304 1305 1324 1323 
f 1306 1307 1009 987 
s 1
f 1308 1309 1325 1010 
s 2
f 988 1310 1311 1011 
s 1
f 1312 1313 1013 1012 
f 1313 1314 1014 1013 
f 1314 1315 1015 1014 
f 1315 1316 1326 1015 
f 1316 1317 1327 1326 
f 1317 1318 1016 1327 
f 1318 1319 989 1016 
f 1319 1320 1328 989 
f 1320 1321 1017 1328 
f 1321 1322 1018 1017 
s 2
f 1322 1323 1329 1018 
f 1323 1324 1330 1329 
f 986 926 1331 1064 
f 1064 1331 1332 1081 
f 1081 1332 1333 1098 
f 1098 1333 1334 1115 
f 1115 1334 1335 1132 
f 1132 1335 1336 1153 
f 1153 1336 1337 1172 
f 1172 1337 1338 1191 
f 1191 1338 1339 1210 
f 1210 1339 1340 1229 
f 1229 1340 1341 1248 
f 1248 1341 1342 1267 
f 1267 1342 1343 1286 
f 1286 1343 1344 1305 
f 1305 1344 1345 1324 
f 1324 1345 929 1330 
f 1019 1347 1346 1020 
f 1348 1350 1349 
f 1351 1353 1352 1350 
f 1353 1355 1354 1352 
f 1356 1359 1358 1357 
f 1360 1362 1361 
f 1363 1358 1365 1364 
f 1366 1363 1364 1367 
f 1368 1366 1367 1369 
f 1370 1368 1369 1371 
f 1372 1370 1371 1373 
f 1374 1372 1373 1375 
f 1376 1374 1375 1377 
f 1378 1376 1377 1379 
f 1380 1378 1379 1381 
f 1382 1380 1381 1383 
f 1384 1382 1383 927 
f 1385 1388 1387 1386 
f 1389 1385 1386 1390 
f 1391 1389 1390 1392 
f 1393 1391 1392 1394 
f 1395 1393 1394 1396 
f 1397 1395 1396 1398 
f 1399 1397 1398 1400 
f 1401 1399 1400 1402 
f 1403 1401 1402 1404 
f 1405 1403 1404 1406 
f 990 1405 1406 1407 
f 1347 1409 1408 1346 
f 1409 1411 1410 1408 
f 1411 1413 1412 1410 
f 1413 1414 1139 1412 
f 1415 1418 1417 1416 
f 1416 1417 1420 1419 
f 1419 1420 1422 1421 
f 1423 1424 1418 1415 
f 1425 1426 1424 1423 
f 1427 1428 1426 1425 
f 1429 1430 1428 1427 
f 1431 1432 1430 1429 
f 1433 1434 1432 1431 
f 1435 1436 1434 1433 
f 1437 1438 1436 1435 
f 1439 1440 1438 1437 
f 1441 1442 1440 1439 
f 1443 1444 1442 1441 
f 1445 1357 1358 1363 
f 1446 1445 1363 1366 
f 1447 1446 1366 1368 
f 1448 1447 1368 1370 
f 1449 1448 1370 1372 
f 1450 1449 1372 1374 
f 1451 1450 1374 1376 
f 1452 1451 1376 1378 
f 1453 1452 1378 1380 
f 1454 1453 1380 1382 
f 991 1454 1382 1384 
f 1364 1365 1456 1455 
f 1367 1364 1455 1457 
f 1369 1367 1457 1458 
f 1371 1369 1458 1459 
f 1373 1371 1459 1460 
f 1375 1373 1460 1461 
f 1377 1375 1461 1462 
f 1379 1377 1462 1463 
f 1381 1379 1463 1464 
f 1383 1381 1464 1465 
f 927 1383 1465 1021 
f 1466 1469 1468 1467 
f 1470 1466 1467 1471 
f 1472 1470 1471 1473 
f 1474 1472 1473 1475 
f 1476 1474 1475 1477 
f 1478 1476 1477 1479 
f 1480 1478 1479 1481 
f 1482 1480 1481 1483 
f 1484 1482 1483 1485 
f 1486 1484 1485 1487 
f 1022 1486 1487 1488 
f 1489 1492 1491 1490 
f 1493 1489 1490 1494 
f 1495 1493 1494 1496 
f 1497 1495 1496 1498 
f 1499 1497 1498 1500 
f 1501 1499 1500 1502 
f 1503 1501 1502 1504 
f 1505 1503 1504 1506 
f 1507 1505 1506 1508 
f 1509 1507 1508 1510 
f 1511 1509 1510 992 
f 1455 1456 1492 1489 
f 1457 1455 1489 1493 
f 1458 1457 1493 1495 
f 1459 1458 1495 1497 
f 1460 1459 1497 1499 
f 1461 1460 1499 1501 
f 1462 1461 1501 1503 
f 1463 1462 1503 1505 
f 1464 1463 1505 1507 
f 1465 1464 1507 1509 
f 1021 1465 1509 1511 
f 1467 1468 1357 1445 
f 1471 1467 1445 1446 
f 1473 1471 1446 1447 
f 1475 1473 1447 1448 
f 1477 1475 1448 1449 
f 1479 1477 1449 1450 
f 1481 1479 1450 1451 
f 1483 1481 1451 1452 
f 1485 1483 1452 1453 
f 1487 1485 1453 1454 
f 1488 1487 1454 991 
f 1386 1387 1469 1466 
f 1390 1386 1466 1470 
f 1392 1390 1470 1472 
f 1394 1392 1472 1474 
f 1396 1394 1474 1476 
f 1398 1396 1476 1478 
f 1400 1398 1478 1480 
f 1402 1400 1480 1482 
f 1404 1402 1482 1484 
f 1406 1404 1484 1486 
f 1407 1406 1486 1022 
f 1490 1491 1418 1424 
f 1494 1490 1424 1426 
f 1496 1494 1426 1428 
f 1498 1496 1428 1430 
f 1500 1498 1430 1432 
f 1502 1500 1432 1434 
f 1504 1502 1434 1436 
f 1506 1504 1436 1438 
f 1508 1506 1438 1440 
f 1510 1508 1440 1442 
f 992 1510 1442 1444 
f 1512 1414 1388 1385 
f 1138 1139 1414 1512 
f 1513 1140 1137 1514 
f 1515 1512 1385 1389 
f 1159 1138 1512 1515 
f 1514 1137 1158 1516 
f 1517 1515 1389 1391 
f 1178 1159 1515 1517 
f 1516 1158 1177 1518 
f 1519 1517 1391 1393 
f 1197 1178 1517 1519 
f 1518 1177 1196 1520 
f 1521 1519 1393 1395 
f 1216 1197 1519 1521 
f 1520 1196 1215 1522 
f 1523 1521 1395 1397 
f 1235 1216 1521 1523 
f 1522 1215 1234 1524 
f 1525 1523 1397 1399 
f 1254 1235 1523 1525 
f 1524 1234 1253 1526 
f 1527 1525 1399 1401 
f 1273 1254 1525 1527 
f 1526 1253 1272 1528 
f 1529 1527 1401 1403 
f 1292 1273 1527 1529 
f 1528 1272 1291 1530 
f 1531 1529 1403 1405 
f 1311 1292 1529 1531 
f 1530 1291 1310 1532 
f 993 1531 1405 990 
f 1011 1311 1531 993 
f 1532 1310 988 930 
f 994 1535 1534 1533 
f 1020 1346 1534 1535 
f 1347 1019 995 1349 
f 1533 1534 1537 1536 
f 1346 1408 1537 1534 
f 1536 1537 1539 1538 
f 1408 1410 1539 1537 
f 1411 1409 1350 1352 
f 1538 1539 1541 1540 
f 1410 1412 1541 1539 
f 1413 1411 1352 1354 
f 1540 1541 1140 1513 
f 1412 1139 1140 1541 
f 1414 1413 1354 1388 
s 1
f 1023 1544 1543 1542 
f 1024 1546 1545 931 
s 4
f 1547 1550 1549 1548 
s 2
f 932 1553 1552 1551 
s 1
f 1544 1555 1554 1543 
f 1546 1557 1556 1545 
s 4
f 1550 1559 1558 1549 
s 2
f 1553 1561 1560 1552 
s 1
f 1555 1563 1562 1554 
f 1557 1565 1564 1556 
s 4
f 1559 1567 1566 1558 
s 2
f 1561 1569 1568 1560 
s 1
f 1563 1571 1570 1562 
f 1565 1573 1572 1564 
s 4
f 1567 1575 1574 1566 
s 2
f 1569 1577 1576 1568 
s 1
f 1571 1579 1578 1570 
f 1573 1581 1580 1572 
s 4
f 1575 1583 1582 1574 
s 2
f 1577 1585 1584 1576 
s 1
f 1579 1587 1586 1578 
f 1581 1589 1588 1580 
s 4
f 1583 1591 1590 1582 
s 2
f 1585 1593 1592 1584 
s 1
f 1587 1595 1594 1586 
f 1589 1597 1596 1588 
s 4
f 1591 1599 1598 1590 
s 2
f 1593 1601 1600 1592 
s 1
f 1595 1603 1602 1594 
f 1597 1605 1604 1596 
s 4
f 1599 1607 1606 1598 
s 2
f 1601 1609 1608 1600 
f 1025 996 1611 1610 
f 1610 1611 1613 1612 
f 1612 1613 1615 1614 
f 1614 1615 1617 1616 
f 1616 1617 1619 1618 
f 1618 1619 1621 1620 
f 1620 1621 1623 1622 
f 1622 1623 1625 1624 
s 1
f 1626 928 1628 1627 
f 1627 1628 1630 1629 
f 1629 1630 1632 1631 
f 1631 1632 1634 1633 
f 1633 1634 1636 1635 
f 1635 1636 1638 1637 
f 1637 1638 1640 1639 
f 1639 1640 1642 1641 
s 2
f 928 1026 1643 1628 
f 1628 1643 1644 1630 
f 1630 1644 1645 1632 
f 1632 1645 1646 1634 
f 1634 1646 1647 1636 
f 1636 1647 1648 1638 
f 1638 1648 1649 1640 
f 1640 1649 1650 1642 
f 1027 1653 1652 1651 
f 1654 1656 1655 
f 1655 1659 1658 1657 
f 1658 1662 1661 1660 
f 1663 1664 941 997 
f 1665 1668 1667 1666 
f 1669 1672 1671 1670 
f 1651 1652 1674 1673 
f 1673 1674 1676 1675 
f 1675 1676 1678 1677 
f 1679 1682 1681 1680 
f 1680 1681 1684 1683 
f 1683 1684 1686 1685 
f 1651 1673 1687 1670 
f 1669 1689 1688 1666 
f 1665 1692 1691 1690 
f 1673 1675 1693 1687 
f 1675 1677 1694 1693 
f 1689 1696 1695 1688 
f 1692 1698 1697 1691 
f 1696 1700 1699 1695 
f 1698 1702 1701 1697 
f 1679 1680 1704 1703 
f 1705 1708 1707 1706 
f 1680 1683 1709 1704 
f 1708 1711 1710 1707 
f 1683 1685 1712 1709 
f 1711 1714 1713 1710 
f 1677 1678 1682 1679 
f 1700 1694 1703 1705 
f 1702 1699 1706 1715 
f 1716 1717 1656 1654 
s 1
f 1718 1721 1720 1719 
f 1722 933 1724 1723 
s 4
f 1725 1728 1727 1726 
s 2
f 1729 1732 1731 1730 
s 1
f 1719 1720 1734 1733 
f 1723 1724 1736 1735 
s 4
f 1726 1727 1738 1737 
s 2
f 1730 1731 1740 1739 
s 1
f 1733 1734 1742 1741 
f 1735 1736 1744 1743 
s 4
f 1737 1738 1746 1745 
s 2
f 1739 1740 1748 1747 
s 1
f 1741 1742 1750 1749 
f 1743 1744 1752 1751 
s 4
f 1745 1746 1754 1753 
s 2
f 1747 1748 1756 1755 
s 1
f 1749 1750 1758 1757 
f 1751 1752 1760 1759 
s 4
f 1753 1754 1762 1761 
s 2
f 1755 1756 1764 1763 
s 1
f 1757 1758 1766 1765 
f 1759 1760 1768 1767 
s 4
f 1761 1762 1770 1769 
s 2
f 1763 1764 1772 1771 
s 1
f 1765 1766 1774 1773 
f 1767 1768 1776 1775 
s 4
f 1769 1770 1778 1777 
s 2
f 1771 1781 1780 1779 
s 1
f 1773 1774 1602 1603 
f 1775 1776 1604 1605 
s 4
f 1777 1778 1606 1607 
s 2
f 1779 1782 1608 1609 
f 934 1784 1783 998 
f 1784 1786 1785 1783 
f 1786 1788 1787 1785 
f 1788 1790 1789 1787 
f 1790 1792 1791 1789 
f 1792 1794 1793 1791 
f 1794 1796 1795 1793 
f 1796 1624 1625 1795 
s 1
f 1797 1799 1798 999 
f 1799 1801 1800 1798 
f 1801 1803 1802 1800 
f 1803 1805 1804 1802 
f 1805 1807 1806 1804 
f 1807 1809 1808 1806 
f 1809 1811 1810 1808 
f 1811 1641 1642 1810 
s 2
f 999 1798 1812 1028 
f 1798 1800 1813 1812 
f 1800 1802 1814 1813 
f 1802 1804 1815 1814 
f 1804 1806 1816 1815 
f 1806 1808 1817 1816 
f 1808 1810 1818 1817 
f 1810 1642 1650 1818 
f 1819 1822 1821 1820 
f 1820 1824 1823 1819 
f 1825 1827 1826 1000 
f 1828 1831 1830 1829 
f 1822 1819 1833 1832 
f 1834 1837 1836 1835 
f 1838 1839 1660 1661 
f 1840 1832 1842 1841 
f 1843 1001 1841 1842 
f 1844 1843 1842 1845 
f 1846 1844 1845 1847 
f 1847 1848 1002 1846 
f 1848 1849 1029 1002 
f 1850 1851 1003 1030 
f 1827 1853 1852 1826 
f 1853 1855 1854 1852 
f 1855 1857 1856 1854 
f 1858 1861 1860 1859 
f 1862 1865 1864 1863 
f 1866 1685 1686 1867 
f 1827 1851 1868 1853 
f 1850 1849 1870 1869 
f 1848 1847 1872 1871 
f 1853 1868 1873 1855 
f 1855 1873 1874 1857 
f 1869 1870 1876 1875 
f 1871 1872 1823 1877 
f 1875 1876 1879 1878 
f 1877 1823 1824 1880 
f 1847 1845 1833 1872 
f 1845 1842 1832 1833 
f 1872 1833 1819 1823 
f 1858 1882 1881 1861 
f 1883 1886 1885 1884 
f 1836 1829 1830 1887 
f 1862 1889 1888 1865 
f 1890 1893 1892 1891 
f 1866 1894 1712 1685 
f 1895 1896 1713 1714 
f 1857 1858 1859 1856 
f 1878 1883 1882 1874 
f 1880 1897 1886 1879 
f 1824 1828 1897 1880 
f 1820 1821 1898 1831 
f 1861 1862 1863 1860 
f 1884 1890 1889 1881 
f 1899 1837 1893 1885 
f 1865 1866 1867 1864 
f 1891 1895 1894 1888 
f 1834 1838 1896 1892 
f 1838 1834 1835 1839 
f 1780 1782 1779 
f 1772 1781 1771 
f 1358 1359 1900 1365 
f 1356 1357 1468 1901 
f 1365 1900 1902 
f 1355 1387 1388 1354 
f 1903 1905 1904 1004 
f 1492 1907 1906 1491 
f 1491 1906 1417 1418 
f 1906 1361 1420 1417 
f 1361 1362 1908 1422 
f 1907 1909 1360 1361 
f 1456 1910 1907 1492 
f 1365 1902 1910 1456 
f 1469 1912 1911 1468 
f 1912 1914 1913 1911 
f 1387 1355 1912 1469 
f 1353 1351 1915 
f 1659 1918 1917 1916 
f 1663 997 1031 1690 
f 1663 1920 1919 1664 
f 1920 1922 1921 1919 
f 1918 1923 1701 1917 
f 1349 1350 1409 1347 
f 1923 1717 1921 1922 
f 1915 1914 1353 
f 1353 1914 1912 1355 
f 1658 1659 1916 
f 1468 1911 1901 
f 1911 1913 1901 
f 1907 1361 1906 
f 1026 1032 1643 
f 1643 1032 1644 
f 1644 1032 1645 
f 1645 1032 1646 
f 1646 1032 1647 
f 1647 1032 1648 
f 1648 1032 1649 
f 1649 1032 1650 
f 1650 1032 1818 
f 1818 1032 1817 
f 1817 1032 1816 
f 1816 1032 1815 
f 1815 1032 1814 
f 1814 1032 1813 
f 1813 1032 1812 
f 1812 1032 1028 
f 926 1940 1331 
f 1331 1940 1332 
f 1332 1940 1333 
f 1333 1940 1334 
f 1334 1940 1335 
f 1335 1940 1336 
f 1336 1940 1337 
f 1337 1940 1338 
f 1338 1940 1339 
f 1339 1940 1340 
f 1340 1940 1341 
f 1341 1940 1342 
f 1342 1940 1343 
f 1343 1940 1344 
f 1344 1940 1345 
f 1345 1940 929 
f 1925 1041 1042 1924 
f 1924 1042 1065 1939 
f 1939 1065 1082 1938 
f 1938 1082 1099 1937 
f 1937 1099 1116 1936 
f 1936 1116 1133 1935 
f 1935 1133 1154 1934 
f 1934 1154 1173 1933 
f 1933 1173 1192 1932 
f 1932 1192 1211 1931 
f 1931 1211 1230 1930 
f 1930 1230 1249 1929 
f 1929 1249 1268 1928 
f 1928 1268 1287 1927 
f 1927 1287 1306 1926 
f 1926 1306 987 1033 
f 1941 1043 1005 1034 
f 1035 1009 1307 1942 
f 1942 1307 1288 1943 
f 1943 1288 1269 1944 
f 1944 1269 1250 1945 
f 1945 1250 1231 1946 
f 1946 1231 1212 1947 
f 1947 1212 1193 1948 
f 1948 1193 1174 1949 
f 1949 1174 1155 1950 
f 1950 1155 1134 1951 
f 1951 1134 1117 1952 
f 1952 1117 1100 1953 
f 1953 1100 1083 1954 
f 1954 1083 1066 1955 
f 1955 1066 1043 1941 
s 1
f 1034 1044 1045 1941 
f 1941 1045 1067 1955 
f 1955 1067 1084 1954 
f 1954 1084 1101 1953 
f 1953 1101 1118 1952 
f 1952 1118 1135 1951 
f 1951 1135 1156 1950 
f 1950 1156 1175 1949 
f 1949 1175 1194 1948 
f 1948 1194 1213 1947 
f 1947 1213 1232 1946 
f 1946 1232 1251 1945 
f 1945 1251 1270 1944 
f 1944 1270 1289 1943 
f 1943 1289 1308 1942 
f 1942 1308 1010 1035 
f 1956 1046 1006 1957 
f 1958 1325 1309 1959 
f 1959 1309 1290 1960 
f 1960 1290 1271 1961 
f 1961 1271 1252 1962 
f 1962 1252 1233 1963 
f 1963 1233 1214 1964 
f 1964 1214 1195 1965 
f 1965 1195 1176 1966 
f 1966 1176 1157 1967 
f 1967 1157 1136 1968 
f 1968 1136 1119 1969 
f 1969 1119 1102 1970 
f 1970 1102 1085 1971 
f 1971 1085 1068 1972 
f 1972 1068 1046 1956 
s 2
f 1957 994 1533 1956 
f 1956 1533 1536 1972 
f 1972 1536 1538 1971 
f 1971 1538 1540 1970 
f 1970 1540 1513 1969 
f 1969 1513 1514 1968 
f 1968 1514 1516 1967 
f 1967 1516 1518 1966 
f 1966 1518 1520 1965 
f 1965 1520 1522 1964 
f 1964 1522 1524 1963 
f 1963 1524 1526 1962 
f 1962 1526 1528 1961 
f 1961 1528 1530 1960 
f 1960 1530 1532 1959 
f 1959 1532 930 1958 
f 1973 1553 932 883 
f 1974 1729 1730 1975 
f 1975 1730 1739 1976 
f 1976 1739 1747 1977 
f 1977 1747 1755 1978 
f 1978 1755 1763 1979 
f 1979 1763 1771 1980 
f 1980 1771 1779 1981 
f 1981 1779 1609 1982 
f 1982 1609 1601 1983 
f 1983 1601 1593 1984 
f 1984 1593 1585 1985 
f 1985 1585 1577 1986 
f 1986 1577 1569 1987 
f 1987 1569 1561 1988 
f 1988 1561 1553 1973 
f 1652 1552 1560 1674 
f 1674 1560 1568 1676 
f 1676 1568 1576 1678 
f 1678 1576 1584 1682 
f 1682 1584 1592 1681 
f 1681 1592 1600 1684 
f 1684 1600 1608 1686 
f 1686 1608 1782 1867 
f 1867 1782 1780 1864 
f 1864 1780 1781 1863 
f 1863 1781 1772 1860 
f 1860 1772 1764 1859 
f 1859 1764 1756 1856 
f 1856 1756 1748 1854 
f 1854 1748 1740 1852 
f 1852 1740 1731 1826 
f 1826 1731 1732 1000 
f 1653 1551 1552 1652 
s 4
f 1989 1550 1547 935 
f 1990 1725 1726 1991 
f 1991 1726 1737 1992 
f 1992 1737 1745 1993 
f 1993 1745 1753 1994 
f 1994 1753 1761 1995 
f 1995 1761 1769 1996 
f 1996 1769 1777 1997 
f 1997 1777 1607 1998 
f 1998 1607 1599 1999 
f 1999 1599 1591 2000 
f 2000 1591 1583 2001 
f 2001 1583 1575 2002 
f 2002 1575 1567 2003 
f 2003 1567 1559 2004 
f 2004 1559 1550 1989 
f 883 1548 1549 1973 
f 1973 1549 1558 1988 
f 1988 1558 1566 1987 
f 1987 1566 1574 1986 
f 1986 1574 1582 1985 
f 1985 1582 1590 1984 
f 1984 1590 1598 1983 
f 1983 1598 1606 1982 
f 1982 1606 1778 1981 
f 1981 1778 1770 1980 
f 1980 1770 1762 1979 
f 1979 1762 1754 1978 
f 1978 1754 1746 1977 
f 1977 1746 1738 1976 
f 1976 1738 1727 1975 
f 1975 1727 1728 1974 
s 1
f 2005 1546 1024 2006 
f 2007 1722 1723 2008 
f 2008 1723 1735 2009 
f 2009 1735 1743 2010 
f 2010 1743 1751 2011 
f 2011 1751 1759 2012 
f 2012 1759 1767 2013 
f 2013 1767 1775 2014 
f 2014 1775 1605 2015 
f 2015 1605 1597 2016 
f 2016 1597 1589 2017 
f 2017 1589 1581 2018 
f 2018 1581 1573 2019 
f 2019 1573 1565 2020 
f 2020 1565 1557 2021 
f 2021 1557 1546 2005 
f 935 931 1545 1989 
f 1989 1545 1556 2004 
f 2004 1556 1564 2003 
f 2003 1564 1572 2002 
f 2002 1572 1580 2001 
f 2001 1580 1588 2000 
f 2000 1588 1596 1999 
f 1999 1596 1604 1998 
f 1998 1604 1776 1997 
f 1997 1776 1768 1996 
f 1996 1768 1760 1995 
f 1995 1760 1752 1994 
f 1994 1752 1744 1993 
f 1993 1744 1736 1992 
f 1992 1736 1724 1991 
f 1991 1724 933 1990 
s 2
f 1036 1025 1610 2022 
f 2022 1610 1612 2023 
f 2023 1612 1614 2024 
f 2024 1614 1616 2025 
f 2025 1616 1618 2026 
f 2026 1618 1620 2027 
f 2027 1620 1622 2028 
f 2028 1622 1624 2029 
f 2029 1624 1796 2030 
f 2030 1796 1794 2031 
f 2031 1794 1792 2032 
f 2032 1792 1790 2033 
f 2033 1790 1788 2034 
f 2034 1788 1786 2035 
f 2035 1786 1784 2036 
f 2036 1784 934 1037 
f 1627 1611 996 1626 
f 1797 998 1783 1799 
f 1799 1783 1785 1801 
f 1801 1785 1787 1803 
f 1803 1787 1789 1805 
f 1805 1789 1791 1807 
f 1807 1791 1793 1809 
f 1809 1793 1795 1811 
f 1811 1795 1625 1641 
f 1641 1625 1623 1639 
f 1639 1623 1621 1637 
f 1637 1621 1619 1635 
f 1635 1619 1617 1633 
f 1633 1617 1615 1631 
f 1631 1615 1613 1629 
f 1629 1613 1611 1627 
s 1
f 2006 1542 1543 2005 
f 2005 1543 1554 2021 
f 2021 1554 1562 2020 
f 2020 1562 1570 2019 
f 2019 1570 1578 2018 
f 2018 1578 1586 2017 
f 2017 1586 1594 2016 
f 2016 1594 1602 2015 
f 2015 1602 1774 2014 
f 2014 1774 1766 2013 
f 2013 1766 1758 2012 
f 2012 1758 1750 2011 
f 2011 1750 1742 2010 
f 2010 1742 1734 2009 
f 2009 1734 1720 2008 
f 2008 1720 1721 2007 
f 2022 1544 1023 1036 
f 1037 1718 1719 2036 
f 2036 1719 1733 2035 
f 2035 1733 1741 2034 
f 2034 1741 1749 2033 
f 2033 1749 1757 2032 
f 2032 1757 1765 2031 
f 2031 1765 1773 2030 
f 2030 1773 1603 2029 
f 2029 1603 1595 2028 
f 2028 1595 1587 2027 
f 2027 1587 1579 2026 
f 2026 1579 1571 2025 
f 2025 1571 1563 2024 
f 2024 1563 1555 2023 
f 2023 1555 1544 2022 
s 2
f 2037 1903 1004 1038 
f 1039 1443 1441 2038 
f 2038 1441 1439 2039 
f 2039 1439 1437 2040 
f 2040 1437 1435 2041 
f 2041 1435 1433 2042 
f 2042 1433 1431 2043 
f 2043 1431 1429 2044 
f 2044 1429 1427 2045 
f 2045 1427 1425 2046 
f 2046 1425 1423 2047 
f 2047 1423 1415 2048 
f 2048 1415 1416 2049 
f 2049 1416 1419 2050 
f 2050 1419 1421 2051 
f 2051 1421 1903 2037 
s 1
f 1038 1007 1047 2037 
f 2037 1047 1069 2051 
f 2051 1069 1086 2050 
f 2050 1086 1103 2049 
f 2049 1103 1120 2048 
f 2048 1120 1141 2047 
f 2047 1141 1160 2046 
f 2046 1160 1179 2045 
f 2045 1179 1198 2044 
f 2044 1198 1217 2043 
f 2043 1217 1236 2042 
f 2042 1236 1255 2041 
f 2041 1255 1274 2040 
f 2040 1274 1293 2039 
f 2039 1293 1312 2038 
f 2038 1312 1012 1039 
s 2
f 1907 1910 2052 
f 1907 2052 1909 
f 1820 1831 1828 1824 
f 2053 1905 1422 1908 
f 1420 1361 1422 
f 1822 1832 1840 2054 
f 1828 1829 1899 1897 
f 1829 1836 1837 1899 
f 1349 2056 2055 1348 
f 1348 2055 2057 1351 
f 1356 1657 1660 1359 
f 1360 1821 2054 1362 
f 995 1040 2056 1349 
f 1359 1660 1839 1900 
f 1901 1655 1657 1356 
f 1900 1839 1835 1902 
f 2053 1841 1001 1904 
f 1362 2054 1840 1908 
f 1909 1898 1821 1360 
f 1902 1835 1887 1910 
f 1914 1716 1654 1913 
f 1351 2057 2058 1915 
f 1915 2058 1716 1914 
f 1913 1654 1655 1901 
f 1910 1887 1830 2052 
f 2052 1830 1898 1909 
f 1908 1840 1841 2053 
f 1904 1905 2053 
f 1422 1905 1903 1421 
f 1658 1660 1657 
f 1835 1836 1887 
f 1830 1831 1898 
f 1821 1822 2054 
f 941 1664 2056 1040 
f 1656 1717 1923 1918 
f 1664 1919 2055 2056 
f 1919 1921 2058 2057 
f 1921 1717 1716 2058 
f 1919 2057 2055 
f 1655 1656 1918 1659 
f 1690 1691 1920 1663 
f 1691 1697 1922 1920 
f 1697 1701 1923 1922 
f 1916 1917 1715 2059 
f 1690 1031 1668 1665 
f 1917 1701 1702 1715 
f 1658 1916 2059 1662 
f 1666 1667 1672 1669 
f 1666 1688 1692 1665 
f 1688 1695 1698 1692 
f 1695 1699 1702 1698 
f 1706 1707 2059 1715 
f 1707 1710 1662 2059 
f 1710 1713 1661 1662 
f 1706 1699 1700 1705 
f 1029 1849 1850 1030 
f 1870 1849 1848 1871 
f 1876 1870 1871 1877 
f 1879 1876 1877 1880 
f 1885 1886 1897 1899 
f 1892 1893 1837 1834 
f 1713 1896 1838 1661 
f 1879 1886 1883 1878 
f 1885 1893 1890 1884 
f 1892 1896 1895 1891 
f 1670 1671 1027 1651 
f 1670 1687 1689 1669 
f 1687 1693 1696 1689 
f 1693 1694 1700 1696 
f 1703 1704 1708 1705 
f 1704 1709 1711 1708 
f 1709 1712 1714 1711 
f 1703 1694 1677 1679 
f 1003 1851 1827 1825 
f 1868 1851 1850 1869 
f 1873 1868 1869 1875 
f 1874 1873 1875 1878 
f 1881 1882 1883 1884 
f 1888 1889 1890 1891 
f 1712 1894 1895 1714 
f 1874 1882 1858 1857 
f 1881 1889 1862 1861 
f 1888 1894 1866 1865 
s 1
f 2060 2061 2067 2066 
f 2061 2062 2068 2067 
f 2062 2063 2069 2068 
f 2063 2064 2070 2069 
f 2319 2350 2351 2318 
f 2066 2067 2073 2072 
f 2067 2068 2074 2073 
f 2068 2069 2075 2074 
f 2069 2070 2076 2075 
f 2318 2351 2352 2349 
f 2072 2073 2079 2078 
f 2073 2074 2080 2079 
f 2074 2075 2081 2080 
f 2075 2076 2082 2081 
f 2349 2352 2353 2348 
f 2078 2079 2085 2084 
f 2079 2080 2086 2085 
f 2080 2081 2087 2086 
f 2081 2082 2088 2087 
f 2348 2353 2354 2347 
f 2084 2085 2091 2090 
f 2085 2086 2092 2091 
f 2086 2087 2093 2092 
f 2087 2088 2094 2093 
f 2347 2354 2355 2346 
f 2090 2091 2097 2096 
f 2091 2092 2098 2097 
f 2092 2093 2099 2098 
f 2093 2094 2100 2099 
f 2346 2355 2356 2345 
f 2096 2097 2103 2102 
f 2097 2098 2104 2103 
f 2098 2099 2105 2104 
f 2099 2100 2106 2105 
f 2345 2356 2357 2344 
f 2102 2103 2109 2108 
f 2103 2104 2110 2109 
f 2104 2105 2111 2110 
f 2105 2106 2112 2111 
f 2344 2357 2358 2343 
f 2108 2109 2115 2114 
f 2109 2110 2116 2115 
f 2110 2111 2117 2116 
f 2111 2112 2118 2117 
f 2343 2358 2359 2342 
f 2114 2115 2121 2120 
f 2115 2116 2122 2121 
f 2116 2117 2123 2122 
f 2117 2118 2124 2123 
f 2342 2359 2360 2341 
f 2120 2121 2127 2126 
f 2121 2122 2128 2127 
f 2122 2123 2129 2128 
f 2123 2124 2130 2129 
f 2341 2360 2361 2340 
f 2126 2127 2133 2132 
f 2127 2128 2134 2133 
f 2128 2129 2135 2134 
f 2129 2130 2136 2135 
f 2340 2361 2362 2339 
f 2132 2133 2139 2138 
f 2133 2134 2140 2139 
f 2134 2135 2141 2140 
f 2135 2136 2142 2141 
f 2339 2362 2363 2338 
f 2138 2139 2145 2144 
f 2139 2140 2146 2145 
f 2140 2141 2147 2146 
f 2141 2142 2148 2147 
f 2338 2363 2364 2337 
f 2144 2145 2151 2150 
f 2145 2146 2152 2151 
f 2146 2147 2153 2152 
f 2147 2148 2154 2153 
f 2337 2364 2365 2336 
f 2150 2151 2157 2156 
f 2151 2152 2158 2157 
f 2152 2153 2159 2158 
f 2153 2154 2160 2159 
f 2336 2365 2366 2335 
f 2156 2157 2163 2162 
f 2157 2158 2164 2163 
f 2158 2159 2165 2164 
f 2159 2160 2166 2165 
f 2335 2366 2367 2334 
f 2162 2163 2169 2168 
f 2163 2164 2170 2169 
f 2164 2165 2171 2170 
f 2165 2166 2172 2171 
f 2334 2367 2368 2333 
f 2168 2169 2175 2174 
f 2169 2170 2176 2175 
f 2170 2171 2177 2176 
f 2171 2172 2178 2177 
f 2333 2368 2369 2332 
f 2174 2175 2181 2180 
f 2175 2176 2182 2181 
f 2176 2177 2183 2182 
f 2177 2178 2184 2183 
f 2332 2369 2370 2331 
f 2180 2181 2187 2186 
f 2181 2182 2188 2187 
f 2182 2183 2189 2188 
f 2183 2184 2190 2189 
f 2331 2370 2371 2330 
f 2186 2187 2193 2192 
f 2187 2188 2194 2193 
f 2188 2189 2195 2194 
f 2189 2190 2196 2195 
f 2330 2371 2372 2329 
f 2192 2193 2199 2198 
f 2193 2194 2200 2199 
f 2194 2195 2201 2200 
f 2195 2196 2202 2201 
f 2329 2372 2373 2328 
f 2198 2199 2205 2204 
f 2199 2200 2206 2205 
f 2200 2201 2207 2206 
f 2201 2202 2208 2207 
f 2328 2373 2374 2327 
f 2204 2205 2211 2210 
f 2205 2206 2212 2211 
f 2206 2207 2213 2212 
f 2207 2208 2214 2213 
f 2327 2374 2375 2326 
f 2210 2211 2217 2216 
f 2211 2212 2218 2217 
f 2212 2213 2219 2218 
f 2213 2214 2220 2219 
f 2326 2375 2376 2325 
f 2216 2217 2223 2222 
f 2217 2218 2224 2223 
f 2218 2219 2225 2224 
f 2219 2220 2226 2225 
f 2325 2376 2377 2324 
f 2222 2223 2229 2228 
f 2223 2224 2230 2229 
f 2224 2225 2231 2230 
f 2225 2226 2232 2231 
f 2324 2377 2378 2323 
f 2228 2229 2235 2234 
f 2229 2230 2236 2235 
f 2230 2231 2237 2236 
f 2231 2232 2238 2237 
f 2323 2378 2379 2322 
f 2234 2235 2241 2240 
f 2235 2236 2242 2241 
f 2236 2237 2243 2242 
f 2237 2238 2244 2243 
f 2322 2379 2380 2321 
f 2240 2241 2247 2246 
f 2241 2242 2248 2247 
f 2242 2243 2249 2248 
f 2243 2244 2250 2249 
f 2321 2380 2381 2320 
f 2246 2247 2061 2060 
f 2247 2248 2062 2061 
f 2248 2249 2063 2062 
f 2249 2250 2064 2063 
f 2320 2381 2350 2319 
f 2060 2066 2253 2252 
f 2066 2072 2254 2253 
f 2072 2078 2255 2254 
f 2078 2084 2256 2255 
f 2084 2090 2257 2256 
f 2090 2096 2258 2257 
f 2096 2102 2259 2258 
f 2102 2108 2260 2259 
f 2108 2114 2261 2260 
f 2114 2120 2262 2261 
f 2120 2126 2263 2262 
f 2126 2132 2264 2263 
f 2132 2138 2265 2264 
f 2138 2144 2266 2265 
f 2144 2150 2267 2266 
f 2150 2156 2268 2267 
f 2156 2162 2269 2268 
f 2162 2168 2270 2269 
f 2168 2174 2271 2270 
f 2174 2180 2272 2271 
f 2180 2186 2273 2272 
f 2186 2192 2274 2273 
f 2192 2198 2275 2274 
f 2198 2204 2276 2275 
f 2204 2210 2277 2276 
f 2210 2216 2278 2277 
f 2216 2222 2279 2278 
f 2222 2228 2280 2279 
f 2228 2234 2281 2280 
f 2234 2240 2282 2281 
f 2240 2246 2283 2282 
f 2246 2060 2252 2283 
f 2252 2253 2284 
f 2253 2254 2284 
f 2254 2255 2284 
f 2255 2256 2284 
f 2256 2257 2284 
f 2257 2258 2284 
f 2258 2259 2284 
f 2259 2260 2284 
f 2260 2261 2284 
f 2261 2262 2284 
f 2262 2263 2284 
f 2263 2264 2284 
f 2264 2265 2284 
f 2265 2266 2284 
f 2266 2267 2284 
f 2267 2268 2284 
f 2268 2269 2284 
f 2269 2270 2284 
f 2270 2271 2284 
f 2271 2272 2284 
f 2272 2273 2284 
f 2273 2274 2284 
f 2274 2275 2284 
f 2275 2276 2284 
f 2276 2277 2284 
f 2277 2278 2284 
f 2278 2279 2284 
f 2279 2280 2284 
f 2280 2281 2284 
f 2281 2282 2284 
f 2282 2283 2284 
f 2283 2252 2284 
s 2
f 2071 2065 2286 2285 
f 2065 2251 2287 2286 
f 2251 2245 2288 2287 
f 2245 2239 2289 2288 
f 2239 2233 2290 2289 
f 2233 2227 2291 2290 
f 2227 2221 2292 2291 
f 2221 2215 2293 2292 
f 2215 2209 2294 2293 
f 2209 2203 2295 2294 
f 2203 2197 2296 2295 
f 2197 2191 2297 2296 
f 2191 2185 2298 2297 
f 2185 2179 2299 2298 
f 2179 2173 2300 2299 
f 2173 2167 2301 2300 
f 2167 2161 2302 2301 
f 2161 2155 2303 2302 
f 2155 2149 2304 2303 
f 2149 2143 2305 2304 
f 2143 2137 2306 2305 
f 2137 2131 2307 2306 
f 2131 2125 2308 2307 
f 2125 2119 2309 2308 
f 2119 2113 2310 2309 
f 2113 2107 2311 2310 
f 2107 2101 2312 2311 
f 2101 2095 2313 2312 
f 2095 2089 2314 2313 
f 2089 2083 2315 2314 
f 2083 2077 2316 2315 
f 2077 2071 2285 2316 
f 2285 2286 2317 
f 2286 2287 2317 
f 2287 2288 2317 
f 2288 2289 2317 
f 2289 2290 2317 
f 2290 2291 2317 
f 2291 2292 2317 
f 2292 2293 2317 
f 2293 2294 2317 
f 2294 2295 2317 
f 2295 2296 2317 
f 2296 2297 2317 
f 2297 2298 2317 
f 2298 2299 2317 
f 2299 2300 2317 
f 2300 2301 2317 
f 2301 2302 2317 
f 2302 2303 2317 
f 2303 2304 2317 
f 2304 2305 2317 
f 2305 2306 2317 
f 2306 2307 2317 
f 2307 2308 2317 
f 2308 2309 2317 
f 2309 2310 2317 
f 2310 2311 2317 
f 2311 2312 2317 
f 2312 2313 2317 
f 2313 2314 2317 
f 2314 2315 2317 
f 2315 2316 2317 
f 2316 2285 2317 
s 1
f 2070 2064 2319 2318 
f 2064 2250 2320 2319 
f 2250 2244 2321 2320 
f 2244 2238 2322 2321 
f 2238 2232 2323 2322 
f 2232 2226 2324 2323 
f 2226 2220 2325 2324 
f 2220 2214 2326 2325 
f 2214 2208 2327 2326 
f 2208 2202 2328 2327 
f 2202 2196 2329 2328 
f 2196 2190 2330 2329 
f 2190 2184 2331 2330 
f 2184 2178 2332 2331 
f 2178 2172 2333 2332 
f 2172 2166 2334 2333 
f 2166 2160 2335 2334 
f 2160 2154 2336 2335 
f 2154 2148 2337 2336 
f 2148 2142 2338 2337 
f 2142 2136 2339 2338 
f 2136 2130 2340 2339 
f 2130 2124 2341 2340 
f 2124 2118 2342 2341 
f 2118 2112 2343 2342 
f 2112 2106 2344 2343 
f 2106 2100 2345 2344 
f 2100 2094 2346 2345 
f 2094 2088 2347 2346 
f 2088 2082 2348 2347 
f 2082 2076 2349 2348 
f 2076 2070 2318 2349 
f 2065 2071 2351 2350 
f 2071 2077 2352 2351 
f 2077 2083 2353 2352 
f 2083 2089 2354 2353 
f 2089 2095 2355 2354 
f 2095 2101 2356 2355 
f 2101 2107 2357 2356 
f 2107 2113 2358 2357 
f 2113 2119 2359 2358 
f 2119 2125 2360 2359 
f 2125 2131 2361 2360 
f 2131 2137 2362 2361 
f 2137 2143 2363 2362 
f 2143 2149 2364 2363 
f 2149 2155 2365 2364 
f 2155 2161 2366 2365 
f 2161 2167 2367 2366 
f 2167 2173 2368 2367 
f 2173 2179 2369 2368 
f 2179 2185 2370 2369 
f 2185 2191 2371 2370 
f 2191 2197 2372 2371 
f 2197 2203 2373 2372 
f 2203 2209 2374 2373 
f 2209 2215 2375 2374 
f 2215 2221 2376 2375 
f 2221 2227 2377 2376 
f 2227 2233 2378 2377 
f 2233 2239 2379 2378 
f 2239 2245 2380 2379 
f 2245 2251 2381 2380 
f 2251 2065 2350 2381 
f 3605 3661 2798 2513 
f 2513 2798 2813 2652 
f 2409 2799 3415 3404 
f 2410 2800 2651 
f 2385 2801 2802 2411 
f 2411 2802 2803 2823 
f 2823 2803 2804 2814 
f 2389 3314 2391 
f 2391 2825 2826 2393 
f 2393 2826 2827 2395 
f 2395 2827 2828 2397 
f 2397 2828 2829 2399 
f 2399 2829 2830 2401 
f 2401 2830 2831 2403 
f 2831 2675 2893 2892 
f 3263 3222 3266 3267 
f 3263 3267 3269 3262 
f 2409 2417 2652 
f 3606 2519 3584 3604 
f 3662 2515 2519 3606 
f 3607 2516 2515 3662 
f 3448 2517 2516 3607 
f 3663 2518 2517 3448 
f 2410 2418 3405 3404 
f 2412 2420 3340 3363 
f 2389 2413 3290 3314 
f 2417 3405 3406 2421 
f 2421 3406 3408 2422 
f 2422 3408 3407 2415 
f 2418 3366 3367 2423 
f 2425 2423 3367 3368 
f 2443 2446 3410 3407 
f 2419 3418 3419 2424 
f 2427 2424 3419 3420 
f 2425 3368 3369 2443 
f 2426 2420 3319 3320 
f 2426 3320 3321 2428 
f 2427 3420 3421 2430 
f 2429 2428 3321 3322 
f 2433 2430 3421 3422 
f 2434 2429 3322 3323 
f 2433 3422 3603 3579 
f 3222 3223 3268 3266 
f 2416 2413 3270 3269 
f 2413 2389 3463 3270 
f 2438 3581 3597 3271 
f 2446 3583 3602 3410 
f 2433 3579 3601 3371 
f 2443 3369 3371 2446 
f 2434 3323 3599 3580 
f 3664 2514 3558 3608 
f 2436 3423 3577 3554 
f 2445 3370 3575 3557 
f 3224 3570 3571 3271 
f 2414 3409 3576 3552 
f 2435 3324 3573 3553 
f 3609 2520 3510 3665 
f 2449 3424 3548 3503 
f 2452 3372 3544 3502 
f 3226 3535 3536 3272 
f 2448 3325 3540 3499 
f 3237 3238 3287 3274 
f 2495 2692 3284 3274 
f 2488 2700 3285 3275 
f 3241 3277 3288 3240 
f 2463 3297 3311 2459 
f 2464 3348 3347 2500 
f 2465 3374 3373 2460 
f 2462 3396 3397 2677 
f 2472 3390 3403 2738 
f 2473 3375 3389 2739 
f 2474 3417 3440 2740 
f 2475 3316 3339 2741 
f 3241 3242 3289 3277 
f 2466 3374 3383 2678 
f 2467 3391 3400 2711 
f 2477 3376 3386 2707 
f 2468 3392 3399 2702 
f 2478 3377 3385 2697 
f 2465 3426 3434 2679 
f 2464 3326 3333 2680 
f 2482 3427 3437 2712 
f 2479 3428 3436 2698 
f 2483 3327 3336 2708 
f 2484 3328 3335 2699 
f 3229 3230 3283 3278 
f 3231 3232 3286 3279 
f 2469 3393 3398 2688 
f 2480 3378 3384 2689 
f 2470 3394 3401 2718 
f 2489 3379 3387 2719 
f 2471 3395 3402 2728 
f 2491 3380 3388 2729 
f 2481 3429 3435 2690 
f 2485 3329 3334 2691 
f 2490 3430 3438 2720 
f 2492 3317 3337 2721 
f 2493 3431 3439 2730 
f 2494 3330 3338 2731 
f 2463 2459 3273 3278 
f 2447 3411 3546 3498 
f 2453 3120 3466 
f 2468 2702 3648 3636 
f 2470 2718 3650 3637 
f 2472 2738 3651 3638 
f 2471 2728 3652 3639 
f 2469 2688 3653 3640 
f 2467 2711 3649 3641 
f 2512 3477 3655 3642 
f 2501 3472 3494 3354 
f 2502 3473 3495 3381 
f 3227 3490 3491 3281 
f 2503 3474 3492 3302 
f 2505 3476 3496 3413 
f 2506 3504 3656 3643 
f 2507 3505 3542 3355 
f 2508 3506 3545 3382 
f 3225 3534 3537 3282 
f 2511 3509 3547 3414 
f 2509 3507 3538 3303 
f 2518 3663 3605 2513 
f 2519 3633 3659 3584 
f 2515 3644 3633 2519 
f 2516 3645 3644 2515 
f 2517 3646 3645 2516 
f 2518 3647 3646 2517 
f 2514 3632 3658 3558 
f 2520 3634 3657 3510 
f 2520 3609 3550 3511 
f 2453 3466 3666 3478 
f 2462 3412 3396 
f 2439 2407 2572 2574 
f 2407 2408 2573 2572 
f 2408 2440 2575 2573 
f 2440 2441 2576 2575 
f 2441 2618 2589 2576 
f 3667 2737 2745 3610 
f 2458 2727 2735 2583 
f 2457 2717 2725 2582 
f 2455 2687 2695 2580 
f 2456 2703 2705 2581 
f 2497 2713 2715 2584 
f 2498 2682 2685 2585 
f 2499 2454 2579 2586 
f 2454 3475 3481 2579 
f 2504 3501 3516 2587 
f 2451 3508 3517 2578 
f 2510 3556 3561 2588 
f 2442 3582 3587 2577 
f 2544 2623 2626 2596 
f 2543 2764 2779 2597 
f 2542 2632 2635 2598 
f 2541 2765 2784 2599 
f 2540 2642 2645 2600 
f 3668 2767 2788 3669 
f 2549 2601 2603 2551 
f 2550 2602 2601 2549 
f 2552 2604 2602 2550 
f 2553 2605 2604 2552 
f 2566 2595 2605 2553 
f 2560 2612 2746 2744 
f 2559 2611 2736 2734 
f 2557 2609 2726 2724 
f 2558 2610 2696 2694 
f 2561 2613 2706 2704 
f 2562 2614 2716 2714 
f 2563 2615 2686 2684 
f 2556 2608 2615 2563 
f 2564 2616 3482 3480 
f 2555 2607 3518 3514 
f 2565 2617 3519 3515 
f 2554 2606 3562 3560 
f 2551 2603 3588 3586 
f 2566 2589 2761 2760 
f 2567 2590 2629 2628 
f 2568 2591 2770 2768 
f 2569 2592 2638 2637 
f 2570 2593 2771 2769 
f 2571 2594 2648 2647 
f 2572 2549 2551 2574 
f 2573 2550 2549 2572 
f 2575 2552 2550 2573 
f 2576 2553 2552 2575 
f 2589 2566 2553 2576 
f 2583 2560 2744 2745 
f 2582 2559 2734 2735 
f 2580 2557 2724 2725 
f 2581 2558 2694 2695 
f 2584 2561 2704 2705 
f 2585 2562 2714 2715 
f 2586 2563 2684 2685 
f 2579 2556 2563 2586 
f 2587 2564 3480 3481 
f 2578 2555 3514 3516 
f 2588 2565 3515 3517 
f 2577 2554 3560 3561 
f 2574 2551 3586 3587 
f 2589 2618 2759 2761 
f 2590 2546 2631 2629 
f 2591 2619 2775 2770 
f 2592 2547 2640 2638 
f 2593 2548 2766 2771 
f 2595 2566 2760 2762 
f 2596 2567 2628 2630 
f 2597 2568 2768 2772 
f 2598 2569 2637 2639 
f 2599 2570 2769 2773 
f 2600 2571 2647 2649 
f 2601 2524 2523 2603 
f 2602 2525 2524 2601 
f 2604 2526 2525 2602 
f 2605 2527 2526 2604 
f 2595 2545 2527 2605 
f 2612 2528 2743 2746 
f 2611 2529 2733 2736 
f 2609 2530 2723 2726 
f 2610 2531 2693 2696 
f 2613 2532 2701 2706 
f 2614 2533 2710 2716 
f 2615 2534 2683 2686 
f 2608 2535 2534 2615 
f 2616 2536 3479 3482 
f 2607 2537 3512 3518 
f 2617 2538 3513 3519 
f 2606 2539 3559 3562 
f 2603 2523 3585 3588 
f 2395 2397 3460 3455 
f 2399 2401 3456 3461 
f 2401 2403 3459 3456 
f 2405 3670 3671 3457 
f 2623 2763 2762 2626 
f 2625 2590 2567 2624 
f 2622 2546 2590 2625 
f 2624 2567 2596 2626 
f 2627 2544 2596 2630 
f 2629 2778 2777 2628 
f 2631 2774 2778 2629 
f 2628 2777 2779 2630 
f 2632 2780 2772 2635 
f 2634 2592 2569 2633 
f 2676 2547 2592 2634 
f 2633 2569 2598 2635 
f 2636 2542 2598 2639 
f 2638 2783 2782 2637 
f 2640 2781 2783 2638 
f 2637 2782 2784 2639 
f 2642 2785 2773 2645 
f 2644 2594 2571 2643 
f 2641 2621 2594 2644 
f 2643 2571 2600 2645 
f 2620 2648 2594 2621 
f 2646 2540 2600 2649 
f 2648 2787 2786 2647 
f 2647 2786 2788 2649 
f 2620 2776 2787 2648 
f 2385 2419 3366 3365 
f 2385 2411 2419 
f 2420 2412 2650 
f 2418 2410 2651 
f 2417 3647 2513 2652 
f 3672 2974 2653 3673 
f 2974 2975 2654 2653 
f 2975 2976 2655 2654 
f 2976 2977 2656 2655 
f 2977 2978 2657 2656 
f 2978 2979 2658 2657 
f 2979 2980 2659 2658 
f 2980 2981 2660 2659 
f 2981 2982 2661 2660 
f 2982 2983 2662 2661 
f 2983 2984 2663 2662 
f 2984 2985 2664 2663 
f 2985 2986 2665 2664 
f 2986 2987 2666 2665 
f 2987 2988 2667 2666 
f 2988 3449 3674 2667 
f 2653 2654 2799 2813 
f 2391 2393 3462 3458 
f 2668 2814 2815 2669 
f 2669 2815 2816 2670 
f 2670 2816 2817 2671 
f 2671 2817 2818 2672 
f 2672 2818 2819 2673 
f 2673 2819 2820 2674 
f 2674 2833 2675 
f 2821 2811 2897 2898 
f 2847 3675 3676 
f 2668 3318 2650 
f 2403 2891 3464 3459 
f 3251 3252 3460 3461 
f 3250 3251 3461 
f 2678 2477 3391 3397 
f 2679 2482 3376 3383 
f 2680 2483 3349 3356 
f 2681 2486 3298 3304 
f 3230 3231 3279 3283 
f 2682 2499 2586 2685 
f 2686 2614 2562 2684 
f 2684 2562 2585 2685 
f 2683 2533 2614 2686 
f 2692 2488 3275 3284 
f 2689 2489 3394 3398 
f 2690 2490 3379 3384 
f 2691 2492 3352 3357 
f 2692 2495 3313 3305 
f 2687 2456 2581 2695 
f 2696 2609 2557 2694 
f 2694 2557 2580 2695 
f 2693 2530 2609 2696 
f 2700 2487 3280 3285 
f 2697 2480 3393 3399 
f 2698 2481 3378 3385 
f 2699 2485 3351 3358 
f 2700 2488 3300 3306 
f 2703 2497 2584 2705 
f 2706 2610 2558 2704 
f 2704 2558 2581 2705 
f 2701 2531 2610 2706 
f 2707 2478 3392 3400 
f 2712 2479 3377 3386 
f 2708 2484 3350 3359 
f 2709 2487 3299 3307 
f 3232 3233 3280 3286 
f 2713 2498 2585 2715 
f 2716 2613 2561 2714 
f 2714 2561 2584 2715 
f 2710 2532 2613 2716 
f 3238 3239 3276 3287 
f 2719 2491 3395 3401 
f 2720 2493 3380 3387 
f 2721 2494 3353 3360 
f 2722 2496 3301 3308 
f 2717 2455 2580 2725 
f 2726 2611 2559 2724 
f 2724 2559 2582 2725 
f 2723 2529 2611 2726 
f 2732 2496 3276 3288 
f 2729 2473 3390 3402 
f 2730 2474 3375 3388 
f 2731 2475 3364 3361 
f 2732 2476 3312 3309 
f 2727 2457 2582 2735 
f 2736 2612 2560 2734 
f 2734 2560 2583 2735 
f 2733 2528 2612 2736 
f 2739 3677 3611 3403 
f 2740 3678 3467 3389 
f 2741 3679 3441 3362 
f 2742 3680 3681 3310 
f 3242 3682 3683 3289 
f 2737 2458 2583 2745 
f 2746 3684 3450 2744 
f 2744 3450 3610 2745 
f 2743 3468 3684 2746 
f 2702 2469 3640 3648 
f 2711 2468 3636 3649 
f 2718 2471 3639 3650 
f 2738 3612 3660 3651 
f 2728 2472 3638 3652 
f 2688 2470 3637 3653 
f 2753 3466 2747 
f 2755 3466 2748 
f 2756 3466 2749 
f 2757 3466 2750 
f 2758 3466 2751 
f 2754 3466 2752 
f 2751 3466 2753 
f 2747 3466 2754 
f 2750 3466 2755 
f 3442 3466 2756 
f 2749 3466 2757 
f 2748 3466 2758 
f 2453 3635 3654 3120 
f 2761 2625 2624 2760 
f 2759 2622 2625 2761 
f 2760 2624 2626 2762 
f 2763 2545 2595 2762 
f 2764 2627 2630 2779 
f 2765 2636 2639 2784 
f 2767 2646 2649 2788 
f 2770 2634 2633 2768 
f 2771 2644 2643 2769 
f 2775 2676 2634 2770 
f 2766 2641 2644 2771 
f 2768 2633 2635 2772 
f 2769 2643 2645 2773 
f 2778 2591 2568 2777 
f 2774 2619 2591 2778 
f 2777 2568 2597 2779 
f 2780 2543 2597 2772 
f 2783 2593 2570 2782 
f 2781 2548 2593 2783 
f 2782 2570 2599 2784 
f 2785 2541 2599 2773 
f 2787 3469 3613 2786 
f 2786 3613 3669 2788 
f 2776 3685 3469 2787 
f 2393 2395 3455 3462 
f 2389 2391 3458 3463 
f 2856 2832 2855 
f 3661 3673 2653 2798 
f 2798 2653 2813 
f 2799 2654 3415 
f 2800 2655 2656 2801 
f 2801 2656 2657 2802 
f 2802 2657 2658 2803 
f 2803 2658 2659 2804 
f 2799 2409 2652 2813 
f 2804 2659 2660 2805 
f 2805 2660 2661 2806 
f 2806 2661 2662 2807 
f 2807 2662 2663 2808 
f 2808 2663 2664 2809 
f 2809 2664 2665 2810 
f 2810 2665 2666 2811 
f 2811 2666 2667 2812 
f 2812 2667 3674 3675 
f 2847 2848 2812 3675 
f 2848 2849 2822 2812 
f 2814 2804 2805 2815 
f 2815 2805 2806 2816 
f 2816 2806 2807 2817 
f 2817 2807 2808 2818 
f 2818 2808 2809 2819 
f 2819 2809 2810 2820 
f 2820 2810 2811 2821 
f 2849 2850 2822 
f 2822 2850 2895 2898 
f 2857 3443 3670 
f 2814 2412 2823 
f 2823 3197 3416 2411 
f 2814 2668 2650 2412 
f 2824 2668 2669 2825 
f 2825 2669 2670 2826 
f 2826 2670 2671 2827 
f 2827 2671 2672 2828 
f 2828 2672 2673 2829 
f 2829 2673 2674 2830 
f 2830 2674 2675 2831 
f 2856 2405 2832 
f 2832 2891 2892 
f 2832 2854 2855 
f 2856 2857 3670 2405 
f 2852 2853 2896 2894 
f 2851 2852 2894 2895 
f 2674 2820 2821 2833 
s 2
f 2869 3686 3687 2859 
f 2879 2869 2859 2860 
f 2878 2879 2860 2861 
f 2877 2878 2861 2862 
f 2876 2877 2862 2863 
f 2875 2876 2863 2864 
f 2874 2875 2864 2865 
f 2873 2874 2865 2866 
f 2872 2873 2866 2867 
f 2871 2872 2867 2868 
f 3688 2870 2858 3689 
f 2870 2871 2868 2858 
s 1
f 3614 3690 2880 
f 3614 2890 3691 
f 3614 2889 2890 
f 3614 2888 2889 
f 3614 2887 2888 
f 3614 2886 2887 
f 3614 2885 2886 
f 3614 2884 2885 
f 3614 2883 2884 
f 3614 2882 2883 
f 3614 2881 2882 
f 3614 2880 2881 
f 3264 2789 2847 3676 
f 2789 2790 2848 2847 
f 2790 2791 2849 2848 
f 2791 2835 2850 2849 
f 2835 2792 2851 2850 
f 2792 2793 2852 2851 
f 2793 2794 2853 2852 
f 2794 2834 2854 2853 
f 2834 2795 2855 2854 
f 2795 2796 2856 2855 
f 2796 2797 2857 2856 
f 2797 3692 3443 2857 
s 2
f 2789 3264 3689 2858 
f 3692 2797 2859 3687 
f 2797 2796 2860 2859 
f 2796 2795 2861 2860 
f 2795 2834 2862 2861 
f 2834 2794 2863 2862 
f 2794 2793 2864 2863 
f 2793 2792 2865 2864 
f 2792 2835 2866 2865 
f 2835 2791 2867 2866 
f 2791 2790 2868 2867 
f 2790 2789 2858 2868 
f 2836 3615 3686 2869 
f 3693 2846 2870 3688 
f 2846 2845 2871 2870 
f 2845 2844 2872 2871 
f 2844 2843 2873 2872 
f 2843 2842 2874 2873 
f 2842 2841 2875 2874 
f 2841 2840 2876 2875 
f 2840 2839 2877 2876 
f 2839 2838 2878 2877 
f 2838 2837 2879 2878 
f 2837 2836 2869 2879 
s 1
f 3615 2836 2880 3690 
f 2836 2837 2881 2880 
f 2837 2838 2882 2881 
f 2838 2839 2883 2882 
f 2839 2840 2884 2883 
f 2840 2841 2885 2884 
f 2841 2842 2886 2885 
f 2842 2843 2887 2886 
f 2843 2844 2888 2887 
f 2844 2845 2889 2888 
f 2845 2846 2890 2889 
f 2846 3693 3691 2890 
f 2893 2854 2832 2892 
f 2891 2403 2831 2892 
f 2896 2853 2854 2893 
f 2896 2675 2833 2894 
f 2894 2833 2895 
f 2891 2405 3457 3464 
f 2811 2812 2897 
f 2897 2812 2822 2898 
f 2895 2821 2898 
f 2833 2821 2895 
f 2675 2896 2893 
s 2
f 2989 3451 3694 3004 
f 3695 2990 3018 3616 
f 2990 2991 3017 3018 
f 2991 2992 3016 3017 
f 2992 2993 3015 3016 
f 2993 2994 3014 3015 
f 2994 2995 3013 3014 
f 2995 2996 3012 3013 
f 2996 2997 3011 3012 
f 2997 2998 3010 3011 
f 2998 2999 3009 3010 
f 2999 3000 3008 3009 
f 3000 3001 3007 3008 
f 3001 3002 3006 3007 
f 3002 3003 3005 3006 
f 3003 2989 3004 3005 
s 1
f 2944 3696 3444 2959 
f 3445 2945 2973 3617 
f 2945 2946 2972 2973 
f 2946 2947 2971 2972 
f 2947 2948 2970 2971 
f 2948 2949 2969 2970 
f 2949 2950 2968 2969 
f 2950 2951 2967 2968 
f 2951 2952 2966 2967 
f 2952 2953 2965 2966 
f 2953 2954 2964 2965 
f 2954 2955 2963 2964 
f 2955 2956 2962 2963 
f 2956 2957 2961 2962 
f 2957 2958 2960 2961 
f 2958 2944 2959 2960 
s 2
f 2914 3618 3697 2929 
f 3698 2915 2930 3452 
f 2915 2916 2931 2930 
f 2916 2917 2932 2931 
f 2917 2918 2933 2932 
f 2918 2919 2934 2933 
f 2919 2920 2935 2934 
f 2920 2921 2936 2935 
f 2921 2922 2937 2936 
f 2922 2923 2938 2937 
f 2923 2924 2939 2938 
f 2924 2925 2940 2939 
f 2925 2926 2941 2940 
f 2926 2927 2942 2941 
f 2927 2928 2943 2942 
f 2928 2914 2929 2943 
f 2929 3697 3699 
f 3452 2930 3699 
f 2930 2931 3699 
f 2931 2932 3699 
f 2932 2933 3699 
f 2933 2934 3699 
f 2934 2935 3699 
f 2935 2936 3699 
f 2936 2937 3699 
f 2937 2938 3699 
f 2938 2939 3699 
f 2939 2940 3699 
f 2940 2941 3699 
f 2941 2942 3699 
f 2942 2943 3699 
f 2943 2929 3699 
s 1
f 2899 3619 3696 2944 
f 3700 2900 2945 3445 
f 2900 2901 2946 2945 
f 2901 2902 2947 2946 
f 2902 2903 2948 2947 
f 2903 2904 2949 2948 
f 2904 2905 2950 2949 
f 2905 2906 2951 2950 
f 2906 2907 2952 2951 
f 2907 2908 2953 2952 
f 2908 2909 2954 2953 
f 2909 2910 2955 2954 
f 2910 2911 2956 2955 
f 2911 2912 2957 2956 
f 2912 2913 2958 2957 
f 2913 2899 2944 2958 
f 3618 2914 2959 3444 
f 2914 2928 2960 2959 
f 2928 2927 2961 2960 
f 2927 2926 2962 2961 
f 2926 2925 2963 2962 
f 2925 2924 2964 2963 
f 2924 2923 2965 2964 
f 2923 2922 2966 2965 
f 2922 2921 2967 2966 
f 2921 2920 2968 2967 
f 2920 2919 2969 2968 
f 2919 2918 2970 2969 
f 2918 2917 2971 2970 
f 2917 2916 2972 2971 
f 2916 2915 2973 2972 
f 2915 3698 3617 2973 
f 3470 2382 2974 3672 
f 2382 2383 2975 2974 
f 2383 2384 2976 2975 
f 2384 2386 2977 2976 
f 2386 2387 2978 2977 
f 2387 2388 2979 2978 
f 2388 2390 2980 2979 
f 2390 2392 2981 2980 
f 2392 2394 2982 2981 
f 2394 2396 2983 2982 
f 2396 2398 2984 2983 
f 2398 2400 2985 2984 
f 2400 2402 2986 2985 
f 2402 2404 2987 2986 
f 2404 2406 2988 2987 
f 2406 3701 3449 2988 
s 2
f 2382 3470 3451 2989 
f 3701 2406 2990 3695 
f 2406 2404 2991 2990 
f 2404 2402 2992 2991 
f 2402 2400 2993 2992 
f 2400 2398 2994 2993 
f 2398 2396 2995 2994 
f 2396 2394 2996 2995 
f 2394 2392 2997 2996 
f 2392 2390 2998 2997 
f 2390 2388 2999 2998 
f 2388 2387 3000 2999 
f 2387 2386 3001 3000 
f 2386 2384 3002 3001 
f 2384 2383 3003 3002 
f 2383 2382 2989 3003 
f 3619 2899 3004 3694 
f 2899 2913 3005 3004 
f 2913 2912 3006 3005 
f 2912 2911 3007 3006 
f 2911 2910 3008 3007 
f 2910 2909 3009 3008 
f 2909 2908 3010 3009 
f 2908 2907 3011 3010 
f 2907 2906 3012 3011 
f 2906 2905 3013 3012 
f 2905 2904 3014 3013 
f 2904 2903 3015 3014 
f 2903 2902 3016 3015 
f 2902 2901 3017 3016 
f 2901 2900 3018 3017 
f 2900 3700 3616 3018 
s 1
f 2850 2851 2895 
f 2832 2405 2891 
f 3077 3085 3130 3131 
f 3134 3135 3078 3074 
f 3133 3134 3074 3075 
f 3132 3133 3075 3076 
f 3131 3132 3076 3077 
f 3135 3136 3079 3078 
f 3136 3137 3083 3079 
f 3140 3141 3091 3080 
f 3139 3140 3080 3081 
f 3138 3139 3081 3082 
f 3137 3138 3082 3083 
f 3702 3031 3589 3703 
f 3704 3032 3563 3705 
f 3620 3033 3520 3551 
f 3019 3034 3521 3621 
f 3706 3035 3483 3707 
f 3708 3036 3035 3706 
f 3141 3142 3111 3091 
f 3023 3709 3446 3030 
f 3024 3710 3453 3020 
f 3020 3453 3622 3021 
f 3021 3622 3265 3022 
f 3022 3265 3709 3023 
f 3025 3623 3710 3024 
f 3029 3624 3623 3025 
f 3037 3711 3712 3026 
f 3026 3712 3625 3027 
f 3027 3625 3713 3028 
f 3028 3713 3624 3029 
f 3031 3050 3590 3589 
f 3032 3051 3564 3563 
f 3033 3052 3522 3520 
f 3034 3053 3523 3521 
f 3035 3054 3484 3483 
f 3036 3048 3054 3035 
f 3041 3023 3030 3049 
f 3042 3024 3020 3038 
f 3038 3020 3021 3039 
f 3039 3021 3022 3040 
f 3040 3022 3023 3041 
f 3043 3025 3024 3042 
f 3047 3029 3025 3043 
f 3055 3037 3026 3044 
f 3044 3026 3027 3045 
f 3045 3027 3028 3046 
f 3046 3028 3029 3047 
f 3050 3068 3591 3590 
f 3051 3069 3565 3564 
f 3052 3070 3524 3522 
f 3053 3071 3525 3523 
f 3054 3072 3485 3484 
f 3048 3066 3072 3054 
f 3059 3041 3049 3067 
f 3060 3042 3038 3056 
f 3056 3038 3039 3057 
f 3057 3039 3040 3058 
f 3058 3040 3041 3059 
f 3061 3043 3042 3060 
f 3065 3047 3043 3061 
f 3073 3055 3044 3062 
f 3062 3044 3045 3063 
f 3063 3045 3046 3064 
f 3064 3046 3047 3065 
f 3068 3086 3592 3591 
f 3069 3087 3566 3565 
f 3070 3088 3526 3524 
f 3071 3089 3527 3525 
f 3072 3090 3486 3485 
f 3066 3084 3090 3072 
f 3154 3155 3123 
f 3156 3157 3122 
f 3150 3151 3127 3125 
f 3152 3626 3447 3126 
f 3077 3059 3067 3085 
f 3078 3060 3056 3074 
f 3074 3056 3057 3075 
f 3075 3057 3058 3076 
f 3076 3058 3059 3077 
f 3079 3061 3060 3078 
f 3083 3065 3061 3079 
f 3091 3073 3062 3080 
f 3080 3062 3063 3081 
f 3081 3063 3064 3082 
f 3082 3064 3065 3083 
f 3086 3171 3593 3592 
f 3087 3170 3567 3566 
f 3088 3169 3529 3526 
f 3089 3168 3528 3527 
f 3090 3167 3487 3486 
f 3084 3166 3167 3090 
f 3092 3036 3708 3714 
f 3093 3048 3036 3092 
f 3094 3066 3048 3093 
f 3095 3084 3066 3094 
f 3165 3166 3084 3095 
f 3096 3100 3715 3716 
f 3097 3101 3100 3096 
f 3098 3102 3101 3097 
f 3099 3103 3102 3098 
f 3163 3164 3103 3099 
f 3100 3092 3714 3715 
f 3101 3093 3092 3100 
f 3102 3094 3093 3101 
f 3103 3095 3094 3102 
f 3164 3165 3095 3103 
f 3158 3159 3121 
f 3160 3161 3162 3107 
f 3148 3149 3128 3124 
f 3146 3147 3129 
f 3104 3096 3716 3627 
f 3105 3097 3096 3104 
f 3106 3098 3097 3105 
f 3107 3099 3098 3106 
f 3162 3163 3099 3107 
f 3109 3037 3055 3108 
f 3717 3711 3037 3109 
f 3108 3055 3073 3110 
f 3110 3073 3091 3111 
f 3142 3143 3119 3111 
f 3113 3117 3116 3112 
f 3628 3718 3117 3113 
f 3112 3116 3118 3114 
f 3114 3118 3119 3115 
f 3144 3145 3146 3115 
f 3117 3109 3108 3116 
f 3718 3717 3109 3117 
f 3116 3108 3110 3118 
f 3118 3110 3111 3119 
f 3143 3144 3115 3119 
f 3151 3152 3126 3127 
f 3149 3150 3125 3128 
f 3147 3148 3124 3129 
f 3159 3160 3121 
f 3157 3158 3121 3122 
f 3155 3156 3122 3123 
f 3153 3154 3123 3454 
f 2677 2467 3641 3654 
f 3120 2752 3466 
f 3160 3107 3106 3121 
f 3121 3106 3105 3122 
f 3122 3105 3104 3123 
f 3123 3104 3627 3454 
f 3454 3629 3153 
f 3127 3113 3112 3125 
f 3447 3628 3113 3126 
f 3128 3112 3114 3124 
f 3129 3114 3115 3146 
f 3126 3113 3127 
f 3125 3112 3128 
f 3124 3114 3129 
f 2523 2524 3131 3130 
f 2524 2525 3132 3131 
f 2525 2526 3133 3132 
f 2526 2527 3134 3133 
f 2527 2545 3135 3134 
f 2545 2763 3136 3135 
f 2763 2623 3137 3136 
f 2623 2544 3138 3137 
f 2544 2627 3139 3138 
f 2627 2764 3140 3139 
f 2764 2543 3141 3140 
f 2543 2780 3142 3141 
f 2780 2632 3143 3142 
f 2632 2542 3144 3143 
f 2542 2636 3145 3144 
f 2636 2765 3146 3145 
f 2765 2541 3147 3146 
f 2541 2785 3148 3147 
f 2785 2642 3149 3148 
f 2642 2540 3150 3149 
f 2540 2646 3151 3150 
f 2646 2767 3152 3151 
f 2767 3668 3626 3152 
f 3468 2743 3153 3629 
f 2743 2528 3154 3153 
f 2528 2733 3155 3154 
f 2733 2529 3156 3155 
f 2529 2723 3157 3156 
f 2723 2530 3158 3157 
f 2530 2693 3159 3158 
f 2693 2531 3160 3159 
f 2531 2701 3161 3160 
f 2701 2532 3162 3161 
f 2532 2710 3163 3162 
f 2710 2533 3164 3163 
f 2533 2683 3165 3164 
f 2683 2534 3166 3165 
f 2534 2535 3167 3166 
f 2535 3479 3487 3167 
f 2536 3512 3528 3168 
f 2537 3513 3529 3169 
f 2538 3559 3567 3170 
f 2539 3585 3593 3171 
f 3172 3319 3318 3189 
f 3172 3290 3291 3173 
f 3173 3291 3292 3174 
f 3174 3292 3293 3175 
f 3175 3293 3294 3176 
f 3176 3294 3598 3594 
f 3177 3295 3572 3568 
f 3178 3296 3539 3530 
f 3179 3326 3315 3180 
f 3181 3312 3310 3196 
f 3179 3297 3304 3190 
f 3182 3298 3307 3193 
f 3183 3299 3306 3192 
f 3184 3300 3305 3191 
f 3186 3313 3308 3194 
f 3185 3301 3309 3195 
f 3180 3315 3493 3488 
f 3178 3325 3541 3531 
f 3182 3327 3333 3190 
f 3186 3317 3334 3191 
f 3184 3329 3335 3192 
f 3183 3328 3336 3193 
f 3185 3330 3337 3194 
f 3181 3316 3338 3195 
f 3630 3719 3339 3196 
f 3198 3418 3416 3197 
f 3198 3340 3341 3199 
f 3199 3341 3342 3200 
f 3200 3342 3343 3201 
f 3201 3343 3344 3202 
f 3202 3344 3600 3595 
f 3203 3345 3574 3569 
f 3204 3346 3543 3532 
f 3206 3426 3425 3205 
f 3207 3364 3362 3221 
f 3206 3348 3356 3215 
f 3208 3349 3359 3218 
f 3209 3350 3358 3217 
f 3210 3351 3357 3216 
f 3211 3352 3360 3219 
f 3212 3353 3361 3220 
f 3205 3425 3497 3489 
f 3204 3424 3549 3533 
f 3208 3427 3434 3215 
f 3211 3430 3435 3216 
f 3210 3429 3436 3217 
f 3209 3428 3437 3218 
f 3212 3431 3438 3219 
f 3207 3417 3439 3220 
f 3471 3720 3440 3221 
f 2823 2412 3363 3197 
f 2824 3314 3189 
f 2407 2439 3223 3222 
f 2439 3582 3596 3223 
f 2442 3556 3570 3224 
f 2510 3508 3534 3225 
f 2451 3501 3535 3226 
f 2504 3475 3490 3227 
f 2454 2499 3229 3228 
f 2499 2682 3230 3229 
f 2682 2498 3231 3230 
f 2498 2713 3232 3231 
f 2713 2497 3233 3232 
f 2497 2703 3234 3233 
f 2703 2456 3235 3234 
f 2456 2687 3236 3235 
f 2687 2455 3237 3236 
f 2455 2717 3238 3237 
f 2717 2457 3239 3238 
f 2457 2727 3240 3239 
f 2727 2458 3241 3240 
f 2458 2737 3242 3241 
f 2737 3667 3682 3242 
f 3685 2776 3243 3631 
f 2776 2620 3244 3243 
f 2620 2621 3245 3244 
f 2621 2641 3246 3245 
f 2641 2766 3247 3246 
f 2766 2548 3248 3247 
f 2548 2781 3249 3248 
f 2781 2640 3250 3249 
f 2640 2547 3251 3250 
f 2547 2676 3252 3251 
f 2676 2775 3253 3252 
f 2775 2619 3254 3253 
f 2619 2774 3255 3254 
f 2774 2631 3256 3255 
f 2631 2546 3257 3256 
f 2546 2622 3258 3257 
f 2622 2759 3259 3258 
f 2759 2618 3260 3259 
f 2618 2441 3261 3260 
f 2441 2440 3262 3261 
f 2440 2408 3263 3262 
f 2408 2407 3222 3263 
f 3266 2432 2431 3267 
f 3267 2431 2416 3269 
f 3268 2437 2432 3266 
f 3270 3261 3262 3269 
f 3463 3260 3261 3270 
f 3268 3223 3596 3597 
f 3282 2509 3555 3571 
f 3281 2503 3500 3536 
f 3287 2722 2495 3274 
f 3284 3236 3237 3274 
f 3285 3234 3235 3275 
f 3277 2476 2732 3288 
f 3289 2742 2476 3277 
f 3283 2681 2463 3278 
f 3286 2709 2486 3279 
f 3273 3228 3229 3278 
f 3273 2459 3474 3491 
f 3272 2450 3507 3537 
f 3279 2486 2681 3283 
f 3275 3235 3236 3284 
f 3280 3233 3234 3285 
f 3280 2487 2709 3286 
f 3276 2496 2722 3287 
f 3276 3239 3240 3288 
f 3683 3680 2742 3289 
f 3290 3172 3189 3314 
f 3297 3179 3180 3311 
f 3311 3180 3488 3492 
f 3296 3178 3531 3538 
f 3298 3182 3190 3304 
f 3313 3186 3191 3305 
f 3300 3184 3192 3306 
f 3299 3183 3193 3307 
f 3301 3185 3194 3308 
f 3312 3181 3195 3309 
f 3681 3630 3196 3310 
f 3290 2413 2416 3291 
f 3291 2416 2431 3292 
f 3292 2431 2432 3293 
f 3293 2432 2437 3294 
f 3294 2437 3581 3598 
f 3295 2438 3555 3572 
f 3296 2450 3500 3539 
f 3312 2476 2742 3310 
f 3297 2463 2681 3304 
f 3298 2486 2709 3307 
f 3299 2487 2700 3306 
f 3300 2488 2692 3305 
f 3313 2495 2722 3308 
f 3301 2496 2732 3309 
f 3319 3172 3173 3320 
f 3320 3173 3174 3321 
f 3321 3174 3175 3322 
f 3322 3175 3176 3323 
f 3323 3176 3594 3599 
f 3324 3177 3568 3573 
f 3325 3178 3530 3540 
f 3316 3181 3196 3339 
f 3326 3179 3190 3333 
f 3327 3182 3193 3336 
f 3328 3183 3192 3335 
f 3329 3184 3191 3334 
f 3317 3186 3194 3337 
f 3330 3185 3195 3338 
f 3319 2420 2650 3318 
f 3326 2464 2500 3315 
f 3315 2500 3472 3493 
f 3325 2448 3505 3541 
f 3327 2483 2680 3333 
f 3317 2492 2691 3334 
f 3329 2485 2699 3335 
f 3328 2484 2708 3336 
f 3330 2494 2721 3337 
f 3316 2475 2731 3338 
f 3719 3679 2741 3339 
f 3340 3198 3197 3363 
f 3348 3206 3205 3347 
f 3347 3205 3489 3494 
f 3346 3204 3533 3542 
f 3349 3208 3215 3356 
f 3352 3211 3216 3357 
f 3351 3210 3217 3358 
f 3350 3209 3218 3359 
f 3353 3212 3219 3360 
f 3364 3207 3220 3361 
f 3441 3471 3221 3362 
f 3340 2420 2426 3341 
f 3341 2426 2428 3342 
f 3342 2428 2429 3343 
f 3343 2429 2434 3344 
f 3344 2434 3580 3600 
f 3345 2435 3553 3574 
f 3346 2448 3499 3543 
f 3364 2475 2741 3362 
f 3348 2464 2680 3356 
f 3349 2483 2708 3359 
f 3350 2484 2699 3358 
f 3351 2485 2691 3357 
f 3352 2492 2721 3360 
f 3353 2494 2731 3361 
f 3366 2419 2424 3367 
f 3367 2424 2427 3368 
f 3368 2427 2430 3369 
f 3370 2445 3583 3601 
f 3369 2430 2433 3371 
f 3370 2436 3554 3575 
f 3372 2449 3503 3544 
f 3374 2466 2461 3373 
f 3375 2474 2740 3389 
f 3374 2465 2679 3383 
f 3376 2482 2712 3386 
f 3377 2479 2698 3385 
f 3378 2481 2690 3384 
f 3379 2490 2720 3387 
f 3380 2493 2730 3388 
f 3373 2461 3476 3495 
f 3372 2452 3509 3545 
f 3366 2418 2651 3365 
f 3376 2477 2678 3383 
f 3379 2489 2689 3384 
f 3378 2480 2697 3385 
f 3377 2478 2707 3386 
f 3380 2491 2719 3387 
f 3375 2473 2729 3388 
f 3467 3677 2739 3389 
f 3396 2466 2678 3397 
f 3390 2473 2739 3403 
f 3391 2477 2707 3400 
f 3392 2478 2697 3399 
f 3393 2480 2689 3398 
f 3394 2489 2719 3401 
f 3395 2491 2729 3402 
f 3391 2467 2677 3397 
f 3394 2470 2688 3398 
f 3393 2469 2702 3399 
f 3392 2468 2711 3400 
f 3395 2471 2718 3401 
f 3390 2472 2728 3402 
f 3611 3612 2738 3403 
f 3415 2800 2410 3404 
f 3405 2417 2409 3404 
f 3405 2418 2423 3406 
f 3406 2423 2425 3408 
f 3408 2425 2443 3407 
f 3410 2444 2415 3407 
f 3409 2414 3578 3602 
f 3409 2445 3557 3576 
f 3411 2452 3502 3546 
f 3412 2462 3477 3496 
f 3411 2447 3504 3547 
f 3412 2461 2466 3396 
f 3418 3198 3199 3419 
f 3419 3199 3200 3420 
f 3420 3200 3201 3421 
f 3421 3201 3202 3422 
f 3422 3202 3595 3603 
f 3423 3203 3569 3577 
f 3424 3204 3532 3548 
f 3417 3207 3221 3440 
f 3426 3206 3215 3434 
f 3427 3208 3218 3437 
f 3428 3209 3217 3436 
f 3429 3210 3216 3435 
f 3430 3211 3219 3438 
f 3431 3212 3220 3439 
f 3418 2419 2411 3416 
f 3426 2465 2460 3425 
f 3425 2460 3473 3497 
f 3424 2449 3506 3549 
f 3427 2482 2679 3434 
f 3430 2490 2690 3435 
f 3429 2481 2698 3436 
f 3428 2479 2712 3437 
f 3431 2493 2720 3438 
f 3417 2474 2730 3439 
f 3720 3678 2740 3440 
f 2654 2655 2800 3415 
f 2800 2801 3365 2651 
f 2801 2385 3365 
f 3458 3257 3258 
f 3462 3255 3256 
f 3460 3253 3254 3455 
f 3456 3249 3250 3461 
f 3459 3247 3248 3456 
f 3459 3245 3246 
f 3671 3243 3244 3457 
f 3462 3256 3257 3458 
f 3464 3245 3459 
f 3460 2397 2399 3461 
f 3456 3248 3249 
f 3459 3246 3247 
f 3671 3631 3243 
f 3460 3252 3253 
f 3455 3254 3255 3462 
f 3458 3258 3259 3463 
f 3457 3244 3245 3464 
f 3463 3259 3260 
f 3477 2462 3635 3655 
f 3472 2500 3347 3494 
f 3473 2460 3373 3495 
f 3490 3228 3273 3491 
f 3474 2459 3311 3492 
f 3476 2461 3412 3496 
f 3666 3721 2521 3478 
f 3475 2504 2587 3481 
f 3482 2608 2556 3480 
f 3480 2556 2579 3481 
f 3479 2535 2608 3482 
f 3483 3034 3019 3707 
f 3484 3053 3034 3483 
f 3485 3071 3053 3484 
f 3486 3089 3071 3485 
f 3487 3168 3089 3486 
f 3479 2536 3168 3487 
f 3493 3331 3187 3488 
f 3497 3432 3213 3489 
f 3475 2454 3228 3490 
f 3474 2503 3281 3491 
f 3488 3187 3302 3492 
f 3472 2501 3331 3493 
f 3489 3213 3354 3494 
f 3476 2505 3381 3495 
f 3477 2512 3413 3496 
f 3473 2502 3432 3497 
f 3510 2521 3721 3665 
f 3548 3432 2502 3503 
f 3544 3381 2505 3502 
f 3535 3227 3281 3536 
f 3540 3331 2501 3499 
f 3546 3413 2512 3498 
f 3504 2447 3634 3656 
f 3505 2448 3346 3542 
f 3506 2449 3372 3545 
f 3534 3226 3272 3537 
f 3509 2452 3411 3547 
f 3507 2450 3296 3538 
f 3498 2512 3642 3657 
f 3550 3465 2522 3511 
f 3501 2451 2578 3516 
f 3508 2510 2588 3517 
f 3518 2616 2564 3514 
f 3519 2607 2555 3515 
f 3514 2564 2587 3516 
f 3515 2555 2578 3517 
f 3512 2536 2616 3518 
f 3513 2537 2607 3519 
f 3520 3032 3704 3551 
f 3521 3033 3620 3621 
f 3522 3051 3032 3520 
f 3523 3052 3033 3521 
f 3524 3069 3051 3522 
f 3525 3070 3052 3523 
f 3526 3087 3069 3524 
f 3527 3088 3070 3525 
f 3529 3170 3087 3526 
f 3528 3169 3088 3527 
f 3512 2537 3169 3528 
f 3513 2538 3170 3529 
f 3539 3302 3187 3530 
f 3541 3332 3188 3531 
f 3543 3354 3213 3532 
f 3549 3433 3214 3533 
f 3508 2451 3226 3534 
f 3501 2504 3227 3535 
f 3500 2450 3272 3536 
f 3507 2509 3282 3537 
f 3531 3188 3303 3538 
f 3500 2503 3302 3539 
f 3530 3187 3331 3540 
f 3505 2507 3332 3541 
f 3533 3214 3355 3542 
f 3499 2501 3354 3543 
f 3503 2502 3381 3544 
f 3509 2511 3382 3545 
f 3502 2505 3413 3546 
f 3504 2506 3414 3547 
f 3532 3213 3432 3548 
f 3506 2508 3433 3549 
f 3558 2522 3465 3608 
f 3577 3433 2508 3554 
f 3575 3382 2511 3557 
f 3570 3225 3282 3571 
f 3576 3414 2506 3552 
f 3573 3332 2507 3553 
f 3552 2506 3643 3658 
f 3556 2442 2577 3561 
f 3562 2617 2565 3560 
f 3560 2565 2588 3561 
f 3559 2538 2617 3562 
f 3563 3031 3702 3705 
f 3564 3050 3031 3563 
f 3565 3068 3050 3564 
f 3566 3086 3068 3565 
f 3567 3171 3086 3566 
f 3559 2539 3171 3567 
f 3572 3303 3188 3568 
f 3574 3355 3214 3569 
f 3556 2510 3225 3570 
f 3555 2438 3271 3571 
f 3555 2509 3303 3572 
f 3568 3188 3332 3573 
f 3553 2507 3355 3574 
f 3554 2508 3382 3575 
f 3557 2511 3414 3576 
f 3569 3214 3433 3577 
f 3584 2514 3664 3604 
f 3603 3423 2436 3579 
f 3581 2437 3268 3597 
f 3583 2445 3409 3602 
f 3579 2436 3370 3601 
f 3599 3324 2435 3580 
f 3578 2414 3632 3659 
f 3582 2439 2574 3587 
f 3588 2606 2554 3586 
f 3586 2554 2577 3587 
f 3585 2539 2606 3588 
f 3589 3030 3446 3703 
f 3590 3049 3030 3589 
f 3591 3067 3049 3590 
f 3592 3085 3067 3591 
f 3593 3130 3085 3592 
f 3585 2523 3130 3593 
f 3598 3295 3177 3594 
f 3600 3345 3203 3595 
f 3582 2442 3224 3596 
f 3596 3224 3271 3597 
f 3581 2438 3295 3598 
f 3594 3177 3324 3599 
f 3580 2435 3345 3600 
f 3583 2446 3371 3601 
f 3578 2444 3410 3602 
f 3595 3203 3423 3603 
f 3648 2753 2747 3636 
f 3650 2755 2748 3637 
f 3651 2756 2749 3638 
f 3652 2757 2750 3639 
f 3653 2758 2751 3640 
f 3649 2754 2752 3641 
f 3655 3478 2521 3642 
f 3656 3511 2522 3643 
f 3633 2444 3578 3659 
f 3644 2415 2444 3633 
f 3645 2422 2415 3644 
f 3646 2421 2422 3645 
f 3647 2417 2421 3646 
f 3632 2414 3552 3658 
f 3634 2447 3498 3657 
f 3640 2751 2753 3648 
f 3636 2747 2754 3649 
f 3639 2750 2755 3650 
f 3660 3442 2756 3651 
f 3638 2749 2757 3652 
f 3637 2748 2758 3653 
f 3635 2462 2677 3654 
f 3641 2752 3120 3654 
f 3635 2453 3478 3655 
f 3634 2520 3511 3656 
f 3642 2521 3510 3657 
f 3643 2522 3558 3658 
f 3632 2514 3584 3659 
f 3647 2518 2513 
f 3314 2824 2825 2391 
f 2668 2824 3189 3318 
f 3605 3723 3722 3661 
f 3723 3725 3724 3722 
f 3726 3729 3728 3727 
f 3730 3732 3731 
f 3733 3736 3735 3734 
f 3736 3738 3737 3735 
f 3738 3740 3739 3737 
f 3741 3743 3742 
f 3743 3746 3745 3744 
f 3746 3748 3747 3745 
f 3748 3750 3749 3747 
f 3750 3752 3751 3749 
f 3752 3754 3753 3751 
f 3754 3756 3755 3753 
f 3755 3759 3758 3757 
f 3760 3763 3762 3761 
f 3760 3765 3764 3763 
f 3726 3725 3766 
f 3606 3604 3768 3767 
f 3662 3606 3767 3769 
f 3607 3662 3769 3770 
f 3448 3607 3770 3771 
f 3663 3448 3771 3772 
f 3730 3729 3774 3773 
f 3775 3778 3777 3776 
f 3741 3742 3780 3779 
f 3766 3782 3781 3774 
f 3782 3784 3783 3781 
f 3784 3786 3785 3783 
f 3773 3789 3788 3787 
f 3790 3791 3788 3789 
f 3792 3785 3794 3793 
f 3795 3798 3797 3796 
f 3799 3800 3797 3798 
f 3790 3792 3801 3791 
f 3802 3804 3803 3776 
f 3802 3806 3805 3804 
f 3799 3808 3807 3800 
f 3809 3810 3805 3806 
f 3811 3812 3807 3808 
f 3813 3814 3810 3809 
f 3811 3816 3815 3812 
f 3761 3762 3818 3817 
f 3819 3764 3820 3779 
f 3779 3820 3821 3741 
f 3822 3825 3824 3823 
f 3793 3794 3827 3826 
f 3811 3829 3828 3816 
f 3792 3793 3829 3801 
f 3813 3831 3830 3814 
f 3664 3608 3833 3832 
f 3834 3837 3836 3835 
f 3838 3841 3840 3839 
f 3842 3825 3844 3843 
f 3845 3848 3847 3846 
f 3849 3852 3851 3850 
f 3609 3665 3854 3853 
f 3855 3858 3857 3856 
f 3859 3862 3861 3860 
f 3863 3866 3865 3864 
f 3867 3870 3869 3868 
f 3871 3874 3873 3872 
f 3875 3874 3877 3876 
f 3878 3881 3880 3879 
f 3882 3885 3884 3883 
f 3886 3889 3888 3887 
f 3890 3893 3892 3891 
f 3894 3897 3896 3895 
f 3898 3901 3900 3899 
f 3902 3905 3904 3903 
f 3906 3909 3908 3907 
f 3910 3913 3912 3911 
f 3914 3917 3916 3915 
f 3882 3883 3919 3918 
f 3920 3922 3921 3895 
f 3923 3926 3925 3924 
f 3927 3930 3929 3928 
f 3931 3934 3933 3932 
f 3935 3938 3937 3936 
f 3894 3941 3940 3939 
f 3890 3944 3943 3942 
f 3945 3948 3947 3946 
f 3949 3952 3951 3950 
f 3953 3956 3955 3954 
f 3957 3960 3959 3958 
f 3961 3964 3963 3962 
f 3965 3968 3967 3966 
f 3969 3972 3971 3970 
f 3973 3976 3975 3974 
f 3977 3980 3979 3978 
f 3981 3984 3983 3982 
f 3985 3988 3987 3986 
f 3989 3992 3991 3990 
f 3993 3996 3995 3994 
f 3997 4000 3999 3998 
f 4001 4004 4003 4002 
f 4005 4008 4007 4006 
f 4009 4012 4011 4010 
f 4013 4016 4015 4014 
f 3886 3964 4017 3889 
f 4018 4021 4020 4019 
f 4022 3466 4023 
f 3931 4025 4024 3934 
f 3977 4027 4026 3980 
f 3902 4029 4028 3905 
f 3985 4031 4030 3988 
f 3969 4033 4032 3972 
f 3923 4035 4034 3926 
f 4036 4039 4038 4037 
f 4040 4043 4042 4041 
f 4044 4047 4046 4045 
f 4048 4051 4050 4049 
f 4052 4055 4054 4053 
f 4056 4059 4058 4057 
f 4060 4063 4062 4061 
f 4064 4067 4066 4065 
f 4068 4071 4070 4069 
f 4072 4075 4074 4073 
f 4076 4079 4078 4077 
f 4080 4083 4082 4081 
f 3772 3723 3605 3663 
f 3767 3768 4085 4084 
f 3769 3767 4084 4086 
f 3770 3769 4086 4087 
f 3771 3770 4087 4088 
f 3772 3771 4088 4089 
f 3832 3833 4091 4090 
f 3853 3854 4093 4092 
f 3853 4094 3550 3609 
f 4022 4095 3666 3466 
f 3898 3899 4096 
f 4097 4100 4099 4098 
f 4098 4099 4102 4101 
f 4101 4102 4104 4103 
f 4103 4104 4106 4105 
f 4105 4106 4108 4107 
f 3667 3610 4110 4109 
f 4111 4114 4113 4112 
f 4115 4118 4117 4116 
f 4119 4122 4121 4120 
f 4123 4126 4125 4124 
f 4127 4130 4129 4128 
f 4131 4134 4133 4132 
f 4135 4138 4137 4136 
f 4136 4137 4140 4139 
f 4141 4144 4143 4142 
f 4145 4148 4147 4146 
f 4149 4152 4151 4150 
f 4153 4156 4155 4154 
f 4157 4160 4159 4158 
f 4161 4164 4163 4162 
f 4165 4168 4167 4166 
f 4169 4172 4171 4170 
f 4173 4176 4175 4174 
f 3668 3669 4178 4177 
f 4179 4182 4181 4180 
f 4183 4179 4180 4184 
f 4185 4183 4184 4186 
f 4187 4185 4186 4188 
f 4189 4187 4188 4190 
f 4191 4194 4193 4192 
f 4195 4198 4197 4196 
f 4199 4202 4201 4200 
f 4203 4206 4205 4204 
f 4207 4210 4209 4208 
f 4211 4214 4213 4212 
f 4215 4218 4217 4216 
f 4219 4215 4216 4220 
f 4221 4224 4223 4222 
f 4225 4228 4227 4226 
f 4229 4232 4231 4230 
f 4233 4236 4235 4234 
f 4182 4238 4237 4181 
f 4189 4240 4239 4108 
f 4241 4244 4243 4242 
f 4245 4248 4247 4246 
f 4249 4252 4251 4250 
f 4253 4256 4255 4254 
f 4257 4260 4259 4258 
f 4099 4100 4182 4179 
f 4102 4099 4179 4183 
f 4104 4102 4183 4185 
f 4106 4104 4185 4187 
f 4108 4106 4187 4189 
f 4114 4110 4194 4191 
f 4118 4113 4198 4195 
f 4122 4117 4202 4199 
f 4126 4121 4206 4203 
f 4130 4125 4210 4207 
f 4134 4129 4214 4211 
f 4138 4133 4218 4215 
f 4137 4138 4215 4219 
f 4144 4140 4224 4221 
f 4148 4143 4228 4225 
f 4152 4147 4232 4229 
f 4156 4151 4236 4233 
f 4100 4155 4238 4182 
f 4108 4239 4261 4107 
f 4242 4243 4263 4262 
f 4246 4247 4265 4264 
f 4250 4251 4267 4266 
f 4254 4255 4269 4268 
f 4190 4270 4240 4189 
f 4160 4271 4244 4241 
f 4164 4272 4248 4245 
f 4168 4273 4252 4249 
f 4172 4274 4256 4253 
f 4176 4275 4260 4257 
f 4180 4181 4277 4276 
f 4184 4180 4276 4278 
f 4186 4184 4278 4279 
f 4188 4186 4279 4280 
f 4190 4188 4280 4281 
f 4192 4193 4283 4282 
f 4196 4197 4285 4284 
f 4200 4201 4287 4286 
f 4204 4205 4289 4288 
f 4208 4209 4291 4290 
f 4212 4213 4293 4292 
f 4216 4217 4295 4294 
f 4220 4216 4294 4296 
f 4222 4223 4298 4297 
f 4226 4227 4300 4299 
f 4230 4231 4302 4301 
f 4234 4235 4304 4303 
f 4181 4237 4305 4277 
f 3748 4307 4306 3750 
f 3752 4309 4308 3754 
f 3754 4308 4310 3756 
f 4311 4312 3671 3670 
f 4158 4159 4270 4313 
f 4314 4315 4241 4242 
f 4316 4314 4242 4262 
f 4315 4159 4160 4241 
f 4317 4271 4160 4157 
f 4243 4244 4319 4318 
f 4263 4243 4318 4320 
f 4244 4271 4163 4319 
f 4166 4167 4272 4321 
f 4322 4323 4249 4250 
f 4324 4322 4250 4266 
f 4323 4167 4168 4249 
f 4325 4273 4168 4165 
f 4251 4252 4327 4326 
f 4267 4251 4326 4328 
f 4252 4273 4171 4327 
f 4174 4175 4274 4329 
f 4330 4331 4257 4258 
f 4332 4330 4258 4333 
f 4331 4175 4176 4257 
f 4334 4333 4258 4259 
f 4335 4275 4176 4173 
f 4259 4260 4337 4336 
f 4260 4275 4178 4337 
f 4334 4259 4336 4338 
f 3733 4339 3787 3795 
f 3733 3795 3736 
f 3776 4340 3775 
f 3773 3732 3730 
f 3766 3725 3723 4089 
f 3672 3673 4342 4341 
f 4341 4342 4344 4343 
f 4343 4344 4346 4345 
f 4345 4346 4348 4347 
f 4347 4348 4350 4349 
f 4349 4350 4352 4351 
f 4351 4352 4354 4353 
f 4353 4354 4356 4355 
f 4355 4356 4358 4357 
f 4357 4358 4360 4359 
f 4359 4360 4362 4361 
f 4361 4362 4364 4363 
f 4363 4364 4366 4365 
f 4365 4366 4368 4367 
f 4367 4368 4370 4369 
f 4369 4370 3674 3449 
f 4342 3724 3727 4344 
f 3743 4372 4371 3746 
f 4373 4375 4374 3740 
f 4375 4377 4376 4374 
f 4377 4379 4378 4376 
f 4379 4381 4380 4378 
f 4381 4383 4382 4380 
f 4383 4385 4384 4382 
f 4385 3757 4386 
f 4387 4390 4389 4388 
f 4391 3676 3675 
f 4373 4340 4392 
f 3756 4310 4394 4393 
f 4395 4309 4306 4396 
f 4397 4309 4395 
f 3922 3900 3924 3927 
f 3941 3921 3928 3945 
f 3944 4399 4398 3953 
f 4400 4403 4402 4401 
f 3962 3963 3968 3965 
f 4132 4133 4138 4135 
f 4217 4218 4211 4212 
f 4218 4133 4134 4211 
f 4295 4217 4212 4292 
f 3876 3877 3881 3878 
f 3976 3971 3978 3981 
f 3996 3975 3982 4001 
f 4000 4405 4404 4005 
f 3876 4407 4406 3875 
f 4120 4121 4126 4123 
f 4205 4206 4199 4200 
f 4206 4121 4122 4199 
f 4289 4205 4200 4286 
f 3879 3880 4409 4408 
f 3938 3933 3970 3973 
f 3952 3937 3974 3993 
f 3960 4411 4410 3997 
f 3879 4413 4412 3878 
f 4124 4125 4130 4127 
f 4209 4210 4203 4204 
f 4210 4125 4126 4203 
f 4291 4209 4204 4288 
f 3930 3925 3932 3935 
f 3948 3929 3936 3949 
f 3956 4415 4414 3957 
f 4416 4418 4417 4408 
f 3966 3967 4409 4419 
f 4128 4129 4134 4131 
f 4213 4214 4207 4208 
f 4214 4129 4130 4207 
f 4293 4213 4208 4290 
f 3872 3873 4421 4420 
f 3984 3979 3986 3989 
f 4004 3983 3990 4009 
f 4008 4423 4422 4013 
f 4424 4427 4426 4425 
f 4116 4117 4122 4119 
f 4201 4202 4195 4196 
f 4202 4117 4118 4195 
f 4287 4201 4196 4284 
f 4428 3884 4421 4425 
f 3992 3987 3903 3906 
f 4012 3991 3907 3910 
f 4016 4430 4429 3914 
f 4428 4433 4432 4431 
f 4112 4113 4118 4115 
f 4197 4198 4191 4192 
f 4198 4113 4114 4191 
f 4285 4197 4192 4282 
f 3909 3904 3611 3677 
f 3913 3908 3467 3678 
f 3917 4434 3441 3679 
f 4435 4436 3681 3680 
f 3918 3919 3683 3682 
f 4109 4110 4114 4111 
f 4193 4194 3450 3684 
f 4194 4110 3610 3450 
f 4283 4193 3684 3468 
f 3934 4024 4033 3969 
f 3926 4034 4025 3931 
f 3980 4026 4031 3985 
f 3905 4028 3660 3612 
f 3988 4030 4029 3902 
f 3972 4032 4027 3977 
f 4437 4438 3466 
f 4439 4440 3466 
f 4441 4442 3466 
f 4443 4444 3466 
f 4445 4446 3466 
f 4447 4448 3466 
f 4446 4437 3466 
f 4438 4447 3466 
f 4444 4439 3466 
f 3442 4441 3466 
f 4442 4443 3466 
f 4440 4445 3466 
f 4022 4023 4450 4449 
f 4239 4240 4315 4314 
f 4261 4239 4314 4316 
f 4240 4270 4159 4315 
f 4313 4270 4190 4281 
f 4162 4163 4271 4317 
f 4170 4171 4273 4325 
f 4177 4178 4275 4335 
f 4247 4248 4323 4322 
f 4255 4256 4331 4330 
f 4265 4247 4322 4324 
f 4269 4255 4330 4332 
f 4248 4272 4167 4323 
f 4256 4274 4175 4331 
f 4318 4319 4245 4246 
f 4320 4318 4246 4264 
f 4319 4163 4164 4245 
f 4321 4272 4164 4161 
f 4326 4327 4253 4254 
f 4328 4326 4254 4268 
f 4327 4171 4172 4253 
f 4329 4274 4172 4169 
f 4336 4337 3613 3469 
f 4337 4178 3669 3613 
f 4338 4336 3469 3685 
f 3746 4371 4307 3748 
f 3741 3821 4372 3743 
f 4451 4453 4452 
f 3661 3722 4342 3673 
f 3722 3724 4342 
f 3727 3728 4344 
f 3731 3734 4348 4346 
f 3734 3735 4350 4348 
f 3735 3737 4352 4350 
f 3737 3739 4354 4352 
f 3727 3724 3725 3726 
f 3739 4454 4356 4354 
f 4454 4455 4358 4356 
f 4455 4456 4360 4358 
f 4456 4457 4362 4360 
f 4457 4458 4364 4362 
f 4458 4459 4366 4364 
f 4459 4388 4368 4366 
f 4388 4460 4370 4368 
f 4460 3675 3674 4370 
f 4391 3675 4460 4461 
f 4461 4460 4463 4462 
f 3740 4374 4454 3739 
f 4374 4376 4455 4454 
f 4376 4378 4456 4455 
f 4378 4380 4457 4456 
f 4380 4382 4458 4457 
f 4382 4384 4459 4458 
f 4384 4387 4388 4459 
f 4462 4463 4464 
f 4463 4390 4465 4464 
f 4466 3670 3443 
f 3740 3738 3775 
f 3738 3736 4468 4467 
f 3740 3775 4340 4373 
f 4469 3744 4375 4373 
f 3744 3745 4377 4375 
f 3745 3747 4379 4377 
f 3747 3749 4381 4379 
f 3749 3751 4383 4381 
f 3751 3753 4385 4383 
f 3753 3755 3757 4385 
f 4451 4452 4311 
f 4452 3759 4393 
f 4452 4453 4470 
f 4451 4311 3670 4466 
f 4471 4474 4473 4472 
f 4475 4465 4474 4471 
f 4385 4386 4387 4384 
s 2
f 4476 4477 3687 3686 
f 4478 4479 4477 4476 
f 4480 4481 4479 4478 
f 4482 4483 4481 4480 
f 4484 4485 4483 4482 
f 4486 4487 4485 4484 
f 4488 4489 4487 4486 
f 4490 4491 4489 4488 
f 4492 4493 4491 4490 
f 4494 4495 4493 4492 
f 3688 3689 4497 4496 
f 4496 4497 4495 4494 
s 1
f 3614 4498 3690 
f 3614 3691 4499 
f 3614 4499 4500 
f 3614 4500 4501 
f 3614 4501 4502 
f 3614 4502 4503 
f 3614 4503 4504 
f 3614 4504 4505 
f 3614 4505 4506 
f 3614 4506 4507 
f 3614 4507 4508 
f 3614 4508 4498 
f 3264 3676 4391 4509 
f 4509 4391 4461 4510 
f 4510 4461 4462 4511 
f 4511 4462 4464 4512 
f 4512 4464 4475 4513 
f 4513 4475 4471 4514 
f 4514 4471 4472 4515 
f 4515 4472 4470 4516 
f 4516 4470 4453 4517 
f 4517 4453 4451 4518 
f 4518 4451 4466 4519 
f 4519 4466 3443 3692 
s 2
f 4509 4497 3689 3264 
f 3692 3687 4477 4519 
f 4519 4477 4479 4518 
f 4518 4479 4481 4517 
f 4517 4481 4483 4516 
f 4516 4483 4485 4515 
f 4515 4485 4487 4514 
f 4514 4487 4489 4513 
f 4513 4489 4491 4512 
f 4512 4491 4493 4511 
f 4511 4493 4495 4510 
f 4510 4495 4497 4509 
f 4520 4476 3686 3615 
f 3693 3688 4496 4521 
f 4521 4496 4494 4522 
f 4522 4494 4492 4523 
f 4523 4492 4490 4524 
f 4524 4490 4488 4525 
f 4525 4488 4486 4526 
f 4526 4486 4484 4527 
f 4527 4484 4482 4528 
f 4528 4482 4480 4529 
f 4529 4480 4478 4530 
f 4530 4478 4476 4520 
s 1
f 3615 3690 4498 4520 
f 4520 4498 4508 4530 
f 4530 4508 4507 4529 
f 4529 4507 4506 4528 
f 4528 4506 4505 4527 
f 4527 4505 4504 4526 
f 4526 4504 4503 4525 
f 4525 4503 4502 4524 
f 4524 4502 4501 4523 
f 4523 4501 4500 4522 
f 4522 4500 4499 4521 
f 4521 4499 3691 3693 
f 3758 3759 4452 4470 
f 4393 3759 3755 3756 
f 4473 3758 4470 4472 
f 4473 4474 4386 3757 
f 4474 4465 4386 
f 4393 4394 4312 4311 
f 4388 4389 4460 
f 4389 4390 4463 4460 
f 4465 4390 4387 
f 4386 4465 4387 
f 3757 3758 4473 
s 2
f 4531 4532 3694 3451 
f 3695 3616 4534 4533 
f 4533 4534 4536 4535 
f 4535 4536 4538 4537 
f 4537 4538 4540 4539 
f 4539 4540 4542 4541 
f 4541 4542 4544 4543 
f 4543 4544 4546 4545 
f 4545 4546 4548 4547 
f 4547 4548 4550 4549 
f 4549 4550 4552 4551 
f 4551 4552 4554 4553 
f 4553 4554 4556 4555 
f 4555 4556 4558 4557 
f 4557 4558 4560 4559 
f 4559 4560 4532 4531 
s 1
f 4561 4562 3444 3696 
f 3445 3617 4564 4563 
f 4563 4564 4566 4565 
f 4565 4566 4568 4567 
f 4567 4568 4570 4569 
f 4569 4570 4572 4571 
f 4571 4572 4574 4573 
f 4573 4574 4576 4575 
f 4575 4576 4578 4577 
f 4577 4578 4580 4579 
f 4579 4580 4582 4581 
f 4581 4582 4584 4583 
f 4583 4584 4586 4585 
f 4585 4586 4588 4587 
f 4587 4588 4590 4589 
f 4589 4590 4562 4561 
s 2
f 4591 4592 3697 3618 
f 3698 3452 4594 4593 
f 4593 4594 4596 4595 
f 4595 4596 4598 4597 
f 4597 4598 4600 4599 
f 4599 4600 4602 4601 
f 4601 4602 4604 4603 
f 4603 4604 4606 4605 
f 4605 4606 4608 4607 
f 4607 4608 4610 4609 
f 4609 4610 4612 4611 
f 4611 4612 4614 4613 
f 4613 4614 4616 4615 
f 4615 4616 4618 4617 
f 4617 4618 4620 4619 
f 4619 4620 4592 4591 
f 4592 3699 3697 
f 3452 3699 4594 
f 4594 3699 4596 
f 4596 3699 4598 
f 4598 3699 4600 
f 4600 3699 4602 
f 4602 3699 4604 
f 4604 3699 4606 
f 4606 3699 4608 
f 4608 3699 4610 
f 4610 3699 4612 
f 4612 3699 4614 
f 4614 3699 4616 
f 4616 3699 4618 
f 4618 3699 4620 
f 4620 3699 4592 
s 1
f 4621 4561 3696 3619 
f 3700 3445 4563 4622 
f 4622 4563 4565 4623 
f 4623 4565 4567 4624 
f 4624 4567 4569 4625 
f 4625 4569 4571 4626 
f 4626 4571 4573 4627 
f 4627 4573 4575 4628 
f 4628 4575 4577 4629 
f 4629 4577 4579 4630 
f 4630 4579 4581 4631 
f 4631 4581 4583 4632 
f 4632 4583 4585 4633 
f 4633 4585 4587 4634 
f 4634 4587 4589 4635 
f 4635 4589 4561 4621 
f 3618 3444 4562 4591 
f 4591 4562 4590 4619 
f 4619 4590 4588 4617 
f 4617 4588 4586 4615 
f 4615 4586 4584 4613 
f 4613 4584 4582 4611 
f 4611 4582 4580 4609 
f 4609 4580 4578 4607 
f 4607 4578 4576 4605 
f 4605 4576 4574 4603 
f 4603 4574 4572 4601 
f 4601 4572 4570 4599 
f 4599 4570 4568 4597 
f 4597 4568 4566 4595 
f 4595 4566 4564 4593 
f 4593 4564 3617 3698 
f 3470 3672 4341 4636 
f 4636 4341 4343 4637 
f 4637 4343 4345 4638 
f 4638 4345 4347 4639 
f 4639 4347 4349 4640 
f 4640 4349 4351 4641 
f 4641 4351 4353 4642 
f 4642 4353 4355 4643 
f 4643 4355 4357 4644 
f 4644 4357 4359 4645 
f 4645 4359 4361 4646 
f 4646 4361 4363 4647 
f 4647 4363 4365 4648 
f 4648 4365 4367 4649 
f 4649 4367 4369 4650 
f 4650 4369 3449 3701 
s 2
f 4636 4531 3451 3470 
f 3701 3695 4533 4650 
f 4650 4533 4535 4649 
f 4649 4535 4537 4648 
f 4648 4537 4539 4647 
f 4647 4539 4541 4646 
f 4646 4541 4543 4645 
f 4645 4543 4545 4644 
f 4644 4545 4547 4643 
f 4643 4547 4549 4642 
f 4642 4549 4551 4641 
f 4641 4551 4553 4640 
f 4640 4553 4555 4639 
f 4639 4555 4557 4638 
f 4638 4557 4559 4637 
f 4637 4559 4531 4636 
f 3619 3694 4532 4621 
f 4621 4532 4560 4635 
f 4635 4560 4558 4634 
f 4634 4558 4556 4633 
f 4633 4556 4554 4632 
f 4632 4554 4552 4631 
f 4631 4552 4550 4630 
f 4630 4550 4548 4629 
f 4629 4548 4546 4628 
f 4628 4546 4544 4627 
f 4627 4544 4542 4626 
f 4626 4542 4540 4625 
f 4625 4540 4538 4624 
f 4624 4538 4536 4623 
f 4623 4536 4534 4622 
f 4622 4534 3616 3700 
s 1
f 4464 4465 4475 
f 4452 4393 4311 
f 4651 4654 4653 4652 
f 4655 4658 4657 4656 
f 4659 4660 4658 4655 
f 4661 4662 4660 4659 
f 4654 4651 4662 4661 
f 4656 4657 4664 4663 
f 4663 4664 4666 4665 
f 4667 4670 4669 4668 
f 4671 4672 4670 4667 
f 4673 4674 4672 4671 
f 4665 4666 4674 4673 
f 3702 3703 4676 4675 
f 3704 3705 4678 4677 
f 3620 3551 4680 4679 
f 3019 3621 4682 4681 
f 3706 3707 4684 4683 
f 3708 3706 4683 4685 
f 4668 4669 4687 4686 
f 4688 4689 3446 3709 
f 4690 4691 3453 3710 
f 4691 4692 3622 3453 
f 4692 4693 3265 3622 
f 4693 4688 3709 3265 
f 4694 4690 3710 3623 
f 4695 4694 3623 3624 
f 4696 4697 3712 3711 
f 4697 4698 3625 3712 
f 4698 4699 3713 3625 
f 4699 4695 3624 3713 
f 4675 4676 4701 4700 
f 4677 4678 4703 4702 
f 4679 4680 4705 4704 
f 4681 4682 4707 4706 
f 4683 4684 4709 4708 
f 4685 4683 4708 4710 
f 4711 4712 4689 4688 
f 4713 4714 4691 4690 
f 4714 4715 4692 4691 
f 4715 4716 4693 4692 
f 4716 4711 4688 4693 
f 4717 4713 4690 4694 
f 4718 4717 4694 4695 
f 4719 4720 4697 4696 
f 4720 4721 4698 4697 
f 4721 4722 4699 4698 
f 4722 4718 4695 4699 
f 4700 4701 4724 4723 
f 4702 4703 4726 4725 
f 4704 4705 4728 4727 
f 4706 4707 4730 4729 
f 4708 4709 4732 4731 
f 4710 4708 4731 4733 
f 4734 4735 4712 4711 
f 4736 4737 4714 4713 
f 4737 4738 4715 4714 
f 4738 4739 4716 4715 
f 4739 4734 4711 4716 
f 4740 4736 4713 4717 
f 4741 4740 4717 4718 
f 4742 4743 4720 4719 
f 4743 4744 4721 4720 
f 4744 4745 4722 4721 
f 4745 4741 4718 4722 
f 4723 4724 4747 4746 
f 4725 4726 4749 4748 
f 4727 4728 4751 4750 
f 4729 4730 4753 4752 
f 4731 4732 4755 4754 
f 4733 4731 4754 4756 
f 4757 4759 4758 
f 4760 4762 4761 
f 4763 4766 4765 4764 
f 4767 4768 3447 3626 
f 4651 4652 4735 4734 
f 4657 4658 4737 4736 
f 4658 4660 4738 4737 
f 4660 4662 4739 4738 
f 4662 4651 4734 4739 
f 4664 4657 4736 4740 
f 4666 4664 4740 4741 
f 4669 4670 4743 4742 
f 4670 4672 4744 4743 
f 4672 4674 4745 4744 
f 4674 4666 4741 4745 
f 4746 4747 4770 4769 
f 4748 4749 4772 4771 
f 4750 4751 4774 4773 
f 4752 4753 4776 4775 
f 4754 4755 4778 4777 
f 4756 4754 4777 4779 
f 4780 3714 3708 4685 
f 4781 4780 4685 4710 
f 4782 4781 4710 4733 
f 4783 4782 4733 4756 
f 4784 4783 4756 4779 
f 4785 3716 3715 4786 
f 4787 4785 4786 4788 
f 4789 4787 4788 4790 
f 4791 4789 4790 4792 
f 4793 4791 4792 4794 
f 4786 3715 3714 4780 
f 4788 4786 4780 4781 
f 4790 4788 4781 4782 
f 4792 4790 4782 4783 
f 4794 4792 4783 4784 
f 4795 4797 4796 
f 4798 4801 4800 4799 
f 4802 4805 4804 4803 
f 4806 4808 4807 
f 4809 3627 3716 4785 
f 4810 4809 4785 4787 
f 4811 4810 4787 4789 
f 4801 4811 4789 4791 
f 4800 4801 4791 4793 
f 4812 4813 4719 4696 
f 3717 4812 4696 3711 
f 4813 4814 4742 4719 
f 4814 4687 4669 4742 
f 4686 4687 4816 4815 
f 4817 4820 4819 4818 
f 3628 4817 4818 3718 
f 4820 4822 4821 4819 
f 4822 4823 4816 4821 
f 4824 4823 4806 4825 
f 4818 4819 4813 4812 
f 3718 4818 4812 3717 
f 4819 4821 4814 4813 
f 4821 4816 4687 4814 
f 4815 4816 4823 4824 
f 4764 4765 4768 4767 
f 4803 4804 4766 4763 
f 4807 4808 4805 4802 
f 4796 4797 4798 
f 4761 4762 4797 4795 
f 4758 4759 4762 4760 
f 4826 3454 4759 4757 
f 3901 4450 4035 3923 
f 4023 3466 4448 
f 4798 4797 4811 4801 
f 4797 4762 4810 4811 
f 4762 4759 4809 4810 
f 4759 3454 3627 4809 
f 3454 4826 3629 
f 4765 4766 4820 4817 
f 3447 4768 4817 3628 
f 4804 4805 4822 4820 
f 4808 4806 4823 4822 
f 4768 4765 4817 
f 4766 4804 4820 
f 4805 4808 4822 
f 4277 4653 4654 4276 
f 4276 4654 4661 4278 
f 4278 4661 4659 4279 
f 4279 4659 4655 4280 
f 4280 4655 4656 4281 
f 4281 4656 4663 4313 
f 4313 4663 4665 4158 
f 4158 4665 4673 4157 
f 4157 4673 4671 4317 
f 4317 4671 4667 4162 
f 4162 4667 4668 4161 
f 4161 4668 4686 4321 
f 4321 4686 4815 4166 
f 4166 4815 4824 4165 
f 4165 4824 4825 4325 
f 4325 4825 4806 4170 
f 4170 4806 4807 4169 
f 4169 4807 4802 4329 
f 4329 4802 4803 4174 
f 4174 4803 4763 4173 
f 4173 4763 4764 4335 
f 4335 4764 4767 4177 
f 4177 4767 3626 3668 
f 3468 3629 4826 4283 
f 4283 4826 4757 4282 
f 4282 4757 4758 4285 
f 4285 4758 4760 4284 
f 4284 4760 4761 4287 
f 4287 4761 4795 4286 
f 4286 4795 4796 4289 
f 4289 4796 4798 4288 
f 4288 4798 4799 4291 
f 4291 4799 4800 4290 
f 4290 4800 4793 4293 
f 4293 4793 4794 4292 
f 4292 4794 4784 4295 
f 4295 4784 4779 4294 
f 4294 4779 4777 4296 
f 4296 4777 4778 4298 
f 4297 4775 4776 4300 
f 4299 4773 4774 4302 
f 4301 4771 4772 4304 
f 4303 4769 4770 4305 
f 4827 4828 4392 3803 
f 4827 4830 4829 3780 
f 4830 4832 4831 4829 
f 4832 4834 4833 4831 
f 4834 4836 4835 4833 
f 4836 4838 4837 4835 
f 4839 4842 4841 4840 
f 4843 4846 4845 4844 
f 4847 4849 4848 3942 
f 4850 4851 4436 4432 
f 4847 4852 4403 3887 
f 4853 4854 4418 4402 
f 4855 4856 4413 4417 
f 4857 4858 4407 4412 
f 4859 4860 4427 4406 
f 4861 4862 4433 4426 
f 4849 4864 4863 4848 
f 4843 4866 4865 3868 
f 4853 4852 3943 3954 
f 4859 4858 3999 4006 
f 4857 4856 3959 3998 
f 4855 4854 3955 3958 
f 4861 4860 4007 4014 
f 4850 4862 4015 3915 
f 3630 4851 3916 3719 
f 4867 4467 4468 3796 
f 4867 4869 4868 3777 
f 4869 4871 4870 4868 
f 4871 4873 4872 4870 
f 4873 4875 4874 4872 
f 4875 4877 4876 4874 
f 4878 4881 4880 4879 
f 4882 4885 4884 4883 
f 4886 4888 4887 3939 
f 4889 4890 4434 4429 
f 4886 4891 4399 3891 
f 4892 4893 4415 4398 
f 4894 4895 4411 4414 
f 4896 4897 4405 4410 
f 4898 4899 4423 4404 
f 4900 4901 4430 4422 
f 4888 4903 4902 4887 
f 4882 4905 4904 3856 
f 4892 4891 3940 3946 
f 4898 4897 3995 4002 
f 4896 4895 3951 3994 
f 4894 4893 3947 3950 
f 4900 4899 4003 4010 
f 4889 4901 4011 3911 
f 3471 4890 3912 3720 
f 3738 4467 3778 3775 
f 4469 4828 3742 
f 4098 3761 3817 4097 
f 4097 3817 4906 4154 
f 4153 3842 3843 4150 
f 4149 4072 4073 4146 
f 4145 3863 3864 4142 
f 4141 4048 4049 4139 
f 4136 4907 3961 4135 
f 4135 3961 3962 4132 
f 4132 3962 3965 4131 
f 4131 3965 3966 4128 
f 4128 3966 4419 4127 
f 4127 4419 4908 4124 
f 4124 4908 4909 4123 
f 4123 4909 4910 4120 
f 4120 4910 3871 4119 
f 4119 3871 3872 4116 
f 4116 3872 4420 4115 
f 4115 4420 3885 4112 
f 4112 3885 3882 4111 
f 4111 3882 3918 4109 
f 4109 3918 3682 3667 
f 3685 3631 4911 4338 
f 4338 4911 4912 4334 
f 4334 4912 4913 4333 
f 4333 4913 4914 4332 
f 4332 4914 4915 4269 
f 4269 4915 4916 4268 
f 4268 4916 4917 4328 
f 4328 4917 4397 4267 
f 4267 4397 4395 4266 
f 4266 4395 4396 4324 
f 4324 4396 4918 4265 
f 4265 4918 4919 4264 
f 4264 4919 4920 4320 
f 4320 4920 4921 4263 
f 4263 4921 4922 4262 
f 4262 4922 4923 4316 
f 4316 4923 4924 4261 
f 4261 4924 4925 4107 
f 4107 4925 4926 4105 
f 4105 4926 3765 4103 
f 4103 3765 3760 4101 
f 4101 3760 3761 4098 
f 3762 3763 4928 4927 
f 3763 3764 3819 4928 
f 3818 3762 4927 4929 
f 3820 3764 3765 4926 
f 3821 3820 4926 4925 
f 3818 3824 4906 3817 
f 4075 3844 4930 4080 
f 4051 3865 4931 4052 
f 3873 3874 3875 4424 
f 3877 3874 3871 4910 
f 3880 3881 4909 4908 
f 3883 3884 4428 4431 
f 3919 3883 4431 4435 
f 3963 3964 3886 4400 
f 3967 3968 4401 4416 
f 4017 3964 3961 4907 
f 4017 4050 4053 3889 
f 3866 4074 4081 4932 
f 3968 3963 4400 4401 
f 3881 3877 4910 4909 
f 4409 3880 4908 4419 
f 4409 3967 4416 4408 
f 4421 3873 4424 4425 
f 4421 3884 3885 4420 
f 3683 3919 4435 3680 
f 3780 3742 4828 4827 
f 3887 3888 4849 4847 
f 3888 4054 4864 4849 
f 4844 4082 4866 4843 
f 4402 4403 4852 4853 
f 4406 4407 4858 4859 
f 4412 4413 4856 4857 
f 4417 4418 4854 4855 
f 4426 4427 4860 4861 
f 4432 4433 4862 4850 
f 3681 4436 4851 3630 
f 3780 4829 3819 3779 
f 4829 4831 4928 3819 
f 4831 4833 4927 4928 
f 4833 4835 4929 4927 
f 4835 4837 3823 4929 
f 4840 4841 4930 3822 
f 4844 4845 4931 4932 
f 4432 4436 4435 4431 
f 3887 4403 4400 3886 
f 4402 4418 4416 4401 
f 4417 4413 3879 4408 
f 4412 4407 3876 3878 
f 4406 4427 4424 3875 
f 4426 4433 4428 4425 
f 3803 3804 4830 4827 
f 3804 3805 4832 4830 
f 3805 3810 4834 4832 
f 3810 3814 4836 4834 
f 3814 3830 4838 4836 
f 3850 3851 4842 4839 
f 3868 3869 4846 4843 
f 3915 3916 4851 4850 
f 3942 3943 4852 4847 
f 3954 3955 4854 4853 
f 3958 3959 4856 4855 
f 3998 3999 4858 4857 
f 4006 4007 4860 4859 
f 4014 4015 4862 4861 
f 3803 4392 4340 3776 
f 3942 4848 3893 3890 
f 4848 4863 4041 3893 
f 3868 4865 4065 3867 
f 3954 3943 3944 3953 
f 4006 3999 4000 4005 
f 3998 3959 3960 3997 
f 3958 3955 3956 3957 
f 4014 4007 4008 4013 
f 3915 4015 4016 3914 
f 3719 3916 3917 3679 
f 3777 3778 4467 4867 
f 3891 3892 4888 4886 
f 3892 4042 4903 4888 
f 4883 4066 4905 4882 
f 4398 4399 4891 4892 
f 4404 4405 4897 4898 
f 4410 4411 4895 4896 
f 4414 4415 4893 4894 
f 4422 4423 4899 4900 
f 4429 4430 4901 4889 
f 3441 4434 4890 3471 
f 3777 4868 3802 3776 
f 4868 4870 3806 3802 
f 4870 4872 3809 3806 
f 4872 4874 3813 3809 
f 4874 4876 3831 3813 
f 4879 4880 3852 3849 
f 4883 4884 3870 3867 
f 4429 4434 3917 3914 
f 3891 4399 3944 3890 
f 4398 4415 3956 3953 
f 4414 4411 3960 3957 
f 4410 4405 4000 3997 
f 4404 4423 4008 4005 
f 4422 4430 4016 4013 
f 3787 3788 3798 3795 
f 3788 3791 3799 3798 
f 3791 3801 3808 3799 
f 3839 3828 3826 3838 
f 3801 3829 3811 3808 
f 3839 3840 3837 3834 
f 3860 3861 3858 3855 
f 3895 3896 4933 3920 
f 3907 3908 3913 3910 
f 3895 3921 3941 3894 
f 3928 3929 3948 3945 
f 3936 3937 3952 3949 
f 3974 3975 3996 3993 
f 3982 3983 4004 4001 
f 3990 3991 4012 4009 
f 3896 4046 4057 4933 
f 3860 4070 4077 3859 
f 3787 4339 3732 3773 
f 3928 3921 3922 3927 
f 3982 3975 3976 3981 
f 3974 3937 3938 3973 
f 3936 3929 3930 3935 
f 3990 3983 3984 3989 
f 3907 3991 3992 3906 
f 3467 3908 3909 3677 
f 3899 3900 3922 3920 
f 3903 3904 3909 3906 
f 3924 3925 3930 3927 
f 3932 3933 3938 3935 
f 3970 3971 3976 3973 
f 3978 3979 3984 3981 
f 3986 3987 3992 3989 
f 3924 3900 3901 3923 
f 3978 3971 3972 3977 
f 3970 3933 3934 3969 
f 3932 3925 3926 3931 
f 3986 3979 3980 3985 
f 3903 3987 3988 3902 
f 3611 3904 3905 3612 
f 3728 3729 3730 3731 
f 3774 3729 3726 3766 
f 3774 3781 3789 3773 
f 3781 3783 3790 3789 
f 3783 3785 3792 3790 
f 3794 3785 3786 4934 
f 3846 3827 4935 3845 
f 3846 3847 3841 3838 
f 4019 4020 3862 3859 
f 4096 4058 4037 3898 
f 4019 4078 4061 4018 
f 4096 3899 3920 4933 
f 3796 3797 4869 4867 
f 3797 3800 4871 4869 
f 3800 3807 4873 4871 
f 3807 3812 4875 4873 
f 3812 3815 4877 4875 
f 3835 3836 4881 4878 
f 3856 3857 4885 4882 
f 3911 3912 4890 4889 
f 3939 3940 4891 4886 
f 3946 3947 4893 4892 
f 3950 3951 4895 4894 
f 3994 3995 4897 4896 
f 4002 4003 4899 4898 
f 4010 4011 4901 4900 
f 3796 4468 3736 3795 
f 3939 4887 3897 3894 
f 4887 4902 4045 3897 
f 3856 4904 4069 3855 
f 3946 3940 3941 3945 
f 4002 3995 3996 4001 
f 3994 3951 3952 3993 
f 3950 3947 3948 3949 
f 4010 4003 4004 4009 
f 3911 4011 4012 3910 
f 3720 3912 3913 3678 
f 4344 3728 3731 4346 
f 3731 3732 4339 3734 
f 3734 4339 3733 
f 4372 4923 4922 
f 4371 4921 4920 
f 4306 4307 4919 4918 
f 4308 4309 4397 4917 
f 4310 4308 4916 4915 
f 4310 4914 4913 
f 3671 4312 4912 4911 
f 4371 4372 4922 4921 
f 4394 4310 4913 
f 4306 4309 3752 3750 
f 4308 4917 4916 
f 4310 4915 4914 
f 3671 4911 3631 
f 4306 4918 4396 
f 4307 4371 4920 4919 
f 4372 3821 4924 4923 
f 4312 4394 4913 4912 
f 3821 4925 4924 
f 4037 4038 4449 3898 
f 4041 4042 3892 3893 
f 4045 4046 3896 3897 
f 4049 4050 4017 4907 
f 4053 4054 3888 3889 
f 4057 4058 4096 4933 
f 3666 4095 4936 3721 
f 4139 4140 4144 4141 
f 4223 4224 4219 4220 
f 4224 4140 4137 4219 
f 4298 4223 4220 4296 
f 4684 3707 3019 4681 
f 4709 4684 4681 4706 
f 4732 4709 4706 4729 
f 4755 4732 4729 4752 
f 4778 4755 4752 4775 
f 4298 4778 4775 4297 
f 4863 4864 4938 4937 
f 4902 4903 4940 4939 
f 4139 4049 4907 4136 
f 4053 4050 4051 4052 
f 4864 4054 4055 4938 
f 4041 4863 4937 4040 
f 4903 4042 4043 4940 
f 4057 4046 4047 4056 
f 4037 4058 4059 4036 
f 4045 4902 4939 4044 
f 3854 3665 3721 4936 
f 3857 3858 4044 4939 
f 3861 3862 4056 4047 
f 3864 3865 4051 4048 
f 3869 3870 4040 4937 
f 4020 4021 4036 4059 
f 4061 4062 4092 4018 
f 4065 4066 4883 3867 
f 4069 4070 3860 3855 
f 4073 4074 3866 3863 
f 4077 4078 4019 3859 
f 4081 4082 4844 4932 
f 4021 4093 4039 4036 
f 3550 4094 4941 3465 
f 4142 4143 4148 4145 
f 4146 4147 4152 4149 
f 4227 4228 4221 4222 
f 4231 4232 4225 4226 
f 4228 4143 4144 4221 
f 4232 4147 4148 4225 
f 4300 4227 4222 4297 
f 4302 4231 4226 4299 
f 4680 3551 3704 4677 
f 4682 3621 3620 4679 
f 4705 4680 4677 4702 
f 4707 4682 4679 4704 
f 4728 4705 4702 4725 
f 4730 4707 4704 4727 
f 4751 4728 4725 4748 
f 4753 4730 4727 4750 
f 4774 4751 4748 4771 
f 4776 4753 4750 4773 
f 4300 4776 4773 4299 
f 4302 4774 4771 4301 
f 4845 4846 4938 4055 
f 4865 4866 4943 4942 
f 4884 4885 4940 4043 
f 4904 4905 4945 4944 
f 4146 4073 3863 4145 
f 4142 3864 4048 4141 
f 4931 3865 3866 4932 
f 4081 4074 4075 4080 
f 4866 4082 4083 4943 
f 4931 4845 4055 4052 
f 4846 3869 4937 4938 
f 4065 4865 4942 4064 
f 4905 4066 4067 4945 
f 3870 4884 4043 4040 
f 3858 3861 4047 4044 
f 4077 4070 4071 4076 
f 3862 4020 4059 4056 
f 4061 4078 4079 4060 
f 4885 3857 4939 4940 
f 4069 4904 4944 4068 
f 3833 3608 3465 4941 
f 3836 3837 4068 4944 
f 3840 3841 4076 4071 
f 3843 3844 4075 4072 
f 3847 3848 4060 4079 
f 3851 3852 4064 4942 
f 3848 4091 4063 4060 
f 4150 4151 4156 4153 
f 4235 4236 4229 4230 
f 4236 4151 4152 4229 
f 4304 4235 4230 4301 
f 4678 3705 3702 4675 
f 4703 4678 4675 4700 
f 4726 4703 4700 4723 
f 4749 4726 4723 4746 
f 4772 4749 4746 4769 
f 4304 4772 4769 4303 
f 4841 4842 4943 4083 
f 4880 4881 4945 4067 
f 4150 3843 4072 4149 
f 4930 3844 3825 3822 
f 4930 4841 4083 4080 
f 4842 3851 4942 4943 
f 3852 4880 4067 4064 
f 3837 3840 4071 4068 
f 3841 3847 4079 4076 
f 4881 3836 4944 4945 
f 3768 3604 3664 3832 
f 3815 3816 3834 3835 
f 3823 3824 3818 4929 
f 3826 3827 3846 3838 
f 3816 3828 3839 3834 
f 3830 3831 3849 3850 
f 4935 4085 4090 3845 
f 4154 4155 4100 4097 
f 4237 4238 4233 4234 
f 4238 4155 4156 4233 
f 4305 4237 4234 4303 
f 4676 3703 3446 4689 
f 4701 4676 4689 4712 
f 4724 4701 4712 4735 
f 4747 4724 4735 4652 
f 4770 4747 4652 4653 
f 4305 4770 4653 4277 
f 4837 4838 4839 4840 
f 4876 4877 4878 4879 
f 4154 4906 3842 4153 
f 4906 3824 3825 3842 
f 3823 4837 4840 3822 
f 4838 3830 3850 4839 
f 3831 4876 4879 3849 
f 3826 3828 3829 3793 
f 4935 3827 3794 4934 
f 4877 3815 3835 4878 
f 4024 4025 4438 4437 
f 4026 4027 4440 4439 
f 4028 4029 4442 4441 
f 4030 4031 4444 4443 
f 4032 4033 4446 4445 
f 4034 4035 4448 4447 
f 4038 4039 4936 4095 
f 4062 4063 4941 4094 
f 4084 4085 4935 4934 
f 4086 4084 4934 3786 
f 4087 4086 3786 3784 
f 4088 4087 3784 3782 
f 4089 4088 3782 3766 
f 4090 4091 3848 3845 
f 4092 4093 4021 4018 
f 4033 4024 4437 4446 
f 4025 4034 4447 4438 
f 4031 4026 4439 4444 
f 3660 4028 4441 3442 
f 4029 4030 4443 4442 
f 4027 4032 4445 4440 
f 4449 4450 3901 3898 
f 4035 4450 4023 4448 
f 4449 4038 4095 4022 
f 4092 4062 4094 3853 
f 4039 4093 3854 4936 
f 4063 4091 3833 4941 
f 4090 4085 3768 3832 
f 4089 3723 3772 
f 3742 3743 3744 4469 
f 4373 4392 4828 4469 
f 4946 4953 4954 4947 
f 4947 4954 4955 4948 
f 4948 4955 4956 4949 
f 4949 4956 4957 4950 
f 5236 5237 5268 5269 
f 5300 5301 5332 5333 
f 4953 4960 4961 4954 
f 4954 4961 4962 4955 
f 4955 4962 4963 4956 
f 4956 4963 4964 4957 
f 5237 5238 5299 5268 
f 5301 5302 5363 5332 
f 4960 4967 4968 4961 
f 4961 4968 4969 4962 
f 4962 4969 4970 4963 
f 4963 4970 4971 4964 
f 5238 5239 5298 5299 
f 5302 5303 5362 5363 
f 4967 4974 4975 4968 
f 4968 4975 4976 4969 
f 4969 4976 4977 4970 
f 4970 4977 4978 4971 
f 5239 5240 5297 5298 
f 5303 5304 5361 5362 
f 4974 4981 4982 4975 
f 4975 4982 4983 4976 
f 4976 4983 4984 4977 
f 4977 4984 4985 4978 
f 5240 5241 5296 5297 
f 5304 5305 5360 5361 
f 4981 4988 4989 4982 
f 4982 4989 4990 4983 
f 4983 4990 4991 4984 
f 4984 4991 4992 4985 
f 5241 5242 5295 5296 
f 5305 5306 5359 5360 
f 4988 4995 4996 4989 
f 4989 4996 4997 4990 
f 4990 4997 4998 4991 
f 4991 4998 4999 4992 
f 5242 5243 5294 5295 
f 5306 5307 5358 5359 
f 4995 5002 5003 4996 
f 4996 5003 5004 4997 
f 4997 5004 5005 4998 
f 4998 5005 5006 4999 
f 5243 5244 5293 5294 
f 5307 5308 5357 5358 
f 5002 5009 5010 5003 
f 5003 5010 5011 5004 
f 5004 5011 5012 5005 
f 5005 5012 5013 5006 
f 5244 5245 5292 5293 
f 5308 5309 5356 5357 
f 5009 5016 5017 5010 
f 5010 5017 5018 5011 
f 5011 5018 5019 5012 
f 5012 5019 5020 5013 
f 5245 5246 5291 5292 
f 5309 5310 5355 5356 
f 5016 5023 5024 5017 
f 5017 5024 5025 5018 
f 5018 5025 5026 5019 
f 5019 5026 5027 5020 
f 5246 5247 5290 5291 
f 5310 5311 5354 5355 
f 5023 5030 5031 5024 
f 5024 5031 5032 5025 
f 5025 5032 5033 5026 
f 5026 5033 5034 5027 
f 5247 5248 5289 5290 
f 5311 5312 5353 5354 
f 5030 5037 5038 5031 
f 5031 5038 5039 5032 
f 5032 5039 5040 5033 
f 5033 5040 5041 5034 
f 5248 5249 5288 5289 
f 5312 5313 5352 5353 
f 5037 5044 5045 5038 
f 5038 5045 5046 5039 
f 5039 5046 5047 5040 
f 5040 5047 5048 5041 
f 5249 5250 5287 5288 
f 5313 5314 5351 5352 
f 5044 5051 5052 5045 
f 5045 5052 5053 5046 
f 5046 5053 5054 5047 
f 5047 5054 5055 5048 
f 5250 5251 5286 5287 
f 5314 5315 5350 5351 
f 5051 5058 5059 5052 
f 5052 5059 5060 5053 
f 5053 5060 5061 5054 
f 5054 5061 5062 5055 
f 5251 5252 5285 5286 
f 5315 5316 5349 5350 
f 5058 5065 5066 5059 
f 5059 5066 5067 5060 
f 5060 5067 5068 5061 
f 5061 5068 5069 5062 
f 5252 5253 5284 5285 
f 5316 5317 5348 5349 
f 5065 5072 5073 5066 
f 5066 5073 5074 5067 
f 5067 5074 5075 5068 
f 5068 5075 5076 5069 
f 5253 5254 5283 5284 
f 5317 5318 5347 5348 
f 5072 5079 5080 5073 
f 5073 5080 5081 5074 
f 5074 5081 5082 5075 
f 5075 5082 5083 5076 
f 5254 5255 5282 5283 
f 5318 5319 5346 5347 
f 5079 5086 5087 5080 
f 5080 5087 5088 5081 
f 5081 5088 5089 5082 
f 5082 5089 5090 5083 
f 5255 5256 5281 5282 
f 5319 5320 5345 5346 
f 5086 5093 5094 5087 
f 5087 5094 5095 5088 
f 5088 5095 5096 5089 
f 5089 5096 5097 5090 
f 5256 5257 5280 5281 
f 5320 5321 5344 5345 
f 5093 5100 5101 5094 
f 5094 5101 5102 5095 
f 5095 5102 5103 5096 
f 5096 5103 5104 5097 
f 5257 5258 5279 5280 
f 5321 5322 5343 5344 
f 5100 5107 5108 5101 
f 5101 5108 5109 5102 
f 5102 5109 5110 5103 
f 5103 5110 5111 5104 
f 5258 5259 5278 5279 
f 5322 5323 5342 5343 
f 5107 5114 5115 5108 
f 5108 5115 5116 5109 
f 5109 5116 5117 5110 
f 5110 5117 5118 5111 
f 5259 5260 5277 5278 
f 5323 5324 5341 5342 
f 5114 5121 5122 5115 
f 5115 5122 5123 5116 
f 5116 5123 5124 5117 
f 5117 5124 5125 5118 
f 5260 5261 5276 5277 
f 5324 5325 5340 5341 
f 5121 5128 5129 5122 
f 5122 5129 5130 5123 
f 5123 5130 5131 5124 
f 5124 5131 5132 5125 
f 5261 5262 5275 5276 
f 5325 5326 5339 5340 
f 5128 5135 5136 5129 
f 5129 5136 5137 5130 
f 5130 5137 5138 5131 
f 5131 5138 5139 5132 
f 5262 5263 5274 5275 
f 5326 5327 5338 5339 
f 5135 5142 5143 5136 
f 5136 5143 5144 5137 
f 5137 5144 5145 5138 
f 5138 5145 5146 5139 
f 5263 5264 5273 5274 
f 5327 5328 5337 5338 
f 5142 5149 5150 5143 
f 5143 5150 5151 5144 
f 5144 5151 5152 5145 
f 5145 5152 5153 5146 
f 5264 5265 5272 5273 
f 5328 5329 5336 5337 
f 5149 5156 5157 5150 
f 5150 5157 5158 5151 
f 5151 5158 5159 5152 
f 5152 5159 5160 5153 
f 5265 5266 5271 5272 
f 5329 5330 5335 5336 
f 5156 5163 5164 5157 
f 5157 5164 5165 5158 
f 5158 5165 5166 5159 
f 5159 5166 5167 5160 
f 5266 5267 5270 5271 
f 5330 5331 5334 5335 
f 5163 4946 4947 5164 
f 5164 4947 4948 5165 
f 5165 4948 4949 5166 
f 5166 4949 4950 5167 
f 5267 5236 5269 5270 
f 5331 5300 5333 5334 
s 2
f 4952 4959 5171 5170 
f 4959 4966 5172 5171 
f 4966 4973 5173 5172 
f 4973 4980 5174 5173 
f 4980 4987 5175 5174 
f 4987 4994 5176 5175 
f 4994 5001 5177 5176 
f 5001 5008 5178 5177 
f 5008 5015 5179 5178 
f 5015 5022 5180 5179 
f 5022 5029 5181 5180 
f 5029 5036 5182 5181 
f 5036 5043 5183 5182 
f 5043 5050 5184 5183 
f 5050 5057 5185 5184 
f 5057 5064 5186 5185 
f 5064 5071 5187 5186 
f 5071 5078 5188 5187 
f 5078 5085 5189 5188 
f 5085 5092 5190 5189 
f 5092 5099 5191 5190 
f 5099 5106 5192 5191 
f 5106 5113 5193 5192 
f 5113 5120 5194 5193 
f 5120 5127 5195 5194 
f 5127 5134 5196 5195 
f 5134 5141 5197 5196 
f 5141 5148 5198 5197 
f 5148 5155 5199 5198 
f 5155 5162 5200 5199 
f 5162 5169 5201 5200 
f 5169 4952 5170 5201 
f 5170 5171 5202 
f 5171 5172 5202 
f 5172 5173 5202 
f 5173 5174 5202 
f 5174 5175 5202 
f 5175 5176 5202 
f 5176 5177 5202 
f 5177 5178 5202 
f 5178 5179 5202 
f 5179 5180 5202 
f 5180 5181 5202 
f 5181 5182 5202 
f 5182 5183 5202 
f 5183 5184 5202 
f 5184 5185 5202 
f 5185 5186 5202 
f 5186 5187 5202 
f 5187 5188 5202 
f 5188 5189 5202 
f 5189 5190 5202 
f 5190 5191 5202 
f 5191 5192 5202 
f 5192 5193 5202 
f 5193 5194 5202 
f 5194 5195 5202 
f 5195 5196 5202 
f 5196 5197 5202 
f 5197 5198 5202 
f 5198 5199 5202 
f 5199 5200 5202 
f 5200 5201 5202 
f 5201 5170 5202 
s 1
f 4953 4946 5204 5203 
f 4946 5163 5205 5204 
f 5163 5156 5206 5205 
f 5156 5149 5207 5206 
f 5149 5142 5208 5207 
f 5142 5135 5209 5208 
f 5135 5128 5210 5209 
f 5128 5121 5211 5210 
f 5121 5114 5212 5211 
f 5114 5107 5213 5212 
f 5107 5100 5214 5213 
f 5100 5093 5215 5214 
f 5093 5086 5216 5215 
f 5086 5079 5217 5216 
f 5079 5072 5218 5217 
f 5072 5065 5219 5218 
f 5065 5058 5220 5219 
f 5058 5051 5221 5220 
f 5051 5044 5222 5221 
f 5044 5037 5223 5222 
f 5037 5030 5224 5223 
f 5030 5023 5225 5224 
f 5023 5016 5226 5225 
f 5016 5009 5227 5226 
f 5009 5002 5228 5227 
f 5002 4995 5229 5228 
f 4995 4988 5230 5229 
f 4988 4981 5231 5230 
f 4981 4974 5232 5231 
f 4974 4967 5233 5232 
f 4967 4960 5234 5233 
f 4960 4953 5203 5234 
f 5203 5204 5235 
f 5204 5205 5235 
f 5205 5206 5235 
f 5206 5207 5235 
f 5207 5208 5235 
f 5208 5209 5235 
f 5209 5210 5235 
f 5210 5211 5235 
f 5211 5212 5235 
f 5212 5213 5235 
f 5213 5214 5235 
f 5214 5215 5235 
f 5215 5216 5235 
f 5216 5217 5235 
f 5217 5218 5235 
f 5218 5219 5235 
f 5219 5220 5235 
f 5220 5221 5235 
f 5221 5222 5235 
f 5222 5223 5235 
f 5223 5224 5235 
f 5224 5225 5235 
f 5225 5226 5235 
f 5226 5227 5235 
f 5227 5228 5235 
f 5228 5229 5235 
f 5229 5230 5235 
f 5230 5231 5235 
f 5231 5232 5235 
f 5232 5233 5235 
f 5233 5234 5235 
f 5234 5203 5235 
f 4950 4957 5237 5236 
f 4957 4964 5238 5237 
f 4964 4971 5239 5238 
f 4971 4978 5240 5239 
f 4978 4985 5241 5240 
f 4985 4992 5242 5241 
f 4992 4999 5243 5242 
f 4999 5006 5244 5243 
f 5006 5013 5245 5244 
f 5013 5020 5246 5245 
f 5020 5027 5247 5246 
f 5027 5034 5248 5247 
f 5034 5041 5249 5248 
f 5041 5048 5250 5249 
f 5048 5055 5251 5250 
f 5055 5062 5252 5251 
f 5062 5069 5253 5252 
f 5069 5076 5254 5253 
f 5076 5083 5255 5254 
f 5083 5090 5256 5255 
f 5090 5097 5257 5256 
f 5097 5104 5258 5257 
f 5104 5111 5259 5258 
f 5111 5118 5260 5259 
f 5118 5125 5261 5260 
f 5125 5132 5262 5261 
f 5132 5139 5263 5262 
f 5139 5146 5264 5263 
f 5146 5153 5265 5264 
f 5153 5160 5266 5265 
f 5160 5167 5267 5266 
f 5167 4950 5236 5267 
s 2
f 4958 4951 5269 5268 
f 4951 5168 5270 5269 
f 5168 5161 5271 5270 
f 5161 5154 5272 5271 
f 5154 5147 5273 5272 
f 5147 5140 5274 5273 
f 5140 5133 5275 5274 
f 5133 5126 5276 5275 
f 5126 5119 5277 5276 
f 5119 5112 5278 5277 
f 5112 5105 5279 5278 
f 5105 5098 5280 5279 
f 5098 5091 5281 5280 
f 5091 5084 5282 5281 
f 5084 5077 5283 5282 
f 5077 5070 5284 5283 
f 5070 5063 5285 5284 
f 5063 5056 5286 5285 
f 5056 5049 5287 5286 
f 5049 5042 5288 5287 
f 5042 5035 5289 5288 
f 5035 5028 5290 5289 
f 5028 5021 5291 5290 
f 5021 5014 5292 5291 
f 5014 5007 5293 5292 
f 5007 5000 5294 5293 
f 5000 4993 5295 5294 
f 4993 4986 5296 5295 
f 4986 4979 5297 5296 
f 4979 4972 5298 5297 
f 4972 4965 5299 5298 
f 4965 4958 5268 5299 
s 1
f 4951 4958 5301 5300 
f 4958 4965 5302 5301 
f 4965 4972 5303 5302 
f 4972 4979 5304 5303 
f 4979 4986 5305 5304 
f 4986 4993 5306 5305 
f 4993 5000 5307 5306 
f 5000 5007 5308 5307 
f 5007 5014 5309 5308 
f 5014 5021 5310 5309 
f 5021 5028 5311 5310 
f 5028 5035 5312 5311 
f 5035 5042 5313 5312 
f 5042 5049 5314 5313 
f 5049 5056 5315 5314 
f 5056 5063 5316 5315 
f 5063 5070 5317 5316 
f 5070 5077 5318 5317 
f 5077 5084 5319 5318 
f 5084 5091 5320 5319 
f 5091 5098 5321 5320 
f 5098 5105 5322 5321 
f 5105 5112 5323 5322 
f 5112 5119 5324 5323 
f 5119 5126 5325 5324 
f 5126 5133 5326 5325 
f 5133 5140 5327 5326 
f 5140 5147 5328 5327 
f 5147 5154 5329 5328 
f 5154 5161 5330 5329 
f 5161 5168 5331 5330 
f 5168 4951 5300 5331 
f 4959 4952 5333 5332 
f 4952 5169 5334 5333 
f 5169 5162 5335 5334 
f 5162 5155 5336 5335 
f 5155 5148 5337 5336 
f 5148 5141 5338 5337 
f 5141 5134 5339 5338 
f 5134 5127 5340 5339 
f 5127 5120 5341 5340 
f 5120 5113 5342 5341 
f 5113 5106 5343 5342 
f 5106 5099 5344 5343 
f 5099 5092 5345 5344 
f 5092 5085 5346 5345 
f 5085 5078 5347 5346 
f 5078 5071 5348 5347 
f 5071 5064 5349 5348 
f 5064 5057 5350 5349 
f 5057 5050 5351 5350 
f 5050 5043 5352 5351 
f 5043 5036 5353 5352 
f 5036 5029 5354 5353 
f 5029 5022 5355 5354 
f 5022 5015 5356 5355 
f 5015 5008 5357 5356 
f 5008 5001 5358 5357 
f 5001 4994 5359 5358 
f 4994 4987 5360 5359 
f 4987 4980 5361 5360 
f 4980 4973 5362 5361 
f 4973 4966 5363 5362 
f 4966 4959 5332 5363 
s 2
f 1348 1351 1350 
# 5133 polygons - 414 triangles

