# 3ds Max Wavefront OBJ Exporter v0.99 - (c)2007 guruware
# File Created: 15.07.2022 19:01:03

#
# object 18775T
#

v  8.5193 -1.3438 -1.7157
v  8.5488 -1.3709 -1.5760
v  8.5935 -1.3063 -1.3648
v  8.6350 -1.2078 -1.1683
v  8.6728 -1.0787 -0.9896
v  8.7060 -0.9202 -0.8328
v  8.7152 -0.7819 -0.7892
v  8.4900 -1.3357 -1.8544
v  8.7278 -0.6536 -0.7296
v  8.0779 -0.7555 -0.6425
v  8.0769 -0.8791 -0.6860
v  7.9581 -1.2982 -1.2501
v  8.0023 -1.1953 -1.0421
v  8.0417 -1.0579 -0.8540
v  7.9081 -1.3631 -1.4837
v  7.8734 -1.3414 -1.6085
v  7.8476 -1.3357 -1.7201
v  7.9804 -0.5970 -0.8613
v  7.9782 -0.6949 -0.8950
v  7.8846 -1.0261 -1.3410
v  7.9190 -0.9449 -1.1763
v  7.9508 -0.8362 -1.0279
v  7.8452 -1.0774 -1.5257
v  7.8189 -1.0598 -1.6244
v  7.7986 -1.0553 -1.7129
v  7.8910 -0.4154 -1.0891
v  7.8884 -0.4681 -1.1087
v  7.8241 -0.7194 -1.4145
v  7.8435 -0.6756 -1.3237
v  7.8605 -0.6151 -1.2426
v  7.7834 -0.7689 -1.6047
v  7.7706 -0.7609 -1.6590
v  7.7597 -0.7590 -1.7078
v  7.7791 -0.3902 -1.4832
v  7.7323 -0.4451 -1.7052
v  8.1114 -0.9222 -0.6111
v  8.1183 -0.9225 -0.6126
v  8.1088 -0.9189 -0.6168
v  8.1114 -0.8060 -0.5717
v  8.1088 -0.8021 -0.5772
v  8.1182 -0.8062 -0.5732
v  8.1193 -0.6993 -0.5211
v  8.1262 -0.6993 -0.5225
v  8.1113 -0.9383 -0.6177
v  8.1182 -0.9385 -0.6192
v  8.1097 -0.9531 -0.6269
v  8.1074 -0.9479 -0.6311
v  8.1165 -0.9534 -0.6285
v  7.9346 -1.4552 -1.4549
v  7.9415 -1.4553 -1.4561
v  7.9327 -1.4487 -1.4569
v  7.9840 -1.3861 -1.2212
v  7.9821 -1.3797 -1.2233
v  7.9909 -1.3862 -1.2225
v  8.0310 -1.2763 -0.9990
v  8.0289 -1.2704 -1.0022
v  8.0379 -1.2764 -1.0004
v  8.0735 -1.1296 -0.7983
v  8.0711 -1.1244 -0.8023
v  8.0803 -1.1298 -0.7997
v  7.9308 -1.4564 -1.4715
v  7.9378 -1.4565 -1.4727
v  7.9259 -1.4544 -1.4885
v  7.9245 -1.4474 -1.4881
v  7.9328 -1.4545 -1.4897
v  7.8929 -1.4325 -1.6046
v  7.8998 -1.4325 -1.6059
v  7.8914 -1.4254 -1.6049
v  7.8652 -1.4263 -1.7228
v  7.8721 -1.4263 -1.7243
v  7.8639 -1.4194 -1.7226
v  7.9291 -1.4496 -1.4723
v  8.1088 -0.9340 -0.6227
v  8.7439 -0.5348 -0.6535
v  8.7635 -0.4247 -0.5606
v  8.7743 -0.2055 -0.5098
v  8.7774 0.0177 -0.4950
v  8.7732 0.2405 -0.5150
v  8.7614 0.4584 -0.5709
v  8.7412 0.5662 -0.6663
v  8.7245 0.6831 -0.7452
v  8.0979 0.5895 -0.5477
v  8.1236 0.4907 -0.4656
v  8.1394 -0.2181 -0.3926
v  8.1432 0.0175 -0.3758
v  8.1381 0.2527 -0.3980
v  8.1258 -0.4575 -0.4543
v  8.1005 -0.5585 -0.5342
v  8.0856 -0.6549 -0.5947
v  7.9962 0.4660 -0.7862
v  8.0151 0.3881 -0.7206
v  8.0279 -0.1722 -0.6631
v  8.0304 0.0141 -0.6495
v  8.0270 0.1999 -0.6674
v  8.0173 -0.3614 -0.7119
v  7.9984 -0.4410 -0.7756
v  7.9866 -0.5173 -0.8235
v  7.8992 0.3477 -1.0498
v  7.9080 0.3043 -1.0151
v  7.9212 -0.0920 -0.9551
v  7.9238 0.0103 -0.9470
v  7.9208 0.1123 -0.9575
v  7.9091 -0.2852 -1.0081
v  7.9009 -0.3295 -1.0419
v  7.8951 -0.3718 -1.0680
v  7.8929 0.3882 -1.0760
v  7.8259 0.0064 -1.2655
v  7.8117 -0.2175 -1.3298
v  8.1574 0.5388 -0.3934
v  8.1644 0.5386 -0.3947
v  8.1548 0.5351 -0.3990
v  8.1326 0.6303 -0.4714
v  8.1299 0.6271 -0.4773
v  8.1395 0.6301 -0.4727
v  8.1162 0.7279 -0.5362
v  8.1230 0.7279 -0.5376
v  8.1609 0.5252 -0.3833
v  8.1678 0.5250 -0.3845
v  8.1629 0.5096 -0.3754
v  8.1601 0.5083 -0.3817
v  8.1698 0.5094 -0.3766
v  8.1653 -0.4743 -0.3639
v  8.1722 -0.4741 -0.3652
v  8.1625 -0.4731 -0.3703
v  8.1776 -0.2329 -0.3056
v  8.1748 -0.2318 -0.3120
v  8.1845 -0.2328 -0.3069
v  8.1815 0.0187 -0.2876
v  8.1787 0.0186 -0.2940
v  8.1883 0.0187 -0.2889
v  8.1764 0.2697 -0.3115
v  8.1736 0.2685 -0.3178
v  8.1833 0.2696 -0.3128
v  8.1635 -0.4896 -0.3711
v  8.1704 -0.4894 -0.3724
v  8.1600 -0.5039 -0.3812
v  8.1574 -0.5003 -0.3869
v  8.1670 -0.5037 -0.3825
v  8.1356 -0.5973 -0.4570
v  8.1425 -0.5971 -0.4584
v  8.1329 -0.5943 -0.4630
v  8.1168 -0.6960 -0.5267
v  8.1607 -0.4873 -0.3772
v  8.1582 0.5227 -0.3892
v  8.7113 0.8099 -0.8078
v  8.7014 0.9471 -0.8546
v  8.6674 1.1018 -1.0150
v  8.6290 1.2264 -1.1967
v  8.5870 1.3201 -1.3955
v  8.5420 1.3796 -1.6081
v  8.5126 1.3491 -1.7471
v  8.4834 1.3376 -1.8856
v  7.8670 1.3460 -1.6399
v  7.9015 1.3707 -1.5159
v  8.0365 1.0810 -0.8790
v  7.9964 1.2138 -1.0702
v  7.9515 1.3115 -1.2805
v  8.0724 0.9066 -0.7069
v  8.0739 0.7838 -0.6605
v  8.0826 0.6817 -0.6088
v  7.8137 1.0639 -1.6493
v  7.8395 1.0839 -1.5510
v  7.9466 0.8548 -1.0476
v  7.9143 0.9599 -1.1986
v  7.8795 1.0370 -1.3650
v  7.9751 0.7169 -0.9116
v  7.9773 0.6198 -0.8755
v  7.9843 0.5389 -0.8347
v  7.7939 1.0572 -1.7352
v  7.7664 0.7641 -1.6767
v  7.7794 0.7733 -1.6227
v  7.8576 0.6284 -1.2571
v  7.8408 0.6868 -1.3398
v  7.8203 0.7284 -1.4313
v  7.8859 0.4846 -1.1199
v  7.8887 0.4324 -1.0990
v  7.7563 0.7609 -1.7241
v  7.7779 0.3974 -1.4926
v  7.8100 0.2285 -1.3348
v  7.9187 1.4620 -1.5225
v  7.9256 1.4621 -1.5238
v  7.9174 1.4550 -1.5220
v  7.8859 1.4372 -1.6381
v  7.8844 1.4302 -1.6383
v  7.8928 1.4373 -1.6394
v  7.8588 1.4282 -1.7530
v  7.8657 1.4282 -1.7545
v  7.9235 1.4644 -1.5060
v  7.9304 1.4645 -1.5072
v  7.9274 1.4637 -1.4889
v  7.9256 1.4571 -1.4908
v  7.9343 1.4637 -1.4901
v  8.1049 0.9819 -0.6495
v  8.1117 0.9821 -0.6511
v  8.1026 0.9766 -0.6536
v  8.0678 1.1541 -0.8249
v  8.0655 1.1488 -0.8289
v  8.0747 1.1543 -0.8264
v  8.0247 1.2959 -1.0291
v  8.0226 1.2899 -1.0321
v  8.0315 1.2960 -1.0305
v  7.9772 1.4003 -1.2537
v  7.9753 1.3938 -1.2557
v  7.9840 1.4003 -1.2550
v  8.1066 0.9677 -0.6401
v  8.1135 0.9680 -0.6417
v  8.1068 0.9514 -0.6329
v  8.1041 0.9480 -0.6386
v  8.1137 0.9517 -0.6345
v  8.1073 0.8362 -0.5909
v  8.1142 0.8363 -0.5924
v  8.1047 0.8321 -0.5963
v  8.1136 0.7244 -0.5417
v  8.1041 0.9633 -0.6450
v  7.9219 1.4576 -1.5067
v  8.4540 1.3457 -2.0243
v  8.4245 1.3728 -2.1640
v  8.3798 1.3082 -2.3752
v  8.3383 1.2097 -2.5717
v  8.3005 1.0806 -2.7504
v  8.2673 0.9221 -2.9072
v  8.2581 0.7838 -2.9508
v  7.6160 0.7574 -2.8270
v  7.6327 0.8810 -2.7868
v  7.7524 1.3000 -2.2229
v  7.7086 1.1972 -2.4310
v  7.6685 1.0598 -2.6190
v  7.8012 1.3650 -1.9890
v  7.8200 1.3433 -1.8609
v  7.8417 1.3376 -1.7484
v  7.6153 0.5989 -2.5875
v  7.6271 0.6968 -2.5558
v  7.7219 1.0280 -2.1100
v  7.6868 0.9467 -2.2745
v  7.6558 0.8381 -2.4231
v  7.7607 1.0793 -1.9252
v  7.7766 1.0617 -1.8243
v  7.6258 0.4172 -2.3429
v  7.6314 0.4699 -2.3239
v  7.6964 0.7212 -2.0183
v  7.6773 0.6775 -2.1092
v  7.6601 0.6170 -2.1902
v  7.7362 0.7708 -1.8279
v  7.7464 0.7628 -1.7731
v  7.6210 0.3737 -2.3639
v  7.6831 0.3920 -1.9373
v  7.7301 0.4469 -1.7154
v  7.6339 0.9241 -2.8693
v  7.6408 0.9244 -2.8707
v  7.6338 0.9208 -2.8629
v  7.6179 0.8079 -2.9053
v  7.6178 0.8040 -2.8992
v  7.6248 0.8080 -2.9067
v  7.6365 0.9402 -2.8632
v  7.6434 0.9404 -2.8646
v  7.6387 0.9550 -2.8541
v  7.6383 0.9498 -2.8493
v  7.6456 0.9552 -2.8554
v  7.8138 1.4571 -2.0261
v  7.8206 1.4572 -2.0279
v  7.8129 1.4506 -2.0235
v  7.7644 1.3880 -2.2598
v  7.7635 1.3816 -2.2571
v  7.7712 1.3881 -2.2614
v  7.7174 1.2782 -2.4820
v  7.7168 1.2723 -2.4783
v  7.7243 1.2783 -2.4835
v  7.6750 1.1315 -2.6827
v  7.6745 1.1263 -2.6781
v  7.6818 1.1317 -2.6842
v  7.8170 1.4583 -2.0094
v  7.8239 1.4584 -2.0111
v  7.8194 1.4563 -1.9919
v  7.8180 1.4493 -1.9917
v  7.8263 1.4563 -1.9936
v  7.8363 1.4344 -1.8724
v  7.8432 1.4344 -1.8740
v  7.8351 1.4273 -1.8715
v  7.8575 1.4213 -1.7527
v  7.8159 1.4515 -2.0080
v  7.6362 0.9359 -2.8576
v  8.2294 0.5367 -3.0866
v  8.2098 0.4266 -3.1794
v  8.1990 0.2073 -3.2302
v  8.1959 -0.0158 -3.2450
v  8.1971 -0.1278 -3.2393
v  8.2455 0.6555 -3.0104
v  7.5959 -0.5876 -2.9218
v  7.5861 -0.4888 -3.0073
v  7.5710 0.2200 -3.0804
v  7.5677 -0.0157 -3.0973
v  7.5721 -0.2508 -3.0749
v  7.5836 0.4593 -3.0184
v  7.5928 0.5604 -2.9351
v  7.6037 0.6568 -2.8738
v  7.5995 -0.4641 -2.6625
v  7.5902 -0.3862 -2.7301
v  7.5786 0.1741 -2.7880
v  7.5754 -0.0122 -2.8013
v  7.5796 -0.1980 -2.7836
v  7.5886 0.3633 -2.7390
v  7.5972 0.4429 -2.6731
v  7.6058 0.5192 -2.6245
v  7.6174 -0.3458 -2.3822
v  7.6114 -0.3024 -2.4175
v  7.5991 0.0938 -2.4777
v  7.5983 -0.0085 -2.4861
v  7.5998 -0.1104 -2.4753
v  7.6096 0.2871 -2.4243
v  7.6157 0.3314 -2.3901
v  7.6377 -0.0045 -2.1552
v  7.6508 0.2194 -2.0907
v  7.5879 -0.5369 -3.0869
v  7.5947 -0.5368 -3.0886
v  7.5877 -0.5332 -3.0808
v  7.5967 -0.6284 -3.0056
v  7.5966 -0.6252 -2.9991
v  7.6035 -0.6283 -3.0071
v  7.5869 -0.5233 -3.0976
v  7.5938 -0.5231 -3.0993
v  7.5855 -0.5077 -3.1056
v  7.5856 -0.5064 -3.0987
v  7.5924 -0.5075 -3.1073
v  7.5831 0.4762 -3.1171
v  7.5899 0.4760 -3.1187
v  7.5832 0.4750 -3.1102
v  7.5708 0.2348 -3.1754
v  7.5708 0.2337 -3.1685
v  7.5776 0.2347 -3.1770
v  7.5670 -0.0168 -3.1934
v  7.5670 -0.0167 -3.1864
v  7.5738 -0.0168 -3.1950
v  7.5720 -0.2678 -3.1695
v  7.5720 -0.2666 -3.1626
v  7.5789 -0.2677 -3.1711
v  7.5844 0.4915 -3.1097
v  7.5912 0.4913 -3.1114
v  7.5853 0.5058 -3.0991
v  7.5852 0.5022 -3.0929
v  7.5922 0.5056 -3.1008
v  7.5937 0.5991 -3.0199
v  7.6005 0.5990 -3.0215
v  7.5936 0.5962 -3.0134
v  7.6047 0.7012 -2.9548
v  7.6116 0.7012 -2.9562
v  7.6046 0.6979 -2.9486
v  7.5843 0.4892 -3.1031
v  7.5869 -0.5208 -3.0910
v  8.3443 -1.2246 -2.5433
v  8.3863 -1.3182 -2.3446
v  8.4313 -1.3777 -2.1319
v  8.4607 -1.3472 -1.9929
v  7.8269 -1.3441 -1.8295
v  7.8082 -1.3689 -1.9569
v  7.6739 -1.0791 -2.5940
v  7.7146 -1.2119 -2.4029
v  7.7587 -1.3097 -2.1924
v  7.6370 -0.9047 -2.7658
v  7.6195 -0.7820 -2.8089
v  7.6067 -0.6799 -2.8597
v  7.7820 -1.0620 -1.7994
v  7.7658 -1.0820 -1.8997
v  7.6599 -0.8529 -2.4034
v  7.6915 -0.9580 -2.2522
v  7.7271 -1.0351 -2.0860
v  7.6309 -0.7150 -2.5392
v  7.6183 -0.6179 -2.5732
v  7.6082 -0.5370 -2.6134
v  7.7498 -0.7622 -1.7552
v  7.7398 -0.7714 -1.8099
v  7.6633 -0.6265 -2.1758
v  7.6814 -0.6849 -2.0934
v  7.6997 -0.7265 -2.0014
v  7.6336 -0.4827 -2.3127
v  7.6277 -0.4305 -2.3330
v  7.6222 -0.3863 -2.3556
v  7.6857 -0.3955 -1.9282
v  7.6512 -0.2266 -2.0855
v  7.8266 -1.4601 -1.9578
v  7.8335 -1.4602 -1.9595
v  7.8252 -1.4531 -1.9577
v  7.8434 -1.4353 -1.8388
v  7.8421 -1.4283 -1.8381
v  7.8503 -1.4354 -1.8404
v  7.8243 -1.4625 -1.9748
v  7.8312 -1.4626 -1.9766
v  7.8210 -1.4618 -1.9921
v  7.8201 -1.4552 -1.9896
v  7.8278 -1.4618 -1.9938
v  7.6435 -0.9800 -2.8315
v  7.6504 -0.9802 -2.8328
v  7.6431 -0.9747 -2.8269
v  7.6806 -1.1523 -2.6561
v  7.6801 -1.1469 -2.6516
v  7.6875 -1.1524 -2.6575
v  7.7238 -1.2940 -2.4519
v  7.7231 -1.2880 -2.4484
v  7.7306 -1.2941 -2.4534
v  7.7713 -1.3984 -2.2273
v  7.7704 -1.3919 -2.2247
v  7.7781 -1.3984 -2.2289
v  7.6413 -0.9658 -2.8408
v  7.6385 -0.9495 -2.8474
v  7.6384 -0.9461 -2.8411
v  7.6454 -0.9498 -2.8488
v  7.6220 -0.8343 -2.8861
v  7.6289 -0.8344 -2.8875
v  7.6218 -0.8302 -2.8801
v  7.6079 -0.7260 -2.9397
v  7.6148 -0.7260 -2.9411
v  7.6078 -0.7225 -2.9336
v  7.6410 -0.9614 -2.8353
v  7.6482 -0.9661 -2.8421
v  7.8232 -1.4557 -1.9735
v  8.4902 -1.4263 -1.8533
v  8.4902 -1.4193 -1.8534
v  8.4833 -1.4263 -1.8519
v  8.5177 -1.4341 -1.7233
v  8.5108 -1.4341 -1.7220
v  8.5178 -1.4271 -1.7227
v  8.5444 -1.4601 -1.5969
v  8.5375 -1.4601 -1.5956
v  8.5447 -1.4533 -1.5956
v  8.5522 -1.4612 -1.5600
v  8.5520 -1.4542 -1.5609
v  8.5453 -1.4611 -1.5589
v  8.5996 -1.3920 -1.3361
v  8.5927 -1.3920 -1.3348
v  8.5991 -1.3854 -1.3383
v  8.6446 -1.2857 -1.1231
v  8.6377 -1.2856 -1.1217
v  8.6439 -1.2796 -1.1266
v  8.6855 -1.1456 -0.9297
v  8.6787 -1.1454 -0.9282
v  8.6845 -1.1404 -0.9343
v  8.7207 -0.9778 -0.7630
v  8.7139 -0.9775 -0.7615
v  8.7196 -0.9737 -0.7685
v  8.7227 -0.9618 -0.7529
v  8.7214 -0.9587 -0.7590
v  8.7158 -0.9616 -0.7514
v  8.7243 -0.9443 -0.7462
v  8.7229 -0.9421 -0.7528
v  8.7174 -0.9440 -0.7447
v  8.7324 -0.8183 -0.7080
v  8.7255 -0.8182 -0.7065
v  8.7310 -0.8155 -0.7143
v  8.7441 -0.6979 -0.6524
v  8.7373 -0.6979 -0.6510
v  8.7429 -0.6945 -0.6584
v  8.5483 -1.4556 -1.5781
v  8.5482 -1.4626 -1.5783
v  8.5413 -1.4625 -1.5771
v  8.7593 -0.5867 -0.5808
v  8.7524 -0.5868 -0.5794
v  8.7581 -0.5827 -0.5864
v  8.7773 -0.4878 -0.4955
v  8.7704 -0.4880 -0.4942
v  8.7762 -0.4833 -0.5007
v  8.7814 -0.4557 -0.4762
v  8.7800 -0.4530 -0.4825
v  8.7745 -0.4559 -0.4749
v  8.7927 -0.2229 -0.4228
v  8.7858 -0.2230 -0.4215
v  8.7913 -0.2216 -0.4295
v  8.7961 0.0188 -0.4064
v  8.7893 0.0188 -0.4051
v  8.7947 0.0187 -0.4133
v  8.7915 0.2600 -0.4284
v  8.7846 0.2601 -0.4271
v  8.7901 0.2585 -0.4351
v  8.7791 0.4915 -0.4872
v  8.7722 0.4917 -0.4860
v  8.7777 0.4886 -0.4935
v  8.7771 0.5083 -0.4957
v  8.7759 0.5045 -0.5014
v  8.7702 0.5085 -0.4944
v  8.7748 0.5231 -0.5073
v  8.7737 0.5184 -0.5124
v  8.7679 0.5233 -0.5060
v  8.7563 0.6199 -0.5949
v  8.7494 0.6200 -0.5935
v  8.7551 0.6157 -0.6004
v  8.7406 0.7293 -0.6691
v  8.7338 0.7293 -0.6676
v  8.7394 0.7257 -0.6750
v  8.7784 -0.4690 -0.4900
v  8.7796 -0.4726 -0.4841
v  8.7727 -0.4728 -0.4829
v  8.7282 0.8483 -0.7275
v  8.7214 0.8482 -0.7260
v  8.7269 0.8453 -0.7337
v  8.7196 0.9733 -0.7686
v  8.7127 0.9730 -0.7671
v  8.7182 0.9709 -0.7751
v  8.7158 1.0064 -0.7861
v  8.7147 1.0021 -0.7916
v  8.7090 1.0061 -0.7846
v  8.6798 1.1701 -0.9567
v  8.6729 1.1699 -0.9553
v  8.6788 1.1648 -0.9613
v  8.6382 1.3054 -1.1533
v  8.6313 1.3053 -1.1519
v  8.6375 1.2993 -1.1567
v  8.5926 1.4065 -1.3687
v  8.5858 1.4065 -1.3674
v  8.5922 1.3998 -1.3708
v  8.5450 1.4702 -1.5943
v  8.5381 1.4701 -1.5931
v  8.5448 1.4633 -1.5950
v  8.5409 1.4711 -1.6127
v  8.5409 1.4641 -1.6124
v  8.5340 1.4711 -1.6116
v  8.5372 1.4683 -1.6310
v  8.5375 1.4614 -1.6296
v  8.5303 1.4682 -1.6298
v  8.5106 1.4391 -1.7568
v  8.5037 1.4391 -1.7555
v  8.5107 1.4322 -1.7561
v  8.4831 1.4282 -1.8867
v  8.4763 1.4282 -1.8852
v  8.4831 1.4212 -1.8866
v  8.7167 0.9875 -0.7818
v  8.7179 0.9909 -0.7758
v  8.7111 0.9906 -0.7743
v  8.4556 1.4360 -2.0167
v  8.4488 1.4360 -2.0151
v  8.4555 1.4290 -2.0173
v  8.4289 1.4620 -2.1432
v  8.4221 1.4620 -2.1415
v  8.4286 1.4551 -2.1444
v  8.4211 1.4631 -2.1800
v  8.4213 1.4561 -2.1791
v  8.4143 1.4630 -2.1783
v  8.3737 1.3939 -2.4040
v  8.3669 1.3938 -2.4023
v  8.3742 1.3873 -2.4017
v  8.3287 1.2876 -2.6169
v  8.3219 1.2874 -2.6154
v  8.3295 1.2815 -2.6134
v  8.2878 1.1475 -2.8103
v  8.2810 1.1473 -2.8089
v  8.2888 1.1423 -2.8057
v  8.2526 0.9797 -2.9770
v  8.2457 0.9794 -2.9757
v  8.2537 0.9756 -2.9715
v  8.2503 0.9637 -2.9870
v  8.2515 0.9606 -2.9809
v  8.2434 0.9635 -2.9857
v  8.2490 0.9461 -2.9938
v  8.2504 0.9440 -2.9873
v  8.2422 0.9459 -2.9924
v  8.2409 0.8202 -3.0320
v  8.2341 0.8201 -3.0306
v  8.2423 0.8174 -3.0257
v  8.2292 0.6998 -3.0876
v  8.2223 0.6998 -3.0862
v  8.2304 0.6964 -3.0816
v  8.4249 1.4574 -2.1619
v  8.4249 1.4644 -2.1617
v  8.4181 1.4644 -2.1600
v  8.2140 0.5886 -3.1593
v  8.2072 0.5887 -3.1577
v  8.2152 0.5846 -3.1536
v  8.1960 0.4897 -3.2446
v  8.1892 0.4899 -3.2429
v  8.1971 0.4851 -3.2393
v  8.1919 0.4576 -3.2638
v  8.1933 0.4549 -3.2575
v  8.1851 0.4578 -3.2622
v  8.1806 0.2248 -3.3172
v  8.1738 0.2249 -3.3156
v  8.1821 0.2234 -3.3105
v  8.1772 -0.0169 -3.3336
v  8.1704 -0.0169 -3.3320
v  8.1786 -0.0168 -3.3267
v  8.1785 -0.1382 -3.3274
v  8.1717 -0.1382 -3.3258
v  8.1799 -0.1374 -3.3205
v  8.1948 0.4708 -3.2500
v  8.1935 0.4745 -3.2558
v  8.1867 0.4747 -3.2542
v  8.3137 -1.2398 -2.6878
v  8.3069 -1.2397 -2.6864
v  8.3146 -1.2341 -2.6839
v  8.3065 -1.2155 -2.7220
v  8.3077 -1.2195 -2.7164
v  8.3077 -1.2119 -2.7162
v  8.2996 -1.2144 -2.7219
v  8.3351 -1.3035 -2.5867
v  8.3283 -1.3034 -2.5852
v  8.3358 -1.2974 -2.5833
v  8.3806 -1.4046 -2.3713
v  8.3738 -1.4046 -2.3697
v  8.3811 -1.3980 -2.3692
v  8.4283 -1.4683 -2.1458
v  8.4216 -1.4683 -2.1440
v  8.4285 -1.4614 -2.1451
v  8.4321 -1.4693 -2.1272
v  8.4320 -1.4623 -2.1276
v  8.4253 -1.4692 -2.1255
v  8.4361 -1.4664 -2.1090
v  8.4358 -1.4595 -2.1104
v  8.4293 -1.4663 -2.1073
v  8.4627 -1.4373 -1.9832
v  8.4559 -1.4372 -1.9816
v  8.4626 -1.4303 -1.9839
v  8.0746 -1.1625 -2.7378
v  8.0759 -1.1588 -2.7319
v  8.0630 -1.1622 -2.7354
v  8.1757 -1.1940 -2.7206
v  8.1643 -1.1948 -2.7166
v  8.1770 -1.1903 -2.7147
v  7.9788 -1.1186 -2.7685
v  7.9710 -1.1195 -2.7655
v  7.9801 -1.1149 -2.7625
v  7.8168 -0.9869 -2.8660
v  7.8180 -0.9832 -2.8601
v  7.8089 -0.9866 -2.8644
v  7.8072 -0.9684 -2.8680
v  7.8059 -0.9721 -2.8738
v  7.7981 -0.9718 -2.8723
v  7.7969 -0.9552 -2.8793
v  7.7982 -0.9514 -2.8733
v  7.7895 -0.9549 -2.8778
v  7.7524 -0.8368 -2.9125
v  7.7537 -0.8331 -2.9066
v  7.7453 -0.8367 -2.9111
v  7.7320 -0.7259 -2.9660
v  7.7251 -0.7259 -2.9645
v  8.1806 -0.2153 -3.3172
v  8.1804 -0.2083 -3.3181
v  8.1740 -0.2167 -3.3156
v  8.1819 -0.2116 -3.3114
v  8.1033 -0.2321 -3.2980
v  8.0900 -0.2298 -3.2952
v  8.1046 -0.2284 -3.2921
v  8.0313 -0.2605 -3.2765
v  8.0325 -0.2568 -3.2706
v  8.0171 -0.2608 -3.2732
v  7.9281 -0.3210 -3.2404
v  7.9193 -0.3196 -3.2386
v  7.9294 -0.3173 -3.2344
v  7.7763 -0.5021 -3.1517
v  7.7776 -0.4984 -3.1458
v  7.7681 -0.5023 -3.1498
v  7.7680 -0.5175 -3.1417
v  7.7599 -0.5178 -3.1397
v  7.7692 -0.5139 -3.1358
v  7.7611 -0.5325 -3.1283
v  7.7534 -0.5327 -3.1265
v  7.7624 -0.5288 -3.1223
v  7.7340 -0.6252 -3.0372
v  7.7271 -0.6254 -3.0356
v  7.7353 -0.6215 -3.0313
v  7.7332 -0.7223 -2.9601
v  8.1979 -0.1562 -3.2356
v  8.3091 -1.2159 -2.7095
v  8.3006 -1.2186 -2.7162
v  8.1737 -0.2096 -3.3164
v  8.1752 -0.2131 -3.3097
v  8.3008 -1.2107 -2.7161
v  8.1818 -0.2037 -3.3118
v  -0.9943 0.0000 -13.9743
v  -1.0051 0.0000 -13.9711
v  -1.0108 0.0000 -13.9654
v  -1.0137 0.0000 -13.9582
v  -1.0137 0.0000 -13.9510
v  -1.0108 0.0000 -13.9438
v  -1.0063 0.0000 -13.9391
v  -1.0004 0.0000 -13.9359
v  -0.8916 0.0000 -13.9026
v  -0.7404 0.0000 -13.8633
v  -0.5896 0.0000 -13.8316
v  -0.4397 0.0000 -13.8075
v  -0.2911 0.0000 -13.7907
v  -0.1444 0.0000 -13.7808
v  -0.9752 -0.1940 -13.9743
v  -0.9858 -0.1961 -13.9711
v  -0.9914 -0.1972 -13.9654
v  -0.9942 -0.1978 -13.9582
v  -0.9942 -0.1978 -13.9510
v  -0.9914 -0.1972 -13.9438
v  -0.9869 -0.1963 -13.9391
v  -0.9812 -0.1952 -13.9359
v  -0.8744 -0.1739 -13.9026
v  -0.7262 -0.1444 -13.8633
v  -0.5783 -0.1150 -13.8316
v  -0.4312 -0.0858 -13.8075
v  -0.2855 -0.0568 -13.7907
v  -0.1417 -0.0282 -13.7808
v  -0.9186 -0.3805 -13.9743
v  -0.9286 -0.3846 -13.9711
v  -0.9339 -0.3868 -13.9654
v  -0.9365 -0.3879 -13.9582
v  -0.9365 -0.3879 -13.9510
v  -0.9339 -0.3868 -13.9438
v  -0.9297 -0.3851 -13.9391
v  -0.9243 -0.3828 -13.9359
v  -0.8237 -0.3412 -13.9026
v  -0.6840 -0.2833 -13.8633
v  -0.5447 -0.2256 -13.8316
v  -0.4062 -0.1683 -13.8075
v  -0.2690 -0.1114 -13.7907
v  -0.1335 -0.0553 -13.7808
v  -0.8268 -0.5524 -13.9743
v  -0.8357 -0.5584 -13.9711
v  -0.8405 -0.5616 -13.9654
v  -0.8429 -0.5632 -13.9582
v  -0.8429 -0.5632 -13.9510
v  -0.8405 -0.5616 -13.9438
v  -0.8367 -0.5591 -13.9391
v  -0.8318 -0.5558 -13.9359
v  -0.7413 -0.4953 -13.9026
v  -0.6156 -0.4113 -13.8633
v  -0.4902 -0.3276 -13.8316
v  -0.3656 -0.2443 -13.8075
v  -0.2421 -0.1617 -13.7907
v  -0.1201 -0.0802 -13.7808
v  -0.7031 -0.7031 -13.9743
v  -0.7107 -0.7107 -13.9711
v  -0.7148 -0.7148 -13.9654
v  -0.7168 -0.7168 -13.9582
v  -0.7168 -0.7168 -13.9510
v  -0.7148 -0.7148 -13.9438
v  -0.7115 -0.7115 -13.9391
v  -0.7074 -0.7074 -13.9359
v  -0.6304 -0.6304 -13.9026
v  -0.5235 -0.5235 -13.8633
v  -0.4169 -0.4169 -13.8316
v  -0.3109 -0.3109 -13.8075
v  -0.2059 -0.2059 -13.7907
v  -0.1021 -0.1021 -13.7808
v  -0.5524 -0.8268 -13.9743
v  -0.5584 -0.8357 -13.9711
v  -0.5616 -0.8405 -13.9654
v  -0.5632 -0.8429 -13.9582
v  -0.5632 -0.8429 -13.9510
v  -0.5616 -0.8405 -13.9438
v  -0.5591 -0.8367 -13.9391
v  -0.5558 -0.8318 -13.9359
v  -0.4953 -0.7413 -13.9026
v  -0.4113 -0.6156 -13.8633
v  -0.3276 -0.4902 -13.8316
v  -0.2443 -0.3656 -13.8075
v  -0.1617 -0.2421 -13.7907
v  -0.0803 -0.1201 -13.7808
v  -0.3805 -0.9186 -13.9743
v  -0.3846 -0.9286 -13.9711
v  -0.3868 -0.9339 -13.9654
v  -0.3879 -0.9365 -13.9582
v  -0.3879 -0.9365 -13.9510
v  -0.3868 -0.9339 -13.9438
v  -0.3851 -0.9297 -13.9391
v  -0.3828 -0.9243 -13.9359
v  -0.3412 -0.8237 -13.9026
v  -0.2833 -0.6840 -13.8633
v  -0.2256 -0.5447 -13.8316
v  -0.1683 -0.4062 -13.8075
v  -0.1114 -0.2690 -13.7907
v  -0.0553 -0.1335 -13.7808
v  -0.1940 -0.9752 -13.9743
v  -0.1961 -0.9858 -13.9711
v  -0.1972 -0.9914 -13.9654
v  -0.1978 -0.9942 -13.9582
v  -0.1978 -0.9942 -13.9510
v  -0.1972 -0.9914 -13.9438
v  -0.1963 -0.9869 -13.9391
v  -0.1952 -0.9812 -13.9359
v  -0.1739 -0.8744 -13.9026
v  -0.1444 -0.7262 -13.8633
v  -0.1150 -0.5783 -13.8316
v  -0.0858 -0.4312 -13.8075
v  -0.0568 -0.2855 -13.7907
v  -0.0282 -0.1417 -13.7808
v  0.0000 -0.9943 -13.9743
v  0.0000 -1.0051 -13.9711
v  0.0000 -1.0108 -13.9654
v  0.0000 -1.0137 -13.9582
v  0.0000 -1.0137 -13.9510
v  0.0000 -1.0108 -13.9438
v  0.0000 -1.0063 -13.9391
v  0.0000 -1.0004 -13.9359
v  0.0000 -0.8916 -13.9026
v  0.0000 -0.7404 -13.8633
v  0.0000 -0.5896 -13.8316
v  0.0000 -0.4397 -13.8075
v  0.0000 -0.2911 -13.7907
v  0.0000 -0.1444 -13.7808
v  0.1940 -0.9752 -13.9743
v  0.1961 -0.9858 -13.9711
v  0.1972 -0.9914 -13.9654
v  0.1978 -0.9942 -13.9582
v  0.1978 -0.9942 -13.9510
v  0.1972 -0.9914 -13.9438
v  0.1963 -0.9869 -13.9391
v  0.1952 -0.9812 -13.9359
v  0.1739 -0.8744 -13.9026
v  0.1444 -0.7262 -13.8633
v  0.1150 -0.5783 -13.8316
v  0.0858 -0.4312 -13.8075
v  0.0568 -0.2855 -13.7907
v  0.0282 -0.1417 -13.7808
v  0.3805 -0.9186 -13.9743
v  0.3846 -0.9286 -13.9711
v  0.3868 -0.9339 -13.9654
v  0.3879 -0.9365 -13.9582
v  0.3879 -0.9365 -13.9510
v  0.3868 -0.9339 -13.9438
v  0.3851 -0.9297 -13.9391
v  0.3828 -0.9243 -13.9359
v  0.3412 -0.8237 -13.9026
v  0.2833 -0.6840 -13.8633
v  0.2256 -0.5447 -13.8316
v  0.1683 -0.4062 -13.8075
v  0.1114 -0.2690 -13.7907
v  0.0553 -0.1335 -13.7808
v  0.5524 -0.8268 -13.9743
v  0.5584 -0.8357 -13.9711
v  0.5616 -0.8405 -13.9654
v  0.5632 -0.8429 -13.9582
v  0.5632 -0.8429 -13.9510
v  0.5616 -0.8405 -13.9438
v  0.5591 -0.8367 -13.9391
v  0.5558 -0.8318 -13.9359
v  0.4953 -0.7413 -13.9026
v  0.4113 -0.6156 -13.8633
v  0.3276 -0.4902 -13.8316
v  0.2443 -0.3656 -13.8075
v  0.1618 -0.2421 -13.7907
v  0.0803 -0.1201 -13.7808
v  0.7031 -0.7031 -13.9743
v  0.7107 -0.7107 -13.9711
v  0.7148 -0.7148 -13.9654
v  0.7168 -0.7168 -13.9582
v  0.7168 -0.7168 -13.9510
v  0.7148 -0.7148 -13.9438
v  0.7115 -0.7115 -13.9391
v  0.7074 -0.7074 -13.9359
v  0.6304 -0.6304 -13.9026
v  0.5235 -0.5235 -13.8633
v  0.4169 -0.4169 -13.8316
v  0.3109 -0.3109 -13.8075
v  0.2059 -0.2059 -13.7907
v  0.1021 -0.1021 -13.7808
v  0.8268 -0.5524 -13.9743
v  0.8357 -0.5584 -13.9711
v  0.8405 -0.5616 -13.9654
v  0.8429 -0.5632 -13.9582
v  0.8429 -0.5632 -13.9510
v  0.8405 -0.5616 -13.9438
v  0.8367 -0.5591 -13.9391
v  0.8318 -0.5558 -13.9359
v  0.7413 -0.4953 -13.9026
v  0.6156 -0.4113 -13.8633
v  0.4902 -0.3276 -13.8316
v  0.3656 -0.2443 -13.8075
v  0.2421 -0.1617 -13.7907
v  0.1201 -0.0802 -13.7808
v  0.9186 -0.3805 -13.9743
v  0.9286 -0.3846 -13.9711
v  0.9339 -0.3868 -13.9654
v  0.9365 -0.3879 -13.9582
v  0.9365 -0.3879 -13.9510
v  0.9339 -0.3868 -13.9438
v  0.9297 -0.3851 -13.9391
v  0.9243 -0.3828 -13.9359
v  0.8237 -0.3412 -13.9026
v  0.6840 -0.2833 -13.8633
v  0.5447 -0.2256 -13.8316
v  0.4062 -0.1683 -13.8075
v  0.2690 -0.1114 -13.7907
v  0.1335 -0.0553 -13.7808
v  0.9752 -0.1940 -13.9743
v  0.9858 -0.1961 -13.9711
v  0.9914 -0.1972 -13.9654
v  0.9942 -0.1978 -13.9582
v  0.9942 -0.1978 -13.9510
v  0.9914 -0.1972 -13.9438
v  0.9869 -0.1963 -13.9391
v  0.9812 -0.1952 -13.9359
v  0.8744 -0.1739 -13.9026
v  0.7262 -0.1444 -13.8633
v  0.5783 -0.1150 -13.8316
v  0.4312 -0.0858 -13.8075
v  0.2855 -0.0568 -13.7907
v  0.1417 -0.0282 -13.7808
v  0.9943 0.0000 -13.9743
v  1.0051 0.0000 -13.9711
v  1.0108 0.0000 -13.9654
v  1.0137 0.0000 -13.9582
v  1.0137 0.0000 -13.9510
v  1.0108 0.0000 -13.9438
v  1.0063 0.0000 -13.9391
v  1.0004 0.0000 -13.9359
v  0.8916 0.0000 -13.9026
v  0.7404 0.0000 -13.8633
v  0.5896 0.0000 -13.8316
v  0.4397 0.0000 -13.8075
v  0.2911 0.0000 -13.7907
v  0.1444 0.0000 -13.7808
v  0.9752 0.1940 -13.9743
v  0.9858 0.1961 -13.9711
v  0.9914 0.1972 -13.9654
v  0.9942 0.1978 -13.9582
v  0.9942 0.1978 -13.9510
v  0.9914 0.1972 -13.9438
v  0.9869 0.1963 -13.9391
v  0.9812 0.1952 -13.9359
v  0.8744 0.1739 -13.9026
v  0.7262 0.1444 -13.8633
v  0.5783 0.1150 -13.8316
v  0.4312 0.0858 -13.8075
v  0.2855 0.0568 -13.7907
v  0.1417 0.0282 -13.7808
v  0.9186 0.3805 -13.9743
v  0.9286 0.3846 -13.9711
v  0.9339 0.3868 -13.9654
v  0.9365 0.3879 -13.9582
v  0.9365 0.3879 -13.9510
v  0.9339 0.3868 -13.9438
v  0.9297 0.3851 -13.9391
v  0.9243 0.3828 -13.9359
v  0.8237 0.3412 -13.9026
v  0.6840 0.2833 -13.8633
v  0.5447 0.2256 -13.8316
v  0.4062 0.1683 -13.8075
v  0.2690 0.1114 -13.7907
v  0.1335 0.0553 -13.7808
v  0.8268 0.5524 -13.9743
v  0.8357 0.5584 -13.9711
v  0.8405 0.5616 -13.9654
v  0.8429 0.5632 -13.9582
v  0.8429 0.5632 -13.9510
v  0.8405 0.5616 -13.9438
v  0.8367 0.5591 -13.9391
v  0.8318 0.5558 -13.9359
v  0.7413 0.4953 -13.9026
v  0.6156 0.4113 -13.8633
v  0.4902 0.3276 -13.8316
v  0.3656 0.2443 -13.8075
v  0.2421 0.1618 -13.7907
v  0.1201 0.0803 -13.7808
v  0.7031 0.7031 -13.9743
v  0.7107 0.7107 -13.9711
v  0.7148 0.7148 -13.9654
v  0.7168 0.7168 -13.9582
v  0.7168 0.7168 -13.9510
v  0.7148 0.7148 -13.9438
v  0.7115 0.7116 -13.9391
v  0.7074 0.7074 -13.9359
v  0.6304 0.6304 -13.9026
v  0.5235 0.5235 -13.8633
v  0.4169 0.4169 -13.8316
v  0.3109 0.3109 -13.8075
v  0.2059 0.2059 -13.7907
v  0.1021 0.1021 -13.7808
v  0.5524 0.8268 -13.9743
v  0.5584 0.8357 -13.9711
v  0.5616 0.8405 -13.9654
v  0.5632 0.8429 -13.9582
v  0.5632 0.8429 -13.9510
v  0.5616 0.8405 -13.9438
v  0.5591 0.8367 -13.9391
v  0.5558 0.8318 -13.9359
v  0.4953 0.7413 -13.9026
v  0.4113 0.6156 -13.8633
v  0.3276 0.4902 -13.8316
v  0.2443 0.3656 -13.8075
v  0.1618 0.2421 -13.7907
v  0.0803 0.1201 -13.7808
v  0.3805 0.9186 -13.9743
v  0.3846 0.9286 -13.9711
v  0.3868 0.9339 -13.9654
v  0.3879 0.9365 -13.9582
v  0.3879 0.9365 -13.9510
v  0.3868 0.9339 -13.9438
v  0.3851 0.9297 -13.9391
v  0.3828 0.9243 -13.9359
v  0.3412 0.8237 -13.9026
v  0.2833 0.6840 -13.8633
v  0.2256 0.5447 -13.8316
v  0.1683 0.4062 -13.8075
v  0.1114 0.2690 -13.7907
v  0.0553 0.1335 -13.7808
v  0.1940 0.9752 -13.9743
v  0.1961 0.9858 -13.9711
v  0.1972 0.9914 -13.9654
v  0.1978 0.9942 -13.9582
v  0.1978 0.9942 -13.9510
v  0.1972 0.9914 -13.9438
v  0.1963 0.9869 -13.9391
v  0.1952 0.9812 -13.9359
v  0.1739 0.8744 -13.9026
v  0.1444 0.7262 -13.8633
v  0.1150 0.5783 -13.8316
v  0.0858 0.4312 -13.8075
v  0.0568 0.2856 -13.7907
v  0.0282 0.1417 -13.7808
v  0.0000 0.9943 -13.9743
v  0.0000 1.0051 -13.9711
v  0.0000 1.0108 -13.9654
v  0.0000 1.0137 -13.9582
v  0.0000 1.0137 -13.9510
v  0.0000 1.0108 -13.9438
v  0.0000 1.0063 -13.9391
v  0.0000 1.0004 -13.9359
v  0.0000 0.8916 -13.9026
v  0.0000 0.7404 -13.8633
v  0.0000 0.5896 -13.8316
v  0.0000 0.4397 -13.8075
v  0.0000 0.2911 -13.7907
v  0.0000 0.1444 -13.7808
v  -0.1940 0.9752 -13.9743
v  -0.1961 0.9858 -13.9711
v  -0.1972 0.9914 -13.9654
v  -0.1978 0.9942 -13.9582
v  -0.1978 0.9942 -13.9510
v  -0.1972 0.9914 -13.9438
v  -0.1963 0.9869 -13.9391
v  -0.1952 0.9812 -13.9359
v  -0.1739 0.8744 -13.9026
v  -0.1444 0.7262 -13.8633
v  -0.1150 0.5783 -13.8316
v  -0.0858 0.4312 -13.8075
v  -0.0568 0.2856 -13.7907
v  -0.0282 0.1417 -13.7808
v  -0.3805 0.9186 -13.9743
v  -0.3846 0.9286 -13.9711
v  -0.3868 0.9339 -13.9654
v  -0.3879 0.9365 -13.9582
v  -0.3879 0.9365 -13.9510
v  -0.3868 0.9339 -13.9438
v  -0.3851 0.9297 -13.9391
v  -0.3828 0.9243 -13.9359
v  -0.3412 0.8237 -13.9026
v  -0.2833 0.6840 -13.8633
v  -0.2256 0.5447 -13.8316
v  -0.1683 0.4062 -13.8075
v  -0.1114 0.2690 -13.7907
v  -0.0553 0.1335 -13.7808
v  -0.5524 0.8268 -13.9743
v  -0.5584 0.8357 -13.9711
v  -0.5616 0.8405 -13.9654
v  -0.5632 0.8429 -13.9582
v  -0.5632 0.8429 -13.9510
v  -0.5616 0.8405 -13.9438
v  -0.5591 0.8367 -13.9391
v  -0.5558 0.8318 -13.9359
v  -0.4953 0.7413 -13.9026
v  -0.4113 0.6156 -13.8633
v  -0.3276 0.4902 -13.8316
v  -0.2443 0.3656 -13.8075
v  -0.1617 0.2421 -13.7907
v  -0.0803 0.1201 -13.7808
v  -0.7031 0.7031 -13.9743
v  -0.7107 0.7107 -13.9711
v  -0.7148 0.7148 -13.9654
v  -0.7168 0.7168 -13.9582
v  -0.7168 0.7168 -13.9510
v  -0.7148 0.7148 -13.9438
v  -0.7115 0.7116 -13.9391
v  -0.7074 0.7074 -13.9359
v  -0.6304 0.6304 -13.9026
v  -0.5235 0.5235 -13.8633
v  -0.4169 0.4169 -13.8316
v  -0.3109 0.3109 -13.8075
v  -0.2059 0.2059 -13.7907
v  -0.1021 0.1021 -13.7808
v  -0.8268 0.5524 -13.9743
v  -0.8357 0.5584 -13.9711
v  -0.8405 0.5616 -13.9654
v  -0.8429 0.5632 -13.9582
v  -0.8429 0.5632 -13.9510
v  -0.8405 0.5616 -13.9438
v  -0.8367 0.5591 -13.9391
v  -0.8318 0.5558 -13.9359
v  -0.7413 0.4953 -13.9026
v  -0.6156 0.4113 -13.8633
v  -0.4902 0.3276 -13.8316
v  -0.3656 0.2443 -13.8075
v  -0.2421 0.1618 -13.7907
v  -0.1201 0.0803 -13.7808
v  -0.9186 0.3805 -13.9743
v  -0.9286 0.3846 -13.9711
v  -0.9339 0.3868 -13.9654
v  -0.9365 0.3879 -13.9582
v  -0.9365 0.3879 -13.9510
v  -0.9339 0.3868 -13.9438
v  -0.9297 0.3851 -13.9391
v  -0.9243 0.3828 -13.9359
v  -0.8237 0.3412 -13.9026
v  -0.6840 0.2833 -13.8633
v  -0.5447 0.2256 -13.8316
v  -0.4062 0.1683 -13.8075
v  -0.2690 0.1114 -13.7907
v  -0.1335 0.0553 -13.7808
v  -0.9752 0.1940 -13.9743
v  -0.9858 0.1961 -13.9711
v  -0.9914 0.1972 -13.9654
v  -0.9942 0.1978 -13.9582
v  -0.9942 0.1978 -13.9510
v  -0.9914 0.1972 -13.9438
v  -0.9869 0.1963 -13.9391
v  -0.9812 0.1952 -13.9359
v  -0.8744 0.1739 -13.9026
v  -0.7262 0.1444 -13.8633
v  -0.5783 0.1150 -13.8316
v  -0.4312 0.0858 -13.8075
v  -0.2855 0.0568 -13.7907
v  -0.1417 0.0282 -13.7808
v  0.0000 0.0000 -13.7776
v  0.0000 0.0000 -14.2302
v  -0.6178 -0.1229 -14.1514
v  -0.6109 -0.1215 -14.1514
v  -0.6178 -0.1229 -14.1584
v  -0.6299 0.0000 -14.1514
v  -0.6299 0.0000 -14.1584
v  -0.6229 0.0000 -14.1514
v  -0.6299 0.0000 -14.2302
v  -0.6229 0.0000 -14.2302
v  -0.6299 0.0000 -14.2232
v  -0.6178 -0.1229 -14.2302
v  -0.6178 -0.1229 -14.2232
v  -0.6109 -0.1215 -14.2302
v  -0.5522 -0.1098 -14.1514
v  -0.5522 -0.1098 -14.1444
v  -0.5591 -0.1112 -14.1514
v  -0.5630 0.0000 -14.1514
v  -0.5700 0.0000 -14.1514
v  -0.5630 0.0000 -14.1444
v  -0.5522 -0.1098 -13.9743
v  -0.5591 -0.1112 -13.9743
v  -0.5522 -0.1098 -13.9813
v  -0.5630 0.0000 -13.9743
v  -0.5630 0.0000 -13.9813
v  -0.5700 0.0000 -13.9743
v  -0.5820 -0.2411 -14.1514
v  -0.5755 -0.2384 -14.1514
v  -0.5820 -0.2411 -14.1584
v  -0.5820 -0.2411 -14.2302
v  -0.5820 -0.2411 -14.2232
v  -0.5755 -0.2384 -14.2302
v  -0.5201 -0.2154 -14.1514
v  -0.5201 -0.2154 -14.1444
v  -0.5266 -0.2181 -14.1514
v  -0.5201 -0.2154 -13.9743
v  -0.5266 -0.2181 -13.9743
v  -0.5201 -0.2154 -13.9813
v  -0.5238 -0.3500 -14.1514
v  -0.5179 -0.3461 -14.1514
v  -0.5238 -0.3500 -14.1584
v  -0.5238 -0.3500 -14.2302
v  -0.5238 -0.3500 -14.2232
v  -0.5179 -0.3461 -14.2302
v  -0.4681 -0.3128 -14.1514
v  -0.4681 -0.3128 -14.1444
v  -0.4740 -0.3167 -14.1514
v  -0.4681 -0.3128 -13.9743
v  -0.4740 -0.3167 -13.9743
v  -0.4681 -0.3128 -13.9813
v  -0.4454 -0.4454 -14.1514
v  -0.4404 -0.4404 -14.1514
v  -0.4454 -0.4454 -14.1584
v  -0.4454 -0.4454 -14.2302
v  -0.4454 -0.4454 -14.2232
v  -0.4404 -0.4404 -14.2302
v  -0.3981 -0.3981 -14.1514
v  -0.3981 -0.3981 -14.1444
v  -0.4031 -0.4031 -14.1514
v  -0.3981 -0.3981 -13.9743
v  -0.4031 -0.4031 -13.9743
v  -0.3981 -0.3981 -13.9813
v  -0.3500 -0.5238 -14.1514
v  -0.3461 -0.5179 -14.1514
v  -0.3500 -0.5238 -14.1584
v  -0.3500 -0.5238 -14.2302
v  -0.3500 -0.5238 -14.2232
v  -0.3461 -0.5179 -14.2302
v  -0.3128 -0.4681 -14.1514
v  -0.3128 -0.4681 -14.1444
v  -0.3167 -0.4740 -14.1514
v  -0.3128 -0.4681 -13.9743
v  -0.3167 -0.4740 -13.9743
v  -0.3128 -0.4681 -13.9813
v  -0.2411 -0.5820 -14.1514
v  -0.2384 -0.5755 -14.1514
v  -0.2411 -0.5820 -14.1584
v  -0.2411 -0.5820 -14.2302
v  -0.2411 -0.5820 -14.2232
v  -0.2384 -0.5755 -14.2302
v  -0.2154 -0.5201 -14.1514
v  -0.2154 -0.5201 -14.1444
v  -0.2181 -0.5266 -14.1514
v  -0.2154 -0.5201 -13.9743
v  -0.2181 -0.5266 -13.9743
v  -0.2154 -0.5201 -13.9813
v  -0.1229 -0.6178 -14.1514
v  -0.1215 -0.6109 -14.1514
v  -0.1229 -0.6178 -14.1584
v  -0.1229 -0.6178 -14.2302
v  -0.1229 -0.6178 -14.2232
v  -0.1215 -0.6109 -14.2302
v  -0.1098 -0.5522 -14.1514
v  -0.1098 -0.5522 -14.1444
v  -0.1112 -0.5591 -14.1514
v  -0.1098 -0.5522 -13.9743
v  -0.1112 -0.5591 -13.9743
v  -0.1098 -0.5522 -13.9813
v  0.0000 -0.6299 -14.1514
v  0.0000 -0.6229 -14.1514
v  0.0000 -0.6299 -14.1584
v  0.0000 -0.6299 -14.2302
v  0.0000 -0.6299 -14.2232
v  0.0000 -0.6229 -14.2302
v  0.0000 -0.5630 -14.1514
v  0.0000 -0.5630 -14.1444
v  0.0000 -0.5700 -14.1514
v  0.0000 -0.5630 -13.9743
v  0.0000 -0.5700 -13.9743
v  0.0000 -0.5630 -13.9813
v  0.1229 -0.6178 -14.1514
v  0.1215 -0.6109 -14.1514
v  0.1229 -0.6178 -14.1584
v  0.1229 -0.6178 -14.2302
v  0.1229 -0.6178 -14.2232
v  0.1215 -0.6109 -14.2302
v  0.1098 -0.5522 -14.1514
v  0.1098 -0.5522 -14.1444
v  0.1112 -0.5591 -14.1514
v  0.1098 -0.5522 -13.9743
v  0.1112 -0.5591 -13.9743
v  0.1098 -0.5522 -13.9813
v  0.2411 -0.5820 -14.1514
v  0.2384 -0.5755 -14.1514
v  0.2411 -0.5820 -14.1584
v  0.2411 -0.5820 -14.2302
v  0.2411 -0.5820 -14.2232
v  0.2384 -0.5755 -14.2302
v  0.2154 -0.5201 -14.1514
v  0.2154 -0.5201 -14.1444
v  0.2181 -0.5266 -14.1514
v  0.2154 -0.5201 -13.9743
v  0.2181 -0.5266 -13.9743
v  0.2154 -0.5201 -13.9813
v  0.3500 -0.5238 -14.1514
v  0.3461 -0.5179 -14.1514
v  0.3500 -0.5238 -14.1584
v  0.3500 -0.5238 -14.2302
v  0.3500 -0.5238 -14.2232
v  0.3461 -0.5179 -14.2302
v  0.3128 -0.4681 -14.1514
v  0.3128 -0.4681 -14.1444
v  0.3167 -0.4740 -14.1514
v  0.3128 -0.4681 -13.9743
v  0.3167 -0.4740 -13.9743
v  0.3128 -0.4681 -13.9813
v  0.4454 -0.4454 -14.1514
v  0.4404 -0.4404 -14.1514
v  0.4454 -0.4454 -14.1584
v  0.4454 -0.4454 -14.2302
v  0.4454 -0.4454 -14.2232
v  0.4404 -0.4404 -14.2302
v  0.3981 -0.3981 -14.1514
v  0.3981 -0.3981 -14.1444
v  0.4031 -0.4031 -14.1514
v  0.3981 -0.3981 -13.9743
v  0.4031 -0.4031 -13.9743
v  0.3981 -0.3981 -13.9813
v  0.5238 -0.3500 -14.1514
v  0.5179 -0.3461 -14.1514
v  0.5238 -0.3500 -14.1584
v  0.5238 -0.3500 -14.2302
v  0.5238 -0.3500 -14.2232
v  0.5179 -0.3461 -14.2302
v  0.4681 -0.3128 -14.1514
v  0.4681 -0.3128 -14.1444
v  0.4740 -0.3167 -14.1514
v  0.4681 -0.3128 -13.9743
v  0.4740 -0.3167 -13.9743
v  0.4681 -0.3128 -13.9813
v  0.5820 -0.2411 -14.1514
v  0.5755 -0.2384 -14.1514
v  0.5820 -0.2411 -14.1584
v  0.5820 -0.2411 -14.2302
v  0.5820 -0.2411 -14.2232
v  0.5755 -0.2384 -14.2302
v  0.5201 -0.2154 -14.1514
v  0.5201 -0.2154 -14.1444
v  0.5266 -0.2181 -14.1514
v  0.5201 -0.2154 -13.9743
v  0.5266 -0.2181 -13.9743
v  0.5201 -0.2154 -13.9813
v  0.6178 -0.1229 -14.1514
v  0.6109 -0.1215 -14.1514
v  0.6178 -0.1229 -14.1584
v  0.6178 -0.1229 -14.2302
v  0.6178 -0.1229 -14.2232
v  0.6109 -0.1215 -14.2302
v  0.5522 -0.1098 -14.1514
v  0.5522 -0.1098 -14.1444
v  0.5591 -0.1112 -14.1514
v  0.5522 -0.1098 -13.9743
v  0.5591 -0.1112 -13.9743
v  0.5522 -0.1098 -13.9813
v  0.6299 0.0000 -14.1514
v  0.6229 0.0000 -14.1514
v  0.6299 0.0000 -14.1584
v  0.6299 0.0000 -14.2302
v  0.6299 0.0000 -14.2232
v  0.6229 0.0000 -14.2302
v  0.5630 0.0000 -14.1514
v  0.5630 0.0000 -14.1444
v  0.5700 0.0000 -14.1514
v  0.5630 0.0000 -13.9743
v  0.5700 0.0000 -13.9743
v  0.5630 0.0000 -13.9813
v  0.6178 0.1229 -14.1514
v  0.6109 0.1215 -14.1514
v  0.6178 0.1229 -14.1584
v  0.6178 0.1229 -14.2302
v  0.6178 0.1229 -14.2232
v  0.6109 0.1215 -14.2302
v  0.5522 0.1098 -14.1514
v  0.5522 0.1098 -14.1444
v  0.5591 0.1112 -14.1514
v  0.5522 0.1098 -13.9743
v  0.5591 0.1112 -13.9743
v  0.5522 0.1098 -13.9813
v  0.5820 0.2411 -14.1514
v  0.5755 0.2384 -14.1514
v  0.5820 0.2411 -14.1584
v  0.5820 0.2411 -14.2302
v  0.5820 0.2411 -14.2232
v  0.5755 0.2384 -14.2302
v  0.5201 0.2154 -14.1514
v  0.5201 0.2154 -14.1444
v  0.5266 0.2181 -14.1514
v  0.5201 0.2154 -13.9743
v  0.5266 0.2181 -13.9743
v  0.5201 0.2154 -13.9813
v  0.5238 0.3500 -14.1514
v  0.5179 0.3461 -14.1514
v  0.5238 0.3500 -14.1584
v  0.5238 0.3500 -14.2302
v  0.5238 0.3500 -14.2232
v  0.5179 0.3461 -14.2302
v  0.4681 0.3128 -14.1514
v  0.4681 0.3128 -14.1444
v  0.4740 0.3167 -14.1514
v  0.4681 0.3128 -13.9743
v  0.4740 0.3167 -13.9743
v  0.4681 0.3128 -13.9813
v  0.4454 0.4454 -14.1514
v  0.4404 0.4404 -14.1514
v  0.4454 0.4454 -14.1584
v  0.4454 0.4454 -14.2302
v  0.4454 0.4454 -14.2232
v  0.4404 0.4404 -14.2302
v  0.3981 0.3981 -14.1514
v  0.3981 0.3981 -14.1444
v  0.4031 0.4031 -14.1514
v  0.3981 0.3981 -13.9743
v  0.4031 0.4031 -13.9743
v  0.3981 0.3981 -13.9813
v  0.3500 0.5238 -14.1514
v  0.3461 0.5179 -14.1514
v  0.3500 0.5238 -14.1584
v  0.3500 0.5238 -14.2302
v  0.3500 0.5238 -14.2232
v  0.3461 0.5179 -14.2302
v  0.3128 0.4681 -14.1514
v  0.3128 0.4681 -14.1444
v  0.3167 0.4740 -14.1514
v  0.3128 0.4681 -13.9743
v  0.3167 0.4740 -13.9743
v  0.3128 0.4681 -13.9813
v  0.2411 0.5820 -14.1514
v  0.2384 0.5755 -14.1514
v  0.2411 0.5820 -14.1584
v  0.2411 0.5820 -14.2302
v  0.2411 0.5820 -14.2232
v  0.2384 0.5755 -14.2302
v  0.2154 0.5201 -14.1514
v  0.2154 0.5201 -14.1444
v  0.2181 0.5266 -14.1514
v  0.2154 0.5201 -13.9743
v  0.2181 0.5266 -13.9743
v  0.2154 0.5201 -13.9813
v  0.1229 0.6178 -14.1514
v  0.1215 0.6109 -14.1514
v  0.1229 0.6178 -14.1584
v  0.1229 0.6178 -14.2302
v  0.1229 0.6178 -14.2232
v  0.1215 0.6109 -14.2302
v  0.1098 0.5522 -14.1514
v  0.1098 0.5522 -14.1444
v  0.1112 0.5591 -14.1514
v  0.1098 0.5522 -13.9743
v  0.1112 0.5591 -13.9743
v  0.1098 0.5522 -13.9813
v  0.0000 0.6299 -14.1514
v  0.0000 0.6229 -14.1514
v  0.0000 0.6299 -14.1584
v  0.0000 0.6299 -14.2302
v  0.0000 0.6299 -14.2232
v  0.0000 0.6229 -14.2302
v  0.0000 0.5630 -14.1514
v  0.0000 0.5630 -14.1444
v  0.0000 0.5700 -14.1514
v  0.0000 0.5630 -13.9743
v  0.0000 0.5700 -13.9743
v  0.0000 0.5630 -13.9813
v  -0.1229 0.6178 -14.1514
v  -0.1215 0.6109 -14.1514
v  -0.1229 0.6178 -14.1584
v  -0.1229 0.6178 -14.2302
v  -0.1229 0.6178 -14.2232
v  -0.1215 0.6109 -14.2302
v  -0.1098 0.5522 -14.1514
v  -0.1098 0.5522 -14.1444
v  -0.1112 0.5591 -14.1514
v  -0.1098 0.5522 -13.9743
v  -0.1112 0.5591 -13.9743
v  -0.1098 0.5522 -13.9813
v  -0.2411 0.5820 -14.1514
v  -0.2384 0.5755 -14.1514
v  -0.2411 0.5820 -14.1584
v  -0.2411 0.5820 -14.2302
v  -0.2411 0.5820 -14.2232
v  -0.2384 0.5755 -14.2302
v  -0.2154 0.5201 -14.1514
v  -0.2154 0.5201 -14.1444
v  -0.2181 0.5266 -14.1514
v  -0.2154 0.5201 -13.9743
v  -0.2181 0.5266 -13.9743
v  -0.2154 0.5201 -13.9813
v  -0.3500 0.5238 -14.1514
v  -0.3461 0.5179 -14.1514
v  -0.3500 0.5238 -14.1584
v  -0.3500 0.5238 -14.2302
v  -0.3500 0.5238 -14.2232
v  -0.3461 0.5179 -14.2302
v  -0.3128 0.4681 -14.1514
v  -0.3128 0.4681 -14.1444
v  -0.3167 0.4740 -14.1514
v  -0.3128 0.4681 -13.9743
v  -0.3167 0.4740 -13.9743
v  -0.3128 0.4681 -13.9813
v  -0.4454 0.4454 -14.1514
v  -0.4404 0.4404 -14.1514
v  -0.4454 0.4454 -14.1584
v  -0.4454 0.4454 -14.2302
v  -0.4454 0.4454 -14.2232
v  -0.4404 0.4404 -14.2302
v  -0.3981 0.3981 -14.1514
v  -0.3981 0.3981 -14.1444
v  -0.4031 0.4031 -14.1514
v  -0.3981 0.3981 -13.9743
v  -0.4031 0.4031 -13.9743
v  -0.3981 0.3981 -13.9813
v  -0.5238 0.3500 -14.1514
v  -0.5179 0.3461 -14.1514
v  -0.5238 0.3500 -14.1584
v  -0.5238 0.3500 -14.2302
v  -0.5238 0.3500 -14.2232
v  -0.5179 0.3461 -14.2302
v  -0.4681 0.3128 -14.1514
v  -0.4681 0.3128 -14.1444
v  -0.4740 0.3167 -14.1514
v  -0.4681 0.3128 -13.9743
v  -0.4740 0.3167 -13.9743
v  -0.4681 0.3128 -13.9813
v  -0.5820 0.2411 -14.1514
v  -0.5755 0.2384 -14.1514
v  -0.5820 0.2411 -14.1584
v  -0.5820 0.2411 -14.2302
v  -0.5820 0.2411 -14.2232
v  -0.5755 0.2384 -14.2302
v  -0.5201 0.2154 -14.1514
v  -0.5201 0.2154 -14.1444
v  -0.5266 0.2181 -14.1514
v  -0.5201 0.2154 -13.9743
v  -0.5266 0.2181 -13.9743
v  -0.5201 0.2154 -13.9813
v  -0.6178 0.1229 -14.1514
v  -0.6109 0.1215 -14.1514
v  -0.6178 0.1229 -14.1584
v  -0.6178 0.1229 -14.2302
v  -0.6178 0.1229 -14.2232
v  -0.6109 0.1215 -14.2302
v  -0.5522 0.1098 -14.1514
v  -0.5522 0.1098 -14.1444
v  -0.5591 0.1112 -14.1514
v  -0.5522 0.1098 -13.9743
v  -0.5591 0.1112 -13.9743
v  -0.5522 0.1098 -13.9813
v  -0.9030 0.3740 -13.9743
v  -0.8127 0.5430 -13.9743
v  -0.6911 0.6911 -13.9743
v  -0.5430 0.8127 -13.9743
v  -0.3740 0.9030 -13.9743
v  -0.1907 0.9586 -13.9743
v  0.0000 0.9774 -13.9743
v  0.1907 0.9586 -13.9743
v  0.3740 0.9030 -13.9743
v  0.5430 0.8127 -13.9743
v  0.6911 0.6911 -13.9743
v  0.8127 0.5430 -13.9743
v  0.9030 0.3740 -13.9743
v  0.9586 0.1907 -13.9743
v  0.9774 0.0000 -13.9743
v  0.9586 -0.1907 -13.9743
v  0.9030 -0.3740 -13.9743
v  0.8127 -0.5430 -13.9743
v  0.6911 -0.6911 -13.9743
v  0.5430 -0.8127 -13.9743
v  0.3740 -0.9030 -13.9743
v  0.1907 -0.9586 -13.9743
v  0.0000 -0.9774 -13.9743
v  -0.1907 -0.9586 -13.9743
v  -0.3740 -0.9030 -13.9743
v  -0.5430 -0.8127 -13.9743
v  -0.6911 -0.6911 -13.9743
v  -0.8127 -0.5430 -13.9743
v  -0.9030 -0.3740 -13.9743
v  -0.9586 -0.1907 -13.9743
v  -0.9774 0.0000 -13.9743
v  -0.9586 0.1907 -13.9743
v  0.0000 0.9920 -13.9333
v  0.1935 0.9729 -13.9333
v  0.3796 0.9165 -13.9333
v  0.5511 0.8248 -13.9333
v  0.7014 0.7014 -13.9333
v  0.8248 0.5511 -13.9333
v  0.9165 0.3796 -13.9333
v  0.9729 0.1935 -13.9333
v  0.9920 0.0000 -13.9333
v  0.9729 -0.1935 -13.9333
v  0.9165 -0.3796 -13.9333
v  0.8248 -0.5511 -13.9333
v  0.7014 -0.7014 -13.9333
v  0.5511 -0.8248 -13.9333
v  0.3796 -0.9165 -13.9333
v  0.1935 -0.9729 -13.9333
v  0.0000 -0.9920 -13.9333
v  -0.1935 -0.9729 -13.9333
v  -0.3796 -0.9165 -13.9333
v  -0.5511 -0.8248 -13.9333
v  -0.7014 -0.7014 -13.9333
v  -0.8248 -0.5511 -13.9333
v  -0.9165 -0.3796 -13.9333
v  -0.9729 -0.1935 -13.9333
v  -0.9920 0.0000 -13.9333
v  -0.9729 0.1935 -13.9333
v  -0.9165 0.3796 -13.9333
v  -0.8248 0.5511 -13.9333
v  -0.7014 0.7014 -13.9333
v  -0.5511 0.8248 -13.9333
v  -0.3796 0.9165 -13.9333
v  -0.1935 0.9729 -13.9333
v  8.2856 -0.9135 -2.7877
v  8.2542 -0.6641 -2.9361
v  8.2228 -0.4146 -3.0845
v  8.2296 -0.4138 -3.0858
v  8.2610 -0.6639 -2.9370
v  8.2925 -0.9140 -2.7881
v  8.1389 -0.4211 -3.0710
v  8.1562 -0.6615 -2.9306
v  8.1751 -0.9020 -2.7823
v  8.0812 -0.8855 -2.7899
v  8.0712 -0.6600 -2.9207
v  8.0596 -0.4345 -3.0593
v  7.9836 -0.8678 -2.8039
v  7.9682 -0.6683 -2.9347
v  7.9583 -0.4689 -3.0398
v  8.4917 0.0251 -1.8464
v  8.0921 -1.1110 -2.6553
v  8.0918 -1.1045 -2.6591
v  8.0908 -1.1147 -2.6612
v  8.1932 -1.1425 -2.6380
v  8.1920 -1.1462 -2.6439
v  8.1927 -1.1364 -2.6417
v  7.8342 -0.9354 -2.7834
v  7.8307 -0.9177 -2.7910
v  7.8330 -0.9391 -2.7893
v  7.9962 -1.0672 -2.6859
v  7.9950 -1.0709 -2.6918
v  7.9958 -1.0601 -2.6901
v  7.8234 -0.9206 -2.7913
v  7.8221 -0.9242 -2.7971
v  7.8144 -0.9037 -2.7967
v  7.8131 -0.9074 -2.8027
v  7.7699 -0.7853 -2.8299
v  7.7779 -0.7883 -2.8268
v  7.7686 -0.7890 -2.8358
v  7.7495 -0.6745 -2.8834
v  7.7571 -0.6743 -2.8815
v  7.7482 -0.6781 -2.8893
v  8.1914 -0.1652 -3.2330
v  8.1922 -0.1713 -3.2293
v  8.1902 -0.1689 -3.2388
v  8.1208 -0.1806 -3.2154
v  8.1195 -0.1843 -3.2213
v  8.1212 -0.1868 -3.2117
v  8.0487 -0.2091 -3.1939
v  8.0491 -0.2156 -3.1900
v  8.0475 -0.2127 -3.1998
v  7.9456 -0.2695 -3.1578
v  7.9444 -0.2732 -3.1637
v  7.9461 -0.2766 -3.1536
v  7.7938 -0.4506 -3.0691
v  7.7925 -0.4543 -3.0751
v  7.7854 -0.4661 -3.0591
v  7.7842 -0.4697 -3.0649
v  7.7786 -0.4810 -3.0457
v  7.7773 -0.4847 -3.0516
v  7.7932 -0.4660 -3.0572
v  7.7515 -0.5737 -2.9546
v  7.7503 -0.5774 -2.9605
v  7.7588 -0.5701 -2.9564
v  8.3170 -1.1629 -2.6392
v  8.3158 -1.1665 -2.6451
v  8.3163 -1.1567 -2.6429
v  8.1981 -0.1638 -3.2346
v  8.1989 -0.1699 -3.2310
v  8.1995 -0.1629 -3.2278
v  8.1969 -0.1674 -3.2405
v  8.3240 -1.1640 -2.6393
v  8.3227 -1.1677 -2.6452
v  8.3248 -1.1668 -2.6352
v  8.3248 -1.1582 -2.6354
v  8.3232 -1.1579 -2.6430
v  8.2309 -0.4117 -3.0798
v  8.2622 -0.6605 -2.9317
v  8.2935 -0.9094 -2.7836
v  8.3651 9.8124 0.3581
v  5.2318 13.0088 0.3696
v  -41.6744 12.0287 0.3848
v  -44.8526 11.9501 0.3899
v  -48.0087 10.2605 0.4365
v  -45.9725 11.7900 0.4062
v  -50.7606 2.6961 0.4438
v  -50.1996 5.3399 0.4408
v  -49.2761 7.8762 0.4381
v  -46.7285 11.4883 0.4225
v  -47.6307 10.7556 0.4277
v  8.8074 7.4136 0.3628
v  9.1289 4.9616 0.3682
v  9.3230 2.4873 0.3726
v  7.3968 12.1517 0.3602
v  8.0421 11.1247 0.3590
v  6.4426 12.7853 0.3631
v  5.8404 12.9608 0.3723
v  7.7431 11.7269 0.3628
v  8.2263 10.4443 0.3611
v  6.9476 12.5158 0.3612
v  -48.6846 9.0874 0.4372
v  -49.7816 6.6235 0.4388
v  -50.5272 4.0290 0.4428
v  -50.8959 1.3503 0.4422
v  -43.1868 11.9892 0.3861
v  -20.5928 12.4733 0.3833
v  -51.0555 -0.0000 0.4811
v  8.5309 9.8488 0.4644
v  -44.8581 12.1145 0.4787
v  -48.1080 10.3224 0.4742
v  -47.7152 10.8383 0.4697
v  8.9724 7.4436 0.4692
v  -51.0050 1.3607 0.4796
v  -43.1865 12.1550 0.4775
v  5.2256 13.1712 0.4806
v  -41.6772 12.1932 0.4778
v  -46.0191 11.9244 0.4722
v  -50.8713 2.7169 0.4807
v  -50.3077 5.3772 0.4783
v  -49.3803 7.9273 0.4759
v  -46.7889 11.6025 0.4721
v  9.2926 4.9876 0.4750
v  9.4860 2.5026 0.4796
v  7.5172 12.2694 0.4589
v  8.1927 11.2051 0.4616
v  6.4969 12.9402 0.4656
v  5.8697 13.1187 0.4780
v  7.8882 11.8151 0.4607
v  8.3854 10.5148 0.4652
v  7.0407 12.6552 0.4618
v  -48.7864 9.1444 0.4752
v  -49.8876 6.6685 0.4768
v  -50.6364 4.0589 0.4798
v  -20.5919 12.6373 0.4819
v  5.2337 12.8884 0.2159
v  -41.6715 11.8926 0.2410
v  -45.9326 11.6797 0.3125
v  -50.6623 2.6777 0.3888
v  -50.1035 5.3063 0.3844
v  -49.1832 7.8298 0.3803
v  -46.6752 11.3869 0.3465
v  9.0079 4.9332 0.2175
v  9.2015 2.4706 0.2226
v  7.3031 12.0618 0.2163
v  7.9319 11.0526 0.2104
v  6.3829 12.6766 0.2194
v  5.8143 12.8445 0.2276
v  7.6500 11.6328 0.2196
v  8.1033 10.3994 0.2084
v  6.8697 12.4156 0.2182
v  -48.5937 9.0359 0.3790
v  -49.6874 6.5831 0.3816
v  -50.4300 4.0019 0.3873
v  -20.5935 12.3431 0.2357
v  8.2399 9.7854 0.2051
v  -44.8505 11.8170 0.2551
v  -47.9195 10.2052 0.3782
v  -47.5551 10.6811 0.3654
v  8.6861 7.3802 0.2111
v  -50.7981 1.3412 0.3880
v  -43.1876 11.8528 0.2443
v  8.6239 9.8700 0.4966
v  -44.8590 12.2051 0.5032
v  -48.1612 10.3559 0.4850
v  -47.7607 10.8824 0.4819
v  9.0662 7.4563 0.5021
v  -51.0643 1.3666 0.4911
v  -43.1885 12.2432 0.5032
v  5.2209 13.2641 0.5165
v  -41.6793 12.2846 0.5039
v  -46.0446 11.9978 0.4920
v  -50.9319 2.7285 0.4918
v  -50.3673 5.3978 0.4897
v  -49.4308 7.9509 0.4858
v  -46.8221 11.6631 0.4862
v  9.3858 4.9991 0.5086
v  9.5784 2.5091 0.5135
v  7.5837 12.3357 0.4880
v  8.2786 11.2463 0.4923
v  6.5200 13.0308 0.4977
v  5.8870 13.2103 0.5106
v  7.9759 11.8532 0.4894
v  8.4730 10.5589 0.4960
v  7.0892 12.7365 0.4920
v  -48.8417 9.1741 0.4858
v  -49.9449 6.6924 0.4880
v  -50.6965 4.0752 0.4909
v  -20.5914 12.7269 0.5104
v  5.2297 13.0848 0.4307
v  -41.6763 12.1102 0.4390
v  -45.9942 11.8548 0.4431
v  -50.8135 2.7059 0.4640
v  -50.2512 5.3577 0.4616
v  -49.3258 7.9009 0.4592
v  -46.7574 11.5432 0.4505
v  9.2062 4.9752 0.4277
v  9.4002 2.4953 0.4321
v  7.4541 12.2073 0.4155
v  8.1130 11.1642 0.4167
v  6.4714 12.8567 0.4196
v  5.8545 13.0348 0.4306
v  7.8092 11.7737 0.4178
v  8.3023 10.4754 0.4196
v  6.9928 12.5804 0.4168
v  -48.7331 9.1148 0.4582
v  -49.8323 6.6450 0.4599
v  -50.5795 4.0433 0.4633
v  -20.5923 12.5528 0.4400
v  8.4435 9.8294 0.4176
v  -44.8549 12.0269 0.4395
v  -48.0561 10.2901 0.4575
v  -47.6712 10.7954 0.4510
v  8.8853 7.4296 0.4222
v  -50.9480 1.3552 0.4626
v  -43.1862 12.0718 0.4395
v  8.2962 9.7975 0.2861
v  -44.8523 11.8783 0.3276
v  -47.9630 10.2321 0.4099
v  -47.5918 10.7173 0.3990
v  8.7399 7.3972 0.2917
v  -50.8455 1.3456 0.4169
v  -43.1872 11.9142 0.3192
v  5.2333 12.9424 0.2971
v  -41.6730 11.9532 0.3175
v  -45.9512 11.7311 0.3619
v  -50.7100 2.6867 0.4185
v  -50.1501 5.3227 0.4151
v  -49.2284 7.8524 0.4117
v  -46.7008 11.4357 0.3877
v  9.0617 4.9476 0.2973
v  9.2556 2.4791 0.3019
v  7.3458 12.1026 0.2926
v  7.9807 11.0872 0.2893
v  6.4134 12.7241 0.2950
v  5.8267 12.8958 0.3031
v  7.6886 11.6800 0.2960
v  8.1589 10.4183 0.2897
v  6.9063 12.4600 0.2941
v  -48.6380 9.0610 0.4106
v  -49.7331 6.6028 0.4127
v  -50.4772 4.0151 0.4175
v  -20.5931 12.4020 0.3140
v  5.2331 12.8486 0.1304
v  -41.6712 11.8388 0.1501
v  -45.9158 11.6334 0.2559
v  -50.6174 2.6691 0.3544
v  -50.0589 5.2906 0.3487
v  -49.1402 7.8081 0.3437
v  -46.6512 11.3413 0.2994
v  8.9671 4.9184 0.1291
v  9.1604 2.4619 0.1353
v  7.2696 12.0302 0.1322
v  7.8960 11.0218 0.1236
v  6.3526 12.6445 0.1379
v  5.8017 12.8079 0.1417
v  7.6255 11.5841 0.1342
v  8.0601 10.3879 0.1194
v  6.8389 12.3834 0.1361
v  -48.5519 9.0120 0.3425
v  -49.6435 6.5640 0.3452
v  -50.3851 3.9891 0.3523
v  -20.5937 12.2945 0.1445
v  8.1975 9.7762 0.1164
v  -44.8491 11.7644 0.1716
v  -47.8781 10.1797 0.3412
v  -47.5172 10.6484 0.3249
v  8.6452 7.3628 0.1218
v  -50.7520 1.3348 0.3530
v  -43.1880 11.7991 0.1538
v  10.9175 14.7655 1.6610
v  10.8664 14.7705 1.6610
v  10.9700 14.7504 1.6610
v  11.0205 14.7242 1.6610
v  11.0656 14.6876 1.6610
v  11.1022 14.6425 1.6610
v  11.1284 14.5920 1.6610
v  11.1426 14.5411 1.6610
v  11.1484 14.4885 1.6610
v  -54.2144 14.5395 1.6610
v  -54.2193 14.4885 1.6610
v  -53.9374 14.7708 1.6610
v  -53.9883 14.7655 1.6610
v  -54.0408 14.7504 1.6610
v  -54.0913 14.7242 1.6610
v  -54.1364 14.6876 1.6610
v  -54.1731 14.6425 1.6610
v  -54.1992 14.5920 1.6610
v  10.8795 14.5634 0.6758
v  10.8770 14.7252 0.7611
v  10.8764 14.7975 0.8570
v  10.8774 14.6761 0.7230
v  10.8782 14.6200 0.6941
v  11.1758 14.4969 0.8576
v  11.1042 14.4970 0.7622
v  11.0554 14.4975 0.7240
v  11.0012 14.4990 0.6955
v  10.9432 14.4987 0.6775
v  10.9180 14.5388 0.6767
v  10.8767 14.7659 0.8063
v  10.9598 14.7393 0.7938
v  10.9247 14.7890 0.8509
v  10.9437 14.7015 0.7519
v  10.9322 14.5927 0.6911
v  10.9837 14.6762 0.7474
v  10.9529 14.5748 0.6906
v  10.9707 14.5551 0.6913
v  11.0784 14.5697 0.7521
v  11.0535 14.6079 0.7477
v  11.1445 14.4969 0.8072
v  11.1163 14.5852 0.7938
v  11.1671 14.5465 0.8508
v  11.1469 14.5992 0.8420
v  11.1162 14.6511 0.8359
v  11.0762 14.6982 0.8335
v  11.0876 14.6304 0.7876
v  11.0509 14.6730 0.7853
v  11.0215 14.6440 0.7455
v  11.0282 14.7387 0.8359
v  10.9757 14.7697 0.8425
v  11.0070 14.7105 0.7877
v  11.1896 14.6378 1.7198
v  11.0169 14.8116 1.7198
v  11.1399 14.7620 1.7198
v  11.1850 14.6765 1.7198
v  11.1763 14.7063 1.7198
v  11.1613 14.7355 1.7198
v  11.0529 14.8077 1.7198
v  11.0839 14.7986 1.7198
v  11.1135 14.7834 1.7198
v  -54.2605 14.6389 1.7198
v  -54.0878 14.8116 1.7198
v  -54.2109 14.7620 1.7198
v  -54.2566 14.6749 1.7198
v  -54.2474 14.7059 1.7198
v  -54.2322 14.7356 1.7198
v  -54.1238 14.8077 1.7198
v  -54.1546 14.7986 1.7198
v  -54.1844 14.7833 1.7198
v  -54.0126 14.4960 0.6809
v  -20.5907 14.7710 1.6610
v  -20.5907 14.8116 1.7198
v  -20.5907 14.5736 0.6720
v  -20.5907 14.6284 0.6896
v  -20.5907 14.6840 0.7196
v  -20.5907 14.7336 0.7604
v  -20.5907 14.7741 0.8090
v  -20.5907 14.8040 0.8625
v  -53.9576 -0.0000 0.6660
v  -47.6283 14.7711 1.6610
v  -41.6820 14.7710 1.6610
v  -41.6820 14.8116 1.7198
v  -47.6283 14.8116 1.7198
v  -41.6820 14.5736 0.6737
v  -47.6284 14.5715 0.6741
v  -41.6820 14.6291 0.6922
v  -47.6284 14.6261 0.6915
v  -41.6820 14.6829 0.7224
v  -47.6284 14.6814 0.7208
v  -41.6820 14.7305 0.7613
v  -47.6284 14.7311 0.7608
v  -41.6820 14.7703 0.8076
v  -47.6283 14.7719 0.8087
v  -41.6820 14.8017 0.8602
v  -47.6283 14.8024 0.8617
v  -54.2195 4.0860 1.6610
v  -54.2195 7.9789 1.6610
v  -54.2605 7.9789 1.7198
v  -54.2605 4.0860 1.7198
v  -54.2496 7.9790 0.8635
v  -54.2507 4.0860 0.8641
v  -54.2194 7.9790 0.8127
v  -54.2207 4.0860 0.8128
v  -54.1793 7.9790 0.7660
v  -54.1807 4.0860 0.7657
v  -54.1296 7.9790 0.7260
v  -54.1308 4.0860 0.7252
v  -54.0717 7.9790 0.6953
v  -54.0729 4.0860 0.6942
v  -53.9574 4.0861 0.6668
v  -53.9559 7.9790 0.6687
v  -54.0117 7.9790 0.6768
v  -54.0130 4.0860 0.6754
v  11.1486 9.8918 1.6610
v  11.1486 5.0089 1.6610
v  11.1798 9.8918 0.8599
v  11.1762 5.0089 0.8570
v  11.1088 9.8918 0.7600
v  11.1046 5.0089 0.7627
v  11.0587 9.8919 0.7199
v  11.0605 5.0089 0.7270
v  11.0021 9.8919 0.6902
v  11.0103 5.0089 0.6968
v  10.9444 9.8920 0.6721
v  10.9549 5.0089 0.6743
v  10.8914 9.8920 0.6637
v  10.8986 5.0089 0.6609
v  11.1495 9.8918 0.8076
v  11.1442 5.0089 0.8057
v  11.1896 9.8918 1.7198
v  11.1896 5.0089 1.7198
v  5.2149 14.7707 1.6610
v  5.2149 14.8116 1.7198
v  5.2126 14.5956 0.6745
v  5.2140 14.6458 0.6952
v  5.2150 14.6949 0.7255
v  5.2152 14.7387 0.7643
v  5.2151 14.7759 0.8100
v  5.2150 14.8048 0.8619
v  -51.3070 1.3494 0.5086
v  -51.1763 2.7692 0.5081
v  -50.9220 4.1238 0.5053
v  -50.6058 5.4733 0.5038
v  -50.1823 6.7810 0.5014
v  -49.6669 8.0618 0.4989
v  -49.0653 9.2956 0.4967
v  -48.3743 10.4974 0.4951
v  -47.9521 11.0512 0.4944
v  -46.9556 11.8975 0.5005
v  -46.1269 12.2667 0.5148
v  -44.8585 12.4980 0.5285
v  -43.1991 12.5320 0.5289
v  -41.6878 12.5724 0.5304
v  -20.5909 13.0288 0.5422
v  5.2210 13.5771 0.5619
v  5.9327 13.5190 0.5553
v  6.6173 13.3323 0.5366
v  7.2620 13.0027 0.5223
v  7.8064 12.5550 0.5143
v  8.2496 12.0017 0.5162
v  8.5710 11.3671 0.5216
v  8.7724 10.6559 0.5257
v  8.9325 9.9324 0.5290
v  9.3755 7.4994 0.5392
v  9.6943 5.0301 0.5496
v  9.8869 2.5259 0.5573
v  10.6889 5.0093 0.6402
v  10.6847 9.8925 0.6482
v  10.6789 14.2991 0.6571
v  5.2149 14.3106 0.6376
v  -20.5908 14.3055 0.6453
v  -41.6821 14.3025 0.6492
v  -47.6290 14.3010 0.6501
v  -53.7442 14.2930 0.6660
v  -53.7484 7.9793 0.6596
v  -53.7502 4.0863 0.6554
v  -51.2118 1.3793 0.5030
v  -51.0815 2.7536 0.5027
v  -50.8429 4.1106 0.5011
v  -50.5126 5.4441 0.4993
v  -50.0879 6.7481 0.4972
v  -49.5772 8.0190 0.4953
v  -48.9803 9.2447 0.4936
v  -48.2917 10.4404 0.4922
v  -47.8722 10.9881 0.4917
v  -46.9069 11.8078 0.4963
v  -46.0925 12.1730 0.5087
v  -44.8629 12.3970 0.5219
v  -43.1983 12.4361 0.5227
v  -41.6851 12.4726 0.5236
v  -20.5909 12.9292 0.5340
v  5.2172 13.4775 0.5516
v  5.9297 13.4252 0.5453
v  6.5786 13.2361 0.5278
v  7.1989 12.9253 0.5166
v  7.7327 12.4873 0.5098
v  8.1679 11.9424 0.5116
v  8.4740 11.3304 0.5160
v  8.6743 10.6448 0.5201
v  8.8337 9.9168 0.5227
v  9.2742 7.4835 0.5313
v  9.5950 5.0221 0.5405
v  9.7848 2.5211 0.5470
v  9.8494 -0.0000 0.5495
v  10.7915 5.0090 0.6502
v  10.7877 9.8921 0.6558
v  10.7779 14.3980 0.6628
v  5.2149 14.4126 0.6482
v  -20.5907 14.4056 0.6534
v  -41.6820 14.4050 0.6565
v  -47.6285 14.4048 0.6572
v  -53.8439 14.3927 0.6689
v  -53.8512 7.9791 0.6641
v  -53.8530 4.0861 0.6611
v  5.5373 12.9983 0.3717
v  7.5814 11.9476 0.3630
v  8.1468 10.7857 0.3585
v  6.7034 12.6649 0.3597
v  6.1464 12.8897 0.3680
v  7.9094 11.4343 0.3611
v  8.2966 10.1296 0.3610
v  7.1796 12.3442 0.3620
v  5.5491 13.1588 0.4807
v  7.7151 12.0516 0.4609
v  8.3010 10.8632 0.4627
v  6.7768 12.8129 0.4620
v  6.1883 13.0468 0.4724
v  8.0577 11.5180 0.4609
v  8.4603 10.1827 0.4661
v  7.2880 12.4738 0.4614
v  7.4877 11.8555 0.2193
v  8.0289 10.7257 0.2078
v  6.6339 12.5599 0.2165
v  6.1023 12.7755 0.2233
v  7.8077 11.3511 0.2159
v  8.1718 10.0937 0.2075
v  7.0931 12.2487 0.2185
v  5.5237 12.8796 0.2208
v  5.5552 13.2509 0.5152
v  7.7926 12.1046 0.4894
v  8.3869 10.9072 0.4938
v  6.8120 12.8997 0.4936
v  6.2089 13.1366 0.5055
v  8.1451 11.5569 0.4906
v  8.5515 10.2153 0.4973
v  7.3461 12.5485 0.4908
v  7.6434 11.9993 0.4182
v  8.2203 10.8217 0.4170
v  6.7406 12.7331 0.4161
v  6.1677 12.9626 0.4253
v  7.9783 11.4776 0.4172
v  8.3746 10.1535 0.4200
v  7.2316 12.4047 0.4174
v  5.5435 13.0733 0.4318
v  5.5310 12.9328 0.3008
v  7.5283 11.8993 0.2957
v  8.0820 10.7530 0.2878
v  6.6677 12.6061 0.2920
v  6.1247 12.8262 0.2994
v  7.8515 11.3922 0.2933
v  8.2281 10.1092 0.2891
v  7.1329 12.2915 0.2949
v  7.4590 11.8156 0.1342
v  7.9883 10.7038 0.1194
v  6.6033 12.5276 0.1351
v  6.0808 12.7389 0.1421
v  7.7766 11.3108 0.1297
v  8.1289 10.0834 0.1187
v  7.0608 12.2166 0.1350
v  5.5166 12.8387 0.1363
v  5.5787 13.5642 0.5605
v  6.2679 13.4378 0.5462
v  6.9531 13.1711 0.5276
v  7.5464 12.7957 0.5182
v  8.0440 12.2906 0.5141
v  8.4143 11.6981 0.5182
v  8.6774 11.0029 0.5236
v  8.8579 10.2955 0.5271
v  5.5751 13.4670 0.5503
v  6.2584 13.3480 0.5368
v  6.8970 13.0963 0.5215
v  7.4783 12.7219 0.5130
v  7.9651 12.2262 0.5097
v  8.3371 11.6446 0.5137
v  8.5851 10.9911 0.5184
v  8.7583 10.2818 0.5213
v  7.5428 14.8116 1.7198
v  7.5413 14.5930 0.6733
v  7.5427 14.6423 0.6930
v  7.5434 14.6918 0.7231
v  7.5433 14.7366 0.7618
v  7.5431 14.7750 0.8084
v  7.5429 14.8045 0.8610
v  7.5428 14.7707 1.6610
v  7.5440 14.3099 0.6372
v  7.5432 14.4117 0.6477
v  11.1486 11.6951 1.6610
v  11.1785 11.6952 0.8592
v  11.1072 11.6953 0.7606
v  11.0572 11.6953 0.7210
v  11.0006 11.6953 0.6916
v  10.9429 11.6953 0.6740
v  10.8901 11.6954 0.6659
v  11.1479 11.6953 0.8076
v  11.1896 11.6951 1.7198
v  10.6835 11.6956 0.6518
v  10.7853 11.6954 0.6587
v  -47.1792 11.1852 0.4248
v  -45.4124 11.9044 0.3943
v  -46.3594 11.6621 0.4165
v  -45.4335 12.0568 0.4743
v  -47.2486 11.2877 0.4702
v  -46.4135 11.7874 0.4726
v  -47.1178 11.0934 0.3563
v  -46.3132 11.5554 0.3333
v  -45.3943 11.7791 0.2782
v  -45.4439 12.1395 0.4979
v  -47.2862 11.3416 0.4832
v  -46.4418 11.8542 0.4891
v  -47.2125 11.2346 0.4502
v  -46.3854 11.7218 0.4477
v  -45.4230 11.9783 0.4392
v  -45.4029 11.8368 0.3388
v  -47.1474 11.1379 0.3934
v  -46.3353 11.6062 0.3774
v  -47.0899 11.0518 0.3132
v  -46.2934 11.5100 0.2836
v  -45.3864 11.7287 0.2072
v  -47.4160 11.5470 0.4951
v  -46.5535 12.1096 0.5063
v  -45.4995 12.4188 0.5239
v  -47.3818 11.4699 0.4926
v  -46.5107 12.0150 0.5012
v  -45.4700 12.3266 0.5179
v  -8.1561 12.7304 0.3778
v  -8.1580 12.8944 0.4816
v  -8.1560 12.6061 0.2268
v  -8.1596 12.9845 0.5133
v  -8.1566 12.8083 0.4358
v  -8.1558 12.6624 0.3069
v  -8.1567 12.5618 0.1374
v  -8.1619 14.7708 1.6610
v  -8.1619 14.8116 1.7198
v  -8.1620 14.5751 0.6710
v  -8.1620 14.6295 0.6888
v  -8.1620 14.6849 0.7189
v  -8.1620 14.7344 0.7597
v  -8.1620 14.7748 0.8085
v  -8.1619 14.8046 0.8622
v  -8.1590 13.2926 0.5497
v  -8.1620 14.3080 0.6415
v  -8.1609 13.1927 0.5409
v  -8.1620 14.4093 0.6509
v  -50.8019 14.7711 1.6610
v  -54.2605 11.2526 1.7198
v  -54.2486 11.2526 0.8629
v  -54.2182 11.2526 0.8126
v  -54.1780 11.2526 0.7663
v  -54.1283 11.2526 0.7267
v  -54.0705 11.2526 0.6964
v  -54.0105 11.2526 0.6783
v  -50.8019 14.8116 1.7198
v  -50.8021 14.5692 0.6777
v  -50.8021 14.6237 0.6946
v  -50.8021 14.6784 0.7231
v  -50.8020 14.7277 0.7619
v  -50.8020 14.7685 0.8086
v  -50.8020 14.7996 0.8603
v  -54.2195 11.2526 1.6610
v  -53.9548 11.2526 0.6705
v  -50.8024 14.2979 0.6583
v  -53.7472 11.2528 0.6630
v  -50.8022 14.3999 0.6632
v  -53.8484 11.2527 0.6666
v  -43.6799 4.5974 -6.7141
v  -44.2728 2.3548 -6.6607
v  -44.0272 3.4872 -6.6956
v  -44.4225 1.1827 -6.6056
v  -45.7886 7.1792 -3.1718
v  -46.6700 4.9495 -3.1995
v  -47.2429 2.5095 -3.1691
v  -46.2326 6.1643 -3.1969
v  -47.0061 3.7367 -3.1876
v  -47.3812 1.2592 -3.1467
v  -45.2603 8.1909 -3.1391
v  -47.4266 7.4749 -1.4157
v  -48.3226 5.1061 -1.4243
v  -48.8855 2.5815 -1.4051
v  -43.0455 8.9609 -4.7373
v  -47.8984 6.3472 -1.4261
v  -48.6524 3.8511 -1.4159
v  -49.0180 1.2946 -1.3976
v  -46.8693 8.5801 -1.4002
v  -44.2822 6.8639 -4.8897
v  -45.1437 4.7791 -4.9348
v  -45.7261 2.4313 -4.8934
v  -44.6927 5.9628 -4.9254
v  -45.4857 3.6121 -4.9194
v  -45.8703 1.2206 -4.8558
v  -43.7866 7.7800 -4.8426
v  -48.2589 7.6292 -0.5513
v  -49.1650 5.1894 -0.5520
v  -49.7245 2.6201 -0.5393
v  -48.7458 6.4447 -0.5551
v  -49.4924 3.9122 -0.5459
v  -49.8546 1.3136 -0.5396
v  -47.6872 8.7827 -0.5457
v  -45.0323 7.0197 -4.0277
v  -45.9033 4.8629 -4.0641
v  -46.4803 2.4698 -4.0279
v  -45.4595 6.0623 -4.0582
v  -46.2421 3.6735 -4.0501
v  -46.6217 1.2395 -3.9978
v  -44.5195 7.9828 -3.9872
v  -46.6013 7.3239 -2.2879
v  -47.4888 5.0257 -2.3052
v  -48.0559 2.5445 -2.2795
v  -43.7776 9.1722 -3.9150
v  -47.0588 6.2528 -2.3052
v  -47.8215 3.7923 -2.2946
v  -48.1912 1.2765 -2.2642
v  -46.0591 8.3819 -2.2649
v  -43.5441 6.7148 -5.7628
v  -44.3985 4.7005 -5.8179
v  -44.9896 2.3953 -5.7737
v  -43.9398 5.8696 -5.8053
v  -44.7460 3.5549 -5.8024
v  -45.1380 1.2026 -5.7293
v  -43.0631 7.5839 -5.7072
v  -42.9468 4.7450 -7.8987
v  -42.3389 5.9817 -7.9024
v  -43.3860 3.4956 -7.8852
v  -43.7899 1.1870 -7.8250
v  -43.6384 2.3755 -7.8760
v  -43.2663 4.6445 -7.3127
v  -43.9095 2.3513 -7.2453
v  -43.6637 3.4856 -7.2674
v  -44.0580 1.1773 -7.1916
v  -38.9997 8.9838 -6.4140
v  -25.2916 10.5266 -4.2036
v  -40.7514 8.4843 -6.6947
v  -37.0475 9.2018 -6.0994
v  -40.0646 9.0163 -6.5851
v  -39.8899 8.8058 -6.5574
v  -41.1427 8.1842 -6.7461
v  -41.6994 7.7080 -6.7834
v  -42.2248 7.1548 -6.7860
v  -39.3736 9.3076 -6.4740
v  -37.1303 9.6681 -6.1127
v  -14.5443 11.5548 -2.3852
v  -9.1828 12.0778 -1.3802
v  -41.7505 9.3132 -5.5631
v  -42.5378 9.5263 -4.6842
v  -43.2565 9.7286 -3.8976
v  -44.0140 9.9443 -3.0743
v  -41.1091 9.8056 -5.4461
v  -41.8550 10.0304 -4.6011
v  -42.5437 10.2460 -3.8347
v  -43.2676 10.4755 -3.0296
v  -43.9989 10.6995 -2.2423
v  -44.7233 10.9268 -1.4627
v  -46.9764 9.9923 -0.5353
v  -46.1269 9.7797 -1.4047
v  -45.3162 9.5819 -2.2397
v  -44.5097 9.3753 -3.1043
v  -42.2779 8.7424 -5.6247
v  -44.7843 10.1693 -2.2480
v  -45.5424 10.3917 -1.4439
v  -46.4056 10.6389 -0.5638
v  -45.5334 11.2074 -0.5827
v  -38.2580 9.5357 -6.2944
v  -38.0255 9.0926 -6.2570
v  -37.8020 10.5355 -4.8950
v  -38.3893 10.7225 -4.1414
v  -38.9121 10.8903 -3.4712
v  -39.4651 11.0693 -2.7628
v  -40.0252 11.2533 -2.0463
v  -40.4890 11.4058 -1.4526
v  -41.1806 11.6377 -0.5694
v  -44.2679 11.5192 -0.5985
v  -43.4496 11.2409 -1.5321
v  -42.8357 11.0351 -2.2339
v  -42.1679 10.8126 -3.0020
v  -41.5280 10.5974 -3.7550
v  -40.9120 10.3903 -4.4851
v  -40.2368 10.1675 -5.2933
v  -39.0300 10.3988 -5.0934
v  -39.6572 10.5983 -4.3141
v  -40.2176 10.7790 -3.6188
v  -40.8093 10.9705 -2.8850
v  -41.4084 11.1690 -2.1439
v  -41.9276 11.3415 -1.5003
v  -42.6634 11.5879 -0.5928
v  -37.1901 10.1142 -5.9604
v  -25.2453 10.2198 -4.3062
v  -41.3424 8.4071 -6.6651
v  -39.4960 9.7029 -6.3624
v  -25.3756 10.9358 -4.0723
v  -36.9951 8.9083 -6.1976
v  -40.2509 9.3626 -6.4987
v  -38.9510 8.6744 -6.5234
v  -39.7851 8.5242 -6.6446
v  -40.5922 8.2047 -6.7814
v  -41.0255 7.9694 -6.8369
v  -41.8460 7.8272 -6.6971
v  -41.5832 7.5806 -6.8768
v  -42.3276 7.2022 -6.7087
v  -42.1744 7.0492 -6.8663
v  -14.5029 11.3886 -2.5050
v  -14.6163 11.7588 -2.2366
v  -9.1529 11.9804 -1.4894
v  -9.2231 12.1776 -1.2399
v  -40.8418 8.8841 -6.6101
v  -38.3715 9.9625 -6.1609
v  -37.9586 8.7980 -6.3551
v  -42.5756 6.7238 -6.7650
v  -42.5412 6.6503 -6.8328
v  -42.6287 6.7489 -6.7114
v  -37.8205 7.7941 -11.0808
v  -39.6910 7.2307 -11.1600
v  -41.1760 5.9911 -11.1721
v  -40.0674 8.0424 -7.6353
v  -39.6697 7.8880 -8.7847
v  -38.0095 7.9458 -10.2146
v  -38.1940 8.0817 -9.4317
v  -38.3734 8.2190 -8.6416
v  -38.6963 8.4304 -7.4056
v  -39.3938 7.8006 -9.5403
v  -39.0589 7.7113 -10.3313
v  -41.2092 7.4023 -7.6424
v  -40.6691 7.3610 -8.8068
v  -40.3552 7.3247 -9.5639
v  -39.9952 7.2880 -10.3762
v  -41.9486 6.7817 -7.5342
v  -41.4609 6.7028 -8.7474
v  -42.7140 5.9114 -7.2834
v  -41.1505 6.7148 -9.5122
v  -40.8073 6.7185 -10.3417
v  -31.2102 10.0897 -5.1595
v  -31.1692 9.8578 -5.1526
v  -19.7870 11.0617 -3.2945
v  -31.2822 10.5267 -5.0216
v  -31.1142 9.5691 -5.2471
v  -19.7986 10.8260 -3.4045
v  -19.7948 11.3685 -3.1304
v  -25.2686 10.3399 -4.2369
v  -37.0208 9.0346 -6.1266
v  -38.9748 8.8135 -6.4399
v  -39.8320 8.6474 -6.5765
v  -40.6600 8.3177 -6.7168
v  -41.0715 8.0487 -6.7845
v  -41.6304 7.6376 -6.8253
v  -42.1871 7.1033 -6.8256
v  -14.5191 11.4551 -2.4426
v  -9.1666 12.0178 -1.4341
v  -37.9853 8.9276 -6.2817
v  -42.5511 6.6897 -6.8003
v  -19.7908 10.9193 -3.3399
v  -31.1403 9.6936 -5.1787
v  -25.2117 10.1273 -4.4140
v  -36.9637 8.8140 -6.3070
v  -38.9231 8.5870 -6.6314
v  -39.7426 8.4311 -6.7519
v  -40.5470 8.1247 -6.8755
v  -40.9817 7.8868 -6.9327
v  -41.5472 7.5143 -6.9544
v  -42.1631 6.9958 -6.9188
v  -14.4881 11.3365 -2.5828
v  -9.1391 11.9514 -1.5518
v  -37.9334 8.7024 -6.4641
v  -42.5327 6.6166 -6.8649
v  -31.0859 9.4718 -5.3585
v  -19.8074 10.7438 -3.5013
v  -39.4300 9.5086 -6.4510
v  -25.3289 10.7412 -4.1709
v  -40.1582 9.1941 -6.5710
v  -14.5790 11.6580 -2.3208
v  -9.2007 12.1297 -1.3122
v  -38.3213 9.7581 -6.2660
v  -37.1545 9.9039 -6.0743
v  -31.2430 10.3187 -5.1275
v  -19.7898 11.2183 -3.2326
v  -37.2301 10.2754 -5.7868
v  -41.4533 8.4824 -6.5800
v  -42.3842 7.2195 -6.6570
v  -39.5633 9.8625 -6.2162
v  -25.4248 11.0802 -3.9347
v  -40.3438 9.4931 -6.3861
v  -41.9301 7.8788 -6.6231
v  -40.9397 9.0033 -6.5153
v  -14.6490 11.8346 -2.1270
v  -9.2447 12.2156 -1.1625
v  -38.4046 10.1246 -5.9976
v  -42.6677 6.7557 -6.6791
v  -19.8008 11.4805 -2.9992
v  -31.3257 10.6817 -4.8692
v  -41.7668 7.7704 -6.7489
v  -40.7704 8.6893 -6.6758
v  -41.2415 8.3099 -6.7199
v  -42.2740 7.1820 -6.7507
v  -42.6031 6.7426 -6.7355
v  -38.5441 8.3403 -7.9381
v  -39.9009 7.9684 -8.1357
v  -40.9553 7.3826 -8.1469
v  -41.7295 6.7109 -8.0685
v  -3.8496 12.8207 0.3763
v  -3.8525 12.9848 0.4822
v  -3.8493 12.6977 0.2244
v  -3.8548 13.0758 0.5146
v  -3.8505 12.8983 0.4353
v  -3.8491 12.7531 0.3050
v  -3.8501 12.6546 0.1357
v  -3.8581 14.8116 1.7198
v  -3.8566 14.5923 0.6750
v  -3.8576 14.6449 0.6952
v  -3.8582 14.6960 0.7262
v  -3.8583 14.7411 0.7663
v  -3.8582 14.7782 0.8133
v  -3.8581 14.8060 0.8650
v  -3.8581 14.3088 0.6400
v  -3.8566 13.2868 0.5444
v  -3.8581 14.7708 1.6610
v  -3.8541 13.3865 0.5537
v  -3.8581 14.4110 0.6500
v  9.0794 2.4511 -0.2001
v  8.8861 4.8988 -0.2063
v  8.5643 7.3381 -0.2138
v  5.2011 12.7685 -0.2095
v  -20.5940 12.1976 -0.1948
v  5.6468 12.7437 -0.1931
v  7.4762 11.6260 -0.1995
v  7.9408 10.5232 -0.2206
v  6.6632 12.3809 -0.1951
v  6.1751 12.6130 -0.1922
v  7.7619 11.1152 -0.2098
v  8.0813 9.9119 -0.2219
v  7.0993 12.0536 -0.2009
v  -8.1562 12.4759 -0.1975
v  -48.7515 7.7221 -0.0511
v  -49.6641 5.2399 -0.0479
v  -50.2221 2.6435 -0.0394
v  -50.4080 -0.0000 -0.0260
v  -49.2475 6.5042 -0.0514
v  -49.9904 3.9494 -0.0433
v  -50.3509 1.3253 -0.0447
v  -48.1706 8.9040 -0.0500
v  -47.4816 10.0885 -0.0459
v  -46.9606 10.7041 -0.0776
v  -46.0285 11.3403 -0.0967
v  -44.6418 11.6530 -0.1673
v  -42.9705 11.6917 -0.2125
v  4.7311 3.7610 -13.7840
v  4.4178 5.8778 -13.7439
v  -5.4383 8.1731 -13.6640
v  -10.5682 7.9307 -13.5802
v  -37.7300 5.9222 -12.6317
v  -38.7876 7.6052 -11.1304
v  -40.5041 6.6786 -11.1767
v  -39.8019 4.8472 -12.5592
v  -39.3906 5.2641 -12.5736
v  -38.8967 5.5915 -12.5908
v  -38.3364 5.8151 -12.6104
v  -43.1749 1.3775 -10.9251
v  -40.3616 4.0462 -12.5393
v  -41.3855 1.1060 -12.5030
v  -41.8738 5.0150 -11.1032
v  3.2678 8.4829 -13.6531
v  3.2118 10.2929 -12.1052
v  4.1041 7.7253 -13.6795
v  5.9444 8.0333 -12.1308
v  4.9758 9.6635 -12.2131
v  3.8151 8.2845 -13.6598
v  3.5612 8.4366 -13.6545
v  4.1480 10.1322 -12.1870
v  5.6011 8.9273 -12.1800
v  4.0023 8.0360 -13.6684
v  4.5840 9.9326 -12.2066
v  3.6971 8.3711 -13.6566
v  3.4169 8.4723 -13.6533
v  3.6843 10.2515 -12.1457
v  3.9173 8.1731 -13.6639
v  5.3176 9.3262 -12.2041
v  5.8079 8.4916 -12.1485
v  4.0631 7.8843 -13.6739
v  3.2367 9.6570 -13.1940
v  5.2927 7.9428 -13.2362
v  5.9076 3.8771 -13.3200
v  5.6810 5.9080 -13.2642
v  -5.4766 9.3397 -13.2179
v  -10.6377 9.1430 -13.1395
v  -37.8153 7.1318 -12.1908
v  -38.6309 6.9560 -12.1861
v  -39.4070 6.6217 -12.1790
v  -42.5260 1.2790 -12.0520
v  -41.3305 4.6480 -12.1080
v  -40.6699 5.5571 -12.1559
v  -40.0935 6.1483 -12.1686
v  4.5502 9.1635 -13.2354
v  3.9268 9.5213 -13.2199
v  5.0253 8.6067 -13.2386
v  4.2553 9.3682 -13.2283
v  3.5858 9.6183 -13.2049
v  4.8083 8.9081 -13.2407
v  5.1856 8.2821 -13.2361
v  3.2516 9.1262 -13.5146
v  4.7537 7.8478 -13.5535
v  5.3770 3.8249 -13.6442
v  -5.4581 8.7956 -13.5379
v  -10.6097 8.5938 -13.4568
v  -37.7819 6.5836 -12.5078
v  -38.4991 6.4356 -12.4901
v  -39.1759 6.1497 -12.4731
v  -40.8956 4.3787 -12.4076
v  -40.2735 5.2301 -12.4405
v  -39.7735 5.7420 -12.4566
v  5.1355 5.9005 -13.6004
v  -41.9897 1.2011 -12.3745
v  4.2146 8.7646 -13.5345
v  3.7595 9.0261 -13.5248
v  4.5596 8.3478 -13.5446
v  3.9997 8.9147 -13.5282
v  3.5089 9.0976 -13.5187
v  4.4012 8.5728 -13.5407
v  4.6759 8.1033 -13.5489
v  6.0843 5.9104 -12.7737
v  -42.9355 1.3391 -11.5626
v  4.8123 9.4736 -12.7842
v  4.0616 9.9026 -12.7621
v  5.3846 8.8080 -12.7726
v  4.4570 9.7186 -12.7766
v  3.6480 10.0163 -12.7341
v  5.1242 9.1690 -12.7846
v  5.5771 8.4180 -12.7582
v  3.2248 10.0604 -12.7125
v  5.7047 8.0084 -12.7503
v  6.3096 3.9174 -12.8332
v  -5.4871 9.7566 -12.7295
v  -10.6520 9.5618 -12.6519
v  -37.8304 7.5508 -11.7033
v  -38.7308 7.3592 -11.7224
v  -39.5864 6.9947 -11.7338
v  -41.6661 4.8623 -11.6663
v  -40.9801 5.8182 -11.7244
v  -40.3444 6.4723 -11.7334
v  3.2604 8.8089 -13.6119
v  -43.1784 -0.0000 -11.2133
v  4.4329 7.7880 -13.6455
v  5.0592 3.7937 -13.7426
v  6.2223 5.9101 -12.4737
v  -5.4515 8.5036 -13.6232
v  -10.5902 8.2664 -13.5481
v  -37.7575 6.2571 -12.5995
v  -38.4195 6.1290 -12.5775
v  -39.0385 5.8735 -12.5576
v  -43.0794 1.3593 -11.2594
v  -40.6373 4.2213 -12.4983
v  -40.0408 5.0405 -12.5247
v  -39.5846 5.5052 -12.5398
v  4.9078 9.5852 -12.5054
v  4.1102 10.0330 -12.4792
v  5.5123 8.8783 -12.4837
v  4.5301 9.8431 -12.4975
v  3.6701 10.1552 -12.4454
v  5.2390 9.2632 -12.5020
v  5.7169 8.4640 -12.4625
v  3.2302 9.8744 -12.9741
v  5.5146 7.9792 -13.0151
v  6.1249 3.8984 -13.0974
v  5.4308 5.9066 -13.4495
v  -5.4827 9.5644 -12.9958
v  -10.6466 9.3685 -12.9176
v  -37.8251 7.3577 -11.9691
v  -38.6848 7.1717 -11.9751
v  -39.5029 6.8200 -11.9768
v  -42.2762 1.2427 -12.2340
v  -41.5099 4.7615 -11.9063
v  -40.8356 5.6956 -11.9592
v  -40.2280 6.3211 -11.9714
v  4.3926 8.9762 -13.4029
v  3.8478 9.2901 -13.3909
v  4.8072 8.4853 -13.4108
v  4.1353 9.1559 -13.3971
v  3.5494 9.3752 -13.3802
v  4.6174 8.7507 -13.4091
v  4.9471 8.1985 -13.4119
v  3.2439 9.4090 -13.3727
v  5.0407 7.8993 -13.4144
v  5.6599 3.8525 -13.5008
v  -5.4683 9.0863 -13.3976
v  -10.6254 8.8862 -13.3177
v  -37.8011 6.8756 -12.3690
v  -38.5696 6.7126 -12.3580
v  -39.2992 6.4004 -12.3452
v  -41.1279 4.5216 -12.2763
v  -40.4833 5.4025 -12.3155
v  -39.9436 5.9572 -12.3305
v  4.8024 5.8954 -13.7021
v  -41.6718 1.1547 -12.4681
v  4.0171 8.5266 -13.6226
v  3.6619 8.7335 -13.6127
v  4.2825 8.1941 -13.6341
v  3.8499 8.6472 -13.6172
v  3.4646 8.7871 -13.6105
v  4.1596 8.3738 -13.6261
v  4.3723 7.9955 -13.6406
v  5.8994 5.9095 -13.0404
v  -42.7466 1.3112 -11.8295
v  4.6901 9.3294 -13.0297
v  3.9980 9.7253 -13.0116
v  5.2178 8.7144 -13.0267
v  4.3625 9.5556 -13.0224
v  3.6185 9.8321 -12.9902
v  4.9774 9.0476 -13.0331
v  5.3961 8.3553 -13.0188
v  3.2186 10.2021 -12.4169
v  5.8519 8.0271 -12.4498
v  6.4511 3.9322 -12.5336
v  -5.4896 9.9023 -12.4277
v  -10.6535 9.7103 -12.3498
v  -37.8290 7.7002 -11.4012
v  -38.7646 7.5068 -11.4350
v  -39.6498 7.1327 -11.4560
v  -41.7867 4.9426 -11.3957
v  -41.0961 5.9184 -11.4576
v  -40.4361 6.5947 -11.4634
v  -42.5223 3.7586 -11.0291
v  -40.8678 3.0415 -12.5218
v  -41.9365 3.4888 -12.0743
v  -41.4579 3.2846 -12.3853
v  -42.3015 3.6513 -11.6142
v  -41.1725 3.1652 -12.4796
v  -42.1325 3.5750 -11.8639
v  -41.7137 3.3928 -12.2486
v  -42.4333 3.7126 -11.3323
v  -41.1617 2.1908 -12.5114
v  -42.8952 2.7092 -10.9764
v  -42.2918 2.5161 -12.0459
v  -41.7884 2.3692 -12.3678
v  -42.6705 2.6322 -11.5704
v  -42.8036 2.6760 -11.2817
v  -42.0571 2.4468 -12.2250
v  -41.4862 2.2834 -12.4665
v  -42.4960 2.5778 -11.8279
v  -41.4665 11.7338 -0.2039
v  -41.4739 5.9966 -10.3187
v  -41.7768 5.9894 -9.4601
v  -42.0532 5.9878 -8.6351
v  -42.6365 4.8845 -8.6639
v  -42.3819 4.9452 -9.4790
v  -42.1186 4.9929 -10.3013
v  -43.1665 3.5266 -8.6132
v  -42.9628 3.5924 -9.4131
v  -42.7405 3.7048 -10.2202
v  -43.4390 2.4386 -8.5916
v  -43.2643 2.5248 -9.3808
v  -43.0802 2.6436 -10.1747
v  -43.5843 1.2186 -8.5327
v  -43.4668 1.2686 -9.3284
v  -43.2974 1.3301 -10.1248
v  4.8218 12.2810 -2.4905
v  5.2736 12.2515 -2.4846
v  7.0183 11.1888 -2.4856
v  7.5101 10.1079 -2.4987
v  6.2037 11.9266 -2.4720
v  5.7168 12.1442 -2.4744
v  7.3104 10.6801 -2.4900
v  7.6485 9.5141 -2.5043
v  6.6428 11.6080 -2.4772
v  -5.0222 12.0268 -2.5251
v  4.4167 11.7767 -4.8724
v  4.0188 11.2818 -7.2604
v  3.6153 10.7880 -9.6798
v  4.0819 10.7493 -9.7057
v  4.4779 11.2454 -7.2742
v  4.8723 11.7462 -4.8555
v  4.5375 10.6323 -9.7332
v  4.9277 11.1342 -7.2874
v  5.3204 11.6451 -4.8375
v  4.9868 10.4316 -9.7455
v  5.3880 10.9286 -7.2913
v  5.7924 11.4320 -4.8399
v  5.3904 10.1493 -9.7531
v  5.8019 10.6317 -7.3000
v  6.2199 11.1234 -4.8510
v  5.7395 9.7914 -9.7486
v  6.1579 10.2540 -7.2991
v  6.5852 10.7246 -4.8544
v  6.0242 9.3645 -9.7327
v  6.4436 9.8006 -7.2906
v  6.8731 10.2429 -4.8535
v  6.2287 8.8945 -9.7128
v  6.6451 9.2964 -7.2817
v  7.0728 9.7036 -4.8553
v  6.3630 8.4016 -9.7012
v  6.7804 8.7704 -7.2775
v  7.2115 9.1433 -4.8583
v  -14.8504 14.7709 1.6610
v  -14.8490 13.1510 0.5457
v  -14.8504 14.4073 0.6523
v  -14.8485 12.5922 0.3809
v  -14.8490 12.7559 0.4817
v  -14.8488 12.4646 0.2316
v  -14.8495 12.8462 0.5117
v  -14.8485 12.6707 0.4382
v  -14.8485 12.5225 0.3105
v  -14.8492 12.4178 0.1412
v  -14.8504 14.8116 1.7198
v  -14.8504 14.5743 0.6715
v  -14.8504 14.6289 0.6892
v  -14.8504 14.6844 0.7193
v  -14.8504 14.7340 0.7601
v  -14.8504 14.7744 0.8088
v  -14.8504 14.8042 0.8624
v  -14.8504 14.3066 0.6435
v  -14.8499 13.0511 0.5367
v  -14.8486 12.3288 -0.1960
v  -26.5726 12.3472 0.3843
v  -26.5717 12.5120 0.4812
v  -26.5733 12.2151 0.2380
v  -26.5712 12.6012 0.5085
v  -26.5721 12.4280 0.4402
v  -26.5729 12.2750 0.3155
v  -26.5735 12.1653 0.1467
v  -26.5746 14.8116 1.7198
v  -26.5746 14.5731 0.6724
v  -26.5746 14.6281 0.6901
v  -26.5746 14.6837 0.7203
v  -26.5746 14.7332 0.7611
v  -26.5746 14.7733 0.8095
v  -26.5746 14.8030 0.8624
v  -26.5747 14.3046 0.6465
v  -26.5714 12.8014 0.5307
v  -26.5746 14.7710 1.6610
v  -26.5720 12.9012 0.5389
v  -26.5746 14.4053 0.6544
v  -26.5724 12.0628 -0.1932
v  -36.6462 14.7710 1.6610
v  -36.6381 12.6853 0.5327
v  -36.6462 14.4048 0.6558
v  -36.6361 12.1354 0.3852
v  -36.6352 12.3006 0.4794
v  -36.6368 12.0006 0.2405
v  -36.6348 12.3904 0.5054
v  -36.6357 12.2174 0.4400
v  -36.6365 12.0617 0.3170
v  -36.6371 11.9486 0.1487
v  -36.6462 14.8116 1.7198
v  -36.6462 14.5742 0.6731
v  -36.6462 14.6297 0.6919
v  -36.6462 14.6835 0.7222
v  -36.6462 14.7310 0.7613
v  -36.6462 14.7707 0.8077
v  -36.6462 14.8020 0.8603
v  -36.6463 14.3032 0.6484
v  -36.6361 12.5847 0.5258
v  -36.5351 11.8433 -0.1980
v  -32.4449 10.9996 -3.7344
v  -25.6290 11.3091 -3.2592
v  -33.9149 11.3003 -2.4622
v  -26.0101 11.6153 -2.0205
v  -20.5943 11.8259 -1.7169
v  -14.7386 12.0487 -1.3857
v  -35.3652 11.6004 -1.2077
v  -26.3954 11.9209 -0.7669
v  -20.5942 12.1280 -0.4809
v  -36.2500 11.7810 -0.4427
v  -5.4917 9.9924 -12.1184
v  -5.2535 11.5084 -4.8462
v  -5.2956 10.9825 -7.2599
v  -5.3931 10.4783 -9.6735
v  -10.7127 11.1813 -4.8528
v  -10.6522 10.7222 -7.2609
v  -10.6533 10.2550 -9.6852
v  -10.6510 9.8036 -12.0290
v  -19.8060 9.1265 -11.7093
v  -19.8183 10.4532 -4.8185
v  -19.8218 9.9865 -7.2393
v  -19.8245 9.5198 -9.6604
v  -25.1311 8.7327 -11.5234
v  -25.1712 9.5547 -7.2404
v  -25.1750 9.0876 -9.6631
v  -31.0484 8.2951 -11.3167
v  -31.1131 9.0535 -7.3532
v  -31.0885 8.6103 -9.6637
v  -9.9801 11.6581 -2.6851
v  -15.2097 9.4664 -11.8698
v  -15.2667 10.3562 -7.2282
v  -15.2338 9.8911 -9.6556
v  -15.2947 10.8108 -4.8569
v  -31.0553 8.2013 -11.6378
v  -31.0564 8.0523 -11.9401
v  -31.0515 7.8589 -12.2058
v  -31.0425 7.6330 -12.4276
v  -31.0295 7.3764 -12.6057
v  -31.0119 7.0842 -12.7444
v  -30.9896 6.7573 -12.8358
v  -30.9641 6.4223 -12.8680
v  -25.1368 8.6391 -11.8444
v  -25.1371 8.4902 -12.1466
v  -25.1320 8.2968 -12.4123
v  -25.1230 8.0710 -12.6341
v  -25.1101 7.8144 -12.8123
v  -25.0930 7.5221 -12.9511
v  -25.0713 7.1951 -13.0425
v  -25.0468 6.8599 -13.0746
v  -19.8105 9.0330 -12.0302
v  -19.8102 8.8843 -12.3324
v  -19.8049 8.6909 -12.5981
v  -19.7959 8.4652 -12.8200
v  -19.7832 8.2085 -12.9982
v  -19.7664 7.9162 -13.1371
v  -19.7454 7.5890 -13.2285
v  -19.7217 7.2537 -13.2606
v  -15.2132 9.3731 -12.1907
v  -15.2123 9.2244 -12.4928
v  -15.2069 9.0311 -12.7586
v  -15.1978 8.8055 -12.9804
v  -15.1852 8.5487 -13.1586
v  -15.1688 8.2564 -13.2976
v  -15.1484 7.9291 -13.3890
v  -15.1253 7.5936 -13.4211
v  -36.7590 7.8727 -11.1173
v  -36.7671 7.7788 -11.4385
v  -36.7689 7.6297 -11.7408
v  -36.7642 7.4362 -12.0065
v  -36.7553 7.2102 -12.2283
v  -36.7422 6.9537 -12.4063
v  -36.7241 6.6616 -12.5451
v  -36.7010 6.3348 -12.6364
v  -36.6747 6.0000 -12.6686
v  -35.3703 7.9754 -11.1658
v  -35.3781 7.8816 -11.4869
v  -35.3797 7.7325 -11.7893
v  -35.3749 7.5390 -12.0549
v  -35.3660 7.3130 -12.2768
v  -35.3529 7.0565 -12.4548
v  -35.3350 6.7644 -12.5936
v  -35.3121 6.4376 -12.6849
v  -35.2860 6.1027 -12.7171
v  3.8742 10.5045 -10.9278
v  4.3283 10.3879 -10.9543
v  4.7789 10.1873 -10.9743
v  5.1832 9.9081 -10.9815
v  5.5324 9.5565 -10.9745
v  5.8181 9.1401 -10.9518
v  6.0244 8.6883 -10.9169
v  6.1596 8.2225 -10.8822
v  3.4087 10.5381 -10.9045
v  -5.4498 10.2357 -10.8899
v  -10.6495 10.0299 -10.8547
v  -19.8116 9.3239 -10.6824
v  -25.1493 8.9109 -10.5906
v  -31.0723 8.4571 -10.4659
v  -15.2184 9.6795 -10.7604
v  3.8130 11.0344 -8.4728
v  4.2790 10.9969 -8.4912
v  4.7353 10.8824 -8.5101
v  5.1877 10.6769 -8.5178
v  5.5940 10.3869 -8.5254
v  5.9473 10.0228 -8.5235
v  6.2343 9.5847 -8.5121
v  6.4371 9.0967 -8.4976
v  6.5718 8.5856 -8.4893
v  -5.3428 10.7240 -8.4655
v  -10.6533 10.4851 -8.4724
v  -19.8258 9.7495 -8.4492
v  -25.1780 9.3207 -8.4518
v  -31.0987 8.8417 -8.4585
v  -15.2341 10.1214 -8.4420
v  4.2191 11.5267 -6.0601
v  4.6749 11.4921 -6.0619
v  5.1224 11.3853 -6.0626
v  5.5871 11.1752 -6.0639
v  6.0067 10.8727 -6.0737
v  6.3660 10.4842 -6.0747
v  6.6521 10.0178 -6.0701
v  6.8533 9.4977 -6.0670
v  6.9906 8.9558 -6.0668
v  -5.2807 11.2474 -6.0382
v  -10.7180 10.9543 -6.0284
v  -19.8216 10.2750 -5.7421
v  -25.1814 9.8730 -5.5842
v  -31.0849 9.2367 -6.4141
v  -15.2800 10.6046 -5.9332
v  -36.6997 8.6431 -7.1437
v  -36.4992 8.5426 -7.7494
v  -36.2222 8.4037 -8.5864
v  -35.9192 8.2519 -9.5012
v  -35.6593 8.1173 -10.3087
v  -36.9816 8.0193 -10.2633
v  -37.1798 8.1583 -9.4588
v  -37.3946 8.3034 -8.6157
v  -37.5897 8.4354 -7.8494
v  -37.7351 8.5337 -7.2782
v  -31.2079 10.0684 -5.1589
v  -37.1283 9.6486 -6.1125
v  -38.2533 9.5166 -6.2937
v  -39.3682 9.2895 -6.4733
v  -40.0554 9.0003 -6.5839
v  -40.6958 8.4884 -6.6871
v  -39.8884 8.8002 -6.5570
v  -38.9987 8.9773 -6.4137
v  -38.0248 9.0859 -6.2569
v  -37.0468 9.1951 -6.0993
v  -31.1684 9.8512 -5.1525
v  -25.5599 10.4747 -4.2493
v  4.8625 1.8894 -13.7794
v  6.0041 1.9444 -13.3153
v  5.4972 1.9215 -13.6466
v  6.4362 1.9656 -12.8562
v  5.1762 1.8982 -13.7417
v  6.2152 1.9554 -13.0989
v  5.7590 1.9320 -13.4940
v  6.5881 1.9710 -12.5444
v  6.2935 5.9710 -12.1871
v  6.5347 3.9879 -12.2112
v  6.6795 1.9974 -12.2201
v  8.5699 2.4126 -2.6226
v  8.3794 4.7780 -2.5734
v  8.0825 7.1165 -2.5401
v  6.7173 6.3146 -9.7474
v  6.9729 4.2207 -9.7772
v  7.1276 2.1168 -9.7889
v  7.1579 6.5944 -7.3308
v  7.4273 4.4094 -7.3639
v  7.5907 2.2137 -7.3765
v  7.6120 6.8771 -4.9173
v  7.8971 4.6001 -4.9539
v  8.0702 2.3117 -4.9684
v  6.5073 6.1806 -10.9284
v  6.7579 4.1300 -10.9569
v  6.9100 2.0696 -10.9675
v  6.9355 6.4538 -8.5391
v  7.1975 4.3147 -8.5704
v  7.3562 2.1652 -8.5823
v  7.3800 6.7351 -6.1227
v  7.6571 4.5042 -6.1575
v  7.8251 2.2622 -6.1709
v  0.6883 12.9913 0.4328
v  0.6896 12.9142 0.3731
v  0.6827 13.1704 0.5154
v  0.6857 13.0780 0.4813
v  0.6902 12.8474 0.3016
v  0.6901 12.7934 0.2209
v  0.6892 12.7520 0.1329
v  0.6784 14.7708 1.6610
v  0.6784 14.8110 1.7198
v  0.6788 14.5999 0.6766
v  0.6789 14.6516 0.6981
v  0.6788 14.7007 0.7293
v  0.6787 14.7439 0.7689
v  0.6786 14.7796 0.8150
v  0.6784 14.8065 0.8658
v  0.6784 14.3095 0.6393
v  0.6834 13.4819 0.5579
v  0.6784 14.4118 0.6494
v  0.6803 13.3823 0.5480
v  -0.3048 8.3456 -13.6579
v  -0.3096 8.6700 -13.6185
v  -0.3183 9.7215 -13.0128
v  -0.3147 9.4931 -13.2313
v  -0.3100 9.2384 -13.4060
v  -0.3048 8.9483 -13.5419
v  -0.3256 10.0677 -12.4461
v  -0.3220 9.9192 -12.7484
v  -0.3274 10.1707 -12.1109
v  0.6836 12.6742 -0.1857
v  0.4671 12.1812 -2.4662
v  0.2597 11.6662 -4.8335
v  0.1610 11.4100 -6.0406
v  0.0632 11.1556 -7.2485
v  -0.0315 10.8999 -8.4555
v  -0.1327 10.6551 -9.6630
v  -0.2500 10.4110 -10.8921
v  9.7610 -0.0000 0.5403
v  9.6975 2.5216 0.5382
v  9.5041 5.0164 0.5321
v  9.1868 7.4756 0.5246
v  8.7449 9.8964 0.5168
v  8.6624 10.2585 0.5157
v  8.5839 10.6156 0.5147
v  8.5002 10.9679 0.5134
v  8.3905 11.3003 0.5113
v  8.2527 11.6075 0.5090
v  8.0869 11.9000 0.5072
v  7.8883 12.1743 0.5057
v  7.6707 12.4208 0.5056
v  7.4216 12.6450 0.5080
v  7.1538 12.8412 0.5111
v  6.8617 13.0120 0.5151
v  6.5538 13.1495 0.5203
v  6.2412 13.2507 0.5271
v  5.9093 13.3293 0.5351
v  5.5625 13.3774 0.5407
v  5.2152 13.3861 0.5422
v  0.6791 13.2930 0.5391
v  -3.8570 13.2107 0.5374
v  -8.1613 13.1161 0.5343
v  -14.8500 12.9565 0.5290
v  -20.5910 12.8359 0.5263
v  -26.5711 12.7089 0.5236
v  -36.6351 12.4851 0.5199
v  -41.6827 12.3774 0.5173
v  -43.1946 12.3377 0.5164
v  -44.8620 12.2917 0.5151
v  -45.4549 12.2324 0.5120
v  -46.0709 12.0767 0.5026
v  -46.4726 11.9265 0.4968
v  -46.8596 11.7286 0.4931
v  -47.3293 11.4070 0.4903
v  -47.8166 10.9363 0.4896
v  -48.2108 10.3873 0.4894
v  -48.8924 9.2047 0.4905
v  -49.4882 7.9816 0.4918
v  -49.9969 6.7178 0.4932
v  -50.4180 5.4170 0.4947
v  -50.7470 4.0883 0.4960
v  -50.9832 2.7372 0.4971
v  -51.1241 1.3715 0.4978
v  -53.9515 14.4998 0.6722
v  -50.8021 14.5187 0.6698
v  -47.6284 14.5214 0.6660
v  -41.6820 14.5220 0.6646
v  -36.6462 14.5225 0.6640
v  -26.5746 14.5234 0.6642
v  -20.5907 14.5240 0.6636
v  -14.8504 14.5249 0.6630
v  -8.1620 14.5261 0.6623
v  -3.8561 14.5422 0.6640
v  0.6786 14.5485 0.6642
v  5.2117 14.5444 0.6620
v  7.5403 14.5437 0.6616
v  10.9068 14.5484 0.6768
v  10.9276 14.5283 0.6770
v  10.9846 14.5346 0.6926
v  10.9348 14.5177 0.6773
v  10.8964 14.5552 0.6770
v  10.9114 14.6061 0.6922
v  11.1358 14.5389 0.8016
v  11.0957 14.5305 0.7578
v  10.9952 14.5160 0.6943
v  10.9399 14.5095 0.6776
v  10.8839 14.5033 0.6691
v  10.9277 14.6562 0.7176
v  10.9586 14.6365 0.7150
v  10.9883 14.6109 0.7139
v  11.0136 14.5825 0.7152
v  11.0336 14.5524 0.7178
v  11.0477 14.5227 0.7211
v  10.9173 14.7572 0.8010
v  10.9098 14.7170 0.7573
v  10.9028 14.6688 0.7208
v  10.8960 14.6143 0.6934
v  10.8899 14.5598 0.6774
v  -54.1774 14.4983 0.7673
v  -54.2480 14.4982 0.8634
v  -54.1280 14.4979 0.7282
v  -54.0706 14.4962 0.6983
v  -53.9568 14.7973 0.8601
v  -53.9583 14.7260 0.7650
v  -53.9581 14.6765 0.7267
v  -53.9516 14.6197 0.6977
v  -53.9491 14.5601 0.6803
v  -53.9877 14.5348 0.6801
v  -54.2176 14.4980 0.8134
v  -54.1877 14.5768 0.7972
v  -54.2364 14.5440 0.8541
v  -54.1498 14.5609 0.7553
v  -54.0406 14.5491 0.6944
v  -54.1245 14.6010 0.7508
v  -54.0236 14.5698 0.6939
v  -54.0036 14.5881 0.6946
v  -54.0180 14.6958 0.7556
v  -54.0562 14.6709 0.7512
v  -53.9574 14.7665 0.8105
v  -54.0333 14.7335 0.7973
v  -54.0054 14.7807 0.8537
v  -54.0471 14.7638 0.8447
v  -54.0990 14.7331 0.8386
v  -54.1462 14.6932 0.8363
v  -54.0786 14.7049 0.7910
v  -54.1213 14.6681 0.7887
v  -54.0923 14.6388 0.7490
v  -54.1868 14.6452 0.8389
v  -54.2178 14.5926 0.8456
v  -54.1588 14.6241 0.7911
v  -53.9966 14.5237 0.6802
v  -53.9768 14.5446 0.6803
v  -53.9877 14.5999 0.6959
v  -53.9697 14.5503 0.6805
v  -54.0030 14.5146 0.6804
v  -54.0538 14.5298 0.6956
v  -53.9991 14.7503 0.8055
v  -53.9915 14.7104 0.7616
v  -53.9747 14.6116 0.6976
v  -53.9645 14.5553 0.6807
v  -54.1046 14.5452 0.7212
v  -54.0847 14.5758 0.7184
v  -54.0592 14.6055 0.7173
v  -54.0308 14.6310 0.7186
v  -54.0019 14.6514 0.7219
v  -53.9836 14.6642 0.7259
v  -54.2049 14.5369 0.8045
v  -54.1645 14.5298 0.7606
v  -54.1165 14.5221 0.7241
v  -54.0634 14.5148 0.6971
v  -54.0083 14.5074 0.6808
v  -54.2220 -0.0000 0.8130
v  10.8951 -0.0000 0.6579
v  -45.1515 -0.0000 -5.7066
v  -44.0733 -0.0000 -7.1584
v  -41.4408 -0.0000 -12.5021
v  -25.0463 1.7153 -13.0747
v  -25.0463 3.4279 -13.0747
v  -25.0463 5.1404 -13.0747
v  -30.9636 4.8122 -12.8680
v  -30.9636 3.2091 -12.8680
v  -30.9636 1.6059 -12.8680
v  -35.2854 4.5725 -12.7171
v  -35.2854 3.0493 -12.7171
v  -35.2854 1.5260 -12.7171
v  -35.2854 -0.0000 -12.7171
v  -36.6742 4.4955 -12.6686
v  -36.6742 2.9979 -12.6686
v  -36.6742 1.5003 -12.6686
v  -5.4463 2.0438 -13.7591
v  -5.4426 4.0866 -13.7592
v  -5.4395 6.1258 -13.7329
v  -10.5690 5.9435 -13.5802
v  -10.5732 3.9632 -13.5801
v  -10.5692 1.9830 -13.5802
v  -15.1248 5.6907 -13.4211
v  -15.1248 3.7947 -13.4211
v  -15.1248 1.8987 -13.4211
v  -19.7212 5.4358 -13.2606
v  -19.7212 3.6248 -13.2606
v  -19.7212 1.8138 -13.2606
v  -0.9947 0.6503 -14.2445
v  -0.8403 0.8403 -14.2445
v  -0.2163 1.1685 -14.2445
v  0.0000 1.1884 -14.2445
v  0.6503 0.9947 -14.2445
v  0.8403 0.8403 -14.2445
v  1.1685 0.2162 -14.2445
v  -1.1685 0.2163 -14.2445
v  -1.1050 0.4375 -14.2445
v  -0.6503 0.9947 -14.2445
v  -0.4375 1.1050 -14.2445
v  0.0000 1.4103 -14.2241
v  0.0000 1.6435 -14.1569
v  -1.0226 1.5640 -14.0402
v  -0.6880 1.7374 -14.0402
v  -1.3208 1.3212 -14.0404
v  -1.5633 1.0222 -14.0406
v  -1.7369 0.6878 -14.0405
v  -1.8370 0.3402 -14.0404
v  -1.3868 0.2567 -14.2241
v  -1.3113 0.5192 -14.2241
v  -1.1805 0.7718 -14.2241
v  -0.9973 0.9973 -14.2241
v  -0.7718 1.1805 -14.2241
v  -0.5192 1.3114 -14.2241
v  -0.2567 1.3868 -14.2241
v  -0.2992 1.6160 -14.1569
v  -0.3404 1.8373 -14.0402
v  -0.6051 1.5281 -14.1569
v  -0.8994 1.3756 -14.1569
v  -1.1622 1.1622 -14.1569
v  -1.3756 0.8994 -14.1569
v  -1.5281 0.6051 -14.1569
v  -1.6160 0.2992 -14.1569
v  1.1050 0.4374 -14.2445
v  0.9947 0.6503 -14.2445
v  0.4375 1.1050 -14.2445
v  0.2163 1.1685 -14.2445
v  0.0000 1.8682 -14.0404
v  1.3210 1.3206 -14.0406
v  1.5640 1.0227 -14.0402
v  1.7373 0.6879 -14.0403
v  1.0224 1.5641 -14.0403
v  0.6880 1.7374 -14.0402
v  1.3868 0.2567 -14.2241
v  1.3113 0.5192 -14.2241
v  1.1805 0.7718 -14.2241
v  0.9973 0.9973 -14.2241
v  0.7718 1.1805 -14.2241
v  0.5192 1.3114 -14.2241
v  0.2567 1.3868 -14.2241
v  0.2992 1.6160 -14.1569
v  0.3402 1.8370 -14.0404
v  1.6160 0.2992 -14.1569
v  1.5281 0.6051 -14.1569
v  1.8375 0.3402 -14.0402
v  1.3756 0.8994 -14.1569
v  1.1622 1.1622 -14.1569
v  0.8994 1.3756 -14.1569
v  0.6051 1.5281 -14.1569
v  3.3512 5.9044 -13.7431
v  3.4218 3.8046 -13.8063
v  3.4933 1.6947 -13.8273
v  -0.1694 5.9946 -13.7400
v  -0.0494 3.9217 -13.8124
v  -1.1115 1.7169 -13.8882
v  -0.7704 1.9005 -13.8833
v  -1.4590 1.4402 -13.8909
v  -1.7165 1.1244 -13.8887
v  -1.9132 0.7605 -13.8834
v  -2.0285 0.3725 -13.8794
v  -0.3836 2.0193 -13.8793
v  0.0007 2.0598 -13.8778
v  1.4481 1.4463 -13.8908
v  1.7091 1.1221 -13.8885
v  1.9070 0.7566 -13.8832
v  1.1171 1.7126 -13.8883
v  0.7651 1.9030 -13.8833
v  0.3843 2.0191 -13.8794
v  2.0203 0.3772 -13.8792
v  -1.1731 1.8190 -13.8844
v  -0.8210 2.0044 -13.8793
v  -1.5434 1.5209 -13.8871
v  -1.8174 1.1917 -13.8841
v  -2.0256 0.8070 -13.8786
v  -2.1494 0.3903 -13.8742
v  -0.4091 2.1300 -13.8749
v  0.0012 2.1705 -13.8735
v  1.5295 1.5234 -13.8872
v  1.8070 1.1860 -13.8847
v  2.0152 0.7977 -13.8789
v  1.1804 1.8092 -13.8838
v  0.8129 2.0071 -13.8792
v  0.4094 2.1309 -13.8749
v  2.1349 0.3971 -13.8747
v  3.2639 7.6657 -13.6816
v  4.4491 3.7305 -13.7898
v  4.1378 5.8339 -13.7466
v  3.8274 7.6659 -13.6816
v  3.7982 7.7842 -13.6775
v  3.7551 7.8960 -13.6736
v  3.6993 7.9908 -13.6703
v  3.6312 8.0678 -13.6676
v  3.5544 8.1255 -13.6656
v  3.4650 8.1687 -13.6640
v  3.3662 8.1928 -13.6632
v  3.2639 8.2000 -13.6630
v  -0.2948 8.0641 -13.6676
v  -5.4272 7.8914 -13.6713
v  -10.5517 7.6489 -13.5808
v  -15.1045 7.3120 -13.4218
v  -19.7009 6.9721 -13.2613
v  -25.0260 6.5783 -13.0754
v  -30.9433 6.1407 -12.8687
v  -35.2652 5.8210 -12.7178
v  -36.6539 5.7183 -12.6693
v  -37.6949 5.6413 -12.6330
v  -38.2588 5.5416 -12.6133
v  -38.7652 5.3398 -12.5956
v  -39.2105 5.0448 -12.5800
v  -39.5845 4.6660 -12.5670
v  -40.1182 3.9010 -12.5479
v  -40.6067 2.9311 -12.5310
v  -40.8883 2.1156 -12.5210
v  -41.1049 1.0700 -12.5130
v  4.5809 1.8759 -13.7881
v  -0.0253 2.9120 -13.8476
v  -3.5964 2.9093 -13.8189
v  -3.5986 1.5103 -13.8236
v  2.5977 2.9096 -13.8363
v  2.6002 1.4318 -13.8585
v  1.8681 -0.0000 -14.0404
v  3.5485 -0.0000 -13.8254
v  -2.0664 -0.0000 -13.8781
v  9.2253 -0.0000 0.1366
v  -51.1678 -0.0000 0.4978
v  -51.1144 -0.0000 0.4923
v  9.3888 -0.0000 0.3747
v  9.4656 -0.0000 0.4344
v  -50.8962 -0.0000 0.4197
v  -50.9986 -0.0000 0.4648
v  9.6426 -0.0000 0.5162
v  -54.2605 -0.0000 1.7198
v  -54.1820 -0.0000 0.7652
v  -54.1318 -0.0000 0.7242
v  11.1896 -0.0000 1.7198
v  -53.7512 -0.0000 0.6534
v  -48.2545 -0.0000 -2.2216
v  -45.8889 -0.0000 -4.8429
v  -43.8118 -0.0000 -7.7827
v  -43.2603 -0.0000 -10.8896
v  -42.0994 -0.0000 -12.3567
v  6.5036 -0.0000 -12.8220
v  6.6451 -0.0000 -12.5224
v  5.2463 -0.0000 -13.7357
v  -43.3837 -0.0000 -10.1101
v  6.9621 -0.0000 -10.9598
v  -5.4477 -0.0000 -13.7591
v  2.0595 -0.0000 -13.8779
v  -2.1852 -0.0000 -13.8730
v  5.0692 11.9965 -3.6687
v  4.6188 12.0285 -3.6813
v  5.5124 11.8954 -3.6547
v  5.9919 11.6810 -3.6550
v  6.4261 11.3672 -3.6632
v  6.7974 10.9578 -3.6689
v  7.0886 10.4622 -3.6708
v  7.2891 9.9047 -3.6762
v  7.4278 9.3258 -3.6803
v  0.3601 11.9205 -3.6492
v  -5.1993 11.7674 -3.6749
v  -10.5266 11.4151 -3.7171
v  -15.0342 11.0389 -3.7822
v  8.1362 4.6929 -3.7633
v  7.8450 7.0001 -3.7284
v  8.3167 2.3657 -3.7641
v  8.6318 4.8512 -1.3876
v  8.8235 2.4525 -1.4154
v  8.3244 7.2368 -1.3654
v  7.8669 9.7069 -1.3608
v  5.0208 12.5299 -1.3252
v  5.4831 12.4958 -1.3323
v  6.8718 11.8358 -1.3288
v  7.2498 11.4100 -1.3398
v  7.5456 10.8922 -1.3470
v  7.7302 10.3066 -1.3549
v  5.9360 12.3825 -1.3351
v  6.4296 12.1579 -1.3307
v  0.5811 12.4305 -1.3044
v  -4.6327 12.2876 -1.3866
v  -42.7120 6.7563 -6.6342
v  -42.7352 6.7555 -6.6097
v  -42.4492 7.2160 -6.6019
v  -42.4684 7.2273 -6.5739
v  -42.0065 7.9135 -6.5371
v  -42.0388 7.9048 -6.5111
v  -41.5479 8.5424 -6.4702
v  -41.5724 8.5497 -6.4408
v  -42.6992 6.5444 -6.7554
v  -43.1961 5.7843 -6.6900
v  -36.9277 8.7560 -6.4624
v  -36.9207 8.7536 -6.4777
v  -31.0550 9.4121 -5.5166
v  -31.0525 9.4091 -5.5331
v  -38.8969 8.5357 -6.7792
v  -38.8939 8.5316 -6.8006
v  -37.9039 8.6466 -6.6216
v  -37.9053 8.6430 -6.6397
v  -39.7117 8.3713 -6.9026
v  -39.7101 8.3630 -6.9248
v  -40.4946 8.0787 -7.0038
v  -40.4853 8.0731 -7.0306
v  -40.9375 7.8391 -7.0515
v  -40.9244 7.8337 -7.0750
v  -41.5079 7.4736 -7.0468
v  -41.5012 7.4675 -7.0696
v  -42.1480 6.9552 -6.9770
v  -42.1468 6.9408 -6.9994
v  -19.8249 11.5737 -2.8116
v  -19.8085 11.5625 -2.8450
v  -25.4720 11.1756 -3.7697
v  -25.4843 11.1934 -3.7238
v  -14.5023 11.2815 -2.7456
v  -14.4830 11.2874 -2.7236
v  -9.1532 11.9279 -1.6332
v  -9.1595 11.9221 -1.6584
v  -3.9716 12.5686 -0.1940
v  -3.8604 12.5772 -0.1706
v  -41.0769 9.0684 -6.3840
v  -41.1019 9.0793 -6.3519
v  -40.4384 9.5740 -6.2480
v  -40.4627 9.5844 -6.2164
v  -39.6148 9.9623 -6.0398
v  -39.6386 9.9719 -6.0082
v  -38.4594 10.2175 -5.8099
v  -38.4827 10.2263 -5.7737
v  -37.2696 10.3656 -5.5863
v  -37.2924 10.3748 -5.5495
v  -42.5224 6.5880 -6.9023
v  -42.5189 6.5732 -6.9245
v  -25.1825 10.0681 -4.5710
v  -25.1874 10.0640 -4.5901
v  -31.3847 10.7830 -4.6704
v  -31.4164 10.7955 -4.6306
v  -19.8007 10.6767 -3.6655
v  -19.7990 10.6804 -3.6527
v  -9.2128 12.2538 -1.0434
v  -9.2299 12.2436 -1.0804
v  -14.6762 11.8955 -1.9994
v  -14.6817 11.9092 -1.9570
v  -43.2697 -0.0000 -10.8293
v  -43.1869 1.3737 -10.8617
v  -42.9096 2.7042 -10.9148
v  -42.5390 3.7548 -10.9677
v  -41.8932 5.0135 -11.0414
v  -41.1984 5.9917 -11.1081
v  -40.5267 6.6814 -11.1138
v  -39.7142 7.2353 -11.1007
v  -38.8080 7.6138 -11.0698
v  -37.8341 7.8055 -11.0161
v  -36.7742 7.8840 -11.0524
v  -35.3900 7.9864 -11.1007
v  -31.0499 8.3074 -11.2520
v  -25.1322 8.7461 -11.4531
v  -19.8063 9.1413 -11.6326
v  -15.2102 9.4823 -11.7874
v  -10.6508 9.8203 -11.9421
v  -5.4888 10.0100 -12.0278
v  -0.3221 10.1884 -12.0200
v  3.2256 10.3108 -12.0177
v  3.6984 10.2737 -12.0574
v  4.1616 10.1513 -12.0954
v  4.5984 9.9513 -12.1157
v  4.9919 9.6821 -12.1232
v  5.3340 9.3435 -12.1146
v  5.6172 8.9426 -12.0900
v  5.8238 8.5058 -12.0590
v  5.9602 8.0469 -12.0399
v  6.3091 5.9854 -12.0953
v  6.5510 3.9977 -12.1194
v  6.6971 2.0024 -12.1279
v  6.7491 -0.0000 -12.1144
v  -50.7113 1.3327 0.3147
v  -50.6916 1.3323 0.2950
v  -50.5721 2.6596 0.3123
v  -50.5533 2.6591 0.2935
v  8.6157 7.3459 0.0219
v  8.6107 7.3453 -0.0008
v  8.9375 4.9041 0.0296
v  8.9324 4.9037 0.0066
v  -41.6693 11.7999 0.0486
v  -41.6713 11.7930 0.0240
v  -36.6372 11.9095 0.0466
v  -36.6362 11.9034 0.0240
v  -47.0682 11.0125 0.2669
v  -47.0601 10.9967 0.2465
v  -46.6265 11.2965 0.2402
v  -46.6196 11.2772 0.2149
v  -50.3390 3.9748 0.3086
v  -50.3205 3.9740 0.2900
v  -50.0143 5.2742 0.3057
v  -49.9959 5.2732 0.2872
v  -49.6006 6.5448 0.3029
v  -49.5821 6.5437 0.2846
v  -49.0985 7.7868 0.3011
v  -49.0800 7.7843 0.2826
v  -48.5115 8.9887 0.2993
v  -48.4928 8.9851 0.2805
v  -46.2719 11.4621 0.2155
v  -46.2690 11.4470 0.1941
v  9.1308 2.4534 0.0360
v  9.1256 2.4532 0.0126
v  9.1950 -0.0000 0.0379
v  7.2443 12.0057 0.0361
v  7.2390 12.0005 0.0101
v  7.4401 11.7789 0.0339
v  7.4349 11.7746 0.0096
v  7.8705 10.9942 0.0247
v  7.8647 10.9914 -0.0009
v  7.9588 10.6862 0.0189
v  7.9533 10.6858 -0.0064
v  6.3238 12.6224 0.0471
v  6.3175 12.6180 0.0194
v  6.5756 12.5043 0.0454
v  6.5671 12.5020 0.0198
v  5.7903 12.7783 0.0581
v  5.7919 12.7761 0.0350
v  6.0607 12.7136 0.0541
v  6.0597 12.7089 0.0250
v  7.6053 11.5436 0.0322
v  7.5989 11.5415 0.0079
v  7.7558 11.2712 0.0294
v  7.7499 11.2690 0.0057
v  8.0301 10.3815 0.0162
v  8.0237 10.3806 -0.0120
v  8.0985 10.0791 0.0155
v  8.0929 10.0786 -0.0099
v  6.8139 12.3617 0.0504
v  6.8082 12.3610 0.0265
v  7.0369 12.1953 0.0505
v  7.0309 12.1960 0.0237
v  -47.8379 10.1546 0.2987
v  -47.8187 10.1528 0.2810
v  -20.5939 12.2587 0.0418
v  -20.5939 12.2531 0.0185
v  -14.8496 12.3846 0.0426
v  -14.8496 12.3801 0.0199
v  -43.1892 11.7649 0.0671
v  -43.1930 11.7582 0.0342
v  -45.8987 11.5893 0.1858
v  -45.8976 11.5711 0.1589
v  -45.3859 11.6912 0.1394
v  -45.3941 11.6757 0.1105
v  -47.4868 10.6262 0.2883
v  -47.4695 10.6169 0.2678
v  5.2323 12.8203 0.0332
v  5.2278 12.8152 0.0092
v  5.5115 12.8126 0.0498
v  5.5104 12.8095 0.0259
v  8.1665 9.7691 0.0152
v  8.1595 9.7731 -0.0120
v  -50.7581 -0.0000 0.3175
v  -44.8476 11.7191 0.0684
v  -44.8460 11.7067 0.0348
v  -8.1573 12.5297 0.0390
v  -8.1572 12.5250 0.0162
v  -3.8508 12.6231 0.0370
v  -3.8521 12.6183 0.0143
v  0.6883 12.7214 0.0345
v  0.6876 12.7166 0.0117
v  -26.5737 12.1286 0.0438
v  -26.5736 12.1225 0.0198
v  -45.3214 11.5504 -0.1662
v  -39.4426 8.2662 -7.5486
v  -40.6970 7.7346 -7.6535
v  -42.2925 6.4224 -7.4396
v  8.7585 4.8790 -0.7970
v  8.9595 2.4521 -0.8242
v  8.4431 7.2943 -0.7897
v  7.9717 9.8057 -0.8056
v  5.1153 12.6491 -0.7677
v  5.5666 12.6161 -0.7773
v  6.9825 11.9423 -0.7786
v  7.3600 11.5151 -0.7836
v  7.6518 10.9991 -0.7922
v  7.8298 10.4096 -0.8007
v  6.0507 12.4957 -0.7775
v  6.5426 12.2672 -0.7768
v  0.6399 12.5553 -0.7463
v  -9.5562 11.7879 -2.1889
v  -14.7615 11.1634 -3.2501
v  -19.7928 10.5565 -4.2933
v  -4.2848 12.4306 -0.7809
v  -50.6173 -2.6691 0.3545
v  -50.7520 -1.3348 0.3530
v  -50.7113 -1.3327 0.3147
v  -50.5721 -2.6596 0.3123
v  8.9671 -4.9185 0.1291
v  8.6452 -7.3628 0.1218
v  8.6157 -7.3459 0.0219
v  8.9375 -4.9041 0.0296
v  -36.6371 -11.9486 0.1487
v  -41.6712 -11.8388 0.1501
v  -41.6693 -11.8001 0.0486
v  -36.6372 -11.9095 0.0466
v  -41.6827 -12.3774 0.5173
v  -43.1946 -12.3377 0.5164
v  -43.1885 -12.2432 0.5031
v  -41.6793 -12.2846 0.5039
v  -46.6512 -11.3413 0.2994
v  -47.0901 -11.0521 0.3128
v  -47.0682 -11.0125 0.2669
v  -46.6263 -11.2962 0.2405
v  -44.8620 -12.2917 0.5150
v  -45.4549 -12.2324 0.5120
v  -45.4439 -12.1395 0.4980
v  -44.8590 -12.2051 0.5032
v  -50.3851 -3.9891 0.3523
v  -50.3390 -3.9748 0.3086
v  -49.6435 -6.5640 0.3452
v  -50.0589 -5.2906 0.3487
v  -50.0143 -5.2742 0.3057
v  -49.6006 -6.5449 0.3029
v  -48.5519 -9.0121 0.3425
v  -49.1402 -7.8081 0.3437
v  -49.0985 -7.7868 0.3011
v  -48.5115 -8.9887 0.2993
v  -46.2719 -11.4621 0.2155
v  -46.2933 -11.5096 0.2840
v  -47.8166 -10.9363 0.4896
v  -48.2108 -10.3873 0.4894
v  -48.1612 -10.3559 0.4850
v  -47.7607 -10.8824 0.4819
v  5.2209 -13.2641 0.5164
v  5.5552 -13.2510 0.5152
v  5.5625 -13.3774 0.5408
v  5.2152 -13.3861 0.5422
v  8.7449 -9.8964 0.5170
v  8.6239 -9.8701 0.4966
v  9.0662 -7.4563 0.5018
v  9.1868 -7.4756 0.5246
v  9.1308 -2.4534 0.0360
v  9.1604 -2.4619 0.1353
v  7.2442 -12.0056 0.0362
v  7.4401 -11.7789 0.0339
v  7.4591 -11.8157 0.1341
v  7.2696 -12.0302 0.1322
v  7.8704 -10.9942 0.0247
v  7.9588 -10.6862 0.0189
v  7.9883 -10.7038 0.1193
v  7.8960 -11.0218 0.1236
v  6.6033 -12.5276 0.1351
v  6.3526 -12.6444 0.1379
v  6.3238 -12.6224 0.0471
v  6.5756 -12.5044 0.0454
v  6.0808 -12.7389 0.1421
v  5.8018 -12.8082 0.1416
v  5.7903 -12.7783 0.0581
v  6.0606 -12.7131 0.0542
v  7.6053 -11.5436 0.0322
v  7.7558 -11.2712 0.0294
v  7.7766 -11.3108 0.1297
v  7.6255 -11.5841 0.1342
v  8.1289 -10.0834 0.1187
v  8.0601 -10.3879 0.1194
v  8.0301 -10.3815 0.0162
v  8.0985 -10.0791 0.0155
v  7.0608 -12.2166 0.1350
v  6.8389 -12.3834 0.1361
v  6.8139 -12.3617 0.0504
v  7.0369 -12.1952 0.0505
v  -47.8780 -10.1797 0.3413
v  -47.8379 -10.1546 0.2987
v  -51.1241 -1.3715 0.4978
v  -51.0643 -1.3666 0.4911
v  -14.8492 -12.4179 0.1412
v  -20.5937 -12.2945 0.1445
v  -20.5938 -12.2585 0.0419
v  -14.8496 -12.3846 0.0426
v  -50.7607 -2.6961 0.4436
v  -50.8135 -2.7059 0.4640
v  -50.9480 -1.3551 0.4627
v  -50.8959 -1.3503 0.4422
v  9.2062 -4.9752 0.4277
v  8.8853 -7.4296 0.4222
v  8.8074 -7.4136 0.3628
v  9.1289 -4.9616 0.3682
v  -20.5923 -12.5528 0.4401
v  -26.5722 -12.4280 0.4402
v  -26.5726 -12.3473 0.3842
v  -20.5928 -12.4733 0.3833
v  -43.1868 -11.9892 0.3861
v  -43.1872 -11.9142 0.3192
v  -41.6730 -11.9532 0.3175
v  -41.6744 -12.0287 0.3848
v  -46.7284 -11.4882 0.4226
v  -46.7574 -11.5432 0.4505
v  -47.2125 -11.2347 0.4500
v  -47.1792 -11.1852 0.4248
v  -45.9511 -11.7309 0.3622
v  -45.4029 -11.8368 0.3388
v  -45.4125 -11.9046 0.3939
v  -45.9725 -11.7900 0.4062
v  -50.5272 -4.0290 0.4428
v  -50.5795 -4.0433 0.4633
v  -49.7816 -6.6235 0.4388
v  -49.8323 -6.6450 0.4599
v  -50.2512 -5.3577 0.4616
v  -50.1996 -5.3399 0.4408
v  -48.6846 -9.0874 0.4372
v  -48.7331 -9.1148 0.4582
v  -49.3258 -7.9009 0.4592
v  -49.2761 -7.8762 0.4381
v  -45.9942 -11.8546 0.4435
v  -46.3854 -11.7218 0.4477
v  -46.3594 -11.6622 0.4163
v  -47.9630 -10.2321 0.4101
v  -47.5918 -10.7173 0.3990
v  -47.6308 -10.7557 0.4276
v  -48.0087 -10.2605 0.4365
v  5.2333 -12.9425 0.2970
v  5.5310 -12.9328 0.3008
v  5.5373 -12.9983 0.3718
v  5.2318 -13.0088 0.3696
v  8.2962 -9.7975 0.2861
v  8.7399 -7.3972 0.2917
v  8.3651 -9.8124 0.3581
v  9.4002 -2.4953 0.4321
v  9.3230 -2.4873 0.3726
v  7.7431 -11.7269 0.3627
v  7.8092 -11.7737 0.4178
v  7.6434 -11.9993 0.4182
v  7.5814 -11.9476 0.3630
v  8.3024 -10.4755 0.4196
v  8.2203 -10.8217 0.4170
v  8.1468 -10.7856 0.3586
v  8.2263 -10.4443 0.3611
v  6.9476 -12.5158 0.3611
v  6.9928 -12.5804 0.4168
v  6.7405 -12.7330 0.4162
v  6.7034 -12.6649 0.3597
v  6.4426 -12.7854 0.3630
v  6.4714 -12.8567 0.4196
v  6.1676 -12.9626 0.4254
v  6.1464 -12.8897 0.3680
v  8.1130 -11.1642 0.4168
v  7.9783 -11.4776 0.4172
v  7.9095 -11.4343 0.3610
v  8.0421 -11.1247 0.3590
v  8.4435 -9.8294 0.4177
v  8.3746 -10.1535 0.4200
v  8.2967 -10.1296 0.3609
v  7.3968 -12.1518 0.3602
v  7.4541 -12.2073 0.4155
v  7.2316 -12.4047 0.4174
v  7.1796 -12.3442 0.3620
v  -48.0561 -10.2901 0.4575
v  -50.8455 -1.3456 0.4169
v  -50.9466 -0.0000 0.4446
v  -44.8526 -11.9500 0.3900
v  -44.8523 -11.8783 0.3276
v  5.2297 -13.0847 0.4308
v  0.6883 -12.9913 0.4328
v  0.6896 -12.9143 0.3730
v  -43.1862 -12.0717 0.4395
v  -41.6763 -12.1102 0.4390
v  -41.6772 -12.1932 0.4778
v  -43.1865 -12.1550 0.4775
v  -45.4230 -11.9783 0.4392
v  -45.4335 -12.0570 0.4739
v  -46.0191 -11.9244 0.4722
v  -47.6712 -10.7954 0.4510
v  -47.7152 -10.8384 0.4694
v  -48.1080 -10.3224 0.4742
v  5.5435 -13.0733 0.4318
v  5.5491 -13.1587 0.4807
v  5.2256 -13.1712 0.4806
v  8.9724 -7.4437 0.4691
v  8.5309 -9.8488 0.4644
v  -51.0051 -1.3607 0.4794
v  -44.8549 -12.0269 0.4396
v  -44.8581 -12.1145 0.4787
v  -50.8713 -2.7169 0.4806
v  -50.9319 -2.7285 0.4918
v  9.3858 -4.9991 0.5087
v  9.2926 -4.9876 0.4750
v  -20.5914 -12.7269 0.5105
v  -26.5712 -12.6012 0.5085
v  -26.5717 -12.5120 0.4811
v  -20.5919 -12.6373 0.4819
v  -46.7889 -11.6025 0.4722
v  -46.8221 -11.6631 0.4862
v  -47.2862 -11.3416 0.4832
v  -47.2486 -11.2877 0.4702
v  -50.6364 -4.0589 0.4798
v  -50.6965 -4.0752 0.4909
v  -49.8876 -6.6685 0.4768
v  -49.9449 -6.6924 0.4880
v  -50.3673 -5.3978 0.4897
v  -50.3077 -5.3772 0.4783
v  -48.7864 -9.1444 0.4750
v  -48.8417 -9.1741 0.4858
v  -49.4308 -7.9509 0.4858
v  -49.3803 -7.9273 0.4759
v  -46.0446 -11.9978 0.4920
v  -46.4418 -11.8542 0.4888
v  -46.4135 -11.7874 0.4726
v  9.5783 -2.5091 0.5136
v  9.4860 -2.5026 0.4796
v  9.5510 -0.0000 0.4821
v  7.8882 -11.8151 0.4607
v  7.9759 -11.8532 0.4894
v  7.7926 -12.1046 0.4893
v  7.7151 -12.0516 0.4609
v  8.4730 -10.5589 0.4959
v  8.3869 -10.9072 0.4938
v  8.3010 -10.8632 0.4628
v  8.3854 -10.5148 0.4652
v  7.0407 -12.6553 0.4616
v  7.0892 -12.7365 0.4920
v  6.8119 -12.8996 0.4938
v  6.7768 -12.8129 0.4620
v  6.5200 -13.0309 0.4976
v  6.2089 -13.1366 0.5055
v  6.1882 -13.0468 0.4725
v  6.4969 -12.9402 0.4656
v  8.1926 -11.2050 0.4617
v  8.2786 -11.2463 0.4923
v  8.1451 -11.5569 0.4905
v  8.0577 -11.5180 0.4609
v  8.5515 -10.2153 0.4973
v  8.4604 -10.1827 0.4660
v  7.5172 -12.2694 0.4589
v  7.5837 -12.3357 0.4880
v  7.3461 -12.5485 0.4908
v  7.2880 -12.4738 0.4614
v  0.6827 -13.1704 0.5154
v  0.6857 -13.0780 0.4812
v  -50.7100 -2.6867 0.4185
v  -50.7981 -1.3412 0.3879
v  -50.6623 -2.6777 0.3888
v  9.0617 -4.9476 0.2973
v  8.6861 -7.3802 0.2111
v  9.0079 -4.9332 0.2175
v  -20.5932 -12.4019 0.3140
v  -26.5729 -12.2750 0.3155
v  -26.5733 -12.2152 0.2379
v  -20.5935 -12.3431 0.2357
v  -46.6751 -11.3867 0.3468
v  -46.7008 -11.4357 0.3877
v  -47.1476 -11.1381 0.3930
v  -47.1178 -11.0934 0.3563
v  -50.4300 -4.0019 0.3873
v  -50.4772 -4.0151 0.4175
v  -49.6874 -6.5831 0.3817
v  -49.7331 -6.6028 0.4127
v  -50.1502 -5.3227 0.4151
v  -50.1035 -5.3063 0.3844
v  -48.5937 -9.0359 0.3790
v  -48.6380 -9.0610 0.4106
v  -49.2284 -7.8524 0.4117
v  -49.1832 -7.8298 0.3803
v  -46.3353 -11.6062 0.3774
v  -46.3133 -11.5556 0.3330
v  -45.9326 -11.6797 0.3125
v  9.2556 -2.4791 0.3019
v  9.2015 -2.4706 0.2226
v  9.3216 -0.0000 0.3034
v  9.2668 -0.0000 0.2237
v  7.6886 -11.6800 0.2960
v  7.5283 -11.8993 0.2957
v  7.4877 -11.8555 0.2193
v  7.6500 -11.6328 0.2196
v  8.1588 -10.4183 0.2897
v  8.0820 -10.7530 0.2878
v  8.0289 -10.7257 0.2078
v  8.1033 -10.3994 0.2084
v  6.8697 -12.4156 0.2182
v  6.9063 -12.4600 0.2941
v  6.6677 -12.6062 0.2920
v  6.6339 -12.5599 0.2165
v  6.3829 -12.6766 0.2194
v  6.4134 -12.7241 0.2950
v  6.1247 -12.8262 0.2994
v  6.1023 -12.7755 0.2233
v  7.9807 -11.0872 0.2893
v  7.8515 -11.3922 0.2933
v  7.8077 -11.3511 0.2160
v  7.9319 -11.0526 0.2104
v  8.2281 -10.1092 0.2891
v  8.1719 -10.0937 0.2075
v  8.2399 -9.7854 0.2051
v  7.3031 -12.0618 0.2163
v  7.3458 -12.1026 0.2926
v  7.1329 -12.2914 0.2949
v  7.0931 -12.2487 0.2185
v  -47.9195 -10.2052 0.3782
v  0.6902 -12.8474 0.3016
v  0.6901 -12.7935 0.2209
v  5.2337 -12.8884 0.2159
v  -43.1876 -11.8528 0.2443
v  -43.1880 -11.7991 0.1538
v  -41.6715 -11.8926 0.2410
v  -45.9158 -11.6333 0.2561
v  -45.3864 -11.7287 0.2072
v  -45.3944 -11.7795 0.2779
v  -47.5172 -10.6484 0.3249
v  -47.5552 -10.6812 0.3653
v  5.2331 -12.8486 0.1304
v  5.5166 -12.8385 0.1363
v  5.5237 -12.8796 0.2208
v  8.1975 -9.7762 0.1164
v  -50.8028 -0.0000 0.3569
v  -50.8483 -0.0000 0.3904
v  -44.8505 -11.8167 0.2553
v  -44.8491 -11.7644 0.1716
v  -50.9832 -2.7372 0.4971
v  9.5041 -5.0164 0.5321
v  -20.5910 -12.8359 0.5263
v  -26.5711 -12.7089 0.5236
v  -46.8597 -11.7286 0.4931
v  -47.3293 -11.4070 0.4903
v  -50.7470 -4.0883 0.4960
v  -49.9969 -6.7178 0.4932
v  -50.4180 -5.4170 0.4947
v  -48.8924 -9.2047 0.4905
v  -49.4882 -7.9816 0.4918
v  -46.0709 -12.0767 0.5026
v  -46.4726 -11.9266 0.4965
v  9.6975 -2.5216 0.5382
v  8.0869 -11.9000 0.5072
v  7.8883 -12.1743 0.5056
v  8.5839 -10.6156 0.5147
v  8.5002 -10.9679 0.5134
v  7.1538 -12.8412 0.5111
v  6.8617 -13.0120 0.5153
v  6.5538 -13.1495 0.5204
v  6.2412 -13.2507 0.5271
v  8.3905 -11.3003 0.5112
v  8.2527 -11.6075 0.5090
v  8.6624 -10.2586 0.5157
v  7.6707 -12.4208 0.5056
v  7.4216 -12.6450 0.5080
v  0.6791 -13.2930 0.5391
v  -26.5735 -12.1654 0.1466
v  0.6892 -12.7521 0.1329
v  -43.1892 -11.7650 0.0670
v  -45.8986 -11.5889 0.1861
v  -45.3859 -11.6912 0.1394
v  -47.4868 -10.6262 0.2883
v  5.2323 -12.8203 0.0332
v  5.5115 -12.8127 0.0498
v  8.1665 -9.7691 0.0152
v  -44.8476 -11.7192 0.0684
v  10.9175 -14.7655 1.6610
v  10.8664 -14.7705 1.6610
v  10.9700 -14.7504 1.6610
v  11.0205 -14.7242 1.6610
v  11.0656 -14.6876 1.6610
v  11.1022 -14.6425 1.6610
v  11.1284 -14.5920 1.6610
v  11.1426 -14.5412 1.6610
v  11.1484 -14.4885 1.6610
v  -54.2144 -14.5395 1.6610
v  -54.2193 -14.4885 1.6610
v  -53.9374 -14.7708 1.6610
v  -53.9883 -14.7655 1.6610
v  -54.0408 -14.7504 1.6610
v  -54.0913 -14.7242 1.6610
v  -54.1364 -14.6876 1.6610
v  -54.1731 -14.6425 1.6610
v  -54.1992 -14.5920 1.6610
v  10.9180 -14.5388 0.6767
v  10.8839 -14.5033 0.6691
v  10.9276 -14.5283 0.6770
v  10.9098 -14.7170 0.7573
v  10.9437 -14.7015 0.7519
v  10.9597 -14.7393 0.7938
v  10.9173 -14.7572 0.8010
v  10.8767 -14.7658 0.8064
v  10.9247 -14.7890 0.8509
v  10.8764 -14.7975 0.8570
v  10.9028 -14.6687 0.7208
v  10.9277 -14.6562 0.7176
v  10.9068 -14.5484 0.6769
v  10.9529 -14.5748 0.6906
v  10.9322 -14.5928 0.6911
v  11.0555 -14.4975 0.7240
v  11.1042 -14.4970 0.7622
v  11.0957 -14.5305 0.7577
v  11.0477 -14.5227 0.7211
v  11.1445 -14.4969 0.8072
v  11.1359 -14.5389 0.8016
v  11.1671 -14.5465 0.8508
v  11.1757 -14.4970 0.8576
v  10.9707 -14.5551 0.6913
v  11.1469 -14.5992 0.8420
v  11.1162 -14.6511 0.8359
v  11.0762 -14.6982 0.8335
v  11.0876 -14.6304 0.7876
v  11.1163 -14.5852 0.7938
v  11.0509 -14.6730 0.7853
v  11.0535 -14.6079 0.7477
v  11.0784 -14.5697 0.7521
v  11.0215 -14.6440 0.7455
v  10.9883 -14.6109 0.7139
v  11.0136 -14.5825 0.7152
v  11.0282 -14.7387 0.8359
v  10.9757 -14.7697 0.8425
v  11.0070 -14.7105 0.7877
v  10.9837 -14.6762 0.7473
v  10.9586 -14.6365 0.7150
v  11.1763 -14.7063 1.7198
v  11.1850 -14.6765 1.7198
v  11.1896 -14.6378 1.7198
v  11.0529 -14.8077 1.7198
v  11.0169 -14.8117 1.7198
v  11.0839 -14.7986 1.7198
v  11.1135 -14.7834 1.7198
v  11.1399 -14.7620 1.7198
v  -54.2474 -14.7059 1.7198
v  -54.2322 -14.7355 1.7198
v  -54.2109 -14.7620 1.7198
v  -54.2604 -14.6389 1.7198
v  -54.2569 -14.6750 1.7198
v  -54.0878 -14.8117 1.7198
v  -54.1238 -14.8077 1.7198
v  11.1613 -14.7355 1.7198
v  -54.1844 -14.7833 1.7198
v  -54.1546 -14.7986 1.7198
v  -41.6820 -14.7710 1.6610
v  -47.6283 -14.7711 1.6610
v  -41.6820 -14.8116 1.7198
v  -47.6283 -14.8116 1.7198
v  -41.6820 -14.4050 0.6565
v  -41.6820 -14.5220 0.6646
v  -47.6284 -14.5214 0.6658
v  -47.6285 -14.4048 0.6572
v  -41.6820 -14.5736 0.6735
v  -41.6820 -14.6291 0.6922
v  -47.6284 -14.6260 0.6917
v  -47.6284 -14.5714 0.6741
v  -41.6820 -14.6829 0.7224
v  -47.6284 -14.6812 0.7211
v  -41.6820 -14.7305 0.7613
v  -47.6284 -14.7310 0.7609
v  -41.6820 -14.7703 0.8076
v  -47.6283 -14.7720 0.8087
v  -41.6820 -14.8017 0.8602
v  -47.6283 -14.8026 0.8616
v  5.2149 -14.7707 1.6610
v  0.6784 -14.7708 1.6610
v  5.2149 -14.8116 1.7198
v  0.6784 -14.8110 1.7198
v  0.6786 -14.5485 0.6642
v  0.6784 -14.4118 0.6494
v  5.2149 -14.4126 0.6482
v  5.2117 -14.5444 0.6620
v  5.2140 -14.6458 0.6953
v  0.6789 -14.6516 0.6981
v  0.6788 -14.5999 0.6766
v  5.2126 -14.5956 0.6745
v  5.2150 -14.6948 0.7256
v  0.6788 -14.7007 0.7293
v  5.2152 -14.7386 0.7644
v  0.6787 -14.7440 0.7689
v  5.2151 -14.7756 0.8102
v  0.6786 -14.7796 0.8150
v  5.2150 -14.8046 0.8620
v  0.6784 -14.8065 0.8658
v  -54.2195 -4.0860 1.6610
v  -54.2195 -7.9789 1.6610
v  -54.2605 -4.0860 1.7198
v  -54.2605 -7.9789 1.7198
v  -54.2507 -4.0860 0.8641
v  -54.2497 -7.9790 0.8635
v  -54.2207 -4.0860 0.8128
v  -54.2195 -7.9790 0.8127
v  -54.1807 -4.0860 0.7657
v  -54.1794 -7.9790 0.7659
v  -54.1308 -4.0860 0.7252
v  -54.1296 -7.9790 0.7259
v  -54.0729 -4.0860 0.6942
v  -54.0717 -7.9790 0.6952
v  -54.0130 -4.0860 0.6754
v  -54.0117 -7.9790 0.6768
v  -53.9574 -4.0861 0.6668
v  -53.9559 -7.9790 0.6687
v  11.1486 -5.0089 1.6610
v  11.1486 -9.8918 1.6610
v  11.1758 -5.0089 0.8572
v  11.1798 -9.8918 0.8599
v  11.1437 -5.0089 0.8060
v  11.1495 -9.8918 0.8076
v  11.1043 -5.0089 0.7630
v  11.1088 -9.8918 0.7600
v  11.0606 -5.0089 0.7269
v  11.0587 -9.8919 0.7199
v  11.0105 -5.0089 0.6964
v  11.0021 -9.8919 0.6902
v  10.9551 -5.0089 0.6738
v  10.9444 -9.8920 0.6721
v  10.8987 -5.0090 0.6606
v  10.8914 -9.8921 0.6637
v  11.1896 -5.0089 1.7198
v  11.1896 -9.8918 1.7198
v  -36.6462 -14.7710 1.6610
v  -50.8019 -14.7711 1.6610
v  -36.6462 -14.8116 1.7198
v  -50.8019 -14.8116 1.7198
v  -36.6462 -14.4048 0.6558
v  -36.6462 -14.5225 0.6640
v  -50.8021 -14.5692 0.6776
v  -50.8021 -14.5187 0.6698
v  -36.6462 -14.5743 0.6731
v  -36.6462 -14.6297 0.6919
v  -50.8021 -14.6237 0.6945
v  -36.6462 -14.6835 0.7222
v  -50.8021 -14.6784 0.7230
v  -36.6462 -14.7310 0.7613
v  -50.8020 -14.7278 0.7618
v  -36.6462 -14.7707 0.8077
v  -50.8020 -14.7687 0.8085
v  -36.6462 -14.8020 0.8603
v  -50.8020 -14.7997 0.8602
v  -54.2195 -0.0000 1.6610
v  -54.2195 -11.2526 1.6610
v  -54.2605 -11.2526 1.7198
v  -54.2518 -0.0000 0.8647
v  -54.2485 -11.2526 0.8630
v  -54.2181 -11.2526 0.8126
v  -54.1780 -11.2526 0.7664
v  -54.1283 -11.2526 0.7268
v  -54.0731 -0.0000 0.6927
v  -54.0705 -11.2526 0.6964
v  -54.0126 -0.0000 0.6741
v  -54.0105 -11.2526 0.6783
v  -53.9548 -11.2526 0.6705
v  11.1486 -0.0000 1.6610
v  11.1486 -11.6952 1.6610
v  11.1828 -0.0000 0.8620
v  11.1785 -11.6952 0.8592
v  11.1532 -0.0000 0.8083
v  11.1479 -11.6953 0.8076
v  11.1127 -0.0000 0.7591
v  11.1072 -11.6953 0.7606
v  11.0626 -0.0000 0.7168
v  11.0572 -11.6953 0.7210
v  11.0053 -0.0000 0.6850
v  11.0006 -11.6953 0.6916
v  10.9471 -0.0000 0.6662
v  10.9429 -11.6953 0.6740
v  10.8901 -11.6954 0.6659
v  11.1896 -11.6952 1.7198
v  7.5428 -14.7707 1.6610
v  7.5428 -14.8116 1.7198
v  7.5432 -14.4117 0.6477
v  7.5403 -14.5437 0.6616
v  7.5413 -14.5929 0.6734
v  7.5427 -14.6423 0.6930
v  7.5434 -14.6918 0.7231
v  7.5433 -14.7366 0.7618
v  7.5431 -14.7750 0.8084
v  7.5429 -14.8045 0.8610
v  10.6909 -0.0000 0.6372
v  10.6889 -5.0093 0.6402
v  9.8869 -2.5259 0.5573
v  -53.7502 -4.0863 0.6554
v  -50.9220 -4.1238 0.5053
v  -50.6058 -5.4733 0.5038
v  -53.7484 -7.9793 0.6596
v  -50.1823 -6.7810 0.5014
v  -51.3584 -0.0000 0.5093
v  -51.3070 -1.3494 0.5086
v  -51.1763 -2.7692 0.5081
v  -41.6821 -14.3025 0.6492
v  -43.1991 -12.5321 0.5289
v  -41.6878 -12.5724 0.5304
v  -48.3743 -10.4974 0.4951
v  -53.7442 -14.2930 0.6660
v  -49.0653 -9.2956 0.4967
v  -47.9521 -11.0512 0.4944
v  -47.4160 -11.5470 0.4951
v  -47.6290 -14.3010 0.6501
v  -46.9556 -11.8975 0.5005
v  -46.5535 -12.1096 0.5063
v  -46.1269 -12.2667 0.5148
v  -45.4995 -12.4188 0.5239
v  -44.8585 -12.4980 0.5285
v  -50.8024 -14.2979 0.6583
v  -53.7472 -11.2528 0.6630
v  -49.6669 -8.0618 0.4989
v  -26.5747 -14.3046 0.6465
v  -26.5720 -12.9012 0.5389
v  -20.5909 -13.0288 0.5422
v  -20.5908 -14.3055 0.6453
v  0.6784 -14.3095 0.6393
v  0.6834 -13.4819 0.5579
v  5.2210 -13.5772 0.5619
v  5.2149 -14.3106 0.6376
v  9.6943 -5.0301 0.5496
v  9.3755 -7.4994 0.5392
v  10.6847 -9.8925 0.6482
v  8.7724 -10.6559 0.5257
v  8.8579 -10.2955 0.5271
v  8.9325 -9.9324 0.5290
v  10.6789 -14.2991 0.6571
v  7.5464 -12.7957 0.5182
v  7.8064 -12.5550 0.5143
v  8.0440 -12.2906 0.5141
v  8.2496 -12.0017 0.5162
v  5.5787 -13.5642 0.5605
v  5.9327 -13.5190 0.5553
v  8.5710 -11.3671 0.5216
v  8.6774 -11.0029 0.5236
v  10.6835 -11.6956 0.6518
v  9.9464 -0.0000 0.5597
v  -36.6348 -12.3904 0.5055
v  -36.6351 -12.4851 0.5199
v  -14.8495 -12.8462 0.5118
v  -14.8500 -12.9565 0.5290
v  5.9093 -13.3293 0.5353
v  5.8870 -13.2103 0.5106
v  10.7915 -5.0090 0.6502
v  10.7931 -0.0000 0.6478
v  10.7877 -9.8921 0.6558
v  10.7853 -11.6954 0.6587
v  10.7779 -14.3980 0.6628
v  -26.5746 -14.5234 0.6642
v  -26.5746 -14.4054 0.6544
v  -20.5907 -14.4056 0.6534
v  -20.5907 -14.5240 0.6636
v  -53.8484 -11.2527 0.6666
v  -53.8439 -14.3927 0.6689
v  -53.9515 -14.4998 0.6722
v  -53.8530 -4.0861 0.6611
v  -53.8512 -7.9791 0.6641
v  -53.8538 -0.0000 0.6596
v  -51.2118 -1.3793 0.5030
v  -51.0815 -2.7536 0.5027
v  -50.8429 -4.1106 0.5011
v  -50.5126 -5.4441 0.4993
v  -50.0879 -6.7481 0.4972
v  -49.5772 -8.0190 0.4953
v  -48.9803 -9.2447 0.4936
v  -48.2917 -10.4404 0.4922
v  -47.8722 -10.9881 0.4917
v  -46.9069 -11.8078 0.4963
v  -47.3818 -11.4699 0.4926
v  -46.0925 -12.1730 0.5087
v  -46.5107 -12.0150 0.5012
v  -45.4700 -12.3266 0.5179
v  -44.8629 -12.3970 0.5219
v  -43.1983 -12.4361 0.5227
v  -41.6851 -12.4726 0.5236
v  -26.5714 -12.8014 0.5307
v  -20.5909 -12.9292 0.5340
v  0.6803 -13.3823 0.5480
v  5.2172 -13.4775 0.5516
v  5.5751 -13.4670 0.5503
v  5.9297 -13.4252 0.5453
v  6.5786 -13.2361 0.5278
v  6.6173 -13.3323 0.5366
v  6.2679 -13.4378 0.5462
v  6.2584 -13.3481 0.5368
v  7.1989 -12.9253 0.5166
v  7.2620 -13.0027 0.5223
v  6.9531 -13.1711 0.5276
v  6.8970 -13.0964 0.5215
v  7.7327 -12.4873 0.5098
v  7.4783 -12.7219 0.5130
v  8.1679 -11.9424 0.5116
v  7.9651 -12.2262 0.5097
v  8.4740 -11.3304 0.5160
v  8.4143 -11.6981 0.5182
v  8.3371 -11.6446 0.5137
v  8.6743 -10.6448 0.5201
v  8.5851 -10.9911 0.5184
v  8.8337 -9.9169 0.5227
v  8.7583 -10.2818 0.5213
v  9.2742 -7.4836 0.5313
v  9.5950 -5.0221 0.5405
v  9.7848 -2.5211 0.5470
v  -51.2618 -0.0000 0.5035
v  7.5440 -14.3099 0.6372
v  -14.8504 -14.3066 0.6435
v  -14.8504 -14.4073 0.6523
v  -36.6463 -14.3032 0.6484
v  -50.8022 -14.3999 0.6632
v  5.8267 -12.8959 0.3030
v  5.8404 -12.9608 0.3724
v  5.8545 -13.0348 0.4306
v  5.8697 -13.1187 0.4780
v  5.8143 -12.8445 0.2276
v  10.8795 -14.5631 0.6772
v  10.8782 -14.6200 0.6941
v  10.8774 -14.6761 0.7230
v  10.8770 -14.7252 0.7611
v  11.0012 -14.4990 0.6955
v  10.9432 -14.4987 0.6775
v  -3.8501 -12.6546 0.1356
v  -8.1567 -12.5618 0.1374
v  -8.1573 -12.5296 0.0390
v  -3.8508 -12.6231 0.0370
v  -14.8485 -12.6707 0.4383
v  -14.8485 -12.5922 0.3809
v  -8.1561 -12.7305 0.3777
v  -8.1566 -12.8083 0.4358
v  -14.8490 -12.7559 0.4817
v  -8.1580 -12.8944 0.4815
v  -8.1596 -12.9845 0.5133
v  -14.8485 -12.5223 0.3107
v  -14.8488 -12.4646 0.2316
v  -8.1561 -12.6063 0.2267
v  -8.1558 -12.6624 0.3069
v  -8.1613 -13.1161 0.5343
v  -14.8504 -14.7709 1.6610
v  -8.1619 -14.7708 1.6610
v  -14.8504 -14.8116 1.7198
v  -8.1619 -14.8116 1.7198
v  -14.8504 -14.5743 0.6715
v  -14.8504 -14.5249 0.6630
v  -8.1620 -14.5261 0.6623
v  -8.1620 -14.5751 0.6710
v  -14.8504 -14.6289 0.6892
v  -8.1620 -14.6295 0.6888
v  -14.8504 -14.6844 0.7193
v  -8.1620 -14.6849 0.7189
v  -14.8504 -14.7340 0.7601
v  -8.1620 -14.7344 0.7597
v  -14.8504 -14.7744 0.8088
v  -8.1620 -14.7748 0.8085
v  -14.8504 -14.8043 0.8624
v  -8.1619 -14.8046 0.8622
v  -14.8490 -13.1510 0.5457
v  -8.1590 -13.2927 0.5497
v  -8.1620 -14.3080 0.6415
v  -3.8548 -13.0758 0.5147
v  -3.8570 -13.2107 0.5374
v  -14.8499 -13.0511 0.5367
v  -8.1609 -13.1927 0.5409
v  -3.8581 -14.3089 0.6400
v  -3.8581 -14.4110 0.6500
v  -8.1620 -14.4093 0.6509
v  -53.9491 -14.5602 0.6801
v  -53.9516 -14.6198 0.6974
v  -53.9581 -14.6766 0.7265
v  -53.9583 -14.7261 0.7649
v  -53.9574 -14.7665 0.8105
v  -53.9568 -14.7974 0.8600
v  -54.2479 -14.4982 0.8635
v  -54.2175 -14.4980 0.8135
v  -54.1774 -14.4983 0.7673
v  -54.1279 -14.4979 0.7282
v  -54.0706 -14.4962 0.6983
v  -54.0126 -14.4960 0.6809
v  -48.4928 -8.9851 0.2805
v  -49.0800 -7.7843 0.2826
v  -48.7515 -7.7221 -0.0511
v  -48.1706 -8.9040 -0.0500
v  -49.5821 -6.5437 0.2846
v  -49.9959 -5.2732 0.2872
v  -49.6641 -5.2399 -0.0479
v  -49.2475 -6.5042 -0.0514
v  -50.3205 -3.9740 0.2900
v  -50.5533 -2.6591 0.2935
v  -50.2221 -2.6435 -0.0394
v  -49.9904 -3.9494 -0.0433
v  -50.7396 -0.0000 0.2992
v  -50.3509 -1.3253 -0.0447
v  -50.6916 -1.3323 0.2950
v  -47.8187 -10.1528 0.2810
v  -47.4816 -10.0885 -0.0459
v  -45.0323 -7.0197 -4.0277
v  -44.5195 -7.9828 -3.9872
v  -45.2603 -8.1909 -3.1391
v  -45.7886 -7.1792 -3.1718
v  -45.9033 -4.8629 -4.0641
v  -45.4595 -6.0623 -4.0582
v  -46.2326 -6.1643 -3.1969
v  -46.6700 -4.9495 -3.1995
v  -46.4803 -2.4698 -4.0279
v  -46.2421 -3.6735 -4.0501
v  -47.0061 -3.7367 -3.1876
v  -47.2429 -2.5095 -3.1691
v  -46.6236 -0.0000 -4.0032
v  -46.6217 -1.2395 -3.9978
v  -47.3812 -1.2592 -3.1467
v  -47.4455 -0.0000 -3.0944
v  -43.7776 -9.1722 -3.9150
v  -44.5097 -9.3752 -3.1042
v  -46.6013 -7.3239 -2.2879
v  -46.0591 -8.3819 -2.2649
v  -46.8693 -8.5801 -1.4002
v  -47.4266 -7.4749 -1.4157
v  -47.4888 -5.0257 -2.3052
v  -47.0588 -6.2528 -2.3052
v  -47.8984 -6.3472 -1.4261
v  -48.3226 -5.1061 -1.4243
v  -48.0559 -2.5445 -2.2795
v  -47.8215 -3.7923 -2.2946
v  -48.6523 -3.8511 -1.4159
v  -48.8855 -2.5815 -1.4051
v  -48.1912 -1.2765 -2.2642
v  -49.0180 -1.2946 -1.3976
v  -49.0767 -0.0000 -1.3619
v  -45.3162 -9.5819 -2.2397
v  -46.1269 -9.7797 -1.4046
v  -43.5441 -6.7148 -5.7628
v  -43.0631 -7.5839 -5.7072
v  -43.7866 -7.7800 -4.8426
v  -44.2822 -6.8639 -4.8897
v  -44.3985 -4.7005 -5.8179
v  -43.9398 -5.8696 -5.8053
v  -44.6927 -5.9628 -4.9254
v  -45.1437 -4.7791 -4.9348
v  -44.9896 -2.3953 -5.7737
v  -44.7460 -3.5549 -5.8024
v  -45.4857 -3.6121 -4.9194
v  -45.7261 -2.4313 -4.8934
v  -45.1380 -1.2027 -5.7293
v  -45.8703 -1.2206 -4.8558
v  -42.2779 -8.7424 -5.6247
v  -43.0454 -8.9608 -4.7372
v  -48.2589 -7.6292 -0.5513
v  -47.6872 -8.7827 -0.5457
v  -49.1650 -5.1894 -0.5520
v  -48.7458 -6.4447 -0.5551
v  -49.7245 -2.6201 -0.5393
v  -49.4924 -3.9122 -0.5459
v  -49.9122 -0.0000 -0.5143
v  -49.8546 -1.3136 -0.5396
v  -46.9764 -9.9923 -0.5353
v  -42.7352 -6.7555 -6.6097
v  -42.4684 -7.2273 -6.5739
v  -43.6799 -4.5974 -6.7141
v  -43.1963 -5.7844 -6.6902
v  -44.2728 -2.3548 -6.6607
v  -44.0272 -3.4872 -6.6956
v  -44.4410 -0.0000 -6.5809
v  -44.4225 -1.1827 -6.6056
v  -42.0388 -7.9048 -6.5111
v  -41.5724 -8.5497 -6.4408
v  -43.2667 -4.6447 -7.3130
v  -42.7140 -5.9114 -7.2834
v  -43.9094 -2.3513 -7.2453
v  -43.6637 -3.4856 -7.2674
v  -44.0580 -1.1773 -7.1916
v  -42.9475 -4.7453 -7.8989
v  -42.3389 -5.9817 -7.9024
v  -43.6386 -2.3756 -7.8761
v  -43.3860 -3.4956 -7.8852
v  -43.7899 -1.1870 -7.8250
v  -31.2102 -10.0897 -5.1593
v  -31.2430 -10.3187 -5.1275
v  -37.1545 -9.9041 -6.0747
v  -37.1303 -9.6681 -6.1127
v  -40.7514 -8.4843 -6.6940
v  -40.7704 -8.6893 -6.6758
v  -41.2418 -8.3105 -6.7222
v  -41.1427 -8.1842 -6.7461
v  -42.5412 -6.6503 -6.8328
v  -42.5511 -6.6897 -6.8003
v  -42.6993 -6.5445 -6.7556
v  -42.6287 -6.7489 -6.7114
v  -42.6031 -6.7426 -6.7355
v  -39.3736 -9.3076 -6.4742
v  -38.2580 -9.5357 -6.2944
v  -38.3213 -9.7580 -6.2657
v  -39.4300 -9.5086 -6.4510
v  -31.0859 -9.4717 -5.3585
v  -36.9637 -8.8140 -6.3070
v  -36.9277 -8.7560 -6.4624
v  -31.0550 -9.4121 -5.5166
v  -40.1582 -9.1940 -6.5708
v  -40.0646 -9.0164 -6.5851
v  -37.9334 -8.7044 -6.4653
v  -38.9232 -8.5888 -6.6324
v  -38.8969 -8.5360 -6.7792
v  -37.9039 -8.6466 -6.6216
v  -39.7430 -8.4334 -6.7534
v  -39.7120 -8.3727 -6.9031
v  -40.5477 -8.1266 -6.8769
v  -40.4947 -8.0788 -7.0038
v  -40.9375 -7.8391 -7.0516
v  -40.9817 -7.8868 -6.9327
v  -42.3843 -7.2195 -6.6572
v  -41.9301 -7.8788 -6.6231
v  -42.0063 -7.9133 -6.5369
v  -42.4492 -7.2160 -6.6019
v  -41.7681 -7.7719 -6.7533
v  -41.6994 -7.7080 -6.7834
v  -41.5082 -7.4739 -7.0469
v  -41.5472 -7.5143 -6.9544
v  -42.1631 -6.9958 -6.9188
v  -42.1476 -6.9549 -6.9767
v  -38.9987 -8.9773 -6.4137
v  -38.0248 -9.0859 -6.2569
v  -38.2533 -9.5166 -6.2937
v  -39.3682 -9.2895 -6.4733
v  -40.0554 -9.0003 -6.5839
v  -39.8884 -8.8002 -6.5570
v  -37.0468 -9.1951 -6.0993
v  -31.1684 -9.8512 -5.1525
v  -31.2079 -10.0684 -5.1589
v  -37.1283 -9.6486 -6.1125
v  -40.6958 -8.4884 -6.6871
v  -25.2688 -10.3391 -4.2350
v  -19.7908 -10.9193 -3.3399
v  -19.7872 -11.0612 -3.2929
v  -25.2916 -10.5266 -4.2036
v  -25.4248 -11.0802 -3.9347
v  -19.8008 -11.4800 -2.9989
v  -19.8085 -11.5625 -2.8450
v  -25.4720 -11.1759 -3.7698
v  -9.1391 -11.9519 -1.5520
v  -14.4881 -11.3365 -2.5828
v  -14.4829 -11.2870 -2.7235
v  -9.1532 -11.9279 -1.6332
v  -9.1831 -12.0742 -1.3770
v  -9.2007 -12.1297 -1.3122
v  -14.5788 -11.6596 -2.3229
v  -14.5443 -11.5548 -2.3852
v  -3.9709 -12.5684 -0.1945
v  -44.7845 -10.1695 -2.2481
v  -44.0140 -9.9443 -3.0743
v  -43.9990 -10.6996 -2.2423
v  -43.2676 -10.4755 -3.0296
v  -42.8357 -11.0351 -2.2339
v  -42.1679 -10.8126 -3.0020
v  -46.9607 -10.7042 -0.0778
v  -46.4056 -10.6389 -0.5638
v  -45.5424 -10.3917 -1.4439
v  -41.1019 -9.0793 -6.3519
v  -41.7506 -9.3133 -5.5632
v  -42.5377 -9.5262 -4.6841
v  -43.2564 -9.7285 -3.8975
v  -46.0285 -11.3404 -0.0968
v  -45.5334 -11.2074 -0.5827
v  -44.7233 -10.9268 -1.4627
v  -40.4627 -9.5844 -6.2164
v  -41.1091 -9.8056 -5.4461
v  -41.8550 -10.0302 -4.6011
v  -42.5437 -10.2459 -3.8346
v  -43.4495 -11.2402 -1.5318
v  -44.2679 -11.5192 -0.5985
v  -39.6386 -9.9719 -6.0082
v  -40.2368 -10.1674 -5.2932
v  -40.9120 -10.3904 -4.4851
v  -41.5280 -10.5975 -3.7550
v  -44.6415 -11.6504 -0.1662
v  -45.3214 -11.5504 -0.1662
v  -40.0252 -11.2533 -2.0463
v  -41.4084 -11.1690 -2.1439
v  -40.8093 -10.9705 -2.8850
v  -39.4651 -11.0693 -2.7628
v  -41.4665 -11.7338 -0.2039
v  -42.9705 -11.6917 -0.2125
v  -42.6634 -11.5879 -0.5928
v  -41.1806 -11.6377 -0.5694
v  -41.9276 -11.3415 -1.5003
v  -40.4890 -11.4058 -1.4526
v  -38.4827 -10.2263 -5.7737
v  -37.2924 -10.3748 -5.5495
v  -37.8020 -10.5355 -4.8950
v  -39.0300 -10.3988 -5.0934
v  -38.3893 -10.7225 -4.1414
v  -39.6572 -10.5983 -4.3141
v  -38.9121 -10.8903 -3.4712
v  -40.2176 -10.7790 -3.6188
v  -31.3257 -10.6817 -4.8692
v  -31.2822 -10.5268 -5.0219
v  -25.3756 -10.9358 -4.0723
v  -40.9395 -9.0030 -6.5149
v  -41.4533 -8.4824 -6.5800
v  -41.3426 -8.4073 -6.6656
v  -40.8418 -8.8841 -6.6101
v  -38.3715 -9.9631 -6.1617
v  -38.4046 -10.1247 -5.9976
v  -39.5631 -9.8617 -6.2155
v  -39.4959 -9.7029 -6.3624
v  -31.1403 -9.6936 -5.1787
v  -31.1142 -9.5693 -5.2474
v  -25.2453 -10.2198 -4.3062
v  -40.3436 -9.4925 -6.3856
v  -40.2509 -9.3626 -6.4987
v  -37.9852 -8.9278 -6.2822
v  -38.9745 -8.8145 -6.4426
v  -38.9510 -8.6760 -6.5252
v  -37.9586 -8.7980 -6.3551
v  -39.8319 -8.6484 -6.5791
v  -39.7852 -8.5256 -6.6463
v  -40.6600 -8.3177 -6.7168
v  -40.5925 -8.2059 -6.7831
v  -41.0714 -8.0484 -6.7838
v  -41.0255 -7.9694 -6.8369
v  -42.2745 -7.1823 -6.7515
v  -41.8459 -7.8272 -6.6969
v  -42.3276 -7.2022 -6.7087
v  -41.6304 -7.6376 -6.8253
v  -41.5824 -7.5796 -6.8753
v  -42.1870 -7.1032 -6.8254
v  -42.1744 -7.0492 -6.8663
v  -25.2117 -10.1273 -4.4140
v  -19.8074 -10.7438 -3.5013
v  -19.7986 -10.8259 -3.4044
v  -25.3283 -10.7426 -4.1751
v  -19.7898 -11.2184 -3.2326
v  -19.7951 -11.3662 -3.1278
v  -9.1666 -12.0183 -1.4345
v  -14.5191 -11.4551 -2.4426
v  -14.5029 -11.3887 -2.5050
v  -9.1529 -11.9804 -1.4894
v  -9.2447 -12.2196 -1.1642
v  -14.6490 -11.8346 -2.1270
v  -14.6166 -11.7549 -2.2332
v  -9.2231 -12.1776 -1.2399
v  -37.1900 -10.1147 -5.9609
v  -37.2301 -10.2754 -5.7868
v  -37.0208 -9.0346 -6.1267
v  -36.9951 -8.9083 -6.1976
v  -42.5327 -6.6166 -6.8649
v  -42.5224 -6.5880 -6.9023
v  -42.7120 -6.7563 -6.6342
v  -42.6677 -6.7557 -6.6791
v  -42.5765 -6.7244 -6.7664
v  -42.2248 -7.1548 -6.7860
v  -39.3939 -7.8008 -9.5404
v  -38.1940 -8.0817 -9.4317
v  -38.3735 -8.2192 -8.6417
v  -39.6707 -7.8905 -8.7853
v  -41.7771 -5.9896 -9.4602
v  -41.1505 -6.7148 -9.5122
v  -41.4606 -6.7025 -8.7473
v  -42.0532 -5.9878 -8.6351
v  -40.3554 -7.3250 -9.5640
v  -40.6691 -7.3610 -8.8068
v  -40.1204 -8.0199 -7.6531
v  -39.4432 -8.2686 -7.5492
v  -39.7101 -8.3630 -6.9248
v  -40.4855 -8.0737 -7.0308
v  -38.7876 -7.6053 -11.1304
v  -37.8205 -7.7941 -11.0808
v  -37.8341 -7.8055 -11.0161
v  -38.8080 -7.6138 -11.0698
v  -39.0589 -7.7115 -10.3313
v  -38.0095 -7.9458 -10.2146
v  -38.8939 -8.5317 -6.8007
v  -38.6963 -8.4303 -7.4056
v  -38.5441 -8.3407 -7.9382
v  -39.9013 -7.9695 -8.1361
v  -40.9245 -7.8338 -7.0750
v  -41.5012 -7.4675 -7.0696
v  -41.2092 -7.4022 -7.6423
v  -40.6971 -7.7347 -7.6535
v  -41.1761 -5.9912 -11.1721
v  -40.5041 -6.6786 -11.1767
v  -40.5267 -6.6814 -11.1138
v  -41.1984 -5.9917 -11.1081
v  -41.4742 -5.9968 -10.3188
v  -40.8073 -6.7185 -10.3417
v  -41.7296 -6.7110 -8.0686
v  -39.6911 -7.2310 -11.1601
v  -39.7142 -7.2353 -11.1007
v  -39.9954 -7.2884 -10.3763
v  -40.9553 -7.3826 -8.1469
v  -42.1468 -6.9408 -6.9994
v  -41.9484 -6.7815 -7.5340
v  -42.5185 -6.5729 -6.9242
v  -42.2925 -6.4224 -7.4396
v  -25.1825 -10.0681 -4.5710
v  -25.5599 -10.4747 -4.2493
v  -31.3847 -10.7826 -4.6702
v  -37.2696 -10.3656 -5.5863
v  -37.0475 -9.2018 -6.0994
v  -31.1692 -9.8578 -5.1526
v  -19.7990 -10.6804 -3.6527
v  -38.0255 -9.0926 -6.2570
v  -38.9997 -8.9838 -6.4140
v  -39.8899 -8.8058 -6.5574
v  -41.0771 -9.0686 -6.3843
v  -41.5479 -8.5424 -6.4702
v  -38.4593 -10.2167 -5.8096
v  -39.6148 -9.9623 -6.0398
v  -40.4384 -9.5740 -6.2480
v  -9.2299 -12.2436 -1.0804
v  -14.6762 -11.8954 -1.9994
v  -3.8496 -12.8208 0.3762
v  -3.8505 -12.8984 0.4353
v  -3.8525 -12.9848 0.4822
v  -3.8493 -12.6978 0.2244
v  -3.8491 -12.7531 0.3050
v  -3.8581 -14.7708 1.6610
v  -3.8581 -14.8116 1.7198
v  -3.8561 -14.5422 0.6642
v  -3.8566 -14.5923 0.6750
v  -3.8576 -14.6449 0.6952
v  -3.8582 -14.6960 0.7262
v  -3.8583 -14.7411 0.7663
v  -3.8582 -14.7782 0.8133
v  -3.8581 -14.8060 0.8650
v  -3.8541 -13.3865 0.5537
v  -3.8566 -13.2868 0.5444
v  0.6883 -12.7214 0.0345
v  9.1898 -0.0000 0.0145
v  9.1256 -2.4532 0.0126
v  9.0794 -2.4511 -0.2001
v  8.9324 -4.9037 0.0066
v  8.8861 -4.8989 -0.2063
v  8.6107 -7.3453 -0.0008
v  8.5643 -7.3381 -0.2138
v  8.1595 -9.7731 -0.0120
v  8.0813 -9.9119 -0.2219
v  5.5104 -12.8097 0.0258
v  5.2278 -12.8152 0.0092
v  5.2011 -12.7688 -0.2095
v  5.6468 -12.7437 -0.1931
v  7.4349 -11.7746 0.0096
v  7.2390 -12.0005 0.0101
v  7.0992 -12.0535 -0.2008
v  7.4762 -11.6260 -0.1995
v  7.9531 -10.6857 -0.0063
v  7.8647 -10.9914 -0.0009
v  7.7617 -11.1151 -0.2097
v  7.9408 -10.5232 -0.2206
v  6.3175 -12.6180 0.0194
v  6.1750 -12.6129 -0.1922
v  6.6632 -12.3809 -0.1951
v  6.5671 -12.5020 0.0198
v  5.7919 -12.7763 0.0349
v  6.0597 -12.7089 0.0250
v  7.7499 -11.2690 0.0057
v  7.5989 -11.5415 0.0079
v  8.0237 -10.3806 -0.0120
v  8.0929 -10.0786 -0.0099
v  7.0310 -12.1961 0.0237
v  6.8082 -12.3610 0.0265
v  -14.8496 -12.3801 0.0199
v  -14.8486 -12.3288 -0.1960
v  -8.1562 -12.4759 -0.1975
v  -8.1572 -12.5250 0.0162
v  -26.5736 -12.1225 0.0198
v  -26.5724 -12.0628 -0.1932
v  -20.5940 -12.1976 -0.1948
v  -20.5939 -12.2531 0.0185
v  -3.8604 -12.5772 -0.1707
v  -3.8521 -12.6183 0.0143
v  0.6876 -12.7166 0.0117
v  0.6836 -12.6742 -0.1857
v  -47.4694 -10.6167 0.2679
v  -44.8460 -11.7067 0.0348
v  -45.3943 -11.6765 0.1101
v  -46.6196 -11.2772 0.2148
v  -47.0601 -10.9967 0.2465
v  -45.8976 -11.5711 0.1589
v  -46.2690 -11.4470 0.1941
v  -41.6713 -11.7930 0.0240
v  -43.1930 -11.7582 0.0342
v  -43.0792 -1.3593 -11.2594
v  -42.8036 -2.6760 -11.2817
v  -42.8953 -2.7092 -10.9764
v  -43.1749 -1.3775 -10.9251
v  4.7312 -3.7610 -13.7842
v  5.0592 -3.7937 -13.7426
v  4.8024 -5.8954 -13.7019
v  4.4178 -5.8778 -13.7439
v  4.4329 -7.7880 -13.6455
v  4.3723 -7.9955 -13.6406
v  4.0631 -7.8843 -13.6738
v  4.1041 -7.7253 -13.6795
v  4.8625 -1.8894 -13.7794
v  5.1762 -1.8982 -13.7418
v  5.9444 -8.0333 -12.1308
v  5.8519 -8.0271 -12.4498
v  6.2222 -5.9101 -12.4737
v  6.2935 -5.9710 -12.1871
v  -0.3048 -8.3456 -13.6577
v  -0.3096 -8.6700 -13.6185
v  -5.4515 -8.5036 -13.6232
v  -5.4383 -8.1731 -13.6640
v  -10.5902 -8.2663 -13.5478
v  -10.5682 -7.9307 -13.5802
v  -36.6747 -6.0000 -12.6686
v  -36.7010 -6.3348 -12.6364
v  -37.7575 -6.2571 -12.5995
v  -37.7300 -5.9222 -12.6317
v  -38.4195 -6.1290 -12.5775
v  -38.3364 -5.8151 -12.6104
v  -39.0385 -5.8735 -12.5575
v  -38.8967 -5.5915 -12.5908
v  -40.3616 -4.0462 -12.5392
v  -39.8019 -4.8472 -12.5592
v  -40.0408 -5.0405 -12.5248
v  -40.6373 -4.2213 -12.4983
v  -39.3906 -5.2641 -12.5736
v  -39.5846 -5.5052 -12.5398
v  4.9758 -9.6635 -12.2131
v  4.5840 -9.9327 -12.2066
v  4.5301 -9.8431 -12.4975
v  4.9078 -9.5852 -12.5054
v  4.1481 -10.1323 -12.1871
v  3.6843 -10.2515 -12.1457
v  3.6701 -10.1553 -12.4454
v  4.1102 -10.0330 -12.4792
v  5.3176 -9.3262 -12.2041
v  5.2390 -9.2632 -12.5020
v  5.5122 -8.8783 -12.4837
v  5.6011 -8.9273 -12.1800
v  3.2118 -10.2929 -12.1052
v  3.2186 -10.2022 -12.4170
v  5.7168 -8.4640 -12.4624
v  5.8079 -8.4916 -12.1485
v  -42.2762 -1.2427 -12.2341
v  -42.0571 -2.4468 -12.2250
v  -42.2917 -2.5161 -12.0458
v  -42.5260 -1.2790 -12.0520
v  6.1248 -3.8984 -13.0973
v  5.8994 -5.9095 -13.0404
v  5.6811 -5.9081 -13.2642
v  5.9076 -3.8771 -13.3200
v  5.2927 -7.9429 -13.2363
v  5.5146 -7.9793 -13.0151
v  5.3961 -8.3553 -13.0187
v  5.1856 -8.2821 -13.2361
v  6.1005 -0.0000 -13.3106
v  6.3178 -0.0000 -13.0879
v  6.2152 -1.9554 -13.0989
v  6.0041 -1.9444 -13.3153
v  5.0409 -7.8994 -13.4149
v  5.4308 -5.9066 -13.4495
v  3.2303 -9.8748 -12.9744
v  -0.3183 -9.7215 -13.0128
v  -0.3147 -9.4929 -13.2310
v  3.2367 -9.6570 -13.1940
v  -5.4827 -9.5645 -12.9958
v  -10.6466 -9.3685 -12.9176
v  -10.6377 -9.1430 -13.1394
v  -5.4766 -9.3397 -13.2179
v  -15.2069 -9.0311 -12.7586
v  -15.1978 -8.8055 -12.9804
v  -37.8153 -7.1319 -12.1910
v  -37.8251 -7.3577 -11.9691
v  -38.6847 -7.1716 -11.9750
v  -38.6309 -6.9560 -12.1861
v  -39.5029 -6.8199 -11.9767
v  -39.4070 -6.6217 -12.1790
v  -42.3869 -0.0000 -12.2080
v  -42.6369 -0.0000 -12.0214
v  -41.3304 -4.6480 -12.1078
v  -41.5099 -4.7615 -11.9063
v  -42.1326 -3.5750 -11.8640
v  -41.9365 -3.4888 -12.0743
v  -40.8355 -5.6956 -11.9591
v  -40.6699 -5.5571 -12.1559
v  -40.0935 -6.1483 -12.1686
v  -40.2280 -6.3211 -11.9714
v  4.1353 -9.1559 -13.3971
v  4.3926 -8.9762 -13.4029
v  4.5502 -9.1635 -13.2354
v  4.2553 -9.3682 -13.2283
v  3.5494 -9.3752 -13.3802
v  3.8478 -9.2901 -13.3909
v  3.9268 -9.5214 -13.2200
v  3.5858 -9.6183 -13.2049
v  4.8084 -8.9081 -13.2407
v  4.6174 -8.7507 -13.4091
v  4.8072 -8.4853 -13.4107
v  5.0253 -8.6067 -13.2386
v  3.2439 -9.4090 -13.3727
v  4.9471 -8.1985 -13.4118
v  5.3770 -3.8249 -13.6441
v  5.6599 -3.8525 -13.5008
v  5.1355 -5.9005 -13.6004
v  4.7537 -7.8478 -13.5536
v  4.6759 -8.1033 -13.5489
v  5.8516 -0.0000 -13.4922
v  5.7590 -1.9320 -13.4940
v  5.4975 -1.9215 -13.6473
v  5.5662 -0.0000 -13.6367
v  -0.3100 -9.2384 -13.4060
v  -0.3048 -8.9482 -13.5415
v  3.2516 -9.1262 -13.5146
v  -5.4683 -9.0863 -13.3977
v  -10.6254 -8.8862 -13.3177
v  -10.6097 -8.5938 -13.4567
v  -5.4581 -8.7957 -13.5379
v  -15.1852 -8.5487 -13.1586
v  -15.1688 -8.2564 -13.2976
v  -37.7819 -6.5837 -12.5080
v  -37.8011 -6.8756 -12.3690
v  -38.5695 -6.7125 -12.3579
v  -38.4991 -6.4356 -12.4901
v  -39.2992 -6.4004 -12.3451
v  -39.1759 -6.1497 -12.4731
v  -40.8956 -4.3787 -12.4075
v  -41.1279 -4.5216 -12.2763
v  -41.7137 -3.3928 -12.2487
v  -41.4579 -3.2846 -12.3853
v  -40.4833 -5.4025 -12.3154
v  -40.2735 -5.2301 -12.4405
v  -39.7735 -5.7420 -12.4567
v  -39.9436 -5.9572 -12.3305
v  -41.6718 -1.1547 -12.4684
v  -41.4862 -2.2834 -12.4665
v  -41.7883 -2.3692 -12.3676
v  -41.9897 -1.2011 -12.3745
v  -41.7755 -0.0000 -12.4589
v  3.8499 -8.6472 -13.6171
v  4.0171 -8.5266 -13.6226
v  4.2146 -8.7646 -13.5345
v  3.9997 -8.9147 -13.5282
v  3.4645 -8.7871 -13.6104
v  3.6619 -8.7336 -13.6127
v  3.7595 -9.0261 -13.5249
v  3.5089 -9.0976 -13.5187
v  4.4012 -8.5729 -13.5408
v  4.1596 -8.3738 -13.6261
v  4.2825 -8.1941 -13.6340
v  4.5596 -8.3478 -13.5446
v  3.2604 -8.8089 -13.6118
v  -42.7466 -1.3112 -11.8296
v  -42.4960 -2.5778 -11.8279
v  -42.6705 -2.6322 -11.5704
v  -42.9355 -1.3391 -11.5626
v  6.0839 -5.9104 -12.7735
v  5.7047 -8.0084 -12.7503
v  -42.8554 -0.0000 -11.7926
v  -43.0399 -0.0000 -11.5207
v  4.3625 -9.5557 -13.0224
v  4.6901 -9.3294 -13.0297
v  4.8123 -9.4737 -12.7842
v  4.4570 -9.7186 -12.7766
v  3.6185 -9.8320 -12.9901
v  3.9980 -9.7253 -13.0116
v  4.0616 -9.9027 -12.7621
v  3.6480 -10.0163 -12.7341
v  5.1242 -9.1691 -12.7846
v  4.9774 -9.0477 -13.0331
v  5.2178 -8.7144 -13.0266
v  5.3846 -8.8080 -12.7726
v  3.2248 -10.0604 -12.7125
v  5.5771 -8.4180 -12.7582
v  6.4509 -3.9322 -12.5335
v  6.3096 -3.9174 -12.8332
v  6.5880 -1.9710 -12.5444
v  6.4362 -1.9656 -12.8562
v  -0.3256 -10.0677 -12.4461
v  -0.3220 -9.9190 -12.7483
v  -5.4896 -9.9024 -12.4277
v  -10.6535 -9.7103 -12.3498
v  -10.6520 -9.5617 -12.6519
v  -5.4871 -9.7566 -12.7295
v  -15.2132 -9.3731 -12.1907
v  -15.2123 -9.2244 -12.4928
v  -37.8305 -7.5511 -11.7035
v  -37.8290 -7.7002 -11.4012
v  -38.7646 -7.5066 -11.4349
v  -38.7308 -7.3592 -11.7224
v  -39.6498 -7.1326 -11.4560
v  -39.5864 -6.9947 -11.7338
v  -41.7867 -4.9426 -11.3956
v  -42.4333 -3.7126 -11.3323
v  -42.3016 -3.6513 -11.6142
v  -41.6661 -4.8623 -11.6663
v  -41.0959 -5.9183 -11.4575
v  -40.9801 -5.8182 -11.7244
v  -40.3444 -6.4724 -11.7335
v  -40.4361 -6.5947 -11.4634
v  -15.1484 -7.9291 -13.3890
v  -41.1725 -3.1652 -12.4796
v  -41.3855 -1.1060 -12.5032
v  -41.1617 -2.1908 -12.5114
v  3.6971 -8.3711 -13.6566
v  3.8151 -8.2845 -13.6598
v  3.4169 -8.4723 -13.6533
v  3.5612 -8.4366 -13.6545
v  3.9173 -8.1730 -13.6637
v  4.0023 -8.0360 -13.6684
v  3.2678 -8.4829 -13.6531
v  6.5347 -3.9879 -12.2111
v  6.7323 -0.0000 -12.2058
v  6.6793 -1.9974 -12.2201
v  -0.3274 -10.1707 -12.1109
v  -5.4917 -9.9924 -12.1184
v  -10.6510 -9.8036 -12.0290
v  -15.2097 -9.4664 -11.8698
v  -41.8737 -5.0150 -11.1032
v  -42.5223 -3.7586 -11.0291
v  -40.8678 -3.0415 -12.5218
v  -43.4671 -1.2687 -9.3285
v  -43.5144 -0.0000 -9.2824
v  -43.2974 -1.3301 -10.1248
v  -42.3819 -4.9452 -9.4790
v  -42.1182 -4.9927 -10.3012
v  -42.9628 -3.5924 -9.4131
v  -42.7401 -3.7047 -10.2201
v  -43.2643 -2.5248 -9.3808
v  -43.0799 -2.6435 -10.1746
v  -43.6394 -0.0000 -8.5033
v  -43.5843 -1.2186 -8.5327
v  -43.1869 -1.3737 -10.8617
v  -42.6360 -4.8843 -8.6638
v  -41.8932 -5.0135 -11.0414
v  -43.1659 -3.5264 -8.6131
v  -42.5390 -3.7548 -10.9677
v  -43.4390 -2.4386 -8.5916
v  -42.9096 -2.7042 -10.9148
v  8.7585 -4.8791 -0.7970
v  8.9595 -2.4521 -0.8242
v  8.4431 -7.2943 -0.7897
v  7.9717 -9.8058 -0.8056
v  5.1153 -12.6491 -0.7677
v  5.5666 -12.6161 -0.7773
v  6.9824 -11.9423 -0.7786
v  7.3600 -11.5151 -0.7836
v  7.6519 -10.9991 -0.7922
v  7.8298 -10.4097 -0.8007
v  6.0507 -12.4957 -0.7775
v  6.5425 -12.2671 -0.7768
v  0.6399 -12.5554 -0.7463
v  4.4167 -11.7767 -4.8724
v  4.2191 -11.5267 -6.0601
v  4.6749 -11.4921 -6.0619
v  4.8723 -11.7462 -4.8555
v  5.1224 -11.3853 -6.0625
v  5.3204 -11.6451 -4.8375
v  5.5871 -11.1752 -6.0639
v  5.7924 -11.4320 -4.8399
v  6.0067 -10.8727 -6.0737
v  6.2199 -11.1234 -4.8510
v  6.3660 -10.4842 -6.0747
v  6.5853 -10.7246 -4.8544
v  6.6521 -10.0178 -6.0701
v  6.8732 -10.2429 -4.8535
v  6.8533 -9.4977 -6.0670
v  7.0729 -9.7036 -4.8553
v  6.9906 -8.9558 -6.0668
v  7.2115 -9.1433 -4.8583
v  3.6153 -10.7878 -9.6798
v  3.4087 -10.5381 -10.9045
v  3.8742 -10.5047 -10.9279
v  4.0819 -10.7493 -9.7057
v  4.0188 -11.2818 -7.2604
v  3.8129 -11.0344 -8.4728
v  4.2790 -10.9969 -8.4913
v  4.4779 -11.2454 -7.2742
v  5.0692 -11.9965 -3.6687
v  4.6188 -12.0285 -3.6813
v  4.3283 -10.3879 -10.9543
v  4.5375 -10.6323 -9.7332
v  4.7353 -10.8823 -8.5101
v  4.9277 -11.1342 -7.2874
v  5.5124 -11.8954 -3.6547
v  4.7789 -10.1874 -10.9743
v  4.9868 -10.4317 -9.7455
v  5.1876 -10.6769 -8.5178
v  5.3880 -10.9286 -7.2913
v  5.9919 -11.6810 -3.6550
v  5.1832 -9.9081 -10.9815
v  5.3904 -10.1494 -9.7531
v  5.5940 -10.3869 -8.5254
v  5.8019 -10.6318 -7.3000
v  6.6428 -11.6080 -2.4772
v  6.2037 -11.9267 -2.4720
v  6.4261 -11.3672 -3.6631
v  5.5324 -9.5565 -10.9745
v  5.7396 -9.7915 -9.7486
v  5.9473 -10.0228 -8.5235
v  6.1581 -10.2541 -7.2991
v  7.0183 -11.1888 -2.4856
v  6.7974 -10.9578 -3.6689
v  5.8181 -9.1402 -10.9518
v  6.0243 -9.3646 -9.7327
v  6.2343 -9.5847 -8.5121
v  6.4438 -9.8007 -7.2906
v  7.3105 -10.6801 -2.4900
v  7.0886 -10.4622 -3.6708
v  6.0244 -8.6883 -10.9169
v  6.2288 -8.8945 -9.7129
v  6.4371 -9.0967 -8.4976
v  6.6452 -9.2964 -7.2817
v  7.5102 -10.1079 -2.4987
v  7.2891 -9.9047 -3.6762
v  6.1596 -8.2225 -10.8822
v  6.3632 -8.4016 -9.7012
v  6.5718 -8.5856 -8.4893
v  6.7804 -8.7704 -7.2775
v  7.6485 -9.5141 -2.5043
v  7.4278 -9.3258 -3.6803
v  -9.2128 -12.2538 -1.0434
v  -36.5351 -11.8433 -0.1980
v  -36.2500 -11.7810 -0.4427
v  -20.5907 -14.7710 1.6610
v  -20.5907 -14.8116 1.7198
v  -20.5907 -14.5736 0.6719
v  -20.5907 -14.6284 0.6896
v  -20.5907 -14.6840 0.7196
v  -20.5907 -14.7336 0.7604
v  -20.5907 -14.7741 0.8090
v  -20.5907 -14.8040 0.8625
v  -36.6357 -12.2173 0.4401
v  -36.6361 -12.1354 0.3852
v  -36.6352 -12.3006 0.4794
v  -36.6365 -12.0616 0.3172
v  -36.6368 -12.0006 0.2405
v  -36.6381 -12.6853 0.5327
v  -36.6361 -12.5847 0.5258
v  -26.5737 -12.1284 0.0439
v  -26.5746 -14.7710 1.6610
v  -26.5746 -14.8116 1.7198
v  -26.5746 -14.6281 0.6901
v  -26.5746 -14.5731 0.6724
v  -26.5746 -14.6837 0.7203
v  -26.5746 -14.7332 0.7611
v  -26.5746 -14.7734 0.8095
v  -26.5746 -14.8030 0.8624
v  -36.6362 -11.9034 0.0239
v  -26.3954 -11.9209 -0.7669
v  -20.5942 -12.1280 -0.4809
v  -14.7386 -12.0487 -1.3857
v  -32.4449 -10.9996 -3.7344
v  -31.4164 -10.7955 -4.6306
v  -25.4843 -11.1934 -3.7238
v  -25.6290 -11.3091 -3.2592
v  -19.8249 -11.5737 -2.8116
v  -33.9149 -11.3003 -2.4622
v  -26.0101 -11.6153 -2.0205
v  -20.5943 -11.8259 -1.7169
v  -14.6817 -11.9092 -1.9570
v  -35.3652 -11.6004 -1.2077
v  0.3601 -11.9205 -3.6492
v  0.2597 -11.6662 -4.8335
v  0.1610 -11.4100 -6.0406
v  0.0632 -11.1556 -7.2485
v  -0.0315 -10.8999 -8.4555
v  -0.1327 -10.6551 -9.6630
v  3.2256 -10.3108 -12.0177
v  -0.3221 -10.1884 -12.0200
v  -5.2535 -11.5084 -4.8462
v  -5.1993 -11.7674 -3.6749
v  -10.5266 -11.4151 -3.7171
v  -10.7127 -11.1813 -4.8528
v  -5.2807 -11.2474 -6.0382
v  -10.7180 -10.9544 -6.0284
v  -10.6522 -10.7222 -7.2609
v  -5.2956 -10.9825 -7.2599
v  -5.3428 -10.7240 -8.4655
v  -10.6534 -10.4851 -8.4724
v  -10.6533 -10.2550 -9.6852
v  -5.3931 -10.4783 -9.6735
v  -5.4498 -10.2357 -10.8899
v  -10.6495 -10.0299 -10.8547
v  -10.6508 -9.8203 -11.9421
v  -5.4888 -10.0100 -12.0278
v  -15.2800 -10.6046 -5.9332
v  -15.2667 -10.3562 -7.2282
v  -15.2341 -10.1214 -8.4420
v  -15.2338 -9.8911 -9.6556
v  -15.2184 -9.6795 -10.7604
v  -15.2102 -9.4823 -11.7874
v  -19.8216 -10.2750 -5.7421
v  -25.1814 -9.8730 -5.5842
v  -25.1712 -9.5547 -7.2404
v  -19.8218 -9.9865 -7.2393
v  -19.8245 -9.5198 -9.6604
v  -19.8258 -9.7495 -8.4492
v  -25.1780 -9.3207 -8.4518
v  -25.1750 -9.0876 -9.6631
v  -19.8116 -9.3239 -10.6824
v  -25.1493 -8.9109 -10.5906
v  -25.1322 -8.7461 -11.4531
v  -19.8063 -9.1413 -11.6326
v  -31.0849 -9.2367 -6.4141
v  -31.1131 -9.0535 -7.3532
v  -31.0987 -8.8417 -8.4585
v  -31.0885 -8.6103 -9.6637
v  -31.0723 -8.4571 -10.4659
v  -31.0499 -8.3074 -11.2520
v  -9.1595 -11.9221 -1.6585
v  -14.5023 -11.2815 -2.7456
v  -14.7615 -11.1634 -3.2501
v  -9.5562 -11.7879 -2.1889
v  -9.9801 -11.6581 -2.6851
v  -15.0342 -11.0389 -3.7822
v  -19.8183 -10.4532 -4.8185
v  -15.2947 -10.8108 -4.8569
v  -25.1874 -10.0640 -4.5901
v  -19.7928 -10.5565 -4.2933
v  -19.8007 -10.6767 -3.6655
v  -25.0468 -6.8599 -13.0746
v  -25.0713 -7.1951 -13.0425
v  -30.9896 -6.7573 -12.8358
v  -30.9641 -6.4223 -12.8680
v  -35.3749 -7.5390 -12.0549
v  -35.3660 -7.3130 -12.2768
v  -31.0425 -7.6330 -12.4276
v  -31.0515 -7.8589 -12.2058
v  -35.3529 -7.0565 -12.4548
v  -35.3350 -6.7644 -12.5936
v  -31.0119 -7.0842 -12.7445
v  -31.0295 -7.3764 -12.6057
v  -35.3781 -7.8816 -11.4869
v  -35.3797 -7.7325 -11.7893
v  -31.0564 -8.0523 -11.9401
v  -31.0553 -8.2013 -11.6378
v  -35.3121 -6.4376 -12.6849
v  -35.3703 -7.9754 -11.1658
v  -31.0484 -8.2951 -11.3167
v  -25.1230 -8.0710 -12.6341
v  -25.1320 -8.2968 -12.4123
v  -25.0930 -7.5221 -12.9511
v  -25.1101 -7.8144 -12.8123
v  -25.1371 -8.4902 -12.1466
v  -25.1368 -8.6391 -11.8444
v  -25.1311 -8.7327 -11.5234
v  -19.7217 -7.2537 -13.2606
v  -19.7454 -7.5890 -13.2285
v  -19.7959 -8.4652 -12.8200
v  -19.8050 -8.6909 -12.5981
v  -19.7664 -7.9162 -13.1371
v  -19.7832 -8.2085 -12.9982
v  -19.8102 -8.8843 -12.3324
v  -19.8105 -9.0330 -12.0302
v  -19.8060 -9.1265 -11.7093
v  -15.1253 -7.5936 -13.4211
v  -35.2860 -6.1027 -12.7171
v  -36.7553 -7.2102 -12.2283
v  -36.7642 -7.4362 -12.0065
v  -36.7241 -6.6616 -12.5451
v  -36.7422 -6.9537 -12.4063
v  -36.7689 -7.6297 -11.7408
v  -36.7671 -7.7788 -11.4385
v  -36.7590 -7.8727 -11.1173
v  3.6984 -10.2737 -12.0574
v  4.1616 -10.1513 -12.0954
v  4.5984 -9.9514 -12.1157
v  4.9919 -9.6821 -12.1232
v  5.3340 -9.3435 -12.1146
v  5.6172 -8.9426 -12.0900
v  5.8238 -8.5058 -12.0590
v  5.9602 -8.0469 -12.0399
v  -0.2500 -10.4110 -10.8921
v  -31.0525 -9.4091 -5.5331
v  -36.9207 -8.7536 -6.4777
v  -36.6997 -8.6432 -7.1437
v  -35.3900 -7.9864 -11.1007
v  -35.6593 -8.1173 -10.3087
v  -35.9192 -8.2519 -9.5012
v  -36.2222 -8.4037 -8.5864
v  -36.4992 -8.5426 -7.7494
v  -37.9053 -8.6430 -6.6397
v  -37.7351 -8.5337 -7.2782
v  -37.5897 -8.4354 -7.8494
v  -37.3946 -8.3034 -8.6157
v  -37.1798 -8.1583 -9.4588
v  -36.9816 -8.0193 -10.2633
v  -36.7742 -7.8840 -11.0524
v  -4.2848 -12.4306 -0.7809
v  4.9164 -0.0000 -13.7775
v  6.5510 -3.9977 -12.1194
v  6.3091 -5.9854 -12.0953
v  6.7173 -6.3146 -9.7474
v  6.9729 -4.2207 -9.7772
v  7.1975 -4.3147 -8.5704
v  6.9355 -6.4538 -8.5391
v  7.1579 -6.5944 -7.3308
v  7.4273 -4.4094 -7.3639
v  7.6571 -4.5042 -6.1575
v  7.3800 -6.7351 -6.1227
v  7.6120 -6.8771 -4.9173
v  7.8971 -4.6001 -4.9539
v  8.1362 -4.6929 -3.7633
v  7.8450 -7.0001 -3.7284
v  6.5073 -6.1806 -10.9284
v  6.7579 -4.1300 -10.9569
v  6.6971 -2.0024 -12.1279
v  7.1276 -2.1168 -9.7889
v  7.1909 -0.0000 -9.7260
v  7.4122 -0.0000 -8.5743
v  7.3562 -2.1652 -8.5823
v  7.5907 -2.2137 -7.3765
v  7.6456 -0.0000 -7.3680
v  7.8866 -0.0000 -6.1628
v  7.8251 -2.2622 -6.1709
v  8.0702 -2.3117 -4.9684
v  8.3167 -2.3657 -3.7641
v  8.0825 -7.1165 -2.5401
v  6.9100 -2.0697 -10.9675
v  8.5699 -2.4126 -2.6226
v  -5.0222 -12.0268 -2.5251
v  0.4670 -12.1812 -2.4662
v  10.8899 -14.5598 0.6775
v  10.8963 -14.5552 0.6770
v  10.9114 -14.6061 0.6923
v  10.8960 -14.6143 0.6934
v  10.9399 -14.5096 0.6776
v  10.9952 -14.5160 0.6944
v  11.0335 -14.5524 0.7179
v  10.9348 -14.5177 0.6773
v  10.9846 -14.5346 0.6926
v  -53.9877 -14.5348 0.6801
v  -53.9768 -14.5446 0.6803
v  -54.1645 -14.5298 0.7607
v  -54.1498 -14.5609 0.7553
v  -54.1876 -14.5768 0.7973
v  -54.2049 -14.5369 0.8045
v  -54.2364 -14.5440 0.8541
v  -54.1164 -14.5220 0.7242
v  -54.1046 -14.5452 0.7212
v  -53.9966 -14.5237 0.6802
v  -54.0236 -14.5698 0.6940
v  -54.0406 -14.5491 0.6944
v  -53.9914 -14.7100 0.7620
v  -53.9836 -14.6642 0.7259
v  -53.9990 -14.7499 0.8059
v  -54.0054 -14.7807 0.8537
v  -54.0036 -14.5881 0.6946
v  -54.0471 -14.7638 0.8447
v  -54.0990 -14.7331 0.8386
v  -54.1462 -14.6932 0.8363
v  -54.0786 -14.7049 0.7910
v  -54.0333 -14.7335 0.7973
v  -54.1213 -14.6681 0.7887
v  -54.0562 -14.6709 0.7512
v  -54.0180 -14.6958 0.7556
v  -54.0923 -14.6388 0.7490
v  -54.0592 -14.6055 0.7173
v  -54.0308 -14.6310 0.7186
v  -54.1868 -14.6452 0.8389
v  -54.2178 -14.5926 0.8456
v  -54.1588 -14.6241 0.7911
v  -54.1245 -14.6010 0.7508
v  -54.0847 -14.5758 0.7183
v  -54.0083 -14.5074 0.6808
v  -54.0030 -14.5146 0.6804
v  -54.0538 -14.5298 0.6956
v  -54.0634 -14.5148 0.6971
v  -53.9645 -14.5553 0.6807
v  -53.9747 -14.6117 0.6975
v  -54.0019 -14.6514 0.7219
v  -53.9697 -14.5502 0.6807
v  -53.9877 -14.5999 0.6959
v  -30.9433 -6.1407 -12.8687
v  -30.9636 -4.8122 -12.8680
v  -25.0463 -5.1404 -13.0747
v  -25.0260 -6.5783 -13.0754
v  -25.0463 -3.4279 -13.0747
v  -30.9636 -3.2091 -12.8680
v  -25.0463 -1.7153 -13.0747
v  -30.9636 -1.6059 -12.8680
v  -30.9636 -0.0000 -12.8680
v  -25.0463 -0.0000 -13.0747
v  -35.2652 -5.8210 -12.7178
v  -35.2854 -4.5725 -12.7171
v  -35.2854 -3.0493 -12.7171
v  -35.2854 -1.5260 -12.7171
v  -36.6539 -5.7183 -12.6693
v  -36.6742 -4.4955 -12.6686
v  -36.6742 -2.9979 -12.6686
v  -36.6742 -1.5003 -12.6686
v  -36.6742 -0.0000 -12.6686
v  -10.5517 -7.6489 -13.5808
v  -10.5690 -5.9435 -13.5802
v  -5.4395 -6.1258 -13.7329
v  -5.4272 -7.8915 -13.6713
v  -5.4426 -4.0866 -13.7592
v  -10.5732 -3.9632 -13.5801
v  -5.4463 -2.0438 -13.7591
v  -10.5692 -1.9830 -13.5802
v  -15.1045 -7.3120 -13.4218
v  -15.1248 -5.6907 -13.4211
v  -15.1248 -3.7947 -13.4211
v  -15.1248 -1.8988 -13.4211
v  -19.7009 -6.9721 -13.2613
v  -19.7212 -5.4358 -13.2606
v  -19.7212 -3.6248 -13.2606
v  -19.7212 -1.8138 -13.2606
v  -15.1248 -0.0000 -13.4211
v  -19.7212 -0.0000 -13.2606
v  -37.6949 -5.6413 -12.6330
v  -40.8883 -2.1156 -12.5210
v  -41.1049 -1.0700 -12.5130
v  -40.1182 -3.9010 -12.5479
v  -40.6067 -2.9311 -12.5310
v  -39.2105 -5.0448 -12.5800
v  -39.5845 -4.6660 -12.5670
v  -41.1442 -0.0000 -12.5124
v  -38.7652 -5.3398 -12.5956
v  -38.2588 -5.5416 -12.6133
v  -1.1050 -0.4375 -14.2445
v  -1.1685 -0.2163 -14.2445
v  -0.9947 -0.6503 -14.2445
v  -0.8403 -0.8403 -14.2445
v  -0.6503 -0.9947 -14.2445
v  -0.4375 -1.1050 -14.2445
v  -0.2163 -1.1685 -14.2445
v  0.0000 -1.1884 -14.2445
v  0.2163 -1.1685 -14.2445
v  0.4375 -1.1050 -14.2445
v  0.6503 -0.9947 -14.2445
v  0.8403 -0.8403 -14.2445
v  0.9947 -0.6503 -14.2445
v  1.1050 -0.4374 -14.2445
v  1.1685 -0.2162 -14.2445
v  1.1881 -0.0000 -14.2445
v  -1.3868 -0.2567 -14.2241
v  -1.4101 -0.0000 -14.2241
v  -1.1881 -0.0000 -14.2443
v  -1.3113 -0.5192 -14.2241
v  -1.1805 -0.7718 -14.2241
v  -0.9973 -0.9973 -14.2241
v  -0.7718 -1.1805 -14.2241
v  -0.5192 -1.3114 -14.2241
v  -0.2567 -1.3868 -14.2241
v  0.0000 -1.4104 -14.2241
v  0.0000 -1.6435 -14.1569
v  -0.2992 -1.6160 -14.1569
v  0.0000 -1.8682 -14.0404
v  -0.3404 -1.8374 -14.0402
v  -0.6051 -1.5281 -14.1569
v  -0.6880 -1.7374 -14.0402
v  -0.8994 -1.3756 -14.1569
v  -1.1622 -1.1622 -14.1569
v  -1.0226 -1.5640 -14.0402
v  -1.3208 -1.3212 -14.0404
v  -1.3756 -0.8994 -14.1569
v  -1.5281 -0.6051 -14.1569
v  -1.5633 -1.0222 -14.0406
v  -1.7369 -0.6878 -14.0405
v  -1.6160 -0.2992 -14.1569
v  -1.6432 -0.0000 -14.1570
v  -1.8370 -0.3402 -14.0404
v  -1.8676 -0.0000 -14.0408
v  0.2567 -1.3868 -14.2241
v  1.3868 -0.2567 -14.2241
v  1.3113 -0.5192 -14.2241
v  1.1805 -0.7718 -14.2241
v  0.9973 -0.9973 -14.2241
v  0.7718 -1.1805 -14.2241
v  0.5192 -1.3114 -14.2241
v  0.2992 -1.6161 -14.1569
v  0.3402 -1.8370 -14.0404
v  1.6160 -0.2992 -14.1569
v  1.5281 -0.6051 -14.1569
v  1.8375 -0.3402 -14.0402
v  1.7373 -0.6879 -14.0403
v  1.3756 -0.8994 -14.1569
v  1.1622 -1.1622 -14.1569
v  1.5640 -1.0227 -14.0402
v  1.3210 -1.3206 -14.0406
v  0.8994 -1.3756 -14.1569
v  0.6051 -1.5281 -14.1569
v  1.0224 -1.5641 -14.0403
v  0.6880 -1.7374 -14.0402
v  -0.0000 -0.0000 -14.3941
v  4.1378 -5.8339 -13.7466
v  3.3512 -5.9045 -13.7431
v  3.4218 -3.8046 -13.8063
v  4.4491 -3.7305 -13.7898
v  3.8274 -7.6660 -13.6816
v  3.2639 -7.6657 -13.6816
v  -0.1694 -5.9947 -13.7400
v  -0.0494 -3.9217 -13.8124
v  4.5809 -1.8759 -13.7881
v  3.4933 -1.6947 -13.8273
v  -0.2948 -8.0641 -13.6676
v  -0.7703 -1.9005 -13.8831
v  -1.1115 -1.7169 -13.8882
v  -1.4590 -1.4402 -13.8904
v  -1.7165 -1.1244 -13.8890
v  -1.9132 -0.7605 -13.8833
v  -2.0285 -0.3725 -13.8794
v  0.0007 -2.0598 -13.8775
v  -0.3836 -2.0193 -13.8793
v  1.9069 -0.7566 -13.8830
v  1.7091 -1.1221 -13.8885
v  1.4481 -1.4463 -13.8908
v  1.1171 -1.7126 -13.8883
v  0.7651 -1.9030 -13.8832
v  0.3843 -2.0191 -13.8794
v  2.0203 -0.3772 -13.8792
v  -0.8210 -2.0044 -13.8793
v  -1.1731 -1.8190 -13.8844
v  -1.5434 -1.5209 -13.8871
v  -1.8174 -1.1917 -13.8841
v  -2.0256 -0.8070 -13.8786
v  -2.1494 -0.3903 -13.8742
v  0.0012 -2.1705 -13.8735
v  -0.4091 -2.1300 -13.8749
v  2.0152 -0.7977 -13.8789
v  1.8070 -1.1860 -13.8847
v  1.5295 -1.5234 -13.8872
v  1.1804 -1.8092 -13.8838
v  0.8129 -2.0071 -13.8792
v  0.4094 -2.1309 -13.8749
v  2.1734 -0.0000 -13.8734
v  2.1349 -0.3971 -13.8747
v  2.6011 -0.0000 -13.8585
v  -0.0253 -2.9120 -13.8476
v  -3.5773 -0.0000 -13.8244
v  -3.5986 -1.5103 -13.8236
v  -3.5990 -0.0000 -13.8236
v  -3.5964 -2.9093 -13.8189
v  2.5977 -2.9096 -13.8363
v  2.6002 -1.4318 -13.8585
v  3.7982 -7.7842 -13.6775
v  3.2639 -8.2000 -13.6630
v  3.7551 -7.8960 -13.6736
v  3.6993 -7.9908 -13.6703
v  3.6312 -8.0678 -13.6676
v  3.5544 -8.1255 -13.6656
v  3.4650 -8.1687 -13.6640
v  3.3662 -8.1928 -13.6632
v  -10.5768 -0.0000 -13.5800
v  1.4101 -0.0000 -14.2241
v  1.6432 -0.0000 -14.1570
v  4.6263 -0.0000 -13.7877
v  5.2736 -12.2515 -2.4846
v  4.8218 -12.2811 -2.4906
v  5.7168 -12.1442 -2.4744
v  8.3794 -4.7780 -2.5734
v  8.6318 -4.8512 -1.3876
v  8.8235 -2.4525 -1.4154
v  8.3244 -7.2368 -1.3654
v  7.8669 -9.7070 -1.3608
v  5.0209 -12.5301 -1.3252
v  5.4831 -12.4958 -1.3323
v  6.8718 -11.8358 -1.3288
v  7.2498 -11.4100 -1.3398
v  7.5456 -10.8922 -1.3470
v  7.7299 -10.3065 -1.3548
v  5.9360 -12.3826 -1.3352
v  6.4296 -12.1579 -1.3307
v  0.5811 -12.4305 -1.3044
v  -4.6327 -12.2876 -1.3866
v  8.2683 9.7926 0.4716
v  5.2309 12.9060 0.4795
v  -41.6722 11.9368 0.5039
v  -44.8475 11.8600 0.5104
v  -47.9586 10.2282 0.5744
v  -45.9493 11.7145 0.5341
v  -50.7017 2.6880 0.5815
v  -50.1420 5.3235 0.5785
v  -49.2213 7.8519 0.5758
v  -46.6937 11.4290 0.5563
v  -47.5829 10.7145 0.5640
v  8.7095 7.3984 0.4760
v  9.0296 4.9514 0.4808
v  9.2229 2.4822 0.4848
v  7.3301 12.0845 0.4771
v  7.9515 11.0908 0.4743
v  6.4073 12.6940 0.4773
v  5.8237 12.8617 0.4844
v  7.6645 11.6756 0.4804
v  8.1311 10.4230 0.4757
v  6.8940 12.4366 0.4772
v  -48.6317 9.0594 0.5749
v  -49.7251 6.6031 0.5764
v  -50.4690 4.0168 0.5807
v  -50.8354 1.3462 0.5794
v  -43.1843 11.8980 0.5057
v  -20.5907 12.3769 0.4988
v  -51.0211 -0.0000 0.6273
v  8.4731 9.8371 0.6028
v  -44.8555 12.0643 0.6205
v  -48.0811 10.3051 0.6209
v  -47.6882 10.8150 0.6154
v  8.9131 7.4346 0.6071
v  -50.9698 1.3584 0.6253
v  -43.1851 12.1027 0.6185
v  5.2252 13.1066 0.6165
v  -41.6760 12.1406 0.6187
v  -46.0070 11.8802 0.6154
v  -50.8382 2.7123 0.6269
v  -50.2757 5.3682 0.6248
v  -49.3503 7.9140 0.6225
v  -46.7703 11.5697 0.6176
v  9.2317 4.9815 0.6125
v  9.4238 2.4995 0.6165
v  7.4785 12.2301 0.5989
v  8.1393 11.1856 0.6010
v  6.4769 12.8842 0.6038
v  5.8610 13.0580 0.6156
v  7.8427 11.7856 0.6010
v  8.3293 10.5024 0.6042
v  7.0098 12.6077 0.6009
v  -48.7577 9.1293 0.6216
v  -49.8562 6.6572 0.6232
v  -50.6040 4.0522 0.6262
v  -20.5907 12.5809 0.6213
v  5.2323 12.7573 0.2898
v  -41.6684 11.7687 0.3262
v  -45.9004 11.5776 0.4182
v  -50.5789 2.6662 0.5132
v  -50.0219 5.2831 0.5083
v  -49.1055 7.7953 0.5041
v  -46.6261 11.3045 0.4627
v  8.8784 4.9197 0.2929
v  9.0713 2.4638 0.2978
v  7.2141 11.9727 0.2990
v  7.8116 11.0088 0.2897
v  6.3352 12.5576 0.2983
v  5.7905 12.7159 0.3025
v  7.5441 11.5644 0.3020
v  7.9777 10.3710 0.2862
v  6.7984 12.3109 0.2996
v  -48.5186 8.9961 0.5028
v  -49.6072 6.5540 0.5053
v  -50.3474 3.9845 0.5115
v  -20.5907 12.2162 0.3166
v  8.1133 9.7594 0.2821
v  -44.8428 11.6959 0.3447
v  -47.8483 10.1593 0.5023
v  -47.4883 10.6238 0.4872
v  8.5577 7.3600 0.2870
v  -50.7142 1.3354 0.5123
v  -43.1843 11.7296 0.3305
v  8.5884 9.8630 0.6426
v  -44.8577 12.1756 0.6505
v  -48.1460 10.3461 0.6339
v  -47.7446 10.8685 0.6306
v  9.0284 7.4507 0.6475
v  -51.0417 1.3651 0.6394
v  -43.1877 12.2119 0.6502
v  5.2209 13.2217 0.6608
v  -41.6786 12.2532 0.6509
v  -46.0381 11.9710 0.6398
v  -50.9111 2.7257 0.6403
v  -50.3480 5.3924 0.6383
v  -49.4127 7.9430 0.6345
v  -46.8120 11.6442 0.6350
v  9.3462 4.9953 0.6537
v  9.5374 2.5073 0.6583
v  7.5608 12.3123 0.6350
v  8.2463 11.2349 0.6389
v  6.5086 12.9947 0.6434
v  5.8822 13.1711 0.6556
v  7.9483 11.8357 0.6363
v  8.4389 10.5516 0.6424
v  7.0710 12.7072 0.6385
v  -48.8253 9.1655 0.6348
v  -49.9261 6.6857 0.6366
v  -50.6765 4.0711 0.6395
v  -20.5907 12.6931 0.6571
v  5.2289 13.0000 0.5550
v  -41.6745 12.0366 0.5702
v  -45.9765 11.7945 0.5798
v  -50.7671 2.6995 0.6067
v  -50.2061 5.3449 0.6043
v  -49.2832 7.8820 0.6019
v  -46.7306 11.4969 0.5909
v  9.1252 4.9669 0.5541
v  9.3181 2.4912 0.5581
v  7.4007 12.1534 0.5455
v  8.0402 11.1371 0.5456
v  6.4434 12.7822 0.5474
v  5.8417 12.9533 0.5565
v  7.7465 11.7328 0.5484
v  8.2258 10.4584 0.5481
v  6.9499 12.5161 0.5459
v  -48.6921 9.0931 0.6011
v  -49.7880 6.6290 0.6025
v  -50.5338 4.0337 0.6061
v  -20.5907 12.4755 0.5690
v  8.3653 9.8134 0.5452
v  -44.8510 11.9557 0.5720
v  -48.0174 10.2652 0.6005
v  -47.6335 10.7629 0.5926
v  8.8058 7.4174 0.5493
v  -50.8997 1.3519 0.6047
v  -43.1843 11.9995 0.5713
v  8.1831 9.7743 0.3827
v  -44.8460 11.7718 0.4336
v  -47.9020 10.1927 0.5413
v  -47.5343 10.6679 0.5287
v  8.6252 7.3792 0.3876
v  -50.7732 1.3407 0.5485
v  -43.1843 11.8056 0.4233
v  5.2321 12.8240 0.3899
v  -41.6703 11.8437 0.4208
v  -45.9233 11.6417 0.4795
v  -50.6386 2.6768 0.5503
v  -50.0802 5.3028 0.5465
v  -49.1618 7.8228 0.5430
v  -46.6587 11.3645 0.5133
v  8.9458 4.9356 0.3927
v  9.1391 2.4731 0.3970
v  7.2671 12.0235 0.3938
v  7.8740 11.0477 0.3879
v  6.3713 12.6178 0.3931
v  5.8067 12.7816 0.3987
v  7.5951 11.6192 0.3973
v  8.0470 10.3931 0.3872
v  6.8429 12.3671 0.3942
v  -48.5735 9.0269 0.5419
v  -49.6644 6.5779 0.5440
v  -50.4064 4.0003 0.5492
v  -20.5907 12.2891 0.4134
v  5.2315 12.7078 0.1835
v  -41.6679 11.7033 0.2156
v  -45.8798 11.5201 0.3481
v  -50.5224 2.6560 0.4703
v  -49.9667 5.2643 0.4644
v  -49.0524 7.7691 0.4592
v  -46.5959 11.2491 0.4045
v  8.8278 4.9039 0.1840
v  9.0203 2.4546 0.1895
v  7.1726 11.9334 0.1948
v  7.7653 10.9749 0.1823
v  6.3010 12.5160 0.1968
v  5.7769 12.6712 0.1989
v  7.5100 11.5108 0.1973
v  7.9237 10.3567 0.1750
v  6.7619 12.2700 0.1983
v  -48.4667 8.9668 0.4577
v  -49.5532 6.5313 0.4608
v  -50.2914 3.9694 0.4681
v  -20.5907 12.1567 0.2047
v  8.0605 9.7482 0.1721
v  -44.8402 11.6317 0.2420
v  -47.7977 10.1277 0.4571
v  -47.4415 10.5839 0.4376
v  8.5071 7.3410 0.1776
v  -50.6554 1.3282 0.4680
v  -43.1844 11.6640 0.2200
v  10.9163 14.7592 1.8110
v  10.8661 14.7638 1.8110
v  11.0685 14.4882 1.7613
v  11.0643 14.4882 1.7466
v  11.0630 14.4882 1.7323
v  11.0590 14.5251 1.7323
v  11.0492 14.5606 1.7323
v  11.0309 14.5959 1.7323
v  11.0053 14.6274 1.7323
v  10.9739 14.6530 1.7323
v  10.9386 14.6712 1.7323
v  10.9020 14.6818 1.7323
v  10.8661 14.6850 1.7323
v  10.8661 14.6864 1.7466
v  10.8661 14.6906 1.7613
v  10.8661 14.6979 1.7754
v  10.8661 14.7081 1.7880
v  10.8661 14.7207 1.7982
v  10.8661 14.7348 1.8055
v  10.8661 14.7494 1.8097
v  10.9676 14.7444 1.8110
v  11.0170 14.7189 1.8110
v  11.0610 14.6831 1.8110
v  11.0968 14.6390 1.8110
v  11.1224 14.5896 1.8110
v  11.1362 14.5399 1.8110
v  11.1417 14.4882 1.8110
v  11.1274 14.4882 1.8097
v  11.1127 14.4882 1.8055
v  11.0986 14.4882 1.7982
v  11.0861 14.4882 1.7880
v  11.0758 14.4882 1.7754
v  11.0817 14.5295 1.7880
v  11.0716 14.5275 1.7754
v  11.0645 14.5262 1.7613
v  11.0603 14.5254 1.7466
v  11.0504 14.5611 1.7466
v  11.0320 14.5966 1.7466
v  11.0063 14.6283 1.7466
v  10.9746 14.6540 1.7466
v  10.9391 14.6724 1.7466
v  10.9022 14.6830 1.7466
v  10.9030 14.6872 1.7613
v  10.9043 14.6944 1.7754
v  10.9062 14.7044 1.7880
v  10.9084 14.7168 1.7982
v  10.9110 14.7307 1.8055
v  10.9137 14.7451 1.8097
v  10.9623 14.7311 1.8097
v  11.0091 14.7069 1.8097
v  11.0509 14.6729 1.8097
v  11.0848 14.6312 1.8097
v  11.1091 14.5844 1.8097
v  11.1222 14.5372 1.8097
v  11.1078 14.5345 1.8055
v  11.0940 14.5318 1.7982
v  10.9569 14.7175 1.8055
v  10.9517 14.7044 1.7982
v  10.9471 14.6927 1.7880
v  11.0011 14.6946 1.8055
v  11.0405 14.6626 1.8055
v  10.9934 14.6828 1.7982
v  10.9865 14.6723 1.7880
v  11.0305 14.6526 1.7982
v  11.0216 14.6437 1.7880
v  10.9433 14.6831 1.7754
v  10.9406 14.6764 1.7613
v  10.9809 14.6637 1.7754
v  10.9769 14.6576 1.7613
v  11.0144 14.6365 1.7754
v  11.0092 14.6313 1.7613
v  11.0726 14.6231 1.8055
v  11.0954 14.5790 1.8055
v  11.0607 14.6154 1.7982
v  11.0502 14.6085 1.7880
v  11.0823 14.5738 1.7982
v  11.0706 14.5691 1.7880
v  11.0416 14.6029 1.7754
v  11.0355 14.5989 1.7613
v  11.0611 14.5654 1.7754
v  11.0543 14.5627 1.7613
v  -54.2080 14.5383 1.8110
v  -54.2126 14.4882 1.8110
v  -53.9728 14.6818 1.7323
v  -53.9370 14.6850 1.7323
v  -54.1352 14.4882 1.7466
v  -54.1339 14.4882 1.7323
v  -54.1306 14.5240 1.7323
v  -54.1200 14.5606 1.7323
v  -54.1018 14.5959 1.7323
v  -54.0762 14.6274 1.7323
v  -54.0447 14.6530 1.7323
v  -54.0095 14.6712 1.7323
v  -53.9370 14.6865 1.7475
v  -53.9370 14.6910 1.7624
v  -53.9370 14.6984 1.7762
v  -53.9370 14.7081 1.7880
v  -53.9370 14.7199 1.7977
v  -53.9370 14.7336 1.8050
v  -53.9370 14.7486 1.8095
v  -53.9370 14.7638 1.8110
v  -53.9872 14.7592 1.8110
v  -54.0385 14.7444 1.8110
v  -54.0878 14.7189 1.8110
v  -54.1319 14.6831 1.8110
v  -54.1677 14.6390 1.8110
v  -54.1933 14.5896 1.8110
v  -54.1983 14.4882 1.8097
v  -54.1836 14.4882 1.8055
v  -54.1695 14.4882 1.7982
v  -54.1569 14.4882 1.7880
v  -54.1467 14.4882 1.7754
v  -54.1394 14.4882 1.7613
v  -54.1360 14.5250 1.7613
v  -54.1319 14.5242 1.7466
v  -54.1213 14.5611 1.7466
v  -54.1029 14.5966 1.7466
v  -54.0771 14.6283 1.7466
v  -54.0454 14.6541 1.7466
v  -54.0100 14.6724 1.7466
v  -53.9731 14.6830 1.7466
v  -53.9738 14.6872 1.7613
v  -53.9757 14.6943 1.7754
v  -53.9770 14.7044 1.7880
v  -53.9793 14.7168 1.7982
v  -53.9819 14.7307 1.8055
v  -53.9846 14.7451 1.8097
v  -54.0332 14.7311 1.8097
v  -54.0800 14.7069 1.8097
v  -54.1217 14.6729 1.8097
v  -54.1557 14.6312 1.8097
v  -54.1799 14.5844 1.8097
v  -54.1939 14.5357 1.8097
v  -54.1795 14.5331 1.8055
v  -54.1656 14.5305 1.7982
v  -54.1533 14.5282 1.7880
v  -54.1432 14.5263 1.7754
v  -54.0115 14.6764 1.7613
v  -54.0142 14.6832 1.7754
v  -54.0180 14.6927 1.7880
v  -54.0478 14.6576 1.7613
v  -54.0801 14.6313 1.7613
v  -54.0518 14.6637 1.7754
v  -54.0574 14.6723 1.7880
v  -54.0853 14.6365 1.7754
v  -54.0925 14.6437 1.7880
v  -54.0226 14.7044 1.7982
v  -54.0278 14.7175 1.8055
v  -54.0642 14.6828 1.7982
v  -54.0720 14.6946 1.8055
v  -54.1014 14.6526 1.7982
v  -54.1114 14.6626 1.8055
v  -54.1064 14.5989 1.7613
v  -54.1252 14.5627 1.7613
v  -54.1125 14.6029 1.7754
v  -54.1211 14.6085 1.7880
v  -54.1320 14.5654 1.7754
v  -54.1415 14.5691 1.7880
v  -54.1316 14.6154 1.7982
v  -54.1434 14.6231 1.8055
v  -54.1532 14.5738 1.7982
v  -54.1663 14.5790 1.8055
v  10.8729 14.5300 0.8239
v  10.8712 14.6224 0.8712
v  10.8692 14.6633 0.9251
v  10.9052 14.6804 1.0153
v  10.8661 14.6850 1.0153
v  11.0630 14.4882 1.0153
v  10.8719 14.5948 0.8498
v  10.8726 14.5636 0.8338
v  10.8681 14.6756 0.9552
v  10.8670 14.6825 0.9857
v  10.9427 14.6694 1.0153
v  10.9760 14.6514 1.0153
v  11.0053 14.6274 1.0153
v  11.0295 14.5979 1.0153
v  11.0474 14.5644 1.0153
v  11.0590 14.5276 1.0153
v  11.0604 14.4888 0.9858
v  11.0536 14.4895 0.9554
v  11.0415 14.4902 0.9255
v  11.0011 14.4917 0.8718
v  10.9737 14.4923 0.8504
v  10.9429 14.4928 0.8343
v  10.9096 14.4931 0.8241
v  10.8954 14.5164 0.8236
v  10.8702 14.6455 0.8967
v  10.9183 14.6305 0.8896
v  10.8989 14.6582 0.9217
v  10.9093 14.6093 0.8661
v  10.9025 14.6708 0.9521
v  10.9044 14.5477 0.8321
v  10.9327 14.5946 0.8635
v  10.9160 14.5377 0.8318
v  10.9257 14.5268 0.8322
v  10.9863 14.5337 0.8661
v  10.9718 14.5560 0.8636
v  11.0238 14.4910 0.8972
v  11.0075 14.5425 0.8895
v  10.9047 14.6780 0.9838
v  10.9407 14.6667 0.9814
v  10.9736 14.6487 0.9797
v  11.0027 14.6247 0.9790
v  11.0267 14.5956 0.9797
v  11.0447 14.5627 0.9814
v  11.0563 14.5267 0.9838
v  11.0490 14.5241 0.9521
v  11.0364 14.5201 0.9217
v  11.0373 14.5580 0.9480
v  11.0193 14.5897 0.9450
v  10.9958 14.6178 0.9437
v  11.0248 14.5508 0.9170
v  11.0072 14.5803 0.9134
v  10.9847 14.6068 0.9119
v  10.9911 14.5688 0.8862
v  10.9705 14.5926 0.8848
v  10.9540 14.5762 0.8625
v  10.9674 14.6415 0.9449
v  10.9355 14.6596 0.9480
v  10.9577 14.6297 0.9134
v  10.9275 14.6474 0.9171
v  10.9457 14.6138 0.8862
v  11.0236 14.8970 1.8096
v  11.0236 14.8823 1.8110
v  11.3390 14.6457 1.7323
v  11.3377 14.6457 1.7466
v  11.3335 14.6457 1.7613
v  11.3262 14.6457 1.7754
v  11.3159 14.6457 1.7880
v  11.3033 14.6457 1.7982
v  11.2892 14.6457 1.8055
v  11.2746 14.6457 1.8097
v  11.2603 14.6457 1.8110
v  11.2559 14.6900 1.8110
v  11.2436 14.7328 1.8110
v  11.2217 14.7752 1.8110
v  11.1909 14.8130 1.8110
v  11.1531 14.8437 1.8110
v  11.1107 14.8657 1.8110
v  11.0667 14.8783 1.8110
v  11.0236 14.9118 1.8053
v  11.0236 14.9258 1.7979
v  11.0236 14.9380 1.7880
v  11.0236 14.9479 1.7757
v  11.0236 14.9553 1.7618
v  11.0236 14.9596 1.7470
v  11.0236 14.9610 1.7323
v  11.0811 14.9553 1.7315
v  11.2457 14.8677 1.7466
v  11.3314 14.7046 1.7466
v  11.3156 14.7613 1.7466
v  11.2865 14.8175 1.7466
v  11.3273 14.7038 1.7613
v  11.3201 14.7025 1.7754
v  11.3101 14.7005 1.7880
v  11.2977 14.6982 1.7982
v  11.2839 14.6955 1.8055
v  11.2696 14.6928 1.8097
v  11.2570 14.7380 1.8097
v  11.2337 14.7830 1.8097
v  11.2011 14.8231 1.8097
v  11.1610 14.8557 1.8097
v  11.1160 14.8790 1.8097
v  11.0693 14.8924 1.8097
v  11.0719 14.9068 1.8055
v  11.0745 14.9207 1.7982
v  11.0768 14.9331 1.7880
v  11.0787 14.9432 1.7754
v  11.0800 14.9503 1.7613
v  11.0808 14.9545 1.7466
v  11.1392 14.9377 1.7466
v  11.1955 14.9085 1.7466
v  11.1377 14.9338 1.7613
v  11.1350 14.9270 1.7754
v  11.1312 14.9175 1.7880
v  11.1932 14.9050 1.7613
v  11.2427 14.8648 1.7613
v  11.1892 14.8989 1.7754
v  11.1836 14.8903 1.7880
v  11.2375 14.8596 1.7754
v  11.2303 14.8524 1.7880
v  11.1266 14.9057 1.7982
v  11.1214 14.8926 1.8055
v  11.1767 14.8798 1.7982
v  11.1690 14.8680 1.8055
v  11.2214 14.8435 1.7982
v  11.2114 14.8335 1.8055
v  11.2830 14.8152 1.7613
v  11.3117 14.7597 1.7613
v  11.2768 14.8112 1.7754
v  11.2683 14.8056 1.7880
v  11.3049 14.7570 1.7754
v  11.2954 14.7533 1.7880
v  11.2577 14.7987 1.7982
v  11.2459 14.7910 1.8055
v  11.2837 14.7486 1.7982
v  11.2706 14.7434 1.8055
v  -54.3455 14.6457 1.8097
v  -54.3311 14.6457 1.8110
v  -54.4042 14.7031 1.7315
v  -54.4099 14.6457 1.7323
v  -54.4085 14.6457 1.7466
v  -54.4043 14.6457 1.7613
v  -54.3970 14.6457 1.7754
v  -54.3868 14.6457 1.7880
v  -54.3742 14.6457 1.7982
v  -54.3601 14.6457 1.8055
v  -54.3272 14.6887 1.8110
v  -54.3145 14.7328 1.8110
v  -54.2925 14.7752 1.8110
v  -54.2618 14.8130 1.8110
v  -54.2240 14.8437 1.8110
v  -54.1816 14.8657 1.8110
v  -54.1376 14.8783 1.8110
v  -54.0945 14.8823 1.8110
v  -54.0945 14.8970 1.8096
v  -54.0945 14.9118 1.8053
v  -54.0945 14.9258 1.7979
v  -54.0945 14.9380 1.7880
v  -54.0945 14.9479 1.7757
v  -54.0945 14.9553 1.7618
v  -54.0945 14.9596 1.7470
v  -54.0945 14.9610 1.7323
v  -54.1517 14.9554 1.7316
v  -54.3166 14.8677 1.7466
v  -54.4033 14.7028 1.7466
v  -54.3865 14.7613 1.7466
v  -54.3574 14.8175 1.7466
v  -54.3992 14.7020 1.7613
v  -54.3920 14.7007 1.7754
v  -54.3819 14.6989 1.7880
v  -54.3695 14.6966 1.7982
v  -54.3557 14.6940 1.8055
v  -54.3413 14.6913 1.8097
v  -54.3278 14.7380 1.8097
v  -54.3045 14.7830 1.8097
v  -54.2719 14.8231 1.8097
v  -54.2318 14.8557 1.8097
v  -54.1869 14.8790 1.8097
v  -54.1402 14.8924 1.8097
v  -54.1428 14.9068 1.8055
v  -54.1454 14.9207 1.7982
v  -54.1477 14.9331 1.7880
v  -54.1495 14.9432 1.7754
v  -54.1509 14.9503 1.7613
v  -54.1516 14.9545 1.7466
v  -54.2101 14.9377 1.7466
v  -54.2663 14.9085 1.7466
v  -54.3826 14.7597 1.7613
v  -54.3758 14.7570 1.7754
v  -54.3663 14.7533 1.7880
v  -54.3538 14.8152 1.7613
v  -54.3136 14.8648 1.7613
v  -54.3477 14.8112 1.7754
v  -54.3391 14.8056 1.7880
v  -54.3084 14.8596 1.7754
v  -54.3012 14.8524 1.7880
v  -54.3546 14.7486 1.7982
v  -54.3415 14.7434 1.8055
v  -54.3286 14.7987 1.7982
v  -54.3168 14.7910 1.8055
v  -54.2923 14.8435 1.7982
v  -54.2823 14.8335 1.8055
v  -54.2640 14.9050 1.7613
v  -54.2085 14.9338 1.7613
v  -54.2600 14.8989 1.7754
v  -54.2544 14.8903 1.7880
v  -54.2059 14.9270 1.7754
v  -54.2021 14.9175 1.7880
v  -54.2476 14.8798 1.7982
v  -54.2398 14.8680 1.8055
v  -54.1975 14.9057 1.7982
v  -54.1923 14.8926 1.8055
v  -53.9791 14.4904 0.8274
v  -54.3172 14.8684 1.7315
v  -54.3872 14.7615 1.7315
v  -54.3580 14.8180 1.7315
v  -54.2104 14.9383 1.7315
v  -54.2668 14.9092 1.7315
v  11.2463 14.8684 1.7315
v  11.3324 14.7048 1.7319
v  11.3163 14.7615 1.7315
v  11.2872 14.8180 1.7315
v  11.1395 14.9383 1.7315
v  11.1959 14.9092 1.7315
v  -20.5907 14.6850 1.7323
v  -20.5907 14.6865 1.7470
v  -20.5907 14.6908 1.7618
v  -20.5907 14.6981 1.7757
v  -20.5907 14.7081 1.7880
v  -20.5907 14.7203 1.7979
v  -20.5907 14.7342 1.8052
v  -20.5907 14.7490 1.8096
v  -20.5907 14.7638 1.8110
v  -20.5907 14.8823 1.8110
v  -20.5907 14.8970 1.8096
v  -20.5907 14.9118 1.8053
v  -20.5907 14.9258 1.7979
v  -20.5907 14.9380 1.7880
v  -20.5907 14.9479 1.7757
v  -20.5907 14.9553 1.7618
v  -20.5907 14.9596 1.7470
v  -20.5907 14.9610 1.7323
v  -20.5907 14.5378 0.8180
v  -20.5907 14.5693 0.8281
v  -20.5907 14.6000 0.8447
v  -20.5907 14.6274 0.8672
v  -20.5907 14.6499 0.8943
v  -20.5907 14.6667 0.9243
v  -20.5907 14.6776 0.9556
v  -20.5907 14.6833 0.9869
v  -20.5907 14.6850 1.0170
v  -54.1836 -0.0000 1.8055
v  -54.1695 -0.0000 1.7982
v  -54.1569 -0.0000 1.7880
v  -53.9419 -0.0000 0.8152
v  11.0685 -0.0000 1.7613
v  11.0758 -0.0000 1.7754
v  11.0616 -0.0000 0.9852
v  11.3159 -0.0000 1.7880
v  10.8665 14.7708 1.8110
v  10.9176 14.7661 1.8110
v  10.9702 14.7510 1.8110
v  11.0208 14.7247 1.8110
v  11.0660 14.6880 1.8110
v  11.1027 14.6428 1.8110
v  11.1289 14.5922 1.8110
v  11.1431 14.5414 1.8110
v  11.1487 14.4885 1.8110
v  11.2533 14.6453 1.8110
v  11.2486 14.6886 1.8110
v  11.2371 14.7302 1.8110
v  11.2158 14.7713 1.8110
v  11.1860 14.8080 1.8110
v  11.1492 14.8378 1.8110
v  11.1081 14.8591 1.8110
v  11.0654 14.8714 1.8110
v  11.0233 14.8753 1.8110
v  -20.5907 14.8753 1.8110
v  -54.0942 14.8753 1.8110
v  -54.1363 14.8714 1.8110
v  -54.1790 14.8591 1.8110
v  -54.2201 14.8378 1.8110
v  -54.2568 14.8080 1.8110
v  -54.2867 14.7713 1.8110
v  -54.3080 14.7302 1.8110
v  -54.3203 14.6874 1.8110
v  -54.3241 14.6453 1.8110
v  -54.2196 14.4885 1.8110
v  -54.2149 14.5396 1.8110
v  -54.1998 14.5922 1.8110
v  -54.1736 14.6428 1.8110
v  -54.1369 14.6880 1.8110
v  -54.0917 14.7247 1.8110
v  -54.0411 14.7510 1.8110
v  -53.9885 14.7661 1.8110
v  -53.9373 14.7708 1.8110
v  -20.5907 14.7708 1.8110
v  -41.6820 14.6850 1.7323
v  -47.6283 14.6850 1.7323
v  -41.6820 14.8823 1.8110
v  -47.6283 14.8823 1.8110
v  -41.6820 14.6865 1.7473
v  -47.6283 14.6865 1.7474
v  -41.6820 14.6909 1.7622
v  -47.6283 14.6910 1.7623
v  -41.6820 14.6983 1.7760
v  -47.6283 14.6983 1.7761
v  -41.6820 14.7081 1.7880
v  -47.6283 14.7081 1.7880
v  -41.6820 14.7201 1.7978
v  -47.6283 14.7200 1.7977
v  -41.6820 14.7339 1.8051
v  -47.6283 14.7338 1.8051
v  -41.6820 14.7487 1.8096
v  -47.6283 14.7487 1.8096
v  -47.6283 14.7638 1.8110
v  -41.6820 14.7638 1.8110
v  -41.6820 14.8970 1.8096
v  -47.6283 14.8970 1.8096
v  -41.6820 14.9118 1.8053
v  -47.6283 14.9118 1.8053
v  -41.6820 14.9258 1.7979
v  -47.6283 14.9258 1.7979
v  -41.6820 14.9380 1.7880
v  -47.6283 14.9380 1.7880
v  -41.6820 14.9479 1.7757
v  -47.6283 14.9479 1.7757
v  -41.6820 14.9553 1.7618
v  -47.6283 14.9553 1.7618
v  -41.6820 14.9596 1.7470
v  -47.6283 14.9596 1.7470
v  -41.6820 14.9610 1.7323
v  -47.6283 14.9610 1.7323
v  -41.6820 14.5367 0.8193
v  -47.6283 14.5364 0.8204
v  -41.6820 14.5679 0.8299
v  -47.6283 14.5678 0.8304
v  -41.6820 14.5981 0.8468
v  -47.6283 14.5985 0.8466
v  -41.6820 14.6253 0.8691
v  -47.6283 14.6260 0.8688
v  -41.6820 14.6482 0.8957
v  -47.6283 14.6488 0.8955
v  -41.6820 14.6658 0.9252
v  -47.6283 14.6659 0.9252
v  -41.6820 14.6774 0.9564
v  -47.6283 14.6772 0.9563
v  -41.6820 14.6835 0.9877
v  -47.6283 14.6832 0.9877
v  -47.6283 14.6850 1.0184
v  -41.6820 14.6850 1.0181
v  -41.6820 14.8753 1.8110
v  -47.6283 14.8753 1.8110
v  -47.6283 14.7708 1.8110
v  -41.6820 14.7708 1.8110
v  -54.2126 4.0860 1.8110
v  -54.2126 7.9789 1.8110
v  -54.1352 7.9789 1.7466
v  -54.1352 4.0860 1.7466
v  -54.1339 7.9789 1.7323
v  -54.1339 4.0860 1.7323
v  -54.1983 7.9789 1.8097
v  -54.1983 4.0860 1.8097
v  -54.1836 7.9789 1.8055
v  -54.1836 4.0860 1.8055
v  -54.1695 7.9789 1.7982
v  -54.1695 4.0860 1.7982
v  -54.1569 7.9789 1.7880
v  -54.1569 4.0860 1.7880
v  -54.1467 7.9789 1.7754
v  -54.1467 4.0860 1.7754
v  -54.1394 7.9789 1.7613
v  -54.1394 4.0860 1.7613
v  -54.3455 7.9789 1.8097
v  -54.3455 4.0860 1.8097
v  -54.3311 7.9789 1.8110
v  -54.3311 4.0860 1.8110
v  -54.4099 7.9789 1.7323
v  -54.4099 4.0860 1.7323
v  -54.4085 7.9789 1.7466
v  -54.4085 4.0860 1.7466
v  -54.4043 7.9789 1.7613
v  -54.4043 4.0860 1.7613
v  -54.3970 7.9789 1.7754
v  -54.3970 4.0860 1.7754
v  -54.3868 7.9789 1.7880
v  -54.3868 4.0860 1.7880
v  -54.3742 7.9789 1.7982
v  -54.3742 4.0860 1.7982
v  -54.3601 7.9789 1.8055
v  -54.3601 4.0860 1.8055
v  -54.1339 4.0860 1.0188
v  -54.1339 7.9789 1.0188
v  -54.1318 7.9789 0.9893
v  -54.1320 4.0860 0.9892
v  -54.1255 7.9789 0.9591
v  -54.1260 4.0860 0.9589
v  -54.1141 7.9789 0.9291
v  -54.1147 4.0860 0.9287
v  -54.0971 7.9789 0.9005
v  -54.0978 4.0860 0.8999
v  -54.0745 7.9789 0.8742
v  -54.0753 4.0860 0.8733
v  -54.0467 7.9789 0.8518
v  -54.0474 4.0860 0.8506
v  -54.0140 7.9789 0.8345
v  -54.0145 4.0860 0.8331
v  -53.9419 4.0860 0.8162
v  -53.9418 7.9789 0.8182
v  -53.9786 7.9789 0.8236
v  -53.9790 4.0860 0.8219
v  -54.3241 7.9789 1.8110
v  -54.3241 4.0860 1.8110
v  -54.2196 4.0860 1.8110
v  -54.2196 7.9789 1.8110
v  11.0685 9.8918 1.7613
v  11.0685 5.0089 1.7613
v  11.0643 9.8918 1.7466
v  11.0643 5.0089 1.7466
v  11.0630 5.0089 1.7323
v  11.0630 9.8918 1.7323
v  11.1417 9.8918 1.8110
v  11.1417 5.0089 1.8110
v  11.1274 9.8918 1.8097
v  11.1274 5.0089 1.8097
v  11.1127 9.8918 1.8055
v  11.1127 5.0089 1.8055
v  11.0986 9.8918 1.7982
v  11.0986 5.0089 1.7982
v  11.0861 9.8918 1.7880
v  11.0861 5.0089 1.7880
v  11.0758 9.8918 1.7754
v  11.0758 5.0089 1.7754
v  11.0630 9.8918 1.0153
v  11.0630 5.0089 1.0153
v  11.0610 9.8918 0.9855
v  11.0604 5.0089 0.9858
v  11.0549 9.8918 0.9547
v  11.0536 5.0089 0.9555
v  11.0436 9.8918 0.9240
v  11.0416 5.0089 0.9255
v  11.0040 9.8918 0.8682
v  11.0007 5.0088 0.8720
v  10.9762 9.8918 0.8460
v  10.9734 5.0089 0.8494
v  10.9444 9.8919 0.8293
v  10.9428 5.0089 0.8308
v  10.9098 9.8919 0.8185
v  10.9094 5.0089 0.8172
v  10.8738 9.8919 0.8126
v  10.8742 5.0089 0.8089
v  11.0266 9.8918 0.8947
v  11.0239 5.0089 0.8973
v  11.3390 5.0089 1.7323
v  11.3390 9.8918 1.7323
v  11.3377 9.8918 1.7466
v  11.3377 5.0089 1.7466
v  11.3335 9.8918 1.7613
v  11.3335 5.0089 1.7613
v  11.3262 9.8918 1.7754
v  11.3262 5.0089 1.7754
v  11.3159 9.8918 1.7880
v  11.3159 5.0089 1.7880
v  11.3033 9.8918 1.7982
v  11.3033 5.0089 1.7982
v  11.2892 9.8918 1.8055
v  11.2892 5.0089 1.8055
v  11.2746 9.8918 1.8097
v  11.2746 5.0089 1.8097
v  11.2603 5.0089 1.8110
v  11.2603 9.8918 1.8110
v  11.1487 9.8918 1.8110
v  11.1487 5.0089 1.8110
v  11.2533 5.0089 1.8110
v  11.2533 9.8918 1.8110
v  5.2149 14.6864 1.7467
v  5.2149 14.6906 1.7614
v  5.2149 14.6979 1.7754
v  5.2149 14.7081 1.7880
v  5.2149 14.7206 1.7981
v  5.2149 14.7347 1.8055
v  5.2149 14.7494 1.8097
v  5.2149 14.7638 1.8110
v  5.2149 14.8970 1.8096
v  5.2149 14.9118 1.8053
v  5.2149 14.9258 1.7979
v  5.2149 14.9380 1.7880
v  5.2149 14.9479 1.7757
v  5.2149 14.9553 1.7618
v  5.2149 14.9596 1.7470
v  5.2149 14.9610 1.7323
v  5.2126 14.5489 0.8175
v  5.2140 14.5774 0.8293
v  5.2150 14.6051 0.8463
v  5.2152 14.6300 0.8684
v  5.2151 14.6512 0.8945
v  5.2150 14.6675 0.9237
v  5.2149 14.6783 0.9545
v  5.2149 14.6840 0.9856
v  5.2149 14.6850 1.0156
v  5.2149 14.6850 1.7323
v  5.2149 14.8823 1.8110
v  5.2149 14.8753 1.8110
v  5.2149 14.7708 1.8110
v  -51.2979 1.3489 0.6583
v  -51.1679 2.7683 0.6579
v  -50.9141 4.1223 0.6551
v  -50.5989 5.4718 0.6537
v  -50.1763 6.7791 0.6513
v  -49.6618 8.0600 0.6488
v  -49.0611 9.2938 0.6466
v  -48.3707 10.4947 0.6450
v  -47.9485 11.0471 0.6443
v  -46.9528 11.8903 0.6503
v  -46.1266 12.2571 0.6645
v  -44.8584 12.4882 0.6782
v  -43.1990 12.5221 0.6786
v  -41.6876 12.5622 0.6800
v  -20.5907 13.0166 0.6917
v  5.2211 13.5618 0.7111
v  5.9330 13.5034 0.7045
v  6.6163 13.3184 0.6859
v  7.2576 12.9925 0.6719
v  7.8023 12.5495 0.6642
v  8.2427 11.9990 0.6660
v  8.5624 11.3652 0.6713
v  8.7630 10.6542 0.6754
v  8.9227 9.9312 0.6787
v  9.3639 7.4985 0.6888
v  9.6806 5.0292 0.6989
v  9.8719 2.5256 0.7065
v  10.6749 5.0089 0.7896
v  10.6740 9.8919 0.7978
v  10.6741 14.2949 0.8069
v  5.2149 14.2952 0.7868
v  -20.5907 14.2934 0.7948
v  -41.6820 14.2921 0.7988
v  -47.6283 14.2916 0.7998
v  -53.7417 14.2908 0.8159
v  -53.7420 7.9789 0.8094
v  -53.7422 4.0860 0.8052
v  -51.2029 1.3787 0.6527
v  -51.0732 2.7525 0.6525
v  -50.8351 4.1092 0.6509
v  -50.5057 5.4423 0.6491
v  -50.0819 6.7461 0.6471
v  -49.5721 8.0169 0.6452
v  -48.9760 9.2426 0.6436
v  -48.2880 10.4381 0.6421
v  -47.8692 10.9853 0.6416
v  -46.9051 11.8023 0.6462
v  -46.0921 12.1635 0.6584
v  -44.8627 12.3873 0.6716
v  -43.1982 12.4263 0.6724
v  -41.6849 12.4624 0.6733
v  -20.5907 12.9168 0.6835
v  5.2174 13.4621 0.7008
v  5.9299 13.4093 0.6945
v  6.5771 13.2231 0.6772
v  7.1957 12.9169 0.6664
v  7.7283 12.4820 0.6596
v  8.1615 11.9394 0.6614
v  8.4661 11.3286 0.6658
v  8.6659 10.6433 0.6698
v  8.8244 9.9156 0.6724
v  9.2627 7.4823 0.6809
v  9.5814 5.0212 0.6899
v  9.7698 2.5206 0.6962
v  9.8338 -0.0000 0.6987
v  10.7770 5.0089 0.7995
v  10.7766 9.8919 0.8054
v  10.7732 14.3938 0.8127
v  5.2149 14.3971 0.7974
v  -20.5907 14.3932 0.8029
v  -41.6820 14.3945 0.8061
v  -47.6283 14.3941 0.8068
v  -53.8415 14.3904 0.8188
v  -53.8445 7.9789 0.8139
v  -53.8447 4.0860 0.8108
v  5.5286 12.8965 0.4824
v  7.5082 11.8888 0.4805
v  8.0526 10.7605 0.4732
v  6.6579 12.5792 0.4747
v  6.1201 12.7941 0.4812
v  7.8248 11.3916 0.4779
v  8.2012 10.1081 0.4752
v  7.1200 12.2704 0.4787
v  5.5443 13.0955 0.6173
v  7.6727 12.0176 0.6012
v  8.2452 10.8482 0.6017
v  6.7501 12.7606 0.6005
v  6.1742 12.9874 0.6100
v  8.0084 11.4936 0.6009
v  8.4040 10.1703 0.6049
v  7.2536 12.4305 0.6012
v  7.3897 11.7770 0.3023
v  7.9048 10.6931 0.2864
v  6.5739 12.4477 0.2973
v  6.0672 12.6517 0.3016
v  7.6939 11.2944 0.2966
v  8.0461 10.0653 0.2850
v  7.0135 12.1507 0.3005
v  5.5127 12.7496 0.2957
v  5.5529 13.2102 0.6599
v  7.7677 12.0846 0.6364
v  8.3530 10.8983 0.6402
v  6.7961 12.8666 0.6397
v  6.2014 13.0987 0.6510
v  8.1148 11.5425 0.6373
v  8.5172 10.2080 0.6436
v  7.3262 12.5225 0.6377
v  7.5850 11.9523 0.5486
v  8.1442 10.8013 0.5454
v  6.7039 12.6631 0.5443
v  6.1472 12.8842 0.5522
v  7.9105 11.4435 0.5472
v  8.2977 10.1364 0.5482
v  7.1839 12.3453 0.5472
v  5.5366 12.9895 0.5566
v  5.5207 12.8154 0.3944
v  7.4416 11.8297 0.3974
v  7.9715 10.7238 0.3858
v  6.6144 12.5063 0.3914
v  6.0935 12.7155 0.3966
v  7.7508 11.3415 0.3934
v  8.1159 10.0839 0.3862
v  7.0625 12.2045 0.3956
v  7.3522 11.7307 0.1976
v  7.8538 10.6687 0.1770
v  6.5386 12.4064 0.1967
v  6.0423 12.6056 0.2004
v  7.6531 11.2503 0.1908
v  7.9922 10.0524 0.1738
v  6.9745 12.1104 0.1975
v  5.5052 12.6993 0.1920
v  5.5788 13.5487 0.7097
v  6.2673 13.4218 0.6953
v  6.9504 13.1595 0.6771
v  7.5428 12.7872 0.6680
v  8.0387 12.2869 0.6640
v  8.4063 11.6952 0.6680
v  8.6680 11.0010 0.6733
v  8.8485 10.2940 0.6767
v  5.5753 13.4512 0.6995
v  6.2579 13.3327 0.6860
v  6.8946 13.0858 0.6711
v  7.4744 12.7149 0.6628
v  7.9597 12.2225 0.6596
v  8.3300 11.6421 0.6635
v  8.5768 10.9895 0.6681
v  8.7498 10.2805 0.6711
v  7.5428 14.6864 1.7467
v  7.5428 14.6906 1.7613
v  7.5428 14.6979 1.7754
v  7.5428 14.7081 1.7880
v  7.5428 14.7207 1.7982
v  7.5428 14.7347 1.8055
v  7.5428 14.7494 1.8097
v  7.5428 14.8970 1.8096
v  7.5428 14.9118 1.8053
v  7.5428 14.9258 1.7979
v  7.5428 14.9380 1.7880
v  7.5428 14.9479 1.7757
v  7.5428 14.9553 1.7618
v  7.5428 14.9596 1.7470
v  7.5428 14.9610 1.7323
v  7.5410 14.5475 0.8168
v  7.5425 14.5753 0.8278
v  7.5432 14.6033 0.8448
v  7.5431 14.6289 0.8670
v  7.5429 14.6508 0.8935
v  7.5428 14.6673 0.9230
v  7.5428 14.6783 0.9541
v  7.5428 14.6840 0.9854
v  7.5428 14.6850 1.7323
v  7.5428 14.8823 1.8110
v  7.5428 14.8753 1.8110
v  7.5428 14.7638 1.8110
v  7.5428 14.6850 1.0155
v  7.5428 14.7708 1.8110
v  7.5430 14.2958 0.7865
v  7.5428 14.3962 0.7969
v  11.0685 11.6951 1.7613
v  11.0643 11.6951 1.7466
v  11.1417 11.6951 1.8110
v  11.1274 11.6951 1.8097
v  11.1127 11.6951 1.8055
v  11.0986 11.6951 1.7982
v  11.0861 11.6951 1.7880
v  11.0758 11.6951 1.7754
v  11.0630 11.6951 1.0153
v  11.0608 11.6951 0.9856
v  11.0544 11.6951 0.9550
v  11.0428 11.6951 0.9246
v  11.0030 11.6951 0.8694
v  10.9754 11.6951 0.8475
v  10.9437 11.6951 0.8311
v  10.9093 11.6951 0.8206
v  10.8735 11.6951 0.8150
v  11.0257 11.6951 0.8956
v  11.3377 11.6951 1.7466
v  11.3335 11.6951 1.7613
v  11.3262 11.6951 1.7754
v  11.3159 11.6951 1.7880
v  11.3033 11.6951 1.7982
v  11.2892 11.6951 1.8055
v  11.2746 11.6951 1.8097
v  11.1487 11.6951 1.8110
v  11.0630 11.6951 1.7323
v  11.3390 11.6951 1.7323
v  11.2603 11.6951 1.8110
v  11.2533 11.6951 1.8110
v  10.6741 11.6951 0.8015
v  10.7752 11.6951 0.8083
v  -47.1375 11.1346 0.5600
v  -45.3980 11.8197 0.5173
v  -46.3301 11.5956 0.5477
v  -45.4260 12.0069 0.6156
v  -47.2257 11.2591 0.6159
v  -46.3973 11.7495 0.6171
v  -47.0588 11.0228 0.4752
v  -46.2723 11.4644 0.4452
v  -45.3744 11.6659 0.3749
v  -45.4400 12.1086 0.6450
v  -47.2733 11.3251 0.6320
v  -46.4332 11.8323 0.6376
v  -47.1799 11.1947 0.5913
v  -46.3625 11.6695 0.5867
v  -45.4119 11.9103 0.5728
v  -45.3854 11.7367 0.4497
v  -47.0969 11.0770 0.5212
v  -46.2997 11.5264 0.4998
v  -47.0235 10.9723 0.4222
v  -46.2469 11.4074 0.3834
v  -45.3647 11.6034 0.2879
v  -47.4117 11.5411 0.6449
v  -46.5523 12.1012 0.6561
v  -45.4993 12.4090 0.6736
v  -47.3794 11.4662 0.6425
v  -46.5095 12.0077 0.6510
v  -45.4698 12.3169 0.6676
v  -8.1540 12.6308 0.4906
v  -8.1568 12.8340 0.6194
v  -8.1533 12.4769 0.3037
v  -8.1589 12.9476 0.6593
v  -8.1549 12.7277 0.5629
v  -8.1533 12.5463 0.4025
v  -8.1537 12.4226 0.1943
v  -8.1619 14.7638 1.8110
v  -8.1619 14.6850 1.0163
v  -8.1619 14.7708 1.8110
v  -8.1619 14.6864 1.7469
v  -8.1619 14.6907 1.7616
v  -8.1619 14.6980 1.7756
v  -8.1619 14.7081 1.7880
v  -8.1619 14.7205 1.7980
v  -8.1619 14.7345 1.8053
v  -8.1619 14.7492 1.8096
v  -8.1619 14.8970 1.8096
v  -8.1619 14.9118 1.8053
v  -8.1619 14.9258 1.7979
v  -8.1619 14.9380 1.7880
v  -8.1619 14.9479 1.7757
v  -8.1619 14.9553 1.7618
v  -8.1619 14.9596 1.7470
v  -8.1619 14.9610 1.7323
v  -8.1619 14.5384 0.8168
v  -8.1619 14.5699 0.8271
v  -8.1619 14.6005 0.8438
v  -8.1619 14.6279 0.8664
v  -8.1619 14.6504 0.8935
v  -8.1619 14.6671 0.9235
v  -8.1619 14.6779 0.9549
v  -8.1619 14.6834 0.9862
v  -8.1619 14.6850 1.7323
v  -8.1619 14.8823 1.8110
v  -8.1619 14.8753 1.8110
v  -8.1589 13.2794 0.6991
v  -8.1619 14.2943 0.7908
v  -8.1607 13.1795 0.6903
v  -8.1619 14.3951 0.8002
v  -50.8019 14.7638 1.8110
v  -50.8019 14.6850 1.0186
v  -54.1352 11.2526 1.7466
v  -54.1339 11.2526 1.7323
v  -54.1983 11.2526 1.8097
v  -54.1836 11.2526 1.8055
v  -54.1695 11.2526 1.7982
v  -54.1569 11.2526 1.7880
v  -54.1467 11.2526 1.7754
v  -54.1394 11.2526 1.7613
v  -54.3455 11.2526 1.8097
v  -54.3311 11.2526 1.8110
v  -54.4099 11.2526 1.7323
v  -54.4085 11.2526 1.7466
v  -54.4043 11.2526 1.7613
v  -54.3970 11.2526 1.7754
v  -54.3868 11.2526 1.7880
v  -54.3742 11.2526 1.7982
v  -54.3601 11.2526 1.8055
v  -54.1316 11.2526 0.9894
v  -54.1251 11.2526 0.9593
v  -54.1134 11.2526 0.9295
v  -54.0963 11.2526 0.9012
v  -54.0737 11.2526 0.8751
v  -54.0459 11.2526 0.8530
v  -54.0134 11.2526 0.8359
v  -53.9782 11.2526 0.8253
v  -54.3241 11.2526 1.8110
v  -50.8019 14.7708 1.8110
v  -50.8019 14.6850 1.7323
v  -50.8019 14.8823 1.8110
v  -50.8019 14.6865 1.7475
v  -50.8019 14.6910 1.7624
v  -50.8019 14.6984 1.7761
v  -50.8019 14.7081 1.7880
v  -50.8019 14.7199 1.7977
v  -50.8019 14.7337 1.8050
v  -50.8019 14.7486 1.8095
v  -50.8019 14.8970 1.8096
v  -50.8019 14.9118 1.8053
v  -50.8019 14.9258 1.7979
v  -50.8019 14.9380 1.7880
v  -50.8019 14.9479 1.7757
v  -50.8019 14.9553 1.7618
v  -50.8019 14.9596 1.7470
v  -50.8019 14.9610 1.7323
v  -50.8019 14.5353 0.8241
v  -50.8019 14.5663 0.8338
v  -50.8019 14.5967 0.8496
v  -50.8019 14.6242 0.8712
v  -50.8019 14.6470 0.8972
v  -50.8019 14.6644 0.9263
v  -50.8019 14.6763 0.9569
v  -50.8019 14.6828 0.9880
v  -50.8019 14.8753 1.8110
v  -54.2126 11.2526 1.8110
v  -54.1339 11.2526 1.0188
v  -53.9416 11.2526 0.8201
v  -54.2196 11.2526 1.8110
v  -50.8019 14.2912 0.8082
v  -53.7418 11.2526 0.8129
v  -50.8019 14.3922 0.8130
v  -53.8430 11.2526 0.8165
v  -43.5643 4.5560 -6.6273
v  -44.1513 2.3374 -6.5738
v  -43.9081 3.4575 -6.6087
v  -44.3005 1.1770 -6.5179
v  -45.6883 7.1283 -3.0725
v  -46.5629 4.9158 -3.0999
v  -47.1324 2.4944 -3.0688
v  -46.1288 6.1216 -3.0974
v  -46.8970 3.7123 -3.0877
v  -47.2703 1.2532 -3.0459
v  -45.1641 8.1323 -3.0401
v  -47.3277 7.4279 -1.3132
v  -48.2180 5.0748 -1.3214
v  -48.7781 2.5669 -1.3014
v  -42.9576 8.8856 -4.6414
v  -47.7962 6.3082 -1.3234
v  -48.5460 3.8283 -1.3126
v  -48.9102 1.2883 -1.2935
v  -46.7740 8.5261 -1.2978
v  -44.1811 6.8092 -4.7933
v  -45.0349 4.7428 -4.8381
v  -45.6130 2.4157 -4.7961
v  -44.5876 5.9166 -4.8289
v  -45.3742 3.5862 -4.8224
v  -45.7566 1.2152 -4.7580
v  -43.6902 7.7173 -4.7463
v  -48.1607 7.5841 -0.4473
v  -49.0615 5.1592 -0.4477
v  -49.6184 2.6056 -0.4343
v  -48.6446 6.4072 -0.4510
v  -49.3872 3.8899 -0.4413
v  -49.7481 1.3070 -0.4342
v  -47.5926 8.7309 -0.4414
v  -44.9315 6.9671 -3.9298
v  -45.7955 4.8282 -3.9658
v  -46.3687 2.4545 -3.9289
v  -45.3550 6.0178 -3.9602
v  -46.1318 3.6484 -3.9516
v  -46.5094 1.2340 -3.8985
v  -44.4233 7.9224 -3.8893
v  -46.5019 7.2751 -2.1867
v  -47.3832 4.9934 -2.2037
v  -47.9470 2.5297 -2.1774
v  -43.6893 9.0994 -3.8175
v  -46.9559 6.2123 -2.2039
v  -47.7138 3.7688 -2.1929
v  -48.0818 1.2703 -2.1618
v  -45.9638 8.3261 -2.1634
v  -43.4427 6.6577 -5.6682
v  -44.2887 4.6623 -5.7231
v  -44.8749 2.3792 -5.6784
v  -43.8341 5.8216 -5.7104
v  -44.6330 3.5279 -5.7075
v  -45.0226 1.1975 -5.6337
v  -42.9666 7.5184 -5.6128
v  -42.8168 4.6910 -7.8462
v  -42.2190 5.9088 -7.8467
v  -43.2494 3.4573 -7.8347
v  -43.6481 1.1780 -7.7754
v  -43.4981 2.3523 -7.8271
v  -43.1420 4.5972 -7.2425
v  -43.7771 2.3310 -7.1764
v  -43.5345 3.4513 -7.1980
v  -43.9245 1.1705 -7.1222
v  -39.0215 8.9704 -6.2655
v  -25.3130 10.4994 -4.0576
v  -40.7593 8.4656 -6.5454
v  -37.0699 9.1881 -5.9511
v  -40.0823 9.0056 -6.4363
v  -39.9103 8.7935 -6.4086
v  -41.1347 8.1543 -6.5993
v  -41.6653 7.6647 -6.6439
v  -42.1642 7.1036 -6.6588
v  -39.3940 9.2959 -6.3255
v  -37.1529 9.6546 -5.9645
v  -14.5591 11.4750 -2.2591
v  -9.1930 11.9628 -1.2769
v  -41.6767 9.2171 -5.4739
v  -42.4630 9.4323 -4.5932
v  -43.1814 9.6365 -3.8050
v  -43.9383 9.8539 -2.9803
v  -41.0558 9.6878 -5.3679
v  -41.8016 9.9131 -4.5220
v  -42.4906 10.1291 -3.7544
v  -43.2149 10.3586 -2.9486
v  -43.9465 10.5830 -2.1604
v  -44.6711 10.8112 -1.3790
v  -46.8876 9.9298 -0.4315
v  -46.0382 9.7143 -1.3026
v  -45.2274 9.5145 -2.1389
v  -44.4207 9.3051 -3.0056
v  -42.1903 8.6642 -5.5308
v  -44.7082 10.0810 -2.1527
v  -45.4665 10.3046 -1.3468
v  -46.3294 10.5530 -0.4654
v  -45.4825 11.0934 -0.4963
v  -38.2800 9.5230 -6.1460
v  -38.0479 9.0788 -6.1087
v  -37.7953 10.3914 -4.8541
v  -38.3830 10.5783 -4.1004
v  -38.9063 10.7461 -3.4302
v  -39.4597 10.9251 -2.7218
v  -40.0203 11.1091 -2.0052
v  -40.4846 11.2616 -1.4116
v  -41.1768 11.4935 -0.5283
v  -44.2486 11.3810 -0.5403
v  -43.4277 11.1033 -1.4725
v  -42.8120 10.8987 -2.1733
v  -42.1430 10.6764 -2.9417
v  -41.5015 10.4617 -3.6942
v  -40.8839 10.2552 -4.4241
v  -40.2074 10.0328 -5.2318
v  -39.0162 10.2572 -5.0459
v  -39.6447 10.4564 -4.2672
v  -40.2065 10.6368 -3.5724
v  -40.7996 10.8280 -2.8392
v  -41.4003 11.0263 -2.0986
v  -41.9210 11.1981 -1.4566
v  -42.6579 11.4446 -0.5489
v  -37.2003 10.0204 -5.8421
v  -25.2533 10.1216 -4.1903
v  -41.2990 8.3535 -6.5314
v  -39.4911 9.6198 -6.2355
v  -25.3891 10.8462 -3.9508
v  -37.0031 8.8108 -6.0809
v  -40.2311 9.2909 -6.3666
v  -38.9539 8.5766 -6.4099
v  -39.7781 8.4332 -6.5258
v  -40.5685 8.1175 -6.6618
v  -40.9857 7.8859 -6.7167
v  -41.7860 7.7725 -6.5701
v  -41.5237 7.5020 -6.7598
v  -42.2498 7.1453 -6.5935
v  -42.0962 6.9757 -6.7602
v  -14.5080 11.2731 -2.4081
v  -14.6257 11.6423 -2.1335
v  -9.1541 11.8489 -1.4160
v  -9.2270 12.0469 -1.1658
v  -40.8129 8.8269 -6.4729
v  -38.3764 9.8724 -6.0399
v  -37.9665 8.7002 -6.2388
v  -42.4932 6.6698 -6.6519
v  -42.4486 6.5854 -6.7339
v  -42.5424 6.6953 -6.6010
v  -37.8020 7.6492 -11.0454
v  -39.6243 7.1025 -11.1171
v  -41.0658 5.8997 -11.1256
v  -40.0150 7.9101 -7.5957
v  -39.6200 7.7523 -8.7507
v  -37.9895 7.7999 -10.1849
v  -38.1730 7.9359 -9.4018
v  -38.3514 8.0736 -8.6116
v  -38.6764 8.2851 -7.3736
v  -39.3462 7.6617 -9.5061
v  -39.0153 7.5711 -10.2978
v  -41.1225 7.2908 -7.5902
v  -40.5876 7.2401 -8.7678
v  -40.2780 7.2014 -9.5256
v  -39.9231 7.1616 -10.3384
v  -41.8484 6.6865 -7.4744
v  -41.3559 6.6030 -8.7058
v  -42.5977 5.8461 -7.2126
v  -41.0493 6.6106 -9.4718
v  -40.7107 6.6099 -10.3014
v  -31.2333 10.0779 -5.0110
v  -31.1915 9.8437 -5.0044
v  -19.8061 11.0112 -3.1528
v  -31.2953 10.4366 -4.9006
v  -31.1224 9.4729 -5.1300
v  -19.8064 10.7248 -3.2920
v  -19.8064 11.2656 -3.0158
v  -25.2863 10.2927 -4.1014
v  -37.0400 8.9869 -5.9892
v  -38.9896 8.7597 -6.3086
v  -39.8449 8.6016 -6.4403
v  -40.6579 8.2764 -6.5782
v  -41.0537 8.0144 -6.6423
v  -41.5879 7.5817 -6.6938
v  -42.1223 7.0431 -6.7067
v  -14.5308 11.3681 -2.3265
v  -9.1735 11.9022 -1.3441
v  -38.0097 8.8768 -6.1464
v  -42.4670 6.6299 -6.6924
v  -19.8062 10.8601 -3.2112
v  -31.1597 9.6463 -5.0412
v  -25.2097 9.9964 -4.3363
v  -36.9617 8.6832 -6.2291
v  -38.9150 8.4576 -6.5561
v  -39.7205 8.3080 -6.6693
v  -40.5056 8.0097 -6.7886
v  -40.9234 7.7789 -6.8431
v  -41.4741 7.4183 -6.8631
v  -42.0767 6.9128 -6.8278
v  -14.4852 11.2011 -2.5154
v  -9.1344 11.8107 -1.5001
v  -37.9310 8.5732 -6.3880
v  -42.4345 6.5462 -6.7752
v  -31.0840 9.3413 -5.2797
v  -19.8064 10.6144 -3.4218
v  -39.4400 9.4642 -6.3061
v  -25.3486 10.6917 -4.0287
v  -40.1595 9.1553 -6.4242
v  -14.5920 11.5646 -2.2034
v  -9.2081 12.0089 -1.2231
v  -38.3365 9.7090 -6.1225
v  -37.1726 9.8529 -5.9320
v  -31.2626 10.2707 -4.9845
v  -19.8064 11.1471 -3.1002
v  -37.2315 10.1484 -5.7034
v  -41.3874 8.4129 -6.4633
v  -42.2980 7.1581 -6.5508
v  -39.5431 9.7470 -6.1189
v  -25.4315 10.9604 -3.8424
v  -40.3056 9.3942 -6.2773
v  -41.8526 7.8144 -6.5112
v  -40.8892 8.9232 -6.3973
v  -14.6534 11.7053 -2.0499
v  -9.2454 12.0767 -1.1052
v  -38.3993 10.0012 -5.9092
v  -42.5763 6.6998 -6.5736
v  -19.8064 11.3564 -2.9132
v  -31.3313 10.5585 -4.7805
v  -41.7244 7.7249 -6.6118
v  -40.7660 8.6606 -6.5276
v  -41.2213 8.2745 -6.5743
v  -42.2059 7.1294 -6.6277
v  -42.5171 6.6885 -6.6251
v  -38.5214 8.1951 -7.9075
v  -39.8494 7.8343 -8.0976
v  -40.8704 7.2657 -8.1017
v  -41.6243 6.6153 -8.0189
v  -3.8474 12.7203 0.4883
v  -3.8512 12.9234 0.6196
v  -3.8465 12.5677 0.3001
v  -3.8540 13.0379 0.6605
v  -3.8488 12.8167 0.5616
v  -3.8466 12.6362 0.3997
v  -3.8471 12.5150 0.1914
v  -3.8581 14.6864 1.7468
v  -3.8581 14.6907 1.7615
v  -3.8581 14.6980 1.7755
v  -3.8581 14.7081 1.7880
v  -3.8581 14.7205 1.7981
v  -3.8581 14.7345 1.8054
v  -3.8581 14.7493 1.8097
v  -3.8581 14.8970 1.8096
v  -3.8581 14.9118 1.8053
v  -3.8581 14.9258 1.7979
v  -3.8581 14.9380 1.7880
v  -3.8581 14.9479 1.7757
v  -3.8581 14.9553 1.7618
v  -3.8581 14.9596 1.7470
v  -3.8581 14.9610 1.7323
v  -3.8566 14.5491 0.8191
v  -3.8575 14.5785 0.8304
v  -3.8582 14.6066 0.8474
v  -3.8583 14.6316 0.8696
v  -3.8582 14.6522 0.8958
v  -3.8581 14.6678 0.9249
v  -3.8581 14.6781 0.9555
v  -3.8581 14.6835 0.9863
v  -3.8581 14.6850 1.7323
v  -3.8581 14.8823 1.8110
v  -3.8581 14.8753 1.8110
v  -3.8581 14.2946 0.7893
v  -3.8564 13.2728 0.6937
v  -3.8581 14.7638 1.8110
v  -3.8581 14.6850 1.0161
v  -3.8581 14.7708 1.8110
v  -3.8540 13.3726 0.7031
v  -3.8581 14.3957 0.7992
v  8.9330 2.4432 -0.1685
v  8.7404 4.8836 -0.1743
v  8.4197 7.3151 -0.1815
v  5.1985 12.6221 -0.1772
v  -20.5907 12.0522 -0.1582
v  5.6246 12.5993 -0.1569
v  7.3580 11.5419 -0.1582
v  7.7996 10.4860 -0.1855
v  6.5884 12.2568 -0.1535
v  6.1261 12.4760 -0.1525
v  7.6278 11.0572 -0.1711
v  7.9382 9.8815 -0.1886
v  7.0011 11.9471 -0.1584
v  -8.1530 12.3298 -0.1636
v  -48.6535 7.6780 0.0535
v  -49.5611 5.2103 0.0571
v  -50.1166 2.6290 0.0663
v  -50.3028 -0.0000 0.0809
v  -49.1467 6.4673 0.0534
v  -49.8858 3.9273 0.0620
v  -50.2453 1.3185 0.0616
v  -48.0760 8.8531 0.0547
v  -47.3923 10.0285 0.0589
v  -46.8833 10.6242 0.0239
v  -45.9740 11.2308 -0.0081
v  -44.6262 11.5113 -0.1080
v  -42.9659 11.5480 -0.1695
v  4.7204 3.7586 -13.6344
v  4.4094 5.8724 -13.5940
v  -5.4368 8.1620 -13.5142
v  -10.5640 7.9236 -13.4303
v  -37.7239 5.9150 -12.4819
v  -38.7480 7.4652 -11.0905
v  -40.4127 6.5676 -11.1312
v  -39.7916 4.8429 -12.4097
v  -39.3810 5.2587 -12.4240
v  -38.8882 5.5851 -12.4412
v  -38.3292 5.8080 -12.4607
v  -43.0295 1.3587 -10.8908
v  -40.3499 4.0425 -12.3897
v  -41.3735 1.1050 -12.3535
v  -41.7504 4.9415 -11.0580
v  3.2674 8.4704 -13.5034
v  3.2100 10.1470 -12.0692
v  4.0969 7.7186 -13.5297
v  5.8020 8.0007 -12.0953
v  4.8844 9.5523 -12.1683
v  3.8101 8.2738 -13.5102
v  3.5586 8.4240 -13.5048
v  4.1019 9.9955 -12.1437
v  5.4749 8.8559 -12.1391
v  3.9960 8.0276 -13.5188
v  4.5142 9.8066 -12.1623
v  3.6934 8.3595 -13.5071
v  3.4155 8.4594 -13.5037
v  3.6637 10.1085 -12.1035
v  3.9115 8.1631 -13.5141
v  5.2067 9.2339 -12.1608
v  5.6711 8.4413 -12.1108
v  4.0563 7.8770 -13.5241
v  3.2350 9.5588 -13.0798
v  5.1991 7.9187 -13.1208
v  5.8096 3.8677 -13.2060
v  5.5828 5.8907 -13.1516
v  -5.4723 9.2431 -13.1026
v  -10.6294 9.0472 -13.0235
v  -37.7994 7.0366 -12.0754
v  -38.6012 6.8654 -12.0693
v  -39.3605 6.5401 -12.0612
v  -42.4290 1.2666 -11.9375
v  -41.2468 4.6011 -11.9918
v  -40.5968 5.4998 -12.0373
v  -40.0321 6.0784 -12.0501
v  4.4909 9.0891 -13.1185
v  3.8967 9.4300 -13.1039
v  4.9429 8.5581 -13.1222
v  4.2098 9.2841 -13.1118
v  3.5713 9.5220 -13.0900
v  4.7366 8.8459 -13.1237
v  5.0961 8.2466 -13.1202
v  3.2506 9.0698 -13.3750
v  4.7023 7.8323 -13.4129
v  5.3207 3.8186 -13.5046
v  -5.4552 8.7417 -13.3974
v  -10.6032 8.5413 -13.3157
v  -37.7705 6.5314 -12.3672
v  -38.4802 6.3864 -12.3491
v  -39.1480 6.1054 -12.3319
v  -40.8470 4.3530 -12.2674
v  -40.2311 5.1991 -12.2994
v  -39.7374 5.7040 -12.3155
v  5.0792 5.8884 -13.4613
v  -41.9355 1.1942 -12.2341
v  4.1823 8.7215 -13.3939
v  3.7431 8.9746 -13.3843
v  4.5145 8.3191 -13.4038
v  3.9751 8.8667 -13.3876
v  3.5009 9.0428 -13.3786
v  4.3621 8.5369 -13.3998
v  4.6267 8.0818 -13.4082
v  5.9544 5.8896 -12.6996
v  -42.8066 1.3222 -11.4861
v  4.7321 9.3748 -12.7030
v  4.0210 9.7805 -12.6831
v  5.2734 8.7439 -12.6932
v  4.3954 9.6068 -12.6960
v  3.6283 9.8883 -12.6568
v  5.0270 9.0866 -12.7036
v  5.4566 8.3719 -12.6801
v  3.2224 9.9305 -12.6363
v  5.5789 7.9781 -12.6729
v  6.1803 3.9050 -12.7570
v  -5.4819 9.6274 -12.6524
v  -10.6429 9.4331 -12.5742
v  -37.8120 7.4230 -11.6262
v  -38.6935 7.2372 -11.6416
v  -39.5259 6.8839 -11.6506
v  -41.5563 4.7991 -11.5846
v  -40.8829 5.7401 -11.6395
v  -40.2632 6.3769 -11.6492
v  3.2591 8.7770 -13.4648
v  -43.0358 -0.0000 -11.1640
v  4.4059 7.7776 -13.4977
v  5.0275 3.7894 -13.5954
v  6.0825 5.8889 -12.4223
v  -5.4493 8.4733 -13.4758
v  -10.5849 8.2391 -13.4001
v  -37.7489 6.2298 -12.4516
v  -38.4069 6.1029 -12.4297
v  -39.0212 5.8501 -12.4098
v  -42.9396 1.3414 -11.2059
v  -40.6086 4.2075 -12.3511
v  -40.0161 5.0242 -12.3772
v  -39.5631 5.4853 -12.3921
v  4.8204 9.4779 -12.4451
v  4.0660 9.9015 -12.4204
v  5.3914 8.8090 -12.4260
v  4.4634 9.7217 -12.4377
v  3.6483 10.0173 -12.3889
v  5.1327 9.1738 -12.4427
v  5.5858 8.4144 -12.4069
v  3.2282 9.7590 -12.8774
v  5.4035 7.9517 -12.9173
v  6.0096 3.8879 -13.0011
v  5.3519 5.8916 -13.3222
v  -5.4779 9.4502 -12.8979
v  -10.6378 9.2548 -12.8194
v  -37.8076 7.2445 -11.8713
v  -38.6509 7.0644 -11.8748
v  -39.4490 6.7231 -11.8745
v  -42.1992 1.2329 -12.1049
v  -41.4125 4.7061 -11.8056
v  -40.7494 5.6272 -11.8561
v  -40.1561 6.2377 -11.8683
v  4.3460 8.9168 -13.2726
v  3.8242 9.2172 -13.2612
v  4.7425 8.4461 -13.2806
v  4.0995 9.0890 -13.2670
v  3.5382 9.2983 -13.2513
v  4.5611 8.7009 -13.2786
v  4.8767 8.1697 -13.2820
v  3.2426 9.3306 -13.2442
v  4.9671 7.8793 -13.2847
v  5.5817 3.8447 -13.3723
v  -5.4646 9.0099 -13.2679
v  -10.6179 8.8110 -13.1875
v  -37.7873 6.8007 -12.2392
v  -38.5449 6.6415 -12.2275
v  -39.2613 6.3362 -12.2142
v  -41.0607 4.4846 -12.1467
v  -40.4248 5.3578 -12.1842
v  -39.8940 5.9021 -12.1993
v  4.7722 5.8867 -13.5547
v  -41.6413 1.1511 -12.3208
v  3.9998 8.5019 -13.4751
v  3.6533 8.7034 -13.4657
v  4.2593 8.1761 -13.4865
v  3.8372 8.6187 -13.4700
v  3.4593 8.7560 -13.4634
v  4.1394 8.3525 -13.4786
v  4.3466 7.9820 -13.4928
v  5.7841 5.8902 -12.9455
v  -42.6324 1.2964 -11.7323
v  4.6197 9.2420 -12.9290
v  3.9624 9.6179 -12.9119
v  5.1201 8.6575 -12.9270
v  4.3085 9.4569 -12.9220
v  3.6014 9.7188 -12.8923
v  4.8920 8.9746 -12.9325
v  5.2899 8.3141 -12.9202
v  3.2161 10.0615 -12.3632
v  5.7149 7.9949 -12.3957
v  6.3106 3.9185 -12.4811
v  -5.4842 9.7619 -12.3737
v  -10.6444 9.5702 -12.2954
v  -37.8100 7.5607 -11.3473
v  -38.7249 7.3735 -11.3762
v  -39.5845 7.0113 -11.3945
v  -41.6683 4.8736 -11.3334
v  -40.9901 5.8323 -11.3934
v  -40.3479 6.4898 -11.3998
v  -42.3886 3.7023 -10.9893
v  -40.8556 3.0386 -12.3722
v  -41.8463 3.4524 -11.9594
v  -41.4057 3.2646 -12.2455
v  -42.1833 3.6023 -11.5348
v  -41.1422 3.1546 -12.3325
v  -42.0272 3.5319 -11.7652
v  -41.6412 3.3641 -12.1198
v  -42.3048 3.6593 -11.2742
v  -41.1490 2.1888 -12.3618
v  -42.7547 2.6707 -10.9389
v  -42.1959 2.4911 -11.9323
v  -41.7325 2.3556 -12.2284
v  -42.5449 2.5989 -11.4939
v  -42.6684 2.6397 -11.2261
v  -41.9802 2.4273 -12.0970
v  -41.4537 2.2762 -12.3197
v  -42.3840 2.5483 -11.7315
v  -41.4629 11.5895 -0.1631
v  -41.3591 5.9086 -10.2783
v  -41.6585 5.9062 -9.4199
v  -41.9325 5.9088 -8.5921
v  -42.5045 4.8242 -8.6240
v  -42.2516 4.8801 -9.4422
v  -41.9907 4.9230 -10.2640
v  -43.0267 3.4836 -8.5774
v  -42.8238 3.5446 -9.3816
v  -42.6034 3.6521 -10.1879
v  -43.2946 2.4120 -8.5592
v  -43.1200 2.4947 -9.3514
v  -42.9367 2.6096 -10.1456
v  -43.4376 1.2078 -8.5012
v  -43.3196 1.2554 -9.3027
v  -43.1503 1.3140 -10.0989
v  4.8185 12.1344 -2.4586
v  5.2510 12.1067 -2.4497
v  6.9006 11.1032 -2.4461
v  7.3697 10.0667 -2.4648
v  6.1310 11.8006 -2.4324
v  5.6694 12.0064 -2.4368
v  7.1777 10.6193 -2.4529
v  7.5051 9.4839 -2.4721
v  6.5458 11.4998 -2.4369
v  -5.0151 11.8803 -2.4936
v  4.4133 11.6299 -4.8408
v  4.0157 11.1347 -7.2298
v  3.6128 10.6409 -9.6495
v  4.0594 10.6042 -9.6726
v  4.4554 11.1003 -7.2409
v  4.8500 11.6014 -4.8212
v  4.4908 10.4937 -9.6974
v  4.8808 10.9957 -7.2515
v  5.2735 11.5067 -4.8006
v  4.9154 10.3043 -9.7082
v  5.3157 10.8018 -7.2538
v  5.7199 11.3057 -4.8012
v  5.2960 10.0380 -9.7155
v  5.7060 10.5218 -7.2621
v  6.1234 11.0143 -4.8118
v  5.6255 9.7000 -9.7119
v  6.0422 10.1647 -7.2625
v  6.4683 10.6374 -4.8163
v  5.8949 9.2955 -9.6981
v  6.3127 9.7344 -7.2564
v  6.7411 10.1797 -4.8178
v  6.0898 8.8466 -9.6810
v  6.5053 9.2510 -7.2502
v  6.9328 9.6603 -4.8223
v  6.2194 8.3698 -9.6716
v  6.6368 8.7392 -7.2478
v  7.0681 9.1123 -4.8271
v  -14.8504 14.7638 1.8110
v  -14.8504 14.6850 1.0167
v  -14.8504 14.7708 1.8110
v  -14.8488 13.1380 0.6951
v  -14.8504 14.3941 0.8017
v  -14.8464 12.4942 0.4950
v  -14.8478 12.6978 0.6204
v  -14.8460 12.3366 0.3106
v  -14.8488 12.8107 0.6581
v  -14.8469 12.5918 0.5665
v  -14.8461 12.4079 0.4084
v  -14.8462 12.2795 0.1999
v  -14.8504 14.6864 1.7470
v  -14.8504 14.6908 1.7617
v  -14.8504 14.6981 1.7757
v  -14.8504 14.7081 1.7880
v  -14.8504 14.7204 1.7980
v  -14.8504 14.7343 1.8053
v  -14.8504 14.7491 1.8096
v  -14.8504 14.8970 1.8096
v  -14.8504 14.9118 1.8053
v  -14.8504 14.9258 1.7979
v  -14.8504 14.9380 1.7880
v  -14.8504 14.9479 1.7757
v  -14.8504 14.9553 1.7618
v  -14.8504 14.9596 1.7470
v  -14.8504 14.9610 1.7323
v  -14.8504 14.5381 0.8174
v  -14.8504 14.5696 0.8276
v  -14.8504 14.6002 0.8443
v  -14.8504 14.6276 0.8668
v  -14.8504 14.6501 0.8939
v  -14.8504 14.6669 0.9240
v  -14.8504 14.6777 0.9553
v  -14.8504 14.6834 0.9866
v  -14.8504 14.6850 1.7323
v  -14.8504 14.8823 1.8110
v  -14.8504 14.8753 1.8110
v  -14.8504 14.2938 0.7930
v  -14.8497 13.0382 0.6861
v  -14.8453 12.1829 -0.1613
v  -26.5706 12.2523 0.5009
v  -26.5705 12.4568 0.6211
v  -26.5706 12.0892 0.3201
v  -26.5706 12.5685 0.6554
v  -26.5706 12.3519 0.5700
v  -26.5706 12.1632 0.4162
v  -26.5706 12.0281 0.2081
v  -26.5746 14.6850 1.7323
v  -26.5746 14.8823 1.8110
v  -26.5746 14.6865 1.7471
v  -26.5746 14.6909 1.7619
v  -26.5746 14.6982 1.7758
v  -26.5746 14.7081 1.7880
v  -26.5746 14.7202 1.7979
v  -26.5746 14.7341 1.8052
v  -26.5746 14.7489 1.8096
v  -26.5746 14.8970 1.8096
v  -26.5746 14.9118 1.8053
v  -26.5746 14.9258 1.7979
v  -26.5746 14.9380 1.7880
v  -26.5746 14.9479 1.7757
v  -26.5746 14.9553 1.7618
v  -26.5746 14.9596 1.7470
v  -26.5746 14.9610 1.7323
v  -26.5746 14.5375 0.8185
v  -26.5746 14.5689 0.8287
v  -26.5746 14.5995 0.8452
v  -26.5746 14.6268 0.8678
v  -26.5746 14.6492 0.8948
v  -26.5746 14.6660 0.9248
v  -26.5746 14.6772 0.9560
v  -26.5746 14.6831 0.9872
v  -26.5746 14.8753 1.8110
v  -26.5746 14.2930 0.7961
v  -26.5712 12.7895 0.6802
v  -26.5746 14.7638 1.8110
v  -26.5746 14.6850 1.0173
v  -26.5746 14.7708 1.8110
v  -26.5719 12.8893 0.6885
v  -26.5746 14.3934 0.8039
v  -26.5691 11.9180 -0.1544
v  -36.6462 14.7638 1.8110
v  -36.6462 14.6850 1.0179
v  -36.6462 14.7708 1.8110
v  -36.6380 12.6748 0.6823
v  -36.6462 14.3941 0.8055
v  -36.6341 12.0423 0.5034
v  -36.6341 12.2473 0.6202
v  -36.6341 11.8759 0.3246
v  -36.6342 12.3582 0.6523
v  -36.6341 12.1431 0.5710
v  -36.6341 11.9514 0.4196
v  -36.6341 11.8126 0.2129
v  -36.6462 14.6850 1.7323
v  -36.6462 14.8823 1.8110
v  -36.6462 14.6865 1.7473
v  -36.6462 14.6909 1.7621
v  -36.6462 14.6983 1.7759
v  -36.6462 14.7081 1.7880
v  -36.6462 14.7201 1.7978
v  -36.6462 14.7340 1.8051
v  -36.6462 14.7488 1.8096
v  -36.6462 14.8970 1.8096
v  -36.6462 14.9118 1.8053
v  -36.6462 14.9258 1.7979
v  -36.6462 14.9380 1.7880
v  -36.6462 14.9479 1.7757
v  -36.6462 14.9553 1.7618
v  -36.6462 14.9596 1.7470
v  -36.6462 14.9610 1.7323
v  -36.6462 14.5370 0.8189
v  -36.6462 14.5682 0.8295
v  -36.6462 14.5984 0.8465
v  -36.6462 14.6256 0.8688
v  -36.6462 14.6484 0.8955
v  -36.6462 14.6660 0.9250
v  -36.6462 14.6774 0.9562
v  -36.6462 14.6835 0.9875
v  -36.6462 14.8753 1.8110
v  -36.6462 14.2924 0.7980
v  -36.6360 12.5750 0.6755
v  -36.5319 11.6989 -0.1575
v  -32.4408 10.8546 -3.6961
v  -25.6252 11.1638 -3.2220
v  -33.9112 11.1554 -2.4235
v  -26.0064 11.4700 -1.9837
v  -20.5907 11.6803 -1.6811
v  -14.7352 11.9030 -1.3505
v  -35.3617 11.4555 -1.1692
v  -26.3919 11.7756 -0.7300
v  -20.5907 11.9823 -0.4453
v  -36.2466 11.6363 -0.4032
v  -5.4862 9.8466 -12.0831
v  -5.2470 11.3620 -4.8144
v  -5.2898 10.8359 -7.2286
v  -5.3876 10.3313 -9.6442
v  -10.7023 11.0344 -4.8244
v  -10.6426 10.5752 -7.2323
v  -10.6441 10.1079 -9.6571
v  -10.6421 9.6578 -11.9939
v  -19.7940 8.9810 -11.6743
v  -19.8064 10.3064 -4.7902
v  -19.8099 9.8397 -7.2108
v  -19.8126 9.3729 -9.6323
v  -25.1191 8.5872 -11.4883
v  -25.1594 9.4078 -7.2121
v  -25.1632 8.9407 -9.6348
v  -31.0364 8.1495 -11.2817
v  -31.1012 8.9067 -7.3249
v  -31.0766 8.4635 -9.6354
v  -9.9692 11.5113 -2.6561
v  -15.1977 9.3209 -11.8348
v  -15.2549 10.2094 -7.1997
v  -15.2219 9.7442 -9.6276
v  -15.2829 10.6640 -4.8286
v  -31.0431 8.0614 -11.5835
v  -31.0442 7.9239 -11.8624
v  -31.0397 7.7454 -12.1076
v  -31.0314 7.5375 -12.3117
v  -31.0194 7.3015 -12.4755
v  -31.0032 7.0320 -12.6035
v  -30.9824 6.7303 -12.6879
v  -30.9583 6.4154 -12.7181
v  -25.1245 8.4992 -11.7901
v  -25.1249 8.3618 -12.0689
v  -25.1202 8.1834 -12.3141
v  -25.1119 7.9756 -12.5183
v  -25.1001 7.7395 -12.6821
v  -25.0842 7.4699 -12.8102
v  -25.0642 7.1680 -12.8945
v  -25.0410 6.8530 -12.9248
v  -19.7983 8.8931 -11.9760
v  -19.7980 8.7558 -12.2548
v  -19.7931 8.5775 -12.5000
v  -19.7848 8.3697 -12.7041
v  -19.7731 8.1336 -12.8680
v  -19.7577 7.8640 -12.9961
v  -19.7382 7.5620 -13.0805
v  -19.7159 7.2468 -13.1107
v  -15.2010 9.2332 -12.1364
v  -15.2001 9.0960 -12.4152
v  -15.1951 8.9176 -12.6604
v  -15.1867 8.7100 -12.8646
v  -15.1751 8.4738 -13.0285
v  -15.1600 8.2042 -13.1566
v  -15.1412 7.9020 -13.2410
v  -15.1196 7.5867 -13.2712
v  -36.7471 7.7272 -11.0822
v  -36.7549 7.6389 -11.3842
v  -36.7567 7.5013 -11.6631
v  -36.7524 7.3228 -11.9082
v  -36.7442 7.1148 -12.1124
v  -36.7321 6.8789 -12.2761
v  -36.7153 6.6095 -12.4041
v  -36.6939 6.3078 -12.4884
v  -36.6690 5.9930 -12.5187
v  -35.3583 7.8299 -11.1307
v  -35.3658 7.7417 -11.4327
v  -35.3675 7.6041 -11.7116
v  -35.3631 7.4255 -11.9567
v  -35.3549 7.2176 -12.1609
v  -35.3428 6.9816 -12.3246
v  -35.3262 6.7122 -12.4526
v  -35.3049 6.4105 -12.5369
v  -35.2802 6.0957 -12.5672
v  3.8523 10.3594 -10.8948
v  4.2818 10.2492 -10.9186
v  4.7083 10.0596 -10.9369
v  5.0896 9.7962 -10.9438
v  5.4192 9.4642 -10.9377
v  5.6896 9.0698 -10.9170
v  5.8859 8.6393 -10.8848
v  6.0160 8.1903 -10.8525
v  3.4069 10.3911 -10.8742
v  -5.4442 10.0886 -10.8609
v  -10.6406 9.8829 -10.8264
v  -19.7998 9.1771 -10.6541
v  -25.1374 8.7641 -10.5623
v  -31.0604 8.3102 -10.4376
v  -15.2065 9.5327 -10.7321
v  3.8102 10.8874 -8.4423
v  4.2565 10.8519 -8.4580
v  4.6880 10.7439 -8.4743
v  5.1153 10.5501 -8.4804
v  5.4990 10.2762 -8.4878
v  5.8328 9.9319 -8.4870
v  6.1043 9.5169 -8.4777
v  6.2977 9.0502 -8.4659
v  6.4282 8.5542 -8.4597
v  -5.3372 10.5772 -8.4351
v  -10.6440 10.3381 -8.4440
v  -19.8140 9.6027 -8.4209
v  -25.1661 9.1739 -8.4235
v  -31.0868 8.6949 -8.4302
v  -15.2223 9.9746 -8.4137
v  4.2157 11.3798 -6.0290
v  4.6524 11.3472 -6.0282
v  5.0753 11.2469 -6.0262
v  5.5144 11.0487 -6.0259
v  5.9104 10.7633 -6.0353
v  6.2495 10.3962 -6.0374
v  6.5207 9.9531 -6.0353
v  6.7134 9.4532 -6.0348
v  6.8471 8.9247 -6.0363
v  -5.2746 11.1009 -6.0065
v  -10.7079 10.8074 -6.0000
v  -19.8097 10.1282 -5.7138
v  -25.1696 9.7261 -5.5559
v  -31.0730 9.0899 -6.3858
v  -15.2681 10.4578 -5.9049
v  -36.6878 8.4963 -7.1154
v  -36.4874 8.3958 -7.7211
v  -36.2103 8.2569 -8.5582
v  -35.9073 8.1050 -9.4729
v  -35.6475 7.9704 -10.2804
v  -36.9698 7.8725 -10.2350
v  -37.1679 8.0115 -9.4305
v  -37.3827 8.1566 -8.5874
v  -37.5778 8.2885 -7.8211
v  -37.7232 8.3869 -7.2499
v  4.8512 1.8890 -13.6298
v  5.9057 1.9398 -13.2015
v  5.4377 1.9186 -13.5086
v  6.3107 1.9589 -12.7715
v  5.1458 1.8970 -13.5944
v  6.1059 1.9496 -12.9963
v  5.6770 1.9279 -13.3682
v  6.4476 1.9641 -12.4906
v  6.1489 5.9493 -12.1528
v  6.3891 3.9735 -12.1773
v  6.5336 1.9901 -12.1852
v  8.4073 2.4040 -2.5912
v  8.2335 4.7628 -2.5420
v  7.9377 7.0938 -2.5084
v  6.5717 6.2928 -9.7188
v  6.8263 4.2061 -9.7491
v  6.9804 2.1095 -9.7610
v  7.0125 6.5723 -7.3015
v  7.2809 4.3947 -7.3348
v  7.4437 2.2063 -7.3476
v  7.4669 6.8546 -4.8866
v  7.7510 4.5851 -4.9235
v  7.9235 2.3041 -4.9379
v  6.3617 6.1588 -10.9000
v  6.6113 4.1154 -10.9291
v  6.7628 2.0623 -10.9400
v  6.7900 6.4320 -8.5100
v  7.0510 4.3001 -8.5417
v  7.2091 2.1578 -8.5538
v  7.2348 6.7128 -6.0928
v  7.5108 4.4893 -6.1278
v  7.6782 2.2548 -6.1414
v  8.8345 1.5679 -0.7787
v  8.4384 1.5821 -2.6004
v  8.2672 1.5127 -3.4258
v  8.6084 1.1736 -1.8890
v  8.5605 1.1517 -2.1133
v  8.5144 1.0867 -2.3295
v  8.4728 0.9808 -2.5295
v  8.4377 0.8374 -2.7061
v  8.4089 0.6620 -2.8515
v  8.3879 0.4603 -2.9604
v  8.3771 0.2404 -3.0283
v  8.6581 1.1517 -1.6646
v  8.7046 1.0867 -1.4479
v  8.7491 0.9810 -1.2479
v  8.8659 0.2409 -0.7493
v  8.8501 0.4610 -0.8170
v  8.8242 0.6626 -0.9261
v  8.7900 0.8378 -1.0716
v  8.6090 1.0235 -1.8890
v  8.6092 1.0305 -1.8890
v  8.6162 1.0235 -1.8890
v  8.5670 1.0043 -2.0865
v  8.5741 1.0043 -2.0865
v  8.5666 1.0112 -2.0878
v  8.5273 0.9470 -2.2772
v  8.5345 0.9470 -2.2772
v  8.5267 0.9536 -2.2796
v  8.4915 0.8538 -2.4534
v  8.4986 0.8538 -2.4534
v  8.4906 0.8598 -2.4570
v  8.4605 0.7274 -2.6090
v  8.4676 0.7274 -2.6090
v  8.4595 0.7327 -2.6136
v  8.4355 0.5730 -2.7371
v  8.4426 0.5730 -2.7371
v  8.4342 0.5773 -2.7426
v  8.4170 0.3953 -2.8331
v  8.4241 0.3953 -2.8331
v  8.4156 0.3984 -2.8392
v  8.4057 0.2017 -2.8924
v  8.4127 0.2017 -2.8924
v  8.4043 0.2036 -2.8990
v  8.6521 1.0042 -1.6912
v  8.6523 1.0111 -1.6899
v  8.6593 1.0042 -1.6912
v  8.6945 0.9470 -1.5006
v  8.6950 0.9535 -1.4982
v  8.7017 0.9470 -1.5006
v  8.7345 0.8539 -1.3247
v  8.7352 0.8599 -1.3211
v  8.7416 0.8539 -1.3247
v  8.8376 0.2021 -0.8856
v  8.8446 0.2021 -0.8856
v  8.8389 0.2040 -0.8790
v  8.8233 0.3959 -0.9452
v  8.8304 0.3959 -0.9452
v  8.8246 0.3990 -0.9390
v  8.8005 0.5735 -1.0413
v  8.8076 0.5735 -1.0413
v  8.8016 0.5778 -1.0357
v  8.7704 0.7278 -1.1693
v  8.7775 0.7278 -1.1693
v  8.7713 0.7330 -1.1647
v  0.6901 12.9083 0.5583
v  0.6917 12.8129 0.4842
v  0.6835 13.1299 0.6603
v  0.6870 13.0151 0.6178
v  0.6928 12.7296 0.3952
v  0.6929 12.6625 0.2949
v  0.6922 12.6119 0.1873
v  0.6784 14.8753 1.8110
v  0.6784 14.7708 1.8110
v  0.6784 14.6864 1.7467
v  0.6784 14.6850 1.7323
v  0.6784 14.6906 1.7614
v  0.6784 14.6980 1.7755
v  0.6784 14.7081 1.7880
v  0.6784 14.7206 1.7981
v  0.6784 14.7346 1.8054
v  0.6784 14.7493 1.8097
v  0.6784 14.7638 1.8110
v  0.6784 14.8970 1.8096
v  0.6784 14.8823 1.8110
v  0.6784 14.9118 1.8053
v  0.6784 14.9258 1.7979
v  0.6784 14.9380 1.7880
v  0.6784 14.9479 1.7757
v  0.6784 14.9553 1.7618
v  0.6784 14.9596 1.7470
v  0.6784 14.9606 1.7322
v  0.6788 14.5532 0.8197
v  0.6789 14.5820 0.8317
v  0.6788 14.6092 0.8489
v  0.6787 14.6332 0.8708
v  0.6786 14.6530 0.8965
v  0.6784 14.6682 0.9251
v  0.6784 14.6783 0.9555
v  0.6784 14.6836 0.9862
v  0.6784 14.6850 1.0159
v  0.6784 14.2948 0.7886
v  0.6835 13.4671 0.7072
v  0.6784 14.3964 0.7986
v  0.6805 13.3675 0.6973
v  -0.3046 8.3340 -13.5082
v  -0.3088 8.6407 -13.4710
v  -0.3146 9.6089 -12.9130
v  -0.3116 9.3980 -13.1142
v  -0.3076 9.1637 -13.2753
v  -0.3033 8.8961 -13.4003
v  -0.3209 9.9279 -12.3906
v  -0.3177 9.7906 -12.6696
v  -0.3224 10.0250 -12.0745
v  0.6868 12.5275 -0.1545
v  0.4707 12.0346 -2.4347
v  0.2639 11.5195 -4.8025
v  0.1654 11.2632 -6.0099
v  0.0679 11.0089 -7.2179
v  -0.0264 10.7530 -8.4254
v  -0.1276 10.5080 -9.6339
v  -0.2450 10.2639 -10.8634
v  9.7383 -0.0000 0.6888
v  9.6750 2.5207 0.6867
v  9.4829 5.0146 0.6808
v  9.1676 7.4730 0.6735
v  8.7283 9.8934 0.6662
v  8.6467 10.2556 0.6651
v  8.5683 10.6125 0.6640
v  8.4850 10.9643 0.6628
v  8.3760 11.2958 0.6607
v  8.2389 11.6016 0.6585
v  8.0744 11.8928 0.6568
v  7.8777 12.1661 0.6552
v  7.6613 12.4108 0.6552
v  7.4137 12.6333 0.6574
v  7.1466 12.8275 0.6605
v  6.8554 12.9955 0.6643
v  6.5496 13.1306 0.6693
v  6.2390 13.2303 0.6757
v  5.9080 13.3068 0.6836
v  5.5620 13.3547 0.6892
v  5.2154 13.3630 0.6906
v  0.6795 13.2713 0.6877
v  -3.8567 13.1913 0.6861
v  -8.1610 13.0978 0.6832
v  -14.8497 12.9388 0.6780
v  -20.5907 12.8189 0.6753
v  -26.5708 12.6927 0.6728
v  -36.6348 12.4694 0.6691
v  -41.6824 12.3617 0.6665
v  -43.1943 12.3225 0.6656
v  -44.8615 12.2767 0.6644
v  -45.4537 12.2169 0.6612
v  -46.0688 12.0629 0.6520
v  -46.4697 11.9162 0.6464
v  -46.8559 11.7202 0.6429
v  -47.3243 11.4000 0.6401
v  -47.8098 10.9304 0.6394
v  -48.2043 10.3831 0.6392
v  -48.8850 9.2009 0.6403
v  -49.4794 7.9778 0.6415
v  -49.9874 6.7146 0.6429
v  -50.4079 5.4143 0.6443
v  -50.7360 4.0861 0.6456
v  -50.9714 2.7357 0.6467
v  -51.1114 1.3707 0.6473
v  -53.9414 14.4903 0.8220
v  -50.8019 14.5030 0.8191
v  -47.6283 14.5036 0.8150
v  -41.6820 14.5040 0.8137
v  -36.6462 14.5043 0.8131
v  -26.5746 14.5047 0.8130
v  -20.5907 14.5050 0.8124
v  -14.8504 14.5053 0.8117
v  -8.1619 14.5056 0.8109
v  -3.8560 14.5181 0.8123
v  0.6786 14.5227 0.8123
v  5.2118 14.5186 0.8101
v  7.5401 14.5182 0.8098
v  11.0630 5.0089 1.7111
v  11.0630 9.8918 1.7111
v  11.0630 11.6951 1.7111
v  11.0630 14.4882 1.7111
v  11.0590 14.5252 1.7111
v  11.0491 14.5608 1.7111
v  11.0308 14.5960 1.7111
v  11.0053 14.6274 1.7111
v  10.9739 14.6529 1.7111
v  10.9387 14.6712 1.7111
v  10.9021 14.6817 1.7111
v  10.8661 14.6850 1.7111
v  7.5428 14.6850 1.7111
v  5.2149 14.6850 1.7111
v  0.6784 14.6850 1.7111
v  -3.8581 14.6850 1.7111
v  -8.1619 14.6850 1.7111
v  -14.8504 14.6850 1.7111
v  -20.5907 14.6850 1.7111
v  -26.5746 14.6850 1.7112
v  -36.6462 14.6850 1.7112
v  -41.6820 14.6850 1.7112
v  -47.6283 14.6850 1.7112
v  -50.8019 14.6850 1.7112
v  -53.9371 14.6850 1.7112
v  -53.9730 14.6817 1.7112
v  -54.0096 14.6712 1.7112
v  -54.0448 14.6529 1.7112
v  -54.0762 14.6274 1.7112
v  -54.1017 14.5960 1.7112
v  -54.1200 14.5608 1.7112
v  -54.1306 14.5241 1.7112
v  -54.1339 14.4882 1.7112
v  -54.1339 11.2526 1.7112
v  -54.1339 7.9789 1.7112
v  -54.1339 4.0860 1.7112
v  10.8893 14.5216 0.8237
v  10.9005 14.5108 0.8238
v  10.9339 14.5148 0.8329
v  10.9048 14.5045 0.8239
v  10.8826 14.5260 0.8239
v  10.8915 14.5560 0.8328
v  11.0187 14.5157 0.8938
v  10.9962 14.5115 0.8694
v  10.9398 14.5030 0.8338
v  10.9079 14.4984 0.8241
v  10.8730 14.4932 0.8187
v  10.9004 14.5841 0.8470
v  10.9189 14.5723 0.8455
v  10.9357 14.5578 0.8448
v  10.9498 14.5420 0.8455
v  10.9614 14.5245 0.8471
v  10.9696 14.5073 0.8490
v  10.8947 14.6404 0.8936
v  10.8906 14.6178 0.8690
v  10.8865 14.5909 0.8486
v  10.8823 14.5607 0.8335
v  10.8779 14.5285 0.8239
v  -54.0732 14.4898 0.8761
v  -54.1131 14.4892 0.9303
v  -54.1297 14.5285 1.0188
v  -54.1339 14.4882 1.0188
v  -53.9370 14.6850 1.0188
v  -54.0456 14.4900 0.8543
v  -54.0135 14.4902 0.8377
v  -54.1248 14.4888 0.9598
v  -54.1314 14.4885 0.9896
v  -54.1177 14.5664 1.0188
v  -54.0992 14.5997 1.0188
v  -54.0762 14.6274 1.0188
v  -54.0486 14.6504 1.0188
v  -54.0152 14.6688 1.0188
v  -53.9773 14.6809 1.0188
v  -53.9380 14.6825 0.9886
v  -53.9389 14.6756 0.9582
v  -53.9395 14.6634 0.9285
v  -53.9404 14.6230 0.8748
v  -53.9408 14.5953 0.8534
v  -53.9412 14.5631 0.8371
v  -53.9415 14.5283 0.8272
v  -53.9647 14.5126 0.8270
v  -54.0958 14.4894 0.9020
v  -54.0788 14.5355 0.8930
v  -54.1065 14.5161 0.9251
v  -54.0575 14.5265 0.8695
v  -54.1192 14.5202 0.9556
v  -53.9957 14.5215 0.8354
v  -54.0428 14.5499 0.8669
v  -53.9860 14.5332 0.8352
v  -53.9752 14.5430 0.8355
v  -53.9819 14.6035 0.8695
v  -54.0042 14.5891 0.8670
v  -53.9398 14.6458 0.9004
v  -53.9907 14.6247 0.8929
v  -54.1267 14.5242 0.9873
v  -54.1150 14.5605 0.9849
v  -54.0968 14.5934 0.9832
v  -54.0732 14.6218 0.9825
v  -54.0448 14.6454 0.9832
v  -54.0119 14.6636 0.9850
v  -53.9755 14.6753 0.9874
v  -53.9724 14.6666 0.9556
v  -53.9684 14.6537 0.9252
v  -54.0065 14.6550 0.9515
v  -54.0382 14.6370 0.9484
v  -54.0662 14.6135 0.9472
v  -53.9991 14.6421 0.9204
v  -54.0286 14.6245 0.9168
v  -54.0551 14.6020 0.9154
v  -54.0170 14.6084 0.8896
v  -54.0409 14.5877 0.8882
v  -54.0245 14.5713 0.8658
v  -54.0898 14.5853 0.9484
v  -54.1079 14.5533 0.9515
v  -54.0780 14.5749 0.9168
v  -54.0957 14.5447 0.9205
v  -54.0621 14.5629 0.8896
v  -53.9697 14.5065 0.8270
v  -53.9591 14.5178 0.8271
v  -53.9630 14.5512 0.8363
v  -53.9528 14.5221 0.8272
v  -53.9742 14.4999 0.8272
v  -54.0043 14.5088 0.8362
v  -53.9640 14.6359 0.8972
v  -53.9597 14.6135 0.8727
v  -53.9525 14.5583 0.8368
v  -53.9473 14.5258 0.8272
v  -54.0324 14.5176 0.8504
v  -54.0206 14.5361 0.8488
v  -54.0061 14.5529 0.8482
v  -53.9902 14.5670 0.8489
v  -53.9728 14.5787 0.8504
v  -53.9555 14.5869 0.8524
v  -54.0887 14.5119 0.8970
v  -54.0660 14.5078 0.8724
v  -54.0391 14.5038 0.8520
v  -54.0098 14.4998 0.8370
v  -53.9772 14.4953 0.8273
v  -54.0986 -0.0000 0.8993
v  11.0643 -0.0000 1.7466
v  11.1127 -0.0000 1.8055
v  10.8744 -0.0000 0.8071
v  11.2892 -0.0000 1.8055
v  11.2533 -0.0000 1.8110
v  -45.0361 -0.0000 -5.6108
v  -43.9400 -0.0000 -7.0887
v  -41.4285 -0.0000 -12.3525
v  8.2849 -0.0000 -3.4750
v  -25.0410 1.7153 -12.9248
v  -25.0410 3.4279 -12.9248
v  -25.0410 5.1404 -12.9248
v  -30.9583 4.8122 -12.7181
v  -30.9583 3.2091 -12.7181
v  -30.9583 1.6059 -12.7181
v  -35.2802 4.5725 -12.5672
v  -35.2802 3.0493 -12.5672
v  -35.2802 1.5260 -12.5672
v  -35.2802 -0.0000 -12.5672
v  -36.6690 4.4955 -12.5187
v  -36.6690 2.9979 -12.5187
v  -36.6690 1.5003 -12.5187
v  -5.4411 2.0437 -13.6092
v  -5.4391 4.0851 -13.6093
v  -5.4376 6.1225 -13.5830
v  -10.5640 5.9434 -13.4303
v  -10.5679 3.9632 -13.4302
v  -10.5640 1.9830 -13.4303
v  -15.1196 5.6907 -13.2712
v  -15.1196 3.7947 -13.2712
v  -15.1196 1.8987 -13.2712
v  -19.7159 5.4358 -13.1107
v  -19.7159 3.6248 -13.1107
v  -19.7159 1.8138 -13.1107
v  -0.9886 0.6463 -14.0945
v  -0.8352 0.8352 -14.0945
v  -0.2149 1.1614 -14.0945
v  0.0000 1.1811 -14.0945
v  0.6463 0.9886 -14.0945
v  0.8352 0.8352 -14.0945
v  1.1614 0.2149 -14.0945
v  -1.1614 0.2149 -14.0945
v  -1.0982 0.4348 -14.0945
v  -0.6463 0.9886 -14.0945
v  -0.4348 1.0982 -14.0945
v  0.0000 1.3817 -14.0761
v  0.0000 1.5869 -14.0171
v  -0.9764 1.4935 -13.9148
v  -0.6568 1.6591 -13.9148
v  -1.2617 1.2617 -13.9148
v  -1.4935 0.9764 -13.9148
v  -1.6590 0.6568 -13.9148
v  -1.7545 0.3247 -13.9148
v  -1.3586 0.2514 -14.0761
v  -1.2847 0.5086 -14.0761
v  -1.1565 0.7561 -14.0761
v  -0.9770 0.9770 -14.0761
v  -0.7561 1.1565 -14.0761
v  -0.5086 1.2847 -14.0761
v  -0.2514 1.3586 -14.0761
v  -0.2888 1.5604 -14.0171
v  -0.3247 1.7546 -13.9148
v  -0.5841 1.4755 -14.0171
v  -0.8684 1.3282 -14.0171
v  -1.1221 1.1221 -14.0171
v  -1.3282 0.8684 -14.0171
v  -1.4755 0.5841 -14.0171
v  -1.5604 0.2888 -14.0171
v  1.0982 0.4347 -14.0945
v  0.9886 0.6463 -14.0945
v  0.4348 1.0982 -14.0945
v  0.2149 1.1614 -14.0945
v  0.0000 1.7844 -13.9148
v  1.2617 1.2617 -13.9148
v  1.4935 0.9764 -13.9148
v  1.6590 0.6568 -13.9148
v  0.9764 1.4935 -13.9148
v  0.6568 1.6591 -13.9148
v  1.3586 0.2514 -14.0761
v  1.2847 0.5086 -14.0761
v  1.1565 0.7561 -14.0761
v  0.9770 0.9770 -14.0761
v  0.7561 1.1565 -14.0761
v  0.5086 1.2847 -14.0761
v  0.2514 1.3586 -14.0761
v  0.2888 1.5604 -14.0171
v  0.3247 1.7546 -13.9148
v  1.5604 0.2887 -14.0171
v  1.4755 0.5841 -14.0171
v  1.7545 0.3247 -13.9148
v  1.3282 0.8683 -14.0171
v  1.1221 1.1221 -14.0171
v  0.8683 1.3282 -14.0171
v  0.5841 1.4755 -14.0171
v  -1.0744 1.6386 -13.7692
v  -0.7248 1.8284 -13.7629
v  -1.3897 1.3712 -13.7770
v  -1.6375 1.0657 -13.7769
v  -1.8206 0.7148 -13.7738
v  -1.9275 0.3577 -13.7692
v  -0.3582 1.9352 -13.7614
v  0.0000 1.9694 -13.7627
v  1.3837 1.3844 -13.7746
v  1.6399 1.0728 -13.7685
v  1.8267 0.7231 -13.7652
v  1.0731 1.6392 -13.7690
v  0.7243 1.8258 -13.7653
v  0.3607 1.9329 -13.7654
v  1.9347 0.3585 -13.7617
v  3.3512 5.8995 -13.5932
v  3.4198 3.8015 -13.6563
v  3.4884 1.6937 -13.6774
v  -0.1691 5.9896 -13.5900
v  -0.0489 3.9166 -13.6624
v  -1.1076 1.7170 -13.7377
v  -0.7755 1.8916 -13.7332
v  -1.4560 1.4372 -13.7401
v  -1.7134 1.1273 -13.7379
v  -1.9098 0.7649 -13.7325
v  -2.0268 0.3714 -13.7284
v  -0.3868 2.0107 -13.7290
v  0.0009 2.0489 -13.7277
v  1.4425 1.4394 -13.7405
v  1.7035 1.1221 -13.7381
v  1.8996 0.7562 -13.7329
v  1.1140 1.7078 -13.7379
v  0.7676 1.8944 -13.7331
v  0.3868 2.0115 -13.7290
v  2.0127 0.3777 -13.7289
v  -1.0904 1.6742 -13.7456
v  -0.7473 1.8581 -13.7410
v  -1.4207 1.4013 -13.7506
v  -1.6725 1.0934 -13.7481
v  -1.8618 0.7370 -13.7438
v  -1.9729 0.3642 -13.7397
v  -0.3707 1.9700 -13.7379
v  0.0004 2.0056 -13.7377
v  1.4105 1.4096 -13.7500
v  1.6693 1.0953 -13.7461
v  1.8602 0.7381 -13.7417
v  1.0921 1.6705 -13.7463
v  0.7435 1.8575 -13.7418
v  0.3721 1.9684 -13.7384
v  1.9704 0.3671 -13.7379
v  -1.0826 1.6553 -13.7554
v  -0.7347 1.8431 -13.7502
v  -1.4050 1.3856 -13.7624
v  -1.6542 1.0783 -13.7597
v  -1.8406 0.7247 -13.7566
v  -1.9491 0.3610 -13.7522
v  -0.3635 1.9519 -13.7478
v  0.0002 1.9866 -13.7484
v  1.3965 1.3965 -13.7606
v  1.6541 1.0833 -13.7555
v  1.8427 0.7301 -13.7516
v  1.0823 1.6541 -13.7559
v  0.7329 1.8412 -13.7517
v  0.3656 1.9493 -13.7493
v  1.9517 0.3624 -13.7480
v  -1.0988 1.6952 -13.7397
v  -0.7611 1.8745 -13.7352
v  -1.4380 1.4188 -13.7430
v  -1.6924 1.1099 -13.7406
v  -1.8852 0.7506 -13.7356
v  -1.9991 0.3677 -13.7315
v  -0.3786 1.9898 -13.7315
v  0.0006 2.0266 -13.7307
v  1.4261 1.4241 -13.7433
v  1.6860 1.1084 -13.7401
v  1.8794 0.7470 -13.7352
v  1.1028 1.6887 -13.7401
v  0.7553 1.8755 -13.7354
v  0.3793 1.9893 -13.7316
v  1.9910 0.3723 -13.7314
v  -1.1718 1.8141 -13.7345
v  -0.8204 1.9988 -13.7294
v  -1.5404 1.5180 -13.7372
v  -1.8127 1.1901 -13.7342
v  -2.0205 0.8067 -13.7287
v  -2.1442 0.3903 -13.7243
v  -0.4091 2.1248 -13.7250
v  0.0012 2.1652 -13.7236
v  1.5265 1.5204 -13.7373
v  1.8026 1.1847 -13.7348
v  2.0101 0.7975 -13.7290
v  1.1789 1.8043 -13.7339
v  0.8124 2.0018 -13.7293
v  0.4094 2.1257 -13.7250
v  2.1297 0.3971 -13.7248
v  3.2639 7.6604 -13.5317
v  4.4464 3.7289 -13.6398
v  4.1373 5.8294 -13.5967
v  3.8274 7.6607 -13.5317
v  3.7982 7.7790 -13.5276
v  3.7551 7.8908 -13.5236
v  3.6993 7.9856 -13.5203
v  3.6312 8.0625 -13.5177
v  3.5544 8.1202 -13.5156
v  3.4650 8.1634 -13.5141
v  3.3662 8.1876 -13.5133
v  3.2639 8.1948 -13.5130
v  -0.2947 8.0588 -13.5177
v  -5.4258 7.8869 -13.5214
v  -10.5474 7.6486 -13.4309
v  -15.0993 7.3120 -13.2719
v  -19.6956 6.9721 -13.1114
v  -25.0207 6.5783 -12.9255
v  -30.9381 6.1407 -12.7188
v  -35.2599 5.8210 -12.5679
v  -36.6487 5.7183 -12.5194
v  -37.6897 5.6413 -12.4831
v  -38.2536 5.5416 -12.4634
v  -38.7599 5.3398 -12.4457
v  -39.2052 5.0448 -12.4301
v  -39.5792 4.6660 -12.4171
v  -40.1129 3.9010 -12.3980
v  -40.6015 2.9311 -12.3811
v  -40.8830 2.1156 -12.3711
v  -41.0996 1.0699 -12.3631
v  4.5762 1.8755 -13.6382
v  -0.0251 2.9066 -13.6977
v  -3.5934 2.9064 -13.6689
v  -3.5935 1.5100 -13.6737
v  2.5953 2.9063 -13.6864
v  2.5955 1.4306 -13.7086
v  1.7841 -0.0000 -13.9148
v  3.5432 -0.0000 -13.6755
v  2.0493 -0.0000 -13.7276
v  1.9865 -0.0000 -13.7484
v  -2.0333 -0.0000 -13.7310
v  9.0850 -0.0000 0.1913
v  -51.1555 -0.0000 0.6473
v  -51.0929 -0.0000 0.6408
v  9.2878 -0.0000 0.4862
v  9.3827 -0.0000 0.5599
v  -50.8239 -0.0000 0.5513
v  -50.9509 -0.0000 0.6072
v  9.6014 -0.0000 0.6610
v  -54.1983 -0.0000 1.8097
v  -54.1352 -0.0000 1.7466
v  -54.1467 -0.0000 1.7754
v  -54.4085 -0.0000 1.7466
v  -54.4043 -0.0000 1.7613
v  -54.3868 -0.0000 1.7880
v  -54.1339 -0.0000 1.0188
v  -54.1321 -0.0000 0.9892
v  -54.0761 -0.0000 0.8724
v  -54.0481 -0.0000 0.8495
v  -54.1339 -0.0000 1.7112
v  11.0986 -0.0000 1.7982
v  11.0861 -0.0000 1.7880
v  11.3377 -0.0000 1.7466
v  11.3390 -0.0000 1.7323
v  11.3335 -0.0000 1.7613
v  11.3033 -0.0000 1.7982
v  -53.7423 -0.0000 0.8032
v  -48.1452 -0.0000 -2.1189
v  -45.7754 -0.0000 -4.7448
v  -43.6689 -0.0000 -7.7356
v  -43.1128 -0.0000 -10.8592
v  -42.0415 -0.0000 -12.2177
v  6.3734 -0.0000 -12.7466
v  6.5039 -0.0000 -12.4701
v  5.2141 -0.0000 -13.5886
v  -43.2354 -0.0000 -10.0852
v  6.8146 -0.0000 -10.9325
v  7.9829 -0.0000 -4.9288
v  8.9164 -0.0000 -0.5295
v  8.4089 -0.0000 -2.9123
v  8.4005 -0.0000 -2.9194
v  -5.4425 -0.0000 -13.6092
v  2.0268 -0.0000 -13.7307
v  2.0056 -0.0000 -13.7376
v  -2.1799 -0.0000 -13.7231
v  5.0467 11.8519 -3.6342
v  4.6150 11.8818 -3.6495
v  5.4656 11.7571 -3.6174
v  5.9195 11.5547 -3.6160
v  6.3294 11.2585 -3.6237
v  6.6801 10.8712 -3.6305
v  6.9563 10.4000 -3.6348
v  7.1488 9.8625 -3.6429
v  7.2844 9.2953 -3.6487
v  0.3640 11.7739 -3.6176
v  -5.1924 11.6210 -3.6430
v  -10.5160 11.2683 -3.6883
v  -15.0224 10.8921 -3.7540
v  7.9901 4.6778 -3.7326
v  7.7000 6.9775 -3.6974
v  8.1701 2.3571 -3.7335
v  8.4860 4.8360 -1.3556
v  8.6609 2.4438 -1.4160
v  8.1797 7.2139 -1.3332
v  7.7236 9.6771 -1.3283
v  5.0174 12.3834 -1.2933
v  5.4601 12.3512 -1.2975
v  6.7744 11.7282 -1.2882
v  7.1320 11.3247 -1.3000
v  7.4118 10.8336 -1.3096
v  7.5891 10.2675 -1.3210
v  5.8880 12.2449 -1.2974
v  6.3561 12.0325 -1.2908
v  0.5846 12.2840 -1.2726
v  -4.6257 12.1410 -1.3559
v  -42.6125 6.6970 -6.5388
v  -42.6344 6.6960 -6.5159
v  -42.3552 7.1517 -6.5044
v  -42.3712 7.1612 -6.4807
v  -41.9171 7.8420 -6.4396
v  -41.9456 7.8335 -6.4176
v  -41.4672 8.4630 -6.3710
v  -41.4867 8.4684 -6.3481
v  -43.0711 5.7565 -6.6046
v  -43.0868 5.7304 -6.6021
v  -36.9182 8.6115 -6.4210
v  -36.9088 8.6068 -6.4494
v  -31.0455 9.2676 -5.4751
v  -31.0406 9.2623 -5.5048
v  -38.8810 8.3922 -6.7371
v  -38.8754 8.3860 -6.7702
v  -37.8942 8.5020 -6.5806
v  -37.8934 8.4961 -6.6114
v  -39.6817 8.2368 -6.8462
v  -39.6761 8.2249 -6.8800
v  -40.4425 7.9498 -6.9466
v  -40.4294 7.9419 -6.9844
v  -40.8716 7.7219 -6.9845
v  -40.8559 7.7125 -7.0183
v  -41.4270 7.3666 -6.9789
v  -41.4165 7.3574 -7.0113
v  -42.0552 6.8634 -6.9016
v  -42.0504 6.8455 -6.9345
v  -19.8224 11.4299 -2.7690
v  -19.8091 11.4245 -2.7850
v  -25.4729 11.0399 -3.7054
v  -25.4819 11.0503 -3.6782
v  -14.4904 11.1347 -2.7172
v  -14.4735 11.1425 -2.6844
v  -9.1443 11.7827 -1.5969
v  -9.1491 11.7756 -1.6279
v  -3.8857 12.4286 -0.1442
v  -3.8565 12.4309 -0.1377
v  -41.0095 8.9756 -6.2863
v  -41.0285 8.9825 -6.2630
v  -40.3889 9.4604 -6.1618
v  -40.4087 9.4670 -6.1381
v  -39.5879 9.8314 -5.9699
v  -39.6078 9.8379 -5.9462
v  -38.4473 10.0782 -5.7516
v  -38.4679 10.0847 -5.7260
v  -37.2649 10.2242 -5.5348
v  -37.2853 10.2307 -5.5086
v  -42.4196 6.5111 -6.8241
v  -42.4123 6.4941 -6.8533
v  -25.1731 9.9236 -4.5296
v  -25.1756 9.9172 -4.5618
v  -31.3842 10.6441 -4.6127
v  -31.4131 10.6517 -4.5881
v  -19.7899 10.5309 -3.6319
v  -19.7912 10.5383 -3.6040
v  -9.2099 12.1083 -1.0070
v  -9.2282 12.1000 -1.0370
v  -14.6764 11.7559 -1.9437
v  -14.6793 11.7650 -1.9157
v  -43.1212 -0.0000 -10.8061
v  -43.0397 1.3559 -10.8368
v  -42.7672 2.6665 -10.8844
v  -42.4034 3.6989 -10.9343
v  -41.7672 4.9404 -11.0036
v  -41.0859 5.9003 -11.0675
v  -40.4330 6.5703 -11.0742
v  -39.6448 7.1066 -11.0637
v  -38.7664 7.4727 -11.0362
v  -37.8148 7.6595 -10.9864
v  -36.7623 7.7372 -11.0241
v  -35.3782 7.8396 -11.0724
v  -31.0381 8.1606 -11.2238
v  -25.1204 8.5993 -11.4248
v  -19.7944 8.9944 -11.6043
v  -15.1983 9.3354 -11.7591
v  -10.6420 9.6733 -11.9138
v  -5.4833 9.8629 -11.9992
v  -0.3171 10.0413 -11.9914
v  3.2235 10.1638 -11.9872
v  3.6771 10.1291 -12.0214
v  4.1143 10.0128 -12.0598
v  4.5275 9.8239 -12.0783
v  4.8991 9.5698 -12.0846
v  5.2219 9.2502 -12.0771
v  5.4896 8.8705 -12.0552
v  5.6860 8.4550 -12.0267
v  5.8167 8.0137 -12.0101
v  6.1635 5.9636 -12.0669
v  6.4043 3.9832 -12.0917
v  6.5499 1.9951 -12.0999
v  6.6016 -0.0000 -12.0872
v  -50.6072 1.3256 0.4224
v  -50.4691 2.6455 0.4205
v  8.4724 7.3235 0.0608
v  8.7931 4.8891 0.0680
v  -41.6659 11.6576 0.0960
v  -36.6341 11.7667 0.0932
v  -46.9968 10.9271 0.3679
v  -46.5661 11.1969 0.3358
v  -50.2371 3.9535 0.4166
v  -49.9141 5.2459 0.4136
v  -49.5027 6.5096 0.4109
v  -49.0031 7.7446 0.4088
v  -48.4188 8.9398 0.4067
v  -46.2215 11.3522 0.3045
v  8.9856 2.4459 0.0738
v  9.0498 -0.0000 0.0761
v  7.1423 11.9053 0.0823
v  7.3277 11.6907 0.0808
v  7.7345 10.9463 0.0670
v  7.8186 10.6495 0.0584
v  6.2697 12.4883 0.0887
v  6.5078 12.3774 0.0892
v  5.7646 12.6327 0.0917
v  6.0202 12.5727 0.0908
v  7.4840 11.4680 0.0786
v  7.6264 11.2088 0.0742
v  7.8888 10.3488 0.0544
v  7.9569 10.0472 0.0533
v  6.7324 12.2410 0.0899
v  6.9444 12.0815 0.0870
v  -47.7504 10.0985 0.4068
v  -20.5907 12.1147 0.0842
v  -14.8465 12.2393 0.0810
v  -43.1852 11.6205 0.1095
v  -45.8603 11.4692 0.2684
v  -45.3626 11.5591 0.2074
v  -47.4050 10.5568 0.3937
v  5.2305 12.6747 0.0699
v  5.4992 12.6662 0.0822
v  8.0244 9.7405 0.0541
v  -50.6559 -0.0000 0.4273
v  -44.8382 11.5803 0.1246
v  -8.1541 12.3844 0.0773
v  -3.8476 12.4779 0.0753
v  0.6914 12.5763 0.0726
v  -26.5706 11.9850 0.0876
v  -45.2923 11.4237 -0.0895
v  -39.4136 8.1279 -7.5061
v  -40.6275 7.6111 -7.6056
v  -42.1825 6.3439 -7.3741
v  8.6127 4.8638 -0.7650
v  8.7970 2.4435 -0.7923
v  8.2984 7.2713 -0.7576
v  7.8283 9.7756 -0.7733
v  5.1118 12.5025 -0.7358
v  5.5439 12.4713 -0.7426
v  6.8844 11.8351 -0.7381
v  7.2418 11.4303 -0.7440
v  7.5176 10.9411 -0.7552
v  7.6887 10.3713 -0.7671
v  6.0023 12.3581 -0.7397
v  6.4684 12.1422 -0.7370
v  0.6433 12.4088 -0.7147
v  -9.5453 11.6411 -2.1599
v  -14.7496 11.0166 -3.2218
v  -19.7809 10.4097 -4.2650
v  -4.2778 12.2839 -0.7504
v  -50.5224 -2.6560 0.4703
v  -50.6554 -1.3282 0.4680
v  -50.6072 -1.3256 0.4224
v  -50.4691 -2.6455 0.4205
v  8.8278 -4.9040 0.1840
v  8.5071 -7.3410 0.1776
v  8.4724 -7.3235 0.0608
v  8.7931 -4.8891 0.0680
v  -36.6341 -11.8126 0.2129
v  -41.6679 -11.7033 0.2156
v  -41.6659 -11.6576 0.0960
v  -36.6341 -11.7667 0.0932
v  -41.6824 -12.3617 0.6665
v  -43.1943 -12.3225 0.6656
v  -43.1877 -12.2119 0.6502
v  -41.6786 -12.2532 0.6509
v  -46.5959 -11.2491 0.4045
v  -47.0235 -10.9723 0.4222
v  -46.9968 -10.9271 0.3679
v  -46.5661 -11.1969 0.3358
v  -44.8615 -12.2767 0.6644
v  -45.4537 -12.2169 0.6612
v  -45.4400 -12.1086 0.6450
v  -44.8577 -12.1756 0.6505
v  -50.2914 -3.9694 0.4681
v  -50.2371 -3.9535 0.4166
v  -49.5532 -6.5313 0.4608
v  -49.9667 -5.2643 0.4644
v  -49.9141 -5.2459 0.4136
v  -49.5027 -6.5096 0.4109
v  -48.4667 -8.9668 0.4577
v  -49.0524 -7.7691 0.4592
v  -49.0031 -7.7446 0.4088
v  -48.4188 -8.9398 0.4067
v  -46.2215 -11.3522 0.3045
v  -46.2469 -11.4074 0.3834
v  -47.8098 -10.9304 0.6394
v  -48.2043 -10.3831 0.6392
v  -48.1460 -10.3461 0.6339
v  -47.7446 -10.8685 0.6306
v  5.2209 -13.2217 0.6608
v  5.5529 -13.2102 0.6599
v  5.5620 -13.3547 0.6892
v  5.2154 -13.3631 0.6906
v  8.7283 -9.8934 0.6662
v  8.5884 -9.8630 0.6426
v  9.0284 -7.4508 0.6475
v  9.1676 -7.4731 0.6735
v  8.9856 -2.4460 0.0738
v  9.0203 -2.4546 0.1895
v  7.1423 -11.9053 0.0823
v  7.3277 -11.6908 0.0808
v  7.3522 -11.7307 0.1976
v  7.1726 -11.9334 0.1948
v  7.7345 -10.9463 0.0670
v  7.8186 -10.6495 0.0584
v  7.8538 -10.6687 0.1770
v  7.7653 -10.9749 0.1823
v  6.5386 -12.4064 0.1967
v  6.3010 -12.5160 0.1968
v  6.2697 -12.4883 0.0887
v  6.5078 -12.3774 0.0892
v  6.0423 -12.6056 0.2004
v  5.7769 -12.6712 0.1989
v  5.7646 -12.6328 0.0917
v  6.0202 -12.5727 0.0908
v  7.4840 -11.4680 0.0786
v  7.6264 -11.2088 0.0742
v  7.6531 -11.2503 0.1908
v  7.5100 -11.5108 0.1973
v  7.9922 -10.0524 0.1738
v  7.9237 -10.3567 0.1750
v  7.8888 -10.3488 0.0544
v  7.9569 -10.0472 0.0533
v  6.9745 -12.1104 0.1975
v  6.7619 -12.2700 0.1983
v  6.7324 -12.2410 0.0899
v  6.9444 -12.0815 0.0870
v  -47.7977 -10.1277 0.4571
v  -47.7504 -10.0985 0.4068
v  -51.1114 -1.3707 0.6473
v  -51.0417 -1.3651 0.6394
v  -14.8462 -12.2795 0.1999
v  -20.5907 -12.1567 0.2047
v  -20.5907 -12.1147 0.0842
v  -14.8465 -12.2393 0.0810
v  -50.7017 -2.6880 0.5815
v  -50.7671 -2.6995 0.6067
v  -50.8997 -1.3519 0.6047
v  -50.8354 -1.3462 0.5794
v  9.1252 -4.9669 0.5541
v  8.8058 -7.4174 0.5493
v  8.7095 -7.3984 0.4760
v  9.0296 -4.9514 0.4808
v  -20.5907 -12.4755 0.5690
v  -26.5706 -12.3519 0.5700
v  -26.5706 -12.2523 0.5009
v  -20.5907 -12.3769 0.4988
v  -43.1843 -11.8980 0.5057
v  -43.1843 -11.8056 0.4233
v  -41.6703 -11.8437 0.4208
v  -41.6722 -11.9368 0.5039
v  -46.6937 -11.4290 0.5563
v  -46.7306 -11.4969 0.5909
v  -47.1799 -11.1947 0.5913
v  -47.1375 -11.1346 0.5600
v  -45.9233 -11.6417 0.4795
v  -45.3854 -11.7367 0.4497
v  -45.3980 -11.8197 0.5173
v  -45.9493 -11.7145 0.5341
v  -50.4690 -4.0168 0.5807
v  -50.5338 -4.0337 0.6061
v  -49.7251 -6.6031 0.5764
v  -49.7880 -6.6290 0.6025
v  -50.2061 -5.3449 0.6043
v  -50.1420 -5.3235 0.5785
v  -48.6317 -9.0594 0.5749
v  -48.6921 -9.0931 0.6011
v  -49.2832 -7.8820 0.6019
v  -49.2213 -7.8519 0.5758
v  -45.9765 -11.7945 0.5798
v  -46.3625 -11.6695 0.5867
v  -46.3301 -11.5956 0.5477
v  -47.9020 -10.1927 0.5413
v  -47.5343 -10.6679 0.5287
v  -47.5829 -10.7145 0.5640
v  -47.9586 -10.2282 0.5744
v  5.2321 -12.8240 0.3899
v  5.5207 -12.8154 0.3944
v  5.5286 -12.8965 0.4824
v  5.2309 -12.9060 0.4795
v  8.1831 -9.7743 0.3827
v  8.6252 -7.3792 0.3876
v  8.2683 -9.7926 0.4716
v  9.3181 -2.4912 0.5581
v  9.2229 -2.4822 0.4848
v  7.6645 -11.6756 0.4804
v  7.7465 -11.7328 0.5484
v  7.5850 -11.9523 0.5486
v  7.5082 -11.8888 0.4805
v  8.2258 -10.4584 0.5481
v  8.1442 -10.8013 0.5454
v  8.0526 -10.7605 0.4732
v  8.1311 -10.4230 0.4757
v  6.8940 -12.4366 0.4772
v  6.9499 -12.5162 0.5459
v  6.7039 -12.6631 0.5443
v  6.6579 -12.5792 0.4747
v  6.4073 -12.6940 0.4773
v  6.4434 -12.7822 0.5474
v  6.1472 -12.8842 0.5522
v  6.1201 -12.7941 0.4812
v  8.0402 -11.1371 0.5456
v  7.9105 -11.4435 0.5472
v  7.8248 -11.3916 0.4779
v  7.9515 -11.0908 0.4743
v  8.3653 -9.8135 0.5452
v  8.2977 -10.1364 0.5482
v  8.2012 -10.1081 0.4752
v  7.3301 -12.0845 0.4771
v  7.4007 -12.1534 0.5455
v  7.1839 -12.3453 0.5472
v  7.1200 -12.2704 0.4787
v  -48.0174 -10.2652 0.6005
v  -50.7732 -1.3407 0.5485
v  -50.8862 -0.0000 0.5821
v  -44.8475 -11.8600 0.5104
v  -44.8460 -11.7718 0.4336
v  5.2289 -13.0000 0.5550
v  0.6901 -12.9083 0.5583
v  0.6917 -12.8129 0.4842
v  -43.1843 -11.9995 0.5713
v  -41.6745 -12.0366 0.5702
v  -41.6760 -12.1406 0.6187
v  -43.1851 -12.1027 0.6185
v  -45.4119 -11.9103 0.5728
v  -45.4260 -12.0069 0.6156
v  -46.0070 -11.8802 0.6154
v  -47.6335 -10.7629 0.5926
v  -47.6882 -10.8150 0.6154
v  -48.0811 -10.3051 0.6209
v  5.5366 -12.9895 0.5566
v  5.5443 -13.0955 0.6173
v  5.2252 -13.1066 0.6165
v  8.9131 -7.4346 0.6071
v  8.4731 -9.8371 0.6028
v  -50.9698 -1.3584 0.6253
v  -44.8510 -11.9557 0.5720
v  -44.8555 -12.0643 0.6205
v  -50.8382 -2.7123 0.6269
v  -50.9111 -2.7258 0.6403
v  9.3462 -4.9953 0.6537
v  9.2317 -4.9815 0.6125
v  -20.5907 -12.6932 0.6571
v  -26.5706 -12.5686 0.6554
v  -26.5705 -12.4568 0.6211
v  -20.5907 -12.5809 0.6213
v  -46.7703 -11.5697 0.6176
v  -46.8120 -11.6442 0.6350
v  -47.2733 -11.3251 0.6320
v  -47.2257 -11.2591 0.6159
v  -50.6040 -4.0522 0.6262
v  -50.6765 -4.0711 0.6395
v  -49.8562 -6.6572 0.6232
v  -49.9261 -6.6857 0.6366
v  -50.3480 -5.3924 0.6383
v  -50.2757 -5.3682 0.6248
v  -48.7577 -9.1293 0.6216
v  -48.8253 -9.1655 0.6348
v  -49.4127 -7.9430 0.6345
v  -49.3503 -7.9140 0.6225
v  -46.0381 -11.9710 0.6398
v  -46.4332 -11.8323 0.6376
v  -46.3973 -11.7495 0.6171
v  9.5374 -2.5073 0.6583
v  9.4238 -2.4995 0.6165
v  9.4881 -0.0000 0.6187
v  7.8427 -11.7856 0.6010
v  7.9483 -11.8357 0.6363
v  7.7677 -12.0846 0.6364
v  7.6727 -12.0176 0.6012
v  8.4389 -10.5516 0.6424
v  8.3530 -10.8983 0.6402
v  8.2452 -10.8482 0.6017
v  8.3293 -10.5024 0.6042
v  7.0098 -12.6077 0.6009
v  7.0710 -12.7072 0.6385
v  6.7961 -12.8666 0.6397
v  6.7501 -12.7606 0.6005
v  6.5086 -12.9947 0.6434
v  6.2014 -13.0987 0.6510
v  6.1742 -12.9874 0.6100
v  6.4769 -12.8842 0.6038
v  8.1393 -11.1856 0.6010
v  8.2463 -11.2349 0.6389
v  8.1148 -11.5425 0.6373
v  8.0084 -11.4936 0.6009
v  8.5172 -10.2080 0.6436
v  8.4040 -10.1704 0.6049
v  7.4785 -12.2301 0.5989
v  7.5608 -12.3123 0.6350
v  7.3262 -12.5225 0.6377
v  7.2536 -12.4305 0.6012
v  0.6834 -13.1299 0.6603
v  0.6870 -13.0151 0.6178
v  -50.6386 -2.6768 0.5503
v  -50.7142 -1.3354 0.5123
v  -50.5789 -2.6662 0.5132
v  8.9458 -4.9356 0.3927
v  8.5577 -7.3600 0.2870
v  8.8784 -4.9197 0.2929
v  -20.5907 -12.2891 0.4134
v  -26.5706 -12.1632 0.4162
v  -26.5706 -12.0892 0.3201
v  -20.5907 -12.2162 0.3166
v  -46.6261 -11.3045 0.4627
v  -46.6587 -11.3645 0.5133
v  -47.0969 -11.0770 0.5212
v  -47.0588 -11.0228 0.4752
v  -50.3474 -3.9845 0.5115
v  -50.4064 -4.0003 0.5492
v  -49.6072 -6.5540 0.5053
v  -49.6644 -6.5779 0.5440
v  -50.0802 -5.3028 0.5465
v  -50.0219 -5.2831 0.5083
v  -48.5186 -8.9961 0.5028
v  -48.5735 -9.0269 0.5419
v  -49.1618 -7.8228 0.5430
v  -49.1055 -7.7953 0.5041
v  -46.2997 -11.5264 0.4998
v  -46.2723 -11.4644 0.4452
v  -45.9004 -11.5776 0.4182
v  9.1391 -2.4731 0.3970
v  9.0713 -2.4638 0.2978
v  9.2046 -0.0000 0.3981
v  9.1366 -0.0000 0.2991
v  7.5951 -11.6192 0.3973
v  7.4416 -11.8297 0.3974
v  7.3897 -11.7770 0.3023
v  7.5441 -11.5644 0.3020
v  8.0470 -10.3931 0.3872
v  7.9715 -10.7238 0.3858
v  7.9048 -10.6931 0.2864
v  7.9777 -10.3710 0.2862
v  6.7984 -12.3109 0.2996
v  6.8429 -12.3671 0.3942
v  6.6144 -12.5063 0.3914
v  6.5739 -12.4477 0.2973
v  6.3352 -12.5576 0.2983
v  6.3713 -12.6178 0.3931
v  6.0935 -12.7155 0.3966
v  6.0672 -12.6517 0.3016
v  7.8740 -11.0477 0.3879
v  7.7508 -11.3415 0.3934
v  7.6939 -11.2944 0.2966
v  7.8116 -11.0088 0.2897
v  8.1159 -10.0839 0.3862
v  8.0461 -10.0653 0.2850
v  8.1133 -9.7594 0.2821
v  7.2141 -11.9727 0.2990
v  7.2671 -12.0235 0.3938
v  7.0625 -12.2045 0.3956
v  7.0135 -12.1507 0.3005
v  -47.8483 -10.1593 0.5023
v  0.6928 -12.7296 0.3952
v  0.6929 -12.6625 0.2949
v  5.2323 -12.7573 0.2898
v  -43.1843 -11.7296 0.3305
v  -43.1844 -11.6640 0.2200
v  -41.6684 -11.7687 0.3262
v  -45.8798 -11.5201 0.3481
v  -45.3647 -11.6034 0.2879
v  -45.3744 -11.6659 0.3749
v  -47.4415 -10.5839 0.4376
v  -47.4883 -10.6238 0.4872
v  5.2315 -12.7078 0.1835
v  5.5052 -12.6993 0.1920
v  5.5127 -12.7496 0.2957
v  8.0605 -9.7482 0.1721
v  -50.7084 -0.0000 0.4737
v  -50.7646 -0.0000 0.5152
v  -44.8428 -11.6959 0.3447
v  -44.8402 -11.6317 0.2420
v  -50.9714 -2.7357 0.6467
v  9.4829 -5.0146 0.6808
v  -20.5907 -12.8189 0.6753
v  -26.5708 -12.6927 0.6728
v  -46.8559 -11.7202 0.6429
v  -47.3243 -11.4000 0.6401
v  -50.7360 -4.0861 0.6456
v  -49.9874 -6.7146 0.6429
v  -50.4079 -5.4143 0.6443
v  -48.8850 -9.2009 0.6403
v  -49.4794 -7.9778 0.6415
v  -46.0688 -12.0629 0.6520
v  -46.4697 -11.9162 0.6464
v  9.6750 -2.5207 0.6867
v  8.0744 -11.8928 0.6568
v  7.8777 -12.1661 0.6552
v  8.5683 -10.6125 0.6640
v  8.4850 -10.9643 0.6628
v  7.1466 -12.8276 0.6605
v  6.8554 -12.9955 0.6643
v  6.5496 -13.1306 0.6693
v  6.2390 -13.2303 0.6757
v  8.3760 -11.2958 0.6607
v  8.2389 -11.6016 0.6585
v  8.6467 -10.2556 0.6651
v  7.6613 -12.4108 0.6552
v  7.4137 -12.6333 0.6574
v  0.6795 -13.2713 0.6877
v  -26.5706 -12.0281 0.2081
v  0.6922 -12.6119 0.1873
v  -43.1852 -11.6205 0.1095
v  -45.8603 -11.4692 0.2684
v  -45.3626 -11.5591 0.2074
v  -47.4050 -10.5568 0.3937
v  5.2305 -12.6747 0.0699
v  5.4992 -12.6662 0.0822
v  8.0244 -9.7405 0.0541
v  -44.8382 -11.5803 0.1246
v  11.0758 -14.4882 1.7754
v  11.0861 -14.4882 1.7880
v  11.0817 -14.5295 1.7880
v  11.0716 -14.5276 1.7754
v  10.8661 -14.7495 1.8097
v  10.9137 -14.7451 1.8097
v  10.9163 -14.7592 1.8110
v  10.8661 -14.7638 1.8110
v  11.0645 -14.5262 1.7613
v  11.0685 -14.4882 1.7613
v  11.0603 -14.5254 1.7466
v  11.0643 -14.4882 1.7466
v  11.0590 -14.5251 1.7323
v  11.0630 -14.4882 1.7323
v  11.0504 -14.5611 1.7466
v  11.0492 -14.5607 1.7323
v  11.0320 -14.5966 1.7466
v  11.0309 -14.5959 1.7323
v  11.0063 -14.6283 1.7466
v  11.0053 -14.6274 1.7323
v  10.9746 -14.6541 1.7466
v  10.9739 -14.6530 1.7323
v  10.9391 -14.6724 1.7466
v  10.9386 -14.6712 1.7323
v  10.9022 -14.6830 1.7466
v  10.9020 -14.6818 1.7323
v  10.8661 -14.6864 1.7466
v  10.8661 -14.6850 1.7323
v  10.9030 -14.6872 1.7613
v  10.8661 -14.6906 1.7613
v  10.9043 -14.6944 1.7754
v  10.8661 -14.6979 1.7754
v  10.9062 -14.7044 1.7880
v  10.8661 -14.7081 1.7880
v  10.9084 -14.7168 1.7982
v  10.8661 -14.7207 1.7982
v  10.9110 -14.7307 1.8055
v  10.8661 -14.7348 1.8055
v  10.9623 -14.7311 1.8097
v  10.9676 -14.7444 1.8110
v  11.0091 -14.7069 1.8097
v  11.0170 -14.7189 1.8110
v  11.0509 -14.6729 1.8097
v  11.0610 -14.6831 1.8110
v  11.0848 -14.6312 1.8097
v  11.0968 -14.6390 1.8110
v  11.1091 -14.5844 1.8097
v  11.1224 -14.5896 1.8110
v  11.1222 -14.5372 1.8097
v  11.1362 -14.5399 1.8110
v  11.1274 -14.4882 1.8097
v  11.1417 -14.4882 1.8110
v  11.1078 -14.5345 1.8055
v  11.1127 -14.4882 1.8055
v  11.0940 -14.5318 1.7982
v  11.0986 -14.4882 1.7982
v  10.9569 -14.7175 1.8055
v  10.9517 -14.7044 1.7982
v  10.9471 -14.6927 1.7880
v  11.0011 -14.6946 1.8055
v  11.0405 -14.6626 1.8055
v  10.9934 -14.6828 1.7982
v  10.9865 -14.6723 1.7880
v  11.0305 -14.6526 1.7982
v  11.0216 -14.6437 1.7880
v  10.9433 -14.6832 1.7754
v  10.9406 -14.6764 1.7613
v  10.9809 -14.6637 1.7754
v  10.9769 -14.6576 1.7613
v  11.0144 -14.6365 1.7754
v  11.0092 -14.6313 1.7613
v  11.0726 -14.6231 1.8055
v  11.0954 -14.5790 1.8055
v  11.0607 -14.6154 1.7982
v  11.0502 -14.6085 1.7880
v  11.0823 -14.5738 1.7982
v  11.0706 -14.5691 1.7880
v  11.0416 -14.6029 1.7754
v  11.0355 -14.5989 1.7613
v  11.0611 -14.5654 1.7754
v  11.0543 -14.5627 1.7613
v  -54.1360 -14.5250 1.7613
v  -54.1394 -14.4882 1.7613
v  -54.1352 -14.4882 1.7466
v  -54.1319 -14.5242 1.7466
v  -54.1983 -14.4882 1.8097
v  -54.1939 -14.5357 1.8097
v  -54.2080 -14.5383 1.8110
v  -54.2126 -14.4882 1.8110
v  -53.9370 -14.6865 1.7475
v  -53.9731 -14.6830 1.7466
v  -53.9728 -14.6818 1.7323
v  -53.9370 -14.6850 1.7323
v  -54.1339 -14.4882 1.7323
v  -54.1306 -14.5240 1.7323
v  -54.1200 -14.5606 1.7323
v  -54.1213 -14.5611 1.7466
v  -54.1018 -14.5959 1.7323
v  -54.1029 -14.5966 1.7466
v  -54.0762 -14.6274 1.7323
v  -54.0771 -14.6283 1.7466
v  -54.0447 -14.6530 1.7323
v  -54.0454 -14.6541 1.7466
v  -54.0095 -14.6712 1.7323
v  -54.0100 -14.6724 1.7466
v  -53.9370 -14.6910 1.7624
v  -53.9738 -14.6872 1.7613
v  -53.9370 -14.6984 1.7762
v  -53.9757 -14.6943 1.7754
v  -53.9370 -14.7081 1.7880
v  -53.9770 -14.7044 1.7880
v  -53.9370 -14.7199 1.7977
v  -53.9793 -14.7168 1.7982
v  -53.9370 -14.7336 1.8050
v  -53.9819 -14.7307 1.8055
v  -53.9370 -14.7486 1.8095
v  -53.9846 -14.7451 1.8097
v  -53.9370 -14.7638 1.8110
v  -53.9872 -14.7592 1.8110
v  -54.0385 -14.7444 1.8110
v  -54.0332 -14.7311 1.8097
v  -54.0878 -14.7189 1.8110
v  -54.0800 -14.7069 1.8097
v  -54.1319 -14.6831 1.8110
v  -54.1217 -14.6729 1.8097
v  -54.1677 -14.6390 1.8110
v  -54.1557 -14.6311 1.8097
v  -54.1933 -14.5896 1.8110
v  -54.1799 -14.5844 1.8097
v  -54.1836 -14.4882 1.8055
v  -54.1795 -14.5331 1.8055
v  -54.1695 -14.4882 1.7982
v  -54.1656 -14.5305 1.7982
v  -54.1569 -14.4882 1.7880
v  -54.1533 -14.5282 1.7880
v  -54.1467 -14.4882 1.7754
v  -54.1432 -14.5263 1.7754
v  -54.0115 -14.6764 1.7613
v  -54.0142 -14.6832 1.7754
v  -54.0180 -14.6927 1.7880
v  -54.0478 -14.6576 1.7613
v  -54.0801 -14.6313 1.7613
v  -54.0518 -14.6637 1.7754
v  -54.0574 -14.6723 1.7880
v  -54.0853 -14.6365 1.7754
v  -54.0925 -14.6437 1.7880
v  -54.0226 -14.7044 1.7982
v  -54.0278 -14.7175 1.8055
v  -54.0642 -14.6828 1.7982
v  -54.0720 -14.6946 1.8055
v  -54.1014 -14.6526 1.7982
v  -54.1114 -14.6626 1.8055
v  -54.1064 -14.5989 1.7613
v  -54.1252 -14.5627 1.7613
v  -54.1125 -14.6029 1.7754
v  -54.1211 -14.6085 1.7880
v  -54.1320 -14.5654 1.7754
v  -54.1415 -14.5691 1.7880
v  -54.1316 -14.6154 1.7982
v  -54.1434 -14.6231 1.8055
v  -54.1532 -14.5738 1.7982
v  -54.1663 -14.5790 1.8055
v  10.8954 -14.5164 0.8236
v  10.8730 -14.4932 0.8187
v  10.9005 -14.5108 0.8238
v  10.8906 -14.6178 0.8690
v  10.9093 -14.6093 0.8661
v  10.9183 -14.6305 0.8896
v  10.8947 -14.6404 0.8936
v  10.8702 -14.6455 0.8967
v  10.8989 -14.6582 0.9217
v  10.8692 -14.6633 0.9251
v  10.8865 -14.5909 0.8486
v  10.9004 -14.5841 0.8470
v  10.9025 -14.6708 0.9521
v  10.8681 -14.6756 0.9552
v  10.9047 -14.6781 0.9838
v  10.9052 -14.6804 1.0153
v  10.8661 -14.6850 1.0153
v  10.8670 -14.6826 0.9857
v  11.0590 -14.5276 1.0153
v  11.0563 -14.5267 0.9838
v  11.0604 -14.4888 0.9858
v  11.0630 -14.4882 1.0153
v  10.8893 -14.5217 0.8237
v  10.9160 -14.5378 0.8318
v  10.9044 -14.5478 0.8321
v  10.9737 -14.4923 0.8504
v  11.0011 -14.4917 0.8718
v  10.9962 -14.5115 0.8694
v  10.9696 -14.5073 0.8490
v  11.0238 -14.4910 0.8972
v  11.0187 -14.5158 0.8938
v  10.9407 -14.6667 0.9814
v  10.9427 -14.6694 1.0153
v  10.9736 -14.6487 0.9797
v  10.9760 -14.6514 1.0153
v  11.0053 -14.6274 1.0153
v  11.0027 -14.6247 0.9790
v  11.0295 -14.5979 1.0153
v  11.0267 -14.5956 0.9797
v  11.0474 -14.5644 1.0153
v  11.0447 -14.5627 0.9814
v  11.0490 -14.5241 0.9521
v  11.0536 -14.4895 0.9554
v  11.0364 -14.5201 0.9217
v  11.0415 -14.4902 0.9255
v  10.9257 -14.5269 0.8322
v  11.0373 -14.5580 0.9480
v  11.0193 -14.5897 0.9450
v  10.9958 -14.6178 0.9437
v  11.0248 -14.5508 0.9170
v  11.0072 -14.5803 0.9134
v  10.9847 -14.6068 0.9119
v  10.9911 -14.5688 0.8862
v  11.0075 -14.5425 0.8895
v  10.9705 -14.5926 0.8848
v  10.9718 -14.5560 0.8636
v  10.9863 -14.5337 0.8661
v  10.9540 -14.5762 0.8625
v  10.9357 -14.5578 0.8448
v  10.9498 -14.5420 0.8455
v  10.9674 -14.6415 0.9449
v  10.9355 -14.6596 0.9480
v  10.9577 -14.6297 0.9134
v  10.9275 -14.6474 0.9171
v  10.9457 -14.6138 0.8862
v  10.9327 -14.5946 0.8635
v  10.9189 -14.5723 0.8455
v  11.3156 -14.7613 1.7466
v  11.3117 -14.7597 1.7613
v  11.3273 -14.7038 1.7613
v  11.3314 -14.7046 1.7466
v  11.0667 -14.8784 1.8110
v  11.0693 -14.8924 1.8097
v  11.0236 -14.8971 1.8096
v  11.0236 -14.8823 1.8110
v  11.3377 -14.6457 1.7466
v  11.3390 -14.6457 1.7323
v  11.3324 -14.7048 1.7319
v  11.3335 -14.6457 1.7613
v  11.3201 -14.7025 1.7754
v  11.3262 -14.6457 1.7754
v  11.3101 -14.7005 1.7880
v  11.3159 -14.6457 1.7880
v  11.2977 -14.6982 1.7982
v  11.3033 -14.6457 1.7982
v  11.2839 -14.6955 1.8055
v  11.2892 -14.6457 1.8055
v  11.2696 -14.6928 1.8097
v  11.2746 -14.6457 1.8097
v  11.2559 -14.6900 1.8110
v  11.2603 -14.6457 1.8110
v  11.2570 -14.7380 1.8097
v  11.2436 -14.7328 1.8110
v  11.2337 -14.7830 1.8097
v  11.2217 -14.7752 1.8110
v  11.2011 -14.8231 1.8097
v  11.1909 -14.8130 1.8110
v  11.1610 -14.8557 1.8097
v  11.1531 -14.8437 1.8110
v  11.1160 -14.8790 1.8097
v  11.1107 -14.8657 1.8110
v  11.0719 -14.9069 1.8055
v  11.0236 -14.9118 1.8053
v  11.0745 -14.9207 1.7982
v  11.0236 -14.9258 1.7979
v  11.0768 -14.9331 1.7880
v  11.0236 -14.9380 1.7880
v  11.0787 -14.9432 1.7754
v  11.0236 -14.9480 1.7757
v  11.0800 -14.9503 1.7613
v  11.0236 -14.9553 1.7618
v  11.0808 -14.9545 1.7466
v  11.0236 -14.9596 1.7470
v  11.0811 -14.9553 1.7315
v  11.0236 -14.9610 1.7323
v  11.1392 -14.9377 1.7466
v  11.1377 -14.9338 1.7613
v  11.1932 -14.9050 1.7613
v  11.1955 -14.9085 1.7466
v  11.2427 -14.8648 1.7613
v  11.2457 -14.8677 1.7466
v  11.1350 -14.9270 1.7754
v  11.1312 -14.9175 1.7880
v  11.1892 -14.8989 1.7754
v  11.1836 -14.8903 1.7880
v  11.2375 -14.8596 1.7754
v  11.2303 -14.8524 1.7880
v  11.1266 -14.9057 1.7982
v  11.1214 -14.8926 1.8055
v  11.1767 -14.8798 1.7982
v  11.1690 -14.8680 1.8055
v  11.2214 -14.8435 1.7982
v  11.2114 -14.8335 1.8055
v  11.2768 -14.8112 1.7754
v  11.2830 -14.8152 1.7613
v  11.2683 -14.8056 1.7880
v  11.3049 -14.7570 1.7754
v  11.2954 -14.7533 1.7880
v  11.2577 -14.7987 1.7982
v  11.2459 -14.7910 1.8055
v  11.2837 -14.7486 1.7982
v  11.2706 -14.7434 1.8055
v  -54.3865 -14.7613 1.7466
v  -54.3826 -14.7597 1.7613
v  -54.3538 -14.8152 1.7613
v  -54.3574 -14.8175 1.7466
v  -54.3136 -14.8648 1.7613
v  -54.3166 -14.8677 1.7466
v  -54.3272 -14.6887 1.8110
v  -54.3413 -14.6913 1.8097
v  -54.3455 -14.6457 1.8097
v  -54.3311 -14.6457 1.8110
v  -54.4099 -14.6457 1.7323
v  -54.4085 -14.6457 1.7466
v  -54.4033 -14.7028 1.7466
v  -54.4042 -14.7031 1.7315
v  -54.4043 -14.6457 1.7613
v  -54.3992 -14.7020 1.7613
v  -54.3970 -14.6457 1.7754
v  -54.3920 -14.7007 1.7754
v  -54.3868 -14.6457 1.7880
v  -54.3819 -14.6989 1.7880
v  -54.3742 -14.6457 1.7982
v  -54.3695 -14.6966 1.7982
v  -54.3601 -14.6457 1.8055
v  -54.3557 -14.6940 1.8055
v  -54.3145 -14.7328 1.8110
v  -54.3278 -14.7380 1.8097
v  -54.2925 -14.7752 1.8110
v  -54.3045 -14.7830 1.8097
v  -54.2618 -14.8130 1.8110
v  -54.2719 -14.8231 1.8097
v  -54.2240 -14.8437 1.8110
v  -54.2318 -14.8557 1.8097
v  -54.1816 -14.8657 1.8110
v  -54.1869 -14.8790 1.8097
v  -54.1376 -14.8783 1.8110
v  -54.1402 -14.8924 1.8097
v  -54.0945 -14.8823 1.8110
v  -54.0945 -14.8970 1.8096
v  -54.0945 -14.9118 1.8053
v  -54.1428 -14.9068 1.8055
v  -54.0945 -14.9258 1.7979
v  -54.1454 -14.9207 1.7982
v  -54.0945 -14.9380 1.7880
v  -54.1477 -14.9331 1.7880
v  -54.0945 -14.9479 1.7757
v  -54.1495 -14.9432 1.7754
v  -54.0945 -14.9553 1.7618
v  -54.1509 -14.9503 1.7613
v  -54.0945 -14.9596 1.7470
v  -54.1516 -14.9545 1.7466
v  -54.0945 -14.9610 1.7323
v  -54.1517 -14.9554 1.7316
v  -54.3758 -14.7570 1.7754
v  -54.3663 -14.7533 1.7880
v  -54.3477 -14.8112 1.7754
v  -54.3391 -14.8056 1.7880
v  -54.3084 -14.8596 1.7754
v  -54.3012 -14.8524 1.7880
v  -54.3546 -14.7486 1.7982
v  -54.3415 -14.7434 1.8055
v  -54.3286 -14.7987 1.7982
v  -54.3168 -14.7910 1.8055
v  -54.2923 -14.8435 1.7982
v  -54.2823 -14.8335 1.8055
v  -54.2600 -14.8989 1.7754
v  -54.2640 -14.9050 1.7613
v  -54.2544 -14.8903 1.7880
v  -54.2059 -14.9270 1.7754
v  -54.2085 -14.9338 1.7613
v  -54.2021 -14.9174 1.7880
v  -54.2476 -14.8798 1.7982
v  -54.2398 -14.8680 1.8055
v  -54.1975 -14.9057 1.7982
v  -54.1923 -14.8926 1.8055
v  11.2865 -14.8175 1.7466
v  -54.2663 -14.9085 1.7466
v  -54.2101 -14.9377 1.7466
v  -54.3872 -14.7615 1.7315
v  -54.3580 -14.8180 1.7315
v  -54.3172 -14.8684 1.7315
v  -54.2668 -14.9092 1.7315
v  -54.2104 -14.9383 1.7315
v  11.1395 -14.9384 1.7315
v  11.1959 -14.9092 1.7315
v  11.2463 -14.8684 1.7315
v  11.2872 -14.8180 1.7315
v  11.3163 -14.7615 1.7315
v  -41.6820 -14.6850 1.7323
v  -41.6820 -14.6865 1.7473
v  -47.6283 -14.6865 1.7474
v  -47.6283 -14.6850 1.7323
v  -41.6820 -14.6909 1.7622
v  -47.6283 -14.6910 1.7623
v  -41.6820 -14.6983 1.7760
v  -47.6283 -14.6983 1.7761
v  -41.6820 -14.7081 1.7880
v  -47.6283 -14.7081 1.7880
v  -41.6820 -14.7201 1.7978
v  -47.6283 -14.7200 1.7977
v  -41.6820 -14.7339 1.8051
v  -47.6283 -14.7338 1.8051
v  -41.6820 -14.7487 1.8096
v  -47.6283 -14.7486 1.8096
v  -41.6820 -14.7638 1.8110
v  -47.6283 -14.7638 1.8110
v  -41.6820 -14.8823 1.8110
v  -41.6820 -14.8970 1.8096
v  -47.6283 -14.8970 1.8096
v  -47.6283 -14.8823 1.8110
v  -41.6820 -14.9118 1.8053
v  -47.6283 -14.9118 1.8053
v  -41.6820 -14.9258 1.7979
v  -47.6283 -14.9258 1.7979
v  -41.6820 -14.9380 1.7880
v  -47.6283 -14.9380 1.7880
v  -41.6820 -14.9479 1.7757
v  -47.6283 -14.9479 1.7757
v  -41.6820 -14.9553 1.7618
v  -47.6283 -14.9553 1.7618
v  -41.6820 -14.9596 1.7470
v  -47.6283 -14.9596 1.7470
v  -41.6820 -14.9610 1.7323
v  -47.6283 -14.9610 1.7323
v  -41.6820 -14.3945 0.8061
v  -41.6820 -14.5040 0.8137
v  -47.6283 -14.5036 0.8150
v  -47.6283 -14.3941 0.8068
v  -41.6820 -14.5367 0.8193
v  -41.6820 -14.5679 0.8299
v  -47.6283 -14.5678 0.8304
v  -47.6283 -14.5364 0.8204
v  -41.6820 -14.5981 0.8468
v  -47.6283 -14.5985 0.8466
v  -41.6820 -14.6253 0.8691
v  -47.6283 -14.6260 0.8688
v  -41.6820 -14.6482 0.8957
v  -47.6283 -14.6488 0.8955
v  -41.6820 -14.6658 0.9252
v  -47.6283 -14.6659 0.9252
v  -41.6820 -14.6774 0.9564
v  -47.6283 -14.6772 0.9563
v  -41.6820 -14.6835 0.9877
v  -47.6283 -14.6832 0.9877
v  -41.6820 -14.6850 1.0181
v  -47.6283 -14.6850 1.0184
v  -53.9370 -14.6850 1.0188
v  -53.9371 -14.6850 1.7112
v  -53.9730 -14.6817 1.7112
v  -53.9773 -14.6809 1.0188
v  -54.0096 -14.6712 1.7112
v  -54.0152 -14.6688 1.0188
v  -54.0448 -14.6529 1.7112
v  -54.0486 -14.6504 1.0188
v  -54.0762 -14.6274 1.7112
v  -54.0762 -14.6274 1.0188
v  -54.1017 -14.5960 1.7112
v  -54.0992 -14.5997 1.0188
v  -54.1200 -14.5608 1.7112
v  -54.1177 -14.5664 1.0188
v  -54.1306 -14.5241 1.7112
v  -54.1297 -14.5285 1.0188
v  -54.1339 -14.4882 1.7112
v  -54.1339 -14.4882 1.0188
v  -54.3241 -14.6453 1.8110
v  -54.2196 -14.4885 1.8110
v  -54.2149 -14.5396 1.8110
v  -54.3203 -14.6874 1.8110
v  -54.1998 -14.5922 1.8110
v  -54.3080 -14.7302 1.8110
v  -54.1736 -14.6428 1.8110
v  -54.2867 -14.7713 1.8110
v  -54.1369 -14.6880 1.8110
v  -54.2568 -14.8080 1.8110
v  -54.2201 -14.8378 1.8110
v  -54.0917 -14.7247 1.8110
v  -54.1790 -14.8591 1.8110
v  -54.0411 -14.7510 1.8110
v  -54.1363 -14.8714 1.8110
v  -53.9885 -14.7661 1.8110
v  -54.0942 -14.8753 1.8110
v  -53.9373 -14.7708 1.8110
v  0.6784 -14.8753 1.8110
v  0.6784 -14.7708 1.8110
v  5.2149 -14.7708 1.8110
v  5.2149 -14.8753 1.8110
v  11.0233 -14.8753 1.8110
v  10.8665 -14.7708 1.8110
v  10.9176 -14.7661 1.8110
v  11.0654 -14.8714 1.8110
v  10.9702 -14.7510 1.8110
v  11.1081 -14.8592 1.8110
v  11.0208 -14.7247 1.8110
v  11.1492 -14.8378 1.8110
v  11.0660 -14.6880 1.8110
v  11.1860 -14.8080 1.8110
v  11.2158 -14.7713 1.8110
v  11.1027 -14.6429 1.8110
v  11.2371 -14.7302 1.8110
v  11.1289 -14.5922 1.8110
v  11.2486 -14.6886 1.8110
v  11.1431 -14.5414 1.8110
v  11.2533 -14.6454 1.8110
v  11.1487 -14.4885 1.8110
v  11.0630 -14.4882 1.7111
v  11.0590 -14.5252 1.7111
v  11.0491 -14.5608 1.7111
v  11.0308 -14.5960 1.7111
v  11.0053 -14.6274 1.7111
v  10.9739 -14.6529 1.7111
v  10.9387 -14.6712 1.7111
v  10.9021 -14.6817 1.7111
v  10.8661 -14.6850 1.7111
v  -41.6820 -14.6850 1.7112
v  -47.6283 -14.6850 1.7112
v  5.2149 -14.6864 1.7467
v  0.6784 -14.6864 1.7467
v  0.6784 -14.6850 1.7323
v  5.2149 -14.6850 1.7323
v  5.2149 -14.6906 1.7614
v  0.6784 -14.6907 1.7614
v  5.2149 -14.6979 1.7754
v  0.6784 -14.6980 1.7755
v  5.2149 -14.7081 1.7880
v  0.6784 -14.7081 1.7880
v  5.2149 -14.7206 1.7981
v  0.6784 -14.7206 1.7981
v  5.2149 -14.7347 1.8055
v  0.6784 -14.7346 1.8054
v  5.2149 -14.7494 1.8097
v  0.6784 -14.7493 1.8097
v  5.2149 -14.7638 1.8110
v  0.6784 -14.7638 1.8110
v  5.2149 -14.8971 1.8096
v  0.6784 -14.8971 1.8096
v  0.6784 -14.8823 1.8110
v  5.2149 -14.8823 1.8110
v  5.2149 -14.9118 1.8053
v  0.6784 -14.9118 1.8053
v  5.2149 -14.9258 1.7979
v  0.6784 -14.9258 1.7979
v  5.2149 -14.9380 1.7880
v  0.6784 -14.9380 1.7880
v  5.2149 -14.9480 1.7757
v  0.6784 -14.9480 1.7757
v  5.2149 -14.9553 1.7618
v  0.6784 -14.9553 1.7618
v  5.2149 -14.9596 1.7470
v  0.6784 -14.9596 1.7470
v  5.2149 -14.9610 1.7323
v  0.6784 -14.9606 1.7322
v  0.6786 -14.5227 0.8123
v  0.6784 -14.3964 0.7986
v  5.2149 -14.3971 0.7974
v  5.2118 -14.5186 0.8101
v  5.2140 -14.5774 0.8293
v  0.6789 -14.5820 0.8317
v  0.6788 -14.5532 0.8197
v  5.2126 -14.5489 0.8175
v  5.2150 -14.6051 0.8463
v  0.6788 -14.6092 0.8489
v  5.2152 -14.6300 0.8684
v  0.6787 -14.6332 0.8708
v  5.2151 -14.6512 0.8945
v  0.6786 -14.6530 0.8965
v  5.2150 -14.6675 0.9237
v  0.6784 -14.6682 0.9251
v  5.2149 -14.6783 0.9545
v  0.6784 -14.6783 0.9555
v  5.2149 -14.6840 0.9856
v  0.6784 -14.6836 0.9862
v  5.2149 -14.6850 1.0156
v  0.6784 -14.6850 1.0159
v  -41.6820 -14.8753 1.8110
v  -47.6283 -14.8753 1.8110
v  -47.6283 -14.7708 1.8110
v  -41.6820 -14.7708 1.8110
v  -54.2126 -4.0860 1.8110
v  -54.1983 -4.0860 1.8097
v  -54.1983 -7.9789 1.8097
v  -54.2126 -7.9789 1.8110
v  -54.1352 -4.0860 1.7466
v  -54.1339 -4.0860 1.7323
v  -54.1339 -7.9789 1.7323
v  -54.1352 -7.9789 1.7466
v  -54.1836 -4.0860 1.8055
v  -54.1836 -7.9789 1.8055
v  -54.1695 -4.0860 1.7982
v  -54.1695 -7.9789 1.7982
v  -54.1569 -4.0860 1.7880
v  -54.1569 -7.9789 1.7880
v  -54.1467 -4.0860 1.7754
v  -54.1467 -7.9789 1.7754
v  -54.1394 -4.0860 1.7613
v  -54.1394 -7.9789 1.7613
v  -54.3455 -4.0860 1.8097
v  -54.3311 -4.0860 1.8110
v  -54.3311 -7.9789 1.8110
v  -54.3455 -7.9789 1.8097
v  -54.4099 -4.0860 1.7323
v  -54.4085 -4.0860 1.7466
v  -54.4085 -7.9789 1.7466
v  -54.4099 -7.9789 1.7323
v  -54.4043 -4.0860 1.7613
v  -54.4043 -7.9789 1.7613
v  -54.3970 -4.0860 1.7754
v  -54.3970 -7.9789 1.7754
v  -54.3868 -4.0860 1.7880
v  -54.3868 -7.9789 1.7880
v  -54.3742 -4.0860 1.7982
v  -54.3742 -7.9789 1.7982
v  -54.3601 -4.0860 1.8055
v  -54.3601 -7.9789 1.8055
v  -54.1339 -4.0860 1.0188
v  -54.1320 -4.0860 0.9892
v  -54.1318 -7.9789 0.9893
v  -54.1339 -7.9789 1.0188
v  -54.1260 -4.0860 0.9589
v  -54.1255 -7.9789 0.9591
v  -54.1147 -4.0860 0.9287
v  -54.1141 -7.9789 0.9291
v  -54.0978 -4.0860 0.8999
v  -54.0971 -7.9789 0.9005
v  -54.0753 -4.0860 0.8733
v  -54.0745 -7.9789 0.8742
v  -54.0474 -4.0860 0.8506
v  -54.0467 -7.9789 0.8518
v  -54.0145 -4.0860 0.8331
v  -54.0140 -7.9789 0.8345
v  -53.9790 -4.0860 0.8219
v  -53.9786 -7.9789 0.8236
v  -53.9419 -4.0860 0.8162
v  -53.9418 -7.9789 0.8182
v  -54.3241 -4.0860 1.8110
v  -54.2196 -4.0860 1.8110
v  -54.2196 -7.9789 1.8110
v  -54.3241 -7.9789 1.8110
v  11.0685 -5.0089 1.7613
v  11.0758 -5.0089 1.7754
v  11.0758 -9.8918 1.7754
v  11.0685 -9.8918 1.7613
v  11.0643 -5.0089 1.7466
v  11.0643 -9.8918 1.7466
v  11.0630 -5.0089 1.7323
v  11.0630 -9.8918 1.7323
v  11.1274 -5.0089 1.8097
v  11.1417 -5.0089 1.8110
v  11.1417 -9.8918 1.8110
v  11.1274 -9.8918 1.8097
v  11.1127 -5.0089 1.8055
v  11.1127 -9.8918 1.8055
v  11.0986 -5.0089 1.7982
v  11.0986 -9.8918 1.7982
v  11.0861 -5.0089 1.7880
v  11.0861 -9.8918 1.7880
v  11.0604 -5.0089 0.9858
v  11.0630 -5.0089 1.0153
v  11.0630 -9.8918 1.0153
v  11.0610 -9.8918 0.9855
v  11.0536 -5.0089 0.9555
v  11.0549 -9.8918 0.9547
v  11.0416 -5.0089 0.9255
v  11.0436 -9.8918 0.9240
v  11.0239 -5.0089 0.8973
v  11.0266 -9.8918 0.8947
v  11.0007 -5.0089 0.8720
v  11.0040 -9.8918 0.8682
v  10.9734 -5.0089 0.8494
v  10.9762 -9.8919 0.8460
v  10.9428 -5.0089 0.8308
v  10.9444 -9.8919 0.8293
v  10.9094 -5.0089 0.8172
v  10.9098 -9.8919 0.8185
v  10.8742 -5.0089 0.8089
v  10.8738 -9.8919 0.8126
v  11.3377 -5.0089 1.7466
v  11.3390 -5.0089 1.7323
v  11.3390 -9.8918 1.7323
v  11.3377 -9.8918 1.7466
v  11.3335 -5.0089 1.7613
v  11.3335 -9.8918 1.7613
v  11.3262 -5.0089 1.7754
v  11.3262 -9.8918 1.7754
v  11.3159 -5.0089 1.7880
v  11.3159 -9.8918 1.7880
v  11.3033 -5.0089 1.7982
v  11.3033 -9.8918 1.7982
v  11.2892 -5.0089 1.8055
v  11.2892 -9.8918 1.8055
v  11.2746 -5.0089 1.8097
v  11.2746 -9.8918 1.8097
v  11.2603 -5.0089 1.8110
v  11.2603 -9.8918 1.8110
v  11.1487 -9.8918 1.8110
v  11.1487 -5.0089 1.8110
v  11.2533 -5.0089 1.8110
v  11.2533 -9.8918 1.8110
v  11.0630 -5.0089 1.7111
v  11.0630 -9.8918 1.7111
v  0.6784 -14.6850 1.7111
v  5.2149 -14.6850 1.7111
v  -54.1339 -4.0860 1.7112
v  -54.1339 -7.9789 1.7112
v  -36.6462 -14.6850 1.7323
v  -36.6462 -14.6865 1.7473
v  -50.8019 -14.6865 1.7475
v  -50.8019 -14.6850 1.7323
v  -36.6462 -14.6909 1.7621
v  -50.8019 -14.6910 1.7624
v  -36.6462 -14.6983 1.7759
v  -50.8019 -14.6984 1.7761
v  -36.6462 -14.7081 1.7880
v  -50.8019 -14.7081 1.7880
v  -36.6462 -14.7201 1.7978
v  -50.8019 -14.7199 1.7977
v  -36.6462 -14.7340 1.8051
v  -50.8019 -14.7337 1.8050
v  -36.6462 -14.7488 1.8096
v  -50.8019 -14.7486 1.8095
v  -36.6462 -14.7638 1.8110
v  -50.8019 -14.7638 1.8110
v  -36.6462 -14.8823 1.8110
v  -36.6462 -14.8970 1.8096
v  -50.8019 -14.8970 1.8096
v  -50.8019 -14.8823 1.8110
v  -36.6462 -14.9118 1.8053
v  -50.8019 -14.9118 1.8053
v  -36.6462 -14.9258 1.7979
v  -50.8019 -14.9258 1.7979
v  -36.6462 -14.9380 1.7880
v  -50.8019 -14.9380 1.7880
v  -36.6462 -14.9479 1.7757
v  -50.8019 -14.9479 1.7757
v  -36.6462 -14.9553 1.7618
v  -50.8019 -14.9553 1.7618
v  -36.6462 -14.9596 1.7470
v  -50.8019 -14.9596 1.7470
v  -36.6462 -14.9610 1.7323
v  -50.8019 -14.9610 1.7323
v  -36.6462 -14.3941 0.8055
v  -36.6462 -14.5043 0.8131
v  -50.8019 -14.5353 0.8241
v  -50.8019 -14.5030 0.8191
v  -36.6462 -14.5370 0.8189
v  -36.6462 -14.5682 0.8295
v  -50.8019 -14.5663 0.8338
v  -36.6462 -14.5984 0.8465
v  -50.8019 -14.5967 0.8496
v  -36.6462 -14.6256 0.8688
v  -50.8019 -14.6242 0.8712
v  -36.6462 -14.6484 0.8955
v  -50.8019 -14.6470 0.8972
v  -36.6462 -14.6660 0.9250
v  -50.8019 -14.6644 0.9263
v  -36.6462 -14.6774 0.9562
v  -50.8019 -14.6763 0.9569
v  -36.6462 -14.6835 0.9875
v  -50.8019 -14.6828 0.9880
v  -36.6462 -14.6850 1.0179
v  -50.8019 -14.6850 1.0186
v  -36.6462 -14.6850 1.7112
v  -50.8019 -14.8753 1.8110
v  -50.8019 -14.7708 1.8110
v  -36.6462 -14.7708 1.8110
v  -36.6462 -14.8753 1.8110
v  -50.8019 -14.6850 1.7112
v  -54.2126 -0.0000 1.8110
v  -54.1983 -11.2526 1.8097
v  -54.2126 -11.2526 1.8110
v  -54.1339 -0.0000 1.7323
v  -54.1339 -11.2526 1.7323
v  -54.1352 -11.2526 1.7466
v  -54.1836 -11.2526 1.8055
v  -54.1695 -11.2526 1.7982
v  -54.1569 -11.2526 1.7880
v  -54.1467 -11.2526 1.7754
v  -54.1394 -0.0000 1.7613
v  -54.1394 -11.2526 1.7613
v  -54.3455 -0.0000 1.8097
v  -54.3311 -0.0000 1.8110
v  -54.3311 -11.2526 1.8110
v  -54.3455 -11.2526 1.8097
v  -54.4099 -0.0000 1.7323
v  -54.4085 -11.2526 1.7466
v  -54.4099 -11.2526 1.7323
v  -54.4043 -11.2526 1.7613
v  -54.3970 -0.0000 1.7754
v  -54.3970 -11.2526 1.7754
v  -54.3868 -11.2526 1.7880
v  -54.3742 -0.0000 1.7982
v  -54.3742 -11.2526 1.7982
v  -54.3601 -0.0000 1.8055
v  -54.3601 -11.2526 1.8055
v  -54.1316 -11.2526 0.9894
v  -54.1339 -11.2526 1.0188
v  -54.1264 -0.0000 0.9587
v  -54.1251 -11.2526 0.9593
v  -54.1153 -0.0000 0.9283
v  -54.1134 -11.2526 0.9295
v  -54.0963 -11.2526 0.9012
v  -54.0737 -11.2526 0.8751
v  -54.0459 -11.2526 0.8530
v  -54.0151 -0.0000 0.8318
v  -54.0134 -11.2526 0.8359
v  -53.9793 -0.0000 0.8208
v  -53.9782 -11.2526 0.8253
v  -53.9416 -11.2526 0.8201
v  -54.1339 -11.2526 1.7112
v  -54.3241 -0.0000 1.8110
v  -54.2196 -0.0000 1.8110
v  -54.2196 -11.2526 1.8110
v  -54.3241 -11.2526 1.8110
v  11.0758 -11.6952 1.7754
v  11.0685 -11.6952 1.7613
v  11.0643 -11.6952 1.7466
v  11.0630 -0.0000 1.7323
v  11.0630 -11.6952 1.7323
v  11.1274 -0.0000 1.8097
v  11.1417 -0.0000 1.8110
v  11.1417 -11.6952 1.8110
v  11.1274 -11.6952 1.8097
v  11.1127 -11.6952 1.8055
v  11.0986 -11.6952 1.7982
v  11.0861 -11.6952 1.7880
v  11.0630 -0.0000 1.0153
v  11.0630 -11.6952 1.0153
v  11.0608 -11.6952 0.9856
v  11.0563 -0.0000 0.9539
v  11.0544 -11.6952 0.9550
v  11.0456 -0.0000 0.9226
v  11.0428 -11.6952 0.9246
v  11.0290 -0.0000 0.8924
v  11.0257 -11.6952 0.8956
v  11.0065 -0.0000 0.8651
v  11.0030 -11.6952 0.8694
v  10.9786 -0.0000 0.8420
v  10.9754 -11.6952 0.8475
v  10.9463 -0.0000 0.8247
v  10.9437 -11.6952 0.8311
v  10.9111 -0.0000 0.8135
v  10.9093 -11.6952 0.8206
v  10.8735 -11.6952 0.8150
v  11.3390 -11.6952 1.7323
v  11.3377 -11.6952 1.7466
v  11.3335 -11.6952 1.7613
v  11.3262 -0.0000 1.7754
v  11.3262 -11.6952 1.7754
v  11.3159 -11.6952 1.7880
v  11.3033 -11.6952 1.7982
v  11.2892 -11.6952 1.8055
v  11.2746 -0.0000 1.8097
v  11.2746 -11.6952 1.8097
v  11.2603 -0.0000 1.8110
v  11.2603 -11.6952 1.8110
v  11.1487 -0.0000 1.8110
v  11.2533 -11.6952 1.8110
v  11.1487 -11.6952 1.8110
v  11.0630 -0.0000 1.7111
v  11.0630 -11.6952 1.7111
v  7.5428 -14.7708 1.8110
v  7.5428 -14.8753 1.8110
v  7.5428 -14.6850 1.7323
v  7.5428 -14.6864 1.7467
v  7.5428 -14.6906 1.7613
v  7.5428 -14.6979 1.7754
v  7.5428 -14.7081 1.7880
v  7.5428 -14.7207 1.7982
v  7.5428 -14.7347 1.8055
v  7.5428 -14.7494 1.8097
v  7.5428 -14.7638 1.8110
v  7.5428 -14.8823 1.8110
v  7.5428 -14.8971 1.8096
v  7.5428 -14.9118 1.8053
v  7.5428 -14.9258 1.7979
v  7.5428 -14.9380 1.7880
v  7.5428 -14.9480 1.7757
v  7.5428 -14.9553 1.7618
v  7.5428 -14.9596 1.7470
v  7.5428 -14.9610 1.7323
v  7.5428 -14.3962 0.7969
v  7.5401 -14.5182 0.8098
v  7.5410 -14.5475 0.8168
v  7.5425 -14.5753 0.8278
v  7.5432 -14.6033 0.8448
v  7.5431 -14.6289 0.8670
v  7.5429 -14.6508 0.8935
v  7.5428 -14.6673 0.9230
v  7.5428 -14.6783 0.9541
v  7.5428 -14.6840 0.9854
v  7.5428 -14.6850 1.0155
v  7.5428 -14.6850 1.7111
v  10.6754 -0.0000 0.7864
v  10.6749 -5.0089 0.7896
v  9.8719 -2.5256 0.7065
v  -53.7422 -4.0860 0.8052
v  -50.9141 -4.1223 0.6551
v  -50.5989 -5.4718 0.6537
v  -53.7420 -7.9789 0.8094
v  -50.1763 -6.7791 0.6513
v  -51.3494 -0.0000 0.6590
v  -51.2979 -1.3489 0.6583
v  -51.1679 -2.7683 0.6579
v  -41.6820 -14.2921 0.7988
v  -43.1990 -12.5221 0.6786
v  -41.6876 -12.5622 0.6800
v  -48.3707 -10.4947 0.6450
v  -53.7417 -14.2908 0.8159
v  -49.0611 -9.2938 0.6466
v  -47.9485 -11.0471 0.6443
v  -47.4117 -11.5411 0.6449
v  -47.6283 -14.2916 0.7998
v  -46.9528 -11.8903 0.6503
v  -46.5523 -12.1012 0.6561
v  -46.1266 -12.2571 0.6645
v  -45.4993 -12.4090 0.6736
v  -44.8584 -12.4882 0.6782
v  -50.8019 -14.2912 0.8082
v  -53.7418 -11.2526 0.8129
v  -49.6618 -8.0600 0.6488
v  -26.5746 -14.2930 0.7961
v  -26.5719 -12.8893 0.6885
v  -20.5907 -13.0166 0.6917
v  -20.5907 -14.2934 0.7948
v  0.6784 -14.2948 0.7886
v  0.6835 -13.4672 0.7072
v  5.2211 -13.5618 0.7111
v  5.2149 -14.2952 0.7868
v  9.6806 -5.0292 0.6989
v  9.3639 -7.4985 0.6888
v  10.6740 -9.8919 0.7978
v  8.7630 -10.6542 0.6754
v  8.8485 -10.2940 0.6767
v  8.9227 -9.9312 0.6787
v  10.6741 -14.2949 0.8069
v  7.5428 -12.7872 0.6680
v  7.8023 -12.5495 0.6642
v  8.0387 -12.2869 0.6640
v  8.2427 -11.9990 0.6660
v  5.5788 -13.5487 0.7097
v  5.9330 -13.5034 0.7045
v  8.5624 -11.3652 0.6713
v  8.6680 -11.0011 0.6733
v  10.6741 -11.6952 0.8015
v  9.9309 -0.0000 0.7088
v  -36.6342 -12.3582 0.6523
v  -36.6348 -12.4694 0.6691
v  -14.8488 -12.8107 0.6581
v  -14.8497 -12.9388 0.6780
v  5.9080 -13.3068 0.6836
v  5.8822 -13.1711 0.6556
v  10.7770 -5.0089 0.7995
v  10.7775 -0.0000 0.7970
v  10.7766 -9.8919 0.8054
v  10.7752 -11.6952 0.8083
v  10.7732 -14.3938 0.8127
v  -26.5746 -14.5047 0.8130
v  -26.5746 -14.3934 0.8039
v  -20.5907 -14.3932 0.8029
v  -20.5907 -14.5050 0.8124
v  -53.8430 -11.2526 0.8165
v  -53.8415 -14.3904 0.8188
v  -53.9414 -14.4903 0.8220
v  -53.8447 -4.0860 0.8108
v  -53.8445 -7.9789 0.8139
v  -53.8448 -0.0000 0.8094
v  -51.2029 -1.3787 0.6527
v  -51.0732 -2.7526 0.6525
v  -50.8351 -4.1092 0.6509
v  -50.5057 -5.4423 0.6491
v  -50.0819 -6.7461 0.6471
v  -49.5721 -8.0169 0.6452
v  -48.9760 -9.2426 0.6436
v  -48.2880 -10.4381 0.6421
v  -47.8692 -10.9853 0.6416
v  -46.9051 -11.8023 0.6462
v  -47.3794 -11.4662 0.6425
v  -46.0921 -12.1635 0.6584
v  -46.5095 -12.0077 0.6510
v  -45.4698 -12.3169 0.6676
v  -44.8627 -12.3873 0.6716
v  -43.1982 -12.4263 0.6724
v  -41.6849 -12.4624 0.6733
v  -26.5712 -12.7895 0.6802
v  -20.5907 -12.9168 0.6835
v  0.6805 -13.3675 0.6973
v  5.2174 -13.4621 0.7008
v  5.5753 -13.4512 0.6995
v  5.9299 -13.4094 0.6945
v  6.5771 -13.2231 0.6772
v  6.6163 -13.3184 0.6859
v  6.2673 -13.4218 0.6953
v  6.2579 -13.3327 0.6860
v  7.1957 -12.9169 0.6664
v  7.2576 -12.9925 0.6719
v  6.9504 -13.1596 0.6771
v  6.8946 -13.0858 0.6711
v  7.7283 -12.4820 0.6596
v  7.4744 -12.7149 0.6628
v  8.1615 -11.9394 0.6614
v  7.9597 -12.2225 0.6596
v  8.4661 -11.3286 0.6658
v  8.4063 -11.6952 0.6680
v  8.3300 -11.6421 0.6635
v  8.6659 -10.6433 0.6698
v  8.5768 -10.9895 0.6681
v  8.8244 -9.9156 0.6724
v  8.7498 -10.2805 0.6711
v  9.2627 -7.4823 0.6809
v  9.5814 -5.0212 0.6899
v  9.7698 -2.5206 0.6962
v  -51.2527 -0.0000 0.6532
v  7.5430 -14.2958 0.7865
v  -14.8504 -14.2938 0.7930
v  -14.8504 -14.3941 0.8017
v  -36.6462 -14.2924 0.7980
v  -50.8019 -14.3922 0.8130
v  5.8067 -12.7816 0.3987
v  5.8237 -12.8617 0.4844
v  5.8417 -12.9533 0.5565
v  5.8610 -13.0580 0.6156
v  5.7905 -12.7159 0.3025
v  10.8729 -14.5300 0.8239
v  10.8726 -14.5636 0.8338
v  10.8719 -14.5948 0.8498
v  10.8712 -14.6224 0.8712
v  10.9429 -14.4928 0.8343
v  10.9096 -14.4931 0.8241
v  -3.8471 -12.5150 0.1914
v  -8.1537 -12.4226 0.1943
v  -8.1541 -12.3844 0.0773
v  -3.8476 -12.4779 0.0753
v  -14.8469 -12.5918 0.5665
v  -14.8464 -12.4942 0.4950
v  -8.1540 -12.6308 0.4906
v  -8.1549 -12.7277 0.5629
v  -14.8478 -12.6978 0.6204
v  -8.1568 -12.8340 0.6194
v  -8.1589 -12.9476 0.6593
v  -14.8461 -12.4079 0.4084
v  -14.8460 -12.3366 0.3106
v  -8.1533 -12.4769 0.3037
v  -8.1533 -12.5463 0.4025
v  -8.1610 -13.0978 0.6832
v  -14.8504 -14.8753 1.8110
v  -14.8504 -14.7708 1.8110
v  -8.1619 -14.7708 1.8110
v  -8.1619 -14.8753 1.8110
v  -14.8504 -14.6864 1.7470
v  -14.8504 -14.6850 1.7323
v  -8.1619 -14.6850 1.7323
v  -8.1619 -14.6864 1.7469
v  -14.8504 -14.6908 1.7617
v  -8.1619 -14.6907 1.7616
v  -14.8504 -14.6981 1.7757
v  -8.1619 -14.6980 1.7756
v  -14.8504 -14.7081 1.7880
v  -8.1619 -14.7081 1.7880
v  -14.8504 -14.7204 1.7980
v  -8.1619 -14.7205 1.7980
v  -14.8504 -14.7343 1.8053
v  -8.1619 -14.7345 1.8053
v  -14.8504 -14.7491 1.8096
v  -8.1619 -14.7492 1.8096
v  -14.8504 -14.7638 1.8110
v  -8.1619 -14.7638 1.8110
v  -14.8504 -14.8971 1.8096
v  -14.8504 -14.8823 1.8110
v  -8.1619 -14.8823 1.8110
v  -8.1619 -14.8971 1.8096
v  -14.8504 -14.9118 1.8053
v  -8.1619 -14.9118 1.8053
v  -14.8504 -14.9258 1.7979
v  -8.1619 -14.9258 1.7979
v  -14.8504 -14.9380 1.7880
v  -8.1619 -14.9380 1.7880
v  -14.8504 -14.9480 1.7757
v  -8.1619 -14.9480 1.7757
v  -14.8504 -14.9553 1.7618
v  -8.1619 -14.9553 1.7618
v  -14.8504 -14.9596 1.7470
v  -8.1619 -14.9596 1.7470
v  -14.8504 -14.9610 1.7323
v  -8.1619 -14.9610 1.7323
v  -14.8504 -14.5381 0.8174
v  -14.8504 -14.5053 0.8117
v  -8.1619 -14.5056 0.8109
v  -8.1619 -14.5384 0.8168
v  -14.8504 -14.5696 0.8276
v  -8.1619 -14.5699 0.8271
v  -14.8504 -14.6002 0.8443
v  -8.1619 -14.6005 0.8438
v  -14.8504 -14.6276 0.8668
v  -8.1619 -14.6279 0.8664
v  -14.8504 -14.6501 0.8939
v  -8.1619 -14.6504 0.8935
v  -14.8504 -14.6669 0.9240
v  -8.1619 -14.6671 0.9235
v  -14.8504 -14.6777 0.9553
v  -8.1619 -14.6779 0.9549
v  -14.8504 -14.6834 0.9866
v  -8.1619 -14.6834 0.9862
v  -14.8504 -14.6850 1.0167
v  -8.1619 -14.6850 1.0163
v  -14.8504 -14.6850 1.7111
v  -8.1619 -14.6850 1.7111
v  -14.8488 -13.1380 0.6951
v  -8.1589 -13.2794 0.6991
v  -8.1619 -14.2943 0.7908
v  -3.8540 -13.0379 0.6605
v  -3.8567 -13.1913 0.6861
v  -14.8498 -13.0382 0.6861
v  -8.1607 -13.1796 0.6903
v  -3.8581 -14.2946 0.7893
v  -3.8581 -14.3957 0.7992
v  -8.1619 -14.3951 0.8002
v  -53.9415 -14.5283 0.8272
v  -53.9412 -14.5630 0.8371
v  -53.9408 -14.5953 0.8534
v  -53.9404 -14.6230 0.8748
v  -53.9398 -14.6458 0.9004
v  -53.9395 -14.6634 0.9285
v  -53.9389 -14.6756 0.9582
v  -53.9380 -14.6825 0.9886
v  -54.1314 -14.4885 0.9896
v  -54.1248 -14.4888 0.9598
v  -54.1131 -14.4892 0.9303
v  -54.0958 -14.4894 0.9020
v  -54.0732 -14.4898 0.8761
v  -54.0456 -14.4900 0.8543
v  -54.0135 -14.4902 0.8377
v  -53.9791 -14.4904 0.8274
v  -48.6535 -7.6780 0.0535
v  -48.0760 -8.8531 0.0547
v  -49.5611 -5.2103 0.0571
v  -49.1467 -6.4673 0.0534
v  -50.1166 -2.6290 0.0663
v  -49.8858 -3.9273 0.0620
v  -50.2453 -1.3185 0.0616
v  -47.3923 -10.0285 0.0589
v  -44.9315 -6.9671 -3.9298
v  -44.4233 -7.9224 -3.8893
v  -45.1641 -8.1323 -3.0401
v  -45.6883 -7.1283 -3.0725
v  -45.7955 -4.8282 -3.9658
v  -45.3550 -6.0178 -3.9602
v  -46.1288 -6.1216 -3.0974
v  -46.5629 -4.9158 -3.0999
v  -46.3687 -2.4545 -3.9289
v  -46.1318 -3.6484 -3.9516
v  -46.8970 -3.7123 -3.0877
v  -47.1324 -2.4944 -3.0688
v  -46.5114 -0.0000 -3.9036
v  -46.5094 -1.2340 -3.8985
v  -47.2703 -1.2532 -3.0459
v  -47.3349 -0.0000 -2.9930
v  -43.6893 -9.0994 -3.8175
v  -44.4207 -9.3051 -3.0056
v  -46.5019 -7.2751 -2.1867
v  -45.9638 -8.3261 -2.1634
v  -46.7740 -8.5261 -1.2978
v  -47.3277 -7.4279 -1.3132
v  -47.3832 -4.9934 -2.2037
v  -46.9559 -6.2123 -2.2039
v  -47.7962 -6.3082 -1.3234
v  -48.2180 -5.0748 -1.3214
v  -47.9470 -2.5297 -2.1774
v  -47.7138 -3.7688 -2.1929
v  -48.5460 -3.8283 -1.3126
v  -48.7781 -2.5669 -1.3014
v  -48.0818 -1.2703 -2.1618
v  -48.9102 -1.2883 -1.2935
v  -48.9692 -0.0000 -1.2574
v  -45.2274 -9.5145 -2.1389
v  -46.0382 -9.7143 -1.3026
v  -43.4427 -6.6577 -5.6682
v  -42.9666 -7.5184 -5.6128
v  -43.6902 -7.7173 -4.7463
v  -44.1811 -6.8092 -4.7933
v  -44.2887 -4.6623 -5.7231
v  -43.8341 -5.8216 -5.7104
v  -44.5876 -5.9166 -4.8289
v  -45.0349 -4.7428 -4.8381
v  -44.8749 -2.3792 -5.6784
v  -44.6330 -3.5279 -5.7075
v  -45.3742 -3.5862 -4.8224
v  -45.6130 -2.4157 -4.7961
v  -45.0226 -1.1975 -5.6337
v  -45.7566 -1.2152 -4.7580
v  -42.1903 -8.6642 -5.5308
v  -42.9576 -8.8856 -4.6414
v  -48.1607 -7.5841 -0.4473
v  -47.5926 -8.7309 -0.4414
v  -49.0615 -5.1592 -0.4477
v  -48.6446 -6.4072 -0.4510
v  -49.6184 -2.6056 -0.4343
v  -49.3872 -3.8899 -0.4413
v  -49.8059 -0.0000 -0.4084
v  -49.7481 -1.3070 -0.4342
v  -46.8876 -9.9298 -0.4315
v  -42.6344 -6.6960 -6.5159
v  -42.3712 -7.1612 -6.4807
v  -43.5643 -4.5560 -6.6273
v  -43.0868 -5.7304 -6.6021
v  -44.1513 -2.3374 -6.5738
v  -43.9081 -3.4575 -6.6087
v  -44.3193 -0.0000 -6.4929
v  -44.3005 -1.1770 -6.5179
v  -41.9456 -7.8335 -6.4176
v  -41.4867 -8.4684 -6.3481
v  -43.1420 -4.5972 -7.2425
v  -42.5977 -5.8461 -7.2126
v  -43.7771 -2.3310 -7.1764
v  -43.5345 -3.4513 -7.1980
v  -43.9245 -1.1705 -7.1222
v  -42.8168 -4.6910 -7.8462
v  -42.2190 -5.9088 -7.8467
v  -43.4981 -2.3523 -7.8271
v  -43.2494 -3.4573 -7.8347
v  -43.6481 -1.1780 -7.7754
v  -31.2333 -10.0779 -5.0110
v  -31.2626 -10.2707 -4.9845
v  -37.1726 -9.8529 -5.9320
v  -37.1529 -9.6546 -5.9645
v  -40.7593 -8.4656 -6.5454
v  -40.7660 -8.6606 -6.5276
v  -41.2213 -8.2745 -6.5743
v  -41.1347 -8.1543 -6.5993
v  -42.4486 -6.5854 -6.7339
v  -42.4650 -6.6303 -6.6918
v  -43.0711 -5.7565 -6.6046
v  -42.5424 -6.6953 -6.6010
v  -42.5171 -6.6885 -6.6251
v  -39.3940 -9.2959 -6.3255
v  -38.2800 -9.5230 -6.1460
v  -38.3365 -9.7090 -6.1225
v  -39.4400 -9.4642 -6.3061
v  -31.0840 -9.3413 -5.2797
v  -36.9617 -8.6832 -6.2291
v  -36.9182 -8.6115 -6.4210
v  -31.0455 -9.2676 -5.4751
v  -40.1595 -9.1553 -6.4242
v  -40.0823 -9.0056 -6.4363
v  -37.9310 -8.5732 -6.3880
v  -38.9150 -8.4576 -6.5561
v  -38.8810 -8.3923 -6.7371
v  -37.8942 -8.5020 -6.5806
v  -39.7205 -8.3080 -6.6693
v  -39.6817 -8.2368 -6.8462
v  -40.5056 -8.0097 -6.7886
v  -40.4425 -7.9498 -6.9466
v  -40.8716 -7.7219 -6.9845
v  -40.9234 -7.7790 -6.8431
v  -42.2980 -7.1581 -6.5508
v  -41.8526 -7.8144 -6.5112
v  -41.9171 -7.8420 -6.4396
v  -42.3552 -7.1517 -6.5044
v  -41.7244 -7.7249 -6.6118
v  -41.6653 -7.6647 -6.6439
v  -41.4270 -7.3666 -6.9789
v  -41.4741 -7.4183 -6.8631
v  -42.0767 -6.9128 -6.8278
v  -42.0552 -6.8634 -6.9016
v  -25.2858 -10.2857 -4.0956
v  -19.8064 -10.8525 -3.2048
v  -19.8061 -11.0112 -3.1528
v  -25.3130 -10.4994 -4.0576
v  -25.4315 -10.9604 -3.8424
v  -19.8064 -11.3564 -2.9132
v  -19.8091 -11.4245 -2.7850
v  -25.4729 -11.0399 -3.7054
v  -9.1344 -11.8107 -1.5001
v  -14.4852 -11.2011 -2.5154
v  -14.4735 -11.1425 -2.6844
v  -9.1443 -11.7827 -1.5969
v  -9.1930 -11.9628 -1.2769
v  -9.2081 -12.0089 -1.2231
v  -14.5920 -11.5647 -2.2034
v  -14.5591 -11.4750 -2.2591
v  -3.8857 -12.4286 -0.1442
v  -44.7082 -10.0810 -2.1527
v  -43.9383 -9.8539 -2.9803
v  -43.9465 -10.5830 -2.1604
v  -43.2149 -10.3586 -2.9486
v  -42.8120 -10.8987 -2.1733
v  -42.1430 -10.6764 -2.9417
v  -46.8833 -10.6242 0.0239
v  -46.3294 -10.5530 -0.4654
v  -45.4665 -10.3046 -1.3468
v  -41.0285 -8.9825 -6.2630
v  -41.6767 -9.2171 -5.4739
v  -42.4630 -9.4323 -4.5932
v  -43.1814 -9.6365 -3.8050
v  -45.9740 -11.2308 -0.0081
v  -45.4825 -11.0934 -0.4963
v  -44.6711 -10.8112 -1.3790
v  -40.4087 -9.4670 -6.1381
v  -41.0558 -9.6878 -5.3679
v  -41.8016 -9.9131 -4.5220
v  -42.4906 -10.1291 -3.7544
v  -43.4277 -11.1033 -1.4725
v  -44.2486 -11.3810 -0.5403
v  -39.6078 -9.8379 -5.9462
v  -40.2074 -10.0328 -5.2318
v  -40.8839 -10.2552 -4.4241
v  -41.5015 -10.4617 -3.6942
v  -44.6262 -11.5113 -0.1080
v  -45.2923 -11.4237 -0.0895
v  -40.0203 -11.1091 -2.0052
v  -41.4003 -11.0263 -2.0986
v  -40.7996 -10.8280 -2.8392
v  -39.4597 -10.9251 -2.7218
v  -41.4629 -11.5895 -0.1631
v  -42.9659 -11.5480 -0.1695
v  -42.6579 -11.4446 -0.5489
v  -41.1768 -11.4935 -0.5283
v  -41.9210 -11.1981 -1.4566
v  -40.4846 -11.2616 -1.4116
v  -38.4679 -10.0847 -5.7260
v  -37.2853 -10.2307 -5.5086
v  -37.7953 -10.3914 -4.8541
v  -39.0162 -10.2572 -5.0459
v  -38.3830 -10.5783 -4.1004
v  -39.6447 -10.4564 -4.2672
v  -38.9063 -10.7461 -3.4302
v  -40.2065 -10.6368 -3.5724
v  -31.3313 -10.5585 -4.7805
v  -31.2953 -10.4366 -4.9006
v  -25.3891 -10.8462 -3.9508
v  -40.8892 -8.9232 -6.3973
v  -41.3874 -8.4129 -6.4633
v  -41.2990 -8.3535 -6.5314
v  -40.8129 -8.8269 -6.4729
v  -38.3764 -9.8724 -6.0399
v  -38.3993 -10.0012 -5.9092
v  -39.5431 -9.7470 -6.1189
v  -39.4911 -9.6198 -6.2355
v  -31.1574 -9.6415 -5.0367
v  -31.1224 -9.4729 -5.1300
v  -25.2533 -10.1216 -4.1903
v  -40.3056 -9.3942 -6.2773
v  -40.2311 -9.2909 -6.3666
v  -38.0023 -8.8747 -6.1399
v  -38.9889 -8.7608 -6.3003
v  -38.9539 -8.5766 -6.4099
v  -37.9665 -8.7002 -6.2388
v  -39.8411 -8.5991 -6.4350
v  -39.7781 -8.4332 -6.5258
v  -40.6573 -8.2696 -6.5718
v  -40.5685 -8.1175 -6.6618
v  -41.0512 -7.9951 -6.6443
v  -40.9857 -7.8859 -6.7167
v  -42.2059 -7.1294 -6.6277
v  -41.7860 -7.7725 -6.5701
v  -42.2498 -7.1453 -6.5935
v  -41.5870 -7.5805 -6.6925
v  -41.5237 -7.5020 -6.7598
v  -42.1210 -7.0430 -6.7046
v  -42.0962 -6.9757 -6.7602
v  -25.2097 -9.9964 -4.3363
v  -19.8064 -10.6144 -3.4218
v  -19.8064 -10.7248 -3.2920
v  -25.3486 -10.6917 -4.0287
v  -19.8064 -11.1471 -3.1002
v  -19.8064 -11.2656 -3.0158
v  -9.1740 -11.9006 -1.3398
v  -14.5311 -11.3634 -2.3233
v  -14.5080 -11.2731 -2.4081
v  -9.1541 -11.8489 -1.4160
v  -9.2454 -12.0767 -1.1052
v  -14.6534 -11.7053 -2.0499
v  -14.6257 -11.6423 -2.1335
v  -9.2270 -12.0469 -1.1658
v  -37.2003 -10.0204 -5.8421
v  -37.2315 -10.1484 -5.7034
v  -37.0378 -8.9819 -5.9847
v  -37.0031 -8.8108 -6.0809
v  -42.4345 -6.5462 -6.7752
v  -42.4196 -6.5111 -6.8241
v  -42.6125 -6.6970 -6.5388
v  -42.5763 -6.6998 -6.5736
v  -42.4932 -6.6698 -6.6519
v  -42.1642 -7.1036 -6.6588
v  -39.3462 -7.6617 -9.5061
v  -38.1730 -7.9359 -9.4018
v  -38.3514 -8.0736 -8.6116
v  -39.6200 -7.7523 -8.7507
v  -41.6585 -5.9062 -9.4199
v  -41.0493 -6.6106 -9.4718
v  -41.3559 -6.6030 -8.7058
v  -41.9325 -5.9088 -8.5921
v  -40.2780 -7.2014 -9.5256
v  -40.5876 -7.2401 -8.7678
v  -40.0667 -7.8847 -7.6126
v  -39.4130 -8.1256 -7.5055
v  -39.6761 -8.2249 -6.8800
v  -40.4294 -7.9419 -6.9844
v  -38.7480 -7.4652 -11.0905
v  -37.8020 -7.6492 -11.0454
v  -37.8148 -7.6595 -10.9864
v  -38.7664 -7.4727 -11.0362
v  -39.0153 -7.5711 -10.2978
v  -37.9895 -7.7999 -10.1849
v  -38.8754 -8.3860 -6.7702
v  -38.6764 -8.2851 -7.3736
v  -38.5214 -8.1951 -7.9075
v  -39.8490 -7.8333 -8.0973
v  -40.8559 -7.7125 -7.0183
v  -41.4165 -7.3574 -7.0113
v  -41.1225 -7.2908 -7.5902
v  -40.6274 -7.6109 -7.6055
v  -41.0658 -5.8997 -11.1256
v  -40.4127 -6.5676 -11.1312
v  -40.4330 -6.5703 -11.0742
v  -41.0859 -5.9003 -11.0675
v  -41.3591 -5.9086 -10.2783
v  -40.7107 -6.6099 -10.3014
v  -41.6243 -6.6153 -8.0189
v  -39.6243 -7.1025 -11.1171
v  -39.6448 -7.1066 -11.0637
v  -39.9231 -7.1616 -10.3384
v  -40.8704 -7.2657 -8.1017
v  -42.0504 -6.8455 -6.9345
v  -41.8484 -6.6865 -7.4744
v  -42.4123 -6.4941 -6.8533
v  -42.1825 -6.3439 -7.3741
v  -25.1731 -9.9236 -4.5296
v  -31.3842 -10.6441 -4.6127
v  -37.2649 -10.2243 -5.5348
v  -37.0699 -9.1881 -5.9511
v  -31.1915 -9.8437 -5.0044
v  -19.7912 -10.5383 -3.6040
v  -38.0479 -9.0788 -6.1087
v  -39.0215 -8.9704 -6.2655
v  -39.9103 -8.7935 -6.4086
v  -41.0095 -8.9756 -6.2863
v  -41.4672 -8.4630 -6.3710
v  -38.4473 -10.0782 -5.7516
v  -39.5879 -9.8314 -5.9699
v  -40.3889 -9.4604 -6.1618
v  -9.2282 -12.1000 -1.0370
v  -14.6764 -11.7559 -1.9437
v  -3.8474 -12.7203 0.4883
v  -3.8488 -12.8167 0.5616
v  -3.8512 -12.9234 0.6196
v  -3.8465 -12.5677 0.3001
v  -3.8466 -12.6362 0.3997
v  -3.8581 -14.7708 1.8110
v  -3.8581 -14.8753 1.8110
v  -3.8581 -14.6850 1.7323
v  -3.8581 -14.6864 1.7468
v  -3.8581 -14.6907 1.7615
v  -3.8581 -14.6980 1.7755
v  -3.8581 -14.7081 1.7880
v  -3.8581 -14.7205 1.7981
v  -3.8581 -14.7345 1.8054
v  -3.8581 -14.7493 1.8097
v  -3.8581 -14.7638 1.8110
v  -3.8581 -14.8823 1.8110
v  -3.8581 -14.8971 1.8096
v  -3.8581 -14.9118 1.8053
v  -3.8581 -14.9258 1.7979
v  -3.8581 -14.9380 1.7880
v  -3.8581 -14.9480 1.7757
v  -3.8581 -14.9553 1.7618
v  -3.8581 -14.9596 1.7470
v  -3.8581 -14.9610 1.7323
v  -3.8560 -14.5181 0.8123
v  -3.8566 -14.5491 0.8191
v  -3.8576 -14.5786 0.8304
v  -3.8582 -14.6066 0.8474
v  -3.8583 -14.6316 0.8696
v  -3.8582 -14.6522 0.8958
v  -3.8581 -14.6678 0.9249
v  -3.8581 -14.6782 0.9555
v  -3.8581 -14.6835 0.9863
v  -3.8581 -14.6850 1.0161
v  -3.8581 -14.6850 1.7111
v  -3.8540 -13.3726 0.7031
v  -3.8564 -13.2728 0.6937
v  0.6914 -12.5763 0.0726
v  8.9330 -2.4432 -0.1685
v  8.9964 -0.0000 -0.1663
v  8.7404 -4.8836 -0.1743
v  8.4197 -7.3151 -0.1815
v  7.9382 -9.8815 -0.1886
v  5.1985 -12.6221 -0.1772
v  5.6246 -12.5993 -0.1569
v  7.0011 -11.9471 -0.1584
v  7.3580 -11.5419 -0.1582
v  7.6278 -11.0572 -0.1711
v  7.7996 -10.4860 -0.1855
v  6.1261 -12.4760 -0.1525
v  6.5884 -12.2568 -0.1535
v  -14.8453 -12.1829 -0.1613
v  -8.1530 -12.3299 -0.1636
v  -26.5691 -11.9180 -0.1544
v  -20.5907 -12.0522 -0.1582
v  -3.8565 -12.4309 -0.1377
v  0.6868 -12.5275 -0.1545
v  -42.9396 -1.3414 -11.2059
v  -42.6684 -2.6397 -11.2261
v  -42.7547 -2.6707 -10.9389
v  -43.0295 -1.3587 -10.8908
v  4.7204 -3.7586 -13.6344
v  5.0275 -3.7894 -13.5954
v  4.7722 -5.8867 -13.5547
v  4.4094 -5.8724 -13.5940
v  4.4059 -7.7776 -13.4977
v  4.3466 -7.9820 -13.4928
v  4.0563 -7.8770 -13.5241
v  4.0969 -7.7186 -13.5297
v  4.8512 -1.8891 -13.6298
v  5.1458 -1.8970 -13.5944
v  5.8020 -8.0007 -12.0953
v  5.7149 -7.9949 -12.3957
v  6.0825 -5.8889 -12.4223
v  6.1489 -5.9493 -12.1528
v  -0.3046 -8.3340 -13.5082
v  -0.3088 -8.6407 -13.4710
v  -5.4493 -8.4733 -13.4758
v  -5.4368 -8.1620 -13.5142
v  -10.5849 -8.2391 -13.4001
v  -10.5640 -7.9236 -13.4303
v  -36.6690 -5.9930 -12.5187
v  -36.6939 -6.3078 -12.4884
v  -37.7489 -6.2298 -12.4516
v  -37.7239 -5.9150 -12.4819
v  -38.4069 -6.1029 -12.4297
v  -38.3292 -5.8080 -12.4607
v  -39.0212 -5.8501 -12.4098
v  -38.8882 -5.5851 -12.4412
v  -40.3499 -4.0425 -12.3897
v  -39.7916 -4.8429 -12.4097
v  -40.0161 -5.0242 -12.3772
v  -40.6086 -4.2075 -12.3511
v  -39.3810 -5.2587 -12.4240
v  -39.5631 -5.4853 -12.3921
v  4.8844 -9.5523 -12.1683
v  4.5142 -9.8066 -12.1623
v  4.4634 -9.7217 -12.4377
v  4.8204 -9.4779 -12.4451
v  4.1019 -9.9955 -12.1437
v  3.6637 -10.1085 -12.1035
v  3.6483 -10.0173 -12.3889
v  4.0660 -9.9016 -12.4204
v  5.2067 -9.2339 -12.1608
v  5.1327 -9.1738 -12.4427
v  5.3914 -8.8090 -12.4260
v  5.4749 -8.8559 -12.1391
v  3.2100 -10.1470 -12.0692
v  3.2161 -10.0615 -12.3632
v  5.5858 -8.4144 -12.4069
v  5.6711 -8.4413 -12.1108
v  -42.1992 -1.2329 -12.1049
v  -41.9802 -2.4273 -12.0970
v  -42.1959 -2.4911 -11.9323
v  -42.4290 -1.2666 -11.9375
v  6.0096 -3.8879 -13.0011
v  5.7841 -5.8902 -12.9455
v  5.5828 -5.8908 -13.1516
v  5.8096 -3.8677 -13.2060
v  5.1991 -7.9187 -13.1208
v  5.4035 -7.9517 -12.9173
v  5.2899 -8.3142 -12.9202
v  5.0961 -8.2466 -13.1202
v  6.0017 -0.0000 -13.1970
v  6.2023 -0.0000 -12.9914
v  6.1059 -1.9496 -12.9963
v  5.9057 -1.9398 -13.2015
v  4.9671 -7.8793 -13.2847
v  5.3519 -5.8916 -13.3222
v  3.2282 -9.7590 -12.8774
v  -0.3146 -9.6089 -12.9130
v  -0.3116 -9.3981 -13.1142
v  3.2350 -9.5588 -13.0798
v  -5.4779 -9.4502 -12.8979
v  -10.6378 -9.2548 -12.8194
v  -10.6294 -9.0472 -13.0235
v  -5.4723 -9.2431 -13.1026
v  -15.1951 -8.9176 -12.6604
v  -15.1867 -8.7100 -12.8646
v  -37.7994 -7.0366 -12.0754
v  -37.8076 -7.2445 -11.8713
v  -38.6509 -7.0644 -11.8748
v  -38.6012 -6.8654 -12.0693
v  -39.4490 -6.7231 -11.8745
v  -39.3605 -6.5401 -12.0612
v  -42.3066 -0.0000 -12.0807
v  -42.5367 -0.0000 -11.9089
v  -41.2468 -4.6011 -11.9918
v  -41.4125 -4.7061 -11.8056
v  -42.0272 -3.5319 -11.7652
v  -41.8463 -3.4524 -11.9594
v  -40.7494 -5.6272 -11.8561
v  -40.5968 -5.4998 -12.0373
v  -40.0321 -6.0784 -12.0501
v  -40.1561 -6.2377 -11.8683
v  4.0995 -9.0890 -13.2670
v  4.3460 -8.9168 -13.2726
v  4.4909 -9.0891 -13.1185
v  4.2098 -9.2841 -13.1118
v  3.5382 -9.2983 -13.2513
v  3.8242 -9.2172 -13.2612
v  3.8967 -9.4300 -13.1039
v  3.5713 -9.5220 -13.0900
v  4.7366 -8.8459 -13.1237
v  4.5611 -8.7009 -13.2786
v  4.7425 -8.4461 -13.2806
v  4.9429 -8.5581 -13.1222
v  3.2426 -9.3306 -13.2442
v  4.8767 -8.1697 -13.2820
v  5.3207 -3.8186 -13.5046
v  5.5817 -3.8447 -13.3723
v  5.0792 -5.8884 -13.4613
v  4.7023 -7.8323 -13.4129
v  4.6267 -8.0818 -13.4082
v  5.7723 -0.0000 -13.3641
v  5.6770 -1.9279 -13.3682
v  5.4377 -1.9186 -13.5086
v  5.5096 -0.0000 -13.4972
v  -0.3076 -9.1637 -13.2753
v  -0.3033 -8.8961 -13.4003
v  3.2506 -9.0698 -13.3750
v  -5.4646 -9.0099 -13.2679
v  -10.6179 -8.8110 -13.1875
v  -10.6032 -8.5413 -13.3157
v  -5.4552 -8.7417 -13.3974
v  -15.1751 -8.4738 -13.0285
v  -15.1600 -8.2042 -13.1566
v  -37.7705 -6.5314 -12.3672
v  -37.7873 -6.8007 -12.2392
v  -38.5449 -6.6415 -12.2275
v  -38.4802 -6.3864 -12.3491
v  -39.2613 -6.3363 -12.2142
v  -39.1480 -6.1054 -12.3319
v  -40.8470 -4.3530 -12.2674
v  -41.0607 -4.4846 -12.1467
v  -41.6412 -3.3641 -12.1198
v  -41.4057 -3.2646 -12.2455
v  -40.4248 -5.3578 -12.1842
v  -40.2311 -5.1991 -12.2994
v  -39.7374 -5.7040 -12.3155
v  -39.8940 -5.9022 -12.1993
v  -41.6413 -1.1511 -12.3208
v  -41.4537 -2.2762 -12.3197
v  -41.7325 -2.3556 -12.2284
v  -41.9355 -1.1942 -12.2341
v  -41.7426 -0.0000 -12.3120
v  3.8372 -8.6187 -13.4700
v  3.9998 -8.5019 -13.4751
v  4.1823 -8.7215 -13.3939
v  3.9751 -8.8667 -13.3876
v  3.4593 -8.7560 -13.4634
v  3.6533 -8.7034 -13.4657
v  3.7431 -8.9746 -13.3843
v  3.5009 -9.0428 -13.3786
v  4.3621 -8.5369 -13.3998
v  4.1394 -8.3525 -13.4786
v  4.2593 -8.1761 -13.4865
v  4.5145 -8.3191 -13.4038
v  3.2591 -8.7771 -13.4648
v  -42.6324 -1.2964 -11.7323
v  -42.3840 -2.5483 -11.7315
v  -42.5449 -2.5989 -11.4939
v  -42.8066 -1.3222 -11.4861
v  5.9544 -5.8896 -12.6996
v  5.5789 -7.9781 -12.6729
v  -42.7380 -0.0000 -11.6982
v  -42.9082 -0.0000 -11.4473
v  4.3085 -9.4569 -12.9220
v  4.6197 -9.2420 -12.9290
v  4.7321 -9.3749 -12.7030
v  4.3954 -9.6068 -12.6960
v  3.6014 -9.7188 -12.8923
v  3.9624 -9.6179 -12.9119
v  4.0210 -9.7805 -12.6831
v  3.6283 -9.8883 -12.6568
v  5.0270 -9.0866 -12.7036
v  4.8920 -8.9746 -12.9325
v  5.1201 -8.6575 -12.9270
v  5.2734 -8.7439 -12.6932
v  3.2224 -9.9305 -12.6363
v  5.4566 -8.3719 -12.6801
v  6.3106 -3.9185 -12.4811
v  6.1803 -3.9050 -12.7570
v  6.4476 -1.9641 -12.4906
v  6.3107 -1.9589 -12.7715
v  -0.3209 -9.9279 -12.3906
v  -0.3177 -9.7907 -12.6696
v  -5.4842 -9.7619 -12.3737
v  -10.6444 -9.5702 -12.2954
v  -10.6429 -9.4331 -12.5742
v  -5.4819 -9.6274 -12.6524
v  -15.2010 -9.2332 -12.1364
v  -15.2001 -9.0960 -12.4152
v  -37.8120 -7.4230 -11.6262
v  -37.8100 -7.5607 -11.3473
v  -38.7249 -7.3735 -11.3762
v  -38.6935 -7.2372 -11.6416
v  -39.5845 -7.0113 -11.3945
v  -39.5259 -6.8839 -11.6506
v  -41.6683 -4.8736 -11.3334
v  -42.3048 -3.6593 -11.2742
v  -42.1833 -3.6023 -11.5348
v  -41.5563 -4.7991 -11.5846
v  -40.9901 -5.8323 -11.3934
v  -40.8829 -5.7401 -11.6395
v  -40.2632 -6.3769 -11.6492
v  -40.3479 -6.4898 -11.3998
v  -15.1412 -7.9020 -13.2410
v  -41.1422 -3.1546 -12.3325
v  -41.3735 -1.1050 -12.3535
v  -41.1490 -2.1888 -12.3618
v  3.6934 -8.3595 -13.5071
v  3.8101 -8.2738 -13.5102
v  3.4155 -8.4594 -13.5037
v  3.5586 -8.4240 -13.5048
v  3.9115 -8.1631 -13.5141
v  3.9960 -8.0276 -13.5188
v  3.2674 -8.4704 -13.5034
v  6.3891 -3.9735 -12.1773
v  6.5859 -0.0000 -12.1722
v  6.5336 -1.9902 -12.1852
v  -0.3224 -10.0250 -12.0745
v  -5.4862 -9.8466 -12.0831
v  -10.6421 -9.6578 -11.9939
v  -15.1977 -9.3209 -11.8348
v  -41.7504 -4.9415 -11.0580
v  -42.3886 -3.7023 -10.9893
v  -40.8556 -3.0386 -12.3722
v  -43.3196 -1.2554 -9.3027
v  -43.3662 -0.0000 -9.2592
v  -43.1503 -1.3140 -10.0989
v  -42.2516 -4.8801 -9.4422
v  -41.9907 -4.9230 -10.2640
v  -42.8238 -3.5446 -9.3816
v  -42.6034 -3.6521 -10.1879
v  -43.1200 -2.4947 -9.3514
v  -42.9367 -2.6096 -10.1456
v  -43.4921 -0.0000 -8.4725
v  -43.4376 -1.2078 -8.5012
v  -43.0397 -1.3559 -10.8368
v  -42.5045 -4.8242 -8.6240
v  -41.7672 -4.9404 -11.0036
v  -43.0267 -3.4836 -8.5774
v  -42.4034 -3.6989 -10.9343
v  -43.2946 -2.4120 -8.5592
v  -42.7672 -2.6665 -10.8844
v  8.6127 -4.8638 -0.7650
v  8.7970 -2.4435 -0.7923
v  8.2984 -7.2713 -0.7576
v  7.8283 -9.7756 -0.7733
v  5.1118 -12.5026 -0.7358
v  5.5439 -12.4713 -0.7426
v  6.8844 -11.8351 -0.7381
v  7.2418 -11.4303 -0.7440
v  7.5176 -10.9411 -0.7552
v  7.6887 -10.3713 -0.7671
v  6.0023 -12.3581 -0.7397
v  6.4684 -12.1422 -0.7370
v  0.6433 -12.4088 -0.7147
v  4.4133 -11.6299 -4.8408
v  4.2157 -11.3798 -6.0290
v  4.6524 -11.3473 -6.0282
v  4.8500 -11.6014 -4.8212
v  5.0753 -11.2469 -6.0262
v  5.2735 -11.5068 -4.8006
v  5.5144 -11.0488 -6.0259
v  5.7199 -11.3057 -4.8012
v  5.9104 -10.7633 -6.0353
v  6.1234 -11.0143 -4.8118
v  6.2495 -10.3962 -6.0374
v  6.4683 -10.6374 -4.8163
v  6.5207 -9.9531 -6.0353
v  6.7411 -10.1797 -4.8178
v  6.7134 -9.4532 -6.0348
v  6.9328 -9.6603 -4.8223
v  6.8471 -8.9247 -6.0363
v  7.0681 -9.1123 -4.8271
v  3.6128 -10.6410 -9.6495
v  3.4069 -10.3911 -10.8742
v  3.8523 -10.3594 -10.8948
v  4.0594 -10.6042 -9.6726
v  4.0157 -11.1348 -7.2298
v  3.8102 -10.8874 -8.4423
v  4.2565 -10.8519 -8.4580
v  4.4554 -11.1004 -7.2409
v  5.0467 -11.8519 -3.6342
v  4.6150 -11.8818 -3.6495
v  4.2818 -10.2492 -10.9186
v  4.4908 -10.4937 -9.6974
v  4.6880 -10.7439 -8.4743
v  4.8808 -10.9957 -7.2515
v  5.4656 -11.7571 -3.6174
v  4.7083 -10.0596 -10.9369
v  4.9154 -10.3043 -9.7082
v  5.1153 -10.5501 -8.4804
v  5.3157 -10.8018 -7.2538
v  5.9195 -11.5548 -3.6160
v  5.0896 -9.7962 -10.9438
v  5.2960 -10.0380 -9.7155
v  5.4990 -10.2762 -8.4878
v  5.7060 -10.5218 -7.2621
v  6.5458 -11.4998 -2.4369
v  6.1310 -11.8007 -2.4324
v  6.3294 -11.2585 -3.6237
v  5.4192 -9.4642 -10.9377
v  5.6255 -9.7000 -9.7119
v  5.8328 -9.9319 -8.4870
v  6.0422 -10.1647 -7.2625
v  6.9006 -11.1032 -2.4461
v  6.6801 -10.8712 -3.6305
v  5.6896 -9.0698 -10.9170
v  5.8949 -9.2955 -9.6981
v  6.1043 -9.5169 -8.4777
v  6.3127 -9.7345 -7.2564
v  7.1777 -10.6193 -2.4529
v  6.9563 -10.4000 -3.6348
v  5.8859 -8.6393 -10.8848
v  6.0898 -8.8466 -9.6810
v  6.2977 -9.0502 -8.4659
v  6.5053 -9.2510 -7.2502
v  7.3697 -10.0667 -2.4648
v  7.1488 -9.8625 -3.6429
v  6.0160 -8.1903 -10.8525
v  6.2194 -8.3698 -9.6716
v  6.4282 -8.5542 -8.4597
v  6.6368 -8.7392 -7.2478
v  7.5051 -9.4839 -2.4721
v  7.2844 -9.2953 -3.6487
v  -9.2099 -12.1083 -1.0070
v  -36.5319 -11.6989 -0.1575
v  -36.2466 -11.6363 -0.4032
v  -20.5907 -14.8753 1.8110
v  -20.5907 -14.7708 1.8110
v  -20.5907 -14.6865 1.7470
v  -20.5907 -14.6850 1.7323
v  -20.5907 -14.6908 1.7618
v  -20.5907 -14.6981 1.7757
v  -20.5907 -14.7081 1.7880
v  -20.5907 -14.7203 1.7979
v  -20.5907 -14.7342 1.8052
v  -20.5907 -14.7490 1.8096
v  -20.5907 -14.7638 1.8110
v  -20.5907 -14.8971 1.8096
v  -20.5907 -14.8823 1.8110
v  -20.5907 -14.9118 1.8053
v  -20.5907 -14.9258 1.7979
v  -20.5907 -14.9380 1.7880
v  -20.5907 -14.9480 1.7757
v  -20.5907 -14.9553 1.7618
v  -20.5907 -14.9596 1.7470
v  -20.5907 -14.9610 1.7323
v  -20.5907 -14.5378 0.8180
v  -20.5907 -14.5693 0.8281
v  -20.5907 -14.6000 0.8447
v  -20.5907 -14.6274 0.8672
v  -20.5907 -14.6499 0.8943
v  -20.5907 -14.6667 0.9243
v  -20.5907 -14.6776 0.9556
v  -20.5907 -14.6833 0.9869
v  -20.5907 -14.6850 1.0170
v  -20.5907 -14.6850 1.7111
v  -36.6341 -12.1431 0.5710
v  -36.6341 -12.0423 0.5034
v  -36.6341 -12.2473 0.6202
v  -36.6341 -11.9514 0.4196
v  -36.6341 -11.8759 0.3246
v  -36.6380 -12.6748 0.6823
v  -36.6360 -12.5750 0.6755
v  -26.5706 -11.9850 0.0876
v  -26.5746 -14.6865 1.7471
v  -26.5746 -14.6850 1.7323
v  -26.5746 -14.6909 1.7619
v  -26.5746 -14.6982 1.7758
v  -26.5746 -14.7081 1.7880
v  -26.5746 -14.7203 1.7979
v  -26.5746 -14.7341 1.8052
v  -26.5746 -14.7489 1.8096
v  -26.5746 -14.7638 1.8110
v  -26.5746 -14.8970 1.8096
v  -26.5746 -14.8823 1.8110
v  -26.5746 -14.9118 1.8053
v  -26.5746 -14.9258 1.7979
v  -26.5746 -14.9380 1.7880
v  -26.5746 -14.9479 1.7757
v  -26.5746 -14.9553 1.7618
v  -26.5746 -14.9596 1.7470
v  -26.5746 -14.9610 1.7323
v  -26.5746 -14.5689 0.8287
v  -26.5746 -14.5375 0.8185
v  -26.5746 -14.5995 0.8452
v  -26.5746 -14.6268 0.8678
v  -26.5746 -14.6492 0.8948
v  -26.5746 -14.6660 0.9248
v  -26.5746 -14.6772 0.9560
v  -26.5746 -14.6831 0.9872
v  -26.5746 -14.6850 1.0173
v  -26.5746 -14.6850 1.7112
v  -26.5746 -14.8753 1.8110
v  -26.5746 -14.7708 1.8110
v  -26.3919 -11.7756 -0.7300
v  -20.5907 -11.9823 -0.4453
v  -14.7352 -11.9030 -1.3505
v  -32.4408 -10.8546 -3.6961
v  -31.4131 -10.6517 -4.5881
v  -25.4819 -11.0503 -3.6782
v  -25.6252 -11.1638 -3.2220
v  -19.8224 -11.4299 -2.7690
v  -33.9112 -11.1554 -2.4235
v  -26.0064 -11.4700 -1.9837
v  -20.5907 -11.6803 -1.6811
v  -14.6793 -11.7650 -1.9157
v  -35.3617 -11.4555 -1.1692
v  0.3640 -11.7739 -3.6176
v  0.2639 -11.5195 -4.8025
v  0.1654 -11.2632 -6.0099
v  0.0679 -11.0089 -7.2179
v  -0.0264 -10.7530 -8.4254
v  -0.1276 -10.5080 -9.6339
v  3.2235 -10.1638 -11.9872
v  -0.3171 -10.0413 -11.9914
v  -5.2470 -11.3620 -4.8144
v  -5.1924 -11.6210 -3.6430
v  -10.5160 -11.2683 -3.6883
v  -10.7023 -11.0344 -4.8244
v  -5.2746 -11.1009 -6.0065
v  -10.7079 -10.8074 -6.0000
v  -10.6426 -10.5752 -7.2323
v  -5.2898 -10.8359 -7.2286
v  -5.3372 -10.5772 -8.4351
v  -10.6440 -10.3381 -8.4440
v  -10.6441 -10.1079 -9.6571
v  -5.3876 -10.3313 -9.6442
v  -5.4442 -10.0886 -10.8609
v  -10.6406 -9.8829 -10.8264
v  -10.6420 -9.6733 -11.9138
v  -5.4833 -9.8629 -11.9992
v  -15.2681 -10.4578 -5.9049
v  -15.2549 -10.2094 -7.1997
v  -15.2223 -9.9746 -8.4137
v  -15.2219 -9.7442 -9.6276
v  -15.2065 -9.5327 -10.7321
v  -15.1983 -9.3354 -11.7591
v  -19.8097 -10.1282 -5.7138
v  -25.1696 -9.7261 -5.5559
v  -25.1594 -9.4079 -7.2121
v  -19.8099 -9.8397 -7.2108
v  -19.8126 -9.3729 -9.6323
v  -19.8140 -9.6027 -8.4209
v  -25.1661 -9.1739 -8.4235
v  -25.1632 -8.9407 -9.6348
v  -19.7998 -9.1771 -10.6541
v  -25.1374 -8.7641 -10.5623
v  -25.1204 -8.5993 -11.4248
v  -19.7944 -8.9944 -11.6043
v  -31.0730 -9.0899 -6.3858
v  -31.1012 -8.9067 -7.3249
v  -31.0868 -8.6949 -8.4302
v  -31.0766 -8.4635 -9.6354
v  -31.0604 -8.3102 -10.4376
v  -31.0381 -8.1606 -11.2238
v  -9.1491 -11.7756 -1.6279
v  -14.4904 -11.1347 -2.7172
v  -14.7496 -11.0166 -3.2218
v  -9.5453 -11.6411 -2.1599
v  -9.9692 -11.5113 -2.6561
v  -15.0224 -10.8921 -3.7540
v  -19.8064 -10.3064 -4.7902
v  -15.2829 -10.6640 -4.8286
v  -25.1756 -9.9172 -4.5618
v  -19.7809 -10.4097 -4.2650
v  -19.7899 -10.5309 -3.6319
v  -25.0410 -6.8530 -12.9248
v  -25.0642 -7.1680 -12.8945
v  -30.9824 -6.7303 -12.6879
v  -30.9583 -6.4154 -12.7181
v  -35.3631 -7.4255 -11.9567
v  -35.3549 -7.2176 -12.1609
v  -31.0314 -7.5375 -12.3117
v  -31.0397 -7.7454 -12.1076
v  -35.3428 -6.9816 -12.3246
v  -35.3262 -6.7122 -12.4526
v  -31.0032 -7.0320 -12.6035
v  -31.0194 -7.3015 -12.4755
v  -35.3658 -7.7417 -11.4327
v  -35.3675 -7.6041 -11.7116
v  -31.0442 -7.9239 -11.8624
v  -31.0431 -8.0614 -11.5835
v  -35.3049 -6.4105 -12.5369
v  -35.3583 -7.8299 -11.1307
v  -31.0364 -8.1495 -11.2817
v  -25.1119 -7.9756 -12.5183
v  -25.1202 -8.1834 -12.3141
v  -25.0842 -7.4700 -12.8102
v  -25.1001 -7.7395 -12.6821
v  -25.1249 -8.3618 -12.0689
v  -25.1245 -8.4992 -11.7901
v  -25.1191 -8.5872 -11.4883
v  -19.7159 -7.2468 -13.1107
v  -19.7382 -7.5620 -13.0805
v  -19.7848 -8.3697 -12.7041
v  -19.7931 -8.5775 -12.5000
v  -19.7577 -7.8640 -12.9961
v  -19.7731 -8.1336 -12.8680
v  -19.7980 -8.7558 -12.2548
v  -19.7983 -8.8931 -11.9760
v  -19.7940 -8.9810 -11.6743
v  -15.1196 -7.5867 -13.2712
v  -35.2802 -6.0958 -12.5672
v  -36.7442 -7.1148 -12.1124
v  -36.7524 -7.3228 -11.9082
v  -36.7153 -6.6095 -12.4041
v  -36.7321 -6.8789 -12.2761
v  -36.7567 -7.5013 -11.6631
v  -36.7549 -7.6389 -11.3842
v  -36.7471 -7.7272 -11.0822
v  3.6771 -10.1291 -12.0214
v  4.1143 -10.0128 -12.0598
v  4.5275 -9.8239 -12.0783
v  4.8991 -9.5698 -12.0846
v  5.2219 -9.2502 -12.0771
v  5.4896 -8.8705 -12.0552
v  5.6860 -8.4550 -12.0267
v  5.8167 -8.0137 -12.0101
v  -0.2450 -10.2639 -10.8634
v  -31.0406 -9.2623 -5.5048
v  -36.9088 -8.6068 -6.4494
v  -36.6878 -8.4963 -7.1154
v  -35.3782 -7.8396 -11.0724
v  -35.6475 -7.9704 -10.2804
v  -35.9073 -8.1050 -9.4729
v  -36.2103 -8.2569 -8.5582
v  -36.4874 -8.3958 -7.7211
v  -37.8934 -8.4961 -6.6114
v  -37.7232 -8.3869 -7.2499
v  -37.5778 -8.2885 -7.8211
v  -37.3827 -8.1566 -8.5874
v  -37.1679 -8.0115 -9.4305
v  -36.9698 -7.8725 -10.2350
v  -36.7623 -7.7372 -11.0241
v  -4.2778 -12.2839 -0.7504
v  4.9043 -0.0000 -13.6280
v  6.4043 -3.9832 -12.0917
v  6.1635 -5.9636 -12.0669
v  6.5717 -6.2928 -9.7188
v  6.8263 -4.2061 -9.7491
v  7.0510 -4.3001 -8.5417
v  6.7900 -6.4320 -8.5100
v  7.0125 -6.5724 -7.3015
v  7.2809 -4.3947 -7.3348
v  7.5108 -4.4893 -6.1278
v  7.2348 -6.7128 -6.0928
v  7.4669 -6.8546 -4.8866
v  7.7510 -4.5851 -4.9235
v  7.9901 -4.6778 -3.7326
v  7.7000 -6.9775 -3.6974
v  6.3617 -6.1588 -10.9000
v  6.6113 -4.1154 -10.9291
v  6.5499 -1.9951 -12.0999
v  6.9804 -2.1095 -9.7610
v  7.0435 -0.0000 -9.6981
v  7.2649 -0.0000 -8.5459
v  7.2091 -2.1579 -8.5538
v  7.4437 -2.2063 -7.3476
v  7.4984 -0.0000 -7.3390
v  7.7395 -0.0000 -6.1334
v  7.6782 -2.2548 -6.1414
v  7.9235 -2.3041 -4.9379
v  8.1701 -2.3572 -3.7335
v  7.9377 -7.0938 -2.5084
v  6.7628 -2.0623 -10.9400
v  8.8345 -1.5679 -0.7787
v  8.4073 -2.4040 -2.5912
v  8.4384 -1.5821 -2.6004
v  8.2672 -1.5127 -3.4258
v  8.6092 -1.0305 -1.8890
v  8.6084 -1.1736 -1.8890
v  8.5605 -1.1517 -2.1133
v  8.5666 -1.0112 -2.0878
v  8.5144 -1.0867 -2.3295
v  8.5267 -0.9536 -2.2796
v  8.4728 -0.9808 -2.5295
v  8.4906 -0.8598 -2.4570
v  8.4377 -0.8374 -2.7061
v  8.4595 -0.7327 -2.6136
v  8.4089 -0.6620 -2.8515
v  8.4342 -0.5773 -2.7426
v  8.3879 -0.4603 -2.9604
v  8.4156 -0.3984 -2.8392
v  8.3771 -0.2405 -3.0283
v  8.4043 -0.2036 -2.8990
v  8.3731 -0.0000 -3.0511
v  8.6523 -1.0111 -1.6899
v  8.6581 -1.1517 -1.6646
v  8.6950 -0.9535 -1.4982
v  8.7046 -1.0867 -1.4479
v  8.7352 -0.8599 -1.3211
v  8.7491 -0.9810 -1.2479
v  8.8389 -0.2040 -0.8790
v  8.8439 -0.0000 -0.8586
v  8.8729 -0.0000 -0.7268
v  8.8659 -0.2409 -0.7493
v  8.8246 -0.3990 -0.9390
v  8.8501 -0.4610 -0.8170
v  8.8016 -0.5778 -1.0357
v  8.8242 -0.6626 -0.9261
v  8.7713 -0.7330 -1.1647
v  8.7900 -0.8378 -1.0716
v  8.5741 -1.0043 -2.0865
v  8.6162 -1.0235 -1.8890
v  8.6090 -1.0235 -1.8890
v  8.5670 -1.0043 -2.0865
v  8.5345 -0.9470 -2.2772
v  8.5273 -0.9470 -2.2772
v  8.4986 -0.8538 -2.4534
v  8.4915 -0.8538 -2.4534
v  8.4676 -0.7274 -2.6090
v  8.4605 -0.7274 -2.6090
v  8.4426 -0.5730 -2.7371
v  8.4355 -0.5730 -2.7371
v  8.4241 -0.3953 -2.8331
v  8.4170 -0.3953 -2.8331
v  8.4127 -0.2017 -2.8924
v  8.4057 -0.2017 -2.8924
v  8.4019 -0.0000 -2.9124
v  8.7017 -0.9470 -1.5006
v  8.7416 -0.8539 -1.3247
v  8.7345 -0.8539 -1.3247
v  8.6945 -0.9470 -1.5006
v  8.6593 -1.0042 -1.6912
v  8.6521 -1.0043 -1.6912
v  8.8446 -0.2021 -0.8856
v  8.8494 -0.0000 -0.8655
v  8.8424 -0.0000 -0.8655
v  8.8376 -0.2021 -0.8856
v  8.8304 -0.3959 -0.9452
v  8.8233 -0.3959 -0.9452
v  8.8076 -0.5735 -1.0413
v  8.8005 -0.5735 -1.0413
v  8.7775 -0.7278 -1.1693
v  8.7704 -0.7278 -1.1693
v  -5.0151 -11.8803 -2.4936
v  0.4707 -12.0346 -2.4347
v  10.8779 -14.5285 0.8239
v  10.8826 -14.5260 0.8239
v  10.8915 -14.5560 0.8328
v  10.8823 -14.5608 0.8335
v  10.9079 -14.4984 0.8241
v  10.9398 -14.5030 0.8338
v  10.9614 -14.5245 0.8471
v  10.9048 -14.5045 0.8239
v  10.9339 -14.5148 0.8329
v  -53.9647 -14.5126 0.8270
v  -53.9591 -14.5178 0.8271
v  -54.0660 -14.5078 0.8724
v  -54.0575 -14.5265 0.8695
v  -54.0788 -14.5355 0.8930
v  -54.0887 -14.5119 0.8970
v  -54.1065 -14.5161 0.9251
v  -54.0391 -14.5037 0.8520
v  -54.0324 -14.5176 0.8504
v  -54.1192 -14.5202 0.9556
v  -54.1267 -14.5242 0.9873
v  -53.9755 -14.6753 0.9874
v  -53.9697 -14.5065 0.8270
v  -53.9860 -14.5332 0.8352
v  -53.9957 -14.5215 0.8354
v  -53.9597 -14.6135 0.8727
v  -53.9555 -14.5869 0.8524
v  -53.9640 -14.6359 0.8972
v  -54.1150 -14.5605 0.9849
v  -54.0968 -14.5934 0.9832
v  -54.0732 -14.6218 0.9825
v  -54.0448 -14.6454 0.9832
v  -54.0119 -14.6636 0.9850
v  -53.9724 -14.6666 0.9556
v  -53.9684 -14.6537 0.9252
v  -53.9752 -14.5430 0.8355
v  -54.0065 -14.6550 0.9515
v  -54.0382 -14.6370 0.9484
v  -54.0662 -14.6135 0.9472
v  -53.9991 -14.6421 0.9204
v  -54.0286 -14.6245 0.9168
v  -54.0551 -14.6020 0.9154
v  -54.0170 -14.6084 0.8896
v  -53.9907 -14.6247 0.8929
v  -54.0409 -14.5877 0.8882
v  -54.0042 -14.5891 0.8670
v  -53.9819 -14.6035 0.8695
v  -54.0245 -14.5713 0.8658
v  -54.0061 -14.5529 0.8482
v  -53.9902 -14.5670 0.8489
v  -54.0898 -14.5853 0.9484
v  -54.1079 -14.5533 0.9515
v  -54.0780 -14.5749 0.9168
v  -54.0957 -14.5447 0.9205
v  -54.0621 -14.5629 0.8896
v  -54.0428 -14.5499 0.8669
v  -54.0206 -14.5361 0.8488
v  -53.9772 -14.4953 0.8273
v  -53.9742 -14.4999 0.8272
v  -54.0043 -14.5088 0.8362
v  -54.0098 -14.4998 0.8370
v  -53.9473 -14.5258 0.8272
v  -53.9525 -14.5583 0.8368
v  -53.9728 -14.5787 0.8504
v  -53.9528 -14.5220 0.8272
v  -53.9630 -14.5512 0.8363
v  -30.9381 -6.1407 -12.7188
v  -30.9583 -4.8122 -12.7181
v  -25.0410 -5.1404 -12.9248
v  -25.0207 -6.5783 -12.9255
v  -25.0410 -3.4279 -12.9248
v  -30.9583 -3.2091 -12.7181
v  -25.0410 -1.7153 -12.9248
v  -30.9583 -1.6059 -12.7181
v  -30.9583 -0.0000 -12.7181
v  -25.0410 -0.0000 -12.9248
v  -35.2599 -5.8210 -12.5679
v  -35.2802 -4.5725 -12.5672
v  -35.2802 -3.0493 -12.5672
v  -35.2802 -1.5260 -12.5672
v  -36.6487 -5.7183 -12.5194
v  -36.6690 -4.4955 -12.5187
v  -36.6690 -2.9979 -12.5187
v  -36.6690 -1.5003 -12.5187
v  -36.6690 -0.0000 -12.5187
v  -10.5474 -7.6486 -13.4309
v  -10.5640 -5.9434 -13.4303
v  -5.4376 -6.1225 -13.5830
v  -5.4258 -7.8869 -13.5214
v  -5.4391 -4.0851 -13.6093
v  -10.5679 -3.9632 -13.4302
v  -5.4411 -2.0437 -13.6092
v  -10.5640 -1.9830 -13.4303
v  -15.0993 -7.3120 -13.2719
v  -15.1196 -5.6907 -13.2712
v  -15.1196 -3.7947 -13.2712
v  -15.1196 -1.8988 -13.2712
v  -19.6956 -6.9721 -13.1114
v  -19.7159 -5.4358 -13.1107
v  -19.7159 -3.6248 -13.1107
v  -19.7159 -1.8138 -13.1107
v  -15.1196 -0.0000 -13.2712
v  -19.7159 -0.0000 -13.1107
v  -37.6897 -5.6413 -12.4831
v  -40.8830 -2.1156 -12.3711
v  -41.0996 -1.0699 -12.3631
v  -40.1129 -3.9010 -12.3980
v  -40.6015 -2.9311 -12.3811
v  -39.2052 -5.0448 -12.4301
v  -39.5792 -4.6660 -12.4171
v  -41.1390 -0.0000 -12.3625
v  -38.7599 -5.3398 -12.4457
v  -38.2536 -5.5416 -12.4634
v  -1.0982 -0.4348 -14.0945
v  -1.1614 -0.2149 -14.0945
v  -0.9886 -0.6463 -14.0945
v  -0.8352 -0.8352 -14.0945
v  -0.6463 -0.9886 -14.0945
v  -0.4348 -1.0982 -14.0945
v  -0.2149 -1.1614 -14.0945
v  0.0000 -1.1811 -14.0945
v  0.2149 -1.1614 -14.0945
v  0.4348 -1.0982 -14.0945
v  0.6463 -0.9886 -14.0945
v  0.8352 -0.8352 -14.0945
v  0.9886 -0.6463 -14.0945
v  1.0982 -0.4347 -14.0945
v  1.1614 -0.2149 -14.0945
v  1.1808 -0.0000 -14.0945
v  -1.3586 -0.2514 -14.0761
v  -1.3814 -0.0000 -14.0761
v  -1.1808 -0.0000 -14.0945
v  -1.2847 -0.5086 -14.0761
v  -1.1565 -0.7561 -14.0761
v  -0.9770 -0.9770 -14.0761
v  -0.7561 -1.1565 -14.0761
v  -0.5086 -1.2847 -14.0761
v  -0.2514 -1.3587 -14.0761
v  0.0000 -1.3817 -14.0761
v  0.0000 -1.5869 -14.0171
v  -0.2888 -1.5604 -14.0171
v  0.0000 -1.7844 -13.9148
v  -0.3247 -1.7546 -13.9148
v  -0.5841 -1.4755 -14.0171
v  -0.6568 -1.6591 -13.9148
v  -0.8684 -1.3282 -14.0171
v  -1.1221 -1.1221 -14.0171
v  -0.9764 -1.4935 -13.9148
v  -1.2617 -1.2618 -13.9148
v  -1.3282 -0.8684 -14.0171
v  -1.4755 -0.5841 -14.0171
v  -1.4935 -0.9764 -13.9148
v  -1.6590 -0.6568 -13.9148
v  -1.5604 -0.2888 -14.0171
v  -1.5866 -0.0000 -14.0171
v  -1.7545 -0.3247 -13.9148
v  -1.7841 -0.0000 -13.9149
v  0.2514 -1.3586 -14.0761
v  1.3586 -0.2514 -14.0761
v  1.2847 -0.5086 -14.0761
v  1.1565 -0.7561 -14.0761
v  0.9770 -0.9770 -14.0761
v  0.7561 -1.1565 -14.0761
v  0.5086 -1.2847 -14.0761
v  0.2888 -1.5604 -14.0171
v  0.3247 -1.7546 -13.9148
v  1.5604 -0.2887 -14.0171
v  1.4755 -0.5841 -14.0171
v  1.7545 -0.3247 -13.9148
v  1.6590 -0.6568 -13.9148
v  1.3282 -0.8684 -14.0171
v  1.1221 -1.1221 -14.0171
v  1.4935 -0.9764 -13.9148
v  1.2617 -1.2617 -13.9148
v  0.8683 -1.3282 -14.0171
v  0.5841 -1.4755 -14.0171
v  0.9764 -1.4935 -13.9148
v  0.6568 -1.6591 -13.9148
v  -0.0000 -0.0000 -14.2441
v  -0.7248 -1.8284 -13.7629
v  -1.0744 -1.6386 -13.7692
v  -1.3897 -1.3712 -13.7770
v  -1.6375 -1.0658 -13.7769
v  -1.8206 -0.7148 -13.7738
v  -1.9275 -0.3577 -13.7692
v  0.0000 -1.9694 -13.7627
v  -0.3582 -1.9352 -13.7614
v  1.8267 -0.7231 -13.7652
v  1.6399 -1.0729 -13.7685
v  1.3837 -1.3844 -13.7746
v  1.0731 -1.6392 -13.7690
v  0.7243 -1.8258 -13.7653
v  0.3607 -1.9329 -13.7654
v  1.9691 -0.0000 -13.7627
v  1.9347 -0.3585 -13.7617
v  4.1373 -5.8294 -13.5967
v  3.3512 -5.8995 -13.5932
v  3.4198 -3.8015 -13.6563
v  4.4464 -3.7289 -13.6398
v  3.8274 -7.6607 -13.5317
v  3.2639 -7.6604 -13.5317
v  -0.1691 -5.9896 -13.5900
v  -0.0489 -3.9166 -13.6624
v  4.5762 -1.8756 -13.6382
v  3.4884 -1.6937 -13.6774
v  -0.2947 -8.0589 -13.5177
v  -0.7347 -1.8431 -13.7502
v  -1.0826 -1.6553 -13.7554
v  -1.4050 -1.3856 -13.7624
v  -1.6542 -1.0783 -13.7597
v  -1.8406 -0.7247 -13.7566
v  -1.9491 -0.3610 -13.7522
v  0.0002 -1.9866 -13.7484
v  -0.3635 -1.9519 -13.7478
v  1.8427 -0.7301 -13.7516
v  1.6541 -1.0834 -13.7555
v  1.3965 -1.3965 -13.7606
v  1.0823 -1.6541 -13.7559
v  0.7329 -1.8412 -13.7517
v  0.3656 -1.9494 -13.7493
v  1.9517 -0.3624 -13.7480
v  -0.7611 -1.8745 -13.7352
v  -1.0988 -1.6952 -13.7397
v  -1.0904 -1.6742 -13.7456
v  -0.7473 -1.8581 -13.7410
v  -1.4380 -1.4188 -13.7430
v  -1.4207 -1.4013 -13.7506
v  -1.6924 -1.1099 -13.7406
v  -1.6725 -1.0934 -13.7481
v  -1.8852 -0.7506 -13.7356
v  -1.8618 -0.7370 -13.7438
v  -1.9991 -0.3677 -13.7315
v  -1.9729 -0.3642 -13.7397
v  -2.0075 -0.0000 -13.7395
v  0.0006 -2.0266 -13.7307
v  -0.3786 -1.9898 -13.7315
v  -0.3707 -1.9700 -13.7379
v  0.0004 -2.0056 -13.7377
v  1.8794 -0.7470 -13.7352
v  1.6860 -1.1084 -13.7401
v  1.6693 -1.0953 -13.7461
v  1.8602 -0.7381 -13.7417
v  1.4261 -1.4241 -13.7433
v  1.4105 -1.4096 -13.7500
v  1.0921 -1.6705 -13.7463
v  1.1028 -1.6887 -13.7401
v  0.7553 -1.8755 -13.7354
v  0.7435 -1.8575 -13.7418
v  0.3721 -1.9684 -13.7384
v  0.3793 -1.9893 -13.7316
v  1.9910 -0.3723 -13.7314
v  1.9704 -0.3671 -13.7379
v  -1.9840 -0.0000 -13.7525
v  -0.7755 -1.8916 -13.7332
v  -1.1076 -1.7170 -13.7377
v  -1.4560 -1.4372 -13.7401
v  -1.7134 -1.1273 -13.7379
v  -1.9098 -0.7649 -13.7325
v  -2.0268 -0.3714 -13.7284
v  -2.0607 -0.0000 -13.7273
v  0.0009 -2.0489 -13.7277
v  -0.3868 -2.0107 -13.7290
v  1.8996 -0.7562 -13.7329
v  1.7035 -1.1221 -13.7381
v  1.4425 -1.4394 -13.7405
v  1.1140 -1.7078 -13.7379
v  0.7676 -1.8944 -13.7331
v  0.3868 -2.0116 -13.7290
v  2.0127 -0.3777 -13.7289
v  -0.8204 -1.9988 -13.7294
v  -1.1718 -1.8141 -13.7345
v  -1.5404 -1.5180 -13.7372
v  -1.8127 -1.1901 -13.7342
v  -2.0205 -0.8068 -13.7287
v  -2.1442 -0.3903 -13.7243
v  0.0012 -2.1652 -13.7236
v  -0.4091 -2.1248 -13.7250
v  2.0101 -0.7975 -13.7290
v  1.8026 -1.1847 -13.7348
v  1.5265 -1.5204 -13.7373
v  1.1789 -1.8043 -13.7339
v  0.8124 -2.0018 -13.7293
v  0.4094 -2.1257 -13.7250
v  2.1682 -0.0000 -13.7235
v  2.1297 -0.3971 -13.7248
v  2.5959 -0.0000 -13.7086
v  -0.0251 -2.9066 -13.6977
v  -3.5720 -0.0000 -13.6745
v  -3.5935 -1.5100 -13.6737
v  -3.5937 -0.0000 -13.6737
v  -3.5934 -2.9064 -13.6689
v  2.5953 -2.9063 -13.6864
v  2.5955 -1.4306 -13.7086
v  3.7982 -7.7790 -13.5276
v  3.2639 -8.1948 -13.5130
v  3.7551 -7.8908 -13.5236
v  3.6993 -7.9856 -13.5203
v  3.6312 -8.0625 -13.5177
v  3.5544 -8.1202 -13.5156
v  3.4650 -8.1634 -13.5141
v  3.3662 -8.1876 -13.5133
v  -10.5715 -0.0000 -13.4300
v  1.3814 -0.0000 -14.0761
v  1.5866 -0.0000 -14.0171
v  -1.9625 -0.0000 -13.7697
v  4.6211 -0.0000 -13.6378
v  5.2510 -12.1067 -2.4497
v  4.8185 -12.1344 -2.4586
v  5.6694 -12.0064 -2.4368
v  8.2335 -4.7628 -2.5420
v  8.4860 -4.8360 -1.3556
v  8.6609 -2.4438 -1.4160
v  8.1797 -7.2139 -1.3332
v  7.7236 -9.6771 -1.3283
v  5.0174 -12.3834 -1.2933
v  5.4601 -12.3512 -1.2975
v  6.7744 -11.7282 -1.2882
v  7.1320 -11.3247 -1.3000
v  7.4118 -10.8336 -1.3096
v  7.5891 -10.2675 -1.3210
v  5.8880 -12.2449 -1.2974
v  6.3561 -12.0325 -1.2908
v  0.5846 -12.2840 -1.2726
v  -4.6257 -12.1410 -1.3559
v  11.1849 14.6766 -0.0000
v  11.1918 14.6779 -0.0000
v  11.1849 14.6766 0.0070
v  11.1886 14.6384 0.0000
v  11.1886 14.6384 0.0070
v  11.1956 14.6388 0.0000
v  11.0167 14.8106 0.0000
v  11.0171 14.8176 0.0000
v  11.0167 14.8106 0.0070
v  11.0530 14.8073 0.0000
v  11.0530 14.8073 0.0070
v  11.0543 14.8142 0.0000
v  -54.2599 14.6382 0.1503
v  -54.2669 14.6386 0.1504
v  -54.2599 14.6382 0.1619
v  -54.2563 14.6744 0.1502
v  -54.2563 14.6744 0.1612
v  -54.2632 14.6757 0.1503
v  -54.1234 14.8074 0.1472
v  -54.1247 14.8143 0.1472
v  -54.1234 14.8074 0.1544
v  -54.0872 14.8110 0.1463
v  -54.0872 14.8110 0.1538
v  -54.0876 14.8180 0.1464
v  -54.2473 14.7056 0.1500
v  -54.2472 14.7056 0.1598
v  -54.2538 14.7082 0.1501
v  -54.2319 14.7354 0.1496
v  -54.2318 14.7354 0.1598
v  -54.2378 14.7393 0.1498
v  -54.2107 14.7616 0.1492
v  -54.2107 14.7616 0.1584
v  -54.2157 14.7665 0.1493
v  -54.1845 14.7828 0.1486
v  -54.1845 14.7829 0.1571
v  -54.1884 14.7887 0.1486
v  -54.1547 14.7983 0.1479
v  -54.1547 14.7983 0.1558
v  -54.1573 14.8048 0.1479
v  11.0836 14.7984 0.0000
v  11.0836 14.7984 0.0070
v  11.0862 14.8049 0.0000
v  11.1135 14.7830 0.0000
v  11.1135 14.7830 0.0070
v  11.1173 14.7889 0.0000
v  11.1398 14.7617 0.0000
v  11.1398 14.7617 0.0070
v  11.1447 14.7666 0.0000
v  11.1611 14.7354 -0.0000
v  11.1611 14.7354 0.0070
v  11.1670 14.7392 -0.0000
v  11.1765 14.7057 -0.0000
v  11.1765 14.7057 0.0070
v  11.1830 14.7083 -0.0000
v  -47.6283 14.8102 0.0001
v  -47.6283 14.8172 0.0001
v  -47.6283 14.8102 0.0071
v  -41.6820 14.8102 0.0001
v  -41.6820 14.8102 0.0071
v  -41.6820 14.8172 0.0001
v  0.6784 14.8102 0.0000
v  0.6784 14.8172 0.0000
v  0.6784 14.8102 0.0070
v  5.2149 14.8102 0.0001
v  5.2149 14.8102 0.0071
v  5.2149 14.8172 0.0001
v  -54.2599 4.0860 0.1503
v  -54.2669 4.0860 0.1504
v  -54.2599 4.0860 0.1601
v  -54.2599 7.9789 0.1503
v  -54.2599 7.9789 0.1601
v  -54.2669 7.9789 0.1504
v  11.1886 9.8918 0.0037
v  11.1956 9.8918 0.0037
v  11.1886 9.8918 0.0107
v  11.1886 5.0089 0.0037
v  11.1886 5.0089 0.0107
v  11.1956 5.0089 0.0037
v  -36.6462 14.8102 0.0001
v  -36.6462 14.8102 0.0071
v  -36.6462 14.8172 0.0001
v  -50.8019 14.8106 0.0745
v  -50.8019 14.8176 0.0745
v  -50.8019 14.8106 0.0816
v  -54.2599 -0.0000 0.1503
v  -54.2669 -0.0000 0.1504
v  -54.2599 -0.0000 0.1601
v  -54.2599 11.2525 0.1503
v  -54.2599 11.2526 0.1601
v  -54.2669 11.2525 0.1504
v  11.1886 -0.0000 0.0037
v  11.1886 -0.0000 0.0107
v  11.1956 -0.0000 0.0037
v  11.1886 11.6951 0.0037
v  11.1956 11.6951 0.0037
v  11.1886 11.6951 0.0107
v  7.5428 14.8102 0.0001
v  7.5428 14.8102 0.0071
v  7.5428 14.8172 0.0001
v  -14.8504 14.8102 0.0001
v  -14.8504 14.8172 0.0001
v  -14.8504 14.8102 0.0071
v  -8.1619 14.8102 0.0001
v  -8.1619 14.8102 0.0071
v  -8.1619 14.8172 0.0001
v  -3.8581 14.8102 0.0001
v  -3.8581 14.8102 0.0071
v  -3.8581 14.8172 0.0001
v  -20.5907 14.8102 0.0001
v  -20.5907 14.8172 0.0001
v  -20.5907 14.8102 0.0071
v  -26.5746 14.8102 0.0001
v  -26.5746 14.8172 0.0001
v  -26.5746 14.8102 0.0071
v  11.1886 -14.6385 0.0000
v  11.1956 -14.6388 0.0000
v  11.1886 -14.6384 0.0070
v  11.1849 -14.6766 -0.0000
v  11.1849 -14.6766 0.0070
v  11.1918 -14.6779 -0.0000
v  11.0530 -14.8073 0.0000
v  11.0543 -14.8142 0.0000
v  11.0530 -14.8073 0.0070
v  11.0167 -14.8106 0.0000
v  11.0167 -14.8106 0.0070
v  11.0171 -14.8176 0.0000
v  -54.2563 -14.6744 0.1502
v  -54.2632 -14.6757 0.1503
v  -54.2563 -14.6744 0.1612
v  -54.2599 -14.6382 0.1503
v  -54.2599 -14.6382 0.1619
v  -54.2669 -14.6386 0.1504
v  -54.0872 -14.8110 0.1463
v  -54.0876 -14.8180 0.1464
v  -54.0872 -14.8110 0.1538
v  -54.1234 -14.8074 0.1472
v  -54.1234 -14.8074 0.1544
v  -54.1247 -14.8144 0.1472
v  -54.2472 -14.7056 0.1500
v  -54.2538 -14.7082 0.1501
v  -54.2472 -14.7056 0.1598
v  -54.2319 -14.7354 0.1496
v  -54.2377 -14.7393 0.1498
v  -54.2318 -14.7354 0.1598
v  -54.2107 -14.7616 0.1492
v  -54.2157 -14.7666 0.1493
v  -54.2107 -14.7616 0.1584
v  -54.1845 -14.7829 0.1486
v  -54.1883 -14.7887 0.1486
v  -54.1845 -14.7829 0.1571
v  -54.1547 -14.7983 0.1479
v  -54.1573 -14.8048 0.1479
v  -54.1547 -14.7983 0.1558
v  11.0836 -14.7984 0.0000
v  11.0862 -14.8049 0.0000
v  11.0836 -14.7984 0.0070
v  11.1135 -14.7830 0.0000
v  11.1173 -14.7889 0.0000
v  11.1135 -14.7830 0.0070
v  11.1398 -14.7617 0.0000
v  11.1447 -14.7666 0.0000
v  11.1398 -14.7617 0.0070
v  11.1611 -14.7354 -0.0000
v  11.1670 -14.7392 -0.0000
v  11.1611 -14.7354 0.0070
v  11.1765 -14.7057 -0.0000
v  11.1830 -14.7083 -0.0000
v  11.1765 -14.7057 0.0070
v  -41.6820 -14.8102 0.0001
v  -41.6820 -14.8172 0.0001
v  -41.6820 -14.8102 0.0071
v  -47.6283 -14.8102 0.0001
v  -47.6283 -14.8102 0.0071
v  -47.6283 -14.8172 0.0001
v  5.2149 -14.8102 0.0001
v  5.2149 -14.8172 0.0001
v  5.2149 -14.8102 0.0071
v  0.6784 -14.8102 0.0000
v  0.6784 -14.8102 0.0070
v  0.6784 -14.8172 0.0000
v  -54.2599 -7.9789 0.1503
v  -54.2669 -7.9789 0.1504
v  -54.2599 -7.9789 0.1601
v  -54.2599 -4.0860 0.1503
v  -54.2599 -4.0860 0.1601
v  -54.2669 -4.0860 0.1504
v  11.1886 -5.0089 0.0037
v  11.1956 -5.0089 0.0037
v  11.1886 -5.0089 0.0107
v  11.1886 -9.8918 0.0037
v  11.1886 -9.8918 0.0107
v  11.1956 -9.8918 0.0037
v  -36.6462 -14.8102 0.0001
v  -36.6462 -14.8172 0.0001
v  -36.6462 -14.8102 0.0071
v  -50.8019 -14.8106 0.0745
v  -50.8019 -14.8106 0.0816
v  -50.8019 -14.8176 0.0745
v  -54.2599 -11.2526 0.1503
v  -54.2669 -11.2526 0.1504
v  -54.2599 -11.2526 0.1601
v  11.1886 -11.6952 0.0037
v  11.1886 -11.6952 0.0107
v  11.1956 -11.6952 0.0037
v  7.5428 -14.8102 0.0001
v  7.5428 -14.8172 0.0001
v  7.5428 -14.8102 0.0071
v  -8.1619 -14.8102 0.0001
v  -8.1619 -14.8172 0.0001
v  -8.1619 -14.8102 0.0071
v  -14.8504 -14.8102 0.0001
v  -14.8504 -14.8102 0.0071
v  -14.8504 -14.8172 0.0001
v  -3.8581 -14.8102 0.0001
v  -3.8581 -14.8172 0.0001
v  -3.8581 -14.8102 0.0071
v  -20.5907 -14.8102 0.0001
v  -20.5907 -14.8102 0.0071
v  -20.5907 -14.8172 0.0001
v  -26.5746 -14.8102 0.0001
v  -26.5746 -14.8102 0.0071
v  -26.5746 -14.8172 0.0001
v  11.3386 14.6456 0.0000
v  11.3316 14.6453 0.0000
v  11.3386 14.6456 0.0070
v  11.3329 14.7049 0.0000
v  11.3329 14.7049 0.0070
v  11.3260 14.7035 0.0000
v  11.0811 14.9553 0.0000
v  11.0798 14.9484 0.0000
v  11.0811 14.9553 0.0070
v  11.0236 14.9606 0.0000
v  11.0236 14.9606 0.0070
v  11.0233 14.9536 0.0000
v  -54.4041 14.7031 0.1535
v  -54.3972 14.7018 0.1534
v  -54.4042 14.7031 0.1612
v  -54.4098 14.6457 0.1537
v  -54.4099 14.6457 0.1619
v  -54.4028 14.6453 0.1535
v  -54.0946 14.9610 0.1465
v  -54.0942 14.9540 0.1465
v  -54.0945 14.9610 0.1538
v  -54.1518 14.9554 0.1478
v  -54.1518 14.9554 0.1544
v  -54.1505 14.9485 0.1478
v  -54.3872 14.7615 0.1532
v  -54.3806 14.7589 0.1530
v  -54.3872 14.7615 0.1598
v  -54.3580 14.8180 0.1525
v  -54.3521 14.8141 0.1524
v  -54.3580 14.8180 0.1598
v  -54.3172 14.8684 0.1516
v  -54.3122 14.8634 0.1515
v  -54.3172 14.8684 0.1584
v  -54.2668 14.9092 0.1504
v  -54.2630 14.9033 0.1503
v  -54.2668 14.9092 0.1571
v  -54.2104 14.9383 0.1491
v  -54.2078 14.9318 0.1491
v  -54.2104 14.9383 0.1558
v  11.1395 14.9383 0.0000
v  11.1369 14.9318 0.0000
v  11.1395 14.9383 0.0070
v  11.1959 14.9092 0.0000
v  11.1921 14.9033 0.0000
v  11.1959 14.9092 0.0070
v  11.2463 14.8684 0.0000
v  11.2414 14.8634 0.0000
v  11.2463 14.8684 0.0070
v  11.2872 14.8180 0.0000
v  11.2814 14.8142 0.0000
v  11.2872 14.8180 0.0070
v  11.3165 14.7616 0.0000
v  11.3099 14.7590 0.0000
v  11.3165 14.7616 0.0070
v  -41.6820 14.9602 0.0000
v  -41.6820 14.9532 0.0000
v  -41.6820 14.9602 0.0070
v  -47.6283 14.9602 0.0000
v  -47.6283 14.9602 0.0070
v  -47.6283 14.9532 0.0000
v  5.2149 14.9602 0.0000
v  5.2149 14.9532 0.0000
v  5.2149 14.9602 0.0070
v  0.6784 14.9602 0.0000
v  0.6784 14.9602 0.0070
v  0.6784 14.9532 0.0000
v  -54.4098 7.9789 0.1537
v  -54.4028 7.9789 0.1535
v  -54.4099 7.9789 0.1601
v  -54.4098 4.0860 0.1537
v  -54.4099 4.0860 0.1601
v  -54.4028 4.0860 0.1535
v  11.3386 5.0089 0.0037
v  11.3316 5.0089 0.0037
v  11.3386 5.0089 0.0107
v  11.3386 9.8918 0.0037
v  11.3386 9.8918 0.0107
v  11.3316 9.8918 0.0037
v  -36.6462 14.9602 0.0000
v  -36.6462 14.9532 0.0000
v  -36.6462 14.9602 0.0070
v  -50.8019 14.9606 0.0745
v  -50.8019 14.9606 0.0815
v  -50.8019 14.9536 0.0745
v  -54.4098 -0.0000 0.1537
v  -54.4099 -0.0000 0.1601
v  -54.4028 -0.0000 0.1535
v  -54.4098 11.2525 0.1537
v  -54.4028 11.2525 0.1535
v  -54.4099 11.2526 0.1601
v  11.3386 -0.0000 0.0037
v  11.3316 -0.0000 0.0037
v  11.3386 -0.0000 0.0107
v  11.3386 11.6951 0.0037
v  11.3386 11.6951 0.0107
v  11.3316 11.6951 0.0037
v  7.5428 14.9602 0.0000
v  7.5428 14.9532 0.0000
v  7.5428 14.9602 0.0070
v  -8.1619 14.9602 0.0000
v  -8.1619 14.9532 0.0000
v  -8.1619 14.9602 0.0070
v  -14.8504 14.9602 0.0000
v  -14.8504 14.9602 0.0070
v  -14.8504 14.9532 0.0000
v  -3.8581 14.9602 0.0000
v  -3.8581 14.9532 0.0000
v  -3.8581 14.9602 0.0070
v  -20.5907 14.9602 0.0000
v  -20.5907 14.9602 0.0070
v  -20.5907 14.9532 0.0000
v  -26.5746 14.9602 0.0000
v  -26.5746 14.9602 0.0070
v  -26.5746 14.9532 0.0000
v  11.3329 -14.7049 0.0000
v  11.3260 -14.7035 0.0000
v  11.3329 -14.7049 0.0070
v  11.3386 -14.6456 0.0000
v  11.3386 -14.6456 0.0070
v  11.3316 -14.6453 0.0000
v  11.0236 -14.9606 0.0000
v  11.0233 -14.9536 0.0000
v  11.0236 -14.9606 0.0070
v  11.0811 -14.9553 0.0000
v  11.0811 -14.9553 0.0070
v  11.0798 -14.9484 0.0000
v  -54.4098 -14.6457 0.1537
v  -54.4028 -14.6453 0.1535
v  -54.4099 -14.6457 0.1619
v  -54.4041 -14.7031 0.1535
v  -54.4042 -14.7031 0.1612
v  -54.3972 -14.7018 0.1534
v  -54.1518 -14.9554 0.1478
v  -54.1505 -14.9485 0.1478
v  -54.1518 -14.9554 0.1544
v  -54.0945 -14.9610 0.1465
v  -54.0945 -14.9610 0.1538
v  -54.0942 -14.9540 0.1465
v  -54.3871 -14.7615 0.1532
v  -54.3872 -14.7615 0.1598
v  -54.3806 -14.7589 0.1530
v  -54.3580 -14.8180 0.1525
v  -54.3580 -14.8180 0.1598
v  -54.3521 -14.8141 0.1524
v  -54.3172 -14.8684 0.1516
v  -54.3172 -14.8684 0.1584
v  -54.3122 -14.8634 0.1515
v  -54.2668 -14.9092 0.1504
v  -54.2668 -14.9092 0.1571
v  -54.2630 -14.9033 0.1503
v  -54.2104 -14.9383 0.1491
v  -54.2104 -14.9383 0.1558
v  -54.2078 -14.9318 0.1491
v  11.1395 -14.9384 0.0000
v  11.1395 -14.9384 0.0070
v  11.1369 -14.9318 0.0000
v  11.1959 -14.9092 0.0000
v  11.1959 -14.9092 0.0070
v  11.1921 -14.9033 0.0000
v  11.2463 -14.8684 0.0000
v  11.2463 -14.8684 0.0070
v  11.2414 -14.8634 0.0000
v  11.2872 -14.8180 0.0000
v  11.2872 -14.8180 0.0070
v  11.2814 -14.8142 0.0000
v  11.3165 -14.7616 0.0000
v  11.3165 -14.7616 0.0070
v  11.3099 -14.7590 0.0000
v  -47.6283 -14.9602 0.0000
v  -47.6283 -14.9532 0.0000
v  -47.6283 -14.9602 0.0070
v  -41.6820 -14.9602 0.0000
v  -41.6820 -14.9602 0.0070
v  -41.6820 -14.9532 0.0000
v  0.6784 -14.9602 0.0000
v  0.6784 -14.9532 0.0000
v  0.6784 -14.9602 0.0070
v  5.2149 -14.9602 0.0000
v  5.2149 -14.9602 0.0070
v  5.2149 -14.9532 0.0000
v  -54.4098 -4.0860 0.1537
v  -54.4028 -4.0860 0.1535
v  -54.4099 -4.0860 0.1601
v  -54.4098 -7.9789 0.1537
v  -54.4099 -7.9789 0.1601
v  -54.4028 -7.9789 0.1535
v  11.3386 -9.8918 0.0037
v  11.3316 -9.8918 0.0037
v  11.3386 -9.8918 0.0107
v  11.3386 -5.0089 0.0037
v  11.3386 -5.0089 0.0107
v  11.3316 -5.0089 0.0037
v  -36.6462 -14.9602 0.0000
v  -36.6462 -14.9602 0.0070
v  -36.6462 -14.9532 0.0000
v  -50.8019 -14.9606 0.0745
v  -50.8019 -14.9536 0.0745
v  -50.8019 -14.9606 0.0815
v  -54.4098 -11.2526 0.1537
v  -54.4099 -11.2526 0.1601
v  -54.4028 -11.2526 0.1535
v  11.3386 -11.6952 0.0037
v  11.3316 -11.6952 0.0037
v  11.3386 -11.6952 0.0107
v  7.5428 -14.9602 0.0000
v  7.5428 -14.9602 0.0070
v  7.5428 -14.9532 0.0000
v  -14.8504 -14.9602 0.0000
v  -14.8504 -14.9532 0.0000
v  -14.8504 -14.9602 0.0070
v  -8.1619 -14.9602 0.0000
v  -8.1619 -14.9602 0.0070
v  -8.1619 -14.9532 0.0000
v  -3.8581 -14.9602 0.0000
v  -3.8581 -14.9602 0.0070
v  -3.8581 -14.9532 0.0000
v  -20.5907 -14.9602 0.0000
v  -20.5907 -14.9532 0.0000
v  -20.5907 -14.9602 0.0070
v  -26.5746 -14.9602 0.0000
v  -26.5746 -14.9532 0.0000
v  -26.5746 -14.9602 0.0070
v  8.7713 -0.0000 -1.8890
v  8.7228 1.0043 -2.0865
v  8.7232 0.9974 -2.0852
v  8.7157 1.0043 -2.0865
v  8.7649 1.0235 -1.8890
v  8.7577 1.0235 -1.8890
v  8.7649 1.0165 -1.8890
v  8.6832 0.9470 -2.2772
v  8.6838 0.9405 -2.2745
v  8.6760 0.9470 -2.2772
v  8.6473 0.8538 -2.4534
v  8.6482 0.8479 -2.4496
v  8.6402 0.8538 -2.4534
v  8.6163 0.7274 -2.6090
v  8.6174 0.7225 -2.6041
v  8.6092 0.7274 -2.6090
v  8.5912 0.5730 -2.7371
v  8.5925 0.5691 -2.7313
v  8.5842 0.5730 -2.7371
v  8.5727 0.3953 -2.8331
v  8.5741 0.3926 -2.8267
v  8.5657 0.3953 -2.8331
v  8.5614 0.2017 -2.8924
v  8.5628 0.2003 -2.8856
v  8.5544 0.2017 -2.8924
v  8.5576 -0.0000 -2.9123
v  8.5590 -0.0000 -2.9055
v  8.5506 -0.0000 -2.9123
v  8.8504 0.9470 -1.5006
v  8.8498 0.9405 -1.5033
v  8.8432 0.9470 -1.5006
v  8.8903 0.8539 -1.3247
v  8.8832 0.8539 -1.3247
v  8.8895 0.8481 -1.3286
v  8.8079 1.0042 -1.6912
v  8.8008 1.0042 -1.6912
v  8.8077 0.9973 -1.6925
v  8.9933 0.2021 -0.8856
v  8.9918 0.2007 -0.8924
v  8.9862 0.2021 -0.8856
v  8.9981 -0.0000 -0.8655
v  8.9911 -0.0000 -0.8655
v  8.9966 -0.0000 -0.8723
v  8.9790 0.3959 -0.9452
v  8.9776 0.3932 -0.9515
v  8.9720 0.3959 -0.9452
v  8.9562 0.5735 -1.0413
v  8.9550 0.5696 -1.0470
v  8.9492 0.5735 -1.0413
v  8.9262 0.7278 -1.1693
v  8.9252 0.7228 -1.1743
v  8.9191 0.7278 -1.1693
v  8.7649 -1.0235 -1.8890
v  8.7649 -1.0165 -1.8890
v  8.7577 -1.0235 -1.8890
v  8.7228 -1.0043 -2.0865
v  8.7157 -1.0043 -2.0865
v  8.7232 -0.9974 -2.0852
v  8.6832 -0.9470 -2.2772
v  8.6760 -0.9470 -2.2772
v  8.6838 -0.9405 -2.2745
v  8.6473 -0.8538 -2.4534
v  8.6402 -0.8538 -2.4534
v  8.6482 -0.8480 -2.4496
v  8.6163 -0.7274 -2.6090
v  8.6092 -0.7274 -2.6090
v  8.6174 -0.7225 -2.6041
v  8.5912 -0.5730 -2.7371
v  8.5842 -0.5730 -2.7371
v  8.5925 -0.5691 -2.7313
v  8.5727 -0.3953 -2.8331
v  8.5657 -0.3953 -2.8331
v  8.5741 -0.3926 -2.8267
v  8.5614 -0.2017 -2.8924
v  8.5544 -0.2017 -2.8924
v  8.5628 -0.2003 -2.8856
v  8.8903 -0.8539 -1.3247
v  8.8895 -0.8481 -1.3286
v  8.8832 -0.8539 -1.3247
v  8.8504 -0.9470 -1.5006
v  8.8432 -0.9470 -1.5006
v  8.8498 -0.9405 -1.5033
v  8.8079 -1.0042 -1.6912
v  8.8077 -0.9973 -1.6925
v  8.8008 -1.0042 -1.6912
v  8.9933 -0.2021 -0.8856
v  8.9862 -0.2021 -0.8856
v  8.9918 -0.2008 -0.8924
v  8.9790 -0.3959 -0.9452
v  8.9720 -0.3959 -0.9452
v  8.9776 -0.3933 -0.9515
v  8.9562 -0.5735 -1.0413
v  8.9492 -0.5735 -1.0413
v  8.9550 -0.5696 -1.0470
v  8.9262 -0.7278 -1.1693
v  8.9191 -0.7278 -1.1693
v  8.9252 -0.7228 -1.1743
v  8.1588 -0.0000 -4.9714
v  8.4112 -0.0000 -3.7811
v  8.7064 -0.0000 -2.6226
v  8.9221 -0.0000 -1.4479
v  9.0581 -0.0000 -0.8242
v  9.1430 -0.0000 -0.1981
v  -0.9872 0.1827 -14.0945
v  -0.9872 0.1827 -14.1015
v  -0.9941 0.1840 -14.0945
v  -0.9334 0.3695 -14.0945
v  -0.9400 0.3721 -14.0945
v  -0.9334 0.3695 -14.1015
v  -0.8403 0.5494 -14.0945
v  -0.8462 0.5532 -14.0945
v  -0.8403 0.5494 -14.1015
v  -0.7099 0.7099 -14.0945
v  -0.7149 0.7149 -14.0945
v  -0.7099 0.7099 -14.1015
v  -0.5494 0.8403 -14.0945
v  -0.5532 0.8462 -14.0945
v  -0.5494 0.8403 -14.1015
v  -0.3695 0.9334 -14.0945
v  -0.3721 0.9400 -14.0945
v  -0.3695 0.9334 -14.1015
v  -0.1827 0.9872 -14.0945
v  -0.1840 0.9941 -14.0945
v  -0.1827 0.9872 -14.1015
v  0.0000 1.0039 -14.0945
v  0.0000 1.0110 -14.0945
v  0.0000 1.0039 -14.1015
v  0.1827 0.9872 -14.0945
v  0.1840 0.9941 -14.0945
v  0.1827 0.9872 -14.1015
v  0.3695 0.9334 -14.0945
v  0.3721 0.9400 -14.0945
v  0.3695 0.9334 -14.1015
v  0.5494 0.8403 -14.0945
v  0.5532 0.8462 -14.0945
v  0.5494 0.8403 -14.1015
v  0.7099 0.7099 -14.0945
v  0.7149 0.7149 -14.0945
v  0.7099 0.7099 -14.1015
v  0.8396 0.5489 -14.0945
v  0.8455 0.5527 -14.0945
v  0.8396 0.5489 -14.1015
v  0.9328 0.3688 -14.0945
v  0.9393 0.3714 -14.0945
v  0.9328 0.3688 -14.1015
v  0.9872 0.1827 -14.0945
v  0.9941 0.1840 -14.0945
v  0.9872 0.1827 -14.1015
v  1.0033 -0.0000 -14.0945
v  1.0107 -0.0000 -14.0945
v  1.0009 -0.0000 -14.1001
v  -1.0037 -0.0000 -14.0945
v  -1.0037 -0.0000 -14.1015
v  -1.0107 -0.0000 -14.0945
v  -1.0037 -0.0000 -14.2441
v  -0.9966 -0.0000 -14.2441
v  -1.0037 -0.0000 -14.2371
v  -0.9872 0.1827 -14.2441
v  -0.9872 0.1827 -14.2371
v  -0.9803 0.1814 -14.2441
v  -0.9334 0.3695 -14.2441
v  -0.9334 0.3695 -14.2371
v  -0.9269 0.3670 -14.2441
v  -0.8403 0.5494 -14.2441
v  -0.8403 0.5494 -14.2371
v  -0.8344 0.5455 -14.2441
v  -0.7099 0.7099 -14.2441
v  -0.7099 0.7099 -14.2371
v  -0.7049 0.7049 -14.2441
v  -0.5494 0.8403 -14.2441
v  -0.5494 0.8403 -14.2371
v  -0.5455 0.8344 -14.2441
v  -0.3695 0.9334 -14.2441
v  -0.3695 0.9334 -14.2371
v  -0.3670 0.9269 -14.2441
v  -0.1827 0.9872 -14.2441
v  -0.1827 0.9872 -14.2371
v  -0.1814 0.9803 -14.2441
v  0.0000 1.0039 -14.2441
v  0.0000 1.0039 -14.2371
v  0.0000 0.9969 -14.2441
v  0.1827 0.9872 -14.2441
v  0.1827 0.9872 -14.2371
v  0.1814 0.9803 -14.2441
v  0.3695 0.9334 -14.2441
v  0.3695 0.9334 -14.2371
v  0.3670 0.9269 -14.2441
v  0.5494 0.8403 -14.2441
v  0.5494 0.8403 -14.2371
v  0.5455 0.8344 -14.2441
v  0.7099 0.7099 -14.2441
v  0.7099 0.7099 -14.2371
v  0.7049 0.7049 -14.2441
v  0.8396 0.5489 -14.2441
v  0.8396 0.5489 -14.2371
v  0.8337 0.5450 -14.2441
v  0.9328 0.3688 -14.2441
v  0.9328 0.3688 -14.2371
v  0.9262 0.3662 -14.2441
v  0.9872 0.1827 -14.2441
v  0.9872 0.1827 -14.2371
v  0.9803 0.1814 -14.2441
v  1.0037 -0.0000 -14.2441
v  1.0037 -0.0000 -14.2371
v  -0.9334 -0.3695 -14.0945
v  -0.9334 -0.3695 -14.1015
v  -0.9400 -0.3721 -14.0945
v  -0.9872 -0.1827 -14.0945
v  -0.9941 -0.1840 -14.0945
v  -0.9872 -0.1827 -14.1015
v  -0.8403 -0.5494 -14.0945
v  -0.8403 -0.5494 -14.1015
v  -0.8462 -0.5532 -14.0945
v  -0.7099 -0.7099 -14.0945
v  -0.7099 -0.7099 -14.1015
v  -0.7149 -0.7149 -14.0945
v  -0.5494 -0.8403 -14.0945
v  -0.5494 -0.8403 -14.1015
v  -0.5532 -0.8462 -14.0945
v  -0.3695 -0.9335 -14.0945
v  -0.3695 -0.9335 -14.1015
v  -0.3721 -0.9400 -14.0945
v  -0.1827 -0.9872 -14.0945
v  -0.1827 -0.9872 -14.1015
v  -0.1840 -0.9941 -14.0945
v  0.0000 -1.0039 -14.0945
v  0.0000 -1.0039 -14.1015
v  0.0000 -1.0110 -14.0945
v  0.1827 -0.9872 -14.0945
v  0.1827 -0.9872 -14.1015
v  0.1840 -0.9941 -14.0945
v  0.3695 -0.9335 -14.0945
v  0.3695 -0.9335 -14.1015
v  0.3721 -0.9400 -14.0945
v  0.5494 -0.8403 -14.0945
v  0.5494 -0.8403 -14.1015
v  0.5532 -0.8462 -14.0945
v  0.7099 -0.7099 -14.0945
v  0.7099 -0.7099 -14.1015
v  0.7149 -0.7149 -14.0945
v  0.8396 -0.5489 -14.0945
v  0.8396 -0.5489 -14.1015
v  0.8455 -0.5527 -14.0945
v  0.9328 -0.3688 -14.0945
v  0.9328 -0.3688 -14.1015
v  0.9393 -0.3714 -14.0945
v  0.9872 -0.1827 -14.0945
v  0.9872 -0.1827 -14.1015
v  0.9941 -0.1840 -14.0945
v  -0.9872 -0.1827 -14.2441
v  -0.9803 -0.1814 -14.2441
v  -0.9872 -0.1827 -14.2371
v  -0.9334 -0.3695 -14.2441
v  -0.9269 -0.3670 -14.2441
v  -0.9334 -0.3695 -14.2371
v  -0.8403 -0.5494 -14.2441
v  -0.8344 -0.5455 -14.2441
v  -0.8403 -0.5494 -14.2371
v  -0.7099 -0.7099 -14.2441
v  -0.7049 -0.7049 -14.2441
v  -0.7099 -0.7099 -14.2371
v  -0.5494 -0.8403 -14.2441
v  -0.5455 -0.8344 -14.2441
v  -0.5494 -0.8403 -14.2371
v  -0.3695 -0.9335 -14.2441
v  -0.3670 -0.9269 -14.2441
v  -0.3695 -0.9335 -14.2371
v  -0.1827 -0.9872 -14.2441
v  -0.1814 -0.9803 -14.2441
v  -0.1827 -0.9872 -14.2371
v  0.0000 -1.0039 -14.2441
v  0.0000 -0.9969 -14.2441
v  0.0000 -1.0039 -14.2371
v  0.1827 -0.9872 -14.2441
v  0.1814 -0.9803 -14.2441
v  0.1827 -0.9872 -14.2371
v  0.3695 -0.9335 -14.2441
v  0.3670 -0.9269 -14.2441
v  0.3695 -0.9335 -14.2371
v  0.5494 -0.8403 -14.2441
v  0.5455 -0.8344 -14.2441
v  0.5494 -0.8403 -14.2371
v  0.7099 -0.7099 -14.2441
v  0.7049 -0.7049 -14.2441
v  0.7099 -0.7099 -14.2371
v  0.8396 -0.5489 -14.2441
v  0.8337 -0.5450 -14.2441
v  0.8396 -0.5489 -14.2371
v  0.9328 -0.3688 -14.2441
v  0.9262 -0.3662 -14.2441
v  0.9328 -0.3688 -14.2371
v  0.9872 -0.1827 -14.2441
v  0.9803 -0.1814 -14.2441
v  0.9872 -0.1827 -14.2371
v  0.9967 -0.0000 -14.2441
v  7.9007 0.0004 -1.7032
v  8.8245 -0.1853 -1.8342
v  8.8105 -0.1972 -1.9003
v  8.8368 -0.1510 -1.7761
v  8.8459 -0.0984 -1.7330
v  8.8508 -0.0339 -1.7100
v  8.8508 0.0347 -1.7100
v  8.8459 0.0991 -1.7330
v  8.8368 0.1517 -1.7761
v  8.8245 0.1860 -1.8342
v  8.8105 0.1979 -1.9003
v  8.7965 0.1860 -1.9664
v  8.7843 0.1517 -2.0246
v  8.7751 0.0991 -2.0677
v  8.7703 0.0347 -2.0907
v  8.7703 -0.0339 -2.0907
v  8.7751 -0.0984 -2.0677
v  8.7843 -0.1510 -2.0246
v  8.7965 -0.1853 -1.9664
v  7.9007 -0.1972 -1.7032
v  7.9076 -0.1972 -1.7047
v  7.9007 -0.1901 -1.7032
v  7.9147 -0.1853 -1.6371
v  7.9142 -0.1786 -1.6395
v  7.9215 -0.1853 -1.6386
v  7.9270 -0.1510 -1.5790
v  7.9260 -0.1455 -1.5835
v  7.9338 -0.1510 -1.5805
v  7.9361 -0.0984 -1.5359
v  7.9348 -0.0948 -1.5419
v  7.9430 -0.0984 -1.5373
v  7.9410 -0.0339 -1.5129
v  7.9395 -0.0327 -1.5198
v  7.9478 -0.0339 -1.5144
v  7.9410 0.0347 -1.5129
v  7.9395 0.0334 -1.5198
v  7.9478 0.0347 -1.5144
v  7.9361 0.0991 -1.5359
v  7.9348 0.0956 -1.5419
v  7.9430 0.0991 -1.5373
v  7.9270 0.1517 -1.5790
v  7.9260 0.1462 -1.5835
v  7.9338 0.1517 -1.5805
v  7.9147 0.1860 -1.6371
v  7.9142 0.1793 -1.6395
v  7.9215 0.1860 -1.6386
v  7.9007 0.1979 -1.7032
v  7.9007 0.1908 -1.7032
v  7.9076 0.1979 -1.7047
v  7.8868 0.1860 -1.7693
v  7.8873 0.1793 -1.7670
v  7.8936 0.1860 -1.7708
v  7.8745 0.1517 -1.8275
v  7.8754 0.1462 -1.8230
v  7.8813 0.1517 -1.8289
v  7.8653 0.0991 -1.8706
v  7.8666 0.0956 -1.8646
v  7.8722 0.0991 -1.8720
v  7.8605 0.0347 -1.8936
v  7.8619 0.0334 -1.8867
v  7.8673 0.0347 -1.8950
v  7.8605 -0.0339 -1.8936
v  7.8619 -0.0327 -1.8867
v  7.8673 -0.0339 -1.8950
v  7.8653 -0.0984 -1.8706
v  7.8666 -0.0948 -1.8646
v  7.8722 -0.0984 -1.8720
v  7.8745 -0.1510 -1.8275
v  7.8754 -0.1455 -1.8230
v  7.8813 -0.1510 -1.8289
v  7.8868 -0.1853 -1.7693
v  7.8873 -0.1786 -1.7670
v  7.8936 -0.1853 -1.7708
v  7.7163 0.0009 -1.7071
# 11953 vertices

o 18775T
g 18775T
s 1
f 1 420 416 8 
f 2 423 420 1 
f 2 3 429 425 
f 3 4 432 429 
f 4 5 435 432 
f 6 438 435 5 
f 6 7 447 443 
f 7 9 450 447 
s 2
f 449 43 41 446 
f 444 446 41 37 
f 37 45 441 444 
f 60 434 437 48 
f 426 428 54 50 
f 428 431 57 54 
f 431 434 60 57 
s 1
f 425 451 2 
s 2
f 65 67 419 422 
f 67 70 417 419 
f 426 50 62 453 
f 62 65 422 453 
f 45 48 437 441 
s 1
f 6 443 440 
f 440 438 6 
f 451 423 2 
f 38 40 10 11 
f 40 142 89 10 
f 73 38 11 
f 47 11 14 59 
f 51 53 12 15 
f 53 56 13 12 
f 56 59 14 13 
f 72 51 15 
f 64 15 16 68 
f 68 16 17 71 
f 64 72 15 
f 47 73 11 
f 11 10 18 19 
f 10 89 97 18 
f 11 19 22 14 
f 15 12 20 23 
f 12 13 21 20 
f 13 14 22 21 
f 15 23 24 16 
f 16 24 25 17 
f 19 18 26 27 
f 18 97 105 26 
f 19 27 30 22 
f 23 20 28 31 
f 20 21 29 28 
f 21 22 30 29 
f 23 31 32 24 
f 24 32 33 25 
f 27 26 108 
f 26 105 108 
f 27 108 34 30 
f 31 28 34 35 
f 28 29 34 
f 29 30 34 
f 31 35 32 
f 32 35 33 
s 2
f 41 43 42 39 
f 37 41 39 36 
f 45 37 36 44 
f 48 46 58 60 
f 50 54 52 49 
f 54 57 55 52 
f 57 60 58 55 
f 65 63 66 67 
f 67 66 69 70 
f 62 50 49 61 
f 65 62 61 63 
f 48 45 44 46 
s 1
f 38 36 39 40 
f 40 39 42 142 
f 38 73 44 36 
f 47 59 58 46 
f 51 49 52 53 
f 53 52 55 56 
f 56 55 58 59 
f 51 72 61 49 
f 64 68 66 63 
f 68 71 69 66 
f 72 64 63 61 
f 73 47 46 44 
f 74 456 450 9 
f 75 459 456 74 
f 75 76 465 461 
f 76 77 468 465 
f 77 78 471 468 
f 79 474 471 78 
f 79 80 483 479 
f 80 81 486 483 
s 2
f 485 116 114 482 
f 480 482 114 110 
f 110 118 477 480 
f 133 470 473 121 
f 462 464 127 123 
f 464 467 130 127 
f 467 470 133 130 
s 1
f 461 487 75 
s 2
f 138 140 455 458 
f 140 43 449 455 
f 462 123 135 489 
f 135 138 458 489 
f 118 121 473 477 
s 1
f 79 479 476 
f 476 474 79 
f 487 459 75 
f 111 113 82 83 
f 113 213 160 82 
f 144 111 83 
f 120 83 86 132 
f 124 126 84 87 
f 126 129 85 84 
f 129 132 86 85 
f 143 124 87 
f 137 87 88 141 
f 141 88 89 142 
f 137 143 87 
f 120 144 83 
f 83 82 90 91 
f 82 160 168 90 
f 83 91 94 86 
f 87 84 92 95 
f 84 85 93 92 
f 85 86 94 93 
f 87 95 96 88 
f 88 96 97 89 
f 91 90 98 99 
f 90 168 106 98 
f 91 99 102 94 
f 95 92 100 103 
f 92 93 101 100 
f 93 94 102 101 
f 95 103 104 96 
f 96 104 105 97 
f 99 98 179 
f 98 106 179 
f 99 179 107 102 
f 103 100 107 108 
f 100 101 107 
f 101 102 107 
f 103 108 104 
f 104 108 105 
s 2
f 114 116 115 112 
f 110 114 112 109 
f 118 110 109 117 
f 121 119 131 133 
f 123 127 125 122 
f 127 130 128 125 
f 130 133 131 128 
f 138 136 139 140 
f 140 139 42 43 
f 135 123 122 134 
f 138 135 134 136 
f 121 118 117 119 
s 1
f 111 109 112 113 
f 113 112 115 213 
f 111 144 117 109 
f 120 132 131 119 
f 124 122 125 126 
f 126 125 128 129 
f 129 128 131 132 
f 124 143 134 122 
f 137 141 139 136 
f 141 142 42 139 
f 143 137 136 134 
f 144 120 119 117 
f 145 492 486 81 
f 146 495 492 145 
f 146 147 501 497 
f 147 148 504 501 
f 148 149 507 504 
f 150 510 507 149 
f 150 151 519 515 
f 151 152 522 519 
s 2
f 521 187 185 518 
f 516 518 185 181 
f 181 189 513 516 
f 204 506 509 192 
f 498 500 198 194 
f 500 503 201 198 
f 503 506 204 201 
s 1
f 497 523 146 
s 2
f 209 211 491 494 
f 211 116 485 491 
f 498 194 206 525 
f 206 209 494 525 
f 189 192 509 513 
s 1
f 150 515 512 
f 512 510 150 
f 523 495 146 
f 182 184 153 154 
f 184 279 230 153 
f 215 182 154 
f 191 154 157 203 
f 195 197 155 158 
f 197 200 156 155 
f 200 203 157 156 
f 214 195 158 
f 208 158 159 212 
f 212 159 160 213 
f 208 214 158 
f 191 215 154 
f 154 153 161 162 
f 153 230 169 161 
f 154 162 165 157 
f 158 155 163 166 
f 155 156 164 163 
f 156 157 165 164 
f 158 166 167 159 
f 159 167 168 160 
f 162 161 170 171 
f 161 169 177 170 
f 162 171 174 165 
f 166 163 172 175 
f 163 164 173 172 
f 164 165 174 173 
f 166 175 176 167 
f 167 176 106 168 
f 171 170 247 
f 170 177 247 
f 171 247 178 174 
f 175 172 178 179 
f 172 173 178 
f 173 174 178 
f 175 179 176 
f 176 179 106 
s 2
f 185 187 186 183 
f 181 185 183 180 
f 189 181 180 188 
f 192 190 202 204 
f 194 198 196 193 
f 198 201 199 196 
f 201 204 202 199 
f 209 207 210 211 
f 211 210 115 116 
f 206 194 193 205 
f 209 206 205 207 
f 192 189 188 190 
s 1
f 182 180 183 184 
f 184 183 186 279 
f 182 215 188 180 
f 191 203 202 190 
f 195 193 196 197 
f 197 196 199 200 
f 200 199 202 203 
f 195 214 205 193 
f 208 212 210 207 
f 212 213 115 210 
f 214 208 207 205 
f 215 191 190 188 
f 216 528 522 152 
f 217 531 528 216 
f 217 218 537 533 
f 218 219 540 537 
f 219 220 543 540 
f 221 546 543 220 
f 221 222 555 551 
f 222 287 558 555 
s 2
f 557 345 253 554 
f 552 554 253 249 
f 249 255 549 552 
f 270 542 545 258 
f 534 536 264 260 
f 536 539 267 264 
f 539 542 270 267 
s 1
f 533 559 217 
s 2
f 275 277 527 530 
f 277 187 521 527 
f 534 260 272 561 
f 272 275 530 561 
f 255 258 545 549 
s 1
f 221 551 548 
f 548 546 221 
f 559 531 217 
f 250 252 223 224 
f 252 346 295 223 
f 281 250 224 
f 257 224 227 269 
f 261 263 225 228 
f 263 266 226 225 
f 266 269 227 226 
f 280 261 228 
f 274 228 229 278 
f 278 229 230 279 
f 274 280 228 
f 257 281 224 
f 224 223 231 232 
f 223 295 303 231 
f 224 232 235 227 
f 228 225 233 236 
f 225 226 234 233 
f 226 227 235 234 
f 228 236 237 229 
f 229 237 169 230 
f 232 231 238 239 
f 231 303 245 238 
f 232 239 242 235 
f 236 233 240 243 
f 233 234 241 240 
f 234 235 242 241 
f 236 243 244 237 
f 237 244 177 169 
f 239 238 312 
f 238 245 312 
f 239 312 246 242 
f 243 240 246 247 
f 240 241 246 
f 241 242 246 
f 243 247 244 
f 244 247 177 
s 2
f 253 345 344 251 
f 249 253 251 248 
f 255 249 248 254 
f 258 256 268 270 
f 260 264 262 259 
f 264 267 265 262 
f 267 270 268 265 
f 275 273 276 277 
f 277 276 186 187 
f 272 260 259 271 
f 275 272 271 273 
f 258 255 254 256 
s 1
f 250 248 251 252 
f 252 251 344 346 
f 250 281 254 248 
f 257 269 268 256 
f 261 259 262 263 
f 263 262 265 266 
f 266 265 268 269 
f 261 280 271 259 
f 274 278 276 273 
f 278 279 186 276 
f 280 274 273 271 
f 281 257 256 254 
f 282 564 558 287 
f 283 567 564 282 
f 283 284 573 569 
f 284 285 576 573 
f 285 286 579 576 
s 2
f 630 410 318 654 
f 654 318 314 651 
f 314 320 648 651 
f 335 642 646 323 
f 570 572 329 325 
f 572 575 332 329 
f 575 578 332 
f 640 335 636 
f 642 335 640 
s 1
f 569 580 283 
s 2
f 340 342 563 566 
f 342 345 557 563 
f 570 325 337 582 
f 337 340 566 582 
f 320 323 646 648 
s 1
f 580 567 283 
f 315 317 288 289 
f 317 411 360 288 
f 348 315 289 
f 322 289 292 334 
f 326 328 290 293 
f 328 331 291 290 
f 331 334 292 291 
f 347 326 293 
f 339 293 294 343 
f 343 294 295 346 
f 339 347 293 
f 322 348 289 
f 289 288 296 297 
f 288 360 368 296 
f 289 297 300 292 
f 293 290 298 301 
f 290 291 299 298 
f 291 292 300 299 
f 293 301 302 294 
f 294 302 303 295 
f 297 296 304 305 
f 296 368 376 304 
f 297 305 308 300 
f 301 298 306 309 
f 298 299 307 306 
f 299 300 308 307 
f 301 309 310 302 
f 302 310 245 303 
f 305 304 378 
f 304 376 378 
f 305 378 311 308 
f 309 306 311 312 
f 306 307 311 
f 307 308 311 
f 309 312 310 
f 310 312 245 
s 2
f 318 410 409 316 
f 314 318 316 313 
f 320 314 313 319 
f 323 321 333 335 
f 325 329 327 324 
f 329 332 330 327 
f 332 335 333 330 
f 340 338 341 342 
f 342 341 344 345 
f 337 325 324 336 
f 340 337 336 338 
f 323 320 319 321 
s 1
f 315 313 316 317 
f 317 316 409 411 
f 315 348 319 313 
f 322 334 333 321 
f 326 324 327 328 
f 328 327 330 331 
f 331 330 333 334 
f 326 347 336 324 
f 339 343 341 338 
f 343 346 344 341 
f 347 339 338 336 
f 348 322 321 319 
f 1631 349 592 585 
f 349 350 595 592 
f 351 598 595 350 
f 351 352 607 603 
f 352 8 416 607 
s 2
f 417 70 384 606 
f 604 606 384 380 
f 380 386 601 604 
f 401 594 597 389 
f 584 398 612 659 
f 591 594 401 398 
f 386 389 597 601 
s 1
f 351 603 600 
f 600 598 351 
f 381 383 353 354 
f 383 71 17 353 
f 414 381 354 
f 388 354 357 400 
f 392 394 355 358 
f 394 397 356 355 
f 397 400 357 356 
f 412 392 358 
f 404 358 359 408 
f 408 359 360 411 
f 404 412 358 
f 388 414 354 
f 354 353 361 362 
f 353 17 25 361 
f 354 362 365 357 
f 358 355 363 366 
f 355 356 364 363 
f 356 357 365 364 
f 358 366 367 359 
f 359 367 368 360 
f 362 361 369 370 
f 361 25 33 369 
f 362 370 373 365 
f 366 363 371 374 
f 363 364 372 371 
f 364 365 373 372 
f 366 374 375 367 
f 367 375 376 368 
f 370 369 35 
f 369 33 35 
f 370 35 377 373 
f 374 371 377 378 
f 371 372 377 
f 372 373 377 
f 374 378 375 
f 375 378 376 
s 2
f 384 70 69 382 
f 380 384 382 379 
f 386 380 379 385 
f 389 387 399 401 
f 391 395 393 390 
f 395 398 396 393 
f 398 401 399 396 
f 405 403 406 407 
f 407 406 409 410 
f 413 391 390 402 
f 405 413 402 403 
f 389 386 385 387 
s 1
f 381 379 382 383 
f 383 382 69 71 
f 381 414 385 379 
f 388 400 399 387 
f 392 390 393 394 
f 394 393 396 397 
f 397 396 399 400 
f 392 412 402 390 
f 404 408 406 403 
f 408 411 409 406 
f 412 404 403 402 
f 414 388 387 385 
f 1631 585 658 
s 2
f 610 395 615 
f 615 395 391 619 
f 619 391 413 622 
f 622 413 405 625 
f 625 405 407 628 
f 628 407 410 630 
s 4
f 613 609 1580 1582 
f 616 618 1586 1588 
f 618 620 1591 1586 
f 620 624 1593 1591 
f 624 627 1596 1593 
f 627 656 1599 1596 
f 637 661 1602 1604 
f 643 639 1608 1610 
f 643 1610 1613 645 
f 649 645 1613 1615 
f 652 649 1615 1617 
f 652 1617 1620 655 
f 655 1620 1599 656 
f 662 613 1582 1623 
f 609 616 1588 1580 
f 639 637 1604 1608 
s 1
f 657 663 579 286 
f 658 587 586 588 
s 2
f 659 589 586 587 
f 660 632 631 633 
s 4
f 661 633 631 634 
f 662 588 586 589 
s 1
f 663 634 631 632 
f 416 420 418 415 
f 420 423 421 418 
f 425 429 427 424 
f 429 432 430 427 
f 432 435 433 430 
f 435 438 436 433 
f 443 447 445 442 
f 447 450 448 445 
s 2
f 446 445 448 449 
f 444 442 445 446 
f 444 441 439 442 
f 437 434 433 436 
f 426 424 427 428 
f 428 427 430 431 
f 431 430 433 434 
s 1
f 451 425 424 452 
s 2
f 422 419 418 421 
f 419 417 415 418 
f 426 453 452 424 
f 453 422 421 452 
f 441 437 436 439 
s 1
f 440 443 442 439 
f 438 440 439 436 
f 423 451 452 421 
f 450 456 454 448 
f 456 459 457 454 
f 461 465 463 460 
f 465 468 466 463 
f 468 471 469 466 
f 471 474 472 469 
f 479 483 481 478 
f 483 486 484 481 
s 2
f 482 481 484 485 
f 480 478 481 482 
f 480 477 475 478 
f 473 470 469 472 
f 462 460 463 464 
f 464 463 466 467 
f 467 466 469 470 
s 1
f 487 461 460 488 
s 2
f 458 455 454 457 
f 455 449 448 454 
f 462 489 488 460 
f 489 458 457 488 
f 477 473 472 475 
s 1
f 476 479 478 475 
f 474 476 475 472 
f 459 487 488 457 
f 486 492 490 484 
f 492 495 493 490 
f 497 501 499 496 
f 501 504 502 499 
f 504 507 505 502 
f 507 510 508 505 
f 515 519 517 514 
f 519 522 520 517 
s 2
f 518 517 520 521 
f 516 514 517 518 
f 516 513 511 514 
f 509 506 505 508 
f 498 496 499 500 
f 500 499 502 503 
f 503 502 505 506 
s 1
f 523 497 496 524 
s 2
f 494 491 490 493 
f 491 485 484 490 
f 498 525 524 496 
f 525 494 493 524 
f 513 509 508 511 
s 1
f 512 515 514 511 
f 510 512 511 508 
f 495 523 524 493 
f 522 528 526 520 
f 528 531 529 526 
f 533 537 535 532 
f 537 540 538 535 
f 540 543 541 538 
f 543 546 544 541 
f 551 555 553 550 
f 555 558 556 553 
s 2
f 554 553 556 557 
f 552 550 553 554 
f 552 549 547 550 
f 545 542 541 544 
f 534 532 535 536 
f 536 535 538 539 
f 539 538 541 542 
s 1
f 559 533 532 560 
s 2
f 530 527 526 529 
f 527 521 520 526 
f 534 561 560 532 
f 561 530 529 560 
f 549 545 544 547 
s 1
f 548 551 550 547 
f 546 548 547 544 
f 531 559 560 529 
f 558 564 562 556 
f 564 567 565 562 
f 569 573 571 568 
f 573 576 574 571 
f 576 579 577 574 
s 2
f 654 653 629 630 
f 651 650 653 654 
f 651 648 647 650 
f 646 642 641 644 
f 570 568 571 572 
f 572 571 574 575 
f 578 575 574 577 
f 640 636 635 638 
f 642 640 638 641 
s 1
f 580 569 568 581 
s 2
f 566 563 562 565 
f 563 557 556 562 
f 570 582 581 568 
f 582 566 565 581 
f 648 646 644 647 
s 1
f 567 580 581 565 
f 585 592 590 583 
f 592 595 593 590 
f 595 598 596 593 
f 603 607 605 602 
f 607 416 415 605 
s 2
f 606 605 415 417 
f 604 602 605 606 
f 604 601 599 602 
f 597 594 593 596 
f 591 584 583 590 
f 591 590 593 594 
f 601 597 596 599 
s 1
f 600 603 602 599 
f 598 600 599 596 
f 658 585 583 587 
f 658 588 1630 1631 
s 2
f 584 659 587 583 
f 659 612 611 589 
f 610 615 614 608 
f 619 617 614 615 
f 619 622 621 617 
f 622 625 623 621 
f 625 628 626 623 
f 628 630 629 626 
f 612 610 608 611 
f 660 578 577 632 
f 636 660 633 635 
s 4
f 609 613 611 608 
f 616 614 617 618 
f 620 618 617 621 
f 624 620 621 623 
f 624 623 626 627 
f 627 626 629 656 
f 661 637 635 633 
f 1602 661 634 1628 
f 639 643 641 638 
f 643 645 644 641 
f 645 649 647 644 
f 649 652 650 647 
f 652 655 653 650 
f 655 656 629 653 
f 613 662 589 611 
f 662 1623 1630 588 
f 616 609 608 614 
f 637 639 638 635 
s 1
f 663 657 1628 634 
f 579 663 632 577 
f 1122 1124 1116 1118 
s 2
f 1119 1115 1128 1130 
s 1
f 1131 1127 1134 1136 
s 2
f 1137 1133 1527 1528 
f 664 678 679 665 
f 665 679 680 666 
f 666 680 681 667 
f 667 681 682 668 
f 668 682 683 669 
f 669 683 684 670 
f 670 684 685 671 
f 671 685 1553 1554 
f 672 686 687 673 
f 673 687 688 674 
f 674 688 689 675 
f 675 689 690 676 
f 676 690 691 677 
f 677 691 1112 
s 1
f 1124 1142 1140 1116 
s 2
f 1115 1139 1146 1128 
s 1
f 1127 1145 1149 1134 
s 2
f 1133 1148 1526 1527 
f 678 692 693 679 
f 679 693 694 680 
f 680 694 695 681 
f 681 695 696 682 
f 682 696 697 683 
f 683 697 698 684 
f 684 698 699 685 
f 685 699 1552 1553 
f 686 700 701 687 
f 687 701 702 688 
f 688 702 703 689 
f 689 703 704 690 
f 690 704 705 691 
f 691 705 1112 
s 1
f 1142 1154 1152 1140 
s 2
f 1139 1151 1158 1146 
s 1
f 1145 1157 1161 1149 
s 2
f 1148 1160 1525 1526 
f 692 706 707 693 
f 693 707 708 694 
f 694 708 709 695 
f 695 709 710 696 
f 696 710 711 697 
f 697 711 712 698 
f 698 712 713 699 
f 699 713 1551 1552 
f 700 714 715 701 
f 701 715 716 702 
f 702 716 717 703 
f 703 717 718 704 
f 704 718 719 705 
f 705 719 1112 
s 1
f 1154 1166 1164 1152 
s 2
f 1151 1163 1170 1158 
s 1
f 1157 1169 1173 1161 
s 2
f 1160 1172 1524 1525 
f 706 720 721 707 
f 707 721 722 708 
f 708 722 723 709 
f 709 723 724 710 
f 710 724 725 711 
f 711 725 726 712 
f 712 726 727 713 
f 713 727 1550 1551 
f 714 728 729 715 
f 715 729 730 716 
f 716 730 731 717 
f 717 731 732 718 
f 718 732 733 719 
f 719 733 1112 
s 1
f 1166 1178 1176 1164 
s 2
f 1163 1175 1182 1170 
s 1
f 1169 1181 1185 1173 
s 2
f 1172 1184 1523 1524 
f 720 734 735 721 
f 721 735 736 722 
f 722 736 737 723 
f 723 737 738 724 
f 724 738 739 725 
f 725 739 740 726 
f 726 740 741 727 
f 727 741 1549 1550 
f 728 742 743 729 
f 729 743 744 730 
f 730 744 745 731 
f 731 745 746 732 
f 732 746 747 733 
f 733 747 1112 
s 1
f 1178 1190 1188 1176 
s 2
f 1175 1187 1194 1182 
s 1
f 1181 1193 1197 1185 
s 2
f 1184 1196 1522 1523 
f 734 748 749 735 
f 735 749 750 736 
f 736 750 751 737 
f 737 751 752 738 
f 738 752 753 739 
f 739 753 754 740 
f 740 754 755 741 
f 741 755 1548 1549 
f 742 756 757 743 
f 743 757 758 744 
f 744 758 759 745 
f 745 759 760 746 
f 746 760 761 747 
f 747 761 1112 
s 1
f 1190 1202 1200 1188 
s 2
f 1187 1199 1206 1194 
s 1
f 1193 1205 1209 1197 
s 2
f 1196 1208 1521 1522 
f 748 762 763 749 
f 749 763 764 750 
f 750 764 765 751 
f 751 765 766 752 
f 752 766 767 753 
f 753 767 768 754 
f 754 768 769 755 
f 755 769 1547 1548 
f 756 770 771 757 
f 757 771 772 758 
f 758 772 773 759 
f 759 773 774 760 
f 760 774 775 761 
f 761 775 1112 
s 1
f 1202 1214 1212 1200 
s 2
f 1199 1211 1218 1206 
s 1
f 1205 1217 1221 1209 
s 2
f 1208 1220 1520 1521 
f 762 776 777 763 
f 763 777 778 764 
f 764 778 779 765 
f 765 779 780 766 
f 766 780 781 767 
f 767 781 782 768 
f 768 782 783 769 
f 769 783 1546 1547 
f 770 784 785 771 
f 771 785 786 772 
f 772 786 787 773 
f 773 787 788 774 
f 774 788 789 775 
f 775 789 1112 
s 1
f 1214 1226 1224 1212 
s 2
f 1211 1223 1230 1218 
s 1
f 1217 1229 1233 1221 
s 2
f 1220 1232 1519 1520 
f 776 790 791 777 
f 777 791 792 778 
f 778 792 793 779 
f 779 793 794 780 
f 780 794 795 781 
f 781 795 796 782 
f 782 796 797 783 
f 783 797 1545 1546 
f 784 798 799 785 
f 785 799 800 786 
f 786 800 801 787 
f 787 801 802 788 
f 788 802 803 789 
f 789 803 1112 
s 1
f 1226 1238 1236 1224 
s 2
f 1223 1235 1242 1230 
s 1
f 1229 1241 1245 1233 
s 2
f 1232 1244 1518 1519 
f 790 804 805 791 
f 791 805 806 792 
f 792 806 807 793 
f 793 807 808 794 
f 794 808 809 795 
f 795 809 810 796 
f 796 810 811 797 
f 797 811 1544 1545 
f 798 812 813 799 
f 799 813 814 800 
f 800 814 815 801 
f 801 815 816 802 
f 802 816 817 803 
f 803 817 1112 
s 1
f 1238 1250 1248 1236 
s 2
f 1235 1247 1254 1242 
s 1
f 1241 1253 1257 1245 
s 2
f 1244 1256 1517 1518 
f 804 818 819 805 
f 805 819 820 806 
f 806 820 821 807 
f 807 821 822 808 
f 808 822 823 809 
f 809 823 824 810 
f 810 824 825 811 
f 811 825 1543 1544 
f 812 826 827 813 
f 813 827 828 814 
f 814 828 829 815 
f 815 829 830 816 
f 816 830 831 817 
f 817 831 1112 
s 1
f 1250 1262 1260 1248 
s 2
f 1247 1259 1266 1254 
s 1
f 1253 1265 1269 1257 
s 2
f 1256 1268 1516 1517 
f 818 832 833 819 
f 819 833 834 820 
f 820 834 835 821 
f 821 835 836 822 
f 822 836 837 823 
f 823 837 838 824 
f 824 838 839 825 
f 825 839 1542 1543 
f 826 840 841 827 
f 827 841 842 828 
f 828 842 843 829 
f 829 843 844 830 
f 830 844 845 831 
f 831 845 1112 
s 1
f 1262 1274 1272 1260 
s 2
f 1259 1271 1278 1266 
s 1
f 1265 1277 1281 1269 
s 2
f 1268 1280 1515 1516 
f 832 846 847 833 
f 833 847 848 834 
f 834 848 849 835 
f 835 849 850 836 
f 836 850 851 837 
f 837 851 852 838 
f 838 852 853 839 
f 839 853 1541 1542 
f 840 854 855 841 
f 841 855 856 842 
f 842 856 857 843 
f 843 857 858 844 
f 844 858 859 845 
f 845 859 1112 
s 1
f 1274 1286 1284 1272 
s 2
f 1271 1283 1290 1278 
s 1
f 1277 1289 1293 1281 
s 2
f 1280 1292 1514 1515 
f 846 860 861 847 
f 847 861 862 848 
f 848 862 863 849 
f 849 863 864 850 
f 850 864 865 851 
f 851 865 866 852 
f 852 866 867 853 
f 853 867 1540 1541 
f 854 868 869 855 
f 855 869 870 856 
f 856 870 871 857 
f 857 871 872 858 
f 858 872 873 859 
f 859 873 1112 
s 1
f 1286 1298 1296 1284 
s 2
f 1283 1295 1302 1290 
s 1
f 1289 1301 1305 1293 
s 2
f 1292 1304 1513 1514 
f 860 874 875 861 
f 861 875 876 862 
f 862 876 877 863 
f 863 877 878 864 
f 864 878 879 865 
f 865 879 880 866 
f 866 880 881 867 
f 867 881 1539 1540 
f 868 882 883 869 
f 869 883 884 870 
f 870 884 885 871 
f 871 885 886 872 
f 872 886 887 873 
f 873 887 1112 
s 1
f 1298 1310 1308 1296 
s 2
f 1295 1307 1314 1302 
s 1
f 1301 1313 1317 1305 
s 2
f 1304 1316 1512 1513 
f 874 888 889 875 
f 875 889 890 876 
f 876 890 891 877 
f 877 891 892 878 
f 878 892 893 879 
f 879 893 894 880 
f 880 894 895 881 
f 881 895 1538 1539 
f 882 896 897 883 
f 883 897 898 884 
f 884 898 899 885 
f 885 899 900 886 
f 886 900 901 887 
f 887 901 1112 
s 1
f 1310 1322 1320 1308 
s 2
f 1307 1319 1326 1314 
s 1
f 1313 1325 1329 1317 
s 2
f 1316 1328 1511 1512 
f 888 902 903 889 
f 889 903 904 890 
f 890 904 905 891 
f 891 905 906 892 
f 892 906 907 893 
f 893 907 908 894 
f 894 908 909 895 
f 895 909 1537 1538 
f 896 910 911 897 
f 897 911 912 898 
f 898 912 913 899 
f 899 913 914 900 
f 900 914 915 901 
f 901 915 1112 
s 1
f 1322 1334 1332 1320 
s 2
f 1319 1331 1338 1326 
s 1
f 1325 1337 1341 1329 
s 2
f 1328 1340 1510 1511 
f 902 916 917 903 
f 903 917 918 904 
f 904 918 919 905 
f 905 919 920 906 
f 906 920 921 907 
f 907 921 922 908 
f 908 922 923 909 
f 909 923 1536 1537 
f 910 924 925 911 
f 911 925 926 912 
f 912 926 927 913 
f 913 927 928 914 
f 914 928 929 915 
f 915 929 1112 
s 1
f 1334 1346 1344 1332 
s 2
f 1331 1343 1350 1338 
s 1
f 1337 1349 1353 1341 
s 2
f 1340 1352 1509 1510 
f 916 930 931 917 
f 917 931 932 918 
f 918 932 933 919 
f 919 933 934 920 
f 920 934 935 921 
f 921 935 936 922 
f 922 936 937 923 
f 923 937 1535 1536 
f 924 938 939 925 
f 925 939 940 926 
f 926 940 941 927 
f 927 941 942 928 
f 928 942 943 929 
f 929 943 1112 
s 1
f 1346 1358 1356 1344 
s 2
f 1343 1355 1362 1350 
s 1
f 1349 1361 1365 1353 
s 2
f 1352 1364 1508 1509 
f 930 944 945 931 
f 931 945 946 932 
f 932 946 947 933 
f 933 947 948 934 
f 934 948 949 935 
f 935 949 950 936 
f 936 950 951 937 
f 937 951 1534 1535 
f 938 952 953 939 
f 939 953 954 940 
f 940 954 955 941 
f 941 955 956 942 
f 942 956 957 943 
f 943 957 1112 
s 1
f 1358 1370 1368 1356 
s 2
f 1355 1367 1374 1362 
s 1
f 1361 1373 1377 1365 
s 2
f 1364 1376 1507 1508 
f 944 958 959 945 
f 945 959 960 946 
f 946 960 961 947 
f 947 961 962 948 
f 948 962 963 949 
f 949 963 964 950 
f 950 964 965 951 
f 951 965 1533 1534 
f 952 966 967 953 
f 953 967 968 954 
f 954 968 969 955 
f 955 969 970 956 
f 956 970 971 957 
f 957 971 1112 
s 1
f 1370 1382 1380 1368 
s 2
f 1367 1379 1386 1374 
s 1
f 1373 1385 1389 1377 
s 2
f 1376 1388 1506 1507 
f 958 972 973 959 
f 959 973 974 960 
f 960 974 975 961 
f 961 975 976 962 
f 962 976 977 963 
f 963 977 978 964 
f 964 978 979 965 
f 965 979 1532 1533 
f 966 980 981 967 
f 967 981 982 968 
f 968 982 983 969 
f 969 983 984 970 
f 970 984 985 971 
f 971 985 1112 
s 1
f 1382 1394 1392 1380 
s 2
f 1379 1391 1398 1386 
s 1
f 1385 1397 1401 1389 
s 2
f 1388 1400 1505 1506 
f 972 986 987 973 
f 973 987 988 974 
f 974 988 989 975 
f 975 989 990 976 
f 976 990 991 977 
f 977 991 992 978 
f 978 992 993 979 
f 979 993 1531 1532 
f 980 994 995 981 
f 981 995 996 982 
f 982 996 997 983 
f 983 997 998 984 
f 984 998 999 985 
f 985 999 1112 
s 1
f 1394 1406 1404 1392 
s 2
f 1391 1403 1410 1398 
s 1
f 1397 1409 1413 1401 
s 2
f 1400 1412 1504 1505 
f 986 1000 1001 987 
f 987 1001 1002 988 
f 988 1002 1003 989 
f 989 1003 1004 990 
f 990 1004 1005 991 
f 991 1005 1006 992 
f 992 1006 1007 993 
f 993 1007 1530 1531 
f 994 1008 1009 995 
f 995 1009 1010 996 
f 996 1010 1011 997 
f 997 1011 1012 998 
f 998 1012 1013 999 
f 999 1013 1112 
s 1
f 1406 1418 1416 1404 
s 2
f 1403 1415 1422 1410 
s 1
f 1409 1421 1425 1413 
s 2
f 1412 1424 1503 1504 
f 1000 1014 1015 1001 
f 1001 1015 1016 1002 
f 1002 1016 1017 1003 
f 1003 1017 1018 1004 
f 1004 1018 1019 1005 
f 1005 1019 1020 1006 
f 1006 1020 1021 1007 
f 1007 1021 1561 1530 
f 1008 1022 1023 1009 
f 1009 1023 1024 1010 
f 1010 1024 1025 1011 
f 1011 1025 1026 1012 
f 1012 1026 1027 1013 
f 1013 1027 1112 
s 1
f 1418 1430 1428 1416 
s 2
f 1415 1427 1434 1422 
s 1
f 1421 1433 1437 1425 
s 2
f 1424 1436 1502 1503 
f 1014 1028 1029 1015 
f 1015 1029 1030 1016 
f 1016 1030 1031 1017 
f 1017 1031 1032 1018 
f 1018 1032 1033 1019 
f 1019 1033 1034 1020 
f 1020 1034 1035 1021 
f 1021 1035 1560 1561 
f 1022 1036 1037 1023 
f 1023 1037 1038 1024 
f 1024 1038 1039 1025 
f 1025 1039 1040 1026 
f 1026 1040 1041 1027 
f 1027 1041 1112 
s 1
f 1430 1442 1440 1428 
s 2
f 1427 1439 1446 1434 
s 1
f 1433 1445 1449 1437 
s 2
f 1436 1448 1501 1502 
f 1028 1042 1043 1029 
f 1029 1043 1044 1030 
f 1030 1044 1045 1031 
f 1031 1045 1046 1032 
f 1032 1046 1047 1033 
f 1033 1047 1048 1034 
f 1034 1048 1049 1035 
f 1035 1049 1559 1560 
f 1036 1050 1051 1037 
f 1037 1051 1052 1038 
f 1038 1052 1053 1039 
f 1039 1053 1054 1040 
f 1040 1054 1055 1041 
f 1041 1055 1112 
s 1
f 1442 1454 1452 1440 
s 2
f 1439 1451 1458 1446 
s 1
f 1445 1457 1461 1449 
s 2
f 1448 1460 1500 1501 
f 1042 1056 1057 1043 
f 1043 1057 1058 1044 
f 1044 1058 1059 1045 
f 1045 1059 1060 1046 
f 1046 1060 1061 1047 
f 1047 1061 1062 1048 
f 1048 1062 1063 1049 
f 1049 1063 1558 1559 
f 1050 1064 1065 1051 
f 1051 1065 1066 1052 
f 1052 1066 1067 1053 
f 1053 1067 1068 1054 
f 1054 1068 1069 1055 
f 1055 1069 1112 
s 1
f 1454 1466 1464 1452 
s 2
f 1451 1463 1470 1458 
s 1
f 1457 1469 1473 1461 
s 2
f 1460 1472 1499 1500 
f 1056 1070 1071 1057 
f 1057 1071 1072 1058 
f 1058 1072 1073 1059 
f 1059 1073 1074 1060 
f 1060 1074 1075 1061 
f 1061 1075 1076 1062 
f 1062 1076 1077 1063 
f 1063 1077 1557 1558 
f 1064 1078 1079 1065 
f 1065 1079 1080 1066 
f 1066 1080 1081 1067 
f 1067 1081 1082 1068 
f 1068 1082 1083 1069 
f 1069 1083 1112 
s 1
f 1466 1478 1476 1464 
s 2
f 1463 1475 1482 1470 
s 1
f 1469 1481 1485 1473 
s 2
f 1472 1484 1498 1499 
f 1070 1084 1085 1071 
f 1071 1085 1086 1072 
f 1072 1086 1087 1073 
f 1073 1087 1088 1074 
f 1074 1088 1089 1075 
f 1075 1089 1090 1076 
f 1076 1090 1091 1077 
f 1077 1091 1556 1557 
f 1078 1092 1093 1079 
f 1079 1093 1094 1080 
f 1080 1094 1095 1081 
f 1081 1095 1096 1082 
f 1082 1096 1097 1083 
f 1083 1097 1112 
s 1
f 1478 1490 1488 1476 
s 2
f 1475 1487 1494 1482 
s 1
f 1481 1493 1497 1485 
s 2
f 1484 1496 1529 1498 
f 1084 1098 1099 1085 
f 1085 1099 1100 1086 
f 1086 1100 1101 1087 
f 1087 1101 1102 1088 
f 1088 1102 1103 1089 
f 1089 1103 1104 1090 
f 1090 1104 1105 1091 
f 1091 1105 1555 1556 
f 1092 1106 1107 1093 
f 1093 1107 1108 1094 
f 1094 1108 1109 1095 
f 1095 1109 1110 1096 
f 1096 1110 1111 1097 
f 1097 1111 1112 
s 1
f 1490 1122 1118 1488 
s 2
f 1487 1119 1130 1494 
s 1
f 1493 1131 1136 1497 
s 2
f 1496 1137 1528 1529 
f 1098 664 665 1099 
f 1099 665 666 1100 
f 1100 666 667 1101 
f 1101 667 668 1102 
f 1102 668 669 1103 
f 1103 669 670 1104 
f 1104 670 671 1105 
f 1105 671 1554 1555 
f 1106 672 673 1107 
f 1107 673 674 1108 
f 1108 674 675 1109 
f 1109 675 676 1110 
f 1110 676 677 1111 
f 1111 677 1112 
f 1125 1121 1113 
f 1143 1125 1113 
f 1155 1143 1113 
f 1167 1155 1113 
f 1179 1167 1113 
f 1191 1179 1113 
f 1203 1191 1113 
f 1215 1203 1113 
f 1227 1215 1113 
f 1239 1227 1113 
f 1251 1239 1113 
f 1263 1251 1113 
f 1275 1263 1113 
f 1287 1275 1113 
f 1299 1287 1113 
f 1311 1299 1113 
f 1323 1311 1113 
f 1335 1323 1113 
f 1347 1335 1113 
f 1359 1347 1113 
f 1371 1359 1113 
f 1383 1371 1113 
f 1395 1383 1113 
f 1407 1395 1113 
f 1419 1407 1113 
f 1431 1419 1113 
f 1443 1431 1113 
f 1455 1443 1113 
f 1467 1455 1113 
f 1479 1467 1113 
f 1491 1479 1113 
f 1121 1491 1113 
s 1
f 1124 1122 1120 1123 
f 1118 1116 1114 1117 
s 2
f 1115 1119 1117 1114 
f 1130 1128 1126 1129 
s 1
f 1127 1131 1129 1126 
f 1136 1134 1132 1135 
s 2
f 1133 1137 1135 1132 
s 1
f 1142 1124 1123 1141 
f 1116 1140 1138 1114 
s 2
f 1139 1115 1114 1138 
f 1128 1146 1144 1126 
s 1
f 1145 1127 1126 1144 
f 1134 1149 1147 1132 
s 2
f 1148 1133 1132 1147 
s 1
f 1154 1142 1141 1153 
f 1140 1152 1150 1138 
s 2
f 1151 1139 1138 1150 
f 1146 1158 1156 1144 
s 1
f 1157 1145 1144 1156 
f 1149 1161 1159 1147 
s 2
f 1160 1148 1147 1159 
s 1
f 1166 1154 1153 1165 
f 1152 1164 1162 1150 
s 2
f 1163 1151 1150 1162 
f 1158 1170 1168 1156 
s 1
f 1169 1157 1156 1168 
f 1161 1173 1171 1159 
s 2
f 1172 1160 1159 1171 
s 1
f 1178 1166 1165 1177 
f 1164 1176 1174 1162 
s 2
f 1175 1163 1162 1174 
f 1170 1182 1180 1168 
s 1
f 1181 1169 1168 1180 
f 1173 1185 1183 1171 
s 2
f 1184 1172 1171 1183 
s 1
f 1190 1178 1177 1189 
f 1176 1188 1186 1174 
s 2
f 1187 1175 1174 1186 
f 1182 1194 1192 1180 
s 1
f 1193 1181 1180 1192 
f 1185 1197 1195 1183 
s 2
f 1196 1184 1183 1195 
s 1
f 1202 1190 1189 1201 
f 1188 1200 1198 1186 
s 2
f 1199 1187 1186 1198 
f 1194 1206 1204 1192 
s 1
f 1205 1193 1192 1204 
f 1197 1209 1207 1195 
s 2
f 1208 1196 1195 1207 
s 1
f 1214 1202 1201 1213 
f 1200 1212 1210 1198 
s 2
f 1211 1199 1198 1210 
f 1206 1218 1216 1204 
s 1
f 1217 1205 1204 1216 
f 1209 1221 1219 1207 
s 2
f 1220 1208 1207 1219 
s 1
f 1226 1214 1213 1225 
f 1212 1224 1222 1210 
s 2
f 1223 1211 1210 1222 
f 1218 1230 1228 1216 
s 1
f 1229 1217 1216 1228 
f 1221 1233 1231 1219 
s 2
f 1232 1220 1219 1231 
s 1
f 1238 1226 1225 1237 
f 1224 1236 1234 1222 
s 2
f 1235 1223 1222 1234 
f 1230 1242 1240 1228 
s 1
f 1241 1229 1228 1240 
f 1233 1245 1243 1231 
s 2
f 1244 1232 1231 1243 
s 1
f 1250 1238 1237 1249 
f 1236 1248 1246 1234 
s 2
f 1247 1235 1234 1246 
f 1242 1254 1252 1240 
s 1
f 1253 1241 1240 1252 
f 1245 1257 1255 1243 
s 2
f 1256 1244 1243 1255 
s 1
f 1262 1250 1249 1261 
f 1248 1260 1258 1246 
s 2
f 1259 1247 1246 1258 
f 1254 1266 1264 1252 
s 1
f 1265 1253 1252 1264 
f 1257 1269 1267 1255 
s 2
f 1268 1256 1255 1267 
s 1
f 1274 1262 1261 1273 
f 1260 1272 1270 1258 
s 2
f 1271 1259 1258 1270 
f 1266 1278 1276 1264 
s 1
f 1277 1265 1264 1276 
f 1269 1281 1279 1267 
s 2
f 1280 1268 1267 1279 
s 1
f 1286 1274 1273 1285 
f 1272 1284 1282 1270 
s 2
f 1283 1271 1270 1282 
f 1278 1290 1288 1276 
s 1
f 1289 1277 1276 1288 
f 1281 1293 1291 1279 
s 2
f 1292 1280 1279 1291 
s 1
f 1298 1286 1285 1297 
f 1284 1296 1294 1282 
s 2
f 1295 1283 1282 1294 
f 1290 1302 1300 1288 
s 1
f 1301 1289 1288 1300 
f 1293 1305 1303 1291 
s 2
f 1304 1292 1291 1303 
s 1
f 1310 1298 1297 1309 
f 1296 1308 1306 1294 
s 2
f 1307 1295 1294 1306 
f 1302 1314 1312 1300 
s 1
f 1313 1301 1300 1312 
f 1305 1317 1315 1303 
s 2
f 1316 1304 1303 1315 
s 1
f 1322 1310 1309 1321 
f 1308 1320 1318 1306 
s 2
f 1319 1307 1306 1318 
f 1314 1326 1324 1312 
s 1
f 1325 1313 1312 1324 
f 1317 1329 1327 1315 
s 2
f 1328 1316 1315 1327 
s 1
f 1334 1322 1321 1333 
f 1320 1332 1330 1318 
s 2
f 1331 1319 1318 1330 
f 1326 1338 1336 1324 
s 1
f 1337 1325 1324 1336 
f 1329 1341 1339 1327 
s 2
f 1340 1328 1327 1339 
s 1
f 1346 1334 1333 1345 
f 1332 1344 1342 1330 
s 2
f 1343 1331 1330 1342 
f 1338 1350 1348 1336 
s 1
f 1349 1337 1336 1348 
f 1341 1353 1351 1339 
s 2
f 1352 1340 1339 1351 
s 1
f 1358 1346 1345 1357 
f 1344 1356 1354 1342 
s 2
f 1355 1343 1342 1354 
f 1350 1362 1360 1348 
s 1
f 1361 1349 1348 1360 
f 1353 1365 1363 1351 
s 2
f 1364 1352 1351 1363 
s 1
f 1370 1358 1357 1369 
f 1356 1368 1366 1354 
s 2
f 1367 1355 1354 1366 
f 1362 1374 1372 1360 
s 1
f 1373 1361 1360 1372 
f 1365 1377 1375 1363 
s 2
f 1376 1364 1363 1375 
s 1
f 1382 1370 1369 1381 
f 1368 1380 1378 1366 
s 2
f 1379 1367 1366 1378 
f 1374 1386 1384 1372 
s 1
f 1385 1373 1372 1384 
f 1377 1389 1387 1375 
s 2
f 1388 1376 1375 1387 
s 1
f 1394 1382 1381 1393 
f 1380 1392 1390 1378 
s 2
f 1391 1379 1378 1390 
f 1386 1398 1396 1384 
s 1
f 1397 1385 1384 1396 
f 1389 1401 1399 1387 
s 2
f 1400 1388 1387 1399 
s 1
f 1406 1394 1393 1405 
f 1392 1404 1402 1390 
s 2
f 1403 1391 1390 1402 
f 1398 1410 1408 1396 
s 1
f 1409 1397 1396 1408 
f 1401 1413 1411 1399 
s 2
f 1412 1400 1399 1411 
s 1
f 1418 1406 1405 1417 
f 1404 1416 1414 1402 
s 2
f 1415 1403 1402 1414 
f 1410 1422 1420 1408 
s 1
f 1421 1409 1408 1420 
f 1413 1425 1423 1411 
s 2
f 1424 1412 1411 1423 
s 1
f 1430 1418 1417 1429 
f 1416 1428 1426 1414 
s 2
f 1427 1415 1414 1426 
f 1422 1434 1432 1420 
s 1
f 1433 1421 1420 1432 
f 1425 1437 1435 1423 
s 2
f 1436 1424 1423 1435 
s 1
f 1442 1430 1429 1441 
f 1428 1440 1438 1426 
s 2
f 1439 1427 1426 1438 
f 1434 1446 1444 1432 
s 1
f 1445 1433 1432 1444 
f 1437 1449 1447 1435 
s 2
f 1448 1436 1435 1447 
s 1
f 1454 1442 1441 1453 
f 1440 1452 1450 1438 
s 2
f 1451 1439 1438 1450 
f 1446 1458 1456 1444 
s 1
f 1457 1445 1444 1456 
f 1449 1461 1459 1447 
s 2
f 1460 1448 1447 1459 
s 1
f 1466 1454 1453 1465 
f 1452 1464 1462 1450 
s 2
f 1463 1451 1450 1462 
f 1458 1470 1468 1456 
s 1
f 1469 1457 1456 1468 
f 1461 1473 1471 1459 
s 2
f 1472 1460 1459 1471 
s 1
f 1478 1466 1465 1477 
f 1464 1476 1474 1462 
s 2
f 1475 1463 1462 1474 
f 1470 1482 1480 1468 
s 1
f 1481 1469 1468 1480 
f 1473 1485 1483 1471 
s 2
f 1484 1472 1471 1483 
s 1
f 1490 1478 1477 1489 
f 1476 1488 1486 1474 
s 2
f 1487 1475 1474 1486 
f 1482 1494 1492 1480 
s 1
f 1493 1481 1480 1492 
f 1485 1497 1495 1483 
s 2
f 1496 1484 1483 1495 
s 1
f 1122 1490 1489 1120 
f 1488 1118 1117 1486 
s 2
f 1119 1487 1486 1117 
f 1494 1130 1129 1492 
s 1
f 1131 1493 1492 1129 
f 1497 1136 1135 1495 
s 2
f 1137 1496 1495 1135 
f 1121 1125 1123 1120 
f 1125 1143 1141 1123 
f 1143 1155 1153 1141 
f 1155 1167 1165 1153 
f 1167 1179 1177 1165 
f 1179 1191 1189 1177 
f 1191 1203 1201 1189 
f 1203 1215 1213 1201 
f 1215 1227 1225 1213 
f 1227 1239 1237 1225 
f 1239 1251 1249 1237 
f 1251 1263 1261 1249 
f 1263 1275 1273 1261 
f 1275 1287 1285 1273 
f 1287 1299 1297 1285 
f 1299 1311 1309 1297 
f 1311 1323 1321 1309 
f 1323 1335 1333 1321 
f 1335 1347 1345 1333 
f 1347 1359 1357 1345 
f 1359 1371 1369 1357 
f 1371 1383 1381 1369 
f 1383 1395 1393 1381 
f 1395 1407 1405 1393 
f 1407 1419 1417 1405 
f 1419 1431 1429 1417 
f 1431 1443 1441 1429 
f 1443 1455 1453 1441 
f 1455 1467 1465 1453 
f 1467 1479 1477 1465 
f 1479 1491 1489 1477 
f 1491 1121 1120 1489 
f 1527 678 664 1528 
f 1526 692 678 1527 
f 1525 706 692 1526 
f 1524 720 706 1525 
f 1523 734 720 1524 
f 1522 748 734 1523 
f 1521 762 748 1522 
f 1520 776 762 1521 
f 1519 790 776 1520 
f 1518 804 790 1519 
f 1517 818 804 1518 
f 1516 832 818 1517 
f 1515 846 832 1516 
f 1514 860 846 1515 
f 1513 874 860 1514 
f 1512 888 874 1513 
f 1511 902 888 1512 
f 1510 916 902 1511 
f 1509 930 916 1510 
f 1508 944 930 1509 
f 1507 958 944 1508 
f 1506 972 958 1507 
f 1505 986 972 1506 
f 1504 1000 986 1505 
f 1503 1014 1000 1504 
f 1502 1028 1014 1503 
f 1501 1042 1028 1502 
f 1500 1056 1042 1501 
f 1499 1070 1056 1500 
f 1498 1084 1070 1499 
f 1529 1098 1084 1498 
f 1528 664 1098 1529 
f 1553 686 672 1554 
f 1552 700 686 1553 
f 1551 714 700 1552 
f 1550 728 714 1551 
f 1549 742 728 1550 
f 1548 756 742 1549 
f 1547 770 756 1548 
f 1546 784 770 1547 
f 1545 798 784 1546 
f 1544 812 798 1545 
f 1543 826 812 1544 
f 1542 840 826 1543 
f 1541 854 840 1542 
f 1540 868 854 1541 
f 1539 882 868 1540 
f 1538 896 882 1539 
f 1537 910 896 1538 
f 1536 924 910 1537 
f 1535 938 924 1536 
f 1534 952 938 1535 
f 1533 966 952 1534 
f 1532 980 966 1533 
f 1531 994 980 1532 
f 1530 1008 994 1531 
f 1561 1022 1008 1530 
f 1560 1036 1022 1561 
f 1559 1050 1036 1560 
f 1558 1064 1050 1559 
f 1557 1078 1064 1558 
f 1556 1092 1078 1557 
f 1555 1106 1092 1556 
f 1554 672 1106 1555 
f 1562 1563 1566 1567 
f 1571 1572 1569 1570 
f 1564 1563 1569 1568 
f 1574 1575 1572 1571 
f 1589 1585 1574 
f 1564 1601 1626 1565 
f 1563 1564 1565 1566 
f 1567 1633 1624 1562 
f 1573 1607 1605 1568 
f 1572 1573 1568 1569 
f 1570 1583 1579 1571 
f 1562 1624 1583 1570 
f 1563 1562 1570 1569 
f 1568 1605 1601 1564 
f 1576 1611 1607 1573 
f 1575 1576 1573 1572 
f 1571 1579 1589 1574 
f 1595 1598 1575 1574 
f 1598 1621 1576 1575 
f 1621 1618 1576 
f 1618 1611 1576 
f 1585 1595 1574 
s 1
f 1 8 1577 
f 2 1 1577 
f 3 2 1577 
f 4 3 1577 
f 5 4 1577 
f 6 5 1577 
f 7 6 1577 
f 9 7 1577 
f 74 9 1577 
f 75 74 1577 
f 76 75 1577 
f 77 76 1577 
f 78 77 1577 
f 79 78 1577 
f 80 79 1577 
f 81 80 1577 
f 145 81 1577 
f 146 145 1577 
f 147 146 1577 
f 148 147 1577 
f 149 148 1577 
f 150 149 1577 
f 151 150 1577 
f 152 151 1577 
f 216 152 1577 
f 217 216 1577 
f 218 217 1577 
f 219 218 1577 
f 220 219 1577 
f 221 220 1577 
f 222 221 1577 
f 287 222 1577 
f 282 287 1577 
f 283 282 1577 
f 284 283 1577 
f 285 284 1577 
f 286 285 1577 
f 349 1631 1577 
f 350 349 1577 
f 351 350 1577 
f 352 351 1577 
f 8 352 1577 
f 657 286 1577 
f 1631 1632 1577 
f 1627 657 1577 
f 1565 1626 1627 1634 
f 1566 1565 1634 1635 
f 1567 1566 1635 1636 
f 1632 1633 1567 1636 
f 1630 1629 1631 
f 657 1625 1628 
f 1631 1629 1632 
f 1627 1625 657 
f 1626 1625 1627 
f 1632 1629 1633 
s 4
f 1582 1580 1578 1581 
f 1588 1586 1584 1587 
f 1586 1591 1590 1584 
f 1591 1593 1592 1590 
f 1593 1596 1594 1592 
f 1596 1599 1597 1594 
f 1604 1602 1600 1603 
f 1610 1608 1606 1609 
f 1613 1610 1609 1612 
f 1615 1613 1612 1614 
f 1617 1615 1614 1616 
f 1620 1617 1616 1619 
f 1599 1620 1619 1597 
f 1623 1582 1581 1622 
f 1580 1588 1587 1578 
f 1608 1604 1603 1606 
f 1602 1628 1625 1600 
f 1630 1623 1622 1629 
s 2
f 1585 1589 1587 1584 
f 1626 1601 1600 1625 
f 1624 1633 1629 1622 
f 1605 1607 1606 1603 
f 1579 1583 1581 1578 
f 1583 1624 1622 1581 
f 1601 1605 1603 1600 
f 1607 1611 1609 1606 
f 1589 1579 1578 1587 
f 1598 1595 1594 1597 
f 1621 1598 1597 1619 
f 1618 1621 1619 1616 
f 1618 1616 1614 
f 1618 1614 1612 
f 1611 1618 1612 1609 
f 1585 1584 1590 
f 1585 1590 1592 
f 1595 1585 1592 1594 
s 1
f 1627 1577 1634 
f 1634 1577 1635 
f 1635 1577 1636 
f 1636 1577 1632 
s 2
f 395 610 612 
f 584 591 398 
f 335 332 636 
s 1
f 3446 1825 1803 3448 
f 3450 1824 1807 3452 
f 3454 1801 2772 3456 
f 3029 1727 1725 3030 
f 3460 3458 2152 1806 
f 3031 1720 2143 3032 
f 3448 1803 1818 3462 
f 3464 1804 1817 3466 
f 3468 1805 1816 3470 
f 2153 3472 3460 1806 
f 3037 1722 1721 3038 
f 1726 3021 3020 2065 
f 3005 3004 1723 1719 
f 1808 3474 3452 1807 
f 3474 1808 3298 3476 
f 2089 3479 3477 1809 
f 2090 3483 3481 1810 
f 3487 3485 1811 2091 
f 3491 3489 1812 2092 
f 2093 3495 3493 1813 
f 3497 1814 2094 3499 
f 3503 3501 1815 2095 
f 3470 1816 1822 3505 
f 3466 1817 1805 3468 
f 3462 1818 1804 3464 
f 3045 1724 3300 3299 
f 3031 3030 1725 1720 
f 3507 1819 2732 3509 
f 1643 1661 1771 1749 
f 1753 1649 1648 1770 
f 1765 1663 2743 2747 
f 1662 1639 1781 1779 
f 1646 2134 2146 1752 
f 1782 1642 2135 2149 
f 1660 1643 1749 1764 
f 1659 1644 1750 1763 
f 1658 1645 1751 1762 
f 1748 1642 2136 2147 
f 1775 1641 1647 1776 
f 1780 1638 2041 2081 
f 1773 1637 1648 1777 
f 1754 1650 1649 1753 
f 3302 3301 1650 1754 
f 1655 2042 2073 1759 
f 1760 1656 2043 2074 
f 1657 2044 2075 1761 
f 1653 2045 2076 1757 
f 1756 1652 2046 2077 
f 1766 1637 2047 2078 
f 1651 2048 2079 1755 
f 1768 1641 1658 1762 
f 1645 1659 1763 1751 
f 1644 1660 1764 1750 
f 3303 3722 1661 1778 
f 1640 1662 1779 1774 
f 1746 1638 2966 2965 
f 1772 1671 1673 1747 
f 1748 1674 2137 2148 
f 1768 1667 1668 1769 
f 1746 1672 2049 2080 
f 1766 1665 1669 1770 
f 3304 1664 1670 1771 
f 1767 1666 1671 1772 
f 1675 1670 1724 1729 
f 1733 1679 1669 1723 
f 1745 1691 2744 2746 
f 1678 2138 2144 1732 
f 1690 1675 1729 1744 
f 1689 1676 1730 1743 
f 1688 1677 1731 1742 
f 1674 2139 2145 1728 
f 1734 1680 1679 1733 
f 3305 3773 1680 1734 
f 1685 2050 2066 1739 
f 1740 1686 2051 2067 
f 1687 2052 2068 1741 
f 1737 1683 2053 2069 
f 1682 2054 2070 1736 
f 1719 1665 2055 2071 
f 1681 2056 2072 1735 
f 1667 1688 1742 1721 
f 1677 1689 1743 1731 
f 1676 1690 1744 1730 
f 1726 1672 2968 2967 
f 1783 1695 1717 1778 
f 1787 1699 1716 1777 
f 1799 1711 2745 2748 
f 1698 2140 2150 1786 
f 1710 1695 1783 1798 
f 1709 1696 1784 1797 
f 1708 1697 1785 1796 
f 1782 1694 2141 2151 
f 1788 1700 1699 1787 
f 3831 3832 1700 1788 
f 1793 1705 2057 2082 
f 1794 1706 2058 2083 
f 1707 2059 2084 1795 
f 1703 2060 2085 1791 
f 1790 1702 2061 2086 
f 1773 1712 2062 2087 
f 1701 2063 2088 1789 
f 1714 1708 1796 1775 
f 1697 1709 1797 1785 
f 1696 1710 1798 1784 
f 1780 1692 2970 2969 
f 1718 1693 1801 1826 
f 1802 1694 2142 2154 
f 1822 1714 1715 1823 
f 1692 2064 2096 1800 
f 1820 1712 1716 1824 
f 3876 3877 1717 1825 
f 1713 1718 1826 1821 
f 1671 1725 1727 1673 
f 1674 1728 2143 2137 
f 1667 1721 1722 1668 
f 1672 1726 2065 2049 
f 1665 1719 1723 1669 
f 1664 3300 1724 1670 
f 1666 1720 1725 1671 
f 1729 1724 3045 3044 
f 1733 1723 3004 3003 
f 3026 1745 2746 3027 
f 1732 2144 3036 3035 
f 3043 1744 1729 3044 
f 3041 1743 1730 3042 
f 3039 1742 1731 3040 
f 1728 2145 3034 3033 
f 1734 1733 3003 3002 
f 3001 3305 1734 3002 
f 1739 2066 3012 3011 
f 3007 1740 2067 3008 
f 1741 2068 3016 3015 
f 3017 1737 2069 3018 
f 3009 1736 2070 3010 
f 3005 1719 2071 3006 
f 3013 1735 2072 3014 
f 1721 1742 3039 3038 
f 1731 1743 3041 3040 
f 1730 1744 3043 3042 
f 3021 1726 2967 3022 
f 1675 1749 1771 1670 
f 1679 1753 1770 1669 
f 1691 1765 2747 2744 
f 1752 2146 2138 1678 
f 1764 1749 1675 1690 
f 1763 1750 1676 1689 
f 1762 1751 1677 1688 
f 1748 2147 2139 1674 
f 1680 1754 1753 1679 
f 3773 3302 1754 1680 
f 1759 2073 2050 1685 
f 1686 1760 2074 2051 
f 1761 2075 2052 1687 
f 1683 1757 2076 2053 
f 1682 1756 2077 2054 
f 1665 1766 2078 2055 
f 1755 2079 2056 1681 
f 1768 1762 1688 1667 
f 1751 1763 1689 1677 
f 1750 1764 1690 1676 
f 1672 1746 2965 2968 
f 1662 1772 1747 1639 
f 1642 1748 2148 2135 
f 1641 1768 1769 1647 
f 1638 1746 2080 2041 
f 1637 1766 1770 1648 
f 3722 3304 1771 1661 
f 1640 1767 1772 1662 
f 1779 1781 1693 1718 
f 1694 1782 2149 2142 
f 1714 1775 1776 1715 
f 1780 2081 2064 1692 
f 1712 1773 1777 1716 
f 3877 3303 1778 1717 
f 1774 1779 1718 1713 
f 1783 1778 1661 1643 
f 1649 1787 1777 1648 
f 1663 1799 2748 2743 
f 1786 2150 2134 1646 
f 1798 1783 1643 1660 
f 1797 1784 1644 1659 
f 1796 1785 1645 1658 
f 1642 1782 2151 2136 
f 1650 1788 1787 1649 
f 3301 3831 1788 1650 
f 1655 1793 2082 2042 
f 1656 1794 2083 2043 
f 1795 2084 2044 1657 
f 1791 2085 2045 1653 
f 1652 1790 2086 2046 
f 1637 1773 2087 2047 
f 1789 2088 2048 1651 
f 1641 1775 1796 1658 
f 1785 1797 1659 1645 
f 1784 1798 1660 1644 
f 1638 1780 2969 2966 
f 1803 1825 1717 1695 
f 1699 1807 1824 1716 
f 1711 1819 2749 2745 
f 1806 2152 2140 1698 
f 1818 1803 1695 1710 
f 1817 1804 1696 1709 
f 1816 1805 1697 1708 
f 1694 1802 2153 2141 
f 1700 1808 1807 1699 
f 3832 3298 1808 1700 
f 1705 1813 2089 2057 
f 1706 1814 2090 2058 
f 1815 2091 2059 1707 
f 1811 2092 2060 1703 
f 1702 1810 2093 2061 
f 1712 1820 2094 2062 
f 1809 2095 2063 1701 
f 1822 1816 1708 1714 
f 1805 1817 1709 1697 
f 1804 1818 1710 1696 
f 1692 1800 2971 2970 
f 1801 3454 3511 1826 
f 2154 3515 3513 1802 
f 1823 3517 3505 1822 
f 3521 3519 1800 2096 
f 1820 1824 3450 3523 
f 3876 1825 3446 3525 
f 1826 3511 3526 1821 
f 3060 3069 1855 
f 3077 3076 1857 1859 
f 1856 1847 1858 3076 
f 3078 3077 1859 3070 
f 1858 1847 1828 1827 
f 1834 1835 1850 1868 
f 3059 1860 1862 1855 
f 1852 3075 3066 1851 
f 1851 3066 3065 1866 
f 1876 1858 1827 1829 
f 1875 1876 1829 1830 
f 1871 1875 1830 1831 
f 1870 1871 1831 1832 
f 1869 1870 1832 1833 
f 1833 1834 1868 1869 
f 1868 1850 1866 3065 
f 1862 1863 3060 1855 
f 1869 1867 1872 1870 
f 1870 1872 1873 1871 
f 1867 1864 1865 1872 
f 1872 1865 1874 1873 
f 1874 1865 3073 3072 
f 1871 1873 1877 1875 
f 1875 1877 1857 1876 
f 1876 1857 3076 1858 
f 1873 1874 1861 1877 
f 1877 1861 1859 1857 
f 1874 3072 3071 1861 
s 2
f 1881 11143 11145 1878 
f 1884 1879 11149 11151 
f 11155 11157 1890 1887 
f 1888 1893 11161 11163 
s 1
f 3069 3059 1855 
s 2
f 1890 11157 11166 1891 
f 1891 11166 11169 1892 
f 1892 11169 11172 1889 
f 1889 11172 11175 1895 
f 1895 11175 11178 1894 
f 1894 11178 11161 1893 
f 1884 11151 11181 1885 
f 1885 11181 11184 1886 
f 1886 11184 11187 1880 
f 1880 11187 11190 1883 
f 1883 11190 11193 1882 
f 1882 11193 11143 1881 
f 1908 1909 11197 11199 
s 1
f 2036 2037 3048 3049 
f 1910 1911 1913 1912 
f 1912 1913 1915 1914 
f 1914 1915 1917 1916 
f 1916 1917 1919 1918 
f 1918 1919 1921 1920 
f 1920 1921 1906 1907 
f 3085 3103 1839 1838 
f 3103 3104 1840 1839 
f 3104 3105 1841 1840 
f 3105 3106 1842 1841 
f 3106 3110 1843 1842 
f 3110 3111 1844 1843 
f 3111 3093 1836 1844 
f 1887 1890 1836 1837 
f 1890 1891 1844 1836 
f 1891 1892 1843 1844 
f 1892 1889 1842 1843 
f 1841 1842 1889 1895 
f 1840 1841 1895 1894 
f 1839 1840 1894 1893 
f 1838 1839 1893 1888 
f 2973 1959 1958 2972 
f 1879 1884 1827 1828 
f 1884 1885 1829 1827 
f 1885 1886 1830 1829 
f 1886 1880 1831 1830 
f 1832 1831 1880 1883 
f 1833 1832 1883 1882 
f 1834 1833 1882 1881 
f 1835 1834 1881 1878 
s 2
f 1959 2973 11203 11205 
s 1
f 3056 3057 2034 2982 
f 1961 1960 2974 2975 
f 1962 1961 2975 2976 
f 1963 1962 2976 2977 
f 1964 1963 2977 2978 
f 1965 1964 2978 2979 
f 1965 2979 2972 1958 
f 1907 1906 1909 1908 
s 2
f 11209 11211 1924 1925 
s 1
f 1922 1923 1926 1927 
f 1927 1926 1928 1929 
f 1929 1928 1930 1931 
f 1931 1930 1932 1933 
f 1933 1932 1934 1935 
f 1935 1934 1938 1939 
f 1939 1938 1937 1936 
f 1925 1924 1923 1922 
f 1943 1942 1940 1941 
f 1955 1954 1942 1943 
f 1945 1944 1954 1955 
f 1947 1946 1944 1945 
f 1949 1948 1946 1947 
f 1951 1950 1948 1949 
f 1953 1952 1950 1951 
s 2
f 1957 1956 11215 11217 
s 1
f 1956 1957 1941 1940 
s 2
f 2773 1908 11199 11220 
f 11224 11197 1909 2188 
s 1
f 2036 3049 3050 2765 
f 2189 1911 3048 3047 
f 2774 1910 1912 2775 
f 2190 1913 1911 2189 
f 2775 1912 1914 2776 
f 2191 1915 1913 2190 
f 2776 1914 1916 2777 
f 2192 1917 1915 2191 
f 2777 1916 1918 2778 
f 2193 1919 1917 2192 
f 2778 1918 1920 2779 
f 2194 1921 1919 2193 
f 2779 1920 1907 2763 
f 2180 1906 1921 2194 
f 1906 2180 2188 1909 
f 2763 1907 1908 2773 
s 2
f 11227 11209 1925 3306 
f 2181 1924 11211 11229 
s 1
f 1927 4092 4089 1922 
f 1923 2195 2182 1926 
f 4092 1927 1929 3134 
f 2183 1928 1926 2182 
f 3134 1929 1931 3307 
f 2184 1930 1928 2183 
f 3307 1931 1933 3308 
f 2185 1932 1930 2184 
f 3308 1933 1935 4097 
f 2186 1934 1932 2185 
f 4097 1935 1939 4099 
f 2187 1938 1934 2186 
f 4099 1939 1936 1905 
f 2196 1937 1938 2187 
f 3306 1925 1922 4089 
f 2195 1923 1924 2181 
f 1941 4102 4104 1943 
f 1942 2124 2123 1940 
f 4106 1955 1943 4104 
f 2124 1942 1954 2130 
f 4108 1945 1955 4106 
f 2130 1954 1944 2125 
f 4110 1947 1945 4108 
f 2125 1944 1946 2126 
f 4112 1949 1947 4110 
f 2126 1946 1948 2127 
f 4114 1951 1949 4112 
f 2127 1948 1950 2128 
f 3135 1953 1951 4114 
f 2128 1950 1952 2129 
s 2
f 3309 1957 11217 11232 
f 11236 11215 1956 2131 
s 1
f 1957 3309 4102 1941 
f 1940 2123 2131 1956 
f 2120 1958 1959 2113 
s 2
f 2113 1959 11205 11238 
s 1
f 2034 3057 3058 2122 
f 2114 1960 1961 2115 
f 2115 1961 1962 2116 
f 2116 1962 1963 2117 
f 2117 1963 1964 2118 
f 2118 1964 1965 2119 
f 2119 1965 1958 2120 
f 1992 1993 4128 
f 1969 1968 2002 
f 1970 1969 2001 
f 1966 4136 3310 
f 1967 1966 3310 
f 1967 3310 2002 
f 1968 1967 2002 
f 1979 1978 1998 
f 1972 2000 1973 
f 1999 2155 1974 
f 1999 2156 1975 
f 1999 2157 1976 
f 1999 1998 1978 1977 
f 2000 2197 1973 
f 1972 2198 2000 
f 1969 2002 2001 
f 1971 1970 2001 
f 2757 1997 1980 2760 
f 2980 1996 1981 2981 
f 1990 1993 1991 
f 1994 1989 2104 1988 
f 1990 1989 1994 
f 1985 2100 1995 
f 1986 2101 1995 
f 1982 2097 1996 
f 1994 1988 2103 1987 
f 1987 2132 1994 
f 1992 4128 4180 
f 1992 1991 1993 
f 1990 1994 1993 
f 1722 3037 3036 2144 
f 1732 3035 3034 2145 
f 2143 1728 3033 3032 
f 2769 1727 3029 3028 
f 2729 1745 3026 3025 
f 2069 1738 3019 3018 
f 1737 3017 3016 2068 
f 2072 1741 3015 3014 
f 2066 1735 3013 3012 
f 2070 1739 3011 3010 
f 1736 3009 3008 2067 
f 2071 1740 3007 3006 
f 1953 3135 4188 2031 
f 1952 1953 2031 2032 
f 1952 2032 2133 2129 
f 3069 2033 2122 3058 
f 3051 3052 2035 2761 
f 2196 3046 2038 2200 
f 1936 1937 2039 2040 
f 1905 1936 2040 4201 
f 1967 2004 2003 1966 
f 1968 2005 2004 1967 
f 1969 2006 2005 1968 
f 1970 2007 2006 1969 
f 1971 2008 2007 1970 
f 2009 2008 1971 1972 
f 2010 2009 1972 1973 
f 1974 2011 2010 1973 
f 2012 2158 2155 1975 
f 2013 2159 2156 1976 
f 1977 2014 2160 2157 
f 1978 2015 2014 1977 
f 1979 2016 2015 1978 
f 1980 2017 2758 2760 
f 1981 2018 2983 2981 
f 1982 2019 2105 2097 
f 2020 2106 2098 1983 
f 2021 2107 2099 1984 
f 2022 2108 2100 1985 
f 2023 2109 2101 1986 
f 2024 2110 2102 1987 
f 2025 2111 2103 1988 
f 2026 2112 2104 1989 
f 1990 2027 2026 1989 
f 1991 2028 2027 1990 
f 1992 2029 2028 1991 
f 4180 2030 2029 1992 
f 1966 2003 4247 4136 
f 1993 2031 4188 4128 
f 1994 2032 2031 1993 
f 1995 2033 2133 2132 
f 2034 2122 2121 1996 
f 1997 2035 2725 2740 
f 1998 2036 2765 2780 
f 1999 2037 2036 1998 
f 2000 2038 2199 2197 
f 2039 2200 2198 2001 
f 2002 2040 2039 2001 
f 3310 4201 2040 2002 
f 1738 2065 3020 3019 
f 1813 3493 3479 2089 
f 1814 3497 3483 2090 
f 3501 3487 2091 1815 
f 3485 3491 2092 1811 
f 1810 3481 3495 2093 
f 3499 2094 1820 3523 
f 3477 3503 2095 1809 
f 1792 2081 2041 1654 
f 2073 2042 1651 1755 
f 2074 2043 1652 1756 
f 2075 2044 1653 1757 
f 2076 2045 1654 1758 
f 2077 2046 1655 1759 
f 2078 2047 1656 1760 
f 2079 2048 1657 1761 
f 1758 2080 2049 1684 
f 2066 2050 1681 1735 
f 2067 2051 1682 1736 
f 2068 2052 1683 1737 
f 2069 2053 1684 1738 
f 1739 2070 2054 1685 
f 2071 2055 1686 1740 
f 2072 2056 1687 1741 
f 2082 2057 1701 1789 
f 2083 2058 1702 1790 
f 1791 2084 2059 1703 
f 1792 2085 2060 1704 
f 2086 2061 1705 1793 
f 2087 2062 1706 1794 
f 1795 2088 2063 1707 
f 1812 2096 2064 1704 
f 1684 2049 2065 1738 
f 2050 2073 1755 1681 
f 2051 2074 1756 1682 
f 2052 2075 1757 1683 
f 2053 2076 1758 1684 
f 2054 2077 1759 1685 
f 2055 2078 1760 1686 
f 2056 2079 1761 1687 
f 1654 2041 2080 1758 
f 1704 2064 2081 1792 
f 2042 2082 1789 1651 
f 2043 2083 1790 1652 
f 1653 2044 2084 1791 
f 2045 2085 1792 1654 
f 2046 2086 1793 1655 
f 2047 2087 1794 1656 
f 1657 2048 2088 1795 
f 2057 2089 1809 1701 
f 2058 2090 1810 1702 
f 1703 2059 2091 1811 
f 1704 2060 2092 1812 
f 2061 2093 1813 1705 
f 2062 2094 1814 1706 
f 1707 2063 2095 1815 
f 3489 3521 2096 1812 
f 2097 2105 2018 1981 
f 2098 2106 2019 1982 
f 1983 2099 2107 2020 
f 1984 2100 2108 2021 
f 2101 2109 2022 1985 
f 2102 2110 2023 1986 
f 2103 2111 2024 1987 
f 1988 2104 2112 2025 
f 2098 1982 1996 
f 2097 1981 1996 
f 2100 2121 1995 
f 2101 1985 1995 
f 1828 2120 2113 1879 
s 2
f 1879 2113 11238 11149 
s 1
f 1845 2114 2115 1849 
f 1849 2115 2116 1848 
f 1848 2116 2117 1846 
f 1846 2117 2118 1856 
f 1856 2118 2119 1847 
f 1847 2119 2120 1828 
f 1995 2121 2122 2033 
f 2124 1850 1835 2123 
f 1850 2124 2130 1866 
f 1866 2130 2125 1851 
f 1851 2125 2126 1852 
f 1852 2126 2127 1853 
f 1853 2127 2128 1854 
f 1854 2128 2129 3069 
s 2
f 11145 11236 2131 1878 
s 1
f 2123 1835 1878 2131 
f 2129 2133 2033 3069 
f 2132 2133 2032 1994 
f 2100 1984 2121 
f 1996 2121 1983 2098 
f 2099 1983 2121 
f 1984 2099 2121 
f 1987 2102 2132 
f 2132 2102 1986 1995 
f 3458 3517 1823 2152 
f 1802 3513 3472 2153 
f 2146 2134 1647 1769 
f 1774 2149 2135 1640 
f 2147 2136 1646 1752 
f 1767 2148 2137 1666 
f 2144 2138 1668 1722 
f 2145 2139 1678 1732 
f 2150 2140 1715 1776 
f 2151 2141 1698 1786 
f 2154 2142 1713 1821 
f 1666 2137 2143 1720 
f 2138 2146 1769 1668 
f 2139 2147 1752 1678 
f 1640 2135 2148 1767 
f 1713 2142 2149 1774 
f 2134 2150 1776 1647 
f 2136 2151 1786 1646 
f 2140 2152 1823 1715 
f 2141 2153 1806 1698 
f 1821 3526 3515 2154 
f 2155 2158 2011 1974 
f 2156 2159 2012 1975 
f 2157 2160 2013 1976 
f 3528 2167 2438 3530 
f 2730 2165 2161 2726 
f 2729 2164 2162 2727 
f 2731 2166 2163 2728 
f 3025 3024 2164 2729 
f 2727 2162 2165 2730 
f 2726 2161 2166 2731 
f 2728 2163 2167 2732 
f 2733 2169 2168 2723 
s 2
f 11242 11244 2169 2733 
s 1
f 2734 2170 3054 3053 
f 2735 2171 2170 2734 
f 2736 2172 2171 2735 
f 2737 2173 2172 2736 
f 2738 2174 2173 2737 
f 2739 2175 2174 2738 
f 2723 2168 2175 2739 
f 2740 2177 2176 2724 
f 2435 2164 3024 3023 
f 2724 2176 2178 2741 
f 2446 2177 2179 2450 
s 2
f 11163 11224 2188 1888 
s 1
f 3089 2189 3047 3046 
f 3088 2190 2189 3089 
f 3087 2191 2190 3088 
f 3086 2192 2191 3087 
f 3101 2193 2192 3086 
f 3085 2194 2193 3101 
f 1838 2180 2194 3085 
f 2180 1838 1888 2188 
s 2
f 1887 2181 11229 11155 
s 1
f 2195 1837 3082 2182 
f 3091 2183 2182 3082 
f 3081 2184 2183 3091 
f 3083 2185 2184 3081 
f 3084 2186 2185 3083 
f 1896 2187 2186 3084 
f 3046 2196 2187 1896 
f 1837 2195 2181 1887 
f 1937 2196 2200 2039 
f 2197 2199 2037 1999 
f 2000 2198 2200 2038 
f 2197 1999 1974 
f 2197 1974 1973 
f 1972 1971 2198 
f 1971 2001 2198 
f 1999 1975 2155 
f 1999 1976 2156 
f 1999 1977 2157 
f 2465 3469 3471 2472 
f 2466 3465 3467 2469 
f 2467 3449 3463 2470 
f 3447 2471 2468 4332 
f 2472 3471 3506 2473 
f 2469 3467 3469 2465 
f 2470 3463 3465 2466 
f 2471 3447 3449 2467 
f 2234 2205 2211 2240 
f 2235 2206 2208 2237 
f 2236 2207 2209 2238 
f 4349 4352 2210 2239 
f 2240 2211 2291 2244 
f 2208 2205 2234 2237 
f 2209 2206 2235 2238 
f 2210 2207 2236 2239 
f 2241 2212 2219 2248 
f 2242 2213 2216 2245 
f 2243 2214 2217 2246 
f 3311 4369 2218 2247 
f 2248 2219 2289 2290 
f 2245 2216 2212 2241 
f 2246 2217 2213 2242 
f 2247 2218 2214 2243 
f 2249 2220 2226 2255 
f 2250 2221 2223 2252 
f 2251 2222 2224 2253 
f 3136 3312 2225 2254 
f 2255 2226 2215 2292 
f 2252 2223 2220 2249 
f 2253 2224 2221 2250 
f 2254 2225 2222 2251 
f 2227 2233 2219 2212 
f 2228 2230 2216 2213 
f 2229 2231 2217 2214 
f 4394 2232 2218 4369 
f 2233 2288 2289 2219 
f 2216 2230 2227 2212 
f 2217 2231 2228 2213 
f 2218 2232 2229 2214 
f 2220 2234 2240 2226 
f 2221 2235 2237 2223 
f 2222 2236 2238 2224 
f 3312 4349 2239 2225 
f 2226 2240 2244 2215 
f 2223 2237 2234 2220 
f 2224 2238 2235 2221 
f 2225 2239 2236 2222 
f 2241 2248 2211 2205 
f 2242 2245 2208 2206 
f 2243 2246 2209 2207 
f 3311 2247 2210 4352 
f 2248 2290 2291 2211 
f 2208 2245 2241 2205 
f 2209 2246 2242 2206 
f 2210 2247 2243 2207 
f 2255 3357 3355 2249 
f 3363 2201 2250 2252 
f 2251 2253 2203 2202 
f 3136 2254 2204 4403 
f 2292 3361 3359 2255 
f 2249 3355 3363 2252 
f 2203 2253 2250 2201 
f 2204 2254 2251 2202 
f 2261 2201 3363 2362 
f 2203 2263 2262 2202 
f 2204 2264 3137 4403 
f 2203 2201 2261 2263 
f 2204 2202 2262 2264 
f 2256 2261 2362 2257 
f 2260 2262 2263 2258 
f 3313 3137 2264 2259 
f 2258 2263 2261 2256 
f 2259 2264 2262 2260 
f 2365 2275 2406 2407 
f 2267 2271 2425 2424 
f 3362 2383 2343 
f 2427 3362 2344 
f 2274 2400 2405 2297 
f 3364 2387 2398 3366 
f 2274 2269 2402 2400 
f 3370 3368 2388 2396 
f 3372 2389 2388 3368 
f 2269 2267 2424 2402 
f 3374 2390 2389 3372 
f 2390 3374 3376 2391 
f 3358 2415 2411 3356 
f 2271 2272 2423 2425 
f 2391 3376 3378 2392 
f 3380 2393 2392 3378 
f 2928 2924 2923 2929 
f 2924 2928 2927 2925 
f 2930 2922 2921 2931 
f 2925 2927 2926 
f 2372 2266 2367 2384 
f 3384 3383 2421 2413 
f 3387 2394 2395 3388 
f 2277 2276 2403 2404 
f 2395 3390 3388 
f 2404 3390 2277 
f 2293 2281 2291 2290 
f 2286 2285 2281 2293 
f 2308 2309 2285 2286 
f 2474 2295 2288 2473 
f 2295 2294 2289 2288 
f 2294 2293 2290 2289 
f 2278 3393 3361 2292 
f 2292 2215 2279 2278 
f 2215 2244 2280 2279 
f 2244 2291 2281 2280 
f 2475 2296 2295 2474 
f 2296 2287 2294 2295 
f 2287 2286 2293 2294 
f 2282 3395 3393 2278 
f 2278 2279 2283 2282 
f 2279 2280 2284 2283 
f 2280 2281 2285 2284 
f 2307 2287 2296 2306 
f 2307 2308 2286 2287 
f 2312 3397 3395 2282 
f 2282 2283 2311 2312 
f 2283 2284 2310 2311 
f 2284 2285 2309 2310 
f 2296 3536 2476 2306 
f 2297 2405 2406 2275 
f 3370 2396 2387 3364 
f 2929 2923 2922 2930 
f 2303 2302 2316 2317 
f 2317 2316 2309 2308 
f 2670 2305 2319 2477 
f 2305 2304 2318 2319 
f 2304 2303 2317 2318 
f 2299 3401 3399 2313 
f 2313 2314 2300 2299 
f 2314 2315 2301 2300 
f 2315 2316 2302 2301 
f 2477 2319 2306 2476 
f 2319 2318 2307 2306 
f 2317 2308 2307 2318 
f 2313 3399 3397 2312 
f 2312 2311 2314 2313 
f 2311 2310 2315 2314 
f 2310 2309 2316 2315 
f 2413 2324 2368 2422 
f 2416 2339 2322 2410 
f 2340 2323 2412 2419 
f 2372 2321 2369 2385 
f 2323 2326 2414 2412 
f 2382 2341 2327 2374 
f 2374 2327 2328 2375 
f 2375 2328 2329 2376 
f 2329 2330 2377 2376 
f 2426 2333 2331 2423 
f 2410 2322 2331 2415 
f 2377 2330 2332 2378 
f 2332 2334 2379 2378 
f 2386 2321 2370 2399 
f 2401 2324 2371 2408 
f 2381 2337 2335 2380 
f 2418 2338 2336 2417 
f 2414 2326 2339 2416 
f 2320 2340 2419 2409 
f 2373 2325 2341 2382 
f 3402 3362 2397 
f 2420 3362 3354 
f 2338 2418 3390 
f 2337 2381 3390 
f 2334 2343 2383 2379 
f 2342 2427 2426 2273 
f 3380 3402 2397 2393 
f 2344 2420 2411 2333 
f 2354 2349 2352 2351 
f 2672 2673 2361 2363 
f 2358 2357 2349 2354 
f 2363 2361 2357 2358 
f 3373 3537 2348 3375 
f 3423 2345 2483 3422 
f 2355 2354 2351 2350 
f 2353 3537 3373 3369 
f 2428 2352 2349 2429 
f 2356 3379 3377 3538 
f 3420 2484 2347 3419 
f 2671 2672 2363 2364 
f 2431 2361 2673 2257 
f 3422 2483 2346 3421 
f 2359 2358 2354 2355 
f 2429 2349 2357 2430 
f 3421 2346 2484 3420 
f 2364 2363 2358 2359 
f 2360 3381 3379 2356 
f 2430 2357 2361 2431 
f 3403 3381 2360 3539 
f 2266 2365 2407 2401 
f 3366 2398 2386 3404 
f 2921 2932 2931 
f 2335 2370 2384 2380 
f 2336 2371 2421 2417 
f 3406 2422 2409 3400 
f 2268 2366 2385 2373 
f 3387 3409 2399 2394 
f 2367 2408 2403 2276 
f 3362 2342 2383 
f 2321 2372 2384 2370 
f 2266 2372 2385 2366 
f 2298 2382 2374 2265 
f 2265 2374 2375 2270 
f 2270 2375 2376 2267 
f 2376 2377 2271 2267 
f 2377 2378 2272 2271 
f 2378 2379 2273 2272 
f 2277 2381 2380 2276 
f 2268 2373 2382 2298 
f 2379 2383 2342 2273 
f 2276 2380 2384 2367 
f 2325 2373 2385 2369 
f 2369 2398 2387 2325 
f 2396 2388 2327 2341 
f 2327 2388 2389 2328 
f 2389 2390 2329 2328 
f 2329 2390 2391 2330 
f 2391 2392 2332 2330 
f 2392 2393 2334 2332 
f 2337 2395 2394 2335 
f 2325 2387 2396 2341 
f 2386 2399 3409 3404 
f 3362 2343 2397 
f 2393 2397 2343 2334 
f 2321 2386 2398 2369 
f 2335 2394 2399 2370 
f 2368 2407 2406 2320 
f 2340 2405 2400 2323 
f 2400 2402 2326 2323 
f 2338 2404 2403 2336 
f 2320 2406 2405 2340 
f 2266 2401 2408 2367 
f 2324 2401 2407 2368 
f 2336 2403 2408 2371 
f 2333 2411 2415 2331 
f 2324 2413 2421 2371 
f 2413 2422 3406 3384 
f 2410 3360 3392 2416 
f 2412 3396 3398 2419 
f 2414 3394 3396 2412 
f 2415 3358 3360 2410 
f 2418 2417 3412 3411 
f 2416 3392 3394 2414 
f 2419 3398 3400 2409 
f 2420 2344 3362 
f 2420 3354 3356 2411 
f 2417 2421 3383 3412 
f 2320 2409 2422 2368 
f 2424 2425 2322 2339 
f 2427 2342 3362 
f 2425 2423 2331 2322 
f 2273 2426 2423 2272 
f 2333 2426 2427 2344 
f 2395 2337 3390 
f 2404 2338 3390 
f 2418 3411 3390 
f 2381 2277 3390 
f 2429 3537 2353 2428 
f 2431 3539 2360 
f 2430 2356 3538 2429 
f 2356 2430 2431 2360 
f 2165 2436 2432 2161 
f 2164 2435 2433 2162 
f 2166 2437 2434 2163 
f 2162 2433 2436 2165 
f 2161 2432 2437 2166 
f 2163 2434 2438 2167 
f 2169 2439 2448 2168 
s 2
f 11244 11247 2439 2169 
s 1
f 2170 2440 3055 3054 
f 2171 2441 2440 2170 
f 2172 2442 2441 2171 
f 2173 2443 2442 2172 
f 2174 2444 2443 2173 
f 2175 2445 2444 2174 
f 2168 2448 2445 2175 
f 2177 2446 2449 2176 
f 2176 2449 2447 2178 
f 3530 2438 2971 3532 
f 2980 2446 2450 2982 
f 11687 2451 3475 4668 
f 3475 2451 2452 3453 
f 3453 2452 2453 3451 
f 2453 2462 3524 3451 
f 2454 3520 3522 2456 
f 2463 3478 3480 2457 
f 2461 3482 3484 2458 
f 3488 2459 2460 3486 
f 2460 2456 3490 3492 
f 2457 3494 3496 2461 
f 3500 2462 2458 3498 
f 2459 3502 3504 2463 
f 3529 2464 2742 3510 
f 2456 3522 3490 
f 2457 3480 3494 
f 2458 3484 3498 
f 2459 3488 3502 
f 2460 3492 3486 
f 2461 3496 3482 
f 2462 3500 3524 
f 2463 3504 3478 
f 3508 2455 2762 3535 
f 3531 3391 2464 3529 
f 2454 2993 3533 3520 
f 2227 2465 2472 2233 
f 2228 2466 2469 2230 
f 2229 2467 2470 2231 
f 4394 2468 2471 2232 
f 2233 2472 2473 2288 
f 2230 2469 2465 2227 
f 2231 2470 2466 2228 
f 2232 2471 2467 2229 
f 2473 3506 3518 2474 
f 2476 3536 3516 3527 
f 2474 3459 3461 2475 
f 3518 3459 2474 
f 3473 3514 2475 
f 3461 3473 2475 
f 2477 3512 3455 2670 
f 2476 3527 3512 2477 
f 2581 2489 2662 2666 
f 2478 2479 2623 2574 
f 2573 2495 2510 2631 
f 2478 2574 2937 2933 
f 2496 2941 2575 2642 
f 2984 2480 2576 2985 
f 2480 2481 2577 2576 
f 2856 2482 2578 2855 
f 2482 2488 2579 2578 
f 2488 2487 2580 2579 
f 3314 2489 2581 2572 
f 2490 2582 2583 2485 
f 2486 2485 2583 2584 
f 2487 2486 2584 2580 
f 2497 2585 2588 2503 
f 2500 2586 2589 2506 
f 2508 2501 2587 2590 
f 2503 2588 2586 2500 
f 2506 2589 2641 2494 
f 2497 2508 2590 2585 
f 2501 2509 2591 2587 
f 2601 2520 2663 2667 
f 2594 2513 2514 2632 
f 2512 2530 2640 2593 
f 4788 2934 2938 4789 
f 2613 2512 2514 2595 
f 2592 2511 2987 2986 
f 2596 2515 2516 2597 
f 2597 2516 2843 2842 
f 2517 2518 2599 2598 
f 2518 2519 2600 2599 
f 4810 4811 2520 2601 
f 2521 2654 2658 2602 
f 2603 2522 2521 2602 
f 2523 2522 2603 2604 
f 2519 2523 2604 2600 
f 2608 2527 2524 2605 
f 2609 2528 2525 2606 
f 2529 2526 2607 2610 
f 2606 2525 2527 2608 
f 2612 2511 2528 2609 
f 2524 2529 2610 2605 
f 2526 2530 2611 2607 
f 2533 2542 2595 2614 
f 2532 2550 2611 2613 
f 4839 4842 2935 2939 
f 2612 2531 2989 2988 
f 2615 2534 2535 2616 
f 2616 2535 2845 2844 
f 2536 2537 2618 2617 
f 2537 2538 2619 2618 
f 2539 2655 2659 2620 
f 2621 2540 2539 2620 
f 2541 2540 2621 2622 
f 2538 2541 2622 2619 
f 2624 2543 2664 2668 
f 2573 2532 2542 2623 
f 4870 3315 2543 2624 
f 2628 2547 2544 2625 
f 2629 2548 2545 2626 
f 2549 2546 2627 2630 
f 2626 2545 2547 2628 
f 2571 2531 2548 2629 
f 2625 2544 2549 2630 
f 2546 2550 2631 2627 
f 2633 2552 2665 2669 
f 2593 2561 2551 2632 
f 4890 4891 2552 2633 
f 2637 2556 2553 2634 
f 2638 2557 2554 2635 
f 2558 2555 2636 2639 
f 2635 2554 2556 2637 
f 2592 2560 2557 2638 
f 2553 2558 2639 2634 
f 2555 2559 2640 2636 
f 2643 2562 2551 2575 
f 2561 2559 2591 2642 
f 3316 2936 2940 3317 
f 2641 2560 2991 2990 
f 2644 2563 2564 2645 
f 2645 2564 2841 2840 
f 2565 2566 2647 2646 
f 2566 2567 2648 2647 
f 2649 2568 2656 2660 
f 2650 2569 2568 2649 
f 2570 2569 2650 2651 
f 2567 2570 2651 2648 
f 2552 2581 2666 2665 
f 2574 2623 2542 2533 
f 2573 2631 2550 2532 
f 4842 3318 2937 2935 
f 2561 2642 2575 2551 
f 2531 2571 2985 2989 
f 2576 2577 2535 2534 
f 2535 2577 2846 2845 
f 2578 2579 2537 2536 
f 2579 2580 2538 2537 
f 4891 2572 2581 2552 
f 2582 2657 2655 2539 
f 2540 2583 2582 2539 
f 2584 2583 2540 2541 
f 2580 2584 2541 2538 
f 2556 2588 2585 2553 
f 2557 2589 2586 2554 
f 2590 2587 2555 2558 
f 2554 2586 2588 2556 
f 2560 2641 2589 2557 
f 2585 2590 2558 2553 
f 2587 2591 2559 2555 
f 2543 2601 2667 2664 
f 2562 2594 2632 2551 
f 2593 2640 2559 2561 
f 4789 2938 2936 3316 
f 2532 2613 2595 2542 
f 2560 2592 2986 2991 
f 2563 2596 2597 2564 
f 2564 2597 2842 2841 
f 2598 2599 2566 2565 
f 2599 2600 2567 2566 
f 3315 4810 2601 2543 
f 2602 2658 2656 2568 
f 2569 2603 2602 2568 
f 2604 2603 2569 2570 
f 2600 2604 2570 2567 
f 2547 2608 2605 2544 
f 2548 2609 2606 2545 
f 2610 2607 2546 2549 
f 2545 2606 2608 2547 
f 2531 2612 2609 2548 
f 2544 2605 2610 2549 
f 2607 2611 2550 2546 
f 2614 2595 2514 2513 
f 2613 2611 2530 2512 
f 4839 2939 2934 4788 
f 2511 2612 2988 2987 
f 2615 2616 2516 2515 
f 2516 2616 2844 2843 
f 2617 2618 2518 2517 
f 2618 2619 2519 2518 
f 2620 2659 2654 2521 
f 2522 2621 2620 2521 
f 2622 2621 2522 2523 
f 2619 2622 2523 2519 
f 2491 2624 2668 2661 
f 2495 2573 2623 2479 
f 3138 4870 2624 2491 
f 2504 2628 2625 2498 
f 2505 2629 2626 2499 
f 2507 2630 2627 2502 
f 2499 2626 2628 2504 
f 2493 2571 2629 2505 
f 2498 2625 2630 2507 
f 2502 2627 2631 2510 
f 2520 2633 2669 2663 
f 2512 2593 2632 2514 
f 4811 4890 2633 2520 
f 2527 2637 2634 2524 
f 2528 2638 2635 2525 
f 2639 2636 2526 2529 
f 2525 2635 2637 2527 
f 2511 2592 2638 2528 
f 2524 2634 2639 2529 
f 2636 2640 2530 2526 
f 2942 2643 2575 2941 
f 2642 2591 2509 2496 
f 3317 2940 2943 4944 
f 2494 2641 2990 2992 
f 2644 2645 2800 2793 
f 2800 2645 2840 2812 
f 2646 2647 2483 2345 
f 2647 2648 2346 2483 
f 2492 2649 2660 2652 
f 2650 2649 2492 2347 
f 2651 2650 2347 2484 
f 2648 2651 2484 2346 
f 2490 2653 2657 2582 
f 2660 2666 2662 2652 
f 2659 2667 2663 2654 
f 2668 2664 2655 2657 
f 2669 2665 2656 2658 
f 2665 2666 2660 2656 
f 2664 2667 2659 2655 
f 2653 2661 2668 2657 
f 2654 2663 2669 2658 
f 2684 2685 3319 4954 
f 2672 2671 2676 2675 
f 2675 2676 2679 2678 
f 2678 2679 2682 2681 
f 2681 2682 2685 2684 
f 2259 2683 4962 3313 
f 2683 2684 4954 4962 
f 3414 3415 2489 3314 
f 2257 2673 2674 2256 
f 2673 2672 2675 2674 
f 3419 2347 2492 3418 
f 2256 2674 2677 2258 
f 2674 2675 2678 2677 
f 3418 2492 2652 3417 
f 2677 2680 2260 2258 
f 2677 2678 2681 2680 
f 3417 2652 2662 3416 
f 2260 2680 2683 2259 
f 2680 2681 2684 2683 
f 3416 2662 2489 3415 
f 3541 3540 2452 2451 
f 3542 2453 2452 3540 
f 3543 2462 2453 3542 
f 3545 3544 2454 2456 
f 3546 2463 2457 3547 
f 3548 2461 2458 3549 
f 3551 3550 2460 2459 
f 3550 3545 2456 2460 
f 3547 2457 2461 3548 
f 3549 2458 2462 3543 
f 3546 3551 2459 2463 
f 3544 3552 2993 2454 
f 2696 2701 2897 2896 
f 2701 2704 2898 2897 
f 2704 2707 2899 2898 
f 2899 2707 2710 2900 
f 2900 2710 2713 2901 
f 2901 2713 2716 2902 
f 2902 2716 2719 2903 
f 2903 2719 2722 2904 
f 2698 2699 2866 2874 
f 2697 2700 2882 2881 
f 3325 3324 2701 2696 
f 2699 2702 2867 2866 
f 2700 2703 2883 2882 
f 3324 3326 2704 2701 
f 2702 2705 2868 2867 
f 2703 2706 2884 2883 
f 3326 3327 2707 2704 
f 2868 2705 2708 2869 
f 2884 2706 2709 2885 
f 3328 3327 2690 2694 
f 2869 2708 2711 2870 
f 2885 2709 2712 2886 
f 3328 2694 2688 3329 
f 2870 2711 2714 2871 
f 2886 2712 2715 2887 
f 3329 2688 2692 3330 
f 2871 2714 2717 2872 
f 2887 2715 2718 2888 
f 3330 2692 2689 3331 
f 2872 2717 2720 2873 
f 2888 2718 2721 2889 
f 3331 2689 2693 3332 
f 3391 3410 2464 
f 2792 2782 2762 
f 3509 2732 2167 3528 
f 2177 2740 2725 2179 
f 1765 2730 2726 1663 
f 1745 2729 2727 1691 
f 1799 2731 2728 1711 
f 1691 2727 2730 1765 
f 1663 2726 2731 1799 
f 1711 2728 2732 1819 
f 1898 2733 2723 1897 
s 2
f 11251 11242 2733 1898 
s 1
f 1899 2734 3053 3052 
f 1900 2735 2734 1899 
f 1901 2736 2735 1900 
f 1902 2737 2736 1901 
f 1903 2738 2737 1902 
f 1904 2739 2738 1903 
f 1897 2723 2739 1904 
f 1997 2740 2724 1980 
f 1980 2724 2741 2017 
f 3510 2742 2455 3508 
f 2770 2747 2743 2766 
f 2769 2746 2744 2767 
f 2771 2748 2745 2768 
f 3028 3027 2746 2769 
f 2767 2744 2747 2770 
f 2766 2743 2748 2771 
f 2768 2745 2749 2772 
f 2780 2757 2760 2764 
f 3051 2761 2765 3050 
f 2764 2760 2758 2781 
f 3534 2749 1819 3507 
s 2
f 1898 2750 11254 11251 
s 1
f 1899 2751 2752 1900 
f 1900 2752 2753 1901 
f 1901 2753 2754 1902 
f 1902 2754 2755 1903 
f 1903 2755 2756 1904 
f 1904 2756 2759 1897 
f 1897 2759 2750 1898 
f 1997 2757 2761 2035 
f 3535 2762 2782 3457 
f 3456 2772 2749 3534 
s 2
f 2750 2773 11220 11254 
s 1
f 2751 2774 2775 2752 
f 2752 2775 2776 2753 
f 2753 2776 2777 2754 
f 2754 2777 2778 2755 
f 2755 2778 2779 2756 
f 2756 2779 2763 2759 
f 2759 2763 2773 2750 
f 2757 2780 2765 2761 
f 1747 2770 2766 1639 
f 1727 2769 2767 1673 
f 1781 2771 2768 1693 
f 1673 2767 2770 1747 
f 1639 2766 2771 1781 
f 1693 2768 2772 1801 
f 1998 2780 2764 1979 
f 1979 2764 2781 2016 
f 2670 3455 3457 2782 
f 2782 2792 2305 2670 
f 2455 2791 2790 2762 
f 2791 2455 2742 
f 2742 2464 3410 2788 
f 2783 2299 2300 
f 2784 3385 3407 2783 
f 3382 3385 2784 
f 2785 2301 2302 
f 2783 2785 2786 2784 
f 2786 2787 2784 
f 2787 2788 3382 
f 3410 3413 2788 
f 2789 2303 2304 
f 2785 2789 2790 2786 
f 2786 2790 2791 2787 
f 2742 2788 2787 2791 
f 2304 2305 2792 2789 
f 2789 2792 2762 2790 
f 2302 2303 2789 2785 
f 2300 2301 2785 2783 
f 2783 3407 3401 2299 
f 3359 3357 2255 
f 3333 3325 2696 2995 
f 2697 2997 2996 2896 
f 2698 2999 2998 2881 
f 3432 3433 2494 2992 
f 3335 3334 2794 2797 
f 2905 2795 2798 2906 
f 2890 2796 2799 2891 
f 3431 3430 2876 2875 
f 2906 2798 2813 2910 
f 2891 2799 2814 2895 
f 3429 2880 2876 3430 
f 2907 2803 2806 2908 
f 2804 2807 2893 2892 
f 3427 2878 2877 3428 
f 2806 2809 2909 2908 
f 2807 2810 2894 2893 
f 3426 2879 2878 3427 
f 3553 3554 3386 3389 
f 3335 3336 2811 
f 2802 2815 2910 2907 
f 2803 2813 2895 2892 
f 2804 2814 2880 2877 
f 2802 3336 2815 
f 3555 2908 3405 3408 
f 2831 2823 2822 2830 
f 2860 2818 2819 2861 
f 2862 2820 2821 2863 
f 2858 2816 2817 2859 
f 2863 2821 2822 2864 
f 2859 2817 2818 2860 
f 2861 2819 2820 2862 
f 2857 2808 2816 2858 
f 2818 2826 2827 2819 
f 2820 2828 2829 2821 
f 2816 2824 2825 2817 
f 2821 2829 2830 2822 
f 2817 2825 2826 2818 
f 2819 2827 2828 2820 
f 2808 2805 2824 2816 
f 2839 2831 2830 2838 
f 2826 2834 2835 2827 
f 2828 2836 2837 2829 
f 2824 2832 2833 2825 
f 2829 2837 2838 2830 
f 2825 2833 2834 2826 
f 2827 2835 2836 2828 
f 2805 2801 2832 2824 
f 2847 2839 2838 2846 
f 2834 2842 2843 2835 
f 2836 2844 2845 2837 
f 2832 2840 2841 2833 
f 2837 2845 2846 2838 
f 2833 2841 2842 2834 
f 2835 2843 2844 2836 
f 2801 2812 2840 2832 
f 2481 2847 2846 2577 
f 2865 2856 2855 2864 
f 2598 2851 2852 2517 
f 2617 2853 2854 2536 
f 2646 2849 2850 2565 
f 2536 2854 2855 2578 
f 2565 2850 2851 2598 
f 2517 2852 2853 2617 
f 2345 2848 2849 2646 
f 2851 2860 2861 2852 
f 2853 2862 2863 2854 
f 2849 2858 2859 2850 
f 2854 2863 2864 2855 
f 2850 2859 2860 2851 
f 2852 2861 2862 2853 
f 2848 2857 2858 2849 
f 2823 2865 2864 2822 
f 3434 3433 2874 2866 
f 3435 3434 2866 2867 
f 3436 3435 2867 2868 
f 3436 3437 2497 2503 
f 3437 3438 2508 2497 
f 3438 3439 2501 2508 
f 3439 3440 2509 2501 
f 3441 2496 2509 3440 
f 2874 3000 2999 2698 
f 2796 2875 2876 2799 
f 2799 2876 2880 2814 
f 2804 2877 2878 2807 
f 2807 2878 2879 2810 
f 3428 3429 2812 2801 
f 2881 2882 2699 2698 
f 2882 2883 2702 2699 
f 2883 2884 2705 2702 
f 2705 2884 2885 2708 
f 2708 2885 2886 2711 
f 2711 2886 2887 2714 
f 2714 2887 2888 2717 
f 2717 2888 2889 2720 
f 2881 2998 2997 2697 
f 2795 2890 2891 2798 
f 2798 2891 2895 2813 
f 2892 2893 2806 2803 
f 2893 2894 2809 2806 
f 2892 2895 2814 2804 
f 2896 2897 2700 2697 
f 2897 2898 2703 2700 
f 2898 2899 2706 2703 
f 2706 2899 2900 2709 
f 2709 2900 2901 2712 
f 2712 2901 2902 2715 
f 2715 2902 2903 2718 
f 2718 2903 2904 2721 
f 2896 2996 2995 2696 
f 2794 2905 2906 2797 
f 2906 2910 2815 2797 
f 2907 2908 2802 
f 3367 3405 2908 2909 
f 2907 2910 2813 2803 
f 3365 3367 2909 2911 
f 3426 2808 2857 3425 
f 2915 2914 2810 2879 
f 2914 2913 2894 2810 
f 2913 2912 2809 2894 
f 2809 2912 2911 2909 
f 2353 3369 3371 2920 
f 2920 2919 2428 2353 
f 2919 2918 2352 2428 
f 2918 2917 2351 2352 
f 2917 2916 2350 2351 
f 3423 2350 2916 3424 
f 3425 2857 2848 3424 
f 2916 2917 2914 2915 
f 2917 2918 2913 2914 
f 2918 2919 2912 2913 
f 2919 2920 2911 2912 
f 3365 2911 2920 3371 
f 2365 2921 2922 2275 
f 2275 2922 2923 2297 
f 2297 2923 2924 2274 
f 2274 2924 2925 2269 
f 2269 2925 2926 2267 
s 2
f 2267 2926 2927 2270 
f 2270 2927 2928 2265 
f 2265 2928 2929 2298 
f 2298 2929 2930 2268 
f 2268 2930 2931 2366 
f 2366 2931 2932 2266 
s 1
f 2266 2932 2921 2365 
f 3556 3553 3389 3391 
f 2402 2424 2339 2326 
f 5222 2933 2937 3318 
f 2594 2938 2934 2513 
f 2939 2935 2533 2614 
f 2643 2940 2936 2562 
f 2935 2937 2574 2533 
f 2562 2936 2938 2594 
f 2934 2939 2614 2513 
f 2942 2943 2940 2643 
f 3443 2942 2941 3442 
f 2947 2959 2960 2948 
f 2950 2962 2963 2951 
f 3337 2954 2953 3338 
f 2956 2947 2948 2957 
f 2959 2950 2951 2960 
f 2962 2953 2954 2963 
f 3444 3445 4944 2943 
f 3444 2943 2942 3443 
f 3441 2873 2956 3442 
f 2949 2961 5242 5241 
f 2948 2960 2961 2949 
f 2959 2947 2720 2889 
f 2952 2964 5246 5245 
f 2951 2963 2964 2952 
f 2962 2950 2721 2904 
f 3339 2955 2954 3337 
f 3332 2693 2946 3338 
f 2958 2949 5241 3320 
f 2957 2948 2949 2958 
f 2947 2956 2873 2720 
f 2961 2952 5245 5242 
f 2960 2951 2952 2961 
f 2950 2959 2889 2721 
f 2964 2955 11682 5246 
f 2963 2954 2955 2964 
f 2953 2962 2904 2722 
f 2436 2965 2966 2432 
f 2435 2967 2968 2433 
f 2437 2969 2970 2434 
f 3022 2967 2435 3023 
f 2433 2968 2965 2436 
f 2432 2966 2969 2437 
f 2434 2970 2971 2438 
f 2439 2973 2972 2448 
s 2
f 11247 11203 2973 2439 
s 1
f 2440 2974 3056 3055 
f 2441 2975 2974 2440 
f 2442 2976 2975 2441 
f 2443 2977 2976 2442 
f 2444 2978 2977 2443 
f 2445 2979 2978 2444 
f 2448 2972 2979 2445 
f 2446 2980 2981 2449 
f 2449 2981 2983 2447 
f 3532 2971 1800 3519 
f 1996 2980 2982 2034 
f 3533 2993 3391 3531 
f 2493 2984 2985 2571 
f 2596 2986 2987 2515 
f 2615 2988 2989 2534 
f 2644 2990 2991 2563 
f 2534 2989 2985 2576 
f 2563 2991 2986 2596 
f 2515 2987 2988 2615 
f 2793 2992 2990 2644 
f 3552 3556 3391 2993 
f 3333 3334 2695 2994 
f 2905 2996 2997 2795 
f 2890 2998 2999 2796 
f 3432 3431 2875 3000 
f 2796 2999 3000 2875 
f 2795 2997 2998 2890 
f 2794 2995 2996 2905 
f 2004 3044 3045 2003 
f 2005 3043 3044 2004 
f 2006 3042 3043 2005 
f 2007 3041 3042 2006 
f 2008 3040 3041 2007 
f 2009 3039 3040 2008 
f 2010 3038 3039 2009 
f 3037 3038 2010 2011 
f 3036 3037 2011 2158 
f 2159 3034 3035 2012 
f 3032 3033 2013 2160 
f 2015 3030 3031 2014 
f 2016 3029 3030 2015 
f 2781 3028 3029 2016 
f 2741 3025 3026 2017 
f 3020 3021 2018 2105 
f 2106 3018 3019 2019 
f 2107 3016 3017 2020 
f 2108 3014 3015 2021 
f 2109 3012 3013 2022 
f 3010 3011 2023 2110 
f 2111 3008 3009 2024 
f 2112 3006 3007 2025 
f 2027 3004 3005 2026 
f 2028 3003 3004 2027 
f 2029 3002 3003 2028 
f 2030 3001 3002 2029 
f 2003 3045 3299 4247 
f 3019 3020 2105 2019 
f 2020 3017 3018 2106 
f 2021 3015 3016 2107 
f 2022 3013 3014 2108 
f 3011 3012 2109 2023 
f 3009 3010 2110 2024 
f 2025 3007 3008 2111 
f 2026 3005 3006 2112 
f 2012 3035 3036 2158 
f 3033 3034 2159 2013 
f 3031 3032 2160 2014 
f 2447 3023 3024 2178 
f 2983 3022 3023 2447 
f 2178 3024 3025 2741 
f 2017 3026 3027 2758 
f 2758 3027 3028 2781 
f 2018 3021 3022 2983 
f 2199 3047 3048 2037 
f 3053 3054 2179 2725 
f 2038 3046 3047 2199 
f 2179 3054 3055 2450 
f 3052 3053 2725 2035 
f 3055 3056 2982 2450 
f 1910 3049 3048 1911 
f 1960 3057 3056 2974 
f 2774 3050 3049 1910 
f 2114 3058 3057 1960 
f 1845 3069 3058 2114 
f 1899 3052 3051 2751 
f 2751 3051 3050 2774 
f 3080 3079 3064 3063 
f 3069 3080 3063 
f 3069 3068 1854 
f 1854 3068 3067 1853 
f 1865 1864 3074 3073 
f 1863 3061 3062 3060 
f 3069 3060 3062 
f 3063 3059 3069 
f 3063 3064 1860 3059 
f 1861 3071 3070 1859 
f 1868 3065 1867 1869 
f 3069 3062 3068 
f 3067 3075 1852 1853 
f 3076 3077 1846 1856 
f 3077 3078 1848 1846 
f 3078 3079 1849 1848 
f 3080 1845 1849 3079 
f 3069 1845 3080 
f 1867 3065 3066 1864 
f 1864 3066 3075 3074 
f 3061 3067 3068 3062 
f 3067 3061 3074 3075 
f 3061 1863 3073 3074 
f 1863 1862 3072 3073 
f 1860 3071 3072 1862 
f 3064 3070 3071 1860 
f 3079 3078 3070 3064 
f 3114 3046 3090 
f 3130 3129 3092 3094 
f 3091 3082 3093 3129 
f 3131 3130 3094 3123 
f 3093 3082 1837 1836 
f 3113 3095 3097 3090 
f 3087 3128 3120 3086 
f 3086 3120 3119 3101 
f 3103 3085 3101 3119 
f 3097 3098 3114 3090 
f 3104 3102 3107 3105 
f 3105 3107 3108 3106 
f 3102 3099 3100 3107 
f 3107 3100 3109 3108 
f 3109 3100 3126 3125 
f 3106 3108 3112 3110 
f 3110 3112 3092 3111 
f 3111 3092 3129 3093 
f 3108 3109 3096 3112 
f 3112 3096 3094 3092 
f 3109 3125 3124 3096 
f 3046 3113 3090 
f 3133 3132 3118 3117 
f 3046 3133 3117 
f 3046 3122 3089 
f 3089 3122 3121 3088 
f 3100 3099 3127 3126 
f 3098 3115 3116 3114 
f 3046 3114 3116 
f 3117 3113 3046 
f 3117 3118 3095 3113 
f 3096 3124 3123 3094 
f 3103 3119 3102 3104 
f 3046 3116 3122 
f 3121 3128 3087 3088 
f 3129 3130 3081 3091 
f 3130 3131 3083 3081 
f 3131 3132 3084 3083 
f 3133 1896 3084 3132 
f 3046 1896 3133 
f 3102 3119 3120 3099 
f 3099 3120 3128 3127 
f 3115 3121 3122 3116 
f 3121 3115 3127 3128 
f 3115 3098 3126 3127 
f 3098 3097 3125 3126 
f 3095 3124 3125 3097 
f 3118 3123 3124 3095 
f 3132 3131 3123 3118 
f 3277 3276 3141 3142 
f 3140 3143 3142 3141 
f 3139 3144 3143 3140 
f 3139 5315 5314 3144 
f 3278 3277 3142 3145 
f 3143 3146 3145 3142 
f 3144 3147 3146 3143 
f 5314 3148 3147 3144 
f 3279 3278 3145 3149 
f 3146 3150 3149 3145 
f 3147 3151 3150 3146 
f 3148 5324 3151 3147 
f 3273 3272 3154 3155 
f 3153 3156 3155 3154 
f 3152 3157 3156 3153 
f 3274 3273 3155 3158 
f 3156 3159 3158 3155 
f 3157 3160 3159 3156 
f 3275 3274 3158 3161 
f 3159 3162 3161 3158 
f 3160 3163 3162 3159 
f 5341 5342 3163 3160 
f 3276 3275 3161 3141 
f 3162 3140 3141 3161 
f 3163 3139 3140 3162 
f 5342 5315 3139 3163 
f 3279 3149 3280 
f 3151 3288 3287 
f 3150 3286 3285 
f 3149 3284 3283 
f 3288 3151 5324 5350 
f 3286 3150 3151 3287 
f 3284 3149 3150 3285 
f 3149 3283 3282 
f 3149 3282 3281 
f 3149 3281 3280 
f 3171 3172 5418 
f 3172 3164 5418 
f 3164 3165 5418 
f 3165 3173 5418 
f 3173 3174 5418 
f 3174 3166 5418 
f 3166 3167 5418 
f 3167 3201 5418 
f 3201 3200 5418 
f 3200 3168 5418 
f 3168 3169 5418 
f 3169 3199 5418 
f 3199 3198 5418 
f 3198 3170 5418 
f 5418 3170 5368 
f 3183 3171 5371 5370 
f 3172 3171 3183 3184 
f 3164 3172 3184 3185 
f 3165 3164 3185 3186 
f 3173 3165 3186 3187 
f 3174 3173 3187 3188 
f 3166 3174 3188 3189 
f 3167 3166 3189 3175 
f 3176 3175 3189 3190 
f 3202 3176 3190 3191 
f 3189 3188 3192 3190 
f 3190 3192 3178 3191 
f 3188 3187 3193 3192 
f 3187 3186 3194 3193 
f 3192 3193 3177 3178 
f 3193 3194 3179 3177 
f 3186 3185 3195 3194 
f 3185 3184 3196 3195 
f 3194 3195 3180 3179 
f 3195 3196 3181 3180 
f 3184 3183 3197 3196 
f 3197 3183 5370 5394 
f 3196 3197 3182 3181 
f 3182 3197 5394 5396 
f 3201 3167 3175 3214 
f 3208 3170 3198 3209 
f 3209 3198 3199 3210 
f 3210 3199 3169 3211 
f 3211 3169 3168 3212 
f 3212 3168 3200 3213 
f 3213 3200 3201 3214 
f 3215 3214 3175 3176 
f 3215 3176 3202 3216 
f 3208 3209 3218 3217 
f 3217 3218 3205 3219 
f 3209 3210 3220 3218 
f 3210 3211 3221 3220 
f 3218 3220 3204 3205 
f 3220 3221 3203 3204 
f 3211 3212 3222 3221 
f 3212 3213 3223 3222 
f 3221 3222 3206 3203 
f 3222 3223 3207 3206 
f 3213 3214 3215 3223 
f 3223 3215 3216 3207 
f 5371 3171 5418 
f 3177 3229 3230 3178 
f 3179 3231 3229 3177 
f 3180 3232 3231 3179 
f 3181 3233 3232 3180 
f 3182 3234 3233 3181 
f 3191 3235 3236 3202 
f 3178 3230 3235 3191 
f 3204 3238 3239 3205 
f 3203 3237 3238 3204 
f 3207 3241 3240 3206 
f 3202 3236 3242 3216 
f 3206 3240 3237 3203 
f 3295 3219 3243 3322 
f 3205 3239 3243 3219 
f 3216 3242 3241 3207 
f 3261 3260 3225 3224 
f 3262 3261 3224 3259 
f 3259 3224 3227 
f 3224 3225 3228 3227 
f 3289 3226 3225 3260 
f 3271 3227 3154 3272 
f 3227 3228 3153 3154 
f 3234 3182 5396 3297 
f 3230 3229 3244 3245 
f 3229 3231 3246 3244 
f 3231 3232 3247 3246 
f 3232 3233 3248 3247 
f 3233 3234 3249 3248 
f 3234 3297 3323 3249 
f 3236 3235 3250 3251 
f 3235 3230 3245 3250 
f 3239 3238 3253 3254 
f 3238 3237 3252 3253 
f 3240 3241 3256 3255 
f 3242 3236 3251 3257 
f 3237 3240 3255 3252 
f 3243 3239 3254 3258 
f 3241 3242 3257 3256 
f 3322 3243 3258 5459 
f 5461 3258 3254 
f 3290 3257 3251 
f 3290 3251 3250 
f 5463 5465 3292 3249 
f 5461 5459 3258 
f 3291 3245 3244 
f 3291 3290 3245 
f 3291 3244 3246 
f 3292 3246 3247 
f 3292 3247 3248 
f 3292 3291 3246 
f 3292 3248 3249 
f 3290 3250 3245 
f 3225 3293 3290 3228 
f 3226 3294 3293 3225 
f 3259 3263 3262 
f 3270 3259 3227 3271 
f 3259 3264 3263 
f 3259 3265 3264 
f 3259 3266 3265 
f 3259 3267 3266 
f 3259 3268 3267 
f 3259 3269 3268 
f 3259 3270 3269 
f 2478 3260 3261 2479 
f 2479 3261 3262 2495 
f 2495 3262 3263 2510 
f 2510 3263 3264 2502 
f 2502 3264 3265 2507 
f 2507 3265 3266 2498 
f 2498 3266 3267 2504 
f 2504 3267 3268 2499 
f 2499 3268 3269 2505 
f 2505 3269 3270 2493 
f 2493 3270 3271 2984 
f 2984 3271 3272 2480 
f 2480 3272 3273 2481 
f 2481 3273 3274 2847 
f 2847 3274 3275 2839 
f 2839 3275 3276 2831 
f 2831 3276 3277 2823 
f 2823 3277 3278 2865 
f 2865 3278 3279 2856 
f 2856 3279 3280 2482 
f 2482 3280 3281 2488 
f 2488 3281 3282 2487 
f 2487 3282 3283 2486 
f 2486 3283 3284 2485 
f 2485 3284 3285 2490 
f 2490 3285 3286 2653 
f 2653 3286 3287 2661 
f 2661 3287 3288 2491 
f 3138 2491 3288 5350 
f 2933 3289 3260 2478 
f 3292 5465 3321 3152 
f 3255 3256 3293 
f 3228 3290 3291 3153 
f 3152 3153 3291 3292 
f 3256 3257 3290 
f 3293 3256 3290 
f 3252 3255 3293 
f 3294 3252 3293 
f 3253 3252 3294 
f 3254 3253 3294 
f 3254 3294 5461 
f 3321 5477 3157 3152 
f 5477 5341 3160 3157 
f 3208 5478 5368 3170 
f 3217 5479 5478 3208 
f 3219 3295 5479 3217 
f 5480 3296 3226 3289 
f 5463 3249 3323 
f 3296 5461 3294 3226 
f 5222 5480 3289 2933 
f 2686 2687 3324 3325 
f 2687 2691 3326 3324 
f 2691 2690 3327 3326 
f 3328 2710 2707 3327 
f 3329 2713 2710 3328 
f 3330 2716 2713 3329 
f 3331 2719 2716 3330 
f 3332 2722 2719 3331 
f 2994 2686 3325 3333 
f 2811 2695 3334 3335 
f 2797 2815 3336 3335 
f 3338 2946 2945 3337 
f 3337 2945 2944 3339 
f 3338 2953 2722 3332 
f 2995 2794 3334 3333 
f 3341 2944 2945 3340 
f 3340 2945 2946 3342 
f 3342 2946 2693 3343 
f 2687 2686 3344 3345 
f 3347 2688 2694 3346 
f 3349 2689 2692 3348 
f 2690 2691 3350 3351 
f 2691 2687 3345 3350 
f 3348 2692 2688 3347 
f 3343 2693 2689 3349 
f 2694 2690 3351 3346 
f 2686 2994 3352 3344 
f 2994 2695 3353 3352 
f 3354 3355 3357 3356 
f 3358 3359 3361 3360 
f 3362 3363 3355 3354 
f 3360 3361 3393 3392 
f 3392 3393 3395 3394 
f 3394 3395 3397 3396 
f 3398 3399 3401 3400 
f 3396 3397 3399 3398 
f 3372 3373 3375 3374 
f 3368 3369 3373 3372 
f 3374 3375 3377 3376 
f 3376 3377 3379 3378 
f 3378 3379 3381 3380 
f 3402 3403 3363 3362 
f 3380 3381 3403 3402 
f 3411 3410 3391 3390 
f 3406 3407 3385 3384 
f 3384 3385 3382 3383 
f 3383 3382 3413 3412 
f 3412 3413 3410 3411 
f 3400 3401 3407 3406 
f 3356 3357 3359 3358 
f 3388 3389 3386 3387 
f 3409 3408 3405 3404 
f 3404 3405 3367 3366 
f 3366 3367 3365 3364 
f 3370 3371 3369 3368 
f 3364 3365 3371 3370 
f 3390 3391 3389 3388 
f 3387 3386 3408 3409 
f 3422 2355 2350 3423 
f 3419 2671 2364 3420 
f 3421 2359 2355 3422 
f 3420 2364 2359 3421 
f 3414 3319 2685 3415 
f 3418 2676 2671 3419 
f 3417 2679 2676 3418 
f 3416 2682 2679 3417 
f 3415 2685 2682 3416 
f 3000 2874 3433 3432 
f 3431 2793 2800 3430 
f 3430 2800 2812 3429 
f 3428 2801 2805 3427 
f 3427 2805 2808 3426 
f 2506 2494 3433 3434 
f 2500 2506 3434 3435 
f 3436 2503 2500 3435 
f 3436 2868 2869 3437 
f 3437 2869 2870 3438 
f 3438 2870 2871 3439 
f 3439 2871 2872 3440 
f 3440 2872 2873 3441 
f 3428 2877 2880 3429 
f 3425 2915 2879 3426 
f 3424 2848 2345 3423 
f 3424 2916 2915 3425 
f 3442 2956 2957 3443 
f 3444 2958 3320 3445 
f 3443 2957 2958 3444 
f 3442 2941 2496 3441 
f 3432 2992 2793 3431 
f 3470 3471 3469 3468 
f 3466 3467 3465 3464 
f 3462 3463 3449 3448 
f 3446 3447 4332 3525 
f 3505 3506 3471 3470 
f 3468 3469 3467 3466 
f 3464 3465 3463 3462 
f 3448 3449 3447 3446 
f 3476 4668 3475 3474 
f 3474 3475 3453 3452 
f 3452 3453 3451 3450 
f 3450 3451 3524 3523 
f 3521 3522 3520 3519 
f 3479 3480 3478 3477 
f 3483 3484 3482 3481 
f 3487 3488 3486 3485 
f 3491 3492 3490 3489 
f 3495 3496 3494 3493 
f 3499 3500 3498 3497 
f 3503 3504 3502 3501 
f 3528 3529 3510 3509 
f 3489 3490 3522 3521 
f 3493 3494 3480 3479 
f 3497 3498 3484 3483 
f 3501 3502 3488 3487 
f 3485 3486 3492 3491 
f 3481 3482 3496 3495 
f 3523 3524 3500 3499 
f 3477 3478 3504 3503 
f 3507 3508 3535 3534 
f 3530 3531 3529 3528 
f 3519 3520 3533 3532 
f 3517 3518 3506 3505 
f 3526 3527 3516 3515 
f 3460 3461 3459 3458 
f 3458 3459 3518 3517 
f 3513 3514 3473 3472 
f 3472 3473 3461 3460 
f 3515 3516 3514 3513 
f 3454 3455 3512 3511 
f 3511 3512 3527 3526 
f 3509 3510 3508 3507 
f 3534 3535 3457 3456 
f 3456 3457 3455 3454 
f 3532 3533 3531 3530 
f 2475 3514 3516 3536 
f 2296 2475 3536 
f 2429 2348 3537 
f 3538 2348 2429 
f 3377 3375 2348 3538 
f 2362 3363 3403 3539 
f 2257 2362 3539 2431 
f 3555 3554 3336 2802 
f 3353 2695 2811 
f 3541 3341 3340 3540 
f 3540 3340 3342 3542 
f 3542 3342 3343 3543 
f 3345 3344 3544 3545 
f 3547 3347 3346 3546 
f 3549 3349 3348 3548 
f 3351 3350 3550 3551 
f 3350 3345 3545 3550 
f 3548 3348 3347 3547 
f 3543 3343 3349 3549 
f 3346 3351 3551 3546 
f 3344 3352 3552 3544 
f 2811 3336 3554 3553 
f 3353 2811 3553 3556 
f 3352 3353 3556 3552 
f 3408 3386 3554 3555 
f 3555 2802 2908 
f 2787 3382 2784 
f 2788 3413 3382 
f 3559 3560 3557 3558 
f 3563 3564 3561 3562 
f 3567 3568 3565 3566 
f 3569 3570 3571 3572 
f 3576 3573 3574 3575 
f 3577 3578 3579 3580 
f 3560 3582 3581 3557 
f 3585 3586 3583 3584 
f 3589 3590 3587 3588 
f 3592 3573 3576 3591 
f 3593 3594 3595 3596 
f 3597 3598 3599 3600 
f 3601 3602 3603 3604 
f 3606 3561 3564 3605 
f 3605 3476 3298 3606 
f 3609 3610 3607 3608 
f 3613 3614 3611 3612 
f 3618 3615 3616 3617 
f 3622 3619 3620 3621 
f 3625 3626 3623 3624 
f 3629 3630 3627 3628 
f 3634 3631 3632 3633 
f 3590 3636 3635 3587 
f 3586 3589 3588 3583 
f 3582 3585 3584 3581 
f 3637 3299 3300 3638 
f 3577 3580 3571 3570 
f 3641 3642 3639 3640 
f 3643 3644 3645 3646 
f 3647 3648 3649 3650 
f 3651 3652 3653 3654 
f 3655 3656 3657 3658 
f 3659 3660 3661 3662 
f 3663 3664 3665 3666 
f 3667 3668 3644 3643 
f 3669 3670 3671 3672 
f 3673 3674 3675 3676 
f 3677 3678 3679 3666 
f 3680 3681 3682 3683 
f 3684 3685 3686 3687 
f 3688 3689 3649 3690 
f 3691 3647 3650 3692 
f 3302 3691 3692 3301 
f 3693 3694 3695 3696 
f 3697 3698 3699 3700 
f 3701 3702 3703 3704 
f 3705 3706 3707 3708 
f 3709 3710 3711 3712 
f 3713 3714 3715 3690 
f 3716 3717 3718 3719 
f 3720 3674 3673 3683 
f 3676 3675 3670 3669 
f 3672 3671 3668 3667 
f 3303 3721 3646 3722 
f 3723 3724 3656 3655 
f 3725 3726 3727 3687 
f 3728 3729 3730 3731 
f 3677 3732 3733 3734 
f 3720 3735 3736 3737 
f 3725 3738 3739 3740 
f 3713 3648 3741 3742 
f 3304 3645 3743 1664 
f 3744 3728 3731 3745 
f 3746 3747 3638 3743 
f 3748 3603 3741 3749 
f 3750 3751 3752 3753 
f 3754 3755 3756 3757 
f 3758 3759 3747 3746 
f 3760 3761 3762 3763 
f 3764 3765 3766 3767 
f 3734 3768 3769 3770 
f 3771 3748 3749 3772 
f 3305 3771 3772 3773 
f 3774 3775 3776 3777 
f 3778 3779 3780 3781 
f 3782 3783 3784 3785 
f 3786 3787 3788 3789 
f 3790 3791 3792 3793 
f 3602 3794 3795 3742 
f 3796 3797 3798 3799 
f 3737 3595 3765 3764 
f 3767 3766 3761 3760 
f 3763 3762 3759 3758 
f 3597 3800 3801 3740 
f 3802 3721 3803 3804 
f 3805 3689 3806 3807 
f 3808 3809 3810 3811 
f 3812 3813 3814 3815 
f 3816 3817 3802 3804 
f 3818 3819 3820 3821 
f 3822 3823 3824 3825 
f 3663 3826 3827 3828 
f 3829 3805 3807 3830 
f 3831 3829 3830 3832 
f 3833 3834 3835 3836 
f 3837 3838 3839 3840 
f 3841 3842 3843 3844 
f 3845 3846 3847 3848 
f 3849 3850 3851 3852 
f 3688 3853 3854 3855 
f 3856 3857 3858 3859 
f 3860 3680 3823 3822 
f 3825 3824 3819 3818 
f 3821 3820 3817 3816 
f 3684 3861 3862 3863 
f 3864 3865 3566 3866 
f 3867 3868 3869 3828 
f 3635 3870 3871 3860 
f 3863 3872 3873 3874 
f 3875 3562 3806 3855 
f 3876 3558 3803 3877 
f 3878 3879 3865 3864 
f 3731 3730 3572 3571 
f 3734 3733 3579 3768 
f 3737 3736 3596 3595 
f 3740 3739 3598 3597 
f 3742 3741 3603 3602 
f 1664 3743 3638 3300 
f 3745 3731 3571 3580 
f 3747 3880 3637 3638 
f 3748 3881 3604 3603 
f 3882 3883 3751 3750 
f 3755 3884 3885 3756 
f 3886 3880 3747 3759 
f 3887 3888 3762 3761 
f 3889 3890 3766 3765 
f 3768 3891 3892 3769 
f 3771 3893 3881 3748 
f 3001 3893 3771 3305 
f 3775 3894 3895 3776 
f 3896 3897 3779 3778 
f 3783 3898 3899 3784 
f 3900 3901 3787 3786 
f 3902 3903 3792 3791 
f 3601 3904 3794 3602 
f 3905 3906 3798 3797 
f 3595 3594 3889 3765 
f 3766 3890 3887 3761 
f 3762 3888 3886 3759 
f 3600 3907 3800 3597 
f 3746 3743 3645 3644 
f 3749 3741 3648 3647 
f 3753 3752 3652 3651 
f 3660 3754 3757 3661 
f 3668 3758 3746 3644 
f 3670 3760 3763 3671 
f 3674 3764 3767 3675 
f 3677 3734 3770 3678 
f 3772 3749 3647 3691 
f 3773 3772 3691 3302 
f 3694 3774 3777 3695 
f 3781 3780 3698 3697 
f 3702 3782 3785 3703 
f 3789 3788 3707 3706 
f 3790 3793 3710 3709 
f 3742 3795 3714 3713 
f 3717 3796 3799 3718 
f 3720 3737 3764 3674 
f 3675 3767 3760 3670 
f 3671 3763 3758 3668 
f 3740 3801 3726 3725 
f 3655 3658 3729 3728 
f 3666 3665 3732 3677 
f 3683 3682 3735 3720 
f 3687 3686 3738 3725 
f 3690 3649 3648 3713 
f 3722 3646 3645 3304 
f 3723 3655 3728 3744 
f 3656 3864 3866 3657 
f 3828 3869 3664 3663 
f 3860 3871 3681 3680 
f 3684 3863 3874 3685 
f 3855 3806 3689 3688 
f 3877 3803 3721 3303 
f 3724 3878 3864 3656 
f 3802 3643 3646 3721 
f 3650 3649 3689 3805 
f 3654 3653 3809 3808 
f 3813 3659 3662 3814 
f 3817 3667 3643 3802 
f 3819 3669 3672 3820 
f 3823 3673 3676 3824 
f 3666 3679 3826 3663 
f 3692 3650 3805 3829 
f 3301 3692 3829 3831 
f 3693 3696 3834 3833 
f 3700 3699 3838 3837 
f 3842 3701 3704 3843 
f 3846 3705 3708 3847 
f 3712 3711 3850 3849 
f 3690 3715 3853 3688 
f 3857 3716 3719 3858 
f 3683 3673 3823 3680 
f 3824 3676 3669 3819 
f 3820 3672 3667 3817 
f 3687 3727 3861 3684 
f 3557 3804 3803 3558 
f 3807 3806 3562 3561 
f 3811 3810 3908 3640 
f 3573 3812 3815 3574 
f 3581 3816 3804 3557 
f 3583 3818 3821 3584 
f 3587 3822 3825 3588 
f 3828 3827 3592 3867 
f 3830 3807 3561 3606 
f 3832 3830 3606 3298 
f 3836 3835 3609 3626 
f 3840 3839 3613 3628 
f 3632 3841 3844 3615 
f 3616 3845 3848 3619 
f 3852 3851 3625 3614 
f 3855 3854 3627 3875 
f 3610 3856 3859 3631 
f 3635 3860 3822 3587 
f 3588 3825 3818 3583 
f 3584 3821 3816 3581 
f 3863 3862 3909 3872 
f 3566 3865 3910 3567 
f 3868 3867 3911 3912 
f 3870 3635 3636 3913 
f 3915 3873 3872 3914 
f 3875 3916 3563 3562 
f 3876 3525 3559 3558 
f 3865 3879 3917 3910 
f 3937 3938 3936 
f 3939 3940 3941 3942 
f 3943 3942 3944 3945 
f 3946 3947 3940 3939 
f 3918 3919 3945 3944 
f 3957 3958 3926 3925 
f 3948 3936 3949 3950 
f 3951 3952 3953 3954 
f 3952 3955 3956 3953 
f 3921 3920 3972 3971 
f 3922 3921 3971 3962 
f 3923 3922 3962 3961 
f 3924 3923 3961 3960 
f 3960 3957 3925 3924 
f 3957 3956 3955 3958 
f 3949 3936 3938 3959 
f 3960 3961 3963 3964 
f 3961 3962 3965 3963 
f 3964 3963 3966 3967 
f 3963 3965 3968 3966 
f 3968 3969 3970 3966 
f 3962 3971 3973 3965 
f 3971 3972 3941 3973 
f 3972 3944 3942 3941 
f 3965 3973 3974 3968 
f 3973 3941 3940 3974 
f 3968 3974 3975 3969 
s 2
f 3977 3978 11257 11259 
f 3979 11263 11265 3980 
f 3987 3988 11269 11271 
f 11275 11277 3990 3989 
s 1
f 3948 3937 3936 
s 2
f 3988 3984 11281 11269 
f 3984 3985 11284 11281 
f 3985 3986 11287 11284 
f 3986 3992 11290 11287 
f 3992 3993 11293 11290 
f 3993 3990 11277 11293 
f 3979 3981 11296 11263 
f 3981 3982 11299 11296 
f 3982 3983 11302 11299 
f 3983 3991 11305 11302 
f 3991 3976 11308 11305 
f 3976 3977 11259 11308 
f 3996 11311 11313 3997 
s 1
f 3998 3999 4000 4001 
f 4002 4003 4004 4005 
f 4003 4006 4007 4004 
f 4006 4008 4009 4007 
f 4008 4010 4011 4009 
f 4010 4012 4013 4011 
f 4012 3994 3995 4013 
f 3929 3930 5279 4313 
f 3930 3931 5281 5279 
f 3931 3932 5282 5281 
f 3932 3933 5283 5282 
f 3933 3934 5292 5283 
f 3934 3935 5293 5292 
f 3935 3927 5270 5293 
f 3928 3927 3988 3987 
f 3927 3935 3984 3988 
f 3935 3934 3985 3984 
f 3934 3933 3986 3985 
f 3992 3986 3933 3932 
f 3993 3992 3932 3931 
f 3990 3993 3931 3930 
f 3989 3990 3930 3929 
f 4015 4014 4016 4017 
f 3919 3918 3979 3980 
f 3918 3920 3981 3979 
f 3920 3921 3982 3981 
f 3921 3922 3983 3982 
f 3991 3983 3922 3923 
f 3976 3991 3923 3924 
f 3977 3976 3924 3925 
f 3978 3977 3925 3926 
s 2
f 11317 11319 4017 4016 
s 1
f 4018 4019 4020 4021 
f 4022 4023 4024 4025 
f 4026 4027 4023 4022 
f 4028 4029 4027 4026 
f 4030 4031 4029 4028 
f 4032 4033 4031 4030 
f 4014 4015 4033 4032 
f 3996 3997 3995 3994 
s 2
f 4036 4037 11323 11325 
s 1
f 4038 4039 4035 4034 
f 4038 4040 4041 4039 
f 4040 4042 4043 4041 
f 4042 4044 4045 4043 
f 4044 4046 4047 4045 
f 4046 4048 4049 4047 
f 4048 4050 4051 4049 
f 4034 4035 4037 4036 
f 4052 4053 4055 4054 
f 4056 4054 4055 4057 
f 4058 4056 4057 4059 
f 4060 4058 4059 4061 
f 4062 4060 4061 4063 
f 4064 4062 4063 4065 
f 4066 4064 4065 4067 
s 2
f 4068 11329 11331 4069 
s 1
f 4053 4052 4068 4069 
s 2
f 4072 11335 11311 3996 
f 4073 3997 11313 11337 
s 1
f 3998 4074 4075 3999 
f 4076 4077 4000 4005 
f 4078 4079 4003 4002 
f 4080 4076 4005 4004 
f 4079 4081 4006 4003 
f 4082 4080 4004 4007 
f 4081 4083 4008 4006 
f 4084 4082 4007 4009 
f 4083 4085 4010 4008 
f 4086 4084 4009 4011 
f 4085 4087 4012 4010 
f 4088 4086 4011 4013 
f 4087 4070 3994 4012 
f 4088 4013 3995 4071 
f 3997 4073 4071 3995 
f 4072 3996 3994 4070 
s 2
f 3306 4036 11325 11227 
f 4091 11341 11323 4037 
s 1
f 4034 4089 4092 4038 
f 4039 4093 4090 4035 
f 4092 3134 4040 4038 
f 4094 4093 4039 4041 
f 3134 3307 4042 4040 
f 4095 4094 4041 4043 
f 3307 3308 4044 4042 
f 4096 4095 4043 4045 
f 3308 4097 4046 4044 
f 4098 4096 4045 4047 
f 4097 4099 4048 4046 
f 4100 4098 4047 4049 
f 4099 1905 4050 4048 
f 4101 4100 4049 4051 
f 4089 4034 4036 3306 
f 4091 4037 4035 4090 
f 4054 4104 4102 4052 
f 4053 4103 4105 4055 
f 4106 4104 4054 4056 
f 4105 4107 4057 4055 
f 4108 4106 4056 4058 
f 4107 4109 4059 4057 
f 4110 4108 4058 4060 
f 4109 4111 4061 4059 
f 4112 4110 4060 4062 
f 4111 4113 4063 4061 
f 4114 4112 4062 4064 
f 4113 4115 4065 4063 
f 3135 4114 4064 4066 
f 4115 4116 4067 4065 
s 2
f 3309 11232 11329 4068 
f 4117 4069 11331 11343 
s 1
f 4052 4102 3309 4068 
f 4069 4117 4103 4053 
f 4119 4016 4014 4118 
s 2
f 4119 11347 11317 4016 
s 1
f 4020 4120 4121 4021 
f 4122 4123 4022 4025 
f 4123 4124 4026 4022 
f 4124 4125 4028 4026 
f 4125 4126 4030 4028 
f 4126 4127 4032 4030 
f 4127 4118 4014 4032 
f 4129 4130 4128 
f 4132 4133 4131 
f 4133 4135 4134 
f 4136 4137 3310 
f 4137 4138 3310 
f 3310 4138 4131 
f 4138 4132 4131 
f 4140 4141 4139 
f 4143 4144 4142 
f 4146 4147 4145 
f 4149 4147 4148 
f 4151 4147 4150 
f 4147 4152 4140 4139 
f 4153 4143 4142 
f 4154 4144 4143 
f 4131 4133 4134 
f 4135 4155 4134 
f 4156 4157 4158 4159 
f 4160 4161 4162 4163 
f 4129 4165 4164 
f 4166 4167 4168 4169 
f 4169 4165 4166 
f 4171 4172 4170 
f 4173 4174 4170 
f 4175 4176 4163 
f 4166 4177 4178 4167 
f 4179 4177 4166 
f 4128 4130 4180 
f 4164 4130 4129 
f 4166 4165 4129 
f 3596 3756 3885 3593 
f 3755 3769 3892 3884 
f 3579 3578 3891 3768 
f 4181 4182 3569 3572 
f 4183 4184 3882 3750 
f 3787 3901 4185 4186 
f 3786 3784 3899 3900 
f 3798 3906 3898 3783 
f 3776 3895 3905 3797 
f 3792 3903 3894 3775 
f 3791 3779 3897 3902 
f 3794 3904 3896 3778 
f 4066 4187 4188 3135 
f 4067 4189 4187 4066 
f 4067 4116 4190 4189 
f 3937 4121 4120 4191 
f 4192 4193 4194 4195 
f 4101 4196 4197 4198 
f 4050 4199 4200 4051 
f 1905 4201 4199 4050 
f 4138 4137 4202 4203 
f 4132 4138 4203 4204 
f 4133 4132 4204 4205 
f 4135 4133 4205 4206 
f 4155 4135 4206 4207 
f 4208 4144 4155 4207 
f 4209 4142 4144 4208 
f 4145 4142 4209 4210 
f 4211 4148 4146 4212 
f 4213 4150 4149 4214 
f 4152 4151 4215 4216 
f 4140 4152 4216 4217 
f 4141 4140 4217 4218 
f 4158 4157 4219 4220 
f 4162 4161 4221 4222 
f 4176 4175 4223 4224 
f 4225 4226 4227 4228 
f 4229 4230 4231 4232 
f 4233 4172 4171 4234 
f 4235 4174 4173 4236 
f 4237 4177 4238 4239 
f 4240 4167 4178 4241 
f 4242 4169 4168 4243 
f 4165 4169 4242 4244 
f 4164 4165 4244 4245 
f 4130 4164 4245 4246 
f 4180 4130 4246 2030 
f 4137 4136 4247 4202 
f 4129 4128 4188 4187 
f 4166 4129 4187 4189 
f 4170 4179 4190 4191 
f 4020 4163 4248 4120 
f 4159 4249 4250 4194 
f 4139 4251 4074 3998 
f 4147 4139 3998 4001 
f 4143 4153 4252 4197 
f 4200 4134 4154 4196 
f 4131 4134 4200 4199 
f 3310 4131 4199 4201 
f 4186 4185 3599 3598 
f 3626 3609 3608 3623 
f 3628 3613 3612 3629 
f 3633 3632 3615 3618 
f 3617 3616 3619 3622 
f 3614 3625 3624 3611 
f 3630 3916 3875 3627 
f 3607 3610 3631 3634 
f 4253 4254 3686 3685 
f 3695 3717 3716 3696 
f 3698 3709 3712 3699 
f 3703 3706 3705 3704 
f 3707 4255 4254 3708 
f 3710 3694 3693 3711 
f 3714 3697 3700 3715 
f 3718 3702 3701 3719 
f 4255 4256 3739 3738 
f 3776 3797 3796 3777 
f 3779 3791 3790 3780 
f 3784 3786 3789 3785 
f 3787 4186 4256 3788 
f 3775 3774 3793 3792 
f 3794 3778 3781 3795 
f 3798 3783 3782 3799 
f 3834 3857 3856 3835 
f 3838 3849 3852 3839 
f 3846 3845 3844 3843 
f 4253 4257 3848 3847 
f 3850 3833 3836 3851 
f 3853 3837 3840 3854 
f 3842 3841 3859 3858 
f 3620 4257 3874 3873 
f 4256 4186 3598 3739 
f 3777 3796 3717 3695 
f 3780 3790 3709 3698 
f 3785 3789 3706 3703 
f 3788 4256 4255 3707 
f 3793 3774 3694 3710 
f 3795 3781 3697 3714 
f 3799 3782 3702 3718 
f 4254 4255 3738 3686 
f 4257 4253 3685 3874 
f 3696 3716 3857 3834 
f 3699 3712 3849 3838 
f 3705 3846 3843 3704 
f 3708 4254 4253 3847 
f 3711 3693 3833 3850 
f 3715 3700 3837 3853 
f 3701 3842 3858 3719 
f 3835 3856 3610 3609 
f 3839 3852 3614 3613 
f 3845 3616 3615 3844 
f 4257 3620 3619 3848 
f 3851 3836 3626 3625 
f 3854 3840 3628 3627 
f 3841 3632 3631 3859 
f 3621 3620 3873 3915 
f 4175 4162 4222 4223 
f 4227 4176 4224 4228 
f 4226 4225 4232 4231 
f 4230 4229 4234 4171 
f 4173 4172 4233 4236 
f 4238 4174 4235 4239 
f 4178 4177 4237 4241 
f 4167 4240 4243 4168 
f 4176 4227 4163 
f 4162 4175 4163 
f 4248 4171 4170 
f 4172 4173 4170 
f 3980 4119 4118 3919 
s 2
f 3980 11265 11347 4119 
s 1
f 4258 4259 4123 4122 
f 4259 4260 4124 4123 
f 4260 4261 4125 4124 
f 4261 3943 4126 4125 
f 3943 3945 4127 4126 
f 3945 3919 4118 4127 
f 4170 4191 4120 4248 
f 4103 3926 3958 4105 
f 3958 3955 4107 4105 
f 3955 3952 4109 4107 
f 3952 3951 4111 4109 
f 3951 4262 4113 4111 
f 4262 4263 4115 4113 
f 4263 3937 4116 4115 
s 2
f 3978 4117 11343 11257 
s 1
f 4117 3978 3926 4103 
f 4116 3937 4191 4190 
f 4179 4166 4189 4190 
f 4230 4171 4248 
f 4163 4227 4226 4248 
f 4226 4231 4248 
f 4231 4230 4248 
f 4238 4177 4179 
f 4179 4170 4174 4238 
f 3575 3574 3870 3913 
f 3867 3592 3591 3911 
f 3661 3735 3682 3662 
f 3724 3723 3665 3664 
f 3678 3660 3659 3679 
f 3744 3745 3733 3732 
f 3756 3596 3736 3757 
f 3769 3755 3754 3770 
f 3814 3681 3871 3815 
f 3826 3813 3812 3827 
f 3868 3879 3878 3869 
f 3745 3580 3579 3733 
f 3757 3736 3735 3661 
f 3770 3754 3660 3678 
f 3723 3744 3732 3665 
f 3878 3724 3664 3869 
f 3662 3682 3681 3814 
f 3679 3659 3813 3826 
f 3815 3871 3870 3574 
f 3827 3812 3573 3592 
f 3879 3868 3912 3917 
f 4146 4145 4210 4212 
f 4149 4148 4211 4214 
f 4151 4150 4213 4215 
f 4266 4267 4264 4265 
f 4268 4269 4270 4271 
f 4183 4272 4273 4274 
f 4275 4276 4277 4278 
f 4184 4183 4274 4279 
f 4272 4268 4271 4273 
f 4269 4275 4278 4270 
f 4276 3639 4265 4277 
f 4280 4281 4283 4282 
s 2
f 4282 4283 11350 11352 
s 1
f 4284 4285 4286 4287 
f 4288 4284 4287 4289 
f 4290 4288 4289 4291 
f 4292 4290 4291 4293 
f 4294 4292 4293 4295 
f 4296 4294 4295 4297 
f 4296 4297 4281 4280 
f 4249 4298 4299 4300 
f 4301 4302 4279 4274 
f 4298 4303 4304 4299 
f 4305 4306 4307 4300 
s 2
f 3989 4073 11337 11275 
s 1
f 4308 4198 4077 4076 
f 4309 4308 4076 4080 
f 4310 4309 4080 4082 
f 4311 4310 4082 4084 
f 4312 4311 4084 4086 
f 4313 4312 4086 4088 
f 4313 4088 4071 3929 
f 4073 3989 3929 4071 
s 2
f 3987 11271 11341 4091 
s 1
f 4093 4314 3928 4090 
f 4315 4314 4093 4094 
f 4316 4315 4094 4095 
f 4317 4316 4095 4096 
f 4318 4317 4096 4098 
f 4319 4318 4098 4100 
f 4198 4319 4100 4101 
f 3987 4091 4090 3928 
f 4051 4200 4196 4101 
f 4153 4147 4001 4252 
f 4143 4197 4196 4154 
f 4147 4153 4145 
f 4145 4153 4142 
f 4155 4144 4154 
f 4134 4155 4154 
f 4148 4147 4146 
f 4150 4147 4149 
f 4152 4147 4151 
f 4322 4323 4320 4321 
f 4326 4327 4324 4325 
f 4330 4331 4328 4329 
f 4334 4332 2468 4333 
f 4323 4336 4335 4320 
f 4327 4322 4321 4324 
f 4331 4326 4325 4328 
f 4333 4330 4329 4334 
f 4337 4338 4339 4340 
f 4341 4342 4343 4344 
f 4345 4346 4347 4348 
f 4349 4350 4351 4352 
f 4338 4353 4354 4339 
f 4343 4342 4337 4340 
f 4347 4346 4341 4344 
f 4351 4350 4345 4348 
f 4355 4356 4357 4358 
f 4359 4360 4361 4362 
f 4363 4364 4365 4366 
f 3311 4367 4368 4369 
f 4356 4370 4371 4357 
f 4360 4355 4358 4361 
f 4364 4359 4362 4365 
f 4367 4363 4366 4368 
f 4372 4373 4374 4375 
f 4376 4377 4378 4379 
f 4380 4381 4382 4383 
f 3136 4384 4385 3312 
f 4373 4386 4387 4374 
f 4377 4372 4375 4378 
f 4381 4376 4379 4382 
f 4384 4380 4383 4385 
f 4388 4358 4357 4389 
f 4390 4362 4361 4391 
f 4392 4366 4365 4393 
f 4394 4369 4368 4395 
f 4389 4357 4371 4396 
f 4361 4358 4388 4391 
f 4365 4362 4390 4393 
f 4368 4366 4392 4395 
f 4375 4374 4338 4337 
f 4379 4378 4342 4341 
f 4383 4382 4346 4345 
f 3312 4385 4350 4349 
f 4374 4387 4353 4338 
f 4378 4375 4337 4342 
f 4382 4379 4341 4346 
f 4385 4383 4345 4350 
f 4355 4340 4339 4356 
f 4359 4344 4343 4360 
f 4363 4348 4347 4364 
f 3311 4352 4351 4367 
f 4356 4339 4354 4370 
f 4343 4340 4355 4360 
f 4347 4344 4359 4364 
f 4351 4348 4363 4367 
f 4373 4372 4397 4398 
f 4400 4377 4376 4399 
f 4380 4401 4402 4381 
f 3136 4403 4404 4384 
f 4386 4373 4405 4406 
f 4372 4377 4400 4397 
f 4402 4399 4376 4381 
f 4404 4401 4380 4384 
f 4407 4408 4400 4399 
f 4402 4401 4409 4410 
f 4404 4403 3137 4411 
f 4402 4410 4407 4399 
f 4404 4411 4409 4401 
f 4412 4413 4408 4407 
f 4414 4415 4410 4409 
f 3313 4416 4411 3137 
f 4415 4412 4407 4410 
f 4416 4414 4409 4411 
f 4417 4418 4419 4420 
f 4421 4422 4423 4424 
f 4426 4427 4425 
f 4427 4429 4428 
f 4430 4431 4432 4433 
f 4436 4437 4434 4435 
f 4430 4433 4438 4439 
f 4443 4440 4441 4442 
f 4445 4442 4441 4444 
f 4439 4438 4422 4421 
f 4447 4445 4444 4446 
f 4446 4449 4448 4447 
f 4452 4453 4450 4451 
f 4424 4423 4454 4455 
f 4449 4457 4456 4448 
f 4459 4456 4457 4458 
f 4460 4461 4462 4463 
f 4463 4464 4465 4460 
f 4466 4467 4468 4469 
f 4465 4464 4470 
f 4471 4472 4473 4474 
f 4478 4475 4476 4477 
f 4481 4482 4479 4480 
f 4483 4484 4485 4486 
f 4487 4479 4482 
f 4487 4484 4483 
f 4488 4370 4354 4489 
f 4490 4488 4489 4491 
f 4492 4490 4491 4493 
f 4494 4336 4396 4495 
f 4495 4396 4371 4496 
f 4496 4371 4370 4488 
f 4498 4386 4406 4497 
f 4386 4498 4499 4387 
f 4387 4499 4500 4353 
f 4353 4500 4489 4354 
f 4501 4494 4495 4502 
f 4502 4495 4496 4503 
f 4503 4496 4488 4490 
f 4505 4498 4497 4504 
f 4498 4505 4506 4499 
f 4499 4506 4507 4500 
f 4500 4507 4491 4489 
f 4508 4509 4502 4503 
f 4508 4503 4490 4492 
f 4511 4505 4504 4510 
f 4505 4511 4512 4506 
f 4506 4512 4513 4507 
f 4507 4513 4493 4491 
f 4502 4509 4514 4515 
f 4431 4420 4419 4432 
f 4443 4436 4435 4440 
f 4461 4466 4469 4462 
f 4516 4517 4518 4519 
f 4517 4492 4493 4518 
f 4520 4521 4522 4523 
f 4523 4522 4524 4525 
f 4525 4524 4517 4516 
f 4528 4529 4526 4527 
f 4529 4528 4530 4531 
f 4531 4530 4532 4533 
f 4533 4532 4519 4518 
f 4521 4514 4509 4522 
f 4522 4509 4508 4524 
f 4517 4524 4508 4492 
f 4529 4511 4510 4526 
f 4511 4529 4531 4512 
f 4512 4531 4533 4513 
f 4513 4533 4518 4493 
f 4475 4534 4535 4536 
f 4537 4538 4539 4540 
f 4541 4542 4543 4544 
f 4471 4545 4546 4547 
f 4544 4543 4548 4549 
f 4550 4551 4552 4553 
f 4551 4554 4555 4552 
f 4554 4556 4557 4555 
f 4557 4556 4558 4559 
f 4560 4454 4561 4562 
f 4538 4451 4561 4539 
f 4558 4563 4564 4559 
f 4564 4563 4565 4566 
f 4567 4568 4569 4547 
f 4570 4571 4572 4536 
f 4573 4574 4575 4576 
f 4577 4578 4579 4580 
f 4548 4537 4540 4549 
f 4581 4582 4542 4541 
f 4583 4550 4553 4584 
f 4427 4586 4585 
f 4427 4588 4587 
f 4577 4580 4487 
f 4573 4576 4487 
f 4566 4565 4426 4425 
f 4589 4590 4560 4429 
f 4459 4458 4585 4586 
f 4428 4562 4450 4588 
f 4591 4592 4593 4594 
f 4595 4596 4597 4598 
f 4599 4591 4594 4600 
f 4596 4599 4600 4597 
f 4603 4604 4601 4602 
f 4607 4608 4605 4606 
f 4609 4610 4592 4591 
f 4612 4611 4603 4602 
f 4613 4614 4594 4593 
f 4617 4618 4615 4616 
f 4621 4622 4619 4620 
f 4623 4624 4596 4595 
f 4625 4413 4598 4597 
f 4608 4627 4626 4605 
f 4628 4609 4591 4599 
f 4614 4629 4600 4594 
f 4627 4621 4620 4626 
f 4624 4628 4599 4596 
f 4631 4617 4616 4630 
f 4629 4625 4597 4600 
f 4632 4633 4631 4630 
f 4474 4570 4418 4417 
f 4437 4634 4567 4434 
f 4635 4468 4467 
f 4575 4574 4472 4569 
f 4579 4578 4476 4572 
f 4636 4637 4582 4534 
f 4638 4583 4545 4639 
f 4481 4480 4568 4640 
f 4473 4486 4485 4571 
f 4589 4427 4426 
f 4547 4569 4472 4471 
f 4474 4639 4545 4471 
f 4641 4642 4551 4550 
f 4642 4643 4554 4551 
f 4643 4421 4556 4554 
f 4556 4421 4424 4558 
f 4558 4424 4455 4563 
f 4563 4455 4590 4565 
f 4483 4486 4574 4573 
f 4638 4641 4550 4583 
f 4565 4590 4589 4426 
f 4486 4473 4472 4574 
f 4584 4546 4545 4583 
f 4546 4584 4435 4434 
f 4440 4553 4552 4441 
f 4552 4555 4444 4441 
f 4444 4555 4557 4446 
f 4557 4559 4449 4446 
f 4449 4559 4564 4457 
f 4457 4564 4566 4458 
f 4576 4575 4480 4479 
f 4584 4553 4440 4435 
f 4567 4634 4640 4568 
f 4425 4427 4585 
f 4458 4566 4425 4585 
f 4547 4546 4434 4567 
f 4575 4569 4568 4480 
f 4535 4581 4419 4418 
f 4541 4544 4433 4432 
f 4433 4544 4549 4438 
f 4580 4579 4485 4484 
f 4581 4541 4432 4419 
f 4474 4473 4571 4570 
f 4536 4535 4418 4570 
f 4579 4572 4571 4485 
f 4562 4561 4451 4450 
f 4536 4572 4476 4475 
f 4475 4478 4636 4534 
f 4538 4537 4644 4645 
f 4543 4542 4646 4647 
f 4548 4543 4647 4648 
f 4451 4538 4645 4452 
f 4577 4649 4650 4578 
f 4537 4548 4648 4644 
f 4542 4582 4637 4646 
f 4428 4588 4427 
f 4588 4450 4453 4587 
f 4578 4650 4477 4476 
f 4581 4535 4534 4582 
f 4422 4540 4539 4423 
f 4589 4429 4427 
f 4423 4539 4561 4454 
f 4590 4455 4454 4560 
f 4562 4428 4429 4560 
f 4576 4479 4487 
f 4580 4484 4487 
f 4649 4577 4487 
f 4483 4573 4487 
f 4614 4613 4612 4602 
f 4633 4625 4631 
f 4629 4614 4618 4617 
f 4617 4631 4625 4629 
f 4271 4270 4651 4652 
f 4274 4273 4653 4301 
f 4278 4277 4654 4655 
f 4273 4271 4652 4653 
f 4270 4278 4655 4651 
f 4277 4265 4264 4654 
f 4281 4656 4657 4283 
s 2
f 4283 4657 11356 11350 
s 1
f 4287 4286 4658 4659 
f 4289 4287 4659 4660 
f 4291 4289 4660 4661 
f 4293 4291 4661 4662 
f 4295 4293 4662 4663 
f 4297 4295 4663 4664 
f 4297 4664 4656 4281 
f 4300 4299 4665 4305 
f 4299 4304 4666 4665 
f 4267 4667 3909 4264 
f 4160 4019 4306 4305 
f 11687 4668 4669 4670 
f 4669 4671 4672 4670 
f 4671 4673 4674 4672 
f 4674 4673 4675 4676 
f 4679 4680 4677 4678 
f 4683 4684 4681 4682 
f 4687 4688 4685 4686 
f 4692 4689 4690 4691 
f 4690 4694 4693 4680 
f 4684 4687 4695 4696 
f 4698 4697 4688 4676 
f 4691 4683 4699 4700 
f 4704 4701 4702 4703 
f 4677 4680 4693 
f 4681 4684 4696 
f 4685 4688 4697 
f 4692 4691 4700 
f 4694 4690 4689 
f 4695 4687 4686 
f 4698 4676 4675 
f 4699 4683 4682 
f 4708 4705 4706 4707 
f 4710 4704 4703 4709 
f 4679 4678 4711 4712 
f 4388 4389 4323 4322 
f 4390 4391 4327 4326 
f 4392 4393 4331 4330 
f 4394 4395 4333 2468 
f 4389 4396 4336 4323 
f 4391 4388 4322 4327 
f 4393 4390 4326 4331 
f 4395 4392 4330 4333 
f 4336 4494 4713 4335 
f 4514 4714 4715 4515 
f 4494 4501 4716 4717 
f 4717 4713 4494 
f 4718 4719 4501 
f 4719 4716 4501 
f 4521 4520 4720 4721 
f 4514 4521 4721 4714 
f 4722 4723 4724 4725 
f 4726 4727 4728 4729 
f 4730 4731 4732 4733 
f 4726 4734 4735 4727 
f 4736 4737 4738 4739 
f 4740 4741 4742 4743 
f 4743 4742 4744 4745 
f 4746 4747 4748 4749 
f 4749 4748 4750 4751 
f 4751 4750 4752 4753 
f 3314 2572 4722 4725 
f 4754 4755 4756 4757 
f 4758 4759 4756 4755 
f 4753 4752 4759 4758 
f 4760 4761 4762 4763 
f 4764 4765 4766 4767 
f 4768 4769 4770 4771 
f 4761 4764 4767 4762 
f 4765 4772 4773 4766 
f 4760 4763 4769 4768 
f 4771 4770 4774 4775 
f 4776 4777 4778 4779 
f 4780 4781 4782 4783 
f 4784 4785 4786 4787 
f 4788 4789 4790 4791 
f 4792 4793 4782 4784 
f 4794 4795 4796 4797 
f 4798 4799 4800 4801 
f 4799 4802 4803 4800 
f 4804 4805 4806 4807 
f 4807 4806 4808 4809 
f 4810 4776 4779 4811 
f 4812 4813 4814 4815 
f 4816 4813 4812 4817 
f 4818 4819 4816 4817 
f 4809 4808 4819 4818 
f 4820 4821 4822 4823 
f 4824 4825 4826 4827 
f 4828 4829 4830 4831 
f 4825 4820 4823 4826 
f 4832 4824 4827 4797 
f 4822 4821 4829 4828 
f 4831 4830 4833 4787 
f 4834 4835 4793 4836 
f 4837 4792 4833 4838 
f 4839 4840 4841 4842 
f 4832 4843 4844 4845 
f 4846 4847 4848 4849 
f 4847 4850 4851 4848 
f 4852 4853 4854 4855 
f 4855 4854 4856 4857 
f 4858 4859 4860 4861 
f 4862 4859 4858 4863 
f 4864 4865 4862 4863 
f 4857 4856 4865 4864 
f 4866 4867 4868 4869 
f 4730 4728 4836 4837 
f 4870 4866 4869 3315 
f 4871 4872 4873 4874 
f 4875 4876 4877 4878 
f 4879 4880 4881 4882 
f 4876 4871 4874 4877 
f 4883 4875 4878 4845 
f 4872 4880 4879 4873 
f 4882 4881 4731 4838 
f 4884 4885 4886 4887 
f 4785 4781 4888 4889 
f 4890 4884 4887 4891 
f 4892 4893 4894 4895 
f 4896 4897 4898 4899 
f 4900 4901 4902 4903 
f 4897 4892 4895 4898 
f 4794 4896 4899 4904 
f 4894 4893 4901 4900 
f 4903 4902 4786 4905 
f 4906 4738 4888 4907 
f 4889 4737 4774 4905 
f 3316 3317 4908 4909 
f 4773 4910 4911 4904 
f 4912 4913 4914 4915 
f 4913 4916 4917 4914 
f 4918 4919 4920 4921 
f 4921 4920 4922 4923 
f 4924 4925 4926 4927 
f 4928 4924 4927 4929 
f 4930 4931 4928 4929 
f 4923 4922 4931 4930 
f 4887 4886 4723 4722 
f 4727 4834 4836 4728 
f 4730 4837 4838 4731 
f 4842 4841 4735 3318 
f 4889 4888 4738 4737 
f 4845 4844 4741 4883 
f 4742 4849 4848 4744 
f 4848 4851 4932 4744 
f 4748 4852 4855 4750 
f 4750 4855 4857 4752 
f 4891 4887 4722 2572 
f 4757 4858 4861 4933 
f 4863 4858 4757 4756 
f 4759 4864 4863 4756 
f 4752 4857 4864 4759 
f 4895 4894 4763 4762 
f 4899 4898 4767 4766 
f 4769 4900 4903 4770 
f 4898 4895 4762 4767 
f 4904 4899 4766 4773 
f 4763 4894 4900 4769 
f 4770 4903 4905 4774 
f 4869 4868 4777 4776 
f 4907 4888 4781 4780 
f 4785 4889 4905 4786 
f 4789 3316 4909 4790 
f 4837 4836 4793 4792 
f 4904 4911 4795 4794 
f 4915 4914 4799 4798 
f 4914 4917 4802 4799 
f 4805 4918 4921 4806 
f 4806 4921 4923 4808 
f 3315 4869 4776 4810 
f 4813 4927 4926 4814 
f 4929 4927 4813 4816 
f 4819 4930 4929 4816 
f 4808 4923 4930 4819 
f 4874 4873 4821 4820 
f 4878 4877 4825 4824 
f 4829 4879 4882 4830 
f 4877 4874 4820 4825 
f 4845 4878 4824 4832 
f 4873 4879 4829 4821 
f 4830 4882 4838 4833 
f 4835 4783 4782 4793 
f 4792 4784 4787 4833 
f 4839 4788 4791 4840 
f 4797 4796 4843 4832 
f 4846 4801 4800 4847 
f 4800 4803 4850 4847 
f 4853 4804 4807 4854 
f 4854 4807 4809 4856 
f 4859 4812 4815 4860 
f 4817 4812 4859 4862 
f 4865 4818 4817 4862 
f 4856 4809 4818 4865 
f 4934 4935 4867 4866 
f 4733 4729 4728 4730 
f 3138 4934 4866 4870 
f 4936 4937 4872 4871 
f 4938 4939 4876 4875 
f 4940 4941 4881 4880 
f 4939 4936 4871 4876 
f 4942 4938 4875 4883 
f 4937 4940 4880 4872 
f 4941 4732 4731 4881 
f 4779 4778 4885 4884 
f 4784 4782 4781 4785 
f 4811 4779 4884 4890 
f 4823 4822 4893 4892 
f 4827 4826 4897 4896 
f 4901 4828 4831 4902 
f 4826 4823 4892 4897 
f 4797 4827 4896 4794 
f 4822 4828 4901 4893 
f 4902 4831 4787 4786 
f 4943 4739 4738 4906 
f 4737 4736 4775 4774 
f 3317 4944 4945 4908 
f 4772 4946 4910 4773 
f 4912 4947 4948 4913 
f 4948 4949 4916 4913 
f 4919 4606 4605 4920 
f 4920 4605 4626 4922 
f 4950 4951 4925 4924 
f 4928 4619 4950 4924 
f 4931 4620 4619 4928 
f 4922 4626 4620 4931 
f 4754 4757 4933 4952 
f 4925 4951 4724 4723 
f 4860 4815 4778 4777 
f 4867 4933 4861 4868 
f 4885 4814 4926 4886 
f 4886 4926 4925 4723 
f 4868 4861 4860 4777 
f 4952 4933 4867 4935 
f 4815 4814 4885 4778 
f 4953 4954 3319 4955 
f 4595 4956 4957 4623 
f 4956 4958 4959 4957 
f 4958 4960 4961 4959 
f 4960 4953 4955 4961 
f 4416 3313 4962 4963 
f 4963 4962 4954 4953 
f 3414 3314 4725 4964 
f 4413 4412 4965 4598 
f 4598 4965 4956 4595 
f 4622 4966 4950 4619 
f 4412 4415 4967 4965 
f 4965 4967 4958 4956 
f 4966 4968 4951 4950 
f 4967 4415 4414 4969 
f 4967 4969 4960 4958 
f 4968 4970 4724 4951 
f 4414 4416 4963 4969 
f 4969 4963 4953 4960 
f 4970 4964 4725 4724 
f 4972 4670 4672 4971 
f 4973 4971 4672 4674 
f 4974 4973 4674 4676 
f 4976 4680 4679 4975 
f 4977 4978 4684 4683 
f 4979 4980 4688 4687 
f 4982 4691 4690 4981 
f 4981 4690 4680 4976 
f 4978 4979 4687 4684 
f 4980 4974 4676 4688 
f 4977 4683 4691 4982 
f 4975 4679 4712 4983 
f 4984 4985 4986 4987 
f 4987 4986 4988 4989 
f 4989 4988 4990 4991 
f 4990 4992 4993 4991 
f 4992 4994 4995 4993 
f 4994 4996 4997 4995 
f 4996 4998 4999 4997 
f 4998 5000 5001 4999 
f 5002 5003 5004 5005 
f 5006 5007 5008 5009 
f 5011 4984 4987 5010 
f 5005 5004 5012 5013 
f 5009 5008 5014 5015 
f 5010 4987 4989 5016 
f 5013 5012 5017 5018 
f 5015 5014 5019 5020 
f 5016 4989 4991 5021 
f 5017 5022 5023 5018 
f 5019 5024 5025 5020 
f 5028 5026 5027 5021 
f 5022 5029 5030 5023 
f 5024 5031 5032 5025 
f 5028 5034 5033 5026 
f 5029 5035 5036 5030 
f 5031 5037 5038 5032 
f 5034 5040 5039 5033 
f 5035 5041 5042 5036 
f 5037 5043 5044 5038 
f 5040 5046 5045 5039 
f 5041 5047 5048 5042 
f 5043 5049 5050 5044 
f 5046 5052 5051 5045 
f 5053 4709 4703 
f 5054 5055 4706 
f 3642 4266 4265 3639 
f 4300 4307 4250 4249 
f 3651 3654 4269 4268 
f 3750 3753 4272 4183 
f 3808 3811 4276 4275 
f 3753 3651 4268 4272 
f 3654 3808 4275 4269 
f 3811 3640 3639 4276 
f 5056 4280 4282 5057 
s 2
f 5057 4282 11352 11358 
s 1
f 5058 4195 4285 4284 
f 5059 5058 4284 4288 
f 5060 5059 4288 4290 
f 5061 5060 4290 4292 
f 5062 5061 4292 4294 
f 5063 5062 4294 4296 
f 5063 4296 4280 5056 
f 4159 4158 4298 4249 
f 4158 4220 4303 4298 
f 4701 4708 4707 4702 
f 5064 5065 3653 3652 
f 4181 5066 3752 3751 
f 5067 5068 3810 3809 
f 4182 4181 3751 3883 
f 5066 5064 3652 3752 
f 5065 5067 3809 3653 
f 5068 3565 3908 3810 
f 4251 5069 4157 4156 
f 4192 4075 4074 4193 
f 5069 5070 4219 4157 
f 5071 3641 3640 3908 
s 2
f 5057 11358 11361 5073 
s 1
f 5058 5059 5074 5075 
f 5059 5060 5076 5074 
f 5060 5061 5077 5076 
f 5061 5062 5078 5077 
f 5062 5063 5079 5078 
f 5063 5056 5072 5079 
f 5057 5073 5072 5056 
f 4159 4194 4193 4156 
f 4705 5080 5054 4706 
f 3568 5071 3908 3565 
s 2
f 5073 11361 11335 4072 
s 1
f 5075 5074 4079 4078 
f 5074 5076 4081 4079 
f 5076 5077 4083 4081 
f 5077 5078 4085 4083 
f 5078 5079 4087 4085 
f 5079 5072 4070 4087 
f 5073 4072 4070 5072 
f 4156 4193 4074 4251 
f 3729 3658 5065 5064 
f 3572 3730 5066 4181 
f 3657 3866 5068 5067 
f 3730 3729 5064 5066 
f 3658 3657 5067 5065 
f 3866 3566 3565 5068 
f 4139 4141 5069 4251 
f 4141 4218 5070 5069 
f 4520 5054 5080 4720 
f 5054 4520 4523 5055 
f 4707 4706 5081 5082 
f 4707 5082 4702 
f 4702 5083 5053 4703 
f 4528 5084 4530 
f 5087 5084 5085 5086 
f 5086 5088 5087 
f 4532 5089 4519 
f 5084 5087 5090 5089 
f 5091 5090 5087 
f 5083 5091 5088 
f 5092 5053 5083 
f 4516 5093 4525 
f 5089 5090 5081 5093 
f 5090 5091 5082 5081 
f 4702 5082 5091 5083 
f 4525 5093 5055 4523 
f 5093 5081 4706 5055 
f 4519 5089 5093 4516 
f 4530 5084 5089 4532 
f 5084 4528 4527 5085 
f 4398 4405 4373 
f 5094 5095 4984 5011 
f 5006 4985 5096 5097 
f 5002 5007 5098 5099 
f 5101 4946 4772 5100 
f 5104 5105 5102 5103 
f 5106 5107 5108 5109 
f 5110 5111 5112 5113 
f 5117 5114 5115 5116 
f 5107 5118 5119 5108 
f 5111 5120 5121 5112 
f 5123 5116 5115 5122 
f 5124 5125 5126 5127 
f 5128 5129 5130 5131 
f 5134 5135 5132 5133 
f 5126 5125 5136 5137 
f 5131 5130 5138 5139 
f 5141 5134 5133 5140 
f 5145 5142 5143 5144 
f 5147 5104 5146 
f 5148 5124 5118 5149 
f 5127 5129 5120 5119 
f 5128 5132 5122 5121 
f 5147 5148 5149 
f 5151 5152 5150 5125 
f 5153 5154 5155 5156 
f 5157 5158 5159 5160 
f 5161 5162 5163 5164 
f 5165 5166 5167 5168 
f 5162 5169 5155 5163 
f 5166 5157 5160 5167 
f 5158 5161 5164 5159 
f 5170 5165 5168 5171 
f 5160 5159 5172 5173 
f 5164 5163 5174 5175 
f 5168 5167 5176 5177 
f 5163 5155 5154 5174 
f 5167 5160 5173 5176 
f 5159 5164 5175 5172 
f 5171 5168 5177 5178 
f 5179 5180 5154 5153 
f 5173 5172 5181 5182 
f 5175 5174 5183 5184 
f 5177 5176 5185 5186 
f 5174 5154 5180 5183 
f 5176 5173 5182 5185 
f 5172 5175 5184 5181 
f 5178 5177 5186 5187 
f 5188 4932 5180 5179 
f 5182 5181 4803 4802 
f 5184 5183 4851 4850 
f 5186 5185 4917 4916 
f 5183 5180 4932 4851 
f 5185 5182 4802 4917 
f 5181 5184 4850 4803 
f 5187 5186 4916 4949 
f 4745 4744 4932 5188 
f 5189 5169 4747 4746 
f 4805 4804 5190 5191 
f 4853 4852 5192 5193 
f 4919 4918 5194 5195 
f 4852 4748 4747 5192 
f 4918 4805 5191 5194 
f 4804 4853 5193 5190 
f 4606 4919 5195 5196 
f 5191 5190 5158 5157 
f 5193 5192 5162 5161 
f 5195 5194 5166 5165 
f 5192 4747 5169 5162 
f 5194 5191 5157 5166 
f 5190 5193 5161 5158 
f 5196 5195 5165 5170 
f 5156 5155 5169 5189 
f 5197 5004 5003 5100 
f 5198 5012 5004 5197 
f 5199 5017 5012 5198 
f 5199 4761 4760 5200 
f 5200 4760 4768 5201 
f 5201 4768 4771 5202 
f 5202 4771 4775 5203 
f 5204 5203 4775 4736 
f 5003 5002 5099 5205 
f 5113 5112 5115 5114 
f 5112 5121 5122 5115 
f 5128 5131 5133 5132 
f 5131 5139 5140 5133 
f 5135 5187 4949 5123 
f 5007 5002 5005 5008 
f 5008 5005 5013 5014 
f 5014 5013 5018 5019 
f 5018 5023 5024 5019 
f 5023 5030 5031 5024 
f 5030 5036 5037 5031 
f 5036 5042 5043 5037 
f 5042 5048 5049 5043 
f 5007 5006 5097 5098 
f 5109 5108 5111 5110 
f 5108 5119 5120 5111 
f 5129 5127 5126 5130 
f 5130 5126 5137 5138 
f 5129 5128 5121 5120 
f 4985 5006 5009 4986 
f 4986 5009 5015 4988 
f 4988 5015 5020 4990 
f 5020 5025 4992 4990 
f 5025 5032 4994 4992 
f 5032 5038 4996 4994 
f 5038 5044 4998 4996 
f 5044 5050 5000 4998 
f 4985 4984 5095 5096 
f 5102 5105 5107 5106 
f 5107 5105 5149 5118 
f 5125 5124 5148 
f 5206 5136 5125 5150 
f 5124 5127 5119 5118 
f 5207 5208 5136 5206 
f 5141 5209 5170 5171 
f 5210 5140 5139 5211 
f 5211 5139 5138 5212 
f 5212 5138 5137 5213 
f 5137 5136 5208 5213 
f 4612 5215 5214 4611 
f 5215 4612 4613 5216 
f 5216 4613 4593 5217 
f 5217 4593 4592 5218 
f 5218 4592 4610 5219 
f 4607 5220 5219 4610 
f 5209 5220 5196 5170 
f 5219 5210 5211 5218 
f 5218 5211 5212 5217 
f 5217 5212 5213 5216 
f 5216 5213 5208 5215 
f 5207 5214 5215 5208 
f 4417 4420 4469 4468 
f 4420 4431 4462 4469 
f 4431 4430 4463 4462 
f 4430 4439 4464 4463 
f 4439 4421 4470 4464 
s 2
f 4421 4643 4465 4470 
f 4643 4642 4460 4465 
f 4642 4641 4461 4460 
f 4641 4638 4466 4461 
f 4638 4639 4467 4466 
f 4639 4474 4635 4467 
s 1
f 4474 4417 4468 4635 
f 5221 4709 5142 5145 
f 4438 4549 4540 4422 
f 5222 3318 4735 4734 
f 4780 4783 4791 4790 
f 4840 4835 4834 4841 
f 4906 4907 4909 4908 
f 4841 4834 4727 4735 
f 4907 4780 4790 4909 
f 4791 4783 4835 4840 
f 4943 4906 4908 4945 
f 5223 5224 4739 4943 
f 5225 5226 5227 5228 
f 5229 5230 5231 5232 
f 5235 5236 5233 5234 
f 5237 5238 5226 5225 
f 5228 5227 5230 5229 
f 5232 5231 5234 5233 
f 5239 4945 4944 3445 
f 5239 5223 4943 4945 
f 5204 5224 5237 5047 
f 5240 5241 5242 5243 
f 5226 5240 5243 5227 
f 5228 5049 5048 5225 
f 5244 5245 5246 5247 
f 5230 5244 5247 5231 
f 5232 5000 5050 5229 
f 5249 5235 5234 5248 
f 5052 5236 5250 5051 
f 5251 3320 5241 5240 
f 5238 5251 5240 5226 
f 5225 5048 5047 5237 
f 5243 5242 5245 5244 
f 5227 5243 5244 5230 
f 5229 5050 5049 5228 
f 5247 5246 11682 5248 
f 5231 5247 5248 5234 
f 5233 5001 5000 5232 
f 4652 4651 3727 3726 
f 4301 4653 3801 3800 
f 4655 4654 3862 3861 
f 3907 4302 4301 3800 
f 4653 4652 3726 3801 
f 4651 4655 3861 3727 
f 4654 4264 3909 3862 
f 4656 4015 4017 4657 
s 2
f 4657 4017 11319 11356 
s 1
f 4659 4658 4018 4024 
f 4660 4659 4024 4023 
f 4661 4660 4023 4027 
f 4662 4661 4027 4029 
f 4663 4662 4029 4031 
f 4664 4663 4031 4033 
f 4664 4033 4015 4656 
f 4305 4665 4161 4160 
f 4665 4666 4221 4161 
f 4667 3914 3872 3909 
f 4163 4020 4019 4160 
f 4711 4710 4709 4712 
f 4942 4883 4741 4740 
f 4798 4801 4796 4795 
f 4846 4849 4844 4843 
f 4912 4915 4911 4910 
f 4849 4742 4741 4844 
f 4915 4798 4795 4911 
f 4801 4846 4843 4796 
f 4947 4912 4910 4946 
f 4983 4712 4709 5221 
f 5094 5254 5253 5103 
f 5106 5109 5097 5096 
f 5110 5113 5099 5098 
f 5101 5205 5114 5117 
f 5113 5114 5205 5099 
f 5109 5110 5098 5097 
f 5102 5106 5096 5095 
f 4203 4202 3637 3880 
f 4204 4203 3880 3886 
f 4205 4204 3886 3888 
f 4206 4205 3888 3887 
f 4207 4206 3887 3890 
f 4208 4207 3890 3889 
f 4209 4208 3889 3594 
f 3593 4210 4209 3594 
f 3885 4212 4210 3593 
f 4214 4211 3884 3892 
f 3578 4215 4213 3891 
f 4217 4216 3577 3570 
f 4218 4217 3570 3569 
f 5070 4218 3569 4182 
f 4303 4220 3882 4184 
f 3599 4223 4222 3600 
f 4228 4224 4185 3901 
f 4232 4225 3900 3899 
f 4234 4229 3898 3906 
f 4236 4233 3905 3895 
f 3903 4239 4235 3894 
f 4241 4237 3902 3897 
f 4243 4240 3896 3904 
f 4244 4242 3601 3604 
f 4245 4244 3604 3881 
f 4246 4245 3881 3893 
f 2030 4246 3893 3001 
f 4202 4247 3299 3637 
f 4185 4224 4223 3599 
f 4225 4228 3901 3900 
f 4229 4232 3899 3898 
f 4233 4234 3906 3905 
f 3894 4235 4236 3895 
f 3902 4237 4239 3903 
f 4240 4241 3897 3896 
f 4242 4243 3904 3601 
f 4211 4212 3885 3884 
f 3891 4213 4214 3892 
f 3577 4216 4215 3578 
f 4666 4304 4279 4302 
f 4221 4666 4302 3907 
f 4304 4303 4184 4279 
f 4220 4219 3883 3882 
f 4219 5070 4182 3883 
f 4222 4221 3907 3600 
f 4252 4001 4000 4077 
f 4285 4250 4307 4286 
f 4197 4252 4077 4198 
f 4307 4306 4658 4286 
f 4195 4194 4250 4285 
f 4658 4306 4019 4018 
f 4002 4005 4000 3999 
f 4025 4024 4018 4021 
f 4078 4002 3999 4075 
f 4122 4025 4021 4121 
f 4258 4122 4121 3937 
f 5058 5075 4192 4195 
f 5075 4078 4075 4192 
f 5255 5256 5257 5258 
f 5255 3937 5256 
f 5259 3937 4263 
f 4263 4262 5260 5259 
f 3966 3970 5261 3967 
f 3959 3938 5262 5263 
f 3938 3937 5262 
f 3948 5256 3937 
f 5256 3948 3950 5257 
f 3974 3940 3947 3975 
f 3957 3960 3964 3956 
f 5262 3937 5259 
f 5260 4262 3951 3954 
f 3942 3943 4261 3939 
f 3939 4261 4260 3946 
f 3946 4260 4259 5258 
f 5255 5258 4259 4258 
f 4258 3937 5255 
f 3964 3967 3953 3956 
f 3967 5261 3954 3953 
f 5263 5262 5259 5260 
f 5260 3954 5261 5263 
f 5263 5261 3970 3959 
f 3959 3970 3969 3949 
f 3950 3949 3969 3975 
f 5257 3950 3975 3947 
f 5258 5257 3947 3946 
f 4198 5265 5264 
f 5266 5267 5268 5269 
f 4315 5269 5270 4314 
f 5271 5272 5267 5266 
f 3927 3928 4314 5270 
f 5273 5264 5274 5275 
f 4310 4311 5276 5277 
f 4311 4312 5278 5276 
f 5279 5278 4312 4313 
f 5274 5264 5265 5280 
f 5281 5282 5284 5285 
f 5282 5283 5286 5284 
f 5285 5284 5287 5288 
f 5284 5286 5289 5287 
f 5289 5290 5291 5287 
f 5283 5292 5294 5286 
f 5292 5293 5268 5294 
f 5293 5270 5269 5268 
f 5286 5294 5295 5289 
f 5294 5268 5267 5295 
f 5289 5295 5296 5290 
f 5273 4198 5264 
f 5297 5298 5299 5300 
f 5297 4198 5298 
f 5301 4198 4308 
f 4308 4309 5302 5301 
f 5287 5291 5303 5288 
f 5280 5265 5304 5305 
f 5265 4198 5304 
f 5273 5298 4198 
f 5298 5273 5275 5299 
f 5295 5267 5272 5296 
f 5279 5281 5285 5278 
f 5304 4198 5301 
f 5302 4309 4310 5277 
f 5269 4315 4316 5266 
f 5266 4316 4317 5271 
f 5271 4317 4318 5300 
f 5297 5300 4318 4319 
f 4319 4198 5297 
f 5285 5288 5276 5278 
f 5288 5303 5277 5276 
f 5305 5304 5301 5302 
f 5302 5277 5303 5305 
f 5305 5303 5291 5280 
f 5280 5291 5290 5274 
f 5275 5274 5290 5296 
f 5299 5275 5296 5272 
f 5300 5299 5272 5271 
f 5306 5307 5308 5309 
f 5310 5308 5307 5311 
f 5312 5310 5311 5313 
f 5312 5313 5314 5315 
f 5316 5317 5307 5306 
f 5311 5307 5317 5318 
f 5313 5311 5318 5319 
f 5314 5313 5319 3148 
f 5320 5321 5317 5316 
f 5318 5317 5321 5322 
f 5319 5318 5322 5323 
f 3148 5319 5323 5324 
f 5325 5326 5327 5328 
f 5329 5327 5326 5330 
f 5331 5329 5330 5332 
f 5333 5334 5326 5325 
f 5330 5326 5334 5335 
f 5332 5330 5335 5336 
f 5337 5338 5334 5333 
f 5335 5334 5338 5339 
f 5336 5335 5339 5340 
f 5341 5336 5340 5342 
f 5309 5308 5338 5337 
f 5339 5338 5308 5310 
f 5340 5339 5310 5312 
f 5342 5340 5312 5315 
f 5321 5320 5343 
f 5345 5323 5344 
f 5347 5322 5346 
f 5349 5321 5348 
f 5345 5350 5324 5323 
f 5347 5344 5323 5322 
f 5349 5346 5322 5321 
f 5348 5321 5351 
f 5351 5321 5352 
f 5352 5321 5343 
f 5418 5353 5354 
f 5418 5355 5353 
f 5418 5356 5355 
f 5418 5357 5356 
f 5418 5358 5357 
f 5418 5359 5358 
f 5418 5360 5359 
f 5418 5361 5360 
f 5418 5362 5361 
f 5418 5363 5362 
f 5418 5364 5363 
f 5418 5365 5364 
f 5418 5366 5365 
f 5418 5367 5366 
f 5369 5370 5371 5354 
f 5353 5372 5369 5354 
f 5355 5373 5372 5353 
f 5356 5374 5373 5355 
f 5357 5375 5374 5356 
f 5358 5376 5375 5357 
f 5359 5377 5376 5358 
f 5360 5378 5377 5359 
f 5379 5380 5377 5378 
f 5381 5382 5380 5379 
f 5377 5380 5383 5376 
f 5380 5382 5384 5383 
f 5376 5383 5385 5375 
f 5375 5385 5386 5374 
f 5383 5384 5387 5385 
f 5385 5387 5388 5386 
f 5374 5386 5389 5373 
f 5373 5389 5390 5372 
f 5386 5388 5391 5389 
f 5389 5391 5392 5390 
f 5372 5390 5393 5369 
f 5393 5394 5370 5369 
f 5390 5392 5395 5393 
f 5395 5396 5394 5393 
f 5361 5397 5378 5360 
f 5398 5399 5366 5367 
f 5399 5400 5365 5366 
f 5400 5401 5364 5365 
f 5401 5402 5363 5364 
f 5402 5403 5362 5363 
f 5403 5397 5361 5362 
f 5404 5379 5378 5397 
f 5404 5405 5381 5379 
f 5398 5406 5407 5399 
f 5406 5408 5409 5407 
f 5399 5407 5410 5400 
f 5400 5410 5411 5401 
f 5407 5409 5412 5410 
f 5410 5412 5413 5411 
f 5401 5411 5414 5402 
f 5402 5414 5415 5403 
f 5411 5413 5416 5414 
f 5414 5416 5417 5415 
f 5403 5415 5404 5397 
f 5415 5417 5405 5404 
f 5418 5354 5371 
f 5387 5384 5430 5431 
f 5388 5387 5431 5432 
f 5391 5388 5432 5433 
f 5392 5391 5433 5434 
f 5395 5392 5434 5435 
f 5382 5381 5436 5437 
f 5384 5382 5437 5430 
f 5412 5409 5438 5439 
f 5413 5412 5439 5440 
f 5417 5416 5441 5442 
f 5381 5405 5443 5436 
f 5416 5413 5440 5441 
f 3295 3322 5444 5408 
f 5409 5408 5444 5438 
f 5405 5417 5442 5443 
f 5419 5420 5421 5422 
f 5423 5424 5420 5419 
f 5420 5424 5425 
f 5420 5425 5426 5421 
f 5427 5422 5421 5428 
f 5429 5328 5327 5425 
f 5425 5327 5329 5426 
f 5435 3297 5396 5395 
f 5445 5446 5431 5430 
f 5431 5446 5447 5432 
f 5432 5447 5448 5433 
f 5433 5448 5449 5434 
f 5434 5449 5450 5435 
f 5450 3323 3297 5435 
f 5451 5452 5437 5436 
f 5452 5445 5430 5437 
f 5453 5454 5439 5438 
f 5454 5455 5440 5439 
f 5441 5456 5457 5442 
f 5443 5458 5451 5436 
f 5455 5456 5441 5440 
f 5460 5453 5438 5444 
f 5442 5457 5458 5443 
f 5459 5460 5444 3322 
f 5460 5461 5453 
f 5458 5462 5451 
f 5451 5462 5452 
f 5463 5450 5464 5465 
f 5459 5461 5460 
f 5445 5466 5446 
f 5462 5466 5445 
f 5446 5466 5447 
f 5447 5464 5448 
f 5448 5464 5449 
f 5466 5464 5447 
f 5449 5464 5450 
f 5452 5462 5445 
f 5421 5426 5462 5467 
f 5428 5421 5467 5468 
f 5469 5424 5423 
f 5470 5429 5425 5424 
f 5471 5424 5469 
f 5472 5424 5471 
f 5473 5424 5472 
f 5474 5424 5473 
f 5475 5424 5474 
f 5476 5424 5475 
f 5470 5424 5476 
f 4726 4729 5419 5422 
f 4729 4733 5423 5419 
f 4733 4732 5469 5423 
f 4732 4941 5471 5469 
f 4941 4940 5472 5471 
f 4940 4937 5473 5472 
f 4937 4936 5474 5473 
f 4936 4939 5475 5474 
f 4939 4938 5476 5475 
f 4938 4942 5470 5476 
f 4942 4740 5429 5470 
f 4740 4743 5328 5429 
f 4743 4745 5325 5328 
f 4745 5188 5333 5325 
f 5188 5179 5337 5333 
f 5179 5153 5309 5337 
f 5153 5156 5306 5309 
f 5156 5189 5316 5306 
f 5189 4746 5320 5316 
f 4746 4749 5343 5320 
f 4749 4751 5352 5343 
f 4751 4753 5351 5352 
f 4753 4758 5348 5351 
f 4758 4755 5349 5348 
f 4755 4754 5346 5349 
f 4754 4952 5347 5346 
f 4952 4935 5344 5347 
f 4935 4934 5345 5344 
f 3138 5350 5345 4934 
f 4734 4726 5422 5427 
f 5464 5331 3321 5465 
f 5457 5456 5467 
f 5426 5329 5466 5462 
f 5331 5464 5466 5329 
f 5458 5457 5462 
f 5457 5467 5462 
f 5456 5455 5467 
f 5455 5468 5467 
f 5455 5454 5468 
f 5454 5453 5468 
f 5468 5453 5461 
f 3321 5331 5332 5477 
f 5477 5332 5336 5341 
f 5398 5367 5368 5478 
f 5406 5398 5478 5479 
f 5408 5406 5479 3295 
f 5480 5427 5428 3296 
f 5450 5463 3323 
f 3296 5428 5468 5461 
f 5222 4734 5427 5480 
f 5482 5011 5010 5481 
f 5481 5010 5016 5483 
f 5483 5016 5021 5027 
f 5028 5021 4991 4993 
f 5034 5028 4993 4995 
f 5040 5034 4995 4997 
f 5046 5040 4997 4999 
f 5052 5046 4999 5001 
f 5254 5094 5011 5482 
f 5146 5104 5103 5253 
f 5105 5104 5147 5149 
f 5236 5235 5484 5250 
f 5235 5249 5252 5484 
f 5236 5052 5001 5233 
f 5095 5094 5103 5102 
f 5486 5485 5484 5252 
f 5485 5487 5250 5484 
f 5487 5488 5051 5250 
f 5481 5490 5489 5482 
f 5492 5491 5026 5033 
f 5494 5493 5039 5045 
f 5027 5496 5495 5483 
f 5483 5495 5490 5481 
f 5493 5492 5033 5039 
f 5488 5494 5045 5051 
f 5026 5491 5496 5027 
f 5482 5489 5497 5254 
f 5254 5497 5498 5253 
f 4587 4453 4398 4397 
f 4452 4645 4406 4405 
f 4427 4587 4397 4400 
f 4645 4644 4497 4406 
f 4644 4648 4504 4497 
f 4648 4647 4510 4504 
f 4646 4637 4527 4526 
f 4647 4646 4526 4510 
f 4445 4447 4604 4603 
f 4442 4445 4603 4611 
f 4447 4448 4615 4604 
f 4448 4456 4616 4615 
f 4456 4459 4630 4616 
f 4586 4427 4400 4632 
f 4459 4586 4632 4630 
f 4649 4487 4709 5053 
f 4636 4478 5086 5085 
f 4478 4477 5088 5086 
f 4477 4650 5092 5088 
f 4650 4649 5053 5092 
f 4637 4636 5085 4527 
f 4453 4452 4405 4398 
f 4482 4481 5143 5142 
f 4640 4634 5150 5152 
f 4634 4437 5206 5150 
f 4437 4436 5207 5206 
f 4443 4442 4611 5214 
f 4436 4443 5214 5207 
f 4487 4482 5142 4709 
f 4481 4640 5152 5143 
f 4608 4607 4610 4609 
f 4622 4621 4624 4623 
f 4627 4608 4609 4628 
f 4621 4627 4628 4624 
f 3414 4964 4955 3319 
f 4966 4622 4623 4957 
f 4968 4966 4957 4959 
f 4970 4968 4959 4961 
f 4964 4970 4961 4955 
f 5205 5101 5100 5003 
f 5117 5116 4948 4947 
f 5116 5123 4949 4948 
f 5135 5134 5178 5187 
f 5134 5141 5171 5178 
f 4765 5197 5100 4772 
f 4764 5198 5197 4765 
f 5199 5198 4764 4761 
f 5199 5200 5022 5017 
f 5200 5201 5029 5022 
f 5201 5202 5035 5029 
f 5202 5203 5041 5035 
f 5203 5204 5047 5041 
f 5135 5123 5122 5132 
f 5209 5141 5140 5210 
f 5220 4607 4606 5196 
f 5220 5209 5210 5219 
f 5224 5223 5238 5237 
f 5239 3445 3320 5251 
f 5223 5239 5251 5238 
f 5224 5204 4736 4739 
f 5101 5117 4947 4946 
f 3590 3589 4321 4320 
f 3586 3585 4325 4324 
f 3582 3560 4329 4328 
f 3559 3525 4332 4334 
f 3636 3590 4320 4335 
f 3589 3586 4324 4321 
f 3585 3582 4328 4325 
f 3560 3559 4334 4329 
f 3476 3605 4669 4668 
f 3605 3564 4671 4669 
f 3564 3563 4673 4671 
f 3563 3916 4675 4673 
f 3915 3914 4678 4677 
f 3608 3607 4682 4681 
f 3612 3611 4686 4685 
f 3618 3617 4689 4692 
f 3622 3621 4693 4694 
f 3624 3623 4696 4695 
f 3630 3629 4697 4698 
f 3634 3633 4700 4699 
f 4266 3642 4701 4704 
f 3621 3915 4677 4693 
f 3623 3608 4681 4696 
f 3629 3612 4685 4697 
f 3633 3618 4692 4700 
f 3617 3622 4694 4689 
f 3611 3624 4695 4686 
f 3916 3630 4698 4675 
f 3607 3634 4699 4682 
f 3641 5071 4705 4708 
f 4267 4266 4704 4710 
f 3914 4667 4711 4678 
f 3913 3636 4335 4713 
f 3917 3912 4715 4714 
f 3576 3575 4717 4716 
f 3575 3913 4713 4717 
f 3911 3591 4719 4718 
f 3591 3576 4716 4719 
f 3912 3911 4718 4715 
f 3567 3910 4721 4720 
f 3910 3917 4714 4721 
f 3642 3641 4708 4701 
f 5071 3568 5080 4705 
f 3568 3567 4720 5080 
f 4667 4267 4710 4711 
f 4501 4515 4715 4718 
f 4501 4502 4515 
f 4601 4614 4602 
f 4601 4618 4614 
f 4615 4618 4601 4604 
f 4408 4633 4632 4400 
f 4413 4625 4633 4408 
f 5151 5148 5147 5144 
f 5253 5498 5146 
f 4972 4971 5485 5486 
f 4971 4973 5487 5485 
f 4973 4974 5488 5487 
f 5490 4976 4975 5489 
f 4978 4977 5491 5492 
f 4980 4979 5493 5494 
f 5496 4982 4981 5495 
f 5495 4981 4976 5490 
f 4979 4978 5492 5493 
f 4974 4980 5494 5488 
f 5491 4977 4982 5496 
f 5489 4975 4983 5497 
f 5146 5145 5144 5147 
f 5498 5221 5145 5146 
f 5497 4983 5221 5498 
f 5152 5151 5144 5143 
f 5148 5151 5125 
f 5088 5091 5087 
f 5092 5083 5088 
f 5367 5418 5368 
f 5665 5687 8243 8244 
f 5669 5686 8245 8246 
f 7330 5663 8247 8248 
f 5587 5589 7678 7679 
f 6582 8249 8250 5668 
f 6573 5582 7680 7681 
f 5680 5665 8244 8251 
f 5679 5666 8252 8253 
f 5678 5667 8254 8255 
f 8250 8256 6583 5668 
f 5583 5584 7686 7687 
f 7669 7670 5588 6453 
f 5585 7653 7654 5581 
f 8246 8257 5670 5669 
f 8077 5670 8257 8258 
f 8259 8260 6477 5671 
f 8261 8262 6478 5672 
f 5673 8263 8264 6479 
f 5674 8265 8266 6480 
f 8267 8268 6481 5675 
f 6482 5676 8269 8270 
f 5677 8271 8272 6483 
f 5684 5678 8255 8273 
f 5667 5679 8253 8254 
f 5666 5680 8251 8252 
f 8079 5586 7694 8078 
f 5587 7679 7680 5582 
f 7248 5681 8274 8275 
f 5633 5523 5505 5611 
f 5510 5511 5615 5632 
f 7278 5525 5627 7282 
f 5643 5501 5524 5641 
f 6576 6564 5508 5614 
f 6565 5504 5644 6579 
f 5611 5505 5522 5626 
f 5612 5506 5521 5625 
f 5613 5507 5520 5624 
f 6566 5504 5610 6577 
f 5509 5503 5637 5638 
f 6429 5500 5642 6469 
f 5510 5499 5635 5639 
f 5511 5512 5616 5615 
f 5512 8080 8081 5616 
f 6461 6430 5517 5621 
f 6431 5518 5622 6462 
f 6463 6432 5519 5623 
f 6464 6433 5515 5619 
f 6434 5514 5618 6465 
f 6435 5499 5628 6466 
f 6467 6436 5513 5617 
f 5520 5503 5630 5624 
f 5625 5521 5507 5613 
f 5626 5522 5506 5612 
f 5523 8475 8082 5640 
f 5641 5524 5502 5636 
f 7594 5500 5608 7593 
f 5535 5533 5634 5609 
f 6567 5536 5610 6578 
f 5530 5529 5630 5631 
f 6437 5534 5608 6468 
f 5531 5527 5628 5632 
f 5532 5526 8083 5633 
f 5533 5528 5629 5634 
f 5586 5532 5537 5591 
f 5531 5541 5595 5585 
f 7279 5553 5607 7281 
f 6574 6568 5540 5594 
f 5591 5537 5552 5606 
f 5592 5538 5551 5605 
f 5593 5539 5550 5604 
f 6575 6569 5536 5590 
f 5541 5542 5596 5595 
f 5542 8526 8084 5596 
f 6454 6438 5547 5601 
f 6439 5548 5602 6455 
f 6456 6440 5549 5603 
f 6441 5545 5599 6457 
f 6458 6442 5544 5598 
f 6443 5527 5581 6459 
f 6460 6444 5543 5597 
f 5604 5550 5529 5583 
f 5605 5551 5539 5593 
f 5606 5552 5538 5592 
f 7596 5534 5588 7595 
f 5579 5557 5645 5640 
f 5578 5561 5649 5639 
f 7280 5573 5661 7283 
f 6580 6570 5560 5648 
f 5645 5557 5572 5660 
f 5646 5558 5571 5659 
f 5647 5559 5570 5658 
f 6571 5556 5644 6581 
f 5561 5562 5650 5649 
f 5562 8585 8584 5650 
f 6445 5567 5655 6470 
f 6446 5568 5656 6471 
f 6472 6447 5569 5657 
f 6473 6448 5565 5653 
f 6449 5564 5652 6474 
f 6450 5574 5635 6475 
f 6476 6451 5563 5651 
f 5658 5570 5576 5637 
f 5659 5571 5559 5647 
f 5660 5572 5558 5646 
f 7598 5554 5642 7597 
f 5663 5555 5580 5688 
f 6572 5556 5664 6584 
f 5577 5576 5684 5685 
f 6484 6452 5554 5662 
f 5578 5574 5682 5686 
f 5579 8630 8629 5687 
f 5688 5580 5575 5683 
f 5589 5587 5533 5535 
f 6573 5590 5536 6567 
f 5584 5583 5529 5530 
f 6453 5588 5534 6437 
f 5585 5581 5527 5531 
f 5586 8079 5526 5532 
f 5587 5582 5528 5533 
f 7694 5586 5591 7693 
f 7653 5585 5595 7652 
f 7281 5607 7675 7676 
f 7685 6574 5594 7684 
f 5591 5606 7692 7693 
f 5592 5605 7690 7691 
f 5593 5604 7688 7689 
f 7683 6575 5590 7682 
f 7652 5595 5596 7651 
f 5596 8084 7650 7651 
f 7661 6454 5601 7660 
f 6455 5602 7656 7657 
f 7665 6456 5603 7664 
f 6457 5599 7666 7667 
f 6458 5598 7658 7659 
f 6459 5581 7654 7655 
f 6460 5597 7662 7663 
f 7688 5604 5583 7687 
f 7690 5605 5593 7689 
f 7692 5606 5592 7691 
f 7595 5588 7670 7671 
f 5633 5611 5537 5532 
f 5632 5615 5541 5531 
f 7282 5627 5553 7279 
f 6568 6576 5614 5540 
f 5537 5611 5626 5552 
f 5538 5612 5625 5551 
f 5539 5613 5624 5550 
f 6569 6577 5610 5536 
f 5615 5616 5542 5541 
f 5616 8081 8526 5542 
f 6438 6461 5621 5547 
f 6462 5622 5548 6439 
f 6440 6463 5623 5549 
f 6464 5619 5545 6441 
f 6465 5618 5544 6442 
f 6466 5628 5527 6443 
f 6444 6467 5617 5543 
f 5550 5624 5630 5529 
f 5551 5625 5613 5539 
f 5552 5626 5612 5538 
f 7593 5608 5534 7596 
f 5609 5634 5524 5501 
f 6578 5610 5504 6565 
f 5631 5630 5503 5509 
f 6468 5608 5500 6429 
f 5632 5628 5499 5510 
f 5633 8083 8475 5523 
f 5634 5629 5502 5524 
f 5555 5643 5641 5580 
f 6579 5644 5556 6572 
f 5638 5637 5576 5577 
f 6452 6469 5642 5554 
f 5639 5635 5574 5578 
f 5640 8082 8630 5579 
f 5580 5641 5636 5575 
f 5523 5640 5645 5505 
f 5639 5649 5511 5510 
f 7283 5661 5525 7278 
f 6564 6580 5648 5508 
f 5505 5645 5660 5522 
f 5506 5646 5659 5521 
f 5507 5647 5658 5520 
f 6581 5644 5504 6566 
f 5649 5650 5512 5511 
f 5650 8584 8080 5512 
f 6470 5655 5517 6430 
f 6471 5656 5518 6431 
f 6432 6472 5657 5519 
f 6433 6473 5653 5515 
f 6474 5652 5514 6434 
f 6475 5635 5499 6435 
f 6436 6476 5651 5513 
f 5658 5637 5503 5520 
f 5521 5659 5647 5507 
f 5522 5660 5646 5506 
f 7597 5642 5500 7594 
f 5579 5687 5665 5557 
f 5686 5669 5561 5578 
f 7284 5681 5573 7280 
f 6570 6582 5668 5560 
f 5557 5665 5680 5572 
f 5558 5666 5679 5571 
f 5559 5667 5678 5570 
f 6583 5664 5556 6571 
f 5669 5670 5562 5561 
f 5670 8077 8585 5562 
f 6477 5675 5567 6445 
f 6478 5676 5568 6446 
f 6447 6479 5677 5569 
f 6448 6480 5673 5565 
f 6481 5672 5564 6449 
f 6482 5682 5574 6450 
f 6451 6483 5671 5563 
f 5570 5678 5684 5576 
f 5571 5679 5667 5559 
f 5572 5680 5666 5558 
f 7599 5662 5554 7598 
f 8276 8247 5663 5688 
f 8277 8278 6584 5664 
f 8273 8279 5685 5684 
f 5662 8280 8281 6484 
f 8245 5686 5682 8282 
f 8243 5687 8629 8283 
f 8284 8276 5688 5683 
f 5721 5722 5720 5719 
f 5689 5690 5708 5736 
f 5720 5722 5723 5691 
f 5692 5691 5723 5724 
f 5693 5692 5724 5694 
f 5694 5724 5725 5695 
f 5695 5725 5726 5696 
f 5696 5726 5727 5697 
f 5698 5697 5727 5728 
f 5698 5728 5729 5699 
f 5699 5729 5730 5700 
f 5701 5700 5730 5702 
f 5702 5730 5731 5703 
f 5703 5731 5732 5704 
f 5704 5732 5733 5705 
f 5705 5733 5734 5706 
f 5706 5734 5735 5707 
f 5707 5735 5736 5708 
f 5709 5689 5736 5737 
f 5710 5709 5737 5738 
f 5711 5710 5738 5739 
f 5712 5711 5739 5740 
f 5713 5712 5740 5741 
f 5714 5713 5741 5742 
f 5715 5714 5742 5716 
f 5716 5742 5743 5717 
f 5718 5717 5743 5744 
f 5718 5744 5721 5719 
f 5745 5737 5736 5735 
f 5746 5745 5735 5734 
f 5747 5746 5734 5733 
f 5748 5738 5737 5745 
f 5749 5739 5738 5748 
f 5750 5748 5745 5746 
f 5751 5750 5746 5747 
f 5752 5749 5748 5750 
f 5753 5752 5750 5751 
f 5754 5747 5733 5732 
f 5755 5754 5732 5731 
f 5729 5755 5731 5730 
f 5756 5751 5747 5754 
f 5757 5756 5754 5755 
f 5758 5753 5751 5756 
f 5759 5758 5756 5757 
f 5728 5757 5755 5729 
f 5727 5759 5757 5728 
f 5760 5740 5739 5749 
f 5761 5741 5740 5760 
f 5762 5760 5749 5752 
f 5763 5762 5752 5753 
f 5764 5761 5760 5762 
f 5765 5764 5762 5763 
f 5743 5742 5741 5761 
f 5744 5743 5761 5764 
f 5721 5744 5764 5765 
f 5766 5763 5753 5758 
f 5767 5766 5758 5759 
f 5768 5765 5763 5766 
f 5769 5768 5766 5767 
f 5726 5767 5759 5727 
f 5725 5769 5767 5726 
f 5722 5721 5765 5768 
f 5723 5722 5768 5769 
f 5724 5723 5769 5725 
f 5774 5803 5802 5801 
f 5770 5771 5796 5821 
f 5772 5773 5782 5809 
f 5803 5774 5775 5776 
f 5803 5776 5777 5804 
f 5804 5777 5778 5805 
f 5805 5778 5779 5806 
f 5806 5779 5780 5807 
f 5807 5780 5781 5808 
f 5808 5781 5772 5809 
f 5810 5809 5782 5783 
f 5811 5810 5783 5784 
f 5812 5811 5784 5785 
f 5812 5785 5786 5813 
f 5813 5786 5787 5814 
f 5814 5787 5788 5815 
f 5815 5788 5789 5790 
f 5815 5790 5791 5816 
f 5816 5791 5792 5817 
f 5817 5792 5793 5818 
f 5819 5818 5793 5794 
f 5819 5794 5795 5820 
f 5820 5795 5770 5821 
f 5821 5796 5797 5822 
f 5822 5797 5798 5823 
f 5823 5798 5799 5824 
f 5824 5799 5800 5825 
f 5825 5800 5801 5802 
f 5826 5808 5809 5810 
f 5827 5826 5810 5811 
f 5828 5827 5811 5812 
f 5829 5807 5808 5826 
f 5830 5806 5807 5829 
f 5831 5829 5826 5827 
f 5832 5831 5827 5828 
f 5833 5830 5829 5831 
f 5834 5833 5831 5832 
f 5835 5828 5812 5813 
f 5836 5835 5813 5814 
f 5816 5836 5814 5815 
f 5837 5832 5828 5835 
f 5838 5837 5835 5836 
f 5839 5834 5832 5837 
f 5840 5839 5837 5838 
f 5817 5838 5836 5816 
f 5818 5840 5838 5817 
f 5841 5805 5806 5830 
f 5842 5804 5805 5841 
f 5843 5841 5830 5833 
f 5844 5843 5833 5834 
f 5845 5842 5841 5843 
f 5846 5845 5843 5844 
f 5802 5803 5804 5842 
f 5825 5802 5842 5845 
f 5824 5825 5845 5846 
f 5847 5844 5834 5839 
f 5848 5847 5839 5840 
f 5849 5846 5844 5847 
f 5850 5849 5847 5848 
f 5819 5848 5840 5818 
f 5820 5850 5848 5819 
f 5823 5824 5846 5849 
f 5822 5823 5849 5850 
f 5821 5822 5850 5820 
f 5874 7754 7745 
f 5876 7761 7762 5878 
f 5877 5853 5875 7761 
f 5878 7762 7763 7755 
f 5853 5877 5879 5859 
f 5855 5860 5888 5854 
f 5867 5856 5866 5894 
f 5882 5880 7744 5874 
f 7751 7760 5871 5870 
f 7750 7751 5870 5886 
f 5859 5879 5888 5860 
f 5854 5888 5889 5861 
f 5861 5889 5890 5862 
f 5890 5891 5863 5862 
f 5891 5892 5864 5863 
f 5892 5893 5865 5864 
f 5866 5865 5893 5894 
f 5867 5894 5895 5868 
f 5869 5868 5895 5896 
f 5886 5869 5896 7750 
f 7745 5883 5882 5874 
f 5897 5895 5894 5893 
f 5898 5897 5893 5892 
f 5899 5898 5892 5891 
f 5900 5896 5895 5897 
f 5901 5900 5897 5898 
f 5902 5901 5898 5899 
f 5903 5887 5900 5901 
f 5904 5903 5901 5902 
f 5885 5884 5887 5903 
f 5905 5885 5903 5904 
f 7758 5885 5905 7757 
f 5906 5899 5891 5890 
f 5907 5906 5890 5889 
f 5879 5907 5889 5888 
f 5908 5902 5899 5906 
f 5909 5908 5906 5907 
f 5910 5904 5902 5908 
f 5876 5910 5908 5909 
f 5877 5909 5907 5879 
f 7761 5876 5909 5877 
f 5881 5905 5904 5910 
f 5878 5881 5910 5876 
f 7756 7757 5905 5881 
f 5941 5938 5939 5977 
f 5911 5912 5928 5952 
f 5913 6069 5938 5914 
f 5914 5938 5941 5915 
f 5915 5941 5942 5916 
f 5916 5942 5943 5917 
f 5917 5943 5944 5918 
f 5918 5944 5945 5919 
f 5919 5945 5946 5920 
f 5921 5920 5946 5922 
f 5922 5946 5947 5923 
f 5923 5947 5948 5924 
f 5924 5948 5949 5925 
f 5925 5949 5950 5926 
f 5926 5950 5951 5927 
f 5927 5951 5952 5928 
f 5929 5911 5952 5953 
f 5930 5929 5953 5954 
f 5931 5930 5954 5955 
f 5932 5931 5955 5956 
f 5933 5932 5956 5957 
f 5934 5933 5957 5958 
f 5935 5934 5958 5936 
f 5964 5960 5959 5961 
f 5965 5937 5960 5964 
f 5961 5959 5958 5957 
f 5962 5961 5957 5956 
f 5963 5962 5956 5955 
f 5966 5964 5961 5962 
f 5967 5966 5962 5963 
f 5968 5965 5964 5966 
f 5969 5968 5966 5967 
f 5970 5963 5955 5954 
f 5971 5970 5954 5953 
f 5951 5971 5953 5952 
f 5972 5967 5963 5970 
f 5973 5972 5970 5971 
f 5974 5969 5967 5972 
f 5975 5974 5972 5973 
f 5950 5973 5971 5951 
f 5949 5975 5973 5950 
f 5978 5976 5965 5968 
f 5979 5978 5968 5969 
f 5980 5977 5976 5978 
f 5981 5980 5978 5979 
f 5942 5941 5977 5980 
f 5943 5942 5980 5981 
f 5982 5979 5969 5974 
f 5983 5982 5974 5975 
f 5984 5981 5979 5982 
f 5985 5984 5982 5983 
f 5948 5983 5975 5949 
f 5947 5985 5983 5948 
f 5944 5943 5981 5984 
f 5945 5944 5984 5985 
f 5946 5945 5985 5947 
f 6040 6016 6015 6037 
f 6041 6013 6016 6040 
f 5986 5987 5996 6022 
f 6014 5988 5989 5990 
f 6017 6014 5990 5991 
f 6018 6017 5991 5992 
f 6018 5992 5993 6019 
f 6019 5993 5994 6020 
f 6020 5994 5995 6021 
f 6022 6021 5995 5986 
f 6022 5996 5997 6023 
f 6024 6023 5997 5998 
f 6024 5998 5999 6025 
f 6025 5999 6000 6026 
f 6027 6026 6000 6001 
f 6028 6027 6001 6002 
f 6028 6002 6003 6004 
f 6028 6004 6005 6029 
f 6029 6005 6006 6030 
f 6030 6006 6007 6031 
f 6031 6007 6008 6032 
f 6032 6008 6009 6033 
f 6033 6009 6010 6034 
f 6034 6010 6011 6012 
f 6037 6015 6014 6017 
f 6038 6037 6017 6018 
f 6039 6038 6018 6019 
f 6042 6040 6037 6038 
f 6043 6042 6038 6039 
f 6044 6041 6040 6042 
f 6045 6044 6042 6043 
f 6046 6039 6019 6020 
f 6047 6046 6020 6021 
f 6023 6047 6021 6022 
f 6048 6043 6039 6046 
f 6049 6048 6046 6047 
f 6050 6045 6043 6048 
f 6051 6050 6048 6049 
f 6024 6049 6047 6023 
f 6025 6051 6049 6024 
f 6054 6052 6041 6044 
f 6055 6054 6044 6045 
f 6056 6053 6052 6054 
f 6057 6056 6054 6055 
f 6032 6033 6053 6056 
f 6031 6032 6056 6057 
f 6058 6055 6045 6050 
f 6059 6058 6050 6051 
f 6060 6057 6055 6058 
f 6061 6060 6058 6059 
f 6026 6059 6051 6025 
f 6027 6061 6059 6026 
f 6030 6031 6057 6060 
f 6029 6030 6060 6061 
f 6028 6029 6061 6027 
f 5874 7744 7754 
f 5976 5940 5937 5965 
f 5977 5939 5940 5976 
f 6052 6036 6013 6041 
f 6053 6035 6036 6052 
f 6033 6034 6035 6053 
f 6064 5988 6014 6015 
f 6065 6064 6015 6016 
f 6063 6065 6016 6013 
f 6067 6063 6013 6036 
f 6066 6067 6036 6035 
f 6012 6066 6035 6034 
f 6072 5936 5958 5959 
f 6073 6072 5959 5960 
f 6068 6073 5960 5937 
f 6071 6068 5937 5940 
f 6070 6071 5940 5939 
f 6069 6070 5939 5938 
f 6152 6148 6147 6151 
f 6154 6152 6151 6153 
f 6156 6154 6153 6155 
f 6158 6156 6155 6157 
f 6160 6158 6157 6159 
f 6162 6160 6159 6161 
f 6164 6162 6161 6163 
f 6165 6164 6163 6166 
f 6168 6150 6149 6167 
f 6170 6168 6167 6169 
f 6172 6170 6169 6171 
f 6174 6172 6171 6173 
f 6176 6174 6173 6175 
f 6178 6176 6175 6177 
f 6180 6178 6177 6179 
f 6182 6180 6179 6181 
f 7697 6425 6424 7698 
f 6186 6184 6183 6185 
f 6188 6186 6185 6187 
f 6190 6188 6187 6189 
f 6192 6190 6189 6191 
f 6194 6192 6191 6193 
f 6196 6194 6193 6195 
f 6198 6196 6195 6197 
f 6199 6198 6197 6200 
f 7733 7780 7770 7732 
f 7734 7779 7780 7733 
f 7735 7778 7779 7734 
f 7736 7777 7778 7735 
f 7737 7776 7777 7736 
f 7738 7775 7776 7737 
f 7739 7768 7775 7738 
f 7740 7769 7768 7739 
f 6138 6135 6136 6137 
f 6139 6134 6135 6138 
f 6140 6133 6134 6139 
f 6141 6132 6133 6140 
f 6141 6142 6131 6132 
f 6142 6143 6130 6131 
f 6143 6144 6129 6130 
f 6144 6145 6128 6129 
f 6353 6352 7600 7601 
f 6110 6125 6126 6109 
f 6111 6124 6125 6110 
f 6112 6123 6124 6111 
f 6113 6122 6123 6112 
f 6113 6114 6121 6122 
f 6114 6115 6120 6121 
f 6115 6116 6119 6120 
f 6116 6117 6118 6119 
f 7712 5866 5856 7711 
f 7713 5865 5866 7712 
f 7714 5864 5865 7713 
f 7715 5863 5864 7714 
f 7716 5862 5863 7715 
f 7717 5861 5862 7716 
f 7718 5854 5861 7717 
f 7719 5855 5854 7718 
f 7730 6199 6200 7729 
f 7603 6350 6325 7602 
f 7602 6325 6326 7604 
f 7604 6326 6327 7605 
f 7605 6327 6328 7606 
f 7606 6328 6329 7607 
f 7607 6329 6330 7608 
f 7608 6330 6331 7609 
f 7609 6331 6332 7610 
f 7612 6351 6333 7611 
f 7611 6333 6334 7613 
f 7613 6334 6335 7614 
f 7614 6335 6336 7615 
f 7615 6336 6337 7616 
f 7616 6337 6338 7617 
f 7617 6338 6339 7618 
f 7618 6339 6340 7619 
f 6422 7706 7705 7631 
f 7620 6341 6342 7621 
f 7621 6342 6343 7622 
f 7622 6343 6344 7623 
f 7623 6344 6345 7624 
f 7624 6345 6346 7625 
f 7625 6346 6347 7626 
f 7626 6347 6348 7627 
f 7628 7627 6348 6349 
f 6203 6204 6201 6202 
f 6211 6206 6205 6212 
f 6209 6207 6208 6210 
f 6213 6211 6212 6214 
f 6215 6213 6214 6216 
f 6217 6215 6216 6218 
f 6219 6217 6218 6220 
f 6221 6219 6220 6222 
f 6207 6221 6222 6208 
f 6225 6223 6224 6226 
f 6229 6227 6228 6230 
f 6231 6229 6230 6232 
f 6233 6231 6232 6234 
f 6235 6233 6234 6236 
f 6237 6235 6236 6238 
f 6239 6237 6238 6240 
f 6223 6239 6240 6224 
f 6243 6242 6241 6244 
f 6245 6243 6244 6246 
f 6247 6245 6246 6248 
f 6249 6247 6248 6250 
f 6251 6249 6250 6252 
f 6253 6251 6252 6254 
f 6255 6253 6254 6256 
f 6259 6255 6256 6260 
f 6258 6259 6260 6257 
f 6264 6261 6262 6263 
f 6281 6265 6266 6282 
f 6265 6267 6268 6266 
f 6267 6270 6269 6268 
f 6271 6273 6274 6272 
f 6273 6275 6276 6274 
f 6275 6277 6278 6276 
f 6277 6279 6280 6278 
f 6279 6281 6282 6280 
f 6283 6285 6286 6284 
f 6285 6287 6288 6286 
f 6287 6289 6290 6288 
f 6289 6301 6302 6290 
f 6301 6291 6292 6302 
f 6291 6293 6294 6292 
f 6293 6295 6296 6294 
f 6295 6297 6298 6296 
f 6297 6299 6300 6298 
f 6304 6305 6306 6303 
f 6305 6307 6308 6306 
f 6307 6309 6310 6308 
f 6309 6311 6312 6310 
f 6311 6313 6314 6312 
f 6313 6315 6316 6314 
f 6315 6317 6318 6316 
f 6317 6320 6319 6318 
f 6323 6324 6321 6322 
f 7709 6283 6284 7708 
f 6110 6109 5690 5689 
f 6111 6110 5689 5709 
f 6112 6111 5709 5710 
f 6113 6112 5710 5711 
f 6114 6113 5711 5712 
f 6115 6114 5712 5713 
f 6116 6115 5713 5714 
f 6117 6116 5714 5715 
f 6321 6271 6272 6322 
f 6323 6319 6320 6324 
f 6119 6118 5921 5922 
f 6120 6119 5922 5923 
f 6121 6120 5923 5924 
f 6122 6121 5924 5925 
f 6123 6122 5925 5926 
f 6124 6123 5926 5927 
f 6125 6124 5927 5928 
f 6126 6125 5928 5912 
f 6352 6351 7612 7600 
f 6201 6149 6150 6202 
f 6129 6128 6003 6002 
f 6130 6129 6002 6001 
f 6131 6130 6001 6000 
f 6132 6131 6000 5999 
f 6133 6132 5999 5998 
f 6134 6133 5998 5997 
f 6135 6134 5997 5996 
f 6136 6135 5996 5987 
f 6261 6225 6226 6262 
f 6263 6205 6206 6264 
f 6138 6137 5771 5770 
f 6139 6138 5770 5795 
f 6140 6139 5795 5794 
f 6141 6140 5794 5793 
f 6142 6141 5793 5792 
f 6143 6142 5792 5791 
f 6144 6143 5791 5790 
f 6145 6144 5790 5789 
f 6203 6165 6166 6204 
f 7610 6332 6353 7601 
f 7711 5693 5694 7712 
f 7713 7712 5694 5695 
f 7714 7713 5695 5696 
f 7715 7714 5696 5697 
f 7716 7715 5697 5698 
f 7717 7716 5698 5699 
f 7718 7717 5699 5700 
f 7718 5700 5701 7719 
f 7721 6350 7603 7722 
f 7729 6147 6148 7730 
f 7732 5773 5772 7733 
f 7734 7733 5772 5781 
f 7735 7734 5781 5780 
f 7736 7735 5780 5779 
f 7737 7736 5779 5778 
f 7738 7737 5778 5777 
f 7739 7738 5777 5776 
f 7739 5776 5775 7740 
f 7742 6209 6210 7743 
f 7708 6269 6270 7709 
f 6151 6147 7331 7333 
f 6148 6152 6662 6660 
f 6153 6151 7333 7334 
f 6152 6154 6663 6662 
f 6155 6153 7334 7335 
f 6154 6156 6664 6663 
f 6157 6155 7335 7336 
f 6156 6158 6665 6664 
f 6159 6157 7336 7337 
f 6158 6160 6666 6665 
f 6161 6159 7337 7338 
f 6160 6162 6667 6666 
f 6163 6161 7338 7339 
f 6162 6164 6668 6667 
f 6166 6163 7339 7319 
f 6164 6165 6631 6668 
f 6167 6149 7332 7340 
f 6150 6168 6669 6661 
f 6169 6167 7340 7341 
f 6168 6170 6670 6669 
f 6171 6169 7341 7342 
f 6170 6172 6671 6670 
f 6173 6171 7342 7343 
f 6172 6174 6672 6671 
f 6175 6173 7343 7344 
f 6174 6176 6673 6672 
f 6177 6175 7344 7345 
f 6176 6178 6674 6673 
f 6179 6177 7345 7346 
f 6178 6180 6675 6674 
f 6181 6179 7346 7347 
f 6180 6182 6676 6675 
f 7699 7698 6424 7323 
f 7697 6184 6677 7696 
f 6185 6183 7348 7349 
f 6184 6186 6678 6677 
f 6187 6185 7349 7350 
f 6186 6188 6679 6678 
f 6189 6187 7350 7351 
f 6188 6190 6680 6679 
f 6191 6189 7351 7352 
f 6190 6192 6681 6680 
f 6193 6191 7352 7353 
f 6192 6194 6682 6681 
f 6195 6193 7353 7354 
f 6194 6196 6683 6682 
f 6197 6195 7354 7355 
f 6196 6198 6684 6683 
f 7320 6200 6197 7355 
f 6684 6198 6199 6632 
f 7729 6200 7320 7728 
f 6659 6203 6202 6685 
f 6201 6204 7321 7356 
f 6202 6150 6661 6685 
f 6149 6201 7356 7332 
f 6204 6166 7319 7321 
f 6165 6203 6659 6631 
f 7730 6148 6660 7731 
f 6212 6205 9440 8085 
f 6206 6211 6635 6686 
f 6210 6208 8086 9443 
f 6207 6209 6634 6633 
f 6214 6212 8085 6101 
f 6211 6213 6636 6635 
f 6216 6214 6101 6102 
f 6213 6215 6637 6636 
f 6218 6216 6102 6103 
f 6215 6217 6638 6637 
f 6220 6218 6103 8087 
f 6217 6219 6639 6638 
f 6222 6220 8087 9450 
f 6219 6221 6640 6639 
f 6208 6222 9450 8086 
f 6221 6207 6633 6640 
f 6226 6224 9452 9453 
f 6223 6225 6642 6641 
f 6230 6228 9456 8088 
f 6227 6229 6644 6643 
f 6232 6230 8088 8089 
f 6229 6231 6645 6644 
f 6234 6232 8089 9460 
f 6231 6233 6646 6645 
f 6236 6234 9460 8090 
f 6233 6235 6647 6646 
f 6238 6236 8090 9463 
f 6235 6237 6648 6647 
f 6240 6238 9463 9465 
f 6237 6239 6649 6648 
f 6224 6240 9465 9452 
f 6239 6223 6641 6649 
f 8092 6244 6241 8091 
f 6687 6242 6243 6650 
f 6246 6244 8092 9469 
f 6243 6245 6651 6650 
f 6248 6246 9469 9471 
f 6245 6247 6652 6651 
f 6250 6248 9471 7846 
f 6247 6249 6653 6652 
f 6252 6250 7846 8093 
f 6249 6251 6654 6653 
f 6254 6252 8093 8094 
f 6251 6253 6655 6654 
f 6256 6254 8094 9476 
f 6253 6255 6656 6655 
f 6260 6256 9476 9478 
f 6255 6259 6657 6656 
f 6257 6260 9478 6104 
f 6259 6258 6688 6657 
f 7742 6242 6687 7741 
f 6263 6262 9482 9483 
f 6261 6264 6689 6658 
f 6262 6226 9453 9482 
f 6225 6261 6658 6642 
f 6264 6206 6686 6689 
f 6205 6263 9483 9440 
f 8095 7743 6210 9443 
f 6282 6266 6105 6106 
f 6265 6281 6539 6532 
f 6266 6268 7847 6105 
f 6267 6265 6532 6533 
f 6268 6269 9489 7847 
f 6270 6267 6533 6558 
f 6272 6274 9491 9492 
f 6273 6271 6534 6535 
f 6274 6276 7848 9491 
f 6275 6273 6535 6536 
f 6276 6278 8096 7848 
f 6277 6275 6536 6537 
f 6278 6280 8097 8096 
f 6279 6277 6537 6538 
f 6280 6282 6106 8097 
f 6281 6279 6538 6539 
f 9498 6284 6286 6107 
f 6541 6285 6283 6540 
f 6286 6288 9501 6107 
f 6287 6285 6541 6542 
f 6288 6290 9503 9501 
f 6289 6287 6542 6543 
f 6290 6302 9505 9503 
f 6301 6289 6543 6549 
f 6302 6292 9507 9505 
f 6291 6301 6549 6544 
f 6292 6294 9509 9507 
f 6293 6291 6544 6545 
f 6294 6296 9511 9509 
f 6295 6293 6545 6546 
f 6296 6298 9513 9511 
f 6297 6295 6546 6547 
f 6298 6300 7849 9513 
f 6299 6297 6547 6548 
f 6303 6306 8098 8099 
f 6305 6304 6559 6550 
f 6306 6308 8100 8098 
f 6307 6305 6550 6551 
f 6308 6310 9519 8100 
f 6309 6307 6551 6552 
f 6310 6312 6108 9519 
f 6311 6309 6552 6553 
f 6312 6314 8101 6108 
f 6313 6311 6553 6554 
f 6314 6316 7850 8101 
f 6315 6313 6554 6555 
f 6316 6318 9524 7850 
f 6317 6315 6555 6556 
f 6318 6319 9526 9524 
f 6320 6317 6556 6560 
f 7851 6323 6322 9528 
f 6557 6321 6324 6561 
f 7708 6284 9498 9531 
f 6322 6272 9492 9528 
f 6271 6321 6557 6534 
f 6324 6320 6560 6561 
f 6319 6323 7851 9526 
f 7709 6270 6558 7710 
f 6352 6353 6529 6526 
f 6325 6350 6524 6501 
f 6326 6325 6501 6502 
f 6327 6326 6502 6503 
f 6328 6327 6503 6504 
f 6329 6328 6504 6505 
f 6330 6329 6505 6506 
f 6331 6330 6506 6507 
f 6332 6331 6507 6527 
f 6333 6351 6525 6508 
f 6334 6333 6508 6509 
f 6335 6334 6509 6510 
f 6336 6335 6510 6511 
f 6337 6336 6511 6512 
f 6338 6337 6512 6513 
f 6339 6338 6513 6514 
f 6340 6339 6514 6515 
f 7707 7706 6422 6531 
f 6342 6341 6516 6517 
f 6343 6342 6517 6518 
f 6344 6343 6518 6519 
f 6345 6344 6519 6520 
f 6346 6345 6520 6521 
f 6347 6346 6521 6522 
f 6348 6347 6522 6523 
f 6528 6349 6348 6523 
f 7721 6349 6528 7720 
f 6351 6352 6526 6525 
f 6353 6332 6527 6529 
f 9565 6381 6379 6380 
f 6390 6356 6357 6389 
f 6389 6357 6358 
f 8102 9573 6354 
f 8102 6354 6355 6390 
f 6390 6355 6356 
f 6386 6366 6367 
f 6361 6388 6360 
f 6362 6585 6690 
f 6363 6586 6387 
f 6364 6587 6387 
f 6366 6386 6387 6365 
f 6361 6362 6690 6388 
f 6388 6691 6359 6360 
f 6389 6358 6359 6691 
f 6368 6385 7311 7316 
f 6369 6384 7629 7630 
f 6379 6381 6378 
f 6492 6382 6376 
f 6382 6377 6378 6381 
f 6383 6488 6373 
f 6383 6489 6374 
f 6384 6485 6370 
f 6491 6382 6562 6375 
f 9617 9565 6380 
f 7685 7686 5584 6574 
f 7683 7684 5594 6575 
f 7682 5590 6573 7681 
f 7678 5589 7327 7677 
f 7675 5607 7245 7674 
f 7668 5600 6457 7667 
f 7665 7666 5599 6456 
f 7664 5603 6460 7663 
f 7662 5597 6454 7661 
f 7660 5601 6458 7659 
f 7657 7658 5598 6455 
f 7656 5602 6459 7655 
f 9625 7849 6300 6419 
f 6419 6300 6299 6420 
f 6563 6420 6299 6548 
f 6531 6421 7754 7707 
f 6423 7701 7700 7317 
f 6426 7695 6688 6693 
f 6427 6258 6257 6428 
f 6428 6257 6104 9638 
f 6391 6392 6355 6354 
f 6392 6393 6356 6355 
f 6393 6394 6357 6356 
f 6394 6395 6358 6357 
f 6395 6396 6359 6358 
f 6359 6396 6397 6360 
f 6360 6397 6398 6361 
f 6398 6399 6362 6361 
f 6585 6588 6400 6363 
f 6586 6589 6401 6364 
f 6590 6402 6365 6587 
f 6402 6403 6366 6365 
f 6403 6404 6367 6366 
f 7312 6405 6368 7316 
f 7632 6406 6369 7630 
f 6493 6407 6370 6485 
f 6486 6494 6408 6371 
f 6487 6495 6409 6372 
f 6488 6496 6410 6373 
f 6489 6497 6411 6374 
f 6490 6498 6412 6375 
f 6491 6499 6413 6376 
f 6492 6500 6414 6377 
f 6414 6415 6378 6377 
f 6415 6416 6379 6378 
f 6416 6417 6380 6379 
f 6417 6418 9617 6380 
f 9684 6391 6354 9573 
f 9625 6419 6381 9565 
f 6419 6420 6382 6381 
f 6563 6421 6383 6562 
f 6530 6531 6422 6384 
f 7241 6423 6385 7275 
f 7323 6424 6386 7357 
f 6424 6425 6387 6386 
f 6692 6426 6388 6690 
f 6691 6693 6427 6389 
f 6427 6428 6390 6389 
f 6428 9638 8102 6390 
f 7669 6453 5600 7668 
f 8260 8267 5675 6477 
f 8262 8269 5676 6478 
f 6479 8264 8271 5677 
f 6480 8266 8263 5673 
f 8268 8261 5672 6481 
f 5682 6482 8270 8282 
f 6483 8272 8259 5671 
f 6429 6469 5654 5516 
f 5513 6430 6461 5617 
f 5514 6431 6462 5618 
f 5515 6432 6463 5619 
f 5516 6433 6464 5620 
f 5517 6434 6465 5621 
f 5518 6435 6466 5622 
f 5519 6436 6467 5623 
f 6437 6468 5620 5546 
f 5543 6438 6454 5597 
f 5544 6439 6455 5598 
f 5545 6440 6456 5599 
f 5546 6441 6457 5600 
f 6442 6458 5601 5547 
f 5548 6443 6459 5602 
f 5549 6444 6460 5603 
f 5563 6445 6470 5651 
f 5564 6446 6471 5652 
f 6447 6472 5653 5565 
f 6448 6473 5654 5566 
f 5567 6449 6474 5655 
f 5568 6450 6475 5656 
f 6451 6476 5657 5569 
f 6452 6484 5674 5566 
f 6453 6437 5546 5600 
f 5617 6461 6438 5543 
f 5618 6462 6439 5544 
f 5619 6463 6440 5545 
f 5620 6464 6441 5546 
f 5621 6465 6442 5547 
f 5622 6466 6443 5548 
f 5623 6467 6444 5549 
f 6468 6429 5516 5620 
f 6469 6452 5566 5654 
f 5651 6470 6430 5513 
f 5652 6471 6431 5514 
f 6472 6432 5515 5653 
f 5654 6473 6433 5516 
f 5655 6474 6434 5517 
f 5656 6475 6435 5518 
f 6476 6436 5519 5657 
f 5671 6477 6445 5563 
f 5672 6478 6446 5564 
f 6479 6447 5565 5673 
f 6480 6448 5566 5674 
f 5675 6481 6449 5567 
f 5676 6482 6450 5568 
f 6483 6451 5569 5677 
f 6484 8281 8265 5674 
f 6406 6493 6485 6369 
f 6407 6494 6486 6370 
f 6495 6487 6371 6408 
f 6496 6488 6372 6409 
f 6410 6497 6489 6373 
f 6411 6498 6490 6374 
f 6412 6499 6491 6375 
f 6500 6492 6376 6413 
f 6384 6370 6486 6530 
f 6384 6369 6485 
f 6383 6530 6372 6488 
f 6383 6373 6489 
f 6526 6529 6109 6126 
f 6501 6524 5701 5702 
f 6502 6501 5702 5703 
f 6503 6502 5703 5704 
f 6504 6503 5704 5705 
f 6505 6504 5705 5706 
f 6506 6505 5706 5707 
f 6507 6506 5707 5708 
f 6527 6507 5708 5690 
f 6508 6525 5912 5911 
f 6509 6508 5911 5929 
f 6510 6509 5929 5930 
f 6511 6510 5930 5931 
f 6512 6511 5931 5932 
f 6513 6512 5932 5933 
f 6514 6513 5933 5934 
f 6515 6514 5934 5935 
f 6517 6516 5851 5858 
f 6518 6517 5858 5857 
f 6519 6518 5857 5852 
f 6520 6519 5852 5875 
f 6521 6520 5875 5853 
f 6522 6521 5853 5859 
f 6523 6522 5859 5860 
f 5855 6528 6523 5860 
f 7720 6528 5855 7719 
f 6525 6526 6126 5912 
f 6529 6527 5690 6109 
f 6531 6530 6383 6421 
f 6532 6539 5720 5691 
f 6533 6532 5691 5692 
f 6558 6533 5692 5693 
f 6535 6534 5715 5716 
f 6536 6535 5716 5717 
f 6537 6536 5717 5718 
f 6538 6537 5718 5719 
f 6539 6538 5719 5720 
f 5867 6541 6540 5856 
f 6542 6541 5867 5868 
f 6543 6542 5868 5869 
f 6549 6543 5869 5886 
f 6544 6549 5886 5870 
f 6545 6544 5870 5871 
f 6546 6545 5871 5872 
f 6547 6546 5872 5873 
f 6548 6547 5873 7754 
f 6550 6559 5913 5914 
f 6551 6550 5914 5915 
f 6552 6551 5915 5916 
f 6553 6552 5916 5917 
f 6554 6553 5917 5918 
f 6555 6554 5918 5919 
f 6556 6555 5919 5920 
f 6560 6556 5920 5921 
f 6117 6557 6561 6118 
f 6534 6557 6117 5715 
f 6561 6560 5921 6118 
f 7711 7710 6558 5693 
f 6421 6563 6548 7754 
f 6420 6563 6562 6382 
f 6530 6371 6487 
f 6530 6487 6372 
f 6562 6490 6375 
f 6374 6490 6562 6383 
f 5685 8279 8249 6582 
f 8256 8277 5664 6583 
f 5509 6564 6576 5631 
f 6565 6579 5636 5502 
f 5508 6566 6577 5614 
f 6567 6578 5629 5528 
f 5530 6568 6574 5584 
f 5540 6569 6575 5594 
f 5577 6570 6580 5638 
f 5560 6571 6581 5648 
f 5575 6572 6584 5683 
f 6573 6567 5528 5582 
f 5631 6576 6568 5530 
f 5614 6577 6569 5540 
f 6578 6565 5502 5629 
f 6579 6572 5575 5636 
f 5638 6580 6564 5509 
f 5648 6581 6566 5508 
f 5685 6582 6570 5577 
f 5668 6583 6571 5560 
f 8278 8284 5683 6584 
f 6399 6588 6585 6362 
f 6400 6589 6586 6363 
f 6401 6590 6587 6364 
f 6931 6597 8285 8286 
f 6591 6595 7246 7242 
f 6592 6594 7245 7243 
f 6593 6596 7247 7244 
f 6594 7673 7674 7245 
f 6595 6592 7243 7246 
f 6596 6591 7242 7247 
f 6597 6593 7244 7248 
f 6600 6626 7274 7239 
f 6624 6601 7249 7272 
f 6601 6602 7250 7249 
f 6602 6603 7251 7250 
f 6603 6604 7252 7251 
f 6604 6605 7253 7252 
f 6605 6606 7254 7253 
f 6606 6607 7255 7254 
f 6607 6598 7237 7255 
f 6625 6608 7256 7273 
f 6608 6609 7257 7256 
f 6609 6610 7258 7257 
f 6610 6611 7259 7258 
f 6611 6612 7260 7259 
f 6612 6613 7261 7260 
f 6613 6614 7262 7261 
f 6614 6615 7263 7262 
f 7703 6616 7264 7702 
f 6616 6617 7265 7264 
f 6617 6618 7266 7265 
f 6618 6619 7267 7266 
f 6619 6620 7268 7267 
f 6620 6621 7269 7268 
f 6621 6622 7270 7269 
f 6622 6623 7271 7270 
f 6623 6599 7238 7271 
f 6626 6625 7273 7274 
f 6598 6600 7239 7237 
f 7724 6624 7272 7725 
f 6627 6628 7275 7240 
f 7673 6594 6928 7672 
f 6629 6627 7240 7276 
f 6630 6628 6958 6964 
f 6660 6662 5782 5773 
f 6662 6663 5783 5782 
f 6663 6664 5784 5783 
f 6664 6665 5785 5784 
f 6665 6666 5786 5785 
f 6666 6667 5787 5786 
f 6667 6668 5788 5787 
f 6668 6631 5789 5788 
f 6661 6669 6004 6003 
f 6669 6670 6005 6004 
f 6670 6671 6006 6005 
f 6671 6672 6007 6006 
f 6672 6673 6008 6007 
f 6673 6674 6009 6008 
f 6674 6675 6010 6009 
f 6675 6676 6011 6010 
f 7696 6677 7787 7695 
f 6677 6678 7786 7787 
f 6678 6679 7785 7786 
f 6679 6680 7784 7785 
f 6680 6681 7800 7784 
f 6681 6682 7783 7800 
f 6682 6683 7782 7783 
f 6683 6684 7781 7782 
f 7781 6684 6632 7770 
f 6145 6659 6685 6128 
f 6685 6661 6003 6128 
f 6631 6659 6145 5789 
f 7732 7731 6660 5773 
f 6686 6635 5796 5771 
f 6633 6634 5775 5774 
f 6635 6636 5797 5796 
f 6636 6637 5798 5797 
f 6637 6638 5799 5798 
f 6638 6639 5800 5799 
f 6639 6640 5801 5800 
f 6640 6633 5774 5801 
f 6641 6642 5987 5986 
f 6643 6644 5990 5989 
f 6644 6645 5991 5990 
f 6645 6646 5992 5991 
f 6646 6647 5993 5992 
f 6647 6648 5994 5993 
f 6648 6649 5995 5994 
f 6649 6641 5986 5995 
f 7769 6687 6650 7774 
f 6650 6651 7773 7774 
f 6651 6652 7767 7773 
f 6652 6653 7789 7767 
f 6653 6654 7766 7789 
f 6654 6655 7771 7766 
f 6655 6656 7772 7771 
f 6656 6657 6062 7772 
f 6657 6688 7695 6062 
f 7741 6687 7769 7740 
f 6658 6689 6137 6136 
f 6642 6658 6136 5987 
f 6689 6686 5771 6137 
f 6693 6688 6258 6427 
f 6425 6692 6690 6387 
f 6693 6691 6388 6426 
f 6586 6364 6387 
f 6587 6365 6387 
f 8255 8254 6979 6986 
f 8253 8252 6980 6983 
f 8251 8244 6981 6984 
f 6982 6985 8243 8283 
f 8273 8255 6986 6987 
f 8254 8253 6983 6979 
f 8252 8251 6984 6980 
f 8244 8243 6985 6981 
f 6704 6698 6727 6733 
f 6701 6699 6728 6730 
f 6702 6700 6729 6731 
f 6703 9828 9825 6732 
f 6784 6704 6733 6737 
f 6727 6698 6701 6730 
f 6728 6699 6702 6731 
f 6729 6700 6703 6732 
f 6712 6705 6734 6741 
f 6709 6706 6735 6738 
f 6710 6707 6736 6739 
f 6711 9845 8103 6740 
f 6782 6712 6741 6783 
f 6705 6709 6738 6734 
f 6706 6710 6739 6735 
f 6707 6711 6740 6736 
f 6719 6713 6742 6748 
f 6716 6714 6743 6745 
f 6717 6715 6744 6746 
f 6718 8104 7852 6747 
f 6708 6719 6748 6785 
f 6713 6716 6745 6742 
f 6714 6717 6746 6743 
f 6715 6718 6747 6744 
f 6712 6726 6720 6705 
f 6709 6723 6721 6706 
f 6710 6724 6722 6707 
f 6711 6725 9870 9845 
f 6782 6781 6726 6712 
f 6720 6723 6709 6705 
f 6721 6724 6710 6706 
f 6722 6725 6711 6707 
f 6733 6727 6713 6719 
f 6730 6728 6714 6716 
f 6731 6729 6715 6717 
f 6732 9825 8104 6718 
f 6737 6733 6719 6708 
f 6727 6730 6716 6713 
f 6728 6731 6717 6714 
f 6729 6732 6718 6715 
f 6704 6741 6734 6698 
f 6701 6738 6735 6699 
f 6702 6739 6736 6700 
f 6703 6740 8103 9828 
f 6784 6783 6741 6704 
f 6734 6738 6701 6698 
f 6735 6739 6702 6699 
f 6736 6740 6703 6700 
f 8152 8154 6748 6742 
f 6743 6694 8160 6745 
f 6696 6746 6744 6695 
f 6697 6747 7852 9879 
f 8156 8158 6785 6748 
f 8160 8152 6742 6745 
f 6743 6746 6696 6694 
f 6744 6747 6697 6695 
f 8160 6694 6754 6855 
f 6755 6756 6696 6695 
f 7853 6757 6697 9879 
f 6754 6694 6696 6756 
f 6755 6695 6697 6757 
f 6855 6754 6749 6750 
f 6756 6755 6753 6751 
f 6757 7853 8105 6752 
f 6754 6756 6751 6749 
f 6755 6757 6752 6753 
f 6899 6768 6858 6900 
f 6918 6764 6760 6917 
f 6836 6876 8159 
f 6837 8159 6920 
f 6898 6893 6767 6790 
f 6891 6880 8161 8163 
f 6895 6762 6767 6893 
f 6881 8165 8167 6889 
f 6881 6882 8169 8165 
f 6917 6760 6762 6895 
f 6882 6883 8171 8169 
f 8173 8171 6883 6884 
f 6904 6908 8155 8153 
f 6916 6765 6764 6918 
f 8175 8173 6884 6885 
f 6885 6886 8177 8175 
f 6790 6767 6758 6791 
f 6763 6758 6767 6762 
f 6858 6768 6761 6859 
f 6760 6763 6762 
f 6860 6759 6865 6877 
f 6914 8180 8181 6906 
f 6888 6887 8184 8185 
f 6896 6769 6770 6897 
f 8185 8187 6888 
f 6770 8187 6897 
f 6784 6774 6786 6783 
f 6774 6778 6779 6786 
f 6778 6802 6801 6779 
f 6781 6788 6988 6987 
f 6782 6787 6788 6781 
f 6783 6786 6787 6782 
f 8158 8190 6771 6785 
f 6772 6708 6785 6771 
f 6773 6737 6708 6772 
f 6774 6784 6737 6773 
f 6788 6789 6989 6988 
f 6787 6780 6789 6788 
f 6786 6779 6780 6787 
f 8190 8192 6775 6771 
f 6776 6772 6771 6775 
f 6777 6773 6772 6776 
f 6778 6774 6773 6777 
f 6789 6780 6800 6799 
f 6779 6801 6800 6780 
f 8192 8194 6805 6775 
f 6804 6776 6775 6805 
f 6803 6777 6776 6804 
f 6802 6778 6777 6803 
f 6990 8289 6789 6799 
f 6899 6898 6790 6768 
f 6880 6889 8167 8161 
f 6768 6790 6791 6761 
f 6809 6795 6796 6810 
f 6802 6809 6810 6801 
f 6812 6798 7184 6991 
f 6811 6797 6798 6812 
f 6810 6796 6797 6811 
f 8196 8198 6792 6806 
f 6793 6807 6806 6792 
f 6794 6808 6807 6793 
f 6795 6809 6808 6794 
f 6799 6812 6991 6990 
f 6800 6811 6812 6799 
f 6800 6801 6810 6811 
f 8194 8196 6806 6805 
f 6807 6804 6805 6806 
f 6808 6803 6804 6807 
f 6809 6802 6803 6808 
f 6861 6817 6906 6915 
f 6815 6832 6909 6903 
f 6905 6816 6833 6912 
f 6862 6814 6865 6878 
f 6907 6819 6816 6905 
f 6820 6834 6875 6867 
f 6821 6820 6867 6868 
f 6822 6821 6868 6869 
f 6870 6823 6822 6869 
f 6824 6826 6919 6916 
f 6824 6815 6903 6908 
f 6825 6823 6870 6871 
f 6872 6827 6825 6871 
f 6863 6814 6879 6892 
f 6864 6817 6894 6901 
f 6828 6830 6874 6873 
f 6829 6831 6911 6910 
f 6832 6819 6907 6909 
f 6912 6833 6813 6902 
f 6834 6818 6866 6875 
f 6890 8159 8199 
f 8151 8159 6913 
f 8187 6911 6831 
f 8187 6874 6830 
f 6876 6836 6827 6872 
f 6919 6920 6835 6766 
f 6890 8199 8177 6886 
f 6904 6913 6837 6826 
f 6845 6842 6847 6844 
f 6854 7187 7186 6856 
f 6842 6850 6851 6847 
f 6850 6854 6856 6851 
f 6841 8290 8170 8172 
f 6997 6838 8220 8219 
f 6844 6847 6848 6843 
f 8170 8290 6846 8166 
f 6842 6845 6921 6922 
f 8174 8176 6849 8291 
f 6840 6998 8217 8216 
f 6856 7186 7185 6857 
f 7187 6854 6924 6750 
f 6839 6997 8219 8218 
f 6847 6851 6852 6848 
f 6850 6842 6922 6923 
f 6998 6839 8218 8217 
f 6851 6856 6857 6852 
f 8176 8178 6853 6849 
f 6854 6850 6923 6924 
f 6853 8178 8200 8292 
f 6900 6858 6759 6894 
f 6879 6891 8163 8201 
f 6859 6759 6858 
f 6877 6863 6828 6873 
f 6914 6864 6829 6910 
f 6902 6915 8203 8197 
f 6878 6859 6761 6866 
f 6892 8206 8184 6887 
f 6896 6901 6860 6769 
f 6876 6835 8159 
f 6877 6865 6814 6863 
f 6878 6865 6759 6859 
f 6867 6875 6791 6758 
f 6868 6867 6758 6763 
f 6869 6868 6763 6760 
f 6764 6870 6869 6760 
f 6765 6871 6870 6764 
f 6766 6872 6871 6765 
f 6873 6874 6770 6769 
f 6875 6866 6761 6791 
f 6835 6876 6872 6766 
f 6877 6873 6769 6860 
f 6878 6866 6818 6862 
f 6880 6891 6862 6818 
f 6820 6881 6889 6834 
f 6882 6881 6820 6821 
f 6822 6883 6882 6821 
f 6884 6883 6822 6823 
f 6825 6885 6884 6823 
f 6827 6886 6885 6825 
f 6887 6888 6830 6828 
f 6889 6880 6818 6834 
f 8206 6892 6879 8201 
f 6890 6836 8159 
f 6836 6890 6886 6827 
f 6891 6879 6814 6862 
f 6892 6887 6828 6863 
f 6899 6900 6861 6813 
f 6893 6898 6833 6816 
f 6819 6895 6893 6816 
f 6896 6897 6831 6829 
f 6898 6899 6813 6833 
f 6901 6894 6759 6860 
f 6900 6894 6817 6861 
f 6901 6896 6829 6864 
f 6908 6904 6826 6824 
f 6914 6906 6817 6864 
f 8203 6915 6906 8181 
f 8189 8157 6903 6909 
f 8195 8193 6905 6912 
f 8193 8191 6907 6905 
f 8157 8155 6908 6903 
f 8209 6910 6911 8208 
f 8191 8189 6909 6907 
f 8197 8195 6912 6902 
f 8159 6837 6913 
f 8153 8151 6913 6904 
f 8180 6914 6910 8209 
f 6915 6902 6813 6861 
f 6815 6918 6917 6832 
f 8159 6835 6920 
f 6824 6916 6918 6815 
f 6916 6919 6766 6765 
f 6920 6919 6826 6837 
f 8187 6830 6888 
f 8187 6831 6897 
f 8187 8208 6911 
f 8187 6770 6874 
f 6846 8290 6921 
f 6853 8292 6924 
f 8291 6849 6923 6922 
f 6924 6923 6849 6853 
f 6925 6929 6595 6591 
f 6926 6928 6594 6592 
f 6927 6930 6596 6593 
f 6929 6926 6592 6595 
f 6930 6925 6591 6596 
f 6931 6927 6593 6597 
f 6962 6957 6626 6600 
f 6955 6932 6601 6624 
f 6932 6933 6602 6601 
f 6933 6934 6603 6602 
f 6934 6935 6604 6603 
f 6935 6936 6605 6604 
f 6936 6937 6606 6605 
f 6937 6938 6607 6606 
f 6938 6960 6598 6607 
f 6956 6939 6608 6625 
f 6939 6940 6609 6608 
f 6940 6941 6610 6609 
f 6941 6942 6611 6610 
f 6942 6943 6612 6611 
f 6943 6944 6613 6612 
f 6944 6945 6614 6613 
f 6945 6946 6615 6614 
f 7704 6947 6616 7703 
f 6947 6948 6617 6616 
f 6948 6949 6618 6617 
f 6949 6950 6619 6618 
f 6950 6951 6620 6619 
f 6951 6952 6621 6620 
f 6952 6953 6622 6621 
f 6953 6954 6623 6622 
f 6623 6954 6961 6599 
f 6957 6956 6625 6626 
f 6960 6962 6600 6598 
f 7724 7723 6955 6624 
f 6963 6958 6628 6627 
f 6959 6963 6627 6629 
f 7599 6931 8286 8287 
f 6964 6958 7629 7631 
f 6965 10155 8258 8257 
f 6966 6965 8257 8246 
f 6967 6966 8246 8245 
f 6976 6967 8245 8282 
f 8281 8280 6968 6970 
f 8260 8259 6977 6971 
f 8262 8261 6975 6972 
f 6974 6973 8264 8263 
f 6970 6974 8266 8265 
f 8268 8267 6971 6975 
f 6972 6976 8270 8269 
f 8272 8271 6973 6977 
f 7277 6978 8285 8275 
f 8265 8281 6970 
f 8267 8260 6971 
f 8269 8262 6972 
f 8271 8264 6973 
f 8263 8266 6974 
f 8261 8268 6975 
f 8282 8270 6976 
f 8259 8272 6977 
f 7318 6969 8274 8288 
f 6978 8188 8286 8285 
f 7642 6968 8280 8287 
f 6986 6979 6720 6726 
f 6983 6980 6721 6723 
f 6984 6981 6722 6724 
f 6985 6982 9870 6725 
f 6987 6986 6726 6781 
f 6979 6983 6723 6720 
f 6980 6984 6724 6721 
f 6981 6985 6725 6722 
f 8279 8273 6987 6988 
f 8289 6990 8284 8278 
f 8250 8249 6988 6989 
f 6988 8249 8279 
f 6989 8277 8256 
f 6989 8256 8250 
f 8247 8276 6991 7184 
f 8276 8284 6990 6991 
f 7176 7003 7095 7180 
f 7137 6993 6992 7088 
f 7024 7009 7087 7145 
f 7502 7088 6992 7498 
f 7089 7506 7010 7156 
f 7090 6994 7633 7634 
f 7091 6995 6994 7090 
f 7092 6996 7433 7432 
f 7093 7002 6996 7092 
f 7094 7001 7002 7093 
f 7095 7003 8106 7086 
f 7097 7096 7004 6999 
f 7097 6999 7000 7098 
f 7098 7000 7001 7094 
f 7102 7099 7011 7017 
f 7103 7100 7014 7020 
f 7101 7015 7022 7104 
f 7100 7102 7017 7014 
f 7155 7103 7020 7008 
f 7104 7022 7011 7099 
f 7105 7023 7015 7101 
f 7177 7034 7115 7181 
f 7028 7027 7108 7146 
f 7154 7044 7026 7107 
f 7503 7499 10239 10240 
f 7028 7026 7127 7109 
f 7636 7025 7106 7635 
f 7030 7029 7110 7111 
f 7420 7030 7111 7419 
f 7113 7032 7031 7112 
f 7114 7033 7032 7113 
f 7034 10262 10261 7115 
f 7172 7168 7035 7116 
f 7035 7036 7117 7116 
f 7117 7036 7037 7118 
f 7118 7037 7033 7114 
f 7038 7041 7122 7119 
f 7039 7042 7123 7120 
f 7121 7040 7043 7124 
f 7041 7039 7120 7122 
f 7042 7025 7126 7123 
f 7124 7043 7038 7119 
f 7125 7044 7040 7121 
f 7109 7056 7047 7128 
f 7125 7064 7046 7127 
f 7500 10293 10290 7504 
f 7638 7045 7126 7637 
f 7049 7048 7129 7130 
f 7422 7049 7130 7421 
f 7132 7051 7050 7131 
f 7133 7052 7051 7132 
f 7173 7169 7053 7134 
f 7053 7054 7135 7134 
f 7135 7054 7055 7136 
f 7136 7055 7052 7133 
f 7178 7057 7138 7182 
f 7056 7046 7087 7137 
f 7057 8107 10321 7138 
f 7058 7061 7142 7139 
f 7059 7062 7143 7140 
f 7141 7060 7063 7144 
f 7061 7059 7140 7142 
f 7062 7045 7085 7143 
f 7063 7058 7139 7144 
f 7145 7064 7060 7141 
f 7179 7066 7147 7183 
f 7065 7075 7107 7146 
f 7066 10342 10341 7147 
f 7067 7070 7151 7148 
f 7068 7071 7152 7149 
f 7150 7069 7072 7153 
f 7070 7068 7149 7151 
f 7071 7074 7106 7152 
f 7153 7072 7067 7148 
f 7154 7073 7069 7150 
f 7065 7076 7157 7089 
f 7105 7073 7075 7156 
f 7505 7501 8108 8109 
f 7640 7074 7155 7639 
f 7078 7077 7158 7159 
f 7418 7078 7159 7417 
f 7161 7080 7079 7160 
f 7162 7081 7080 7161 
f 7170 7082 7163 7174 
f 7082 7083 7164 7163 
f 7164 7083 7084 7165 
f 7165 7084 7081 7162 
f 7180 7095 7066 7179 
f 7056 7137 7088 7047 
f 7064 7145 7087 7046 
f 7502 8110 10293 7500 
f 7089 7156 7075 7065 
f 7634 7085 7045 7638 
f 7049 7091 7090 7048 
f 7423 7091 7049 7422 
f 7051 7093 7092 7050 
f 7052 7094 7093 7051 
f 7095 7086 10342 7066 
f 7169 7171 7096 7053 
f 7096 7097 7054 7053 
f 7054 7097 7098 7055 
f 7055 7098 7094 7052 
f 7099 7102 7070 7067 
f 7100 7103 7071 7068 
f 7069 7101 7104 7072 
f 7102 7100 7068 7070 
f 7103 7155 7074 7071 
f 7072 7104 7099 7067 
f 7073 7105 7101 7069 
f 7181 7115 7057 7178 
f 7146 7108 7076 7065 
f 7073 7154 7107 7075 
f 7501 7503 10240 8108 
f 7109 7127 7046 7056 
f 7635 7106 7074 7640 
f 7111 7110 7077 7078 
f 7419 7111 7078 7418 
f 7080 7113 7112 7079 
f 7081 7114 7113 7080 
f 7115 10261 8107 7057 
f 7170 7172 7116 7082 
f 7116 7117 7083 7082 
f 7083 7117 7118 7084 
f 7084 7118 7114 7081 
f 7119 7122 7061 7058 
f 7120 7123 7062 7059 
f 7060 7121 7124 7063 
f 7122 7120 7059 7061 
f 7123 7126 7045 7062 
f 7124 7119 7058 7063 
f 7064 7125 7121 7060 
f 7028 7109 7128 7027 
f 7044 7125 7127 7026 
f 7499 7504 10290 10239 
f 7637 7126 7025 7636 
f 7030 7130 7129 7029 
f 7421 7130 7030 7420 
f 7032 7132 7131 7031 
f 7033 7133 7132 7032 
f 7168 7173 7134 7035 
f 7134 7135 7036 7035 
f 7036 7135 7136 7037 
f 7037 7136 7133 7033 
f 7182 7138 7005 7175 
f 7137 7087 7009 6993 
f 7138 10321 7854 7005 
f 7139 7142 7018 7012 
f 7140 7143 7019 7013 
f 7141 7144 7021 7016 
f 7142 7140 7013 7018 
f 7143 7085 7007 7019 
f 7144 7139 7012 7021 
f 7145 7141 7016 7024 
f 7183 7147 7034 7177 
f 7146 7107 7026 7028 
f 7147 10341 10262 7034 
f 7148 7151 7041 7038 
f 7149 7152 7042 7039 
f 7040 7150 7153 7043 
f 7151 7149 7039 7041 
f 7152 7106 7025 7042 
f 7153 7148 7038 7043 
f 7044 7154 7150 7040 
f 7089 7157 7507 7506 
f 7023 7105 7156 7010 
f 7508 7505 8109 10395 
f 7639 7155 7008 7641 
f 7377 7159 7158 7370 
f 7417 7159 7377 7389 
f 6997 7161 7160 6838 
f 6839 7162 7161 6997 
f 7174 7163 7006 7166 
f 7006 7163 7164 6840 
f 6840 7164 7165 6998 
f 6998 7165 7162 6839 
f 7171 7167 7004 7096 
f 7176 7180 7174 7166 
f 7177 7181 7173 7168 
f 7169 7178 7182 7171 
f 7170 7179 7183 7172 
f 7174 7180 7179 7170 
f 7173 7181 7178 7169 
f 7182 7175 7167 7171 
f 7183 7177 7168 7172 
f 8111 7199 7198 10405 
f 7190 7185 7186 7189 
f 7193 7190 7189 7192 
f 7196 7193 7192 7195 
f 7199 7196 7195 7198 
f 10413 7197 6752 8105 
f 10405 7198 7197 10413 
f 7003 8212 8211 8106 
f 7188 7187 6750 6749 
f 7189 7186 7187 7188 
f 7006 6840 8216 8215 
f 7191 7188 6749 6751 
f 7192 7189 7188 7191 
f 7166 7006 8215 8214 
f 6753 7194 7191 6751 
f 7195 7192 7191 7194 
f 7176 7166 8214 8213 
f 7197 7194 6753 6752 
f 7198 7195 7194 7197 
f 7003 7176 8213 8212 
f 6966 8293 8294 6965 
f 6966 6967 8295 8293 
f 6967 6976 8296 8295 
f 6968 8297 8298 6970 
f 6971 6977 8299 8300 
f 6972 6975 8301 8302 
f 6974 8303 8304 6973 
f 6970 8298 8303 6974 
f 6975 6971 8300 8301 
f 6976 6972 8302 8296 
f 6973 8304 8299 6977 
f 7642 8305 8297 6968 
f 7474 7215 7210 7473 
f 7475 7218 7215 7474 
f 7476 7221 7218 7475 
f 7224 7221 7476 7477 
f 7227 7224 7477 7478 
f 7230 7227 7478 7479 
f 7233 7230 7479 7480 
f 7236 7233 7480 7481 
f 7443 7213 7212 7451 
f 7459 7214 7211 7458 
f 7215 8121 8122 7210 
f 7444 7216 7213 7443 
f 7460 7217 7214 7459 
f 7218 8123 8121 7215 
f 7445 7219 7216 7444 
f 7461 7220 7217 7460 
f 7221 8124 8123 7218 
f 7222 7219 7445 7446 
f 7223 7220 7461 7462 
f 7204 8124 8125 7208 
f 7225 7222 7446 7447 
f 7226 7223 7462 7463 
f 7202 7208 8125 8126 
f 7228 7225 7447 7448 
f 7229 7226 7463 7464 
f 7206 7202 8126 8127 
f 7231 7228 7448 7449 
f 7232 7229 7464 7465 
f 7203 7206 8127 8128 
f 7234 7231 7449 7450 
f 7235 7232 7465 7466 
f 7207 7203 8128 8129 
f 6978 8207 8188 
f 7318 7359 7369 
f 6597 7248 8275 8285 
f 7241 7275 6628 6630 
f 7242 7246 5627 5525 
f 7243 7245 5607 5553 
f 7244 7247 5661 5573 
f 7246 7243 5553 5627 
f 7247 7242 5525 5661 
f 7248 7244 5573 5681 
f 7239 7274 6127 6146 
f 7272 7249 6075 6074 
f 7249 7250 6076 6075 
f 7250 7251 6077 6076 
f 7251 7252 6078 6077 
f 7252 7253 6079 6078 
f 7253 7254 6080 6079 
f 7254 7255 6081 6080 
f 7255 7237 6082 6081 
f 7273 7256 6084 6083 
f 7256 7257 6085 6084 
f 7257 7258 6086 6085 
f 7258 7259 6087 6086 
f 7259 7260 6088 6087 
f 7260 7261 6089 6088 
f 7261 7262 6090 6089 
f 7262 7263 6091 6090 
f 7702 7264 6092 7701 
f 7264 7265 6093 6092 
f 7265 7266 6094 6093 
f 7266 7267 6095 6094 
f 7267 7268 6096 6095 
f 7268 7269 6097 6096 
f 7269 7270 6098 6097 
f 7270 7271 6099 6098 
f 6099 7271 7238 6100 
f 7274 7273 6083 6127 
f 7237 7239 6146 6082 
f 7725 7272 6074 7726 
f 7240 7275 6385 6368 
f 7276 7240 6368 6405 
f 6969 7277 8275 8274 
f 7278 7282 7328 7324 
f 7279 7281 7327 7325 
f 7280 7283 7329 7326 
f 7281 7676 7677 7327 
f 7282 7279 7325 7328 
f 7283 7278 7324 7329 
f 7284 7280 7326 7330 
f 7316 7311 7357 7322 
f 7323 7317 7700 7699 
f 7312 7316 7322 7358 
f 5681 7284 8288 8274 
f 7287 7285 6074 6075 
f 7288 7287 6075 6076 
f 7289 7288 6076 6077 
f 7290 7289 6077 6078 
f 7291 7290 6078 6079 
f 7292 7291 6079 6080 
f 7293 7292 6080 6081 
f 7313 7293 6081 6082 
f 7294 7286 6083 6084 
f 7295 7294 6084 6085 
f 7296 7295 6085 6086 
f 7297 7296 6086 6087 
f 7298 7297 6087 6088 
f 7299 7298 6088 6089 
f 7300 7299 6089 6090 
f 7301 7300 6090 6091 
f 7303 7302 6092 6093 
f 7304 7303 6093 6094 
f 7305 7304 6094 6095 
f 7306 7305 6095 6096 
f 7307 7306 6096 6097 
f 7308 7307 6097 6098 
f 7309 7308 6098 6099 
f 7314 7309 6099 6100 
f 7727 7314 6100 7726 
f 7310 7315 6146 6127 
f 7286 7310 6127 6083 
f 7315 7313 6082 6146 
f 7317 7311 6385 6423 
f 7359 7318 8288 8248 
f 7284 7330 8248 8288 
f 7333 7331 7285 7287 
f 7334 7333 7287 7288 
f 7335 7334 7288 7289 
f 7336 7335 7289 7290 
f 7337 7336 7290 7291 
f 7338 7337 7291 7292 
f 7339 7338 7292 7293 
f 7319 7339 7293 7313 
f 7340 7332 7286 7294 
f 7341 7340 7294 7295 
f 7342 7341 7295 7296 
f 7343 7342 7296 7297 
f 7344 7343 7297 7298 
f 7345 7344 7298 7299 
f 7346 7345 7299 7300 
f 7347 7346 7300 7301 
f 7349 7348 7302 7303 
f 7350 7349 7303 7304 
f 7351 7350 7304 7305 
f 7352 7351 7305 7306 
f 7353 7352 7306 7307 
f 7354 7353 7307 7308 
f 7355 7354 7308 7309 
f 7314 7320 7355 7309 
f 7728 7320 7314 7727 
f 7356 7321 7315 7310 
f 7332 7356 7310 7286 
f 7321 7319 7313 7315 
f 7323 7357 7311 7317 
f 7324 7328 5609 5501 
f 7325 7327 5589 5535 
f 7326 7329 5643 5555 
f 7328 7325 5535 5609 
f 7329 7324 5501 5643 
f 7330 7326 5555 5663 
f 7322 7357 6386 6367 
f 7358 7322 6367 6404 
f 8248 8247 7184 7359 
f 6798 7369 7359 7184 
f 7367 7368 6969 7318 
f 7277 6969 7368 
f 8207 6978 7277 7365 
f 6793 6792 7360 
f 8204 8182 7361 7360 
f 7361 8182 8179 
f 6795 6794 7362 
f 7363 7362 7360 7361 
f 7361 7364 7363 
f 8179 7365 7364 
f 7365 8210 8207 
f 6797 6796 7366 
f 7367 7366 7362 7363 
f 7368 7367 7363 7364 
f 7364 7365 7277 7368 
f 7369 6798 6797 7366 
f 7318 7369 7366 7367 
f 7366 6796 6795 7362 
f 7362 6794 6793 7360 
f 8198 8204 7360 6792 
f 6748 8154 8156 
f 7210 8122 8130 7644 
f 7645 7646 7211 7473 
f 7647 7648 7212 7458 
f 7008 8230 8229 7641 
f 7371 8131 8132 7374 
f 7375 7372 7482 7483 
f 7376 7373 7467 7468 
f 7453 8227 8228 7452 
f 7390 7375 7483 7487 
f 7391 7376 7468 7472 
f 7453 7457 8226 8227 
f 7383 7380 7484 7485 
f 7470 7384 7381 7469 
f 7454 7455 8224 8225 
f 7486 7386 7383 7485 
f 7471 7387 7384 7470 
f 7455 7456 8223 8224 
f 8183 8307 8306 8186 
f 7388 8133 8132 
f 7487 7392 7379 7484 
f 7472 7390 7380 7469 
f 7457 7391 7381 7454 
f 7392 8133 7379 
f 8202 7485 8308 8205 
f 7399 7400 7408 7407 
f 7396 7395 7437 7438 
f 7398 7397 7439 7440 
f 7394 7393 7435 7436 
f 7399 7398 7440 7441 
f 7395 7394 7436 7437 
f 7397 7396 7438 7439 
f 7393 7385 7434 7435 
f 7404 7403 7395 7396 
f 7406 7405 7397 7398 
f 7402 7401 7393 7394 
f 7407 7406 7398 7399 
f 7403 7402 7394 7395 
f 7405 7404 7396 7397 
f 7401 7382 7385 7393 
f 7407 7408 7416 7415 
f 7412 7411 7403 7404 
f 7414 7413 7405 7406 
f 7410 7409 7401 7402 
f 7415 7414 7406 7407 
f 7411 7410 7402 7403 
f 7413 7412 7404 7405 
f 7409 7378 7382 7401 
f 7415 7416 7424 7423 
f 7420 7419 7411 7412 
f 7422 7421 7413 7414 
f 7418 7417 7409 7410 
f 7423 7422 7414 7415 
f 7419 7418 7410 7411 
f 7421 7420 7412 7413 
f 7417 7389 7378 7409 
f 7423 7424 6995 7091 
f 7432 7433 7442 7441 
f 7429 7428 7112 7031 
f 7431 7430 7131 7050 
f 7427 7426 7160 7079 
f 7432 7431 7050 7092 
f 7428 7427 7079 7112 
f 7430 7429 7031 7131 
f 7426 7425 6838 7160 
f 7438 7437 7428 7429 
f 7440 7439 7430 7431 
f 7436 7435 7426 7427 
f 7441 7440 7431 7432 
f 7437 7436 7427 7428 
f 7439 7438 7429 7430 
f 7435 7434 7425 7426 
f 7441 7442 7400 7399 
f 7451 8230 8231 7443 
f 7443 8231 8232 7444 
f 7444 8232 8233 7445 
f 7011 8234 8233 7017 
f 7022 8235 8234 7011 
f 7015 8236 8235 7022 
f 7023 8237 8236 7015 
f 7023 7010 8238 8237 
f 7648 7649 7451 7212 
f 7453 7452 7373 7376 
f 7457 7453 7376 7391 
f 7455 7454 7381 7384 
f 7456 7455 7384 7387 
f 7389 8226 8225 7378 
f 7213 7459 7458 7212 
f 7216 7460 7459 7213 
f 7219 7461 7460 7216 
f 7462 7461 7219 7222 
f 7463 7462 7222 7225 
f 7464 7463 7225 7228 
f 7465 7464 7228 7231 
f 7466 7465 7231 7234 
f 7646 7647 7458 7211 
f 7468 7467 7372 7375 
f 7472 7468 7375 7390 
f 7383 7470 7469 7380 
f 7386 7471 7470 7383 
f 7391 7472 7469 7381 
f 7214 7474 7473 7211 
f 7217 7475 7474 7214 
f 7220 7476 7475 7217 
f 7477 7476 7220 7223 
f 7478 7477 7223 7226 
f 7479 7478 7226 7229 
f 7480 7479 7229 7232 
f 7481 7480 7232 7235 
f 7644 7645 7473 7210 
f 7483 7482 7371 7374 
f 7392 7487 7483 7374 
f 7379 7485 7484 
f 7485 8202 8164 7486 
f 7390 7487 7484 7380 
f 7486 8164 8162 7488 
f 7434 7385 8223 8222 
f 7387 7491 7492 7456 
f 7471 7490 7491 7387 
f 7386 7489 7490 7471 
f 7488 7489 7386 7486 
f 8168 8166 6846 7497 
f 6921 7496 7497 6846 
f 6845 7495 7496 6921 
f 6844 7494 7495 6845 
f 6843 7493 7494 6844 
f 7493 6843 8220 8221 
f 7425 7434 8222 8221 
f 7491 7494 7493 7492 
f 7490 7495 7494 7491 
f 7489 7496 7495 7490 
f 7488 7497 7496 7489 
f 7497 7488 8162 8168 
f 8186 8306 8309 8188 
f 6832 6917 6895 6819 
f 7502 7498 10716 8110 
f 7499 7503 7108 7027 
f 7047 7500 7504 7128 
f 7501 7505 7157 7076 
f 7088 7502 7500 7047 
f 7503 7501 7076 7108 
f 7128 7504 7499 7027 
f 7505 7508 7507 7157 
f 7506 7507 8240 8239 
f 7525 7524 7512 7513 
f 7528 7527 7515 7516 
f 7518 7519 8134 8135 
f 7513 7512 7521 7522 
f 7516 7515 7524 7525 
f 7519 7518 7527 7528 
f 10395 8242 8241 7508 
f 7507 7508 8241 8240 
f 7521 7450 8238 8239 
f 10736 7526 7514 10735 
f 7526 7525 7513 7514 
f 7234 7512 7524 7466 
f 10740 7529 7517 10739 
f 7529 7528 7516 7517 
f 7235 7515 7527 7481 
f 7519 7520 8136 8134 
f 7511 7207 8129 8135 
f 10735 7514 7523 8112 
f 7514 7513 7522 7523 
f 7450 7521 7512 7234 
f 10739 7517 7526 10736 
f 7517 7516 7525 7526 
f 7466 7524 7515 7235 
f 8113 7520 7529 10740 
f 7520 7519 7528 7529 
f 7481 7527 7518 7236 
f 7530 8114 10155 6965 
f 6965 8294 7530 
f 7509 8136 7531 
f 7532 7520 8113 7855 
f 7534 7553 7549 7533 
f 7535 7556 7553 7534 
f 7536 7559 7556 7535 
f 7537 7562 7559 7536 
f 7538 7565 7562 7537 
f 7539 7568 7565 7538 
f 7540 7571 7568 7539 
f 10766 8116 7571 7540 
f 7533 7549 7573 7541 
f 7542 7541 7573 7576 
f 7543 7542 7576 7579 
f 10775 7544 7583 10774 
f 7544 7545 7586 7583 
f 7545 7546 7589 7586 
f 7546 7547 7592 7589 
f 7547 7543 7579 7592 
f 7534 7533 7531 
f 7533 7541 7531 
f 7535 7534 7531 
f 7536 7535 7531 
f 7537 7536 7531 
f 7541 7530 7531 
f 7542 7543 7530 
f 7543 7547 7530 
f 7547 7546 7530 
f 7546 7545 7530 
f 7545 8114 7530 
f 7544 10775 8114 
f 7545 7544 8114 
f 7537 7531 7532 
f 7538 7537 7532 
f 7539 7538 7532 
f 7540 7855 10766 
f 7541 7542 7530 
s 2
f 7548 7551 7552 7550 
f 7551 7554 7555 7552 
f 7554 7557 7558 7555 
f 7557 7560 7561 7558 
f 7560 7563 7564 7561 
f 7563 7566 7567 7564 
f 7566 7569 7570 7567 
f 7569 10799 8115 7570 
f 7578 7575 7577 7580 
f 7572 7548 7550 7574 
f 7575 7572 7574 7577 
f 10808 7581 7582 10807 
f 7581 7584 7585 7582 
f 7584 7587 7588 7585 
f 7587 7590 7591 7588 
f 7590 7578 7580 7591 
s 1
f 7551 7548 7549 7553 
f 7554 7551 7553 7556 
f 7557 7554 7556 7559 
f 7560 7557 7559 7562 
f 7563 7560 7562 7565 
f 7566 7563 7565 7568 
f 7569 7566 7568 7571 
f 10799 7569 7571 8116 
f 7548 7572 7573 7549 
f 7572 7575 7576 7573 
f 7575 7578 7579 7576 
f 7581 10808 10774 7583 
f 7584 7581 7583 7586 
f 7587 7584 7586 7589 
f 7590 7587 7589 7592 
f 7578 7590 7592 7579 
f 7594 7593 6929 6925 
f 7596 7595 6928 6926 
f 7598 7597 6930 6927 
f 6928 7595 7671 7672 
f 7593 7596 6926 6929 
f 7597 7594 6925 6930 
f 7599 7598 6927 6931 
f 7601 7600 6957 6962 
f 7603 7602 6932 6955 
f 7602 7604 6933 6932 
f 7604 7605 6934 6933 
f 7605 7606 6935 6934 
f 7606 7607 6936 6935 
f 7607 7608 6937 6936 
f 7608 7609 6938 6937 
f 7609 7610 6960 6938 
f 7612 7611 6939 6956 
f 7611 7613 6940 6939 
f 7613 7614 6941 6940 
f 7614 7615 6942 6941 
f 7615 7616 6943 6942 
f 7616 7617 6944 6943 
f 7617 7618 6945 6944 
f 7618 7619 6946 6945 
f 7705 7620 6947 7704 
f 7620 7621 6948 6947 
f 7621 7622 6949 6948 
f 7622 7623 6950 6949 
f 7623 7624 6951 6950 
f 7624 7625 6952 6951 
f 7625 7626 6953 6952 
f 7626 7627 6954 6953 
f 6954 7627 7628 6961 
f 7600 7612 6956 6957 
f 7610 7601 6962 6960 
f 7722 7603 6955 7723 
f 7630 7629 6958 6963 
f 7632 7630 6963 6959 
f 5662 7599 8287 8280 
f 7631 7629 6384 6422 
f 8188 7642 8287 8286 
f 7634 7633 7007 7085 
f 7636 7635 7110 7029 
f 7638 7637 7129 7048 
f 7640 7639 7158 7077 
f 7634 7638 7048 7090 
f 7635 7640 7077 7110 
f 7637 7636 7029 7129 
f 7639 7641 7370 7158 
f 8188 8309 8305 7642 
f 7209 8131 8130 7643 
f 7646 7645 7482 7372 
f 7648 7647 7467 7373 
f 7452 8228 8229 7649 
f 7649 7648 7373 7452 
f 7647 7646 7372 7467 
f 7645 7644 7371 7482 
f 7694 7693 6392 6391 
f 7693 7692 6393 6392 
f 7692 7691 6394 6393 
f 7691 7690 6395 6394 
f 7690 7689 6396 6395 
f 7689 7688 6397 6396 
f 7688 7687 6398 6397 
f 6398 7687 7686 6399 
f 6399 7686 7685 6588 
f 7684 7683 6589 6400 
f 6401 7682 7681 6590 
f 7680 7679 6403 6402 
f 7679 7678 6404 6403 
f 7678 7677 7358 6404 
f 7675 7674 7276 6405 
f 6406 7670 7669 6493 
f 7668 7667 6494 6407 
f 7666 7665 6495 6408 
f 7664 7663 6496 6409 
f 7662 7661 6497 6410 
f 6411 7660 7659 6498 
f 7658 7657 6499 6412 
f 7656 7655 6500 6413 
f 7654 7653 6415 6414 
f 7653 7652 6416 6415 
f 7652 7651 6417 6416 
f 7651 7650 6418 6417 
f 8078 7694 6391 9684 
f 6493 7669 7668 6407 
f 7667 7666 6408 6494 
f 7665 7664 6409 6495 
f 7663 7662 6410 6496 
f 6497 7661 7660 6411 
f 6498 7659 7658 6412 
f 7657 7656 6413 6499 
f 7655 7654 6414 6500 
f 7685 7684 6400 6588 
f 6589 7683 7682 6401 
f 6590 7681 7680 6402 
f 7673 7672 6959 6629 
f 7672 7671 7632 6959 
f 7674 7673 6629 7276 
f 7676 7675 6405 7312 
f 7677 7676 7312 7358 
f 7671 7670 6406 7632 
f 7697 7696 6692 6425 
f 6630 7703 7702 7241 
f 7696 7695 6426 6692 
f 7704 7703 6630 6964 
f 7241 7702 7701 6423 
f 7631 7705 7704 6964 
f 7697 7698 6183 6184 
f 7705 7706 6341 7620 
f 7698 7699 7348 6183 
f 7706 7707 6516 6341 
f 7707 7754 5851 6516 
f 7700 7701 6092 7302 
f 7699 7700 7302 7348 
f 7721 7722 7628 6349 
f 7742 7743 6241 6242 
f 7729 7728 7331 6147 
f 7730 7731 6632 6199 
f 7743 8095 8091 6241 
f 7742 7741 6634 6209 
f 7708 9531 9489 6269 
f 7709 7710 6540 6283 
f 7721 7720 6524 6350 
f 7720 7719 5701 6524 
f 7710 7711 5856 6540 
f 7724 7725 7238 6599 
f 7731 7732 7770 6632 
f 7741 7740 5775 6634 
f 7723 7724 6599 6961 
f 7725 7726 6100 7238 
f 7727 7726 6074 7285 
f 7728 7727 7285 7331 
f 7722 7723 6961 7628 
f 7749 7764 7765 7748 
f 7748 7765 7754 
f 5873 7753 7754 
f 7752 7753 5873 5872 
f 7759 5884 5885 7758 
f 7747 7746 5883 7745 
f 7747 7745 7754 
f 7754 7744 7748 
f 5880 7749 7748 7744 
f 7755 7756 5881 5878 
f 5887 7750 5896 5900 
f 7753 7747 7754 
f 5871 7760 7752 5872 
f 5852 7762 7761 5875 
f 5857 7763 7762 5852 
f 5858 7764 7763 5857 
f 5858 5851 7765 7764 
f 7765 5851 7754 
f 7751 7750 5887 5884 
f 7760 7751 5884 7759 
f 7753 7752 7746 7747 
f 7759 7746 7752 7760 
f 7758 5883 7746 7759 
f 7757 5882 5883 7758 
f 7757 7756 5880 5882 
f 7756 7755 7749 5880 
f 7755 7763 7764 7749 
f 7788 7695 7826 
f 7790 7841 7842 7792 
f 7791 7767 7789 7841 
f 7792 7842 7843 7835 
f 7767 7791 7793 7773 
f 7769 7774 7802 7768 
f 7781 7770 7780 7808 
f 7796 7794 7825 7788 
f 7832 7840 7785 7784 
f 7831 7832 7784 7800 
f 7773 7793 7802 7774 
f 7768 7802 7803 7775 
f 7775 7803 7804 7776 
f 7804 7805 7777 7776 
f 7805 7806 7778 7777 
f 7806 7807 7779 7778 
f 7780 7779 7807 7808 
f 7781 7808 7809 7782 
f 7783 7782 7809 7810 
f 7800 7783 7810 7831 
f 7826 7797 7796 7788 
f 7811 7809 7808 7807 
f 7812 7811 7807 7806 
f 7813 7812 7806 7805 
f 7814 7810 7809 7811 
f 7815 7814 7811 7812 
f 7816 7815 7812 7813 
f 7817 7801 7814 7815 
f 7818 7817 7815 7816 
f 7799 7798 7801 7817 
f 7819 7799 7817 7818 
f 7838 7799 7819 7837 
f 7820 7813 7805 7804 
f 7821 7820 7804 7803 
f 7793 7821 7803 7802 
f 7822 7816 7813 7820 
f 7823 7822 7820 7821 
f 7824 7818 7816 7822 
f 7790 7824 7822 7823 
f 7791 7823 7821 7793 
f 7841 7790 7823 7791 
f 7795 7819 7818 7824 
f 7792 7795 7824 7790 
f 7836 7837 7819 7795 
f 7788 7825 7695 
f 7830 7844 7845 7829 
f 7829 7845 7695 
f 7787 7834 7695 
f 7833 7834 7787 7786 
f 7839 7798 7799 7838 
f 7828 7827 7797 7826 
f 7828 7826 7695 
f 7695 7825 7829 
f 7794 7830 7829 7825 
f 7835 7836 7795 7792 
f 7801 7831 7810 7814 
f 7834 7828 7695 
f 7785 7840 7833 7786 
f 7766 7842 7841 7789 
f 7771 7843 7842 7766 
f 7772 7844 7843 7771 
f 7772 6062 7845 7844 
f 7845 6062 7695 
f 7832 7831 7801 7798 
f 7840 7832 7798 7839 
f 7834 7833 7827 7828 
f 7839 7827 7833 7840 
f 7838 7797 7827 7839 
f 7837 7796 7797 7838 
f 7837 7836 7794 7796 
f 7836 7835 7830 7794 
f 7835 7843 7844 7830 
f 7858 8053 8054 7859 
f 7859 7860 7857 7858 
f 7860 7861 7856 7857 
f 10891 10892 7856 7861 
f 7859 8054 8055 7862 
f 7862 7863 7860 7859 
f 7863 7864 7861 7860 
f 7864 7865 10891 7861 
f 7862 8055 8056 7866 
f 7866 7867 7863 7862 
f 7867 7868 7864 7863 
f 7868 10901 7865 7864 
f 7871 8049 8050 7872 
f 7872 7873 7870 7871 
f 7873 7874 7869 7870 
f 7872 8050 8051 7875 
f 7875 7876 7873 7872 
f 7876 7877 7874 7873 
f 7875 8051 8052 7878 
f 7878 7879 7876 7875 
f 7879 7880 7877 7876 
f 7880 10919 10918 7877 
f 7878 8052 8053 7858 
f 7858 7857 7879 7878 
f 7857 7856 7880 7879 
f 7856 10892 10919 7880 
f 8057 7866 8056 
f 8064 8065 7868 
f 8062 8063 7867 
f 8060 8061 7866 
f 10901 7868 8065 10927 
f 7868 7867 8063 8064 
f 7867 7866 8061 8062 
f 8059 8060 7866 
f 8058 8059 7866 
f 8057 8058 7866 
f 7889 7888 11690 11692 
f 7881 7889 11692 11695 
f 7882 7881 11695 11698 
f 7890 7882 11698 11701 
f 7891 7890 11701 11704 
f 7883 7891 11704 11707 
f 7884 7883 11707 11710 
f 7918 7884 11710 11713 
f 7917 7918 11713 11716 
f 7885 7917 11716 11719 
f 7886 7885 11719 11722 
f 7916 7886 11722 11725 
f 7915 7916 11725 11728 
f 7887 7915 11728 11731 
f 7887 11731 11734 10945 
f 10948 7888 7900 10947 
f 7900 7888 7889 7901 
f 7901 7889 7881 7902 
f 7902 7881 7882 7903 
f 7903 7882 7890 7904 
f 7904 7890 7891 7905 
f 7905 7891 7883 7906 
f 7906 7883 7884 7892 
f 7906 7892 7893 7907 
f 7907 7893 7919 7908 
f 7909 7905 7906 7907 
f 7895 7909 7907 7908 
f 7910 7904 7905 7909 
f 7911 7903 7904 7910 
f 7894 7910 7909 7895 
f 7896 7911 7910 7894 
f 7912 7902 7903 7911 
f 7913 7901 7902 7912 
f 7897 7912 7911 7896 
f 7898 7913 7912 7897 
f 7914 7900 7901 7913 
f 10947 7900 7914 10971 
f 7899 7914 7913 7898 
f 10971 7914 7899 10973 
f 7892 7884 7918 7931 
f 7915 7887 7925 7926 
f 7916 7915 7926 7927 
f 7886 7916 7927 7928 
f 7885 7886 7928 7929 
f 7917 7885 7929 7930 
f 7918 7917 7930 7931 
f 7892 7931 7932 7893 
f 7919 7893 7932 7933 
f 7935 7926 7925 7934 
f 7922 7935 7934 7936 
f 7937 7927 7926 7935 
f 7938 7928 7927 7937 
f 7921 7937 7935 7922 
f 7920 7938 7937 7921 
f 7939 7929 7928 7938 
f 7940 7930 7929 7939 
f 7923 7939 7938 7920 
f 7924 7940 7939 7923 
f 7932 7931 7930 7940 
f 7933 7932 7940 7924 
s 2
f 11743 11689 11737 11741 
f 11743 11746 11693 11689 
f 11746 11749 11696 11693 
f 11749 11752 11699 11696 
f 11752 11755 11702 11699 
f 11755 11758 11705 11702 
f 11758 11761 11708 11705 
f 11761 11764 11711 11708 
f 11764 11767 11714 11711 
f 11767 11770 11717 11714 
f 11770 11773 11720 11717 
f 11773 11776 11723 11720 
f 11776 11779 11726 11723 
f 11779 11782 11729 11726 
f 11782 11785 11732 11729 
s 1
f 11744 11740 10995 
f 11747 11744 10995 
f 11750 11747 10995 
f 11753 11750 10995 
f 11756 11753 10995 
f 11759 11756 10995 
f 11762 11759 10995 
f 11765 11762 10995 
f 11768 11765 10995 
f 11771 11768 10995 
f 11774 11771 10995 
f 11777 11774 10995 
f 11780 11777 10995 
f 11783 11780 10995 
f 11786 11783 10995 
f 7942 7941 7894 7895 
f 7941 7943 7896 7894 
f 7943 7944 7897 7896 
f 7944 7945 7898 7897 
f 7945 7946 7899 7898 
f 7948 7947 7908 7919 
f 7947 7942 7895 7908 
f 7951 7950 7921 7922 
f 7950 7949 7920 7921 
f 7952 7953 7924 7923 
f 7954 7948 7919 7933 
f 7949 7952 7923 7920 
f 7955 7936 8072 11010 
f 7955 7951 7922 7936 
f 7953 7954 7933 7924 
f 7957 8037 8038 7956 
f 7956 8038 8039 8036 
f 7959 7956 8036 
f 7960 7957 7956 7959 
f 7957 7958 8066 8037 
f 7871 7959 8048 8049 
f 7870 7960 7959 7871 
f 7991 7941 7942 7992 
f 7993 7943 7941 7991 
f 7994 7944 7943 7993 
f 7995 7945 7944 7994 
f 7996 7946 7945 7995 
f 7998 7997 7947 7948 
f 7997 7992 7942 7947 
f 8000 7950 7951 8001 
f 7999 7949 7950 8000 
f 8003 7953 7952 8002 
f 7998 7948 7954 8004 
f 8002 7952 7949 7999 
f 8005 7955 11010 8075 
f 8001 7951 7955 8005 
f 8004 7954 7953 8003 
f 7976 7977 8007 8006 
f 8008 7978 7976 8006 
f 8009 7979 7978 8008 
f 8010 7980 7979 8009 
f 8011 7981 7980 8010 
f 11050 7981 8011 8076 
f 7982 7983 8013 8012 
f 7977 7982 8012 8007 
f 7985 7986 8016 8015 
f 7984 7985 8015 8014 
f 8018 7988 7987 8017 
f 8013 7983 7989 8019 
f 7987 7984 8014 8017 
f 7986 7990 8020 8016 
f 8019 7989 7988 8018 
f 7991 7992 7977 7976 
f 7978 7993 7991 7976 
f 7994 7993 7978 7979 
f 7980 7995 7994 7979 
f 7996 7995 7980 7981 
f 11069 7996 7981 11050 
f 7997 7998 7983 7982 
f 7992 7997 7982 7977 
f 8000 8001 7986 7985 
f 7999 8000 7985 7984 
f 8003 8002 7987 7988 
f 7983 7998 8004 7989 
f 8002 7999 7984 7987 
f 8001 8005 7990 7986 
f 7989 8004 8003 7988 
f 8006 8007 7962 7961 
f 7963 8008 8006 7961 
f 7964 8009 8008 7963 
f 7965 8010 8009 7964 
f 7966 8011 8010 7965 
f 8076 8011 7966 11076 
f 8012 8013 7968 7967 
f 8007 8012 7967 7962 
f 8015 8016 7971 7970 
f 8014 8015 7970 7969 
f 7973 8018 8017 7972 
f 7968 8013 8019 7974 
f 8017 8014 7969 7972 
f 8016 8020 7975 7971 
f 7974 8019 8018 7973 
f 8022 8021 7961 7962 
f 8021 8023 7963 7961 
f 8023 8024 7964 7963 
f 8024 8025 7965 7964 
f 8025 8026 7966 7965 
f 8028 8027 7967 7968 
f 8027 8022 7962 7967 
f 8031 8030 7970 7971 
f 8030 8029 7969 7970 
f 8032 8033 7973 7972 
f 8034 8028 7968 7974 
f 8029 8032 7972 7969 
f 8035 7975 8074 11100 
f 8035 8031 7971 7975 
f 8033 8034 7974 7973 
f 8031 8035 11102 
f 8028 8034 8067 
f 8027 8028 8067 
f 8069 11106 11104 8026 
f 8035 11100 11102 
f 8021 8022 8068 
f 8022 8067 8068 
f 8023 8021 8068 
f 8024 8023 8069 
f 8025 8024 8069 
f 8023 8068 8069 
f 8026 8025 8069 
f 8022 8027 8067 
f 8067 8070 7957 7960 
f 8070 8071 7958 7957 
f 8039 8040 8036 
f 7959 8036 8047 8048 
f 8040 8041 8036 
f 8041 8042 8036 
f 8042 8043 8036 
f 8043 8044 8036 
f 8044 8045 8036 
f 8045 8046 8036 
f 8046 8047 8036 
f 8038 8037 6992 6993 
f 8039 8038 6993 7009 
f 8040 8039 7009 7024 
f 8041 8040 7024 7016 
f 8042 8041 7016 7021 
f 8043 8042 7021 7012 
f 8044 8043 7012 7018 
f 8045 8044 7018 7013 
f 8046 8045 7013 7019 
f 8047 8046 7019 7007 
f 8048 8047 7007 7633 
f 8049 8048 7633 6994 
f 8050 8049 6994 6995 
f 8051 8050 6995 7424 
f 8052 8051 7424 7416 
f 8053 8052 7416 7408 
f 8054 8053 7408 7400 
f 8055 8054 7400 7442 
f 8056 8055 7442 7433 
f 8057 8056 7433 6996 
f 8058 8057 6996 7002 
f 8059 8058 7002 7001 
f 8060 8059 7001 7000 
f 8061 8060 7000 6999 
f 8062 8061 6999 7004 
f 8063 8062 7004 7167 
f 8064 8063 7167 7175 
f 8065 8064 7175 7005 
f 8065 7005 7854 10927 
f 8037 8066 7498 6992 
f 8117 11106 8069 7869 
f 8070 8033 8032 
f 8068 8067 7960 7870 
f 8068 7870 7869 8069 
f 8067 8034 8033 
f 8067 8033 8070 
f 8070 8032 8029 
f 8070 8029 8071 
f 8071 8029 8030 
f 8071 8030 8031 
f 11102 8071 8031 
f 5913 11365 11367 6069 
f 5936 11371 11373 5935 
f 5988 11377 11379 5989 
f 6011 11383 11385 6012 
f 6064 11389 11377 5988 
f 6065 11392 11389 6064 
f 6063 11395 11392 6065 
f 6067 11398 11395 6063 
f 6066 11401 11398 6067 
f 6012 11385 11401 6066 
f 6072 11404 11371 5936 
f 6073 11407 11404 6072 
f 6068 11410 11407 6073 
f 6071 11413 11410 6068 
f 6070 11416 11413 6071 
f 6069 11367 11416 6070 
f 6181 11419 11421 6182 
f 6340 11425 11427 7619 
f 6227 11431 11433 6228 
f 6303 11437 11439 6304 
f 7347 11443 11419 6181 
f 6182 11421 11445 6676 
f 6228 11433 11448 9456 
f 6643 11452 11431 6227 
f 8099 11455 11437 6303 
f 6304 11439 11457 6559 
f 6515 11461 11425 6340 
f 5935 11373 11461 6515 
f 6559 11457 11365 5913 
f 6615 11464 11466 7263 
f 6676 11445 11383 6011 
f 5989 11379 11452 6643 
f 6946 11470 11464 6615 
f 7263 11466 11472 6091 
f 6091 11472 11475 7301 
f 7301 11475 11443 7347 
f 7619 11427 11470 6946 
f 7874 11118 8117 7869 
f 7877 10918 11118 7874 
f 10948 11738 11690 7888 
f 10945 11119 7925 7887 
f 11119 11120 7934 7925 
f 11120 8072 7936 7934 
s 2
f 11788 11735 11732 11785 
s 1
f 11879 11786 10995 
f 11121 10973 7899 7946 
f 7958 8073 11122 8066 
f 11069 11121 7946 7996 
f 8119 8118 8020 7990 
f 8075 8119 7990 8005 
f 8118 8074 7975 8020 
f 8026 8120 11076 7966 
f 8120 8026 11104 
f 8071 11102 8073 7958 
f 8066 11122 10716 7498 
f 8121 7201 7200 8122 
f 8123 7205 7201 8121 
f 8124 7204 7205 8123 
f 7221 7224 8125 8124 
f 7224 7227 8126 8125 
f 7227 7230 8127 8126 
f 7230 7233 8128 8127 
f 7233 7236 8129 8128 
f 8122 7200 7643 8130 
f 8131 7209 7388 8132 
f 8133 7392 7374 8132 
f 7510 7511 8135 8134 
f 7509 7510 8134 8136 
f 7236 7518 8135 8129 
f 8131 7371 7644 8130 
f 7510 7509 8138 8137 
f 7511 7510 8137 8139 
f 7207 7511 8139 8140 
f 8141 7200 7201 8142 
f 7208 7202 8144 8143 
f 7206 7203 8146 8145 
f 8147 7205 7204 8148 
f 8142 7201 7205 8147 
f 7202 7206 8145 8144 
f 7203 7207 8140 8146 
f 8148 7204 7208 8143 
f 8149 7643 7200 8141 
f 8150 7209 7643 8149 
f 8154 8152 8151 8153 
f 8158 8156 8155 8157 
f 8152 8160 8159 8151 
f 8190 8158 8157 8189 
f 8192 8190 8189 8191 
f 8194 8192 8191 8193 
f 8198 8196 8195 8197 
f 8196 8194 8193 8195 
f 8172 8170 8169 8171 
f 8170 8166 8165 8169 
f 8174 8172 8171 8173 
f 8176 8174 8173 8175 
f 8178 8176 8175 8177 
f 8160 8200 8199 8159 
f 8200 8178 8177 8199 
f 8188 8207 8208 8187 
f 8182 8204 8203 8181 
f 8179 8182 8181 8180 
f 8210 8179 8180 8209 
f 8207 8210 8209 8208 
f 8204 8198 8197 8203 
f 8156 8154 8153 8155 
f 8183 8186 8185 8184 
f 8202 8205 8206 8201 
f 8164 8202 8201 8163 
f 8162 8164 8163 8161 
f 8166 8168 8167 8165 
f 8168 8162 8161 8167 
f 8186 8188 8187 8185 
f 8205 8183 8184 8206 
f 8136 7520 7532 
f 8138 7531 7530 
f 8138 7509 7531 
f 8136 7532 7531 
f 6843 6848 8219 8220 
f 6857 7185 8216 8217 
f 6848 6852 8218 8219 
f 6852 6857 8217 8218 
f 7199 8111 8211 8212 
f 7185 7190 8215 8216 
f 7190 7193 8214 8215 
f 7193 7196 8213 8214 
f 7196 7199 8212 8213 
f 8230 7451 7649 8229 
f 7377 7370 8228 8227 
f 7389 7377 8227 8226 
f 7382 7378 8225 8224 
f 7385 7382 8224 8223 
f 8230 7008 7020 8231 
f 8231 7020 7014 8232 
f 7014 7017 8233 8232 
f 7446 7445 8233 8234 
f 7447 7446 8234 8235 
f 7448 7447 8235 8236 
f 7449 7448 8236 8237 
f 7450 7449 8237 8238 
f 7457 7454 8225 8226 
f 7456 7492 8222 8223 
f 6838 7425 8221 8220 
f 7492 7493 8221 8222 
f 7522 7521 8239 8240 
f 8112 7523 8241 8242 
f 7523 7522 8240 8241 
f 7010 7506 8239 8238 
f 7370 7641 8229 8228 
f 6989 8289 8278 8277 
f 8289 6989 6789 
f 6922 6841 8291 
f 6841 8172 8174 8291 
f 8200 8160 6855 8292 
f 8292 6855 6750 6924 
f 8133 8307 8308 7379 
f 7388 7209 8150 
f 8137 8138 8294 8293 
f 8139 8137 8293 8295 
f 8140 8139 8295 8296 
f 8297 8141 8142 8298 
f 8143 8144 8300 8299 
f 8145 8146 8302 8301 
f 8303 8147 8148 8304 
f 8298 8142 8147 8303 
f 8144 8145 8301 8300 
f 8146 8140 8296 8302 
f 8304 8148 8143 8299 
f 8305 8149 8141 8297 
f 8307 8133 7388 8306 
f 8306 7388 8150 8309 
f 8309 8150 8149 8305 
f 8307 8183 8205 8308 
f 8294 8138 7530 
f 7485 7379 8308 
f 7361 8179 7364 
f 8179 8210 7365 
f 8310 8313 8312 8311 
f 8314 8317 8316 8315 
f 8318 8321 8320 8319 
f 8324 8323 8322 8325 
f 8327 8326 8329 8328 
f 8332 8331 8330 8333 
f 8334 8335 8313 8310 
f 8336 8339 8338 8337 
f 8340 8343 8342 8341 
f 8329 8326 8345 8344 
f 8348 8347 8346 8349 
f 8352 8351 8350 8353 
f 8356 8355 8354 8357 
f 8317 8314 8359 8358 
f 8077 8258 8358 8359 
f 8360 8363 8362 8361 
f 8364 8367 8366 8365 
f 8369 8368 8371 8370 
f 8373 8372 8375 8374 
f 8376 8379 8378 8377 
f 8380 8383 8382 8381 
f 8385 8384 8387 8386 
f 8388 8389 8343 8340 
f 8341 8342 8339 8336 
f 8337 8338 8335 8334 
f 8079 8078 8390 8391 
f 8324 8333 8330 8323 
f 8392 8395 8394 8393 
f 8398 8397 8396 8399 
f 8402 8401 8400 8403 
f 8406 8405 8404 8407 
f 8410 8409 8408 8411 
f 8414 8413 8412 8415 
f 8418 8417 8416 8419 
f 8397 8421 8420 8396 
f 8424 8423 8422 8425 
f 8428 8427 8426 8429 
f 8432 8431 8430 8419 
f 8435 8434 8433 8436 
f 8439 8438 8437 8440 
f 8402 8442 8441 8443 
f 8403 8400 8444 8445 
f 8445 8444 8081 8080 
f 8448 8447 8446 8449 
f 8452 8451 8450 8453 
f 8456 8455 8454 8457 
f 8460 8459 8458 8461 
f 8464 8463 8462 8465 
f 8468 8467 8466 8443 
f 8471 8470 8469 8472 
f 8426 8427 8473 8436 
f 8423 8428 8429 8422 
f 8421 8424 8425 8420 
f 8399 8474 8082 8475 
f 8409 8477 8476 8408 
f 8480 8479 8478 8440 
f 8483 8482 8481 8484 
f 8486 8485 8430 8487 
f 8489 8488 8473 8490 
f 8492 8491 8478 8493 
f 8494 8401 8466 8495 
f 8496 8398 8083 5526 
f 8484 8481 8497 8498 
f 8391 8500 8499 8496 
f 8494 8356 8501 8502 
f 8505 8504 8503 8506 
f 8509 8508 8507 8510 
f 8500 8512 8511 8499 
f 8515 8514 8513 8516 
f 8519 8518 8517 8520 
f 8522 8521 8487 8523 
f 8502 8501 8524 8525 
f 8525 8524 8084 8526 
f 8529 8528 8527 8530 
f 8533 8532 8531 8534 
f 8537 8536 8535 8538 
f 8541 8540 8539 8542 
f 8545 8544 8543 8546 
f 8548 8547 8355 8495 
f 8551 8550 8549 8552 
f 8518 8348 8490 8517 
f 8514 8519 8520 8513 
f 8512 8515 8516 8511 
f 8554 8553 8350 8493 
f 8556 8474 8555 8557 
f 8559 8442 8558 8560 
f 8563 8562 8561 8564 
f 8567 8566 8565 8568 
f 8555 8570 8569 8557 
f 8573 8572 8571 8574 
f 8577 8576 8575 8578 
f 8580 8579 8416 8581 
f 8560 8558 8582 8583 
f 8583 8582 8584 8585 
f 8588 8587 8586 8589 
f 8592 8591 8590 8593 
f 8596 8595 8594 8597 
f 8600 8599 8598 8601 
f 8604 8603 8602 8605 
f 8607 8606 8441 8608 
f 8611 8610 8609 8612 
f 8576 8433 8613 8575 
f 8572 8577 8578 8571 
f 8570 8573 8574 8569 
f 8615 8614 8437 8616 
f 8319 8618 8617 8619 
f 8622 8621 8620 8581 
f 8624 8623 8388 8613 
f 8626 8625 8616 8627 
f 8559 8315 8628 8608 
f 8556 8311 8629 8630 
f 8618 8632 8631 8617 
f 8325 8483 8484 8324 
f 8332 8486 8487 8521 
f 8349 8489 8490 8348 
f 8351 8492 8493 8350 
f 8356 8494 8495 8355 
f 8391 8496 5526 8079 
f 8324 8484 8498 8333 
f 8390 8633 8500 8391 
f 8357 8634 8501 8356 
f 8504 8636 8635 8503 
f 8638 8637 8508 8509 
f 8500 8633 8639 8512 
f 8515 8641 8640 8514 
f 8519 8643 8642 8518 
f 8645 8644 8521 8522 
f 8634 8646 8524 8501 
f 8524 8646 7650 8084 
f 8648 8647 8528 8529 
f 8532 8650 8649 8531 
f 8652 8651 8536 8537 
f 8540 8654 8653 8539 
f 8545 8656 8655 8544 
f 8547 8657 8354 8355 
f 8551 8659 8658 8550 
f 8642 8347 8348 8518 
f 8640 8643 8519 8514 
f 8639 8641 8515 8512 
f 8553 8660 8353 8350 
f 8398 8496 8499 8397 
f 8401 8494 8502 8400 
f 8405 8505 8506 8404 
f 8510 8507 8413 8414 
f 8499 8511 8421 8397 
f 8516 8513 8423 8424 
f 8520 8517 8427 8428 
f 8523 8487 8430 8431 
f 8400 8502 8525 8444 
f 8444 8525 8526 8081 
f 8530 8527 8447 8448 
f 8451 8533 8534 8450 
f 8538 8535 8455 8456 
f 8460 8541 8542 8459 
f 8463 8546 8543 8462 
f 8467 8548 8495 8466 
f 8552 8549 8470 8471 
f 8517 8490 8473 8427 
f 8513 8520 8428 8423 
f 8511 8516 8424 8421 
f 8479 8554 8493 8478 
f 8482 8411 8408 8481 
f 8485 8418 8419 8430 
f 8488 8435 8436 8473 
f 8491 8439 8440 8478 
f 8401 8402 8443 8466 
f 8398 8399 8475 8083 
f 8481 8408 8476 8497 
f 8619 8617 8409 8410 
f 8417 8622 8581 8416 
f 8434 8624 8613 8433 
f 8627 8616 8437 8438 
f 8442 8559 8608 8441 
f 8474 8556 8630 8082 
f 8617 8631 8477 8409 
f 8399 8396 8555 8474 
f 8442 8402 8403 8558 
f 8562 8406 8407 8561 
f 8415 8412 8566 8567 
f 8396 8420 8570 8555 
f 8425 8422 8572 8573 
f 8429 8426 8576 8577 
f 8579 8432 8419 8416 
f 8558 8403 8445 8582 
f 8582 8445 8080 8584 
f 8587 8449 8446 8586 
f 8591 8452 8453 8590 
f 8457 8454 8595 8596 
f 8461 8458 8599 8600 
f 8603 8464 8465 8602 
f 8606 8468 8443 8441 
f 8472 8469 8610 8611 
f 8576 8426 8436 8433 
f 8422 8429 8577 8572 
f 8420 8425 8573 8570 
f 8614 8480 8440 8437 
f 8556 8557 8310 8311 
f 8315 8559 8560 8314 
f 8661 8563 8564 8393 
f 8568 8565 8326 8327 
f 8557 8569 8334 8310 
f 8574 8571 8336 8337 
f 8578 8575 8340 8341 
f 8345 8580 8581 8620 
f 8314 8560 8583 8359 
f 8359 8583 8585 8077 
f 8362 8588 8589 8379 
f 8366 8592 8593 8381 
f 8597 8594 8385 8368 
f 8601 8598 8369 8372 
f 8378 8604 8605 8367 
f 8380 8607 8608 8628 
f 8612 8609 8363 8384 
f 8575 8613 8388 8340 
f 8571 8578 8341 8336 
f 8569 8574 8337 8334 
f 8662 8615 8616 8625 
f 8663 8618 8319 8320 
f 8664 8620 8621 8665 
f 8389 8388 8623 8666 
f 8625 8626 8668 8667 
f 8316 8669 8628 8315 
f 8312 8283 8629 8311 
f 8670 8632 8618 8663 
f 8673 8672 8671 8674 
f 8677 8676 8675 8678 
f 8671 8680 8679 8674 
f 8682 8681 8679 8680 
f 8684 8683 8681 8682 
f 8683 8686 8685 8681 
f 8686 8688 8687 8685 
f 8688 8690 8689 8687 
f 8692 8691 8689 8690 
f 8692 8694 8693 8691 
f 8694 8696 8695 8693 
f 8698 8697 8695 8696 
f 8697 8700 8699 8695 
f 8700 8702 8701 8699 
f 8702 8704 8703 8701 
f 8704 8706 8705 8703 
f 8706 8708 8707 8705 
f 8708 8675 8676 8707 
f 8710 8709 8676 8677 
f 8712 8711 8709 8710 
f 8714 8713 8711 8712 
f 8716 8715 8713 8714 
f 8718 8717 8715 8716 
f 8720 8719 8717 8718 
f 8722 8721 8719 8720 
f 8721 8724 8723 8719 
f 8726 8725 8723 8724 
f 8726 8672 8673 8725 
f 8727 8707 8676 8709 
f 8728 8705 8707 8727 
f 8729 8703 8705 8728 
f 8730 8727 8709 8711 
f 8731 8730 8711 8713 
f 8732 8728 8727 8730 
f 8733 8729 8728 8732 
f 8734 8732 8730 8731 
f 8735 8733 8732 8734 
f 8736 8701 8703 8729 
f 8737 8699 8701 8736 
f 8693 8695 8699 8737 
f 8738 8736 8729 8733 
f 8739 8737 8736 8738 
f 8740 8738 8733 8735 
f 8741 8739 8738 8740 
f 8691 8693 8737 8739 
f 8689 8691 8739 8741 
f 8742 8731 8713 8715 
f 8743 8742 8715 8717 
f 8744 8734 8731 8742 
f 8745 8735 8734 8744 
f 8746 8744 8742 8743 
f 8747 8745 8744 8746 
f 8723 8743 8717 8719 
f 8725 8746 8743 8723 
f 8673 8747 8746 8725 
f 8748 8740 8735 8745 
f 8749 8741 8740 8748 
f 8750 8748 8745 8747 
f 8751 8749 8748 8750 
f 8687 8689 8741 8749 
f 8685 8687 8749 8751 
f 8674 8750 8747 8673 
f 8679 8751 8750 8674 
f 8681 8685 8751 8679 
f 8754 8753 8752 8755 
f 8758 8757 8756 8759 
f 8762 8761 8760 8763 
f 8755 8765 8764 8754 
f 8755 8767 8766 8765 
f 8767 8769 8768 8766 
f 8769 8771 8770 8768 
f 8771 8773 8772 8770 
f 8773 8775 8774 8772 
f 8775 8761 8762 8774 
f 8777 8776 8760 8761 
f 8779 8778 8776 8777 
f 8781 8780 8778 8779 
f 8781 8783 8782 8780 
f 8783 8785 8784 8782 
f 8785 8787 8786 8784 
f 8787 8789 8788 8786 
f 8787 8791 8790 8789 
f 8791 8793 8792 8790 
f 8793 8795 8794 8792 
f 8797 8796 8794 8795 
f 8797 8799 8798 8796 
f 8799 8757 8758 8798 
f 8757 8801 8800 8756 
f 8801 8803 8802 8800 
f 8803 8805 8804 8802 
f 8805 8807 8806 8804 
f 8807 8752 8753 8806 
f 8808 8777 8761 8775 
f 8809 8779 8777 8808 
f 8810 8781 8779 8809 
f 8811 8808 8775 8773 
f 8812 8811 8773 8771 
f 8813 8809 8808 8811 
f 8814 8810 8809 8813 
f 8815 8813 8811 8812 
f 8816 8814 8813 8815 
f 8817 8783 8781 8810 
f 8818 8785 8783 8817 
f 8791 8787 8785 8818 
f 8819 8817 8810 8814 
f 8820 8818 8817 8819 
f 8821 8819 8814 8816 
f 8822 8820 8819 8821 
f 8793 8791 8818 8820 
f 8795 8793 8820 8822 
f 8823 8812 8771 8769 
f 8824 8823 8769 8767 
f 8825 8815 8812 8823 
f 8826 8816 8815 8825 
f 8827 8825 8823 8824 
f 8828 8826 8825 8827 
f 8752 8824 8767 8755 
f 8807 8827 8824 8752 
f 8805 8828 8827 8807 
f 8829 8821 8816 8826 
f 8830 8822 8821 8829 
f 8831 8829 8826 8828 
f 8832 8830 8829 8831 
f 8797 8795 8822 8830 
f 8799 8797 8830 8832 
f 8803 8831 8828 8805 
f 8801 8832 8831 8803 
f 8757 8799 8832 8801 
f 8833 8835 8834 
f 8838 8837 8836 8839 
f 8841 8839 8840 8842 
f 8837 8844 8843 8836 
f 8842 8846 8845 8841 
f 8849 8848 8847 8850 
f 8853 8852 8851 8854 
f 8856 8833 8855 8857 
f 8860 8859 8858 8861 
f 8863 8862 8859 8860 
f 8846 8850 8847 8845 
f 8848 8865 8864 8847 
f 8865 8867 8866 8864 
f 8866 8867 8868 8869 
f 8869 8868 8870 8871 
f 8871 8870 8872 8873 
f 8851 8852 8873 8872 
f 8853 8875 8874 8852 
f 8877 8876 8874 8875 
f 8862 8863 8876 8877 
f 8835 8833 8856 8878 
f 8879 8873 8852 8874 
f 8880 8871 8873 8879 
f 8881 8869 8871 8880 
f 8882 8879 8874 8876 
f 8883 8880 8879 8882 
f 8884 8881 8880 8883 
f 8885 8883 8882 8886 
f 8887 8884 8883 8885 
f 8888 8885 8886 8889 
f 8890 8887 8885 8888 
f 8892 8891 8890 8888 
f 8893 8866 8869 8881 
f 8894 8864 8866 8893 
f 8845 8847 8864 8894 
f 8895 8893 8881 8884 
f 8896 8894 8893 8895 
f 8897 8895 8884 8887 
f 8838 8896 8895 8897 
f 8841 8845 8894 8896 
f 8839 8841 8896 8838 
f 8898 8897 8887 8890 
f 8837 8838 8897 8898 
f 8899 8898 8890 8891 
f 8902 8901 8900 8903 
f 8906 8905 8904 8907 
f 8909 8908 8903 8910 
f 8908 8911 8902 8903 
f 8911 8913 8912 8902 
f 8913 8915 8914 8912 
f 8915 8917 8916 8914 
f 8917 8919 8918 8916 
f 8919 8921 8920 8918 
f 8923 8922 8920 8921 
f 8922 8925 8924 8920 
f 8925 8927 8926 8924 
f 8927 8929 8928 8926 
f 8929 8931 8930 8928 
f 8931 8933 8932 8930 
f 8933 8904 8905 8932 
f 8935 8934 8905 8906 
f 8937 8936 8934 8935 
f 8939 8938 8936 8937 
f 8941 8940 8938 8939 
f 8943 8942 8940 8941 
f 8945 8944 8942 8943 
f 8947 8946 8944 8945 
f 8950 8949 8948 8951 
f 8952 8950 8951 8953 
f 8949 8942 8944 8948 
f 8954 8940 8942 8949 
f 8955 8938 8940 8954 
f 8956 8954 8949 8950 
f 8957 8955 8954 8956 
f 8958 8956 8950 8952 
f 8959 8957 8956 8958 
f 8960 8936 8938 8955 
f 8961 8934 8936 8960 
f 8932 8905 8934 8961 
f 8962 8960 8955 8957 
f 8963 8961 8960 8962 
f 8964 8962 8957 8959 
f 8965 8963 8962 8964 
f 8930 8932 8961 8963 
f 8928 8930 8963 8965 
f 8966 8958 8952 8967 
f 8968 8959 8958 8966 
f 8969 8966 8967 8901 
f 8970 8968 8966 8969 
f 8912 8969 8901 8902 
f 8914 8970 8969 8912 
f 8971 8964 8959 8968 
f 8972 8965 8964 8971 
f 8973 8971 8968 8970 
f 8974 8972 8971 8973 
f 8926 8928 8965 8972 
f 8924 8926 8972 8974 
f 8916 8973 8970 8914 
f 8918 8974 8973 8916 
f 8920 8924 8974 8918 
f 8977 8976 8975 8978 
f 8979 8977 8978 8980 
f 8983 8982 8981 8984 
f 8987 8986 8985 8988 
f 8990 8989 8986 8987 
f 8992 8991 8989 8990 
f 8992 8994 8993 8991 
f 8994 8996 8995 8993 
f 8996 8998 8997 8995 
f 8982 8983 8997 8998 
f 8982 9000 8999 8981 
f 9002 9001 8999 9000 
f 9002 9004 9003 9001 
f 9004 9006 9005 9003 
f 9008 9007 9005 9006 
f 9010 9009 9007 9008 
f 9010 9012 9011 9009 
f 9010 9014 9013 9012 
f 9014 9016 9015 9013 
f 9016 9018 9017 9015 
f 9018 9020 9019 9017 
f 9020 9022 9021 9019 
f 9022 9024 9023 9021 
f 9024 9026 9025 9023 
f 8976 8990 8987 8975 
f 9027 8992 8990 8976 
f 9028 8994 8992 9027 
f 9029 9027 8976 8977 
f 9030 9028 9027 9029 
f 9031 9029 8977 8979 
f 9032 9030 9029 9031 
f 9033 8996 8994 9028 
f 9034 8998 8996 9033 
f 9000 8982 8998 9034 
f 9035 9033 9028 9030 
f 9036 9034 9033 9035 
f 9037 9035 9030 9032 
f 9038 9036 9035 9037 
f 9002 9000 9034 9036 
f 9004 9002 9036 9038 
f 9039 9031 8979 9040 
f 9041 9032 9031 9039 
f 9042 9039 9040 9043 
f 9044 9041 9039 9042 
f 9020 9042 9043 9022 
f 9018 9044 9042 9020 
f 9045 9037 9032 9041 
f 9046 9038 9037 9045 
f 9047 9045 9041 9044 
f 9048 9046 9045 9047 
f 9006 9004 9038 9046 
f 9008 9006 9046 9048 
f 9016 9047 9044 9018 
f 9014 9048 9047 9016 
f 9010 9008 9048 9014 
f 8833 8834 8855 
f 8967 8952 8953 9049 
f 8901 8967 9049 8900 
f 9040 8979 8980 9050 
f 9043 9040 9050 9051 
f 9022 9043 9051 9024 
f 9052 8975 8987 8988 
f 9053 8978 8975 9052 
f 9054 8980 8978 9053 
f 9055 9050 8980 9054 
f 9056 9051 9050 9055 
f 9026 9024 9051 9056 
f 9057 8948 8944 8946 
f 9058 8951 8948 9057 
f 9059 8953 8951 9058 
f 9060 9049 8953 9059 
f 9061 8900 9049 9060 
f 8910 8903 8900 9061 
f 9064 9063 9062 9065 
f 9067 9066 9063 9064 
f 9069 9068 9066 9067 
f 9071 9070 9068 9069 
f 9073 9072 9070 9071 
f 9075 9074 9072 9073 
f 9077 9076 9074 9075 
f 9079 9078 9076 9077 
f 9082 9081 9080 9083 
f 9085 9084 9081 9082 
f 9087 9086 9084 9085 
f 9089 9088 9086 9087 
f 9091 9090 9088 9089 
f 9093 9092 9090 9091 
f 9095 9094 9092 9093 
f 9097 9096 9094 9095 
f 9100 9099 9098 9101 
f 9104 9103 9102 9105 
f 9107 9106 9103 9104 
f 9109 9108 9106 9107 
f 9111 9110 9108 9109 
f 9113 9112 9110 9111 
f 9115 9114 9112 9113 
f 9117 9116 9114 9115 
f 9119 9118 9116 9117 
f 9122 9121 9120 9123 
f 9124 9122 9123 9125 
f 9126 9124 9125 9127 
f 9128 9126 9127 9129 
f 9130 9128 9129 9131 
f 9132 9130 9131 9133 
f 9134 9132 9133 9135 
f 9136 9134 9135 9137 
f 9140 9139 9138 9141 
f 9142 9140 9141 9143 
f 9144 9142 9143 9145 
f 9146 9144 9145 9147 
f 9146 9147 9148 9149 
f 9149 9148 9150 9151 
f 9151 9150 9152 9153 
f 9153 9152 9154 9155 
f 9158 9157 9156 9159 
f 9162 9161 9160 9163 
f 9164 9162 9163 9165 
f 9166 9164 9165 9167 
f 9168 9166 9167 9169 
f 9168 9169 9170 9171 
f 9171 9170 9172 9173 
f 9173 9172 9174 9175 
f 9175 9174 9176 9177 
f 9179 9178 8854 8851 
f 9180 9179 8851 8872 
f 9181 9180 8872 8870 
f 9182 9181 8870 8868 
f 9183 9182 8868 8867 
f 9184 9183 8867 8865 
f 9185 9184 8865 8848 
f 9186 9185 8848 8849 
f 9188 9187 9118 9119 
f 9191 9190 9189 9192 
f 9190 9194 9193 9189 
f 9194 9196 9195 9193 
f 9196 9198 9197 9195 
f 9198 9200 9199 9197 
f 9200 9202 9201 9199 
f 9202 9204 9203 9201 
f 9204 9206 9205 9203 
f 9209 9208 9207 9210 
f 9208 9212 9211 9207 
f 9212 9214 9213 9211 
f 9214 9216 9215 9213 
f 9216 9218 9217 9215 
f 9218 9220 9219 9217 
f 9220 9222 9221 9219 
f 9222 9224 9223 9221 
f 9227 9226 9225 9228 
f 9231 9230 9229 9232 
f 9230 9234 9233 9229 
f 9234 9236 9235 9233 
f 9236 9238 9237 9235 
f 9238 9240 9239 9237 
f 9240 9242 9241 9239 
f 9242 9244 9243 9241 
f 9246 9245 9243 9244 
f 9249 9248 9247 9250 
f 9253 9252 9251 9254 
f 9257 9256 9255 9258 
f 9260 9259 9252 9253 
f 9262 9261 9259 9260 
f 9264 9263 9261 9262 
f 9266 9265 9263 9264 
f 9268 9267 9265 9266 
f 9258 9255 9267 9268 
f 9271 9270 9269 9272 
f 9275 9274 9273 9276 
f 9278 9277 9274 9275 
f 9280 9279 9277 9278 
f 9282 9281 9279 9280 
f 9284 9283 9281 9282 
f 9286 9285 9283 9284 
f 9272 9269 9285 9286 
f 9289 9288 9287 9290 
f 9292 9291 9288 9289 
f 9294 9293 9291 9292 
f 9296 9295 9293 9294 
f 9298 9297 9295 9296 
f 9300 9299 9297 9298 
f 9302 9301 9299 9300 
f 9304 9303 9301 9302 
f 9306 9305 9303 9304 
f 9309 9308 9307 9310 
f 9313 9312 9311 9314 
f 9314 9311 9315 9316 
f 9316 9315 9317 9318 
f 9321 9320 9319 9322 
f 9322 9319 9323 9324 
f 9324 9323 9325 9326 
f 9326 9325 9327 9328 
f 9328 9327 9312 9313 
f 9331 9330 9329 9332 
f 9332 9329 9333 9334 
f 9334 9333 9335 9336 
f 9336 9335 9337 9338 
f 9338 9337 9339 9340 
f 9340 9339 9341 9342 
f 9342 9341 9343 9344 
f 9344 9343 9345 9346 
f 9346 9345 9347 9348 
f 9351 9350 9349 9352 
f 9352 9349 9353 9354 
f 9354 9353 9355 9356 
f 9356 9355 9357 9358 
f 9358 9357 9359 9360 
f 9360 9359 9361 9362 
f 9362 9361 9363 9364 
f 9364 9363 9365 9366 
f 9369 9368 9367 9370 
f 9372 9371 9330 9331 
f 9162 8677 8678 9161 
f 9164 8710 8677 9162 
f 9166 8712 8710 9164 
f 9168 8714 8712 9166 
f 9171 8716 8714 9168 
f 9173 8718 8716 9171 
f 9175 8720 8718 9173 
f 9177 8722 8720 9175 
f 9367 9368 9320 9321 
f 9369 9370 9366 9365 
f 9174 8922 8923 9176 
f 9172 8925 8922 9174 
f 9170 8927 8925 9172 
f 9169 8929 8927 9170 
f 9167 8931 8929 9169 
f 9165 8933 8931 9167 
f 9163 8904 8933 9165 
f 9160 8907 8904 9163 
f 9159 9156 9209 9210 
f 9247 9248 9083 9080 
f 9152 9009 9011 9154 
f 9150 9007 9009 9152 
f 9148 9005 9007 9150 
f 9147 9003 9005 9148 
f 9145 9001 9003 9147 
f 9143 8999 9001 9145 
f 9141 8981 8999 9143 
f 9138 8984 8981 9141 
f 9310 9307 9270 9271 
f 9308 9309 9254 9251 
f 9140 8758 8759 9139 
f 9142 8798 8758 9140 
f 9144 8796 8798 9142 
f 9146 8794 8796 9144 
f 9149 8792 8794 9146 
f 9151 8790 8792 9149 
f 9153 8789 8790 9151 
f 9155 8788 8789 9153 
f 9249 9250 9078 9079 
f 9206 9157 9158 9205 
f 9178 9179 8683 8684 
f 9180 8686 8683 9179 
f 9181 8688 8686 9180 
f 9182 8690 8688 9181 
f 9183 8692 8690 9182 
f 9184 8694 8692 9183 
f 9185 8696 8694 9184 
f 9185 9186 8698 8696 
f 9374 9373 9191 9192 
f 9187 9188 9065 9062 
f 9121 9122 8762 8763 
f 9124 8774 8762 9122 
f 9126 8772 8774 9124 
f 9128 8770 8772 9126 
f 9130 8768 8770 9128 
f 9132 8766 8768 9130 
f 9134 8765 8766 9132 
f 9134 9136 8764 8765 
f 9376 9375 9256 9257 
f 9371 9372 9318 9317 
f 9063 9378 9377 9062 
f 9065 9380 9379 9064 
f 9066 9381 9378 9063 
f 9064 9379 9382 9067 
f 9068 9383 9381 9066 
f 9067 9382 9384 9069 
f 9070 9385 9383 9068 
f 9069 9384 9386 9071 
f 9072 9387 9385 9070 
f 9071 9386 9388 9073 
f 9074 9389 9387 9072 
f 9073 9388 9390 9075 
f 9076 9391 9389 9074 
f 9075 9390 9392 9077 
f 9078 9393 9391 9076 
f 9077 9392 9394 9079 
f 9081 9396 9395 9080 
f 9083 9398 9397 9082 
f 9084 9399 9396 9081 
f 9082 9397 9400 9085 
f 9086 9401 9399 9084 
f 9085 9400 9402 9087 
f 9088 9403 9401 9086 
f 9087 9402 9404 9089 
f 9090 9405 9403 9088 
f 9089 9404 9406 9091 
f 9092 9407 9405 9090 
f 9091 9406 9408 9093 
f 9094 9409 9407 9092 
f 9093 9408 9410 9095 
f 9096 9411 9409 9094 
f 9095 9410 9412 9097 
f 9414 9413 9098 9099 
f 9100 9416 9415 9105 
f 9103 9418 9417 9102 
f 9105 9415 9419 9104 
f 9106 9420 9418 9103 
f 9104 9419 9421 9107 
f 9108 9422 9420 9106 
f 9107 9421 9423 9109 
f 9110 9424 9422 9108 
f 9109 9423 9425 9111 
f 9112 9426 9424 9110 
f 9111 9425 9427 9113 
f 9114 9428 9426 9112 
f 9113 9427 9429 9115 
f 9116 9430 9428 9114 
f 9115 9429 9431 9117 
f 9432 9430 9116 9118 
f 9431 9433 9119 9117 
f 9187 9434 9432 9118 
f 9436 9435 9248 9249 
f 9247 9438 9437 9250 
f 9248 9435 9398 9083 
f 9080 9395 9438 9247 
f 9250 9437 9393 9078 
f 9079 9394 9436 9249 
f 9188 9439 9380 9065 
f 9252 8085 9440 9251 
f 9254 9442 9441 9253 
f 9256 9443 8086 9255 
f 9258 9445 9444 9257 
f 9259 6101 8085 9252 
f 9253 9441 9446 9260 
f 9261 6102 6101 9259 
f 9260 9446 9447 9262 
f 9263 6103 6102 9261 
f 9262 9447 9448 9264 
f 9265 8087 6103 9263 
f 9264 9448 9449 9266 
f 9267 9450 8087 9265 
f 9266 9449 9451 9268 
f 9255 8086 9450 9267 
f 9268 9451 9445 9258 
f 9270 9453 9452 9269 
f 9272 9455 9454 9271 
f 9274 8088 9456 9273 
f 9276 9458 9457 9275 
f 9277 8089 8088 9274 
f 9275 9457 9459 9278 
f 9279 9460 8089 9277 
f 9278 9459 9461 9280 
f 9281 8090 9460 9279 
f 9280 9461 9462 9282 
f 9283 9463 8090 9281 
f 9282 9462 9464 9284 
f 9285 9465 9463 9283 
f 9284 9464 9466 9286 
f 9269 9452 9465 9285 
f 9286 9466 9455 9272 
f 8092 8091 9287 9288 
f 9468 9467 9289 9290 
f 9291 9469 8092 9288 
f 9289 9467 9470 9292 
f 9293 9471 9469 9291 
f 9292 9470 9472 9294 
f 9295 7846 9471 9293 
f 9294 9472 9473 9296 
f 9297 8093 7846 9295 
f 9296 9473 9474 9298 
f 9299 8094 8093 9297 
f 9298 9474 9475 9300 
f 9301 9476 8094 9299 
f 9300 9475 9477 9302 
f 9303 9478 9476 9301 
f 9302 9477 9479 9304 
f 9305 6104 9478 9303 
f 9304 9479 9480 9306 
f 9376 9481 9468 9290 
f 9308 9483 9482 9307 
f 9310 9485 9484 9309 
f 9307 9482 9453 9270 
f 9271 9454 9485 9310 
f 9309 9484 9442 9254 
f 9251 9440 9483 9308 
f 8095 9443 9256 9375 
f 9312 6106 6105 9311 
f 9314 9487 9486 9313 
f 9311 6105 7847 9315 
f 9316 9488 9487 9314 
f 9315 7847 9489 9317 
f 9318 9490 9488 9316 
f 9320 9492 9491 9319 
f 9322 9494 9493 9321 
f 9319 9491 7848 9323 
f 9324 9495 9494 9322 
f 9323 7848 8096 9325 
f 9326 9496 9495 9324 
f 9325 8096 8097 9327 
f 9328 9497 9496 9326 
f 9327 8097 6106 9312 
f 9313 9486 9497 9328 
f 9498 6107 9329 9330 
f 9500 9499 9331 9332 
f 9329 6107 9501 9333 
f 9334 9502 9500 9332 
f 9333 9501 9503 9335 
f 9336 9504 9502 9334 
f 9335 9503 9505 9337 
f 9338 9506 9504 9336 
f 9337 9505 9507 9339 
f 9340 9508 9506 9338 
f 9339 9507 9509 9341 
f 9342 9510 9508 9340 
f 9341 9509 9511 9343 
f 9344 9512 9510 9342 
f 9343 9511 9513 9345 
f 9346 9514 9512 9344 
f 9345 9513 7849 9347 
f 9348 9515 9514 9346 
f 9350 8099 8098 9349 
f 9352 9517 9516 9351 
f 9349 8098 8100 9353 
f 9354 9518 9517 9352 
f 9353 8100 9519 9355 
f 9356 9520 9518 9354 
f 9355 9519 6108 9357 
f 9358 9521 9520 9356 
f 9357 6108 8101 9359 
f 9360 9522 9521 9358 
f 9359 8101 7850 9361 
f 9362 9523 9522 9360 
f 9361 7850 9524 9363 
f 9364 9525 9523 9362 
f 9363 9524 9526 9365 
f 9366 9527 9525 9364 
f 7851 9528 9368 9369 
f 9530 9529 9370 9367 
f 9371 9531 9498 9330 
f 9368 9528 9492 9320 
f 9321 9493 9530 9367 
f 9370 9529 9527 9366 
f 9365 9526 7851 9369 
f 9372 9532 9490 9318 
f 9159 9534 9533 9158 
f 9189 9536 9535 9192 
f 9193 9537 9536 9189 
f 9195 9538 9537 9193 
f 9197 9539 9538 9195 
f 9199 9540 9539 9197 
f 9201 9541 9540 9199 
f 9203 9542 9541 9201 
f 9205 9543 9542 9203 
f 9207 9545 9544 9210 
f 9211 9546 9545 9207 
f 9213 9547 9546 9211 
f 9215 9548 9547 9213 
f 9217 9549 9548 9215 
f 9219 9550 9549 9217 
f 9221 9551 9550 9219 
f 9223 9552 9551 9221 
f 9554 9553 9227 9228 
f 9229 9556 9555 9232 
f 9233 9557 9556 9229 
f 9235 9558 9557 9233 
f 9237 9559 9558 9235 
f 9239 9560 9559 9237 
f 9241 9561 9560 9239 
f 9243 9562 9561 9241 
f 9563 9562 9243 9245 
f 9374 9564 9563 9245 
f 9210 9544 9534 9159 
f 9158 9533 9543 9205 
f 9565 9567 9601 9566 
f 9568 9571 9570 9569 
f 9571 9572 9570 
f 8102 9574 9573 
f 8102 9568 9575 9574 
f 9568 9569 9575 
f 9576 9578 9577 
f 9579 9581 9580 9590 
f 9582 9584 9583 
f 9585 9584 9586 
f 9587 9584 9588 
f 9577 9589 9584 9576 
f 9580 9581 9592 9591 
f 9571 9591 9592 9572 
f 9595 9594 9593 9596 
f 9599 9598 9597 9600 
f 9601 9602 9566 
f 9605 9603 9606 
f 9603 9566 9602 9606 
f 9607 9609 9608 
f 9607 9611 9610 
f 9600 9613 9612 
f 9615 9603 9604 
f 9617 9567 9565 
f 8638 8509 8349 8346 
f 8645 8522 8508 8637 
f 8644 8331 8332 8521 
f 8322 9619 9618 8325 
f 8635 9621 9620 8503 
f 9622 8654 8540 9623 
f 8652 8537 8539 8653 
f 8651 8659 8551 8536 
f 8658 8648 8529 8550 
f 8647 8656 8545 8528 
f 8650 8532 8544 8655 
f 8649 8657 8547 8531 
f 9625 9624 9347 7849 
f 9624 9626 9348 9347 
f 9627 9515 9348 9626 
f 9553 9554 8834 9628 
f 9631 9630 9629 9632 
f 9634 9633 9480 9635 
f 9637 9636 9305 9306 
f 9636 9638 6104 9305 
f 9639 9574 9575 9640 
f 9640 9575 9569 9641 
f 9641 9569 9570 9642 
f 9642 9570 9572 9643 
f 9643 9572 9592 9644 
f 9592 9581 9645 9644 
f 9581 9579 9646 9645 
f 9646 9579 9582 9647 
f 9583 9585 9648 9649 
f 9586 9587 9650 9651 
f 9652 9588 9589 9653 
f 9653 9589 9577 9654 
f 9654 9577 9578 9655 
f 9656 9594 9595 9657 
f 9658 9598 9599 9659 
f 9660 9612 9613 9661 
f 9664 9663 9662 9665 
f 9668 9667 9666 9669 
f 9608 9609 9670 9671 
f 9610 9611 9672 9673 
f 9675 9614 9674 9676 
f 9615 9604 9677 9678 
f 9605 9606 9679 9680 
f 9679 9606 9602 9681 
f 9681 9602 9601 9682 
f 9682 9601 9567 9683 
f 9683 9567 9617 6418 
f 9684 9573 9574 9639 
f 9625 9565 9566 9624 
f 9624 9566 9603 9626 
f 9627 9616 9607 9628 
f 9685 9600 9227 9553 
f 9687 9686 9596 9631 
f 9413 9688 9576 9098 
f 9098 9576 9584 9101 
f 9689 9590 9580 9634 
f 9591 9571 9637 9633 
f 9637 9571 9568 9636 
f 9636 9568 8102 9638 
f 8352 9622 9623 8351 
f 8361 8362 8379 8376 
f 8365 8366 8381 8382 
f 8368 8385 8386 8371 
f 8372 8369 8370 8375 
f 8377 8378 8367 8364 
f 8628 8669 8383 8380 
f 8384 8363 8360 8387 
f 8439 9691 9690 8438 
f 8469 8470 8448 8449 
f 8465 8462 8451 8452 
f 8458 8459 8456 8457 
f 9691 9692 8460 8461 
f 8446 8447 8463 8464 
f 8453 8450 8467 8468 
f 8454 8455 8471 8472 
f 8492 9693 9692 8491 
f 8549 8550 8529 8530 
f 8543 8544 8532 8533 
f 8542 8539 8537 8538 
f 9693 9623 8540 8541 
f 8546 8527 8528 8545 
f 8534 8531 8547 8548 
f 8535 8536 8551 8552 
f 8609 8610 8587 8588 
f 8605 8602 8591 8592 
f 8597 8598 8599 8596 
f 8601 9694 9690 8600 
f 8589 8586 8603 8604 
f 8593 8590 8606 8607 
f 8612 8594 8595 8611 
f 8627 9694 8373 8626 
f 8351 9623 9693 8492 
f 8470 8549 8530 8448 
f 8462 8543 8533 8451 
f 8459 8542 8538 8456 
f 9692 9693 8541 8460 
f 8447 8527 8546 8463 
f 8450 8534 8548 8467 
f 8455 8535 8552 8471 
f 8491 9692 9691 8439 
f 8438 9690 9694 8627 
f 8610 8469 8449 8587 
f 8602 8465 8452 8591 
f 8596 8599 8458 8457 
f 9690 9691 8461 8600 
f 8586 8446 8464 8603 
f 8590 8453 8468 8606 
f 8611 8595 8454 8472 
f 8363 8609 8588 8362 
f 8367 8605 8592 8366 
f 8368 8369 8598 8597 
f 8372 8373 9694 8601 
f 8379 8589 8604 8378 
f 8381 8593 8607 8380 
f 8384 8385 8594 8612 
f 8626 8373 8374 8668 
f 9659 9599 9612 9660 
f 9661 9613 9664 9665 
f 9669 9662 9663 9668 
f 9671 9666 9667 9608 
f 9670 9609 9610 9673 
f 9672 9611 9675 9676 
f 9674 9614 9615 9678 
f 9680 9677 9604 9605 
f 9600 9685 9664 9613 
f 9600 9612 9599 
f 9607 9608 9667 9685 
f 9607 9610 9609 
f 9534 9160 9161 9533 
f 9536 8697 8698 9535 
f 9537 8700 8697 9536 
f 9538 8702 8700 9537 
f 9539 8704 8702 9538 
f 9540 8706 8704 9539 
f 9541 8708 8706 9540 
f 9542 8675 8708 9541 
f 9543 8678 8675 9542 
f 9545 8906 8907 9544 
f 9546 8935 8906 9545 
f 9547 8937 8935 9546 
f 9548 8939 8937 9547 
f 9549 8941 8939 9548 
f 9550 8943 8941 9549 
f 9551 8945 8943 9550 
f 9552 8947 8945 9551 
f 9556 9696 9695 9555 
f 9557 9697 9696 9556 
f 9558 9698 9697 9557 
f 9559 8840 9698 9558 
f 9560 8842 8840 9559 
f 9561 8846 8842 9560 
f 9562 8850 8846 9561 
f 8849 8850 9562 9563 
f 9564 9186 8849 9563 
f 9544 8907 9160 9534 
f 9533 9161 8678 9543 
f 9553 9628 9607 9685 
f 9487 8680 8671 9486 
f 9488 8682 8680 9487 
f 9490 8684 8682 9488 
f 9494 8721 8722 9493 
f 9495 8724 8721 9494 
f 9496 8726 8724 9495 
f 9497 8672 8726 9496 
f 9486 8671 8672 9497 
f 8853 8854 9499 9500 
f 9502 8875 8853 9500 
f 9504 8877 8875 9502 
f 9506 8862 8877 9504 
f 9508 8859 8862 9506 
f 9510 8858 8859 9508 
f 9512 9699 8858 9510 
f 9514 9700 9699 9512 
f 9515 8834 9700 9514 
f 9517 8908 8909 9516 
f 9518 8911 8908 9517 
f 9520 8913 8911 9518 
f 9521 8915 8913 9520 
f 9522 8917 8915 9521 
f 9523 8919 8917 9522 
f 9525 8921 8919 9523 
f 9527 8923 8921 9525 
f 9177 9176 9529 9530 
f 9493 8722 9177 9530 
f 9529 9176 8923 9527 
f 9178 8684 9490 9532 
f 9628 8834 9515 9627 
f 9626 9603 9616 9627 
f 9685 9668 9663 
f 9685 9667 9668 
f 9616 9614 9675 
f 9611 9607 9616 9675 
f 8623 8327 8328 8666 
f 8344 8345 8620 8664 
f 8435 8488 8414 8415 
f 8418 8476 8477 8417 
f 8412 8413 8431 8432 
f 8486 8498 8497 8485 
f 8489 8349 8509 8510 
f 8507 8508 8522 8523 
f 8624 8434 8567 8568 
f 8565 8566 8579 8580 
f 8631 8632 8621 8622 
f 8332 8333 8498 8486 
f 8488 8489 8510 8414 
f 8413 8507 8523 8431 
f 8485 8497 8476 8418 
f 8417 8477 8631 8622 
f 8434 8435 8415 8567 
f 8566 8412 8432 8579 
f 8623 8624 8568 8327 
f 8326 8565 8580 8345 
f 8665 8621 8632 8670 
f 9647 9582 9583 9649 
f 9648 9585 9586 9651 
f 9650 9587 9588 9652 
f 9701 9704 9703 9702 
f 9707 9706 9705 9708 
f 9710 9709 9620 9711 
f 9714 9713 9712 9715 
f 9711 9620 9621 9716 
f 9708 9705 9709 9710 
f 9715 9712 9706 9707 
f 9702 8392 9713 9714 
f 9719 9718 9717 9720 
f 9723 9722 9721 9724 
f 9724 9721 9725 9726 
f 9726 9725 9727 9728 
f 9728 9727 9729 9730 
f 9730 9729 9731 9732 
f 9732 9731 9733 9734 
f 9734 9733 9735 9736 
f 9736 9735 9737 9738 
f 9741 9740 9739 9742 
f 9742 9739 9743 9744 
f 9744 9743 9745 9746 
f 9746 9745 9747 9748 
f 9748 9747 9749 9750 
f 9750 9749 9751 9752 
f 9752 9751 9753 9754 
f 9754 9753 9755 9756 
f 9759 9758 9757 9760 
f 9760 9757 9761 9762 
f 9762 9761 9763 9764 
f 9764 9763 9765 9766 
f 9766 9765 9767 9768 
f 9768 9767 9769 9770 
f 9770 9769 9771 9772 
f 9772 9771 9773 9774 
f 9774 9773 9775 9776 
f 9720 9717 9740 9741 
f 9738 9737 9718 9719 
f 9778 9777 9722 9723 
f 9780 9779 9686 9781 
f 9716 9783 9782 9711 
f 9785 9784 9779 9780 
f 9788 9787 9786 9781 
f 9380 8763 8760 9379 
f 9379 8760 8776 9382 
f 9382 8776 8778 9384 
f 9384 8778 8780 9386 
f 9386 8780 8782 9388 
f 9388 8782 8784 9390 
f 9390 8784 8786 9392 
f 9392 8786 8788 9394 
f 9398 9011 9012 9397 
f 9397 9012 9013 9400 
f 9400 9013 9015 9402 
f 9402 9015 9017 9404 
f 9404 9017 9019 9406 
f 9406 9019 9021 9408 
f 9408 9021 9023 9410 
f 9410 9023 9025 9412 
f 9416 9635 9789 9415 
f 9415 9789 9790 9419 
f 9419 9790 9791 9421 
f 9421 9791 9792 9423 
f 9423 9792 9793 9425 
f 9425 9793 9794 9427 
f 9427 9794 9795 9429 
f 9429 9795 9796 9431 
f 9796 9120 9433 9431 
f 9155 9154 9435 9436 
f 9435 9154 9011 9398 
f 9394 8788 9155 9436 
f 9121 8763 9380 9439 
f 9442 8759 8756 9441 
f 9445 8754 8764 9444 
f 9441 8756 8800 9446 
f 9446 8800 8802 9447 
f 9447 8802 8804 9448 
f 9448 8804 8806 9449 
f 9449 8806 8753 9451 
f 9451 8753 8754 9445 
f 9455 8983 8984 9454 
f 9458 8985 8986 9457 
f 9457 8986 8989 9459 
f 9459 8989 8991 9461 
f 9461 8991 8993 9462 
f 9462 8993 8995 9464 
f 9464 8995 8997 9466 
f 9466 8997 8983 9455 
f 9137 9797 9467 9468 
f 9467 9797 9798 9470 
f 9470 9798 9799 9472 
f 9472 9799 9800 9473 
f 9473 9800 9801 9474 
f 9474 9801 9802 9475 
f 9475 9802 9803 9477 
f 9477 9803 9804 9479 
f 9479 9804 9635 9480 
f 9481 9136 9137 9468 
f 9485 9138 9139 9484 
f 9454 8984 9138 9485 
f 9484 9139 8759 9442 
f 9633 9637 9306 9480 
f 9101 9584 9590 9689 
f 9633 9634 9580 9591 
f 9583 9584 9585 
f 9586 9584 9587 
f 9588 9584 9589 
f 9806 9805 8342 8343 
f 9808 9807 8338 8339 
f 9810 9809 8313 8335 
f 6982 8283 8312 9811 
f 9812 9806 8343 8389 
f 9805 9808 8339 8342 
f 9807 9810 8335 8338 
f 9809 9811 8312 8313 
f 9815 9814 9813 9816 
f 9819 9818 9817 9820 
f 9823 9822 9821 9824 
f 9827 9826 9825 9828 
f 9830 9829 9814 9815 
f 9813 9818 9819 9816 
f 9817 9822 9823 9820 
f 9821 9826 9827 9824 
f 9833 9832 9831 9834 
f 9837 9836 9835 9838 
f 9841 9840 9839 9842 
f 9844 9843 8103 9845 
f 9847 9846 9832 9833 
f 9834 9831 9836 9837 
f 9838 9835 9840 9841 
f 9842 9839 9843 9844 
f 9850 9849 9848 9851 
f 9854 9853 9852 9855 
f 9858 9857 9856 9859 
f 9861 9860 7852 8104 
f 9863 9862 9849 9850 
f 9851 9848 9853 9854 
f 9855 9852 9857 9858 
f 9859 9856 9860 9861 
f 9833 9834 9864 9865 
f 9837 9838 9866 9867 
f 9841 9842 9868 9869 
f 9844 9845 9870 9871 
f 9847 9833 9865 9872 
f 9864 9834 9837 9867 
f 9866 9838 9841 9869 
f 9868 9842 9844 9871 
f 9814 9850 9851 9813 
f 9818 9854 9855 9817 
f 9822 9858 9859 9821 
f 9826 9861 8104 9825 
f 9829 9863 9850 9814 
f 9813 9851 9854 9818 
f 9817 9855 9858 9822 
f 9821 9859 9861 9826 
f 9815 9816 9831 9832 
f 9819 9820 9835 9836 
f 9823 9824 9839 9840 
f 9827 9828 8103 9843 
f 9830 9815 9832 9846 
f 9831 9816 9819 9836 
f 9835 9820 9823 9840 
f 9839 9824 9827 9843 
f 9873 9848 9849 9874 
f 9852 9853 9876 9875 
f 9878 9877 9856 9857 
f 9880 9879 7852 9860 
f 9881 9849 9862 9882 
f 9876 9853 9848 9873 
f 9852 9875 9878 9857 
f 9856 9877 9880 9860 
f 9876 9884 9883 9875 
f 9885 9877 9878 9886 
f 7853 9879 9880 9887 
f 9883 9886 9878 9875 
f 9885 9887 9880 9877 
f 9884 9889 9888 9883 
f 9886 9891 9890 9885 
f 9887 9892 8105 7853 
f 9883 9888 9891 9886 
f 9885 9890 9892 9887 
f 9895 9894 9893 9896 
f 9899 9898 9897 9900 
f 9901 9903 9902 
f 9904 9905 9903 
f 9908 9907 9906 9909 
f 9910 9913 9912 9911 
f 9914 9909 9906 9915 
f 9917 9916 9919 9918 
f 9917 9918 9921 9920 
f 9898 9914 9915 9897 
f 9920 9921 9923 9922 
f 9924 9925 9922 9923 
f 9926 9929 9928 9927 
f 9930 9899 9900 9931 
f 9932 9933 9925 9924 
f 9933 9932 9935 9934 
f 10105 10106 9906 9907 
f 9915 9906 10106 10107 
f 10103 10102 9896 9893 
f 9897 9915 10107 
f 9938 9937 9936 9939 
f 9941 9940 9943 9942 
f 9944 9947 9946 9945 
f 9950 9949 9948 9951 
f 9947 9944 9952 
f 9948 9949 9952 
f 9830 9846 9953 9954 
f 9954 9953 9955 9956 
f 9956 9955 9957 9958 
f 9872 9812 9959 9960 
f 9847 9872 9960 9961 
f 9846 9847 9961 9953 
f 9882 9862 9963 9962 
f 9964 9963 9862 9863 
f 9965 9964 9863 9829 
f 9954 9965 9829 9830 
f 9960 9959 9966 9967 
f 9961 9960 9967 9968 
f 9953 9961 9968 9955 
f 9962 9963 9970 9969 
f 9971 9970 9963 9964 
f 9972 9971 9964 9965 
f 9956 9972 9965 9954 
f 9967 9974 9973 9968 
f 9955 9968 9973 9957 
f 9969 9970 9976 9975 
f 9977 9976 9970 9971 
f 9978 9977 9971 9972 
f 9958 9978 9972 9956 
f 9979 9974 9967 9980 
f 9895 9896 9907 9908 
f 9911 9912 9919 9916 
f 10102 10105 9907 9896 
f 9983 9982 9981 9984 
f 9958 9957 9982 9983 
f 9987 9986 9985 9988 
f 9989 9987 9988 9990 
f 9982 9989 9990 9981 
f 9991 9994 9993 9992 
f 9995 9993 9994 9996 
f 9997 9995 9996 9998 
f 9984 9997 9998 9983 
f 9974 9979 9986 9987 
f 9973 9974 9987 9989 
f 9973 9989 9982 9957 
f 9975 9976 9994 9991 
f 9996 9994 9976 9977 
f 9998 9996 9977 9978 
f 9983 9998 9978 9958 
f 10000 9999 9940 10001 
f 10004 10003 10002 10005 
f 10008 10007 10006 10009 
f 10011 10010 9936 10012 
f 10013 10008 10009 10014 
f 10017 10016 10015 10018 
f 10020 10019 10016 10017 
f 10022 10021 10019 10020 
f 10023 10021 10022 10024 
f 10026 9930 10025 10027 
f 10026 9927 10003 10004 
f 10029 10028 10023 10024 
f 10030 10028 10029 10031 
f 10034 10033 10032 10012 
f 10037 10036 10035 10001 
f 10040 10039 10038 10041 
f 10044 10043 10042 10045 
f 10005 10002 10013 10014 
f 10007 10047 10046 10006 
f 10018 10015 10048 10049 
f 10050 10051 9903 
f 10052 10053 9903 
f 9952 10045 10042 
f 9952 10041 10038 
f 9902 10030 10031 9901 
f 10025 10055 10054 9905 
f 10050 9934 9935 10051 
f 9926 10027 9904 10053 
f 10058 10057 10056 10059 
f 10062 10061 10060 10063 
f 10059 10056 10064 10065 
f 10065 10064 10061 10062 
f 10066 10069 10068 10067 
f 10070 10073 10072 10071 
f 10057 10075 10074 10056 
f 10068 10076 10077 10067 
f 10059 10079 10078 10058 
f 10080 10083 10082 10081 
f 10084 10087 10086 10085 
f 10061 10089 10088 10060 
f 10063 9889 10090 10062 
f 10091 10092 10073 10070 
f 10056 10074 10093 10064 
f 10065 10094 10079 10059 
f 10085 10086 10092 10091 
f 10064 10093 10089 10061 
f 10081 10082 10096 10095 
f 10062 10090 10094 10065 
f 10096 10098 10097 10095 
f 9894 10035 9939 9893 
f 10032 10099 9913 9910 
f 9893 9939 10103 
f 9937 10039 10040 10034 
f 9941 10043 10044 10037 
f 10047 10101 10100 9999 
f 10010 10048 10102 10103 
f 10033 9945 9946 10104 
f 9950 9951 9938 10036 
f 9902 9903 10054 
f 9937 10034 10012 9936 
f 10010 10103 9939 9936 
f 10016 10106 10105 10015 
f 10019 10107 10106 10016 
f 10021 9897 10107 10019 
f 9900 9897 10021 10023 
f 9931 9900 10023 10028 
f 10055 9931 10028 10030 
f 10039 9951 9948 10038 
f 10015 10105 10102 10048 
f 10054 10055 10030 9902 
f 9937 9938 9951 10039 
f 10010 10011 10049 10048 
f 9911 10049 10011 9910 
f 10017 10018 9916 9917 
f 9920 10020 10017 9917 
f 10022 10020 9920 9922 
f 9925 10024 10022 9922 
f 10029 10024 9925 9933 
f 10031 10029 9933 9934 
f 9945 10040 10041 9944 
f 9916 10018 10049 9911 
f 10104 10099 10032 10033 
f 10050 9903 9901 
f 9901 10031 9934 10050 
f 9910 10011 10012 10032 
f 10033 10034 10040 9945 
f 9895 10046 10000 9894 
f 9909 10009 10006 9908 
f 10014 10009 9909 9914 
f 9950 10044 10045 9949 
f 9908 10006 10046 9895 
f 10036 9938 9939 10035 
f 9894 10000 10001 10035 
f 10036 10037 10044 9950 
f 9927 10026 10027 9926 
f 9941 10037 10001 9940 
f 10100 9943 9940 9999 
f 10108 10002 10003 10109 
f 10110 10007 10008 10111 
f 10111 10008 10013 10112 
f 10109 10003 9927 9928 
f 10114 10113 10042 10043 
f 10112 10013 10002 10108 
f 10101 10047 10007 10110 
f 9903 10053 9904 
f 9929 9926 10053 10052 
f 9942 10114 10043 9941 
f 9999 10000 10046 10047 
f 10004 10005 9898 9899 
f 9903 9905 10054 
f 10026 10004 9899 9930 
f 9930 9931 10055 10025 
f 9905 9904 10027 10025 
f 9952 9944 10041 
f 9952 9949 10045 
f 9952 10042 10113 
f 9952 10038 9948 
f 10077 10078 10067 
f 10096 10090 10098 
f 10083 10079 10094 10082 
f 10090 10096 10082 10094 
f 10115 9707 9708 10116 
f 10117 9710 9711 9782 
f 10118 9714 9715 10119 
f 10116 9708 9710 10117 
f 10119 9715 9707 10115 
f 9701 9702 9714 10118 
f 10120 9719 9720 10121 
f 10122 9723 9724 10123 
f 10123 9724 9726 10124 
f 10124 9726 9728 10125 
f 10125 9728 9730 10126 
f 10126 9730 9732 10127 
f 10127 9732 9734 10128 
f 10128 9734 9736 10129 
f 10129 9736 9738 10130 
f 10131 9741 9742 10132 
f 10132 9742 9744 10133 
f 10133 9744 9746 10134 
f 10134 9746 9748 10135 
f 10135 9748 9750 10136 
f 10136 9750 9752 10137 
f 10137 9752 9754 10138 
f 10138 9754 9756 10139 
f 10140 9759 9760 10141 
f 10141 9760 9762 10142 
f 10142 9762 9764 10143 
f 10143 9764 9766 10144 
f 10144 9766 9768 10145 
f 10145 9768 9770 10146 
f 10146 9770 9772 10147 
f 10147 9772 9774 10148 
f 9774 9776 10149 10148 
f 10121 9720 9741 10131 
f 10130 9738 9719 10120 
f 9778 9723 10122 10150 
f 10151 9780 9781 9786 
f 10152 9785 9780 10151 
f 8662 10153 9704 9701 
f 9787 9226 9597 9786 
f 8358 8258 10155 10154 
f 10156 8317 8358 10154 
f 10157 8316 8317 10156 
f 8669 8316 10157 10158 
f 10160 10159 8667 8668 
f 10162 10161 8360 8361 
f 10164 10163 8364 8365 
f 10165 8370 8371 10166 
f 8374 8375 10165 10160 
f 10163 10162 8376 8377 
f 10164 8382 8383 10158 
f 10161 10166 8386 8387 
f 10167 8395 9703 10168 
f 10160 8668 8374 
f 10162 8361 8376 
f 10164 8365 8382 
f 10166 8371 8386 
f 10165 8375 8370 
f 10163 8377 8364 
f 10158 8383 8669 
f 10161 8387 8360 
f 10169 10544 8394 10170 
f 10168 9703 9704 10171 
f 10153 8667 10159 10172 
f 9806 9865 9864 9805 
f 9808 9867 9866 9807 
f 9810 9869 9868 9809 
f 9811 9871 9870 6982 
f 9812 9872 9865 9806 
f 9805 9864 9867 9808 
f 9807 9866 9869 9810 
f 9809 9868 9871 9811 
f 9959 9812 8389 8666 
f 8665 8670 9979 9980 
f 9966 9959 8328 8329 
f 9959 8666 8328 
f 9966 8344 8664 
f 9966 8329 8344 
f 9985 9986 8663 8320 
f 9986 9979 8670 8663 
f 10175 10174 10173 10176 
f 10179 10178 10177 10180 
f 10183 10182 10181 10184 
f 10186 10185 10177 10178 
f 10189 10188 10187 10190 
f 10193 10192 10191 10194 
f 10195 10193 10194 10196 
f 10199 10198 10197 10200 
f 10201 10199 10200 10202 
f 10203 10201 10202 10204 
f 10173 7086 8106 10176 
f 10207 10206 10205 10208 
f 10207 10210 10209 10206 
f 10210 10203 10204 10209 
f 10213 10212 10211 10214 
f 10217 10216 10215 10218 
f 10221 10220 10219 10222 
f 10218 10215 10212 10213 
f 10224 10223 10216 10217 
f 10220 10214 10211 10219 
f 10225 10221 10222 10226 
f 10229 10228 10227 10230 
f 10233 10232 10231 10234 
f 10237 10236 10235 10238 
f 10241 10240 10239 10242 
f 10233 10244 10243 10235 
f 10247 10246 10245 10248 
f 10251 10250 10249 10252 
f 10254 10253 10250 10251 
f 10257 10256 10255 10258 
f 10259 10257 10258 10260 
f 10230 10227 10261 10262 
f 10265 10264 10263 10266 
f 10263 10264 10267 10268 
f 10267 10270 10269 10268 
f 10270 10259 10260 10269 
f 10273 10272 10271 10274 
f 10277 10276 10275 10278 
f 10281 10280 10279 10282 
f 10274 10271 10276 10277 
f 10278 10275 10283 10248 
f 10280 10272 10273 10279 
f 10284 10281 10282 10238 
f 10244 10286 10285 10287 
f 10284 10243 10288 10289 
f 10292 10291 10290 10293 
f 10295 10294 10283 10296 
f 10299 10298 10297 10300 
f 10302 10301 10298 10299 
f 10305 10304 10303 10306 
f 10307 10305 10306 10308 
f 10311 10310 10309 10312 
f 10309 10310 10313 10314 
f 10313 10316 10315 10314 
f 10316 10307 10308 10315 
f 10319 10318 10317 10320 
f 10287 10179 10181 10288 
f 10320 10317 10321 8107 
f 10324 10323 10322 10325 
f 10328 10327 10326 10329 
f 10332 10331 10330 10333 
f 10325 10322 10327 10328 
f 10329 10326 10334 10296 
f 10330 10331 10323 10324 
f 10182 10332 10333 10289 
f 10337 10336 10335 10338 
f 10339 10232 10236 10340 
f 10338 10335 10341 10342 
f 10345 10344 10343 10346 
f 10349 10348 10347 10350 
f 10353 10352 10351 10354 
f 10346 10343 10348 10349 
f 10350 10347 10245 10355 
f 10352 10344 10345 10351 
f 10237 10353 10354 10356 
f 10339 10189 10357 10358 
f 10225 10188 10340 10356 
f 10359 8109 8108 10360 
f 10362 10361 10224 10355 
f 10365 10364 10363 10366 
f 10368 10367 10364 10365 
f 10371 10370 10369 10372 
f 10373 10371 10372 10374 
f 10377 10376 10375 10378 
f 10378 10375 10379 10380 
f 10379 10382 10381 10380 
f 10382 10373 10374 10381 
f 10174 10337 10338 10173 
f 10287 10285 10178 10179 
f 10289 10288 10181 10182 
f 10186 10292 10293 8110 
f 10189 10339 10340 10188 
f 10192 10295 10296 10334 
f 10299 10300 10193 10195 
f 10383 10302 10299 10195 
f 10306 10303 10199 10201 
f 10308 10306 10201 10203 
f 10173 10338 10342 7086 
f 10312 10309 10208 10384 
f 10208 10309 10314 10207 
f 10314 10315 10210 10207 
f 10315 10308 10203 10210 
f 10214 10345 10346 10213 
f 10218 10349 10350 10217 
f 10354 10351 10220 10221 
f 10213 10346 10349 10218 
f 10217 10350 10355 10224 
f 10351 10345 10214 10220 
f 10356 10354 10221 10225 
f 10228 10319 10320 10227 
f 10232 10339 10358 10231 
f 10356 10340 10236 10237 
f 10360 8108 10240 10241 
f 10244 10287 10288 10243 
f 10246 10362 10355 10245 
f 10250 10365 10366 10249 
f 10253 10368 10365 10250 
f 10372 10369 10256 10257 
f 10374 10372 10257 10259 
f 10227 10320 8107 10261 
f 10377 10378 10264 10265 
f 10264 10378 10380 10267 
f 10380 10381 10270 10267 
f 10381 10374 10259 10270 
f 10272 10324 10325 10271 
f 10276 10328 10329 10275 
f 10333 10330 10280 10281 
f 10271 10325 10328 10276 
f 10275 10329 10296 10283 
f 10280 10330 10324 10272 
f 10289 10333 10281 10284 
f 10233 10234 10286 10244 
f 10238 10235 10243 10284 
f 10242 10239 10290 10291 
f 10294 10247 10248 10283 
f 10251 10252 10297 10298 
f 10301 10254 10251 10298 
f 10258 10255 10304 10305 
f 10260 10258 10305 10307 
f 10266 10263 10310 10311 
f 10310 10263 10268 10313 
f 10268 10269 10316 10313 
f 10269 10260 10307 10316 
f 10318 10386 10385 10317 
f 10179 10180 10184 10181 
f 10317 10385 7854 10321 
f 10323 10388 10387 10322 
f 10327 10390 10389 10326 
f 10332 10392 10391 10331 
f 10322 10387 10390 10327 
f 10326 10389 10393 10334 
f 10331 10391 10388 10323 
f 10182 10183 10392 10332 
f 10336 10229 10230 10335 
f 10232 10233 10235 10236 
f 10335 10230 10262 10341 
f 10344 10273 10274 10343 
f 10348 10277 10278 10347 
f 10282 10279 10352 10353 
f 10343 10274 10277 10348 
f 10347 10278 10248 10245 
f 10352 10279 10273 10344 
f 10238 10282 10353 10237 
f 10189 10190 10394 10357 
f 10226 10187 10188 10225 
f 10396 10395 8109 10359 
f 10361 10397 10223 10224 
f 10399 10398 10363 10364 
f 10367 10400 10399 10364 
f 10070 10071 10370 10371 
f 10091 10070 10371 10373 
f 10376 10402 10401 10375 
f 10401 10084 10379 10375 
f 10084 10085 10382 10379 
f 10085 10091 10373 10382 
f 10384 10208 10205 10403 
f 10175 10402 10376 10174 
f 10229 10266 10311 10228 
f 10312 10384 10318 10319 
f 10377 10265 10336 10337 
f 10376 10377 10337 10174 
f 10311 10312 10319 10228 
f 10318 10384 10403 10386 
f 10336 10265 10266 10229 
f 8111 10405 10404 10406 
f 10408 10407 10060 10088 
f 10410 10409 10407 10408 
f 10412 10411 10409 10410 
f 10406 10404 10411 10412 
f 10413 8105 9892 10414 
f 10405 10413 10414 10404 
f 10176 8106 8211 10415 
f 10416 9888 9889 10063 
f 10407 10416 10063 10060 
f 10401 10417 10087 10084 
f 10418 9891 9888 10416 
f 10409 10418 10416 10407 
f 10402 10419 10417 10401 
f 9890 9891 10418 10420 
f 10411 10420 10418 10409 
f 10175 10421 10419 10402 
f 10414 9892 9890 10420 
f 10404 10414 10420 10411 
f 10176 10415 10421 10175 
f 10156 10154 10423 10422 
f 10156 10422 10424 10157 
f 10157 10424 10425 10158 
f 10159 10160 10427 10426 
f 10162 10429 10428 10161 
f 10164 10431 10430 10163 
f 10165 10166 10433 10432 
f 10160 10165 10432 10427 
f 10163 10430 10429 10162 
f 10158 10425 10431 10164 
f 10166 10161 10428 10433 
f 10172 10159 10426 10434 
f 10437 10436 10435 10438 
f 10439 10437 10438 10440 
f 10441 10439 10440 10442 
f 10444 10443 10441 10442 
f 10446 10445 10443 10444 
f 10448 10447 10445 10446 
f 10450 10449 10447 10448 
f 10452 10451 10449 10450 
f 10455 10454 10453 10456 
f 10459 10458 10457 10460 
f 10438 10435 10462 10461 
f 10463 10455 10456 10464 
f 10465 10459 10460 10466 
f 10440 10438 10461 10467 
f 10468 10463 10464 10469 
f 10470 10465 10466 10471 
f 10442 10440 10467 10472 
f 10474 10473 10468 10469 
f 10476 10475 10470 10471 
f 10478 10477 10479 10472 
f 10481 10480 10473 10474 
f 10483 10482 10475 10476 
f 10484 10485 10479 10477 
f 10487 10486 10480 10481 
f 10489 10488 10482 10483 
f 10490 10491 10485 10484 
f 10493 10492 10486 10487 
f 10495 10494 10488 10489 
f 10496 10497 10491 10490 
f 10499 10498 10492 10493 
f 10501 10500 10494 10495 
f 10502 10503 10497 10496 
f 10168 10171 10504 
f 10169 10506 10505 
f 9702 9703 8395 8392 
f 9687 9788 9781 9686 
f 9706 8407 8404 9705 
f 9709 8506 8503 9620 
f 9713 8564 8561 9712 
f 9705 8404 8506 9709 
f 9712 8561 8407 9706 
f 8392 8393 8564 9713 
f 9718 10508 10507 9717 
f 9722 10510 10509 9721 
f 9721 10509 10511 9725 
f 9725 10511 10512 9727 
f 9727 10512 10513 9729 
f 9729 10513 10514 9731 
f 9731 10514 10515 9733 
f 9733 10515 10516 9735 
f 9735 10516 10517 9737 
f 9740 10519 10518 9739 
f 9739 10518 10520 9743 
f 9743 10520 10521 9745 
f 9745 10521 10522 9747 
f 9747 10522 10523 9749 
f 9749 10523 10524 9751 
f 9751 10524 10525 9753 
f 9753 10525 10526 9755 
f 9758 9632 10527 9757 
f 9757 10527 10528 9761 
f 9761 10528 10529 9763 
f 9763 10529 10530 9765 
f 9765 10530 10531 9767 
f 9767 10531 10532 9769 
f 9769 10532 10533 9771 
f 9771 10533 10534 9773 
f 10534 10535 9775 9773 
f 9717 10507 10519 9740 
f 9737 10517 10508 9718 
f 9777 10536 10510 9722 
f 9779 9595 9596 9686 
f 9784 9657 9595 9779 
f 10170 8394 8395 10167 
f 8406 10538 10537 8405 
f 8505 10539 9618 8504 
f 8563 10541 10540 8562 
f 8504 9618 9619 8636 
f 8405 10537 10539 8505 
f 8562 10540 10538 8406 
f 8661 8318 10541 8563 
f 9594 10542 9688 9593 
f 9413 9414 9629 9630 
f 9656 10543 10542 9594 
f 8393 8394 10544 8661 
f 10545 10509 10510 10546 
f 10547 10511 10509 10545 
f 10548 10512 10511 10547 
f 10549 10513 10512 10548 
f 10550 10514 10513 10549 
f 10551 10515 10514 10550 
f 10552 10516 10515 10551 
f 10553 10517 10516 10552 
f 10554 10518 10519 10555 
f 10556 10520 10518 10554 
f 10557 10521 10520 10556 
f 10558 10522 10521 10557 
f 10559 10523 10522 10558 
f 10560 10524 10523 10559 
f 10561 10525 10524 10560 
f 10562 10526 10525 10561 
f 10563 10528 10527 10564 
f 10565 10529 10528 10563 
f 10566 10530 10529 10565 
f 10567 10531 10530 10566 
f 10568 10532 10531 10567 
f 10569 10533 10532 10568 
f 10570 10534 10533 10569 
f 10571 10535 10534 10570 
f 10572 10536 10535 10571 
f 10573 10507 10508 10574 
f 10555 10519 10507 10573 
f 10574 10508 10517 10553 
f 9630 9631 9596 9593 
f 10505 8321 10544 10169 
f 8661 10544 8321 8318 
f 9378 10545 10546 9377 
f 9381 10547 10545 9378 
f 9383 10548 10547 9381 
f 9385 10549 10548 9383 
f 9387 10550 10549 9385 
f 9389 10551 10550 9387 
f 9391 10552 10551 9389 
f 9393 10553 10552 9391 
f 9396 10554 10555 9395 
f 9399 10556 10554 9396 
f 9401 10557 10556 9399 
f 9403 10558 10557 9401 
f 9405 10559 10558 9403 
f 9407 10560 10559 9405 
f 9409 10561 10560 9407 
f 9411 10562 10561 9409 
f 9418 10563 10564 9417 
f 9420 10565 10563 9418 
f 9422 10566 10565 9420 
f 9424 10567 10566 9422 
f 9426 10568 10567 9424 
f 9428 10569 10568 9426 
f 9430 10570 10569 9428 
f 10571 10570 9430 9432 
f 9434 10572 10571 9432 
f 9438 10573 10574 9437 
f 9395 10555 10573 9438 
f 9437 10574 10553 9393 
f 9413 9630 9593 9688 
f 10538 8411 8482 10537 
f 10539 8483 8325 9618 
f 10541 8619 8410 10540 
f 10537 8482 8483 10539 
f 10540 8410 8411 10538 
f 8318 8319 8619 10541 
f 10542 9578 9576 9688 
f 10543 9655 9578 10542 
f 10505 9985 8320 8321 
f 9988 9985 10505 10506 
f 10575 10169 10170 10576 
f 10167 10576 10170 
f 10504 10577 10167 10168 
f 9995 10578 9993 
f 10579 10578 10581 10580 
f 10581 10582 10580 
f 9984 10583 9997 
f 10584 10581 10578 10583 
f 10581 10584 10585 
f 10582 10585 10577 
f 10577 10504 10586 
f 9990 10587 9981 
f 10575 10584 10583 10587 
f 10576 10585 10584 10575 
f 10585 10576 10167 10577 
f 10506 10587 9990 9988 
f 10169 10575 10587 10506 
f 10587 10583 9984 9981 
f 10583 10578 9995 9997 
f 9992 9993 10578 10579 
f 9849 9881 9874 
f 10435 10589 10588 10462 
f 10590 10436 10457 10591 
f 10592 10458 10453 10593 
f 10223 10397 10595 10594 
f 10596 10599 10598 10597 
f 10602 10601 10600 10603 
f 10606 10605 10604 10607 
f 10609 10608 10611 10610 
f 10613 10612 10601 10602 
f 10615 10614 10605 10606 
f 10609 10610 10617 10616 
f 10620 10619 10618 10621 
f 10624 10623 10622 10625 
f 10626 10629 10628 10627 
f 10630 10619 10620 10631 
f 10632 10624 10625 10633 
f 10627 10628 10635 10634 
f 10637 10636 10639 10638 
f 10640 10598 10641 
f 10612 10618 10642 10643 
f 10614 10623 10621 10613 
f 10616 10626 10622 10615 
f 10643 10642 10641 
f 10644 10646 10645 10619 
f 10649 10648 10647 10650 
f 10653 10652 10651 10654 
f 10657 10656 10655 10658 
f 10661 10660 10659 10662 
f 10649 10663 10656 10657 
f 10654 10651 10660 10661 
f 10658 10655 10652 10653 
f 10662 10659 10664 10665 
f 10666 10653 10654 10667 
f 10668 10657 10658 10669 
f 10670 10661 10662 10671 
f 10648 10649 10657 10668 
f 10667 10654 10661 10670 
f 10669 10658 10653 10666 
f 10671 10662 10665 10672 
f 10648 10674 10673 10647 
f 10675 10666 10667 10676 
f 10677 10668 10669 10678 
f 10679 10670 10671 10680 
f 10674 10648 10668 10677 
f 10676 10667 10670 10679 
f 10678 10669 10666 10675 
f 10680 10671 10672 10681 
f 10674 10383 10682 10673 
f 10254 10675 10676 10253 
f 10302 10677 10678 10301 
f 10368 10679 10680 10367 
f 10383 10674 10677 10302 
f 10253 10676 10679 10368 
f 10301 10678 10675 10254 
f 10367 10680 10681 10400 
f 10383 10195 10196 10682 
f 10198 10663 10683 10197 
f 10684 10255 10256 10685 
f 10686 10303 10304 10687 
f 10688 10369 10370 10689 
f 10198 10199 10303 10686 
f 10685 10256 10369 10688 
f 10687 10304 10255 10684 
f 10689 10370 10071 10690 
f 10652 10684 10685 10651 
f 10656 10686 10687 10655 
f 10660 10688 10689 10659 
f 10663 10198 10686 10656 
f 10651 10685 10688 10660 
f 10655 10687 10684 10652 
f 10659 10689 10690 10664 
f 10663 10649 10650 10683 
f 10454 10455 10691 10594 
f 10455 10463 10692 10691 
f 10463 10468 10693 10692 
f 10211 10212 10693 10694 
f 10219 10211 10694 10695 
f 10222 10219 10695 10696 
f 10226 10222 10696 10697 
f 10226 10697 10698 10187 
f 10593 10453 10454 10699 
f 10609 10606 10607 10608 
f 10616 10615 10606 10609 
f 10627 10625 10622 10626 
f 10634 10633 10625 10627 
f 10400 10681 10629 10617 
f 10456 10453 10458 10459 
f 10464 10456 10459 10465 
f 10469 10464 10465 10470 
f 10475 10474 10469 10470 
f 10482 10481 10474 10475 
f 10488 10487 10481 10482 
f 10494 10493 10487 10488 
f 10500 10499 10493 10494 
f 10591 10457 10458 10592 
f 10605 10602 10603 10604 
f 10614 10613 10602 10605 
f 10620 10621 10623 10624 
f 10631 10620 10624 10632 
f 10615 10622 10623 10614 
f 10460 10457 10436 10437 
f 10466 10460 10437 10439 
f 10471 10466 10439 10441 
f 10443 10476 10471 10441 
f 10445 10483 10476 10443 
f 10447 10489 10483 10445 
f 10449 10495 10489 10447 
f 10451 10501 10495 10449 
f 10589 10435 10436 10590 
f 10601 10599 10596 10600 
f 10643 10599 10601 10612 
f 10642 10618 10619 
f 10619 10630 10700 10644 
f 10613 10621 10618 10612 
f 10630 10702 10701 10700 
f 10664 10703 10635 10665 
f 10633 10634 10704 10705 
f 10632 10633 10705 10706 
f 10631 10632 10706 10707 
f 10702 10630 10631 10707 
f 10708 10709 10077 10076 
f 10078 10077 10709 10710 
f 10058 10078 10710 10711 
f 10057 10058 10711 10712 
f 10075 10057 10712 10713 
f 10713 10714 10072 10075 
f 10690 10714 10703 10664 
f 10705 10704 10713 10712 
f 10706 10705 10712 10711 
f 10707 10706 10711 10710 
f 10702 10707 10710 10709 
f 10709 10708 10701 10702 
f 10636 10171 10715 10639 
f 10005 10014 9914 9898 
f 10186 8110 10716 10185 
f 10242 10234 10231 10241 
f 10285 10286 10291 10292 
f 10360 10358 10357 10359 
f 10178 10285 10292 10186 
f 10241 10231 10358 10360 
f 10286 10234 10242 10291 
f 10359 10357 10394 10396 
f 10190 10718 10717 10394 
f 10721 10720 10719 10722 
f 10725 10724 10723 10726 
f 10727 10730 10729 10728 
f 10720 10732 10731 10719 
f 10724 10721 10722 10723 
f 10728 10725 10726 10727 
f 10395 10396 10733 8242 
f 10394 10717 10733 10396 
f 10731 10718 10698 10498 
f 10736 10735 10734 10737 
f 10737 10734 10720 10721 
f 10499 10500 10722 10719 
f 10740 10739 10738 10741 
f 10741 10738 10724 10725 
f 10501 10451 10726 10723 
f 10728 10729 10743 10742 
f 10744 10730 10503 10502 
f 10735 8112 10745 10734 
f 10734 10745 10732 10720 
f 10498 10499 10719 10731 
f 10739 10736 10737 10738 
f 10738 10737 10721 10724 
f 10500 10501 10723 10722 
f 8113 10740 10741 10742 
f 10742 10741 10725 10728 
f 10451 10452 10727 10726 
f 10746 10154 10155 8114 
f 10154 10746 10423 
f 10747 10748 10743 
f 10749 7855 8113 10742 
f 10752 10751 10750 10753 
f 10754 10752 10753 10755 
f 10756 10754 10755 10757 
f 10758 10756 10757 10759 
f 10760 10758 10759 10761 
f 10762 10760 10761 10763 
f 10764 10762 10763 10765 
f 10766 10764 10765 8116 
f 10751 10768 10767 10750 
f 10770 10769 10767 10768 
f 10772 10771 10769 10770 
f 10775 10774 10773 10776 
f 10776 10773 10777 10778 
f 10778 10777 10779 10780 
f 10780 10779 10781 10782 
f 10782 10781 10771 10772 
f 10752 10748 10751 
f 10751 10748 10768 
f 10754 10748 10752 
f 10756 10748 10754 
f 10758 10748 10756 
f 10768 10748 10746 
f 10770 10746 10772 
f 10772 10746 10782 
f 10782 10746 10780 
f 10780 10746 10778 
f 10778 10746 8114 
f 10776 8114 10775 
f 10778 8114 10776 
f 10758 10749 10748 
f 10760 10749 10758 
f 10762 10749 10760 
f 10764 7855 10762 
f 10768 10746 10770 
s 2
f 10785 10784 10783 10786 
f 10786 10783 10787 10788 
f 10788 10787 10789 10790 
f 10790 10789 10791 10792 
f 10792 10791 10793 10794 
f 10794 10793 10795 10796 
f 10796 10795 10797 10798 
f 10798 10797 8115 10799 
f 10802 10801 10800 10803 
f 10805 10804 10784 10785 
f 10803 10800 10804 10805 
f 10808 10807 10806 10809 
f 10809 10806 10810 10811 
f 10811 10810 10812 10813 
f 10813 10812 10814 10815 
f 10815 10814 10801 10802 
s 1
f 10786 10753 10750 10785 
f 10788 10755 10753 10786 
f 10790 10757 10755 10788 
f 10792 10759 10757 10790 
f 10794 10761 10759 10792 
f 10796 10763 10761 10794 
f 10798 10765 10763 10796 
f 10799 8116 10765 10798 
f 10785 10750 10767 10805 
f 10805 10767 10769 10803 
f 10803 10769 10771 10802 
f 10809 10773 10774 10808 
f 10811 10777 10773 10809 
f 10813 10779 10777 10811 
f 10815 10781 10779 10813 
f 10802 10771 10781 10815 
f 8480 10115 10116 8479 
f 8554 10117 9782 8553 
f 8615 10118 10119 8614 
f 9782 9783 8660 8553 
f 8479 10116 10117 8554 
f 8614 10119 10115 8480 
f 8662 9701 10118 8615 
f 9157 10120 10121 9156 
f 9191 10122 10123 9190 
f 9190 10123 10124 9194 
f 9194 10124 10125 9196 
f 9196 10125 10126 9198 
f 9198 10126 10127 9200 
f 9200 10127 10128 9202 
f 9202 10128 10129 9204 
f 9204 10129 10130 9206 
f 9209 10131 10132 9208 
f 9208 10132 10133 9212 
f 9212 10133 10134 9214 
f 9214 10134 10135 9216 
f 9216 10135 10136 9218 
f 9218 10136 10137 9220 
f 9220 10137 10138 9222 
f 9222 10138 10139 9224 
f 9225 10140 10141 9231 
f 9231 10141 10142 9230 
f 9230 10142 10143 9234 
f 9234 10143 10144 9236 
f 9236 10144 10145 9238 
f 9238 10145 10146 9240 
f 9240 10146 10147 9242 
f 9242 10147 10148 9244 
f 10148 10149 9246 9244 
f 9156 10121 10131 9209 
f 9206 10130 10120 9157 
f 9373 10150 10122 9191 
f 9598 10151 9786 9597 
f 9658 10152 10151 9598 
f 8625 8667 10153 8662 
f 9226 9227 9600 9597 
f 10171 9704 10153 10172 
f 10192 10334 10393 10191 
f 10247 10252 10249 10246 
f 10295 10300 10297 10294 
f 10362 10366 10363 10361 
f 10192 10193 10300 10295 
f 10246 10249 10366 10362 
f 10294 10297 10252 10247 
f 10361 10363 10398 10397 
f 10171 10172 10434 10715 
f 10816 10817 10588 10597 
f 10591 10603 10600 10590 
f 10593 10607 10604 10592 
f 10608 10699 10595 10611 
f 10699 10608 10607 10593 
f 10592 10604 10603 10591 
f 10590 10600 10596 10589 
f 8390 9639 9640 8633 
f 8633 9640 9641 8639 
f 8639 9641 9642 8641 
f 8641 9642 9643 8640 
f 8640 9643 9644 8643 
f 8643 9644 9645 8642 
f 8642 9645 9646 8347 
f 9646 9647 8346 8347 
f 9647 9649 8638 8346 
f 8637 9648 9651 8645 
f 9650 9652 8331 8644 
f 8330 9653 9654 8323 
f 8323 9654 9655 8322 
f 8322 9655 10543 9619 
f 8635 9657 9784 9621 
f 9659 9660 8352 8353 
f 9622 9661 9665 8654 
f 8653 9662 9669 8652 
f 8651 9666 9671 8659 
f 8658 9670 9673 8648 
f 9672 9676 8656 8647 
f 8655 9674 9678 8650 
f 8649 9677 9680 8657 
f 8354 9679 9681 8357 
f 8357 9681 9682 8634 
f 8634 9682 9683 8646 
f 8646 9683 6418 7650 
f 8078 9684 9639 8390 
f 9660 9661 9622 8352 
f 8654 9665 9662 8653 
f 8652 9669 9666 8651 
f 8659 9671 9670 8658 
f 9673 9672 8647 8648 
f 9676 9674 8655 8656 
f 8650 9678 9677 8649 
f 8657 9680 9679 8354 
f 8638 9649 9648 8637 
f 9651 9650 8644 8645 
f 9652 9653 8330 8331 
f 9716 9785 10152 9783 
f 9783 10152 9658 8660 
f 9621 9784 9785 9716 
f 8636 9656 9657 8635 
f 9619 10543 9656 8636 
f 8660 9658 9659 8353 
f 9100 9101 9689 9416 
f 9788 9687 9758 9759 
f 9416 9689 9634 9635 
f 10140 9787 9788 9759 
f 9687 9631 9632 9758 
f 9226 9787 10140 9225 
f 9100 9105 9102 9099 
f 9225 9231 9232 9228 
f 9099 9102 9417 9414 
f 9228 9232 9555 9554 
f 9554 9555 9695 8834 
f 9629 10564 10527 9632 
f 9414 9417 10564 9629 
f 9374 9245 9246 9373 
f 9376 9290 9287 9375 
f 9187 9062 9377 9434 
f 9188 9119 9433 9439 
f 9375 9287 8091 8095 
f 9376 9257 9444 9481 
f 9371 9317 9489 9531 
f 9372 9331 9499 9532 
f 9374 9192 9535 9564 
f 9564 9535 8698 9186 
f 9532 9499 8854 9178 
f 9778 9776 9775 9777 
f 9439 9433 9120 9121 
f 9481 9444 8764 9136 
f 10150 10149 9776 9778 
f 9777 9775 10535 10536 
f 10572 10546 10510 10536 
f 9434 9377 10546 10572 
f 9373 9246 10149 10150 
f 10820 10819 10818 10821 
f 10819 8834 10818 
f 9700 8834 10822 
f 10823 9699 9700 10822 
f 10824 8892 8888 8889 
f 10825 8835 8878 10826 
f 10825 8834 8835 
f 8834 10819 8855 
f 8857 8855 10819 10820 
f 8844 8837 8898 8899 
f 8886 8882 8876 8863 
f 10822 8834 10825 
f 8858 9699 10823 8861 
f 9698 8840 8839 8836 
f 9697 9698 8836 8843 
f 9696 9697 8843 10821 
f 9696 10821 10818 9695 
f 10818 8834 9695 
f 8860 8889 8886 8863 
f 8861 10824 8889 8860 
f 10822 10825 10826 10823 
f 10824 8861 10823 10826 
f 8892 10824 10826 8878 
f 8891 8892 8878 8856 
f 8891 8856 8857 8899 
f 8899 8857 10820 8844 
f 8844 10820 10821 8843 
f 10827 10828 9635 
f 10831 10830 10829 10832 
f 10833 10832 9800 9799 
f 10830 10835 10834 10829 
f 9799 9798 10836 10833 
f 9137 9135 10837 9797 
f 9796 10838 9123 9120 
f 10840 10827 10839 10841 
f 10842 9792 9791 10843 
f 10844 9793 9792 10842 
f 9798 9797 10837 10836 
f 9135 9133 10845 10837 
f 9133 9131 10846 10845 
f 10846 9131 9129 10847 
f 10847 9129 9127 10848 
f 10848 9127 9125 10849 
f 9123 10838 10849 9125 
f 9796 9795 10850 10838 
f 9794 10851 10850 9795 
f 9793 10844 10851 9794 
f 10828 10827 10840 10852 
f 10853 10849 10838 10850 
f 10854 10848 10849 10853 
f 10855 10847 10848 10854 
f 10856 10853 10850 10851 
f 10857 10854 10853 10856 
f 10858 10855 10854 10857 
f 10859 10857 10856 10860 
f 10861 10858 10857 10859 
f 10862 10859 10860 10863 
f 10864 10861 10859 10862 
f 10866 10865 10864 10862 
f 10867 10846 10847 10855 
f 10868 10845 10846 10867 
f 10836 10837 10845 10868 
f 10869 10867 10855 10858 
f 10870 10868 10867 10869 
f 10871 10869 10858 10861 
f 10831 10870 10869 10871 
f 10833 10836 10868 10870 
f 10832 10833 10870 10831 
f 10872 10871 10861 10864 
f 10830 10831 10871 10872 
f 10873 10872 10864 10865 
f 10827 9635 10839 
f 10876 10875 10874 10877 
f 10875 9635 10874 
f 9789 9635 10878 
f 10879 9790 9789 10878 
f 10880 10866 10862 10863 
f 10881 10828 10852 10882 
f 10881 9635 10828 
f 9635 10875 10839 
f 10841 10839 10875 10876 
f 10835 10830 10872 10873 
f 10860 10856 10851 10844 
f 10878 9635 10881 
f 9791 9790 10879 10843 
f 9801 9800 10832 10829 
f 9802 9801 10829 10834 
f 9803 9802 10834 10877 
f 9803 10877 10874 9804 
f 10874 9635 9804 
f 10842 10863 10860 10844 
f 10843 10880 10863 10842 
f 10878 10881 10882 10879 
f 10880 10843 10879 10882 
f 10866 10880 10882 10852 
f 10865 10866 10852 10840 
f 10865 10840 10841 10873 
f 10873 10841 10876 10835 
f 10835 10876 10877 10834 
f 10885 10884 10883 10886 
f 10884 10885 10887 10888 
f 10888 10887 10889 10890 
f 10891 10890 10889 10892 
f 10884 10894 10893 10883 
f 10894 10884 10888 10895 
f 10895 10888 10890 10896 
f 10896 10890 10891 7865 
f 10894 10898 10897 10893 
f 10898 10894 10895 10899 
f 10899 10895 10896 10900 
f 10900 10896 7865 10901 
f 10904 10903 10902 10905 
f 10903 10904 10906 10907 
f 10907 10906 10908 10909 
f 10903 10911 10910 10902 
f 10911 10903 10907 10912 
f 10912 10907 10909 10913 
f 10911 10915 10914 10910 
f 10915 10911 10912 10916 
f 10916 10912 10913 10917 
f 10917 10913 10918 10919 
f 10915 10885 10886 10914 
f 10885 10915 10916 10887 
f 10887 10916 10917 10889 
f 10889 10917 10919 10892 
f 10920 10897 10898 
f 10921 10900 10922 
f 10923 10899 10924 
f 10925 10898 10926 
f 10901 10927 10922 10900 
f 10900 10921 10924 10899 
f 10899 10923 10926 10898 
f 10928 10898 10925 
f 10929 10898 10928 
f 10920 10898 10929 
f 10930 11791 11793 10931 
f 10932 11797 11791 10930 
f 10933 11800 11797 10932 
f 10934 11803 11800 10933 
f 10935 11806 11803 10934 
f 10936 11809 11806 10935 
f 10937 11812 11809 10936 
f 10938 11815 11812 10937 
f 10939 11818 11815 10938 
f 10940 11821 11818 10939 
f 10941 11824 11821 10940 
f 10942 11827 11824 10941 
f 10943 11830 11827 10942 
f 10944 11833 11830 10943 
f 10944 10945 11734 11833 
f 10948 10947 10946 10931 
f 10946 10949 10930 10931 
f 10949 10950 10932 10930 
f 10950 10951 10933 10932 
f 10951 10952 10934 10933 
f 10952 10953 10935 10934 
f 10953 10954 10936 10935 
f 10954 10955 10937 10936 
f 10954 10957 10956 10955 
f 10957 10959 10958 10956 
f 10960 10957 10954 10953 
f 10961 10959 10957 10960 
f 10962 10960 10953 10952 
f 10963 10962 10952 10951 
f 10964 10961 10960 10962 
f 10965 10964 10962 10963 
f 10966 10963 10951 10950 
f 10967 10966 10950 10949 
f 10968 10965 10963 10966 
f 10969 10968 10966 10967 
f 10970 10967 10949 10946 
f 10947 10971 10970 10946 
f 10972 10969 10967 10970 
f 10971 10973 10972 10970 
f 10955 10974 10938 10937 
f 10943 10976 10975 10944 
f 10942 10977 10976 10943 
f 10941 10978 10977 10942 
f 10940 10979 10978 10941 
f 10939 10980 10979 10940 
f 10938 10974 10980 10939 
f 10955 10956 10981 10974 
f 10958 10982 10981 10956 
f 10984 10983 10975 10976 
f 10986 10985 10983 10984 
f 10987 10984 10976 10977 
f 10988 10987 10977 10978 
f 10989 10986 10984 10987 
f 10990 10989 10987 10988 
f 10991 10988 10978 10979 
f 10992 10991 10979 10980 
f 10993 10990 10988 10991 
f 10994 10993 10991 10992 
f 10981 10992 10980 10974 
f 10982 10994 10992 10981 
s 2
f 11836 11741 11737 11794 
f 11836 11794 11790 11839 
f 11839 11790 11796 11842 
f 11842 11796 11799 11845 
f 11845 11799 11802 11848 
f 11848 11802 11805 11851 
f 11851 11805 11808 11854 
f 11854 11808 11811 11857 
f 11857 11811 11814 11860 
f 11860 11814 11817 11863 
f 11863 11817 11820 11866 
f 11866 11820 11823 11869 
f 11869 11823 11826 11872 
f 11872 11826 11829 11875 
f 11875 11829 11832 11878 
s 1
f 11835 10995 11740 
f 11838 10995 11835 
f 11841 10995 11838 
f 11844 10995 11841 
f 11847 10995 11844 
f 11850 10995 11847 
f 11853 10995 11850 
f 11856 10995 11853 
f 11859 10995 11856 
f 11862 10995 11859 
f 11865 10995 11862 
f 11868 10995 11865 
f 11871 10995 11868 
f 11874 10995 11871 
f 11877 10995 11874 
f 10996 10961 10964 10997 
f 10997 10964 10965 10998 
f 10998 10965 10968 10999 
f 10999 10968 10969 11000 
f 11000 10969 10972 11001 
f 11002 10958 10959 11003 
f 11003 10959 10961 10996 
f 11004 10986 10989 11005 
f 11005 10989 10990 11006 
f 11007 10993 10994 11008 
f 11009 10982 10958 11002 
f 11006 10990 10993 11007 
f 11011 11010 8072 10985 
f 11011 10985 10986 11004 
f 11008 10994 10982 11009 
f 11014 11013 11012 11015 
f 11013 11017 11016 11012 
f 11018 11017 11013 
f 11019 11018 11013 11014 
f 11014 11015 11020 11021 
f 10904 10905 11022 11018 
f 10906 10904 11018 11019 
f 11024 11023 10996 10997 
f 11025 11024 10997 10998 
f 11026 11025 10998 10999 
f 11027 11026 10999 11000 
f 11028 11027 11000 11001 
f 11029 11002 11003 11030 
f 11030 11003 10996 11023 
f 11032 11031 11004 11005 
f 11033 11032 11005 11006 
f 11035 11034 11007 11008 
f 11029 11036 11009 11002 
f 11034 11033 11006 11007 
f 11037 8075 11010 11011 
f 11031 11037 11011 11004 
f 11036 11035 11008 11009 
f 11040 11039 11038 11041 
f 11042 11039 11040 11043 
f 11044 11042 11043 11045 
f 11046 11044 11045 11047 
f 11048 11046 11047 11049 
f 11050 8076 11048 11049 
f 11053 11052 11051 11054 
f 11041 11038 11052 11053 
f 11057 11056 11055 11058 
f 11060 11059 11056 11057 
f 11063 11062 11061 11064 
f 11051 11066 11065 11054 
f 11061 11062 11059 11060 
f 11058 11055 11067 11068 
f 11066 11063 11064 11065 
f 11024 11040 11041 11023 
f 11043 11040 11024 11025 
f 11026 11045 11043 11025 
f 11047 11045 11026 11027 
f 11028 11049 11047 11027 
f 11069 11050 11049 11028 
f 11030 11053 11054 11029 
f 11023 11041 11053 11030 
f 11032 11057 11058 11031 
f 11033 11060 11057 11032 
f 11035 11064 11061 11034 
f 11054 11065 11036 11029 
f 11034 11061 11060 11033 
f 11031 11058 11068 11037 
f 11065 11064 11035 11036 
f 11039 11071 11070 11038 
f 11072 11071 11039 11042 
f 11073 11072 11042 11044 
f 11074 11073 11044 11046 
f 11075 11074 11046 11048 
f 8076 11076 11075 11048 
f 11052 11078 11077 11051 
f 11038 11070 11078 11052 
f 11056 11080 11079 11055 
f 11059 11081 11080 11056 
f 11083 11082 11062 11063 
f 11077 11084 11066 11051 
f 11062 11082 11081 11059 
f 11055 11079 11085 11067 
f 11084 11083 11063 11066 
f 11086 11070 11071 11087 
f 11087 11071 11072 11088 
f 11088 11072 11073 11089 
f 11089 11073 11074 11090 
f 11090 11074 11075 11091 
f 11092 11077 11078 11093 
f 11093 11078 11070 11086 
f 11094 11079 11080 11095 
f 11095 11080 11081 11096 
f 11097 11082 11083 11098 
f 11099 11084 11077 11092 
f 11096 11081 11082 11097 
f 11101 11100 8074 11085 
f 11101 11085 11079 11094 
f 11098 11083 11084 11099 
f 11094 11102 11101 
f 11092 11103 11099 
f 11093 11103 11092 
f 11105 11091 11104 11106 
f 11101 11102 11100 
f 11087 11107 11086 
f 11086 11107 11103 
f 11088 11107 11087 
f 11089 11105 11088 
f 11090 11105 11089 
f 11088 11105 11107 
f 11091 11105 11090 
f 11086 11103 11093 
f 11103 11019 11014 11108 
f 11108 11014 11021 11109 
f 11016 11017 11110 
f 11018 11022 11111 11017 
f 11110 11017 11112 
f 11112 11017 11113 
f 11113 11017 11114 
f 11114 11017 11115 
f 11115 11017 11116 
f 11116 11017 11117 
f 11117 11017 11111 
f 11012 10180 10177 11015 
f 11016 10184 10180 11012 
f 11110 10183 10184 11016 
f 11112 10392 10183 11110 
f 11113 10391 10392 11112 
f 11114 10388 10391 11113 
f 11115 10387 10388 11114 
f 11116 10390 10387 11115 
f 11117 10389 10390 11116 
f 11111 10393 10389 11117 
f 11022 10191 10393 11111 
f 10905 10194 10191 11022 
f 10902 10196 10194 10905 
f 10910 10682 10196 10902 
f 10914 10673 10682 10910 
f 10886 10647 10673 10914 
f 10883 10650 10647 10886 
f 10893 10683 10650 10883 
f 10897 10197 10683 10893 
f 10920 10200 10197 10897 
f 10929 10202 10200 10920 
f 10928 10204 10202 10929 
f 10925 10209 10204 10928 
f 10926 10206 10209 10925 
f 10923 10205 10206 10926 
f 10924 10403 10205 10923 
f 10921 10386 10403 10924 
f 10922 10385 10386 10921 
f 10922 10927 7854 10385 
f 11015 10177 10185 11020 
f 8117 10908 11105 11106 
f 11108 11097 11098 
f 11107 10906 11019 11103 
f 11107 11105 10908 10906 
f 11103 11098 11099 
f 11103 11108 11098 
f 11108 11096 11097 
f 11108 11109 11096 
f 11109 11095 11096 
f 11109 11094 11095 
f 11102 11094 11109 
f 8909 8910 11479 11481 
f 8946 8947 11485 11487 
f 8988 8985 11491 11493 
f 9025 9026 11497 11499 
f 9052 8988 11493 11502 
f 9053 9052 11502 11505 
f 9054 9053 11505 11508 
f 9055 9054 11508 11511 
f 9056 9055 11511 11514 
f 9026 9056 11514 11497 
f 9057 8946 11487 11517 
f 9058 9057 11517 11520 
f 9059 9058 11520 11523 
f 9060 9059 11523 11526 
f 9061 9060 11526 11529 
f 8910 9061 11529 11479 
f 9096 9097 11533 11535 
f 9223 9224 11539 11541 
f 9276 9273 11545 11547 
f 9350 9351 11551 11553 
f 9411 9096 11535 11556 
f 9097 9412 11560 11533 
f 9273 9456 11448 11545 
f 9458 9276 11547 11562 
f 8099 9350 11553 11455 
f 9351 9516 11566 11551 
f 9552 9223 11541 11568 
f 8947 9552 11568 11485 
f 9516 8909 11481 11566 
f 9756 9755 11572 11574 
f 9412 9025 11499 11560 
f 8985 9458 11562 11491 
f 10139 9756 11574 11577 
f 9755 10526 11581 11572 
f 10526 10562 11584 11581 
f 10562 9411 11556 11584 
f 9224 10139 11577 11539 
f 10909 10908 8117 11118 
f 10913 10909 11118 10918 
f 10948 10931 11793 11738 
f 10945 10944 10975 11119 
f 11119 10975 10983 11120 
f 11120 10983 10985 8072 
s 2
f 11788 11878 11832 11735 
s 1
f 11879 10995 11877 
f 11121 11001 10972 10973 
f 11021 11020 11122 8073 
f 11069 11028 11001 11121 
f 8119 11068 11067 8118 
f 8075 11037 11068 8119 
f 8118 11067 11085 8074 
f 11091 11075 11076 8120 
f 8120 11104 11091 
f 11109 11021 8073 11102 
f 11020 10185 10716 11122 
f 10461 10462 11124 11123 
f 10467 10461 11123 11125 
f 10472 10467 11125 10478 
f 10442 10472 10479 10444 
f 10444 10479 10485 10446 
f 10446 10485 10491 10448 
f 10448 10491 10497 10450 
f 10450 10497 10503 10452 
f 10462 10588 10817 11124 
f 10597 10598 10640 10816 
f 10641 10598 10599 10643 
f 11126 10729 10730 10744 
f 10747 10743 10729 11126 
f 10452 10503 10730 10727 
f 10597 10588 10589 10596 
f 11126 11127 11128 10747 
f 10744 11129 11127 11126 
f 10502 11130 11129 10744 
f 11131 11132 11123 11124 
f 10477 11133 11134 10484 
f 10490 11135 11136 10496 
f 11137 11138 10478 11125 
f 11132 11137 11125 11123 
f 10484 11134 11135 10490 
f 10496 11136 11130 10502 
f 11138 11133 10477 10478 
f 11139 11131 11124 10817 
f 11140 11139 10817 10816 
f 9874 9929 10052 9873 
f 9882 10109 9928 9881 
f 9873 10052 9903 9876 
f 9962 10108 10109 9882 
f 9969 10112 10108 9962 
f 9975 10111 10112 9969 
f 9992 10101 10110 9991 
f 9991 10110 10111 9975 
f 10069 9923 9921 10068 
f 10068 9921 9918 10076 
f 10080 9924 9923 10069 
f 10081 9932 9924 10080 
f 10095 9935 9932 10081 
f 9876 9903 10051 10097 
f 10097 10051 9935 10095 
f 10171 9952 10113 10504 
f 10580 9943 10100 10579 
f 10582 9942 9943 10580 
f 10586 10114 9942 10582 
f 10504 10113 10114 10586 
f 10579 10100 10101 9992 
f 9881 9928 9929 9874 
f 10637 9946 9947 10636 
f 10644 10099 10104 10646 
f 10700 9913 10099 10644 
f 10701 9912 9913 10700 
f 10076 9918 9919 10708 
f 10708 9919 9912 10701 
f 10636 9947 9952 10171 
f 10646 10104 9946 10637 
f 10743 10749 10742 
f 11128 10746 10748 
f 11128 10748 10747 
f 10743 10748 10749 
f 10075 10072 10073 10074 
f 10089 10086 10087 10088 
f 10074 10073 10092 10093 
f 10093 10092 10086 10089 
f 10406 10415 8211 8111 
f 10088 10087 10417 10408 
f 10408 10417 10419 10410 
f 10410 10419 10421 10412 
f 10412 10421 10415 10406 
f 10594 10595 10699 10454 
f 10399 10610 10611 10398 
f 10400 10617 10610 10399 
f 10672 10628 10629 10681 
f 10665 10635 10628 10672 
f 10594 10691 10216 10223 
f 10691 10692 10215 10216 
f 10215 10692 10693 10212 
f 10473 10694 10693 10468 
f 10480 10695 10694 10473 
f 10486 10696 10695 10480 
f 10492 10697 10696 10486 
f 10498 10698 10697 10492 
f 10616 10617 10629 10626 
f 10634 10635 10703 10704 
f 10071 10072 10714 10690 
f 10704 10703 10714 10713 
f 10732 10717 10718 10731 
f 8112 8242 10733 10745 
f 10745 10733 10717 10732 
f 10187 10698 10718 10190 
f 10398 10611 10595 10397 
f 8664 8665 9980 9966 
f 9980 9967 9966 
f 10079 10083 10066 
f 10066 10083 10080 10069 
f 10097 10098 9884 9876 
f 10098 10090 9889 9884 
f 10641 10642 10645 10638 
f 10640 11140 10816 
f 11127 10422 10423 11128 
f 11129 10424 10422 11127 
f 11130 10425 10424 11129 
f 10426 10427 11132 11131 
f 11133 10428 10429 11134 
f 11135 10430 10431 11136 
f 10432 10433 11138 11137 
f 10427 10432 11137 11132 
f 11134 10429 10430 11135 
f 11136 10431 10425 11130 
f 10433 10428 11133 11138 
f 10434 10426 11131 11139 
f 10638 10639 10640 10641 
f 10639 10715 11140 10640 
f 10715 10434 11139 11140 
f 10638 10645 10646 10637 
f 10423 10746 11128 
f 10619 10645 10642 
f 10581 10585 10582 
f 10582 10577 10586 
s 4
f 11170 11167 11388 11391 
f 11167 11158 11376 11388 
f 11158 11154 11380 11376 
f 11154 11230 11451 11380 
f 11230 11212 11430 11451 
f 11212 11208 11434 11430 
f 11208 11226 11449 11434 
f 11226 11326 11544 11449 
f 11326 11322 11548 11544 
f 11322 11340 11563 11548 
f 11340 11272 11490 11563 
f 11272 11268 11494 11490 
f 11268 11280 11503 11494 
f 11280 11283 11506 11503 
f 11283 11286 11509 11506 
f 11286 11289 11512 11509 
f 11289 11292 11515 11512 
f 11292 11278 11496 11515 
f 11278 11274 11500 11496 
f 11274 11338 11559 11500 
f 11338 11314 11532 11559 
f 11314 11310 11536 11532 
f 11310 11334 11557 11536 
f 11334 11362 11583 11557 
f 11362 11359 11580 11583 
f 11359 11353 11571 11580 
f 11353 11349 11575 11571 
f 11349 11355 11578 11575 
f 11355 11320 11538 11578 
f 11320 11316 11542 11538 
f 11316 11346 11569 11542 
f 11346 11266 11484 11569 
f 11266 11262 11488 11484 
f 11262 11295 11518 11488 
f 11295 11298 11521 11518 
f 11298 11301 11524 11521 
f 11301 11304 11527 11524 
f 11304 11307 11530 11527 
f 11307 11260 11478 11530 
f 11260 11256 11482 11478 
f 11256 11344 11565 11482 
f 11344 11332 11550 11565 
f 11332 11328 11554 11550 
f 11328 11233 11454 11554 
f 11233 11218 11436 11454 
f 11218 11214 11440 11436 
f 11214 11235 11458 11440 
f 11235 11146 11364 11458 
f 11146 11142 11368 11364 
f 11142 11194 11415 11368 
f 11194 11191 11412 11415 
f 11191 11188 11409 11412 
f 11188 11185 11406 11409 
f 11185 11182 11403 11406 
f 11182 11152 11370 11403 
f 11152 11148 11374 11370 
f 11148 11239 11460 11374 
f 11239 11206 11424 11460 
f 11206 11202 11428 11424 
f 11202 11248 11469 11428 
f 11248 11245 11463 11469 
f 11245 11241 11467 11463 
f 11241 11250 11473 11467 
f 11250 11253 11476 11473 
f 11253 11221 11442 11476 
f 11221 11200 11418 11442 
f 11200 11196 11422 11418 
f 11196 11223 11446 11422 
f 11223 11164 11382 11446 
f 11164 11160 11386 11382 
f 11160 11179 11400 11386 
f 11179 11176 11397 11400 
f 11176 11173 11394 11397 
f 11173 11170 11391 11394 
s 2
f 11145 11143 11141 11144 
f 11151 11149 11147 11150 
f 11157 11155 11153 11156 
f 11163 11161 11159 11162 
f 11166 11157 11156 11165 
f 11169 11166 11165 11168 
f 11172 11169 11168 11171 
f 11175 11172 11171 11174 
f 11178 11175 11174 11177 
f 11161 11178 11177 11159 
f 11181 11151 11150 11180 
f 11184 11181 11180 11183 
f 11187 11184 11183 11186 
f 11190 11187 11186 11189 
f 11193 11190 11189 11192 
f 11143 11193 11192 11141 
f 11199 11197 11195 11198 
f 11205 11203 11201 11204 
f 11211 11209 11207 11210 
f 11217 11215 11213 11216 
f 11220 11199 11198 11219 
f 11197 11224 11222 11195 
f 11209 11227 11225 11207 
f 11229 11211 11210 11228 
f 11232 11217 11216 11231 
f 11215 11236 11234 11213 
f 11238 11205 11204 11237 
f 11149 11238 11237 11147 
f 11236 11145 11144 11234 
f 11244 11242 11240 11243 
f 11224 11163 11162 11222 
f 11155 11229 11228 11153 
f 11247 11244 11243 11246 
f 11242 11251 11249 11240 
f 11251 11254 11252 11249 
f 11254 11220 11219 11252 
f 11203 11247 11246 11201 
f 11259 11257 11255 11258 
f 11265 11263 11261 11264 
f 11271 11269 11267 11270 
f 11277 11275 11273 11276 
f 11269 11281 11279 11267 
f 11281 11284 11282 11279 
f 11284 11287 11285 11282 
f 11287 11290 11288 11285 
f 11290 11293 11291 11288 
f 11293 11277 11276 11291 
f 11263 11296 11294 11261 
f 11296 11299 11297 11294 
f 11299 11302 11300 11297 
f 11302 11305 11303 11300 
f 11305 11308 11306 11303 
f 11308 11259 11258 11306 
f 11313 11311 11309 11312 
f 11319 11317 11315 11318 
f 11325 11323 11321 11324 
f 11331 11329 11327 11330 
f 11311 11335 11333 11309 
f 11337 11313 11312 11336 
f 11227 11325 11324 11225 
f 11323 11341 11339 11321 
f 11329 11232 11231 11327 
f 11343 11331 11330 11342 
f 11317 11347 11345 11315 
f 11347 11265 11264 11345 
f 11257 11343 11342 11255 
f 11352 11350 11348 11351 
f 11275 11337 11336 11273 
f 11341 11271 11270 11339 
f 11350 11356 11354 11348 
f 11358 11352 11351 11357 
f 11361 11358 11357 11360 
f 11335 11361 11360 11333 
f 11356 11319 11318 11354 
s 1
f 11367 11365 11363 11366 
f 11373 11371 11369 11372 
f 11379 11377 11375 11378 
f 11385 11383 11381 11384 
f 11377 11389 11387 11375 
f 11389 11392 11390 11387 
f 11392 11395 11393 11390 
f 11395 11398 11396 11393 
f 11398 11401 11399 11396 
f 11401 11385 11384 11399 
f 11371 11404 11402 11369 
f 11404 11407 11405 11402 
f 11407 11410 11408 11405 
f 11410 11413 11411 11408 
f 11413 11416 11414 11411 
f 11416 11367 11366 11414 
f 11421 11419 11417 11420 
f 11427 11425 11423 11426 
f 11433 11431 11429 11432 
f 11439 11437 11435 11438 
f 11419 11443 11441 11417 
f 11445 11421 11420 11444 
f 11448 11433 11432 11447 
f 11431 11452 11450 11429 
f 11437 11455 11453 11435 
f 11457 11439 11438 11456 
f 11425 11461 11459 11423 
f 11461 11373 11372 11459 
f 11365 11457 11456 11363 
f 11466 11464 11462 11465 
f 11383 11445 11444 11381 
f 11452 11379 11378 11450 
f 11464 11470 11468 11462 
f 11472 11466 11465 11471 
f 11475 11472 11471 11474 
f 11443 11475 11474 11441 
f 11470 11427 11426 11468 
f 11481 11479 11477 11480 
f 11487 11485 11483 11486 
f 11493 11491 11489 11492 
f 11499 11497 11495 11498 
f 11502 11493 11492 11501 
f 11505 11502 11501 11504 
f 11508 11505 11504 11507 
f 11511 11508 11507 11510 
f 11514 11511 11510 11513 
f 11497 11514 11513 11495 
f 11517 11487 11486 11516 
f 11520 11517 11516 11519 
f 11523 11520 11519 11522 
f 11526 11523 11522 11525 
f 11529 11526 11525 11528 
f 11479 11529 11528 11477 
f 11535 11533 11531 11534 
f 11541 11539 11537 11540 
f 11547 11545 11543 11546 
f 11553 11551 11549 11552 
f 11556 11535 11534 11555 
f 11533 11560 11558 11531 
f 11545 11448 11447 11543 
f 11562 11547 11546 11561 
f 11455 11553 11552 11453 
f 11551 11566 11564 11549 
f 11568 11541 11540 11567 
f 11485 11568 11567 11483 
f 11566 11481 11480 11564 
f 11574 11572 11570 11573 
f 11560 11499 11498 11558 
f 11491 11562 11561 11489 
f 11577 11574 11573 11576 
f 11572 11581 11579 11570 
f 11581 11584 11582 11579 
f 11584 11556 11555 11582 
f 11539 11577 11576 11537 
s 4
f 11167 11170 11168 11165 
f 11391 11388 11387 11390 
f 11158 11167 11165 11156 
f 11388 11376 11375 11387 
f 11154 11158 11156 11153 
f 11376 11380 11378 11375 
f 11230 11154 11153 11228 
f 11380 11451 11450 11378 
f 11212 11230 11228 11210 
f 11451 11430 11429 11450 
f 11208 11212 11210 11207 
f 11430 11434 11432 11429 
f 11226 11208 11207 11225 
f 11434 11449 11447 11432 
f 11326 11226 11225 11324 
f 11449 11544 11543 11447 
f 11322 11326 11324 11321 
f 11544 11548 11546 11543 
f 11340 11322 11321 11339 
f 11548 11563 11561 11546 
f 11272 11340 11339 11270 
f 11563 11490 11489 11561 
f 11268 11272 11270 11267 
f 11490 11494 11492 11489 
f 11280 11268 11267 11279 
f 11494 11503 11501 11492 
f 11283 11280 11279 11282 
f 11503 11506 11504 11501 
f 11286 11283 11282 11285 
f 11506 11509 11507 11504 
f 11289 11286 11285 11288 
f 11509 11512 11510 11507 
f 11292 11289 11288 11291 
f 11512 11515 11513 11510 
f 11278 11292 11291 11276 
f 11515 11496 11495 11513 
f 11274 11278 11276 11273 
f 11496 11500 11498 11495 
f 11338 11274 11273 11336 
f 11500 11559 11558 11498 
f 11314 11338 11336 11312 
f 11559 11532 11531 11558 
f 11310 11314 11312 11309 
f 11532 11536 11534 11531 
f 11334 11310 11309 11333 
f 11536 11557 11555 11534 
f 11362 11334 11333 11360 
f 11557 11583 11582 11555 
f 11359 11362 11360 11357 
f 11583 11580 11579 11582 
f 11353 11359 11357 11351 
f 11580 11571 11570 11579 
f 11349 11353 11351 11348 
f 11571 11575 11573 11570 
f 11355 11349 11348 11354 
f 11575 11578 11576 11573 
f 11320 11355 11354 11318 
f 11578 11538 11537 11576 
f 11316 11320 11318 11315 
f 11538 11542 11540 11537 
f 11346 11316 11315 11345 
f 11542 11569 11567 11540 
f 11266 11346 11345 11264 
f 11569 11484 11483 11567 
f 11262 11266 11264 11261 
f 11484 11488 11486 11483 
f 11295 11262 11261 11294 
f 11488 11518 11516 11486 
f 11298 11295 11294 11297 
f 11518 11521 11519 11516 
f 11301 11298 11297 11300 
f 11521 11524 11522 11519 
f 11304 11301 11300 11303 
f 11524 11527 11525 11522 
f 11307 11304 11303 11306 
f 11527 11530 11528 11525 
f 11260 11307 11306 11258 
f 11530 11478 11477 11528 
f 11256 11260 11258 11255 
f 11478 11482 11480 11477 
f 11344 11256 11255 11342 
f 11482 11565 11564 11480 
f 11332 11344 11342 11330 
f 11565 11550 11549 11564 
f 11328 11332 11330 11327 
f 11550 11554 11552 11549 
f 11233 11328 11327 11231 
f 11554 11454 11453 11552 
f 11218 11233 11231 11216 
f 11454 11436 11435 11453 
f 11214 11218 11216 11213 
f 11436 11440 11438 11435 
f 11235 11214 11213 11234 
f 11440 11458 11456 11438 
f 11146 11235 11234 11144 
f 11458 11364 11363 11456 
f 11142 11146 11144 11141 
f 11364 11368 11366 11363 
f 11194 11142 11141 11192 
f 11368 11415 11414 11366 
f 11191 11194 11192 11189 
f 11415 11412 11411 11414 
f 11188 11191 11189 11186 
f 11412 11409 11408 11411 
f 11185 11188 11186 11183 
f 11409 11406 11405 11408 
f 11182 11185 11183 11180 
f 11406 11403 11402 11405 
f 11152 11182 11180 11150 
f 11403 11370 11369 11402 
f 11148 11152 11150 11147 
f 11370 11374 11372 11369 
f 11239 11148 11147 11237 
f 11374 11460 11459 11372 
f 11206 11239 11237 11204 
f 11460 11424 11423 11459 
f 11202 11206 11204 11201 
f 11424 11428 11426 11423 
f 11248 11202 11201 11246 
f 11428 11469 11468 11426 
f 11245 11248 11246 11243 
f 11469 11463 11462 11468 
f 11241 11245 11243 11240 
f 11463 11467 11465 11462 
f 11250 11241 11240 11249 
f 11467 11473 11471 11465 
f 11253 11250 11249 11252 
f 11473 11476 11474 11471 
f 11221 11253 11252 11219 
f 11476 11442 11441 11474 
f 11200 11221 11219 11198 
f 11442 11418 11417 11441 
f 11196 11200 11198 11195 
f 11418 11422 11420 11417 
f 11223 11196 11195 11222 
f 11422 11446 11444 11420 
f 11164 11223 11222 11162 
f 11446 11382 11381 11444 
f 11160 11164 11162 11159 
f 11382 11386 11384 11381 
f 11179 11160 11159 11177 
f 11386 11400 11399 11384 
f 11176 11179 11177 11174 
f 11400 11397 11396 11399 
f 11173 11176 11174 11171 
f 11397 11394 11393 11396 
f 11170 11173 11171 11168 
f 11394 11391 11390 11393 
s 1
f 10078 10079 10066 10067 
f 8290 6841 6922 6921 
f 3920 3918 3944 3972 
f 7540 7539 7855 
f 10764 10766 7855 
f 7539 7532 7855 
f 7855 10749 10762 
s 2
f 7550 7552 11588 11590 
f 7552 7555 11594 11588 
f 7555 7558 11597 11594 
f 7558 7561 11600 11597 
f 7561 7564 11603 11600 
f 7564 7567 11606 11603 
f 7567 7570 11609 11606 
f 7570 8115 11612 11609 
f 7580 7577 11615 11617 
f 7574 7550 11590 11620 
f 7577 7574 11620 11615 
f 10807 7582 11624 11626 
f 7582 7585 11630 11624 
f 7585 7588 11633 11630 
f 7588 7591 11636 11633 
f 7591 7580 11617 11636 
f 10783 10784 11639 11641 
f 10787 10783 11641 11644 
f 10789 10787 11644 11647 
f 10791 10789 11647 11650 
f 10793 10791 11650 11653 
f 10795 10793 11653 11656 
f 10797 10795 11656 11659 
f 8115 10797 11659 11612 
f 10800 10801 11663 11665 
f 10784 10804 11669 11639 
f 10804 10800 11665 11669 
f 10806 10807 11626 11671 
f 10810 10806 11671 11674 
f 10812 10810 11674 11677 
f 10814 10812 11677 11680 
f 10801 10814 11680 11663 
s 1
f 11591 11587 11585 
f 11587 11593 11585 
f 11593 11596 11585 
f 11596 11599 11585 
f 11599 11602 11585 
f 11602 11605 11585 
f 11605 11608 11585 
f 11608 11611 11585 
f 11618 11614 11585 
f 11621 11591 11585 
f 11614 11621 11585 
f 11627 11623 11585 
f 11623 11629 11585 
f 11629 11632 11585 
f 11632 11635 11585 
f 11635 11618 11585 
f 11642 11638 11585 
f 11645 11642 11585 
f 11648 11645 11585 
f 11651 11648 11585 
f 11654 11651 11585 
f 11657 11654 11585 
f 11660 11657 11585 
f 11611 11660 11585 
f 11666 11662 11585 
f 11638 11668 11585 
f 11668 11666 11585 
f 11672 11627 11585 
f 11675 11672 11585 
f 11678 11675 11585 
f 11681 11678 11585 
f 11662 11681 11585 
s 2
f 11590 11588 11586 11589 
f 11588 11594 11592 11586 
f 11594 11597 11595 11592 
f 11597 11600 11598 11595 
f 11600 11603 11601 11598 
f 11603 11606 11604 11601 
f 11606 11609 11607 11604 
f 11609 11612 11610 11607 
f 11617 11615 11613 11616 
f 11620 11590 11589 11619 
f 11615 11620 11619 11613 
f 11626 11624 11622 11625 
f 11624 11630 11628 11622 
f 11630 11633 11631 11628 
f 11633 11636 11634 11631 
f 11636 11617 11616 11634 
f 11641 11639 11637 11640 
f 11644 11641 11640 11643 
f 11647 11644 11643 11646 
f 11650 11647 11646 11649 
f 11653 11650 11649 11652 
f 11656 11653 11652 11655 
f 11659 11656 11655 11658 
f 11612 11659 11658 11610 
f 11665 11663 11661 11664 
f 11639 11669 11667 11637 
f 11669 11665 11664 11667 
f 11671 11626 11625 11670 
f 11674 11671 11670 11673 
f 11677 11674 11673 11676 
f 11680 11677 11676 11679 
f 11663 11680 11679 11661 
s 1
f 11587 11591 11589 11586 
f 11593 11587 11586 11592 
f 11596 11593 11592 11595 
f 11599 11596 11595 11598 
f 11602 11599 11598 11601 
f 11605 11602 11601 11604 
f 11608 11605 11604 11607 
f 11611 11608 11607 11610 
f 11614 11618 11616 11613 
f 11591 11621 11619 11589 
f 11621 11614 11613 11619 
f 11623 11627 11625 11622 
f 11629 11623 11622 11628 
f 11632 11629 11628 11631 
f 11635 11632 11631 11634 
f 11618 11635 11634 11616 
f 11638 11642 11640 11637 
f 11642 11645 11643 11640 
f 11645 11648 11646 11643 
f 11648 11651 11649 11646 
f 11651 11654 11652 11649 
f 11654 11657 11655 11652 
f 11657 11660 11658 11655 
f 11660 11611 11610 11658 
f 11662 11666 11664 11661 
f 11668 11638 11637 11667 
f 11666 11668 11667 11664 
f 11627 11672 11670 11625 
f 11672 11675 11673 11670 
f 11675 11678 11676 11673 
f 11678 11681 11679 11676 
f 11681 11662 11661 11679 
f 5249 5248 11682 11683 
f 5252 5249 11683 11684 
f 5486 5252 11684 11685 
f 4972 5486 11685 11686 
f 4670 4972 11686 11687 
f 11682 2955 3339 11683 
f 11683 3339 2944 11684 
f 11684 2944 3341 11685 
f 11685 3341 3541 11686 
f 11686 3541 2451 11687 
f 11692 11690 11688 11691 
f 11695 11692 11691 11694 
f 11698 11695 11694 11697 
f 11701 11698 11697 11700 
f 11704 11701 11700 11703 
f 11707 11704 11703 11706 
f 11710 11707 11706 11709 
f 11713 11710 11709 11712 
f 11716 11713 11712 11715 
f 11719 11716 11715 11718 
f 11722 11719 11718 11721 
f 11725 11722 11721 11724 
f 11728 11725 11724 11727 
f 11731 11728 11727 11730 
f 11734 11731 11730 11733 
s 2
f 11737 11689 11688 11736 
f 11743 11741 11739 11742 
f 11746 11743 11742 11745 
f 11689 11693 11691 11688 
f 11749 11746 11745 11748 
f 11693 11696 11694 11691 
f 11752 11749 11748 11751 
f 11696 11699 11697 11694 
f 11755 11752 11751 11754 
f 11699 11702 11700 11697 
f 11758 11755 11754 11757 
f 11702 11705 11703 11700 
f 11761 11758 11757 11760 
f 11705 11708 11706 11703 
f 11764 11761 11760 11763 
f 11708 11711 11709 11706 
f 11767 11764 11763 11766 
f 11711 11714 11712 11709 
f 11770 11767 11766 11769 
f 11714 11717 11715 11712 
f 11773 11770 11769 11772 
f 11717 11720 11718 11715 
f 11776 11773 11772 11775 
f 11720 11723 11721 11718 
f 11779 11776 11775 11778 
f 11723 11726 11724 11721 
f 11782 11779 11778 11781 
f 11726 11729 11727 11724 
f 11785 11782 11781 11784 
f 11729 11732 11730 11727 
s 1
f 11740 11744 11742 11739 
f 11744 11747 11745 11742 
f 11747 11750 11748 11745 
f 11750 11753 11751 11748 
f 11753 11756 11754 11751 
f 11756 11759 11757 11754 
f 11759 11762 11760 11757 
f 11762 11765 11763 11760 
f 11765 11768 11766 11763 
f 11768 11771 11769 11766 
f 11771 11774 11772 11769 
f 11774 11777 11775 11772 
f 11777 11780 11778 11775 
f 11780 11783 11781 11778 
f 11783 11786 11784 11781 
f 11690 11738 11736 11688 
s 2
f 11732 11735 11733 11730 
f 11788 11785 11784 11787 
s 1
f 11786 11879 11787 11784 
f 11793 11791 11789 11792 
f 11791 11797 11795 11789 
f 11797 11800 11798 11795 
f 11800 11803 11801 11798 
f 11803 11806 11804 11801 
f 11806 11809 11807 11804 
f 11809 11812 11810 11807 
f 11812 11815 11813 11810 
f 11815 11818 11816 11813 
f 11818 11821 11819 11816 
f 11821 11824 11822 11819 
f 11824 11827 11825 11822 
f 11827 11830 11828 11825 
f 11830 11833 11831 11828 
f 11833 11734 11733 11831 
s 2
f 11741 11836 11834 11739 
f 11794 11737 11736 11792 
f 11790 11794 11792 11789 
f 11836 11839 11837 11834 
f 11796 11790 11789 11795 
f 11839 11842 11840 11837 
f 11799 11796 11795 11798 
f 11842 11845 11843 11840 
f 11802 11799 11798 11801 
f 11845 11848 11846 11843 
f 11805 11802 11801 11804 
f 11848 11851 11849 11846 
f 11808 11805 11804 11807 
f 11851 11854 11852 11849 
f 11811 11808 11807 11810 
f 11854 11857 11855 11852 
f 11814 11811 11810 11813 
f 11857 11860 11858 11855 
f 11817 11814 11813 11816 
f 11860 11863 11861 11858 
f 11820 11817 11816 11819 
f 11863 11866 11864 11861 
f 11823 11820 11819 11822 
f 11866 11869 11867 11864 
f 11826 11823 11822 11825 
f 11869 11872 11870 11867 
f 11829 11826 11825 11828 
f 11872 11875 11873 11870 
f 11832 11829 11828 11831 
f 11875 11878 11876 11873 
s 1
f 11835 11740 11739 11834 
f 11838 11835 11834 11837 
f 11841 11838 11837 11840 
f 11844 11841 11840 11843 
f 11847 11844 11843 11846 
f 11850 11847 11846 11849 
f 11853 11850 11849 11852 
f 11856 11853 11852 11855 
f 11859 11856 11855 11858 
f 11862 11859 11858 11861 
f 11865 11862 11861 11864 
f 11868 11865 11864 11867 
f 11871 11868 11867 11870 
f 11874 11871 11870 11873 
f 11877 11874 11873 11876 
f 11738 11793 11792 11736 
s 2
f 11878 11788 11787 11876 
f 11735 11832 11831 11733 
s 1
f 11879 11877 11876 11787 
s 2
f 398 395 612 
f 332 578 660 636 
s 8
f 11882 11881 11904 11900 
f 11881 11883 11907 11904 
f 11883 11884 11910 11907 
f 11884 11885 11913 11910 
f 11885 11886 11916 11913 
f 11886 11887 11919 11916 
f 11887 11888 11922 11919 
f 11888 11889 11925 11922 
f 11889 11890 11928 11925 
f 11890 11891 11931 11928 
f 11891 11892 11934 11931 
f 11892 11893 11937 11934 
f 11893 11894 11940 11937 
f 11894 11895 11943 11940 
f 11895 11896 11946 11943 
f 11896 11897 11949 11946 
f 11897 11898 11952 11949 
f 11898 11882 11900 11952 
s off
f 11901 11903 11880 
f 11903 11906 11880 
f 11906 11909 11880 
f 11909 11912 11880 
f 11912 11915 11880 
f 11915 11918 11880 
f 11918 11921 11880 
f 11921 11924 11880 
f 11924 11927 11880 
f 11927 11930 11880 
f 11930 11933 11880 
f 11933 11936 11880 
f 11936 11939 11880 
f 11939 11942 11880 
f 11942 11945 11880 
f 11945 11948 11880 
f 11948 11951 11880 
f 11951 11901 11880 
s 8
f 11900 11904 11902 11899 
f 11904 11907 11905 11902 
f 11907 11910 11908 11905 
f 11910 11913 11911 11908 
f 11913 11916 11914 11911 
f 11916 11919 11917 11914 
f 11919 11922 11920 11917 
f 11922 11925 11923 11920 
f 11925 11928 11926 11923 
f 11928 11931 11929 11926 
f 11931 11934 11932 11929 
f 11934 11937 11935 11932 
f 11937 11940 11938 11935 
f 11940 11943 11941 11938 
f 11943 11946 11944 11941 
f 11946 11949 11947 11944 
f 11949 11952 11950 11947 
f 11952 11900 11899 11950 
s off
f 11903 11901 11899 11902 
f 11906 11903 11902 11905 
f 11909 11906 11905 11908 
f 11912 11909 11908 11911 
f 11915 11912 11911 11914 
f 11918 11915 11914 11917 
f 11921 11918 11917 11920 
f 11924 11921 11920 11923 
f 11927 11924 11923 11926 
f 11930 11927 11926 11929 
f 11933 11930 11929 11932 
f 11936 11933 11932 11935 
f 11939 11936 11935 11938 
f 11942 11939 11938 11941 
f 11945 11942 11941 11944 
f 11948 11945 11944 11947 
f 11951 11948 11947 11950 
f 11901 11951 11950 11899 
s 1
f 34 108 11953 
f 35 34 11953 
f 107 179 11953 
f 108 107 11953 
f 178 247 11953 
f 179 178 11953 
f 246 312 11953 
f 247 246 11953 
f 311 378 11953 
f 312 311 11953 
f 377 35 11953 
f 378 377 11953 
f 9605 9604 9603 
f 9615 9614 9616 9603 
f 6492 6377 6382 
f 6491 6376 6382 
f 9685 9663 9664 
f 6486 6371 6530 
f 6585 6363 6387 6690 
f 9582 9579 9590 9584 
# 11467 polygons - 940 triangles

