# 3ds Max Wavefront OBJ Exporter v0.99 - (c)2007 guruware
# File Created: 29.11.2022 13:11:05

#
# object 25067IN
#

v  -0.4864 -0.3347 0.1322
v  -0.4796 -0.3347 0.1361
v  -0.4905 -0.3347 0.1259
v  -0.4724 -0.3209 0.1322
v  -0.4724 -0.3166 0.1259
v  -0.4725 -0.3278 0.1366
v  -0.4855 -0.3221 0.1259
v  -0.4796 -0.3278 0.1360
v  -0.4790 -0.3181 0.1259
v  -0.4822 -0.3252 0.1322
v  -0.4893 -0.3279 0.1259
v  0.4905 -0.3347 0.1259
v  0.4725 -0.3278 0.1366
v  0.4796 -0.3347 0.1361
v  0.4864 -0.3347 0.1322
v  0.4724 -0.3166 0.1259
v  0.4724 -0.3209 0.1322
v  0.4796 -0.3278 0.1360
v  0.4855 -0.3221 0.1259
v  0.4893 -0.3279 0.1259
v  0.4790 -0.3181 0.1259
v  0.4822 -0.3252 0.1322
v  -0.4921 -0.3347 -0.0000
v  -0.4907 -0.3279 -0.0000
v  -0.4796 -0.3167 -0.0000
v  -0.4869 -0.3212 -0.0000
v  -0.4724 -0.3150 -0.0000
v  0.4921 -0.3347 -0.0000
v  0.4905 -0.3347 -0.1259
v  0.4907 -0.3279 -0.0000
v  0.4725 -0.3279 -0.1366
v  0.4864 -0.3347 -0.1322
v  0.4796 -0.3347 -0.1361
v  0.4724 -0.3212 -0.1325
v  0.4724 -0.3167 -0.1260
v  0.4869 -0.3212 -0.0000
v  0.4796 -0.3167 -0.0000
v  0.4724 -0.3150 -0.0000
v  0.4796 -0.3279 -0.1360
v  0.4855 -0.3221 -0.1259
v  0.4893 -0.3279 -0.1259
v  0.4822 -0.3252 -0.1322
v  0.4790 -0.3181 -0.1259
v  -0.4551 -0.3150 -0.1007
v  -0.4607 -0.3167 -0.1068
v  -0.4653 -0.3212 -0.1115
v  -0.4680 -0.3279 -0.1138
v  -0.4690 -0.3347 -0.1148
v  -0.4676 -0.3150 -0.0824
v  -0.4398 -0.3167 -0.1205
v  -0.4424 -0.3212 -0.1265
v  -0.4440 -0.3279 -0.1302
v  -0.4445 -0.3347 -0.1313
v  -0.4369 -0.3150 -0.1133
v  -0.4745 -0.3167 -0.0858
v  -0.4808 -0.3212 -0.0885
v  -0.4845 -0.3279 -0.0898
v  -0.4856 -0.3347 -0.0902
v  -0.4714 -0.3150 -0.0710
v  -0.4270 -0.3167 -0.1245
v  -0.4283 -0.3212 -0.1308
v  -0.4292 -0.3279 -0.1350
v  -0.4294 -0.3347 -0.1361
v  -0.4465 -0.3150 -0.1079
v  -0.4689 -0.3167 -0.0972
v  -0.4743 -0.3212 -0.1009
v  -0.4774 -0.3279 -0.1025
v  -0.4785 -0.3346 -0.1033
v  -0.4623 -0.3150 -0.0922
v  -0.4512 -0.3167 -0.1150
v  -0.4547 -0.3212 -0.1203
v  -0.4568 -0.3279 -0.1232
v  -0.4575 -0.3347 -0.1242
v  -0.4256 -0.3150 -0.1172
v  -0.4784 -0.3167 -0.0728
v  -0.4852 -0.3212 -0.0742
v  -0.4893 -0.3279 -0.0749
v  -0.4904 -0.3347 -0.0751
v  -0.4654 -0.3150 -0.0000
v  -0.4654 -0.3150 0.1111
v  0.4654 -0.3150 -0.0000
v  0.4654 -0.3150 -0.1111
v  -0.4242 -0.3150 -0.1102
v  -0.4340 -0.3150 -0.1069
v  -0.4425 -0.3150 -0.1021
v  -0.4502 -0.3150 -0.0957
v  -0.4565 -0.3150 -0.0883
v  -0.4611 -0.3150 -0.0796
v  -0.4645 -0.3150 -0.0696
v  -0.4202 -0.3150 -0.0000
v  -0.4921 -0.3417 -0.0000
v  -0.4904 -0.3417 -0.0751
v  -0.4856 -0.3417 -0.0902
v  -0.4785 -0.3417 -0.1033
v  -0.4690 -0.3417 -0.1148
v  -0.4575 -0.3417 -0.1242
v  -0.4445 -0.3417 -0.1313
v  -0.4294 -0.3417 -0.1361
v  0.4796 -0.3417 -0.1361
v  0.4864 -0.3417 -0.1322
v  0.4905 -0.3417 -0.1259
v  0.4921 -0.3417 -0.0000
v  0.4905 -0.3417 0.1259
v  0.4864 -0.3417 0.1322
v  0.4796 -0.3417 0.1361
v  -0.4796 -0.3417 0.1361
v  -0.4864 -0.3417 0.1322
v  -0.4905 -0.3417 0.1259
v  -0.4921 -0.3347 0.1181
v  -0.4921 -0.3347 0.1111
v  -0.4905 -0.3279 0.1181
v  -0.4905 -0.3279 0.1111
v  -0.4867 -0.3212 0.1181
v  -0.4867 -0.3212 0.1111
v  -0.4796 -0.3167 0.1181
v  -0.4796 -0.3167 0.1111
v  -0.4724 -0.3150 0.1181
v  -0.4724 -0.3150 0.1111
v  -0.4921 -0.3417 0.1181
v  -0.4921 -0.3417 0.1111
v  -0.4909 -0.3279 -0.0591
v  -0.4908 -0.3279 -0.0521
v  -0.4921 -0.3347 -0.0591
v  -0.4921 -0.3347 -0.0521
v  -0.4798 -0.3167 -0.0591
v  -0.4798 -0.3167 -0.0521
v  -0.4868 -0.3212 -0.0590
v  -0.4868 -0.3212 -0.0520
v  -0.4724 -0.3150 -0.0591
v  -0.4724 -0.3150 -0.0520
v  -0.4921 -0.3417 -0.0591
v  -0.4921 -0.3417 -0.0521
v  -0.4654 -0.3150 -0.0588
v  -0.4654 -0.3150 -0.0517
v  -0.4134 -0.3347 -0.1378
v  -0.4064 -0.3347 -0.1378
v  -0.4134 -0.3279 -0.1366
v  -0.4064 -0.3279 -0.1366
v  -0.4134 -0.3212 -0.1324
v  -0.4064 -0.3212 -0.1324
v  -0.4134 -0.3167 -0.1260
v  -0.4064 -0.3167 -0.1260
v  -0.4134 -0.3150 -0.1181
v  -0.4064 -0.3150 -0.1181
v  -0.4134 -0.3417 -0.1378
v  -0.4064 -0.3417 -0.1378
v  -0.4131 -0.3150 -0.1111
v  -0.4060 -0.3150 -0.1111
v  0.4905 -0.3279 0.1181
v  0.4905 -0.3279 0.1111
v  0.4921 -0.3347 0.1181
v  0.4921 -0.3347 0.1111
v  0.4796 -0.3167 0.1181
v  0.4796 -0.3167 0.1111
v  0.4867 -0.3212 0.1181
v  0.4867 -0.3212 0.1111
v  0.4724 -0.3150 0.1181
v  0.4654 -0.3150 0.1111
v  0.4724 -0.3150 0.1111
v  0.4921 -0.3417 0.1181
v  0.4921 -0.3417 0.1111
v  0.4724 -0.3417 0.1378
v  0.4654 -0.3417 0.1378
v  0.4724 -0.3347 0.1378
v  0.4654 -0.3347 0.1378
v  0.4654 -0.3278 0.1366
v  0.4654 -0.3209 0.1322
v  0.4654 -0.3166 0.1259
v  0.4654 -0.3150 0.1181
v  -0.4724 -0.3417 0.1378
v  -0.4654 -0.3417 0.1378
v  -0.4724 -0.3347 0.1378
v  -0.4654 -0.3347 0.1378
v  -0.4654 -0.3278 0.1366
v  -0.4653 -0.3209 0.1322
v  -0.4653 -0.3166 0.1259
v  -0.4654 -0.3150 0.1181
v  0.4724 -0.3417 -0.1378
v  0.4654 -0.3417 -0.1378
v  0.4724 -0.3347 -0.1378
v  0.4654 -0.3347 -0.1378
v  0.4655 -0.3279 -0.1366
v  0.4656 -0.3212 -0.1325
v  0.4656 -0.3167 -0.1260
v  0.4655 -0.3150 -0.1181
v  0.4921 -0.3347 -0.1181
v  0.4921 -0.3347 -0.1111
v  0.4905 -0.3279 -0.1181
v  0.4905 -0.3279 -0.1111
v  0.4867 -0.3212 -0.1181
v  0.4867 -0.3212 -0.1111
v  0.4796 -0.3167 -0.1181
v  0.4796 -0.3167 -0.1111
v  0.4724 -0.3150 -0.1181
v  0.4724 -0.3150 -0.1111
v  0.4921 -0.3417 -0.1181
v  0.4921 -0.3417 -0.1111
v  -0.4904 -1.6929 -0.0751
v  -0.4921 -1.6929 -0.0591
v  -0.4785 -1.6929 -0.1033
v  -0.4856 -1.6929 -0.0902
v  -0.4445 -1.6929 -0.1313
v  -0.4905 -1.6929 0.1259
v  -0.4921 -1.6929 0.1181
v  -0.4654 -1.6929 0.1378
v  0.4654 -1.6929 -0.1378
v  -0.4921 -1.6929 -0.0000
v  -0.4864 -1.6929 0.1322
v  -0.4724 -1.6929 0.1378
v  0.4921 -1.6929 -0.0000
v  0.4796 -1.6929 0.1361
v  0.4724 -1.6929 0.1378
v  -0.4921 -1.6929 -0.0521
v  0.4921 -1.6929 -0.1111
v  0.4864 -1.6929 -0.1322
v  0.4796 -1.6929 -0.1361
v  0.4921 -1.6929 -0.1181
v  -0.4921 -3.0512 -0.0000
v  -0.4921 -3.0512 0.1111
v  -0.4905 -3.0579 0.1111
v  -0.4907 -3.0579 -0.0000
v  -0.4867 -3.0646 0.1111
v  -0.4796 -3.0692 0.1111
v  -0.4796 -3.0692 -0.0000
v  -0.4869 -3.0646 -0.0000
v  -0.4724 -3.0709 0.1111
v  -0.4724 -3.0709 -0.0000
v  -0.4796 -3.0580 0.1360
v  -0.4724 -3.0512 0.1378
v  -0.4725 -3.0580 0.1366
v  -0.4796 -3.0512 0.1361
v  -0.4855 -3.0637 0.1259
v  -0.4867 -3.0646 0.1181
v  -0.4905 -3.0579 0.1181
v  -0.4893 -3.0579 0.1259
v  -0.4724 -3.0649 0.1322
v  -0.4724 -3.0692 0.1259
v  -0.4790 -3.0678 0.1259
v  -0.4822 -3.0607 0.1322
v  -0.4796 -3.0691 0.1181
v  -0.4921 -3.0512 0.1181
v  -0.4905 -3.0512 0.1259
v  -0.4864 -3.0512 0.1322
v  -0.4724 -3.0709 0.1181
v  0.4921 -3.0512 -0.0000
v  0.4907 -3.0579 -0.0000
v  0.4905 -3.0579 0.1111
v  0.4921 -3.0512 0.1111
v  -0.4654 -3.0580 0.1366
v  -0.4654 -3.0512 0.1378
v  -0.4653 -3.0692 0.1259
v  -0.4653 -3.0649 0.1322
v  -0.4654 -3.0709 0.1181
v  0.4867 -3.0646 0.1111
v  0.4869 -3.0646 -0.0000
v  0.4796 -3.0692 -0.0000
v  0.4796 -3.0692 0.1111
v  0.4724 -3.0709 -0.0000
v  0.4724 -3.0709 0.1111
v  0.4796 -3.0580 0.1360
v  0.4725 -3.0580 0.1366
v  0.4724 -3.0512 0.1378
v  0.4796 -3.0512 0.1361
v  0.4855 -3.0637 0.1259
v  0.4893 -3.0579 0.1259
v  0.4905 -3.0579 0.1181
v  0.4867 -3.0646 0.1181
v  0.4724 -3.0649 0.1322
v  0.4822 -3.0607 0.1322
v  0.4790 -3.0678 0.1259
v  0.4724 -3.0692 0.1259
v  0.4796 -3.0691 0.1181
v  0.4905 -3.0512 0.1259
v  0.4921 -3.0512 0.1181
v  0.4864 -3.0512 0.1322
v  0.4724 -3.0709 0.1181
v  -0.4908 -3.0579 -0.0522
v  -0.4921 -3.0512 -0.0521
v  0.4921 -3.0512 -0.1111
v  0.4905 -3.0579 -0.1111
v  0.4724 -3.0512 -0.1378
v  0.4654 -3.0512 -0.1378
v  0.4655 -3.0579 -0.1366
v  0.4725 -3.0579 -0.1366
v  0.4867 -3.0646 -0.1111
v  0.4796 -3.0692 -0.1111
v  0.4724 -3.0709 -0.1111
v  0.4796 -3.0579 -0.1360
v  0.4796 -3.0512 -0.1361
v  0.4855 -3.0637 -0.1259
v  0.4867 -3.0646 -0.1181
v  0.4905 -3.0579 -0.1181
v  0.4893 -3.0579 -0.1259
v  0.4724 -3.0646 -0.1325
v  0.4724 -3.0692 -0.1260
v  0.4790 -3.0678 -0.1259
v  0.4822 -3.0607 -0.1322
v  0.4796 -3.0692 -0.1181
v  0.4921 -3.0512 -0.1181
v  0.4905 -3.0512 -0.1259
v  0.4864 -3.0512 -0.1322
v  0.4724 -3.0709 -0.1181
v  0.4656 -3.0692 -0.1260
v  0.4656 -3.0646 -0.1325
v  0.4655 -3.0709 -0.1181
v  -0.4868 -3.0646 -0.0520
v  -0.4798 -3.0692 -0.0521
v  -0.4724 -3.0709 -0.0520
v  -0.4798 -3.0692 -0.0591
v  -0.4724 -3.0709 -0.0591
v  -0.4714 -3.0709 -0.0710
v  -0.4784 -3.0692 -0.0728
v  -0.4868 -3.0646 -0.0590
v  -0.4852 -3.0646 -0.0742
v  -0.4909 -3.0579 -0.0592
v  -0.4893 -3.0579 -0.0749
v  -0.4921 -3.0512 -0.0591
v  -0.4904 -3.0512 -0.0751
v  -0.4904 -3.0442 -0.0751
v  -0.4921 -3.0442 -0.0591
v  -0.4551 -3.0709 -0.1007
v  -0.4465 -3.0709 -0.1079
v  -0.4512 -3.0692 -0.1150
v  -0.4607 -3.0692 -0.1068
v  -0.4547 -3.0646 -0.1203
v  -0.4653 -3.0646 -0.1115
v  -0.4568 -3.0579 -0.1232
v  -0.4680 -3.0579 -0.1138
v  -0.4575 -3.0512 -0.1242
v  -0.4690 -3.0512 -0.1148
v  -0.4690 -3.0442 -0.1148
v  -0.4575 -3.0441 -0.1242
v  -0.4575 -1.6929 -0.1242
v  -0.4690 -1.6929 -0.1148
v  -0.4676 -3.0709 -0.0824
v  -0.4623 -3.0709 -0.0922
v  -0.4689 -3.0692 -0.0972
v  -0.4745 -3.0692 -0.0858
v  -0.4743 -3.0646 -0.1009
v  -0.4808 -3.0646 -0.0885
v  -0.4774 -3.0579 -0.1025
v  -0.4845 -3.0579 -0.0898
v  -0.4785 -3.0512 -0.1033
v  -0.4856 -3.0512 -0.0902
v  -0.4856 -3.0442 -0.0902
v  -0.4785 -3.0441 -0.1033
v  -0.4369 -3.0709 -0.1133
v  -0.4256 -3.0709 -0.1172
v  -0.4270 -3.0692 -0.1245
v  -0.4398 -3.0692 -0.1206
v  -0.4283 -3.0646 -0.1308
v  -0.4424 -3.0646 -0.1265
v  -0.4292 -3.0579 -0.1350
v  -0.4440 -3.0579 -0.1302
v  -0.4294 -3.0512 -0.1361
v  -0.4445 -3.0512 -0.1313
v  -0.4445 -3.0442 -0.1313
v  -0.4294 -3.0442 -0.1361
v  -0.4294 -1.6929 -0.1361
v  -0.4134 -3.0709 -0.1181
v  -0.4134 -3.0692 -0.1260
v  -0.4134 -3.0646 -0.1324
v  -0.4134 -3.0579 -0.1366
v  -0.4134 -3.0512 -0.1378
v  -0.4134 -3.0442 -0.1378
v  -0.4134 -1.6929 -0.1378
v  -0.4654 -3.0709 0.1111
v  -0.4654 -3.0709 -0.0000
v  0.4654 -3.0709 0.1111
v  0.4654 -3.0709 -0.0000
v  0.4654 -3.0709 -0.1111
v  -0.4242 -3.0709 -0.1103
v  -0.4131 -3.0709 -0.1111
v  -0.4340 -3.0709 -0.1069
v  -0.4425 -3.0709 -0.1021
v  -0.4502 -3.0709 -0.0957
v  -0.4565 -3.0709 -0.0883
v  -0.4611 -3.0709 -0.0796
v  -0.4645 -3.0709 -0.0696
v  -0.4654 -3.0709 -0.0588
v  -0.4654 -3.0709 -0.0517
v  -0.4202 -3.0709 -0.0000
v  -0.4060 -3.0709 -0.1111
v  -0.4921 -3.0442 0.1111
v  -0.4921 -3.0442 -0.0000
v  -0.4921 -1.6929 0.1111
v  -0.4796 -3.0442 0.1361
v  -0.4864 -3.0442 0.1322
v  -0.4796 -1.6929 0.1361
v  -0.4905 -3.0442 0.1259
v  -0.4724 -3.0442 0.1378
v  0.4921 -3.0442 -0.0000
v  0.4921 -3.0442 0.1111
v  0.4921 -1.6929 0.1111
v  0.4864 -3.0442 0.1322
v  0.4796 -3.0442 0.1361
v  0.4864 -1.6929 0.1322
v  0.4905 -3.0442 0.1259
v  0.4905 -1.6929 0.1259
v  0.4724 -3.0442 0.1378
v  -0.4921 -3.0442 -0.0521
v  0.4921 -3.0442 -0.1111
v  0.4796 -3.0442 -0.1361
v  0.4864 -3.0442 -0.1322
v  0.4905 -3.0442 -0.1259
v  0.4905 -1.6929 -0.1259
v  0.4724 -1.6929 -0.1378
v  0.4724 -3.0442 -0.1378
v  -0.4064 -3.0512 -0.1378
v  0.4654 -3.0442 -0.1378
v  -0.4064 -3.0442 -0.1378
v  0.4921 -3.0442 -0.1181
v  0.4921 -3.0442 0.1181
v  0.4654 -3.0512 0.1378
v  -0.4654 -3.0442 0.1378
v  0.4654 -3.0442 0.1378
v  -0.4921 -3.0442 0.1181
v  -0.4064 -3.0579 -0.1366
v  -0.4064 -3.0692 -0.1260
v  -0.4064 -3.0646 -0.1324
v  -0.4064 -3.0709 -0.1181
v  -0.4064 -1.6929 -0.1378
v  0.4654 -3.0709 0.1181
v  0.4654 -1.6929 0.1378
v  0.4654 -3.0580 0.1366
v  0.4654 -3.0649 0.1322
v  0.4654 -3.0692 0.1259
v  0.4921 -1.6929 0.1181
v  0.5118 -3.0709 0.1181
v  0.5118 -3.0512 0.1378
v  0.5118 -3.0649 0.1322
v  0.5118 -3.0588 0.1363
v  4.5057 -3.0588 0.1363
v  0.5118 -3.0692 0.1259
v  0.4981 -3.0512 0.1322
v  0.4938 -3.0512 0.1259
v  0.5042 -3.0512 0.1363
v  0.4982 -3.0654 0.1181
v  0.5049 -3.0696 0.1181
v  0.4921 -3.0512 0.1181
v  0.4939 -3.0584 0.1181
v  0.4993 -3.0642 0.1259
v  0.5052 -3.0581 0.1363
v  0.4951 -3.0578 0.1259
v  0.5023 -3.0610 0.1322
v  0.5056 -3.0681 0.1259
v  0.5042 -2.7362 0.1363
v  0.4938 -2.7362 0.1259
v  0.4921 -2.7362 0.1181
v  0.5118 -3.0709 -0.0000
v  0.4921 -3.0442 0.1111
v  0.5188 -3.0709 0.1181
v  0.5188 -3.0709 -0.0000
v  0.5188 -3.0512 0.1378
v  0.5188 -3.0588 0.1363
v  0.5188 -3.0649 0.1322
v  0.5188 -3.0692 0.1259
v  0.5188 -3.0709 0.1111
v  0.5188 -3.0442 0.1378
v  4.5057 -3.0442 0.1378
v  0.5118 -3.0709 0.1111
v  0.4921 -3.0512 0.1111
v  0.4983 -3.0655 0.1111
v  0.5049 -3.0696 0.1111
v  0.4939 -3.0584 0.1111
v  0.5118 -3.0442 0.1378
v  0.4921 -3.0442 0.1181
v  0.4981 -3.0442 0.1322
v  0.5042 -3.0442 0.1363
v  0.4938 -3.0442 0.1259
v  0.5188 -2.7362 0.1378
v  0.4981 -2.7362 0.1322
v  0.4921 -2.7362 0.1111
v  0.5118 -2.7362 0.1378
v  4.5057 -3.0709 -0.1111
v  0.5188 -3.0709 -0.1181
v  4.5057 -3.0709 -0.1181
v  0.5188 -3.0692 -0.1259
v  0.5188 -3.0442 -0.1378
v  4.5057 -3.0442 -0.1378
v  0.5117 -3.0709 -0.1111
v  0.5049 -3.0696 -0.1111
v  0.5050 -3.0694 -0.0000
v  0.5118 -3.0512 -0.1378
v  0.5118 -3.0442 -0.1378
v  0.5050 -3.0442 -0.1366
v  0.5050 -3.0512 -0.1366
v  4.5057 -3.0649 -0.1322
v  0.5188 -3.0585 -0.1364
v  0.5188 -3.0649 -0.1322
v  0.5188 -3.0512 -0.1378
v  0.4981 -2.7362 -0.1322
v  0.4937 -3.0442 -0.1259
v  0.4981 -3.0442 -0.1322
v  0.4921 -2.7362 -0.1181
v  0.4921 -3.0442 -0.1181
v  0.4982 -3.0654 -0.1181
v  0.4936 -3.0585 -0.1181
v  0.4936 -3.0585 -0.1111
v  0.4983 -3.0655 -0.1111
v  0.5049 -3.0696 -0.1181
v  0.4921 -3.0512 -0.1181
v  0.4921 -3.0512 -0.1111
v  0.5052 -3.0581 -0.1353
v  0.5118 -3.0585 -0.1364
v  0.4993 -3.0642 -0.1259
v  0.5056 -3.0681 -0.1259
v  0.4981 -3.0512 -0.1322
v  0.4937 -3.0512 -0.1259
v  0.4951 -3.0578 -0.1259
v  0.5023 -3.0610 -0.1322
v  0.5118 -3.0709 -0.1181
v  0.5118 -3.0692 -0.1259
v  0.5118 -3.0649 -0.1322
v  0.4921 -3.0512 -0.0000
v  0.4921 -3.0442 -0.1111
v  0.4921 -3.0442 -0.0000
v  0.4921 -2.7362 -0.0000
v  0.4921 -2.7362 -0.1111
v  0.5188 -3.0709 -0.1111
v  0.4940 -3.0584 -0.0000
v  0.4984 -3.0656 -0.0000
v  8.4927 -3.0709 -0.0000
v  4.5057 -3.0709 -0.0000
v  4.5057 -3.0709 0.1111
v  8.4927 -3.0709 0.1181
v  4.5057 -3.0709 0.1181
v  4.5057 -3.0692 0.1259
v  8.4927 -3.0692 0.1259
v  8.4927 -3.0442 0.1378
v  8.4997 -3.0709 -0.0000
v  8.4997 -3.0709 0.1111
v  8.5066 -3.0696 0.1111
v  8.5065 -3.0694 -0.0000
v  8.4997 -3.0512 0.1378
v  8.4997 -3.0442 0.1378
v  8.5072 -3.0442 0.1363
v  8.5072 -3.0512 0.1363
v  4.5057 -3.0649 0.1322
v  8.4927 -3.0588 0.1363
v  8.4927 -3.0649 0.1322
v  4.5057 -3.0512 0.1378
v  8.4927 -3.0512 0.1378
v  8.5134 -2.7362 0.1322
v  8.5177 -2.7362 0.1259
v  8.5177 -3.0442 0.1259
v  8.5134 -3.0442 0.1322
v  8.5072 -2.7362 0.1363
v  8.5193 -2.7362 0.1181
v  8.5193 -3.0442 0.1181
v  8.5132 -3.0654 0.1181
v  8.5176 -3.0584 0.1181
v  8.5176 -3.0584 0.1111
v  8.5131 -3.0655 0.1111
v  8.5066 -3.0696 0.1181
v  8.5194 -3.0512 0.1181
v  8.5193 -3.0512 0.1111
v  8.5063 -3.0581 0.1363
v  8.4997 -3.0588 0.1363
v  8.5122 -3.0642 0.1259
v  8.5059 -3.0681 0.1259
v  8.5134 -3.0512 0.1322
v  8.5177 -3.0512 0.1259
v  8.5164 -3.0578 0.1259
v  8.5092 -3.0610 0.1322
v  8.4997 -3.0709 0.1181
v  8.4997 -3.0692 0.1259
v  8.4997 -3.0649 0.1322
v  8.5194 -3.0512 -0.0000
v  8.5193 -3.0442 0.1111
v  8.5194 -3.0442 -0.0000
v  8.5193 -2.7362 0.1111
v  8.4927 -3.0709 0.1111
v  8.5175 -3.0584 -0.0000
v  8.5130 -3.0656 -0.0000
v  8.4997 -2.7362 0.1378
v  8.4927 -3.0709 -0.1111
v  8.4927 -3.0709 -0.1181
v  8.4927 -3.0692 -0.1259
v  4.5057 -3.0692 -0.1259
v  8.4927 -3.0442 -0.1378
v  8.5066 -3.0696 -0.1111
v  8.4998 -3.0709 -0.1111
v  8.4997 -3.0512 -0.1378
v  8.5065 -3.0512 -0.1366
v  8.5065 -3.0442 -0.1366
v  8.4997 -3.0442 -0.1378
v  8.4927 -3.0649 -0.1322
v  8.4927 -3.0585 -0.1364
v  4.5057 -3.0585 -0.1364
v  8.4927 -3.0512 -0.1378
v  4.5057 -3.0512 -0.1378
v  8.5134 -3.0442 -0.1322
v  8.5177 -3.0442 -0.1259
v  8.5193 -3.0442 -0.1181
v  8.5132 -3.0654 -0.1181
v  8.5131 -3.0655 -0.1111
v  8.5179 -3.0585 -0.1111
v  8.5179 -3.0585 -0.1181
v  8.5066 -3.0696 -0.1181
v  8.5193 -3.0512 -0.1111
v  8.5193 -3.0512 -0.1181
v  8.5063 -3.0581 -0.1353
v  8.4997 -3.0585 -0.1364
v  8.5122 -3.0642 -0.1259
v  8.5059 -3.0681 -0.1259
v  8.5134 -3.0512 -0.1322
v  8.5092 -3.0610 -0.1322
v  8.5164 -3.0578 -0.1259
v  8.5177 -3.0512 -0.1259
v  8.4997 -3.0692 -0.1259
v  8.4997 -3.0709 -0.1181
v  8.4997 -3.0649 -0.1322
v  8.5194 -3.0442 -0.1111
v  8.4997 -2.7362 -0.1378
v  0.5188 -2.4016 0.1111
v  0.5188 -2.4016 -0.0000
v  4.5057 -2.4016 -0.0000
v  4.5057 -2.4016 0.1111
v  0.5188 -2.4016 0.1181
v  4.5057 -2.4016 0.1181
v  4.5057 -2.4032 0.1259
v  0.5188 -2.4032 0.1259
v  0.5188 -2.4283 0.1378
v  4.5057 -2.4283 0.1378
v  4.5057 -2.7362 0.1378
v  0.5118 -2.4016 -0.0000
v  0.5118 -2.4016 0.1111
v  0.5049 -2.4028 0.1111
v  0.5050 -2.4030 -0.0000
v  0.5118 -2.4213 0.1378
v  0.5118 -2.4283 0.1378
v  0.5042 -2.4283 0.1363
v  0.5042 -2.4213 0.1363
v  4.5057 -2.4075 0.1322
v  4.5057 -2.4137 0.1363
v  0.5188 -2.4137 0.1363
v  0.5188 -2.4075 0.1322
v  4.5057 -2.4213 0.1378
v  0.5188 -2.4213 0.1378
v  0.4938 -2.4283 0.1259
v  0.4981 -2.4283 0.1322
v  0.4921 -2.4283 0.1181
v  0.4982 -2.4070 0.1181
v  0.4939 -2.4141 0.1181
v  0.4939 -2.4141 0.1111
v  0.4983 -2.4069 0.1111
v  0.5049 -2.4028 0.1181
v  0.4921 -2.4213 0.1181
v  0.4921 -2.4213 0.1111
v  0.5052 -2.4143 0.1363
v  0.5118 -2.4137 0.1363
v  0.4993 -2.4082 0.1259
v  0.5056 -2.4044 0.1259
v  0.4981 -2.4213 0.1322
v  0.4938 -2.4213 0.1259
v  0.4951 -2.4146 0.1259
v  0.5023 -2.4115 0.1322
v  0.5118 -2.4016 0.1181
v  0.5118 -2.4032 0.1259
v  0.5118 -2.4075 0.1322
v  0.4921 -2.4213 -0.0000
v  0.4921 -2.4283 0.1111
v  0.4921 -2.4283 -0.0000
v  0.4940 -2.4141 -0.0000
v  0.4984 -2.4068 -0.0000
v  0.5188 -2.4016 -0.1111
v  4.5057 -2.4016 -0.1111
v  0.5188 -2.4016 -0.1181
v  0.5188 -2.4032 -0.1259
v  4.5057 -2.4032 -0.1259
v  4.5057 -2.4016 -0.1181
v  0.5188 -2.4283 -0.1378
v  0.5188 -2.7362 -0.1378
v  4.5057 -2.7362 -0.1378
v  4.5057 -2.4283 -0.1378
v  0.5049 -2.4028 -0.1111
v  0.5117 -2.4016 -0.1111
v  0.5118 -2.4213 -0.1378
v  0.5050 -2.4213 -0.1366
v  0.5050 -2.4283 -0.1366
v  0.5118 -2.4283 -0.1378
v  4.5057 -2.4075 -0.1322
v  0.5188 -2.4075 -0.1322
v  0.5188 -2.4139 -0.1364
v  4.5057 -2.4139 -0.1364
v  0.5188 -2.4213 -0.1378
v  4.5057 -2.4213 -0.1378
v  0.4981 -2.4283 -0.1322
v  0.4937 -2.4283 -0.1259
v  0.4937 -2.7362 -0.1259
v  0.5050 -2.7362 -0.1366
v  0.4921 -2.4283 -0.1181
v  0.4982 -2.4070 -0.1181
v  0.4983 -2.4069 -0.1111
v  0.4936 -2.4139 -0.1111
v  0.4936 -2.4139 -0.1181
v  0.5049 -2.4028 -0.1181
v  0.4921 -2.4213 -0.1111
v  0.4921 -2.4213 -0.1181
v  0.5052 -2.4143 -0.1353
v  0.5118 -2.4139 -0.1364
v  0.4993 -2.4082 -0.1259
v  0.5056 -2.4044 -0.1259
v  0.4981 -2.4213 -0.1322
v  0.5023 -2.4115 -0.1322
v  0.4951 -2.4146 -0.1259
v  0.4937 -2.4213 -0.1259
v  0.5118 -2.4032 -0.1259
v  0.5118 -2.4016 -0.1181
v  0.5118 -2.4075 -0.1322
v  0.4921 -2.4283 -0.1111
v  0.5118 -2.7362 -0.1378
v  8.4927 -2.4016 0.1111
v  8.4927 -2.4016 -0.0000
v  8.4927 -2.4016 0.1181
v  8.4927 -2.4032 0.1259
v  8.4927 -2.4283 0.1378
v  8.4927 -2.7362 0.1378
v  8.4997 -2.4016 -0.0000
v  8.5065 -2.4030 -0.0000
v  8.5066 -2.4028 0.1111
v  8.4997 -2.4016 0.1111
v  8.4997 -2.4213 0.1378
v  8.5072 -2.4213 0.1363
v  8.5072 -2.4283 0.1363
v  8.4997 -2.4283 0.1378
v  8.4927 -2.4075 0.1322
v  8.4927 -2.4137 0.1363
v  8.4927 -2.4213 0.1378
v  8.5134 -2.4283 0.1322
v  8.5177 -2.4283 0.1259
v  8.5194 -2.4283 0.1181
v  8.5132 -2.4070 0.1181
v  8.5131 -2.4069 0.1111
v  8.5176 -2.4141 0.1111
v  8.5176 -2.4141 0.1181
v  8.5066 -2.4028 0.1181
v  8.5194 -2.4213 0.1111
v  8.5194 -2.4213 0.1181
v  8.5063 -2.4143 0.1363
v  8.4997 -2.4137 0.1363
v  8.5122 -2.4082 0.1259
v  8.5059 -2.4044 0.1259
v  8.5134 -2.4213 0.1322
v  8.5092 -2.4115 0.1322
v  8.5164 -2.4146 0.1259
v  8.5177 -2.4213 0.1259
v  8.4997 -2.4032 0.1259
v  8.4997 -2.4016 0.1181
v  8.4997 -2.4075 0.1322
v  8.5194 -2.4213 -0.0000
v  8.5194 -2.4283 -0.0000
v  8.5194 -2.4283 0.1111
v  8.5194 -2.7362 -0.0000
v  8.5130 -2.4068 -0.0000
v  8.5175 -2.4141 -0.0000
v  8.4927 -2.4016 -0.1111
v  8.4927 -2.4016 -0.1181
v  8.4927 -2.4032 -0.1259
v  8.4927 -2.4283 -0.1378
v  8.4927 -2.7362 -0.1378
v  8.4998 -2.4016 -0.1111
v  8.5066 -2.4028 -0.1111
v  8.4997 -2.4213 -0.1378
v  8.4997 -2.4283 -0.1378
v  8.5065 -2.4283 -0.1366
v  8.5065 -2.4213 -0.1366
v  8.4927 -2.4139 -0.1364
v  8.4927 -2.4075 -0.1322
v  8.4927 -2.4213 -0.1378
v  8.5134 -2.7362 -0.1322
v  8.5177 -2.7362 -0.1259
v  8.5177 -2.4283 -0.1259
v  8.5134 -2.4283 -0.1322
v  8.5065 -2.7362 -0.1366
v  8.5194 -2.7362 -0.1181
v  8.5193 -2.4283 -0.1181
v  8.5132 -2.4070 -0.1181
v  8.5179 -2.4139 -0.1181
v  8.5179 -2.4139 -0.1111
v  8.5131 -2.4069 -0.1111
v  8.5066 -2.4028 -0.1181
v  8.5193 -2.4213 -0.1181
v  8.5193 -2.4213 -0.1111
v  8.5063 -2.4143 -0.1353
v  8.4997 -2.4139 -0.1364
v  8.5122 -2.4082 -0.1259
v  8.5059 -2.4044 -0.1259
v  8.5134 -2.4213 -0.1322
v  8.5177 -2.4213 -0.1259
v  8.5164 -2.4146 -0.1259
v  8.5092 -2.4115 -0.1322
v  8.4997 -2.4016 -0.1181
v  8.4997 -2.4032 -0.1259
v  8.4997 -2.4075 -0.1322
v  8.5194 -2.4283 -0.1111
v  8.5194 -2.7362 -0.1111
v  8.5313 -3.0512 -0.1362
v  8.6572 -3.0512 -0.1378
v  8.6572 -3.0582 -0.1365
v  8.6572 -3.0695 -0.1252
v  8.6572 -3.0648 -0.1324
v  8.6572 -3.0710 -0.1181
v  8.5211 -3.0580 -0.1253
v  8.5206 -3.0580 -0.1182
v  8.5210 -3.0512 -0.1253
v  8.5313 -3.0637 -0.1312
v  8.5313 -3.0574 -0.1349
v  8.5250 -3.0649 -0.1181
v  8.5313 -3.0692 -0.1181
v  8.5313 -3.0678 -0.1247
v  8.5250 -3.0619 -0.1291
v  8.5250 -3.0512 -0.1321
v  8.7283 -3.0710 -0.1170
v  8.7299 -3.0694 -0.1241
v  8.7312 -3.0646 -0.1309
v  8.7321 -3.0582 -0.1349
v  8.7323 -3.0512 -0.1361
v  8.7579 -3.0710 -0.1008
v  8.7651 -3.0710 -0.0921
v  8.7722 -3.0689 -0.0968
v  8.7639 -3.0690 -0.1065
v  8.7775 -3.0639 -0.1004
v  8.7684 -3.0640 -0.1110
v  8.7803 -3.0578 -0.1025
v  8.7709 -3.0580 -0.1137
v  8.7813 -3.0511 -0.1032
v  8.7719 -3.0512 -0.1147
v  8.7396 -3.0710 -0.1134
v  8.7493 -3.0710 -0.1079
v  8.7539 -3.0690 -0.1146
v  8.7429 -3.0693 -0.1201
v  8.7575 -3.0639 -0.1200
v  8.7459 -3.0644 -0.1263
v  8.7597 -3.0579 -0.1231
v  8.7475 -3.0581 -0.1298
v  8.7604 -3.0511 -0.1242
v  8.7480 -3.0512 -0.1311
v  8.7705 -3.0710 -0.0826
v  8.7742 -3.0710 -0.0713
v  8.7817 -3.0693 -0.0727
v  8.7777 -3.0692 -0.0855
v  8.7880 -3.0648 -0.0740
v  8.7837 -3.0646 -0.0881
v  8.7921 -3.0581 -0.0749
v  8.7874 -3.0581 -0.0897
v  8.7932 -3.0512 -0.0751
v  8.7885 -3.0512 -0.0902
v  8.5461 -3.0710 -0.1111
v  8.6572 -3.0710 -0.1111
v  8.7674 -3.0710 -0.0699
v  8.7640 -3.0710 -0.0797
v  8.7593 -3.0710 -0.0882
v  8.7529 -3.0710 -0.0959
v  8.7454 -3.0710 -0.1021
v  8.7364 -3.0710 -0.1070
v  8.7267 -3.0710 -0.1102
v  8.5313 -3.0442 -0.1362
v  8.5250 -3.0442 -0.1321
v  8.5210 -3.0442 -0.1253
v  8.7932 -3.0442 -0.0751
v  8.7885 -3.0442 -0.0901
v  8.7813 -3.0441 -0.1032
v  8.7719 -3.0442 -0.1147
v  8.7604 -3.0441 -0.1242
v  8.7480 -3.0442 -0.1311
v  8.7323 -3.0442 -0.1361
v  8.6572 -3.0442 -0.1378
v  8.5391 -3.0442 -0.1378
v  8.5461 -3.0442 -0.1378
v  8.5391 -3.0582 -0.1365
v  8.5461 -3.0582 -0.1365
v  8.5391 -3.0512 -0.1378
v  8.5461 -3.0512 -0.1378
v  8.5391 -3.0695 -0.1252
v  8.5461 -3.0695 -0.1252
v  8.5391 -3.0648 -0.1324
v  8.5461 -3.0648 -0.1324
v  8.5391 -3.0710 -0.1181
v  8.5461 -3.0710 -0.1181
v  8.7162 -3.0442 -0.1378
v  8.7092 -3.0442 -0.1378
v  8.7162 -3.0512 -0.1378
v  8.7092 -3.0512 -0.1378
v  8.7162 -3.0582 -0.1365
v  8.7092 -3.0582 -0.1365
v  8.7162 -3.0648 -0.1324
v  8.7092 -3.0648 -0.1324
v  8.7162 -3.0695 -0.1252
v  8.7092 -3.0695 -0.1252
v  8.7162 -3.0710 -0.1181
v  8.7092 -3.0710 -0.1181
v  8.7162 -3.0710 -0.1111
v  8.7092 -3.0710 -0.1111
v  8.7949 -3.0442 -0.0590
v  8.7949 -3.0442 -0.0520
v  8.7937 -3.0580 -0.0590
v  8.7937 -3.0580 -0.0520
v  8.7949 -3.0512 -0.0590
v  8.7949 -3.0512 -0.0520
v  8.7830 -3.0693 -0.0590
v  8.7830 -3.0693 -0.0520
v  8.7893 -3.0649 -0.0590
v  8.7893 -3.0649 -0.0520
v  8.7752 -3.0710 -0.0590
v  8.7752 -3.0710 -0.0520
v  8.7682 -3.0710 -0.0590
v  8.7682 -3.0710 -0.0520
v  8.6572 -3.0710 -0.0681
v  8.5194 -3.0442 -0.1181
v  8.5194 -3.0442 -0.1111
v  8.5194 -3.0512 -0.1181
v  8.5194 -3.0512 -0.1111
v  8.5206 -3.0580 -0.1112
v  8.5250 -3.0649 -0.1113
v  8.5313 -3.0692 -0.1112
v  8.5391 -3.0710 -0.1112
v  8.7162 -2.9888 -0.1378
v  8.7719 -2.9888 -0.1147
v  8.7480 -2.9888 -0.1311
v  8.7885 -2.9888 -0.0901
v  8.5313 -2.9888 -0.1362
v  8.7949 -2.9888 -0.0520
v  8.5461 -2.9888 -0.1378
v  8.5210 -2.9888 -0.1253
v  8.5194 -2.9888 -0.1181
v  8.7323 -2.9888 -0.1361
v  8.7813 -2.9888 -0.1032
v  8.7604 -2.9888 -0.1242
v  8.7932 -2.9888 -0.0751
v  8.7949 -2.9888 -0.0590
v  8.5391 -2.9888 -0.1378
v  8.5194 -2.9888 -0.1111
v  8.6572 -2.9888 -0.1378
v  8.5250 -2.9888 -0.1321
v  8.7092 -2.9888 -0.1378
v  8.7682 -3.0482 0.8230
v  8.7753 -3.0482 0.8230
v  8.7829 -3.0469 0.8216
v  8.7894 -3.0437 0.8183
v  8.7936 -3.0395 0.8138
v  8.7950 -3.0346 0.8086
v  8.7950 -3.0296 0.8034
v  8.6572 -3.0482 0.8230
v  8.5461 -3.0482 0.8230
v  8.5390 -3.0482 0.8230
v  8.5308 -3.0469 0.8216
v  8.5247 -3.0437 0.8183
v  8.5207 -3.0395 0.8138
v  8.5194 -3.0346 0.8086
v  8.5194 -3.0296 0.8035
v  8.5308 -3.0229 0.8383
v  8.5247 -3.0212 0.8341
v  8.5207 -3.0188 0.8282
v  8.5194 -3.0162 0.8217
v  8.5194 -3.0133 0.8150
v  8.7682 -3.0235 0.8398
v  8.7753 -3.0235 0.8398
v  8.7829 -3.0229 0.8383
v  8.7894 -3.0212 0.8341
v  8.7936 -3.0188 0.8282
v  8.7950 -3.0162 0.8217
v  8.7950 -3.0133 0.8151
v  8.6572 -3.0235 0.8398
v  8.5461 -3.0235 0.8398
v  8.5390 -3.0235 0.8398
v  8.7682 -3.0644 0.7988
v  8.7753 -3.0644 0.7988
v  8.7829 -3.0628 0.7979
v  8.7894 -3.0586 0.7956
v  8.7936 -3.0531 0.7928
v  8.7950 -3.0470 0.7897
v  8.7950 -3.0407 0.7862
v  8.6572 -3.0644 0.7988
v  8.5461 -3.0644 0.7988
v  8.5390 -3.0644 0.7988
v  8.5308 -3.0628 0.7979
v  8.5247 -3.0586 0.7956
v  8.5207 -3.0531 0.7928
v  8.5194 -3.0470 0.7897
v  8.5194 -3.0407 0.7862
v  8.7682 -3.0692 0.7837
v  8.7753 -3.0692 0.7837
v  8.7829 -3.0676 0.7833
v  8.7894 -3.0631 0.7822
v  8.7936 -3.0567 0.7806
v  8.7950 -3.0502 0.7790
v  8.7950 -3.0433 0.7772
v  8.6572 -3.0692 0.7837
v  8.5461 -3.0692 0.7837
v  8.5390 -3.0692 0.7837
v  8.5308 -3.0676 0.7833
v  8.5247 -3.0631 0.7822
v  8.5207 -3.0567 0.7806
v  8.5194 -3.0502 0.7790
v  8.5194 -3.0433 0.7772
v  8.5308 -3.0559 0.8105
v  8.5247 -3.0523 0.8078
v  8.5207 -3.0474 0.8041
v  8.5194 -3.0418 0.7996
v  8.5194 -3.0361 0.7955
v  8.7682 -3.0574 0.8117
v  8.7753 -3.0574 0.8117
v  8.7829 -3.0559 0.8105
v  8.7894 -3.0523 0.8078
v  8.7936 -3.0474 0.8041
v  8.7950 -3.0418 0.7996
v  8.7950 -3.0361 0.7955
v  8.6572 -3.0574 0.8117
v  8.5461 -3.0574 0.8117
v  8.5390 -3.0574 0.8117
v  8.7682 -3.0365 0.8326
v  8.7753 -3.0365 0.8326
v  8.7829 -3.0356 0.8311
v  8.7894 -3.0332 0.8275
v  8.7936 -3.0299 0.8222
v  8.7950 -3.0259 0.8161
v  8.7950 -3.0220 0.8102
v  8.6572 -3.0365 0.8326
v  8.5461 -3.0365 0.8326
v  8.5390 -3.0365 0.8326
v  8.5308 -3.0356 0.8311
v  8.5247 -3.0332 0.8275
v  8.5207 -3.0299 0.8222
v  8.5194 -3.0259 0.8161
v  8.5194 -3.0220 0.8102
v  8.5308 -3.0079 0.8432
v  8.5247 -3.0070 0.8388
v  8.5207 -3.0058 0.8323
v  8.5194 -3.0045 0.8256
v  8.5194 -3.0029 0.8183
v  8.7682 -3.0082 0.8447
v  8.7753 -3.0082 0.8447
v  8.7829 -3.0079 0.8432
v  8.7894 -3.0070 0.8388
v  8.7936 -3.0058 0.8323
v  8.7950 -3.0045 0.8257
v  8.7950 -3.0029 0.8183
v  8.6572 -3.0082 0.8447
v  8.5461 -3.0082 0.8447
v  8.5390 -3.0082 0.8447
v  8.5194 -3.0442 0.7677
v  8.5194 -3.0442 0.7607
v  8.7950 -3.0442 0.7677
v  8.7950 -3.0442 0.7607
v  8.7936 -3.0580 0.7677
v  8.7936 -3.0580 0.7607
v  8.7950 -3.0512 0.7677
v  8.7950 -3.0512 0.7607
v  8.7894 -3.0649 0.7677
v  8.7894 -3.0649 0.7607
v  8.7829 -3.0692 0.7677
v  8.7829 -3.0692 0.7607
v  8.7753 -3.0709 0.7677
v  8.7753 -3.0709 0.7607
v  8.7682 -3.0709 0.7677
v  8.7682 -3.0709 0.7607
v  8.6572 -3.0709 0.7677
v  8.6572 -3.0709 0.7607
v  8.5461 -3.0709 0.7677
v  8.5461 -3.0709 0.7607
v  8.5194 -3.0512 0.7677
v  8.5194 -3.0512 0.7607
v  8.5207 -3.0580 0.7677
v  8.5207 -3.0580 0.7607
v  8.5247 -3.0649 0.7677
v  8.5247 -3.0649 0.7607
v  8.5308 -3.0692 0.7677
v  8.5308 -3.0692 0.7607
v  8.5391 -3.0709 0.7677
v  8.5391 -3.0709 0.7607
v  8.5461 -2.9921 0.8465
v  8.5461 -2.9871 0.8465
v  8.6572 -2.9921 0.8465
v  8.6572 -2.9871 0.8465
v  8.5207 -2.9921 0.8340
v  8.5207 -2.9871 0.8340
v  8.5247 -2.9921 0.8404
v  8.5247 -2.9871 0.8404
v  8.5308 -2.9921 0.8447
v  8.5308 -2.9871 0.8447
v  8.5194 -2.9921 0.8268
v  8.5194 -2.9871 0.8268
v  8.7682 -2.9921 0.8465
v  8.7682 -2.9871 0.8465
v  8.7894 -2.9921 0.8404
v  8.7894 -2.9871 0.8404
v  8.7936 -2.9921 0.8340
v  8.7936 -2.9871 0.8340
v  8.7829 -2.9921 0.8447
v  8.7829 -2.9871 0.8447
v  8.7950 -2.9921 0.8268
v  8.7950 -2.9871 0.8268
v  8.5194 -2.9921 0.8198
v  8.5194 -2.9871 0.8198
v  8.7753 -2.9921 0.8465
v  8.7753 -2.9871 0.8465
v  8.5390 -2.9921 0.8465
v  8.5390 -2.9871 0.8465
v  8.7950 -2.9921 0.8198
v  8.7950 -2.9871 0.8198
v  8.7950 -2.9880 0.7607
v  8.5194 -2.9880 0.7607
v  8.7092 -2.7362 -0.1378
v  8.5391 -2.7362 -0.1378
v  8.5247 -2.7362 0.8404
v  8.5194 -2.7362 0.8268
v  8.7894 -2.7362 0.8404
v  8.5313 -2.7362 -0.1362
v  8.5194 -2.7362 -0.1111
v  8.5390 -2.7362 0.8465
v  8.7950 -2.7362 0.8198
v  8.7829 -2.7362 0.8447
v  8.5461 -2.7362 0.8465
v  8.5194 -2.7362 -0.1181
v  8.5194 -2.7362 0.8198
v  8.7949 -2.7362 -0.0520
v  8.7813 -2.7362 -0.1032
v  8.7932 -2.7362 -0.0751
v  8.7885 -2.7362 -0.0901
v  8.7949 -2.7362 -0.0590
v  8.5461 -2.7362 -0.1378
v  8.5250 -2.7362 -0.1321
v  8.6572 -2.7362 0.8465
v  8.7682 -2.7362 0.8465
v  8.5313 -2.4282 -0.1362
v  8.5313 -2.4836 -0.1362
v  8.5391 -2.4836 -0.1378
v  8.5391 -2.4282 -0.1378
v  8.5194 -2.4282 -0.1111
v  8.5194 -2.4282 0.7607
v  8.5194 -2.4845 0.7607
v  8.5194 -2.4836 -0.1111
v  8.6572 -2.4212 -0.1378
v  8.6572 -2.4143 -0.1365
v  8.5461 -2.4143 -0.1365
v  8.5461 -2.4212 -0.1378
v  8.5461 -2.4076 -0.1324
v  8.6572 -2.4077 -0.1324
v  8.6572 -2.4029 -0.1252
v  8.5461 -2.4029 -0.1252
v  8.6572 -2.4014 -0.1181
v  8.5461 -2.4014 -0.1181
v  8.5211 -2.4144 -0.1253
v  8.5206 -2.4144 -0.1182
v  8.5194 -2.4212 -0.1181
v  8.5210 -2.4212 -0.1253
v  8.5313 -2.4087 -0.1312
v  8.5313 -2.4150 -0.1349
v  8.5391 -2.4143 -0.1365
v  8.5391 -2.4076 -0.1324
v  8.5250 -2.4075 -0.1181
v  8.5250 -2.4106 -0.1291
v  8.5313 -2.4047 -0.1247
v  8.5313 -2.4032 -0.1181
v  8.5391 -2.4029 -0.1252
v  8.5313 -2.4212 -0.1362
v  8.5391 -2.4212 -0.1378
v  8.5250 -2.4212 -0.1321
v  8.5391 -2.4014 -0.1181
v  8.7092 -2.4212 -0.1378
v  8.7092 -2.4143 -0.1365
v  8.7830 -2.4032 -0.0520
v  8.7893 -2.4075 -0.0520
v  8.7894 -2.4075 0.7607
v  8.7829 -2.4032 0.7607
v  8.7937 -2.4144 -0.0520
v  8.7936 -2.4144 0.7607
v  8.7752 -2.4014 -0.0520
v  8.7753 -2.4016 0.7607
v  8.7092 -2.4077 -0.1324
v  8.7092 -2.4029 -0.1252
v  8.7092 -2.4014 -0.1181
v  8.7299 -2.4030 -0.1241
v  8.7283 -2.4014 -0.1170
v  8.7162 -2.4014 -0.1181
v  8.7162 -2.4029 -0.1252
v  8.7312 -2.4078 -0.1309
v  8.7162 -2.4076 -0.1324
v  8.7321 -2.4143 -0.1349
v  8.7162 -2.4143 -0.1365
v  8.7323 -2.4212 -0.1361
v  8.7162 -2.4212 -0.1378
v  8.7579 -2.4014 -0.1008
v  8.7639 -2.4034 -0.1065
v  8.7722 -2.4035 -0.0968
v  8.7651 -2.4014 -0.0921
v  8.7684 -2.4084 -0.1110
v  8.7775 -2.4085 -0.1004
v  8.7709 -2.4145 -0.1137
v  8.7803 -2.4146 -0.1025
v  8.7719 -2.4213 -0.1147
v  8.7813 -2.4213 -0.1032
v  8.7396 -2.4014 -0.1134
v  8.7429 -2.4031 -0.1201
v  8.7539 -2.4035 -0.1146
v  8.7493 -2.4014 -0.1079
v  8.7459 -2.4080 -0.1263
v  8.7575 -2.4085 -0.1200
v  8.7475 -2.4143 -0.1298
v  8.7597 -2.4146 -0.1231
v  8.7480 -2.4213 -0.1311
v  8.7604 -2.4213 -0.1242
v  8.7705 -2.4014 -0.0826
v  8.7777 -2.4032 -0.0855
v  8.7817 -2.4032 -0.0727
v  8.7742 -2.4014 -0.0713
v  8.7837 -2.4079 -0.0881
v  8.7880 -2.4076 -0.0740
v  8.7874 -2.4144 -0.0897
v  8.7921 -2.4144 -0.0749
v  8.7885 -2.4212 -0.0902
v  8.7932 -2.4212 -0.0751
v  8.7830 -2.4032 -0.0590
v  8.7752 -2.4014 -0.0590
v  8.7893 -2.4075 -0.0590
v  8.7937 -2.4144 -0.0590
v  8.7949 -2.4212 -0.0590
v  8.6572 -2.4014 -0.1111
v  8.5461 -2.4014 -0.1111
v  8.7682 -2.4014 -0.0590
v  8.7674 -2.4014 -0.0699
v  8.7640 -2.4014 -0.0797
v  8.7593 -2.4014 -0.0882
v  8.7529 -2.4014 -0.0959
v  8.7454 -2.4014 -0.1021
v  8.7364 -2.4014 -0.1069
v  8.7267 -2.4014 -0.1102
v  8.7162 -2.4014 -0.1111
v  8.7092 -2.4014 -0.1111
v  8.6572 -2.4014 -0.0681
v  8.6572 -2.4016 0.7607
v  8.5461 -2.4016 0.7607
v  8.5250 -2.4282 -0.1321
v  8.5210 -2.4282 -0.1253
v  8.5194 -2.4282 -0.1181
v  8.5194 -2.4212 -0.1111
v  8.5194 -2.4212 0.7607
v  8.7932 -2.4282 -0.0751
v  8.7949 -2.4282 -0.0590
v  8.7885 -2.4282 -0.0901
v  8.7813 -2.4283 -0.1032
v  8.7719 -2.4283 -0.1147
v  8.7604 -2.4283 -0.1242
v  8.7480 -2.4283 -0.1311
v  8.7323 -2.4282 -0.1361
v  8.7162 -2.4282 -0.1378
v  8.6572 -2.4282 -0.1378
v  8.7092 -2.4282 -0.1378
v  8.5461 -2.4282 -0.1378
v  8.5391 -2.4014 -0.1112
v  8.7092 -2.4836 -0.1378
v  8.7162 -2.4836 -0.1378
v  8.7949 -2.4212 -0.0520
v  8.7682 -2.4014 -0.0520
v  8.7949 -2.4282 -0.0520
v  8.5390 -2.4033 0.7837
v  8.5308 -2.4048 0.7833
v  8.5308 -2.4032 0.7677
v  8.5391 -2.4016 0.7677
v  8.5194 -2.4836 -0.1181
v  8.5206 -2.4144 -0.1112
v  8.5250 -2.4075 -0.1113
v  8.5313 -2.4032 -0.1112
v  8.7950 -2.4282 0.7607
v  8.7949 -2.4836 -0.0520
v  8.7950 -2.4845 0.7607
v  8.7950 -2.4212 0.7607
v  8.7682 -2.4016 0.7607
v  8.5207 -2.4144 0.7607
v  8.5247 -2.4075 0.7607
v  8.5308 -2.4032 0.7607
v  8.5391 -2.4016 0.7607
v  8.5194 -2.7362 0.7607
v  8.5390 -2.4853 0.8465
v  8.5308 -2.7362 0.8447
v  8.5308 -2.4853 0.8447
v  8.7950 -2.7362 0.7607
v  8.7950 -2.4853 0.8198
v  8.7829 -2.4853 0.8447
v  8.7753 -2.7362 0.8465
v  8.7753 -2.4853 0.8465
v  8.7162 -2.7362 -0.1378
v  8.5461 -2.4853 0.8465
v  8.7950 -2.7362 0.8268
v  8.7950 -2.4853 0.8268
v  8.7323 -2.4836 -0.1361
v  8.7813 -2.4836 -0.1032
v  8.7719 -2.4836 -0.1147
v  8.7604 -2.4836 -0.1242
v  8.7480 -2.4836 -0.1311
v  8.7932 -2.4836 -0.0751
v  8.7885 -2.4836 -0.0901
v  8.7949 -2.4836 -0.0590
v  8.6572 -2.4836 -0.1378
v  8.5461 -2.4836 -0.1378
v  8.5250 -2.4836 -0.1321
v  8.5210 -2.4836 -0.1253
v  8.5194 -2.4853 0.8198
v  8.7682 -2.4016 0.7677
v  8.7753 -2.4016 0.7677
v  8.7753 -2.4033 0.7837
v  8.7682 -2.4033 0.7837
v  8.7829 -2.4032 0.7677
v  8.7829 -2.4048 0.7833
v  8.7894 -2.4075 0.7677
v  8.7894 -2.4094 0.7822
v  8.7936 -2.4144 0.7677
v  8.7936 -2.4157 0.7806
v  8.7950 -2.4212 0.7677
v  8.7950 -2.4223 0.7790
v  8.7950 -2.4282 0.7677
v  8.7950 -2.4291 0.7772
v  8.6572 -2.4016 0.7677
v  8.6572 -2.4033 0.7837
v  8.5461 -2.4016 0.7677
v  8.5461 -2.4033 0.7837
v  8.5308 -2.4803 0.8447
v  8.5247 -2.4803 0.8404
v  8.5247 -2.4654 0.8388
v  8.5308 -2.4645 0.8432
v  8.5207 -2.4803 0.8340
v  8.5207 -2.4667 0.8323
v  8.5194 -2.4803 0.8268
v  8.5194 -2.4679 0.8256
v  8.5194 -2.4803 0.8198
v  8.5194 -2.4695 0.8183
v  8.5390 -2.4243 0.8230
v  8.5390 -2.4359 0.8326
v  8.5308 -2.4369 0.8311
v  8.5308 -2.4256 0.8216
v  8.7753 -2.4243 0.8230
v  8.7753 -2.4359 0.8326
v  8.7682 -2.4359 0.8326
v  8.7682 -2.4243 0.8230
v  8.7829 -2.4256 0.8216
v  8.7829 -2.4368 0.8311
v  8.7894 -2.4287 0.8183
v  8.7894 -2.4392 0.8275
v  8.7936 -2.4330 0.8138
v  8.7936 -2.4426 0.8222
v  8.7950 -2.4378 0.8086
v  8.7950 -2.4466 0.8161
v  8.7950 -2.4428 0.8034
v  8.7950 -2.4504 0.8102
v  8.6572 -2.4359 0.8326
v  8.6572 -2.4242 0.8230
v  8.5461 -2.4359 0.8326
v  8.5461 -2.4242 0.8230
v  8.5247 -2.4287 0.8183
v  8.5247 -2.4201 0.8078
v  8.5308 -2.4165 0.8105
v  8.5207 -2.4330 0.8138
v  8.5207 -2.4251 0.8041
v  8.5194 -2.4378 0.8086
v  8.5194 -2.4307 0.7996
v  8.5194 -2.4428 0.8035
v  8.5194 -2.4363 0.7955
v  8.5247 -2.4512 0.8341
v  8.5247 -2.4392 0.8275
v  8.5308 -2.4496 0.8383
v  8.5207 -2.4536 0.8282
v  8.5207 -2.4426 0.8222
v  8.5194 -2.4562 0.8217
v  8.5194 -2.4466 0.8161
v  8.5194 -2.4592 0.8150
v  8.5194 -2.4504 0.8102
v  8.5390 -2.4489 0.8398
v  8.5390 -2.4642 0.8447
v  8.7753 -2.4489 0.8398
v  8.7753 -2.4642 0.8447
v  8.7682 -2.4642 0.8447
v  8.7682 -2.4489 0.8398
v  8.7829 -2.4496 0.8383
v  8.7829 -2.4645 0.8432
v  8.7894 -2.4512 0.8341
v  8.7894 -2.4654 0.8388
v  8.7936 -2.4536 0.8282
v  8.7936 -2.4666 0.8323
v  8.7950 -2.4562 0.8217
v  8.7950 -2.4679 0.8257
v  8.7950 -2.4591 0.8151
v  8.7950 -2.4695 0.8183
v  8.6572 -2.4642 0.8447
v  8.6572 -2.4489 0.8398
v  8.5461 -2.4642 0.8447
v  8.5461 -2.4489 0.8398
v  8.5390 -2.4081 0.7988
v  8.5390 -2.4151 0.8117
v  8.5308 -2.4096 0.7979
v  8.7753 -2.4081 0.7988
v  8.7753 -2.4151 0.8117
v  8.7682 -2.4151 0.8117
v  8.7682 -2.4081 0.7988
v  8.7829 -2.4096 0.7979
v  8.7829 -2.4165 0.8105
v  8.7894 -2.4138 0.7956
v  8.7894 -2.4201 0.8078
v  8.7936 -2.4194 0.7928
v  8.7936 -2.4251 0.8041
v  8.7950 -2.4254 0.7897
v  8.7950 -2.4307 0.7996
v  8.7950 -2.4317 0.7862
v  8.7950 -2.4363 0.7955
v  8.6572 -2.4151 0.8117
v  8.6572 -2.4081 0.7988
v  8.5461 -2.4151 0.8117
v  8.5461 -2.4081 0.7988
v  8.5247 -2.4138 0.7956
v  8.5247 -2.4094 0.7822
v  8.5207 -2.4194 0.7928
v  8.5207 -2.4157 0.7806
v  8.5194 -2.4254 0.7897
v  8.5194 -2.4223 0.7790
v  8.5194 -2.4317 0.7862
v  8.5194 -2.4291 0.7772
v  8.5247 -2.4075 0.7677
v  8.5207 -2.4144 0.7677
v  8.5194 -2.4212 0.7677
v  8.5194 -2.4282 0.7677
v  8.5390 -2.4803 0.8465
v  8.7753 -2.4803 0.8465
v  8.7682 -2.4803 0.8465
v  8.7829 -2.4803 0.8447
v  8.7894 -2.4803 0.8404
v  8.7936 -2.4803 0.8340
v  8.7950 -2.4803 0.8268
v  8.7950 -2.4803 0.8198
v  8.6572 -2.4803 0.8465
v  8.5461 -2.4803 0.8465
v  8.6572 -2.4853 0.8465
v  8.5247 -2.4853 0.8404
v  8.5207 -2.4853 0.8340
v  8.5194 -2.4853 0.8268
v  8.7682 -2.4853 0.8465
v  8.7936 -2.4853 0.8340
v  8.7894 -2.4853 0.8404
v  8.7323 -2.7362 -0.1361
v  8.7719 -2.7362 -0.1147
v  8.7604 -2.7362 -0.1242
v  8.7480 -2.7362 -0.1311
v  8.6572 -2.7362 -0.1378
v  8.5210 -2.7362 -0.1253
v  8.5207 -2.7362 0.8340
v  8.7936 -2.7362 0.8340
v  0.7158 -2.4016 0.0688
v  0.7149 -2.4016 0.0607
v  0.7118 -2.4016 0.0495
v  0.7063 -2.4016 0.0388
v  0.6986 -2.4016 0.0291
v  0.6892 -2.4016 0.0212
v  0.6786 -2.4016 0.0155
v  0.6674 -2.4016 0.0122
v  0.6565 -2.4016 0.0111
v  0.6567 -2.4016 -0.0126
v  0.6677 -2.4016 -0.0134
v  0.6789 -2.4016 -0.0166
v  0.6897 -2.4016 -0.0220
v  0.6993 -2.4016 -0.0297
v  0.7072 -2.4016 -0.0392
v  0.7129 -2.4016 -0.0499
v  0.7162 -2.4016 -0.0609
v  0.7172 -2.4016 -0.0690
v  0.7289 -2.4016 0.0689
v  0.7289 -2.4016 -0.0689
v  0.7072 -2.4016 0.1010
v  0.7289 -2.4016 0.1032
v  0.7289 -2.4016 -0.1031
v  0.7092 -2.4016 -0.1014
v  0.6898 -2.4016 -0.0957
v  0.6719 -2.4016 -0.0864
v  0.6561 -2.4016 -0.0737
v  0.6431 -2.4016 -0.0582
v  0.6334 -2.4016 -0.0405
v  0.6273 -2.4016 -0.0212
v  0.6251 -2.4016 -0.0010
v  0.6269 -2.4016 0.0191
v  0.6326 -2.4016 0.0385
v  0.6420 -2.4016 0.0565
v  0.6546 -2.4016 0.0722
v  0.6702 -2.4016 0.0852
v  0.6879 -2.4016 0.0949
v  0.7097 -2.4016 0.0756
v  0.7080 -2.4016 0.0621
v  0.7053 -2.4016 0.0520
v  0.7004 -2.4016 0.0426
v  0.6935 -2.4016 0.0340
v  0.6852 -2.4016 0.0270
v  0.6759 -2.4016 0.0220
v  0.6661 -2.4016 0.0190
v  0.6495 -2.4016 0.0174
v  0.6497 -2.4016 -0.0191
v  0.6664 -2.4016 -0.0203
v  0.6763 -2.4016 -0.0231
v  0.6859 -2.4016 -0.0279
v  0.6944 -2.4016 -0.0347
v  0.7014 -2.4016 -0.0431
v  0.7064 -2.4016 -0.0526
v  0.7094 -2.4016 -0.0624
v  0.7111 -2.4016 -0.0761
v  0.7289 -2.4016 -0.0759
v  0.7289 -2.4016 0.0759
v  0.7150 -2.4408 0.0607
v  0.7159 -2.4409 0.0687
v  0.7289 -2.4409 0.0689
v  0.7289 -2.4409 -0.0689
v  0.7172 -2.4409 -0.0690
v  0.7162 -2.4409 -0.0609
v  0.7129 -2.4409 -0.0499
v  0.7072 -2.4409 -0.0392
v  0.6993 -2.4409 -0.0297
v  0.6897 -2.4409 -0.0220
v  0.6789 -2.4409 -0.0166
v  0.6677 -2.4409 -0.0134
v  0.6567 -2.4409 -0.0126
v  0.6566 -2.4409 0.0111
v  0.6674 -2.4409 0.0121
v  0.6786 -2.4409 0.0155
v  0.6892 -2.4409 0.0212
v  0.6986 -2.4408 0.0290
v  0.7064 -2.4408 0.0387
v  0.7119 -2.4409 0.0495
v  0.7289 -2.4409 0.0593
v  0.7289 -2.4409 -0.0472
v  0.7131 -2.4409 -0.0353
v  0.7043 -2.4409 -0.0247
v  0.6935 -2.4409 -0.0160
v  0.6814 -2.4409 -0.0100
v  0.6689 -2.4409 -0.0064
v  0.6637 -2.4409 -0.0061
v  0.6636 -2.4409 0.0047
v  0.6688 -2.4409 0.0052
v  0.6813 -2.4409 0.0090
v  0.6932 -2.4409 0.0154
v  0.7036 -2.4409 0.0242
v  0.7122 -2.4409 0.0349
v  0.7184 -2.4409 0.0469
v  0.7289 -2.4409 -0.0003
v  0.7289 -2.4409 0.0469
v  0.7289 -2.4409 0.0349
v  0.7150 -2.4086 0.0607
v  0.7158 -2.4086 0.0688
v  0.7289 -2.4086 0.0689
v  0.7289 -2.4086 -0.0689
v  0.7172 -2.4086 -0.0690
v  0.7162 -2.4086 -0.0609
v  0.7129 -2.4086 -0.0499
v  0.7072 -2.4086 -0.0392
v  0.6993 -2.4086 -0.0297
v  0.6897 -2.4086 -0.0220
v  0.6789 -2.4086 -0.0166
v  0.6677 -2.4086 -0.0134
v  0.6567 -2.4086 -0.0125
v  0.6565 -2.4086 0.0111
v  0.6674 -2.4086 0.0122
v  0.6786 -2.4086 0.0155
v  0.6892 -2.4086 0.0212
v  0.6986 -2.4086 0.0290
v  0.7064 -2.4086 0.0387
v  0.7119 -2.4086 0.0495
v  0.7158 -2.4339 0.0688
v  0.7150 -2.4339 0.0607
v  0.7119 -2.4339 0.0495
v  0.7064 -2.4339 0.0387
v  0.6986 -2.4339 0.0290
v  0.6892 -2.4339 0.0212
v  0.6786 -2.4339 0.0155
v  0.6674 -2.4339 0.0121
v  0.6566 -2.4339 0.0111
v  0.6567 -2.4339 -0.0126
v  0.6677 -2.4339 -0.0134
v  0.6789 -2.4339 -0.0166
v  0.6897 -2.4339 -0.0220
v  0.6993 -2.4339 -0.0297
v  0.7072 -2.4339 -0.0392
v  0.7129 -2.4339 -0.0499
v  0.7162 -2.4339 -0.0609
v  0.7172 -2.4339 -0.0690
v  0.7289 -2.4339 -0.0689
v  0.7289 -2.4339 0.0689
v  0.7452 -2.4016 0.0755
v  0.7474 -2.4016 0.1010
v  0.7486 -2.4016 -0.1004
v  0.7464 -2.4016 -0.0755
v  0.7679 -2.4016 -0.0930
v  0.7857 -2.4016 -0.0827
v  0.8011 -2.4016 -0.0698
v  0.8136 -2.4016 -0.0546
v  0.8228 -2.4016 -0.0375
v  0.8284 -2.4016 -0.0189
v  0.8304 -2.4016 0.0010
v  0.8288 -2.4016 0.0202
v  0.8235 -2.4016 0.0392
v  0.8146 -2.4016 0.0568
v  0.8022 -2.4016 0.0724
v  0.7865 -2.4016 0.0852
v  0.7680 -2.4016 0.0949
v  0.7392 -2.4016 0.0690
v  0.7406 -2.4016 0.0606
v  0.7473 -2.4016 0.0620
v  0.7440 -2.4016 0.0495
v  0.7504 -2.4016 0.0519
v  0.7497 -2.4016 0.0389
v  0.7555 -2.4016 0.0426
v  0.7578 -2.4016 0.0293
v  0.7628 -2.4016 0.0342
v  0.7674 -2.4016 0.0217
v  0.7713 -2.4016 0.0274
v  0.7782 -2.4016 0.0164
v  0.7807 -2.4016 0.0226
v  0.7893 -2.4016 0.0134
v  0.7906 -2.4016 0.0198
v  0.8000 -2.4016 0.0125
v  0.8069 -2.4016 0.0184
v  0.8001 -2.4016 -0.0111
v  0.8068 -2.4016 -0.0171
v  0.7892 -2.4016 -0.0122
v  0.7904 -2.4016 -0.0186
v  0.7782 -2.4016 -0.0155
v  0.7807 -2.4016 -0.0216
v  0.7675 -2.4016 -0.0212
v  0.7712 -2.4016 -0.0266
v  0.7579 -2.4016 -0.0292
v  0.7627 -2.4016 -0.0337
v  0.7501 -2.4016 -0.0390
v  0.7558 -2.4016 -0.0423
v  0.7447 -2.4016 -0.0499
v  0.7508 -2.4016 -0.0519
v  0.7417 -2.4016 -0.0611
v  0.7480 -2.4016 -0.0619
v  0.7408 -2.4016 -0.0688
v  0.7406 -2.4086 0.0606
v  0.7392 -2.4086 0.0690
v  0.7392 -2.4339 0.0690
v  0.7406 -2.4339 0.0606
v  0.7409 -2.4086 -0.0688
v  0.7408 -2.4339 -0.0688
v  0.7417 -2.4086 -0.0611
v  0.7417 -2.4339 -0.0611
v  0.7447 -2.4086 -0.0499
v  0.7447 -2.4339 -0.0499
v  0.7501 -2.4086 -0.0390
v  0.7501 -2.4339 -0.0390
v  0.7579 -2.4086 -0.0292
v  0.7579 -2.4339 -0.0292
v  0.7675 -2.4086 -0.0212
v  0.7675 -2.4339 -0.0212
v  0.7781 -2.4086 -0.0153
v  0.7782 -2.4339 -0.0155
v  0.7891 -2.4086 -0.0119
v  0.7892 -2.4339 -0.0122
v  0.8001 -2.4086 -0.0111
v  0.8001 -2.4339 -0.0111
v  0.8000 -2.4086 0.0125
v  0.8000 -2.4339 0.0125
v  0.7893 -2.4086 0.0134
v  0.7893 -2.4339 0.0134
v  0.7782 -2.4086 0.0164
v  0.7782 -2.4339 0.0164
v  0.7674 -2.4086 0.0217
v  0.7674 -2.4339 0.0217
v  0.7578 -2.4086 0.0293
v  0.7578 -2.4339 0.0293
v  0.7497 -2.4086 0.0389
v  0.7497 -2.4339 0.0389
v  0.7440 -2.4086 0.0495
v  0.7440 -2.4339 0.0495
v  0.7401 -2.4409 0.0605
v  0.7388 -2.4409 0.0686
v  0.7407 -2.4407 -0.0686
v  0.7416 -2.4409 -0.0613
v  0.7442 -2.4409 -0.0497
v  0.7498 -2.4409 -0.0388
v  0.7438 -2.4409 -0.0352
v  0.7577 -2.4409 -0.0290
v  0.7526 -2.4409 -0.0242
v  0.7673 -2.4409 -0.0210
v  0.7634 -2.4409 -0.0153
v  0.7781 -2.4409 -0.0153
v  0.7755 -2.4409 -0.0090
v  0.7891 -2.4409 -0.0119
v  0.7879 -2.4409 -0.0052
v  0.7999 -2.4409 -0.0109
v  0.7931 -2.4409 -0.0047
v  0.8000 -2.4409 0.0125
v  0.7931 -2.4409 0.0058
v  0.7893 -2.4409 0.0130
v  0.7879 -2.4409 0.0062
v  0.7781 -2.4409 0.0161
v  0.7754 -2.4409 0.0097
v  0.7673 -2.4409 0.0216
v  0.7634 -2.4409 0.0157
v  0.7577 -2.4409 0.0292
v  0.7526 -2.4409 0.0242
v  0.7495 -2.4409 0.0387
v  0.7434 -2.4409 0.0348
v  0.7435 -2.4409 0.0493
v  0.7367 -2.4409 0.0467
v  0.7058 -2.4016 0.1079
v  0.6852 -2.4016 0.1014
v  0.6662 -2.4016 0.0910
v  0.6496 -2.4016 0.0772
v  0.6361 -2.4016 0.0603
v  0.6261 -2.4016 0.0411
v  0.6200 -2.4016 0.0204
v  0.6181 -2.4016 -0.0011
v  0.6205 -2.4016 -0.0226
v  0.6270 -2.4016 -0.0432
v  0.6373 -2.4016 -0.0622
v  0.6512 -2.4016 -0.0787
v  0.6680 -2.4016 -0.0923
v  0.6872 -2.4016 -0.1022
v  0.7079 -2.4016 -0.1083
v  0.7487 -2.4016 0.1079
v  0.7708 -2.4016 0.1014
v  0.7905 -2.4016 0.0910
v  0.8071 -2.4016 0.0771
v  0.8204 -2.4016 0.0606
v  0.8303 -2.4016 0.0419
v  0.8364 -2.4016 0.0217
v  0.8386 -2.4016 0.0011
v  0.8366 -2.4016 -0.0204
v  0.8308 -2.4016 -0.0407
v  0.8212 -2.4016 -0.0594
v  0.8080 -2.4016 -0.0763
v  0.7916 -2.4016 -0.0902
v  0.7716 -2.4016 -0.1013
v  0.7503 -2.4016 -0.1080
v  -1.1811 0.0000 -0.7480
v  -1.1811 -0.2953 -0.7480
v  -1.1024 -0.2953 -0.8268
v  -1.1024 0.0000 -0.8268
v  -1.1024 -0.3150 -0.8071
v  -1.1811 -0.2953 0.0000
v  -1.1615 -0.3150 -0.7480
v  -1.1615 -0.3150 0.0000
v  -1.1580 -0.2953 -0.8037
v  -1.1592 0.0000 -0.8024
v  -1.1437 -0.3150 -0.7898
v  -1.1335 -0.2953 -0.8203
v  -1.1750 0.0000 -0.7784
v  -1.1253 -0.3150 -0.8026
v  -1.1746 -0.2953 -0.7791
v  -1.1343 0.0000 -0.8199
v  -1.1567 -0.3150 -0.7715
v  -1.1184 -0.2953 -0.8251
v  -1.1795 0.0000 -0.7636
v  -1.1142 -0.3150 -0.8060
v  -1.1675 -0.2953 -0.7922
v  -1.1476 0.0000 -0.8124
v  -1.1514 -0.3150 -0.7815
v  -1.1465 -0.2953 -0.8132
v  -1.1683 0.0000 -0.7911
v  -1.1353 -0.3150 -0.7974
v  -1.1794 -0.2953 -0.7640
v  -1.1189 0.0000 -0.8249
v  -1.1603 -0.3150 -0.7601
v  -1.1025 -0.3086 -0.8215
v  -1.1758 -0.3086 -0.7482
v  -1.1758 -0.3086 0.0000
v  -1.1542 -0.3086 -0.8000
v  -1.1698 -0.3086 -0.7771
v  -1.1312 -0.3086 -0.8156
v  -1.1743 -0.3086 -0.7630
v  -1.1435 -0.3086 -0.8090
v  -1.1632 -0.3086 -0.7894
v  -1.1172 -0.3086 -0.8200
v  -1.1025 -0.3131 -0.8153
v  -1.1796 -0.3027 -0.7481
v  -1.1697 -0.3131 0.0000
v  -1.1569 -0.3027 -0.8027
v  -1.1733 -0.3027 -0.7786
v  -1.1328 -0.3027 -0.8190
v  -1.1780 -0.3027 -0.7638
v  -1.1457 -0.3027 -0.8120
v  -1.1663 -0.3027 -0.7914
v  -1.1180 -0.3027 -0.8236
v  -1.1024 -0.3027 -0.8253
v  -1.1697 -0.3131 -0.7481
v  -1.1796 -0.3027 0.0000
v  -1.1497 -0.3131 -0.7957
v  -1.1642 -0.3131 -0.7747
v  -1.1287 -0.3131 -0.8100
v  -1.1683 -0.3131 -0.7618
v  -1.1400 -0.3131 -0.8040
v  -1.1579 -0.3131 -0.7859
v  -1.1159 -0.3131 -0.8140
v  -0.1210 0.0000 -0.8268
v  -0.1210 -0.2953 -0.8268
v  -0.1210 -0.3150 -0.8071
v  -0.1210 -0.3086 -0.8215
v  -0.1210 -0.3027 -0.8253
v  -0.1210 -0.3131 -0.8153
v  -1.1811 -0.0984 -0.7480
v  -1.1024 -0.0984 -0.8268
v  -1.1811 -0.0984 0.0000
v  -1.1588 -0.0984 -0.8028
v  -1.1340 -0.0984 -0.8200
v  -1.1748 -0.0984 -0.7786
v  -1.1187 -0.0984 -0.8250
v  -1.1680 -0.0984 -0.7915
v  -1.1473 -0.0984 -0.8126
v  -1.1795 -0.0984 -0.7638
v  -0.1210 -0.0984 -0.8268
v  -0.0000 -0.3027 -0.8253
v  -1.1024 0.0000 0.8268
v  -1.1024 -0.0984 0.8268
v  -1.1187 -0.0984 0.8250
v  -1.1189 0.0000 0.8249
v  -1.1024 -0.2953 0.8268
v  -1.1024 -0.3027 0.8253
v  -1.1811 0.0000 0.0000
v  -1.1811 0.0000 0.7480
v  -1.1811 -0.0984 0.7480
v  -1.1811 -0.2953 0.7480
v  -1.1796 -0.3027 0.7481
v  -1.1615 -0.3150 0.7480
v  -1.1697 -0.3131 0.7481
v  -1.1683 -0.3131 0.7618
v  -1.1603 -0.3150 0.7601
v  -1.1580 -0.2953 0.8037
v  -1.1675 -0.2953 0.7922
v  -1.1680 -0.0984 0.7915
v  -1.1588 -0.0984 0.8028
v  -1.1465 -0.2953 0.8132
v  -1.1457 -0.3027 0.8120
v  -1.1569 -0.3027 0.8027
v  -1.1334 -0.2953 0.8203
v  -1.1473 -0.0984 0.8126
v  -1.1340 -0.0984 0.8200
v  -1.1746 -0.2953 0.7791
v  -1.1663 -0.3027 0.7914
v  -1.1732 -0.3027 0.7786
v  -1.1794 -0.2953 0.7640
v  -1.1795 -0.0984 0.7638
v  -1.1748 -0.0984 0.7786
v  -1.1184 -0.2953 0.8251
v  -1.1180 -0.3027 0.8236
v  -1.1328 -0.3027 0.8190
v  -1.1779 -0.3027 0.7638
v  -1.1758 -0.3086 0.7482
v  -1.1743 -0.3086 0.7630
v  -1.1435 -0.3086 0.8090
v  -1.1400 -0.3131 0.8040
v  -1.1497 -0.3131 0.7957
v  -1.1542 -0.3086 0.8000
v  -1.1632 -0.3086 0.7894
v  -1.1582 -0.3131 0.7860
v  -1.1642 -0.3131 0.7747
v  -1.1698 -0.3086 0.7771
v  -1.1172 -0.3086 0.8200
v  -1.1159 -0.3131 0.8140
v  -1.1287 -0.3131 0.8100
v  -1.1312 -0.3086 0.8156
v  -1.1025 -0.3086 0.8216
v  -1.1025 -0.3131 0.8155
v  -1.1353 -0.3150 0.7974
v  -1.1437 -0.3150 0.7898
v  -1.1514 -0.3150 0.7815
v  -1.1567 -0.3150 0.7715
v  -1.1142 -0.3150 0.8060
v  -1.1253 -0.3150 0.8026
v  -1.1024 -0.3150 0.8071
v  -1.1682 0.0000 0.7911
v  -1.1592 0.0000 0.8024
v  -1.1476 0.0000 0.8124
v  -1.1343 0.0000 0.8199
v  -1.1795 0.0000 0.7637
v  -1.1749 0.0000 0.7784
v  -0.1210 -0.3150 -0.8001
v  -1.1020 -0.3150 0.8001
v  -1.1128 -0.3150 0.7991
v  -1.1227 -0.3150 0.7961
v  -1.1313 -0.3150 0.7916
v  -1.1388 -0.3150 0.7848
v  -1.1456 -0.3150 0.7774
v  -1.1502 -0.3150 0.7688
v  -1.1534 -0.3150 0.7587
v  -1.1545 -0.3150 0.7477
v  -1.1545 -0.3150 0.0000
v  -1.1545 -0.3150 -0.7477
v  -1.1534 -0.3150 -0.7587
v  -1.1502 -0.3150 -0.7688
v  -1.1456 -0.3150 -0.7774
v  -1.1388 -0.3150 -0.7848
v  -1.1313 -0.3150 -0.7916
v  -1.1227 -0.3150 -0.7961
v  -1.1128 -0.3150 -0.7991
v  -1.1020 -0.3150 -0.8001
v  -1.1036 -0.3150 0.0000
v  -0.1210 0.0000 -0.8198
v  -1.1020 0.0000 -0.8198
v  -1.1174 0.0000 -0.8181
v  -1.1315 0.0000 -0.8134
v  -1.1436 0.0000 -0.8066
v  -1.1542 0.0000 -0.7975
v  -1.1624 0.0000 -0.7873
v  -1.1685 0.0000 -0.7757
v  -1.1726 0.0000 -0.7622
v  -1.1741 0.0000 -0.7477
v  -1.1741 0.0000 0.0000
v  -1.1741 0.0000 0.7477
v  -1.1726 0.0000 0.7623
v  -1.1685 0.0000 0.7757
v  -1.1624 0.0000 0.7873
v  -1.1542 0.0000 0.7975
v  -1.1436 0.0000 0.8066
v  -1.1315 0.0000 0.8135
v  -1.1174 0.0000 0.8181
v  -1.1020 0.0000 0.8198
v  -0.0000 0.0000 -0.8198
v  -1.0976 0.0000 0.0000
v  -0.0000 0.0000 -0.7433
v  -0.0090 -0.1469 -0.4331
v  -0.0181 -0.1442 -0.4331
v  -0.0270 -0.1397 -0.4331
v  -0.0348 -0.1333 -0.4331
v  -0.0412 -0.1254 -0.4331
v  -0.0458 -0.1166 -0.4331
v  -0.0484 -0.1074 -0.4331
v  -0.0493 -0.0984 -0.4331
v  -0.0484 -0.0895 -0.4331
v  -0.0458 -0.0803 -0.4331
v  -0.0412 -0.0715 -0.4331
v  -0.0348 -0.0636 -0.4331
v  -0.0270 -0.0572 -0.4331
v  -0.0181 -0.0526 -0.4331
v  -0.0090 -0.0500 -0.4331
v  -0.0077 -0.0569 -0.4331
v  -0.0077 -0.1400 -0.4331
v  -0.0155 -0.1377 -0.4331
v  -0.0231 -0.1338 -0.4331
v  -0.0299 -0.1283 -0.4331
v  -0.0354 -0.1215 -0.4331
v  -0.0393 -0.1140 -0.4331
v  -0.0415 -0.1061 -0.4331
v  -0.0422 -0.0984 -0.4331
v  -0.0415 -0.0908 -0.4331
v  -0.0393 -0.0829 -0.4331
v  -0.0354 -0.0753 -0.4331
v  -0.0299 -0.0686 -0.4331
v  -0.0231 -0.0631 -0.4331
v  -0.0155 -0.0591 -0.4331
v  -0.0090 -0.0500 -0.4401
v  -0.0181 -0.0526 -0.4401
v  -0.0270 -0.0572 -0.4401
v  -0.0348 -0.0636 -0.4401
v  -0.0412 -0.0715 -0.4401
v  -0.0458 -0.0803 -0.4401
v  -0.0484 -0.0895 -0.4401
v  -0.0493 -0.0984 -0.4401
v  -0.0484 -0.1074 -0.4401
v  -0.0458 -0.1166 -0.4401
v  -0.0412 -0.1254 -0.4401
v  -0.0348 -0.1333 -0.4401
v  -0.0270 -0.1397 -0.4401
v  -0.0181 -0.1442 -0.4401
v  -0.0090 -0.1469 -0.4401
v  -0.0125 -0.0307 -0.8268
v  -0.0096 -0.0234 -0.8268
v  -0.0116 -0.0356 -0.8218
v  -0.0125 -0.1662 -0.8268
v  -0.0116 -0.1613 -0.8218
v  -0.0118 -0.1733 -0.8268
v  -0.0254 -0.1625 -0.8268
v  -0.0235 -0.1579 -0.8218
v  -0.0295 -0.1682 -0.8268
v  -0.0377 -0.1561 -0.8268
v  -0.0350 -0.1519 -0.8218
v  -0.0413 -0.1622 -0.8268
v  -0.0487 -0.1471 -0.8268
v  -0.0452 -0.1436 -0.8218
v  -0.0519 -0.1536 -0.8268
v  -0.0577 -0.1361 -0.8268
v  -0.0535 -0.1334 -0.8218
v  -0.0606 -0.1436 -0.8268
v  -0.0641 -0.1238 -0.8268
v  -0.0594 -0.1220 -0.8218
v  -0.0724 -0.1201 -0.8268
v  -0.0677 -0.1110 -0.8268
v  -0.0629 -0.1101 -0.8218
v  -0.0749 -0.1093 -0.8268
v  -0.0689 -0.0984 -0.8268
v  -0.0639 -0.0984 -0.8218
v  -0.0759 -0.0984 -0.8268
v  -0.0677 -0.0859 -0.8268
v  -0.0629 -0.0868 -0.8218
v  -0.0749 -0.0876 -0.8268
v  -0.0641 -0.0731 -0.8268
v  -0.0594 -0.0749 -0.8218
v  -0.0724 -0.0768 -0.8268
v  -0.0577 -0.0607 -0.8268
v  -0.0535 -0.0634 -0.8218
v  -0.0627 -0.0559 -0.8268
v  -0.0487 -0.0497 -0.8268
v  -0.0452 -0.0532 -0.8218
v  -0.0545 -0.0457 -0.8268
v  -0.0377 -0.0408 -0.8268
v  -0.0350 -0.0449 -0.8218
v  -0.0446 -0.0374 -0.8268
v  -0.0254 -0.0344 -0.8268
v  -0.0235 -0.0390 -0.8218
v  -0.0343 -0.0311 -0.8268
v  -0.0090 -0.0500 -0.8071
v  -0.0099 -0.0451 -0.8121
v  -0.0090 -0.0500 -0.8001
v  -0.0090 -0.1469 -0.8071
v  -0.0090 -0.1469 -0.8001
v  -0.0099 -0.1518 -0.8121
v  -0.0181 -0.1442 -0.8071
v  -0.0181 -0.1442 -0.8001
v  -0.0200 -0.1488 -0.8121
v  -0.0270 -0.1397 -0.8071
v  -0.0270 -0.1397 -0.8001
v  -0.0297 -0.1438 -0.8121
v  -0.0348 -0.1333 -0.8071
v  -0.0348 -0.1333 -0.8001
v  -0.0383 -0.1368 -0.8121
v  -0.0412 -0.1254 -0.8071
v  -0.0412 -0.1254 -0.8001
v  -0.0454 -0.1281 -0.8121
v  -0.0458 -0.1166 -0.8071
v  -0.0458 -0.1166 -0.8001
v  -0.0504 -0.1184 -0.8121
v  -0.0484 -0.1074 -0.8071
v  -0.0484 -0.1074 -0.8001
v  -0.0533 -0.1083 -0.8121
v  -0.0493 -0.0984 -0.8071
v  -0.0493 -0.0984 -0.8001
v  -0.0542 -0.0984 -0.8121
v  -0.0484 -0.0895 -0.8071
v  -0.0484 -0.0895 -0.8001
v  -0.0533 -0.0886 -0.8121
v  -0.0458 -0.0803 -0.8071
v  -0.0458 -0.0803 -0.8001
v  -0.0504 -0.0785 -0.8121
v  -0.0412 -0.0715 -0.8071
v  -0.0412 -0.0715 -0.8001
v  -0.0454 -0.0687 -0.8121
v  -0.0348 -0.0636 -0.8071
v  -0.0348 -0.0636 -0.8001
v  -0.0383 -0.0601 -0.8121
v  -0.0270 -0.0572 -0.8071
v  -0.0270 -0.0572 -0.8001
v  -0.0297 -0.0530 -0.8121
v  -0.0181 -0.0526 -0.8071
v  -0.0181 -0.0526 -0.8001
v  -0.0200 -0.0480 -0.8121
v  -1.1188 -0.0073 -0.8250
v  -1.1023 -0.0073 -0.8268
v  -0.1210 -0.0073 -0.8268
v  -1.1023 -0.0073 0.8268
v  -1.1188 -0.0073 0.8250
v  -1.1342 -0.0073 0.8199
v  -1.1476 -0.0073 0.8124
v  -1.1592 -0.0073 0.8024
v  -1.1683 -0.0073 0.7911
v  -1.1750 -0.0073 0.7783
v  -1.1795 -0.0073 0.7636
v  -1.1811 -0.0073 0.7480
v  -1.1811 -0.0073 0.0000
v  -1.1811 -0.0073 -0.7480
v  -1.1795 -0.0073 -0.7635
v  -1.1750 -0.0073 -0.7783
v  -1.1683 -0.0073 -0.7911
v  -1.1592 -0.0073 -0.8024
v  -1.1476 -0.0073 -0.8124
v  -1.1342 -0.0073 -0.8199
v  -0.1210 -0.2882 -0.8268
v  -1.1024 -0.2882 -0.8268
v  -1.1184 -0.2882 -0.8251
v  -1.1334 -0.2882 -0.8203
v  -1.1465 -0.2882 -0.8131
v  -1.1581 -0.2882 -0.8037
v  -1.1675 -0.2882 -0.7922
v  -1.1746 -0.2882 -0.7791
v  -1.1794 -0.2882 -0.7640
v  -1.1811 -0.2882 -0.7480
v  -1.1811 -0.2882 0.0000
v  -1.1811 -0.2882 0.7480
v  -1.1794 -0.2882 0.7640
v  -1.1746 -0.2882 0.7791
v  -1.1675 -0.2882 0.7922
v  -1.1580 -0.2882 0.8037
v  -1.1465 -0.2882 0.8131
v  -1.1334 -0.2882 0.8203
v  -1.1184 -0.2882 0.8251
v  -1.1024 -0.2882 0.8268
v  0.0000 -0.0984 0.8268
v  0.0000 -0.3150 0.7484
v  0.0000 -0.0073 0.8268
v  -0.0000 -0.3150 -0.7492
v  -0.0000 -0.3150 -0.0000
v  0.0000 -0.0000 0.8268
v  -0.0000 -0.0442 -0.8121
v  -0.0000 -0.0492 -0.8001
v  -0.0000 -0.0492 -0.4401
v  -0.0000 -0.1477 -0.8001
v  -0.0000 -0.1477 -0.4331
v  -0.0000 -0.1407 -0.4331
v  0.0000 -0.2953 0.8268
v  0.0000 -0.3150 0.8001
v  -1.1811 -0.0984 0.7406
v  -1.1811 0.0000 0.7406
v  -1.1796 -0.3027 0.7406
v  -1.1811 -0.2953 0.7406
v  -1.1758 -0.3086 0.7407
v  -1.1697 -0.3131 0.7407
v  -1.1615 -0.3150 0.7406
v  -1.1545 -0.3150 0.7402
v  -1.1027 -0.3150 0.7484
v  -1.1741 0.0000 0.7402
v  -1.1811 -0.0073 0.7405
v  -1.1811 -0.2882 0.7406
v  -1.0913 -0.0984 0.8268
v  -1.0913 -0.2953 0.8268
v  -1.0914 -0.3027 0.8253
v  -1.0915 -0.3086 0.8216
v  -1.0914 -0.3131 0.8155
v  -1.0913 -0.3150 0.8071
v  -1.0910 -0.3150 0.8001
v  -1.0913 -0.2882 0.8268
v  -1.0913 0.0000 0.8268
v  -1.0910 0.0000 0.8198
v  -1.0987 0.0000 0.7444
v  -1.0913 -0.0073 0.8268
v  -1.1811 0.0000 -0.7405
v  -1.1811 -0.0984 -0.7406
v  -1.1811 -0.2953 -0.7406
v  -1.1796 -0.3027 -0.7406
v  -1.1697 -0.3131 -0.7407
v  -1.1758 -0.3086 -0.7407
v  -1.1615 -0.3150 -0.7405
v  -1.1545 -0.3150 -0.7402
v  -1.1741 0.0000 -0.7402
v  -1.0987 0.0000 -0.7444
v  -1.1811 -0.0073 -0.7405
v  -1.1811 -0.2882 -0.7405
v  -1.0925 -0.2953 -0.8268
v  -1.0926 -0.3027 -0.8253
v  -1.0925 -0.0984 -0.8268
v  -1.0927 -0.3131 -0.8153
v  -1.0927 -0.3086 -0.8215
v  -1.0925 -0.3150 -0.8071
v  -1.0925 0.0000 -0.8268
v  -1.0922 -0.3150 -0.8001
v  -1.1027 -0.3150 -0.7484
v  -1.0922 0.0000 -0.8198
v  -1.0925 -0.0073 -0.8268
v  -1.0925 -0.2882 -0.8268
v  1.1023 -0.0073 -0.8268
v  1.1024 -0.0984 -0.8268
v  1.1187 -0.0984 -0.8250
v  1.1188 -0.0073 -0.8250
v  -0.0000 -0.2882 -0.8268
v  0.0118 -0.1733 -0.8268
v  -0.0000 -0.1744 -0.8268
v  1.1024 -0.2953 -0.8268
v  1.0925 -0.2953 -0.8268
v  1.0926 -0.3027 -0.8253
v  1.1024 -0.3027 -0.8253
v  1.1811 -0.0073 -0.0000
v  1.1811 -0.0073 -0.7405
v  1.1811 -0.0984 -0.7406
v  1.1811 -0.0984 -0.0000
v  1.1811 -0.2953 -0.0000
v  1.1811 -0.2953 -0.7406
v  1.1796 -0.3027 -0.7406
v  1.1796 -0.3027 -0.0000
v  1.1615 -0.3150 -0.7480
v  1.1697 -0.3131 -0.7481
v  1.1683 -0.3131 -0.7618
v  1.1603 -0.3150 -0.7601
v  1.1580 -0.2882 -0.8037
v  1.1675 -0.2882 -0.7922
v  1.1680 -0.0984 -0.7915
v  1.1588 -0.0984 -0.8028
v  1.1580 -0.2953 -0.8037
v  1.1465 -0.2953 -0.8132
v  1.1457 -0.3027 -0.8120
v  1.1569 -0.3027 -0.8027
v  1.1334 -0.2882 -0.8203
v  1.1465 -0.2882 -0.8131
v  1.1473 -0.0984 -0.8126
v  1.1340 -0.0984 -0.8200
v  1.1746 -0.2953 -0.7791
v  1.1675 -0.2953 -0.7922
v  1.1663 -0.3027 -0.7914
v  1.1733 -0.3027 -0.7786
v  1.1746 -0.2882 -0.7791
v  1.1794 -0.2882 -0.7640
v  1.1795 -0.0984 -0.7638
v  1.1748 -0.0984 -0.7786
v  1.1335 -0.2953 -0.8203
v  1.1184 -0.2953 -0.8251
v  1.1180 -0.3027 -0.8236
v  1.1328 -0.3027 -0.8190
v  1.1184 -0.2882 -0.8251
v  1.1794 -0.2953 -0.7640
v  1.1780 -0.3027 -0.7638
v  1.1811 -0.2882 -0.7480
v  1.1811 -0.0984 -0.7480
v  -0.0000 -0.3086 -0.8215
v  -0.0000 -0.3131 -0.8153
v  0.1210 -0.3131 -0.8153
v  0.1210 -0.3086 -0.8215
v  1.1758 -0.3086 -0.7482
v  1.1697 -0.3131 -0.7407
v  1.1758 -0.3086 -0.7407
v  1.1796 -0.3027 -0.7481
v  1.1743 -0.3086 -0.7630
v  1.1435 -0.3086 -0.8090
v  1.1400 -0.3131 -0.8040
v  1.1497 -0.3131 -0.7957
v  1.1542 -0.3086 -0.8000
v  1.1632 -0.3086 -0.7894
v  1.1579 -0.3131 -0.7859
v  1.1642 -0.3131 -0.7747
v  1.1698 -0.3086 -0.7771
v  1.1172 -0.3086 -0.8200
v  1.1159 -0.3131 -0.8140
v  1.1287 -0.3131 -0.8100
v  1.1312 -0.3086 -0.8156
v  1.1025 -0.3086 -0.8215
v  1.1025 -0.3131 -0.8153
v  0.1210 -0.3027 -0.8253
v  -0.0000 -0.3150 -0.8071
v  0.1210 -0.3150 -0.8071
v  1.1615 -0.3150 -0.7405
v  1.1811 -0.2953 -0.7480
v  1.1353 -0.3150 -0.7974
v  1.1437 -0.3150 -0.7898
v  1.1514 -0.3150 -0.7815
v  1.1567 -0.3150 -0.7715
v  1.1142 -0.3150 -0.8060
v  1.1253 -0.3150 -0.8026
v  1.1024 -0.3150 -0.8071
v  0.1210 -0.2882 -0.8268
v  1.0925 -0.2882 -0.8268
v  1.0925 -0.0984 -0.8268
v  0.1210 -0.0984 -0.8268
v  0.1210 -0.2953 -0.8268
v  -0.0000 -0.2953 -0.8268
v  1.0927 -0.3131 -0.8153
v  1.0927 -0.3086 -0.8215
v  1.0925 -0.3150 -0.8071
v  1.1024 -0.2882 -0.8268
v  1.1811 -0.2882 -0.7406
v  1.1683 -0.0073 -0.7911
v  1.1592 -0.0073 -0.8024
v  1.1476 -0.0073 -0.8124
v  1.1342 -0.0073 -0.8199
v  1.1795 -0.0073 -0.7635
v  1.1750 -0.0073 -0.7783
v  1.1811 -0.0073 -0.7480
v  1.0925 -0.0073 -0.8268
v  0.0749 -0.0876 -0.8268
v  0.0759 -0.0984 -0.8268
v  0.0295 -0.1682 -0.8268
v  0.0413 -0.1622 -0.8268
v  0.0519 -0.1536 -0.8268
v  0.0606 -0.1436 -0.8268
v  0.0724 -0.1201 -0.8268
v  0.0749 -0.1093 -0.8268
v  0.0724 -0.0768 -0.8268
v  0.1210 -0.0073 -0.8268
v  0.0627 -0.0559 -0.8268
v  0.0545 -0.0457 -0.8268
v  0.0446 -0.0374 -0.8268
v  0.0343 -0.0311 -0.8268
v  -0.0000 -0.0073 -0.8268
v  0.0096 -0.0234 -0.8268
v  -0.0000 -0.0225 -0.8268
v  1.1023 -0.0073 0.8268
v  1.1188 -0.0073 0.8250
v  1.1187 -0.0984 0.8250
v  1.1024 -0.0984 0.8268
v  1.1811 -0.0984 0.7406
v  1.1811 -0.0073 0.7405
v  1.1796 -0.3027 0.7406
v  1.1811 -0.2953 0.7406
v  1.1615 -0.3150 0.7480
v  1.1603 -0.3150 0.7601
v  1.1683 -0.3131 0.7618
v  1.1697 -0.3131 0.7481
v  1.1581 -0.2882 0.8037
v  1.1588 -0.0984 0.8028
v  1.1680 -0.0984 0.7915
v  1.1675 -0.2882 0.7922
v  1.1580 -0.2953 0.8037
v  1.1569 -0.3027 0.8027
v  1.1457 -0.3027 0.8120
v  1.1465 -0.2953 0.8132
v  1.1334 -0.2882 0.8203
v  1.1340 -0.0984 0.8200
v  1.1473 -0.0984 0.8126
v  1.1465 -0.2882 0.8131
v  1.1746 -0.2953 0.7791
v  1.1732 -0.3027 0.7786
v  1.1663 -0.3027 0.7914
v  1.1675 -0.2953 0.7922
v  1.1746 -0.2882 0.7791
v  1.1748 -0.0984 0.7786
v  1.1795 -0.0984 0.7638
v  1.1794 -0.2882 0.7640
v  1.1334 -0.2953 0.8203
v  1.1328 -0.3027 0.8190
v  1.1180 -0.3027 0.8236
v  1.1184 -0.2953 0.8251
v  1.1184 -0.2882 0.8251
v  1.1794 -0.2953 0.7640
v  1.1779 -0.3027 0.7638
v  1.1811 -0.0984 0.7480
v  1.1811 -0.2882 0.7480
v  1.1024 -0.3027 0.8253
v  1.1024 -0.2953 0.8268
v  1.1758 -0.3086 0.7482
v  1.1758 -0.3086 0.7407
v  1.1697 -0.3131 0.7407
v  1.1743 -0.3086 0.7630
v  1.1796 -0.3027 0.7481
v  1.1435 -0.3086 0.8090
v  1.1542 -0.3086 0.8000
v  1.1497 -0.3131 0.7957
v  1.1400 -0.3131 0.8040
v  1.1632 -0.3086 0.7894
v  1.1698 -0.3086 0.7771
v  1.1642 -0.3131 0.7747
v  1.1582 -0.3131 0.7860
v  1.1172 -0.3086 0.8200
v  1.1312 -0.3086 0.8156
v  1.1287 -0.3131 0.8100
v  1.1159 -0.3131 0.8140
v  1.1025 -0.3086 0.8216
v  1.1025 -0.3131 0.8155
v  1.1615 -0.3150 0.7405
v  1.1811 -0.2953 0.7480
v  1.1437 -0.3150 0.7898
v  1.1353 -0.3150 0.7974
v  1.1567 -0.3150 0.7715
v  1.1514 -0.3150 0.7815
v  1.1253 -0.3150 0.8026
v  1.1142 -0.3150 0.8060
v  1.1024 -0.3150 0.8071
v  1.1024 -0.2882 0.8268
v  1.1811 -0.2882 0.7405
v  1.1592 -0.0073 0.8024
v  1.1683 -0.0073 0.7911
v  1.1342 -0.0073 0.8199
v  1.1476 -0.0073 0.8124
v  1.1750 -0.0073 0.7783
v  1.1795 -0.0073 0.7636
v  1.1811 -0.0073 0.7480
v  -0.0000 -0.3150 -0.8001
v  0.1210 -0.3150 -0.8001
v  1.1128 -0.3150 0.7991
v  1.1020 -0.3150 0.8001
v  1.1227 -0.3150 0.7961
v  1.1313 -0.3150 0.7916
v  1.1388 -0.3150 0.7848
v  1.1456 -0.3150 0.7774
v  1.1502 -0.3150 0.7688
v  1.1534 -0.3150 0.7587
v  1.1545 -0.3150 0.7477
v  1.1545 -0.3150 0.7402
v  1.1615 -0.3150 -0.0000
v  1.1545 -0.3150 -0.7402
v  1.1545 -0.3150 -0.0000
v  1.1534 -0.3150 -0.7587
v  1.1545 -0.3150 -0.7477
v  1.1502 -0.3150 -0.7688
v  1.1456 -0.3150 -0.7774
v  1.1388 -0.3150 -0.7848
v  1.1313 -0.3150 -0.7916
v  1.1227 -0.3150 -0.7961
v  1.1128 -0.3150 -0.7991
v  1.1020 -0.3150 -0.8001
v  1.0922 -0.3150 -0.8001
v  1.1027 -0.3150 0.7484
v  1.1027 -0.3150 -0.7484
v  1.1036 -0.3150 -0.0000
v  0.1210 0.0000 -0.8268
v  1.0925 -0.0000 -0.8268
v  1.0922 0.0000 -0.8198
v  0.1210 0.0000 -0.8198
v  1.1024 -0.0000 -0.8268
v  1.1189 -0.0000 -0.8249
v  1.1174 -0.0000 -0.8181
v  1.1020 -0.0000 -0.8198
v  1.1343 -0.0000 -0.8199
v  1.1315 0.0000 -0.8134
v  1.1476 -0.0000 -0.8124
v  1.1436 -0.0000 -0.8066
v  1.1592 -0.0000 -0.8024
v  1.1542 -0.0000 -0.7975
v  1.1683 -0.0000 -0.7911
v  1.1624 -0.0000 -0.7873
v  1.1750 -0.0000 -0.7784
v  1.1685 -0.0000 -0.7757
v  1.1795 -0.0000 -0.7636
v  1.1726 -0.0000 -0.7622
v  1.1811 -0.0000 -0.7480
v  1.1741 -0.0000 -0.7477
v  1.1811 -0.0000 -0.7405
v  1.1741 -0.0000 -0.7402
v  1.1811 -0.0000 0.0000
v  1.1811 -0.0000 0.7406
v  1.1741 -0.0000 0.7402
v  1.1741 -0.0000 -0.0000
v  1.1811 -0.0000 0.7480
v  1.1795 -0.0000 0.7637
v  1.1726 -0.0000 0.7623
v  1.1741 -0.0000 0.7477
v  1.1749 -0.0000 0.7784
v  1.1685 -0.0000 0.7757
v  1.1682 -0.0000 0.7911
v  1.1624 -0.0000 0.7873
v  1.1592 -0.0000 0.8024
v  1.1542 -0.0000 0.7975
v  1.1476 -0.0000 0.8124
v  1.1436 -0.0000 0.8066
v  1.1343 -0.0000 0.8199
v  1.1315 -0.0000 0.8135
v  1.1189 -0.0000 0.8249
v  1.1174 -0.0000 0.8181
v  1.1024 -0.0000 0.8268
v  1.1020 -0.0000 0.8198
v  1.0913 -0.0000 0.8268
v  1.0910 -0.0000 0.8198
v  -0.0000 0.0000 -0.8268
v  1.0987 -0.0000 -0.7444
v  1.0987 -0.0000 0.7444
v  1.0976 -0.0000 -0.0000
v  0.0000 -0.0000 0.0000
v  0.0000 0.0000 0.7444
v  0.0116 -0.0356 -0.8218
v  -0.0000 -0.0345 -0.8218
v  0.0099 -0.0451 -0.8121
v  -0.0000 -0.1624 -0.8218
v  0.0116 -0.1613 -0.8218
v  0.0099 -0.1518 -0.8121
v  -0.0000 -0.1527 -0.8121
v  0.0235 -0.1579 -0.8218
v  0.0200 -0.1488 -0.8121
v  0.0350 -0.1519 -0.8218
v  0.0297 -0.1438 -0.8121
v  0.0452 -0.1436 -0.8218
v  0.0383 -0.1368 -0.8121
v  0.0535 -0.1334 -0.8218
v  0.0454 -0.1281 -0.8121
v  0.0594 -0.1220 -0.8218
v  0.0504 -0.1184 -0.8121
v  0.0629 -0.1101 -0.8218
v  0.0533 -0.1083 -0.8121
v  0.0639 -0.0984 -0.8218
v  0.0542 -0.0984 -0.8121
v  0.0629 -0.0868 -0.8218
v  0.0533 -0.0886 -0.8121
v  0.0594 -0.0749 -0.8218
v  0.0504 -0.0785 -0.8121
v  0.0535 -0.0634 -0.8218
v  0.0454 -0.0687 -0.8121
v  0.0452 -0.0532 -0.8218
v  0.0383 -0.0601 -0.8121
v  0.0350 -0.0449 -0.8218
v  0.0297 -0.0530 -0.8121
v  0.0235 -0.0390 -0.8218
v  0.0200 -0.0480 -0.8121
v  0.0090 -0.0500 -0.8001
v  0.0090 -0.0500 -0.4401
v  0.0090 -0.1469 -0.8001
v  0.0090 -0.1469 -0.4401
v  -0.0000 -0.1477 -0.4401
v  0.0181 -0.1442 -0.8001
v  0.0181 -0.1442 -0.4401
v  0.0270 -0.1397 -0.8001
v  0.0270 -0.1397 -0.4401
v  0.0348 -0.1333 -0.8001
v  0.0348 -0.1333 -0.4401
v  0.0412 -0.1254 -0.8001
v  0.0412 -0.1254 -0.4401
v  0.0458 -0.1166 -0.8001
v  0.0458 -0.1166 -0.4401
v  0.0484 -0.1074 -0.8001
v  0.0484 -0.1074 -0.4401
v  0.0493 -0.0984 -0.8001
v  0.0493 -0.0984 -0.4401
v  0.0484 -0.0895 -0.8001
v  0.0484 -0.0895 -0.4401
v  0.0458 -0.0803 -0.8001
v  0.0458 -0.0803 -0.4401
v  0.0412 -0.0715 -0.8001
v  0.0412 -0.0715 -0.4401
v  0.0348 -0.0636 -0.8001
v  0.0348 -0.0636 -0.4401
v  0.0270 -0.0572 -0.8001
v  0.0270 -0.0572 -0.4401
v  0.0181 -0.0526 -0.8001
v  0.0181 -0.0526 -0.4401
v  0.0090 -0.0500 -0.4331
v  -0.0000 -0.0492 -0.4331
v  -0.0000 -0.0562 -0.4331
v  0.0077 -0.0569 -0.4331
v  0.0090 -0.1469 -0.4331
v  0.0077 -0.1400 -0.4331
v  0.0181 -0.1442 -0.4331
v  0.0155 -0.1377 -0.4331
v  0.0270 -0.1397 -0.4331
v  0.0231 -0.1338 -0.4331
v  0.0348 -0.1333 -0.4331
v  0.0299 -0.1283 -0.4331
v  0.0412 -0.1254 -0.4331
v  0.0354 -0.1215 -0.4331
v  0.0458 -0.1166 -0.4331
v  0.0393 -0.1140 -0.4331
v  0.0484 -0.1074 -0.4331
v  0.0415 -0.1061 -0.4331
v  0.0493 -0.0984 -0.4331
v  0.0422 -0.0984 -0.4331
v  0.0484 -0.0895 -0.4331
v  0.0415 -0.0908 -0.4331
v  0.0458 -0.0803 -0.4331
v  0.0393 -0.0829 -0.4331
v  0.0412 -0.0715 -0.4331
v  0.0354 -0.0753 -0.4331
v  0.0348 -0.0636 -0.4331
v  0.0299 -0.0686 -0.4331
v  0.0270 -0.0572 -0.4331
v  0.0231 -0.0631 -0.4331
v  0.0181 -0.0526 -0.4331
v  0.0155 -0.0591 -0.4331
v  -0.0000 -0.0984 -0.4331
v  0.0125 -0.1662 -0.8268
v  -0.0000 -0.1673 -0.8268
v  0.0677 -0.0859 -0.8268
v  0.0689 -0.0984 -0.8268
v  0.0254 -0.1625 -0.8268
v  0.0377 -0.1561 -0.8268
v  0.0487 -0.1471 -0.8268
v  0.0577 -0.1361 -0.8268
v  0.0641 -0.1238 -0.8268
v  0.0677 -0.1110 -0.8268
v  0.0641 -0.0731 -0.8268
v  0.0577 -0.0607 -0.8268
v  0.0487 -0.0497 -0.8268
v  0.0377 -0.0408 -0.8268
v  0.0254 -0.0344 -0.8268
v  0.0125 -0.0307 -0.8268
v  -0.0000 -0.0295 -0.8268
v  -0.0000 -0.0492 -0.8071
v  0.0090 -0.0500 -0.8071
v  0.0090 -0.1469 -0.8071
v  -0.0000 -0.1477 -0.8071
v  0.0181 -0.1442 -0.8071
v  0.0270 -0.1397 -0.8071
v  0.0348 -0.1333 -0.8071
v  0.0412 -0.1254 -0.8071
v  0.0458 -0.1166 -0.8071
v  0.0484 -0.1074 -0.8071
v  0.0493 -0.0984 -0.8071
v  0.0484 -0.0895 -0.8071
v  0.0458 -0.0803 -0.8071
v  0.0412 -0.0715 -0.8071
v  0.0348 -0.0636 -0.8071
v  0.0270 -0.0572 -0.8071
v  0.0181 -0.0526 -0.8071
v  1.1811 -0.2882 -0.0000
v  1.0913 -0.2953 0.8268
v  1.0913 -0.2882 0.8268
v  1.0913 -0.0073 0.8268
v  1.0913 -0.0984 0.8268
v  0.0000 -0.2882 0.8268
v  1.0914 -0.3027 0.8253
v  0.0000 -0.3027 0.8253
v  1.0915 -0.3086 0.8216
v  0.0000 -0.3086 0.8216
v  1.0915 -0.3131 0.8155
v  0.0000 -0.3131 0.8155
v  1.0913 -0.3150 0.8071
v  0.0000 -0.3150 0.8071
v  1.0910 -0.3150 0.8001
v  1.1758 -0.3086 -0.0000
v  1.1697 -0.3131 -0.0000
v  0.0000 0.0000 0.8198
v  0.7289 -3.0512 0.1378
v  0.7289 -3.0709 0.1181
v  0.7289 -3.0649 0.1322
v  0.7289 -3.0692 0.1259
v  0.7289 -3.0588 0.1363
v  0.7289 -3.0709 -0.0000
v  0.7289 -3.0709 0.1111
v  0.7289 -3.0442 0.1378
v  0.7289 -2.7362 0.1378
v  0.7289 -3.0709 -0.1111
v  0.7289 -3.0709 -0.1181
v  0.7289 -3.0692 -0.1259
v  0.7289 -3.0442 -0.1378
v  0.7289 -3.0585 -0.1364
v  0.7289 -3.0649 -0.1322
v  0.7289 -3.0512 -0.1378
v  0.7289 -2.4016 0.1111
v  0.7289 -2.4016 0.1181
v  0.7289 -2.4032 0.1259
v  0.7289 -2.4283 0.1378
v  0.7289 -2.4137 0.1363
v  0.7289 -2.4075 0.1322
v  0.7289 -2.4213 0.1378
v  0.7289 -2.4016 -0.1111
v  0.7289 -2.4032 -0.1259
v  0.7289 -2.4016 -0.1181
v  0.7289 -2.7362 -0.1378
v  0.7289 -2.4283 -0.1378
v  0.7289 -2.4075 -0.1322
v  0.7289 -2.4139 -0.1364
v  0.7289 -2.4213 -0.1378
v  0.8954 -3.0709 0.1181
v  0.8954 -3.0649 0.1322
v  0.8954 -3.0692 0.1259
v  0.8954 -3.0588 0.1363
v  0.8954 -3.0709 0.1111
v  0.8954 -2.7362 0.1378
v  0.8954 -3.0442 -0.1378
v  0.8954 -3.0512 -0.1378
v  0.8954 -2.4016 -0.0000
v  0.8954 -2.4283 0.1378
v  0.8954 -2.4213 0.1378
v  0.8954 -2.4016 -0.1111
v  0.8954 -2.4032 -0.1259
v  0.8954 -2.4016 -0.1181
v  0.8954 -2.7362 -0.1378
v  0.8954 -2.4075 -0.1322
v  0.8954 -2.4139 -0.1364
v  0.8954 -3.0512 0.1378
v  0.8954 -3.0709 -0.0000
v  0.8954 -3.0442 0.1378
v  0.8954 -3.0709 -0.1111
v  0.8954 -3.0709 -0.1181
v  0.8954 -3.0692 -0.1259
v  0.8954 -3.0585 -0.1364
v  0.8954 -3.0649 -0.1322
v  0.8954 -2.4016 0.1111
v  0.8954 -2.4016 0.1181
v  0.8954 -2.4032 0.1259
v  0.8954 -2.4137 0.1363
v  0.8954 -2.4075 0.1322
v  0.8954 -2.4283 -0.1378
v  0.8954 -2.4213 -0.1378
# 2648 vertices

o 25067IN
g 25067IN
s 1
f 23 110 112 24 
f 114 116 25 26 
f 112 114 26 24 
f 116 118 27 25 
f 8 172 6 
f 2 172 8 
f 7 113 111 11 
f 4 5 9 10 
f 10 7 11 
f 6 4 10 8 
f 115 113 7 9 
f 9 7 10 
f 111 109 3 11 
f 11 3 1 10 
f 10 1 2 8 
f 9 5 117 115 
f 28 30 150 152 
f 174 6 172 173 
f 176 5 4 175 
f 175 4 6 174 
f 177 117 5 176 
f 156 36 37 154 
f 150 30 36 156 
f 154 37 38 159 
f 18 13 164 
f 14 18 164 
f 19 20 149 155 
f 17 22 21 16 
f 22 20 19 
f 13 18 22 17 
f 21 19 155 153 
f 21 22 19 
f 20 12 151 149 
f 20 22 15 12 
f 22 18 14 15 
f 21 153 157 16 
f 23 24 122 124 
f 28 187 189 30 
f 180 181 182 31 
f 191 193 37 36 
f 189 191 36 30 
f 193 195 38 37 
f 39 180 31 
f 33 180 39 
f 40 190 188 41 
f 34 35 43 42 
f 42 40 41 
f 31 34 42 39 
f 192 190 40 43 
f 43 40 42 
f 188 186 29 41 
f 41 29 32 42 
f 42 32 33 39 
f 43 35 194 192 
f 184 35 34 183 
f 183 34 31 182 
f 185 194 35 184 
f 128 26 25 126 
f 122 24 26 128 
f 126 25 27 130 
f 125 129 59 75 
f 127 125 75 76 
f 121 127 76 77 
f 123 121 77 78 
f 92 198 199 131 
f 44 64 70 45 
f 45 70 71 46 
f 46 71 72 47 
f 47 72 73 48 
f 95 96 333 334 
f 49 69 65 55 
f 55 65 66 56 
f 56 66 67 57 
f 57 67 68 58 
f 93 94 200 201 
f 54 74 60 50 
f 50 60 61 51 
f 51 61 62 52 
f 52 62 63 53 
f 97 98 359 202 
f 59 49 55 75 
f 75 55 56 76 
f 76 56 57 77 
f 77 57 58 78 
f 92 93 201 198 
f 64 54 50 70 
f 70 50 51 71 
f 71 51 52 72 
f 72 52 53 73 
f 96 97 202 333 
f 69 44 45 65 
f 65 45 46 66 
f 66 46 47 67 
f 67 47 48 68 
f 94 95 334 200 
f 74 143 141 60 
f 60 141 139 61 
f 61 139 137 62 
f 62 137 135 63 
f 98 145 366 359 
f 27 118 80 79 
f 117 177 80 118 
f 158 159 38 81 
f 38 195 82 81 
f 74 83 147 143 
f 74 54 84 83 
f 54 64 85 84 
f 64 44 86 85 
f 44 69 87 86 
f 69 49 88 87 
f 49 59 89 88 
f 59 129 133 89 
f 130 27 79 134 
f 79 80 90 
f 80 158 81 90 
f 82 148 90 81 
f 83 90 147 
f 83 84 90 
f 84 85 90 
f 85 86 90 
f 86 87 90 
f 87 88 90 
f 88 89 90 
f 89 133 90 
f 134 79 90 
f 120 91 207 386 
f 106 107 208 389 
f 107 108 203 208 
f 106 389 209 170 
f 102 161 394 210 
f 104 105 211 397 
f 103 104 397 399 
f 105 162 212 211 
f 91 132 213 207 
f 197 102 210 214 
f 99 100 215 216 
f 100 101 406 215 
f 99 216 407 178 
f 110 23 91 120 
f 23 124 132 91 
f 78 92 131 123 
f 78 58 93 92 
f 58 68 94 93 
f 68 48 95 94 
f 48 73 96 95 
f 73 53 97 96 
f 53 63 98 97 
f 63 135 145 98 
f 136 181 179 146 
f 33 99 178 180 
f 33 32 100 99 
f 32 29 101 100 
f 29 186 196 101 
f 187 28 102 197 
f 28 152 161 102 
f 12 103 160 151 
f 12 15 104 103 
f 15 14 105 104 
f 14 164 162 105 
f 165 173 171 163 
f 2 106 170 172 
f 2 1 107 106 
f 1 3 108 107 
f 3 109 119 108 
f 112 110 109 111 
f 116 114 113 115 
f 114 112 111 113 
f 118 116 115 117 
f 120 386 204 119 
f 110 120 119 109 
f 124 122 121 123 
f 128 126 125 127 
f 122 128 127 121 
f 126 130 129 125 
f 130 134 133 129 
f 134 90 133 
f 132 124 123 131 
f 138 136 135 137 
f 142 140 139 141 
f 140 138 137 139 
f 144 142 141 143 
f 148 144 143 147 
f 90 148 147 
f 146 422 366 145 
f 136 146 145 135 
f 158 169 157 159 
f 152 150 149 151 
f 156 154 153 155 
f 150 156 155 149 
f 154 159 157 153 
f 161 152 151 160 
f 163 424 212 162 
f 165 163 162 164 
f 165 164 13 166 
f 166 13 17 167 
f 167 17 16 168 
f 168 16 157 169 
f 171 173 172 170 
f 173 165 166 174 
f 174 166 167 175 
f 175 167 168 176 
f 176 168 169 177 
f 177 169 158 80 
f 179 181 180 178 
f 181 136 138 182 
f 182 138 140 183 
f 183 140 142 184 
f 184 142 144 185 
f 185 144 148 82 
f 189 187 186 188 
f 193 191 190 192 
f 191 189 188 190 
f 195 193 192 194 
f 197 214 217 196 
f 187 197 196 186 
f 195 194 185 82 
f 203 108 119 204 
f 424 163 171 205 
f 428 160 103 399 
f 422 146 179 206 
f 406 101 196 217 
f 213 132 131 199 
f 394 161 160 428 
f 205 171 170 209 
f 206 179 178 407 
f 218 221 220 219 
f 222 225 224 223 
f 220 221 225 222 
f 223 224 227 226 
f 228 230 229 
f 231 228 229 
f 232 235 234 233 
f 236 239 238 237 
f 239 235 232 
f 230 228 239 236 
f 240 238 232 233 
f 238 239 232 
f 234 235 242 241 
f 235 239 243 242 
f 239 228 231 243 
f 238 240 244 237 
f 245 248 247 246 
f 249 250 229 230 
f 251 252 236 237 
f 252 249 230 236 
f 253 251 237 244 
f 254 257 256 255 
f 247 254 255 246 
f 257 259 258 256 
f 260 262 261 
f 263 262 260 
f 264 267 266 265 
f 268 271 270 269 
f 269 264 265 
f 261 268 269 260 
f 270 272 267 264 
f 270 264 269 
f 265 266 274 273 
f 265 273 275 269 
f 269 275 263 260 
f 270 271 276 272 
f 218 278 277 221 
f 245 246 280 279 
f 281 284 283 282 
f 285 255 256 286 
f 280 246 255 285 
f 286 256 258 287 
f 288 284 281 
f 289 288 281 
f 290 293 292 291 
f 294 297 296 295 
f 297 293 290 
f 284 288 297 294 
f 298 296 290 291 
f 296 297 290 
f 292 293 300 299 
f 293 297 301 300 
f 297 288 289 301 
f 296 298 302 295 
f 303 304 294 295 
f 304 283 284 294 
f 305 303 295 302 
f 306 307 224 225 
f 277 306 225 221 
f 307 308 227 224 
f 309 312 311 310 
f 313 314 312 309 
f 315 316 314 313 
f 317 318 316 315 
f 319 320 199 198 
f 321 324 323 322 
f 324 326 325 323 
f 326 328 327 325 
f 328 330 329 327 
f 331 334 333 332 
f 335 338 337 336 
f 338 340 339 337 
f 340 342 341 339 
f 342 344 343 341 
f 345 201 200 346 
f 347 350 349 348 
f 350 352 351 349 
f 352 354 353 351 
f 354 356 355 353 
f 357 202 359 358 
f 311 312 338 335 
f 312 314 340 338 
f 314 316 342 340 
f 316 318 344 342 
f 319 198 201 345 
f 322 323 350 347 
f 323 325 352 350 
f 325 327 354 352 
f 327 329 356 354 
f 332 333 202 357 
f 336 337 324 321 
f 337 339 326 324 
f 339 341 328 326 
f 341 343 330 328 
f 346 200 334 331 
f 348 349 361 360 
f 349 351 362 361 
f 351 353 363 362 
f 353 355 364 363 
f 358 359 366 365 
f 227 368 367 226 
f 244 226 367 253 
f 369 370 258 259 
f 258 370 371 287 
f 348 360 373 372 
f 348 372 374 347 
f 347 374 375 322 
f 322 375 376 321 
f 321 376 377 336 
f 336 377 378 335 
f 335 378 379 311 
f 311 379 380 310 
f 308 381 368 227 
f 368 382 367 
f 367 382 370 369 
f 371 370 382 383 
f 372 373 382 
f 372 382 374 
f 374 382 375 
f 375 382 376 
f 376 382 377 
f 377 382 378 
f 378 382 379 
f 379 382 380 
f 381 382 368 
f 384 386 207 385 
f 387 389 208 388 
f 388 208 203 390 
f 387 391 209 389 
f 392 210 394 393 
f 395 397 211 396 
f 398 399 397 395 
f 396 211 212 400 
f 385 207 213 401 
f 402 214 210 392 
f 403 216 215 404 
f 404 215 406 405 
f 403 408 407 216 
f 219 384 385 218 
f 218 385 401 278 
f 318 317 320 319 
f 318 319 345 344 
f 344 345 346 343 
f 343 346 331 330 
f 330 331 332 329 
f 329 332 357 356 
f 356 357 358 355 
f 355 358 365 364 
f 409 411 410 282 
f 289 281 408 403 
f 289 403 404 301 
f 301 404 405 300 
f 300 405 412 299 
f 279 402 392 245 
f 245 392 393 248 
f 273 274 413 398 
f 273 398 395 275 
f 275 395 396 263 
f 263 396 400 262 
f 414 416 415 250 
f 231 229 391 387 
f 231 387 388 243 
f 243 388 390 242 
f 242 390 417 241 
f 220 234 241 219 
f 223 240 233 222 
f 222 233 234 220 
f 226 244 240 223 
f 384 417 204 386 
f 219 241 417 384 
f 278 317 315 277 
f 306 313 309 307 
f 277 315 313 306 
f 307 309 310 308 
f 308 310 380 381 
f 381 380 382 
f 401 320 317 278 
f 418 363 364 409 
f 419 361 362 420 
f 420 362 363 418 
f 421 360 361 419 
f 383 373 360 421 
f 382 373 383 
f 411 365 366 422 
f 409 364 365 411 
f 369 259 276 423 
f 248 274 266 247 
f 254 267 272 257 
f 247 266 267 254 
f 257 272 276 259 
f 393 413 274 248 
f 416 400 212 424 
f 414 262 400 416 
f 414 425 261 262 
f 425 426 268 261 
f 426 427 271 268 
f 427 423 276 271 
f 415 391 229 250 
f 250 249 425 414 
f 249 252 426 425 
f 252 251 427 426 
f 251 253 423 427 
f 253 367 369 423 
f 410 408 281 282 
f 282 283 418 409 
f 283 304 420 418 
f 304 303 419 420 
f 303 305 421 419 
f 305 371 383 421 
f 280 292 299 279 
f 286 298 291 285 
f 285 291 292 280 
f 287 302 298 286 
f 402 412 217 214 
f 279 299 412 402 
f 287 371 305 302 
f 203 204 417 390 
f 424 205 415 416 
f 428 399 398 413 
f 422 206 410 411 
f 406 217 412 405 
f 213 199 320 401 
f 394 428 413 393 
f 205 209 391 415 
f 206 407 408 410 
f 458 453 2591 2592 
f 452 2587 2589 457 
f 459 2593 2594 471 
f 450 461 464 483 
f 430 466 469 437 
f 539 433 2620 2618 
f 528 539 2618 2619 
f 433 542 2634 2620 
f 472 448 470 468 
f 447 472 468 469 
f 448 449 467 470 
f 438 441 465 463 
f 439 438 463 464 
f 441 440 462 465 
f 443 430 437 
f 432 430 443 
f 442 438 439 446 
f 435 436 444 445 
f 445 442 446 
f 437 435 445 443 
f 441 438 442 444 
f 444 442 445 
f 439 429 434 446 
f 446 434 431 445 
f 445 431 432 443 
f 444 436 440 441 
f 515 462 451 517 
f 517 451 473 518 
f 459 466 430 454 
f 430 432 455 454 
f 432 431 456 455 
f 431 434 457 456 
f 434 429 452 457 
f 527 2617 2621 525 
f 452 429 461 458 
f 454 2586 2593 459 
f 461 429 439 464 
f 465 521 522 463 
f 463 522 483 464 
f 462 515 521 465 
f 466 474 447 469 
f 470 436 435 468 
f 468 435 437 469 
f 467 440 436 470 
f 459 471 474 466 
f 467 449 473 451 
f 462 440 467 451 
f 461 450 453 458 
f 520 2595 2591 453 
f 476 478 2597 2596 
f 479 674 2612 2598 
f 450 483 482 481 
f 484 487 486 485 
f 488 2641 2640 590 
f 580 2639 2641 488 
f 590 2640 2624 592 
f 492 494 493 691 
f 692 486 494 492 
f 691 493 496 495 
f 497 500 499 498 
f 501 482 500 497 
f 498 499 503 502 
f 504 487 484 
f 505 504 484 
f 506 507 501 497 
f 508 511 510 509 
f 511 507 506 
f 487 504 511 508 
f 498 510 506 497 
f 510 511 506 
f 501 507 513 512 
f 507 511 514 513 
f 511 504 505 514 
f 510 498 502 509 
f 515 517 516 503 
f 517 518 519 516 
f 479 491 484 485 
f 484 491 489 505 
f 505 489 490 514 
f 514 490 478 513 
f 513 478 476 512 
f 477 475 2637 2638 
f 476 520 481 512 
f 491 479 2598 2601 
f 481 482 501 512 
f 499 500 522 521 
f 500 482 483 522 
f 503 499 521 515 
f 485 486 692 713 
f 493 494 508 509 
f 494 486 487 508 
f 496 493 509 502 
f 479 485 713 674 
f 496 516 519 495 
f 503 516 496 502 
f 481 520 453 450 
f 573 525 524 523 
f 526 529 528 527 
f 530 719 626 460 
f 531 534 533 532 
f 535 538 537 536 
f 539 541 540 433 
f 528 529 541 539 
f 433 540 543 542 
f 544 547 546 545 
f 548 537 547 544 
f 545 546 550 549 
f 551 554 553 552 
f 555 533 554 551 
f 552 553 557 556 
f 558 538 535 
f 559 558 535 
f 560 561 555 551 
f 562 565 564 563 
f 565 561 560 
f 538 558 565 562 
f 552 564 560 551 
f 564 565 560 
f 555 561 567 566 
f 561 565 568 567 
f 565 558 559 568 
f 564 552 556 563 
f 569 571 570 557 
f 571 755 572 570 
f 530 543 535 536 
f 535 543 540 559 
f 559 540 541 568 
f 568 541 529 567 
f 567 529 526 566 
f 527 525 573 526 
f 526 573 532 566 
f 543 530 460 542 
f 532 533 555 566 
f 553 554 575 574 
f 554 533 534 575 
f 557 553 574 569 
f 536 537 548 576 
f 546 547 562 563 
f 547 537 538 562 
f 550 546 563 556 
f 530 536 576 719 
f 550 570 572 549 
f 557 570 550 556 
f 532 573 523 531 
f 577 523 524 475 
f 578 477 580 579 
f 581 480 675 762 
f 531 583 582 534 
f 584 587 586 585 
f 488 590 589 588 
f 580 488 588 579 
f 590 592 591 589 
f 772 773 594 593 
f 776 772 593 586 
f 773 777 595 594 
f 596 599 598 597 
f 600 596 597 582 
f 599 602 601 598 
f 603 584 585 
f 604 584 603 
f 605 596 600 606 
f 607 610 609 608 
f 608 605 606 
f 585 607 608 603 
f 599 596 605 609 
f 609 605 608 
f 600 612 611 606 
f 606 611 613 608 
f 608 613 604 603 
f 609 610 602 599 
f 569 601 614 571 
f 571 614 798 755 
f 581 587 584 591 
f 584 604 589 591 
f 604 613 588 589 
f 613 611 579 588 
f 611 612 578 579 
f 477 578 577 475 
f 578 612 583 577 
f 591 592 480 581 
f 583 612 600 582 
f 598 574 575 597 
f 597 575 534 582 
f 601 569 574 598 
f 587 615 776 586 
f 594 610 607 593 
f 593 607 585 586 
f 595 602 610 594 
f 581 762 615 587 
f 595 777 798 614 
f 601 602 595 614 
f 583 531 523 577 
f 620 623 2604 2603 
f 624 471 2594 2605 
f 627 630 629 628 
f 631 634 633 632 
f 635 2646 2645 636 
f 622 2644 2646 635 
f 636 2645 2627 639 
f 472 642 641 448 
f 447 633 642 472 
f 448 641 643 449 
f 644 647 646 645 
f 648 629 647 644 
f 645 646 650 649 
f 651 634 631 
f 652 651 631 
f 653 654 648 644 
f 655 658 657 656 
f 658 654 653 
f 634 651 658 655 
f 645 657 653 644 
f 657 658 653 
f 648 654 660 659 
f 654 658 661 660 
f 658 651 652 661 
f 657 645 649 656 
f 662 664 663 650 
f 664 518 473 663 
f 624 640 631 632 
f 631 640 637 652 
f 652 637 638 661 
f 661 638 623 660 
f 660 623 620 659 
f 621 619 2642 2643 
f 620 616 628 659 
f 640 624 2605 2608 
f 628 629 648 659 
f 646 647 666 665 
f 647 629 630 666 
f 650 646 665 662 
f 632 633 447 474 
f 641 642 655 656 
f 642 633 634 655 
f 643 641 656 649 
f 624 632 474 471 
f 643 663 473 449 
f 650 663 643 649 
f 628 616 617 627 
f 669 2611 2610 670 
f 673 2613 2612 674 
f 627 678 677 630 
f 679 682 681 680 
f 683 686 2633 2632 
f 671 683 2632 2629 
f 686 688 2648 2633 
f 492 691 690 689 
f 692 492 689 681 
f 691 495 693 690 
f 694 697 696 695 
f 698 694 695 677 
f 697 700 699 696 
f 701 679 680 
f 702 679 701 
f 703 694 698 704 
f 705 708 707 706 
f 706 703 704 
f 680 705 706 701 
f 697 694 703 707 
f 707 703 706 
f 698 710 709 704 
f 704 709 711 706 
f 706 711 702 701 
f 707 708 700 697 
f 662 699 712 664 
f 664 712 519 518 
f 673 682 679 687 
f 679 702 685 687 
f 702 711 684 685 
f 711 709 670 684 
f 709 710 669 670 
f 672 2630 2628 668 
f 669 710 678 667 
f 687 2616 2613 673 
f 678 710 698 677 
f 696 665 666 695 
f 695 666 630 677 
f 699 662 665 696 
f 682 713 692 681 
f 690 708 705 689 
f 689 705 680 681 
f 693 700 708 690 
f 673 674 713 682 
f 693 495 519 712 
f 699 700 693 712 
f 678 627 617 667 
f 714 715 618 619 
f 716 621 622 717 
f 718 625 626 719 
f 720 723 722 721 
f 724 727 726 725 
f 635 636 729 728 
f 622 635 728 717 
f 636 639 730 729 
f 544 545 732 731 
f 548 544 731 726 
f 545 549 733 732 
f 734 737 736 735 
f 738 734 735 722 
f 737 740 739 736 
f 741 724 725 
f 742 724 741 
f 743 734 738 744 
f 745 748 747 746 
f 746 743 744 
f 725 745 746 741 
f 737 734 743 747 
f 747 743 746 
f 738 750 749 744 
f 744 749 751 746 
f 746 751 742 741 
f 747 748 740 737 
f 752 739 754 753 
f 753 754 572 755 
f 718 727 724 730 
f 724 742 729 730 
f 742 751 728 729 
f 751 749 717 728 
f 749 750 716 717 
f 621 716 714 619 
f 716 750 723 714 
f 730 639 625 718 
f 723 750 738 722 
f 736 757 756 735 
f 735 756 721 722 
f 739 752 757 736 
f 727 576 548 726 
f 732 748 745 731 
f 731 745 725 726 
f 733 740 748 732 
f 718 719 576 727 
f 733 549 572 754 
f 739 740 733 754 
f 723 720 715 714 
f 758 668 618 715 
f 759 760 671 672 
f 761 762 675 676 
f 720 721 764 763 
f 765 768 767 766 
f 683 770 769 686 
f 671 760 770 683 
f 686 769 771 688 
f 772 775 774 773 
f 776 767 775 772 
f 773 774 778 777 
f 779 782 781 780 
f 783 764 782 779 
f 780 781 785 784 
f 786 768 765 
f 787 786 765 
f 788 789 783 779 
f 790 793 792 791 
f 793 789 788 
f 768 786 793 790 
f 780 792 788 779 
f 792 793 788 
f 783 789 795 794 
f 789 793 796 795 
f 793 786 787 796 
f 792 780 784 791 
f 752 753 797 785 
f 753 755 798 797 
f 761 771 765 766 
f 765 771 769 787 
f 787 769 770 796 
f 796 770 760 795 
f 795 760 759 794 
f 672 668 758 759 
f 759 758 763 794 
f 771 761 676 688 
f 763 764 783 794 
f 781 782 756 757 
f 782 764 721 756 
f 785 781 757 752 
f 766 767 776 615 
f 774 775 790 791 
f 775 767 768 790 
f 778 774 791 784 
f 761 766 615 762 
f 778 797 798 777 
f 785 797 778 784 
f 763 758 715 720 
f 859 923 933 870 
f 912 1044 1104 934 
f 800 801 873 875 
f 879 803 802 877 
f 873 801 803 879 
f 877 802 804 881 
f 805 806 913 
f 807 805 913 
f 808 809 872 878 
f 810 813 812 811 
f 813 809 808 
f 806 805 813 810 
f 812 808 878 876 
f 812 813 808 
f 809 799 874 872 
f 809 813 814 799 
f 813 805 807 814 
f 812 876 880 811 
f 800 885 887 801 
f 903 905 1052 1054 
f 905 899 1048 1052 
f 907 903 1054 1056 
f 889 891 802 803 
f 887 889 803 801 
f 891 893 804 802 
f 816 815 892 890 
f 817 816 890 888 
f 818 817 888 886 
f 819 818 886 884 
f 820 823 822 821 
f 823 825 824 822 
f 825 827 826 824 
f 827 829 828 826 
f 830 833 832 831 
f 833 835 834 832 
f 835 837 836 834 
f 837 839 838 836 
f 840 843 842 841 
f 843 845 844 842 
f 845 847 846 844 
f 847 849 848 846 
f 815 816 833 830 
f 816 817 835 833 
f 817 818 837 835 
f 818 819 839 837 
f 821 822 843 840 
f 822 824 845 843 
f 824 826 847 845 
f 826 828 849 847 
f 831 832 823 820 
f 832 834 825 823 
f 834 836 827 825 
f 836 838 829 827 
f 841 842 902 906 
f 842 844 904 902 
f 844 846 898 904 
f 846 848 900 898 
f 804 851 850 881 
f 906 908 852 841 
f 841 852 853 840 
f 840 853 854 821 
f 821 854 855 820 
f 820 855 856 831 
f 831 856 857 830 
f 830 857 858 815 
f 815 858 894 892 
f 893 895 851 804 
f 851 910 850 
f 850 910 1060 1062 
f 908 910 852 
f 852 910 853 
f 853 910 854 
f 854 910 855 
f 855 910 856 
f 856 910 857 
f 857 910 858 
f 858 910 894 
f 895 910 851 
f 799 859 870 874 
f 799 814 860 859 
f 814 807 861 860 
f 807 913 911 861 
f 914 1064 1044 912 
f 848 862 896 900 
f 848 849 863 862 
f 849 828 864 863 
f 828 829 865 864 
f 829 838 866 865 
f 838 839 867 866 
f 839 819 868 867 
f 819 884 882 868 
f 885 800 869 883 
f 800 875 871 869 
f 875 873 872 874 
f 879 877 876 878 
f 873 879 878 872 
f 877 881 880 876 
f 871 875 874 870 
f 850 918 880 881 
f 887 885 884 886 
f 883 937 919 882 
f 891 889 888 890 
f 889 887 886 888 
f 893 891 890 892 
f 895 893 892 894 
f 895 894 910 
f 885 883 882 884 
f 901 899 898 900 
f 905 903 902 904 
f 899 905 904 898 
f 903 907 906 902 
f 907 909 908 906 
f 909 910 908 
f 897 901 900 896 
f 992 993 1069 1071 
f 912 934 927 911 
f 914 912 911 913 
f 914 913 806 915 
f 915 806 810 916 
f 916 810 811 917 
f 917 811 880 918 
f 1046 897 924 1103 
f 1048 899 901 1050 
f 1058 909 907 1056 
f 1060 910 909 1058 
f 1050 901 897 1046 
f 1064 914 915 1066 
f 1066 915 916 1068 
f 1068 916 917 1070 
f 1070 917 918 1072 
f 1072 918 850 1062 
f 923 1110 1106 933 
f 1104 1275 1111 934 
f 1100 1112 1277 1082 
f 1103 1279 1113 1102 
f 1092 1114 1282 1098 
f 937 1105 1284 919 
f 1074 1115 1112 1100 
f 934 1111 1116 927 
f 1102 1113 1286 1094 
f 928 868 882 919 
f 929 864 865 920 
f 930 866 867 921 
f 931 862 863 922 
f 921 867 868 928 
f 922 863 864 929 
f 920 865 866 930 
f 932 896 862 931 
f 935 869 871 925 
f 936 860 861 926 
f 923 859 860 936 
f 926 861 911 927 
f 937 883 869 935 
f 925 871 870 933 
f 924 897 896 932 
f 1096 1117 1275 1104 
f 924 1118 1279 1103 
f 1057 1055 984 983 
f 1055 1053 985 984 
f 1053 1051 986 985 
f 1051 1047 987 986 
f 1047 1049 988 987 
f 1049 1045 989 988 
f 1045 1103 989 
f 1059 1057 983 990 
f 1061 1059 990 991 
f 1071 1061 991 992 
f 1081 1079 1029 1028 
f 1079 1077 1030 1029 
f 1077 1083 1031 1030 
f 1083 1095 1032 1031 
f 1095 1104 1032 
f 947 1022 1023 948 
f 939 1014 1013 938 
f 940 1015 1014 939 
f 941 1016 1015 940 
f 942 1017 1016 941 
f 943 1018 1017 942 
f 944 1019 1018 943 
f 938 1013 1020 945 
f 945 1020 1021 946 
f 946 1021 1022 947 
f 949 999 998 948 
f 950 1000 999 949 
f 951 1001 1000 950 
f 952 1002 1001 951 
f 954 1024 1023 953 
f 955 1025 1024 954 
f 956 1026 1025 955 
f 957 1027 1026 956 
f 967 1042 1028 953 
f 959 1034 1033 958 
f 960 1035 1034 959 
f 961 1036 1035 960 
f 962 1037 1036 961 
f 963 1038 1037 962 
f 964 1039 1038 963 
f 958 1033 1040 965 
f 965 1040 1041 966 
f 966 1041 1042 967 
f 977 1012 998 978 
f 969 1004 1003 968 
f 970 1005 1004 969 
f 971 1006 1005 970 
f 972 1007 1006 971 
f 973 1008 1007 972 
f 974 1009 1008 973 
f 968 1003 1010 975 
f 975 1010 1011 976 
f 976 1011 1012 977 
f 979 994 993 978 
f 980 995 994 979 
f 981 996 995 980 
f 982 997 996 981 
f 992 977 978 993 
f 984 969 968 983 
f 985 970 969 984 
f 986 971 970 985 
f 987 972 971 986 
f 988 973 972 987 
f 989 974 973 988 
f 983 968 975 990 
f 990 975 976 991 
f 991 976 977 992 
f 994 1067 1069 993 
f 995 1065 1067 994 
f 996 1063 1065 995 
f 997 1043 1063 996 
f 999 979 978 998 
f 1000 980 979 999 
f 1001 981 980 1000 
f 1002 982 981 1001 
f 1012 947 948 998 
f 1004 939 938 1003 
f 1005 940 939 1004 
f 1006 941 940 1005 
f 1007 942 941 1006 
f 1008 943 942 1007 
f 1009 944 943 1008 
f 1003 938 945 1010 
f 1010 945 946 1011 
f 1011 946 947 1012 
f 1022 967 953 1023 
f 1014 959 958 1013 
f 1015 960 959 1014 
f 1016 961 960 1015 
f 1017 962 961 1016 
f 1018 963 962 1017 
f 1019 964 963 1018 
f 1013 958 965 1020 
f 1020 965 966 1021 
f 1021 966 967 1022 
f 1024 949 948 1023 
f 1025 950 949 1024 
f 1026 951 950 1025 
f 1027 952 951 1026 
f 1029 954 953 1028 
f 1030 955 954 1029 
f 1031 956 955 1030 
f 1032 957 956 1031 
f 1042 1099 1081 1028 
f 1034 1097 1085 1033 
f 1035 1091 1097 1034 
f 1036 1087 1091 1035 
f 1037 1089 1087 1036 
f 1038 1093 1089 1037 
f 1039 1101 1093 1038 
f 1033 1085 1075 1040 
f 1040 1075 1073 1041 
f 1041 1073 1099 1042 
f 1103 1101 1039 
f 1103 1039 964 
f 1103 964 1019 
f 1103 1019 944 
f 1103 944 1009 
f 1103 1009 974 
f 1103 974 989 
f 1104 957 1032 
f 1104 1027 957 
f 1104 952 1027 
f 1104 1002 952 
f 1104 982 1002 
f 1104 997 982 
f 1104 1043 997 
f 1044 1043 1104 
f 1054 1052 1051 1053 
f 1052 1048 1047 1051 
f 1056 1054 1053 1055 
f 1062 1060 1059 1061 
f 1044 1064 1063 1043 
f 1046 1103 1045 
f 1048 1050 1049 1047 
f 1058 1056 1055 1057 
f 1060 1058 1057 1059 
f 1050 1046 1045 1049 
f 1064 1066 1065 1063 
f 1066 1068 1067 1065 
f 1068 1070 1069 1067 
f 1070 1072 1071 1069 
f 1072 1062 1061 1071 
f 1076 1074 1073 1075 
f 1080 1078 1077 1079 
f 1082 1080 1079 1081 
f 1078 1084 1083 1077 
f 1086 1076 1075 1085 
f 1090 1088 1087 1089 
f 1088 1092 1091 1087 
f 1094 1090 1089 1093 
f 1084 1096 1095 1083 
f 1098 1086 1085 1097 
f 1100 1082 1081 1099 
f 1103 1102 1101 
f 1092 1098 1097 1091 
f 1074 1100 1099 1073 
f 1102 1094 1093 1101 
f 1096 1104 1095 
f 1439 928 919 1284 
f 1119 929 920 1440 
f 1441 930 921 1442 
f 1120 931 922 1121 
f 1442 921 928 1439 
f 1121 922 929 1119 
f 1440 920 930 1441 
f 1122 932 931 1120 
f 1443 935 925 1123 
f 1124 936 926 1444 
f 1110 923 936 1124 
f 1444 926 927 1116 
f 1105 937 935 1443 
f 1123 925 933 1106 
f 1118 924 932 1122 
f 1115 1074 1076 1125 
f 1445 1078 1080 1107 
f 1107 1080 1082 1277 
f 1108 1084 1078 1445 
f 1125 1076 1086 1126 
f 1109 1088 1090 1446 
f 1114 1092 1088 1109 
f 1446 1090 1094 1286 
f 1117 1096 1084 1108 
f 1126 1086 1098 1282 
f 1127 1130 1129 1128 
f 1131 1134 1133 1132 
f 1135 1138 1137 1136 
f 1139 1142 1141 1140 
f 1137 1139 1140 1136 
f 1142 1144 1143 1141 
f 1145 1147 1146 
f 1148 1147 1145 
f 1149 1152 1151 1150 
f 1153 1156 1155 1154 
f 1154 1149 1150 
f 1146 1153 1154 1145 
f 1155 1157 1152 1149 
f 1155 1149 1154 
f 1150 1151 1159 1158 
f 1150 1158 1160 1154 
f 1154 1160 1148 1145 
f 1155 1156 1161 1157 
f 1135 1136 1163 1162 
f 1164 1167 1166 1165 
f 1165 1166 1169 1168 
f 1170 1171 1167 1164 
f 1172 1140 1141 1173 
f 1163 1136 1140 1172 
f 1173 1141 1143 1174 
f 1175 1178 1177 1176 
f 1179 1180 1178 1175 
f 1181 1182 1180 1179 
f 1183 1184 1182 1181 
f 1185 1188 1187 1186 
f 1186 1187 1190 1189 
f 1189 1190 1192 1191 
f 1191 1192 1194 1193 
f 1195 1198 1197 1196 
f 1196 1197 1200 1199 
f 1199 1200 1202 1201 
f 1201 1202 1204 1203 
f 1205 1208 1207 1206 
f 1206 1207 1210 1209 
f 1209 1210 1212 1211 
f 1211 1212 1214 1213 
f 1176 1195 1196 1175 
f 1175 1196 1199 1179 
f 1179 1199 1201 1181 
f 1181 1201 1203 1183 
f 1188 1205 1206 1187 
f 1187 1206 1209 1190 
f 1190 1209 1211 1192 
f 1192 1211 1213 1194 
f 1198 1185 1186 1197 
f 1197 1186 1189 1200 
f 1200 1189 1191 1202 
f 1202 1191 1193 1204 
f 1208 1216 1215 1207 
f 1207 1215 1217 1210 
f 1210 1217 1218 1212 
f 1212 1218 1219 1214 
f 1143 1144 1221 1220 
f 1216 1208 1223 1222 
f 1208 1205 1224 1223 
f 1205 1188 1225 1224 
f 1188 1185 1226 1225 
f 1185 1198 1227 1226 
f 1198 1195 1228 1227 
f 1195 1176 1229 1228 
f 1176 1177 1230 1229 
f 1174 1143 1220 1231 
f 1220 1221 1232 
f 1221 1234 1233 1232 
f 1222 1223 1232 
f 1223 1224 1232 
f 1224 1225 1232 
f 1225 1226 1232 
f 1226 1227 1232 
f 1227 1228 1232 
f 1228 1229 1232 
f 1229 1230 1232 
f 1231 1220 1232 
f 1158 1159 1130 1127 
f 1158 1127 1235 1160 
f 1160 1235 1236 1148 
f 1148 1236 1237 1147 
f 1238 1131 1132 1239 
f 1214 1219 1241 1240 
f 1214 1240 1242 1213 
f 1213 1242 1243 1194 
f 1194 1243 1244 1193 
f 1193 1244 1245 1204 
f 1204 1245 1246 1203 
f 1203 1246 1247 1183 
f 1183 1247 1248 1184 
f 1162 1250 1249 1135 
f 1135 1249 1251 1138 
f 1138 1159 1151 1137 
f 1139 1152 1157 1142 
f 1137 1151 1152 1139 
f 1142 1157 1161 1144 
f 1251 1130 1159 1138 
f 1221 1144 1161 1252 
f 1163 1182 1184 1162 
f 1250 1248 1254 1253 
f 1173 1178 1180 1172 
f 1172 1180 1182 1163 
f 1174 1177 1178 1173 
f 1231 1230 1177 1174 
f 1231 1232 1230 
f 1162 1184 1248 1250 
f 1255 1219 1218 1168 
f 1165 1217 1215 1164 
f 1168 1218 1217 1165 
f 1164 1215 1216 1170 
f 1170 1216 1222 1256 
f 1256 1222 1232 
f 1257 1241 1219 1255 
f 1258 1261 1260 1259 
f 1131 1237 1262 1134 
f 1238 1147 1237 1131 
f 1238 1263 1146 1147 
f 1263 1264 1153 1146 
f 1264 1265 1156 1153 
f 1265 1252 1161 1156 
f 1266 1268 1267 1257 
f 1169 1269 1255 1168 
f 1270 1171 1170 1256 
f 1233 1270 1256 1232 
f 1269 1266 1257 1255 
f 1239 1271 1263 1238 
f 1271 1272 1264 1263 
f 1272 1273 1265 1264 
f 1273 1274 1252 1265 
f 1274 1234 1221 1252 
f 1128 1129 1106 1110 
f 1133 1134 1111 1275 
f 1276 1278 1277 1112 
f 1268 1280 1113 1279 
f 1281 1283 1282 1114 
f 1253 1254 1284 1105 
f 1285 1276 1112 1115 
f 1134 1262 1116 1111 
f 1280 1287 1286 1113 
f 1288 1254 1248 1247 
f 1289 1290 1244 1243 
f 1291 1292 1246 1245 
f 1293 1294 1242 1240 
f 1292 1288 1247 1246 
f 1294 1289 1243 1242 
f 1290 1291 1245 1244 
f 1295 1293 1240 1241 
f 1296 1297 1251 1249 
f 1298 1299 1236 1235 
f 1128 1298 1235 1127 
f 1299 1262 1237 1236 
f 1253 1296 1249 1250 
f 1297 1129 1130 1251 
f 1267 1295 1241 1257 
f 1300 1133 1275 1117 
f 1267 1268 1279 1118 
f 1301 1304 1303 1302 
f 1302 1303 1306 1305 
f 1305 1306 1308 1307 
f 1307 1308 1310 1309 
f 1309 1310 1312 1311 
f 1311 1312 1314 1313 
f 1313 1314 1268 
f 1315 1316 1304 1301 
f 1317 1318 1316 1315 
f 1261 1258 1318 1317 
f 1319 1322 1321 1320 
f 1320 1321 1324 1323 
f 1323 1324 1326 1325 
f 1325 1326 1328 1327 
f 1327 1328 1133 
f 1329 1332 1331 1330 
f 1333 1336 1335 1334 
f 1337 1333 1334 1338 
f 1339 1337 1338 1340 
f 1341 1339 1340 1342 
f 1343 1341 1342 1344 
f 1345 1343 1344 1346 
f 1336 1348 1347 1335 
f 1348 1350 1349 1347 
f 1350 1329 1330 1349 
f 1351 1332 1353 1352 
f 1354 1351 1352 1355 
f 1356 1354 1355 1357 
f 1358 1356 1357 1359 
f 1360 1362 1331 1361 
f 1363 1360 1361 1364 
f 1365 1363 1364 1366 
f 1367 1365 1366 1368 
f 1369 1362 1322 1370 
f 1371 1374 1373 1372 
f 1375 1371 1372 1376 
f 1377 1375 1376 1378 
f 1379 1377 1378 1380 
f 1381 1379 1380 1382 
f 1383 1381 1382 1384 
f 1374 1386 1385 1373 
f 1386 1388 1387 1385 
f 1388 1369 1370 1387 
f 1389 1391 1353 1390 
f 1392 1395 1394 1393 
f 1396 1392 1393 1397 
f 1398 1396 1397 1399 
f 1400 1398 1399 1401 
f 1402 1400 1401 1403 
f 1404 1402 1403 1405 
f 1395 1407 1406 1394 
f 1407 1409 1408 1406 
f 1409 1389 1390 1408 
f 1410 1391 1259 1411 
f 1412 1410 1411 1413 
f 1414 1412 1413 1415 
f 1416 1414 1415 1417 
f 1258 1259 1391 1389 
f 1303 1304 1395 1392 
f 1306 1303 1392 1396 
f 1308 1306 1396 1398 
f 1310 1308 1398 1400 
f 1312 1310 1400 1402 
f 1314 1312 1402 1404 
f 1304 1316 1407 1395 
f 1316 1318 1409 1407 
f 1318 1258 1389 1409 
f 1411 1259 1260 1418 
f 1413 1411 1418 1419 
f 1415 1413 1419 1420 
f 1417 1415 1420 1421 
f 1352 1353 1391 1410 
f 1355 1352 1410 1412 
f 1357 1355 1412 1414 
f 1359 1357 1414 1416 
f 1390 1353 1332 1329 
f 1393 1394 1336 1333 
f 1397 1393 1333 1337 
f 1399 1397 1337 1339 
f 1401 1399 1339 1341 
f 1403 1401 1341 1343 
f 1405 1403 1343 1345 
f 1394 1406 1348 1336 
f 1406 1408 1350 1348 
f 1408 1390 1329 1350 
f 1330 1331 1362 1369 
f 1334 1335 1374 1371 
f 1338 1334 1371 1375 
f 1340 1338 1375 1377 
f 1342 1340 1377 1379 
f 1344 1342 1379 1381 
f 1346 1344 1381 1383 
f 1335 1347 1386 1374 
f 1347 1349 1388 1386 
f 1349 1330 1369 1388 
f 1361 1331 1332 1351 
f 1364 1361 1351 1354 
f 1366 1364 1354 1356 
f 1368 1366 1356 1358 
f 1321 1322 1362 1360 
f 1324 1321 1360 1363 
f 1326 1324 1363 1365 
f 1328 1326 1365 1367 
f 1370 1322 1319 1422 
f 1372 1373 1424 1423 
f 1376 1372 1423 1425 
f 1378 1376 1425 1426 
f 1380 1378 1426 1427 
f 1382 1380 1427 1428 
f 1384 1382 1428 1429 
f 1373 1385 1430 1424 
f 1385 1387 1431 1430 
f 1387 1370 1422 1431 
f 1268 1384 1429 
f 1268 1383 1384 
f 1268 1346 1383 
f 1268 1345 1346 
f 1268 1405 1345 
f 1268 1404 1405 
f 1268 1314 1404 
f 1133 1328 1367 
f 1133 1367 1368 
f 1133 1368 1358 
f 1133 1358 1359 
f 1133 1359 1416 
f 1133 1416 1417 
f 1133 1417 1421 
f 1132 1133 1421 
f 1167 1305 1307 1166 
f 1166 1307 1309 1169 
f 1171 1302 1305 1167 
f 1234 1317 1315 1233 
f 1132 1421 1420 1239 
f 1266 1313 1268 
f 1169 1309 1311 1269 
f 1270 1301 1302 1171 
f 1233 1315 1301 1270 
f 1269 1311 1313 1266 
f 1239 1420 1419 1271 
f 1271 1419 1418 1272 
f 1272 1418 1260 1273 
f 1273 1260 1261 1274 
f 1274 1261 1317 1234 
f 1432 1430 1431 1285 
f 1433 1320 1323 1434 
f 1278 1319 1320 1433 
f 1434 1323 1325 1435 
f 1436 1424 1430 1432 
f 1437 1427 1426 1438 
f 1438 1426 1425 1281 
f 1287 1428 1427 1437 
f 1435 1325 1327 1300 
f 1283 1423 1424 1436 
f 1276 1422 1319 1278 
f 1268 1429 1280 
f 1281 1425 1423 1283 
f 1285 1431 1422 1276 
f 1280 1429 1428 1287 
f 1300 1327 1133 
f 1439 1284 1254 1288 
f 1119 1440 1290 1289 
f 1441 1442 1292 1291 
f 1120 1121 1294 1293 
f 1442 1439 1288 1292 
f 1121 1119 1289 1294 
f 1440 1441 1291 1290 
f 1122 1120 1293 1295 
f 1443 1123 1297 1296 
f 1124 1444 1299 1298 
f 1110 1124 1298 1128 
f 1444 1116 1262 1299 
f 1105 1443 1296 1253 
f 1123 1106 1129 1297 
f 1118 1122 1295 1267 
f 1115 1125 1432 1285 
f 1445 1107 1433 1434 
f 1107 1277 1278 1433 
f 1108 1445 1434 1435 
f 1125 1126 1436 1432 
f 1109 1446 1437 1438 
f 1114 1109 1438 1281 
f 1446 1286 1287 1437 
f 1117 1108 1435 1300 
f 1126 1282 1283 1436 
s 2
f 1503 1484 1467 1468 
f 1469 1470 1501 1502 
f 1700 2602 1468 1467 
f 2609 1714 1470 1469 
f 1714 1713 1471 1470 
f 1713 1712 1472 1471 
f 1712 1711 1473 1472 
f 1711 1710 1474 1473 
f 1710 1709 1475 1474 
f 1709 1708 1476 1475 
f 1708 1707 1477 1476 
f 1707 1706 1478 1477 
f 1706 1705 1479 1478 
f 1705 1704 1480 1479 
f 1704 1703 1481 1480 
f 1703 1702 1482 1481 
f 1702 1701 1483 1482 
f 1701 1700 1467 1483 
f 1447 1448 1485 1484 
f 1448 1449 1486 1485 
f 1449 1450 1487 1486 
f 1450 1451 1488 1487 
f 1451 1452 1489 1488 
f 1452 1453 1490 1489 
f 1453 1454 1491 1490 
f 1454 1455 1492 1491 
f 1455 1456 1493 1492 
f 1456 1457 1494 1493 
f 1457 1458 1495 1494 
f 1458 1459 1496 1495 
f 1459 1460 1497 1496 
f 1460 1461 1498 1497 
f 1461 1462 1499 1498 
f 1462 1463 1500 1499 
f 1463 1464 1501 1500 
f 1464 1466 1502 1501 
f 1465 1447 1484 1503 
f 1481 1482 1487 1488 
f 1482 1483 1486 1487 
f 1480 1481 1488 1489 
f 1480 1489 1490 
f 1480 1490 1491 
f 1483 1485 1486 
f 1483 1467 1484 1485 
f 1479 1480 1491 1492 
f 1478 1479 1492 
f 1477 1478 1492 1493 
f 1476 1477 1493 
f 1475 1476 1493 
f 1474 1475 1493 1494 
f 1473 1474 1494 1495 
f 1473 1495 1496 
f 1472 1473 1496 1497 
f 1472 1497 1498 
f 1471 1472 1498 1499 
f 1471 1499 1500 
f 1470 1471 1500 1501 
s 1
f 1542 1543 1562 1563 
s 4
f 1543 1544 1581 1562 
s 1
f 1545 1546 1579 1580 
s 4
f 1546 1547 1578 1579 
f 1547 1548 1577 1578 
f 1548 1549 1576 1577 
f 1549 1550 1575 1576 
f 1550 1551 1574 1575 
f 1551 1552 1573 1574 
f 1552 1553 1572 1573 
f 1553 1554 1571 1572 
s 8
f 1554 1555 1570 1571 
s 1
f 1555 1556 1569 1570 
f 1556 1557 1568 1569 
f 1557 1558 1567 1568 
f 1558 1559 1566 1567 
f 1559 1560 1565 1566 
f 1560 1561 1564 1565 
f 1561 1542 1563 1564 
s 2
f 1504 1505 1524 
f 1505 1506 1524 
f 1507 1508 1525 
f 1508 1509 1525 
f 1509 1510 1525 
f 1510 1511 1526 1525 
f 1511 1512 1527 1526 
f 1512 1513 1528 1527 
f 1513 1514 1529 1528 
f 1514 1515 1530 1529 
f 1515 1516 1531 1530 
f 1516 1517 1532 1531 
f 1517 1518 1533 1532 
f 1518 1519 1534 1533 
f 1519 1520 1535 1534 
f 1520 1521 1536 1535 
f 1521 1522 1537 1536 
f 1522 1523 1538 1537 
f 1523 1504 1524 1538 
f 1525 1526 1539 
f 1526 1527 1539 
f 1527 1528 1539 
f 1528 1529 1539 
f 1529 1534 1539 
f 1534 1535 1539 
f 1535 1536 1539 
f 1536 1537 1539 
f 1537 1538 1540 1541 
f 1530 1531 1532 1533 
f 1529 1530 1533 1534 
f 1524 1540 1538 
f 1541 1539 1537 
s 1
f 1448 1447 1543 1542 
s 4
f 1447 1465 1544 1543 
s 1
f 1466 1464 1546 1545 
s 4
f 1464 1463 1547 1546 
f 1463 1462 1548 1547 
f 1462 1461 1549 1548 
f 1461 1460 1550 1549 
f 1460 1459 1551 1550 
f 1459 1458 1552 1551 
f 1458 1457 1553 1552 
f 1457 1456 1554 1553 
s 8
f 1456 1455 1555 1554 
s 1
f 1455 1454 1556 1555 
f 1454 1453 1557 1556 
f 1453 1452 1558 1557 
f 1452 1451 1559 1558 
f 1451 1450 1560 1559 
f 1450 1449 1561 1560 
f 1449 1448 1542 1561 
f 1505 1504 1563 1562 
f 1504 1523 1564 1563 
f 1523 1522 1565 1564 
f 1522 1521 1566 1565 
f 1521 1520 1567 1566 
f 1520 1519 1568 1567 
f 1519 1518 1569 1568 
f 1518 1517 1570 1569 
s 8
f 1517 1516 1571 1570 
s 4
f 1516 1515 1572 1571 
f 1515 1514 1573 1572 
f 1514 1513 1574 1573 
f 1513 1512 1575 1574 
f 1512 1511 1576 1575 
f 1511 1510 1577 1576 
f 1510 1509 1578 1577 
f 1509 1508 1579 1578 
s 1
f 1508 1507 1580 1579 
s 4
f 1506 1505 1562 1581 
s 2
f 1503 1468 1583 1582 
f 1469 1502 1585 1584 
f 1583 1468 2602 1715 
f 1469 1584 1729 2609 
f 1584 1586 1728 1729 
f 1586 1587 1727 1728 
f 1587 1588 1726 1727 
f 1588 1589 1725 1726 
f 1589 1590 1724 1725 
f 1590 1591 1723 1724 
f 1591 1592 1722 1723 
f 1592 1593 1721 1722 
f 1593 1594 1720 1721 
f 1594 1595 1719 1720 
f 1595 1596 1718 1719 
f 1596 1597 1717 1718 
f 1597 1598 1716 1717 
f 1598 1583 1715 1716 
f 1599 1582 1601 1600 
f 1600 1601 1603 1602 
f 1602 1603 1605 1604 
f 1604 1605 1607 1606 
f 1606 1607 1609 1608 
f 1608 1609 1611 1610 
f 1610 1611 1613 1612 
f 1612 1613 1615 1614 
f 1614 1615 1617 1616 
f 1616 1617 1619 1618 
f 1618 1619 1621 1620 
f 1620 1621 1623 1622 
f 1622 1623 1625 1624 
f 1624 1625 1627 1626 
f 1626 1627 1629 1628 
f 1628 1629 1631 1630 
f 1630 1631 1585 1632 
f 1632 1585 1502 1466 
f 1465 1503 1582 1599 
f 1596 1607 1605 1597 
f 1597 1605 1603 1598 
f 1595 1609 1607 1596 
f 1595 1611 1609 
f 1595 1613 1611 
f 1598 1603 1601 
f 1598 1601 1582 1583 
f 1594 1615 1613 1595 
f 1593 1615 1594 
f 1592 1617 1615 1593 
f 1591 1617 1592 
f 1590 1617 1591 
f 1589 1619 1617 1590 
f 1588 1621 1619 1589 
f 1588 1623 1621 
f 1587 1625 1623 1588 
f 1587 1627 1625 
f 1586 1629 1627 1587 
f 1586 1631 1629 
f 1584 1585 1631 1586 
s 1
f 1633 1636 1635 1634 
s 4
f 1634 1635 1581 1544 
s 1
f 1545 1580 1638 1637 
s 4
f 1637 1638 1640 1639 
f 1639 1640 1642 1641 
f 1641 1642 1644 1643 
f 1643 1644 1646 1645 
f 1645 1646 1648 1647 
f 1647 1648 1650 1649 
f 1649 1650 1652 1651 
f 1651 1652 1654 1653 
s 8
f 1653 1654 1656 1655 
s 1
f 1655 1656 1658 1657 
f 1657 1658 1660 1659 
f 1659 1660 1662 1661 
f 1661 1662 1664 1663 
f 1663 1664 1666 1665 
f 1665 1666 1668 1667 
f 1667 1668 1636 1633 
s 2
f 1669 1524 1670 
f 1670 1524 1506 
f 1507 1525 1671 
f 1671 1525 1672 
f 1672 1525 1673 
f 1673 1525 1675 1674 
f 1674 1675 1677 1676 
f 1676 1677 1679 1678 
f 1678 1679 1681 1680 
f 1680 1681 1683 1682 
f 1682 1683 1685 1684 
f 1684 1685 1687 1686 
f 1686 1687 1689 1688 
f 1688 1689 1691 1690 
f 1690 1691 1693 1692 
f 1692 1693 1695 1694 
f 1694 1695 1697 1696 
f 1696 1697 1699 1698 
f 1698 1699 1524 1669 
f 1525 1539 1675 
f 1675 1539 1677 
f 1677 1539 1679 
f 1679 1539 1681 
f 1681 1539 1691 
f 1691 1539 1693 
f 1693 1539 1695 
f 1695 1539 1697 
f 1697 1541 1540 1699 
f 1683 1689 1687 1685 
f 1681 1691 1689 1683 
f 1524 1699 1540 
f 1541 1697 1539 
s 1
f 1600 1633 1634 1599 
s 4
f 1599 1634 1544 1465 
s 1
f 1466 1545 1637 1632 
s 4
f 1632 1637 1639 1630 
f 1630 1639 1641 1628 
f 1628 1641 1643 1626 
f 1626 1643 1645 1624 
f 1624 1645 1647 1622 
f 1622 1647 1649 1620 
f 1620 1649 1651 1618 
f 1618 1651 1653 1616 
s 8
f 1616 1653 1655 1614 
s 1
f 1614 1655 1657 1612 
f 1612 1657 1659 1610 
f 1610 1659 1661 1608 
f 1608 1661 1663 1606 
f 1606 1663 1665 1604 
f 1604 1665 1667 1602 
f 1602 1667 1633 1600 
f 1670 1635 1636 1669 
f 1669 1636 1668 1698 
f 1698 1668 1666 1696 
f 1696 1666 1664 1694 
f 1694 1664 1662 1692 
f 1692 1662 1660 1690 
f 1690 1660 1658 1688 
f 1688 1658 1656 1686 
s 8
f 1686 1656 1654 1684 
s 4
f 1684 1654 1652 1682 
f 1682 1652 1650 1680 
f 1680 1650 1648 1678 
f 1678 1648 1646 1676 
f 1676 1646 1644 1674 
f 1674 1644 1642 1673 
f 1673 1642 1640 1672 
f 1672 1640 1638 1671 
s 1
f 1671 1638 1580 1507 
s 4
f 1506 1581 1635 1670 
s 1
f 2051 1796 1801 2050 
f 2156 1965 2158 
f 1732 2140 2141 1779 
f 2062 2138 2129 1797 
f 1735 2130 2131 1781 
f 1736 1780 1785 1758 
f 2075 2076 1802 1798 
f 1738 1753 1776 1772 
f 2073 2074 1803 1799 
f 1744 1750 1777 1773 
f 2077 2078 1804 1800 
f 1741 1747 1778 1774 
f 2072 2073 1799 1801 
f 1756 1744 1773 1775 
f 2076 2077 1800 1802 
f 1753 1741 1774 1776 
f 2074 2075 1798 1803 
f 1750 1738 1772 1777 
f 2078 2079 1795 1804 
f 1747 1732 1779 1778 
f 2204 2205 1794 1792 
f 1760 1780 2132 2133 
f 1760 1770 1775 1765 
f 1766 1786 1782 1762 
f 1767 1787 1783 1763 
f 1768 1788 1784 1764 
f 1763 1783 1785 1765 
f 1764 1784 1786 1766 
f 1762 1782 1787 1767 
f 1759 1769 1788 1768 
f 1806 2204 1792 1793 
f 1770 1760 2133 2131 
f 1780 1760 1765 1785 
f 1776 1766 1762 1772 
f 1777 1767 1763 1773 
f 1778 1768 1764 1774 
f 1773 1763 1765 1775 
f 1774 1764 1766 1776 
f 1772 1762 1767 1777 
f 1779 1759 1768 1778 
f 2205 2228 1791 1794 
f 1780 1736 2134 2132 
f 1770 1731 1756 1775 
f 1786 1755 1740 1782 
f 1787 1752 1746 1783 
f 1788 1749 1743 1784 
f 1783 1746 1758 1785 
f 1784 1743 1755 1786 
f 1782 1740 1752 1787 
f 1769 1734 1749 1788 
f 2070 2151 2142 1805 
f 1790 2244 1806 1793 
f 1794 2143 2144 1792 
f 1792 2144 2141 1793 
f 1791 2145 2143 1794 
f 1796 2071 2072 1801 
f 1795 2079 2139 2129 
f 1802 2066 2067 1798 
f 1803 2068 2069 1799 
f 1804 2064 2065 1800 
f 1799 2069 2050 1801 
f 1800 2065 2066 1802 
f 1798 2067 2068 1803 
f 1795 2063 2064 1804 
f 1796 2051 2150 2142 
f 1805 1989 1986 
f 2156 2070 1968 1965 
f 2070 1971 1968 
f 2070 1974 1971 
f 2070 1977 1974 
f 2070 1805 1980 1977 
f 1805 1986 1983 
f 1983 1980 1805 
f 1805 1992 1989 
f 1805 2052 1995 1992 
f 2052 1998 1995 
f 2052 2001 1998 
f 2052 2004 2001 
f 2052 2272 1961 2004 
f 2272 2274 1961 
f 2053 2054 1809 1808 
f 2062 1797 2104 2114 
f 1735 1781 2106 2107 
f 1818 1821 1820 1819 
f 2085 1825 1824 2084 
f 1822 1828 1827 1826 
f 2087 1831 1830 2086 
f 1832 1834 1833 1823 
f 2083 1837 1836 2082 
f 1829 1840 1839 1838 
f 2088 1809 1831 2087 
f 1835 1841 1834 1832 
f 2084 1824 1837 2083 
f 1826 1827 1840 1829 
f 2086 1830 1825 2085 
f 1823 1833 1828 1822 
f 2082 1836 1815 2081 
f 1838 1839 1812 1811 
f 1842 2108 2109 1819 
f 1842 1843 1841 1817 
f 1844 1847 1846 1845 
f 1848 1851 1850 1849 
f 1852 1855 1854 1853 
f 1851 1843 1820 1850 
f 1855 1844 1845 1854 
f 1847 1848 1849 1846 
f 1856 1852 1853 1857 
f 1817 2106 2108 1842 
f 1819 1820 1843 1842 
f 1827 1828 1847 1844 
f 1833 1834 1851 1848 
f 1839 1840 1855 1852 
f 1834 1841 1843 1851 
f 1840 1827 1844 1855 
f 1828 1833 1848 1847 
f 1812 1839 1852 1856 
f 1819 2109 2110 1818 
f 1817 1841 1835 1816 
f 1845 1846 1859 1858 
f 1849 1850 1861 1860 
f 1853 1854 1863 1862 
f 1850 1820 1821 1861 
f 1854 1845 1858 1863 
f 1846 1849 1860 1859 
f 1857 1853 1862 1864 
f 1808 1809 2088 2089 
f 1815 2104 2115 2081 
f 1824 1825 2057 2058 
f 1830 1831 2055 2056 
f 1836 1837 2059 2060 
f 1831 1809 2054 2055 
f 1837 1824 2058 2059 
f 1825 1830 2056 2057 
f 1815 1836 2060 2061 
f 1791 2228 2355 1871 
f 1864 1862 1873 1872 
f 1862 1863 1874 1873 
f 1863 1858 1875 1874 
f 1858 1859 1876 1875 
f 1859 1860 1877 1876 
f 1860 1861 1878 1877 
f 1861 1821 1879 1878 
f 1821 1818 1880 1879 
f 1818 2110 2111 1880 
f 1737 2134 2135 1881 
f 1736 1758 1883 1882 
f 1758 1746 1884 1883 
f 1746 1752 1885 1884 
f 1752 1740 1886 1885 
f 1740 1755 1887 1886 
f 1755 1743 1888 1887 
f 1743 1749 1889 1888 
f 1749 1734 1890 1889 
f 1734 2145 2147 1890 
f 1871 2355 2093 
f 1872 1873 2112 
f 1873 1874 2112 
f 1874 1875 2112 
f 1875 1876 2112 
f 1876 1877 2112 
f 1877 1878 2112 
f 1878 1879 2112 
f 1879 1880 2112 
f 1880 2111 2112 
f 1881 2135 2148 1891 
f 1882 1883 2148 
f 1883 1884 2148 
f 1884 1885 2148 
f 1885 1886 2148 
f 1886 1887 2148 
f 1887 1888 2148 
f 1888 1889 2148 
f 1889 1890 2148 
f 1890 2147 2148 
f 2112 1891 2094 
f 1891 2148 2094 
f 2148 2093 2094 
s 2
f 1789 2146 2149 1892 
f 1733 1757 1894 1893 
f 1757 1745 1895 1894 
f 1745 1751 1896 1895 
f 1751 1739 1897 1896 
f 1739 1754 1898 1897 
f 1754 1742 1899 1898 
f 1742 1748 1900 1899 
f 1748 1730 1901 1900 
f 1730 2128 2136 1901 
f 1813 2105 2113 1902 
f 1814 1869 1904 1903 
f 1869 1870 1905 1904 
f 1870 1865 1906 1905 
f 1865 1866 1907 1906 
f 1866 1867 1908 1907 
f 1867 1868 1909 1908 
f 1868 1810 1910 1909 
f 1810 1807 1911 1910 
f 1807 2124 2125 1911 
f 2431 1789 1892 1912 
f 1892 2149 2137 1914 
f 1893 1894 2137 
f 1894 1895 2137 
f 1895 1896 2137 
f 1896 1897 2137 
f 1897 1898 2137 
f 1898 1899 2137 
f 1899 1900 2137 
f 1900 1901 2137 
f 1901 2136 2137 
f 1902 2113 2126 1913 
f 1903 1904 2126 
f 1904 1905 2126 
f 1905 1906 2126 
f 1906 1907 2126 
f 1907 1908 2126 
f 1908 1909 2126 
f 1909 1910 2126 
f 1910 1911 2126 
f 1911 2125 2126 
f 1912 1892 1914 
f 1914 2137 2435 
f 2137 1913 2435 
f 1913 2126 2435 
f 2126 2436 2435 
f 1962 2438 2096 2006 
f 2440 1964 2010 2443 
f 1964 1967 2013 2010 
f 1967 1970 2016 2013 
f 1970 1973 2019 2016 
f 1973 1976 2022 2019 
f 1976 1979 2025 2022 
f 1979 1982 2028 2025 
f 1982 1985 2031 2028 
f 1985 1988 2034 2031 
f 1988 1991 2037 2034 
f 1991 1994 2040 2037 
f 1994 1997 2043 2040 
f 1997 2000 2046 2043 
f 2000 2003 2049 2046 
f 2003 1962 2006 2049 
f 2007 2097 2098 1945 
f 2099 2009 1959 2474 
f 2009 2012 1958 1959 
f 2012 2015 1957 1958 
f 2015 2018 1956 1957 
f 2018 2021 1955 1956 
f 2021 2024 1954 1955 
f 2024 2027 1953 1954 
f 2027 2030 1952 1953 
f 2030 2033 1951 1952 
f 2033 2036 1950 1951 
f 2036 2039 1949 1950 
f 2039 2042 1948 1949 
f 2042 2045 1947 1948 
f 2045 2048 1946 1947 
f 2048 2007 1945 1946 
s 1
f 1929 2502 2503 1930 
f 2100 1915 1931 2101 
f 1915 1916 1932 1931 
f 1916 1917 1933 1932 
f 1917 1918 1934 1933 
f 1918 1919 1935 1934 
f 1919 1920 1936 1935 
f 1920 1921 1937 1936 
f 1921 1922 1938 1937 
f 1922 1923 1939 1938 
f 1923 1924 1940 1939 
f 1924 1925 1941 1940 
f 1925 1926 1942 1941 
f 1926 1927 1943 1942 
f 1927 1928 1944 1943 
f 1928 1929 1930 1944 
f 1930 2503 2533 
f 2101 1931 2533 
f 1931 1932 2533 
f 1932 1933 2533 
f 1933 1934 2533 
f 1934 1935 2533 
f 1935 1936 2533 
f 1936 1937 2533 
f 1937 1938 2533 
f 1938 1939 2533 
f 1939 1940 2533 
f 1940 1941 2533 
f 1941 1942 2533 
f 1942 1943 2533 
f 1943 1944 2533 
f 1944 1930 2533 
s 2
f 2502 1929 1945 2098 
f 1929 1928 1946 1945 
f 1928 1927 1947 1946 
f 1927 1926 1948 1947 
f 1926 1925 1949 1948 
f 1925 1924 1950 1949 
f 1924 1923 1951 1950 
f 1923 1922 1952 1951 
f 1922 1921 1953 1952 
f 1921 1920 1954 1953 
f 1920 1919 1955 1954 
f 1919 1918 1956 1955 
f 1918 1917 1957 1956 
f 1917 1916 1958 1957 
f 1916 1915 1959 1958 
f 1915 2100 2474 1959 
s 1
f 2158 1965 1963 2535 
f 1986 1989 1987 1984 
f 1965 1968 1966 1963 
f 1968 1971 1969 1966 
f 1971 1974 1972 1969 
f 1974 1977 1975 1972 
f 1977 1980 1978 1975 
f 1983 1986 1984 1981 
f 1980 1983 1981 1978 
f 1989 1992 1990 1987 
f 1992 1995 1993 1990 
f 1995 1998 1996 1993 
f 1998 2001 1999 1996 
f 2001 2004 2002 1999 
f 2004 1961 1960 2002 
f 1961 2274 2550 1960 
s 2
f 2438 1962 1960 2550 
f 2006 2096 2551 2005 
f 1964 2440 2535 1963 
f 2443 2010 2008 2554 
f 1967 1964 1963 1966 
f 2010 2013 2011 2008 
f 1970 1967 1966 1969 
f 2013 2016 2014 2011 
f 1973 1970 1969 1972 
f 2016 2019 2017 2014 
f 1976 1973 1972 1975 
f 2019 2022 2020 2017 
f 1979 1976 1975 1978 
f 2022 2025 2023 2020 
f 1982 1979 1978 1981 
f 2025 2028 2026 2023 
f 1985 1982 1981 1984 
f 2028 2031 2029 2026 
f 1988 1985 1984 1987 
f 2031 2034 2032 2029 
f 1991 1988 1987 1990 
f 2034 2037 2035 2032 
f 1994 1991 1990 1993 
f 2037 2040 2038 2035 
f 1997 1994 1993 1996 
f 2040 2043 2041 2038 
f 2000 1997 1996 1999 
f 2043 2046 2044 2041 
f 2003 2000 1999 2002 
f 2046 2049 2047 2044 
f 1962 2003 2002 1960 
f 2049 2006 2005 2047 
f 2097 2007 2005 2551 
f 2009 2099 2554 2008 
f 2012 2009 2008 2011 
f 2015 2012 2011 2014 
f 2018 2015 2014 2017 
f 2021 2018 2017 2020 
f 2024 2021 2020 2023 
f 2027 2024 2023 2026 
f 2030 2027 2026 2029 
f 2033 2030 2029 2032 
f 2036 2033 2032 2035 
f 2039 2036 2035 2038 
f 2042 2039 2038 2041 
f 2045 2042 2041 2044 
f 2048 2045 2044 2047 
f 2007 2048 2047 2005 
s 1
f 1757 1733 2051 2050 
f 1733 2146 2150 2051 
f 1789 2431 2272 2052 
f 1807 1810 2054 2053 
f 1810 1868 2055 2054 
f 1868 1867 2056 2055 
f 1867 1866 2057 2056 
f 1866 1865 2058 2057 
f 1865 1870 2059 2058 
f 1870 1869 2060 2059 
f 1869 1814 2061 2060 
f 1814 2105 2114 2061 
f 1813 2128 2138 2062 
f 1730 1748 2064 2063 
f 1748 1742 2065 2064 
f 1742 1754 2066 2065 
f 1754 1739 2067 2066 
f 1739 1751 2068 2067 
f 1751 1745 2069 2068 
f 1745 1757 2050 2069 
f 1790 2140 2151 2070 
f 1732 1747 2072 2071 
f 1747 1741 2073 2072 
f 1741 1753 2074 2073 
f 1753 1738 2075 2074 
f 1738 1750 2076 2075 
f 1750 1744 2077 2076 
f 1744 1756 2078 2077 
f 1756 1731 2079 2078 
f 1731 2130 2139 2079 
f 1735 2107 2115 2080 
f 1816 1835 2082 2081 
f 1835 1832 2083 2082 
f 1832 1823 2084 2083 
f 1823 1822 2085 2084 
f 1822 1826 2086 2085 
f 1826 1829 2087 2086 
f 1829 1838 2088 2087 
f 1838 1811 2089 2088 
f 1811 2117 2123 2089 
f 2244 1790 2070 2156 
f 2092 2127 2116 2090 
f 2090 2116 2123 2573 
f 2102 2117 2118 2575 
f 2575 2118 2119 2577 
f 2577 2119 2120 2579 
f 2579 2120 2121 2581 
f 2581 2121 2122 2103 
f 2103 2122 2112 2091 
f 2095 2124 2127 2092 
f 2091 2112 2094 
f 2104 1815 2061 2114 
f 2106 1817 1816 2107 
f 2108 1761 1771 2109 
f 2106 1781 1761 2108 
f 2109 1771 1737 2110 
f 2104 1797 2080 2115 
f 2110 1737 1881 2111 
f 2111 1881 1891 2112 
s 2
f 2105 1814 1903 2113 
f 2113 1903 2126 
s 1
f 2105 1813 2062 2114 
f 2107 1816 2081 2115 
s 2
f 2124 2095 2585 2125 
f 2125 2585 2436 2126 
s 1
f 2117 2102 2573 2123 
f 2127 2053 1808 2116 
f 2116 1808 2089 2123 
f 2117 1811 1812 2118 
f 2118 1812 1856 2119 
f 2119 1856 1857 2120 
f 2120 1857 1864 2121 
f 2121 1864 1872 2122 
f 2122 1872 2112 
f 2124 1807 2053 2127 
f 2138 2063 1795 2129 
f 2130 1731 1770 2131 
f 2132 1771 1761 2133 
f 2133 1761 1781 2131 
f 2134 1737 1771 2132 
f 2139 2080 1797 2129 
f 2134 1736 1882 2135 
f 2135 1882 2148 
s 2
f 2128 1813 1902 2136 
f 2136 1902 1913 2137 
s 1
f 2128 1730 2063 2138 
f 2130 1735 2080 2139 
f 2140 1790 1793 2141 
f 2151 2071 1796 2142 
f 2143 1769 1759 2144 
f 2144 1759 1779 2141 
f 2145 1734 1769 2143 
f 2150 2052 1805 2142 
f 2145 1791 1871 2147 
f 2147 1871 2093 2148 
s 2
f 2146 1733 1893 2149 
f 2149 1893 2137 
s 1
f 2146 1789 2052 2150 
f 2140 1732 2071 2151 
f 2152 2155 2154 2153 
f 2156 2158 2157 
f 2159 2162 2161 2160 
f 2163 2166 2165 2164 
f 2167 2170 2169 2168 
f 2171 2174 2173 2172 
f 2175 2178 2177 2176 
f 2179 2182 2181 2180 
f 2183 2186 2185 2184 
f 2187 2190 2189 2188 
f 2191 2194 2193 2192 
f 2195 2198 2197 2196 
f 2199 2154 2186 2183 
f 2200 2201 2190 2187 
f 2176 2177 2194 2191 
f 2180 2181 2198 2195 
f 2184 2185 2178 2175 
f 2188 2189 2182 2179 
f 2192 2193 2203 2202 
f 2196 2197 2162 2159 
f 2204 2207 2206 2205 
f 2208 2210 2209 2172 
f 2208 2212 2201 2211 
f 2213 2216 2215 2214 
f 2217 2220 2219 2218 
f 2221 2224 2223 2222 
f 2220 2212 2173 2219 
f 2224 2213 2214 2223 
f 2216 2217 2218 2215 
f 2225 2221 2222 2226 
f 1806 2227 2207 2204 
f 2211 2169 2210 2208 
f 2172 2173 2212 2208 
f 2181 2182 2216 2213 
f 2189 2190 2220 2217 
f 2197 2198 2224 2221 
f 2190 2201 2212 2220 
f 2198 2181 2213 2224 
f 2182 2189 2217 2216 
f 2162 2197 2221 2225 
f 2205 2206 2229 2228 
f 2172 2209 2230 2171 
f 2211 2201 2200 2231 
f 2214 2215 2233 2232 
f 2218 2219 2235 2234 
f 2222 2223 2237 2236 
f 2219 2173 2174 2235 
f 2223 2214 2232 2237 
f 2215 2218 2234 2233 
f 2226 2222 2236 2238 
f 2239 2242 2241 2240 
f 2243 2227 1806 2244 
f 2206 2207 2246 2245 
f 2207 2227 2161 2246 
f 2229 2206 2245 2247 
f 2153 2154 2199 2248 
f 2203 2165 2249 2202 
f 2177 2178 2251 2250 
f 2185 2186 2253 2252 
f 2193 2194 2255 2254 
f 2186 2154 2155 2253 
f 2194 2177 2250 2255 
f 2178 2185 2252 2251 
f 2203 2193 2254 2256 
f 2153 2241 2257 2152 
f 2242 2259 2258 
f 2156 2157 2260 2239 
f 2239 2260 2261 
f 2239 2261 2262 
f 2239 2262 2263 
f 2239 2263 2264 2242 
f 2242 2265 2259 
f 2265 2242 2264 
f 2242 2258 2266 
f 2242 2266 2268 2267 
f 2267 2268 2269 
f 2267 2269 2270 
f 2267 2270 2271 
f 2267 2271 2273 2272 
f 2272 2273 2274 
f 2275 2278 2277 2276 
f 2163 2280 2279 2166 
f 2167 2282 2281 2170 
f 2283 2286 2285 2284 
f 2287 2290 2289 2288 
f 2291 2294 2293 2292 
f 2295 2298 2297 2296 
f 2299 2302 2301 2300 
f 2303 2306 2305 2304 
f 2307 2310 2309 2308 
f 2311 2295 2296 2277 
f 2312 2299 2300 2313 
f 2290 2303 2304 2289 
f 2294 2307 2308 2293 
f 2298 2287 2288 2297 
f 2302 2291 2292 2301 
f 2306 2315 2314 2305 
f 2310 2317 2316 2309 
f 2318 2286 2320 2319 
f 2318 2322 2313 2321 
f 2323 2326 2325 2324 
f 2327 2330 2329 2328 
f 2331 2334 2333 2332 
f 2328 2329 2285 2321 
f 2332 2333 2326 2323 
f 2324 2325 2330 2327 
f 2335 2336 2334 2331 
f 2322 2318 2319 2281 
f 2286 2318 2321 2285 
f 2293 2323 2324 2292 
f 2301 2327 2328 2300 
f 2309 2331 2332 2308 
f 2300 2328 2321 2313 
f 2308 2332 2323 2293 
f 2292 2324 2327 2301 
f 2316 2335 2331 2309 
f 2286 2283 2337 2320 
f 2322 2338 2312 2313 
f 2326 2340 2339 2325 
f 2330 2342 2341 2329 
f 2334 2344 2343 2333 
f 2329 2341 2284 2285 
f 2333 2343 2340 2326 
f 2325 2339 2342 2330 
f 2336 2345 2344 2334 
f 2278 2346 2311 2277 
f 2314 2315 2347 2279 
f 2289 2349 2348 2288 
f 2297 2351 2350 2296 
f 2305 2353 2352 2304 
f 2296 2350 2276 2277 
f 2304 2352 2349 2289 
f 2288 2348 2351 2297 
f 2314 2354 2353 2305 
f 2229 2356 2355 2228 
f 2345 2358 2357 2344 
f 2344 2357 2359 2343 
f 2343 2359 2360 2340 
f 2340 2360 2361 2339 
f 2339 2361 2362 2342 
f 2342 2362 2363 2341 
f 2341 2363 2364 2284 
f 2284 2364 2365 2283 
f 2283 2365 2366 2337 
f 2367 2369 2368 2230 
f 2171 2371 2370 2174 
f 2174 2370 2372 2235 
f 2235 2372 2373 2234 
f 2234 2373 2374 2233 
f 2233 2374 2375 2232 
f 2232 2375 2376 2237 
f 2237 2376 2377 2236 
f 2236 2377 2378 2238 
f 2238 2378 2379 2247 
f 2356 2093 2355 
f 2358 2380 2357 
f 2357 2380 2359 
f 2359 2380 2360 
f 2360 2380 2361 
f 2361 2380 2362 
f 2362 2380 2363 
f 2363 2380 2364 
f 2364 2380 2365 
f 2365 2380 2366 
f 2369 2382 2381 2368 
f 2371 2381 2370 
f 2370 2381 2372 
f 2372 2381 2373 
f 2373 2381 2374 
f 2374 2381 2375 
f 2375 2381 2376 
f 2376 2381 2377 
f 2377 2381 2378 
f 2378 2381 2379 
f 2380 2094 2382 
f 2382 2094 2381 
f 2381 2094 2093 
s 2
f 2383 2386 2385 2384 
f 2387 2390 2389 2388 
f 2388 2389 2392 2391 
f 2391 2392 2394 2393 
f 2393 2394 2396 2395 
f 2395 2396 2398 2397 
f 2397 2398 2400 2399 
f 2399 2400 2402 2401 
f 2401 2402 2404 2403 
f 2403 2404 2406 2405 
f 2407 2410 2409 2408 
f 2411 2414 2413 2412 
f 2412 2413 2416 2415 
f 2415 2416 2418 2417 
f 2417 2418 2420 2419 
f 2419 2420 2422 2421 
f 2421 2422 2424 2423 
f 2423 2424 2426 2425 
f 2425 2426 2428 2427 
f 2427 2428 2430 2429 
f 2431 1912 2386 2383 
f 2386 1914 2432 2385 
f 2390 2432 2389 
f 2389 2432 2392 
f 2392 2432 2394 
f 2394 2432 2396 
f 2396 2432 2398 
f 2398 2432 2400 
f 2400 2432 2402 
f 2402 2432 2404 
f 2404 2432 2406 
f 2410 2434 2433 2409 
f 2414 2433 2413 
f 2413 2433 2416 
f 2416 2433 2418 
f 2418 2433 2420 
f 2420 2433 2422 
f 2422 2433 2424 
f 2424 2433 2426 
f 2426 2433 2428 
f 2428 2433 2430 
f 1912 1914 2386 
f 1914 2435 2432 
f 2432 2435 2434 
f 2434 2435 2433 
f 2433 2435 2436 
f 2437 2439 2096 2438 
f 2440 2443 2442 2441 
f 2441 2442 2445 2444 
f 2444 2445 2447 2446 
f 2446 2447 2449 2448 
f 2448 2449 2451 2450 
f 2450 2451 2453 2452 
f 2452 2453 2455 2454 
f 2454 2455 2457 2456 
f 2456 2457 2459 2458 
f 2458 2459 2461 2460 
f 2460 2461 2463 2462 
f 2462 2463 2465 2464 
f 2464 2465 2467 2466 
f 2466 2467 2469 2468 
f 2468 2469 2439 2437 
f 2470 2471 2098 2097 
f 2099 2474 2473 2472 
f 2472 2473 2476 2475 
f 2475 2476 2478 2477 
f 2477 2478 2480 2479 
f 2479 2480 2482 2481 
f 2481 2482 2484 2483 
f 2483 2484 2486 2485 
f 2485 2486 2488 2487 
f 2487 2488 2490 2489 
f 2489 2490 2492 2491 
f 2491 2492 2494 2493 
f 2493 2494 2496 2495 
f 2495 2496 2498 2497 
f 2497 2498 2500 2499 
f 2499 2500 2471 2470 
s 1
f 2501 2504 2503 2502 
f 2100 2101 2506 2505 
f 2505 2506 2508 2507 
f 2507 2508 2510 2509 
f 2509 2510 2512 2511 
f 2511 2512 2514 2513 
f 2513 2514 2516 2515 
f 2515 2516 2518 2517 
f 2517 2518 2520 2519 
f 2519 2520 2522 2521 
f 2521 2522 2524 2523 
f 2523 2524 2526 2525 
f 2525 2526 2528 2527 
f 2527 2528 2530 2529 
f 2529 2530 2532 2531 
f 2531 2532 2504 2501 
f 2504 2533 2503 
f 2101 2533 2506 
f 2506 2533 2508 
f 2508 2533 2510 
f 2510 2533 2512 
f 2512 2533 2514 
f 2514 2533 2516 
f 2516 2533 2518 
f 2518 2533 2520 
f 2520 2533 2522 
f 2522 2533 2524 
f 2524 2533 2526 
f 2526 2533 2528 
f 2528 2533 2530 
f 2530 2533 2532 
f 2532 2533 2504 
s 2
f 2502 2098 2471 2501 
f 2501 2471 2500 2531 
f 2531 2500 2498 2529 
f 2529 2498 2496 2527 
f 2527 2496 2494 2525 
f 2525 2494 2492 2523 
f 2523 2492 2490 2521 
f 2521 2490 2488 2519 
f 2519 2488 2486 2517 
f 2517 2486 2484 2515 
f 2515 2484 2482 2513 
f 2513 2482 2480 2511 
f 2511 2480 2478 2509 
f 2509 2478 2476 2507 
f 2507 2476 2473 2505 
f 2505 2473 2474 2100 
s 1
f 2158 2535 2534 2157 
f 2259 2537 2536 2258 
f 2157 2534 2538 2260 
f 2260 2538 2539 2261 
f 2261 2539 2540 2262 
f 2262 2540 2541 2263 
f 2263 2541 2542 2264 
f 2265 2543 2537 2259 
f 2264 2542 2543 2265 
f 2258 2536 2544 2266 
f 2266 2544 2545 2268 
f 2268 2545 2546 2269 
f 2269 2546 2547 2270 
f 2270 2547 2548 2271 
f 2271 2548 2549 2273 
f 2273 2549 2550 2274 
s 2
f 2438 2550 2549 2437 
f 2439 2552 2551 2096 
f 2441 2534 2535 2440 
f 2443 2554 2553 2442 
f 2444 2538 2534 2441 
f 2442 2553 2555 2445 
f 2446 2539 2538 2444 
f 2445 2555 2556 2447 
f 2448 2540 2539 2446 
f 2447 2556 2557 2449 
f 2450 2541 2540 2448 
f 2449 2557 2558 2451 
f 2452 2542 2541 2450 
f 2451 2558 2559 2453 
f 2454 2543 2542 2452 
f 2453 2559 2560 2455 
f 2456 2537 2543 2454 
f 2455 2560 2561 2457 
f 2458 2536 2537 2456 
f 2457 2561 2562 2459 
f 2460 2544 2536 2458 
f 2459 2562 2563 2461 
f 2462 2545 2544 2460 
f 2461 2563 2564 2463 
f 2464 2546 2545 2462 
f 2463 2564 2565 2465 
f 2466 2547 2546 2464 
f 2465 2565 2566 2467 
f 2468 2548 2547 2466 
f 2467 2566 2567 2469 
f 2437 2549 2548 2468 
f 2469 2567 2552 2439 
f 2097 2551 2552 2470 
f 2472 2553 2554 2099 
f 2475 2555 2553 2472 
f 2477 2556 2555 2475 
f 2479 2557 2556 2477 
f 2481 2558 2557 2479 
f 2483 2559 2558 2481 
f 2485 2560 2559 2483 
f 2487 2561 2560 2485 
f 2489 2562 2561 2487 
f 2491 2563 2562 2489 
f 2493 2564 2563 2491 
f 2495 2565 2564 2493 
f 2497 2566 2565 2495 
f 2499 2567 2566 2497 
f 2470 2552 2567 2499 
s 1
f 2388 2155 2152 2387 
f 2387 2152 2257 2384 
f 2383 2267 2272 2431 
f 2427 2275 2276 2425 
f 2425 2276 2350 2423 
f 2423 2350 2351 2421 
f 2421 2351 2348 2419 
f 2419 2348 2349 2417 
f 2417 2349 2352 2415 
f 2415 2352 2353 2412 
f 2412 2353 2354 2411 
f 2411 2354 2280 2408 
f 2407 2163 2164 2405 
f 2403 2256 2254 2401 
f 2401 2254 2255 2399 
f 2399 2255 2250 2397 
f 2397 2250 2251 2395 
f 2395 2251 2252 2393 
f 2393 2252 2253 2391 
f 2391 2253 2155 2388 
f 2243 2239 2240 2160 
f 2159 2248 2199 2196 
f 2196 2199 2183 2195 
f 2195 2183 2184 2180 
f 2180 2184 2175 2179 
f 2179 2175 2176 2188 
f 2188 2176 2191 2187 
f 2187 2191 2192 2200 
f 2200 2192 2202 2231 
f 2231 2202 2249 2168 
f 2167 2568 2347 2282 
f 2338 2315 2306 2312 
f 2312 2306 2303 2299 
f 2299 2303 2290 2302 
f 2302 2290 2287 2291 
f 2291 2287 2298 2294 
f 2294 2298 2295 2307 
f 2307 2295 2311 2310 
f 2310 2311 2346 2317 
f 2317 2346 2570 2569 
f 2244 2156 2239 2243 
f 2092 2090 2572 2571 
f 2090 2573 2570 2572 
f 2102 2575 2574 2569 
f 2575 2577 2576 2574 
f 2577 2579 2578 2576 
f 2579 2581 2580 2578 
f 2581 2103 2582 2580 
f 2103 2091 2380 2582 
f 2095 2092 2571 2429 
f 2091 2094 2380 
f 2279 2280 2354 2314 
f 2281 2282 2338 2322 
f 2319 2320 2584 2583 
f 2281 2319 2583 2170 
f 2320 2337 2367 2584 
f 2279 2347 2568 2166 
f 2337 2366 2369 2367 
f 2366 2380 2382 2369 
s 2
f 2408 2409 2414 2411 
f 2409 2433 2414 
s 1
f 2408 2280 2163 2407 
f 2282 2347 2315 2338 
s 2
f 2429 2430 2585 2095 
f 2430 2433 2436 2585 
s 1
f 2569 2570 2573 2102 
f 2571 2572 2278 2275 
f 2572 2570 2346 2278 
f 2569 2574 2316 2317 
f 2574 2576 2335 2316 
f 2576 2578 2336 2335 
f 2578 2580 2345 2336 
f 2580 2582 2358 2345 
f 2582 2380 2358 
f 2429 2571 2275 2427 
f 2164 2165 2203 2256 
f 2168 2169 2211 2231 
f 2209 2210 2583 2584 
f 2210 2169 2170 2583 
f 2230 2209 2584 2367 
f 2249 2165 2166 2568 
f 2230 2368 2371 2171 
f 2368 2381 2371 
s 2
f 2405 2406 2410 2407 
f 2406 2432 2434 2410 
s 1
f 2405 2164 2256 2403 
f 2168 2249 2568 2167 
f 2160 2161 2227 2243 
f 2240 2241 2153 2248 
f 2245 2246 2225 2226 
f 2246 2161 2162 2225 
f 2247 2245 2226 2238 
f 2257 2241 2242 2267 
f 2247 2379 2356 2229 
f 2379 2381 2093 2356 
s 2
f 2384 2385 2390 2387 
f 2385 2432 2390 
s 1
f 2384 2257 2267 2383 
f 2160 2240 2248 2159 
f 2591 2635 2621 2592 
f 2587 2617 2619 2589 
f 2593 2636 2622 2594 
f 2590 455 456 2588 
f 2588 456 457 2589 
f 2586 454 455 2590 
f 2587 452 458 2592 
f 2586 2634 2636 2593 
f 2595 2637 2635 2591 
f 2597 2639 2638 2596 
f 2612 2631 2623 2598 
f 2600 490 489 2599 
f 2597 478 490 2600 
f 2599 489 491 2601 
f 2595 520 476 2596 
f 2598 2623 2624 2601 
f 2604 2644 2643 2603 
f 2594 2622 2626 2605 
f 2607 638 637 2606 
f 2604 623 638 2607 
f 2606 637 640 2608 
f 2602 616 620 2603 
f 2605 2626 2627 2608 
f 2611 2630 2629 2610 
f 2613 2647 2631 2612 
f 2615 685 684 2614 
f 2614 684 670 2610 
f 2616 687 685 2615 
f 2611 669 667 2609 
f 2616 2648 2647 2613 
f 2620 2590 2588 2618 
f 2618 2588 2589 2619 
f 2634 2586 2590 2620 
f 2617 2587 2592 2621 
f 2641 2600 2599 2640 
f 2639 2597 2600 2641 
f 2640 2599 2601 2624 
f 2637 2595 2596 2638 
f 2646 2607 2606 2645 
f 2644 2604 2607 2646 
f 2645 2606 2608 2627 
f 2642 2602 2603 2643 
f 2633 2615 2614 2632 
f 2632 2614 2610 2629 
f 2648 2616 2615 2633 
f 2630 2611 2609 2628 
f 2635 524 525 2621 
f 2617 527 528 2619 
f 2636 460 626 2622 
f 2634 542 460 2636 
f 2637 475 524 2635 
f 2639 580 477 2638 
f 2631 675 480 2623 
f 2623 480 592 2624 
f 2642 619 618 2625 
f 2644 622 621 2643 
f 2622 626 625 2626 
f 2626 625 639 2627 
f 2625 618 668 2628 
f 2630 672 671 2629 
f 2647 676 675 2631 
f 2648 688 676 2647 
s off
f 1723 1722 2625 
s 4
f 2625 1722 1721 
f 1724 1723 2625 2628 
f 1725 1724 2628 
f 1726 1725 2628 
f 1727 1726 2628 
f 1728 1727 2628 
f 1729 1728 2628 
f 2642 2625 1721 1720 
f 2642 1720 1719 
f 2642 1719 1718 
f 2642 1718 1717 
f 2642 1717 1716 
f 2642 1716 1715 
f 1707 1708 617 
f 1706 1707 617 
f 1708 1709 667 617 
f 1709 1710 667 
f 1710 1711 667 
f 1711 1712 667 
f 1712 1713 667 
f 1713 1714 667 
f 1705 1706 617 616 
f 1704 1705 616 
f 1703 1704 616 
f 1702 1703 616 
f 1701 1702 616 
f 1700 1701 616 
s 8
f 1700 616 2602 
s 16
f 2602 2642 1715 
s 8
f 2628 2609 1729 
s 16
f 2609 667 1714 
# 2448 polygons - 384 triangles

