# 3ds Max Wavefront OBJ Exporter v0.97b - (c)2007 guruware
# File Created: 10.09.2021 11:51:08

#
# object 26290IN
#

v  -0.2099 -3.5511 0.2830
v  -0.2478 -3.5545 0.2384
v  -0.2752 -3.5582 0.1899
v  -0.2949 -3.5628 0.1301
v  -0.3017 -3.5677 0.0664
v  -0.2953 -3.5724 0.0047
v  -0.2768 -3.5768 -0.0534
v  -0.2472 -3.5809 -0.1066
v  -0.2073 -3.5844 -0.1527
v  -0.1590 -3.5873 -0.1900
v  -0.1046 -3.5893 -0.2166
v  -0.0471 -3.5905 -0.2316
v  0.0121 -3.5907 -0.2350
v  0.0675 -3.5902 -0.2276
v  0.1207 -3.5888 -0.2101
v  0.1688 -3.5868 -0.1836
v  0.2099 -3.5842 -0.1503
v  0.2478 -3.5808 -0.1057
v  0.2751 -3.5770 -0.0572
v  0.2949 -3.5726 0.0027
v  0.3017 -3.5677 0.0664
v  0.2953 -3.5630 0.1281
v  0.2768 -3.5585 0.1862
v  0.2472 -3.5545 0.2393
v  0.2073 -3.5509 0.2855
v  0.1590 -3.5481 0.3227
v  0.1046 -3.5461 0.3493
v  0.0471 -3.5449 0.3643
v  -0.0121 -3.5446 0.3678
v  -0.0675 -3.5452 0.3604
v  -0.1207 -3.5465 0.3428
v  -0.1688 -3.5486 0.3164
v  -0.0000 -3.5677 0.0664
v  -0.2163 -3.5384 0.2895
v  -0.2554 -3.5419 0.2436
v  -0.2837 -3.5457 0.1936
v  -0.3040 -3.5503 0.1319
v  -0.3114 -3.5556 0.0663
v  -0.3050 -3.5605 0.0026
v  -0.2860 -3.5651 -0.0575
v  -0.2554 -3.5692 -0.1124
v  -0.2143 -3.5728 -0.1601
v  -0.1644 -3.5757 -0.1987
v  -0.1081 -3.5778 -0.2262
v  -0.0487 -3.5789 -0.2417
v  0.0126 -3.5792 -0.2453
v  0.0698 -3.5788 -0.2377
v  0.1248 -3.5773 -0.2195
v  0.1745 -3.5753 -0.1921
v  0.2170 -3.5727 -0.1577
v  0.2560 -3.5692 -0.1115
v  0.2842 -3.5653 -0.0613
v  0.3044 -3.5604 0.0006
v  0.3114 -3.5556 0.0663
v  0.3047 -3.5507 0.1299
v  0.2856 -3.5462 0.1899
v  0.2549 -3.5420 0.2446
v  0.2137 -3.5383 0.2921
v  0.1638 -3.5353 0.3304
v  0.1077 -3.5331 0.3577
v  0.0485 -3.5319 0.3730
v  -0.0125 -3.5316 0.3766
v  -0.0695 -3.5323 0.3691
v  -0.1243 -3.5336 0.3509
v  -0.1739 -3.5357 0.3238
v  -0.2145 -3.5469 0.2879
v  -0.2532 -3.5503 0.2423
v  -0.2811 -3.5539 0.1927
v  -0.3014 -3.5586 0.1316
v  -0.3091 -3.5643 0.0665
v  -0.3021 -3.5685 0.0034
v  -0.2833 -3.5730 -0.0561
v  -0.2530 -3.5771 -0.1105
v  -0.2123 -3.5807 -0.1578
v  -0.1628 -3.5836 -0.1960
v  -0.1071 -3.5857 -0.2233
v  -0.0482 -3.5869 -0.2387
v  0.0124 -3.5872 -0.2423
v  0.0692 -3.5868 -0.2349
v  0.1238 -3.5856 -0.2170
v  0.1731 -3.5836 -0.1899
v  0.2150 -3.5807 -0.1554
v  0.2537 -3.5771 -0.1097
v  0.2815 -3.5732 -0.0599
v  0.3017 -3.5686 0.0013
v  0.3091 -3.5642 0.0665
v  0.3019 -3.5589 0.1296
v  0.2829 -3.5544 0.1889
v  0.2525 -3.5502 0.2432
v  0.2118 -3.5466 0.2903
v  0.1624 -3.5437 0.3282
v  0.1068 -3.5416 0.3554
v  0.0481 -3.5405 0.3707
v  -0.0124 -3.5403 0.3743
v  -0.0689 -3.5411 0.3669
v  -0.1235 -3.5426 0.3492
v  -0.1726 -3.5446 0.3221
v  -0.2163 -3.2230 0.2895
v  -0.2554 -3.2264 0.2436
v  -0.2837 -3.2302 0.1936
v  -0.3040 -3.2348 0.1319
v  -0.3114 -3.2402 0.0663
v  -0.3050 -3.2451 0.0026
v  -0.2860 -3.2497 -0.0575
v  -0.2554 -3.2538 -0.1124
v  -0.2143 -3.2574 -0.1601
v  -0.1644 -3.2603 -0.1987
v  -0.1081 -3.2624 -0.2262
v  -0.0487 -3.2635 -0.2417
v  0.0126 -3.2638 -0.2453
v  0.0698 -3.2633 -0.2377
v  0.1248 -3.2618 -0.2195
v  0.1745 -3.2599 -0.1921
v  0.2170 -3.2573 -0.1577
v  0.2560 -3.2537 -0.1115
v  0.2842 -3.2499 -0.0613
v  0.3044 -3.2450 0.0006
v  0.3114 -3.2402 0.0663
v  0.3047 -3.2353 0.1299
v  0.2856 -3.2308 0.1899
v  0.2549 -3.2266 0.2446
v  0.2137 -3.2228 0.2921
v  0.1638 -3.2198 0.3304
v  0.1077 -3.2177 0.3577
v  0.0485 -3.2165 0.3730
v  -0.0125 -3.2162 0.3766
v  -0.0695 -3.2169 0.3691
v  -0.1243 -3.2181 0.3509
v  -0.1739 -3.2203 0.3238
v  -0.2057 -3.5515 0.2787
v  -0.2428 -3.5548 0.2350
v  -0.2697 -3.5584 0.1875
v  -0.2890 -3.5629 0.1288
v  -0.2956 -3.5677 0.0664
v  -0.2894 -3.5723 0.0059
v  -0.2713 -3.5767 -0.0510
v  -0.2422 -3.5806 -0.1031
v  -0.2032 -3.5841 -0.1483
v  -0.1558 -3.5869 -0.1848
v  -0.1025 -3.5889 -0.2109
v  -0.0461 -3.5900 -0.2256
v  0.0119 -3.5903 -0.2290
v  0.0661 -3.5897 -0.2217
v  0.1183 -3.5884 -0.2045
v  0.1654 -3.5864 -0.1786
v  0.2057 -3.5839 -0.1459
v  0.2428 -3.5806 -0.1022
v  0.2696 -3.5768 -0.0547
v  0.2890 -3.5725 0.0040
v  0.2956 -3.5677 0.0664
v  0.2894 -3.5631 0.1268
v  0.2713 -3.5587 0.1838
v  0.2422 -3.5547 0.2359
v  0.2032 -3.5513 0.2811
v  0.1558 -3.5485 0.3176
v  0.1025 -3.5465 0.3437
v  0.0461 -3.5454 0.3584
v  -0.0119 -3.5451 0.3618
v  -0.0661 -3.5457 0.3545
v  -0.1183 -3.5470 0.3373
v  -0.1654 -3.5490 0.3114
v  2.3969 -3.7730 -0.4200
v  2.4154 -3.7730 -0.4093
v  2.4350 -3.7730 -0.4068
v  2.4542 -3.7730 -0.4116
v  2.4713 -3.7730 -0.4244
v  2.4820 -3.7730 -0.4429
v  2.4846 -3.7730 -0.4625
v  2.4797 -3.7730 -0.4816
v  2.4670 -3.7730 -0.4988
v  2.4484 -3.7730 -0.5095
v  2.4288 -3.7730 -0.5120
v  2.4097 -3.7730 -0.5072
v  2.3925 -3.7730 -0.4944
v  2.3818 -3.7730 -0.4759
v  2.3793 -3.7730 -0.4563
v  2.3841 -3.7730 -0.4372
v  2.3911 -3.7680 -0.4135
v  2.4127 -3.7680 -0.4011
v  2.4355 -3.7680 -0.3981
v  2.4578 -3.7680 -0.4037
v  2.4778 -3.7680 -0.4186
v  2.4902 -3.7680 -0.4402
v  2.4932 -3.7680 -0.4630
v  2.4876 -3.7680 -0.4853
v  2.4727 -3.7680 -0.5053
v  2.4511 -3.7680 -0.5177
v  2.4283 -3.7680 -0.5207
v  2.4060 -3.7680 -0.5151
v  2.3860 -3.7680 -0.5002
v  2.3736 -3.7680 -0.4786
v  2.3706 -3.7680 -0.4558
v  2.3762 -3.7680 -0.4335
v  2.3642 -3.7028 -0.3880
v  2.4018 -3.7023 -0.3653
v  2.4398 -3.7043 -0.3619
v  2.4753 -3.7077 -0.3734
v  2.5022 -3.7111 -0.3979
v  2.5188 -3.7157 -0.4299
v  2.5212 -3.7186 -0.4638
v  2.5122 -3.7204 -0.4962
v  2.4898 -3.7224 -0.5245
v  2.4592 -3.7224 -0.5422
v  2.4265 -3.7214 -0.5475
v  2.3953 -3.7189 -0.5399
v  2.3647 -3.7160 -0.5218
v  2.3445 -3.7109 -0.4901
v  2.3369 -3.7079 -0.4571
v  2.3425 -3.7052 -0.4205
v  2.3513 -3.6745 -0.3743
v  2.3961 -3.6739 -0.3472
v  2.4414 -3.6762 -0.3431
v  2.4839 -3.6803 -0.3568
v  2.5160 -3.6844 -0.3861
v  2.5358 -3.6899 -0.4243
v  2.5387 -3.6933 -0.4648
v  2.5279 -3.6954 -0.5034
v  2.5012 -3.6979 -0.5372
v  2.4646 -3.6979 -0.5583
v  2.4256 -3.6966 -0.5646
v  2.3883 -3.6937 -0.5556
v  2.3519 -3.6902 -0.5340
v  2.3277 -3.6841 -0.4962
v  2.3187 -3.6806 -0.4568
v  2.3254 -3.6774 -0.4131
v  2.4135 -3.7313 -0.4496
v  2.4184 -3.7313 -0.4435
v  2.4251 -3.7313 -0.4397
v  2.4335 -3.7313 -0.4386
v  2.4416 -3.7313 -0.4410
v  2.4476 -3.7313 -0.4459
v  2.4515 -3.7313 -0.4526
v  2.4526 -3.7313 -0.4610
v  2.4502 -3.7313 -0.4691
v  2.4454 -3.7313 -0.4751
v  2.4386 -3.7313 -0.4790
v  2.4303 -3.7313 -0.4800
v  2.4222 -3.7313 -0.4777
v  2.4161 -3.7313 -0.4728
v  2.4122 -3.7313 -0.4661
v  2.4112 -3.7313 -0.4577
v  2.3841 -3.7730 3.1686
v  2.3969 -3.7730 3.1515
v  2.4154 -3.7730 3.1408
v  2.4350 -3.7730 3.1382
v  2.4542 -3.7730 3.1431
v  2.4713 -3.7730 3.1558
v  2.4820 -3.7730 3.1744
v  2.4846 -3.7730 3.1939
v  2.4797 -3.7730 3.2131
v  2.4670 -3.7730 3.2303
v  2.4484 -3.7730 3.2409
v  2.4288 -3.7730 3.2435
v  2.4097 -3.7730 3.2387
v  2.3925 -3.7730 3.2259
v  2.3818 -3.7730 3.2074
v  2.3793 -3.7730 3.1878
v  2.3911 -3.7680 3.1450
v  2.3762 -3.7680 3.1650
v  2.4127 -3.7680 3.1325
v  2.4355 -3.7680 3.1296
v  2.4578 -3.7680 3.1352
v  2.4778 -3.7680 3.1501
v  2.4902 -3.7680 3.1716
v  2.4932 -3.7680 3.1945
v  2.4876 -3.7680 3.2168
v  2.4727 -3.7680 3.2367
v  2.4511 -3.7680 3.2492
v  2.4283 -3.7680 3.2522
v  2.4060 -3.7680 3.2465
v  2.3860 -3.7680 3.2317
v  2.3736 -3.7680 3.2101
v  2.3706 -3.7680 3.1873
v  2.3642 -3.7028 3.1195
v  2.3425 -3.7052 3.1520
v  2.4018 -3.7023 3.0968
v  2.4398 -3.7043 3.0934
v  2.4753 -3.7077 3.1048
v  2.5022 -3.7111 3.1294
v  2.5188 -3.7157 3.1614
v  2.5212 -3.7186 3.1953
v  2.5122 -3.7204 3.2276
v  2.4898 -3.7224 3.2560
v  2.4592 -3.7224 3.2736
v  2.4265 -3.7214 3.2789
v  2.3953 -3.7189 3.2713
v  2.3647 -3.7160 3.2533
v  2.3445 -3.7109 3.2216
v  2.3369 -3.7079 3.1886
v  2.3512 -3.6745 3.1058
v  2.3254 -3.6774 3.1445
v  2.3961 -3.6739 3.0787
v  2.4414 -3.6762 3.0746
v  2.4839 -3.6803 3.0883
v  2.5160 -3.6844 3.1176
v  2.5358 -3.6899 3.1558
v  2.5387 -3.6933 3.1963
v  2.5279 -3.6954 3.2349
v  2.5012 -3.6979 3.2687
v  2.4646 -3.6979 3.2897
v  2.4256 -3.6966 3.2961
v  2.3883 -3.6937 3.2870
v  2.3519 -3.6902 3.2655
v  2.3277 -3.6841 3.2276
v  2.3187 -3.6806 3.1882
v  2.4135 -3.7312 3.1811
v  2.4184 -3.7312 3.1750
v  2.4251 -3.7312 3.1712
v  2.4335 -3.7312 3.1701
v  2.4416 -3.7312 3.1725
v  2.4476 -3.7312 3.1773
v  2.4515 -3.7312 3.1841
v  2.4526 -3.7312 3.1925
v  2.4502 -3.7312 3.2005
v  2.4454 -3.7312 3.2066
v  2.4386 -3.7312 3.2105
v  2.4303 -3.7312 3.2115
v  2.4222 -3.7312 3.2091
v  2.4161 -3.7312 3.2043
v  2.4122 -3.7312 3.1975
v  2.4112 -3.7312 3.1892
v  -2.3841 -3.7730 -0.4372
v  -2.3969 -3.7730 -0.4200
v  -2.4154 -3.7730 -0.4093
v  -2.4350 -3.7730 -0.4068
v  -2.4542 -3.7730 -0.4116
v  -2.4713 -3.7730 -0.4244
v  -2.4820 -3.7730 -0.4429
v  -2.4846 -3.7730 -0.4625
v  -2.4797 -3.7730 -0.4816
v  -2.4670 -3.7730 -0.4988
v  -2.4484 -3.7730 -0.5095
v  -2.4288 -3.7730 -0.5120
v  -2.4097 -3.7730 -0.5072
v  -2.3925 -3.7730 -0.4944
v  -2.3818 -3.7730 -0.4759
v  -2.3793 -3.7730 -0.4563
v  -2.3911 -3.7680 -0.4135
v  -2.3763 -3.7680 -0.4335
v  -2.4127 -3.7680 -0.4011
v  -2.4355 -3.7680 -0.3981
v  -2.4578 -3.7680 -0.4037
v  -2.4778 -3.7680 -0.4186
v  -2.4902 -3.7680 -0.4402
v  -2.4932 -3.7680 -0.4630
v  -2.4876 -3.7680 -0.4853
v  -2.4727 -3.7680 -0.5053
v  -2.4511 -3.7680 -0.5177
v  -2.4283 -3.7680 -0.5207
v  -2.4060 -3.7680 -0.5151
v  -2.3860 -3.7680 -0.5002
v  -2.3736 -3.7680 -0.4786
v  -2.3706 -3.7680 -0.4558
v  -2.3642 -3.7028 -0.3880
v  -2.3425 -3.7052 -0.4205
v  -2.4018 -3.7023 -0.3653
v  -2.4398 -3.7043 -0.3619
v  -2.4753 -3.7077 -0.3734
v  -2.5022 -3.7111 -0.3979
v  -2.5188 -3.7157 -0.4299
v  -2.5212 -3.7185 -0.4638
v  -2.5122 -3.7204 -0.4962
v  -2.4898 -3.7224 -0.5245
v  -2.4592 -3.7224 -0.5422
v  -2.4265 -3.7214 -0.5475
v  -2.3953 -3.7189 -0.5399
v  -2.3647 -3.7160 -0.5218
v  -2.3445 -3.7109 -0.4901
v  -2.3369 -3.7079 -0.4571
v  -2.3513 -3.6745 -0.3743
v  -2.3254 -3.6774 -0.4131
v  -2.3961 -3.6739 -0.3472
v  -2.4414 -3.6762 -0.3431
v  -2.4839 -3.6803 -0.3568
v  -2.5160 -3.6844 -0.3861
v  -2.5358 -3.6899 -0.4243
v  -2.5387 -3.6933 -0.4648
v  -2.5279 -3.6954 -0.5034
v  -2.5012 -3.6979 -0.5372
v  -2.4646 -3.6979 -0.5583
v  -2.4256 -3.6966 -0.5646
v  -2.3883 -3.6937 -0.5556
v  -2.3519 -3.6902 -0.5340
v  -2.3277 -3.6841 -0.4962
v  -2.3187 -3.6806 -0.4568
v  -2.4135 -3.7312 -0.4496
v  -2.4184 -3.7312 -0.4435
v  -2.4251 -3.7312 -0.4397
v  -2.4335 -3.7312 -0.4386
v  -2.4416 -3.7312 -0.4410
v  -2.4477 -3.7312 -0.4459
v  -2.4515 -3.7312 -0.4526
v  -2.4526 -3.7312 -0.4610
v  -2.4502 -3.7312 -0.4691
v  -2.4454 -3.7312 -0.4751
v  -2.4386 -3.7312 -0.4790
v  -2.4303 -3.7312 -0.4800
v  -2.4222 -3.7312 -0.4777
v  -2.4161 -3.7312 -0.4728
v  -2.4122 -3.7312 -0.4661
v  -2.4112 -3.7312 -0.4577
v  -2.3841 -3.7730 3.1686
v  -2.3969 -3.7730 3.1515
v  -2.4154 -3.7730 3.1408
v  -2.4350 -3.7730 3.1382
v  -2.4542 -3.7730 3.1431
v  -2.4713 -3.7730 3.1558
v  -2.4820 -3.7730 3.1744
v  -2.4846 -3.7730 3.1939
v  -2.4797 -3.7730 3.2131
v  -2.4670 -3.7730 3.2303
v  -2.4484 -3.7730 3.2409
v  -2.4288 -3.7730 3.2435
v  -2.4097 -3.7730 3.2387
v  -2.3925 -3.7730 3.2259
v  -2.3818 -3.7730 3.2074
v  -2.3793 -3.7730 3.1878
v  -2.3763 -3.7680 3.1650
v  -2.3911 -3.7680 3.1450
v  -2.4127 -3.7680 3.1325
v  -2.4355 -3.7680 3.1296
v  -2.4578 -3.7680 3.1352
v  -2.4778 -3.7680 3.1501
v  -2.4902 -3.7680 3.1716
v  -2.4932 -3.7680 3.1945
v  -2.4876 -3.7680 3.2168
v  -2.4727 -3.7680 3.2367
v  -2.4511 -3.7680 3.2492
v  -2.4283 -3.7680 3.2522
v  -2.4060 -3.7680 3.2465
v  -2.3860 -3.7680 3.2317
v  -2.3736 -3.7680 3.2101
v  -2.3706 -3.7680 3.1873
v  -2.3425 -3.7052 3.1520
v  -2.3642 -3.7028 3.1195
v  -2.4018 -3.7023 3.0968
v  -2.4398 -3.7043 3.0934
v  -2.4753 -3.7077 3.1048
v  -2.5022 -3.7111 3.1294
v  -2.5188 -3.7157 3.1614
v  -2.5212 -3.7185 3.1953
v  -2.5122 -3.7204 3.2276
v  -2.4898 -3.7224 3.2560
v  -2.4592 -3.7224 3.2736
v  -2.4265 -3.7214 3.2789
v  -2.3953 -3.7189 3.2713
v  -2.3647 -3.7160 3.2533
v  -2.3445 -3.7109 3.2216
v  -2.3369 -3.7079 3.1886
v  -2.3254 -3.6774 3.1445
v  -2.3513 -3.6745 3.1058
v  -2.3961 -3.6739 3.0787
v  -2.4414 -3.6762 3.0746
v  -2.4839 -3.6803 3.0883
v  -2.5160 -3.6844 3.1176
v  -2.5358 -3.6899 3.1558
v  -2.5387 -3.6933 3.1963
v  -2.5279 -3.6954 3.2349
v  -2.5012 -3.6979 3.2687
v  -2.4646 -3.6979 3.2897
v  -2.4256 -3.6966 3.2961
v  -2.3883 -3.6937 3.2870
v  -2.3519 -3.6902 3.2655
v  -2.3277 -3.6841 3.2276
v  -2.3187 -3.6806 3.1882
v  -2.4184 -3.7312 3.1750
v  -2.4135 -3.7312 3.1811
v  -2.4251 -3.7312 3.1712
v  -2.4335 -3.7312 3.1701
v  -2.4416 -3.7312 3.1725
v  -2.4477 -3.7312 3.1773
v  -2.4515 -3.7312 3.1841
v  -2.4526 -3.7312 3.1925
v  -2.4502 -3.7312 3.2005
v  -2.4454 -3.7312 3.2066
v  -2.4386 -3.7312 3.2105
v  -2.4303 -3.7312 3.2115
v  -2.4222 -3.7312 3.2091
v  -2.4161 -3.7312 3.2043
v  -2.4122 -3.7312 3.1975
v  -2.4112 -3.7312 3.1892
v  1.7852 -3.7743 -0.6683
v  1.8037 -3.7743 -0.6576
v  1.8233 -3.7743 -0.6550
v  1.8425 -3.7743 -0.6599
v  1.8597 -3.7743 -0.6726
v  1.8703 -3.7743 -0.6911
v  1.8729 -3.7743 -0.7107
v  1.8681 -3.7743 -0.7299
v  1.8553 -3.7743 -0.7471
v  1.8368 -3.7743 -0.7577
v  1.8172 -3.7743 -0.7603
v  1.7980 -3.7743 -0.7555
v  1.7809 -3.7743 -0.7427
v  1.7702 -3.7743 -0.7242
v  1.7676 -3.7743 -0.7046
v  1.7724 -3.7743 -0.6854
v  1.7795 -3.7693 -0.6618
v  1.8010 -3.7693 -0.6493
v  1.8238 -3.7693 -0.6464
v  1.8462 -3.7693 -0.6520
v  1.8661 -3.7693 -0.6669
v  1.8786 -3.7693 -0.6884
v  1.8815 -3.7693 -0.7112
v  1.8759 -3.7693 -0.7336
v  1.8611 -3.7693 -0.7535
v  1.8395 -3.7693 -0.7660
v  1.8167 -3.7693 -0.7689
v  1.7944 -3.7693 -0.7633
v  1.7744 -3.7693 -0.7485
v  1.7619 -3.7693 -0.7269
v  1.7590 -3.7693 -0.7041
v  1.7646 -3.7693 -0.6818
v  1.7525 -3.7041 -0.6363
v  1.7901 -3.7037 -0.6136
v  1.8281 -3.7056 -0.6102
v  1.8637 -3.7090 -0.6216
v  1.8905 -3.7124 -0.6462
v  1.9071 -3.7171 -0.6782
v  1.9096 -3.7199 -0.7121
v  1.9005 -3.7217 -0.7444
v  1.8782 -3.7238 -0.7728
v  1.8475 -3.7238 -0.7904
v  1.8148 -3.7227 -0.7957
v  1.7836 -3.7203 -0.7881
v  1.7531 -3.7173 -0.7701
v  1.7328 -3.7122 -0.7384
v  1.7252 -3.7093 -0.7054
v  1.7309 -3.7066 -0.6688
v  1.7396 -3.6758 -0.6226
v  1.7845 -3.6752 -0.5955
v  1.8298 -3.6776 -0.5914
v  1.8722 -3.6816 -0.6051
v  1.9043 -3.6857 -0.6344
v  1.9241 -3.6912 -0.6726
v  1.9270 -3.6946 -0.7131
v  1.9162 -3.6968 -0.7517
v  1.8895 -3.6992 -0.7855
v  1.8530 -3.6992 -0.8065
v  1.8139 -3.6979 -0.8129
v  1.7767 -3.6950 -0.8038
v  1.7402 -3.6915 -0.7823
v  1.7161 -3.6854 -0.7444
v  1.7070 -3.6819 -0.7050
v  1.7137 -3.6787 -0.6613
v  1.8019 -3.7326 -0.6979
v  1.8067 -3.7326 -0.6918
v  1.8135 -3.7326 -0.6879
v  1.8218 -3.7326 -0.6869
v  1.8299 -3.7326 -0.6893
v  1.8360 -3.7326 -0.6941
v  1.8398 -3.7326 -0.7009
v  1.8409 -3.7326 -0.7092
v  1.8386 -3.7326 -0.7173
v  1.8337 -3.7326 -0.7234
v  1.8269 -3.7326 -0.7273
v  1.8186 -3.7326 -0.7283
v  1.8105 -3.7326 -0.7259
v  1.8044 -3.7326 -0.7211
v  1.8006 -3.7326 -0.7143
v  1.7995 -3.7326 -0.7060
v  1.8095 -3.7743 3.4064
v  1.8222 -3.7743 3.3893
v  1.8408 -3.7743 3.3786
v  1.8604 -3.7743 3.3760
v  1.8795 -3.7743 3.3809
v  1.8967 -3.7743 3.3936
v  1.9073 -3.7743 3.4122
v  1.9099 -3.7743 3.4317
v  1.9051 -3.7743 3.4509
v  1.8923 -3.7743 3.4681
v  1.8738 -3.7743 3.4787
v  1.8542 -3.7743 3.4813
v  1.8350 -3.7743 3.4765
v  1.8179 -3.7743 3.4637
v  1.8072 -3.7743 3.4452
v  1.8046 -3.7743 3.4256
v  1.8165 -3.7693 3.3828
v  1.8016 -3.7693 3.4028
v  1.8380 -3.7693 3.3703
v  1.8609 -3.7693 3.3674
v  1.8832 -3.7693 3.3730
v  1.9031 -3.7693 3.3879
v  1.9156 -3.7693 3.4094
v  1.9186 -3.7693 3.4323
v  1.9129 -3.7693 3.4546
v  1.8981 -3.7693 3.4745
v  1.8765 -3.7693 3.4870
v  1.8537 -3.7693 3.4900
v  1.8314 -3.7693 3.4843
v  1.8114 -3.7693 3.4695
v  1.7990 -3.7693 3.4479
v  1.7960 -3.7693 3.4251
v  1.7895 -3.7041 3.3573
v  1.7679 -3.7065 3.3898
v  1.8271 -3.7036 3.3346
v  1.8651 -3.7056 3.3312
v  1.9007 -3.7090 3.3426
v  1.9275 -3.7124 3.3672
v  1.9441 -3.7170 3.3992
v  1.9466 -3.7199 3.4331
v  1.9376 -3.7217 3.4654
v  1.9152 -3.7237 3.4938
v  1.8845 -3.7237 3.5114
v  1.8518 -3.7227 3.5167
v  1.8206 -3.7202 3.5091
v  1.7901 -3.7173 3.4911
v  1.7698 -3.7122 3.4594
v  1.7623 -3.7092 3.4264
v  1.7766 -3.6758 3.3436
v  1.7507 -3.6787 3.3823
v  1.8215 -3.6752 3.3165
v  1.8668 -3.6775 3.3124
v  1.9093 -3.6816 3.3261
v  1.9413 -3.6857 3.3554
v  1.9611 -3.6912 3.3936
v  1.9640 -3.6946 3.4341
v  1.9532 -3.6967 3.4727
v  1.9265 -3.6992 3.5065
v  1.8900 -3.6992 3.5275
v  1.8509 -3.6979 3.5339
v  1.8137 -3.6950 3.5248
v  1.7773 -3.6915 3.5033
v  1.7531 -3.6854 3.4654
v  1.7440 -3.6819 3.4260
v  1.8389 -3.7326 3.4189
v  1.8437 -3.7326 3.4128
v  1.8505 -3.7326 3.4090
v  1.8588 -3.7326 3.4079
v  1.8669 -3.7326 3.4103
v  1.8730 -3.7326 3.4151
v  1.8769 -3.7326 3.4219
v  1.8779 -3.7326 3.4303
v  1.8756 -3.7326 3.4383
v  1.8707 -3.7326 3.4444
v  1.8640 -3.7326 3.4483
v  1.8556 -3.7326 3.4493
v  1.8475 -3.7326 3.4469
v  1.8414 -3.7326 3.4421
v  1.8376 -3.7326 3.4353
v  1.8365 -3.7326 3.4270
v  -1.7725 -3.7743 -0.6854
v  -1.7852 -3.7743 -0.6683
v  -1.8038 -3.7743 -0.6576
v  -1.8233 -3.7743 -0.6550
v  -1.8425 -3.7743 -0.6599
v  -1.8597 -3.7743 -0.6726
v  -1.8703 -3.7743 -0.6911
v  -1.8729 -3.7743 -0.7107
v  -1.8681 -3.7743 -0.7299
v  -1.8553 -3.7743 -0.7471
v  -1.8368 -3.7743 -0.7577
v  -1.8172 -3.7743 -0.7603
v  -1.7980 -3.7743 -0.7555
v  -1.7809 -3.7743 -0.7427
v  -1.7702 -3.7743 -0.7242
v  -1.7676 -3.7743 -0.7046
v  -1.7795 -3.7693 -0.6618
v  -1.7646 -3.7693 -0.6818
v  -1.8010 -3.7693 -0.6493
v  -1.8239 -3.7693 -0.6464
v  -1.8462 -3.7693 -0.6520
v  -1.8661 -3.7693 -0.6669
v  -1.8786 -3.7693 -0.6884
v  -1.8816 -3.7693 -0.7112
v  -1.8759 -3.7693 -0.7336
v  -1.8611 -3.7693 -0.7535
v  -1.8395 -3.7693 -0.7660
v  -1.8167 -3.7693 -0.7689
v  -1.7944 -3.7693 -0.7633
v  -1.7744 -3.7693 -0.7485
v  -1.7619 -3.7693 -0.7269
v  -1.7590 -3.7693 -0.7041
v  -1.7525 -3.7041 -0.6363
v  -1.7309 -3.7066 -0.6688
v  -1.7901 -3.7037 -0.6136
v  -1.8281 -3.7056 -0.6102
v  -1.8637 -3.7090 -0.6216
v  -1.8905 -3.7124 -0.6462
v  -1.9071 -3.7171 -0.6782
v  -1.9096 -3.7199 -0.7121
v  -1.9005 -3.7217 -0.7444
v  -1.8782 -3.7238 -0.7728
v  -1.8475 -3.7238 -0.7904
v  -1.8148 -3.7227 -0.7957
v  -1.7836 -3.7203 -0.7881
v  -1.7531 -3.7173 -0.7701
v  -1.7328 -3.7122 -0.7384
v  -1.7253 -3.7093 -0.7054
v  -1.7396 -3.6758 -0.6226
v  -1.7137 -3.6787 -0.6613
v  -1.7845 -3.6752 -0.5955
v  -1.8298 -3.6776 -0.5914
v  -1.8722 -3.6816 -0.6051
v  -1.9043 -3.6857 -0.6344
v  -1.9241 -3.6912 -0.6726
v  -1.9270 -3.6946 -0.7131
v  -1.9162 -3.6968 -0.7517
v  -1.8895 -3.6992 -0.7855
v  -1.8530 -3.6992 -0.8065
v  -1.8139 -3.6979 -0.8129
v  -1.7767 -3.6950 -0.8038
v  -1.7402 -3.6915 -0.7823
v  -1.7161 -3.6854 -0.7444
v  -1.7070 -3.6819 -0.7050
v  -1.8019 -3.7326 -0.6979
v  -1.8067 -3.7326 -0.6918
v  -1.8135 -3.7326 -0.6880
v  -1.8218 -3.7326 -0.6869
v  -1.8299 -3.7326 -0.6893
v  -1.8360 -3.7326 -0.6941
v  -1.8398 -3.7326 -0.7009
v  -1.8409 -3.7326 -0.7092
v  -1.8386 -3.7326 -0.7173
v  -1.8337 -3.7326 -0.7234
v  -1.8269 -3.7326 -0.7273
v  -1.8186 -3.7326 -0.7283
v  -1.8105 -3.7326 -0.7259
v  -1.8044 -3.7326 -0.7211
v  -1.8006 -3.7326 -0.7143
v  -1.7995 -3.7326 -0.7060
v  -1.8095 -3.7743 3.4064
v  -1.8222 -3.7743 3.3893
v  -1.8408 -3.7743 3.3786
v  -1.8604 -3.7743 3.3760
v  -1.8795 -3.7743 3.3809
v  -1.8967 -3.7743 3.3936
v  -1.9073 -3.7743 3.4122
v  -1.9099 -3.7743 3.4317
v  -1.9051 -3.7743 3.4509
v  -1.8923 -3.7743 3.4681
v  -1.8738 -3.7743 3.4787
v  -1.8542 -3.7743 3.4813
v  -1.8350 -3.7743 3.4765
v  -1.8179 -3.7743 3.4637
v  -1.8072 -3.7743 3.4452
v  -1.8046 -3.7743 3.4256
v  -1.8016 -3.7693 3.4028
v  -1.8165 -3.7693 3.3828
v  -1.8381 -3.7693 3.3703
v  -1.8609 -3.7693 3.3674
v  -1.8832 -3.7693 3.3730
v  -1.9032 -3.7693 3.3879
v  -1.9156 -3.7693 3.4094
v  -1.9186 -3.7693 3.4323
v  -1.9129 -3.7693 3.4546
v  -1.8981 -3.7693 3.4745
v  -1.8765 -3.7693 3.4870
v  -1.8537 -3.7693 3.4900
v  -1.8314 -3.7693 3.4843
v  -1.8114 -3.7693 3.4695
v  -1.7990 -3.7693 3.4479
v  -1.7960 -3.7693 3.4251
v  -1.7679 -3.7065 3.3898
v  -1.7895 -3.7041 3.3573
v  -1.8271 -3.7036 3.3346
v  -1.8651 -3.7056 3.3312
v  -1.9007 -3.7090 3.3426
v  -1.9275 -3.7124 3.3672
v  -1.9442 -3.7170 3.3992
v  -1.9466 -3.7199 3.4331
v  -1.9376 -3.7217 3.4654
v  -1.9152 -3.7237 3.4938
v  -1.8846 -3.7237 3.5114
v  -1.8518 -3.7227 3.5167
v  -1.8206 -3.7202 3.5091
v  -1.7901 -3.7173 3.4911
v  -1.7698 -3.7122 3.4594
v  -1.7623 -3.7092 3.4264
v  -1.7507 -3.6787 3.3823
v  -1.7766 -3.6758 3.3436
v  -1.8215 -3.6752 3.3165
v  -1.8668 -3.6775 3.3124
v  -1.9093 -3.6816 3.3261
v  -1.9413 -3.6857 3.3554
v  -1.9611 -3.6912 3.3936
v  -1.9640 -3.6946 3.4341
v  -1.9533 -3.6967 3.4727
v  -1.9265 -3.6992 3.5065
v  -1.8900 -3.6992 3.5275
v  -1.8509 -3.6979 3.5339
v  -1.8137 -3.6950 3.5248
v  -1.7773 -3.6915 3.5033
v  -1.7531 -3.6854 3.4654
v  -1.7440 -3.6819 3.4260
v  -1.8437 -3.7325 3.4128
v  -1.8389 -3.7325 3.4189
v  -1.8505 -3.7325 3.4090
v  -1.8588 -3.7325 3.4079
v  -1.8669 -3.7325 3.4103
v  -1.8730 -3.7325 3.4151
v  -1.8769 -3.7325 3.4219
v  -1.8779 -3.7325 3.4303
v  -1.8756 -3.7325 3.4383
v  -1.8707 -3.7325 3.4444
v  -1.8640 -3.7325 3.4483
v  -1.8556 -3.7325 3.4493
v  -1.8475 -3.7325 3.4469
v  -1.8414 -3.7325 3.4421
v  -1.8376 -3.7325 3.4353
v  -1.8365 -3.7325 3.4270
v  1.0947 -3.7742 -0.7829
v  1.1132 -3.7742 -0.7722
v  1.1328 -3.7742 -0.7696
v  1.1520 -3.7742 -0.7745
v  1.1691 -3.7742 -0.7872
v  1.1798 -3.7742 -0.8058
v  1.1824 -3.7742 -0.8253
v  1.1775 -3.7742 -0.8445
v  1.1648 -3.7742 -0.8617
v  1.1462 -3.7742 -0.8723
v  1.1266 -3.7742 -0.8749
v  1.1075 -3.7742 -0.8701
v  1.0903 -3.7742 -0.8573
v  1.0797 -3.7742 -0.8388
v  1.0771 -3.7742 -0.8192
v  1.0819 -3.7742 -0.8000
v  1.0889 -3.7692 -0.7764
v  1.1105 -3.7692 -0.7639
v  1.1333 -3.7692 -0.7610
v  1.1556 -3.7692 -0.7666
v  1.1756 -3.7692 -0.7815
v  1.1880 -3.7692 -0.8030
v  1.1910 -3.7692 -0.8259
v  1.1854 -3.7692 -0.8482
v  1.1705 -3.7692 -0.8681
v  1.1489 -3.7692 -0.8806
v  1.1261 -3.7692 -0.8836
v  1.1038 -3.7692 -0.8779
v  1.0838 -3.7692 -0.8631
v  1.0714 -3.7692 -0.8415
v  1.0684 -3.7692 -0.8187
v  1.0741 -3.7692 -0.7964
v  1.0620 -3.7040 -0.7509
v  1.0996 -3.7035 -0.7282
v  1.1376 -3.7054 -0.7248
v  1.1732 -3.7089 -0.7362
v  1.2000 -3.7123 -0.7608
v  1.2166 -3.7169 -0.7928
v  1.2191 -3.7197 -0.8267
v  1.2100 -3.7216 -0.8590
v  1.1876 -3.7236 -0.8874
v  1.1570 -3.7236 -0.9050
v  1.1243 -3.7225 -0.9103
v  1.0931 -3.7201 -0.9027
v  1.0626 -3.7172 -0.8847
v  1.0423 -3.7120 -0.8530
v  1.0347 -3.7091 -0.8200
v  1.0403 -3.7064 -0.7834
v  1.0491 -3.6712 -0.7372
v  1.0940 -3.6707 -0.7101
v  1.1393 -3.6730 -0.7060
v  1.1817 -3.6771 -0.7197
v  1.2138 -3.6811 -0.7490
v  1.2336 -3.6867 -0.7871
v  1.2365 -3.6900 -0.8277
v  1.2257 -3.6922 -0.8663
v  1.1990 -3.6947 -0.9001
v  1.1625 -3.6947 -0.9211
v  1.1234 -3.6934 -0.9274
v  1.0862 -3.6905 -0.9184
v  1.0497 -3.6870 -0.8969
v  1.0256 -3.6809 -0.8590
v  1.0165 -3.6774 -0.8196
v  1.0232 -3.6742 -0.7759
v  1.1113 -3.7324 -0.8125
v  1.1162 -3.7324 -0.8064
v  1.1229 -3.7324 -0.8026
v  1.1313 -3.7324 -0.8015
v  1.1394 -3.7324 -0.8039
v  1.1455 -3.7324 -0.8087
v  1.1493 -3.7324 -0.8155
v  1.1504 -3.7324 -0.8239
v  1.1480 -3.7324 -0.8319
v  1.1432 -3.7324 -0.8380
v  1.1364 -3.7324 -0.8419
v  1.1281 -3.7324 -0.8429
v  1.1200 -3.7324 -0.8405
v  1.1139 -3.7324 -0.8357
v  1.1100 -3.7324 -0.8289
v  1.1090 -3.7324 -0.8206
v  1.1979 -3.7744 3.5206
v  1.2107 -3.7744 3.5034
v  1.2292 -3.7744 3.4927
v  1.2488 -3.7744 3.4902
v  1.2679 -3.7744 3.4950
v  1.2851 -3.7744 3.5078
v  1.2958 -3.7744 3.5263
v  1.2983 -3.7744 3.5459
v  1.2935 -3.7744 3.5651
v  1.2807 -3.7744 3.5822
v  1.2622 -3.7744 3.5929
v  1.2426 -3.7744 3.5954
v  1.2235 -3.7744 3.5906
v  1.2063 -3.7744 3.5779
v  1.1956 -3.7744 3.5593
v  1.1931 -3.7744 3.5397
v  1.2049 -3.7694 3.4969
v  1.1900 -3.7694 3.5169
v  1.2265 -3.7694 3.4845
v  1.2493 -3.7694 3.4815
v  1.2716 -3.7694 3.4871
v  1.2916 -3.7694 3.5020
v  1.3040 -3.7694 3.5236
v  1.3070 -3.7694 3.5464
v  1.3014 -3.7694 3.5687
v  1.2865 -3.7694 3.5887
v  1.2649 -3.7694 3.6011
v  1.2421 -3.7694 3.6041
v  1.2198 -3.7694 3.5985
v  1.1998 -3.7694 3.5836
v  1.1874 -3.7694 3.5620
v  1.1844 -3.7694 3.5392
v  1.1780 -3.7042 3.4714
v  1.1563 -3.7067 3.5039
v  1.2156 -3.7037 3.4487
v  1.2535 -3.7057 3.4453
v  1.2891 -3.7091 3.4568
v  1.3160 -3.7125 3.4813
v  1.3326 -3.7172 3.5133
v  1.3350 -3.7200 3.5472
v  1.3260 -3.7218 3.5796
v  1.3036 -3.7238 3.6079
v  1.2730 -3.7238 3.6256
v  1.2402 -3.7228 3.6309
v  1.2090 -3.7203 3.6233
v  1.1785 -3.7174 3.6052
v  1.1583 -3.7123 3.5735
v  1.1507 -3.7093 3.5405
v  1.1650 -3.6759 3.4577
v  1.1392 -3.6788 3.4965
v  1.2099 -3.6753 3.4306
v  1.2552 -3.6776 3.4266
v  1.2977 -3.6817 3.4403
v  1.3297 -3.6858 3.4695
v  1.3496 -3.6913 3.5077
v  1.3525 -3.6947 3.5482
v  1.3417 -3.6969 3.5868
v  1.3150 -3.6993 3.6206
v  1.2784 -3.6993 3.6417
v  1.2393 -3.6980 3.6480
v  1.2021 -3.6951 3.6390
v  1.1657 -3.6916 3.6174
v  1.1415 -3.6855 3.5796
v  1.1325 -3.6820 3.5402
v  1.2273 -3.7327 3.5330
v  1.2322 -3.7327 3.5270
v  1.2389 -3.7327 3.5231
v  1.2473 -3.7327 3.5221
v  1.2554 -3.7327 3.5244
v  1.2614 -3.7327 3.5293
v  1.2653 -3.7327 3.5361
v  1.2664 -3.7327 3.5444
v  1.2640 -3.7327 3.5525
v  1.2591 -3.7327 3.5586
v  1.2524 -3.7327 3.5624
v  1.2440 -3.7327 3.5635
v  1.2360 -3.7327 3.5611
v  1.2299 -3.7327 3.5562
v  1.2260 -3.7327 3.5495
v  1.2250 -3.7327 3.5411
v  -1.0819 -3.7742 -0.8000
v  -1.0947 -3.7742 -0.7829
v  -1.1132 -3.7742 -0.7722
v  -1.1328 -3.7742 -0.7696
v  -1.1520 -3.7742 -0.7745
v  -1.1691 -3.7742 -0.7872
v  -1.1798 -3.7742 -0.8058
v  -1.1824 -3.7742 -0.8253
v  -1.1775 -3.7742 -0.8445
v  -1.1648 -3.7742 -0.8617
v  -1.1462 -3.7742 -0.8723
v  -1.1266 -3.7742 -0.8749
v  -1.1075 -3.7742 -0.8701
v  -1.0903 -3.7742 -0.8573
v  -1.0797 -3.7742 -0.8388
v  -1.0771 -3.7742 -0.8192
v  -1.0889 -3.7692 -0.7764
v  -1.0741 -3.7692 -0.7964
v  -1.1105 -3.7692 -0.7639
v  -1.1333 -3.7692 -0.7610
v  -1.1556 -3.7692 -0.7666
v  -1.1756 -3.7692 -0.7815
v  -1.1880 -3.7692 -0.8030
v  -1.1910 -3.7692 -0.8259
v  -1.1854 -3.7692 -0.8482
v  -1.1705 -3.7692 -0.8681
v  -1.1490 -3.7692 -0.8806
v  -1.1261 -3.7692 -0.8836
v  -1.1038 -3.7692 -0.8779
v  -1.0839 -3.7692 -0.8631
v  -1.0714 -3.7692 -0.8415
v  -1.0684 -3.7692 -0.8187
v  -1.0620 -3.7040 -0.7509
v  -1.0403 -3.7064 -0.7834
v  -1.0996 -3.7035 -0.7282
v  -1.1376 -3.7054 -0.7248
v  -1.1732 -3.7089 -0.7362
v  -1.2000 -3.7123 -0.7608
v  -1.2166 -3.7169 -0.7928
v  -1.2191 -3.7197 -0.8267
v  -1.2100 -3.7216 -0.8590
v  -1.1876 -3.7236 -0.8874
v  -1.1570 -3.7236 -0.9050
v  -1.1243 -3.7225 -0.9103
v  -1.0931 -3.7201 -0.9027
v  -1.0626 -3.7172 -0.8847
v  -1.0423 -3.7120 -0.8530
v  -1.0347 -3.7091 -0.8200
v  -1.0491 -3.6756 -0.7372
v  -1.0232 -3.6785 -0.7759
v  -1.0939 -3.6751 -0.7101
v  -1.1392 -3.6774 -0.7060
v  -1.1817 -3.6815 -0.7197
v  -1.2138 -3.6855 -0.7490
v  -1.2336 -3.6911 -0.7872
v  -1.2365 -3.6944 -0.8277
v  -1.2257 -3.6966 -0.8663
v  -1.1990 -3.6991 -0.9001
v  -1.1625 -3.6991 -0.9211
v  -1.1234 -3.6978 -0.9275
v  -1.0861 -3.6949 -0.9184
v  -1.0497 -3.6914 -0.8969
v  -1.0255 -3.6853 -0.8590
v  -1.0165 -3.6818 -0.8196
v  -1.1113 -3.7324 -0.8125
v  -1.1162 -3.7324 -0.8064
v  -1.1230 -3.7324 -0.8026
v  -1.1313 -3.7324 -0.8015
v  -1.1394 -3.7324 -0.8039
v  -1.1455 -3.7324 -0.8087
v  -1.1493 -3.7324 -0.8155
v  -1.1504 -3.7324 -0.8239
v  -1.1480 -3.7324 -0.8319
v  -1.1432 -3.7324 -0.8380
v  -1.1364 -3.7324 -0.8419
v  -1.1281 -3.7324 -0.8429
v  -1.1200 -3.7324 -0.8405
v  -1.1139 -3.7324 -0.8357
v  -1.1101 -3.7324 -0.8289
v  -1.1090 -3.7324 -0.8206
v  -1.1979 -3.7744 3.5206
v  -1.2107 -3.7744 3.5034
v  -1.2292 -3.7744 3.4927
v  -1.2488 -3.7744 3.4902
v  -1.2680 -3.7744 3.4950
v  -1.2851 -3.7744 3.5078
v  -1.2958 -3.7744 3.5263
v  -1.2983 -3.7744 3.5459
v  -1.2935 -3.7744 3.5651
v  -1.2807 -3.7744 3.5822
v  -1.2622 -3.7744 3.5929
v  -1.2426 -3.7744 3.5954
v  -1.2235 -3.7744 3.5906
v  -1.2063 -3.7744 3.5779
v  -1.1956 -3.7744 3.5593
v  -1.1931 -3.7744 3.5397
v  -1.1900 -3.7694 3.5169
v  -1.2049 -3.7694 3.4969
v  -1.2265 -3.7694 3.4845
v  -1.2493 -3.7694 3.4815
v  -1.2716 -3.7694 3.4871
v  -1.2916 -3.7694 3.5020
v  -1.3040 -3.7694 3.5236
v  -1.3070 -3.7694 3.5464
v  -1.3014 -3.7694 3.5687
v  -1.2865 -3.7694 3.5887
v  -1.2649 -3.7694 3.6011
v  -1.2421 -3.7694 3.6041
v  -1.2198 -3.7694 3.5985
v  -1.1998 -3.7694 3.5836
v  -1.1874 -3.7694 3.5620
v  -1.1844 -3.7694 3.5392
v  -1.1563 -3.7067 3.5039
v  -1.1780 -3.7042 3.4714
v  -1.2156 -3.7037 3.4487
v  -1.2535 -3.7057 3.4453
v  -1.2891 -3.7091 3.4568
v  -1.3160 -3.7125 3.4813
v  -1.3326 -3.7172 3.5133
v  -1.3350 -3.7200 3.5472
v  -1.3260 -3.7218 3.5796
v  -1.3036 -3.7238 3.6079
v  -1.2730 -3.7238 3.6256
v  -1.2402 -3.7228 3.6309
v  -1.2091 -3.7203 3.6233
v  -1.1785 -3.7174 3.6052
v  -1.1583 -3.7123 3.5735
v  -1.1507 -3.7093 3.5405
v  -1.1392 -3.6788 3.4965
v  -1.1650 -3.6759 3.4577
v  -1.2099 -3.6753 3.4306
v  -1.2552 -3.6776 3.4266
v  -1.2977 -3.6817 3.4403
v  -1.3297 -3.6858 3.4695
v  -1.3496 -3.6913 3.5077
v  -1.3525 -3.6947 3.5482
v  -1.3417 -3.6969 3.5868
v  -1.3150 -3.6993 3.6206
v  -1.2784 -3.6993 3.6417
v  -1.2393 -3.6980 3.6480
v  -1.2021 -3.6951 3.6390
v  -1.1657 -3.6916 3.6174
v  -1.1415 -3.6855 3.5796
v  -1.1325 -3.6820 3.5402
v  -1.2322 -3.7327 3.5270
v  -1.2273 -3.7327 3.5330
v  -1.2389 -3.7327 3.5231
v  -1.2473 -3.7327 3.5221
v  -1.2554 -3.7327 3.5244
v  -1.2614 -3.7327 3.5293
v  -1.2653 -3.7327 3.5361
v  -1.2664 -3.7327 3.5444
v  -1.2640 -3.7327 3.5525
v  -1.2592 -3.7327 3.5586
v  -1.2524 -3.7327 3.5624
v  -1.2440 -3.7327 3.5635
v  -1.2360 -3.7327 3.5611
v  -1.2299 -3.7327 3.5562
v  -1.2260 -3.7327 3.5495
v  -1.2250 -3.7327 3.5411
v  0.3556 -3.7742 -0.8141
v  0.3741 -3.7742 -0.8034
v  0.3937 -3.7742 -0.8009
v  0.4129 -3.7742 -0.8057
v  0.4300 -3.7742 -0.8185
v  0.4407 -3.7742 -0.8370
v  0.4433 -3.7742 -0.8566
v  0.4384 -3.7742 -0.8758
v  0.4257 -3.7742 -0.8929
v  0.4071 -3.7742 -0.9036
v  0.3875 -3.7742 -0.9061
v  0.3684 -3.7742 -0.9013
v  0.3512 -3.7742 -0.8886
v  0.3405 -3.7742 -0.8700
v  0.3380 -3.7742 -0.8504
v  0.3428 -3.7742 -0.8313
v  0.3498 -3.7692 -0.8076
v  0.3714 -3.7692 -0.7952
v  0.3942 -3.7692 -0.7922
v  0.4165 -3.7692 -0.7978
v  0.4365 -3.7692 -0.8127
v  0.4489 -3.7692 -0.8343
v  0.4519 -3.7692 -0.8571
v  0.4463 -3.7692 -0.8794
v  0.4314 -3.7692 -0.8994
v  0.4098 -3.7692 -0.9118
v  0.3870 -3.7692 -0.9148
v  0.3647 -3.7692 -0.9092
v  0.3447 -3.7692 -0.8943
v  0.3323 -3.7692 -0.8727
v  0.3293 -3.7692 -0.8499
v  0.3350 -3.7692 -0.8276
v  0.3229 -3.7040 -0.7821
v  0.3605 -3.7035 -0.7594
v  0.3985 -3.7054 -0.7560
v  0.4340 -3.7089 -0.7675
v  0.4609 -3.7123 -0.7920
v  0.4775 -3.7169 -0.8240
v  0.4799 -3.7197 -0.8579
v  0.4709 -3.7216 -0.8903
v  0.4485 -3.7236 -0.9186
v  0.4179 -3.7236 -0.9363
v  0.3852 -3.7225 -0.9416
v  0.3540 -3.7201 -0.9340
v  0.3234 -3.7172 -0.9159
v  0.3032 -3.7120 -0.8842
v  0.2956 -3.7091 -0.8512
v  0.3012 -3.7064 -0.8146
v  0.3100 -3.6715 -0.7684
v  0.3548 -3.6709 -0.7413
v  0.4002 -3.6732 -0.7373
v  0.4426 -3.6773 -0.7509
v  0.4747 -3.6814 -0.7802
v  0.4945 -3.6869 -0.8184
v  0.4974 -3.6903 -0.8589
v  0.4866 -3.6925 -0.8975
v  0.4599 -3.6949 -0.9313
v  0.4234 -3.6949 -0.9524
v  0.3843 -3.6936 -0.9587
v  0.3470 -3.6907 -0.9497
v  0.3106 -3.6872 -0.9281
v  0.2864 -3.6811 -0.8903
v  0.2774 -3.6776 -0.8509
v  0.2841 -3.6744 -0.8072
v  0.3722 -3.7324 -0.8437
v  0.3771 -3.7324 -0.8377
v  0.3838 -3.7324 -0.8338
v  0.3922 -3.7324 -0.8328
v  0.4003 -3.7324 -0.8351
v  0.4064 -3.7324 -0.8400
v  0.4102 -3.7324 -0.8467
v  0.4113 -3.7324 -0.8551
v  0.4089 -3.7324 -0.8632
v  0.4041 -3.7324 -0.8693
v  0.3973 -3.7324 -0.8731
v  0.3890 -3.7324 -0.8742
v  0.3809 -3.7324 -0.8718
v  0.3748 -3.7324 -0.8669
v  0.3709 -3.7324 -0.8602
v  0.3699 -3.7324 -0.8518
v  0.5760 -3.7742 3.5566
v  0.5888 -3.7742 3.5395
v  0.6073 -3.7742 3.5288
v  0.6269 -3.7742 3.5262
v  0.6460 -3.7742 3.5311
v  0.6632 -3.7742 3.5438
v  0.6739 -3.7742 3.5624
v  0.6764 -3.7742 3.5820
v  0.6716 -3.7742 3.6011
v  0.6588 -3.7742 3.6183
v  0.6403 -3.7742 3.6290
v  0.6207 -3.7742 3.6315
v  0.6016 -3.7742 3.6267
v  0.5844 -3.7742 3.6139
v  0.5737 -3.7742 3.5954
v  0.5712 -3.7742 3.5758
v  0.5830 -3.7692 3.5330
v  0.5681 -3.7692 3.5530
v  0.6046 -3.7692 3.5206
v  0.6274 -3.7692 3.5176
v  0.6497 -3.7692 3.5232
v  0.6697 -3.7692 3.5381
v  0.6821 -3.7692 3.5597
v  0.6851 -3.7692 3.5825
v  0.6795 -3.7692 3.6048
v  0.6646 -3.7692 3.6248
v  0.6430 -3.7692 3.6372
v  0.6202 -3.7692 3.6402
v  0.5979 -3.7692 3.6345
v  0.5779 -3.7692 3.6197
v  0.5655 -3.7692 3.5981
v  0.5625 -3.7692 3.5753
v  0.5561 -3.7040 3.5075
v  0.5344 -3.7064 3.5400
v  0.5937 -3.7035 3.4848
v  0.6316 -3.7054 3.4814
v  0.6672 -3.7089 3.4929
v  0.6941 -3.7123 3.5174
v  0.7107 -3.7169 3.5494
v  0.7131 -3.7197 3.5833
v  0.7041 -3.7216 3.6157
v  0.6817 -3.7236 3.6440
v  0.6511 -3.7236 3.6616
v  0.6183 -3.7225 3.6669
v  0.5871 -3.7201 3.6594
v  0.5566 -3.7172 3.6413
v  0.5364 -3.7120 3.6096
v  0.5288 -3.7091 3.5766
v  0.5431 -3.6744 3.4938
v  0.5173 -3.6773 3.5326
v  0.5880 -3.6738 3.4667
v  0.6333 -3.6762 3.4626
v  0.6758 -3.6802 3.4763
v  0.7078 -3.6843 3.5056
v  0.7277 -3.6899 3.5438
v  0.7306 -3.6932 3.5843
v  0.7198 -3.6954 3.6229
v  0.6931 -3.6978 3.6567
v  0.6565 -3.6978 3.6778
v  0.6174 -3.6966 3.6841
v  0.5802 -3.6936 3.6750
v  0.5438 -3.6901 3.6535
v  0.5196 -3.6840 3.6156
v  0.5106 -3.6805 3.5763
v  0.6054 -3.7324 3.5691
v  0.6103 -3.7324 3.5630
v  0.6170 -3.7324 3.5592
v  0.6254 -3.7324 3.5581
v  0.6335 -3.7324 3.5605
v  0.6395 -3.7324 3.5654
v  0.6434 -3.7324 3.5721
v  0.6445 -3.7324 3.5805
v  0.6421 -3.7324 3.5886
v  0.6372 -3.7324 3.5946
v  0.6305 -3.7324 3.5985
v  0.6221 -3.7324 3.5995
v  0.6141 -3.7324 3.5972
v  0.6080 -3.7324 3.5923
v  0.6041 -3.7324 3.5855
v  0.6031 -3.7324 3.5772
v  1.0628 -3.7232 -0.1082
v  1.0813 -3.7232 -0.0975
v  1.1009 -3.7232 -0.0949
v  1.1200 -3.7232 -0.0998
v  1.1372 -3.7232 -0.1125
v  1.1479 -3.7232 -0.1311
v  1.1504 -3.7232 -0.1507
v  1.1456 -3.7232 -0.1698
v  1.1328 -3.7232 -0.1870
v  1.1143 -3.7232 -0.1977
v  1.0947 -3.7232 -0.2002
v  1.0755 -3.7232 -0.1954
v  1.0584 -3.7232 -0.1826
v  1.0477 -3.7232 -0.1641
v  1.0452 -3.7232 -0.1445
v  1.0500 -3.7232 -0.1253
v  1.0570 -3.7182 -0.1017
v  1.0786 -3.7182 -0.0893
v  1.1014 -3.7182 -0.0863
v  1.1237 -3.7182 -0.0919
v  1.1437 -3.7182 -0.1068
v  1.1561 -3.7182 -0.1284
v  1.1591 -3.7182 -0.1512
v  1.1535 -3.7182 -0.1735
v  1.1386 -3.7182 -0.1935
v  1.1170 -3.7182 -0.2059
v  1.0942 -3.7182 -0.2089
v  1.0719 -3.7182 -0.2032
v  1.0519 -3.7182 -0.1884
v  1.0395 -3.7182 -0.1668
v  1.0365 -3.7182 -0.1440
v  1.0421 -3.7182 -0.1217
v  1.0301 -3.6530 -0.0762
v  1.0677 -3.6525 -0.0535
v  1.1056 -3.6545 -0.0501
v  1.1412 -3.6579 -0.0616
v  1.1681 -3.6613 -0.0861
v  1.1847 -3.6660 -0.1181
v  1.1871 -3.6688 -0.1520
v  1.1781 -3.6706 -0.1844
v  1.1557 -3.6726 -0.2127
v  1.1251 -3.6726 -0.2303
v  1.0923 -3.6716 -0.2356
v  1.0611 -3.6691 -0.2281
v  1.0306 -3.6662 -0.2100
v  1.0104 -3.6611 -0.1783
v  1.0028 -3.6581 -0.1453
v  1.0084 -3.6555 -0.1087
v  1.0171 -3.6220 -0.0625
v  1.0620 -3.6214 -0.0354
v  1.1073 -3.6237 -0.0313
v  1.1498 -3.6278 -0.0450
v  1.1818 -3.6319 -0.0743
v  1.2017 -3.6374 -0.1125
v  1.2046 -3.6408 -0.1530
v  1.1938 -3.6430 -0.1916
v  1.1671 -3.6454 -0.2254
v  1.1305 -3.6454 -0.2465
v  1.0914 -3.6441 -0.2528
v  1.0542 -3.6412 -0.2437
v  1.0178 -3.6377 -0.2222
v  0.9936 -3.6316 -0.1843
v  0.9846 -3.6281 -0.1450
v  0.9913 -3.6249 -0.1013
v  1.0794 -3.6815 -0.1378
v  1.0843 -3.6815 -0.1317
v  1.0910 -3.6815 -0.1279
v  1.0994 -3.6815 -0.1268
v  1.1075 -3.6815 -0.1292
v  1.1135 -3.6815 -0.1341
v  1.1174 -3.6815 -0.1408
v  1.1184 -3.6815 -0.1492
v  1.1161 -3.6815 -0.1573
v  1.1112 -3.6815 -0.1633
v  1.1045 -3.6815 -0.1672
v  1.0961 -3.6815 -0.1682
v  1.0880 -3.6815 -0.1659
v  1.0820 -3.6815 -0.1610
v  1.0781 -3.6815 -0.1542
v  1.0771 -3.6815 -0.1459
v  1.0500 -3.7232 2.8568
v  1.0628 -3.7232 2.8396
v  1.0813 -3.7232 2.8290
v  1.1009 -3.7232 2.8264
v  1.1200 -3.7232 2.8312
v  1.1372 -3.7232 2.8440
v  1.1479 -3.7232 2.8625
v  1.1504 -3.7232 2.8821
v  1.1456 -3.7232 2.9013
v  1.1328 -3.7232 2.9184
v  1.1143 -3.7232 2.9291
v  1.0947 -3.7232 2.9317
v  1.0755 -3.7232 2.9268
v  1.0584 -3.7232 2.9141
v  1.0477 -3.7232 2.8955
v  1.0452 -3.7232 2.8759
v  1.0570 -3.7182 2.8332
v  1.0421 -3.7182 2.8531
v  1.0786 -3.7182 2.8207
v  1.1014 -3.7182 2.8177
v  1.1237 -3.7182 2.8234
v  1.1437 -3.7182 2.8382
v  1.1561 -3.7182 2.8598
v  1.1591 -3.7182 2.8826
v  1.1535 -3.7182 2.9049
v  1.1386 -3.7182 2.9249
v  1.1170 -3.7182 2.9373
v  1.0942 -3.7182 2.9403
v  1.0719 -3.7182 2.9347
v  1.0519 -3.7182 2.9198
v  1.0395 -3.7182 2.8983
v  1.0365 -3.7182 2.8754
v  1.0301 -3.6530 2.8077
v  1.0084 -3.6555 2.8401
v  1.0677 -3.6525 2.7850
v  1.1056 -3.6545 2.7815
v  1.1412 -3.6579 2.7930
v  1.1681 -3.6613 2.8176
v  1.1847 -3.6660 2.8495
v  1.1871 -3.6688 2.8835
v  1.1781 -3.6706 2.9158
v  1.1557 -3.6726 2.9442
v  1.1251 -3.6726 2.9618
v  1.0923 -3.6716 2.9671
v  1.0611 -3.6691 2.9595
v  1.0306 -3.6662 2.9415
v  1.0104 -3.6611 2.9097
v  1.0028 -3.6581 2.8768
v  1.0171 -3.6247 2.7940
v  0.9913 -3.6276 2.8327
v  1.0620 -3.6241 2.7669
v  1.1073 -3.6264 2.7628
v  1.1498 -3.6305 2.7765
v  1.1818 -3.6346 2.8058
v  1.2016 -3.6401 2.8439
v  1.2046 -3.6435 2.8844
v  1.1938 -3.6457 2.9230
v  1.1671 -3.6481 2.9569
v  1.1305 -3.6481 2.9779
v  1.0914 -3.6468 2.9842
v  1.0542 -3.6439 2.9752
v  1.0178 -3.6404 2.9536
v  0.9936 -3.6343 2.9158
v  0.9846 -3.6308 2.8764
v  1.0794 -3.6815 2.8692
v  1.0843 -3.6815 2.8632
v  1.0910 -3.6815 2.8593
v  1.0994 -3.6815 2.8583
v  1.1075 -3.6815 2.8606
v  1.1135 -3.6815 2.8655
v  1.1174 -3.6815 2.8723
v  1.1184 -3.6815 2.8806
v  1.1161 -3.6815 2.8887
v  1.1112 -3.6815 2.8948
v  1.1045 -3.6815 2.8986
v  1.0961 -3.6815 2.8997
v  1.0880 -3.6815 2.8973
v  1.0820 -3.6815 2.8925
v  1.0781 -3.6815 2.8857
v  1.0771 -3.6815 2.8773
v  -1.0500 -3.7232 -0.1253
v  -1.0628 -3.7232 -0.1082
v  -1.0813 -3.7232 -0.0975
v  -1.1009 -3.7232 -0.0949
v  -1.1200 -3.7232 -0.0998
v  -1.1372 -3.7232 -0.1125
v  -1.1479 -3.7232 -0.1311
v  -1.1504 -3.7232 -0.1507
v  -1.1456 -3.7232 -0.1698
v  -1.1328 -3.7232 -0.1870
v  -1.1143 -3.7232 -0.1977
v  -1.0947 -3.7232 -0.2002
v  -1.0756 -3.7232 -0.1954
v  -1.0584 -3.7232 -0.1826
v  -1.0477 -3.7232 -0.1641
v  -1.0452 -3.7232 -0.1445
v  -1.0570 -3.7182 -0.1017
v  -1.0421 -3.7182 -0.1217
v  -1.0786 -3.7182 -0.0893
v  -1.1014 -3.7182 -0.0863
v  -1.1237 -3.7182 -0.0919
v  -1.1437 -3.7182 -0.1068
v  -1.1561 -3.7182 -0.1284
v  -1.1591 -3.7182 -0.1512
v  -1.1535 -3.7182 -0.1735
v  -1.1386 -3.7182 -0.1935
v  -1.1170 -3.7182 -0.2059
v  -1.0942 -3.7182 -0.2089
v  -1.0719 -3.7182 -0.2032
v  -1.0519 -3.7182 -0.1884
v  -1.0395 -3.7182 -0.1668
v  -1.0365 -3.7182 -0.1440
v  -1.0301 -3.6530 -0.0762
v  -1.0084 -3.6555 -0.1087
v  -1.0677 -3.6525 -0.0535
v  -1.1056 -3.6545 -0.0501
v  -1.1412 -3.6579 -0.0616
v  -1.1681 -3.6613 -0.0861
v  -1.1847 -3.6660 -0.1181
v  -1.1871 -3.6688 -0.1520
v  -1.1781 -3.6706 -0.1844
v  -1.1557 -3.6726 -0.2127
v  -1.1251 -3.6726 -0.2303
v  -1.0923 -3.6716 -0.2356
v  -1.0611 -3.6691 -0.2281
v  -1.0306 -3.6662 -0.2100
v  -1.0104 -3.6611 -0.1783
v  -1.0028 -3.6581 -0.1453
v  -1.0171 -3.6247 -0.0625
v  -0.9913 -3.6276 -0.1013
v  -1.0620 -3.6241 -0.0354
v  -1.1073 -3.6264 -0.0313
v  -1.1498 -3.6305 -0.0450
v  -1.1818 -3.6346 -0.0743
v  -1.2017 -3.6401 -0.1125
v  -1.2046 -3.6435 -0.1530
v  -1.1938 -3.6457 -0.1916
v  -1.1671 -3.6481 -0.2254
v  -1.1305 -3.6481 -0.2465
v  -1.0914 -3.6468 -0.2528
v  -1.0542 -3.6439 -0.2437
v  -1.0178 -3.6404 -0.2222
v  -0.9936 -3.6343 -0.1843
v  -0.9846 -3.6308 -0.1450
v  -1.0794 -3.6815 -0.1378
v  -1.0843 -3.6815 -0.1317
v  -1.0910 -3.6815 -0.1279
v  -1.0994 -3.6815 -0.1268
v  -1.1075 -3.6815 -0.1292
v  -1.1135 -3.6815 -0.1341
v  -1.1174 -3.6815 -0.1408
v  -1.1185 -3.6815 -0.1492
v  -1.1161 -3.6815 -0.1573
v  -1.1112 -3.6815 -0.1633
v  -1.1045 -3.6815 -0.1672
v  -1.0961 -3.6815 -0.1682
v  -1.0880 -3.6815 -0.1659
v  -1.0820 -3.6815 -0.1610
v  -1.0781 -3.6815 -0.1542
v  -1.0771 -3.6815 -0.1459
v  -1.0500 -3.7232 2.8568
v  -1.0628 -3.7232 2.8396
v  -1.0813 -3.7232 2.8290
v  -1.1009 -3.7232 2.8264
v  -1.1200 -3.7232 2.8312
v  -1.1372 -3.7232 2.8440
v  -1.1479 -3.7232 2.8625
v  -1.1504 -3.7232 2.8821
v  -1.1456 -3.7232 2.9013
v  -1.1328 -3.7232 2.9184
v  -1.1143 -3.7232 2.9291
v  -1.0947 -3.7232 2.9317
v  -1.0756 -3.7232 2.9268
v  -1.0584 -3.7232 2.9141
v  -1.0477 -3.7232 2.8955
v  -1.0452 -3.7232 2.8759
v  -1.0421 -3.7182 2.8531
v  -1.0570 -3.7182 2.8332
v  -1.0786 -3.7182 2.8207
v  -1.1014 -3.7182 2.8177
v  -1.1237 -3.7182 2.8234
v  -1.1437 -3.7182 2.8382
v  -1.1561 -3.7182 2.8598
v  -1.1591 -3.7182 2.8826
v  -1.1535 -3.7182 2.9049
v  -1.1386 -3.7182 2.9249
v  -1.1170 -3.7182 2.9373
v  -1.0942 -3.7182 2.9403
v  -1.0719 -3.7182 2.9347
v  -1.0519 -3.7182 2.9198
v  -1.0395 -3.7182 2.8983
v  -1.0365 -3.7182 2.8754
v  -1.0084 -3.6555 2.8401
v  -1.0301 -3.6530 2.8077
v  -1.0677 -3.6525 2.7850
v  -1.1056 -3.6545 2.7815
v  -1.1412 -3.6579 2.7930
v  -1.1681 -3.6613 2.8176
v  -1.1847 -3.6660 2.8495
v  -1.1871 -3.6688 2.8835
v  -1.1781 -3.6706 2.9158
v  -1.1557 -3.6726 2.9442
v  -1.1251 -3.6726 2.9618
v  -1.0923 -3.6716 2.9671
v  -1.0611 -3.6691 2.9595
v  -1.0306 -3.6662 2.9415
v  -1.0104 -3.6611 2.9097
v  -1.0028 -3.6581 2.8768
v  -0.9913 -3.6276 2.8327
v  -1.0171 -3.6247 2.7940
v  -1.0620 -3.6241 2.7669
v  -1.1073 -3.6264 2.7628
v  -1.1498 -3.6305 2.7765
v  -1.1818 -3.6346 2.8058
v  -1.2017 -3.6401 2.8439
v  -1.2046 -3.6435 2.8844
v  -1.1938 -3.6457 2.9230
v  -1.1671 -3.6481 2.9569
v  -1.1305 -3.6481 2.9779
v  -1.0914 -3.6468 2.9842
v  -1.0542 -3.6439 2.9752
v  -1.0178 -3.6404 2.9536
v  -0.9936 -3.6343 2.9158
v  -0.9846 -3.6308 2.8764
v  -1.0843 -3.6815 2.8632
v  -1.0794 -3.6815 2.8692
v  -1.0910 -3.6815 2.8593
v  -1.0994 -3.6815 2.8583
v  -1.1075 -3.6815 2.8606
v  -1.1135 -3.6815 2.8655
v  -1.1174 -3.6815 2.8723
v  -1.1185 -3.6815 2.8806
v  -1.1161 -3.6815 2.8887
v  -1.1112 -3.6815 2.8948
v  -1.1045 -3.6815 2.8986
v  -1.0961 -3.6815 2.8997
v  -1.0880 -3.6815 2.8973
v  -1.0820 -3.6815 2.8925
v  -1.0781 -3.6815 2.8857
v  -1.0771 -3.6815 2.8773
v  1.6781 -3.7225 0.0034
v  1.6967 -3.7225 0.0141
v  1.7163 -3.7225 0.0166
v  1.7354 -3.7225 0.0118
v  1.7526 -3.7225 -0.0010
v  1.7633 -3.7225 -0.0195
v  1.7658 -3.7225 -0.0391
v  1.7610 -3.7225 -0.0583
v  1.7482 -3.7225 -0.0754
v  1.7297 -3.7225 -0.0861
v  1.7101 -3.7225 -0.0887
v  1.6909 -3.7225 -0.0838
v  1.6738 -3.7225 -0.0711
v  1.6631 -3.7225 -0.0525
v  1.6605 -3.7225 -0.0329
v  1.6654 -3.7225 -0.0138
v  1.6724 -3.7175 0.0099
v  1.6940 -3.7175 0.0223
v  1.7168 -3.7175 0.0253
v  1.7391 -3.7175 0.0196
v  1.7591 -3.7175 0.0048
v  1.7715 -3.7175 -0.0168
v  1.7745 -3.7175 -0.0396
v  1.7688 -3.7175 -0.0619
v  1.7540 -3.7175 -0.0819
v  1.7324 -3.7175 -0.0943
v  1.7096 -3.7175 -0.0973
v  1.6873 -3.7175 -0.0917
v  1.6673 -3.7175 -0.0768
v  1.6549 -3.7175 -0.0552
v  1.6519 -3.7175 -0.0324
v  1.6575 -3.7175 -0.0101
v  1.6455 -3.6523 0.0353
v  1.6831 -3.6518 0.0581
v  1.7210 -3.6538 0.0615
v  1.7566 -3.6572 0.0500
v  1.7835 -3.6606 0.0255
v  1.8001 -3.6653 -0.0065
v  1.8025 -3.6681 -0.0405
v  1.7935 -3.6699 -0.0728
v  1.7711 -3.6719 -0.1011
v  1.7405 -3.6719 -0.1188
v  1.7077 -3.6709 -0.1241
v  1.6765 -3.6684 -0.1165
v  1.6460 -3.6655 -0.0984
v  1.6257 -3.6604 -0.0667
v  1.6182 -3.6574 -0.0337
v  1.6238 -3.6548 0.0029
v  1.6325 -3.6176 0.0491
v  1.6774 -3.6170 0.0762
v  1.7227 -3.6194 0.0802
v  1.7652 -3.6235 0.0665
v  1.7972 -3.6275 0.0373
v  1.8171 -3.6331 -0.0009
v  1.8200 -3.6364 -0.0414
v  1.8092 -3.6386 -0.0800
v  1.7825 -3.6411 -0.1138
v  1.7459 -3.6411 -0.1349
v  1.7068 -3.6398 -0.1412
v  1.6696 -3.6369 -0.1322
v  1.6332 -3.6334 -0.1106
v  1.6090 -3.6272 -0.0728
v  1.6000 -3.6238 -0.0334
v  1.6067 -3.6205 0.0103
v  1.6948 -3.6808 -0.0262
v  1.6996 -3.6808 -0.0202
v  1.7064 -3.6808 -0.0163
v  1.7147 -3.6808 -0.0153
v  1.7228 -3.6808 -0.0176
v  1.7289 -3.6808 -0.0225
v  1.7328 -3.6808 -0.0293
v  1.7338 -3.6808 -0.0376
v  1.7315 -3.6808 -0.0457
v  1.7266 -3.6808 -0.0518
v  1.7199 -3.6808 -0.0556
v  1.7115 -3.6808 -0.0567
v  1.7034 -3.6808 -0.0543
v  1.6974 -3.6808 -0.0494
v  1.6935 -3.6808 -0.0427
v  1.6924 -3.6808 -0.0343
v  1.6654 -3.7225 2.7452
v  1.6781 -3.7225 2.7281
v  1.6967 -3.7225 2.7174
v  1.7163 -3.7225 2.7148
v  1.7354 -3.7225 2.7197
v  1.7526 -3.7225 2.7324
v  1.7633 -3.7225 2.7510
v  1.7658 -3.7225 2.7706
v  1.7610 -3.7225 2.7897
v  1.7482 -3.7225 2.8069
v  1.7297 -3.7225 2.8176
v  1.7101 -3.7225 2.8201
v  1.6909 -3.7225 2.8153
v  1.6738 -3.7225 2.8025
v  1.6631 -3.7225 2.7840
v  1.6605 -3.7225 2.7644
v  1.6724 -3.7175 2.7216
v  1.6575 -3.7175 2.7416
v  1.6940 -3.7175 2.7092
v  1.7168 -3.7175 2.7062
v  1.7391 -3.7175 2.7118
v  1.7591 -3.7175 2.7267
v  1.7715 -3.7175 2.7483
v  1.7745 -3.7175 2.7711
v  1.7688 -3.7175 2.7934
v  1.7540 -3.7175 2.8134
v  1.7324 -3.7175 2.8258
v  1.7096 -3.7175 2.8288
v  1.6873 -3.7175 2.8231
v  1.6673 -3.7175 2.8083
v  1.6549 -3.7175 2.7867
v  1.6519 -3.7175 2.7639
v  1.6455 -3.6523 2.6961
v  1.6238 -3.6548 2.7286
v  1.6831 -3.6518 2.6734
v  1.7210 -3.6538 2.6700
v  1.7566 -3.6572 2.6815
v  1.7835 -3.6606 2.7060
v  1.8001 -3.6653 2.7380
v  1.8025 -3.6681 2.7719
v  1.7935 -3.6699 2.8043
v  1.7711 -3.6719 2.8326
v  1.7405 -3.6719 2.8502
v  1.7077 -3.6709 2.8555
v  1.6765 -3.6684 2.8480
v  1.6460 -3.6655 2.8299
v  1.6257 -3.6604 2.7982
v  1.6182 -3.6574 2.7652
v  1.6325 -3.6240 2.6824
v  1.6066 -3.6269 2.7212
v  1.6774 -3.6234 2.6553
v  1.7227 -3.6257 2.6512
v  1.7652 -3.6298 2.6649
v  1.7972 -3.6339 2.6942
v  1.8170 -3.6394 2.7324
v  1.8199 -3.6428 2.7729
v  1.8092 -3.6450 2.8115
v  1.7824 -3.6474 2.8453
v  1.7459 -3.6474 2.8664
v  1.7068 -3.6461 2.8727
v  1.6696 -3.6432 2.8636
v  1.6332 -3.6397 2.8421
v  1.6090 -3.6336 2.8042
v  1.5999 -3.6301 2.7649
v  1.6948 -3.6808 2.7577
v  1.6996 -3.6808 2.7516
v  1.7064 -3.6808 2.7478
v  1.7147 -3.6808 2.7467
v  1.7228 -3.6808 2.7491
v  1.7289 -3.6808 2.7540
v  1.7328 -3.6808 2.7607
v  1.7338 -3.6808 2.7691
v  1.7315 -3.6808 2.7772
v  1.7266 -3.6808 2.7832
v  1.7199 -3.6808 2.7871
v  1.7115 -3.6808 2.7881
v  1.7034 -3.6808 2.7858
v  1.6973 -3.6808 2.7809
v  1.6935 -3.6808 2.7741
v  1.6924 -3.6808 2.7658
v  -1.6654 -3.7225 -0.0138
v  -1.6781 -3.7225 0.0034
v  -1.6967 -3.7225 0.0141
v  -1.7163 -3.7225 0.0166
v  -1.7354 -3.7225 0.0118
v  -1.7526 -3.7225 -0.0010
v  -1.7633 -3.7225 -0.0195
v  -1.7658 -3.7225 -0.0391
v  -1.7610 -3.7225 -0.0583
v  -1.7482 -3.7225 -0.0754
v  -1.7297 -3.7225 -0.0861
v  -1.7101 -3.7225 -0.0887
v  -1.6909 -3.7225 -0.0838
v  -1.6738 -3.7225 -0.0711
v  -1.6631 -3.7225 -0.0525
v  -1.6605 -3.7225 -0.0329
v  -1.6724 -3.7175 0.0099
v  -1.6575 -3.7175 -0.0101
v  -1.6940 -3.7175 0.0223
v  -1.7168 -3.7175 0.0253
v  -1.7391 -3.7175 0.0196
v  -1.7591 -3.7175 0.0048
v  -1.7715 -3.7175 -0.0168
v  -1.7745 -3.7175 -0.0396
v  -1.7688 -3.7175 -0.0619
v  -1.7540 -3.7175 -0.0819
v  -1.7324 -3.7175 -0.0943
v  -1.7096 -3.7175 -0.0973
v  -1.6873 -3.7175 -0.0917
v  -1.6673 -3.7175 -0.0768
v  -1.6549 -3.7175 -0.0552
v  -1.6519 -3.7175 -0.0324
v  -1.6455 -3.6523 0.0353
v  -1.6238 -3.6548 0.0029
v  -1.6831 -3.6518 0.0581
v  -1.7210 -3.6538 0.0615
v  -1.7566 -3.6572 0.0500
v  -1.7835 -3.6606 0.0255
v  -1.8001 -3.6653 -0.0065
v  -1.8025 -3.6681 -0.0405
v  -1.7935 -3.6699 -0.0728
v  -1.7711 -3.6719 -0.1011
v  -1.7405 -3.6719 -0.1188
v  -1.7077 -3.6709 -0.1241
v  -1.6765 -3.6684 -0.1165
v  -1.6460 -3.6655 -0.0984
v  -1.6257 -3.6604 -0.0667
v  -1.6182 -3.6574 -0.0337
v  -1.6325 -3.6240 0.0491
v  -1.6067 -3.6269 0.0103
v  -1.6774 -3.6234 0.0762
v  -1.7227 -3.6257 0.0802
v  -1.7652 -3.6298 0.0665
v  -1.7972 -3.6339 0.0373
v  -1.8170 -3.6394 -0.0009
v  -1.8199 -3.6428 -0.0414
v  -1.8092 -3.6450 -0.0800
v  -1.7825 -3.6474 -0.1139
v  -1.7459 -3.6474 -0.1349
v  -1.7068 -3.6461 -0.1412
v  -1.6696 -3.6432 -0.1322
v  -1.6332 -3.6397 -0.1106
v  -1.6090 -3.6336 -0.0728
v  -1.6000 -3.6301 -0.0334
v  -1.6948 -3.6808 -0.0262
v  -1.6996 -3.6808 -0.0202
v  -1.7064 -3.6808 -0.0163
v  -1.7148 -3.6808 -0.0153
v  -1.7228 -3.6808 -0.0176
v  -1.7289 -3.6808 -0.0225
v  -1.7328 -3.6808 -0.0293
v  -1.7338 -3.6808 -0.0376
v  -1.7315 -3.6808 -0.0457
v  -1.7266 -3.6808 -0.0518
v  -1.7199 -3.6808 -0.0556
v  -1.7115 -3.6808 -0.0567
v  -1.7034 -3.6808 -0.0543
v  -1.6974 -3.6808 -0.0494
v  -1.6935 -3.6808 -0.0427
v  -1.6924 -3.6808 -0.0343
v  -1.6654 -3.7225 2.7452
v  -1.6781 -3.7225 2.7281
v  -1.6967 -3.7225 2.7174
v  -1.7163 -3.7225 2.7148
v  -1.7354 -3.7225 2.7197
v  -1.7526 -3.7225 2.7324
v  -1.7633 -3.7225 2.7510
v  -1.7658 -3.7225 2.7706
v  -1.7610 -3.7225 2.7897
v  -1.7482 -3.7225 2.8069
v  -1.7297 -3.7225 2.8176
v  -1.7101 -3.7225 2.8201
v  -1.6909 -3.7225 2.8153
v  -1.6738 -3.7225 2.8025
v  -1.6631 -3.7225 2.7840
v  -1.6605 -3.7225 2.7644
v  -1.6575 -3.7175 2.7416
v  -1.6724 -3.7175 2.7216
v  -1.6940 -3.7175 2.7092
v  -1.7168 -3.7175 2.7062
v  -1.7391 -3.7175 2.7118
v  -1.7591 -3.7175 2.7267
v  -1.7715 -3.7175 2.7483
v  -1.7745 -3.7175 2.7711
v  -1.7688 -3.7175 2.7934
v  -1.7540 -3.7175 2.8134
v  -1.7324 -3.7175 2.8258
v  -1.7096 -3.7175 2.8288
v  -1.6873 -3.7175 2.8231
v  -1.6673 -3.7175 2.8083
v  -1.6549 -3.7175 2.7867
v  -1.6519 -3.7175 2.7639
v  -1.6238 -3.6548 2.7286
v  -1.6455 -3.6523 2.6961
v  -1.6831 -3.6518 2.6734
v  -1.7210 -3.6538 2.6700
v  -1.7566 -3.6572 2.6815
v  -1.7835 -3.6606 2.7060
v  -1.8001 -3.6653 2.7380
v  -1.8025 -3.6681 2.7719
v  -1.7935 -3.6699 2.8043
v  -1.7711 -3.6719 2.8326
v  -1.7405 -3.6719 2.8502
v  -1.7077 -3.6709 2.8555
v  -1.6765 -3.6684 2.8480
v  -1.6460 -3.6655 2.8299
v  -1.6257 -3.6604 2.7982
v  -1.6182 -3.6574 2.7652
v  -1.6067 -3.6269 2.7212
v  -1.6325 -3.6240 2.6824
v  -1.6774 -3.6234 2.6553
v  -1.7227 -3.6257 2.6512
v  -1.7652 -3.6298 2.6649
v  -1.7972 -3.6339 2.6942
v  -1.8170 -3.6394 2.7324
v  -1.8199 -3.6428 2.7729
v  -1.8092 -3.6450 2.8115
v  -1.7825 -3.6474 2.8453
v  -1.7459 -3.6474 2.8664
v  -1.7068 -3.6461 2.8727
v  -1.6696 -3.6432 2.8636
v  -1.6332 -3.6397 2.8421
v  -1.6090 -3.6336 2.8042
v  -1.6000 -3.6301 2.7649
v  -1.6996 -3.6808 2.7516
v  -1.6948 -3.6808 2.7577
v  -1.7064 -3.6808 2.7478
v  -1.7148 -3.6808 2.7467
v  -1.7228 -3.6808 2.7491
v  -1.7289 -3.6808 2.7540
v  -1.7328 -3.6808 2.7607
v  -1.7338 -3.6808 2.7691
v  -1.7315 -3.6808 2.7772
v  -1.7266 -3.6808 2.7832
v  -1.7199 -3.6808 2.7871
v  -1.7115 -3.6808 2.7881
v  -1.7034 -3.6808 2.7858
v  -1.6974 -3.6808 2.7809
v  -1.6935 -3.6808 2.7741
v  -1.6924 -3.6808 2.7658
v  2.2339 -3.7170 0.2886
v  2.2524 -3.7170 0.2993
v  2.2720 -3.7170 0.3018
v  2.2911 -3.7170 0.2970
v  2.3083 -3.7170 0.2842
v  2.3190 -3.7170 0.2657
v  2.3215 -3.7170 0.2461
v  2.3167 -3.7170 0.2270
v  2.3039 -3.7170 0.2098
v  2.2854 -3.7170 0.1991
v  2.2658 -3.7170 0.1966
v  2.2467 -3.7170 0.2014
v  2.2295 -3.7170 0.2142
v  2.2188 -3.7170 0.2327
v  2.2163 -3.7170 0.2523
v  2.2211 -3.7170 0.2714
v  2.2281 -3.7120 0.2951
v  2.2497 -3.7120 0.3075
v  2.2725 -3.7120 0.3105
v  2.2948 -3.7120 0.3049
v  2.3148 -3.7120 0.2900
v  2.3272 -3.7120 0.2684
v  2.3302 -3.7120 0.2456
v  2.3246 -3.7120 0.2233
v  2.3097 -3.7120 0.2033
v  2.2881 -3.7120 0.1909
v  2.2653 -3.7120 0.1879
v  2.2430 -3.7120 0.1935
v  2.2230 -3.7120 0.2084
v  2.2106 -3.7120 0.2300
v  2.2076 -3.7120 0.2528
v  2.2132 -3.7120 0.2751
v  2.2012 -3.6468 0.3206
v  2.2388 -3.6463 0.3433
v  2.2767 -3.6483 0.3467
v  2.3123 -3.6517 0.3352
v  2.3392 -3.6551 0.3107
v  2.3558 -3.6598 0.2787
v  2.3582 -3.6626 0.2448
v  2.3492 -3.6644 0.2124
v  2.3268 -3.6664 0.1841
v  2.2962 -3.6664 0.1664
v  2.2634 -3.6654 0.1611
v  2.2322 -3.6629 0.1687
v  2.2017 -3.6600 0.1868
v  2.1815 -3.6549 0.2185
v  2.1739 -3.6519 0.2515
v  2.1795 -3.6493 0.2881
v  2.1882 -3.6185 0.3343
v  2.2331 -3.6179 0.3614
v  2.2784 -3.6202 0.3655
v  2.3209 -3.6243 0.3518
v  2.3529 -3.6284 0.3225
v  2.3728 -3.6339 0.2843
v  2.3757 -3.6373 0.2438
v  2.3649 -3.6395 0.2052
v  2.3382 -3.6419 0.1714
v  2.3016 -3.6419 0.1503
v  2.2625 -3.6406 0.1440
v  2.2253 -3.6377 0.1530
v  2.1889 -3.6342 0.1746
v  2.1647 -3.6281 0.2124
v  2.1557 -3.6246 0.2518
v  2.1624 -3.6214 0.2955
v  2.2505 -3.6753 0.2590
v  2.2554 -3.6753 0.2651
v  2.2621 -3.6753 0.2689
v  2.2705 -3.6753 0.2700
v  2.2786 -3.6753 0.2676
v  2.2846 -3.6753 0.2627
v  2.2885 -3.6753 0.2560
v  2.2896 -3.6753 0.2476
v  2.2872 -3.6753 0.2395
v  2.2823 -3.6753 0.2335
v  2.2756 -3.6753 0.2296
v  2.2672 -3.6753 0.2286
v  2.2591 -3.6753 0.2309
v  2.2531 -3.6753 0.2358
v  2.2492 -3.6753 0.2425
v  2.2482 -3.6753 0.2509
v  2.2211 -3.7170 2.4600
v  2.2339 -3.7170 2.4429
v  2.2524 -3.7170 2.4322
v  2.2720 -3.7170 2.4296
v  2.2911 -3.7170 2.4344
v  2.3083 -3.7170 2.4472
v  2.3190 -3.7170 2.4657
v  2.3215 -3.7170 2.4853
v  2.3167 -3.7170 2.5045
v  2.3039 -3.7170 2.5217
v  2.2854 -3.7170 2.5323
v  2.2658 -3.7170 2.5349
v  2.2467 -3.7170 2.5301
v  2.2295 -3.7170 2.5173
v  2.2188 -3.7170 2.4988
v  2.2163 -3.7170 2.4792
v  2.2281 -3.7120 2.4364
v  2.2132 -3.7120 2.4564
v  2.2497 -3.7120 2.4239
v  2.2725 -3.7120 2.4210
v  2.2948 -3.7120 2.4266
v  2.3148 -3.7120 2.4415
v  2.3272 -3.7120 2.4630
v  2.3302 -3.7120 2.4858
v  2.3246 -3.7120 2.5082
v  2.3097 -3.7120 2.5281
v  2.2881 -3.7120 2.5406
v  2.2653 -3.7120 2.5435
v  2.2430 -3.7120 2.5379
v  2.2230 -3.7120 2.5231
v  2.2106 -3.7120 2.5015
v  2.2076 -3.7120 2.4787
v  2.2012 -3.6468 2.4109
v  2.1795 -3.6493 2.4434
v  2.2388 -3.6463 2.3882
v  2.2767 -3.6483 2.3848
v  2.3123 -3.6517 2.3962
v  2.3392 -3.6551 2.4208
v  2.3558 -3.6597 2.4528
v  2.3582 -3.6626 2.4867
v  2.3492 -3.6644 2.5190
v  2.3268 -3.6664 2.5474
v  2.2962 -3.6664 2.5650
v  2.2634 -3.6654 2.5703
v  2.2322 -3.6629 2.5627
v  2.2017 -3.6600 2.5447
v  2.1815 -3.6549 2.5130
v  2.1739 -3.6519 2.4800
v  2.1882 -3.6185 2.3972
v  2.1624 -3.6214 2.4359
v  2.2331 -3.6179 2.3701
v  2.2784 -3.6202 2.3660
v  2.3209 -3.6243 2.3797
v  2.3529 -3.6284 2.4090
v  2.3728 -3.6339 2.4472
v  2.3757 -3.6373 2.4877
v  2.3649 -3.6395 2.5263
v  2.3382 -3.6419 2.5601
v  2.3016 -3.6419 2.5811
v  2.2625 -3.6406 2.5875
v  2.2253 -3.6377 2.5784
v  2.1889 -3.6342 2.5569
v  2.1647 -3.6281 2.5190
v  2.1557 -3.6246 2.4796
v  2.2505 -3.6753 2.4725
v  2.2554 -3.6753 2.4664
v  2.2621 -3.6753 2.4625
v  2.2705 -3.6753 2.4615
v  2.2786 -3.6753 2.4639
v  2.2846 -3.6753 2.4687
v  2.2885 -3.6753 2.4755
v  2.2896 -3.6753 2.4838
v  2.2872 -3.6753 2.4919
v  2.2823 -3.6753 2.4980
v  2.2756 -3.6753 2.5019
v  2.2672 -3.6753 2.5029
v  2.2591 -3.6753 2.5005
v  2.2531 -3.6753 2.4957
v  2.2492 -3.6753 2.4889
v  2.2482 -3.6753 2.4806
v  -2.2211 -3.7170 0.2714
v  -2.2339 -3.7170 0.2886
v  -2.2524 -3.7170 0.2993
v  -2.2720 -3.7170 0.3018
v  -2.2911 -3.7170 0.2970
v  -2.3083 -3.7170 0.2842
v  -2.3190 -3.7170 0.2657
v  -2.3215 -3.7170 0.2461
v  -2.3167 -3.7170 0.2270
v  -2.3039 -3.7170 0.2098
v  -2.2854 -3.7170 0.1991
v  -2.2658 -3.7170 0.1966
v  -2.2467 -3.7170 0.2014
v  -2.2295 -3.7170 0.2142
v  -2.2188 -3.7170 0.2327
v  -2.2163 -3.7170 0.2523
v  -2.2281 -3.7120 0.2951
v  -2.2132 -3.7120 0.2751
v  -2.2497 -3.7120 0.3075
v  -2.2725 -3.7120 0.3105
v  -2.2948 -3.7120 0.3049
v  -2.3148 -3.7120 0.2900
v  -2.3272 -3.7120 0.2684
v  -2.3302 -3.7120 0.2456
v  -2.3246 -3.7120 0.2233
v  -2.3097 -3.7120 0.2033
v  -2.2881 -3.7120 0.1909
v  -2.2653 -3.7120 0.1879
v  -2.2430 -3.7120 0.1935
v  -2.2230 -3.7120 0.2084
v  -2.2106 -3.7120 0.2300
v  -2.2076 -3.7120 0.2528
v  -2.2012 -3.6468 0.3206
v  -2.1795 -3.6493 0.2881
v  -2.2388 -3.6463 0.3433
v  -2.2767 -3.6483 0.3467
v  -2.3123 -3.6517 0.3352
v  -2.3392 -3.6551 0.3107
v  -2.3558 -3.6597 0.2787
v  -2.3582 -3.6626 0.2448
v  -2.3492 -3.6644 0.2124
v  -2.3268 -3.6664 0.1841
v  -2.2962 -3.6664 0.1664
v  -2.2634 -3.6654 0.1611
v  -2.2323 -3.6629 0.1687
v  -2.2017 -3.6600 0.1868
v  -2.1815 -3.6549 0.2185
v  -2.1739 -3.6519 0.2515
v  -2.1882 -3.6185 0.3343
v  -2.1624 -3.6214 0.2955
v  -2.2331 -3.6179 0.3614
v  -2.2784 -3.6202 0.3655
v  -2.3209 -3.6243 0.3518
v  -2.3529 -3.6284 0.3225
v  -2.3728 -3.6339 0.2843
v  -2.3757 -3.6373 0.2438
v  -2.3649 -3.6394 0.2052
v  -2.3382 -3.6419 0.1714
v  -2.3016 -3.6419 0.1503
v  -2.2625 -3.6406 0.1440
v  -2.2253 -3.6377 0.1530
v  -2.1889 -3.6342 0.1746
v  -2.1647 -3.6281 0.2124
v  -2.1557 -3.6246 0.2518
v  -2.2505 -3.6753 0.2590
v  -2.2554 -3.6753 0.2651
v  -2.2621 -3.6753 0.2689
v  -2.2705 -3.6753 0.2700
v  -2.2786 -3.6753 0.2676
v  -2.2846 -3.6753 0.2627
v  -2.2885 -3.6753 0.2560
v  -2.2896 -3.6753 0.2476
v  -2.2872 -3.6753 0.2395
v  -2.2824 -3.6753 0.2335
v  -2.2756 -3.6753 0.2296
v  -2.2672 -3.6753 0.2286
v  -2.2592 -3.6753 0.2309
v  -2.2531 -3.6753 0.2358
v  -2.2492 -3.6753 0.2425
v  -2.2482 -3.6753 0.2509
v  -2.2211 -3.7170 2.4600
v  -2.2339 -3.7170 2.4429
v  -2.2524 -3.7170 2.4322
v  -2.2720 -3.7170 2.4296
v  -2.2911 -3.7170 2.4344
v  -2.3083 -3.7170 2.4472
v  -2.3190 -3.7170 2.4657
v  -2.3215 -3.7170 2.4853
v  -2.3167 -3.7170 2.5045
v  -2.3039 -3.7170 2.5217
v  -2.2854 -3.7170 2.5323
v  -2.2658 -3.7170 2.5349
v  -2.2467 -3.7170 2.5301
v  -2.2295 -3.7170 2.5173
v  -2.2188 -3.7170 2.4988
v  -2.2163 -3.7170 2.4792
v  -2.2132 -3.7120 2.4564
v  -2.2281 -3.7120 2.4364
v  -2.2497 -3.7120 2.4239
v  -2.2725 -3.7120 2.4210
v  -2.2948 -3.7120 2.4266
v  -2.3148 -3.7120 2.4415
v  -2.3272 -3.7120 2.4630
v  -2.3302 -3.7120 2.4858
v  -2.3246 -3.7120 2.5082
v  -2.3097 -3.7120 2.5281
v  -2.2881 -3.7120 2.5406
v  -2.2653 -3.7120 2.5435
v  -2.2430 -3.7120 2.5379
v  -2.2230 -3.7120 2.5231
v  -2.2106 -3.7120 2.5015
v  -2.2076 -3.7120 2.4787
v  -2.1795 -3.6493 2.4434
v  -2.2012 -3.6468 2.4109
v  -2.2388 -3.6463 2.3882
v  -2.2767 -3.6483 2.3848
v  -2.3123 -3.6517 2.3962
v  -2.3392 -3.6551 2.4208
v  -2.3558 -3.6597 2.4528
v  -2.3582 -3.6626 2.4867
v  -2.3492 -3.6644 2.5190
v  -2.3268 -3.6664 2.5474
v  -2.2962 -3.6664 2.5650
v  -2.2634 -3.6654 2.5703
v  -2.2323 -3.6629 2.5627
v  -2.2017 -3.6600 2.5447
v  -2.1815 -3.6549 2.5130
v  -2.1739 -3.6519 2.4800
v  -2.1624 -3.6214 2.4359
v  -2.1882 -3.6185 2.3972
v  -2.2331 -3.6179 2.3701
v  -2.2784 -3.6202 2.3660
v  -2.3209 -3.6243 2.3797
v  -2.3529 -3.6284 2.4090
v  -2.3728 -3.6339 2.4472
v  -2.3757 -3.6373 2.4877
v  -2.3649 -3.6394 2.5263
v  -2.3382 -3.6419 2.5601
v  -2.3016 -3.6419 2.5811
v  -2.2625 -3.6406 2.5875
v  -2.2253 -3.6377 2.5784
v  -2.1889 -3.6342 2.5569
v  -2.1647 -3.6281 2.5190
v  -2.1557 -3.6246 2.4796
v  -2.2554 -3.6753 2.4664
v  -2.2505 -3.6753 2.4725
v  -2.2621 -3.6753 2.4625
v  -2.2705 -3.6753 2.4615
v  -2.2786 -3.6753 2.4639
v  -2.2846 -3.6753 2.4687
v  -2.2885 -3.6753 2.4755
v  -2.2896 -3.6753 2.4838
v  -2.2872 -3.6753 2.4919
v  -2.2824 -3.6753 2.4980
v  -2.2756 -3.6753 2.5019
v  -2.2672 -3.6753 2.5029
v  -2.2592 -3.6753 2.5005
v  -2.2531 -3.6753 2.4957
v  -2.2492 -3.6753 2.4889
v  -2.2482 -3.6753 2.4806
v  2.6021 -3.7114 0.7937
v  2.6206 -3.7114 0.8043
v  2.6402 -3.7114 0.8069
v  2.6594 -3.7114 0.8021
v  2.6765 -3.7114 0.7893
v  2.6872 -3.7114 0.7708
v  2.6898 -3.7114 0.7512
v  2.6849 -3.7114 0.7320
v  2.6722 -3.7114 0.7149
v  2.6536 -3.7114 0.7042
v  2.6341 -3.7114 0.7016
v  2.6149 -3.7114 0.7065
v  2.5977 -3.7114 0.7192
v  2.5871 -3.7114 0.7378
v  2.5845 -3.7114 0.7573
v  2.5893 -3.7114 0.7765
v  2.5963 -3.7064 0.8001
v  2.6179 -3.7064 0.8126
v  2.6407 -3.7064 0.8156
v  2.6630 -3.7064 0.8099
v  2.6830 -3.7064 0.7951
v  2.6954 -3.7064 0.7735
v  2.6984 -3.7064 0.7507
v  2.6928 -3.7064 0.7284
v  2.6779 -3.7064 0.7084
v  2.6564 -3.7064 0.6959
v  2.6335 -3.7064 0.6930
v  2.6112 -3.7064 0.6986
v  2.5913 -3.7064 0.7135
v  2.5788 -3.7064 0.7350
v  2.5758 -3.7064 0.7579
v  2.5815 -3.7064 0.7802
v  2.5694 -3.6412 0.8256
v  2.6070 -3.6407 0.8483
v  2.6450 -3.6427 0.8518
v  2.6806 -3.6461 0.8403
v  2.7074 -3.6495 0.8157
v  2.7240 -3.6542 0.7838
v  2.7265 -3.6570 0.7498
v  2.7174 -3.6588 0.7175
v  2.6950 -3.6609 0.6891
v  2.6644 -3.6609 0.6715
v  2.6317 -3.6598 0.6662
v  2.6005 -3.6573 0.6738
v  2.5700 -3.6544 0.6918
v  2.5497 -3.6493 0.7235
v  2.5421 -3.6464 0.7565
v  2.5477 -3.6437 0.7932
v  2.5565 -3.6129 0.8393
v  2.6013 -3.6123 0.8664
v  2.6467 -3.6146 0.8705
v  2.6891 -3.6187 0.8568
v  2.7212 -3.6228 0.8275
v  2.7410 -3.6283 0.7894
v  2.7439 -3.6317 0.7489
v  2.7331 -3.6339 0.7103
v  2.7064 -3.6363 0.6764
v  2.6699 -3.6363 0.6554
v  2.6308 -3.6350 0.6491
v  2.5935 -3.6321 0.6581
v  2.5571 -3.6286 0.6797
v  2.5329 -3.6225 0.7175
v  2.5239 -3.6190 0.7569
v  2.5306 -3.6158 0.8006
v  2.6187 -3.6697 0.7640
v  2.6236 -3.6697 0.7701
v  2.6304 -3.6697 0.7740
v  2.6387 -3.6697 0.7750
v  2.6468 -3.6697 0.7727
v  2.6529 -3.6697 0.7678
v  2.6567 -3.6697 0.7610
v  2.6578 -3.6697 0.7527
v  2.6554 -3.6697 0.7446
v  2.6506 -3.6697 0.7385
v  2.6438 -3.6697 0.7347
v  2.6355 -3.6697 0.7336
v  2.6274 -3.6697 0.7360
v  2.6213 -3.6697 0.7408
v  2.6175 -3.6697 0.7476
v  2.6164 -3.6697 0.7560
v  2.5893 -3.7114 1.9550
v  2.6021 -3.7114 1.9378
v  2.6206 -3.7114 1.9271
v  2.6402 -3.7114 1.9246
v  2.6594 -3.7114 1.9294
v  2.6765 -3.7114 1.9422
v  2.6872 -3.7114 1.9607
v  2.6898 -3.7114 1.9803
v  2.6849 -3.7114 1.9994
v  2.6722 -3.7114 2.0166
v  2.6536 -3.7114 2.0273
v  2.6341 -3.7114 2.0298
v  2.6149 -3.7114 2.0250
v  2.5977 -3.7114 2.0122
v  2.5871 -3.7114 1.9937
v  2.5845 -3.7114 1.9741
v  2.5963 -3.7064 1.9313
v  2.5815 -3.7064 1.9513
v  2.6179 -3.7064 1.9189
v  2.6407 -3.7064 1.9159
v  2.6630 -3.7064 1.9215
v  2.6830 -3.7064 1.9364
v  2.6954 -3.7064 1.9580
v  2.6984 -3.7064 1.9808
v  2.6928 -3.7064 2.0031
v  2.6779 -3.7064 2.0231
v  2.6564 -3.7064 2.0355
v  2.6335 -3.7064 2.0385
v  2.6112 -3.7064 2.0329
v  2.5913 -3.7064 2.0180
v  2.5788 -3.7064 1.9964
v  2.5758 -3.7064 1.9736
v  2.5694 -3.6412 1.9058
v  2.5477 -3.6437 1.9383
v  2.6070 -3.6407 1.8831
v  2.6450 -3.6427 1.8797
v  2.6806 -3.6461 1.8912
v  2.7074 -3.6495 1.9157
v  2.7240 -3.6542 1.9477
v  2.7265 -3.6570 1.9816
v  2.7174 -3.6588 2.0140
v  2.6950 -3.6609 2.0423
v  2.6644 -3.6609 2.0600
v  2.6317 -3.6598 2.0653
v  2.6005 -3.6573 2.0577
v  2.5700 -3.6544 2.0396
v  2.5497 -3.6493 2.0079
v  2.5421 -3.6464 1.9749
v  2.5565 -3.6129 1.8921
v  2.5306 -3.6158 1.9309
v  2.6013 -3.6123 1.8650
v  2.6467 -3.6146 1.8609
v  2.6891 -3.6187 1.8746
v  2.7212 -3.6228 1.9039
v  2.7410 -3.6283 1.9421
v  2.7439 -3.6317 1.9826
v  2.7331 -3.6339 2.0212
v  2.7064 -3.6363 2.0550
v  2.6699 -3.6363 2.0761
v  2.6308 -3.6350 2.0824
v  2.5935 -3.6321 2.0734
v  2.5571 -3.6286 2.0518
v  2.5329 -3.6225 2.0140
v  2.5239 -3.6190 1.9746
v  2.6187 -3.6697 1.9674
v  2.6236 -3.6697 1.9613
v  2.6304 -3.6697 1.9575
v  2.6387 -3.6697 1.9564
v  2.6468 -3.6697 1.9588
v  2.6529 -3.6697 1.9637
v  2.6567 -3.6697 1.9704
v  2.6578 -3.6697 1.9788
v  2.6554 -3.6697 1.9869
v  2.6506 -3.6697 1.9929
v  2.6438 -3.6697 1.9968
v  2.6355 -3.6697 1.9978
v  2.6274 -3.6697 1.9955
v  2.6213 -3.6697 1.9906
v  2.6175 -3.6697 1.9839
v  2.6164 -3.6697 1.9755
v  -2.5893 -3.7114 0.7765
v  -2.6021 -3.7114 0.7937
v  -2.6206 -3.7114 0.8043
v  -2.6402 -3.7114 0.8069
v  -2.6594 -3.7114 0.8021
v  -2.6765 -3.7114 0.7893
v  -2.6872 -3.7114 0.7708
v  -2.6898 -3.7114 0.7512
v  -2.6849 -3.7114 0.7320
v  -2.6722 -3.7114 0.7149
v  -2.6536 -3.7114 0.7042
v  -2.6341 -3.7114 0.7016
v  -2.6149 -3.7114 0.7065
v  -2.5977 -3.7114 0.7192
v  -2.5871 -3.7114 0.7378
v  -2.5845 -3.7114 0.7573
v  -2.5963 -3.7064 0.8001
v  -2.5815 -3.7064 0.7802
v  -2.6179 -3.7064 0.8126
v  -2.6407 -3.7064 0.8156
v  -2.6630 -3.7064 0.8099
v  -2.6830 -3.7064 0.7951
v  -2.6955 -3.7064 0.7735
v  -2.6984 -3.7064 0.7507
v  -2.6928 -3.7064 0.7284
v  -2.6779 -3.7064 0.7084
v  -2.6564 -3.7064 0.6959
v  -2.6335 -3.7064 0.6930
v  -2.6112 -3.7064 0.6986
v  -2.5913 -3.7064 0.7135
v  -2.5788 -3.7064 0.7350
v  -2.5758 -3.7064 0.7579
v  -2.5694 -3.6412 0.8256
v  -2.5478 -3.6437 0.7932
v  -2.6070 -3.6407 0.8483
v  -2.6450 -3.6427 0.8518
v  -2.6806 -3.6461 0.8403
v  -2.7074 -3.6495 0.8157
v  -2.7240 -3.6542 0.7838
v  -2.7265 -3.6570 0.7498
v  -2.7174 -3.6588 0.7175
v  -2.6950 -3.6609 0.6891
v  -2.6644 -3.6609 0.6715
v  -2.6317 -3.6598 0.6662
v  -2.6005 -3.6573 0.6738
v  -2.5700 -3.6544 0.6918
v  -2.5497 -3.6493 0.7235
v  -2.5421 -3.6464 0.7565
v  -2.5565 -3.6090 0.8393
v  -2.5306 -3.6119 0.8006
v  -2.6014 -3.6084 0.8664
v  -2.6467 -3.6107 0.8705
v  -2.6891 -3.6148 0.8568
v  -2.7212 -3.6189 0.8275
v  -2.7410 -3.6244 0.7894
v  -2.7439 -3.6278 0.7489
v  -2.7331 -3.6300 0.7103
v  -2.7064 -3.6324 0.6764
v  -2.6699 -3.6324 0.6554
v  -2.6308 -3.6311 0.6491
v  -2.5936 -3.6282 0.6581
v  -2.5571 -3.6247 0.6797
v  -2.5330 -3.6186 0.7175
v  -2.5239 -3.6151 0.7569
v  -2.6187 -3.6697 0.7640
v  -2.6236 -3.6697 0.7701
v  -2.6304 -3.6697 0.7740
v  -2.6387 -3.6697 0.7750
v  -2.6468 -3.6697 0.7727
v  -2.6529 -3.6697 0.7678
v  -2.6567 -3.6697 0.7610
v  -2.6578 -3.6697 0.7527
v  -2.6554 -3.6697 0.7446
v  -2.6506 -3.6697 0.7385
v  -2.6438 -3.6697 0.7347
v  -2.6355 -3.6697 0.7336
v  -2.6274 -3.6697 0.7360
v  -2.6213 -3.6697 0.7408
v  -2.6175 -3.6697 0.7476
v  -2.6164 -3.6697 0.7560
v  -2.5893 -3.7114 1.9550
v  -2.6021 -3.7114 1.9378
v  -2.6206 -3.7114 1.9271
v  -2.6402 -3.7114 1.9246
v  -2.6594 -3.7114 1.9294
v  -2.6765 -3.7114 1.9422
v  -2.6872 -3.7114 1.9607
v  -2.6898 -3.7114 1.9803
v  -2.6849 -3.7114 1.9994
v  -2.6722 -3.7114 2.0166
v  -2.6536 -3.7114 2.0273
v  -2.6341 -3.7114 2.0298
v  -2.6149 -3.7114 2.0250
v  -2.5977 -3.7114 2.0122
v  -2.5871 -3.7114 1.9937
v  -2.5845 -3.7114 1.9741
v  -2.5815 -3.7064 1.9513
v  -2.5963 -3.7064 1.9313
v  -2.6179 -3.7064 1.9189
v  -2.6407 -3.7064 1.9159
v  -2.6630 -3.7064 1.9215
v  -2.6830 -3.7064 1.9364
v  -2.6955 -3.7064 1.9580
v  -2.6984 -3.7064 1.9808
v  -2.6928 -3.7064 2.0031
v  -2.6779 -3.7064 2.0231
v  -2.6564 -3.7064 2.0355
v  -2.6335 -3.7064 2.0385
v  -2.6112 -3.7064 2.0329
v  -2.5913 -3.7064 2.0180
v  -2.5788 -3.7064 1.9964
v  -2.5758 -3.7064 1.9736
v  -2.5478 -3.6437 1.9383
v  -2.5694 -3.6412 1.9058
v  -2.6070 -3.6407 1.8831
v  -2.6450 -3.6427 1.8797
v  -2.6806 -3.6461 1.8912
v  -2.7074 -3.6495 1.9157
v  -2.7240 -3.6542 1.9477
v  -2.7265 -3.6570 1.9816
v  -2.7174 -3.6588 2.0140
v  -2.6950 -3.6609 2.0423
v  -2.6644 -3.6609 2.0600
v  -2.6317 -3.6598 2.0653
v  -2.6005 -3.6573 2.0577
v  -2.5700 -3.6544 2.0396
v  -2.5497 -3.6493 2.0079
v  -2.5421 -3.6464 1.9749
v  -2.5306 -3.6143 1.9309
v  -2.5565 -3.6114 1.8921
v  -2.6014 -3.6108 1.8650
v  -2.6467 -3.6132 1.8609
v  -2.6891 -3.6173 1.8746
v  -2.7212 -3.6213 1.9039
v  -2.7410 -3.6269 1.9421
v  -2.7439 -3.6302 1.9826
v  -2.7331 -3.6324 2.0212
v  -2.7064 -3.6348 2.0550
v  -2.6699 -3.6348 2.0761
v  -2.6308 -3.6336 2.0824
v  -2.5936 -3.6307 2.0734
v  -2.5571 -3.6272 2.0518
v  -2.5330 -3.6210 2.0140
v  -2.5239 -3.6175 1.9746
v  -2.6236 -3.6697 1.9613
v  -2.6187 -3.6697 1.9674
v  -2.6304 -3.6697 1.9575
v  -2.6387 -3.6697 1.9564
v  -2.6468 -3.6697 1.9588
v  -2.6529 -3.6697 1.9637
v  -2.6567 -3.6697 1.9704
v  -2.6578 -3.6697 1.9788
v  -2.6554 -3.6697 1.9869
v  -2.6506 -3.6697 1.9929
v  -2.6438 -3.6697 1.9968
v  -2.6355 -3.6697 1.9978
v  -2.6274 -3.6697 1.9955
v  -2.6213 -3.6697 1.9906
v  -2.6175 -3.6697 1.9839
v  -2.6164 -3.6697 1.9755
v  2.8736 -3.7710 -0.0230
v  2.8921 -3.7710 -0.0123
v  2.9117 -3.7710 -0.0098
v  2.9309 -3.7710 -0.0146
v  2.9480 -3.7710 -0.0274
v  2.9587 -3.7710 -0.0459
v  2.9613 -3.7710 -0.0655
v  2.9564 -3.7710 -0.0847
v  2.9437 -3.7710 -0.1018
v  2.9251 -3.7710 -0.1125
v  2.9055 -3.7710 -0.1150
v  2.8864 -3.7710 -0.1102
v  2.8692 -3.7710 -0.0974
v  2.8585 -3.7710 -0.0789
v  2.8560 -3.7710 -0.0593
v  2.8608 -3.7710 -0.0402
v  2.8678 -3.7660 -0.0165
v  2.8894 -3.7660 -0.0041
v  2.9122 -3.7660 -0.0011
v  2.9345 -3.7660 -0.0067
v  2.9545 -3.7660 -0.0216
v  2.9669 -3.7660 -0.0432
v  2.9699 -3.7660 -0.0660
v  2.9643 -3.7660 -0.0883
v  2.9494 -3.7660 -0.1083
v  2.9278 -3.7660 -0.1207
v  2.9050 -3.7660 -0.1237
v  2.8827 -3.7660 -0.1181
v  2.8627 -3.7660 -0.1032
v  2.8503 -3.7660 -0.0816
v  2.8473 -3.7660 -0.0588
v  2.8530 -3.7660 -0.0365
v  2.8409 -3.7008 0.0090
v  2.8785 -3.7003 0.0317
v  2.9165 -3.7023 0.0351
v  2.9520 -3.7057 0.0236
v  2.9789 -3.7091 -0.0009
v  2.9955 -3.7138 -0.0329
v  2.9979 -3.7166 -0.0668
v  2.9889 -3.7184 -0.0992
v  2.9665 -3.7205 -0.1275
v  2.9359 -3.7205 -0.1452
v  2.9032 -3.7194 -0.1505
v  2.8720 -3.7169 -0.1429
v  2.8415 -3.7140 -0.1248
v  2.8212 -3.7089 -0.0931
v  2.8136 -3.7060 -0.0601
v  2.8192 -3.7033 -0.0235
v  2.8280 -3.6725 0.0227
v  2.8728 -3.6719 0.0498
v  2.9181 -3.6742 0.0538
v  2.9606 -3.6783 0.0402
v  2.9927 -3.6824 0.0109
v  3.0125 -3.6879 -0.0273
v  3.0154 -3.6913 -0.0678
v  3.0046 -3.6935 -0.1064
v  2.9779 -3.6959 -0.1402
v  2.9413 -3.6959 -0.1613
v  2.9023 -3.6946 -0.1676
v  2.8650 -3.6917 -0.1586
v  2.8286 -3.6882 -0.1370
v  2.8044 -3.6821 -0.0992
v  2.7954 -3.6786 -0.0598
v  2.8021 -3.6754 -0.0161
v  2.8902 -3.7293 -0.0526
v  2.8951 -3.7293 -0.0466
v  2.9018 -3.7293 -0.0427
v  2.9102 -3.7293 -0.0417
v  2.9183 -3.7293 -0.0440
v  2.9244 -3.7293 -0.0489
v  2.9282 -3.7293 -0.0556
v  2.9293 -3.7293 -0.0640
v  2.9269 -3.7293 -0.0721
v  2.9221 -3.7293 -0.0782
v  2.9153 -3.7293 -0.0820
v  2.9070 -3.7293 -0.0831
v  2.8989 -3.7293 -0.0807
v  2.8928 -3.7293 -0.0758
v  2.8889 -3.7293 -0.0691
v  2.8879 -3.7293 -0.0607
v  2.8608 -3.7710 2.7716
v  2.8736 -3.7710 2.7545
v  2.8921 -3.7710 2.7438
v  2.9117 -3.7710 2.7412
v  2.9309 -3.7710 2.7461
v  2.9480 -3.7710 2.7588
v  2.9587 -3.7710 2.7774
v  2.9613 -3.7710 2.7970
v  2.9564 -3.7710 2.8161
v  2.9437 -3.7710 2.8333
v  2.9251 -3.7710 2.8439
v  2.9055 -3.7710 2.8465
v  2.8864 -3.7710 2.8417
v  2.8692 -3.7710 2.8289
v  2.8585 -3.7710 2.8104
v  2.8560 -3.7710 2.7908
v  2.8678 -3.7660 2.7480
v  2.8530 -3.7660 2.7680
v  2.8894 -3.7660 2.7356
v  2.9122 -3.7660 2.7326
v  2.9345 -3.7660 2.7382
v  2.9545 -3.7660 2.7531
v  2.9669 -3.7660 2.7746
v  2.9699 -3.7660 2.7975
v  2.9643 -3.7660 2.8198
v  2.9494 -3.7660 2.8397
v  2.9278 -3.7660 2.8522
v  2.9050 -3.7660 2.8552
v  2.8827 -3.7660 2.8495
v  2.8627 -3.7660 2.8347
v  2.8503 -3.7660 2.8131
v  2.8473 -3.7660 2.7903
v  2.8409 -3.7008 2.7225
v  2.8192 -3.7033 2.7550
v  2.8785 -3.7003 2.6998
v  2.9165 -3.7023 2.6964
v  2.9520 -3.7057 2.7078
v  2.9789 -3.7091 2.7324
v  2.9955 -3.7138 2.7644
v  2.9979 -3.7166 2.7983
v  2.9889 -3.7184 2.8306
v  2.9665 -3.7205 2.8590
v  2.9359 -3.7205 2.8766
v  2.9032 -3.7194 2.8819
v  2.8720 -3.7169 2.8743
v  2.8415 -3.7140 2.8563
v  2.8212 -3.7089 2.8246
v  2.8136 -3.7060 2.7916
v  2.8280 -3.6725 2.7088
v  2.8021 -3.6754 2.7475
v  2.8728 -3.6719 2.6817
v  2.9181 -3.6742 2.6776
v  2.9606 -3.6783 2.6913
v  2.9927 -3.6824 2.7206
v  3.0125 -3.6879 2.7588
v  3.0154 -3.6913 2.7993
v  3.0046 -3.6935 2.8379
v  2.9779 -3.6959 2.8717
v  2.9413 -3.6959 2.8927
v  2.9023 -3.6946 2.8991
v  2.8650 -3.6917 2.8900
v  2.8286 -3.6882 2.8685
v  2.8044 -3.6821 2.8306
v  2.7954 -3.6786 2.7913
v  2.8902 -3.7293 2.7841
v  2.8951 -3.7293 2.7780
v  2.9018 -3.7293 2.7742
v  2.9102 -3.7293 2.7731
v  2.9183 -3.7293 2.7755
v  2.9244 -3.7293 2.7803
v  2.9282 -3.7293 2.7871
v  2.9293 -3.7293 2.7955
v  2.9269 -3.7293 2.8035
v  2.9221 -3.7293 2.8096
v  2.9153 -3.7293 2.8135
v  2.9070 -3.7293 2.8145
v  2.8989 -3.7293 2.8122
v  2.8928 -3.7293 2.8073
v  2.8889 -3.7293 2.8005
v  2.8879 -3.7293 2.7922
v  -2.8608 -3.7710 -0.0402
v  -2.8736 -3.7710 -0.0230
v  -2.8921 -3.7710 -0.0123
v  -2.9117 -3.7710 -0.0098
v  -2.9309 -3.7710 -0.0146
v  -2.9480 -3.7710 -0.0274
v  -2.9587 -3.7710 -0.0459
v  -2.9613 -3.7710 -0.0655
v  -2.9564 -3.7710 -0.0847
v  -2.9437 -3.7710 -0.1018
v  -2.9251 -3.7710 -0.1125
v  -2.9055 -3.7710 -0.1150
v  -2.8864 -3.7710 -0.1102
v  -2.8692 -3.7710 -0.0974
v  -2.8586 -3.7710 -0.0789
v  -2.8560 -3.7710 -0.0593
v  -2.8678 -3.7660 -0.0165
v  -2.8530 -3.7660 -0.0365
v  -2.8894 -3.7660 -0.0041
v  -2.9122 -3.7660 -0.0011
v  -2.9345 -3.7660 -0.0067
v  -2.9545 -3.7660 -0.0216
v  -2.9669 -3.7660 -0.0432
v  -2.9699 -3.7660 -0.0660
v  -2.9643 -3.7660 -0.0883
v  -2.9494 -3.7660 -0.1083
v  -2.9278 -3.7660 -0.1207
v  -2.9050 -3.7660 -0.1237
v  -2.8827 -3.7660 -0.1181
v  -2.8627 -3.7660 -0.1032
v  -2.8503 -3.7660 -0.0816
v  -2.8473 -3.7660 -0.0588
v  -2.8409 -3.7008 0.0090
v  -2.8192 -3.7033 -0.0235
v  -2.8785 -3.7003 0.0317
v  -2.9165 -3.7023 0.0351
v  -2.9521 -3.7057 0.0236
v  -2.9789 -3.7091 -0.0009
v  -2.9955 -3.7138 -0.0329
v  -2.9980 -3.7166 -0.0668
v  -2.9889 -3.7184 -0.0992
v  -2.9665 -3.7205 -0.1275
v  -2.9359 -3.7205 -0.1452
v  -2.9032 -3.7194 -0.1505
v  -2.8720 -3.7169 -0.1429
v  -2.8415 -3.7140 -0.1248
v  -2.8212 -3.7089 -0.0931
v  -2.8136 -3.7060 -0.0601
v  -2.8280 -3.6725 0.0227
v  -2.8021 -3.6754 -0.0161
v  -2.8728 -3.6719 0.0498
v  -2.9181 -3.6742 0.0538
v  -2.9606 -3.6783 0.0402
v  -2.9927 -3.6824 0.0109
v  -3.0125 -3.6879 -0.0273
v  -3.0154 -3.6913 -0.0678
v  -3.0046 -3.6935 -0.1064
v  -2.9779 -3.6959 -0.1402
v  -2.9413 -3.6959 -0.1613
v  -2.9023 -3.6946 -0.1676
v  -2.8650 -3.6917 -0.1586
v  -2.8286 -3.6882 -0.1370
v  -2.8044 -3.6821 -0.0992
v  -2.7954 -3.6786 -0.0598
v  -2.8902 -3.7293 -0.0526
v  -2.8951 -3.7293 -0.0466
v  -2.9018 -3.7293 -0.0427
v  -2.9102 -3.7293 -0.0417
v  -2.9183 -3.7293 -0.0440
v  -2.9244 -3.7293 -0.0489
v  -2.9282 -3.7293 -0.0556
v  -2.9293 -3.7293 -0.0640
v  -2.9269 -3.7293 -0.0721
v  -2.9221 -3.7293 -0.0782
v  -2.9153 -3.7293 -0.0820
v  -2.9070 -3.7293 -0.0831
v  -2.8989 -3.7293 -0.0807
v  -2.8928 -3.7293 -0.0758
v  -2.8889 -3.7293 -0.0691
v  -2.8879 -3.7293 -0.0607
v  -2.8608 -3.7710 2.7716
v  -2.8736 -3.7710 2.7545
v  -2.8921 -3.7710 2.7438
v  -2.9117 -3.7710 2.7412
v  -2.9309 -3.7710 2.7461
v  -2.9480 -3.7710 2.7588
v  -2.9587 -3.7710 2.7774
v  -2.9613 -3.7710 2.7969
v  -2.9564 -3.7710 2.8161
v  -2.9437 -3.7710 2.8333
v  -2.9251 -3.7710 2.8439
v  -2.9055 -3.7710 2.8465
v  -2.8864 -3.7710 2.8417
v  -2.8692 -3.7710 2.8289
v  -2.8586 -3.7710 2.8104
v  -2.8560 -3.7710 2.7908
v  -2.8530 -3.7660 2.7680
v  -2.8678 -3.7660 2.7480
v  -2.8894 -3.7660 2.7356
v  -2.9122 -3.7660 2.7326
v  -2.9345 -3.7660 2.7382
v  -2.9545 -3.7660 2.7531
v  -2.9669 -3.7660 2.7746
v  -2.9699 -3.7660 2.7975
v  -2.9643 -3.7660 2.8198
v  -2.9494 -3.7660 2.8397
v  -2.9278 -3.7660 2.8522
v  -2.9050 -3.7660 2.8552
v  -2.8827 -3.7660 2.8495
v  -2.8627 -3.7660 2.8347
v  -2.8503 -3.7660 2.8131
v  -2.8473 -3.7660 2.7903
v  -2.8192 -3.7033 2.7550
v  -2.8409 -3.7008 2.7225
v  -2.8785 -3.7003 2.6998
v  -2.9165 -3.7023 2.6964
v  -2.9521 -3.7057 2.7078
v  -2.9789 -3.7091 2.7324
v  -2.9955 -3.7138 2.7644
v  -2.9980 -3.7166 2.7983
v  -2.9889 -3.7184 2.8306
v  -2.9665 -3.7205 2.8590
v  -2.9359 -3.7205 2.8766
v  -2.9032 -3.7194 2.8819
v  -2.8720 -3.7169 2.8743
v  -2.8415 -3.7140 2.8563
v  -2.8212 -3.7089 2.8246
v  -2.8136 -3.7060 2.7916
v  -2.8021 -3.6754 2.7475
v  -2.8280 -3.6725 2.7088
v  -2.8728 -3.6719 2.6817
v  -2.9181 -3.6742 2.6776
v  -2.9606 -3.6783 2.6913
v  -2.9927 -3.6824 2.7206
v  -3.0125 -3.6879 2.7588
v  -3.0154 -3.6913 2.7993
v  -3.0046 -3.6935 2.8379
v  -2.9779 -3.6959 2.8717
v  -2.9413 -3.6959 2.8927
v  -2.9023 -3.6946 2.8991
v  -2.8650 -3.6917 2.8900
v  -2.8286 -3.6882 2.8685
v  -2.8044 -3.6821 2.8306
v  -2.7954 -3.6786 2.7912
v  -2.8951 -3.7293 2.7780
v  -2.8902 -3.7293 2.7841
v  -2.9018 -3.7293 2.7742
v  -2.9102 -3.7293 2.7731
v  -2.9183 -3.7293 2.7755
v  -2.9244 -3.7293 2.7803
v  -2.9282 -3.7293 2.7871
v  -2.9293 -3.7293 2.7955
v  -2.9269 -3.7293 2.8035
v  -2.9221 -3.7293 2.8096
v  -2.9153 -3.7293 2.8135
v  -2.9070 -3.7293 2.8145
v  -2.8989 -3.7293 2.8122
v  -2.8928 -3.7293 2.8073
v  -2.8889 -3.7293 2.8005
v  -2.8879 -3.7293 2.7922
v  3.2090 -3.7694 0.4978
v  3.2275 -3.7694 0.5084
v  3.2471 -3.7694 0.5110
v  3.2663 -3.7694 0.5062
v  3.2834 -3.7694 0.4934
v  3.2941 -3.7694 0.4749
v  3.2967 -3.7694 0.4553
v  3.2919 -3.7694 0.4361
v  3.2791 -3.7694 0.4190
v  3.2606 -3.7694 0.4083
v  3.2410 -3.7694 0.4057
v  3.2218 -3.7694 0.4105
v  3.2046 -3.7694 0.4233
v  3.1940 -3.7694 0.4418
v  3.1914 -3.7694 0.4614
v  3.1962 -3.7694 0.4806
v  3.2032 -3.7644 0.5042
v  3.2248 -3.7644 0.5167
v  3.2476 -3.7644 0.5196
v  3.2699 -3.7644 0.5140
v  3.2899 -3.7644 0.4992
v  3.3024 -3.7644 0.4776
v  3.3053 -3.7644 0.4548
v  3.2997 -3.7644 0.4325
v  3.2848 -3.7644 0.4125
v  3.2633 -3.7644 0.4000
v  3.2405 -3.7644 0.3971
v  3.2181 -3.7644 0.4027
v  3.1982 -3.7644 0.4176
v  3.1857 -3.7644 0.4391
v  3.1828 -3.7644 0.4619
v  3.1884 -3.7644 0.4843
v  3.1763 -3.6992 0.5297
v  3.2139 -3.6987 0.5524
v  3.2519 -3.7006 0.5558
v  3.2875 -3.7041 0.5444
v  3.3143 -3.7075 0.5198
v  3.3309 -3.7121 0.4879
v  3.3334 -3.7149 0.4539
v  3.3243 -3.7168 0.4216
v  3.3020 -3.7188 0.3932
v  3.2713 -3.7188 0.3756
v  3.2386 -3.7177 0.3703
v  3.2074 -3.7153 0.3779
v  3.1769 -3.7124 0.3959
v  3.1566 -3.7072 0.4276
v  3.1490 -3.7043 0.4606
v  3.1547 -3.7016 0.4973
v  3.1634 -3.6708 0.5434
v  3.2083 -3.6703 0.5705
v  3.2536 -3.6726 0.5746
v  3.2960 -3.6767 0.5609
v  3.3281 -3.6808 0.5316
v  3.3479 -3.6863 0.4935
v  3.3508 -3.6896 0.4530
v  3.3400 -3.6918 0.4143
v  3.3133 -3.6943 0.3805
v  3.2768 -3.6943 0.3595
v  3.2377 -3.6930 0.3532
v  3.2005 -3.6901 0.3622
v  3.1640 -3.6866 0.3838
v  3.1399 -3.6805 0.4216
v  3.1308 -3.6770 0.4610
v  3.1375 -3.6738 0.5047
v  3.2256 -3.7276 0.4681
v  3.2305 -3.7276 0.4742
v  3.2373 -3.7276 0.4781
v  3.2456 -3.7276 0.4791
v  3.2537 -3.7276 0.4768
v  3.2598 -3.7276 0.4719
v  3.2636 -3.7276 0.4651
v  3.2647 -3.7276 0.4568
v  3.2624 -3.7276 0.4487
v  3.2575 -3.7276 0.4426
v  3.2507 -3.7276 0.4388
v  3.2424 -3.7276 0.4377
v  3.2343 -3.7276 0.4401
v  3.2282 -3.7276 0.4449
v  3.2244 -3.7276 0.4517
v  3.2233 -3.7276 0.4601
v  3.1962 -3.7694 2.2509
v  3.2090 -3.7694 2.2337
v  3.2275 -3.7694 2.2230
v  3.2471 -3.7694 2.2205
v  3.2663 -3.7694 2.2253
v  3.2834 -3.7694 2.2381
v  3.2941 -3.7694 2.2566
v  3.2967 -3.7694 2.2762
v  3.2919 -3.7694 2.2953
v  3.2791 -3.7694 2.3125
v  3.2606 -3.7694 2.3232
v  3.2410 -3.7694 2.3257
v  3.2218 -3.7694 2.3209
v  3.2046 -3.7694 2.3081
v  3.1940 -3.7694 2.2896
v  3.1914 -3.7694 2.2700
v  3.2032 -3.7644 2.2272
v  3.1884 -3.7644 2.2472
v  3.2248 -3.7644 2.2148
v  3.2476 -3.7644 2.2118
v  3.2699 -3.7644 2.2174
v  3.2899 -3.7644 2.2323
v  3.3024 -3.7644 2.2539
v  3.3053 -3.7644 2.2767
v  3.2997 -3.7644 2.2990
v  3.2848 -3.7644 2.3190
v  3.2633 -3.7644 2.3314
v  3.2405 -3.7644 2.3344
v  3.2181 -3.7644 2.3288
v  3.1982 -3.7644 2.3139
v  3.1857 -3.7644 2.2923
v  3.1828 -3.7644 2.2695
v  3.1763 -3.6992 2.2017
v  3.1547 -3.7016 2.2342
v  3.2139 -3.6987 2.1790
v  3.2519 -3.7006 2.1756
v  3.2875 -3.7041 2.1871
v  3.3143 -3.7075 2.2116
v  3.3309 -3.7121 2.2436
v  3.3334 -3.7149 2.2775
v  3.3243 -3.7168 2.3099
v  3.3020 -3.7188 2.3382
v  3.2713 -3.7188 2.3559
v  3.2386 -3.7177 2.3612
v  3.2074 -3.7153 2.3536
v  3.1769 -3.7124 2.3355
v  3.1566 -3.7072 2.3038
v  3.1490 -3.7043 2.2708
v  3.1634 -3.6708 2.1880
v  3.1375 -3.6738 2.2268
v  3.2083 -3.6703 2.1609
v  3.2536 -3.6726 2.1569
v  3.2960 -3.6767 2.1705
v  3.3281 -3.6808 2.1998
v  3.3479 -3.6863 2.2380
v  3.3508 -3.6896 2.2785
v  3.3400 -3.6918 2.3171
v  3.3133 -3.6943 2.3509
v  3.2768 -3.6943 2.3720
v  3.2377 -3.6930 2.3783
v  3.2005 -3.6901 2.3693
v  3.1640 -3.6866 2.3477
v  3.1399 -3.6805 2.3099
v  3.1308 -3.6770 2.2705
v  3.2256 -3.7276 2.2633
v  3.2305 -3.7276 2.2572
v  3.2373 -3.7276 2.2534
v  3.2456 -3.7276 2.2524
v  3.2537 -3.7276 2.2547
v  3.2598 -3.7276 2.2596
v  3.2636 -3.7276 2.2663
v  3.2647 -3.7276 2.2747
v  3.2624 -3.7276 2.2828
v  3.2575 -3.7276 2.2889
v  3.2507 -3.7276 2.2927
v  3.2424 -3.7276 2.2937
v  3.2343 -3.7276 2.2914
v  3.2282 -3.7276 2.2865
v  3.2244 -3.7276 2.2798
v  3.2233 -3.7276 2.2714
v  -3.1962 -3.7694 0.4806
v  -3.2090 -3.7694 0.4978
v  -3.2275 -3.7694 0.5084
v  -3.2471 -3.7694 0.5110
v  -3.2663 -3.7694 0.5062
v  -3.2835 -3.7694 0.4934
v  -3.2941 -3.7694 0.4749
v  -3.2967 -3.7694 0.4553
v  -3.2919 -3.7694 0.4361
v  -3.2791 -3.7694 0.4190
v  -3.2606 -3.7694 0.4083
v  -3.2410 -3.7694 0.4057
v  -3.2218 -3.7694 0.4105
v  -3.2047 -3.7694 0.4233
v  -3.1940 -3.7694 0.4418
v  -3.1914 -3.7694 0.4614
v  -3.2033 -3.7644 0.5042
v  -3.1884 -3.7644 0.4843
v  -3.2248 -3.7644 0.5167
v  -3.2476 -3.7644 0.5196
v  -3.2700 -3.7644 0.5140
v  -3.2899 -3.7644 0.4992
v  -3.3024 -3.7644 0.4776
v  -3.3053 -3.7644 0.4548
v  -3.2997 -3.7644 0.4325
v  -3.2849 -3.7644 0.4125
v  -3.2633 -3.7644 0.4000
v  -3.2405 -3.7644 0.3971
v  -3.2181 -3.7644 0.4027
v  -3.1982 -3.7644 0.4176
v  -3.1857 -3.7644 0.4391
v  -3.1828 -3.7644 0.4619
v  -3.1763 -3.6992 0.5297
v  -3.1547 -3.7016 0.4973
v  -3.2139 -3.6987 0.5524
v  -3.2519 -3.7006 0.5558
v  -3.2875 -3.7041 0.5444
v  -3.3143 -3.7075 0.5198
v  -3.3309 -3.7121 0.4879
v  -3.3334 -3.7149 0.4539
v  -3.3243 -3.7168 0.4216
v  -3.3020 -3.7188 0.3932
v  -3.2713 -3.7188 0.3756
v  -3.2386 -3.7177 0.3703
v  -3.2074 -3.7153 0.3779
v  -3.1769 -3.7124 0.3959
v  -3.1566 -3.7072 0.4276
v  -3.1490 -3.7043 0.4606
v  -3.1634 -3.6679 0.5434
v  -3.1375 -3.6708 0.5047
v  -3.2083 -3.6673 0.5705
v  -3.2536 -3.6697 0.5746
v  -3.2960 -3.6737 0.5609
v  -3.3281 -3.6778 0.5316
v  -3.3479 -3.6834 0.4935
v  -3.3508 -3.6867 0.4530
v  -3.3400 -3.6889 0.4144
v  -3.3133 -3.6913 0.3805
v  -3.2768 -3.6913 0.3595
v  -3.2377 -3.6901 0.3532
v  -3.2005 -3.6871 0.3622
v  -3.1641 -3.6836 0.3838
v  -3.1399 -3.6775 0.4216
v  -3.1308 -3.6740 0.4610
v  -3.2257 -3.7276 0.4681
v  -3.2305 -3.7276 0.4742
v  -3.2373 -3.7276 0.4781
v  -3.2456 -3.7276 0.4791
v  -3.2537 -3.7276 0.4767
v  -3.2598 -3.7276 0.4719
v  -3.2636 -3.7276 0.4651
v  -3.2647 -3.7276 0.4568
v  -3.2624 -3.7276 0.4487
v  -3.2575 -3.7276 0.4426
v  -3.2507 -3.7276 0.4388
v  -3.2424 -3.7276 0.4377
v  -3.2343 -3.7276 0.4401
v  -3.2282 -3.7276 0.4449
v  -3.2244 -3.7276 0.4517
v  -3.2233 -3.7276 0.4601
v  -3.1962 -3.7694 2.2509
v  -3.2090 -3.7694 2.2337
v  -3.2275 -3.7694 2.2230
v  -3.2471 -3.7694 2.2205
v  -3.2663 -3.7694 2.2253
v  -3.2835 -3.7694 2.2381
v  -3.2941 -3.7694 2.2566
v  -3.2967 -3.7694 2.2762
v  -3.2919 -3.7694 2.2953
v  -3.2791 -3.7694 2.3125
v  -3.2606 -3.7694 2.3232
v  -3.2410 -3.7694 2.3257
v  -3.2218 -3.7694 2.3209
v  -3.2047 -3.7694 2.3081
v  -3.1940 -3.7694 2.2896
v  -3.1914 -3.7694 2.2700
v  -3.1884 -3.7644 2.2472
v  -3.2033 -3.7644 2.2272
v  -3.2248 -3.7644 2.2148
v  -3.2476 -3.7644 2.2118
v  -3.2700 -3.7644 2.2174
v  -3.2899 -3.7644 2.2323
v  -3.3024 -3.7644 2.2539
v  -3.3053 -3.7644 2.2767
v  -3.2997 -3.7644 2.2990
v  -3.2849 -3.7644 2.3190
v  -3.2633 -3.7644 2.3314
v  -3.2405 -3.7644 2.3344
v  -3.2181 -3.7644 2.3288
v  -3.1982 -3.7644 2.3139
v  -3.1857 -3.7644 2.2923
v  -3.1828 -3.7644 2.2695
v  -3.1547 -3.7016 2.2342
v  -3.1763 -3.6992 2.2017
v  -3.2139 -3.6987 2.1790
v  -3.2519 -3.7006 2.1756
v  -3.2875 -3.7041 2.1871
v  -3.3143 -3.7075 2.2116
v  -3.3309 -3.7121 2.2436
v  -3.3334 -3.7149 2.2775
v  -3.3243 -3.7168 2.3099
v  -3.3020 -3.7188 2.3382
v  -3.2713 -3.7188 2.3559
v  -3.2386 -3.7177 2.3612
v  -3.2074 -3.7153 2.3536
v  -3.1769 -3.7124 2.3355
v  -3.1566 -3.7072 2.3038
v  -3.1490 -3.7043 2.2708
v  -3.1375 -3.6696 2.2268
v  -3.1634 -3.6667 2.1880
v  -3.2083 -3.6661 2.1609
v  -3.2536 -3.6684 2.1568
v  -3.2961 -3.6725 2.1705
v  -3.3281 -3.6766 2.1998
v  -3.3479 -3.6821 2.2380
v  -3.3508 -3.6855 2.2785
v  -3.3401 -3.6877 2.3171
v  -3.3133 -3.6901 2.3509
v  -3.2768 -3.6901 2.3720
v  -3.2377 -3.6888 2.3783
v  -3.2005 -3.6859 2.3693
v  -3.1641 -3.6824 2.3477
v  -3.1399 -3.6763 2.3099
v  -3.1308 -3.6728 2.2705
v  -3.2305 -3.7276 2.2572
v  -3.2257 -3.7276 2.2633
v  -3.2373 -3.7276 2.2534
v  -3.2456 -3.7276 2.2524
v  -3.2537 -3.7276 2.2547
v  -3.2598 -3.7276 2.2596
v  -3.2636 -3.7276 2.2663
v  -3.2647 -3.7276 2.2747
v  -3.2624 -3.7276 2.2828
v  -3.2575 -3.7276 2.2889
v  -3.2507 -3.7276 2.2927
v  -3.2424 -3.7276 2.2937
v  -3.2343 -3.7276 2.2914
v  -3.2282 -3.7276 2.2865
v  -3.2244 -3.7276 2.2798
v  -3.2233 -3.7276 2.2714
v  3.3844 -3.7688 1.0925
v  3.4030 -3.7688 1.1032
v  3.4225 -3.7688 1.1057
v  3.4417 -3.7688 1.1009
v  3.4589 -3.7688 1.0881
v  3.4695 -3.7688 1.0696
v  3.4721 -3.7688 1.0500
v  3.4673 -3.7688 1.0309
v  3.4545 -3.7688 1.0137
v  3.4360 -3.7688 1.0030
v  3.4164 -3.7688 1.0005
v  3.3972 -3.7688 1.0053
v  3.3801 -3.7688 1.0181
v  3.3694 -3.7688 1.0366
v  3.3668 -3.7688 1.0562
v  3.3717 -3.7688 1.0754
v  3.3787 -3.7638 1.0990
v  3.4002 -3.7638 1.1114
v  3.4231 -3.7638 1.1144
v  3.4454 -3.7638 1.1088
v  3.4653 -3.7638 1.0939
v  3.4778 -3.7638 1.0723
v  3.4808 -3.7638 1.0495
v  3.4751 -3.7638 1.0272
v  3.4603 -3.7638 1.0072
v  3.4387 -3.7638 0.9948
v  3.4159 -3.7638 0.9918
v  3.3936 -3.7638 0.9974
v  3.3736 -3.7638 1.0123
v  3.3612 -3.7638 1.0339
v  3.3582 -3.7638 1.0567
v  3.3638 -3.7638 1.0790
v  3.3517 -3.6986 1.1245
v  3.3893 -3.6981 1.1472
v  3.4273 -3.7001 1.1506
v  3.4629 -3.7035 1.1391
v  3.4897 -3.7069 1.1146
v  3.5063 -3.7115 1.0826
v  3.5088 -3.7143 1.0487
v  3.4998 -3.7162 1.0163
v  3.4774 -3.7182 0.9880
v  3.4467 -3.7182 0.9703
v  3.4140 -3.7171 0.9651
v  3.3828 -3.7147 0.9726
v  3.3523 -3.7118 0.9907
v  3.3320 -3.7066 1.0224
v  3.3245 -3.7037 1.0554
v  3.3301 -3.7010 1.0920
v  3.3389 -3.6562 1.1382
v  3.3837 -3.6556 1.1653
v  3.4290 -3.6580 1.1694
v  3.4715 -3.6620 1.1557
v  3.5036 -3.6661 1.1264
v  3.5234 -3.6717 1.0882
v  3.5263 -3.6750 1.0477
v  3.5155 -3.6772 1.0091
v  3.4888 -3.6796 0.9753
v  3.4522 -3.6796 0.9542
v  3.4132 -3.6784 0.9479
v  3.3759 -3.6754 0.9570
v  3.3395 -3.6720 0.9785
v  3.3153 -3.6658 1.0164
v  3.3063 -3.6623 1.0557
v  3.3130 -3.6591 1.0994
v  3.4011 -3.7270 1.0629
v  3.4059 -3.7270 1.0690
v  3.4127 -3.7270 1.0728
v  3.4210 -3.7270 1.0739
v  3.4291 -3.7270 1.0715
v  3.4352 -3.7270 1.0666
v  3.4391 -3.7270 1.0599
v  3.4401 -3.7270 1.0515
v  3.4378 -3.7270 1.0434
v  3.4329 -3.7270 1.0374
v  3.4262 -3.7270 1.0335
v  3.4178 -3.7270 1.0325
v  3.4097 -3.7270 1.0348
v  3.4036 -3.7270 1.0397
v  3.3998 -3.7270 1.0465
v  3.3987 -3.7270 1.0548
v  3.3717 -3.7688 1.6561
v  3.3844 -3.7688 1.6389
v  3.4030 -3.7688 1.6283
v  3.4225 -3.7688 1.6257
v  3.4417 -3.7688 1.6305
v  3.4589 -3.7688 1.6433
v  3.4695 -3.7688 1.6618
v  3.4721 -3.7688 1.6814
v  3.4673 -3.7688 1.7006
v  3.4545 -3.7688 1.7177
v  3.4360 -3.7688 1.7284
v  3.4164 -3.7688 1.7310
v  3.3972 -3.7688 1.7262
v  3.3801 -3.7688 1.7134
v  3.3694 -3.7688 1.6949
v  3.3668 -3.7688 1.6753
v  3.3787 -3.7638 1.6325
v  3.3638 -3.7638 1.6524
v  3.4002 -3.7638 1.6200
v  3.4231 -3.7638 1.6171
v  3.4454 -3.7638 1.6227
v  3.4653 -3.7638 1.6375
v  3.4778 -3.7638 1.6591
v  3.4808 -3.7638 1.6819
v  3.4751 -3.7638 1.7042
v  3.4603 -3.7638 1.7242
v  3.4387 -3.7638 1.7367
v  3.4159 -3.7638 1.7396
v  3.3936 -3.7638 1.7340
v  3.3736 -3.7638 1.7191
v  3.3612 -3.7638 1.6976
v  3.3582 -3.7638 1.6748
v  3.3517 -3.6986 1.6070
v  3.3301 -3.7010 1.6394
v  3.3893 -3.6981 1.5843
v  3.4273 -3.7001 1.5809
v  3.4629 -3.7035 1.5923
v  3.4897 -3.7069 1.6169
v  3.5063 -3.7115 1.6488
v  3.5088 -3.7143 1.6828
v  3.4998 -3.7162 1.7151
v  3.4774 -3.7182 1.7435
v  3.4467 -3.7182 1.7611
v  3.4140 -3.7171 1.7664
v  3.3828 -3.7147 1.7588
v  3.3523 -3.7118 1.7408
v  3.3320 -3.7066 1.7091
v  3.3245 -3.7037 1.6761
v  3.3388 -3.6621 1.5933
v  3.3130 -3.6650 1.6320
v  3.3837 -3.6615 1.5662
v  3.4290 -3.6638 1.5621
v  3.4715 -3.6679 1.5758
v  3.5035 -3.6720 1.6051
v  3.5234 -3.6775 1.6432
v  3.5263 -3.6809 1.6837
v  3.5155 -3.6831 1.7223
v  3.4888 -3.6855 1.7562
v  3.4522 -3.6855 1.7772
v  3.4131 -3.6842 1.7835
v  3.3759 -3.6813 1.7745
v  3.3395 -3.6778 1.7529
v  3.3153 -3.6717 1.7151
v  3.3063 -3.6682 1.6757
v  3.4011 -3.7270 1.6686
v  3.4059 -3.7270 1.6625
v  3.4127 -3.7270 1.6586
v  3.4210 -3.7270 1.6576
v  3.4291 -3.7270 1.6600
v  3.4352 -3.7270 1.6648
v  3.4391 -3.7270 1.6716
v  3.4401 -3.7270 1.6799
v  3.4378 -3.7270 1.6880
v  3.4329 -3.7270 1.6941
v  3.4262 -3.7270 1.6979
v  3.4178 -3.7270 1.6990
v  3.4097 -3.7270 1.6966
v  3.4036 -3.7270 1.6918
v  3.3998 -3.7270 1.6850
v  3.3987 -3.7270 1.6766
v  -3.3717 -3.7688 1.0754
v  -3.3844 -3.7688 1.0925
v  -3.4030 -3.7688 1.1032
v  -3.4226 -3.7688 1.1057
v  -3.4417 -3.7688 1.1009
v  -3.4589 -3.7688 1.0881
v  -3.4695 -3.7688 1.0696
v  -3.4721 -3.7688 1.0500
v  -3.4673 -3.7688 1.0309
v  -3.4545 -3.7688 1.0137
v  -3.4360 -3.7688 1.0030
v  -3.4164 -3.7688 1.0005
v  -3.3972 -3.7688 1.0053
v  -3.3801 -3.7688 1.0181
v  -3.3694 -3.7688 1.0366
v  -3.3668 -3.7688 1.0562
v  -3.3787 -3.7638 1.0990
v  -3.3638 -3.7638 1.0790
v  -3.4002 -3.7638 1.1114
v  -3.4231 -3.7638 1.1144
v  -3.4454 -3.7638 1.1088
v  -3.4654 -3.7638 1.0939
v  -3.4778 -3.7638 1.0723
v  -3.4808 -3.7638 1.0495
v  -3.4751 -3.7638 1.0272
v  -3.4603 -3.7638 1.0072
v  -3.4387 -3.7638 0.9948
v  -3.4159 -3.7638 0.9918
v  -3.3936 -3.7638 0.9974
v  -3.3736 -3.7638 1.0123
v  -3.3612 -3.7638 1.0339
v  -3.3582 -3.7638 1.0567
v  -3.3517 -3.6986 1.1245
v  -3.3301 -3.7010 1.0920
v  -3.3893 -3.6981 1.1472
v  -3.4273 -3.7001 1.1506
v  -3.4629 -3.7035 1.1391
v  -3.4897 -3.7069 1.1146
v  -3.5063 -3.7115 1.0826
v  -3.5088 -3.7143 1.0487
v  -3.4998 -3.7162 1.0163
v  -3.4774 -3.7182 0.9880
v  -3.4467 -3.7182 0.9703
v  -3.4140 -3.7171 0.9651
v  -3.3828 -3.7147 0.9726
v  -3.3523 -3.7118 0.9907
v  -3.3320 -3.7066 1.0224
v  -3.3245 -3.7037 1.0554
v  -3.3388 -3.6620 1.1382
v  -3.3130 -3.6649 1.0994
v  -3.3837 -3.6614 1.1653
v  -3.4290 -3.6637 1.1694
v  -3.4715 -3.6678 1.1557
v  -3.5035 -3.6719 1.1264
v  -3.5234 -3.6774 1.0882
v  -3.5263 -3.6807 1.0477
v  -3.5155 -3.6829 1.0091
v  -3.4888 -3.6854 0.9753
v  -3.4522 -3.6854 0.9542
v  -3.4131 -3.6841 0.9479
v  -3.3759 -3.6812 0.9570
v  -3.3395 -3.6777 0.9785
v  -3.3153 -3.6716 1.0164
v  -3.3063 -3.6681 1.0557
v  -3.4011 -3.7270 1.0629
v  -3.4059 -3.7270 1.0690
v  -3.4127 -3.7270 1.0728
v  -3.4210 -3.7270 1.0739
v  -3.4291 -3.7270 1.0715
v  -3.4352 -3.7270 1.0666
v  -3.4391 -3.7270 1.0599
v  -3.4401 -3.7270 1.0515
v  -3.4378 -3.7270 1.0434
v  -3.4329 -3.7270 1.0374
v  -3.4262 -3.7270 1.0335
v  -3.4178 -3.7270 1.0325
v  -3.4097 -3.7270 1.0348
v  -3.4036 -3.7270 1.0397
v  -3.3998 -3.7270 1.0465
v  -3.3987 -3.7270 1.0548
v  -3.3717 -3.7688 1.6561
v  -3.3844 -3.7688 1.6389
v  -3.4030 -3.7688 1.6283
v  -3.4226 -3.7688 1.6257
v  -3.4417 -3.7688 1.6305
v  -3.4589 -3.7688 1.6433
v  -3.4695 -3.7688 1.6618
v  -3.4721 -3.7688 1.6814
v  -3.4673 -3.7688 1.7006
v  -3.4545 -3.7688 1.7177
v  -3.4360 -3.7688 1.7284
v  -3.4164 -3.7688 1.7310
v  -3.3972 -3.7688 1.7262
v  -3.3801 -3.7688 1.7134
v  -3.3694 -3.7688 1.6949
v  -3.3668 -3.7688 1.6753
v  -3.3638 -3.7638 1.6524
v  -3.3787 -3.7638 1.6325
v  -3.4002 -3.7638 1.6200
v  -3.4231 -3.7638 1.6171
v  -3.4454 -3.7638 1.6227
v  -3.4654 -3.7638 1.6375
v  -3.4778 -3.7638 1.6591
v  -3.4808 -3.7638 1.6819
v  -3.4751 -3.7638 1.7042
v  -3.4603 -3.7638 1.7242
v  -3.4387 -3.7638 1.7367
v  -3.4159 -3.7638 1.7396
v  -3.3936 -3.7638 1.7340
v  -3.3736 -3.7638 1.7191
v  -3.3612 -3.7638 1.6976
v  -3.3582 -3.7638 1.6748
v  -3.3301 -3.7010 1.6394
v  -3.3517 -3.6986 1.6070
v  -3.3893 -3.6981 1.5843
v  -3.4273 -3.7001 1.5809
v  -3.4629 -3.7035 1.5923
v  -3.4897 -3.7069 1.6169
v  -3.5063 -3.7115 1.6488
v  -3.5088 -3.7143 1.6828
v  -3.4998 -3.7162 1.7151
v  -3.4774 -3.7182 1.7435
v  -3.4467 -3.7182 1.7611
v  -3.4140 -3.7171 1.7664
v  -3.3828 -3.7147 1.7588
v  -3.3523 -3.7118 1.7408
v  -3.3320 -3.7066 1.7091
v  -3.3245 -3.7037 1.6761
v  -3.3130 -3.6651 1.6320
v  -3.3388 -3.6622 1.5933
v  -3.3837 -3.6616 1.5662
v  -3.4290 -3.6639 1.5621
v  -3.4715 -3.6680 1.5758
v  -3.5035 -3.6721 1.6051
v  -3.5234 -3.6776 1.6432
v  -3.5263 -3.6810 1.6837
v  -3.5155 -3.6832 1.7223
v  -3.4888 -3.6856 1.7562
v  -3.4522 -3.6856 1.7772
v  -3.4131 -3.6843 1.7835
v  -3.3759 -3.6814 1.7745
v  -3.3395 -3.6779 1.7529
v  -3.3153 -3.6718 1.7151
v  -3.3063 -3.6683 1.6757
v  -3.4059 -3.7270 1.6625
v  -3.4011 -3.7270 1.6686
v  -3.4127 -3.7270 1.6586
v  -3.4210 -3.7270 1.6576
v  -3.4291 -3.7270 1.6600
v  -3.4352 -3.7270 1.6648
v  -3.4391 -3.7270 1.6716
v  -3.4401 -3.7270 1.6799
v  -3.4378 -3.7270 1.6880
v  -3.4329 -3.7270 1.6941
v  -3.4262 -3.7270 1.6979
v  -3.4178 -3.7270 1.6990
v  -3.4097 -3.7270 1.6966
v  -3.4036 -3.7270 1.6918
v  -3.3998 -3.7270 1.6850
v  -3.3987 -3.7270 1.6766
v  2.7323 -3.7096 1.4047
v  2.7509 -3.7096 1.4154
v  2.7705 -3.7096 1.4180
v  2.7896 -3.7096 1.4131
v  2.8068 -3.7096 1.4004
v  2.8175 -3.7096 1.3818
v  2.8200 -3.7096 1.3623
v  2.8152 -3.7096 1.3431
v  2.8024 -3.7096 1.3259
v  2.7839 -3.7096 1.3153
v  2.7643 -3.7096 1.3127
v  2.7451 -3.7096 1.3175
v  2.7280 -3.7096 1.3303
v  2.7173 -3.7096 1.3488
v  2.7147 -3.7096 1.3684
v  2.7196 -3.7096 1.3876
v  2.7266 -3.7046 1.4112
v  2.7482 -3.7046 1.4237
v  2.7710 -3.7046 1.4266
v  2.7933 -3.7046 1.4210
v  2.8133 -3.7046 1.4061
v  2.8257 -3.7046 1.3846
v  2.8287 -3.7046 1.3617
v  2.8230 -3.7046 1.3394
v  2.8082 -3.7046 1.3195
v  2.7866 -3.7046 1.3070
v  2.7638 -3.7046 1.3040
v  2.7415 -3.7046 1.3097
v  2.7215 -3.7046 1.3245
v  2.7091 -3.7046 1.3461
v  2.7061 -3.7046 1.3689
v  2.7117 -3.7046 1.3912
v  2.6997 -3.6394 1.4367
v  2.7373 -3.6390 1.4594
v  2.7752 -3.6409 1.4628
v  2.8108 -3.6443 1.4514
v  2.8377 -3.6477 1.4268
v  2.8543 -3.6524 1.3948
v  2.8567 -3.6552 1.3609
v  2.8477 -3.6570 1.3286
v  2.8253 -3.6591 1.3002
v  2.7947 -3.6591 1.2826
v  2.7619 -3.6580 1.2773
v  2.7307 -3.6556 1.2849
v  2.7002 -3.6526 1.3029
v  2.6799 -3.6475 1.3346
v  2.6724 -3.6446 1.3676
v  2.6780 -3.6419 1.4042
v  2.6868 -3.5962 1.4504
v  2.7317 -3.5956 1.4775
v  2.7770 -3.5980 1.4816
v  2.8194 -3.6020 1.4679
v  2.8515 -3.6061 1.4386
v  2.8713 -3.6117 1.4005
v  2.8742 -3.6150 1.3600
v  2.8634 -3.6172 1.3214
v  2.8367 -3.6196 1.2875
v  2.8002 -3.6196 1.2665
v  2.7611 -3.6184 1.2602
v  2.7239 -3.6154 1.2692
v  2.6874 -3.6119 1.2908
v  2.6632 -3.6058 1.3286
v  2.6542 -3.6023 1.3680
v  2.6609 -3.5991 1.4117
v  2.7490 -3.6679 1.3751
v  2.7538 -3.6679 1.3812
v  2.7606 -3.6679 1.3850
v  2.7689 -3.6679 1.3861
v  2.7770 -3.6679 1.3837
v  2.7831 -3.6679 1.3789
v  2.7870 -3.6679 1.3721
v  2.7880 -3.6679 1.3637
v  2.7857 -3.6679 1.3557
v  2.7808 -3.6679 1.3496
v  2.7741 -3.6679 1.3457
v  2.7657 -3.6679 1.3447
v  2.7576 -3.6679 1.3471
v  2.7515 -3.6679 1.3519
v  2.7477 -3.6679 1.3587
v  2.7466 -3.6679 1.3670
v  2.0008 -3.6563 1.1050
v  2.0193 -3.6563 1.1157
v  2.0389 -3.6563 1.1183
v  2.0581 -3.6563 1.1134
v  2.0752 -3.6563 1.1007
v  2.0859 -3.6563 1.0821
v  2.0885 -3.6563 1.0625
v  2.0836 -3.6563 1.0434
v  2.0709 -3.6563 1.0262
v  2.0523 -3.6563 1.0155
v  2.0327 -3.6563 1.0130
v  2.0136 -3.6563 1.0178
v  1.9964 -3.6563 1.0306
v  1.9858 -3.6563 1.0491
v  1.9832 -3.6563 1.0687
v  1.9880 -3.6563 1.0879
v  1.9950 -3.6513 1.1115
v  2.0166 -3.6513 1.1239
v  2.0394 -3.6513 1.1269
v  2.0617 -3.6513 1.1213
v  2.0817 -3.6513 1.1064
v  2.0941 -3.6513 1.0848
v  2.0971 -3.6513 1.0620
v  2.0915 -3.6513 1.0397
v  2.0766 -3.6513 1.0197
v  2.0550 -3.6513 1.0073
v  2.0322 -3.6513 1.0043
v  2.0099 -3.6513 1.0100
v  1.9899 -3.6513 1.0248
v  1.9775 -3.6513 1.0464
v  1.9745 -3.6513 1.0692
v  1.9802 -3.6513 1.0915
v  1.9681 -3.5861 1.1370
v  2.0057 -3.5856 1.1597
v  2.0437 -3.5875 1.1631
v  2.0793 -3.5910 1.1516
v  2.1061 -3.5944 1.1271
v  2.1227 -3.5990 1.0951
v  2.1251 -3.6018 1.0612
v  2.1161 -3.6036 1.0288
v  2.0937 -3.6057 1.0005
v  2.0631 -3.6057 0.9829
v  2.0304 -3.6046 0.9776
v  1.9992 -3.6022 0.9851
v  1.9687 -3.5993 1.0032
v  1.9484 -3.5941 1.0349
v  1.9408 -3.5912 1.0679
v  1.9464 -3.5885 1.1045
v  1.9552 -3.5577 1.1507
v  2.0000 -3.5571 1.1778
v  2.0453 -3.5595 1.1819
v  2.0878 -3.5636 1.1682
v  2.1199 -3.5676 1.1389
v  2.1397 -3.5732 1.1007
v  2.1426 -3.5765 1.0602
v  2.1318 -3.5787 1.0216
v  2.1051 -3.5812 0.9878
v  2.0685 -3.5812 0.9667
v  2.0295 -3.5799 0.9604
v  1.9922 -3.5770 0.9695
v  1.9558 -3.5735 0.9910
v  1.9316 -3.5673 1.0289
v  1.9226 -3.5638 1.0682
v  1.9293 -3.5606 1.1119
v  2.0174 -3.6145 1.0754
v  2.0223 -3.6145 1.0815
v  2.0290 -3.6145 1.0853
v  2.0374 -3.6145 1.0864
v  2.0455 -3.6145 1.0840
v  2.0516 -3.6145 1.0791
v  2.0554 -3.6145 1.0724
v  2.0565 -3.6145 1.0640
v  2.0541 -3.6145 1.0559
v  2.0493 -3.6145 1.0499
v  2.0425 -3.6145 1.0460
v  2.0342 -3.6145 1.0450
v  2.0261 -3.6145 1.0473
v  2.0200 -3.6145 1.0522
v  2.0161 -3.6145 1.0590
v  2.0151 -3.6145 1.0673
v  1.9880 -3.6563 1.6436
v  2.0008 -3.6563 1.6264
v  2.0193 -3.6563 1.6158
v  2.0389 -3.6563 1.6132
v  2.0581 -3.6563 1.6180
v  2.0752 -3.6563 1.6308
v  2.0859 -3.6563 1.6493
v  2.0885 -3.6563 1.6689
v  2.0836 -3.6563 1.6881
v  2.0709 -3.6563 1.7052
v  2.0523 -3.6563 1.7159
v  2.0327 -3.6563 1.7185
v  2.0136 -3.6563 1.7136
v  1.9964 -3.6563 1.7009
v  1.9858 -3.6563 1.6823
v  1.9832 -3.6563 1.6627
v  1.9950 -3.6513 1.6200
v  1.9802 -3.6513 1.6399
v  2.0166 -3.6513 1.6075
v  2.0394 -3.6513 1.6045
v  2.0617 -3.6513 1.6102
v  2.0817 -3.6513 1.6250
v  2.0941 -3.6513 1.6466
v  2.0971 -3.6513 1.6694
v  2.0915 -3.6513 1.6917
v  2.0766 -3.6513 1.7117
v  2.0550 -3.6513 1.7241
v  2.0322 -3.6513 1.7271
v  2.0099 -3.6513 1.7215
v  1.9899 -3.6513 1.7066
v  1.9775 -3.6513 1.6851
v  1.9745 -3.6513 1.6622
v  1.9681 -3.5861 1.5945
v  1.9464 -3.5885 1.6269
v  2.0057 -3.5856 1.5718
v  2.0437 -3.5875 1.5683
v  2.0792 -3.5910 1.5798
v  2.1061 -3.5944 1.6044
v  2.1227 -3.5990 1.6363
v  2.1251 -3.6018 1.6703
v  2.1161 -3.6036 1.7026
v  2.0937 -3.6057 1.7310
v  2.0631 -3.6057 1.7486
v  2.0304 -3.6046 1.7539
v  1.9992 -3.6022 1.7463
v  1.9687 -3.5993 1.7283
v  1.9484 -3.5941 1.6965
v  1.9408 -3.5912 1.6636
v  1.9552 -3.5577 1.5808
v  1.9293 -3.5606 1.6195
v  2.0000 -3.5571 1.5537
v  2.0453 -3.5595 1.5496
v  2.0878 -3.5636 1.5633
v  2.1199 -3.5676 1.5926
v  2.1397 -3.5732 1.6307
v  2.1426 -3.5765 1.6712
v  2.1318 -3.5787 1.7098
v  2.1051 -3.5812 1.7437
v  2.0685 -3.5812 1.7647
v  2.0295 -3.5799 1.7710
v  1.9922 -3.5770 1.7620
v  1.9558 -3.5735 1.7404
v  1.9316 -3.5673 1.7026
v  1.9226 -3.5638 1.6632
v  2.0174 -3.6145 1.6560
v  2.0223 -3.6145 1.6500
v  2.0290 -3.6145 1.6461
v  2.0374 -3.6145 1.6451
v  2.0455 -3.6145 1.6474
v  2.0516 -3.6145 1.6523
v  2.0554 -3.6145 1.6591
v  2.0565 -3.6145 1.6674
v  2.0541 -3.6145 1.6755
v  2.0493 -3.6145 1.6816
v  2.0425 -3.6145 1.6854
v  2.0342 -3.6145 1.6865
v  2.0261 -3.6145 1.6841
v  2.0200 -3.6145 1.6793
v  2.0161 -3.6145 1.6725
v  2.0151 -3.6145 1.6641
v  -1.9880 -3.6563 1.0879
v  -2.0008 -3.6563 1.1050
v  -2.0193 -3.6563 1.1157
v  -2.0389 -3.6563 1.1183
v  -2.0581 -3.6563 1.1134
v  -2.0752 -3.6563 1.1007
v  -2.0859 -3.6563 1.0821
v  -2.0885 -3.6563 1.0625
v  -2.0836 -3.6563 1.0434
v  -2.0709 -3.6563 1.0262
v  -2.0523 -3.6563 1.0155
v  -2.0327 -3.6563 1.0130
v  -2.0136 -3.6563 1.0178
v  -1.9964 -3.6563 1.0306
v  -1.9858 -3.6563 1.0491
v  -1.9832 -3.6563 1.0687
v  -1.9950 -3.6513 1.1115
v  -1.9802 -3.6513 1.0915
v  -2.0166 -3.6513 1.1239
v  -2.0394 -3.6513 1.1269
v  -2.0617 -3.6513 1.1213
v  -2.0817 -3.6513 1.1064
v  -2.0941 -3.6513 1.0848
v  -2.0971 -3.6513 1.0620
v  -2.0915 -3.6513 1.0397
v  -2.0766 -3.6513 1.0197
v  -2.0551 -3.6513 1.0073
v  -2.0322 -3.6513 1.0043
v  -2.0099 -3.6513 1.0100
v  -1.9900 -3.6513 1.0248
v  -1.9775 -3.6513 1.0464
v  -1.9745 -3.6513 1.0692
v  -1.9681 -3.5861 1.1370
v  -1.9464 -3.5885 1.1045
v  -2.0057 -3.5856 1.1597
v  -2.0437 -3.5875 1.1631
v  -2.0793 -3.5910 1.1516
v  -2.1061 -3.5944 1.1271
v  -2.1227 -3.5990 1.0951
v  -2.1252 -3.6018 1.0612
v  -2.1161 -3.6036 1.0288
v  -2.0937 -3.6057 1.0005
v  -2.0631 -3.6057 0.9829
v  -2.0304 -3.6046 0.9776
v  -1.9992 -3.6022 0.9851
v  -1.9687 -3.5993 1.0032
v  -1.9484 -3.5941 1.0349
v  -1.9408 -3.5912 1.0679
v  -1.9552 -3.5577 1.1507
v  -1.9293 -3.5606 1.1119
v  -2.0000 -3.5571 1.1778
v  -2.0453 -3.5595 1.1819
v  -2.0878 -3.5636 1.1682
v  -2.1199 -3.5676 1.1389
v  -2.1397 -3.5732 1.1007
v  -2.1426 -3.5765 1.0602
v  -2.1318 -3.5787 1.0216
v  -2.1051 -3.5811 0.9878
v  -2.0685 -3.5811 0.9667
v  -2.0295 -3.5799 0.9604
v  -1.9922 -3.5770 0.9695
v  -1.9558 -3.5735 0.9910
v  -1.9316 -3.5673 1.0289
v  -1.9226 -3.5638 1.0682
v  -2.0174 -3.6145 1.0754
v  -2.0223 -3.6145 1.0815
v  -2.0290 -3.6145 1.0853
v  -2.0374 -3.6145 1.0864
v  -2.0455 -3.6145 1.0840
v  -2.0516 -3.6145 1.0791
v  -2.0554 -3.6145 1.0724
v  -2.0565 -3.6145 1.0640
v  -2.0541 -3.6145 1.0559
v  -2.0493 -3.6145 1.0499
v  -2.0425 -3.6145 1.0460
v  -2.0342 -3.6145 1.0450
v  -2.0261 -3.6145 1.0473
v  -2.0200 -3.6145 1.0522
v  -2.0161 -3.6145 1.0590
v  -2.0151 -3.6145 1.0673
v  -1.9880 -3.6563 1.6436
v  -2.0008 -3.6563 1.6264
v  -2.0193 -3.6563 1.6158
v  -2.0389 -3.6563 1.6132
v  -2.0581 -3.6563 1.6180
v  -2.0752 -3.6563 1.6308
v  -2.0859 -3.6563 1.6493
v  -2.0885 -3.6563 1.6689
v  -2.0836 -3.6563 1.6881
v  -2.0709 -3.6563 1.7052
v  -2.0523 -3.6563 1.7159
v  -2.0327 -3.6563 1.7185
v  -2.0136 -3.6563 1.7136
v  -1.9964 -3.6563 1.7009
v  -1.9858 -3.6563 1.6823
v  -1.9832 -3.6563 1.6627
v  -1.9802 -3.6513 1.6399
v  -1.9950 -3.6513 1.6200
v  -2.0166 -3.6513 1.6075
v  -2.0394 -3.6513 1.6045
v  -2.0617 -3.6513 1.6102
v  -2.0817 -3.6513 1.6250
v  -2.0941 -3.6513 1.6466
v  -2.0971 -3.6513 1.6694
v  -2.0915 -3.6513 1.6917
v  -2.0766 -3.6513 1.7117
v  -2.0551 -3.6513 1.7241
v  -2.0322 -3.6513 1.7271
v  -2.0099 -3.6513 1.7215
v  -1.9900 -3.6513 1.7066
v  -1.9775 -3.6513 1.6851
v  -1.9745 -3.6513 1.6622
v  -1.9464 -3.5885 1.6269
v  -1.9681 -3.5861 1.5945
v  -2.0057 -3.5856 1.5718
v  -2.0437 -3.5875 1.5683
v  -2.0793 -3.5910 1.5798
v  -2.1061 -3.5944 1.6044
v  -2.1227 -3.5990 1.6363
v  -2.1252 -3.6018 1.6703
v  -2.1161 -3.6036 1.7026
v  -2.0937 -3.6057 1.7310
v  -2.0631 -3.6057 1.7486
v  -2.0304 -3.6046 1.7539
v  -1.9992 -3.6022 1.7463
v  -1.9687 -3.5993 1.7283
v  -1.9484 -3.5941 1.6965
v  -1.9408 -3.5912 1.6636
v  -1.9293 -3.5606 1.6195
v  -1.9552 -3.5577 1.5808
v  -2.0000 -3.5571 1.5537
v  -2.0453 -3.5595 1.5496
v  -2.0878 -3.5636 1.5633
v  -2.1199 -3.5676 1.5926
v  -2.1397 -3.5732 1.6307
v  -2.1426 -3.5765 1.6712
v  -2.1318 -3.5787 1.7098
v  -2.1051 -3.5811 1.7437
v  -2.0686 -3.5811 1.7647
v  -2.0295 -3.5799 1.7710
v  -1.9922 -3.5770 1.7620
v  -1.9558 -3.5735 1.7404
v  -1.9316 -3.5673 1.7026
v  -1.9226 -3.5638 1.6632
v  -2.0223 -3.6145 1.6500
v  -2.0174 -3.6145 1.6560
v  -2.0290 -3.6145 1.6461
v  -2.0374 -3.6145 1.6451
v  -2.0455 -3.6145 1.6474
v  -2.0516 -3.6145 1.6523
v  -2.0554 -3.6145 1.6591
v  -2.0565 -3.6145 1.6674
v  -2.0541 -3.6145 1.6755
v  -2.0493 -3.6145 1.6816
v  -2.0425 -3.6145 1.6854
v  -2.0342 -3.6145 1.6865
v  -2.0261 -3.6145 1.6841
v  -2.0200 -3.6145 1.6793
v  -2.0161 -3.6145 1.6725
v  -2.0151 -3.6145 1.6641
v  1.5754 -3.6685 0.6821
v  1.5940 -3.6685 0.6927
v  1.6136 -3.6685 0.6953
v  1.6327 -3.6685 0.6905
v  1.6499 -3.6685 0.6777
v  1.6605 -3.6685 0.6592
v  1.6631 -3.6685 0.6396
v  1.6583 -3.6685 0.6204
v  1.6455 -3.6685 0.6033
v  1.6270 -3.6685 0.5926
v  1.6074 -3.6685 0.5900
v  1.5882 -3.6685 0.5949
v  1.5711 -3.6685 0.6076
v  1.5604 -3.6685 0.6262
v  1.5578 -3.6685 0.6458
v  1.5627 -3.6685 0.6649
v  1.5697 -3.6635 0.6885
v  1.5912 -3.6635 0.7010
v  1.6141 -3.6635 0.7040
v  1.6364 -3.6635 0.6983
v  1.6564 -3.6635 0.6835
v  1.6688 -3.6635 0.6619
v  1.6718 -3.6635 0.6391
v  1.6661 -3.6635 0.6168
v  1.6513 -3.6635 0.5968
v  1.6297 -3.6635 0.5844
v  1.6069 -3.6635 0.5814
v  1.5846 -3.6635 0.5870
v  1.5646 -3.6635 0.6019
v  1.5522 -3.6635 0.6234
v  1.5492 -3.6635 0.6463
v  1.5548 -3.6635 0.6686
v  1.5427 -3.5983 0.7140
v  1.5803 -3.5978 0.7367
v  1.6183 -3.5997 0.7402
v  1.6539 -3.6032 0.7287
v  1.6807 -3.6066 0.7041
v  1.6973 -3.6112 0.6722
v  1.6998 -3.6140 0.6382
v  1.6908 -3.6159 0.6059
v  1.6684 -3.6179 0.5775
v  1.6377 -3.6179 0.5599
v  1.6050 -3.6168 0.5546
v  1.5738 -3.6144 0.5622
v  1.5433 -3.6115 0.5802
v  1.5230 -3.6063 0.6120
v  1.5155 -3.6034 0.6449
v  1.5211 -3.6007 0.6816
v  1.5298 -3.5699 0.7277
v  1.5747 -3.5694 0.7548
v  1.6200 -3.5717 0.7589
v  1.6625 -3.5758 0.7452
v  1.6945 -3.5798 0.7159
v  1.7143 -3.5854 0.6778
v  1.7172 -3.5887 0.6373
v  1.7065 -3.5909 0.5987
v  1.6797 -3.5934 0.5648
v  1.6432 -3.5934 0.5438
v  1.6041 -3.5921 0.5375
v  1.5669 -3.5892 0.5465
v  1.5305 -3.5857 0.5681
v  1.5063 -3.5795 0.6059
v  1.4972 -3.5761 0.6453
v  1.5039 -3.5728 0.6890
v  1.5921 -3.6267 0.6525
v  1.5969 -3.6267 0.6585
v  1.6037 -3.6267 0.6624
v  1.6120 -3.6267 0.6634
v  1.6201 -3.6267 0.6611
v  1.6262 -3.6267 0.6562
v  1.6301 -3.6267 0.6494
v  1.6311 -3.6267 0.6411
v  1.6288 -3.6267 0.6330
v  1.6239 -3.6267 0.6269
v  1.6172 -3.6267 0.6231
v  1.6088 -3.6267 0.6220
v  1.6007 -3.6267 0.6244
v  1.5946 -3.6267 0.6292
v  1.5908 -3.6267 0.6360
v  1.5897 -3.6267 0.6444
v  1.5627 -3.6685 2.0665
v  1.5754 -3.6685 2.0494
v  1.5940 -3.6685 2.0387
v  1.6136 -3.6685 2.0362
v  1.6327 -3.6685 2.0410
v  1.6499 -3.6685 2.0538
v  1.6605 -3.6685 2.0723
v  1.6631 -3.6685 2.0919
v  1.6583 -3.6685 2.1110
v  1.6455 -3.6685 2.1282
v  1.6270 -3.6685 2.1389
v  1.6074 -3.6685 2.1414
v  1.5882 -3.6685 2.1366
v  1.5711 -3.6685 2.1238
v  1.5604 -3.6685 2.1053
v  1.5578 -3.6685 2.0857
v  1.5697 -3.6635 2.0429
v  1.5548 -3.6635 2.0629
v  1.5912 -3.6635 2.0305
v  1.6141 -3.6635 2.0275
v  1.6364 -3.6635 2.0331
v  1.6564 -3.6635 2.0480
v  1.6688 -3.6635 2.0696
v  1.6718 -3.6635 2.0924
v  1.6661 -3.6635 2.1147
v  1.6513 -3.6635 2.1347
v  1.6297 -3.6635 2.1471
v  1.6069 -3.6635 2.1501
v  1.5846 -3.6635 2.1445
v  1.5646 -3.6635 2.1296
v  1.5522 -3.6635 2.1080
v  1.5492 -3.6635 2.0852
v  1.5427 -3.5983 2.0174
v  1.5211 -3.6007 2.0499
v  1.5803 -3.5978 1.9947
v  1.6183 -3.5997 1.9913
v  1.6539 -3.6032 2.0028
v  1.6807 -3.6066 2.0273
v  1.6973 -3.6112 2.0593
v  1.6998 -3.6140 2.0932
v  1.6908 -3.6159 2.1256
v  1.6684 -3.6179 2.1539
v  1.6377 -3.6179 2.1716
v  1.6050 -3.6168 2.1768
v  1.5738 -3.6144 2.1693
v  1.5433 -3.6115 2.1512
v  1.5230 -3.6063 2.1195
v  1.5155 -3.6034 2.0865
v  1.5298 -3.5699 2.0037
v  1.5039 -3.5728 2.0425
v  1.5747 -3.5694 1.9766
v  1.6200 -3.5717 1.9725
v  1.6625 -3.5758 1.9862
v  1.6945 -3.5798 2.0155
v  1.7143 -3.5854 2.0537
v  1.7172 -3.5887 2.0942
v  1.7065 -3.5909 2.1328
v  1.6797 -3.5934 2.1666
v  1.6432 -3.5934 2.1877
v  1.6041 -3.5921 2.1940
v  1.5669 -3.5892 2.1850
v  1.5305 -3.5857 2.1634
v  1.5063 -3.5795 2.1256
v  1.4972 -3.5761 2.0862
v  1.5921 -3.6267 2.0790
v  1.5969 -3.6267 2.0729
v  1.6037 -3.6267 2.0691
v  1.6120 -3.6267 2.0680
v  1.6201 -3.6267 2.0704
v  1.6262 -3.6267 2.0753
v  1.6301 -3.6267 2.0820
v  1.6311 -3.6267 2.0904
v  1.6288 -3.6267 2.0985
v  1.6239 -3.6267 2.1045
v  1.6172 -3.6267 2.1084
v  1.6088 -3.6267 2.1094
v  1.6007 -3.6267 2.1071
v  1.5946 -3.6267 2.1022
v  1.5908 -3.6267 2.0954
v  1.5897 -3.6267 2.0871
v  -1.5627 -3.6685 0.6649
v  -1.5754 -3.6685 0.6821
v  -1.5940 -3.6685 0.6927
v  -1.6136 -3.6685 0.6953
v  -1.6327 -3.6685 0.6905
v  -1.6499 -3.6685 0.6777
v  -1.6606 -3.6685 0.6592
v  -1.6631 -3.6685 0.6396
v  -1.6583 -3.6685 0.6204
v  -1.6455 -3.6685 0.6033
v  -1.6270 -3.6685 0.5926
v  -1.6074 -3.6685 0.5900
v  -1.5882 -3.6685 0.5949
v  -1.5711 -3.6685 0.6076
v  -1.5604 -3.6685 0.6262
v  -1.5578 -3.6685 0.6457
v  -1.5697 -3.6635 0.6885
v  -1.5548 -3.6635 0.6686
v  -1.5913 -3.6635 0.7010
v  -1.6141 -3.6635 0.7040
v  -1.6364 -3.6635 0.6983
v  -1.6564 -3.6635 0.6835
v  -1.6688 -3.6635 0.6619
v  -1.6718 -3.6635 0.6391
v  -1.6661 -3.6635 0.6168
v  -1.6513 -3.6635 0.5968
v  -1.6297 -3.6635 0.5844
v  -1.6069 -3.6635 0.5814
v  -1.5846 -3.6635 0.5870
v  -1.5646 -3.6635 0.6019
v  -1.5522 -3.6635 0.6234
v  -1.5492 -3.6635 0.6463
v  -1.5428 -3.5983 0.7140
v  -1.5211 -3.6007 0.6816
v  -1.5804 -3.5978 0.7367
v  -1.6183 -3.5997 0.7402
v  -1.6539 -3.6032 0.7287
v  -1.6808 -3.6066 0.7041
v  -1.6974 -3.6112 0.6722
v  -1.6998 -3.6140 0.6382
v  -1.6908 -3.6158 0.6059
v  -1.6684 -3.6179 0.5775
v  -1.6378 -3.6179 0.5599
v  -1.6050 -3.6168 0.5546
v  -1.5738 -3.6144 0.5622
v  -1.5433 -3.6115 0.5802
v  -1.5230 -3.6063 0.6120
v  -1.5155 -3.6034 0.6449
v  -1.5298 -3.5699 0.7277
v  -1.5039 -3.5728 0.6890
v  -1.5747 -3.5693 0.7548
v  -1.6200 -3.5717 0.7589
v  -1.6625 -3.5758 0.7452
v  -1.6945 -3.5798 0.7159
v  -1.7143 -3.5854 0.6778
v  -1.7172 -3.5887 0.6373
v  -1.7065 -3.5909 0.5987
v  -1.6797 -3.5934 0.5648
v  -1.6432 -3.5934 0.5438
v  -1.6041 -3.5921 0.5375
v  -1.5669 -3.5892 0.5465
v  -1.5305 -3.5857 0.5681
v  -1.5063 -3.5795 0.6059
v  -1.4972 -3.5761 0.6453
v  -1.5921 -3.6267 0.6525
v  -1.5969 -3.6267 0.6585
v  -1.6037 -3.6267 0.6624
v  -1.6120 -3.6267 0.6634
v  -1.6201 -3.6267 0.6611
v  -1.6262 -3.6267 0.6562
v  -1.6301 -3.6267 0.6494
v  -1.6311 -3.6267 0.6411
v  -1.6288 -3.6267 0.6330
v  -1.6239 -3.6267 0.6269
v  -1.6172 -3.6267 0.6231
v  -1.6088 -3.6267 0.6220
v  -1.6007 -3.6267 0.6244
v  -1.5946 -3.6267 0.6292
v  -1.5908 -3.6267 0.6360
v  -1.5897 -3.6267 0.6444
v  -1.5627 -3.6685 2.0665
v  -1.5754 -3.6685 2.0494
v  -1.5940 -3.6685 2.0387
v  -1.6136 -3.6685 2.0362
v  -1.6327 -3.6685 2.0410
v  -1.6499 -3.6685 2.0538
v  -1.6606 -3.6685 2.0723
v  -1.6631 -3.6685 2.0919
v  -1.6583 -3.6685 2.1110
v  -1.6455 -3.6685 2.1282
v  -1.6270 -3.6685 2.1389
v  -1.6074 -3.6685 2.1414
v  -1.5882 -3.6685 2.1366
v  -1.5711 -3.6685 2.1238
v  -1.5604 -3.6685 2.1053
v  -1.5578 -3.6685 2.0857
v  -1.5548 -3.6635 2.0629
v  -1.5697 -3.6635 2.0429
v  -1.5913 -3.6635 2.0305
v  -1.6141 -3.6635 2.0275
v  -1.6364 -3.6635 2.0331
v  -1.6564 -3.6635 2.0480
v  -1.6688 -3.6635 2.0696
v  -1.6718 -3.6635 2.0924
v  -1.6661 -3.6635 2.1147
v  -1.6513 -3.6635 2.1347
v  -1.6297 -3.6635 2.1471
v  -1.6069 -3.6635 2.1501
v  -1.5846 -3.6635 2.1445
v  -1.5646 -3.6635 2.1296
v  -1.5522 -3.6635 2.1080
v  -1.5492 -3.6635 2.0852
v  -1.5211 -3.6007 2.0499
v  -1.5428 -3.5983 2.0174
v  -1.5804 -3.5978 1.9947
v  -1.6183 -3.5997 1.9913
v  -1.6539 -3.6032 2.0028
v  -1.6808 -3.6066 2.0273
v  -1.6974 -3.6112 2.0593
v  -1.6998 -3.6140 2.0932
v  -1.6908 -3.6158 2.1256
v  -1.6684 -3.6179 2.1539
v  -1.6378 -3.6179 2.1716
v  -1.6050 -3.6168 2.1768
v  -1.5738 -3.6144 2.1693
v  -1.5433 -3.6115 2.1512
v  -1.5230 -3.6063 2.1195
v  -1.5155 -3.6034 2.0865
v  -1.5039 -3.5728 2.0425
v  -1.5298 -3.5699 2.0037
v  -1.5747 -3.5693 1.9766
v  -1.6200 -3.5717 1.9725
v  -1.6625 -3.5758 1.9862
v  -1.6945 -3.5798 2.0155
v  -1.7143 -3.5854 2.0537
v  -1.7172 -3.5887 2.0942
v  -1.7065 -3.5909 2.1328
v  -1.6797 -3.5934 2.1666
v  -1.6432 -3.5934 2.1877
v  -1.6041 -3.5921 2.1940
v  -1.5669 -3.5892 2.1850
v  -1.5305 -3.5857 2.1634
v  -1.5063 -3.5795 2.1256
v  -1.4972 -3.5761 2.0862
v  -1.5969 -3.6267 2.0729
v  -1.5921 -3.6267 2.0790
v  -1.6037 -3.6267 2.0691
v  -1.6120 -3.6267 2.0680
v  -1.6201 -3.6267 2.0704
v  -1.6262 -3.6267 2.0753
v  -1.6301 -3.6267 2.0820
v  -1.6311 -3.6267 2.0904
v  -1.6288 -3.6267 2.0985
v  -1.6239 -3.6267 2.1045
v  -1.6172 -3.6267 2.1084
v  -1.6088 -3.6267 2.1094
v  -1.6007 -3.6267 2.1071
v  -1.5946 -3.6267 2.1022
v  -1.5908 -3.6267 2.0954
v  -1.5897 -3.6267 2.0871
v  0.9871 -3.6715 0.5629
v  1.0057 -3.6715 0.5736
v  1.0253 -3.6715 0.5761
v  1.0444 -3.6715 0.5713
v  1.0616 -3.6715 0.5586
v  1.0723 -3.6715 0.5400
v  1.0748 -3.6715 0.5204
v  1.0700 -3.6715 0.5013
v  1.0572 -3.6715 0.4841
v  1.0387 -3.6715 0.4734
v  1.0191 -3.6715 0.4709
v  0.9999 -3.6715 0.4757
v  0.9828 -3.6715 0.4885
v  0.9721 -3.6715 0.5070
v  0.9695 -3.6715 0.5266
v  0.9744 -3.6715 0.5458
v  0.9814 -3.6665 0.5694
v  1.0030 -3.6665 0.5818
v  1.0258 -3.6665 0.5848
v  1.0481 -3.6665 0.5792
v  1.0681 -3.6665 0.5643
v  1.0805 -3.6665 0.5427
v  1.0835 -3.6665 0.5199
v  1.0778 -3.6665 0.4976
v  1.0630 -3.6665 0.4776
v  1.0414 -3.6665 0.4652
v  1.0186 -3.6665 0.4622
v  0.9963 -3.6665 0.4678
v  0.9763 -3.6665 0.4827
v  0.9639 -3.6665 0.5043
v  0.9609 -3.6665 0.5271
v  0.9665 -3.6665 0.5494
v  0.9545 -3.6013 0.5949
v  0.9921 -3.6008 0.6176
v  1.0300 -3.6027 0.6210
v  1.0656 -3.6062 0.6095
v  1.0925 -3.6096 0.5850
v  1.1091 -3.6142 0.5530
v  1.1115 -3.6170 0.5191
v  1.1025 -3.6189 0.4867
v  1.0801 -3.6209 0.4584
v  1.0495 -3.6209 0.4407
v  1.0167 -3.6198 0.4355
v  0.9855 -3.6174 0.4430
v  0.9550 -3.6145 0.4611
v  0.9347 -3.6093 0.4928
v  0.9272 -3.6064 0.5258
v  0.9328 -3.6037 0.5624
v  0.9415 -3.5729 0.6086
v  0.9864 -3.5724 0.6357
v  1.0317 -3.5747 0.6398
v  1.0742 -3.5788 0.6261
v  1.1062 -3.5828 0.5968
v  1.1260 -3.5884 0.5586
v  1.1289 -3.5917 0.5181
v  1.1182 -3.5939 0.4795
v  1.0915 -3.5964 0.4457
v  1.0549 -3.5964 0.4246
v  1.0158 -3.5951 0.4183
v  0.9786 -3.5922 0.4273
v  0.9422 -3.5887 0.4489
v  0.9180 -3.5826 0.4868
v  0.9090 -3.5791 0.5261
v  0.9157 -3.5759 0.5698
v  1.0038 -3.6297 0.5333
v  1.0086 -3.6297 0.5394
v  1.0154 -3.6297 0.5432
v  1.0238 -3.6297 0.5443
v  1.0318 -3.6297 0.5419
v  1.0379 -3.6297 0.5370
v  1.0418 -3.6297 0.5303
v  1.0428 -3.6297 0.5219
v  1.0405 -3.6297 0.5138
v  1.0356 -3.6297 0.5078
v  1.0289 -3.6297 0.5039
v  1.0205 -3.6297 0.5029
v  1.0124 -3.6297 0.5052
v  1.0064 -3.6297 0.5101
v  1.0025 -3.6297 0.5169
v  1.0014 -3.6297 0.5252
v  0.9744 -3.6715 2.1857
v  0.9871 -3.6715 2.1685
v  1.0057 -3.6715 2.1579
v  1.0253 -3.6715 2.1553
v  1.0444 -3.6715 2.1601
v  1.0616 -3.6715 2.1729
v  1.0723 -3.6715 2.1914
v  1.0748 -3.6715 2.2110
v  1.0700 -3.6715 2.2302
v  1.0572 -3.6715 2.2473
v  1.0387 -3.6715 2.2580
v  1.0191 -3.6715 2.2606
v  0.9999 -3.6715 2.2557
v  0.9828 -3.6715 2.2430
v  0.9721 -3.6715 2.2245
v  0.9695 -3.6715 2.2049
v  0.9814 -3.6665 2.1621
v  0.9665 -3.6665 2.1820
v  1.0030 -3.6665 2.1496
v  1.0258 -3.6665 2.1467
v  1.0481 -3.6665 2.1523
v  1.0681 -3.6665 2.1671
v  1.0805 -3.6665 2.1887
v  1.0835 -3.6665 2.2115
v  1.0778 -3.6665 2.2338
v  1.0630 -3.6665 2.2538
v  1.0414 -3.6665 2.2663
v  1.0186 -3.6665 2.2692
v  0.9963 -3.6665 2.2636
v  0.9763 -3.6665 2.2487
v  0.9639 -3.6665 2.2272
v  0.9609 -3.6665 2.2044
v  0.9545 -3.6013 2.1366
v  0.9328 -3.6037 2.1690
v  0.9921 -3.6008 2.1139
v  1.0300 -3.6027 2.1105
v  1.0656 -3.6062 2.1219
v  1.0925 -3.6096 2.1465
v  1.1091 -3.6142 2.1784
v  1.1115 -3.6170 2.2124
v  1.1025 -3.6189 2.2447
v  1.0801 -3.6209 2.2731
v  1.0495 -3.6209 2.2907
v  1.0167 -3.6198 2.2960
v  0.9855 -3.6174 2.2884
v  0.9550 -3.6145 2.2704
v  0.9347 -3.6093 2.2387
v  0.9272 -3.6064 2.2057
v  0.9415 -3.5729 2.1229
v  0.9157 -3.5759 2.1616
v  0.9864 -3.5724 2.0958
v  1.0317 -3.5747 2.0917
v  1.0742 -3.5788 2.1054
v  1.1062 -3.5828 2.1347
v  1.1260 -3.5884 2.1728
v  1.1289 -3.5917 2.2133
v  1.1182 -3.5939 2.2520
v  1.0915 -3.5964 2.2858
v  1.0549 -3.5964 2.3068
v  1.0158 -3.5951 2.3131
v  0.9786 -3.5922 2.3041
v  0.9422 -3.5887 2.2825
v  0.9180 -3.5826 2.2447
v  0.9090 -3.5791 2.2053
v  1.0038 -3.6297 2.1982
v  1.0086 -3.6297 2.1921
v  1.0154 -3.6297 2.1882
v  1.0238 -3.6297 2.1872
v  1.0318 -3.6297 2.1895
v  1.0379 -3.6297 2.1944
v  1.0418 -3.6297 2.2012
v  1.0428 -3.6297 2.2095
v  1.0405 -3.6297 2.2176
v  1.0356 -3.6297 2.2237
v  1.0289 -3.6297 2.2275
v  1.0205 -3.6297 2.2286
v  1.0124 -3.6297 2.2262
v  1.0064 -3.6297 2.2214
v  1.0025 -3.6297 2.2146
v  1.0014 -3.6297 2.2062
v  -0.9744 -3.6715 0.5458
v  -0.9871 -3.6715 0.5629
v  -1.0057 -3.6715 0.5736
v  -1.0253 -3.6715 0.5761
v  -1.0444 -3.6715 0.5713
v  -1.0616 -3.6715 0.5586
v  -1.0723 -3.6715 0.5400
v  -1.0748 -3.6715 0.5204
v  -1.0700 -3.6715 0.5013
v  -1.0572 -3.6715 0.4841
v  -1.0387 -3.6715 0.4734
v  -1.0191 -3.6715 0.4709
v  -0.9999 -3.6715 0.4757
v  -0.9828 -3.6715 0.4885
v  -0.9721 -3.6715 0.5070
v  -0.9695 -3.6715 0.5266
v  -0.9814 -3.6665 0.5694
v  -0.9665 -3.6665 0.5494
v  -1.0030 -3.6665 0.5818
v  -1.0258 -3.6665 0.5848
v  -1.0481 -3.6665 0.5792
v  -1.0681 -3.6665 0.5643
v  -1.0805 -3.6665 0.5427
v  -1.0835 -3.6665 0.5199
v  -1.0779 -3.6665 0.4976
v  -1.0630 -3.6665 0.4776
v  -1.0414 -3.6665 0.4652
v  -1.0186 -3.6665 0.4622
v  -0.9963 -3.6665 0.4678
v  -0.9763 -3.6665 0.4827
v  -0.9639 -3.6665 0.5043
v  -0.9609 -3.6665 0.5271
v  -0.9545 -3.6013 0.5949
v  -0.9328 -3.6037 0.5624
v  -0.9921 -3.6008 0.6176
v  -1.0300 -3.6027 0.6210
v  -1.0656 -3.6062 0.6095
v  -1.0925 -3.6096 0.5850
v  -1.1091 -3.6142 0.5530
v  -1.1115 -3.6170 0.5191
v  -1.1025 -3.6189 0.4867
v  -1.0801 -3.6209 0.4584
v  -1.0495 -3.6209 0.4407
v  -1.0167 -3.6198 0.4355
v  -0.9855 -3.6174 0.4430
v  -0.9550 -3.6145 0.4611
v  -0.9347 -3.6093 0.4928
v  -0.9272 -3.6064 0.5258
v  -0.9415 -3.5729 0.6086
v  -0.9157 -3.5759 0.5698
v  -0.9864 -3.5724 0.6357
v  -1.0317 -3.5747 0.6398
v  -1.0742 -3.5788 0.6261
v  -1.1062 -3.5828 0.5968
v  -1.1260 -3.5884 0.5586
v  -1.1289 -3.5917 0.5181
v  -1.1182 -3.5939 0.4795
v  -1.0915 -3.5964 0.4457
v  -1.0549 -3.5964 0.4246
v  -1.0158 -3.5951 0.4183
v  -0.9786 -3.5922 0.4273
v  -0.9422 -3.5887 0.4489
v  -0.9180 -3.5826 0.4868
v  -0.9090 -3.5791 0.5261
v  -1.0038 -3.6297 0.5333
v  -1.0086 -3.6297 0.5394
v  -1.0154 -3.6297 0.5432
v  -1.0238 -3.6297 0.5443
v  -1.0318 -3.6297 0.5419
v  -1.0379 -3.6297 0.5370
v  -1.0418 -3.6297 0.5303
v  -1.0428 -3.6297 0.5219
v  -1.0405 -3.6297 0.5138
v  -1.0356 -3.6297 0.5078
v  -1.0289 -3.6297 0.5039
v  -1.0205 -3.6297 0.5029
v  -1.0124 -3.6297 0.5052
v  -1.0064 -3.6297 0.5101
v  -1.0025 -3.6297 0.5169
v  -1.0014 -3.6297 0.5252
v  -0.9744 -3.6715 2.1857
v  -0.9871 -3.6715 2.1685
v  -1.0057 -3.6715 2.1579
v  -1.0253 -3.6715 2.1553
v  -1.0444 -3.6715 2.1601
v  -1.0616 -3.6715 2.1729
v  -1.0723 -3.6715 2.1914
v  -1.0748 -3.6715 2.2110
v  -1.0700 -3.6715 2.2302
v  -1.0572 -3.6715 2.2473
v  -1.0387 -3.6715 2.2580
v  -1.0191 -3.6715 2.2606
v  -0.9999 -3.6715 2.2557
v  -0.9828 -3.6715 2.2430
v  -0.9721 -3.6715 2.2245
v  -0.9695 -3.6715 2.2049
v  -0.9665 -3.6665 2.1820
v  -0.9814 -3.6665 2.1621
v  -1.0030 -3.6665 2.1496
v  -1.0258 -3.6665 2.1467
v  -1.0481 -3.6665 2.1523
v  -1.0681 -3.6665 2.1671
v  -1.0805 -3.6665 2.1887
v  -1.0835 -3.6665 2.2115
v  -1.0779 -3.6665 2.2338
v  -1.0630 -3.6665 2.2538
v  -1.0414 -3.6665 2.2663
v  -1.0186 -3.6665 2.2692
v  -0.9963 -3.6665 2.2636
v  -0.9763 -3.6665 2.2487
v  -0.9639 -3.6665 2.2272
v  -0.9609 -3.6665 2.2044
v  -0.9328 -3.6037 2.1690
v  -0.9545 -3.6013 2.1366
v  -0.9921 -3.6008 2.1139
v  -1.0300 -3.6027 2.1105
v  -1.0656 -3.6062 2.1219
v  -1.0925 -3.6096 2.1465
v  -1.1091 -3.6142 2.1784
v  -1.1115 -3.6170 2.2124
v  -1.1025 -3.6189 2.2447
v  -1.0801 -3.6209 2.2731
v  -1.0495 -3.6209 2.2907
v  -1.0167 -3.6198 2.2960
v  -0.9855 -3.6174 2.2884
v  -0.9550 -3.6145 2.2704
v  -0.9347 -3.6093 2.2387
v  -0.9272 -3.6064 2.2057
v  -0.9157 -3.5759 2.1616
v  -0.9415 -3.5729 2.1229
v  -0.9864 -3.5724 2.0958
v  -1.0317 -3.5747 2.0917
v  -1.0742 -3.5788 2.1054
v  -1.1062 -3.5828 2.1347
v  -1.1260 -3.5884 2.1728
v  -1.1289 -3.5917 2.2133
v  -1.1182 -3.5939 2.2520
v  -1.0915 -3.5964 2.2858
v  -1.0549 -3.5964 2.3068
v  -1.0158 -3.5951 2.3131
v  -0.9786 -3.5922 2.3041
v  -0.9422 -3.5887 2.2825
v  -0.9180 -3.5826 2.2447
v  -0.9090 -3.5791 2.2053
v  -1.0086 -3.6297 2.1921
v  -1.0038 -3.6297 2.1982
v  -1.0154 -3.6297 2.1882
v  -1.0238 -3.6297 2.1872
v  -1.0318 -3.6297 2.1895
v  -1.0379 -3.6297 2.1944
v  -1.0418 -3.6297 2.2012
v  -1.0428 -3.6297 2.2095
v  -1.0405 -3.6297 2.2176
v  -1.0356 -3.6297 2.2237
v  -1.0289 -3.6297 2.2275
v  -1.0205 -3.6297 2.2286
v  -1.0124 -3.6297 2.2262
v  -1.0064 -3.6297 2.2214
v  -1.0025 -3.6297 2.2146
v  -1.0014 -3.6297 2.2062
v  -0.0479 -3.7742 3.5669
v  -0.0352 -3.7742 3.5497
v  -0.0166 -3.7742 3.5390
v  0.0030 -3.7742 3.5365
v  0.0221 -3.7742 3.5413
v  0.0393 -3.7742 3.5541
v  0.0499 -3.7742 3.5726
v  0.0525 -3.7742 3.5922
v  0.0477 -3.7742 3.6114
v  0.0349 -3.7742 3.6285
v  0.0164 -3.7742 3.6392
v  -0.0032 -3.7742 3.6417
v  -0.0224 -3.7742 3.6369
v  -0.0395 -3.7742 3.6241
v  -0.0502 -3.7742 3.6056
v  -0.0528 -3.7742 3.5860
v  -0.0409 -3.7692 3.5432
v  -0.0558 -3.7692 3.5632
v  -0.0193 -3.7692 3.5308
v  0.0035 -3.7692 3.5278
v  0.0258 -3.7692 3.5334
v  0.0458 -3.7692 3.5483
v  0.0582 -3.7692 3.5699
v  0.0612 -3.7692 3.5927
v  0.0555 -3.7692 3.6150
v  0.0407 -3.7692 3.6350
v  0.0191 -3.7692 3.6474
v  -0.0037 -3.7692 3.6504
v  -0.0260 -3.7692 3.6448
v  -0.0460 -3.7692 3.6299
v  -0.0584 -3.7692 3.6083
v  -0.0614 -3.7692 3.5855
v  -0.0678 -3.7040 3.5177
v  -0.0895 -3.7064 3.5502
v  -0.0303 -3.7035 3.4950
v  0.0077 -3.7054 3.4916
v  0.0433 -3.7089 3.5031
v  0.0702 -3.7123 3.5276
v  0.0868 -3.7169 3.5596
v  0.0892 -3.7197 3.5935
v  0.0802 -3.7216 3.6259
v  0.0578 -3.7236 3.6542
v  0.0272 -3.7236 3.6719
v  -0.0056 -3.7225 3.6772
v  -0.0368 -3.7201 3.6696
v  -0.0673 -3.7172 3.6515
v  -0.0876 -3.7120 3.6198
v  -0.0951 -3.7091 3.5868
v  -0.0808 -3.6736 3.5040
v  -0.1066 -3.6765 3.5428
v  -0.0359 -3.6730 3.4769
v  0.0094 -3.6753 3.4728
v  0.0519 -3.6794 3.4865
v  0.0839 -3.6835 3.5158
v  0.1037 -3.6890 3.5540
v  0.1066 -3.6924 3.5945
v  0.0959 -3.6945 3.6331
v  0.0692 -3.6970 3.6669
v  0.0326 -3.6970 3.6880
v  -0.0065 -3.6957 3.6943
v  -0.0437 -3.6928 3.6853
v  -0.0801 -3.6893 3.6637
v  -0.1043 -3.6832 3.6259
v  -0.1133 -3.6797 3.5865
v  -0.0185 -3.7324 3.5793
v  -0.0137 -3.7324 3.5732
v  -0.0069 -3.7324 3.5694
v  0.0014 -3.7324 3.5684
v  0.0095 -3.7324 3.5707
v  0.0156 -3.7324 3.5756
v  0.0195 -3.7324 3.5823
v  0.0205 -3.7324 3.5907
v  0.0182 -3.7324 3.5988
v  0.0133 -3.7324 3.6049
v  0.0066 -3.7324 3.6087
v  -0.0018 -3.7324 3.6098
v  -0.0099 -3.7324 3.6074
v  -0.0160 -3.7324 3.6025
v  -0.0198 -3.7324 3.5958
v  -0.0209 -3.7324 3.5874
v  -2.8151 -3.7096 1.3434
v  -2.8023 -3.7096 1.3263
v  -2.7838 -3.7096 1.3156
v  -2.7642 -3.7096 1.3131
v  -2.7450 -3.7096 1.3179
v  -2.7279 -3.7096 1.3306
v  -2.7172 -3.7096 1.3492
v  -2.7147 -3.7096 1.3688
v  -2.7195 -3.7096 1.3879
v  -2.7323 -3.7096 1.4051
v  -2.7508 -3.7096 1.4158
v  -2.7704 -3.7096 1.4183
v  -2.7895 -3.7096 1.4135
v  -2.8067 -3.7096 1.4007
v  -2.8174 -3.7096 1.3822
v  -2.8199 -3.7096 1.3626
v  -2.8081 -3.7046 1.3198
v  -2.8230 -3.7046 1.3398
v  -2.7865 -3.7046 1.3074
v  -2.7637 -3.7046 1.3044
v  -2.7414 -3.7046 1.3100
v  -2.7214 -3.7046 1.3249
v  -2.7090 -3.7046 1.3465
v  -2.7060 -3.7046 1.3693
v  -2.7116 -3.7046 1.3916
v  -2.7265 -3.7046 1.4116
v  -2.7481 -3.7046 1.4240
v  -2.7709 -3.7046 1.4270
v  -2.7932 -3.7046 1.4214
v  -2.8132 -3.7046 1.4065
v  -2.8256 -3.7046 1.3849
v  -2.8286 -3.7046 1.3621
v  -2.8350 -3.6394 1.2943
v  -2.8567 -3.6419 1.3268
v  -2.7974 -3.6390 1.2716
v  -2.7595 -3.6409 1.2682
v  -2.7239 -3.6443 1.2797
v  -2.6970 -3.6477 1.3042
v  -2.6804 -3.6524 1.3362
v  -2.6780 -3.6552 1.3701
v  -2.6870 -3.6570 1.4025
v  -2.7094 -3.6591 1.4308
v  -2.7400 -3.6591 1.4485
v  -2.7728 -3.6580 1.4537
v  -2.8039 -3.6556 1.4462
v  -2.8345 -3.6526 1.4281
v  -2.8547 -3.6475 1.3964
v  -2.8623 -3.6446 1.3634
v  -2.8479 -3.5952 1.2806
v  -2.8737 -3.5982 1.3193
v  -2.8030 -3.5947 1.2535
v  -2.7577 -3.5970 1.2494
v  -2.7152 -3.6011 1.2631
v  -2.6832 -3.6051 1.2924
v  -2.6634 -3.6107 1.3306
v  -2.6605 -3.6140 1.3711
v  -2.6712 -3.6162 1.4097
v  -2.6979 -3.6187 1.4435
v  -2.7345 -3.6187 1.4646
v  -2.7736 -3.6174 1.4709
v  -2.8108 -3.6145 1.4618
v  -2.8472 -3.6110 1.4403
v  -2.8714 -3.6049 1.4024
v  -2.8804 -3.6014 1.3631
v  -2.7857 -3.6679 1.3559
v  -2.7808 -3.6679 1.3498
v  -2.7741 -3.6679 1.3460
v  -2.7657 -3.6679 1.3449
v  -2.7576 -3.6679 1.3473
v  -2.7516 -3.6679 1.3522
v  -2.7477 -3.6679 1.3589
v  -2.7466 -3.6679 1.3673
v  -2.7490 -3.6679 1.3754
v  -2.7538 -3.6679 1.3814
v  -2.7606 -3.6679 1.3853
v  -2.7690 -3.6679 1.3863
v  -2.7770 -3.6679 1.3840
v  -2.7831 -3.6679 1.3791
v  -2.7870 -3.6679 1.3723
v  -2.7880 -3.6679 1.3640
v  -0.4921 -0.9922 0.0000
v  -0.6752 -0.9922 0.0000
v  -0.4847 -0.9922 0.0851
v  -0.6650 -0.9922 0.1166
v  -0.4592 -0.9922 0.1769
v  -0.6301 -0.9922 0.2426
v  -0.4144 -0.9922 0.2655
v  -0.5686 -0.9922 0.3642
v  -0.3512 -0.9922 0.3448
v  -0.4819 -0.9922 0.4729
v  -0.2731 -0.9922 0.4094
v  -0.3748 -0.9922 0.5616
v  -0.1854 -0.9922 0.4559
v  -0.2544 -0.9922 0.6254
v  -0.0940 -0.9922 0.4831
v  -0.1291 -0.9922 0.6627
v  -0.0045 -0.9922 0.4921
v  -0.0063 -0.9922 0.6752
v  0.0851 -0.9922 0.4847
v  0.1166 -0.9922 0.6650
v  0.1769 -0.9922 0.4592
v  0.2426 -0.9922 0.6301
v  0.2655 -0.9922 0.4144
v  0.3642 -0.9922 0.5686
v  0.3448 -0.9922 0.3512
v  0.4729 -0.9922 0.4819
v  0.4094 -0.9922 0.2731
v  0.5616 -0.9922 0.3748
v  0.4559 -0.9922 0.1854
v  0.6254 -0.9922 0.2544
v  0.4831 -0.9922 0.0940
v  0.6627 -0.9922 0.1291
v  0.4921 -0.9922 0.0045
v  0.6752 -0.9922 0.0063
v  0.4848 -0.9922 -0.0848
v  0.6651 -0.9922 -0.1162
v  0.4594 -0.9922 -0.1764
v  0.6304 -0.9922 -0.2419
v  0.4148 -0.9922 -0.2649
v  0.5691 -0.9922 -0.3633
v  0.3517 -0.9922 -0.3442
v  0.4826 -0.9922 -0.4722
v  0.2737 -0.9922 -0.4090
v  0.3756 -0.9922 -0.5611
v  0.1859 -0.9922 -0.4557
v  0.2551 -0.9922 -0.6251
v  0.0943 -0.9922 -0.4830
v  0.1295 -0.9922 -0.6627
v  0.0045 -0.9922 -0.4921
v  0.0063 -0.9922 -0.6752
v  -0.0848 -0.9922 -0.4848
v  -0.1162 -0.9922 -0.6651
v  -0.1764 -0.9922 -0.4594
v  -0.2419 -0.9922 -0.6304
v  -0.2649 -0.9922 -0.4148
v  -0.3633 -0.9922 -0.5691
v  -0.3442 -0.9922 -0.3517
v  -0.4722 -0.9922 -0.4826
v  -0.4090 -0.9922 -0.2737
v  -0.5611 -0.9922 -0.3756
v  -0.4557 -0.9922 -0.1859
v  -0.6251 -0.9922 -0.2551
v  -0.4830 -0.9922 -0.0943
v  -0.6627 -0.9922 -0.1295
v  -0.6988 -1.0166 0.0000
v  -0.6880 -1.0166 0.1206
v  -0.6519 -1.0167 0.2510
v  -0.5882 -1.0167 0.3767
v  -0.4985 -1.0167 0.4893
v  -0.3877 -1.0167 0.5810
v  -0.2632 -1.0167 0.6470
v  -0.1335 -1.0166 0.6857
v  -0.0066 -1.0167 0.6982
v  0.1206 -1.0166 0.6880
v  0.2510 -1.0166 0.6519
v  0.3767 -1.0167 0.5882
v  0.4893 -1.0167 0.4985
v  0.5810 -1.0167 0.3877
v  0.6470 -1.0166 0.2632
v  0.6857 -1.0166 0.1335
v  0.6988 -1.0166 0.0065
v  0.6881 -1.0166 -0.1202
v  0.6521 -1.0167 -0.2503
v  0.5887 -1.0167 -0.3759
v  0.4993 -1.0167 -0.4885
v  0.3885 -1.0167 -0.5804
v  0.2639 -1.0167 -0.6467
v  0.1340 -1.0167 -0.6856
v  0.0065 -1.0167 -0.6982
v  -0.1202 -1.0167 -0.6881
v  -0.2503 -1.0167 -0.6521
v  -0.3759 -1.0167 -0.5887
v  -0.4884 -1.0167 -0.4993
v  -0.5804 -1.0167 -0.3885
v  -0.6467 -1.0167 -0.2639
v  -0.6855 -1.0167 -0.1340
v  -0.6984 -1.8030 0.0000
v  -0.6882 -1.8030 0.1207
v  -0.6521 -1.8030 0.2511
v  -0.5884 -1.8030 0.3768
v  -0.4987 -1.8030 0.4894
v  -0.3878 -1.8030 0.5812
v  -0.2633 -1.8030 0.6472
v  -0.1336 -1.8030 0.6858
v  -0.0066 -1.8030 0.6987
v  0.1207 -1.8030 0.6882
v  0.2511 -1.8030 0.6521
v  0.3769 -1.8030 0.5884
v  0.4894 -1.8030 0.4987
v  0.5812 -1.8030 0.3878
v  0.6472 -1.8030 0.2633
v  0.6858 -1.8030 0.1336
v  0.6987 -1.8030 0.0065
v  0.6882 -1.8030 -0.1203
v  0.6523 -1.8030 -0.2503
v  0.5889 -1.8030 -0.3760
v  0.4994 -1.8030 -0.4886
v  0.3886 -1.8030 -0.5806
v  0.2640 -1.8030 -0.6469
v  0.1340 -1.8030 -0.6857
v  0.0065 -1.8030 -0.6987
v  -0.1203 -1.8030 -0.6882
v  -0.2503 -1.8030 -0.6523
v  -0.3760 -1.8030 -0.5889
v  -0.4886 -1.8030 -0.4994
v  -0.5806 -1.8030 -0.3886
v  -0.6469 -1.8030 -0.2640
v  -0.6857 -1.8030 -0.1340
v  -0.6921 -1.0001 -0.0000
v  -0.6820 -0.9997 0.1196
v  -0.6462 -0.9997 0.2488
v  -0.5831 -0.9997 0.3734
v  -0.4942 -0.9997 0.4850
v  -0.3843 -0.9997 0.5760
v  -0.2609 -0.9997 0.6414
v  -0.1324 -0.9997 0.6796
v  -0.0065 -0.9997 0.6924
v  0.1196 -0.9997 0.6820
v  0.2488 -0.9997 0.6462
v  0.3734 -0.9997 0.5831
v  0.4850 -0.9997 0.4942
v  0.5760 -0.9997 0.3843
v  0.6414 -0.9997 0.2609
v  0.6796 -0.9997 0.1324
v  0.6924 -0.9997 0.0065
v  0.6821 -0.9997 -0.1192
v  0.6464 -0.9997 -0.2481
v  0.5836 -0.9998 -0.3726
v  0.4949 -0.9998 -0.4842
v  0.3851 -0.9998 -0.5754
v  0.2616 -0.9998 -0.6411
v  0.1328 -0.9997 -0.6795
v  0.0065 -0.9997 -0.6924
v  -0.1192 -0.9998 -0.6821
v  -0.2481 -0.9998 -0.6464
v  -0.3726 -0.9998 -0.5836
v  -0.4842 -0.9998 -0.4949
v  -0.5754 -0.9998 -0.3852
v  -0.6411 -0.9998 -0.2616
v  -0.6795 -0.9997 -0.1328
v  -0.4800 -1.0028 -0.0000
v  -0.4732 -1.0030 0.0831
v  -0.4483 -1.0030 0.1727
v  -0.4045 -1.0030 0.2592
v  -0.3428 -1.0030 0.3366
v  -0.2666 -1.0030 0.3997
v  -0.1810 -1.0030 0.4450
v  -0.0918 -1.0030 0.4716
v  -0.0044 -1.0030 0.4804
v  0.0831 -1.0030 0.4732
v  0.1727 -1.0030 0.4483
v  0.2592 -1.0030 0.4045
v  0.3365 -1.0030 0.3428
v  0.3997 -1.0030 0.2666
v  0.4450 -1.0030 0.1810
v  0.4716 -1.0030 0.0918
v  0.4804 -1.0030 0.0044
v  0.4732 -1.0030 -0.0828
v  0.4485 -1.0030 -0.1722
v  0.4049 -1.0030 -0.2586
v  0.3433 -1.0030 -0.3360
v  0.2672 -1.0030 -0.3992
v  0.1815 -1.0030 -0.4448
v  0.0921 -1.0030 -0.4715
v  0.0044 -1.0030 -0.4804
v  -0.0828 -1.0030 -0.4732
v  -0.1722 -1.0030 -0.4485
v  -0.2586 -1.0030 -0.4049
v  -0.3360 -1.0030 -0.3433
v  -0.3992 -1.0030 -0.2671
v  -0.4448 -1.0030 -0.1814
v  -0.4715 -1.0030 -0.0921
v  -0.4803 -1.4448 -0.0000
v  -0.4727 -1.4448 0.0830
v  -0.4478 -1.4448 0.1725
v  -0.4041 -1.4448 0.2589
v  -0.3424 -1.4448 0.3362
v  -0.2663 -1.4448 0.3992
v  -0.1808 -1.4448 0.4445
v  -0.0917 -1.4448 0.4711
v  -0.0044 -1.4448 0.4799
v  0.0830 -1.4448 0.4727
v  0.1725 -1.4448 0.4478
v  0.2589 -1.4448 0.4041
v  0.3362 -1.4448 0.3424
v  0.3992 -1.4448 0.2663
v  0.4445 -1.4448 0.1808
v  0.4711 -1.4448 0.0917
v  0.4799 -1.4448 0.0044
v  0.4727 -1.4448 -0.0827
v  0.4480 -1.4448 -0.1720
v  0.4044 -1.4448 -0.2583
v  0.3429 -1.4448 -0.3356
v  0.2668 -1.4448 -0.3988
v  0.1812 -1.4448 -0.4443
v  0.0920 -1.4448 -0.4710
v  0.0044 -1.4448 -0.4799
v  -0.0827 -1.4448 -0.4727
v  -0.1720 -1.4448 -0.4480
v  -0.2583 -1.4448 -0.4044
v  -0.3356 -1.4448 -0.3429
v  -0.3988 -1.4448 -0.2668
v  -0.4443 -1.4448 -0.1812
v  -0.4710 -1.4448 -0.0920
v  -0.4840 -0.9951 0.0000
v  -0.4769 -0.9953 0.0837
v  -0.4518 -0.9953 0.1741
v  -0.4077 -0.9953 0.2612
v  -0.3455 -0.9953 0.3392
v  -0.2687 -0.9953 0.4028
v  -0.1824 -0.9953 0.4485
v  -0.0925 -0.9953 0.4753
v  -0.0045 -0.9953 0.4842
v  0.0837 -0.9953 0.4769
v  0.1741 -0.9953 0.4518
v  0.2612 -0.9953 0.4077
v  0.3392 -0.9953 0.3455
v  0.4028 -0.9953 0.2687
v  0.4485 -0.9953 0.1824
v  0.4753 -0.9953 0.0925
v  0.4842 -0.9953 0.0045
v  0.4769 -0.9953 -0.0834
v  0.4520 -0.9953 -0.1735
v  0.4080 -0.9953 -0.2606
v  0.3469 -0.9967 -0.3395
v  0.2692 -0.9953 -0.4024
v  0.1829 -0.9953 -0.4483
v  0.0928 -0.9953 -0.4752
v  0.0045 -0.9953 -0.4842
v  -0.0834 -0.9953 -0.4769
v  -0.1735 -0.9953 -0.4520
v  -0.2606 -0.9953 -0.4080
v  -0.3386 -0.9953 -0.3460
v  -0.4024 -0.9953 -0.2692
v  -0.4483 -0.9953 -0.1829
v  -0.4752 -0.9953 -0.0928
v  -0.5022 -0.9922 -0.0000
v  -0.4929 -0.9922 -0.0962
v  -0.4650 -0.9922 -0.1897
v  -0.4174 -0.9922 -0.2793
v  -0.3512 -0.9922 -0.3589
v  -0.2703 -0.9922 -0.4232
v  -0.1800 -0.9922 -0.4688
v  -0.0865 -0.9922 -0.4947
v  0.0046 -0.9922 -0.5021
v  0.0963 -0.9922 -0.4929
v  0.1897 -0.9922 -0.4650
v  0.2793 -0.9922 -0.4174
v  0.3589 -0.9922 -0.3512
v  0.4232 -0.9922 -0.2703
v  0.4688 -0.9922 -0.1800
v  0.4947 -0.9922 -0.0865
v  0.5021 -0.9922 0.0046
v  0.4929 -0.9922 0.0960
v  0.4652 -0.9922 0.1892
v  0.4178 -0.9922 0.2787
v  0.3518 -0.9922 0.3584
v  0.2709 -0.9922 0.4228
v  0.1805 -0.9922 0.4686
v  0.0868 -0.9922 0.4946
v  -0.0046 -0.9922 0.5021
v  -0.0960 -0.9922 0.4929
v  -0.1892 -0.9922 0.4652
v  -0.2787 -0.9922 0.4178
v  -0.3584 -0.9922 0.3518
v  -0.4228 -0.9922 0.2709
v  -0.4686 -0.9922 0.1805
v  -0.4946 -0.9922 0.0869
v  -0.6652 -0.9922 0.0000
v  -0.6552 -0.9922 0.1148
v  -0.6207 -0.9922 0.2390
v  -0.5601 -0.9922 0.3587
v  -0.4747 -0.9922 0.4659
v  -0.3692 -0.9922 0.5533
v  -0.2506 -0.9922 0.6161
v  -0.1271 -0.9922 0.6529
v  -0.0062 -0.9922 0.6651
v  0.1149 -0.9922 0.6552
v  0.2390 -0.9922 0.6207
v  0.3587 -0.9922 0.5601
v  0.4659 -0.9922 0.4747
v  0.5533 -0.9922 0.3692
v  0.6161 -0.9922 0.2506
v  0.6529 -0.9922 0.1271
v  0.6651 -0.9922 0.0062
v  0.6552 -0.9922 -0.1145
v  0.6210 -0.9922 -0.2383
v  0.5606 -0.9922 -0.3579
v  0.4755 -0.9922 -0.4651
v  0.3700 -0.9922 -0.5527
v  0.2513 -0.9922 -0.6158
v  0.1276 -0.9922 -0.6528
v  0.0062 -0.9922 -0.6651
v  -0.1145 -0.9922 -0.6552
v  -0.2383 -0.9922 -0.6210
v  -0.3579 -0.9922 -0.5606
v  -0.4651 -0.9922 -0.4755
v  -0.5527 -0.9922 -0.3700
v  -0.6158 -0.9922 -0.2513
v  -0.6528 -0.9922 -0.1276
v  -0.6853 -1.8185 0.0000
v  -0.6752 -1.8185 0.1184
v  -0.6398 -1.8185 0.2464
v  -0.5774 -1.8185 0.3698
v  -0.4893 -1.8185 0.4802
v  -0.3805 -1.8185 0.5703
v  -0.2583 -1.8185 0.6351
v  -0.1311 -1.8185 0.6730
v  -0.0064 -1.8185 0.6856
v  0.1184 -1.8185 0.6752
v  0.2464 -1.8185 0.6398
v  0.3697 -1.8184 0.5773
v  0.4802 -1.8185 0.4893
v  0.5703 -1.8185 0.3805
v  0.6350 -1.8184 0.2583
v  0.6730 -1.8185 0.1311
v  0.6856 -1.8185 0.0064
v  0.6753 -1.8185 -0.1180
v  0.6400 -1.8185 -0.2456
v  0.5778 -1.8185 -0.3689
v  0.4900 -1.8185 -0.4794
v  0.3813 -1.8185 -0.5697
v  0.2590 -1.8185 -0.6347
v  0.1315 -1.8185 -0.6729
v  0.0064 -1.8185 -0.6856
v  -0.1180 -1.8185 -0.6752
v  -0.2456 -1.8185 -0.6400
v  -0.3689 -1.8185 -0.5778
v  -0.4794 -1.8185 -0.4900
v  -0.5697 -1.8185 -0.3813
v  -0.6347 -1.8185 -0.2590
v  -0.6728 -1.8185 -0.1315
v  -0.6946 -1.8132 -0.0000
v  -0.6844 -1.8132 0.1200
v  -0.6485 -1.8132 0.2497
v  -0.5852 -1.8132 0.3748
v  -0.4960 -1.8132 0.4868
v  -0.3857 -1.8132 0.5781
v  -0.2619 -1.8132 0.6437
v  -0.1329 -1.8132 0.6821
v  -0.0065 -1.8131 0.6948
v  0.1200 -1.8132 0.6844
v  0.2497 -1.8132 0.6485
v  0.3735 -1.8112 0.5832
v  0.4868 -1.8132 0.4960
v  0.5781 -1.8132 0.3857
v  0.6413 -1.8109 0.2609
v  0.6796 -1.8110 0.1324
v  0.6948 -1.8131 0.0065
v  0.6844 -1.8132 -0.1196
v  0.6487 -1.8132 -0.2490
v  0.5857 -1.8132 -0.3739
v  0.4967 -1.8132 -0.4859
v  0.3865 -1.8132 -0.5774
v  0.2626 -1.8132 -0.6434
v  0.1333 -1.8132 -0.6820
v  0.0065 -1.8131 -0.6948
v  -0.1196 -1.8132 -0.6844
v  -0.2490 -1.8132 -0.6487
v  -0.3739 -1.8132 -0.5857
v  -0.4859 -1.8132 -0.4967
v  -0.5774 -1.8132 -0.3865
v  -0.6434 -1.8132 -0.2626
v  -0.6820 -1.8132 -0.1333
v  -0.6418 -1.8185 0.0000
v  -0.6324 -1.8185 0.1109
v  -0.5992 -1.8185 0.2308
v  -0.5407 -1.8185 0.3463
v  -0.4583 -1.8185 0.4498
v  -0.3564 -1.8185 0.5342
v  -0.2419 -1.8185 0.5948
v  -0.1227 -1.8185 0.6303
v  -0.0060 -1.8185 0.6421
v  0.1109 -1.8185 0.6324
v  0.2308 -1.8185 0.5993
v  0.3463 -1.8184 0.5407
v  0.4498 -1.8185 0.4583
v  0.5342 -1.8185 0.3564
v  0.5947 -1.8184 0.2419
v  0.6303 -1.8185 0.1228
v  0.6421 -1.8185 0.0060
v  0.6324 -1.8185 -0.1105
v  0.5995 -1.8185 -0.2300
v  0.5412 -1.8185 -0.3455
v  0.4590 -1.8185 -0.4490
v  0.3572 -1.8185 -0.5335
v  0.2426 -1.8185 -0.5945
v  0.1232 -1.8185 -0.6302
v  0.0060 -1.8185 -0.6421
v  -0.1105 -1.8185 -0.6324
v  -0.2300 -1.8185 -0.5994
v  -0.3455 -1.8185 -0.5412
v  -0.4490 -1.8185 -0.4589
v  -0.5335 -1.8185 -0.3571
v  -0.5945 -1.8185 -0.2426
v  -0.6302 -1.8185 -0.1231
v  -0.2734 -3.5735 -0.1146
v  -0.2715 -3.5842 -0.1313
v  -0.2533 -3.5858 -0.1534
v  -0.2339 -3.5876 -0.1755
v  -0.2107 -3.5889 -0.1944
v  -0.1877 -3.5905 -0.2132
v  -0.1620 -3.5915 -0.2278
v  -0.1354 -3.5927 -0.2413
v  -0.1086 -3.5934 -0.2517
v  -0.0820 -3.5942 -0.2604
v  -0.0540 -3.5946 -0.2659
v  -0.0263 -3.5948 -0.2686
v  0.0012 -3.5950 -0.2708
v  0.0285 -3.5947 -0.2683
v  0.0560 -3.5946 -0.2656
v  0.0835 -3.5941 -0.2600
v  0.1101 -3.5935 -0.2516
v  0.1365 -3.5927 -0.2414
v  0.1612 -3.5915 -0.2278
v  0.1870 -3.5906 -0.2135
v  0.2108 -3.5892 -0.1958
v  0.2330 -3.5877 -0.1763
v  0.2524 -3.5859 -0.1547
v  0.2707 -3.5842 -0.1323
v  0.2811 -3.5832 -0.1185
v  0.5759 -3.6529 -0.2901
v  0.5488 -3.6555 -0.3271
v  0.5136 -3.6591 -0.3726
v  0.4726 -3.6624 -0.4157
v  0.4280 -3.6656 -0.4557
v  0.3822 -3.6689 -0.4931
v  0.3322 -3.6710 -0.5227
v  0.2788 -3.6730 -0.5488
v  0.2252 -3.6750 -0.5712
v  0.1707 -3.6764 -0.5889
v  0.1152 -3.6772 -0.5999
v  0.0582 -3.6776 -0.6067
v  0.0004 -3.6777 -0.6090
v  -0.0544 -3.6778 -0.6070
v  -0.1117 -3.6769 -0.5993
v  -0.1686 -3.6759 -0.5871
v  -0.2232 -3.6750 -0.5718
v  -0.2773 -3.6732 -0.5503
v  -0.3285 -3.6711 -0.5240
v  -0.3796 -3.6684 -0.4918
v  -0.4283 -3.6661 -0.4576
v  -0.4725 -3.6626 -0.4170
v  -0.5126 -3.6592 -0.3739
v  -0.5477 -3.6551 -0.3265
v  -0.5820 -3.6434 -0.2828
v  -0.2883 -3.3298 -0.1100
v  -0.2623 -3.3298 -0.1248
v  -0.2449 -3.3298 -0.1463
v  -0.2261 -3.3298 -0.1677
v  -0.2036 -3.3298 -0.1859
v  -0.1813 -3.3298 -0.2040
v  -0.1560 -3.3298 -0.2181
v  -0.1307 -3.3298 -0.2312
v  -0.1049 -3.3298 -0.2412
v  -0.0783 -3.3298 -0.2488
v  -0.0522 -3.3298 -0.2550
v  -0.0253 -3.3298 -0.2574
v  0.0012 -3.3298 -0.2597
v  0.0275 -3.3298 -0.2572
v  0.0541 -3.3298 -0.2548
v  0.0797 -3.3298 -0.2485
v  0.1056 -3.3298 -0.2410
v  0.1311 -3.3298 -0.2311
v  0.1557 -3.3298 -0.2183
v  0.1808 -3.3298 -0.2045
v  0.2028 -3.3298 -0.1866
v  0.2251 -3.3298 -0.1684
v  0.2439 -3.3298 -0.1475
v  0.2615 -3.3298 -0.1258
v  0.2715 -3.3298 -0.1134
v  0.5852 -3.3298 -0.2815
v  0.5615 -3.3298 -0.3363
v  0.5246 -3.3298 -0.3834
v  0.4835 -3.3298 -0.4273
v  0.4384 -3.3298 -0.4677
v  0.3899 -3.3298 -0.5040
v  0.3387 -3.3298 -0.5358
v  0.2854 -3.3298 -0.5630
v  0.2305 -3.3298 -0.5854
v  0.1744 -3.3298 -0.6031
v  0.1172 -3.3298 -0.6149
v  0.0593 -3.3298 -0.6221
v  0.0013 -3.3298 -0.6246
v  -0.0568 -3.3298 -0.6224
v  -0.1147 -3.3298 -0.6156
v  -0.1720 -3.3298 -0.6035
v  -0.2282 -3.3298 -0.5861
v  -0.2835 -3.3298 -0.5638
v  -0.3368 -3.3298 -0.5369
v  -0.3887 -3.3298 -0.5049
v  -0.4374 -3.3298 -0.4685
v  -0.4829 -3.3298 -0.4278
v  -0.5242 -3.3298 -0.3837
v  -0.5614 -3.3298 -0.3362
v  -0.5885 -3.3298 -0.2967
v  -0.2866 -3.5737 -0.1115
v  -0.2809 -3.5833 -0.1192
v  -0.2649 -3.5746 -0.1261
v  -0.2491 -3.5765 -0.1469
v  -0.2286 -3.5771 -0.1682
v  -0.2072 -3.5792 -0.1876
v  -0.1831 -3.5802 -0.2054
v  -0.1583 -3.5823 -0.2209
v  -0.1323 -3.5830 -0.2339
v  -0.1059 -3.5836 -0.2436
v  -0.0795 -3.5842 -0.2520
v  -0.0533 -3.5847 -0.2574
v  -0.0259 -3.5841 -0.2607
v  0.0016 -3.5853 -0.2617
v  0.0281 -3.5846 -0.2605
v  0.0547 -3.5836 -0.2572
v  0.0809 -3.5832 -0.2518
v  0.1067 -3.5829 -0.2428
v  0.1330 -3.5827 -0.2336
v  0.1580 -3.5810 -0.2213
v  0.1831 -3.5800 -0.2055
v  0.2057 -3.5788 -0.1888
v  0.2268 -3.5777 -0.1700
v  0.2470 -3.5769 -0.1492
v  0.2643 -3.5736 -0.1273
v  0.2873 -3.5721 -0.1119
v  0.2731 -3.5730 -0.1151
v  0.5860 -3.6428 -0.2953
v  0.5823 -3.6435 -0.2830
v  0.5593 -3.6458 -0.3340
v  0.5232 -3.6487 -0.3813
v  0.4819 -3.6536 -0.4257
v  0.4369 -3.6572 -0.4649
v  0.3875 -3.6593 -0.5028
v  0.3380 -3.6620 -0.5337
v  0.2846 -3.6638 -0.5600
v  0.2296 -3.6660 -0.5816
v  0.1736 -3.6680 -0.5998
v  0.1169 -3.6695 -0.6110
v  0.0591 -3.6697 -0.6186
v  0.0013 -3.6702 -0.6222
v  -0.0569 -3.6674 -0.6195
v  -0.1144 -3.6686 -0.6119
v  -0.1736 -3.6679 -0.6000
v  -0.2273 -3.6650 -0.5838
v  -0.2825 -3.6651 -0.5609
v  -0.3364 -3.6612 -0.5345
v  -0.3862 -3.6611 -0.5021
v  -0.4372 -3.6570 -0.4653
v  -0.4818 -3.6523 -0.4249
v  -0.5215 -3.6511 -0.3817
v  -0.5591 -3.6469 -0.3341
v  -0.5854 -3.6432 -0.2965
v  -0.5754 -3.6526 -0.2890
v  -0.2715 -3.3298 -0.1135
v  0.2886 -3.3298 -0.1102
v  0.5885 -3.3298 -0.2967
v  -0.5852 -3.3298 -0.2815
v  -0.2798 -3.5740 -0.1105
v  -0.2841 -3.5813 -0.1146
v  -0.2760 -3.5801 -0.1156
v  -0.2669 -3.5809 -0.1277
v  -0.2499 -3.5823 -0.1490
v  -0.2299 -3.5840 -0.1705
v  -0.2079 -3.5855 -0.1897
v  -0.1842 -3.5872 -0.2076
v  -0.1595 -3.5882 -0.2232
v  -0.1331 -3.5894 -0.2359
v  -0.1067 -3.5899 -0.2459
v  -0.0802 -3.5907 -0.2543
v  -0.0534 -3.5913 -0.2596
v  -0.0259 -3.5911 -0.2626
v  0.0014 -3.5916 -0.2644
v  0.0282 -3.5911 -0.2625
v  0.0550 -3.5908 -0.2590
v  0.0816 -3.5904 -0.2538
v  0.1078 -3.5898 -0.2455
v  0.1339 -3.5895 -0.2355
v  0.1588 -3.5876 -0.2231
v  0.1839 -3.5871 -0.2077
v  0.2069 -3.5858 -0.1906
v  0.2287 -3.5843 -0.1720
v  0.2484 -3.5826 -0.1508
v  0.2659 -3.5806 -0.1286
v  0.2850 -3.5793 -0.1129
v  0.2797 -3.5731 -0.1105
v  0.2756 -3.5796 -0.1154
v  0.5834 -3.6503 -0.2931
v  0.5866 -3.6426 -0.2893
v  0.5805 -3.6499 -0.2851
v  0.5561 -3.6538 -0.3319
v  0.5201 -3.6568 -0.3783
v  0.4790 -3.6612 -0.4224
v  0.4338 -3.6641 -0.4618
v  0.3857 -3.6660 -0.4991
v  0.3362 -3.6694 -0.5301
v  0.2826 -3.6713 -0.5564
v  0.2281 -3.6730 -0.5782
v  0.1725 -3.6750 -0.5955
v  0.1164 -3.6755 -0.6072
v  0.0588 -3.6762 -0.6144
v  0.0008 -3.6768 -0.6177
v  -0.0558 -3.6757 -0.6153
v  -0.1134 -3.6758 -0.6075
v  -0.1713 -3.6752 -0.5955
v  -0.2259 -3.6725 -0.5796
v  -0.2802 -3.6718 -0.5569
v  -0.3337 -3.6694 -0.5314
v  -0.3843 -3.6669 -0.4990
v  -0.4338 -3.6637 -0.4626
v  -0.4791 -3.6610 -0.4228
v  -0.5185 -3.6576 -0.3790
v  -0.5554 -3.6543 -0.3316
v  -0.5867 -3.6430 -0.2896
v  -0.5826 -3.6509 -0.2937
v  -0.5781 -3.6505 -0.2848
v  -0.2796 -3.3298 -0.1099
v  0.2793 -3.3298 -0.1076
v  0.5904 -3.3298 -0.2883
v  -0.5904 -3.3298 -0.2883
v  -0.2780 -3.5787 -0.1127
v  0.2799 -3.5794 -0.1125
v  0.5836 -3.6500 -0.2891
v  -0.5840 -3.6488 -0.2875
v  -0.2754 -3.5849 -0.1344
v  -0.2821 -3.5843 -0.1257
v  -0.5681 -3.6516 -0.2907
v  -0.5438 -3.6538 -0.3237
v  -0.5089 -3.6579 -0.3708
v  -0.4690 -3.6613 -0.4136
v  -0.4253 -3.6647 -0.4539
v  -0.3769 -3.6670 -0.4878
v  -0.3260 -3.6697 -0.5199
v  -0.2749 -3.6718 -0.5459
v  -0.2217 -3.6735 -0.5672
v  -0.1675 -3.6745 -0.5824
v  -0.1108 -3.6755 -0.5946
v  -0.0540 -3.6762 -0.6023
v  0.0004 -3.6763 -0.6042
v  0.0578 -3.6762 -0.6019
v  0.1145 -3.6759 -0.5952
v  0.1694 -3.6751 -0.5843
v  0.2235 -3.6735 -0.5668
v  0.2768 -3.6716 -0.5444
v  0.3298 -3.6697 -0.5185
v  0.3790 -3.6674 -0.4885
v  0.4248 -3.6642 -0.4520
v  0.4692 -3.6610 -0.4123
v  0.5099 -3.6578 -0.3695
v  0.5449 -3.6542 -0.3243
v  0.5687 -3.6519 -0.2917
v  0.2824 -3.5843 -0.1250
v  0.2746 -3.5849 -0.1353
v  0.2562 -3.5867 -0.1579
v  0.2365 -3.5884 -0.1798
v  0.2139 -3.5900 -0.1997
v  0.1897 -3.5914 -0.2177
v  0.1636 -3.5924 -0.2321
v  0.1386 -3.5936 -0.2459
v  0.1118 -3.5943 -0.2563
v  0.0847 -3.5951 -0.2648
v  0.0567 -3.5955 -0.2705
v  0.0290 -3.5956 -0.2732
v  0.0012 -3.5959 -0.2758
v  -0.0267 -3.5956 -0.2735
v  -0.0548 -3.5955 -0.2707
v  -0.0832 -3.5951 -0.2651
v  -0.1103 -3.5943 -0.2563
v  -0.1374 -3.5935 -0.2458
v  -0.1643 -3.5924 -0.2321
v  -0.1905 -3.5914 -0.2173
v  -0.2138 -3.5897 -0.1982
v  -0.2374 -3.5884 -0.1791
v  -0.2571 -3.5865 -0.1566
v  -0.2734 -3.5685 -0.1146
v  -0.2646 -3.5696 -0.1263
v  -0.2490 -3.5715 -0.1471
v  -0.2284 -3.5721 -0.1683
v  -0.2070 -3.5742 -0.1877
v  -0.1828 -3.5752 -0.2055
v  -0.1580 -3.5773 -0.2208
v  -0.1322 -3.5780 -0.2338
v  -0.1058 -3.5786 -0.2435
v  -0.0793 -3.5792 -0.2519
v  -0.0533 -3.5797 -0.2572
v  -0.0258 -3.5791 -0.2606
v  0.0016 -3.5803 -0.2616
v  0.0279 -3.5796 -0.2604
v  0.0546 -3.5786 -0.2572
v  0.0808 -3.5782 -0.2518
v  0.1066 -3.5779 -0.2428
v  0.1328 -3.5777 -0.2336
v  0.1577 -3.5760 -0.2213
v  0.1829 -3.5750 -0.2056
v  0.2055 -3.5738 -0.1889
v  0.2266 -3.5727 -0.1701
v  0.2465 -3.5719 -0.1493
v  0.2640 -3.5686 -0.1276
v  0.2730 -3.5680 -0.1151
v  0.2794 -3.5681 -0.1104
v  0.2874 -3.5671 -0.1119
v  0.5826 -3.6384 -0.2831
v  0.5867 -3.6376 -0.2891
v  0.5860 -3.6378 -0.2955
v  0.5592 -3.6409 -0.3343
v  0.5230 -3.6437 -0.3815
v  0.4817 -3.6486 -0.4260
v  0.4373 -3.6522 -0.4657
v  0.3873 -3.6543 -0.5029
v  0.3378 -3.6570 -0.5338
v  0.2845 -3.6588 -0.5601
v  0.2299 -3.6610 -0.5829
v  0.1735 -3.6630 -0.6001
v  0.1170 -3.6645 -0.6121
v  0.0591 -3.6647 -0.6195
v  0.0013 -3.6652 -0.6219
v  -0.0568 -3.6624 -0.6196
v  -0.1145 -3.6636 -0.6124
v  -0.1734 -3.6629 -0.5999
v  -0.2272 -3.6600 -0.5839
v  -0.2827 -3.6601 -0.5617
v  -0.3362 -3.6562 -0.5346
v  -0.3868 -3.6561 -0.5032
v  -0.4370 -3.6520 -0.4656
v  -0.4817 -3.6473 -0.4251
v  -0.5216 -3.6461 -0.3821
v  -0.5590 -3.6419 -0.3345
v  -0.5853 -3.6382 -0.2967
v  -0.5867 -3.6380 -0.2896
v  -0.5825 -3.6383 -0.2831
v  -0.2869 -3.5687 -0.1116
v  -0.2798 -3.5690 -0.1104
v  -0.2624 -3.3348 -0.1249
v  -0.2716 -3.3348 -0.1135
v  -0.2796 -3.3348 -0.1099
v  -0.2883 -3.3348 -0.1101
v  -0.5852 -3.3348 -0.2815
v  -0.5903 -3.3348 -0.2883
v  -0.5885 -3.3348 -0.2967
v  -0.5614 -3.3348 -0.3362
v  -0.5241 -3.3348 -0.3837
v  -0.4829 -3.3348 -0.4278
v  -0.4374 -3.3348 -0.4685
v  -0.3887 -3.3348 -0.5049
v  -0.3368 -3.3348 -0.5369
v  -0.2835 -3.3348 -0.5638
v  -0.2282 -3.3348 -0.5860
v  -0.1720 -3.3348 -0.6035
v  -0.1147 -3.3348 -0.6155
v  -0.0568 -3.3348 -0.6224
v  0.0013 -3.3348 -0.6245
v  0.0593 -3.3348 -0.6220
v  0.1171 -3.3348 -0.6149
v  0.1744 -3.3348 -0.6030
v  0.2305 -3.3348 -0.5853
v  0.2854 -3.3348 -0.5629
v  0.3387 -3.3348 -0.5358
v  0.3899 -3.3348 -0.5040
v  0.4384 -3.3348 -0.4677
v  0.4839 -3.3348 -0.4276
v  0.5248 -3.3348 -0.3835
v  0.5618 -3.3348 -0.3365
v  0.5884 -3.3348 -0.2967
v  0.5904 -3.3348 -0.2883
v  0.5852 -3.3348 -0.2815
v  0.2886 -3.3348 -0.1103
v  0.2793 -3.3348 -0.1077
v  0.2715 -3.3348 -0.1134
v  0.2615 -3.3348 -0.1258
v  0.2439 -3.3348 -0.1476
v  0.2252 -3.3348 -0.1685
v  0.2029 -3.3348 -0.1866
v  0.1809 -3.3348 -0.2046
v  0.1558 -3.3348 -0.2183
v  0.1312 -3.3348 -0.2311
v  0.1056 -3.3348 -0.2410
v  0.0797 -3.3348 -0.2485
v  0.0541 -3.3348 -0.2548
v  0.0275 -3.3348 -0.2573
v  0.0012 -3.3348 -0.2597
v  -0.0253 -3.3348 -0.2575
v  -0.0522 -3.3348 -0.2551
v  -0.0783 -3.3348 -0.2489
v  -0.1049 -3.3348 -0.2413
v  -0.1307 -3.3348 -0.2313
v  -0.1560 -3.3348 -0.2182
v  -0.1813 -3.3348 -0.2041
v  -0.2037 -3.3348 -0.1860
v  -0.2262 -3.3348 -0.1677
v  -0.2449 -3.3348 -0.1463
v  0.3853 -3.5958 -0.1695
v  0.4836 -3.6196 -0.2267
v  0.4863 -3.3298 -0.2244
v  0.3875 -3.3298 -0.1673
v  -0.4831 -3.6199 -0.2266
v  -0.3846 -3.5967 -0.1695
v  -0.3873 -3.3298 -0.1672
v  -0.4862 -3.3298 -0.2243
v  -0.4550 -3.6255 -0.2615
v  -0.3656 -3.6025 -0.1984
v  -0.4256 -3.6288 -0.3004
v  -0.3417 -3.6049 -0.2290
v  -0.3924 -3.6317 -0.3365
v  -0.3152 -3.6073 -0.2583
v  -0.3553 -3.6343 -0.3698
v  -0.2849 -3.6092 -0.2846
v  -0.3152 -3.6364 -0.3988
v  -0.2531 -3.6111 -0.3087
v  -0.2726 -3.6385 -0.4252
v  -0.2187 -3.6127 -0.3293
v  -0.2295 -3.6403 -0.4472
v  -0.1836 -3.6141 -0.3471
v  -0.1849 -3.6417 -0.4649
v  -0.1477 -3.6152 -0.3613
v  -0.1396 -3.6427 -0.4779
v  -0.1115 -3.6161 -0.3722
v  -0.0923 -3.6434 -0.4880
v  -0.0736 -3.6167 -0.3800
v  -0.0450 -3.6439 -0.4940
v  -0.0359 -3.6170 -0.3845
v  0.0007 -3.6441 -0.4960
v  0.0009 -3.6172 -0.3866
v  0.0483 -3.6438 -0.4936
v  0.0387 -3.6169 -0.3841
v  0.0954 -3.6436 -0.4883
v  0.0761 -3.6167 -0.3800
v  0.1414 -3.6430 -0.4791
v  0.1132 -3.6163 -0.3726
v  0.1865 -3.6417 -0.4646
v  0.1493 -3.6152 -0.3611
v  0.2311 -3.6402 -0.4462
v  0.1850 -3.6141 -0.3467
v  0.2749 -3.6385 -0.4242
v  0.2195 -3.6126 -0.3288
v  0.3551 -3.6341 -0.3690
v  0.2848 -3.6093 -0.2849
v  0.4555 -3.6257 -0.2622
v  0.3654 -3.6026 -0.1992
v  0.4779 -3.6241 -0.2347
v  0.3796 -3.6010 -0.1776
v  -0.3794 -3.6009 -0.1773
v  -0.4776 -3.6239 -0.2340
v  0.3826 -3.6008 -0.1727
v  0.4811 -3.6242 -0.2301
v  -0.4793 -3.6246 -0.2306
v  -0.3813 -3.6015 -0.1739
v  0.3923 -3.6315 -0.3359
v  0.3147 -3.6072 -0.2584
v  0.4260 -3.6287 -0.3000
v  0.3414 -3.6049 -0.2294
v  0.3164 -3.6367 -0.3994
v  0.2533 -3.6112 -0.3091
v  -0.3783 -3.6013 -0.1815
v  -0.4736 -3.6238 -0.2365
v  0.4741 -3.6239 -0.2370
v  0.3786 -3.6013 -0.1814
v  0.3858 -3.5909 -0.1690
v  0.4842 -3.6146 -0.2261
v  -0.4840 -3.6151 -0.2259
v  -0.3854 -3.5919 -0.1688
v  -0.3872 -3.3348 -0.1672
v  -0.4862 -3.3348 -0.2244
v  0.4863 -3.3348 -0.2244
v  0.3875 -3.3348 -0.1673
v  -0.2927 -3.6822 -0.0818
v  -0.3098 -3.6889 -0.0640
v  -0.3174 -3.6872 -0.0427
v  -0.3266 -3.6852 -0.0150
v  -0.3332 -3.6830 0.0139
v  -0.3362 -3.6807 0.0434
v  -0.3361 -3.6784 0.0731
v  -0.3343 -3.6762 0.1024
v  -0.3302 -3.6740 0.1313
v  -0.3241 -3.6719 0.1588
v  -0.3155 -3.6699 0.1855
v  -0.3041 -3.6679 0.2112
v  -0.2909 -3.6660 0.2355
v  -0.2759 -3.6643 0.2585
v  -0.2594 -3.6626 0.2811
v  -0.2415 -3.6611 0.3023
v  -0.2207 -3.6596 0.3213
v  -0.1982 -3.6582 0.3389
v  -0.1742 -3.6570 0.3550
v  -0.1488 -3.6559 0.3689
v  -0.1220 -3.6551 0.3806
v  -0.0933 -3.6543 0.3899
v  -0.0637 -3.6538 0.3963
v  -0.0331 -3.6534 0.4006
v  -0.0178 -3.6531 0.4018
v  -0.0198 -3.6827 0.7438
v  -0.0664 -3.6827 0.7384
v  -0.1243 -3.6832 0.7296
v  -0.1820 -3.6843 0.7171
v  -0.2384 -3.6859 0.6998
v  -0.2929 -3.6877 0.6770
v  -0.3446 -3.6898 0.6491
v  -0.3935 -3.6922 0.6165
v  -0.4395 -3.6949 0.5805
v  -0.4814 -3.6979 0.5418
v  -0.5196 -3.7011 0.4992
v  -0.5538 -3.7046 0.4533
v  -0.5843 -3.7083 0.4058
v  -0.6107 -3.7121 0.3552
v  -0.6327 -3.7161 0.3020
v  -0.6508 -3.7204 0.2477
v  -0.6643 -3.7249 0.1921
v  -0.6727 -3.7294 0.1348
v  -0.6756 -3.7338 0.0770
v  -0.6737 -3.7384 0.0170
v  -0.6667 -3.7430 -0.0427
v  -0.6550 -3.7478 -0.1008
v  -0.6365 -3.7517 -0.1568
v  -0.6173 -3.7556 -0.2055
v  -0.5920 -3.7531 -0.2630
v  -0.2980 -3.4404 -0.0972
v  -0.2991 -3.4404 -0.0610
v  -0.3077 -3.4404 -0.0392
v  -0.3157 -3.4404 -0.0121
v  -0.3209 -3.4404 0.0160
v  -0.3242 -3.4404 0.0446
v  -0.3252 -3.4404 0.0736
v  -0.3228 -3.4404 0.1016
v  -0.3185 -3.4404 0.1293
v  -0.3126 -3.4404 0.1558
v  -0.3035 -3.4404 0.1816
v  -0.2929 -3.4404 0.2060
v  -0.2808 -3.4404 0.2298
v  -0.2662 -3.4404 0.2519
v  -0.2500 -3.4404 0.2730
v  -0.2325 -3.4404 0.2931
v  -0.2128 -3.4404 0.3111
v  -0.1911 -3.4404 0.3282
v  -0.1681 -3.4404 0.3441
v  -0.1434 -3.4404 0.3572
v  -0.1174 -3.4404 0.3684
v  -0.0908 -3.4404 0.3778
v  -0.0634 -3.4404 0.3844
v  -0.0356 -3.4404 0.3885
v  -0.0171 -3.4404 0.3906
v  -0.0081 -3.4404 0.7472
v  -0.0678 -3.4404 0.7529
v  -0.1272 -3.4405 0.7448
v  -0.1859 -3.4405 0.7313
v  -0.2431 -3.4404 0.7124
v  -0.2985 -3.4404 0.6888
v  -0.3514 -3.4404 0.6608
v  -0.4016 -3.4404 0.6280
v  -0.4485 -3.4404 0.5914
v  -0.4915 -3.4404 0.5515
v  -0.5307 -3.4404 0.5082
v  -0.5660 -3.4404 0.4616
v  -0.5974 -3.4404 0.4127
v  -0.6245 -3.4404 0.3613
v  -0.6474 -3.4404 0.3076
v  -0.6656 -3.4404 0.2520
v  -0.6786 -3.4404 0.1949
v  -0.6875 -3.4404 0.1358
v  -0.6910 -3.4404 0.0763
v  -0.6893 -3.4404 0.0154
v  -0.6821 -3.4404 -0.0452
v  -0.6697 -3.4404 -0.1045
v  -0.6522 -3.4404 -0.1625
v  -0.6344 -3.4404 -0.2158
v  -0.6078 -3.4404 -0.2634
v  -0.2978 -3.6821 -0.0945
v  -0.3016 -3.6906 -0.0862
v  -0.3016 -3.6801 -0.0612
v  -0.3094 -3.6782 -0.0410
v  -0.3174 -3.6760 -0.0144
v  -0.3233 -3.6730 0.0145
v  -0.3265 -3.6717 0.0437
v  -0.3275 -3.6703 0.0729
v  -0.3251 -3.6682 0.1013
v  -0.3206 -3.6655 0.1295
v  -0.3146 -3.6632 0.1561
v  -0.3056 -3.6614 0.1819
v  -0.2949 -3.6597 0.2066
v  -0.2826 -3.6576 0.2308
v  -0.2678 -3.6553 0.2533
v  -0.2515 -3.6536 0.2746
v  -0.2336 -3.6521 0.2948
v  -0.2137 -3.6503 0.3130
v  -0.1918 -3.6488 0.3305
v  -0.1682 -3.6474 0.3459
v  -0.1434 -3.6462 0.3592
v  -0.1175 -3.6454 0.3706
v  -0.0900 -3.6451 0.3799
v  -0.0617 -3.6449 0.3867
v  -0.0318 -3.6444 0.3909
v  -0.0098 -3.6427 0.4027
v  -0.0191 -3.6441 0.3923
v  -0.0192 -3.6731 0.7543
v  -0.0103 -3.6741 0.7459
v  -0.0670 -3.6742 0.7504
v  -0.1266 -3.6749 0.7424
v  -0.1855 -3.6757 0.7290
v  -0.2429 -3.6768 0.7101
v  -0.2980 -3.6785 0.6864
v  -0.3504 -3.6808 0.6583
v  -0.4001 -3.6835 0.6257
v  -0.4466 -3.6865 0.5895
v  -0.4890 -3.6900 0.5496
v  -0.5279 -3.6932 0.5061
v  -0.5632 -3.6968 0.4597
v  -0.5950 -3.6993 0.4111
v  -0.6218 -3.7034 0.3598
v  -0.6451 -3.7084 0.3054
v  -0.6629 -3.7116 0.2506
v  -0.6757 -3.7153 0.1944
v  -0.6846 -3.7194 0.1352
v  -0.6880 -3.7245 0.0755
v  -0.6861 -3.7298 0.0148
v  -0.6788 -3.7343 -0.0455
v  -0.6663 -3.7393 -0.1040
v  -0.6490 -3.7435 -0.1617
v  -0.6288 -3.7481 -0.2124
v  -0.6057 -3.7537 -0.2599
v  -0.5955 -3.7597 -0.2538
v  -0.2901 -3.4404 -0.0818
v  -0.0080 -3.4404 0.4049
v  -0.0204 -3.4404 0.7563
v  -0.5937 -3.4404 -0.2679
v  -0.2930 -3.6826 -0.0896
v  -0.2995 -3.6889 -0.0907
v  -0.2959 -3.6884 -0.0838
v  -0.3049 -3.6870 -0.0633
v  -0.3118 -3.6840 -0.0413
v  -0.3203 -3.6823 -0.0143
v  -0.3260 -3.6803 0.0146
v  -0.3297 -3.6783 0.0437
v  -0.3308 -3.6759 0.0730
v  -0.3286 -3.6739 0.1017
v  -0.3240 -3.6716 0.1302
v  -0.3178 -3.6694 0.1570
v  -0.3093 -3.6678 0.1832
v  -0.2985 -3.6659 0.2084
v  -0.2857 -3.6637 0.2326
v  -0.2705 -3.6618 0.2551
v  -0.2542 -3.6603 0.2769
v  -0.2364 -3.6588 0.2975
v  -0.2160 -3.6574 0.3159
v  -0.1939 -3.6559 0.3332
v  -0.1703 -3.6544 0.3489
v  -0.1452 -3.6535 0.3623
v  -0.1189 -3.6527 0.3737
v  -0.0911 -3.6519 0.3834
v  -0.0624 -3.6514 0.3901
v  -0.0323 -3.6510 0.3943
v  -0.0113 -3.6487 0.4022
v  -0.0126 -3.6435 0.3953
v  -0.0193 -3.6506 0.3954
v  -0.0187 -3.6799 0.7511
v  -0.0140 -3.6731 0.7523
v  -0.0134 -3.6801 0.7453
v  -0.0668 -3.6812 0.7463
v  -0.1257 -3.6821 0.7380
v  -0.1842 -3.6827 0.7250
v  -0.2412 -3.6835 0.7066
v  -0.2961 -3.6851 0.6832
v  -0.3483 -3.6874 0.6552
v  -0.3977 -3.6903 0.6225
v  -0.4439 -3.6935 0.5861
v  -0.4863 -3.6963 0.5468
v  -0.5250 -3.6994 0.5037
v  -0.5599 -3.7031 0.4575
v  -0.5912 -3.7064 0.4093
v  -0.6179 -3.7105 0.3582
v  -0.6405 -3.7152 0.3044
v  -0.6589 -3.7187 0.2497
v  -0.6720 -3.7225 0.1936
v  -0.6809 -3.7272 0.1352
v  -0.6841 -3.7322 0.0762
v  -0.6821 -3.7370 0.0158
v  -0.6748 -3.7416 -0.0444
v  -0.6625 -3.7460 -0.1029
v  -0.6447 -3.7505 -0.1600
v  -0.6250 -3.7544 -0.2110
v  -0.6013 -3.7534 -0.2641
v  -0.6024 -3.7585 -0.2578
v  -0.5930 -3.7586 -0.2578
v  -0.2905 -3.4404 -0.0914
v  -0.0092 -3.4404 0.3959
v  -0.0123 -3.4404 0.7547
v  -0.6017 -3.4404 -0.2687
v  -0.2944 -3.6870 -0.0869
v  -0.0138 -3.6499 0.3977
v  -0.0154 -3.6799 0.7496
v  -0.5984 -3.7577 -0.2617
v  -0.3150 -3.6893 -0.0637
v  -0.3077 -3.6911 -0.0842
v  -0.5938 -3.7585 -0.2494
v  -0.6139 -3.7542 -0.2013
v  -0.6319 -3.7505 -0.1551
v  -0.6504 -3.7465 -0.0995
v  -0.6620 -3.7419 -0.0418
v  -0.6690 -3.7374 0.0175
v  -0.6708 -3.7328 0.0771
v  -0.6680 -3.7284 0.1344
v  -0.6596 -3.7239 0.1912
v  -0.6462 -3.7195 0.2464
v  -0.6281 -3.7152 0.3003
v  -0.6063 -3.7112 0.3533
v  -0.5801 -3.7074 0.4035
v  -0.5498 -3.7037 0.4505
v  -0.5158 -3.7003 0.4961
v  -0.4779 -3.6972 0.5384
v  -0.4364 -3.6942 0.5769
v  -0.3907 -3.6914 0.6125
v  -0.3420 -3.6890 0.6446
v  -0.2906 -3.6869 0.6720
v  -0.2365 -3.6851 0.6947
v  -0.1806 -3.6836 0.7122
v  -0.1234 -3.6826 0.7249
v  -0.0659 -3.6820 0.7337
v  -0.0246 -3.6821 0.7385
v  -0.0209 -3.6535 0.4068
v  -0.0337 -3.6536 0.4053
v  -0.0646 -3.6539 0.4010
v  -0.0946 -3.6545 0.3946
v  -0.1238 -3.6552 0.3852
v  -0.1510 -3.6562 0.3733
v  -0.1767 -3.6572 0.3592
v  -0.2011 -3.6584 0.3429
v  -0.2238 -3.6598 0.3250
v  -0.2448 -3.6613 0.3055
v  -0.2631 -3.6629 0.2841
v  -0.2798 -3.6645 0.2613
v  -0.2949 -3.6663 0.2378
v  -0.3083 -3.6683 0.2132
v  -0.3200 -3.6703 0.1871
v  -0.3287 -3.6723 0.1600
v  -0.3349 -3.6744 0.1321
v  -0.3390 -3.6766 0.1028
v  -0.3409 -3.6789 0.0732
v  -0.3410 -3.6813 0.0430
v  -0.3380 -3.6836 0.0130
v  -0.3312 -3.6857 -0.0163
v  -0.3219 -3.6878 -0.0442
v  -0.2925 -3.6771 -0.0818
v  -0.3014 -3.6752 -0.0617
v  -0.3092 -3.6733 -0.0406
v  -0.3171 -3.6710 -0.0141
v  -0.3232 -3.6680 0.0147
v  -0.3261 -3.6666 0.0439
v  -0.3271 -3.6652 0.0732
v  -0.3252 -3.6630 0.1015
v  -0.3208 -3.6604 0.1296
v  -0.3143 -3.6581 0.1561
v  -0.3056 -3.6561 0.1819
v  -0.2949 -3.6545 0.2065
v  -0.2822 -3.6525 0.2305
v  -0.2678 -3.6501 0.2531
v  -0.2515 -3.6483 0.2744
v  -0.2335 -3.6469 0.2944
v  -0.2135 -3.6450 0.3126
v  -0.1920 -3.6435 0.3305
v  -0.1683 -3.6421 0.3456
v  -0.1435 -3.6409 0.3591
v  -0.1177 -3.6402 0.3705
v  -0.0902 -3.6399 0.3796
v  -0.0620 -3.6397 0.3866
v  -0.0322 -3.6393 0.3906
v  -0.0188 -3.6396 0.3922
v  -0.0123 -3.6383 0.3955
v  -0.0097 -3.6388 0.4026
v  -0.0102 -3.6690 0.7463
v  -0.0138 -3.6682 0.7522
v  -0.0194 -3.6683 0.7544
v  -0.0682 -3.6659 0.7506
v  -0.1273 -3.6668 0.7422
v  -0.1859 -3.6686 0.7290
v  -0.2430 -3.6706 0.7105
v  -0.2982 -3.6722 0.6869
v  -0.3506 -3.6741 0.6588
v  -0.4002 -3.6764 0.6262
v  -0.4465 -3.6790 0.5901
v  -0.4894 -3.6826 0.5504
v  -0.5288 -3.6851 0.5070
v  -0.5642 -3.6877 0.4602
v  -0.5954 -3.6908 0.4113
v  -0.6226 -3.6943 0.3601
v  -0.6453 -3.6988 0.3060
v  -0.6631 -3.7029 0.2513
v  -0.6758 -3.7070 0.1951
v  -0.6845 -3.7103 0.1350
v  -0.6880 -3.7148 0.0745
v  -0.6865 -3.7202 0.0145
v  -0.6796 -3.7253 -0.0452
v  -0.6678 -3.7315 -0.1042
v  -0.6490 -3.7356 -0.1614
v  -0.6295 -3.7430 -0.2123
v  -0.6064 -3.7488 -0.2602
v  -0.6014 -3.7486 -0.2647
v  -0.5924 -3.7482 -0.2641
v  -0.2979 -3.6772 -0.0948
v  -0.2927 -3.6775 -0.0897
v  -0.2991 -3.4454 -0.0610
v  -0.2901 -3.4454 -0.0818
v  -0.2906 -3.4454 -0.0914
v  -0.2980 -3.4454 -0.0971
v  -0.5937 -3.4454 -0.2679
v  -0.6017 -3.4454 -0.2687
v  -0.6077 -3.4454 -0.2633
v  -0.6344 -3.4454 -0.2157
v  -0.6522 -3.4454 -0.1625
v  -0.6697 -3.4454 -0.1045
v  -0.6820 -3.4454 -0.0452
v  -0.6893 -3.4454 0.0154
v  -0.6909 -3.4454 0.0763
v  -0.6874 -3.4454 0.1358
v  -0.6786 -3.4454 0.1948
v  -0.6655 -3.4454 0.2520
v  -0.6474 -3.4454 0.3076
v  -0.6245 -3.4454 0.3613
v  -0.5973 -3.4454 0.4127
v  -0.5660 -3.4454 0.4616
v  -0.5306 -3.4454 0.5082
v  -0.4914 -3.4454 0.5514
v  -0.4484 -3.4454 0.5913
v  -0.4016 -3.4454 0.6280
v  -0.3514 -3.4454 0.6607
v  -0.2985 -3.4454 0.6888
v  -0.2430 -3.4454 0.7124
v  -0.1859 -3.4454 0.7312
v  -0.1272 -3.4455 0.7448
v  -0.0678 -3.4454 0.7528
v  -0.0204 -3.4454 0.7563
v  -0.0123 -3.4454 0.7547
v  -0.0081 -3.4454 0.7472
v  -0.0080 -3.4454 0.4049
v  -0.0092 -3.4454 0.3959
v  -0.0171 -3.4454 0.3906
v  -0.0356 -3.4454 0.3885
v  -0.0634 -3.4454 0.3845
v  -0.0909 -3.4454 0.3779
v  -0.1174 -3.4454 0.3685
v  -0.1434 -3.4454 0.3572
v  -0.1681 -3.4454 0.3441
v  -0.1911 -3.4454 0.3282
v  -0.2128 -3.4454 0.3111
v  -0.2325 -3.4454 0.2931
v  -0.2500 -3.4454 0.2730
v  -0.2662 -3.4454 0.2518
v  -0.2808 -3.4454 0.2298
v  -0.2930 -3.4454 0.2060
v  -0.3034 -3.4454 0.1815
v  -0.3127 -3.4454 0.1558
v  -0.3185 -3.4454 0.1293
v  -0.3228 -3.4454 0.1016
v  -0.3253 -3.4454 0.0736
v  -0.3242 -3.4454 0.0446
v  -0.3209 -3.4454 0.0160
v  -0.3157 -3.4454 -0.0121
v  -0.3077 -3.4454 -0.0392
v  -0.0109 -3.6528 0.5185
v  -0.0112 -3.6633 0.6322
v  -0.0080 -3.4404 0.6331
v  -0.0080 -3.4404 0.5190
v  -0.4961 -3.7292 -0.2060
v  -0.3973 -3.7054 -0.1497
v  -0.3965 -3.4404 -0.1541
v  -0.4951 -3.4404 -0.2110
v  -0.5122 -3.7270 -0.1567
v  -0.4174 -3.7061 -0.1126
v  -0.5294 -3.7243 -0.1188
v  -0.4261 -3.7033 -0.0819
v  -0.5449 -3.7210 -0.0724
v  -0.4385 -3.7006 -0.0447
v  -0.5548 -3.7172 -0.0241
v  -0.4469 -3.6977 -0.0058
v  -0.5605 -3.7134 0.0255
v  -0.4512 -3.6946 0.0340
v  -0.5617 -3.7095 0.0754
v  -0.4518 -3.6915 0.0741
v  -0.5592 -3.7058 0.1236
v  -0.4495 -3.6885 0.1130
v  -0.5522 -3.7022 0.1712
v  -0.4440 -3.6855 0.1516
v  -0.5412 -3.6985 0.2174
v  -0.4354 -3.6827 0.1886
v  -0.5262 -3.6950 0.2625
v  -0.4235 -3.6799 0.2247
v  -0.5077 -3.6917 0.3065
v  -0.4084 -3.6772 0.2598
v  -0.4858 -3.6885 0.3483
v  -0.3907 -3.6747 0.2930
v  -0.4605 -3.6855 0.3875
v  -0.3705 -3.6723 0.3245
v  -0.4322 -3.6826 0.4256
v  -0.3480 -3.6700 0.3549
v  -0.4008 -3.6800 0.4610
v  -0.3231 -3.6679 0.3834
v  -0.3661 -3.6775 0.4932
v  -0.2952 -3.6659 0.4092
v  -0.3280 -3.6752 0.5229
v  -0.2648 -3.6641 0.4331
v  -0.2873 -3.6732 0.5498
v  -0.2322 -3.6624 0.4547
v  -0.1992 -3.6699 0.5920
v  -0.1617 -3.6598 0.4888
v  -0.0553 -3.6673 0.6247
v  -0.0446 -3.6577 0.5152
v  -0.0199 -3.6675 0.6305
v  -0.0192 -3.6574 0.5168
v  -0.4010 -3.7082 -0.1426
v  -0.4991 -3.7312 -0.1992
v  -0.0142 -3.6572 0.5175
v  -0.0153 -3.6671 0.6315
v  -0.4983 -3.7311 -0.2004
v  -0.3996 -3.7088 -0.1447
v  -0.1522 -3.6687 0.6067
v  -0.1235 -3.6588 0.5009
v  -0.1039 -3.6678 0.6173
v  -0.0844 -3.6581 0.5094
v  -0.2444 -3.6714 0.5728
v  -0.1979 -3.6610 0.4733
v  -0.4038 -3.7081 -0.1402
v  -0.4992 -3.7307 -0.1952
v  -0.0235 -3.6673 0.6284
v  -0.0224 -3.6576 0.5178
v  -0.0099 -3.6481 0.5187
v  -0.0100 -3.6586 0.6325
v  -0.4956 -3.7250 -0.2076
v  -0.3967 -3.7011 -0.1512
v  -0.3965 -3.4454 -0.1540
v  -0.4951 -3.4454 -0.2110
v  -0.0080 -3.4454 0.6331
v  -0.0080 -3.4454 0.5190
v  0.2927 -3.6822 -0.0818
v  0.3098 -3.6889 -0.0640
v  0.3174 -3.6872 -0.0427
v  0.3266 -3.6852 -0.0150
v  0.3332 -3.6830 0.0139
v  0.3362 -3.6807 0.0434
v  0.3361 -3.6784 0.0731
v  0.3342 -3.6762 0.1024
v  0.3302 -3.6740 0.1313
v  0.3241 -3.6719 0.1588
v  0.3155 -3.6699 0.1855
v  0.3041 -3.6679 0.2112
v  0.2909 -3.6660 0.2355
v  0.2759 -3.6643 0.2585
v  0.2594 -3.6626 0.2811
v  0.2415 -3.6611 0.3023
v  0.2207 -3.6596 0.3213
v  0.1982 -3.6582 0.3389
v  0.1741 -3.6570 0.3550
v  0.1488 -3.6559 0.3689
v  0.1220 -3.6551 0.3806
v  0.0933 -3.6543 0.3899
v  0.0637 -3.6538 0.3963
v  0.0331 -3.6534 0.4006
v  0.0178 -3.6531 0.4018
v  0.0198 -3.6827 0.7438
v  0.0664 -3.6827 0.7384
v  0.1242 -3.6832 0.7296
v  0.1820 -3.6843 0.7171
v  0.2384 -3.6859 0.6998
v  0.2929 -3.6877 0.6770
v  0.3446 -3.6898 0.6491
v  0.3935 -3.6922 0.6165
v  0.4395 -3.6949 0.5805
v  0.4814 -3.6979 0.5418
v  0.5196 -3.7011 0.4992
v  0.5538 -3.7046 0.4533
v  0.5843 -3.7083 0.4058
v  0.6107 -3.7121 0.3552
v  0.6326 -3.7161 0.3020
v  0.6508 -3.7204 0.2477
v  0.6643 -3.7249 0.1921
v  0.6727 -3.7294 0.1348
v  0.6756 -3.7338 0.0770
v  0.6737 -3.7384 0.0170
v  0.6667 -3.7430 -0.0427
v  0.6550 -3.7478 -0.1008
v  0.6365 -3.7517 -0.1568
v  0.6173 -3.7556 -0.2055
v  0.5920 -3.7531 -0.2630
v  0.2980 -3.4404 -0.0972
v  0.2991 -3.4404 -0.0610
v  0.3077 -3.4404 -0.0392
v  0.3157 -3.4404 -0.0121
v  0.3209 -3.4404 0.0160
v  0.3242 -3.4404 0.0446
v  0.3252 -3.4404 0.0736
v  0.3228 -3.4404 0.1016
v  0.3185 -3.4404 0.1293
v  0.3126 -3.4404 0.1558
v  0.3035 -3.4404 0.1816
v  0.2929 -3.4404 0.2060
v  0.2808 -3.4404 0.2298
v  0.2662 -3.4404 0.2519
v  0.2500 -3.4404 0.2730
v  0.2325 -3.4404 0.2931
v  0.2128 -3.4404 0.3111
v  0.1911 -3.4404 0.3282
v  0.1681 -3.4404 0.3441
v  0.1434 -3.4404 0.3572
v  0.1174 -3.4404 0.3684
v  0.0908 -3.4404 0.3778
v  0.0633 -3.4404 0.3844
v  0.0356 -3.4404 0.3885
v  0.0171 -3.4404 0.3906
v  0.0081 -3.4404 0.7472
v  0.0678 -3.4404 0.7529
v  0.1272 -3.4405 0.7448
v  0.1859 -3.4405 0.7313
v  0.2431 -3.4404 0.7124
v  0.2985 -3.4404 0.6888
v  0.3514 -3.4404 0.6608
v  0.4016 -3.4404 0.6280
v  0.4485 -3.4404 0.5914
v  0.4915 -3.4404 0.5515
v  0.5307 -3.4404 0.5082
v  0.5660 -3.4404 0.4616
v  0.5974 -3.4404 0.4127
v  0.6245 -3.4404 0.3613
v  0.6474 -3.4404 0.3076
v  0.6656 -3.4404 0.2520
v  0.6786 -3.4404 0.1949
v  0.6875 -3.4404 0.1358
v  0.6910 -3.4404 0.0763
v  0.6893 -3.4404 0.0154
v  0.6821 -3.4404 -0.0452
v  0.6697 -3.4404 -0.1045
v  0.6522 -3.4404 -0.1625
v  0.6344 -3.4404 -0.2158
v  0.6077 -3.4404 -0.2634
v  0.2978 -3.6821 -0.0945
v  0.3016 -3.6906 -0.0862
v  0.3016 -3.6801 -0.0612
v  0.3094 -3.6782 -0.0410
v  0.3174 -3.6760 -0.0144
v  0.3233 -3.6730 0.0145
v  0.3264 -3.6717 0.0437
v  0.3274 -3.6703 0.0729
v  0.3251 -3.6682 0.1013
v  0.3206 -3.6655 0.1295
v  0.3146 -3.6632 0.1561
v  0.3056 -3.6614 0.1819
v  0.2949 -3.6597 0.2066
v  0.2826 -3.6576 0.2308
v  0.2678 -3.6553 0.2533
v  0.2514 -3.6536 0.2746
v  0.2336 -3.6521 0.2948
v  0.2137 -3.6503 0.3130
v  0.1918 -3.6488 0.3305
v  0.1682 -3.6474 0.3459
v  0.1434 -3.6462 0.3592
v  0.1175 -3.6454 0.3706
v  0.0900 -3.6451 0.3799
v  0.0617 -3.6449 0.3867
v  0.0318 -3.6444 0.3909
v  0.0097 -3.6427 0.4027
v  0.0191 -3.6441 0.3923
v  0.0192 -3.6731 0.7543
v  0.0103 -3.6741 0.7459
v  0.0670 -3.6742 0.7504
v  0.1266 -3.6749 0.7424
v  0.1855 -3.6757 0.7290
v  0.2429 -3.6768 0.7101
v  0.2980 -3.6785 0.6864
v  0.3504 -3.6808 0.6583
v  0.4001 -3.6835 0.6257
v  0.4466 -3.6865 0.5895
v  0.4890 -3.6900 0.5496
v  0.5279 -3.6932 0.5061
v  0.5632 -3.6968 0.4597
v  0.5950 -3.6993 0.4111
v  0.6218 -3.7034 0.3598
v  0.6451 -3.7084 0.3054
v  0.6629 -3.7116 0.2506
v  0.6757 -3.7153 0.1944
v  0.6846 -3.7194 0.1352
v  0.6880 -3.7245 0.0755
v  0.6861 -3.7298 0.0148
v  0.6788 -3.7343 -0.0455
v  0.6663 -3.7393 -0.1040
v  0.6490 -3.7435 -0.1617
v  0.6288 -3.7481 -0.2124
v  0.6057 -3.7537 -0.2599
v  0.5955 -3.7597 -0.2538
v  0.2901 -3.4404 -0.0818
v  0.0080 -3.4404 0.4049
v  0.0203 -3.4404 0.7563
v  0.5937 -3.4404 -0.2679
v  0.2930 -3.6826 -0.0896
v  0.2995 -3.6889 -0.0907
v  0.2959 -3.6884 -0.0838
v  0.3049 -3.6870 -0.0633
v  0.3118 -3.6840 -0.0413
v  0.3203 -3.6823 -0.0143
v  0.3260 -3.6803 0.0146
v  0.3297 -3.6783 0.0437
v  0.3308 -3.6759 0.0730
v  0.3286 -3.6739 0.1017
v  0.3240 -3.6716 0.1302
v  0.3178 -3.6694 0.1570
v  0.3093 -3.6678 0.1832
v  0.2985 -3.6659 0.2084
v  0.2857 -3.6637 0.2326
v  0.2705 -3.6618 0.2551
v  0.2542 -3.6603 0.2769
v  0.2364 -3.6588 0.2975
v  0.2160 -3.6574 0.3159
v  0.1939 -3.6559 0.3332
v  0.1703 -3.6544 0.3489
v  0.1452 -3.6535 0.3623
v  0.1189 -3.6527 0.3737
v  0.0911 -3.6519 0.3834
v  0.0624 -3.6514 0.3901
v  0.0322 -3.6510 0.3943
v  0.0113 -3.6487 0.4022
v  0.0126 -3.6435 0.3953
v  0.0193 -3.6506 0.3954
v  0.0186 -3.6799 0.7511
v  0.0140 -3.6731 0.7523
v  0.0134 -3.6801 0.7453
v  0.0668 -3.6812 0.7463
v  0.1257 -3.6821 0.7380
v  0.1842 -3.6827 0.7250
v  0.2412 -3.6835 0.7066
v  0.2961 -3.6851 0.6832
v  0.3483 -3.6874 0.6552
v  0.3977 -3.6903 0.6225
v  0.4439 -3.6935 0.5861
v  0.4863 -3.6963 0.5468
v  0.5250 -3.6994 0.5037
v  0.5599 -3.7031 0.4575
v  0.5912 -3.7064 0.4093
v  0.6179 -3.7105 0.3582
v  0.6404 -3.7152 0.3044
v  0.6589 -3.7187 0.2497
v  0.6720 -3.7225 0.1936
v  0.6809 -3.7272 0.1352
v  0.6841 -3.7322 0.0762
v  0.6821 -3.7370 0.0158
v  0.6748 -3.7416 -0.0444
v  0.6625 -3.7460 -0.1029
v  0.6447 -3.7505 -0.1600
v  0.6250 -3.7544 -0.2110
v  0.6013 -3.7534 -0.2641
v  0.6024 -3.7585 -0.2578
v  0.5930 -3.7586 -0.2578
v  0.2905 -3.4404 -0.0914
v  0.0092 -3.4404 0.3959
v  0.0123 -3.4404 0.7547
v  0.6017 -3.4404 -0.2687
v  0.2944 -3.6870 -0.0869
v  0.0138 -3.6499 0.3977
v  0.0154 -3.6799 0.7496
v  0.5984 -3.7577 -0.2617
v  0.3150 -3.6893 -0.0637
v  0.3076 -3.6911 -0.0842
v  0.5938 -3.7585 -0.2494
v  0.6139 -3.7542 -0.2013
v  0.6319 -3.7505 -0.1551
v  0.6504 -3.7465 -0.0995
v  0.6620 -3.7419 -0.0418
v  0.6690 -3.7374 0.0175
v  0.6708 -3.7328 0.0771
v  0.6680 -3.7284 0.1344
v  0.6596 -3.7239 0.1912
v  0.6462 -3.7195 0.2464
v  0.6281 -3.7152 0.3003
v  0.6063 -3.7112 0.3533
v  0.5801 -3.7074 0.4035
v  0.5498 -3.7037 0.4505
v  0.5158 -3.7003 0.4961
v  0.4779 -3.6972 0.5384
v  0.4364 -3.6942 0.5769
v  0.3907 -3.6914 0.6125
v  0.3420 -3.6890 0.6446
v  0.2906 -3.6869 0.6720
v  0.2365 -3.6851 0.6947
v  0.1806 -3.6836 0.7122
v  0.1234 -3.6826 0.7249
v  0.0659 -3.6820 0.7337
v  0.0246 -3.6821 0.7385
v  0.0209 -3.6535 0.4068
v  0.0337 -3.6536 0.4053
v  0.0646 -3.6539 0.4010
v  0.0946 -3.6545 0.3946
v  0.1238 -3.6552 0.3852
v  0.1510 -3.6562 0.3733
v  0.1767 -3.6572 0.3592
v  0.2011 -3.6584 0.3429
v  0.2238 -3.6598 0.3250
v  0.2448 -3.6613 0.3055
v  0.2631 -3.6629 0.2841
v  0.2798 -3.6645 0.2613
v  0.2949 -3.6663 0.2378
v  0.3083 -3.6683 0.2132
v  0.3200 -3.6703 0.1871
v  0.3287 -3.6723 0.1600
v  0.3349 -3.6744 0.1321
v  0.3390 -3.6766 0.1028
v  0.3409 -3.6789 0.0732
v  0.3410 -3.6813 0.0430
v  0.3380 -3.6836 0.0130
v  0.3312 -3.6857 -0.0163
v  0.3219 -3.6878 -0.0442
v  0.2925 -3.6771 -0.0818
v  0.3014 -3.6752 -0.0617
v  0.3092 -3.6733 -0.0406
v  0.3171 -3.6710 -0.0141
v  0.3232 -3.6680 0.0147
v  0.3261 -3.6666 0.0439
v  0.3271 -3.6652 0.0732
v  0.3252 -3.6630 0.1015
v  0.3208 -3.6604 0.1296
v  0.3143 -3.6581 0.1561
v  0.3056 -3.6561 0.1819
v  0.2949 -3.6545 0.2065
v  0.2822 -3.6525 0.2305
v  0.2678 -3.6501 0.2531
v  0.2515 -3.6483 0.2744
v  0.2335 -3.6469 0.2944
v  0.2135 -3.6450 0.3126
v  0.1920 -3.6435 0.3305
v  0.1683 -3.6421 0.3456
v  0.1435 -3.6409 0.3591
v  0.1177 -3.6402 0.3705
v  0.0902 -3.6399 0.3796
v  0.0620 -3.6397 0.3866
v  0.0322 -3.6393 0.3906
v  0.0188 -3.6396 0.3922
v  0.0123 -3.6383 0.3955
v  0.0097 -3.6388 0.4026
v  0.0102 -3.6690 0.7463
v  0.0138 -3.6682 0.7522
v  0.0194 -3.6683 0.7544
v  0.0682 -3.6659 0.7506
v  0.1272 -3.6668 0.7422
v  0.1859 -3.6686 0.7290
v  0.2430 -3.6706 0.7105
v  0.2982 -3.6722 0.6869
v  0.3506 -3.6741 0.6588
v  0.4002 -3.6764 0.6262
v  0.4465 -3.6790 0.5901
v  0.4894 -3.6826 0.5504
v  0.5288 -3.6851 0.5070
v  0.5642 -3.6877 0.4602
v  0.5954 -3.6908 0.4113
v  0.6226 -3.6943 0.3601
v  0.6453 -3.6988 0.3060
v  0.6631 -3.7029 0.2513
v  0.6758 -3.7070 0.1951
v  0.6845 -3.7103 0.1350
v  0.6880 -3.7148 0.0745
v  0.6865 -3.7202 0.0145
v  0.6796 -3.7253 -0.0452
v  0.6678 -3.7315 -0.1042
v  0.6490 -3.7356 -0.1614
v  0.6295 -3.7430 -0.2123
v  0.6064 -3.7488 -0.2602
v  0.6014 -3.7486 -0.2647
v  0.5924 -3.7482 -0.2641
v  0.2979 -3.6772 -0.0948
v  0.2927 -3.6775 -0.0897
v  0.2991 -3.4454 -0.0610
v  0.2901 -3.4454 -0.0818
v  0.2906 -3.4454 -0.0914
v  0.2980 -3.4454 -0.0971
v  0.5937 -3.4454 -0.2679
v  0.6017 -3.4454 -0.2687
v  0.6077 -3.4454 -0.2633
v  0.6344 -3.4454 -0.2157
v  0.6522 -3.4454 -0.1625
v  0.6697 -3.4454 -0.1045
v  0.6820 -3.4454 -0.0452
v  0.6893 -3.4454 0.0154
v  0.6909 -3.4454 0.0763
v  0.6874 -3.4454 0.1358
v  0.6786 -3.4454 0.1948
v  0.6655 -3.4454 0.2520
v  0.6474 -3.4454 0.3076
v  0.6244 -3.4454 0.3613
v  0.5973 -3.4454 0.4127
v  0.5660 -3.4454 0.4616
v  0.5306 -3.4454 0.5082
v  0.4914 -3.4454 0.5514
v  0.4484 -3.4454 0.5913
v  0.4016 -3.4454 0.6280
v  0.3514 -3.4454 0.6607
v  0.2985 -3.4454 0.6888
v  0.2430 -3.4454 0.7124
v  0.1859 -3.4454 0.7312
v  0.1272 -3.4455 0.7448
v  0.0678 -3.4454 0.7528
v  0.0204 -3.4454 0.7563
v  0.0123 -3.4454 0.7547
v  0.0081 -3.4454 0.7472
v  0.0080 -3.4454 0.4049
v  0.0092 -3.4454 0.3959
v  0.0171 -3.4454 0.3906
v  0.0356 -3.4454 0.3885
v  0.0634 -3.4454 0.3845
v  0.0909 -3.4454 0.3779
v  0.1174 -3.4454 0.3685
v  0.1434 -3.4454 0.3572
v  0.1681 -3.4454 0.3441
v  0.1911 -3.4454 0.3282
v  0.2128 -3.4454 0.3111
v  0.2325 -3.4454 0.2931
v  0.2500 -3.4454 0.2730
v  0.2662 -3.4454 0.2518
v  0.2808 -3.4454 0.2298
v  0.2929 -3.4454 0.2060
v  0.3034 -3.4454 0.1815
v  0.3127 -3.4454 0.1558
v  0.3185 -3.4454 0.1293
v  0.3228 -3.4454 0.1016
v  0.3253 -3.4454 0.0736
v  0.3242 -3.4454 0.0446
v  0.3209 -3.4454 0.0160
v  0.3157 -3.4454 -0.0121
v  0.3077 -3.4454 -0.0392
v  0.0109 -3.6528 0.5185
v  0.0112 -3.6633 0.6322
v  0.0080 -3.4404 0.6331
v  0.0080 -3.4404 0.5190
v  0.4961 -3.7292 -0.2060
v  0.3973 -3.7054 -0.1497
v  0.3965 -3.4404 -0.1541
v  0.4951 -3.4404 -0.2110
v  0.5122 -3.7270 -0.1567
v  0.4174 -3.7061 -0.1126
v  0.5294 -3.7243 -0.1188
v  0.4261 -3.7033 -0.0819
v  0.5449 -3.7210 -0.0724
v  0.4385 -3.7006 -0.0447
v  0.5548 -3.7172 -0.0241
v  0.4469 -3.6977 -0.0058
v  0.5605 -3.7134 0.0255
v  0.4512 -3.6946 0.0340
v  0.5617 -3.7095 0.0754
v  0.4518 -3.6915 0.0741
v  0.5592 -3.7058 0.1236
v  0.4495 -3.6885 0.1130
v  0.5522 -3.7022 0.1712
v  0.4440 -3.6855 0.1516
v  0.5412 -3.6985 0.2174
v  0.4354 -3.6827 0.1886
v  0.5262 -3.6950 0.2625
v  0.4235 -3.6799 0.2247
v  0.5077 -3.6917 0.3065
v  0.4084 -3.6772 0.2598
v  0.4858 -3.6885 0.3483
v  0.3907 -3.6747 0.2930
v  0.4605 -3.6855 0.3875
v  0.3705 -3.6723 0.3245
v  0.4322 -3.6826 0.4256
v  0.3480 -3.6700 0.3549
v  0.4008 -3.6800 0.4610
v  0.3231 -3.6679 0.3834
v  0.3661 -3.6775 0.4932
v  0.2952 -3.6659 0.4092
v  0.3280 -3.6752 0.5229
v  0.2648 -3.6641 0.4331
v  0.2873 -3.6732 0.5498
v  0.2322 -3.6624 0.4547
v  0.1992 -3.6699 0.5920
v  0.1617 -3.6598 0.4888
v  0.0553 -3.6673 0.6247
v  0.0445 -3.6577 0.5152
v  0.0199 -3.6675 0.6305
v  0.0192 -3.6574 0.5168
v  0.4010 -3.7082 -0.1426
v  0.4991 -3.7312 -0.1992
v  0.0142 -3.6572 0.5175
v  0.0153 -3.6671 0.6315
v  0.4983 -3.7311 -0.2004
v  0.3996 -3.7088 -0.1447
v  0.1522 -3.6687 0.6067
v  0.1235 -3.6588 0.5009
v  0.1039 -3.6678 0.6173
v  0.0844 -3.6581 0.5094
v  0.2444 -3.6714 0.5728
v  0.1979 -3.6610 0.4733
v  0.4038 -3.7081 -0.1402
v  0.4992 -3.7307 -0.1952
v  0.0234 -3.6673 0.6284
v  0.0224 -3.6576 0.5178
v  0.0099 -3.6481 0.5187
v  0.0100 -3.6586 0.6325
v  0.4956 -3.7250 -0.2076
v  0.3967 -3.7011 -0.1512
v  0.3965 -3.4454 -0.1540
v  0.4951 -3.4454 -0.2110
v  0.0080 -3.4454 0.6331
v  0.0080 -3.4454 0.5190
v  0.1162 -3.7235 -1.3038
v  0.2944 -3.7235 -1.3026
v  0.4549 -3.7232 -1.3011
v  0.6179 -3.7235 -1.2962
v  0.8075 -3.7235 -1.2890
v  0.9970 -3.7236 -1.2793
v  1.3340 -3.7235 -1.2528
v  1.6766 -3.7236 -1.2005
v  2.0070 -3.7235 -1.1197
v  2.3306 -3.7228 -1.0003
v  2.6383 -3.7236 -0.8566
v  2.9238 -3.7236 -0.6631
v  3.1740 -3.7236 -0.4347
v  3.3915 -3.7236 -0.1722
v  3.5678 -3.7235 0.1048
v  3.7106 -3.7236 0.4166
v  3.8146 -3.7236 0.7433
v  3.8718 -3.7236 1.0787
v  3.8895 -3.7236 1.3673
v  3.8732 -3.7236 1.6543
v  3.8123 -3.7236 1.9903
v  3.5650 -3.7236 2.6224
v  3.3822 -3.7235 2.9166
v  3.1657 -3.7236 3.1765
v  2.9250 -3.7234 3.3963
v  2.6327 -3.7235 3.5907
v  2.3328 -3.7235 3.7336
v  2.0097 -3.7236 3.8493
v  1.6763 -3.7236 3.9320
v  1.3417 -3.7235 3.9833
v  0.9933 -3.7236 4.0108
v  0.7272 -3.7236 4.0232
v  0.4824 -3.7236 4.0306
v  0.2134 -3.7235 4.0345
v  3.7091 -3.7236 2.3162
v  0.1172 -3.7122 -1.3138
v  0.2948 -3.7138 -1.3129
v  0.4553 -3.7112 -1.3085
v  0.6190 -3.7112 -1.3055
v  0.8088 -3.7121 -1.2983
v  0.9973 -3.7128 -1.2897
v  1.3361 -3.7117 -1.2620
v  1.6780 -3.7130 -1.2110
v  2.0088 -3.7128 -1.1294
v  2.3345 -3.7131 -1.0139
v  2.6419 -3.7133 -0.8657
v  2.9316 -3.7128 -0.6706
v  3.1813 -3.7135 -0.4420
v  3.4000 -3.7135 -0.1774
v  3.5765 -3.7132 0.1011
v  3.7207 -3.7133 0.4113
v  3.8252 -3.7132 0.7427
v  3.8835 -3.7131 1.0781
v  3.8998 -3.7128 1.3666
v  3.8832 -3.7133 1.6559
v  3.8223 -3.7132 1.9919
v  3.7176 -3.7133 2.3206
v  3.5725 -3.7130 2.6291
v  3.3900 -3.7126 2.9215
v  3.1726 -3.7141 3.1834
v  2.9282 -3.7140 3.4043
v  2.6371 -3.7131 3.5984
v  2.3363 -3.7133 3.7420
v  2.0117 -3.7139 3.8588
v  1.6807 -3.7135 3.9411
v  1.3414 -3.7139 3.9927
v  0.9915 -3.7124 4.0211
v  0.7253 -3.7141 4.0330
v  0.4812 -3.7143 4.0391
v  0.2129 -3.7139 4.0435
v  0.1188 -3.6586 -1.3171
v  0.2925 -3.6608 -1.3122
v  0.4571 -3.6609 -1.3089
v  0.6199 -3.6603 -1.3057
v  0.8102 -3.6572 -1.2999
v  0.9955 -3.6543 -1.2891
v  1.3405 -3.6609 -1.2615
v  1.6789 -3.6616 -1.2095
v  2.0088 -3.6595 -1.1294
v  2.3345 -3.6597 -1.0139
v  2.6423 -3.6573 -0.8652
v  2.9266 -3.6565 -0.6733
v  3.1826 -3.6592 -0.4410
v  3.3999 -3.6594 -0.1773
v  3.5773 -3.6587 0.1021
v  3.7205 -3.6595 0.4112
v  3.8252 -3.6592 0.7440
v  3.8837 -3.6599 1.0783
v  3.8992 -3.6604 1.3674
v  3.8833 -3.6604 1.6558
v  3.8227 -3.6594 1.9921
v  3.7177 -3.6595 2.3200
v  3.5733 -3.6598 2.6287
v  3.3909 -3.6601 2.9207
v  3.1695 -3.6610 3.1856
v  2.9280 -3.6605 3.4042
v  2.6378 -3.6596 3.5980
v  2.3351 -3.6599 3.7431
v  2.0110 -3.6588 3.8589
v  1.6815 -3.6636 3.9464
v  1.3416 -3.6578 3.9929
v  0.9947 -3.6551 4.0158
v  0.7174 -3.6601 4.0323
v  0.4721 -3.6593 4.0392
v  0.2046 -3.6590 4.0438
v  0.1179 -3.5289 1.3353
v  0.3440 -3.5289 1.3353
v  0.4936 -3.5289 1.3353
v  0.5875 -3.5289 1.3353
v  0.9225 -3.5290 1.3353
v  1.4362 -3.5306 1.3353
v  1.4358 -3.5297 1.3657
v  0.9305 -3.5289 1.3957
v  0.5891 -3.5289 1.3957
v  0.4974 -3.5289 1.3957
v  0.3412 -3.5289 1.3957
v  0.1146 -3.5289 1.3957
v  1.4353 -3.5300 1.3957
v  0.1421 -3.6787 -0.6459
v  0.1414 -3.5708 0.7809
v  0.2801 -3.6758 -0.6055
v  0.4060 -3.6708 -0.5380
v  0.2771 -3.5740 0.7397
v  0.4050 -3.5793 0.6711
v  0.6053 -3.6561 -0.3383
v  0.5136 -3.5861 0.5831
v  1.0821 -3.6746 -0.5596
v  0.7277 -3.6258 0.0645
v  1.3578 -3.6743 -0.5238
v  0.6867 -3.5649 0.8657
v  1.7631 -3.6727 -0.4209
v  1.3194 -3.6136 0.2766
v  0.8698 -3.5626 0.9010
v  2.2512 -3.6697 -0.2063
v  1.6804 -3.6088 0.4093
v  1.0888 -3.5602 0.9400
v  2.5503 -3.6645 0.0586
v  1.9356 -3.6055 0.5456
v  1.3138 -3.5596 0.9777
v  2.8489 -3.6671 0.3240
v  2.1819 -3.6057 0.7165
v  1.5966 -3.5551 1.0740
v  3.1156 -3.6693 0.7792
v  2.4293 -3.6084 0.9936
v  1.8137 -3.5585 1.1882
v  3.2183 -3.6703 1.1498
v  2.5271 -3.6129 1.2223
v  1.8749 -3.5608 1.2865
v  3.2306 -3.6707 1.3699
v  2.5345 -3.6118 1.3680
v  1.8862 -3.5632 1.3693
v  3.2178 -3.6704 1.5921
v  2.5264 -3.6131 1.5153
v  1.8740 -3.5607 1.4472
v  3.1117 -3.6694 1.9679
v  2.4287 -3.6087 1.7472
v  1.7813 -3.5562 1.5331
v  2.9236 -3.6677 2.3176
v  2.2564 -3.6058 1.9580
v  1.6128 -3.5547 1.6443
v  2.6348 -3.6664 2.6381
v  1.9889 -3.6064 2.1712
v  1.3786 -3.5575 1.7243
v  2.2473 -3.6696 2.9389
v  1.6919 -3.6100 2.3347
v  1.0981 -3.5608 1.7973
v  1.7517 -3.6728 3.1575
v  1.3240 -3.6149 2.4700
v  0.8874 -3.5634 1.8399
v  1.3587 -3.6742 3.2554
v  1.0258 -3.6170 2.5332
v  0.7214 -3.5661 1.8781
v  1.0919 -3.6746 3.2901
v  0.5784 -3.5673 1.8996
v  0.8088 -3.6749 3.3108
v  0.4466 -3.6306 2.7359
v  0.4420 -3.5677 1.9073
v  0.5894 -3.6749 3.3184
v  0.3803 -3.6750 3.3251
v  0.1649 -3.6750 3.3270
v  0.7138 -3.6366 -0.0781
v  0.6711 -3.6469 -0.2153
v  1.2677 -3.6588 -0.3301
v  1.1480 -3.6384 -0.0811
v  1.6310 -3.6550 -0.2145
v  1.4811 -3.6351 0.0210
v  2.0803 -3.6511 -0.0252
v  1.8852 -3.6309 0.1808
v  2.3921 -3.6474 0.1852
v  2.1634 -3.6252 0.3678
v  2.6473 -3.6478 0.4428
v  2.4175 -3.6270 0.5779
v  2.9082 -3.6504 0.8445
v  2.6721 -3.6296 0.9192
v  3.0142 -3.6524 1.1710
v  2.7730 -3.6323 1.1960
v  3.0251 -3.6524 1.3694
v  2.7822 -3.6317 1.3689
v  3.0137 -3.6527 1.5696
v  2.7724 -3.6325 1.5432
v  2.9053 -3.6506 1.9007
v  2.7262 -3.6487 2.2122
v  2.4929 -3.6273 2.0876
v  2.4344 -3.6478 2.5051
v  2.2118 -3.6273 2.3443
v  2.0780 -3.6511 2.7575
v  1.8851 -3.6308 2.5510
v  1.6212 -3.6552 2.9504
v  1.4724 -3.6354 2.7146
v  1.2599 -3.6572 3.0424
v  1.1433 -3.6372 2.7906
v  1.0130 -3.6580 3.0766
v  0.9233 -3.6393 2.8347
v  0.7467 -3.6597 3.1135
v  0.4938 -3.6405 2.8664
v  0.5586 -3.6615 3.1421
v  0.3550 -3.6625 3.1597
v  0.1561 -3.6628 3.1660
v  2.6703 -3.6298 1.8239
v  0.5147 -3.6642 -0.4489
v  0.6067 -3.5947 0.4717
v  0.6742 -3.6043 0.3464
v  0.7137 -3.6147 0.2113
v  0.8849 -3.5942 0.4833
v  1.1486 -3.5895 0.5717
v  1.3889 -3.5837 0.6739
v  1.6248 -3.5778 0.7882
v  1.8797 -3.5795 0.8855
v  2.1284 -3.5830 1.0894
v  2.2011 -3.5863 1.2553
v  2.2104 -3.5872 1.3689
v  2.2003 -3.5864 1.4803
v  1.9307 -3.5791 1.8075
v  1.6855 -3.5804 1.9455
v  1.3888 -3.5848 2.0638
v  1.0990 -3.5889 2.1561
v  0.8784 -3.5929 2.2260
v  0.7118 -3.5954 2.2640
v  0.4938 -3.5932 2.2426
v  2.1263 -3.5828 1.6473
v  0.2504 -3.2265 0.7247
v  0.1376 -3.5472 0.7571
v  0.1283 -3.2265 0.7589
v  0.2699 -3.5504 0.7169
v  0.3919 -3.5556 0.6517
v  0.3858 -3.2265 0.6557
v  0.4987 -3.5626 0.5640
v  0.4985 -3.2265 0.5641
v  0.5863 -3.5711 0.4571
v  0.6514 -3.5808 0.3353
v  0.6915 -3.5913 0.2031
v  0.7050 -3.6021 0.0656
v  0.6915 -3.6128 -0.0718
v  0.6514 -3.6230 -0.2040
v  0.6915 -3.2265 -0.0718
v  0.6514 -3.2265 -0.2040
v  0.5863 -3.6324 -0.3259
v  0.5901 -3.2265 -0.3202
v  0.4987 -3.6406 -0.4327
v  0.4984 -3.2265 -0.4330
v  0.3919 -3.6473 -0.5204
v  0.1283 -3.2265 -0.6276
v  0.1377 -3.6552 -0.6258
v  0.2595 -3.2265 -0.5899
v  0.2700 -3.6522 -0.5856
v  0.3858 -3.2265 -0.5245
v  0.1383 -3.5643 0.7626
v  0.2713 -3.5672 0.7224
v  0.3949 -3.5723 0.6564
v  0.5019 -3.5792 0.5692
v  0.5912 -3.5880 0.4612
v  0.6571 -3.5976 0.3387
v  0.6972 -3.6072 0.2062
v  0.7111 -3.6179 0.0654
v  0.6974 -3.6287 -0.0735
v  0.6565 -3.6390 -0.2072
v  0.5912 -3.6485 -0.3288
v  0.5028 -3.6568 -0.4366
v  0.3958 -3.6635 -0.5243
v  -0.0000 -3.6718 -0.6453
v  0.1389 -3.6711 -0.6303
v  0.2728 -3.6684 -0.5901
v  0.6895 -3.6774 -0.6179
v  0.5327 -3.6788 -0.6412
v  0.4109 -3.6797 -0.6556
v  0.2818 -3.6807 -0.6708
v  0.1409 -3.6818 -0.6874
v  0.3613 -3.6290 2.9879
v  0.4051 -3.6266 2.9610
v  0.4361 -3.6238 2.9199
v  0.4500 -3.6198 2.8659
v  0.4413 -3.6153 2.8112
v  0.4144 -3.6124 2.7671
v  0.3732 -3.6099 2.7363
v  0.3125 -3.6275 2.6962
v  0.3129 -3.6081 2.7223
v  0.3121 -3.6297 2.9968
v  0.2528 -3.6282 2.7074
v  0.2005 -3.6307 2.7408
v  0.1647 -3.6346 2.7913
v  0.1503 -3.6394 2.8541
v  0.1616 -3.6442 2.9175
v  0.1950 -3.6480 2.9696
v  0.2410 -3.6506 3.0032
v  0.2641 -3.6092 2.7311
v  0.2201 -3.6115 2.7578
v  0.1889 -3.6147 2.7991
v  0.1750 -3.6189 2.8533
v  0.1836 -3.6231 2.9077
v  0.2105 -3.6260 2.9516
v  0.2517 -3.6286 2.9826
v  0.3834 -3.6288 2.7132
v  0.4319 -3.6316 2.7493
v  0.4639 -3.6355 2.8011
v  0.4740 -3.6404 2.8656
v  0.4575 -3.6452 2.9289
v  0.4217 -3.6488 2.9768
v  0.3700 -3.6512 3.0088
v  0.3108 -3.6518 3.0195
v  0.3644 -3.6440 2.9947
v  0.4110 -3.6416 2.9660
v  0.4437 -3.6384 2.9226
v  0.4585 -3.6341 2.8653
v  0.4493 -3.6296 2.8071
v  0.4206 -3.6262 2.7602
v  0.3768 -3.6236 2.7276
v  0.3126 -3.6227 2.7128
v  0.2598 -3.6235 2.7225
v  0.2129 -3.6258 2.7517
v  0.1802 -3.6293 2.7965
v  0.1664 -3.6336 2.8535
v  0.1761 -3.6379 2.9109
v  0.2056 -3.6414 2.9576
v  0.2480 -3.6438 2.9893
v  0.3115 -3.6447 3.0043
v  0.3125 -3.6259 2.6762
v  0.2455 -3.6268 2.6889
v  0.1868 -3.6296 2.7264
v  0.1467 -3.6338 2.7831
v  0.1305 -3.6392 2.8535
v  0.1432 -3.6446 2.9246
v  0.1807 -3.6490 2.9831
v  0.2323 -3.6519 3.0208
v  0.3922 -3.6274 2.6954
v  0.4753 -3.6459 2.9375
v  0.4352 -3.6499 2.9912
v  0.3771 -3.6526 3.0271
v  0.3106 -3.6534 3.0392
v  0.3613 -3.5846 2.9879
v  0.4051 -3.5822 2.9610
v  0.4361 -3.5794 2.9199
v  0.4500 -3.5754 2.8659
v  0.4413 -3.5709 2.8112
v  0.4144 -3.5680 2.7671
v  0.3732 -3.5654 2.7363
v  0.3129 -3.5637 2.7223
v  0.3121 -3.5853 2.9968
v  0.2641 -3.5648 2.7311
v  0.2201 -3.5671 2.7578
v  0.1889 -3.5703 2.7991
v  0.1750 -3.5745 2.8533
v  0.1836 -3.5787 2.9077
v  0.2105 -3.5816 2.9516
v  0.2517 -3.5842 2.9826
v  0.3613 -3.5818 2.3642
v  0.4053 -3.5793 2.3375
v  0.4360 -3.5765 2.2961
v  0.4500 -3.5726 2.2422
v  0.4408 -3.5682 2.1876
v  0.4141 -3.5653 2.1436
v  0.3729 -3.5628 2.1133
v  0.3125 -3.5802 2.0724
v  0.3129 -3.5610 2.0992
v  0.3121 -3.5823 2.3735
v  0.2528 -3.5810 2.0837
v  0.2005 -3.5834 2.1171
v  0.1647 -3.5872 2.1676
v  0.1503 -3.5920 2.2304
v  0.1616 -3.5968 2.2937
v  0.1950 -3.6008 2.3459
v  0.2410 -3.6033 2.3795
v  0.2641 -3.5620 2.1074
v  0.2203 -3.5643 2.1344
v  0.1894 -3.5676 2.1756
v  0.1750 -3.5717 2.2295
v  0.1837 -3.5759 2.2839
v  0.2103 -3.5787 2.3281
v  0.2517 -3.5813 2.3590
v  0.3834 -3.5815 2.0895
v  0.4319 -3.5843 2.1256
v  0.4639 -3.5883 2.1774
v  0.4740 -3.5931 2.2418
v  0.4575 -3.5979 2.3052
v  0.4217 -3.6015 2.3531
v  0.3700 -3.6038 2.3851
v  0.3108 -3.6046 2.3958
v  0.3644 -3.5967 2.3710
v  0.4110 -3.5943 2.3423
v  0.4436 -3.5912 2.2988
v  0.4585 -3.5869 2.2415
v  0.4490 -3.5827 2.1835
v  0.4204 -3.5792 2.1366
v  0.3766 -3.5768 2.1042
v  0.3126 -3.5756 2.0892
v  0.2599 -3.5766 2.0990
v  0.2130 -3.5787 2.1281
v  0.1802 -3.5820 2.1728
v  0.1663 -3.5863 2.2297
v  0.1761 -3.5907 2.2872
v  0.2054 -3.5939 2.3341
v  0.2479 -3.5965 2.3657
v  0.3115 -3.5973 2.3807
v  0.3125 -3.5786 2.0525
v  0.2455 -3.5795 2.0652
v  0.1868 -3.5818 2.1027
v  0.1467 -3.5864 2.1594
v  0.1305 -3.5919 2.2298
v  0.1432 -3.5973 2.3009
v  0.1807 -3.6018 2.3594
v  0.2323 -3.6047 2.3971
v  0.3922 -3.5802 2.0716
v  0.4466 -3.5833 2.1122
v  0.4839 -3.5877 2.1702
v  0.3771 -3.6053 2.4034
v  0.3106 -3.6061 2.4155
v  0.3613 -3.5374 2.3641
v  0.4051 -3.5349 2.3373
v  0.4361 -3.5321 2.2962
v  0.4500 -3.5282 2.2422
v  0.4413 -3.5237 2.1874
v  0.4144 -3.5207 2.1434
v  0.3732 -3.5182 2.1126
v  0.3129 -3.5165 2.0986
v  0.3121 -3.5380 2.3730
v  0.2641 -3.5175 2.1074
v  0.2201 -3.5198 2.1341
v  0.1889 -3.5230 2.1754
v  0.1750 -3.5272 2.2295
v  0.1836 -3.5314 2.2840
v  0.2105 -3.5343 2.3278
v  0.2517 -3.5369 2.3589
v  0.8288 -3.6196 2.5797
v  0.4825 -3.6350 2.7941
v  0.4753 -3.5986 2.3137
v  0.4352 -3.6026 2.3675
v  0.1146 -3.5296 1.4057
v  0.2570 -3.5302 1.4055
v  0.3412 -3.5296 1.4057
v  0.4974 -3.5296 1.4057
v  0.5891 -3.5296 1.4057
v  0.7689 -3.5302 1.4055
v  0.9305 -3.5297 1.4057
v  1.2790 -3.5301 1.4056
v  1.4452 -3.5308 1.4057
v  1.4457 -3.5305 1.3659
v  1.4463 -3.5315 1.3253
v  1.2808 -3.5303 1.3255
v  0.9225 -3.5298 1.3253
v  0.5875 -3.5296 1.3253
v  0.4936 -3.5296 1.3253
v  0.3440 -3.5296 1.3253
v  0.1179 -3.5296 1.3253
v  1.3091 -3.5273 1.3642
v  1.2997 -3.5287 1.3440
v  1.3087 -3.5282 1.3383
v  1.3189 -3.5273 1.3648
v  1.2803 -3.5291 1.3361
v  1.3015 -3.5282 1.3857
v  1.3087 -3.5282 1.3922
v  1.2802 -3.5292 1.3952
v  1.2493 -3.5292 1.3912
v  1.2581 -3.5278 1.3863
v  1.2397 -3.5268 1.3655
v  1.2498 -3.5268 1.3656
v  1.2513 -3.5287 1.3386
v  1.2576 -3.5282 1.3451
v  0.7972 -3.5273 1.3642
v  0.7878 -3.5287 1.3440
v  0.7949 -3.5287 1.3362
v  0.8070 -3.5273 1.3648
v  0.7684 -3.5291 1.3361
v  0.7943 -3.5282 1.3957
v  0.7896 -3.5282 1.3857
v  0.7691 -3.5292 1.3952
v  0.7419 -3.5287 1.3954
v  0.7462 -3.5278 1.3863
v  0.7278 -3.5268 1.3655
v  0.7379 -3.5268 1.3656
v  0.7403 -3.5292 1.3354
v  0.7457 -3.5282 1.3451
v  0.2854 -3.5273 1.3643
v  0.2761 -3.5282 1.3438
v  0.2818 -3.5287 1.3354
v  0.2954 -3.5268 1.3649
v  0.2564 -3.5291 1.3361
v  0.2560 -3.5296 1.3253
v  0.2816 -3.5287 1.3954
v  0.2778 -3.5278 1.3860
v  0.2571 -3.5292 1.3952
v  0.2299 -3.5287 1.3959
v  0.2346 -3.5282 1.3863
v  0.2158 -3.5268 1.3655
v  0.2259 -3.5268 1.3656
v  0.2301 -3.5292 1.3357
v  0.2337 -3.5282 1.3451
v  0.9265 -3.5290 1.3655
v  0.7690 -3.5302 1.3257
v  0.5883 -3.5289 1.3655
v  0.4955 -3.5289 1.3655
v  0.3426 -3.5289 1.3655
v  0.1162 -3.5289 1.3655
v  0.2963 -3.5682 1.9151
v  0.1894 -3.5683 1.9173
v  0.4425 -3.6204 2.6024
v  0.3875 -3.6206 2.6056
v  0.3121 -3.6209 2.6100
v  0.2421 -3.6211 2.6141
v  0.1850 -3.6213 2.6174
v  1.0337 -3.6189 0.1733
v  0.1453 -3.5693 0.8006
v  0.2848 -3.5726 0.7582
v  0.4161 -3.5780 0.6877
v  0.5277 -3.5850 0.5974
v  0.6233 -3.5939 0.4829
v  0.6929 -3.6038 0.3540
v  0.7334 -3.6145 0.2151
v  0.7478 -3.6259 0.0645
v  0.7335 -3.6370 -0.0821
v  0.6896 -3.6476 -0.2230
v  0.6220 -3.6570 -0.3494
v  0.5289 -3.6653 -0.4630
v  0.4172 -3.6721 -0.5546
v  0.2877 -3.6772 -0.6240
v  0.1460 -3.6802 -0.6655
v  0.6969 -3.2265 0.0726
v  0.6788 -3.2265 0.1984
v  0.6394 -3.2265 0.3321
v  0.5799 -3.2265 0.4490
v  1.3091 -3.5195 1.3642
v  1.2997 -3.5210 1.3440
v  1.2803 -3.5214 1.3361
v  1.3015 -3.5205 1.3857
v  1.2802 -3.5215 1.3952
v  1.2581 -3.5200 1.3863
v  1.2498 -3.5190 1.3656
v  1.2576 -3.5205 1.3451
v  0.7972 -3.5195 1.3642
v  0.7878 -3.5210 1.3440
v  0.7684 -3.5214 1.3361
v  0.7896 -3.5205 1.3857
v  0.7691 -3.5214 1.3952
v  0.7462 -3.5200 1.3863
v  0.7379 -3.5190 1.3656
v  0.7457 -3.5205 1.3451
v  0.2854 -3.5195 1.3643
v  0.2761 -3.5205 1.3438
v  0.2564 -3.5214 1.3361
v  0.2778 -3.5200 1.3860
v  0.2571 -3.5214 1.3952
v  0.2346 -3.5205 1.3863
v  0.2259 -3.5190 1.3656
v  0.2337 -3.5205 1.3451
v  0.3996 -3.5650 0.8588
v  0.2799 -3.5653 0.8548
v  0.1420 -3.5646 0.8635
v  0.1166 -3.7236 -1.2413
v  0.1166 -3.7233 -1.2383
v  0.1169 -3.7236 -1.2443
v  0.2926 -3.7235 -1.2396
v  0.2926 -3.7232 -1.2366
v  0.2929 -3.7235 -1.2426
v  0.4506 -3.7236 -1.2368
v  0.4504 -3.7233 -1.2338
v  0.4509 -3.7235 -1.2398
v  0.6119 -3.7236 -1.2329
v  0.6116 -3.7233 -1.2299
v  0.6123 -3.7236 -1.2358
v  0.8004 -3.7236 -1.2262
v  0.7999 -3.7233 -1.2233
v  0.8010 -3.7236 -1.2291
v  0.9881 -3.7236 -1.2164
v  0.9868 -3.7233 -1.2136
v  0.9891 -3.7236 -1.2192
v  1.3137 -3.7236 -1.1898
v  1.3126 -3.7233 -1.1870
v  1.3139 -3.7236 -1.1928
v  1.6541 -3.7236 -1.1404
v  1.6528 -3.7233 -1.1377
v  1.6551 -3.7236 -1.1432
v  1.9794 -3.7236 -1.0609
v  1.9785 -3.7233 -1.0580
v  1.9809 -3.7236 -1.0635
v  2.2990 -3.7236 -0.9476
v  2.2968 -3.7234 -0.9455
v  2.3005 -3.7235 -0.9502
v  2.5971 -3.7236 -0.8072
v  2.5956 -3.7233 -0.8046
v  2.5990 -3.7236 -0.8095
v  2.8766 -3.7236 -0.6198
v  2.8742 -3.7233 -0.6181
v  2.8785 -3.7236 -0.6221
v  3.1191 -3.7236 -0.3966
v  3.1168 -3.7233 -0.3947
v  3.1216 -3.7236 -0.3983
v  3.3361 -3.7235 -0.1384
v  3.3340 -3.7233 -0.1363
v  3.3387 -3.7235 -0.1399
v  3.5086 -3.7236 0.1274
v  3.5058 -3.7233 0.1283
v  3.5114 -3.7236 0.1262
v  3.6528 -3.7236 0.4409
v  3.6503 -3.7233 0.4425
v  3.6556 -3.7236 0.4400
v  3.7533 -3.7236 0.7602
v  3.7503 -3.7233 0.7603
v  3.7562 -3.7236 0.7594
v  3.8121 -3.7235 1.0854
v  3.8091 -3.7233 1.0857
v  3.8151 -3.7236 1.0853
v  3.8274 -3.7236 1.3682
v  3.8244 -3.7233 1.3682
v  3.8304 -3.7236 1.3683
v  3.8101 -3.7236 1.6491
v  3.8072 -3.7233 1.6487
v  3.8131 -3.7236 1.6493
v  3.7494 -3.7236 1.9834
v  3.7464 -3.7233 1.9832
v  3.7523 -3.7236 1.9840
v  3.3237 -3.7236 2.8885
v  3.3209 -3.7233 2.8875
v  3.3262 -3.7236 2.8902
v  3.5079 -3.7236 2.5985
v  3.5105 -3.7236 2.6000
v  3.5053 -3.7233 2.5971
v  3.1111 -3.7236 3.1363
v  3.1091 -3.7233 3.1341
v  3.1136 -3.7236 3.1379
v  2.8832 -3.7236 3.3462
v  2.8807 -3.7233 3.3445
v  2.8850 -3.7235 3.3486
v  2.5990 -3.7236 3.5362
v  2.5975 -3.7233 3.5336
v  2.6005 -3.7236 3.5388
v  2.2984 -3.7236 3.6793
v  2.2963 -3.7233 3.6772
v  2.2999 -3.7236 3.6819
v  1.9874 -3.7236 3.7895
v  1.9865 -3.7233 3.7866
v  1.9885 -3.7236 3.7923
v  1.6647 -3.7236 3.8698
v  1.6635 -3.7233 3.8671
v  1.6653 -3.7236 3.8728
v  1.3374 -3.7236 3.9200
v  1.3363 -3.7233 3.9172
v  1.3376 -3.7236 3.9230
v  0.9875 -3.7236 3.9479
v  0.9868 -3.7233 3.9451
v  0.9876 -3.7236 3.9509
v  0.7244 -3.7236 3.9597
v  0.7239 -3.7233 3.9567
v  0.7245 -3.7236 3.9627
v  0.4798 -3.7236 3.9677
v  0.4794 -3.7233 3.9647
v  0.4799 -3.7236 3.9707
v  0.2114 -3.7236 3.9709
v  0.2113 -3.7233 3.9679
v  0.2114 -3.7236 3.9739
v  3.6442 -3.7236 2.2918
v  3.6470 -3.7236 2.2928
v  3.6417 -3.7233 2.2901
v  -0.0000 -3.7240 3.9770
v  -0.0000 -3.6592 4.0467
v  -0.0000 -3.5637 0.8724
v  -0.0000 -3.5692 1.9293
v  -0.0000 -3.7238 3.9710
v  -0.0000 -3.6751 3.3294
v  -0.0000 -3.6799 -0.6619
v  -0.0000 -3.6295 2.7264
v  -0.0000 -3.6444 2.9246
v  -0.0000 -3.5973 2.3009
v  -0.0000 -3.5289 1.3957
v  -0.0000 -3.7240 3.9740
v  -0.1169 -3.7236 -1.2443
v  -0.0000 -3.7236 -1.2455
v  -0.0000 -3.7235 -1.3066
v  -0.1162 -3.7235 -1.3038
v  -0.2944 -3.7235 -1.3026
v  -0.2929 -3.7235 -1.2426
v  -0.4549 -3.7232 -1.3011
v  -0.4509 -3.7235 -1.2398
v  -0.6179 -3.7235 -1.2962
v  -0.6123 -3.7236 -1.2358
v  -0.8075 -3.7235 -1.2890
v  -0.8010 -3.7236 -1.2291
v  -0.9970 -3.7236 -1.2793
v  -0.9891 -3.7236 -1.2192
v  -1.3340 -3.7235 -1.2528
v  -1.3139 -3.7236 -1.1928
v  -1.6766 -3.7236 -1.2005
v  -1.6551 -3.7236 -1.1432
v  -2.0070 -3.7235 -1.1197
v  -1.9809 -3.7236 -1.0635
v  -2.3306 -3.7228 -1.0003
v  -2.3005 -3.7235 -0.9502
v  -2.6383 -3.7236 -0.8566
v  -2.5990 -3.7236 -0.8095
v  -2.9238 -3.7236 -0.6631
v  -2.8785 -3.7236 -0.6221
v  -3.1740 -3.7236 -0.4347
v  -3.1216 -3.7236 -0.3983
v  -3.3915 -3.7236 -0.1722
v  -3.3387 -3.7235 -0.1399
v  -3.5678 -3.7235 0.1048
v  -3.5114 -3.7236 0.1262
v  -3.7106 -3.7236 0.4166
v  -3.6557 -3.7236 0.4400
v  -3.8146 -3.7236 0.7433
v  -3.7562 -3.7236 0.7594
v  -3.8719 -3.7236 1.0787
v  -3.8151 -3.7235 1.0853
v  -3.8895 -3.7236 1.3673
v  -3.8304 -3.7236 1.3683
v  -3.8732 -3.7236 1.6543
v  -3.8131 -3.7236 1.6493
v  -3.8123 -3.7236 1.9903
v  -3.7523 -3.7236 1.9840
v  -3.5105 -3.7236 2.6000
v  -3.5650 -3.7236 2.6224
v  -3.3822 -3.7235 2.9166
v  -3.3263 -3.7236 2.8902
v  -3.1657 -3.7236 3.1765
v  -3.1137 -3.7236 3.1379
v  -2.9250 -3.7234 3.3963
v  -2.8850 -3.7235 3.3486
v  -2.6327 -3.7235 3.5907
v  -2.6005 -3.7236 3.5388
v  -2.3328 -3.7235 3.7336
v  -2.2999 -3.7236 3.6819
v  -2.0097 -3.7236 3.8493
v  -1.9885 -3.7236 3.7923
v  -1.6763 -3.7236 3.9320
v  -1.6653 -3.7236 3.8728
v  -1.3417 -3.7235 3.9833
v  -1.3376 -3.7236 3.9230
v  -0.9933 -3.7236 4.0108
v  -0.9876 -3.7236 3.9509
v  -0.7272 -3.7236 4.0232
v  -0.7245 -3.7236 3.9627
v  -0.4824 -3.7236 4.0306
v  -0.4799 -3.7236 3.9707
v  -0.2134 -3.7235 4.0345
v  -0.2114 -3.7236 3.9739
v  -0.0000 -3.7235 4.0372
v  -3.6470 -3.7236 2.2928
v  -3.7091 -3.7236 2.3162
v  -0.0000 -3.7131 -1.3156
v  -0.1172 -3.7122 -1.3138
v  -0.2948 -3.7138 -1.3129
v  -0.4553 -3.7112 -1.3085
v  -0.6190 -3.7112 -1.3055
v  -0.8088 -3.7121 -1.2983
v  -0.9973 -3.7128 -1.2897
v  -1.3361 -3.7117 -1.2620
v  -1.6780 -3.7130 -1.2110
v  -2.0089 -3.7128 -1.1294
v  -2.3345 -3.7131 -1.0139
v  -2.6419 -3.7133 -0.8657
v  -2.9316 -3.7128 -0.6706
v  -3.1813 -3.7135 -0.4420
v  -3.4001 -3.7135 -0.1774
v  -3.5765 -3.7132 0.1011
v  -3.7207 -3.7133 0.4113
v  -3.8252 -3.7132 0.7427
v  -3.8835 -3.7131 1.0781
v  -3.8998 -3.7128 1.3666
v  -3.8832 -3.7133 1.6559
v  -3.8223 -3.7132 1.9919
v  -3.7176 -3.7133 2.3206
v  -3.5725 -3.7130 2.6291
v  -3.3900 -3.7126 2.9215
v  -3.1726 -3.7141 3.1834
v  -2.9282 -3.7140 3.4043
v  -2.6371 -3.7131 3.5984
v  -2.3363 -3.7133 3.7420
v  -2.0117 -3.7139 3.8588
v  -1.6807 -3.7135 3.9411
v  -1.3414 -3.7139 3.9927
v  -0.9916 -3.7124 4.0211
v  -0.7254 -3.7141 4.0330
v  -0.4812 -3.7143 4.0391
v  -0.2129 -3.7139 4.0435
v  -0.0000 -3.6595 -1.3156
v  -0.1188 -3.6586 -1.3171
v  -0.2925 -3.6608 -1.3122
v  -0.4571 -3.6609 -1.3089
v  -0.6199 -3.6603 -1.3057
v  -0.8102 -3.6572 -1.2999
v  -0.9955 -3.6543 -1.2891
v  -1.3405 -3.6609 -1.2615
v  -1.6789 -3.6616 -1.2095
v  -2.0089 -3.6595 -1.1294
v  -2.3345 -3.6597 -1.0139
v  -2.6423 -3.6573 -0.8652
v  -2.9266 -3.6565 -0.6733
v  -3.1826 -3.6592 -0.4410
v  -3.3999 -3.6594 -0.1773
v  -3.5773 -3.6587 0.1021
v  -3.7205 -3.6595 0.4112
v  -3.8252 -3.6592 0.7440
v  -3.8837 -3.6599 1.0783
v  -3.8992 -3.6604 1.3674
v  -3.8833 -3.6604 1.6558
v  -3.8227 -3.6594 1.9921
v  -3.7177 -3.6595 2.3200
v  -3.5733 -3.6598 2.6287
v  -3.3909 -3.6601 2.9207
v  -3.1695 -3.6610 3.1856
v  -2.9280 -3.6605 3.4042
v  -2.6378 -3.6596 3.5980
v  -2.3351 -3.6599 3.7431
v  -2.0110 -3.6588 3.8589
v  -1.6815 -3.6636 3.9464
v  -1.3416 -3.6578 3.9929
v  -0.9947 -3.6551 4.0158
v  -0.7174 -3.6601 4.0323
v  -0.4721 -3.6593 4.0392
v  -0.2046 -3.6590 4.0438
v  -1.2677 -3.6588 -0.3301
v  -1.1480 -3.6384 -0.0811
v  -0.6896 -3.6476 -0.2230
v  -0.6220 -3.6570 -0.3494
v  -1.6310 -3.6550 -0.2145
v  -1.4811 -3.6351 0.0210
v  -2.0803 -3.6511 -0.0252
v  -1.8852 -3.6309 0.1808
v  -2.3922 -3.6474 0.1852
v  -2.1634 -3.6252 0.3678
v  -2.6473 -3.6478 0.4428
v  -2.4175 -3.6270 0.5779
v  -2.9083 -3.6504 0.8445
v  -2.6721 -3.6296 0.9192
v  -3.0142 -3.6524 1.1710
v  -2.7730 -3.6323 1.1960
v  -3.0251 -3.6524 1.3694
v  -2.7822 -3.6317 1.3689
v  -3.0137 -3.6527 1.5696
v  -2.7724 -3.6325 1.5432
v  -2.9053 -3.6506 1.9007
v  -2.6703 -3.6298 1.8239
v  -2.4345 -3.6478 2.5051
v  -2.2118 -3.6273 2.3443
v  -2.4929 -3.6273 2.0876
v  -2.7262 -3.6487 2.2122
v  -2.0780 -3.6511 2.7575
v  -1.8851 -3.6308 2.5510
v  -1.6212 -3.6552 2.9504
v  -1.4724 -3.6354 2.7146
v  -1.2599 -3.6572 3.0424
v  -1.1433 -3.6372 2.7906
v  -1.0130 -3.6580 3.0766
v  -0.9234 -3.6393 2.8347
v  -0.7467 -3.6597 3.1135
v  -0.4938 -3.6405 2.8664
v  -0.1420 -3.5646 0.8635
v  -0.1453 -3.5693 0.8006
v  -0.2848 -3.5726 0.7582
v  -0.2799 -3.5653 0.8548
v  -0.1409 -3.6818 -0.6874
v  -0.1166 -3.7233 -1.2383
v  -0.2926 -3.7232 -1.2366
v  -0.2818 -3.6807 -0.6708
v  -0.4504 -3.7233 -1.2338
v  -0.4109 -3.6797 -0.6556
v  -0.6116 -3.7233 -1.2299
v  -0.5327 -3.6788 -0.6412
v  -0.4161 -3.5780 0.6877
v  -0.3996 -3.5650 0.8588
v  -0.7999 -3.7233 -1.2233
v  -0.6895 -3.6774 -0.6179
v  -0.5277 -3.5850 0.5974
v  -0.6867 -3.5649 0.8657
v  -0.9869 -3.7233 -1.2136
v  -1.3126 -3.7233 -1.1870
v  -1.0821 -3.6746 -0.5596
v  -1.0337 -3.6189 0.1733
v  -0.8850 -3.5942 0.4833
v  -0.6929 -3.6038 0.3540
v  -0.7334 -3.6145 0.2151
v  -1.6528 -3.7233 -1.1377
v  -1.3578 -3.6743 -0.5238
v  -0.5875 -3.5296 1.3253
v  -0.4936 -3.5296 1.3253
v  -0.8698 -3.5626 0.9010
v  -1.3195 -3.6136 0.2766
v  -1.1486 -3.5895 0.5717
v  -1.9785 -3.7233 -1.0580
v  -1.7631 -3.6727 -0.4209
v  -2.2969 -3.7234 -0.9455
v  -1.6804 -3.6088 0.4093
v  -1.3889 -3.5837 0.6739
v  -2.5956 -3.7233 -0.8046
v  -2.2512 -3.6697 -0.2063
v  -1.0888 -3.5602 0.9400
v  -1.3138 -3.5596 0.9777
v  -0.9225 -3.5298 1.3253
v  -0.7690 -3.5302 1.3257
v  -2.8742 -3.7233 -0.6181
v  -1.9356 -3.6055 0.5456
v  -1.6248 -3.5778 0.7882
v  -3.1168 -3.7233 -0.3947
v  -2.5503 -3.6645 0.0586
v  -1.5966 -3.5551 1.0740
v  -1.2808 -3.5303 1.3255
v  -2.1819 -3.6057 0.7165
v  -1.8797 -3.5795 0.8855
v  -3.3340 -3.7233 -0.1363
v  -2.8489 -3.6671 0.3240
v  -3.5058 -3.7233 0.1283
v  -1.4463 -3.5315 1.3253
v  -1.8137 -3.5585 1.1882
v  -2.4293 -3.6084 0.9936
v  -2.1284 -3.5830 1.0894
v  -3.6503 -3.7233 0.4425
v  -3.1156 -3.6693 0.7792
v  -3.7503 -3.7233 0.7603
v  -1.8749 -3.5608 1.2865
v  -2.5271 -3.6129 1.2223
v  -2.2011 -3.5863 1.2553
v  -3.8091 -3.7233 1.0857
v  -3.2183 -3.6703 1.1498
v  -1.4457 -3.5305 1.3659
v  -1.8862 -3.5632 1.3693
v  -2.5345 -3.6118 1.3680
v  -2.2104 -3.5872 1.3689
v  -3.8244 -3.7233 1.3682
v  -3.2306 -3.6707 1.3699
v  -1.4452 -3.5308 1.4057
v  -1.8740 -3.5607 1.4472
v  -2.5264 -3.6131 1.5153
v  -2.2003 -3.5864 1.4803
v  -3.8072 -3.7233 1.6487
v  -3.2178 -3.6704 1.5921
v  -1.7813 -3.5562 1.5331
v  -2.4287 -3.6087 1.7472
v  -2.1264 -3.5828 1.6473
v  -3.7464 -3.7233 1.9832
v  -3.1117 -3.6694 1.9679
v  -1.2790 -3.5301 1.4056
v  -1.6128 -3.5547 1.6443
v  -1.3786 -3.5575 1.7243
v  -0.9305 -3.5297 1.4057
v  -1.9890 -3.6064 2.1712
v  -1.6855 -3.5804 1.9455
v  -1.9307 -3.5791 1.8075
v  -2.2565 -3.6058 1.9580
v  -2.9236 -3.6677 2.3176
v  -3.5053 -3.7233 2.5971
v  -3.3209 -3.7233 2.8875
v  -2.6348 -3.6664 2.6381
v  -3.1091 -3.7233 3.1341
v  -1.0981 -3.5608 1.7973
v  -0.7690 -3.5302 1.4055
v  -1.6919 -3.6100 2.3347
v  -1.3888 -3.5848 2.0638
v  -2.8807 -3.7233 3.3445
v  -2.2473 -3.6696 2.9389
v  -2.5975 -3.7233 3.5336
v  -0.8874 -3.5634 1.8399
v  -0.5891 -3.5296 1.4057
v  -1.3240 -3.6149 2.4700
v  -1.0990 -3.5889 2.1561
v  -2.2963 -3.7233 3.6772
v  -1.7517 -3.6728 3.1575
v  -1.9865 -3.7233 3.7866
v  -0.4974 -3.5296 1.4057
v  -0.7214 -3.5661 1.8781
v  -1.0258 -3.6170 2.5332
v  -0.8784 -3.5929 2.2260
v  -1.6635 -3.7233 3.8671
v  -1.3587 -3.6742 3.2554
v  -0.5784 -3.5673 1.8996
v  -0.8288 -3.6196 2.5797
v  -0.7118 -3.5954 2.2640
v  -1.3363 -3.7233 3.9172
v  -1.0919 -3.6746 3.2901
v  -0.3412 -3.5296 1.4057
v  -0.4420 -3.5677 1.9073
v  -0.4753 -3.5986 2.3137
v  -0.4938 -3.5932 2.2426
v  -0.9868 -3.7233 3.9451
v  -0.8088 -3.6749 3.3108
v  -0.2570 -3.5302 1.4055
v  -0.2963 -3.5682 1.9151
v  -0.7239 -3.7233 3.9567
v  -0.5895 -3.6749 3.3184
v  -0.1146 -3.5296 1.4057
v  -0.1894 -3.5683 1.9173
v  -0.4794 -3.7233 3.9647
v  -0.3803 -3.6750 3.3251
v  -0.2113 -3.7233 3.9679
v  -0.1650 -3.6750 3.3270
v  -3.6417 -3.7233 2.2901
v  -0.7478 -3.6259 0.0645
v  -0.7335 -3.6370 -0.0821
v  -0.4825 -3.6350 2.7941
v  -0.5586 -3.6615 3.1421
v  -0.3550 -3.6625 3.1597
v  -0.1561 -3.6628 3.1660
v  -0.6233 -3.5939 0.4829
v  -0.4839 -3.5877 2.1702
v  -0.1283 -3.2265 0.7589
v  -0.1376 -3.5472 0.7571
v  -0.0000 -3.5461 0.7706
v  -0.0000 -3.2265 0.7706
v  -0.2504 -3.2265 0.7247
v  -0.2699 -3.5504 0.7169
v  -0.3858 -3.2265 0.6557
v  -0.3919 -3.5556 0.6517
v  -0.4985 -3.2265 0.5641
v  -0.4987 -3.5626 0.5640
v  -0.6394 -3.2265 0.3321
v  -0.6514 -3.5808 0.3353
v  -0.5863 -3.5711 0.4571
v  -0.5799 -3.2265 0.4490
v  -0.6970 -3.2265 0.0726
v  -0.7050 -3.6021 0.0656
v  -0.6915 -3.5913 0.2031
v  -0.6788 -3.2265 0.1984
v  -0.6915 -3.2265 -0.0718
v  -0.6915 -3.6128 -0.0718
v  -0.6514 -3.2265 -0.2040
v  -0.6514 -3.6230 -0.2040
v  -0.5901 -3.2265 -0.3202
v  -0.5863 -3.6324 -0.3259
v  -0.4984 -3.2265 -0.4330
v  -0.4987 -3.6406 -0.4327
v  -0.3858 -3.2265 -0.5245
v  -0.3919 -3.6473 -0.5204
v  -0.1377 -3.6552 -0.6258
v  -0.1283 -3.2265 -0.6276
v  -0.0000 -3.2265 -0.6394
v  -0.0000 -3.6563 -0.6394
v  -0.2700 -3.6522 -0.5856
v  -0.2595 -3.2265 -0.5899
v  -0.2713 -3.5672 0.7224
v  -0.1383 -3.5643 0.7626
v  -0.3949 -3.5723 0.6564
v  -0.5019 -3.5792 0.5692
v  -0.5912 -3.5880 0.4612
v  -0.6571 -3.5976 0.3387
v  -0.6972 -3.6072 0.2062
v  -0.7111 -3.6179 0.0654
v  -0.6974 -3.6287 -0.0735
v  -0.6565 -3.6390 -0.2072
v  -0.5912 -3.6485 -0.3288
v  -0.5028 -3.6568 -0.4366
v  -0.3958 -3.6635 -0.5243
v  -0.1389 -3.6711 -0.6303
v  -0.2728 -3.6684 -0.5901
v  -0.2771 -3.5740 0.7397
v  -0.1414 -3.5708 0.7809
v  -0.4050 -3.5793 0.6711
v  -0.5136 -3.5861 0.5831
v  -0.6067 -3.5947 0.4717
v  -0.6742 -3.6043 0.3464
v  -0.7137 -3.6147 0.2113
v  -0.7277 -3.6258 0.0645
v  -0.7138 -3.6366 -0.0781
v  -0.6711 -3.6469 -0.2153
v  -0.6053 -3.6561 -0.3383
v  -0.5147 -3.6642 -0.4489
v  -0.4060 -3.6708 -0.5380
v  -0.1421 -3.6787 -0.6459
v  -0.2801 -3.6758 -0.6055
v  -0.5289 -3.6653 -0.4630
v  -0.4172 -3.6721 -0.5546
v  -0.2877 -3.6772 -0.6240
v  -0.1460 -3.6802 -0.6655
v  -0.0000 -3.6813 -0.6810
v  -0.0000 -3.6830 -0.7041
v  -0.3125 -3.6275 2.6962
v  -0.2528 -3.6282 2.7074
v  -0.2455 -3.6268 2.6889
v  -0.3125 -3.6259 2.6762
v  -0.2005 -3.6307 2.7408
v  -0.1868 -3.6296 2.7264
v  -0.1647 -3.6346 2.7913
v  -0.1467 -3.6338 2.7831
v  -0.1503 -3.6394 2.8541
v  -0.1305 -3.6392 2.8535
v  -0.1616 -3.6442 2.9175
v  -0.1432 -3.6446 2.9246
v  -0.1950 -3.6480 2.9696
v  -0.1807 -3.6490 2.9831
v  -0.2410 -3.6506 3.0032
v  -0.2323 -3.6519 3.0208
v  -0.3108 -3.6518 3.0195
v  -0.3106 -3.6534 3.0392
v  -0.3834 -3.6288 2.7132
v  -0.3922 -3.6274 2.6954
v  -0.4319 -3.6316 2.7493
v  -0.4466 -3.6306 2.7359
v  -0.4639 -3.6355 2.8011
v  -0.4740 -3.6404 2.8656
v  -0.4575 -3.6452 2.9289
v  -0.4753 -3.6459 2.9375
v  -0.4217 -3.6488 2.9768
v  -0.4352 -3.6499 2.9912
v  -0.3700 -3.6512 3.0088
v  -0.3771 -3.6526 3.0271
v  -0.3613 -3.6290 2.9879
v  -0.3122 -3.6297 2.9968
v  -0.3122 -3.5853 2.9968
v  -0.3613 -3.5846 2.9879
v  -0.4051 -3.6266 2.9610
v  -0.4051 -3.5822 2.9610
v  -0.4361 -3.6238 2.9199
v  -0.4361 -3.5794 2.9199
v  -0.4501 -3.6198 2.8659
v  -0.4501 -3.5754 2.8659
v  -0.4413 -3.6153 2.8112
v  -0.4413 -3.5709 2.8112
v  -0.4144 -3.6124 2.7671
v  -0.4144 -3.5680 2.7671
v  -0.3732 -3.6099 2.7363
v  -0.3732 -3.5654 2.7363
v  -0.3129 -3.6081 2.7223
v  -0.3129 -3.5637 2.7223
v  -0.2641 -3.6092 2.7311
v  -0.2641 -3.5648 2.7311
v  -0.2201 -3.6115 2.7578
v  -0.2201 -3.5671 2.7578
v  -0.1889 -3.6147 2.7991
v  -0.1889 -3.5703 2.7991
v  -0.1750 -3.6189 2.8533
v  -0.1750 -3.5745 2.8533
v  -0.1836 -3.6231 2.9077
v  -0.1836 -3.5787 2.9077
v  -0.2105 -3.6260 2.9516
v  -0.2105 -3.5816 2.9516
v  -0.2517 -3.6286 2.9826
v  -0.2517 -3.5842 2.9826
v  -0.3768 -3.6236 2.7276
v  -0.3126 -3.6227 2.7128
v  -0.4206 -3.6262 2.7602
v  -0.4493 -3.6296 2.8071
v  -0.4585 -3.6341 2.8653
v  -0.4437 -3.6384 2.9226
v  -0.4110 -3.6416 2.9660
v  -0.3644 -3.6440 2.9947
v  -0.3116 -3.6447 3.0043
v  -0.2480 -3.6438 2.9893
v  -0.2056 -3.6414 2.9576
v  -0.1761 -3.6379 2.9109
v  -0.1664 -3.6336 2.8535
v  -0.1802 -3.6293 2.7965
v  -0.2129 -3.6258 2.7517
v  -0.2598 -3.6235 2.7225
v  -0.3125 -3.5802 2.0724
v  -0.2528 -3.5810 2.0837
v  -0.2455 -3.5795 2.0652
v  -0.3125 -3.5786 2.0525
v  -0.2005 -3.5834 2.1171
v  -0.1868 -3.5818 2.1027
v  -0.1647 -3.5872 2.1676
v  -0.1467 -3.5864 2.1594
v  -0.1503 -3.5920 2.2304
v  -0.1305 -3.5919 2.2298
v  -0.1616 -3.5968 2.2937
v  -0.1432 -3.5973 2.3009
v  -0.1950 -3.6008 2.3459
v  -0.1807 -3.6018 2.3594
v  -0.2410 -3.6033 2.3795
v  -0.2323 -3.6047 2.3971
v  -0.3108 -3.6046 2.3958
v  -0.3106 -3.6061 2.4155
v  -0.3834 -3.5815 2.0895
v  -0.3922 -3.5802 2.0716
v  -0.4319 -3.5843 2.1256
v  -0.4466 -3.5833 2.1122
v  -0.4639 -3.5883 2.1774
v  -0.4740 -3.5931 2.2418
v  -0.4575 -3.5979 2.3052
v  -0.4217 -3.6015 2.3531
v  -0.4352 -3.6026 2.3675
v  -0.3700 -3.6038 2.3851
v  -0.3771 -3.6053 2.4034
v  -0.3613 -3.5818 2.3642
v  -0.3121 -3.5823 2.3735
v  -0.3122 -3.5380 2.3730
v  -0.3613 -3.5374 2.3641
v  -0.4053 -3.5793 2.3375
v  -0.4051 -3.5349 2.3373
v  -0.4360 -3.5765 2.2961
v  -0.4361 -3.5321 2.2962
v  -0.4500 -3.5726 2.2422
v  -0.4501 -3.5282 2.2422
v  -0.4408 -3.5682 2.1876
v  -0.4413 -3.5237 2.1874
v  -0.4141 -3.5653 2.1436
v  -0.4144 -3.5207 2.1434
v  -0.3729 -3.5628 2.1133
v  -0.3732 -3.5182 2.1126
v  -0.3129 -3.5610 2.0992
v  -0.3129 -3.5165 2.0986
v  -0.2641 -3.5620 2.1074
v  -0.2641 -3.5175 2.1074
v  -0.2203 -3.5643 2.1344
v  -0.2201 -3.5198 2.1341
v  -0.1894 -3.5676 2.1756
v  -0.1889 -3.5230 2.1754
v  -0.1750 -3.5717 2.2295
v  -0.1750 -3.5272 2.2295
v  -0.1837 -3.5759 2.2839
v  -0.1836 -3.5314 2.2840
v  -0.2103 -3.5787 2.3281
v  -0.2105 -3.5343 2.3278
v  -0.2517 -3.5813 2.3590
v  -0.2517 -3.5369 2.3589
v  -0.3766 -3.5768 2.1042
v  -0.3126 -3.5756 2.0892
v  -0.4204 -3.5792 2.1366
v  -0.4490 -3.5827 2.1835
v  -0.4585 -3.5869 2.2415
v  -0.4436 -3.5912 2.2988
v  -0.4110 -3.5943 2.3423
v  -0.3644 -3.5967 2.3710
v  -0.3115 -3.5973 2.3807
v  -0.2479 -3.5965 2.3657
v  -0.2054 -3.5939 2.3341
v  -0.1761 -3.5907 2.2872
v  -0.1663 -3.5863 2.2297
v  -0.1802 -3.5820 2.1728
v  -0.2130 -3.5787 2.1281
v  -0.2599 -3.5766 2.0990
v  -0.3121 -3.6209 2.6100
v  -0.2421 -3.6211 2.6141
v  -0.3875 -3.6206 2.6056
v  -0.4425 -3.6204 2.6024
v  -0.1850 -3.6213 2.6174
v  -0.0000 -3.6629 3.1683
v  -0.0000 -3.6337 2.7831
v  -0.0000 -3.6391 2.8535
v  -0.0000 -3.5866 2.1594
v  -0.0000 -3.5776 2.0414
v  -0.0000 -3.5919 2.2298
v  -0.0000 -3.6017 2.3594
v  -0.3412 -3.5289 1.3957
v  -0.4974 -3.5289 1.3957
v  -0.5891 -3.5289 1.3957
v  -0.7419 -3.5287 1.3954
v  -0.9305 -3.5289 1.3957
v  -0.7943 -3.5282 1.3957
v  -1.2494 -3.5292 1.3912
v  -1.4353 -3.5300 1.3957
v  -1.4358 -3.5297 1.3657
v  -1.4362 -3.5306 1.3353
v  -0.9225 -3.5290 1.3353
v  -1.2513 -3.5287 1.3386
v  -0.5875 -3.5289 1.3353
v  -0.4936 -3.5289 1.3353
v  -0.3440 -3.5289 1.3353
v  -0.3440 -3.5296 1.3253
v  -0.1179 -3.5289 1.3353
v  -0.0000 -3.5289 1.3353
v  -0.0000 -3.5296 1.3258
v  -0.1179 -3.5296 1.3253
v  -1.3091 -3.5273 1.3642
v  -1.2997 -3.5287 1.3440
v  -1.3087 -3.5282 1.3383
v  -1.3189 -3.5273 1.3648
v  -1.2803 -3.5291 1.3361
v  -1.3087 -3.5282 1.3922
v  -1.3015 -3.5282 1.3857
v  -1.2802 -3.5292 1.3952
v  -1.2581 -3.5278 1.3863
v  -1.2397 -3.5268 1.3655
v  -1.2498 -3.5268 1.3656
v  -1.2576 -3.5282 1.3451
v  -0.7972 -3.5273 1.3642
v  -0.7878 -3.5287 1.3440
v  -0.7949 -3.5287 1.3362
v  -0.8070 -3.5273 1.3648
v  -0.7684 -3.5291 1.3361
v  -0.7896 -3.5282 1.3857
v  -0.7691 -3.5292 1.3952
v  -0.7462 -3.5278 1.3863
v  -0.7278 -3.5268 1.3655
v  -0.7379 -3.5268 1.3656
v  -0.7403 -3.5292 1.3354
v  -0.7457 -3.5282 1.3451
v  -0.2854 -3.5273 1.3643
v  -0.2761 -3.5282 1.3438
v  -0.2818 -3.5287 1.3354
v  -0.2954 -3.5268 1.3649
v  -0.2564 -3.5291 1.3361
v  -0.2560 -3.5296 1.3253
v  -0.2816 -3.5287 1.3954
v  -0.2778 -3.5278 1.3860
v  -0.2571 -3.5292 1.3952
v  -0.2299 -3.5287 1.3959
v  -0.2346 -3.5282 1.3863
v  -0.2159 -3.5268 1.3655
v  -0.2259 -3.5268 1.3656
v  -0.2302 -3.5292 1.3357
v  -0.2337 -3.5282 1.3451
v  -0.9265 -3.5290 1.3655
v  -0.5883 -3.5289 1.3655
v  -0.4955 -3.5289 1.3655
v  -0.3426 -3.5289 1.3655
v  -0.1146 -3.5289 1.3957
v  -0.0000 -3.5289 1.3655
v  -0.1162 -3.5289 1.3655
v  -1.3091 -3.5195 1.3642
v  -1.2997 -3.5210 1.3440
v  -1.2803 -3.5214 1.3361
v  -1.3015 -3.5205 1.3857
v  -1.2802 -3.5214 1.3952
v  -1.2581 -3.5200 1.3863
v  -1.2498 -3.5190 1.3656
v  -1.2576 -3.5205 1.3451
v  -0.7972 -3.5195 1.3642
v  -0.7878 -3.5210 1.3440
v  -0.7684 -3.5214 1.3361
v  -0.7896 -3.5205 1.3857
v  -0.7691 -3.5214 1.3952
v  -0.7462 -3.5200 1.3863
v  -0.7379 -3.5190 1.3656
v  -0.7457 -3.5205 1.3451
v  -0.2854 -3.5195 1.3643
v  -0.2761 -3.5205 1.3438
v  -0.2564 -3.5214 1.3361
v  -0.2778 -3.5200 1.3860
v  -0.2571 -3.5214 1.3952
v  -0.2346 -3.5205 1.3863
v  -0.2259 -3.5190 1.3656
v  -0.2337 -3.5205 1.3451
v  -0.0000 -3.6220 2.6282
v  -0.1166 -3.7236 -1.2413
v  -0.0000 -3.7236 -1.2425
v  -0.2926 -3.7235 -1.2396
v  -0.4506 -3.7236 -1.2368
v  -0.6119 -3.7236 -1.2329
v  -0.8004 -3.7236 -1.2262
v  -0.9881 -3.7236 -1.2164
v  -1.3137 -3.7236 -1.1898
v  -1.6541 -3.7236 -1.1404
v  -1.9794 -3.7236 -1.0609
v  -2.2990 -3.7236 -0.9476
v  -2.5971 -3.7236 -0.8072
v  -2.8766 -3.7236 -0.6198
v  -3.1191 -3.7236 -0.3966
v  -3.3361 -3.7235 -0.1384
v  -3.5086 -3.7236 0.1274
v  -3.6528 -3.7236 0.4409
v  -3.7533 -3.7236 0.7602
v  -3.8121 -3.7235 1.0854
v  -3.8274 -3.7236 1.3682
v  -3.8101 -3.7236 1.6491
v  -3.7494 -3.7236 1.9834
v  -3.3237 -3.7236 2.8885
v  -3.5079 -3.7236 2.5985
v  -3.1111 -3.7236 3.1363
v  -2.8832 -3.7236 3.3462
v  -2.5990 -3.7236 3.5362
v  -2.2984 -3.7236 3.6793
v  -1.9874 -3.7236 3.7895
v  -1.6648 -3.7236 3.8698
v  -1.3374 -3.7236 3.9200
v  -0.9875 -3.7236 3.9479
v  -0.7245 -3.7236 3.9597
v  -0.4798 -3.7236 3.9677
v  -0.2114 -3.7236 3.9709
v  -3.6442 -3.7236 2.2918
v  -0.0000 -3.7233 -1.2395
v  -0.0000 -3.7141 4.0467
v  -0.0000 -3.5683 0.8124
v  -0.0000 -3.5297 1.4065
v  -0.0000 -3.5626 0.7773
v  -0.0000 -3.5696 0.7944
v  1.2795 -3.4464 1.3653
v  0.7677 -3.4464 1.3653
v  0.2559 -3.4463 1.3653
v  -0.2559 -3.4463 1.3653
v  -0.7677 -3.4464 1.3653
v  -1.2795 -3.4464 1.3653
v  0.0001 -1.4448 0.0002
v  2.4135 -3.7730 -0.4496
v  2.4135 -3.7680 -0.4496
v  2.4089 -3.7730 -0.4477
v  2.4184 -3.7730 -0.4435
v  2.4150 -3.7730 -0.4399
v  2.4184 -3.7680 -0.4435
v  2.4251 -3.7730 -0.4397
v  2.4236 -3.7730 -0.4349
v  2.4251 -3.7680 -0.4397
v  2.4335 -3.7730 -0.4386
v  2.4337 -3.7730 -0.4337
v  2.4335 -3.7680 -0.4386
v  2.4416 -3.7730 -0.4410
v  2.4435 -3.7730 -0.4364
v  2.4416 -3.7680 -0.4410
v  2.4476 -3.7730 -0.4459
v  2.4513 -3.7730 -0.4425
v  2.4476 -3.7680 -0.4459
v  2.4515 -3.7730 -0.4526
v  2.4563 -3.7730 -0.4511
v  2.4515 -3.7680 -0.4526
v  2.4526 -3.7730 -0.4610
v  2.4576 -3.7730 -0.4612
v  2.4526 -3.7680 -0.4610
v  2.4502 -3.7730 -0.4691
v  2.4548 -3.7730 -0.4710
v  2.4502 -3.7680 -0.4691
v  2.4454 -3.7730 -0.4751
v  2.4487 -3.7730 -0.4788
v  2.4454 -3.7680 -0.4751
v  2.4386 -3.7730 -0.4790
v  2.4401 -3.7730 -0.4838
v  2.4386 -3.7680 -0.4790
v  2.4303 -3.7730 -0.4800
v  2.4300 -3.7730 -0.4850
v  2.4303 -3.7680 -0.4800
v  2.4222 -3.7730 -0.4777
v  2.4202 -3.7730 -0.4823
v  2.4222 -3.7680 -0.4777
v  2.4161 -3.7730 -0.4728
v  2.4124 -3.7730 -0.4762
v  2.4161 -3.7680 -0.4728
v  2.4122 -3.7730 -0.4661
v  2.4075 -3.7730 -0.4676
v  2.4122 -3.7680 -0.4661
v  2.4112 -3.7730 -0.4577
v  2.4062 -3.7730 -0.4575
v  2.4112 -3.7680 -0.4577
v  2.4184 -3.7730 3.1750
v  2.4184 -3.7680 3.1750
v  2.4150 -3.7730 3.1713
v  2.4135 -3.7730 3.1811
v  2.4089 -3.7730 3.1791
v  2.4135 -3.7680 3.1811
v  2.4251 -3.7730 3.1712
v  2.4251 -3.7680 3.1712
v  2.4236 -3.7730 3.1664
v  2.4335 -3.7730 3.1701
v  2.4335 -3.7680 3.1701
v  2.4337 -3.7730 3.1651
v  2.4416 -3.7730 3.1725
v  2.4416 -3.7680 3.1725
v  2.4435 -3.7730 3.1679
v  2.4476 -3.7730 3.1773
v  2.4476 -3.7680 3.1773
v  2.4513 -3.7730 3.1740
v  2.4515 -3.7730 3.1841
v  2.4515 -3.7680 3.1841
v  2.4563 -3.7730 3.1826
v  2.4526 -3.7730 3.1925
v  2.4526 -3.7680 3.1925
v  2.4576 -3.7730 3.1927
v  2.4502 -3.7730 3.2005
v  2.4502 -3.7680 3.2005
v  2.4548 -3.7730 3.2025
v  2.4454 -3.7730 3.2066
v  2.4454 -3.7680 3.2066
v  2.4487 -3.7730 3.2103
v  2.4386 -3.7730 3.2105
v  2.4386 -3.7680 3.2105
v  2.4401 -3.7730 3.2152
v  2.4303 -3.7730 3.2115
v  2.4303 -3.7680 3.2115
v  2.4300 -3.7730 3.2165
v  2.4222 -3.7730 3.2091
v  2.4222 -3.7680 3.2091
v  2.4202 -3.7730 3.2138
v  2.4161 -3.7730 3.2043
v  2.4161 -3.7680 3.2043
v  2.4124 -3.7730 3.2077
v  2.4122 -3.7730 3.1975
v  2.4122 -3.7680 3.1975
v  2.4075 -3.7730 3.1991
v  2.4112 -3.7730 3.1892
v  2.4112 -3.7680 3.1892
v  2.4062 -3.7730 3.1889
v  -2.4184 -3.7730 -0.4435
v  -2.4184 -3.7680 -0.4435
v  -2.4150 -3.7730 -0.4399
v  -2.4135 -3.7730 -0.4496
v  -2.4089 -3.7730 -0.4477
v  -2.4135 -3.7680 -0.4496
v  -2.4251 -3.7730 -0.4397
v  -2.4251 -3.7680 -0.4397
v  -2.4236 -3.7730 -0.4349
v  -2.4335 -3.7730 -0.4386
v  -2.4335 -3.7680 -0.4386
v  -2.4337 -3.7730 -0.4337
v  -2.4416 -3.7730 -0.4410
v  -2.4416 -3.7680 -0.4410
v  -2.4435 -3.7730 -0.4364
v  -2.4477 -3.7730 -0.4459
v  -2.4477 -3.7680 -0.4459
v  -2.4514 -3.7730 -0.4425
v  -2.4515 -3.7730 -0.4526
v  -2.4515 -3.7680 -0.4526
v  -2.4563 -3.7730 -0.4511
v  -2.4526 -3.7730 -0.4610
v  -2.4526 -3.7680 -0.4610
v  -2.4576 -3.7730 -0.4612
v  -2.4502 -3.7730 -0.4691
v  -2.4502 -3.7680 -0.4691
v  -2.4548 -3.7730 -0.4710
v  -2.4454 -3.7730 -0.4751
v  -2.4454 -3.7680 -0.4751
v  -2.4487 -3.7730 -0.4788
v  -2.4386 -3.7730 -0.4790
v  -2.4386 -3.7680 -0.4790
v  -2.4401 -3.7730 -0.4838
v  -2.4303 -3.7730 -0.4800
v  -2.4303 -3.7680 -0.4800
v  -2.4300 -3.7730 -0.4850
v  -2.4222 -3.7730 -0.4777
v  -2.4222 -3.7680 -0.4777
v  -2.4202 -3.7730 -0.4823
v  -2.4161 -3.7730 -0.4728
v  -2.4161 -3.7680 -0.4728
v  -2.4124 -3.7730 -0.4762
v  -2.4122 -3.7730 -0.4661
v  -2.4122 -3.7680 -0.4661
v  -2.4075 -3.7730 -0.4676
v  -2.4112 -3.7730 -0.4577
v  -2.4112 -3.7680 -0.4577
v  -2.4062 -3.7730 -0.4575
v  -2.4135 -3.7730 3.1811
v  -2.4135 -3.7680 3.1811
v  -2.4089 -3.7730 3.1791
v  -2.4184 -3.7730 3.1750
v  -2.4150 -3.7730 3.1713
v  -2.4184 -3.7680 3.1750
v  -2.4251 -3.7730 3.1712
v  -2.4236 -3.7730 3.1664
v  -2.4251 -3.7680 3.1712
v  -2.4335 -3.7730 3.1701
v  -2.4337 -3.7730 3.1651
v  -2.4335 -3.7680 3.1701
v  -2.4416 -3.7730 3.1725
v  -2.4435 -3.7730 3.1679
v  -2.4416 -3.7680 3.1725
v  -2.4477 -3.7730 3.1773
v  -2.4514 -3.7730 3.1740
v  -2.4477 -3.7680 3.1773
v  -2.4515 -3.7730 3.1841
v  -2.4563 -3.7730 3.1826
v  -2.4515 -3.7680 3.1841
v  -2.4526 -3.7730 3.1925
v  -2.4576 -3.7730 3.1927
v  -2.4526 -3.7680 3.1925
v  -2.4502 -3.7730 3.2005
v  -2.4548 -3.7730 3.2025
v  -2.4502 -3.7680 3.2005
v  -2.4454 -3.7730 3.2066
v  -2.4487 -3.7730 3.2103
v  -2.4454 -3.7680 3.2066
v  -2.4386 -3.7730 3.2105
v  -2.4401 -3.7730 3.2152
v  -2.4386 -3.7680 3.2105
v  -2.4303 -3.7730 3.2115
v  -2.4300 -3.7730 3.2165
v  -2.4303 -3.7680 3.2115
v  -2.4222 -3.7730 3.2091
v  -2.4202 -3.7730 3.2138
v  -2.4222 -3.7680 3.2091
v  -2.4161 -3.7730 3.2043
v  -2.4124 -3.7730 3.2077
v  -2.4161 -3.7680 3.2043
v  -2.4122 -3.7730 3.1975
v  -2.4075 -3.7730 3.1991
v  -2.4122 -3.7680 3.1975
v  -2.4112 -3.7730 3.1892
v  -2.4062 -3.7730 3.1889
v  -2.4112 -3.7680 3.1892
v  1.8019 -3.7743 -0.6979
v  1.8019 -3.7693 -0.6979
v  1.7973 -3.7743 -0.6959
v  1.8067 -3.7743 -0.6918
v  1.8033 -3.7743 -0.6881
v  1.8067 -3.7693 -0.6918
v  1.8135 -3.7743 -0.6879
v  1.8119 -3.7743 -0.6832
v  1.8135 -3.7693 -0.6879
v  1.8218 -3.7743 -0.6869
v  1.8221 -3.7743 -0.6819
v  1.8218 -3.7693 -0.6869
v  1.8299 -3.7743 -0.6893
v  1.8319 -3.7743 -0.6847
v  1.8299 -3.7693 -0.6893
v  1.8360 -3.7743 -0.6941
v  1.8397 -3.7743 -0.6908
v  1.8360 -3.7693 -0.6941
v  1.8398 -3.7743 -0.7009
v  1.8446 -3.7743 -0.6994
v  1.8398 -3.7693 -0.7009
v  1.8409 -3.7743 -0.7092
v  1.8459 -3.7743 -0.7095
v  1.8409 -3.7693 -0.7092
v  1.8386 -3.7743 -0.7173
v  1.8432 -3.7743 -0.7193
v  1.8386 -3.7693 -0.7173
v  1.8337 -3.7743 -0.7234
v  1.8371 -3.7743 -0.7271
v  1.8337 -3.7693 -0.7234
v  1.8269 -3.7743 -0.7273
v  1.8285 -3.7743 -0.7320
v  1.8269 -3.7693 -0.7273
v  1.8186 -3.7743 -0.7283
v  1.8184 -3.7743 -0.7333
v  1.8186 -3.7693 -0.7283
v  1.8105 -3.7743 -0.7259
v  1.8086 -3.7743 -0.7305
v  1.8105 -3.7693 -0.7259
v  1.8044 -3.7743 -0.7211
v  1.8007 -3.7743 -0.7245
v  1.8044 -3.7693 -0.7211
v  1.8006 -3.7743 -0.7143
v  1.7958 -3.7743 -0.7159
v  1.8006 -3.7693 -0.7143
v  1.7995 -3.7743 -0.7060
v  1.7945 -3.7743 -0.7057
v  1.7995 -3.7693 -0.7060
v  1.8437 -3.7743 3.4128
v  1.8437 -3.7693 3.4128
v  1.8404 -3.7743 3.4091
v  1.8389 -3.7743 3.4189
v  1.8343 -3.7743 3.4169
v  1.8389 -3.7693 3.4189
v  1.8505 -3.7743 3.4090
v  1.8505 -3.7693 3.4090
v  1.8490 -3.7743 3.4042
v  1.8588 -3.7743 3.4079
v  1.8588 -3.7693 3.4079
v  1.8591 -3.7743 3.4029
v  1.8669 -3.7743 3.4103
v  1.8669 -3.7693 3.4103
v  1.8689 -3.7743 3.4057
v  1.8730 -3.7743 3.4151
v  1.8730 -3.7693 3.4151
v  1.8767 -3.7743 3.4118
v  1.8769 -3.7743 3.4219
v  1.8769 -3.7693 3.4219
v  1.8816 -3.7743 3.4204
v  1.8779 -3.7743 3.4303
v  1.8779 -3.7693 3.4303
v  1.8829 -3.7743 3.4305
v  1.8756 -3.7743 3.4383
v  1.8756 -3.7693 3.4383
v  1.8802 -3.7743 3.4403
v  1.8707 -3.7743 3.4444
v  1.8707 -3.7693 3.4444
v  1.8741 -3.7743 3.4481
v  1.8640 -3.7743 3.4483
v  1.8640 -3.7693 3.4483
v  1.8655 -3.7743 3.4530
v  1.8556 -3.7743 3.4493
v  1.8556 -3.7693 3.4493
v  1.8554 -3.7743 3.4543
v  1.8475 -3.7743 3.4469
v  1.8475 -3.7693 3.4469
v  1.8456 -3.7743 3.4516
v  1.8414 -3.7743 3.4421
v  1.8414 -3.7693 3.4421
v  1.8378 -3.7743 3.4455
v  1.8376 -3.7743 3.4353
v  1.8376 -3.7693 3.4353
v  1.8328 -3.7743 3.4369
v  1.8365 -3.7743 3.4270
v  1.8365 -3.7693 3.4270
v  1.8315 -3.7743 3.4267
v  -1.8067 -3.7743 -0.6918
v  -1.8067 -3.7693 -0.6918
v  -1.8033 -3.7743 -0.6881
v  -1.8019 -3.7743 -0.6979
v  -1.7973 -3.7743 -0.6959
v  -1.8019 -3.7693 -0.6979
v  -1.8135 -3.7743 -0.6880
v  -1.8135 -3.7693 -0.6880
v  -1.8120 -3.7743 -0.6832
v  -1.8218 -3.7743 -0.6869
v  -1.8218 -3.7693 -0.6869
v  -1.8221 -3.7743 -0.6819
v  -1.8299 -3.7743 -0.6893
v  -1.8299 -3.7693 -0.6893
v  -1.8319 -3.7743 -0.6847
v  -1.8360 -3.7743 -0.6941
v  -1.8360 -3.7693 -0.6941
v  -1.8397 -3.7743 -0.6908
v  -1.8398 -3.7743 -0.7009
v  -1.8398 -3.7693 -0.7009
v  -1.8446 -3.7743 -0.6994
v  -1.8409 -3.7743 -0.7092
v  -1.8409 -3.7693 -0.7092
v  -1.8459 -3.7743 -0.7095
v  -1.8386 -3.7743 -0.7173
v  -1.8386 -3.7693 -0.7173
v  -1.8432 -3.7743 -0.7193
v  -1.8337 -3.7743 -0.7234
v  -1.8337 -3.7693 -0.7234
v  -1.8371 -3.7743 -0.7271
v  -1.8269 -3.7743 -0.7273
v  -1.8269 -3.7693 -0.7273
v  -1.8285 -3.7743 -0.7320
v  -1.8186 -3.7743 -0.7283
v  -1.8186 -3.7693 -0.7283
v  -1.8184 -3.7743 -0.7333
v  -1.8105 -3.7743 -0.7259
v  -1.8105 -3.7693 -0.7259
v  -1.8086 -3.7743 -0.7305
v  -1.8044 -3.7743 -0.7211
v  -1.8044 -3.7693 -0.7211
v  -1.8007 -3.7743 -0.7245
v  -1.8006 -3.7743 -0.7143
v  -1.8006 -3.7693 -0.7143
v  -1.7958 -3.7743 -0.7159
v  -1.7995 -3.7743 -0.7060
v  -1.7995 -3.7693 -0.7060
v  -1.7945 -3.7743 -0.7057
v  -1.8389 -3.7743 3.4189
v  -1.8389 -3.7693 3.4189
v  -1.8343 -3.7743 3.4169
v  -1.8437 -3.7743 3.4128
v  -1.8404 -3.7743 3.4091
v  -1.8437 -3.7693 3.4128
v  -1.8505 -3.7743 3.4090
v  -1.8490 -3.7743 3.4042
v  -1.8505 -3.7693 3.4090
v  -1.8588 -3.7743 3.4079
v  -1.8591 -3.7743 3.4029
v  -1.8588 -3.7693 3.4079
v  -1.8669 -3.7743 3.4103
v  -1.8689 -3.7743 3.4057
v  -1.8669 -3.7693 3.4103
v  -1.8730 -3.7743 3.4151
v  -1.8767 -3.7743 3.4118
v  -1.8730 -3.7693 3.4151
v  -1.8769 -3.7743 3.4219
v  -1.8816 -3.7743 3.4204
v  -1.8769 -3.7693 3.4219
v  -1.8779 -3.7743 3.4303
v  -1.8829 -3.7743 3.4305
v  -1.8779 -3.7693 3.4303
v  -1.8756 -3.7743 3.4383
v  -1.8802 -3.7743 3.4403
v  -1.8756 -3.7693 3.4383
v  -1.8707 -3.7743 3.4444
v  -1.8741 -3.7743 3.4481
v  -1.8707 -3.7693 3.4444
v  -1.8640 -3.7743 3.4483
v  -1.8655 -3.7743 3.4530
v  -1.8640 -3.7693 3.4483
v  -1.8556 -3.7743 3.4493
v  -1.8554 -3.7743 3.4543
v  -1.8556 -3.7693 3.4493
v  -1.8475 -3.7743 3.4469
v  -1.8456 -3.7743 3.4516
v  -1.8475 -3.7693 3.4469
v  -1.8414 -3.7743 3.4421
v  -1.8378 -3.7743 3.4455
v  -1.8414 -3.7693 3.4421
v  -1.8376 -3.7743 3.4353
v  -1.8328 -3.7743 3.4369
v  -1.8376 -3.7693 3.4353
v  -1.8365 -3.7743 3.4270
v  -1.8315 -3.7743 3.4267
v  -1.8365 -3.7693 3.4270
v  1.1113 -3.7742 -0.8125
v  1.1113 -3.7692 -0.8125
v  1.1067 -3.7742 -0.8105
v  1.1162 -3.7742 -0.8064
v  1.1128 -3.7742 -0.8027
v  1.1162 -3.7692 -0.8064
v  1.1229 -3.7742 -0.8026
v  1.1214 -3.7742 -0.7978
v  1.1229 -3.7692 -0.8026
v  1.1313 -3.7742 -0.8015
v  1.1315 -3.7742 -0.7965
v  1.1313 -3.7692 -0.8015
v  1.1394 -3.7742 -0.8039
v  1.1414 -3.7742 -0.7993
v  1.1394 -3.7692 -0.8039
v  1.1455 -3.7742 -0.8087
v  1.1492 -3.7742 -0.8054
v  1.1455 -3.7692 -0.8087
v  1.1493 -3.7742 -0.8155
v  1.1541 -3.7742 -0.8140
v  1.1493 -3.7692 -0.8155
v  1.1504 -3.7742 -0.8239
v  1.1554 -3.7742 -0.8241
v  1.1504 -3.7692 -0.8239
v  1.1480 -3.7742 -0.8319
v  1.1526 -3.7742 -0.8339
v  1.1480 -3.7692 -0.8319
v  1.1432 -3.7742 -0.8380
v  1.1465 -3.7742 -0.8417
v  1.1432 -3.7692 -0.8380
v  1.1364 -3.7742 -0.8419
v  1.1380 -3.7742 -0.8466
v  1.1364 -3.7692 -0.8419
v  1.1281 -3.7742 -0.8429
v  1.1278 -3.7742 -0.8479
v  1.1281 -3.7692 -0.8429
v  1.1200 -3.7742 -0.8405
v  1.1180 -3.7742 -0.8451
v  1.1200 -3.7692 -0.8405
v  1.1139 -3.7742 -0.8357
v  1.1102 -3.7742 -0.8391
v  1.1139 -3.7692 -0.8357
v  1.1100 -3.7742 -0.8289
v  1.1053 -3.7742 -0.8305
v  1.1100 -3.7692 -0.8289
v  1.1090 -3.7742 -0.8206
v  1.1040 -3.7742 -0.8203
v  1.1090 -3.7692 -0.8206
v  1.2322 -3.7744 3.5270
v  1.2322 -3.7694 3.5270
v  1.2288 -3.7744 3.5233
v  1.2273 -3.7744 3.5330
v  1.2227 -3.7744 3.5311
v  1.2273 -3.7694 3.5330
v  1.2389 -3.7744 3.5231
v  1.2389 -3.7694 3.5231
v  1.2374 -3.7744 3.5183
v  1.2473 -3.7744 3.5221
v  1.2473 -3.7694 3.5221
v  1.2475 -3.7744 3.5171
v  1.2554 -3.7744 3.5244
v  1.2554 -3.7694 3.5244
v  1.2573 -3.7744 3.5198
v  1.2614 -3.7744 3.5293
v  1.2614 -3.7694 3.5293
v  1.2651 -3.7744 3.5259
v  1.2653 -3.7744 3.5361
v  1.2653 -3.7694 3.5361
v  1.2701 -3.7744 3.5345
v  1.2664 -3.7744 3.5444
v  1.2664 -3.7694 3.5444
v  1.2713 -3.7744 3.5446
v  1.2640 -3.7744 3.5525
v  1.2640 -3.7694 3.5525
v  1.2686 -3.7744 3.5545
v  1.2591 -3.7744 3.5586
v  1.2591 -3.7694 3.5586
v  1.2625 -3.7744 3.5623
v  1.2524 -3.7744 3.5624
v  1.2524 -3.7694 3.5624
v  1.2539 -3.7744 3.5672
v  1.2440 -3.7744 3.5635
v  1.2440 -3.7694 3.5635
v  1.2438 -3.7744 3.5685
v  1.2360 -3.7744 3.5611
v  1.2360 -3.7694 3.5611
v  1.2340 -3.7744 3.5657
v  1.2299 -3.7744 3.5562
v  1.2299 -3.7694 3.5562
v  1.2262 -3.7744 3.5596
v  1.2260 -3.7744 3.5495
v  1.2260 -3.7694 3.5495
v  1.2213 -3.7744 3.5510
v  1.2250 -3.7744 3.5411
v  1.2250 -3.7694 3.5411
v  1.2200 -3.7744 3.5409
v  -1.1162 -3.7742 -0.8064
v  -1.1162 -3.7692 -0.8064
v  -1.1128 -3.7742 -0.8027
v  -1.1113 -3.7742 -0.8125
v  -1.1067 -3.7742 -0.8105
v  -1.1113 -3.7692 -0.8125
v  -1.1230 -3.7742 -0.8026
v  -1.1230 -3.7692 -0.8026
v  -1.1214 -3.7742 -0.7978
v  -1.1313 -3.7742 -0.8015
v  -1.1313 -3.7692 -0.8015
v  -1.1315 -3.7742 -0.7965
v  -1.1394 -3.7742 -0.8039
v  -1.1394 -3.7692 -0.8039
v  -1.1414 -3.7742 -0.7993
v  -1.1455 -3.7742 -0.8087
v  -1.1455 -3.7692 -0.8087
v  -1.1492 -3.7742 -0.8054
v  -1.1493 -3.7742 -0.8155
v  -1.1493 -3.7692 -0.8155
v  -1.1541 -3.7742 -0.8140
v  -1.1504 -3.7742 -0.8239
v  -1.1504 -3.7692 -0.8239
v  -1.1554 -3.7742 -0.8241
v  -1.1480 -3.7742 -0.8319
v  -1.1480 -3.7692 -0.8319
v  -1.1526 -3.7742 -0.8339
v  -1.1432 -3.7742 -0.8380
v  -1.1432 -3.7692 -0.8380
v  -1.1465 -3.7742 -0.8417
v  -1.1364 -3.7742 -0.8419
v  -1.1364 -3.7692 -0.8419
v  -1.1380 -3.7742 -0.8466
v  -1.1281 -3.7742 -0.8429
v  -1.1281 -3.7692 -0.8429
v  -1.1278 -3.7742 -0.8479
v  -1.1200 -3.7742 -0.8405
v  -1.1200 -3.7692 -0.8405
v  -1.1180 -3.7742 -0.8452
v  -1.1139 -3.7742 -0.8357
v  -1.1139 -3.7692 -0.8357
v  -1.1102 -3.7742 -0.8391
v  -1.1101 -3.7742 -0.8289
v  -1.1101 -3.7692 -0.8289
v  -1.1053 -3.7742 -0.8305
v  -1.1090 -3.7742 -0.8206
v  -1.1090 -3.7692 -0.8206
v  -1.1040 -3.7742 -0.8203
v  -1.2273 -3.7744 3.5330
v  -1.2273 -3.7694 3.5330
v  -1.2227 -3.7744 3.5311
v  -1.2322 -3.7744 3.5270
v  -1.2288 -3.7744 3.5233
v  -1.2322 -3.7694 3.5270
v  -1.2389 -3.7744 3.5231
v  -1.2374 -3.7744 3.5183
v  -1.2389 -3.7694 3.5231
v  -1.2473 -3.7744 3.5221
v  -1.2475 -3.7744 3.5171
v  -1.2473 -3.7694 3.5221
v  -1.2554 -3.7744 3.5244
v  -1.2573 -3.7744 3.5198
v  -1.2554 -3.7694 3.5244
v  -1.2614 -3.7744 3.5293
v  -1.2651 -3.7744 3.5259
v  -1.2614 -3.7694 3.5293
v  -1.2653 -3.7744 3.5361
v  -1.2701 -3.7744 3.5345
v  -1.2653 -3.7694 3.5361
v  -1.2664 -3.7744 3.5444
v  -1.2714 -3.7744 3.5446
v  -1.2664 -3.7694 3.5444
v  -1.2640 -3.7744 3.5525
v  -1.2686 -3.7744 3.5545
v  -1.2640 -3.7694 3.5525
v  -1.2592 -3.7744 3.5586
v  -1.2625 -3.7744 3.5623
v  -1.2592 -3.7694 3.5586
v  -1.2524 -3.7744 3.5624
v  -1.2539 -3.7744 3.5672
v  -1.2524 -3.7694 3.5624
v  -1.2440 -3.7744 3.5635
v  -1.2438 -3.7744 3.5685
v  -1.2440 -3.7694 3.5635
v  -1.2360 -3.7744 3.5611
v  -1.2340 -3.7744 3.5657
v  -1.2360 -3.7694 3.5611
v  -1.2299 -3.7744 3.5562
v  -1.2262 -3.7744 3.5596
v  -1.2299 -3.7694 3.5562
v  -1.2260 -3.7744 3.5495
v  -1.2213 -3.7744 3.5510
v  -1.2260 -3.7694 3.5495
v  -1.2250 -3.7744 3.5411
v  -1.2200 -3.7744 3.5409
v  -1.2250 -3.7694 3.5411
v  0.3722 -3.7742 -0.8437
v  0.3722 -3.7692 -0.8437
v  0.3676 -3.7742 -0.8418
v  0.3771 -3.7742 -0.8377
v  0.3737 -3.7742 -0.8340
v  0.3771 -3.7692 -0.8377
v  0.3838 -3.7742 -0.8338
v  0.3823 -3.7742 -0.8290
v  0.3838 -3.7692 -0.8338
v  0.3922 -3.7742 -0.8328
v  0.3924 -3.7742 -0.8278
v  0.3922 -3.7692 -0.8328
v  0.4003 -3.7742 -0.8351
v  0.4022 -3.7742 -0.8305
v  0.4003 -3.7692 -0.8351
v  0.4064 -3.7742 -0.8400
v  0.4101 -3.7742 -0.8366
v  0.4064 -3.7692 -0.8400
v  0.4102 -3.7742 -0.8467
v  0.4150 -3.7742 -0.8452
v  0.4102 -3.7692 -0.8467
v  0.4113 -3.7742 -0.8551
v  0.4163 -3.7742 -0.8553
v  0.4113 -3.7692 -0.8551
v  0.4089 -3.7742 -0.8632
v  0.4135 -3.7742 -0.8652
v  0.4089 -3.7692 -0.8632
v  0.4041 -3.7742 -0.8693
v  0.4074 -3.7742 -0.8730
v  0.4041 -3.7692 -0.8693
v  0.3973 -3.7742 -0.8731
v  0.3988 -3.7742 -0.8779
v  0.3973 -3.7692 -0.8731
v  0.3890 -3.7742 -0.8742
v  0.3887 -3.7742 -0.8792
v  0.3890 -3.7692 -0.8742
v  0.3809 -3.7742 -0.8718
v  0.3789 -3.7742 -0.8764
v  0.3809 -3.7692 -0.8718
v  0.3748 -3.7742 -0.8669
v  0.3711 -3.7742 -0.8703
v  0.3748 -3.7692 -0.8669
v  0.3709 -3.7742 -0.8602
v  0.3662 -3.7742 -0.8617
v  0.3709 -3.7692 -0.8602
v  0.3699 -3.7742 -0.8518
v  0.3649 -3.7742 -0.8516
v  0.3699 -3.7692 -0.8518
v  0.6103 -3.7742 3.5630
v  0.6103 -3.7692 3.5630
v  0.6069 -3.7742 3.5593
v  0.6054 -3.7742 3.5691
v  0.6008 -3.7742 3.5671
v  0.6054 -3.7692 3.5691
v  0.6170 -3.7742 3.5592
v  0.6170 -3.7692 3.5592
v  0.6155 -3.7742 3.5544
v  0.6254 -3.7742 3.5581
v  0.6254 -3.7692 3.5581
v  0.6256 -3.7742 3.5531
v  0.6335 -3.7742 3.5605
v  0.6335 -3.7692 3.5605
v  0.6354 -3.7742 3.5559
v  0.6395 -3.7742 3.5654
v  0.6395 -3.7692 3.5654
v  0.6432 -3.7742 3.5620
v  0.6434 -3.7742 3.5721
v  0.6434 -3.7692 3.5721
v  0.6482 -3.7742 3.5706
v  0.6445 -3.7742 3.5805
v  0.6445 -3.7692 3.5805
v  0.6494 -3.7742 3.5807
v  0.6421 -3.7742 3.5886
v  0.6421 -3.7692 3.5886
v  0.6467 -3.7742 3.5905
v  0.6372 -3.7742 3.5946
v  0.6372 -3.7692 3.5946
v  0.6406 -3.7742 3.5983
v  0.6305 -3.7742 3.5985
v  0.6305 -3.7692 3.5985
v  0.6320 -3.7742 3.6032
v  0.6221 -3.7742 3.5995
v  0.6221 -3.7692 3.5995
v  0.6219 -3.7742 3.6045
v  0.6141 -3.7742 3.5972
v  0.6141 -3.7692 3.5972
v  0.6121 -3.7742 3.6018
v  0.6080 -3.7742 3.5923
v  0.6080 -3.7692 3.5923
v  0.6043 -3.7742 3.5957
v  0.6041 -3.7742 3.5855
v  0.6041 -3.7692 3.5855
v  0.5994 -3.7742 3.5871
v  0.6031 -3.7742 3.5772
v  0.6031 -3.7692 3.5772
v  0.5981 -3.7742 3.5770
v  1.0794 -3.7232 -0.1378
v  1.0794 -3.7182 -0.1378
v  1.0748 -3.7232 -0.1358
v  1.0843 -3.7232 -0.1317
v  1.0809 -3.7232 -0.1280
v  1.0843 -3.7182 -0.1317
v  1.0910 -3.7232 -0.1279
v  1.0895 -3.7232 -0.1231
v  1.0910 -3.7182 -0.1279
v  1.0994 -3.7232 -0.1268
v  1.0996 -3.7232 -0.1218
v  1.0994 -3.7182 -0.1268
v  1.1075 -3.7232 -0.1292
v  1.1094 -3.7232 -0.1246
v  1.1075 -3.7182 -0.1292
v  1.1135 -3.7232 -0.1341
v  1.1172 -3.7232 -0.1307
v  1.1135 -3.7182 -0.1341
v  1.1174 -3.7232 -0.1408
v  1.1221 -3.7232 -0.1393
v  1.1174 -3.7182 -0.1408
v  1.1184 -3.7232 -0.1492
v  1.1234 -3.7232 -0.1494
v  1.1184 -3.7182 -0.1492
v  1.1161 -3.7232 -0.1573
v  1.1207 -3.7232 -0.1592
v  1.1161 -3.7182 -0.1573
v  1.1112 -3.7232 -0.1633
v  1.1146 -3.7232 -0.1670
v  1.1112 -3.7182 -0.1633
v  1.1045 -3.7232 -0.1672
v  1.1060 -3.7232 -0.1719
v  1.1045 -3.7182 -0.1672
v  1.0961 -3.7232 -0.1682
v  1.0959 -3.7232 -0.1732
v  1.0961 -3.7182 -0.1682
v  1.0880 -3.7232 -0.1659
v  1.0861 -3.7232 -0.1705
v  1.0880 -3.7182 -0.1659
v  1.0820 -3.7232 -0.1610
v  1.0783 -3.7232 -0.1644
v  1.0820 -3.7182 -0.1610
v  1.0781 -3.7232 -0.1542
v  1.0734 -3.7232 -0.1558
v  1.0781 -3.7182 -0.1542
v  1.0771 -3.7232 -0.1459
v  1.0721 -3.7232 -0.1457
v  1.0771 -3.7182 -0.1459
v  1.0843 -3.7232 2.8632
v  1.0843 -3.7182 2.8632
v  1.0809 -3.7232 2.8595
v  1.0794 -3.7232 2.8692
v  1.0748 -3.7232 2.8673
v  1.0794 -3.7182 2.8692
v  1.0910 -3.7232 2.8593
v  1.0910 -3.7182 2.8593
v  1.0895 -3.7232 2.8546
v  1.0994 -3.7232 2.8583
v  1.0994 -3.7182 2.8583
v  1.0996 -3.7232 2.8533
v  1.1075 -3.7232 2.8606
v  1.1075 -3.7182 2.8606
v  1.1094 -3.7232 2.8560
v  1.1135 -3.7232 2.8655
v  1.1135 -3.7182 2.8655
v  1.1172 -3.7232 2.8621
v  1.1174 -3.7232 2.8723
v  1.1174 -3.7182 2.8723
v  1.1221 -3.7232 2.8707
v  1.1184 -3.7232 2.8806
v  1.1184 -3.7182 2.8806
v  1.1234 -3.7232 2.8809
v  1.1161 -3.7232 2.8887
v  1.1161 -3.7182 2.8887
v  1.1207 -3.7232 2.8907
v  1.1112 -3.7232 2.8948
v  1.1112 -3.7182 2.8948
v  1.1146 -3.7232 2.8985
v  1.1045 -3.7232 2.8986
v  1.1045 -3.7182 2.8986
v  1.1060 -3.7232 2.9034
v  1.0961 -3.7232 2.8997
v  1.0961 -3.7182 2.8997
v  1.0959 -3.7232 2.9047
v  1.0880 -3.7232 2.8973
v  1.0880 -3.7182 2.8973
v  1.0861 -3.7232 2.9019
v  1.0820 -3.7232 2.8925
v  1.0820 -3.7182 2.8925
v  1.0783 -3.7232 2.8958
v  1.0781 -3.7232 2.8857
v  1.0781 -3.7182 2.8857
v  1.0734 -3.7232 2.8872
v  1.0771 -3.7232 2.8773
v  1.0771 -3.7182 2.8773
v  1.0721 -3.7232 2.8771
v  -1.0843 -3.7232 -0.1317
v  -1.0843 -3.7182 -0.1317
v  -1.0809 -3.7232 -0.1280
v  -1.0794 -3.7232 -0.1378
v  -1.0748 -3.7232 -0.1358
v  -1.0794 -3.7182 -0.1378
v  -1.0910 -3.7232 -0.1279
v  -1.0910 -3.7182 -0.1279
v  -1.0895 -3.7232 -0.1231
v  -1.0994 -3.7232 -0.1268
v  -1.0994 -3.7182 -0.1268
v  -1.0996 -3.7232 -0.1218
v  -1.1075 -3.7232 -0.1292
v  -1.1075 -3.7182 -0.1292
v  -1.1094 -3.7232 -0.1246
v  -1.1135 -3.7232 -0.1341
v  -1.1135 -3.7182 -0.1341
v  -1.1172 -3.7232 -0.1307
v  -1.1174 -3.7232 -0.1408
v  -1.1174 -3.7182 -0.1408
v  -1.1222 -3.7232 -0.1393
v  -1.1185 -3.7232 -0.1492
v  -1.1185 -3.7182 -0.1492
v  -1.1234 -3.7232 -0.1494
v  -1.1161 -3.7232 -0.1573
v  -1.1161 -3.7182 -0.1573
v  -1.1207 -3.7232 -0.1592
v  -1.1112 -3.7232 -0.1633
v  -1.1112 -3.7182 -0.1633
v  -1.1146 -3.7232 -0.1670
v  -1.1045 -3.7232 -0.1672
v  -1.1045 -3.7182 -0.1672
v  -1.1060 -3.7232 -0.1719
v  -1.0961 -3.7232 -0.1682
v  -1.0961 -3.7182 -0.1682
v  -1.0959 -3.7232 -0.1732
v  -1.0880 -3.7232 -0.1659
v  -1.0880 -3.7182 -0.1659
v  -1.0861 -3.7232 -0.1705
v  -1.0820 -3.7232 -0.1610
v  -1.0820 -3.7182 -0.1610
v  -1.0783 -3.7232 -0.1644
v  -1.0781 -3.7232 -0.1542
v  -1.0781 -3.7182 -0.1542
v  -1.0734 -3.7232 -0.1558
v  -1.0771 -3.7232 -0.1459
v  -1.0771 -3.7182 -0.1459
v  -1.0721 -3.7232 -0.1457
v  -1.0794 -3.7232 2.8692
v  -1.0794 -3.7182 2.8692
v  -1.0748 -3.7232 2.8673
v  -1.0843 -3.7232 2.8632
v  -1.0809 -3.7232 2.8595
v  -1.0843 -3.7182 2.8632
v  -1.0910 -3.7232 2.8593
v  -1.0895 -3.7232 2.8546
v  -1.0910 -3.7182 2.8593
v  -1.0994 -3.7232 2.8583
v  -1.0996 -3.7232 2.8533
v  -1.0994 -3.7182 2.8583
v  -1.1075 -3.7232 2.8606
v  -1.1094 -3.7232 2.8560
v  -1.1075 -3.7182 2.8606
v  -1.1135 -3.7232 2.8655
v  -1.1172 -3.7232 2.8621
v  -1.1135 -3.7182 2.8655
v  -1.1174 -3.7232 2.8723
v  -1.1222 -3.7232 2.8707
v  -1.1174 -3.7182 2.8723
v  -1.1185 -3.7232 2.8806
v  -1.1234 -3.7232 2.8809
v  -1.1185 -3.7182 2.8806
v  -1.1161 -3.7232 2.8887
v  -1.1207 -3.7232 2.8907
v  -1.1161 -3.7182 2.8887
v  -1.1112 -3.7232 2.8948
v  -1.1146 -3.7232 2.8985
v  -1.1112 -3.7182 2.8948
v  -1.1045 -3.7232 2.8986
v  -1.1060 -3.7232 2.9034
v  -1.1045 -3.7182 2.8986
v  -1.0961 -3.7232 2.8997
v  -1.0959 -3.7232 2.9047
v  -1.0961 -3.7182 2.8997
v  -1.0880 -3.7232 2.8973
v  -1.0861 -3.7232 2.9019
v  -1.0880 -3.7182 2.8973
v  -1.0820 -3.7232 2.8925
v  -1.0783 -3.7232 2.8958
v  -1.0820 -3.7182 2.8925
v  -1.0781 -3.7232 2.8857
v  -1.0734 -3.7232 2.8872
v  -1.0781 -3.7182 2.8857
v  -1.0771 -3.7232 2.8773
v  -1.0721 -3.7232 2.8771
v  -1.0771 -3.7182 2.8773
v  1.6948 -3.7225 -0.0262
v  1.6948 -3.7175 -0.0262
v  1.6902 -3.7225 -0.0243
v  1.6996 -3.7225 -0.0202
v  1.6963 -3.7225 -0.0165
v  1.6996 -3.7175 -0.0202
v  1.7064 -3.7225 -0.0163
v  1.7049 -3.7225 -0.0116
v  1.7064 -3.7175 -0.0163
v  1.7147 -3.7225 -0.0153
v  1.7150 -3.7225 -0.0103
v  1.7147 -3.7175 -0.0153
v  1.7228 -3.7225 -0.0176
v  1.7248 -3.7225 -0.0130
v  1.7228 -3.7175 -0.0176
v  1.7289 -3.7225 -0.0225
v  1.7326 -3.7225 -0.0191
v  1.7289 -3.7175 -0.0225
v  1.7328 -3.7225 -0.0293
v  1.7375 -3.7225 -0.0277
v  1.7328 -3.7175 -0.0293
v  1.7338 -3.7225 -0.0376
v  1.7388 -3.7225 -0.0379
v  1.7338 -3.7175 -0.0376
v  1.7315 -3.7225 -0.0457
v  1.7361 -3.7225 -0.0477
v  1.7315 -3.7175 -0.0457
v  1.7266 -3.7225 -0.0518
v  1.7300 -3.7225 -0.0555
v  1.7266 -3.7175 -0.0518
v  1.7199 -3.7225 -0.0556
v  1.7214 -3.7225 -0.0604
v  1.7199 -3.7175 -0.0556
v  1.7115 -3.7225 -0.0567
v  1.7113 -3.7225 -0.0617
v  1.7115 -3.7175 -0.0567
v  1.7034 -3.7225 -0.0543
v  1.7015 -3.7225 -0.0589
v  1.7034 -3.7175 -0.0543
v  1.6974 -3.7225 -0.0494
v  1.6937 -3.7225 -0.0528
v  1.6974 -3.7175 -0.0494
v  1.6935 -3.7225 -0.0427
v  1.6887 -3.7225 -0.0442
v  1.6935 -3.7175 -0.0427
v  1.6924 -3.7225 -0.0343
v  1.6874 -3.7225 -0.0341
v  1.6924 -3.7175 -0.0343
v  1.6996 -3.7225 2.7516
v  1.6996 -3.7175 2.7516
v  1.6963 -3.7225 2.7479
v  1.6948 -3.7225 2.7577
v  1.6902 -3.7225 2.7557
v  1.6948 -3.7175 2.7577
v  1.7064 -3.7225 2.7478
v  1.7064 -3.7175 2.7478
v  1.7049 -3.7225 2.7430
v  1.7147 -3.7225 2.7467
v  1.7147 -3.7175 2.7467
v  1.7150 -3.7225 2.7417
v  1.7228 -3.7225 2.7491
v  1.7228 -3.7175 2.7491
v  1.7248 -3.7225 2.7445
v  1.7289 -3.7225 2.7540
v  1.7289 -3.7175 2.7540
v  1.7326 -3.7225 2.7506
v  1.7328 -3.7225 2.7607
v  1.7328 -3.7175 2.7607
v  1.7375 -3.7225 2.7592
v  1.7338 -3.7225 2.7691
v  1.7338 -3.7175 2.7691
v  1.7388 -3.7225 2.7693
v  1.7315 -3.7225 2.7772
v  1.7315 -3.7175 2.7772
v  1.7361 -3.7225 2.7791
v  1.7266 -3.7225 2.7832
v  1.7266 -3.7175 2.7832
v  1.7300 -3.7225 2.7869
v  1.7199 -3.7225 2.7871
v  1.7199 -3.7175 2.7871
v  1.7214 -3.7225 2.7918
v  1.7115 -3.7225 2.7881
v  1.7115 -3.7175 2.7881
v  1.7113 -3.7225 2.7931
v  1.7034 -3.7225 2.7858
v  1.7034 -3.7175 2.7858
v  1.7015 -3.7225 2.7904
v  1.6973 -3.7225 2.7809
v  1.6973 -3.7175 2.7809
v  1.6937 -3.7225 2.7843
v  1.6935 -3.7225 2.7741
v  1.6935 -3.7175 2.7741
v  1.6887 -3.7225 2.7757
v  1.6924 -3.7225 2.7658
v  1.6924 -3.7175 2.7658
v  1.6874 -3.7225 2.7656
v  -1.6996 -3.7225 -0.0202
v  -1.6996 -3.7175 -0.0202
v  -1.6963 -3.7225 -0.0165
v  -1.6948 -3.7225 -0.0262
v  -1.6902 -3.7225 -0.0243
v  -1.6948 -3.7175 -0.0262
v  -1.7064 -3.7225 -0.0163
v  -1.7064 -3.7175 -0.0163
v  -1.7049 -3.7225 -0.0116
v  -1.7148 -3.7225 -0.0153
v  -1.7148 -3.7175 -0.0153
v  -1.7150 -3.7225 -0.0103
v  -1.7228 -3.7225 -0.0176
v  -1.7228 -3.7175 -0.0176
v  -1.7248 -3.7225 -0.0130
v  -1.7289 -3.7225 -0.0225
v  -1.7289 -3.7175 -0.0225
v  -1.7326 -3.7225 -0.0191
v  -1.7328 -3.7225 -0.0293
v  -1.7328 -3.7175 -0.0293
v  -1.7375 -3.7225 -0.0277
v  -1.7338 -3.7225 -0.0376
v  -1.7338 -3.7175 -0.0376
v  -1.7388 -3.7225 -0.0379
v  -1.7315 -3.7225 -0.0457
v  -1.7315 -3.7175 -0.0457
v  -1.7361 -3.7225 -0.0477
v  -1.7266 -3.7225 -0.0518
v  -1.7266 -3.7175 -0.0518
v  -1.7300 -3.7225 -0.0555
v  -1.7199 -3.7225 -0.0556
v  -1.7199 -3.7175 -0.0556
v  -1.7214 -3.7225 -0.0604
v  -1.7115 -3.7225 -0.0567
v  -1.7115 -3.7175 -0.0567
v  -1.7113 -3.7225 -0.0617
v  -1.7034 -3.7225 -0.0543
v  -1.7034 -3.7175 -0.0543
v  -1.7015 -3.7225 -0.0589
v  -1.6974 -3.7225 -0.0494
v  -1.6974 -3.7175 -0.0494
v  -1.6937 -3.7225 -0.0528
v  -1.6935 -3.7225 -0.0427
v  -1.6935 -3.7175 -0.0427
v  -1.6887 -3.7225 -0.0442
v  -1.6924 -3.7225 -0.0343
v  -1.6924 -3.7175 -0.0343
v  -1.6874 -3.7225 -0.0341
v  -1.6948 -3.7225 2.7577
v  -1.6948 -3.7175 2.7577
v  -1.6902 -3.7225 2.7557
v  -1.6996 -3.7225 2.7516
v  -1.6963 -3.7225 2.7479
v  -1.6996 -3.7175 2.7516
v  -1.7064 -3.7225 2.7478
v  -1.7049 -3.7225 2.7430
v  -1.7064 -3.7175 2.7478
v  -1.7148 -3.7225 2.7467
v  -1.7150 -3.7225 2.7417
v  -1.7148 -3.7175 2.7467
v  -1.7228 -3.7225 2.7491
v  -1.7248 -3.7225 2.7445
v  -1.7228 -3.7175 2.7491
v  -1.7289 -3.7225 2.7540
v  -1.7326 -3.7225 2.7506
v  -1.7289 -3.7175 2.7540
v  -1.7328 -3.7225 2.7607
v  -1.7375 -3.7225 2.7592
v  -1.7328 -3.7175 2.7607
v  -1.7338 -3.7225 2.7691
v  -1.7388 -3.7225 2.7693
v  -1.7338 -3.7175 2.7691
v  -1.7315 -3.7225 2.7772
v  -1.7361 -3.7225 2.7791
v  -1.7315 -3.7175 2.7772
v  -1.7266 -3.7225 2.7832
v  -1.7300 -3.7225 2.7869
v  -1.7266 -3.7175 2.7832
v  -1.7199 -3.7225 2.7871
v  -1.7214 -3.7225 2.7918
v  -1.7199 -3.7175 2.7871
v  -1.7115 -3.7225 2.7881
v  -1.7113 -3.7225 2.7931
v  -1.7115 -3.7175 2.7881
v  -1.7034 -3.7225 2.7858
v  -1.7015 -3.7225 2.7904
v  -1.7034 -3.7175 2.7858
v  -1.6974 -3.7225 2.7809
v  -1.6937 -3.7225 2.7843
v  -1.6974 -3.7175 2.7809
v  -1.6935 -3.7225 2.7741
v  -1.6887 -3.7225 2.7757
v  -1.6935 -3.7175 2.7741
v  -1.6924 -3.7225 2.7658
v  -1.6874 -3.7225 2.7656
v  -1.6924 -3.7175 2.7658
v  2.2505 -3.7170 0.2590
v  2.2505 -3.7120 0.2590
v  2.2459 -3.7170 0.2609
v  2.2554 -3.7170 0.2651
v  2.2520 -3.7170 0.2688
v  2.2554 -3.7120 0.2651
v  2.2621 -3.7170 0.2689
v  2.2606 -3.7170 0.2737
v  2.2621 -3.7120 0.2689
v  2.2705 -3.7170 0.2700
v  2.2707 -3.7170 0.2750
v  2.2705 -3.7120 0.2700
v  2.2786 -3.7170 0.2676
v  2.2805 -3.7170 0.2722
v  2.2786 -3.7120 0.2676
v  2.2846 -3.7170 0.2627
v  2.2883 -3.7170 0.2661
v  2.2846 -3.7120 0.2627
v  2.2885 -3.7170 0.2560
v  2.2933 -3.7170 0.2575
v  2.2885 -3.7120 0.2560
v  2.2896 -3.7170 0.2476
v  2.2945 -3.7170 0.2474
v  2.2896 -3.7120 0.2476
v  2.2872 -3.7170 0.2395
v  2.2918 -3.7170 0.2376
v  2.2872 -3.7120 0.2395
v  2.2823 -3.7170 0.2335
v  2.2857 -3.7170 0.2298
v  2.2823 -3.7120 0.2335
v  2.2756 -3.7170 0.2296
v  2.2771 -3.7170 0.2248
v  2.2756 -3.7120 0.2296
v  2.2672 -3.7170 0.2286
v  2.2670 -3.7170 0.2236
v  2.2672 -3.7120 0.2286
v  2.2591 -3.7170 0.2309
v  2.2572 -3.7170 0.2263
v  2.2591 -3.7120 0.2309
v  2.2531 -3.7170 0.2358
v  2.2494 -3.7170 0.2324
v  2.2531 -3.7120 0.2358
v  2.2492 -3.7170 0.2425
v  2.2445 -3.7170 0.2410
v  2.2492 -3.7120 0.2425
v  2.2482 -3.7170 0.2509
v  2.2432 -3.7170 0.2511
v  2.2482 -3.7120 0.2509
v  2.2554 -3.7170 2.4664
v  2.2554 -3.7120 2.4664
v  2.2520 -3.7170 2.4627
v  2.2505 -3.7170 2.4725
v  2.2459 -3.7170 2.4705
v  2.2505 -3.7120 2.4725
v  2.2621 -3.7170 2.4625
v  2.2621 -3.7120 2.4625
v  2.2606 -3.7170 2.4578
v  2.2705 -3.7170 2.4615
v  2.2705 -3.7120 2.4615
v  2.2707 -3.7170 2.4565
v  2.2786 -3.7170 2.4639
v  2.2786 -3.7120 2.4639
v  2.2805 -3.7170 2.4593
v  2.2846 -3.7170 2.4687
v  2.2846 -3.7120 2.4687
v  2.2883 -3.7170 2.4654
v  2.2885 -3.7170 2.4755
v  2.2885 -3.7120 2.4755
v  2.2933 -3.7170 2.4740
v  2.2896 -3.7170 2.4838
v  2.2896 -3.7120 2.4838
v  2.2945 -3.7170 2.4841
v  2.2872 -3.7170 2.4919
v  2.2872 -3.7120 2.4919
v  2.2918 -3.7170 2.4939
v  2.2823 -3.7170 2.4980
v  2.2823 -3.7120 2.4980
v  2.2857 -3.7170 2.5017
v  2.2756 -3.7170 2.5019
v  2.2756 -3.7120 2.5019
v  2.2771 -3.7170 2.5066
v  2.2672 -3.7170 2.5029
v  2.2672 -3.7120 2.5029
v  2.2670 -3.7170 2.5079
v  2.2591 -3.7170 2.5005
v  2.2591 -3.7120 2.5005
v  2.2572 -3.7170 2.5051
v  2.2531 -3.7170 2.4957
v  2.2531 -3.7120 2.4957
v  2.2494 -3.7170 2.4991
v  2.2492 -3.7170 2.4889
v  2.2492 -3.7120 2.4889
v  2.2445 -3.7170 2.4905
v  2.2482 -3.7170 2.4806
v  2.2482 -3.7120 2.4806
v  2.2432 -3.7170 2.4803
v  -2.2554 -3.7170 0.2651
v  -2.2554 -3.7120 0.2651
v  -2.2520 -3.7170 0.2688
v  -2.2505 -3.7170 0.2590
v  -2.2459 -3.7170 0.2609
v  -2.2505 -3.7120 0.2590
v  -2.2621 -3.7170 0.2689
v  -2.2621 -3.7120 0.2689
v  -2.2606 -3.7170 0.2737
v  -2.2705 -3.7170 0.2700
v  -2.2705 -3.7120 0.2700
v  -2.2707 -3.7170 0.2750
v  -2.2786 -3.7170 0.2676
v  -2.2786 -3.7120 0.2676
v  -2.2805 -3.7170 0.2722
v  -2.2846 -3.7170 0.2627
v  -2.2846 -3.7120 0.2627
v  -2.2883 -3.7170 0.2661
v  -2.2885 -3.7170 0.2560
v  -2.2885 -3.7120 0.2560
v  -2.2933 -3.7170 0.2575
v  -2.2896 -3.7170 0.2476
v  -2.2896 -3.7120 0.2476
v  -2.2946 -3.7170 0.2474
v  -2.2872 -3.7170 0.2395
v  -2.2872 -3.7120 0.2395
v  -2.2918 -3.7170 0.2376
v  -2.2824 -3.7170 0.2335
v  -2.2824 -3.7120 0.2335
v  -2.2857 -3.7170 0.2298
v  -2.2756 -3.7170 0.2296
v  -2.2756 -3.7120 0.2296
v  -2.2771 -3.7170 0.2248
v  -2.2672 -3.7170 0.2286
v  -2.2672 -3.7120 0.2286
v  -2.2670 -3.7170 0.2236
v  -2.2592 -3.7170 0.2309
v  -2.2592 -3.7120 0.2309
v  -2.2572 -3.7170 0.2263
v  -2.2531 -3.7170 0.2358
v  -2.2531 -3.7120 0.2358
v  -2.2494 -3.7170 0.2324
v  -2.2492 -3.7170 0.2425
v  -2.2492 -3.7120 0.2425
v  -2.2445 -3.7170 0.2410
v  -2.2482 -3.7170 0.2509
v  -2.2482 -3.7120 0.2509
v  -2.2432 -3.7170 0.2511
v  -2.2505 -3.7170 2.4725
v  -2.2505 -3.7120 2.4725
v  -2.2459 -3.7170 2.4705
v  -2.2554 -3.7170 2.4664
v  -2.2520 -3.7170 2.4627
v  -2.2554 -3.7120 2.4664
v  -2.2621 -3.7170 2.4625
v  -2.2606 -3.7170 2.4578
v  -2.2621 -3.7120 2.4625
v  -2.2705 -3.7170 2.4615
v  -2.2707 -3.7170 2.4565
v  -2.2705 -3.7120 2.4615
v  -2.2786 -3.7170 2.4639
v  -2.2805 -3.7170 2.4593
v  -2.2786 -3.7120 2.4639
v  -2.2846 -3.7170 2.4687
v  -2.2883 -3.7170 2.4654
v  -2.2846 -3.7120 2.4687
v  -2.2885 -3.7170 2.4755
v  -2.2933 -3.7170 2.4740
v  -2.2885 -3.7120 2.4755
v  -2.2896 -3.7170 2.4838
v  -2.2946 -3.7170 2.4841
v  -2.2896 -3.7120 2.4838
v  -2.2872 -3.7170 2.4919
v  -2.2918 -3.7170 2.4939
v  -2.2872 -3.7120 2.4919
v  -2.2824 -3.7170 2.4980
v  -2.2857 -3.7170 2.5017
v  -2.2824 -3.7120 2.4980
v  -2.2756 -3.7170 2.5019
v  -2.2771 -3.7170 2.5066
v  -2.2756 -3.7120 2.5019
v  -2.2672 -3.7170 2.5029
v  -2.2670 -3.7170 2.5079
v  -2.2672 -3.7120 2.5029
v  -2.2592 -3.7170 2.5005
v  -2.2572 -3.7170 2.5051
v  -2.2592 -3.7120 2.5005
v  -2.2531 -3.7170 2.4957
v  -2.2494 -3.7170 2.4991
v  -2.2531 -3.7120 2.4957
v  -2.2492 -3.7170 2.4889
v  -2.2445 -3.7170 2.4905
v  -2.2492 -3.7120 2.4889
v  -2.2482 -3.7170 2.4806
v  -2.2432 -3.7170 2.4803
v  -2.2482 -3.7120 2.4806
v  2.6187 -3.7114 0.7640
v  2.6187 -3.7064 0.7640
v  2.6141 -3.7114 0.7660
v  2.6236 -3.7114 0.7701
v  2.6202 -3.7114 0.7738
v  2.6236 -3.7064 0.7701
v  2.6304 -3.7114 0.7740
v  2.6288 -3.7114 0.7787
v  2.6304 -3.7064 0.7740
v  2.6387 -3.7114 0.7750
v  2.6389 -3.7114 0.7800
v  2.6387 -3.7064 0.7750
v  2.6468 -3.7114 0.7727
v  2.6488 -3.7114 0.7773
v  2.6468 -3.7064 0.7727
v  2.6529 -3.7114 0.7678
v  2.6566 -3.7114 0.7711
v  2.6529 -3.7064 0.7678
v  2.6567 -3.7114 0.7610
v  2.6615 -3.7114 0.7625
v  2.6567 -3.7064 0.7610
v  2.6578 -3.7114 0.7527
v  2.6628 -3.7114 0.7524
v  2.6578 -3.7064 0.7527
v  2.6554 -3.7114 0.7446
v  2.6600 -3.7114 0.7426
v  2.6554 -3.7064 0.7446
v  2.6506 -3.7114 0.7385
v  2.6540 -3.7114 0.7348
v  2.6506 -3.7064 0.7385
v  2.6438 -3.7114 0.7347
v  2.6454 -3.7114 0.7299
v  2.6438 -3.7064 0.7347
v  2.6355 -3.7114 0.7336
v  2.6353 -3.7114 0.7286
v  2.6355 -3.7064 0.7336
v  2.6274 -3.7114 0.7360
v  2.6254 -3.7114 0.7314
v  2.6274 -3.7064 0.7360
v  2.6213 -3.7114 0.7408
v  2.6176 -3.7114 0.7375
v  2.6213 -3.7064 0.7408
v  2.6175 -3.7114 0.7476
v  2.6127 -3.7114 0.7461
v  2.6175 -3.7064 0.7476
v  2.6164 -3.7114 0.7560
v  2.6114 -3.7114 0.7562
v  2.6164 -3.7064 0.7560
v  2.6236 -3.7114 1.9613
v  2.6236 -3.7064 1.9613
v  2.6202 -3.7114 1.9576
v  2.6187 -3.7114 1.9674
v  2.6141 -3.7114 1.9655
v  2.6187 -3.7064 1.9674
v  2.6304 -3.7114 1.9575
v  2.6304 -3.7064 1.9575
v  2.6288 -3.7114 1.9527
v  2.6387 -3.7114 1.9564
v  2.6387 -3.7064 1.9564
v  2.6389 -3.7114 1.9514
v  2.6468 -3.7114 1.9588
v  2.6468 -3.7064 1.9588
v  2.6488 -3.7114 1.9542
v  2.6529 -3.7114 1.9637
v  2.6529 -3.7064 1.9637
v  2.6566 -3.7114 1.9603
v  2.6567 -3.7114 1.9704
v  2.6567 -3.7064 1.9704
v  2.6615 -3.7114 1.9689
v  2.6578 -3.7114 1.9788
v  2.6578 -3.7064 1.9788
v  2.6628 -3.7114 1.9790
v  2.6554 -3.7114 1.9869
v  2.6554 -3.7064 1.9869
v  2.6600 -3.7114 1.9888
v  2.6506 -3.7114 1.9929
v  2.6506 -3.7064 1.9929
v  2.6540 -3.7114 1.9966
v  2.6438 -3.7114 1.9968
v  2.6438 -3.7064 1.9968
v  2.6454 -3.7114 2.0016
v  2.6355 -3.7114 1.9978
v  2.6355 -3.7064 1.9978
v  2.6353 -3.7114 2.0028
v  2.6274 -3.7114 1.9955
v  2.6274 -3.7064 1.9955
v  2.6254 -3.7114 2.0001
v  2.6213 -3.7114 1.9906
v  2.6213 -3.7064 1.9906
v  2.6176 -3.7114 1.9940
v  2.6175 -3.7114 1.9839
v  2.6175 -3.7064 1.9839
v  2.6127 -3.7114 1.9854
v  2.6164 -3.7114 1.9755
v  2.6164 -3.7064 1.9755
v  2.6114 -3.7114 1.9753
v  -2.6236 -3.7114 0.7701
v  -2.6236 -3.7064 0.7701
v  -2.6202 -3.7114 0.7738
v  -2.6187 -3.7114 0.7640
v  -2.6141 -3.7114 0.7660
v  -2.6187 -3.7064 0.7640
v  -2.6304 -3.7114 0.7740
v  -2.6304 -3.7064 0.7740
v  -2.6288 -3.7114 0.7787
v  -2.6387 -3.7114 0.7750
v  -2.6387 -3.7064 0.7750
v  -2.6389 -3.7114 0.7800
v  -2.6468 -3.7114 0.7727
v  -2.6468 -3.7064 0.7727
v  -2.6488 -3.7114 0.7773
v  -2.6529 -3.7114 0.7678
v  -2.6529 -3.7064 0.7678
v  -2.6566 -3.7114 0.7711
v  -2.6567 -3.7114 0.7610
v  -2.6567 -3.7064 0.7610
v  -2.6615 -3.7114 0.7625
v  -2.6578 -3.7114 0.7527
v  -2.6578 -3.7064 0.7527
v  -2.6628 -3.7114 0.7524
v  -2.6554 -3.7114 0.7446
v  -2.6554 -3.7064 0.7446
v  -2.6600 -3.7114 0.7426
v  -2.6506 -3.7114 0.7385
v  -2.6506 -3.7064 0.7385
v  -2.6540 -3.7114 0.7348
v  -2.6438 -3.7114 0.7347
v  -2.6438 -3.7064 0.7347
v  -2.6454 -3.7114 0.7299
v  -2.6355 -3.7114 0.7336
v  -2.6355 -3.7064 0.7336
v  -2.6353 -3.7114 0.7286
v  -2.6274 -3.7114 0.7360
v  -2.6274 -3.7064 0.7360
v  -2.6254 -3.7114 0.7314
v  -2.6213 -3.7114 0.7408
v  -2.6213 -3.7064 0.7408
v  -2.6176 -3.7114 0.7375
v  -2.6175 -3.7114 0.7476
v  -2.6175 -3.7064 0.7476
v  -2.6127 -3.7114 0.7461
v  -2.6164 -3.7114 0.7560
v  -2.6164 -3.7064 0.7560
v  -2.6114 -3.7114 0.7562
v  -2.6187 -3.7114 1.9674
v  -2.6187 -3.7064 1.9674
v  -2.6141 -3.7114 1.9655
v  -2.6236 -3.7114 1.9613
v  -2.6202 -3.7114 1.9576
v  -2.6236 -3.7064 1.9613
v  -2.6304 -3.7114 1.9575
v  -2.6288 -3.7114 1.9527
v  -2.6304 -3.7064 1.9575
v  -2.6387 -3.7114 1.9564
v  -2.6389 -3.7114 1.9514
v  -2.6387 -3.7064 1.9564
v  -2.6468 -3.7114 1.9588
v  -2.6488 -3.7114 1.9542
v  -2.6468 -3.7064 1.9588
v  -2.6529 -3.7114 1.9637
v  -2.6566 -3.7114 1.9603
v  -2.6529 -3.7064 1.9637
v  -2.6567 -3.7114 1.9704
v  -2.6615 -3.7114 1.9689
v  -2.6567 -3.7064 1.9704
v  -2.6578 -3.7114 1.9788
v  -2.6628 -3.7114 1.9790
v  -2.6578 -3.7064 1.9788
v  -2.6554 -3.7114 1.9869
v  -2.6600 -3.7114 1.9888
v  -2.6554 -3.7064 1.9869
v  -2.6506 -3.7114 1.9929
v  -2.6540 -3.7114 1.9966
v  -2.6506 -3.7064 1.9929
v  -2.6438 -3.7114 1.9968
v  -2.6454 -3.7114 2.0016
v  -2.6438 -3.7064 1.9968
v  -2.6355 -3.7114 1.9978
v  -2.6353 -3.7114 2.0028
v  -2.6355 -3.7064 1.9978
v  -2.6274 -3.7114 1.9955
v  -2.6254 -3.7114 2.0001
v  -2.6274 -3.7064 1.9955
v  -2.6213 -3.7114 1.9906
v  -2.6176 -3.7114 1.9940
v  -2.6213 -3.7064 1.9906
v  -2.6175 -3.7114 1.9839
v  -2.6127 -3.7114 1.9854
v  -2.6175 -3.7064 1.9839
v  -2.6164 -3.7114 1.9755
v  -2.6114 -3.7114 1.9753
v  -2.6164 -3.7064 1.9755
v  2.8902 -3.7710 -0.0526
v  2.8902 -3.7660 -0.0526
v  2.8856 -3.7710 -0.0507
v  2.8951 -3.7710 -0.0465
v  2.8917 -3.7710 -0.0429
v  2.8951 -3.7660 -0.0465
v  2.9018 -3.7710 -0.0427
v  2.9003 -3.7710 -0.0379
v  2.9018 -3.7660 -0.0427
v  2.9102 -3.7710 -0.0417
v  2.9104 -3.7710 -0.0367
v  2.9102 -3.7660 -0.0417
v  2.9183 -3.7710 -0.0440
v  2.9202 -3.7710 -0.0394
v  2.9183 -3.7660 -0.0440
v  2.9244 -3.7710 -0.0489
v  2.9281 -3.7710 -0.0455
v  2.9244 -3.7660 -0.0489
v  2.9282 -3.7710 -0.0556
v  2.9330 -3.7710 -0.0541
v  2.9282 -3.7660 -0.0556
v  2.9293 -3.7710 -0.0640
v  2.9343 -3.7710 -0.0642
v  2.9293 -3.7660 -0.0640
v  2.9269 -3.7710 -0.0721
v  2.9315 -3.7710 -0.0740
v  2.9269 -3.7660 -0.0721
v  2.9221 -3.7710 -0.0782
v  2.9254 -3.7710 -0.0818
v  2.9221 -3.7660 -0.0782
v  2.9153 -3.7710 -0.0820
v  2.9168 -3.7710 -0.0868
v  2.9153 -3.7660 -0.0820
v  2.9070 -3.7710 -0.0831
v  2.9067 -3.7710 -0.0880
v  2.9070 -3.7660 -0.0831
v  2.8989 -3.7710 -0.0807
v  2.8969 -3.7710 -0.0853
v  2.8989 -3.7660 -0.0807
v  2.8928 -3.7710 -0.0758
v  2.8891 -3.7710 -0.0792
v  2.8928 -3.7660 -0.0758
v  2.8889 -3.7710 -0.0691
v  2.8842 -3.7710 -0.0706
v  2.8889 -3.7660 -0.0691
v  2.8879 -3.7710 -0.0607
v  2.8829 -3.7710 -0.0605
v  2.8879 -3.7660 -0.0607
v  2.8951 -3.7710 2.7780
v  2.8951 -3.7660 2.7780
v  2.8917 -3.7710 2.7743
v  2.8902 -3.7710 2.7841
v  2.8856 -3.7710 2.7821
v  2.8902 -3.7660 2.7841
v  2.9018 -3.7710 2.7742
v  2.9018 -3.7660 2.7742
v  2.9003 -3.7710 2.7694
v  2.9102 -3.7710 2.7731
v  2.9102 -3.7660 2.7731
v  2.9104 -3.7710 2.7681
v  2.9183 -3.7710 2.7755
v  2.9183 -3.7660 2.7755
v  2.9202 -3.7710 2.7709
v  2.9244 -3.7710 2.7803
v  2.9244 -3.7660 2.7803
v  2.9281 -3.7710 2.7770
v  2.9282 -3.7710 2.7871
v  2.9282 -3.7660 2.7871
v  2.9330 -3.7710 2.7856
v  2.9293 -3.7710 2.7955
v  2.9293 -3.7660 2.7955
v  2.9343 -3.7710 2.7957
v  2.9269 -3.7710 2.8035
v  2.9269 -3.7660 2.8035
v  2.9315 -3.7710 2.8055
v  2.9221 -3.7710 2.8096
v  2.9221 -3.7660 2.8096
v  2.9254 -3.7710 2.8133
v  2.9153 -3.7710 2.8135
v  2.9153 -3.7660 2.8135
v  2.9168 -3.7710 2.8182
v  2.9070 -3.7710 2.8145
v  2.9070 -3.7660 2.8145
v  2.9067 -3.7710 2.8195
v  2.8989 -3.7710 2.8122
v  2.8989 -3.7660 2.8122
v  2.8969 -3.7710 2.8168
v  2.8928 -3.7710 2.8073
v  2.8928 -3.7660 2.8073
v  2.8891 -3.7710 2.8107
v  2.8889 -3.7710 2.8005
v  2.8889 -3.7660 2.8005
v  2.8842 -3.7710 2.8021
v  2.8879 -3.7710 2.7922
v  2.8879 -3.7660 2.7922
v  2.8829 -3.7710 2.7919
v  -2.8951 -3.7710 -0.0466
v  -2.8951 -3.7660 -0.0466
v  -2.8917 -3.7710 -0.0429
v  -2.8902 -3.7710 -0.0526
v  -2.8856 -3.7710 -0.0507
v  -2.8902 -3.7660 -0.0526
v  -2.9018 -3.7710 -0.0427
v  -2.9018 -3.7660 -0.0427
v  -2.9003 -3.7710 -0.0379
v  -2.9102 -3.7710 -0.0417
v  -2.9102 -3.7660 -0.0417
v  -2.9104 -3.7710 -0.0367
v  -2.9183 -3.7710 -0.0440
v  -2.9183 -3.7660 -0.0440
v  -2.9203 -3.7710 -0.0394
v  -2.9244 -3.7710 -0.0489
v  -2.9244 -3.7660 -0.0489
v  -2.9281 -3.7710 -0.0455
v  -2.9282 -3.7710 -0.0556
v  -2.9282 -3.7660 -0.0556
v  -2.9330 -3.7710 -0.0541
v  -2.9293 -3.7710 -0.0640
v  -2.9293 -3.7660 -0.0640
v  -2.9343 -3.7710 -0.0642
v  -2.9269 -3.7710 -0.0721
v  -2.9269 -3.7660 -0.0721
v  -2.9315 -3.7710 -0.0740
v  -2.9221 -3.7710 -0.0782
v  -2.9221 -3.7660 -0.0782
v  -2.9254 -3.7710 -0.0818
v  -2.9153 -3.7710 -0.0820
v  -2.9153 -3.7660 -0.0820
v  -2.9169 -3.7710 -0.0868
v  -2.9070 -3.7710 -0.0831
v  -2.9070 -3.7660 -0.0831
v  -2.9067 -3.7710 -0.0880
v  -2.8989 -3.7710 -0.0807
v  -2.8989 -3.7660 -0.0807
v  -2.8969 -3.7710 -0.0853
v  -2.8928 -3.7710 -0.0758
v  -2.8928 -3.7660 -0.0758
v  -2.8891 -3.7710 -0.0792
v  -2.8889 -3.7710 -0.0691
v  -2.8889 -3.7660 -0.0691
v  -2.8842 -3.7710 -0.0706
v  -2.8879 -3.7710 -0.0607
v  -2.8879 -3.7660 -0.0607
v  -2.8829 -3.7710 -0.0605
v  -2.8902 -3.7710 2.7841
v  -2.8902 -3.7660 2.7841
v  -2.8856 -3.7710 2.7821
v  -2.8951 -3.7710 2.7780
v  -2.8917 -3.7710 2.7743
v  -2.8951 -3.7660 2.7780
v  -2.9018 -3.7710 2.7742
v  -2.9003 -3.7710 2.7694
v  -2.9018 -3.7660 2.7742
v  -2.9102 -3.7710 2.7731
v  -2.9104 -3.7710 2.7681
v  -2.9102 -3.7660 2.7731
v  -2.9183 -3.7710 2.7755
v  -2.9203 -3.7710 2.7709
v  -2.9183 -3.7660 2.7755
v  -2.9244 -3.7710 2.7803
v  -2.9281 -3.7710 2.7770
v  -2.9244 -3.7660 2.7803
v  -2.9282 -3.7710 2.7871
v  -2.9330 -3.7710 2.7856
v  -2.9282 -3.7660 2.7871
v  -2.9293 -3.7710 2.7955
v  -2.9343 -3.7710 2.7957
v  -2.9293 -3.7660 2.7955
v  -2.9269 -3.7710 2.8035
v  -2.9315 -3.7710 2.8055
v  -2.9269 -3.7660 2.8035
v  -2.9221 -3.7710 2.8096
v  -2.9254 -3.7710 2.8133
v  -2.9221 -3.7660 2.8096
v  -2.9153 -3.7710 2.8135
v  -2.9169 -3.7710 2.8182
v  -2.9153 -3.7660 2.8135
v  -2.9070 -3.7710 2.8145
v  -2.9067 -3.7710 2.8195
v  -2.9070 -3.7660 2.8145
v  -2.8989 -3.7710 2.8122
v  -2.8969 -3.7710 2.8168
v  -2.8989 -3.7660 2.8122
v  -2.8928 -3.7710 2.8073
v  -2.8891 -3.7710 2.8107
v  -2.8928 -3.7660 2.8073
v  -2.8889 -3.7710 2.8005
v  -2.8842 -3.7710 2.8021
v  -2.8889 -3.7660 2.8005
v  -2.8879 -3.7710 2.7922
v  -2.8829 -3.7710 2.7919
v  -2.8879 -3.7660 2.7922
v  3.2256 -3.7694 0.4681
v  3.2256 -3.7644 0.4681
v  3.2210 -3.7694 0.4701
v  3.2305 -3.7694 0.4742
v  3.2271 -3.7694 0.4779
v  3.2305 -3.7644 0.4742
v  3.2373 -3.7694 0.4781
v  3.2357 -3.7694 0.4828
v  3.2373 -3.7644 0.4781
v  3.2456 -3.7694 0.4791
v  3.2459 -3.7694 0.4841
v  3.2456 -3.7644 0.4791
v  3.2537 -3.7694 0.4768
v  3.2557 -3.7694 0.4813
v  3.2537 -3.7644 0.4768
v  3.2598 -3.7694 0.4719
v  3.2635 -3.7694 0.4752
v  3.2598 -3.7644 0.4719
v  3.2636 -3.7694 0.4651
v  3.2684 -3.7694 0.4666
v  3.2636 -3.7644 0.4651
v  3.2647 -3.7694 0.4568
v  3.2697 -3.7694 0.4565
v  3.2647 -3.7644 0.4568
v  3.2624 -3.7694 0.4487
v  3.2670 -3.7694 0.4467
v  3.2624 -3.7644 0.4487
v  3.2575 -3.7694 0.4426
v  3.2609 -3.7694 0.4389
v  3.2575 -3.7644 0.4426
v  3.2507 -3.7694 0.4388
v  3.2523 -3.7694 0.4340
v  3.2507 -3.7644 0.4388
v  3.2424 -3.7694 0.4377
v  3.2422 -3.7694 0.4327
v  3.2424 -3.7644 0.4377
v  3.2343 -3.7694 0.4401
v  3.2323 -3.7694 0.4355
v  3.2343 -3.7644 0.4401
v  3.2282 -3.7694 0.4449
v  3.2245 -3.7694 0.4416
v  3.2282 -3.7644 0.4449
v  3.2244 -3.7694 0.4517
v  3.2196 -3.7694 0.4502
v  3.2244 -3.7644 0.4517
v  3.2233 -3.7694 0.4601
v  3.2183 -3.7694 0.4603
v  3.2233 -3.7644 0.4601
v  3.2305 -3.7694 2.2572
v  3.2305 -3.7644 2.2572
v  3.2271 -3.7694 2.2536
v  3.2256 -3.7694 2.2633
v  3.2210 -3.7694 2.2614
v  3.2256 -3.7644 2.2633
v  3.2373 -3.7694 2.2534
v  3.2373 -3.7644 2.2534
v  3.2357 -3.7694 2.2486
v  3.2456 -3.7694 2.2524
v  3.2456 -3.7644 2.2524
v  3.2459 -3.7694 2.2474
v  3.2537 -3.7694 2.2547
v  3.2537 -3.7644 2.2547
v  3.2557 -3.7694 2.2501
v  3.2598 -3.7694 2.2596
v  3.2598 -3.7644 2.2596
v  3.2635 -3.7694 2.2562
v  3.2636 -3.7694 2.2663
v  3.2636 -3.7644 2.2663
v  3.2684 -3.7694 2.2648
v  3.2647 -3.7694 2.2747
v  3.2647 -3.7644 2.2747
v  3.2697 -3.7694 2.2749
v  3.2624 -3.7694 2.2828
v  3.2624 -3.7644 2.2828
v  3.2670 -3.7694 2.2847
v  3.2575 -3.7694 2.2889
v  3.2575 -3.7644 2.2889
v  3.2609 -3.7694 2.2925
v  3.2507 -3.7694 2.2927
v  3.2507 -3.7644 2.2927
v  3.2523 -3.7694 2.2975
v  3.2424 -3.7694 2.2937
v  3.2424 -3.7644 2.2937
v  3.2422 -3.7694 2.2987
v  3.2343 -3.7694 2.2914
v  3.2343 -3.7644 2.2914
v  3.2323 -3.7694 2.2960
v  3.2282 -3.7694 2.2865
v  3.2282 -3.7644 2.2865
v  3.2245 -3.7694 2.2899
v  3.2244 -3.7694 2.2798
v  3.2244 -3.7644 2.2798
v  3.2196 -3.7694 2.2813
v  3.2233 -3.7694 2.2714
v  3.2233 -3.7644 2.2714
v  3.2183 -3.7694 2.2712
v  -3.2305 -3.7694 0.4742
v  -3.2305 -3.7644 0.4742
v  -3.2271 -3.7694 0.4779
v  -3.2257 -3.7694 0.4681
v  -3.2210 -3.7694 0.4701
v  -3.2257 -3.7644 0.4681
v  -3.2373 -3.7694 0.4781
v  -3.2373 -3.7644 0.4781
v  -3.2357 -3.7694 0.4828
v  -3.2456 -3.7694 0.4791
v  -3.2456 -3.7644 0.4791
v  -3.2459 -3.7694 0.4841
v  -3.2537 -3.7694 0.4767
v  -3.2537 -3.7644 0.4767
v  -3.2557 -3.7694 0.4813
v  -3.2598 -3.7694 0.4719
v  -3.2598 -3.7644 0.4719
v  -3.2635 -3.7694 0.4752
v  -3.2636 -3.7694 0.4651
v  -3.2636 -3.7644 0.4651
v  -3.2684 -3.7694 0.4666
v  -3.2647 -3.7694 0.4568
v  -3.2647 -3.7644 0.4568
v  -3.2697 -3.7694 0.4565
v  -3.2624 -3.7694 0.4487
v  -3.2624 -3.7644 0.4487
v  -3.2670 -3.7694 0.4467
v  -3.2575 -3.7694 0.4426
v  -3.2575 -3.7644 0.4426
v  -3.2609 -3.7694 0.4389
v  -3.2507 -3.7694 0.4388
v  -3.2507 -3.7644 0.4388
v  -3.2523 -3.7694 0.4340
v  -3.2424 -3.7694 0.4377
v  -3.2424 -3.7644 0.4377
v  -3.2422 -3.7694 0.4327
v  -3.2343 -3.7694 0.4401
v  -3.2343 -3.7644 0.4401
v  -3.2324 -3.7694 0.4355
v  -3.2282 -3.7694 0.4449
v  -3.2282 -3.7644 0.4449
v  -3.2245 -3.7694 0.4416
v  -3.2244 -3.7694 0.4517
v  -3.2244 -3.7644 0.4517
v  -3.2196 -3.7694 0.4502
v  -3.2233 -3.7694 0.4601
v  -3.2233 -3.7644 0.4601
v  -3.2183 -3.7694 0.4603
v  -3.2257 -3.7694 2.2633
v  -3.2257 -3.7644 2.2633
v  -3.2210 -3.7694 2.2614
v  -3.2305 -3.7694 2.2572
v  -3.2271 -3.7694 2.2536
v  -3.2305 -3.7644 2.2572
v  -3.2373 -3.7694 2.2534
v  -3.2357 -3.7694 2.2486
v  -3.2373 -3.7644 2.2534
v  -3.2456 -3.7694 2.2524
v  -3.2459 -3.7694 2.2474
v  -3.2456 -3.7644 2.2524
v  -3.2537 -3.7694 2.2547
v  -3.2557 -3.7694 2.2501
v  -3.2537 -3.7644 2.2547
v  -3.2598 -3.7694 2.2596
v  -3.2635 -3.7694 2.2562
v  -3.2598 -3.7644 2.2596
v  -3.2636 -3.7694 2.2663
v  -3.2684 -3.7694 2.2648
v  -3.2636 -3.7644 2.2663
v  -3.2647 -3.7694 2.2747
v  -3.2697 -3.7694 2.2749
v  -3.2647 -3.7644 2.2747
v  -3.2624 -3.7694 2.2828
v  -3.2670 -3.7694 2.2847
v  -3.2624 -3.7644 2.2828
v  -3.2575 -3.7694 2.2889
v  -3.2609 -3.7694 2.2925
v  -3.2575 -3.7644 2.2889
v  -3.2507 -3.7694 2.2927
v  -3.2523 -3.7694 2.2975
v  -3.2507 -3.7644 2.2927
v  -3.2424 -3.7694 2.2937
v  -3.2422 -3.7694 2.2987
v  -3.2424 -3.7644 2.2937
v  -3.2343 -3.7694 2.2914
v  -3.2324 -3.7694 2.2960
v  -3.2343 -3.7644 2.2914
v  -3.2282 -3.7694 2.2865
v  -3.2245 -3.7694 2.2899
v  -3.2282 -3.7644 2.2865
v  -3.2244 -3.7694 2.2798
v  -3.2196 -3.7694 2.2813
v  -3.2244 -3.7644 2.2798
v  -3.2233 -3.7694 2.2714
v  -3.2183 -3.7694 2.2712
v  -3.2233 -3.7644 2.2714
v  3.4011 -3.7688 1.0629
v  3.4011 -3.7638 1.0629
v  3.3965 -3.7688 1.0648
v  3.4059 -3.7688 1.0690
v  3.4026 -3.7688 1.0727
v  3.4059 -3.7638 1.0690
v  3.4127 -3.7688 1.0728
v  3.4112 -3.7688 1.0776
v  3.4127 -3.7638 1.0728
v  3.4210 -3.7688 1.0739
v  3.4213 -3.7688 1.0789
v  3.4210 -3.7638 1.0739
v  3.4291 -3.7688 1.0715
v  3.4311 -3.7688 1.0761
v  3.4291 -3.7638 1.0715
v  3.4352 -3.7688 1.0666
v  3.4389 -3.7688 1.0700
v  3.4352 -3.7638 1.0666
v  3.4391 -3.7688 1.0599
v  3.4438 -3.7688 1.0614
v  3.4391 -3.7638 1.0599
v  3.4401 -3.7688 1.0515
v  3.4451 -3.7688 1.0513
v  3.4401 -3.7638 1.0515
v  3.4378 -3.7688 1.0434
v  3.4424 -3.7688 1.0415
v  3.4378 -3.7638 1.0434
v  3.4329 -3.7688 1.0374
v  3.4363 -3.7688 1.0337
v  3.4329 -3.7638 1.0374
v  3.4262 -3.7688 1.0335
v  3.4277 -3.7688 1.0288
v  3.4262 -3.7638 1.0335
v  3.4178 -3.7688 1.0325
v  3.4176 -3.7688 1.0275
v  3.4178 -3.7638 1.0325
v  3.4097 -3.7688 1.0348
v  3.4078 -3.7688 1.0302
v  3.4097 -3.7638 1.0348
v  3.4036 -3.7688 1.0397
v  3.4000 -3.7688 1.0363
v  3.4036 -3.7638 1.0397
v  3.3998 -3.7688 1.0465
v  3.3950 -3.7688 1.0449
v  3.3998 -3.7638 1.0465
v  3.3987 -3.7688 1.0548
v  3.3937 -3.7688 1.0550
v  3.3987 -3.7638 1.0548
v  3.4059 -3.7688 1.6625
v  3.4059 -3.7638 1.6625
v  3.4026 -3.7688 1.6588
v  3.4011 -3.7688 1.6686
v  3.3965 -3.7688 1.6666
v  3.4011 -3.7638 1.6686
v  3.4127 -3.7688 1.6586
v  3.4127 -3.7638 1.6586
v  3.4112 -3.7688 1.6539
v  3.4210 -3.7688 1.6576
v  3.4210 -3.7638 1.6576
v  3.4213 -3.7688 1.6526
v  3.4291 -3.7688 1.6600
v  3.4291 -3.7638 1.6600
v  3.4311 -3.7688 1.6554
v  3.4352 -3.7688 1.6648
v  3.4352 -3.7638 1.6648
v  3.4389 -3.7688 1.6615
v  3.4391 -3.7688 1.6716
v  3.4391 -3.7638 1.6716
v  3.4438 -3.7688 1.6701
v  3.4401 -3.7688 1.6799
v  3.4401 -3.7638 1.6799
v  3.4451 -3.7688 1.6802
v  3.4378 -3.7688 1.6880
v  3.4378 -3.7638 1.6880
v  3.4424 -3.7688 1.6900
v  3.4329 -3.7688 1.6941
v  3.4329 -3.7638 1.6941
v  3.4363 -3.7688 1.6978
v  3.4262 -3.7688 1.6979
v  3.4262 -3.7638 1.6979
v  3.4277 -3.7688 1.7027
v  3.4178 -3.7688 1.6990
v  3.4178 -3.7638 1.6990
v  3.4176 -3.7688 1.7040
v  3.4097 -3.7688 1.6966
v  3.4097 -3.7638 1.6966
v  3.4078 -3.7688 1.7012
v  3.4036 -3.7688 1.6918
v  3.4036 -3.7638 1.6918
v  3.4000 -3.7688 1.6951
v  3.3998 -3.7688 1.6850
v  3.3998 -3.7638 1.6850
v  3.3950 -3.7688 1.6865
v  3.3987 -3.7688 1.6766
v  3.3987 -3.7638 1.6766
v  3.3937 -3.7688 1.6764
v  -3.4059 -3.7688 1.0690
v  -3.4059 -3.7638 1.0690
v  -3.4026 -3.7688 1.0727
v  -3.4011 -3.7688 1.0629
v  -3.3965 -3.7688 1.0648
v  -3.4011 -3.7638 1.0629
v  -3.4127 -3.7688 1.0728
v  -3.4127 -3.7638 1.0728
v  -3.4112 -3.7688 1.0776
v  -3.4210 -3.7688 1.0739
v  -3.4210 -3.7638 1.0739
v  -3.4213 -3.7688 1.0789
v  -3.4291 -3.7688 1.0715
v  -3.4291 -3.7638 1.0715
v  -3.4311 -3.7688 1.0761
v  -3.4352 -3.7688 1.0666
v  -3.4352 -3.7638 1.0666
v  -3.4389 -3.7688 1.0700
v  -3.4391 -3.7688 1.0599
v  -3.4391 -3.7638 1.0599
v  -3.4438 -3.7688 1.0614
v  -3.4401 -3.7688 1.0515
v  -3.4401 -3.7638 1.0515
v  -3.4451 -3.7688 1.0513
v  -3.4378 -3.7688 1.0434
v  -3.4378 -3.7638 1.0434
v  -3.4424 -3.7688 1.0415
v  -3.4329 -3.7688 1.0374
v  -3.4329 -3.7638 1.0374
v  -3.4363 -3.7688 1.0337
v  -3.4262 -3.7688 1.0335
v  -3.4262 -3.7638 1.0335
v  -3.4277 -3.7688 1.0288
v  -3.4178 -3.7688 1.0325
v  -3.4178 -3.7638 1.0325
v  -3.4176 -3.7688 1.0275
v  -3.4097 -3.7688 1.0348
v  -3.4097 -3.7638 1.0348
v  -3.4078 -3.7688 1.0302
v  -3.4036 -3.7688 1.0397
v  -3.4036 -3.7638 1.0397
v  -3.4000 -3.7688 1.0363
v  -3.3998 -3.7688 1.0465
v  -3.3998 -3.7638 1.0465
v  -3.3950 -3.7688 1.0449
v  -3.3987 -3.7688 1.0548
v  -3.3987 -3.7638 1.0548
v  -3.3937 -3.7688 1.0550
v  -3.4011 -3.7688 1.6686
v  -3.4011 -3.7638 1.6686
v  -3.3965 -3.7688 1.6666
v  -3.4059 -3.7688 1.6625
v  -3.4026 -3.7688 1.6588
v  -3.4059 -3.7638 1.6625
v  -3.4127 -3.7688 1.6586
v  -3.4112 -3.7688 1.6539
v  -3.4127 -3.7638 1.6586
v  -3.4210 -3.7688 1.6576
v  -3.4213 -3.7688 1.6526
v  -3.4210 -3.7638 1.6576
v  -3.4291 -3.7688 1.6600
v  -3.4311 -3.7688 1.6554
v  -3.4291 -3.7638 1.6600
v  -3.4352 -3.7688 1.6648
v  -3.4389 -3.7688 1.6615
v  -3.4352 -3.7638 1.6648
v  -3.4391 -3.7688 1.6716
v  -3.4438 -3.7688 1.6701
v  -3.4391 -3.7638 1.6716
v  -3.4401 -3.7688 1.6799
v  -3.4451 -3.7688 1.6802
v  -3.4401 -3.7638 1.6799
v  -3.4378 -3.7688 1.6880
v  -3.4424 -3.7688 1.6900
v  -3.4378 -3.7638 1.6880
v  -3.4329 -3.7688 1.6941
v  -3.4363 -3.7688 1.6978
v  -3.4329 -3.7638 1.6941
v  -3.4262 -3.7688 1.6979
v  -3.4277 -3.7688 1.7027
v  -3.4262 -3.7638 1.6979
v  -3.4178 -3.7688 1.6990
v  -3.4176 -3.7688 1.7040
v  -3.4178 -3.7638 1.6990
v  -3.4097 -3.7688 1.6966
v  -3.4078 -3.7688 1.7012
v  -3.4097 -3.7638 1.6966
v  -3.4036 -3.7688 1.6918
v  -3.4000 -3.7688 1.6951
v  -3.4036 -3.7638 1.6918
v  -3.3998 -3.7688 1.6850
v  -3.3950 -3.7688 1.6865
v  -3.3998 -3.7638 1.6850
v  -3.3987 -3.7688 1.6766
v  -3.3937 -3.7688 1.6764
v  -3.3987 -3.7638 1.6766
v  2.7490 -3.7096 1.3751
v  2.7490 -3.7046 1.3751
v  2.7444 -3.7096 1.3771
v  2.7538 -3.7096 1.3812
v  2.7505 -3.7096 1.3849
v  2.7538 -3.7046 1.3812
v  2.7606 -3.7096 1.3850
v  2.7591 -3.7096 1.3898
v  2.7606 -3.7046 1.3850
v  2.7689 -3.7096 1.3861
v  2.7692 -3.7096 1.3911
v  2.7689 -3.7046 1.3861
v  2.7770 -3.7096 1.3837
v  2.7790 -3.7096 1.3883
v  2.7770 -3.7046 1.3837
v  2.7831 -3.7096 1.3789
v  2.7868 -3.7096 1.3822
v  2.7831 -3.7046 1.3789
v  2.7870 -3.7096 1.3721
v  2.7917 -3.7096 1.3736
v  2.7870 -3.7046 1.3721
v  2.7880 -3.7096 1.3637
v  2.7930 -3.7096 1.3635
v  2.7880 -3.7046 1.3637
v  2.7857 -3.7096 1.3557
v  2.7903 -3.7096 1.3537
v  2.7857 -3.7046 1.3557
v  2.7808 -3.7096 1.3496
v  2.7842 -3.7096 1.3459
v  2.7808 -3.7046 1.3496
v  2.7741 -3.7096 1.3457
v  2.7756 -3.7096 1.3410
v  2.7741 -3.7046 1.3457
v  2.7657 -3.7096 1.3447
v  2.7655 -3.7096 1.3397
v  2.7657 -3.7046 1.3447
v  2.7576 -3.7096 1.3471
v  2.7557 -3.7096 1.3424
v  2.7576 -3.7046 1.3471
v  2.7515 -3.7096 1.3519
v  2.7479 -3.7096 1.3485
v  2.7515 -3.7046 1.3519
v  2.7477 -3.7096 1.3587
v  2.7429 -3.7096 1.3571
v  2.7477 -3.7046 1.3587
v  2.7466 -3.7096 1.3670
v  2.7416 -3.7096 1.3673
v  2.7466 -3.7046 1.3670
v  2.0174 -3.6563 1.0754
v  2.0174 -3.6513 1.0754
v  2.0128 -3.6563 1.0774
v  2.0223 -3.6563 1.0815
v  2.0189 -3.6563 1.0852
v  2.0223 -3.6513 1.0815
v  2.0290 -3.6563 1.0853
v  2.0275 -3.6563 1.0901
v  2.0290 -3.6513 1.0853
v  2.0374 -3.6563 1.0864
v  2.0376 -3.6563 1.0914
v  2.0374 -3.6513 1.0864
v  2.0455 -3.6563 1.0840
v  2.0475 -3.6563 1.0886
v  2.0455 -3.6513 1.0840
v  2.0516 -3.6563 1.0791
v  2.0553 -3.6563 1.0825
v  2.0516 -3.6513 1.0791
v  2.0554 -3.6563 1.0724
v  2.0602 -3.6563 1.0739
v  2.0554 -3.6513 1.0724
v  2.0565 -3.6563 1.0640
v  2.0615 -3.6563 1.0638
v  2.0565 -3.6513 1.0640
v  2.0541 -3.6563 1.0559
v  2.0587 -3.6563 1.0540
v  2.0541 -3.6513 1.0559
v  2.0493 -3.6563 1.0499
v  2.0526 -3.6563 1.0462
v  2.0493 -3.6513 1.0499
v  2.0425 -3.6563 1.0460
v  2.0440 -3.6563 1.0413
v  2.0425 -3.6513 1.0460
v  2.0342 -3.6563 1.0450
v  2.0339 -3.6563 1.0400
v  2.0342 -3.6513 1.0450
v  2.0261 -3.6563 1.0473
v  2.0241 -3.6563 1.0427
v  2.0261 -3.6513 1.0473
v  2.0200 -3.6563 1.0522
v  2.0163 -3.6563 1.0488
v  2.0200 -3.6513 1.0522
v  2.0161 -3.6563 1.0590
v  2.0114 -3.6563 1.0574
v  2.0161 -3.6513 1.0590
v  2.0151 -3.6563 1.0673
v  2.0101 -3.6563 1.0675
v  2.0151 -3.6513 1.0673
v  2.0223 -3.6563 1.6500
v  2.0223 -3.6513 1.6500
v  2.0189 -3.6563 1.6463
v  2.0174 -3.6563 1.6560
v  2.0128 -3.6563 1.6541
v  2.0174 -3.6513 1.6560
v  2.0290 -3.6563 1.6461
v  2.0290 -3.6513 1.6461
v  2.0275 -3.6563 1.6414
v  2.0374 -3.6563 1.6451
v  2.0374 -3.6513 1.6451
v  2.0376 -3.6563 1.6401
v  2.0455 -3.6563 1.6474
v  2.0455 -3.6513 1.6474
v  2.0475 -3.6563 1.6428
v  2.0516 -3.6563 1.6523
v  2.0516 -3.6513 1.6523
v  2.0553 -3.6563 1.6489
v  2.0554 -3.6563 1.6591
v  2.0554 -3.6513 1.6591
v  2.0602 -3.6563 1.6575
v  2.0565 -3.6563 1.6674
v  2.0565 -3.6513 1.6674
v  2.0615 -3.6563 1.6677
v  2.0541 -3.6563 1.6755
v  2.0541 -3.6513 1.6755
v  2.0587 -3.6563 1.6775
v  2.0493 -3.6563 1.6816
v  2.0493 -3.6513 1.6816
v  2.0526 -3.6563 1.6853
v  2.0425 -3.6563 1.6854
v  2.0425 -3.6513 1.6854
v  2.0440 -3.6563 1.6902
v  2.0342 -3.6563 1.6865
v  2.0342 -3.6513 1.6865
v  2.0339 -3.6563 1.6915
v  2.0261 -3.6563 1.6841
v  2.0261 -3.6513 1.6841
v  2.0241 -3.6563 1.6887
v  2.0200 -3.6563 1.6793
v  2.0200 -3.6513 1.6793
v  2.0163 -3.6563 1.6826
v  2.0161 -3.6563 1.6725
v  2.0161 -3.6513 1.6725
v  2.0114 -3.6563 1.6740
v  2.0151 -3.6563 1.6641
v  2.0151 -3.6513 1.6641
v  2.0101 -3.6563 1.6639
v  -2.0223 -3.6563 1.0815
v  -2.0223 -3.6513 1.0815
v  -2.0189 -3.6563 1.0852
v  -2.0174 -3.6563 1.0754
v  -2.0128 -3.6563 1.0774
v  -2.0174 -3.6513 1.0754
v  -2.0290 -3.6563 1.0853
v  -2.0290 -3.6513 1.0853
v  -2.0275 -3.6563 1.0901
v  -2.0374 -3.6563 1.0864
v  -2.0374 -3.6513 1.0864
v  -2.0376 -3.6563 1.0914
v  -2.0455 -3.6563 1.0840
v  -2.0455 -3.6513 1.0840
v  -2.0475 -3.6563 1.0886
v  -2.0516 -3.6563 1.0791
v  -2.0516 -3.6513 1.0791
v  -2.0553 -3.6563 1.0825
v  -2.0554 -3.6563 1.0724
v  -2.0554 -3.6513 1.0724
v  -2.0602 -3.6563 1.0739
v  -2.0565 -3.6563 1.0640
v  -2.0565 -3.6513 1.0640
v  -2.0615 -3.6563 1.0638
v  -2.0541 -3.6563 1.0559
v  -2.0541 -3.6513 1.0559
v  -2.0587 -3.6563 1.0540
v  -2.0493 -3.6563 1.0499
v  -2.0493 -3.6513 1.0499
v  -2.0526 -3.6563 1.0462
v  -2.0425 -3.6563 1.0460
v  -2.0425 -3.6513 1.0460
v  -2.0441 -3.6563 1.0413
v  -2.0342 -3.6563 1.0450
v  -2.0342 -3.6513 1.0450
v  -2.0339 -3.6563 1.0400
v  -2.0261 -3.6563 1.0473
v  -2.0261 -3.6513 1.0473
v  -2.0241 -3.6563 1.0427
v  -2.0200 -3.6563 1.0522
v  -2.0200 -3.6513 1.0522
v  -2.0163 -3.6563 1.0488
v  -2.0161 -3.6563 1.0590
v  -2.0161 -3.6513 1.0590
v  -2.0114 -3.6563 1.0574
v  -2.0151 -3.6563 1.0673
v  -2.0151 -3.6513 1.0673
v  -2.0101 -3.6563 1.0675
v  -2.0174 -3.6563 1.6560
v  -2.0174 -3.6513 1.6560
v  -2.0128 -3.6563 1.6541
v  -2.0223 -3.6563 1.6500
v  -2.0189 -3.6563 1.6463
v  -2.0223 -3.6513 1.6500
v  -2.0290 -3.6563 1.6461
v  -2.0275 -3.6563 1.6414
v  -2.0290 -3.6513 1.6461
v  -2.0374 -3.6563 1.6451
v  -2.0376 -3.6563 1.6401
v  -2.0374 -3.6513 1.6451
v  -2.0455 -3.6563 1.6474
v  -2.0475 -3.6563 1.6428
v  -2.0455 -3.6513 1.6474
v  -2.0516 -3.6563 1.6523
v  -2.0553 -3.6563 1.6489
v  -2.0516 -3.6513 1.6523
v  -2.0554 -3.6563 1.6591
v  -2.0602 -3.6563 1.6575
v  -2.0554 -3.6513 1.6591
v  -2.0565 -3.6563 1.6674
v  -2.0615 -3.6563 1.6677
v  -2.0565 -3.6513 1.6674
v  -2.0541 -3.6563 1.6755
v  -2.0587 -3.6563 1.6775
v  -2.0541 -3.6513 1.6755
v  -2.0493 -3.6563 1.6816
v  -2.0526 -3.6563 1.6853
v  -2.0493 -3.6513 1.6816
v  -2.0425 -3.6563 1.6854
v  -2.0441 -3.6563 1.6902
v  -2.0425 -3.6513 1.6854
v  -2.0342 -3.6563 1.6865
v  -2.0339 -3.6563 1.6915
v  -2.0342 -3.6513 1.6865
v  -2.0261 -3.6563 1.6841
v  -2.0241 -3.6563 1.6887
v  -2.0261 -3.6513 1.6841
v  -2.0200 -3.6563 1.6793
v  -2.0163 -3.6563 1.6826
v  -2.0200 -3.6513 1.6793
v  -2.0161 -3.6563 1.6725
v  -2.0114 -3.6563 1.6740
v  -2.0161 -3.6513 1.6725
v  -2.0151 -3.6563 1.6641
v  -2.0101 -3.6563 1.6639
v  -2.0151 -3.6513 1.6641
v  1.5921 -3.6685 0.6525
v  1.5921 -3.6635 0.6525
v  1.5875 -3.6685 0.6544
v  1.5969 -3.6685 0.6585
v  1.5936 -3.6685 0.6622
v  1.5969 -3.6635 0.6585
v  1.6037 -3.6685 0.6624
v  1.6022 -3.6685 0.6671
v  1.6037 -3.6635 0.6624
v  1.6120 -3.6685 0.6634
v  1.6123 -3.6685 0.6684
v  1.6120 -3.6635 0.6634
v  1.6201 -3.6685 0.6611
v  1.6221 -3.6685 0.6657
v  1.6201 -3.6635 0.6611
v  1.6262 -3.6685 0.6562
v  1.6299 -3.6685 0.6596
v  1.6262 -3.6635 0.6562
v  1.6301 -3.6685 0.6494
v  1.6348 -3.6685 0.6509
v  1.6301 -3.6635 0.6494
v  1.6311 -3.6685 0.6411
v  1.6361 -3.6685 0.6408
v  1.6311 -3.6635 0.6411
v  1.6288 -3.6685 0.6330
v  1.6334 -3.6685 0.6310
v  1.6288 -3.6635 0.6330
v  1.6239 -3.6685 0.6269
v  1.6273 -3.6685 0.6232
v  1.6239 -3.6635 0.6269
v  1.6172 -3.6685 0.6231
v  1.6187 -3.6685 0.6183
v  1.6172 -3.6635 0.6231
v  1.6088 -3.6685 0.6220
v  1.6086 -3.6685 0.6170
v  1.6088 -3.6635 0.6220
v  1.6007 -3.6685 0.6244
v  1.5988 -3.6685 0.6198
v  1.6007 -3.6635 0.6244
v  1.5946 -3.6685 0.6292
v  1.5910 -3.6685 0.6259
v  1.5946 -3.6635 0.6292
v  1.5908 -3.6685 0.6360
v  1.5860 -3.6685 0.6345
v  1.5908 -3.6635 0.6360
v  1.5897 -3.6685 0.6444
v  1.5847 -3.6685 0.6446
v  1.5897 -3.6635 0.6444
v  1.5969 -3.6685 2.0729
v  1.5969 -3.6635 2.0729
v  1.5936 -3.6685 2.0692
v  1.5921 -3.6685 2.0790
v  1.5875 -3.6685 2.0771
v  1.5921 -3.6635 2.0790
v  1.6037 -3.6685 2.0691
v  1.6037 -3.6635 2.0691
v  1.6022 -3.6685 2.0643
v  1.6120 -3.6685 2.0680
v  1.6120 -3.6635 2.0680
v  1.6123 -3.6685 2.0630
v  1.6201 -3.6685 2.0704
v  1.6201 -3.6635 2.0704
v  1.6221 -3.6685 2.0658
v  1.6262 -3.6685 2.0753
v  1.6262 -3.6635 2.0753
v  1.6299 -3.6685 2.0719
v  1.6301 -3.6685 2.0820
v  1.6301 -3.6635 2.0820
v  1.6348 -3.6685 2.0805
v  1.6311 -3.6685 2.0904
v  1.6311 -3.6635 2.0904
v  1.6361 -3.6685 2.0906
v  1.6288 -3.6685 2.0985
v  1.6288 -3.6635 2.0985
v  1.6334 -3.6685 2.1004
v  1.6239 -3.6685 2.1045
v  1.6239 -3.6635 2.1045
v  1.6273 -3.6685 2.1082
v  1.6172 -3.6685 2.1084
v  1.6172 -3.6635 2.1084
v  1.6187 -3.6685 2.1131
v  1.6088 -3.6685 2.1094
v  1.6088 -3.6635 2.1094
v  1.6086 -3.6685 2.1144
v  1.6007 -3.6685 2.1071
v  1.6007 -3.6635 2.1071
v  1.5988 -3.6685 2.1117
v  1.5946 -3.6685 2.1022
v  1.5946 -3.6635 2.1022
v  1.5910 -3.6685 2.1056
v  1.5908 -3.6685 2.0954
v  1.5908 -3.6635 2.0954
v  1.5860 -3.6685 2.0970
v  1.5897 -3.6685 2.0871
v  1.5897 -3.6635 2.0871
v  1.5847 -3.6685 2.0869
v  -1.5969 -3.6685 0.6585
v  -1.5969 -3.6635 0.6585
v  -1.5936 -3.6685 0.6622
v  -1.5921 -3.6685 0.6525
v  -1.5875 -3.6685 0.6544
v  -1.5921 -3.6635 0.6525
v  -1.6037 -3.6685 0.6624
v  -1.6037 -3.6635 0.6624
v  -1.6022 -3.6685 0.6671
v  -1.6120 -3.6685 0.6634
v  -1.6120 -3.6635 0.6634
v  -1.6123 -3.6685 0.6684
v  -1.6201 -3.6685 0.6611
v  -1.6201 -3.6635 0.6611
v  -1.6221 -3.6685 0.6657
v  -1.6262 -3.6685 0.6562
v  -1.6262 -3.6635 0.6562
v  -1.6299 -3.6685 0.6596
v  -1.6301 -3.6685 0.6494
v  -1.6301 -3.6635 0.6494
v  -1.6348 -3.6685 0.6509
v  -1.6311 -3.6685 0.6411
v  -1.6311 -3.6635 0.6411
v  -1.6361 -3.6685 0.6408
v  -1.6288 -3.6685 0.6330
v  -1.6288 -3.6635 0.6330
v  -1.6334 -3.6685 0.6310
v  -1.6239 -3.6685 0.6269
v  -1.6239 -3.6635 0.6269
v  -1.6273 -3.6685 0.6232
v  -1.6172 -3.6685 0.6231
v  -1.6172 -3.6635 0.6231
v  -1.6187 -3.6685 0.6183
v  -1.6088 -3.6685 0.6220
v  -1.6088 -3.6635 0.6220
v  -1.6086 -3.6685 0.6170
v  -1.6007 -3.6685 0.6244
v  -1.6007 -3.6635 0.6244
v  -1.5988 -3.6685 0.6198
v  -1.5946 -3.6685 0.6292
v  -1.5946 -3.6635 0.6292
v  -1.5910 -3.6685 0.6259
v  -1.5908 -3.6685 0.6360
v  -1.5908 -3.6635 0.6360
v  -1.5860 -3.6685 0.6345
v  -1.5897 -3.6685 0.6444
v  -1.5897 -3.6635 0.6444
v  -1.5847 -3.6685 0.6446
v  -1.5921 -3.6685 2.0790
v  -1.5921 -3.6635 2.0790
v  -1.5875 -3.6685 2.0771
v  -1.5969 -3.6685 2.0729
v  -1.5936 -3.6685 2.0692
v  -1.5969 -3.6635 2.0729
v  -1.6037 -3.6685 2.0691
v  -1.6022 -3.6685 2.0643
v  -1.6037 -3.6635 2.0691
v  -1.6120 -3.6685 2.0680
v  -1.6123 -3.6685 2.0630
v  -1.6120 -3.6635 2.0680
v  -1.6201 -3.6685 2.0704
v  -1.6221 -3.6685 2.0658
v  -1.6201 -3.6635 2.0704
v  -1.6262 -3.6685 2.0753
v  -1.6299 -3.6685 2.0719
v  -1.6262 -3.6635 2.0753
v  -1.6301 -3.6685 2.0820
v  -1.6348 -3.6685 2.0805
v  -1.6301 -3.6635 2.0820
v  -1.6311 -3.6685 2.0904
v  -1.6361 -3.6685 2.0906
v  -1.6311 -3.6635 2.0904
v  -1.6288 -3.6685 2.0985
v  -1.6334 -3.6685 2.1004
v  -1.6288 -3.6635 2.0985
v  -1.6239 -3.6685 2.1045
v  -1.6273 -3.6685 2.1082
v  -1.6239 -3.6635 2.1045
v  -1.6172 -3.6685 2.1084
v  -1.6187 -3.6685 2.1131
v  -1.6172 -3.6635 2.1084
v  -1.6088 -3.6685 2.1094
v  -1.6086 -3.6685 2.1144
v  -1.6088 -3.6635 2.1094
v  -1.6007 -3.6685 2.1071
v  -1.5988 -3.6685 2.1117
v  -1.6007 -3.6635 2.1071
v  -1.5946 -3.6685 2.1022
v  -1.5910 -3.6685 2.1056
v  -1.5946 -3.6635 2.1022
v  -1.5908 -3.6685 2.0954
v  -1.5860 -3.6685 2.0970
v  -1.5908 -3.6635 2.0954
v  -1.5897 -3.6685 2.0871
v  -1.5847 -3.6685 2.0869
v  -1.5897 -3.6635 2.0871
v  1.0038 -3.6715 0.5333
v  1.0038 -3.6665 0.5333
v  0.9992 -3.6715 0.5353
v  1.0086 -3.6715 0.5394
v  1.0053 -3.6715 0.5431
v  1.0086 -3.6665 0.5394
v  1.0154 -3.6715 0.5432
v  1.0139 -3.6715 0.5480
v  1.0154 -3.6665 0.5432
v  1.0238 -3.6715 0.5443
v  1.0240 -3.6715 0.5493
v  1.0238 -3.6665 0.5443
v  1.0318 -3.6715 0.5419
v  1.0338 -3.6715 0.5465
v  1.0318 -3.6665 0.5419
v  1.0379 -3.6715 0.5370
v  1.0416 -3.6715 0.5404
v  1.0379 -3.6665 0.5370
v  1.0418 -3.6715 0.5303
v  1.0465 -3.6715 0.5318
v  1.0418 -3.6665 0.5303
v  1.0428 -3.6715 0.5219
v  1.0478 -3.6715 0.5217
v  1.0428 -3.6665 0.5219
v  1.0405 -3.6715 0.5138
v  1.0451 -3.6715 0.5119
v  1.0405 -3.6665 0.5138
v  1.0356 -3.6715 0.5078
v  1.0390 -3.6715 0.5041
v  1.0356 -3.6665 0.5078
v  1.0289 -3.6715 0.5039
v  1.0304 -3.6715 0.4992
v  1.0289 -3.6665 0.5039
v  1.0205 -3.6715 0.5029
v  1.0203 -3.6715 0.4979
v  1.0205 -3.6665 0.5029
v  1.0124 -3.6715 0.5052
v  1.0105 -3.6715 0.5006
v  1.0124 -3.6665 0.5052
v  1.0064 -3.6715 0.5101
v  1.0027 -3.6715 0.5067
v  1.0064 -3.6665 0.5101
v  1.0025 -3.6715 0.5169
v  0.9977 -3.6715 0.5153
v  1.0025 -3.6665 0.5169
v  1.0014 -3.6715 0.5252
v  0.9964 -3.6715 0.5254
v  1.0014 -3.6665 0.5252
v  1.0086 -3.6715 2.1921
v  1.0086 -3.6665 2.1921
v  1.0053 -3.6715 2.1884
v  1.0038 -3.6715 2.1982
v  0.9992 -3.6715 2.1962
v  1.0038 -3.6665 2.1982
v  1.0154 -3.6715 2.1882
v  1.0154 -3.6665 2.1882
v  1.0139 -3.6715 2.1835
v  1.0238 -3.6715 2.1872
v  1.0238 -3.6665 2.1872
v  1.0240 -3.6715 2.1822
v  1.0318 -3.6715 2.1895
v  1.0318 -3.6665 2.1895
v  1.0338 -3.6715 2.1850
v  1.0379 -3.6715 2.1944
v  1.0379 -3.6665 2.1944
v  1.0416 -3.6715 2.1911
v  1.0418 -3.6715 2.2012
v  1.0418 -3.6665 2.2012
v  1.0465 -3.6715 2.1997
v  1.0428 -3.6715 2.2095
v  1.0428 -3.6665 2.2095
v  1.0478 -3.6715 2.2098
v  1.0405 -3.6715 2.2176
v  1.0405 -3.6665 2.2176
v  1.0451 -3.6715 2.2196
v  1.0356 -3.6715 2.2237
v  1.0356 -3.6665 2.2237
v  1.0390 -3.6715 2.2274
v  1.0289 -3.6715 2.2275
v  1.0289 -3.6665 2.2275
v  1.0304 -3.6715 2.2323
v  1.0205 -3.6715 2.2286
v  1.0205 -3.6665 2.2286
v  1.0203 -3.6715 2.2336
v  1.0124 -3.6715 2.2262
v  1.0124 -3.6665 2.2262
v  1.0105 -3.6715 2.2308
v  1.0064 -3.6715 2.2214
v  1.0064 -3.6665 2.2214
v  1.0027 -3.6715 2.2247
v  1.0025 -3.6715 2.2146
v  1.0025 -3.6665 2.2146
v  0.9977 -3.6715 2.2161
v  1.0014 -3.6715 2.2062
v  1.0014 -3.6665 2.2062
v  0.9964 -3.6715 2.2060
v  -1.0086 -3.6715 0.5394
v  -1.0086 -3.6665 0.5394
v  -1.0053 -3.6715 0.5431
v  -1.0038 -3.6715 0.5333
v  -0.9992 -3.6715 0.5353
v  -1.0038 -3.6665 0.5333
v  -1.0154 -3.6715 0.5432
v  -1.0154 -3.6665 0.5432
v  -1.0139 -3.6715 0.5480
v  -1.0238 -3.6715 0.5443
v  -1.0238 -3.6665 0.5443
v  -1.0240 -3.6715 0.5493
v  -1.0318 -3.6715 0.5419
v  -1.0318 -3.6665 0.5419
v  -1.0338 -3.6715 0.5465
v  -1.0379 -3.6715 0.5370
v  -1.0379 -3.6665 0.5370
v  -1.0416 -3.6715 0.5404
v  -1.0418 -3.6715 0.5303
v  -1.0418 -3.6665 0.5303
v  -1.0465 -3.6715 0.5318
v  -1.0428 -3.6715 0.5219
v  -1.0428 -3.6665 0.5219
v  -1.0478 -3.6715 0.5217
v  -1.0405 -3.6715 0.5138
v  -1.0405 -3.6665 0.5138
v  -1.0451 -3.6715 0.5119
v  -1.0356 -3.6715 0.5078
v  -1.0356 -3.6665 0.5078
v  -1.0390 -3.6715 0.5041
v  -1.0289 -3.6715 0.5039
v  -1.0289 -3.6665 0.5039
v  -1.0304 -3.6715 0.4992
v  -1.0205 -3.6715 0.5029
v  -1.0205 -3.6665 0.5029
v  -1.0203 -3.6715 0.4979
v  -1.0124 -3.6715 0.5052
v  -1.0124 -3.6665 0.5052
v  -1.0105 -3.6715 0.5006
v  -1.0064 -3.6715 0.5101
v  -1.0064 -3.6665 0.5101
v  -1.0027 -3.6715 0.5067
v  -1.0025 -3.6715 0.5169
v  -1.0025 -3.6665 0.5169
v  -0.9977 -3.6715 0.5153
v  -1.0014 -3.6715 0.5252
v  -1.0014 -3.6665 0.5252
v  -0.9964 -3.6715 0.5254
v  -1.0038 -3.6715 2.1982
v  -1.0038 -3.6665 2.1982
v  -0.9992 -3.6715 2.1962
v  -1.0086 -3.6715 2.1921
v  -1.0053 -3.6715 2.1884
v  -1.0086 -3.6665 2.1921
v  -1.0154 -3.6715 2.1882
v  -1.0139 -3.6715 2.1835
v  -1.0154 -3.6665 2.1882
v  -1.0238 -3.6715 2.1872
v  -1.0240 -3.6715 2.1822
v  -1.0238 -3.6665 2.1872
v  -1.0318 -3.6715 2.1895
v  -1.0338 -3.6715 2.1850
v  -1.0318 -3.6665 2.1895
v  -1.0379 -3.6715 2.1944
v  -1.0416 -3.6715 2.1911
v  -1.0379 -3.6665 2.1944
v  -1.0418 -3.6715 2.2012
v  -1.0465 -3.6715 2.1997
v  -1.0418 -3.6665 2.2012
v  -1.0428 -3.6715 2.2095
v  -1.0478 -3.6715 2.2098
v  -1.0428 -3.6665 2.2095
v  -1.0405 -3.6715 2.2176
v  -1.0451 -3.6715 2.2196
v  -1.0405 -3.6665 2.2176
v  -1.0356 -3.6715 2.2237
v  -1.0390 -3.6715 2.2274
v  -1.0356 -3.6665 2.2237
v  -1.0289 -3.6715 2.2275
v  -1.0304 -3.6715 2.2323
v  -1.0289 -3.6665 2.2275
v  -1.0205 -3.6715 2.2286
v  -1.0203 -3.6715 2.2336
v  -1.0205 -3.6665 2.2286
v  -1.0124 -3.6715 2.2262
v  -1.0105 -3.6715 2.2308
v  -1.0124 -3.6665 2.2262
v  -1.0064 -3.6715 2.2214
v  -1.0027 -3.6715 2.2247
v  -1.0064 -3.6665 2.2214
v  -1.0025 -3.6715 2.2146
v  -0.9977 -3.6715 2.2161
v  -1.0025 -3.6665 2.2146
v  -1.0014 -3.6715 2.2062
v  -0.9964 -3.6715 2.2060
v  -1.0014 -3.6665 2.2062
v  -0.0137 -3.7742 3.5732
v  -0.0137 -3.7692 3.5732
v  -0.0170 -3.7742 3.5696
v  -0.0185 -3.7742 3.5793
v  -0.0231 -3.7742 3.5774
v  -0.0185 -3.7692 3.5793
v  -0.0069 -3.7742 3.5694
v  -0.0069 -3.7692 3.5694
v  -0.0084 -3.7742 3.5646
v  0.0014 -3.7742 3.5684
v  0.0014 -3.7692 3.5684
v  0.0017 -3.7742 3.5634
v  0.0095 -3.7742 3.5707
v  0.0095 -3.7692 3.5707
v  0.0115 -3.7742 3.5661
v  0.0156 -3.7742 3.5756
v  0.0156 -3.7692 3.5756
v  0.0193 -3.7742 3.5722
v  0.0195 -3.7742 3.5823
v  0.0195 -3.7692 3.5823
v  0.0242 -3.7742 3.5808
v  0.0205 -3.7742 3.5907
v  0.0205 -3.7692 3.5907
v  0.0255 -3.7742 3.5909
v  0.0182 -3.7742 3.5988
v  0.0182 -3.7692 3.5988
v  0.0228 -3.7742 3.6007
v  0.0133 -3.7742 3.6049
v  0.0133 -3.7692 3.6049
v  0.0167 -3.7742 3.6085
v  0.0066 -3.7742 3.6087
v  0.0066 -3.7692 3.6087
v  0.0081 -3.7742 3.6135
v  -0.0018 -3.7742 3.6098
v  -0.0018 -3.7692 3.6098
v  -0.0020 -3.7742 3.6147
v  -0.0099 -3.7742 3.6074
v  -0.0099 -3.7692 3.6074
v  -0.0118 -3.7742 3.6120
v  -0.0160 -3.7742 3.6025
v  -0.0160 -3.7692 3.6025
v  -0.0196 -3.7742 3.6059
v  -0.0198 -3.7742 3.5958
v  -0.0198 -3.7692 3.5958
v  -0.0246 -3.7742 3.5973
v  -0.0209 -3.7742 3.5874
v  -0.0209 -3.7692 3.5874
v  -0.0259 -3.7742 3.5872
v  -2.7808 -3.7096 1.3498
v  -2.7808 -3.7046 1.3498
v  -2.7842 -3.7096 1.3461
v  -2.7857 -3.7096 1.3559
v  -2.7903 -3.7096 1.3539
v  -2.7857 -3.7046 1.3559
v  -2.7741 -3.7096 1.3460
v  -2.7741 -3.7046 1.3460
v  -2.7756 -3.7096 1.3412
v  -2.7657 -3.7096 1.3449
v  -2.7657 -3.7046 1.3449
v  -2.7655 -3.7096 1.3399
v  -2.7576 -3.7096 1.3473
v  -2.7576 -3.7046 1.3473
v  -2.7557 -3.7096 1.3427
v  -2.7516 -3.7096 1.3522
v  -2.7516 -3.7046 1.3522
v  -2.7479 -3.7096 1.3488
v  -2.7477 -3.7096 1.3589
v  -2.7477 -3.7046 1.3589
v  -2.7429 -3.7096 1.3574
v  -2.7466 -3.7096 1.3673
v  -2.7466 -3.7046 1.3673
v  -2.7416 -3.7096 1.3675
v  -2.7490 -3.7096 1.3754
v  -2.7490 -3.7046 1.3754
v  -2.7444 -3.7096 1.3773
v  -2.7538 -3.7096 1.3814
v  -2.7538 -3.7046 1.3814
v  -2.7505 -3.7096 1.3851
v  -2.7606 -3.7096 1.3853
v  -2.7606 -3.7046 1.3853
v  -2.7591 -3.7096 1.3900
v  -2.7690 -3.7096 1.3863
v  -2.7690 -3.7046 1.3863
v  -2.7692 -3.7096 1.3913
v  -2.7770 -3.7096 1.3840
v  -2.7770 -3.7046 1.3840
v  -2.7790 -3.7096 1.3886
v  -2.7831 -3.7096 1.3791
v  -2.7831 -3.7046 1.3791
v  -2.7868 -3.7096 1.3825
v  -2.7870 -3.7096 1.3723
v  -2.7870 -3.7046 1.3723
v  -2.7917 -3.7096 1.3739
v  -2.7880 -3.7096 1.3640
v  -2.7880 -3.7046 1.3640
v  -2.7930 -3.7096 1.3638
v  0.0925 -1.1516 -0.4656
v  0.0904 -1.1038 -0.4551
v  0.0857 -1.0181 -0.4317
v  0.0874 -1.0087 -0.4399
v  0.0894 -1.0074 -0.4499
v  0.0908 -1.0113 -0.4575
v  0.0922 -1.0190 -0.4638
v  0.0952 -1.0576 -0.4777
v  0.1258 -1.0635 -0.5103
v  0.1069 -1.1229 -0.5380
v  0.1815 -1.1519 -0.4386
v  0.1775 -1.1037 -0.4289
v  0.1681 -1.0180 -0.4064
v  0.1714 -1.0086 -0.4143
v  0.1754 -1.0075 -0.4238
v  0.1782 -1.0114 -0.4308
v  0.1807 -1.0190 -0.4368
v  0.1862 -1.0578 -0.4501
v  0.2189 -1.0642 -0.4800
v  0.2086 -1.1257 -0.5042
v  0.2635 -1.1518 -0.3949
v  0.2577 -1.1037 -0.3862
v  0.2440 -1.0180 -0.3657
v  0.2488 -1.0086 -0.3729
v  0.2546 -1.0072 -0.3815
v  0.2592 -1.0106 -0.3884
v  0.2624 -1.0190 -0.3932
v  0.2704 -1.0577 -0.4052
v  0.3047 -1.0645 -0.4318
v  0.3044 -1.1229 -0.4561
v  0.3356 -1.1517 -0.3361
v  0.3282 -1.1036 -0.3287
v  0.3119 -1.0184 -0.3124
v  0.3171 -1.0093 -0.3177
v  0.3240 -1.0072 -0.3245
v  0.3300 -1.0105 -0.3305
v  0.3341 -1.0190 -0.3346
v  0.3443 -1.0575 -0.3448
v  0.3800 -1.0645 -0.3673
v  0.3875 -1.1229 -0.3880
v  0.3945 -1.1518 -0.2641
v  0.3858 -1.1036 -0.2583
v  0.3669 -1.0184 -0.2457
v  0.3730 -1.0094 -0.2497
v  0.3810 -1.0072 -0.2551
v  0.3881 -1.0104 -0.2598
v  0.3931 -1.0189 -0.2632
v  0.4048 -1.0576 -0.2710
v  0.4419 -1.0644 -0.2888
v  0.4556 -1.1229 -0.3049
v  0.4383 -1.1516 -0.1821
v  0.4287 -1.1036 -0.1781
v  0.4059 -1.0180 -0.1686
v  0.4138 -1.0086 -0.1719
v  0.4233 -1.0072 -0.1759
v  0.4312 -1.0104 -0.1791
v  0.4368 -1.0189 -0.1814
v  0.4498 -1.0576 -0.1868
v  0.4882 -1.0641 -0.1992
v  0.5063 -1.1229 -0.2102
v  0.4652 -1.1518 -0.0930
v  0.4549 -1.1037 -0.0910
v  0.4311 -1.0181 -0.0863
v  0.4394 -1.0087 -0.0879
v  0.4494 -1.0074 -0.0899
v  0.4570 -1.0113 -0.0914
v  0.4637 -1.0189 -0.0927
v  0.4776 -1.0575 -0.0955
v  0.5170 -1.0644 -0.1019
v  0.5375 -1.1229 -0.1074
v  0.4749 -1.1516 -0.0005
v  0.4644 -1.1034 -0.0005
v  0.4399 -1.0181 -0.0005
v  0.4481 -1.0088 -0.0005
v  0.4582 -1.0073 -0.0005
v  0.4661 -1.0111 -0.0005
v  0.4713 -1.0192 -0.0005
v  0.4870 -1.0574 -0.0005
v  0.5271 -1.0630 -0.0005
v  0.5480 -1.1229 -0.0005
v  0.4654 -1.1518 0.0921
v  0.4551 -1.1036 0.0900
v  0.4315 -1.0182 0.0853
v  0.4395 -1.0089 0.0869
v  0.4494 -1.0073 0.0889
v  0.4572 -1.0111 0.0904
v  0.4638 -1.0189 0.0918
v  0.4778 -1.0574 0.0945
v  0.5169 -1.0637 0.1009
v  0.5375 -1.1229 0.1064
v  0.4431 -1.1500 0.1830
v  0.4290 -1.1035 0.1772
v  0.4064 -1.0181 0.1678
v  0.4140 -1.0088 0.1710
v  0.4233 -1.0073 0.1749
v  0.4306 -1.0111 0.1779
v  0.4369 -1.0189 0.1805
v  0.4501 -1.0573 0.1859
v  0.4884 -1.0639 0.1983
v  0.5063 -1.1229 0.2092
v  0.3988 -1.1500 0.2660
v  0.3862 -1.1034 0.2576
v  0.3657 -1.0181 0.2439
v  0.3726 -1.0088 0.2484
v  0.3810 -1.0071 0.2541
v  0.3882 -1.0103 0.2589
v  0.3933 -1.0189 0.2623
v  0.4052 -1.0572 0.2702
v  0.4422 -1.0642 0.2878
v  0.4556 -1.1229 0.3039
v  0.3391 -1.1500 0.3386
v  0.3286 -1.1034 0.3281
v  0.3123 -1.0185 0.3118
v  0.3173 -1.0095 0.3168
v  0.3240 -1.0071 0.3235
v  0.3302 -1.0102 0.3297
v  0.3346 -1.0188 0.3341
v  0.3445 -1.0565 0.3440
v  0.3819 -1.0662 0.3680
v  0.3875 -1.1229 0.3870
v  0.2665 -1.1500 0.3983
v  0.2581 -1.1034 0.3858
v  0.2455 -1.0186 0.3670
v  0.2494 -1.0096 0.3727
v  0.2546 -1.0071 0.3805
v  0.2595 -1.0101 0.3879
v  0.2630 -1.0188 0.3931
v  0.2708 -1.0571 0.4047
v  0.2974 -1.0641 0.4355
v  0.3044 -1.1229 0.4551
v  0.1835 -1.1500 0.4426
v  0.1778 -1.1034 0.4287
v  0.1684 -1.0181 0.4059
v  0.1715 -1.0088 0.4135
v  0.1754 -1.0071 0.4228
v  0.1787 -1.0101 0.4310
v  0.1812 -1.0188 0.4368
v  0.1865 -1.0572 0.4497
v  0.1998 -1.0646 0.4889
v  0.2097 -1.1229 0.5058
v  0.0936 -1.1500 0.4699
v  0.0906 -1.1035 0.4549
v  0.0859 -1.0182 0.4312
v  0.0874 -1.0089 0.4391
v  0.0894 -1.0073 0.4489
v  0.0909 -1.0110 0.4567
v  0.0924 -1.0188 0.4638
v  0.0951 -1.0571 0.4775
v  0.1022 -1.0649 0.5180
v  0.1069 -1.1229 0.5370
v  -0.0000 -1.0073 0.4577
v  -0.0000 -1.0109 0.4658
v  -0.0925 -1.1516 -0.4656
v  -0.0904 -1.1038 -0.4551
v  -0.0857 -1.0181 -0.4317
v  -0.0874 -1.0087 -0.4399
v  -0.0894 -1.0074 -0.4499
v  -0.0908 -1.0113 -0.4575
v  -0.0922 -1.0190 -0.4638
v  -0.0952 -1.0576 -0.4777
v  -0.1258 -1.0635 -0.5103
v  -0.1069 -1.1229 -0.5380
v  -0.1815 -1.1519 -0.4386
v  -0.1775 -1.1037 -0.4289
v  -0.1681 -1.0180 -0.4064
v  -0.1714 -1.0086 -0.4143
v  -0.1754 -1.0075 -0.4238
v  -0.1782 -1.0114 -0.4308
v  -0.1807 -1.0190 -0.4368
v  -0.1862 -1.0578 -0.4501
v  -0.2189 -1.0642 -0.4800
v  -0.2087 -1.1257 -0.5042
v  -0.2635 -1.1518 -0.3949
v  -0.2577 -1.1037 -0.3862
v  -0.2440 -1.0180 -0.3657
v  -0.2488 -1.0086 -0.3729
v  -0.2546 -1.0072 -0.3815
v  -0.2592 -1.0106 -0.3884
v  -0.2624 -1.0190 -0.3932
v  -0.2704 -1.0577 -0.4052
v  -0.3047 -1.0645 -0.4318
v  -0.3044 -1.1229 -0.4561
v  -0.3356 -1.1517 -0.3361
v  -0.3282 -1.1036 -0.3287
v  -0.3119 -1.0184 -0.3124
v  -0.3171 -1.0093 -0.3177
v  -0.3240 -1.0072 -0.3245
v  -0.3300 -1.0105 -0.3305
v  -0.3341 -1.0190 -0.3346
v  -0.3443 -1.0575 -0.3448
v  -0.3800 -1.0645 -0.3673
v  -0.3875 -1.1229 -0.3880
v  -0.3945 -1.1518 -0.2641
v  -0.3858 -1.1036 -0.2583
v  -0.3669 -1.0184 -0.2457
v  -0.3730 -1.0094 -0.2497
v  -0.3810 -1.0072 -0.2551
v  -0.3881 -1.0104 -0.2598
v  -0.3931 -1.0189 -0.2632
v  -0.4048 -1.0576 -0.2710
v  -0.4419 -1.0644 -0.2888
v  -0.4556 -1.1229 -0.3049
v  -0.4383 -1.1516 -0.1821
v  -0.4287 -1.1036 -0.1781
v  -0.4059 -1.0180 -0.1686
v  -0.4138 -1.0086 -0.1719
v  -0.4233 -1.0072 -0.1759
v  -0.4312 -1.0104 -0.1791
v  -0.4368 -1.0189 -0.1814
v  -0.4498 -1.0576 -0.1868
v  -0.4882 -1.0641 -0.1992
v  -0.5063 -1.1229 -0.2102
v  -0.4652 -1.1518 -0.0930
v  -0.4549 -1.1037 -0.0910
v  -0.4311 -1.0181 -0.0863
v  -0.4394 -1.0087 -0.0879
v  -0.4494 -1.0074 -0.0899
v  -0.4570 -1.0113 -0.0914
v  -0.4637 -1.0189 -0.0927
v  -0.4776 -1.0575 -0.0955
v  -0.5170 -1.0644 -0.1019
v  -0.5375 -1.1229 -0.1074
v  -0.4749 -1.1516 -0.0005
v  -0.4644 -1.1034 -0.0005
v  -0.4399 -1.0181 -0.0005
v  -0.4481 -1.0088 -0.0005
v  -0.4582 -1.0073 -0.0005
v  -0.4661 -1.0111 -0.0005
v  -0.4713 -1.0192 -0.0005
v  -0.4870 -1.0574 -0.0005
v  -0.5271 -1.0630 -0.0005
v  -0.5480 -1.1229 -0.0005
v  -0.4654 -1.1518 0.0921
v  -0.4551 -1.1036 0.0900
v  -0.4315 -1.0182 0.0853
v  -0.4395 -1.0089 0.0869
v  -0.4494 -1.0073 0.0889
v  -0.4572 -1.0111 0.0904
v  -0.4638 -1.0189 0.0918
v  -0.4778 -1.0574 0.0945
v  -0.5169 -1.0637 0.1009
v  -0.5375 -1.1229 0.1064
v  -0.4431 -1.1500 0.1830
v  -0.4290 -1.1035 0.1772
v  -0.4064 -1.0181 0.1678
v  -0.4140 -1.0088 0.1710
v  -0.4233 -1.0073 0.1749
v  -0.4306 -1.0111 0.1779
v  -0.4369 -1.0189 0.1805
v  -0.4501 -1.0573 0.1859
v  -0.4884 -1.0639 0.1983
v  -0.5063 -1.1229 0.2092
v  -0.3988 -1.1500 0.2660
v  -0.3862 -1.1034 0.2576
v  -0.3657 -1.0181 0.2439
v  -0.3726 -1.0088 0.2484
v  -0.3810 -1.0071 0.2541
v  -0.3882 -1.0103 0.2589
v  -0.3933 -1.0189 0.2623
v  -0.4052 -1.0572 0.2702
v  -0.4422 -1.0642 0.2878
v  -0.4556 -1.1229 0.3039
v  -0.3391 -1.1500 0.3386
v  -0.3286 -1.1034 0.3281
v  -0.3123 -1.0185 0.3118
v  -0.3173 -1.0095 0.3168
v  -0.3240 -1.0071 0.3235
v  -0.3302 -1.0102 0.3297
v  -0.3346 -1.0188 0.3341
v  -0.3445 -1.0565 0.3440
v  -0.3819 -1.0662 0.3680
v  -0.3875 -1.1229 0.3870
v  -0.2665 -1.1500 0.3983
v  -0.2581 -1.1034 0.3858
v  -0.2455 -1.0186 0.3670
v  -0.2494 -1.0096 0.3727
v  -0.2546 -1.0071 0.3805
v  -0.2595 -1.0101 0.3879
v  -0.2630 -1.0188 0.3931
v  -0.2708 -1.0571 0.4047
v  -0.2974 -1.0641 0.4355
v  -0.3044 -1.1229 0.4551
v  -0.1835 -1.1500 0.4426
v  -0.1778 -1.1034 0.4287
v  -0.1684 -1.0181 0.4059
v  -0.1715 -1.0088 0.4135
v  -0.1754 -1.0071 0.4228
v  -0.1787 -1.0101 0.4310
v  -0.1812 -1.0188 0.4368
v  -0.1865 -1.0572 0.4497
v  -0.1998 -1.0646 0.4889
v  -0.2097 -1.1229 0.5058
v  -0.0936 -1.1500 0.4699
v  -0.0906 -1.1035 0.4549
v  -0.0859 -1.0182 0.4312
v  -0.0874 -1.0089 0.4391
v  -0.0894 -1.0073 0.4489
v  -0.0909 -1.0110 0.4567
v  -0.0924 -1.0188 0.4638
v  -0.0951 -1.0571 0.4775
v  -0.1022 -1.0649 0.5180
v  -0.1069 -1.1229 0.5370
v  -0.0000 -1.1500 0.4791
v  -0.0000 -1.1033 0.4644
v  -0.0000 -1.0182 0.4398
v  -0.0000 -1.0090 0.4478
v  -0.0000 -1.0187 0.4731
v  -0.0000 -1.0569 0.4871
v  -0.0000 -1.0646 0.5270
v  -0.0000 -1.1229 0.5475
v  0.0474 -1.1020 -0.4637
v  0.0523 -1.1022 -0.4627
v  0.0496 -1.1547 -0.4725
v  0.0494 -1.1527 -0.4771
v  0.0545 -1.1544 -0.4717
v  0.0471 -1.0173 -0.4391
v  0.0520 -1.0174 -0.4381
v  0.0466 -1.0087 -0.4481
v  0.0515 -1.0087 -0.4471
v  0.0455 -1.0068 -0.4568
v  0.0505 -1.0068 -0.4560
v  0.0461 -1.0116 -0.4660
v  0.0510 -1.0116 -0.4651
v  0.0464 -1.0195 -0.4708
v  0.0513 -1.0194 -0.4700
v  0.0470 -1.0629 -0.4870
v  0.0519 -1.0623 -0.4860
v  0.0469 -1.0639 -0.5250
v  0.0518 -1.0639 -0.5241
v  0.0477 -1.1230 -0.5438
v  0.0527 -1.1230 -0.5433
v  0.0478 -1.1250 -0.5392
v  -0.0496 -1.1547 -0.4725
v  -0.0545 -1.1544 -0.4717
v  -0.0494 -1.1527 -0.4771
v  -0.0474 -1.1020 -0.4637
v  -0.0523 -1.1022 -0.4627
v  -0.0471 -1.0173 -0.4391
v  -0.0520 -1.0174 -0.4381
v  -0.0466 -1.0087 -0.4481
v  -0.0515 -1.0087 -0.4471
v  -0.0455 -1.0068 -0.4568
v  -0.0505 -1.0068 -0.4560
v  -0.0461 -1.0116 -0.4660
v  -0.0510 -1.0116 -0.4651
v  -0.0464 -1.0195 -0.4708
v  -0.0513 -1.0194 -0.4700
v  -0.0470 -1.0629 -0.4870
v  -0.0519 -1.0623 -0.4860
v  -0.0469 -1.0639 -0.5250
v  -0.0518 -1.0639 -0.5241
v  -0.0477 -1.1230 -0.5438
v  -0.0478 -1.1250 -0.5392
v  -0.0527 -1.1230 -0.5433
v  0.0471 -1.0188 -0.4447
v  0.0467 -1.0133 -0.4505
v  0.0457 -1.0120 -0.4561
v  0.0462 -1.0154 -0.4625
v  0.0465 -1.0216 -0.4663
v  0.0472 -1.0678 -0.4835
v  0.0470 -1.0688 -0.5213
v  0.0473 -1.1009 -0.4686
v  -0.0470 -1.0688 -0.5213
v  -0.0472 -1.0678 -0.4835
v  -0.0465 -1.0216 -0.4663
v  -0.0462 -1.0154 -0.4625
v  -0.0457 -1.0120 -0.4561
v  -0.0467 -1.0133 -0.4505
v  -0.0471 -1.0188 -0.4447
v  -0.0473 -1.1009 -0.4686
v  0.4380 -0.7108 0.0000
v  0.4626 -0.1148 0.0000
v  -0.0000 -0.8345 -0.3287
v  -0.0000 -0.7852 -0.3730
v  0.0000 -0.6759 -0.4521
v  0.0000 -0.5954 -0.4650
v  0.0000 -0.0196 -0.4650
v  0.0573 -0.8609 -0.3254
v  0.0570 -0.8345 -0.3237
v  0.0592 -0.8092 -0.3365
v  0.0647 -0.7850 -0.3673
v  0.0706 -0.7534 -0.4007
v  0.0752 -0.7161 -0.4270
v  0.0784 -0.6758 -0.4450
v  0.0801 -0.6348 -0.4547
v  0.0806 -0.5954 -0.4576
v  0.0806 -0.0197 -0.4576
v  0.1126 -0.8610 -0.3101
v  0.1121 -0.8343 -0.3085
v  0.1166 -0.8088 -0.3209
v  0.1273 -0.7848 -0.3503
v  0.1389 -0.7531 -0.3821
v  0.1479 -0.7158 -0.4070
v  0.1541 -0.6755 -0.4240
v  0.1575 -0.6347 -0.4332
v  0.1585 -0.5954 -0.4360
v  0.1585 -0.0198 -0.4360
v  0.1644 -0.8611 -0.2854
v  0.1636 -0.8340 -0.2839
v  0.1703 -0.8085 -0.2956
v  0.1860 -0.7844 -0.3227
v  0.2028 -0.7527 -0.3518
v  0.2160 -0.7155 -0.3746
v  0.2250 -0.6752 -0.3902
v  0.2299 -0.6345 -0.3987
v  0.2313 -0.5953 -0.4012
v  0.2313 -0.0200 -0.4012
v  0.2112 -0.8611 -0.2523
v  0.2101 -0.8338 -0.2510
v  0.2189 -0.8082 -0.2614
v  0.2390 -0.7842 -0.2854
v  0.2606 -0.7525 -0.3111
v  0.2775 -0.7153 -0.3312
v  0.2890 -0.6751 -0.3449
v  0.2952 -0.6344 -0.3524
v  0.2971 -0.5953 -0.3546
v  0.2971 -0.0201 -0.3546
v  0.2518 -0.8611 -0.2118
v  0.2505 -0.8339 -0.2107
v  0.2609 -0.8083 -0.2194
v  0.2849 -0.7843 -0.2396
v  0.3106 -0.7525 -0.2612
v  0.3307 -0.7153 -0.2780
v  0.3444 -0.6751 -0.2896
v  0.3519 -0.6344 -0.2958
v  0.3541 -0.5953 -0.2977
v  0.3541 -0.0201 -0.2977
v  0.2850 -0.8610 -0.1651
v  0.2835 -0.8341 -0.1643
v  0.2951 -0.8086 -0.1709
v  0.3222 -0.7845 -0.1866
v  0.3514 -0.7528 -0.2034
v  0.3742 -0.7156 -0.2166
v  0.3899 -0.6753 -0.2256
v  0.3983 -0.6346 -0.2305
v  0.4009 -0.5954 -0.2320
v  0.4008 -0.0200 -0.2320
v  0.3099 -0.8609 -0.1133
v  0.3082 -0.8344 -0.1127
v  0.3205 -0.8091 -0.1172
v  0.3498 -0.7849 -0.1279
v  0.3817 -0.7533 -0.1395
v  0.4066 -0.7160 -0.1487
v  0.4223 -0.6773 -0.1598
v  0.4380 -0.6262 -0.1289
v  0.4380 -0.6028 -0.1270
v  0.4358 -0.0197 -0.1592
v  0.3253 -0.8608 -0.0579
v  0.3233 -0.8349 -0.0599
v  0.3355 -0.8098 -0.0627
v  0.3660 -0.7855 -0.0689
v  0.3996 -0.7540 -0.0752
v  0.4257 -0.7172 -0.0802
v  0.4380 -0.6618 -0.0930
v  0.4380 -0.6339 -0.0868
v  0.4380 -0.6018 -0.0873
v  0.4565 -0.0195 -0.0872
v  -0.0000 -0.8837 -0.3446
v  0.0597 -0.8837 -0.3393
v  0.1175 -0.8839 -0.3235
v  0.0000 -0.1642 -0.4650
v  0.0806 -0.1642 -0.4576
v  0.1585 -0.1642 -0.4360
v  0.2313 -0.1642 -0.4012
v  0.2971 -0.1642 -0.3546
v  0.3541 -0.1642 -0.2977
v  0.4009 -0.1642 -0.2320
v  0.4380 -0.1639 -0.1356
v  0.4380 -0.1611 -0.0870
v  0.4380 -0.7003 -0.0514
v  0.4550 -0.1279 -0.0787
v  0.4381 -0.1572 -0.1445
v  0.4380 -0.1590 -0.1519
v  0.4380 -0.1648 -0.1520
v  0.4380 -0.6026 -0.1529
v  0.4380 -0.6280 -0.1481
v  0.4380 -0.6487 -0.1368
v  0.4380 -0.6673 -0.1199
v  0.4380 -0.6817 -0.0993
v  0.4380 -0.7065 0.0000
v  0.4380 -0.7047 -0.0522
v  0.4581 -0.1226 -0.0798
v  0.4407 -0.1522 -0.1460
v  0.4380 -0.1574 -0.1562
v  0.4380 -0.1645 -0.1563
v  0.4380 -0.6026 -0.1562
v  0.4380 -0.6283 -0.1518
v  0.4380 -0.6515 -0.1397
v  0.4380 -0.6706 -0.1218
v  0.4380 -0.6857 -0.1007
v  0.4398 -0.1542 -0.0867
v  0.4380 -0.1574 -0.0869
v  -0.0000 -0.8609 -0.3304
v  -0.0000 -0.8093 -0.3418
v  -0.0000 -0.7536 -0.4070
v  -0.0000 -0.7163 -0.4338
v  0.0000 -0.6348 -0.4620
v  -0.0000 -0.9526 -0.4001
v  0.3943 -0.9533 -0.0703
v  0.3757 -0.9534 -0.1374
v  0.3460 -0.9541 -0.2004
v  0.3056 -0.9540 -0.2570
v  0.2564 -0.9541 -0.3061
v  0.1996 -0.9541 -0.3464
v  0.1365 -0.9532 -0.3757
v  0.0695 -0.9535 -0.3946
v  -0.0000 -1.0351 -0.4434
v  0.4365 -1.0354 -0.0776
v  0.4156 -1.0351 -0.1519
v  0.3824 -1.0354 -0.2214
v  0.3379 -1.0355 -0.2841
v  0.2835 -1.0357 -0.3384
v  0.2206 -1.0353 -0.3828
v  0.1511 -1.0351 -0.4158
v  0.0768 -1.0345 -0.4361
v  -0.0000 -1.2244 -0.4791
v  0.4715 -1.2247 -0.0837
v  0.4491 -1.2249 -0.1642
v  0.4131 -1.2247 -0.2391
v  0.3649 -1.2251 -0.3067
v  0.3062 -1.2249 -0.3654
v  0.2384 -1.2251 -0.4134
v  0.1633 -1.2246 -0.4494
v  0.0831 -1.2247 -0.4716
v  0.3388 -0.8831 -0.0604
v  0.3231 -0.8837 -0.1181
v  0.2973 -0.8839 -0.1722
v  0.2628 -0.8841 -0.2211
v  0.2205 -0.8842 -0.2633
v  0.1715 -0.8840 -0.2978
v  0.4359 -0.7143 0.0000
v  0.4579 -0.1178 -0.0806
v  0.4401 -0.1478 -0.1477
v  0.4372 -0.1537 -0.1583
v  0.4367 -0.1633 -0.1596
v  0.4366 -0.6027 -0.1598
v  0.4364 -0.6294 -0.1552
v  0.4361 -0.6541 -0.1421
v  0.4362 -0.6737 -0.1235
v  0.4357 -0.6891 -0.1017
v  0.4357 -0.7080 -0.0530
v  0.0000 -0.0653 -0.4650
v  0.0806 -0.0653 -0.4576
v  0.1585 -0.0653 -0.4360
v  0.2313 -0.0653 -0.4012
v  0.2971 -0.0653 -0.3546
v  0.3541 -0.0653 -0.2977
v  0.4562 -0.0653 -0.0875
v  0.4360 -0.0653 -0.1597
v  0.4008 -0.0653 -0.2320
v  0.4380 -0.1606 -0.1399
v  -0.0573 -0.8609 -0.3254
v  -0.0597 -0.8837 -0.3393
v  -0.0570 -0.8345 -0.3237
v  -0.0592 -0.8092 -0.3365
v  -0.0647 -0.7850 -0.3673
v  -0.0706 -0.7534 -0.4007
v  -0.0752 -0.7161 -0.4270
v  -0.0784 -0.6758 -0.4450
v  -0.0801 -0.6348 -0.4547
v  -0.0806 -0.5954 -0.4576
v  -0.0806 -0.1642 -0.4576
v  -0.0796 -0.0063 -0.4520
v  -0.0806 -0.0197 -0.4576
v  -0.1126 -0.8610 -0.3101
v  -0.1175 -0.8839 -0.3235
v  -0.1121 -0.8343 -0.3085
v  -0.1166 -0.8088 -0.3209
v  -0.1273 -0.7848 -0.3503
v  -0.1389 -0.7531 -0.3821
v  -0.1479 -0.7158 -0.4070
v  -0.1541 -0.6755 -0.4240
v  -0.1575 -0.6347 -0.4332
v  -0.1585 -0.5954 -0.4360
v  -0.1585 -0.1642 -0.4360
v  -0.1585 -0.0198 -0.4360
v  -0.1644 -0.8611 -0.2854
v  -0.1715 -0.8840 -0.2978
v  -0.1636 -0.8340 -0.2839
v  -0.1703 -0.8085 -0.2956
v  -0.1860 -0.7844 -0.3227
v  -0.2028 -0.7527 -0.3518
v  -0.2160 -0.7155 -0.3746
v  -0.2250 -0.6752 -0.3902
v  -0.2299 -0.6345 -0.3987
v  -0.2313 -0.5953 -0.4012
v  -0.2313 -0.1642 -0.4012
v  -0.2289 -0.0070 -0.3970
v  -0.2313 -0.0200 -0.4012
v  -0.2112 -0.8611 -0.2523
v  -0.2205 -0.8842 -0.2633
v  -0.2101 -0.8338 -0.2510
v  -0.2189 -0.8082 -0.2614
v  -0.2390 -0.7842 -0.2854
v  -0.2606 -0.7525 -0.3111
v  -0.2775 -0.7153 -0.3312
v  -0.2890 -0.6751 -0.3449
v  -0.2952 -0.6344 -0.3524
v  -0.2971 -0.5953 -0.3546
v  -0.2971 -0.1642 -0.3546
v  -0.2941 -0.0072 -0.3511
v  -0.2971 -0.0201 -0.3546
v  -0.2518 -0.8611 -0.2118
v  -0.2628 -0.8841 -0.2211
v  -0.2505 -0.8339 -0.2107
v  -0.2609 -0.8083 -0.2194
v  -0.2849 -0.7843 -0.2396
v  -0.3106 -0.7525 -0.2612
v  -0.3307 -0.7153 -0.2780
v  -0.3444 -0.6751 -0.2896
v  -0.3519 -0.6344 -0.2958
v  -0.3541 -0.5953 -0.2977
v  -0.3541 -0.1642 -0.2977
v  -0.3541 -0.0201 -0.2977
v  -0.2850 -0.8610 -0.1651
v  -0.2973 -0.8839 -0.1722
v  -0.2835 -0.8341 -0.1643
v  -0.2951 -0.8086 -0.1709
v  -0.3222 -0.7845 -0.1866
v  -0.3514 -0.7528 -0.2034
v  -0.3742 -0.7156 -0.2166
v  -0.3899 -0.6753 -0.2256
v  -0.3983 -0.6346 -0.2305
v  -0.4009 -0.5954 -0.2320
v  -0.4009 -0.1642 -0.2320
v  -0.3967 -0.0066 -0.2296
v  -0.4008 -0.0200 -0.2320
v  -0.3099 -0.8609 -0.1133
v  -0.3231 -0.8837 -0.1181
v  -0.3082 -0.8344 -0.1127
v  -0.3205 -0.8091 -0.1172
v  -0.3498 -0.7849 -0.1279
v  -0.3817 -0.7533 -0.1395
v  -0.4066 -0.7160 -0.1487
v  -0.4223 -0.6773 -0.1598
v  -0.4366 -0.6027 -0.1598
v  -0.4364 -0.6294 -0.1552
v  -0.4367 -0.1633 -0.1596
v  -0.4310 -0.0061 -0.1574
v  -0.4358 -0.0197 -0.1592
v  -0.3253 -0.8608 -0.0579
v  -0.3388 -0.8831 -0.0604
v  -0.3233 -0.8349 -0.0599
v  -0.3355 -0.8098 -0.0627
v  -0.3660 -0.7855 -0.0689
v  -0.3996 -0.7540 -0.0752
v  -0.4257 -0.7172 -0.0802
v  -0.4380 -0.6673 -0.1199
v  -0.4380 -0.6487 -0.1368
v  -0.4380 -0.6618 -0.0930
v  -0.4380 -0.6817 -0.0993
v  -0.4380 -0.6262 -0.1289
v  -0.4380 -0.6028 -0.1270
v  -0.4380 -0.6018 -0.0873
v  -0.4380 -0.6339 -0.0868
v  -0.4380 -0.1639 -0.1356
v  -0.4380 -0.1611 -0.0870
v  -0.4504 -0.0057 -0.0862
v  -0.4565 -0.0195 -0.0872
v  -0.4357 -0.7080 -0.0530
v  -0.0806 -0.0653 -0.4576
v  -0.1585 -0.0653 -0.4360
v  -0.2313 -0.0653 -0.4012
v  -0.2971 -0.0653 -0.3546
v  -0.3541 -0.0653 -0.2977
v  -0.4008 -0.0653 -0.2320
v  -0.4381 -0.1572 -0.1445
v  -0.4550 -0.1279 -0.0787
v  -0.4398 -0.1542 -0.0867
v  -0.4626 -0.1148 -0.0000
v  -0.4380 -0.6026 -0.1529
v  -0.4380 -0.1648 -0.1520
v  -0.4362 -0.6737 -0.1235
v  -0.4357 -0.6891 -0.1017
v  -0.4380 -0.6280 -0.1481
v  -0.4361 -0.6541 -0.1421
v  -0.4380 -0.7003 -0.0514
v  -0.4579 -0.1178 -0.0806
v  -0.4562 -0.0653 -0.0875
v  -0.4401 -0.1478 -0.1477
v  -0.4360 -0.0653 -0.1597
v  -0.4372 -0.1537 -0.1583
v  -0.4581 -0.1226 -0.0798
v  -0.4380 -0.7108 0.0000
v  -0.4380 -0.7047 -0.0522
v  -0.4380 -0.7065 0.0000
v  -0.4407 -0.1522 -0.1460
v  -0.4380 -0.1590 -0.1519
v  -0.4380 -0.1574 -0.1562
v  -0.4380 -0.1645 -0.1563
v  -0.4380 -0.6026 -0.1562
v  -0.4380 -0.6283 -0.1518
v  -0.4380 -0.6515 -0.1397
v  -0.4380 -0.6706 -0.1218
v  -0.4380 -0.6857 -0.1007
v  -0.4380 -0.1574 -0.0869
v  -0.4380 -0.1606 -0.1399
v  -0.4359 -0.7143 0.0000
v  -0.3943 -0.9533 -0.0703
v  -0.3757 -0.9534 -0.1374
v  -0.3460 -0.9541 -0.2004
v  -0.3056 -0.9540 -0.2570
v  -0.2564 -0.9541 -0.3061
v  -0.1996 -0.9541 -0.3464
v  -0.1365 -0.9532 -0.3757
v  -0.0695 -0.9535 -0.3946
v  -0.4365 -1.0354 -0.0776
v  -0.4156 -1.0351 -0.1519
v  -0.3824 -1.0354 -0.2214
v  -0.3379 -1.0355 -0.2841
v  -0.2835 -1.0357 -0.3384
v  -0.2206 -1.0353 -0.3828
v  -0.1511 -1.0351 -0.4158
v  -0.0768 -1.0345 -0.4361
v  -0.4715 -1.2247 -0.0837
v  -0.4491 -1.2249 -0.1642
v  -0.4131 -1.2247 -0.2391
v  -0.3649 -1.2251 -0.3067
v  -0.3062 -1.2249 -0.3654
v  -0.2384 -1.2251 -0.4134
v  -0.1633 -1.2246 -0.4494
v  -0.0831 -1.2247 -0.4716
v  0.4650 -0.1101 0.0000
v  -0.4650 -0.1060 -0.0000
v  -0.4650 -0.1101 -0.0000
v  -0.0000 -0.8837 0.3446
v  -0.0000 -0.8609 0.3304
v  0.0573 -0.8609 0.3254
v  0.0597 -0.8837 0.3393
v  -0.0000 -0.8345 0.3287
v  0.0570 -0.8345 0.3237
v  -0.0000 -0.8093 0.3418
v  0.0592 -0.8092 0.3365
v  -0.0000 -0.7852 0.3730
v  0.0647 -0.7850 0.3673
v  -0.0000 -0.7536 0.4070
v  0.0706 -0.7534 0.4007
v  -0.0000 -0.7163 0.4338
v  0.0752 -0.7161 0.4270
v  -0.0000 -0.6759 0.4521
v  0.0784 -0.6758 0.4450
v  -0.0000 -0.6348 0.4620
v  0.0801 -0.6348 0.4547
v  -0.0000 -0.5954 0.4650
v  0.0806 -0.5954 0.4576
v  0.0000 -0.1642 0.4650
v  0.0806 -0.1642 0.4576
v  0.0000 -0.0196 0.4650
v  0.0796 -0.0063 0.4520
v  0.0806 -0.0197 0.4576
v  0.1126 -0.8610 0.3101
v  0.1175 -0.8839 0.3235
v  0.1121 -0.8343 0.3085
v  0.1166 -0.8088 0.3209
v  0.1273 -0.7847 0.3503
v  0.1389 -0.7531 0.3821
v  0.1479 -0.7158 0.4070
v  0.1541 -0.6755 0.4240
v  0.1575 -0.6347 0.4332
v  0.1585 -0.5954 0.4360
v  0.1585 -0.1642 0.4360
v  0.1585 -0.0198 0.4360
v  0.1644 -0.8611 0.2854
v  0.1715 -0.8840 0.2978
v  0.1636 -0.8340 0.2839
v  0.1703 -0.8085 0.2956
v  0.1860 -0.7844 0.3227
v  0.2028 -0.7527 0.3518
v  0.2160 -0.7155 0.3746
v  0.2250 -0.6752 0.3902
v  0.2299 -0.6345 0.3987
v  0.2313 -0.5953 0.4012
v  0.2313 -0.1642 0.4012
v  0.2313 -0.0200 0.4012
v  0.2112 -0.8611 0.2523
v  0.2205 -0.8842 0.2633
v  0.2101 -0.8338 0.2510
v  0.2189 -0.8082 0.2614
v  0.2390 -0.7842 0.2854
v  0.2606 -0.7525 0.3111
v  0.2775 -0.7153 0.3312
v  0.2890 -0.6751 0.3449
v  0.2952 -0.6344 0.3524
v  0.2971 -0.5953 0.3546
v  0.2971 -0.1642 0.3546
v  0.2971 -0.0201 0.3546
v  0.2518 -0.8611 0.2118
v  0.2628 -0.8841 0.2211
v  0.2505 -0.8339 0.2107
v  0.2609 -0.8083 0.2194
v  0.2849 -0.7843 0.2396
v  0.3106 -0.7525 0.2612
v  0.3307 -0.7153 0.2780
v  0.3444 -0.6751 0.2896
v  0.3519 -0.6344 0.2958
v  0.3541 -0.5953 0.2977
v  0.3541 -0.1642 0.2977
v  0.3506 -0.0070 0.2948
v  0.3541 -0.0201 0.2977
v  0.2850 -0.8610 0.1651
v  0.2973 -0.8839 0.1722
v  0.2835 -0.8341 0.1643
v  0.2951 -0.8086 0.1709
v  0.3222 -0.7845 0.1866
v  0.3514 -0.7528 0.2034
v  0.3742 -0.7156 0.2166
v  0.3899 -0.6753 0.2256
v  0.3983 -0.6346 0.2305
v  0.4009 -0.5954 0.2320
v  0.4009 -0.1642 0.2320
v  0.4008 -0.0200 0.2320
v  0.3099 -0.8609 0.1133
v  0.3231 -0.8837 0.1181
v  0.3082 -0.8344 0.1127
v  0.3205 -0.8091 0.1172
v  0.3498 -0.7849 0.1279
v  0.3817 -0.7533 0.1395
v  0.4066 -0.7160 0.1487
v  0.4223 -0.6773 0.1598
v  0.4366 -0.6027 0.1598
v  0.4364 -0.6294 0.1552
v  0.4367 -0.1633 0.1596
v  0.4358 -0.0197 0.1592
v  0.3253 -0.8608 0.0579
v  0.3388 -0.8831 0.0604
v  0.3233 -0.8349 0.0599
v  0.3355 -0.8098 0.0627
v  0.3660 -0.7855 0.0689
v  0.3996 -0.7540 0.0752
v  0.4257 -0.7172 0.0802
v  0.4380 -0.6673 0.1199
v  0.4380 -0.6487 0.1368
v  0.4380 -0.6618 0.0930
v  0.4380 -0.6817 0.0993
v  0.4380 -0.6262 0.1289
v  0.4380 -0.6028 0.1270
v  0.4380 -0.6018 0.0873
v  0.4380 -0.6339 0.0868
v  0.4380 -0.1639 0.1356
v  0.4380 -0.1611 0.0870
v  0.4565 -0.0195 0.0872
v  0.3303 -0.8608 0.0000
v  0.3442 -0.8832 0.0000
v  0.3286 -0.8347 0.0000
v  0.3415 -0.8096 0.0000
v  0.3726 -0.7854 0.0000
v  0.4064 -0.7542 0.0000
v  0.4357 -0.7080 0.0530
v  0.4380 -0.6346 0.0000
v  0.4380 -0.6742 0.0000
v  0.4380 -0.6009 0.0000
v  0.4380 -0.1607 0.0000
v  0.4648 -0.0195 0.0000
v  0.0000 -0.0653 0.4650
v  0.0806 -0.0653 0.4576
v  0.1585 -0.0653 0.4360
v  0.2313 -0.0653 0.4012
v  0.2971 -0.0653 0.3546
v  0.3541 -0.0653 0.2977
v  0.4008 -0.0653 0.2320
v  0.4381 -0.1572 0.1445
v  0.4550 -0.1279 0.0787
v  0.4398 -0.1542 0.0867
v  0.4399 -0.1540 0.0000
v  0.4380 -0.6026 0.1529
v  0.4380 -0.1648 0.1520
v  0.4362 -0.6737 0.1235
v  0.4357 -0.6891 0.1017
v  0.4380 -0.6280 0.1481
v  0.4361 -0.6541 0.1421
v  0.4380 -0.7003 0.0514
v  0.4579 -0.1178 0.0806
v  0.4401 -0.1478 0.1477
v  0.4360 -0.0653 0.1597
v  0.4562 -0.0653 0.0875
v  0.4372 -0.1537 0.1583
v  0.4380 -0.7047 0.0522
v  0.4581 -0.1226 0.0798
v  0.4407 -0.1522 0.1460
v  0.4380 -0.1590 0.1519
v  0.4380 -0.1574 0.1562
v  0.4380 -0.1645 0.1563
v  0.4380 -0.6026 0.1562
v  0.4380 -0.6283 0.1518
v  0.4380 -0.6515 0.1397
v  0.4380 -0.6706 0.1218
v  0.4380 -0.6857 0.1007
v  0.4380 -0.1574 0.0869
v  0.4380 -0.1606 0.1399
v  0.4382 -0.1571 0.0000
v  0.4010 -0.9538 0.0000
v  0.3943 -0.9533 0.0703
v  0.3757 -0.9534 0.1374
v  0.3460 -0.9541 0.2004
v  0.3056 -0.9540 0.2570
v  0.2564 -0.9541 0.3061
v  0.1996 -0.9541 0.3464
v  0.1365 -0.9532 0.3757
v  0.0695 -0.9535 0.3946
v  -0.0000 -0.9526 0.4001
v  0.4434 -1.0352 0.0000
v  0.4365 -1.0354 0.0776
v  0.4156 -1.0351 0.1519
v  0.3824 -1.0354 0.2214
v  0.3379 -1.0355 0.2841
v  0.2835 -1.0357 0.3384
v  0.2206 -1.0353 0.3828
v  0.1511 -1.0351 0.4158
v  0.0768 -1.0345 0.4361
v  -0.0000 -1.0351 0.4434
v  0.4790 -1.2247 0.0000
v  0.4715 -1.2247 0.0837
v  0.4491 -1.2249 0.1642
v  0.4131 -1.2247 0.2391
v  0.3649 -1.2251 0.3067
v  0.3062 -1.2249 0.3654
v  0.2384 -1.2251 0.4134
v  0.1633 -1.2246 0.4494
v  0.0831 -1.2247 0.4716
v  -0.0000 -1.2244 0.4791
v  0.4649 -0.0653 0.0000
v  -0.0597 -0.8837 0.3393
v  -0.0573 -0.8609 0.3254
v  -0.0570 -0.8345 0.3237
v  -0.0592 -0.8092 0.3365
v  -0.0647 -0.7850 0.3673
v  -0.0706 -0.7534 0.4007
v  -0.0752 -0.7161 0.4270
v  -0.0784 -0.6758 0.4450
v  -0.0801 -0.6348 0.4547
v  -0.0806 -0.5954 0.4576
v  -0.0806 -0.1642 0.4576
v  -0.0806 -0.0197 0.4576
v  -0.1175 -0.8839 0.3235
v  -0.1126 -0.8610 0.3101
v  -0.1121 -0.8343 0.3085
v  -0.1166 -0.8088 0.3209
v  -0.1273 -0.7847 0.3503
v  -0.1389 -0.7531 0.3821
v  -0.1479 -0.7158 0.4070
v  -0.1541 -0.6755 0.4240
v  -0.1575 -0.6347 0.4332
v  -0.1585 -0.5954 0.4360
v  -0.1585 -0.1642 0.4360
v  -0.1585 -0.0198 0.4360
v  -0.1715 -0.8840 0.2978
v  -0.1644 -0.8611 0.2854
v  -0.1636 -0.8340 0.2839
v  -0.1703 -0.8085 0.2956
v  -0.1860 -0.7844 0.3227
v  -0.2028 -0.7527 0.3518
v  -0.2160 -0.7155 0.3746
v  -0.2250 -0.6752 0.3902
v  -0.2299 -0.6345 0.3987
v  -0.2313 -0.5953 0.4012
v  -0.2313 -0.1642 0.4012
v  -0.2313 -0.0200 0.4012
v  -0.2205 -0.8842 0.2633
v  -0.2112 -0.8611 0.2523
v  -0.2101 -0.8338 0.2510
v  -0.2189 -0.8082 0.2614
v  -0.2390 -0.7842 0.2854
v  -0.2606 -0.7525 0.3111
v  -0.2775 -0.7153 0.3312
v  -0.2890 -0.6751 0.3449
v  -0.2952 -0.6344 0.3524
v  -0.2971 -0.5953 0.3546
v  -0.2971 -0.1642 0.3546
v  -0.2971 -0.0201 0.3546
v  -0.2628 -0.8841 0.2211
v  -0.2518 -0.8611 0.2118
v  -0.2505 -0.8339 0.2107
v  -0.2609 -0.8083 0.2194
v  -0.2849 -0.7843 0.2396
v  -0.3106 -0.7525 0.2612
v  -0.3307 -0.7153 0.2780
v  -0.3444 -0.6751 0.2896
v  -0.3519 -0.6344 0.2958
v  -0.3541 -0.5953 0.2977
v  -0.3541 -0.1642 0.2977
v  -0.3541 -0.0201 0.2977
v  -0.2973 -0.8839 0.1722
v  -0.2850 -0.8610 0.1651
v  -0.2835 -0.8341 0.1643
v  -0.2951 -0.8086 0.1709
v  -0.3222 -0.7845 0.1866
v  -0.3514 -0.7528 0.2034
v  -0.3742 -0.7156 0.2166
v  -0.3899 -0.6753 0.2256
v  -0.3983 -0.6346 0.2305
v  -0.4009 -0.5954 0.2320
v  -0.4009 -0.1642 0.2320
v  -0.4008 -0.0200 0.2320
v  -0.3231 -0.8837 0.1181
v  -0.3099 -0.8609 0.1133
v  -0.3082 -0.8344 0.1127
v  -0.3205 -0.8091 0.1172
v  -0.3498 -0.7849 0.1279
v  -0.3817 -0.7533 0.1395
v  -0.4066 -0.7160 0.1487
v  -0.4223 -0.6773 0.1598
v  -0.4364 -0.6294 0.1552
v  -0.4366 -0.6027 0.1598
v  -0.4367 -0.1633 0.1596
v  -0.4358 -0.0197 0.1592
v  -0.3388 -0.8831 0.0604
v  -0.3253 -0.8608 0.0579
v  -0.3233 -0.8349 0.0599
v  -0.3355 -0.8098 0.0627
v  -0.3660 -0.7855 0.0689
v  -0.3996 -0.7540 0.0752
v  -0.4257 -0.7172 0.0802
v  -0.4380 -0.6673 0.1199
v  -0.4380 -0.6817 0.0993
v  -0.4380 -0.6618 0.0930
v  -0.4380 -0.6487 0.1368
v  -0.4380 -0.6262 0.1289
v  -0.4380 -0.6339 0.0868
v  -0.4380 -0.6018 0.0873
v  -0.4380 -0.6028 0.1270
v  -0.4380 -0.1611 0.0870
v  -0.4380 -0.1639 0.1356
v  -0.4565 -0.0195 0.0872
v  -0.3442 -0.8832 0.0000
v  -0.3303 -0.8608 0.0000
v  -0.3286 -0.8347 0.0000
v  -0.3415 -0.8096 0.0000
v  -0.3726 -0.7854 0.0000
v  -0.4064 -0.7542 0.0000
v  -0.4357 -0.7080 0.0530
v  -0.4380 -0.6742 0.0000
v  -0.4380 -0.6346 -0.0000
v  -0.4380 -0.6009 -0.0000
v  -0.4380 -0.1607 -0.0000
v  -0.4648 -0.0195 -0.0000
v  -0.0806 -0.0653 0.4576
v  -0.1585 -0.0653 0.4360
v  -0.2313 -0.0653 0.4012
v  -0.2971 -0.0653 0.3546
v  -0.3541 -0.0653 0.2977
v  -0.4008 -0.0653 0.2320
v  -0.4381 -0.1572 0.1445
v  -0.4398 -0.1542 0.0867
v  -0.4550 -0.1279 0.0787
v  -0.4399 -0.1540 -0.0000
v  -0.4380 -0.6026 0.1529
v  -0.4380 -0.1648 0.1520
v  -0.4362 -0.6737 0.1235
v  -0.4357 -0.6891 0.1017
v  -0.4380 -0.6280 0.1481
v  -0.4361 -0.6541 0.1421
v  -0.4380 -0.7003 0.0514
v  -0.4579 -0.1178 0.0806
v  -0.4562 -0.0653 0.0875
v  -0.4360 -0.0653 0.1597
v  -0.4401 -0.1478 0.1477
v  -0.4372 -0.1537 0.1583
v  -0.4581 -0.1226 0.0798
v  -0.4380 -0.7047 0.0522
v  -0.4407 -0.1522 0.1460
v  -0.4380 -0.1574 0.1562
v  -0.4380 -0.1590 0.1519
v  -0.4380 -0.1645 0.1563
v  -0.4380 -0.6026 0.1562
v  -0.4380 -0.6283 0.1518
v  -0.4380 -0.6515 0.1397
v  -0.4380 -0.6706 0.1218
v  -0.4380 -0.6857 0.1007
v  -0.4380 -0.1606 0.1399
v  -0.4380 -0.1574 0.0869
v  -0.4382 -0.1571 -0.0000
v  -0.3943 -0.9533 0.0703
v  -0.4010 -0.9538 0.0000
v  -0.3757 -0.9534 0.1374
v  -0.3460 -0.9541 0.2004
v  -0.3056 -0.9540 0.2570
v  -0.2564 -0.9541 0.3061
v  -0.1996 -0.9541 0.3464
v  -0.1365 -0.9532 0.3757
v  -0.0695 -0.9535 0.3946
v  -0.4365 -1.0354 0.0776
v  -0.4434 -1.0352 0.0000
v  -0.4156 -1.0351 0.1519
v  -0.3824 -1.0354 0.2214
v  -0.3379 -1.0355 0.2841
v  -0.2835 -1.0357 0.3384
v  -0.2206 -1.0353 0.3828
v  -0.1511 -1.0351 0.4158
v  -0.0768 -1.0345 0.4361
v  -0.4715 -1.2247 0.0837
v  -0.4790 -1.2247 0.0000
v  -0.4491 -1.2249 0.1642
v  -0.4131 -1.2247 0.2391
v  -0.3649 -1.2251 0.3067
v  -0.3062 -1.2249 0.3654
v  -0.2384 -1.2251 0.4134
v  -0.1633 -1.2246 0.4494
v  -0.0831 -1.2247 0.4716
v  -0.4649 -0.0653 -0.0000
v  0.4650 -0.1060 0.0000
v  0.0000 -0.1147 -0.4650
v  0.0806 -0.1147 -0.4576
v  0.1585 -0.1147 -0.4360
v  0.2313 -0.1147 -0.4012
v  0.2971 -0.1147 -0.3546
v  0.3541 -0.1147 -0.2977
v  0.4008 -0.1147 -0.2320
v  -0.0806 -0.1147 -0.4576
v  -0.1585 -0.1147 -0.4360
v  -0.2313 -0.1147 -0.4012
v  -0.2971 -0.1147 -0.3546
v  -0.3541 -0.1147 -0.2977
v  -0.4008 -0.1147 -0.2320
v  0.0000 -0.1147 0.4650
v  0.0806 -0.1147 0.4576
v  0.1585 -0.1147 0.4360
v  0.2313 -0.1147 0.4012
v  0.2971 -0.1147 0.3546
v  0.3541 -0.1147 0.2977
v  0.4008 -0.1147 0.2320
v  -0.0806 -0.1147 0.4576
v  -0.1585 -0.1147 0.4360
v  -0.2313 -0.1147 0.4012
v  -0.2971 -0.1147 0.3546
v  -0.3541 -0.1147 0.2977
v  -0.4008 -0.1147 0.2320
v  0.1567 -0.0066 -0.4310
v  0.2289 -0.0070 -0.3970
v  0.2941 -0.0072 -0.3511
v  0.3506 -0.0070 -0.2948
v  0.4310 -0.0061 -0.1574
v  0.0000 -0.0061 0.4592
v  0.4589 -0.0058 0.0000
v  -0.0796 -0.0063 0.4520
v  -0.2289 -0.0070 0.3970
v  -0.3506 -0.0070 0.2948
v  -0.3967 -0.0066 0.2296
v  -0.4504 -0.0057 0.0862
v  0.0000 0.0000 -0.4457
v  0.0796 -0.0063 -0.4520
v  0.0773 -0.0000 -0.4389
v  0.1522 -0.0001 -0.4188
v  0.2226 -0.0001 -0.3860
v  0.2861 -0.0002 -0.3415
v  0.3410 -0.0001 -0.2867
v  0.3967 -0.0066 -0.2296
v  0.3855 -0.0001 -0.2231
v  0.4184 0.0000 -0.1528
v  0.4504 -0.0057 -0.0862
v  0.4369 0.0001 -0.0838
v  0.0000 -0.0061 -0.4592
v  -0.0773 -0.0000 -0.4389
v  -0.1522 -0.0001 -0.4188
v  -0.2226 -0.0001 -0.3860
v  -0.2861 -0.0002 -0.3415
v  -0.3410 -0.0001 -0.2867
v  -0.3855 -0.0001 -0.2231
v  -0.4184 0.0000 -0.1528
v  -0.4369 0.0001 -0.0838
v  0.0000 0.0000 0.4457
v  0.0773 -0.0000 0.4389
v  0.1522 -0.0001 0.4188
v  0.2226 -0.0001 0.3860
v  0.2861 -0.0002 0.3415
v  0.3410 -0.0001 0.2867
v  0.3855 -0.0001 0.2231
v  0.4184 0.0000 0.1528
v  0.4369 0.0001 0.0838
v  0.4452 0.0000 0.0000
v  -0.0773 -0.0000 0.4389
v  -0.1567 -0.0066 0.4310
v  -0.1522 -0.0001 0.4188
v  -0.2226 -0.0001 0.3860
v  -0.2941 -0.0072 0.3511
v  -0.2861 -0.0002 0.3415
v  -0.3410 -0.0001 0.2867
v  -0.3855 -0.0001 0.2231
v  -0.4310 -0.0061 0.1574
v  -0.4184 0.0000 0.1528
v  -0.4369 0.0001 0.0838
v  -0.4452 0.0000 0.0000
v  -0.1567 -0.0066 -0.4310
v  -0.3506 -0.0070 -0.2948
v  0.1567 -0.0066 0.4310
v  0.2289 -0.0070 0.3970
v  0.2941 -0.0072 0.3511
v  0.3967 -0.0066 0.2296
v  0.4310 -0.0061 0.1574
v  0.4504 -0.0057 0.0862
v  -0.4589 -0.0058 0.0000
v  0.0000 0.0001 -0.4282
v  0.0768 0.0001 -0.4202
v  0.1471 0.0000 -0.4004
v  0.2125 -0.0001 -0.3685
v  0.2717 0.0000 -0.3274
v  0.3267 -0.0000 -0.2717
v  0.3686 0.0000 -0.2129
v  0.4013 0.0001 -0.1439
v  0.4202 0.0001 -0.0783
v  0.4267 -0.0003 0.0000
v  -0.0768 0.0001 -0.4202
v  -0.1471 0.0000 -0.4004
v  -0.2125 -0.0001 -0.3685
v  -0.2717 0.0000 -0.3274
v  -0.3267 -0.0000 -0.2717
v  -0.3686 0.0000 -0.2129
v  -0.4013 0.0001 -0.1439
v  -0.4202 0.0001 -0.0783
v  -0.4267 -0.0003 0.0000
v  0.0768 0.0001 0.4202
v  0.0000 0.0001 0.4282
v  0.1471 0.0000 0.4004
v  0.2125 -0.0001 0.3685
v  0.2717 0.0000 0.3274
v  0.3267 -0.0000 0.2717
v  0.3686 0.0000 0.2129
v  0.4013 0.0001 0.1439
v  0.4202 0.0001 0.0783
v  -0.0768 0.0001 0.4202
v  -0.1471 0.0000 0.4004
v  -0.2125 -0.0001 0.3685
v  -0.2717 0.0000 0.3274
v  -0.3267 -0.0000 0.2717
v  -0.3686 0.0000 0.2129
v  -0.4013 0.0001 0.1439
v  -0.4202 0.0001 0.0783
v  0.6901 -1.8188 0.0055
v  0.6812 -1.8188 -0.0924
v  0.6621 -1.8188 -0.1890
v  0.6268 -1.8188 -0.2813
v  0.5821 -1.8189 -0.3688
v  0.5230 -1.8189 -0.4476
v  0.4530 -1.8189 -0.5175
v  0.3753 -1.8189 -0.5755
v  0.2881 -1.8188 -0.6215
v  0.1945 -1.8188 -0.6565
v  0.0988 -1.8188 -0.6773
v  0.6448 -1.8188 -0.0869
v  0.6263 -1.8188 -0.1785
v  0.5938 -1.8188 -0.2657
v  0.5504 -1.8188 -0.3483
v  0.4946 -1.8188 -0.4229
v  0.4290 -1.8188 -0.4890
v  0.3547 -1.8188 -0.5458
v  0.2727 -1.8188 -0.5905
v  0.1845 -1.8188 -0.6242
v  0.0931 -1.8188 -0.6439
v  0.1045 -1.8346 -0.6924
v  0.2007 -1.8350 -0.6710
v  0.2943 -1.8334 -0.6358
v  0.3819 -1.8336 -0.5880
v  0.4623 -1.8324 -0.5277
v  0.5331 -1.8318 -0.4570
v  0.5942 -1.8309 -0.3756
v  0.6400 -1.8296 -0.2884
v  0.6746 -1.8288 -0.1944
v  0.6960 -1.8290 -0.0936
v  -0.0000 -1.8188 -0.6509
v  0.7027 -1.8289 0.0055
v  0.6812 -1.8188 0.1035
v  0.6448 -1.8188 0.0980
v  0.6507 -1.8188 0.0055
v  0.6591 -1.8188 0.2011
v  0.6232 -1.8188 0.1892
v  0.6241 -1.8188 0.2919
v  0.5896 -1.8188 0.2758
v  0.5764 -1.8188 0.3786
v  0.5447 -1.8188 0.3566
v  0.5169 -1.8189 0.4574
v  0.4902 -1.8188 0.4294
v  0.4483 -1.8188 0.5254
v  0.4237 -1.8188 0.4942
v  0.3682 -1.8188 0.5813
v  0.3485 -1.8188 0.5490
v  0.2813 -1.8188 0.6269
v  0.2683 -1.8188 0.5930
v  0.1905 -1.8188 0.6616
v  0.1834 -1.8188 0.6261
v  0.0963 -1.8188 0.6821
v  0.0925 -1.8188 0.6439
v  0.0997 -1.8280 0.6962
v  0.1969 -1.8275 0.6744
v  0.2898 -1.8280 0.6402
v  0.3751 -1.8282 0.5940
v  0.4555 -1.8272 0.5358
v  0.5269 -1.8284 0.4654
v  0.5871 -1.8272 0.3853
v  0.6350 -1.8272 0.2996
v  0.6710 -1.8270 0.2065
v  0.6949 -1.8285 0.1056
v  0.1018 -1.8231 -0.6875
v  0.1974 -1.8226 -0.6660
v  0.2912 -1.8224 -0.6309
v  0.3800 -1.8233 -0.5836
v  0.4583 -1.8231 -0.5249
v  0.5294 -1.8228 -0.4534
v  0.5890 -1.8226 -0.3735
v  0.6348 -1.8216 -0.2859
v  0.6697 -1.8218 -0.1919
v  0.6905 -1.8213 -0.0925
v  -0.0000 -1.8228 -0.6949
v  0.6979 -1.8215 0.0055
v  0.0983 -1.8209 0.6897
v  0.1939 -1.8206 0.6679
v  0.2860 -1.8209 0.6346
v  0.3727 -1.8213 0.5891
v  0.4541 -1.8217 0.5307
v  0.5232 -1.8217 0.4619
v  0.5826 -1.8216 0.3831
v  0.6312 -1.8216 0.2961
v  0.6672 -1.8218 0.2033
v  0.6895 -1.8215 0.1048
v  0.1099 -1.8908 -0.6949
v  0.2070 -1.8886 -0.6736
v  0.2972 -1.8878 -0.6413
v  0.3892 -1.8843 -0.5929
v  0.4704 -1.8794 -0.5336
v  0.5450 -1.8773 -0.4621
v  0.6061 -1.8708 -0.3805
v  0.6537 -1.8674 -0.2946
v  0.6906 -1.8647 -0.1962
v  0.7123 -1.8603 -0.0932
v  0.7204 -1.8595 0.0052
v  0.7113 -1.8570 0.1062
v  0.6857 -1.8565 0.2172
v  0.6481 -1.8584 0.3185
v  0.5991 -1.8526 0.3951
v  0.5360 -1.8517 0.4777
v  0.4649 -1.8501 0.5458
v  0.3830 -1.8484 0.6040
v  0.2939 -1.8486 0.6519
v  0.2007 -1.8478 0.6857
v  0.1005 -1.8466 0.7071
v  -0.0000 -1.8496 0.7174
v  0.1129 -2.0006 -0.7264
v  0.2179 -1.9965 -0.7055
v  0.3144 -1.9878 -0.6717
v  0.4116 -1.9799 -0.6244
v  0.5049 -1.9697 -0.5614
v  0.5825 -1.9552 -0.4860
v  0.6518 -1.9439 -0.3999
v  0.7010 -1.9336 -0.3156
v  0.7389 -1.9212 -0.2144
v  0.7647 -1.9110 -0.1017
v  0.7724 -1.9023 0.0065
v  0.7588 -1.8933 0.1157
v  0.7323 -1.8874 0.2344
v  0.6894 -1.8829 0.3402
v  0.6392 -1.8796 0.4251
v  0.5685 -1.8760 0.5093
v  0.5020 -1.8754 0.5841
v  0.4077 -1.8735 0.6465
v  0.3160 -1.8727 0.6964
v  0.2126 -1.8717 0.7313
v  0.1077 -1.8703 0.7484
v  0.1142 -2.0996 -0.8304
v  0.2527 -2.0875 -0.8004
v  0.3593 -2.0720 -0.7604
v  0.4665 -2.0533 -0.7057
v  0.5654 -2.0314 -0.6347
v  0.6565 -2.0090 -0.5494
v  0.7324 -1.9862 -0.4486
v  0.7868 -1.9690 -0.3568
v  0.8309 -1.9503 -0.2415
v  0.8594 -1.9329 -0.1123
v  0.8673 -1.9186 0.0130
v  0.8537 -1.9067 0.1366
v  0.8247 -1.8966 0.2665
v  0.7793 -1.8895 0.3804
v  0.7188 -1.8840 0.4844
v  0.6433 -1.8801 0.5761
v  0.5691 -1.8778 0.6559
v  0.4629 -1.8761 0.7308
v  0.3609 -1.8751 0.7881
v  0.2466 -1.8746 0.8276
v  0.1259 -1.8744 0.8482
v  0.1146 -2.2468 -1.0550
v  0.2969 -2.1552 -0.9227
v  0.4149 -2.1306 -0.8753
v  0.5341 -2.1003 -0.8096
v  0.7837 -2.0190 -0.5699
v  0.9094 -1.9690 -0.3376
v  0.9664 -1.9262 -0.0351
v  0.9382 -1.9013 0.2300
v  0.8376 -1.8854 0.4834
v  0.6801 -1.8776 0.6877
v  0.4645 -1.8745 0.8502
v  0.2150 -1.8737 0.9391
v  0.1130 -2.0571 -0.7718
v  0.2342 -2.0490 -0.7467
v  0.3352 -2.0371 -0.7101
v  0.4371 -2.0237 -0.6600
v  0.5331 -2.0073 -0.5940
v  0.6173 -1.9893 -0.5142
v  0.6902 -1.9716 -0.4218
v  0.7422 -1.9574 -0.3345
v  0.7835 -1.9415 -0.2268
v  0.8110 -1.9268 -0.1063
v  0.8191 -1.9145 0.0101
v  0.8058 -1.9034 0.1264
v  0.7782 -1.8945 0.2505
v  0.7342 -1.8882 0.3603
v  0.6789 -1.8833 0.4547
v  0.6058 -1.8798 0.5427
v  0.5355 -1.8776 0.6200
v  0.4352 -1.8760 0.6886
v  0.3384 -1.8750 0.7422
v  0.2296 -1.8744 0.7794
v  0.1168 -1.8742 0.7982
v  0.1107 -1.9472 -0.7055
v  0.2111 -1.9442 -0.6844
v  0.3040 -1.9395 -0.6520
v  0.3980 -1.9340 -0.6045
v  0.4847 -1.9269 -0.5437
v  0.5609 -1.9186 -0.4711
v  0.6256 -1.9102 -0.3877
v  0.6741 -1.9034 -0.3034
v  0.7119 -1.8957 -0.2043
v  0.7352 -1.8892 -0.0968
v  0.7431 -1.8848 0.0060
v  0.7322 -1.8791 0.1107
v  0.7067 -1.8757 0.2252
v  0.6671 -1.8739 0.3286
v  0.6171 -1.8705 0.4089
v  0.5506 -1.8679 0.4921
v  0.4817 -1.8680 0.5630
v  0.3940 -1.8658 0.6232
v  0.3040 -1.8652 0.6721
v  0.2061 -1.8639 0.7065
v  0.1038 -1.8621 0.7254
v  -0.0000 -1.8631 0.7357
v  -0.0000 -3.1633 -1.3963
v  0.8107 -3.1633 -1.3789
v  1.3513 -3.1622 -1.3424
v  0.8108 -3.7084 -1.3830
v  1.3521 -3.7044 -1.3465
v  0.2965 -3.1633 -1.3939
v  0.2966 -3.7084 -1.3981
v  1.0002 -3.1633 -1.3707
v  1.0004 -3.7084 -1.3749
v  1.6993 -3.1626 -1.2899
v  1.6993 -3.7060 -1.2941
v  2.0406 -3.1631 -1.2048
v  2.0404 -3.7107 -1.2090
v  2.3720 -3.1633 -1.0866
v  2.3727 -3.7077 -1.0907
v  2.6880 -3.1633 -0.9335
v  2.6886 -3.7101 -0.9378
v  2.9796 -3.1633 -0.7374
v  2.9821 -3.7085 -0.7408
v  3.2405 -3.1673 -0.4983
v  3.2422 -3.7084 -0.5025
v  3.4639 -3.1633 -0.2286
v  3.4661 -3.7120 -0.2321
v  3.9038 -3.1633 0.7235
v  3.9078 -3.7084 0.7225
v  3.9647 -3.1633 1.0698
v  3.9687 -3.7101 1.0689
v  3.6513 -3.1633 0.0691
v  3.6544 -3.7081 0.0661
v  3.8025 -3.7083 0.3862
v  3.7988 -3.1633 0.3881
v  3.9048 -2.6724 1.0764
v  3.8453 -2.6724 0.7377
v  3.7426 -2.6724 0.4098
v  3.5984 -2.6724 0.0978
v  3.4152 -2.6724 -0.1933
v  3.1955 -2.6724 -0.4582
v  2.9423 -2.6724 -0.6902
v  2.6614 -2.6703 -0.8784
v  2.3498 -2.6720 -1.0304
v  2.0229 -2.6730 -1.1474
v  1.6868 -2.6722 -1.2309
v  1.3437 -2.6723 -1.2827
v  0.9967 -2.6724 -1.3106
v  0.8079 -2.6729 -1.3189
v  0.2956 -2.6724 -1.3337
v  -0.0000 -2.6724 -1.3360
v  3.8127 -2.4622 1.0863
v  3.7552 -2.4622 0.7593
v  3.6561 -2.4622 0.4427
v  3.5168 -2.4622 0.1416
v  3.3402 -2.4622 -0.1389
v  3.1281 -2.4622 -0.3947
v  2.8850 -2.4622 -0.6174
v  2.6120 -2.4609 -0.8000
v  2.3107 -2.4618 -0.9462
v  1.9951 -2.4615 -1.0584
v  1.6684 -2.4622 -1.1402
v  1.3327 -2.4620 -1.1906
v  0.9918 -2.4621 -1.2181
v  0.8144 -2.4616 -1.2254
v  0.2908 -2.4632 -1.2418
v  3.5195 -2.1692 1.1205
v  3.4682 -2.1685 0.8339
v  3.3821 -2.1690 0.5555
v  3.2596 -2.1687 0.2911
v  3.1050 -2.1691 0.0437
v  2.9007 -2.1686 -0.1990
v  2.7028 -2.1705 -0.3888
v  2.4716 -2.1716 -0.5454
v  2.1898 -2.1715 -0.6788
v  1.9038 -2.1689 -0.7762
v  1.6033 -2.1705 -0.8535
v  1.2917 -2.1715 -0.9014
v  0.9680 -2.1700 -0.9239
v  0.7246 -2.1644 -0.9231
v  0.3043 -2.2337 -1.0366
v  3.3607 -2.0803 1.3674
v  3.3339 -2.0754 1.1403
v  3.2851 -2.0746 0.8774
v  3.2068 -2.0753 0.6221
v  3.0938 -2.0751 0.3812
v  2.9573 -2.0756 0.1621
v  2.7512 -2.0750 -0.0792
v  2.5918 -2.0773 -0.2429
v  2.3814 -2.0790 -0.3871
v  2.1117 -2.0787 -0.5107
v  1.8533 -2.0756 -0.5950
v  1.5670 -2.0771 -0.6713
v  1.2737 -2.0784 -0.7184
v  0.6357 -2.0683 -0.7286
v  3.9522 -2.9138 1.0712
v  3.8916 -2.9138 0.7264
v  3.7871 -2.9138 0.3927
v  3.6403 -2.9138 0.0752
v  3.4539 -2.9138 -0.2211
v  3.2301 -2.9138 -0.4910
v  2.9719 -2.9138 -0.7275
v  2.6844 -2.9136 -0.9210
v  2.3678 -2.9134 -1.0747
v  2.0355 -2.9128 -1.1931
v  1.6942 -2.9127 -1.2780
v  1.3497 -2.9135 -1.3300
v  0.9995 -2.9137 -1.3582
v  0.8101 -2.9140 -1.3664
v  0.2963 -2.9138 -1.3814
v  3.6827 -2.2962 1.1009
v  3.6282 -2.2961 0.7909
v  3.5341 -2.2961 0.4905
v  3.4018 -2.2961 0.2044
v  3.2317 -2.2961 -0.0651
v  3.0373 -2.2959 -0.2994
v  2.8026 -2.2962 -0.5157
v  2.5492 -2.2962 -0.6860
v  2.2615 -2.2966 -0.8256
v  1.9535 -2.2957 -0.9340
v  1.6395 -2.2968 -1.0130
v  1.3135 -2.2970 -1.0619
v  0.9842 -2.2961 -1.0874
v  0.7902 -2.2902 -1.0894
v  0.2956 -2.3275 -1.1403
v  0.1146 -2.3348 -1.1483
v  0.1155 -2.4648 -1.2442
v  0.1174 -2.6724 -1.3351
v  0.1182 -2.9138 -1.3828
v  0.1178 -3.1633 -1.3953
v  0.1178 -3.7084 -1.3995
v  0.4462 -2.2144 -1.0062
v  0.4560 -2.3172 -1.1274
v  0.4569 -2.4628 -1.2378
v  0.4569 -2.6724 -1.3300
v  0.4580 -2.9138 -1.3777
v  0.4583 -3.1633 -1.3902
v  0.4593 -3.7083 -1.3943
v  0.5901 -2.1892 -0.9638
v  0.6150 -2.3032 -1.1103
v  0.6205 -2.4621 -1.2336
v  0.6191 -2.6724 -1.3263
v  0.6206 -2.9138 -1.3740
v  0.6210 -3.1633 -1.3865
v  0.6209 -3.7086 -1.3906
v  0.9569 -2.0767 -0.7380
v  0.9635 -2.0150 -0.5461
v  1.0224 -1.9692 -0.3319
v  1.0731 -1.9280 -0.0347
v  1.0746 -1.9016 0.2518
v  1.2656 -2.0166 -0.5271
v  0.2130 -1.8732 1.1552
v  -0.0000 -1.8732 1.3674
v  1.5381 -2.0145 -0.4791
v  1.8091 -2.0123 -0.4017
v  2.0453 -2.0161 -0.3324
v  2.2795 -2.0150 -0.2166
v  2.4734 -2.0142 -0.0819
v  2.6336 -2.0155 0.0591
v  2.7937 -2.0137 0.2604
v  2.9122 -2.0130 0.4536
v  3.0186 -2.0134 0.6746
v  3.0901 -2.0125 0.9110
v  3.1388 -2.0135 1.1553
v  1.2698 -1.9617 -0.2634
v  1.2830 -1.9318 -0.0347
v  0.9980 -1.8741 1.1552
v  0.7286 -1.8735 1.1552
v  0.4750 -1.8732 1.1552
v  0.9980 -1.8741 1.3674
v  0.7286 -1.8743 0.9086
v  0.9980 -1.8753 0.9131
v  0.9980 -1.8791 0.6865
v  1.0372 -1.8873 0.4808
v  1.2830 -1.8757 1.1552
v  1.2830 -1.8755 1.3674
v  1.2830 -1.9048 0.2584
v  1.2830 -1.8772 0.9131
v  1.2830 -1.8821 0.6840
v  1.2830 -1.8913 0.4745
v  2.5434 -1.9190 1.1583
v  2.4589 -1.9608 0.2645
v  2.5382 -1.9165 1.3674
v  2.5316 -1.9242 0.9190
v  2.5141 -1.9335 0.6899
v  2.4878 -1.9454 0.4712
v  2.0486 -1.8894 1.3674
v  2.0469 -1.8939 0.9138
v  2.0425 -1.9022 0.6832
v  2.0360 -1.9136 0.4682
v  2.0303 -1.9603 -0.0395
v  2.0499 -1.8900 1.1555
v  2.0288 -1.9284 0.2536
v  1.5509 -1.8782 1.3674
v  1.5509 -1.8807 0.9131
v  1.5509 -1.8866 0.6827
v  1.5509 -1.8964 0.4704
v  1.5509 -1.9388 -0.0347
v  1.5509 -1.8785 1.1552
v  1.5509 -1.9115 0.2565
v  1.7909 -1.9463 -0.0344
v  1.8004 -1.8829 1.1552
v  1.7899 -1.9183 0.2541
v  1.7998 -1.8827 1.3674
v  1.7990 -1.8859 0.9131
v  1.7968 -1.8927 0.6823
v  1.7935 -1.9035 0.4686
v  1.5213 -1.9681 -0.2623
v  1.7796 -1.9748 -0.2378
v  2.0374 -1.9889 -0.2145
v  2.2519 -1.9800 -0.0542
v  2.2920 -1.9012 1.1565
v  2.2498 -1.9421 0.2568
v  2.2894 -1.8999 1.3674
v  2.2860 -1.9064 0.9156
v  2.2773 -1.9147 0.6857
v  2.2642 -1.9265 0.4686
v  2.8134 -1.9509 1.1600
v  2.6446 -1.9846 0.2720
v  2.8173 -1.9489 1.3674
v  2.7897 -1.9548 0.9218
v  2.7548 -1.9621 0.6919
v  2.7023 -1.9718 0.4721
v  0.1147 -2.1710 -0.9509
v  3.9850 -3.7084 1.3657
v  3.9202 -2.6711 1.3674
v  3.7031 -2.3021 1.3674
v  0.2130 -1.8732 1.3674
v  3.9806 -3.1626 1.3657
v  3.9682 -2.9131 1.3674
v  -0.0000 -3.1633 4.1275
v  0.2130 -3.1633 4.1258
v  0.2130 -3.7084 4.1300
v  0.7286 -3.1631 4.1137
v  0.9981 -3.1627 4.1021
v  1.0004 -3.7080 4.1061
v  0.4750 -3.1633 4.1211
v  0.4750 -3.7081 4.1252
v  1.3513 -3.1622 4.0737
v  1.3517 -3.7080 4.0778
v  1.6993 -3.1626 4.0212
v  1.6997 -3.7079 4.0253
v  2.0406 -3.1631 3.9361
v  2.0415 -3.7084 3.9402
v  2.3720 -3.1633 3.8178
v  2.3731 -3.7084 3.8219
v  2.6880 -3.1633 3.6648
v  2.6896 -3.7087 3.6686
v  2.9796 -3.1633 3.4687
v  2.9819 -3.7084 3.4721
v  3.2405 -3.1673 3.2295
v  3.2422 -3.7084 3.2337
v  3.4639 -3.1633 2.9598
v  3.4674 -3.7078 2.9621
v  3.6513 -3.1633 2.6622
v  3.6549 -3.7087 2.6642
v  3.9078 -3.7084 2.0088
v  3.9038 -3.1633 2.0078
v  3.9647 -3.1633 1.6615
v  3.9687 -3.7083 1.6623
v  3.7988 -3.1633 2.3432
v  3.8025 -3.7081 2.3451
v  3.8916 -2.9138 2.0048
v  3.9522 -2.9138 1.6601
v  3.7871 -2.9138 2.3386
v  3.6403 -2.9138 2.6561
v  3.4539 -2.9138 2.9524
v  3.2301 -2.9138 3.2222
v  2.9719 -2.9138 3.4588
v  2.6844 -2.9136 3.6523
v  2.3678 -2.9134 3.8059
v  2.0355 -2.9128 3.9244
v  1.6942 -2.9127 4.0092
v  1.3497 -2.9135 4.0613
v  0.9981 -2.9136 4.0895
v  0.7286 -2.9140 4.1012
v  0.2130 -2.9138 4.1133
v  3.9048 -2.6724 1.6549
v  3.8110 -2.4633 1.6449
v  3.8296 -2.4649 1.3674
v  3.8453 -2.6724 1.9935
v  3.7535 -2.4632 1.9722
v  3.7426 -2.6724 2.3215
v  3.6541 -2.4631 2.2890
v  3.5984 -2.6724 2.6334
v  3.5145 -2.4631 2.5904
v  3.4152 -2.6724 2.9245
v  3.3367 -2.4631 2.8720
v  3.1955 -2.6724 3.1894
v  3.1293 -2.4631 3.1222
v  2.9423 -2.6724 3.4214
v  2.8846 -2.4622 3.3490
v  2.6614 -2.6703 3.6096
v  2.6129 -2.4610 3.5308
v  2.3498 -2.6720 3.7616
v  2.3130 -2.4618 3.6766
v  2.0229 -2.6730 3.8787
v  1.9955 -2.4615 3.7896
v  1.6868 -2.6722 3.9622
v  1.6690 -2.4622 3.8714
v  1.3437 -2.6723 4.0139
v  1.3319 -2.4621 3.9220
v  0.9981 -2.6722 4.0417
v  0.9981 -2.4621 3.9489
v  0.7286 -2.6729 4.0535
v  0.7286 -2.4637 3.9594
v  0.2130 -2.6724 4.0656
v  0.2130 -2.4645 3.9725
v  3.6847 -2.2982 1.6313
v  3.6291 -2.2969 1.9399
v  3.5349 -2.2965 2.2397
v  3.4035 -2.2971 2.5259
v  3.2368 -2.2977 2.7923
v  3.0317 -2.2966 3.0379
v  2.8055 -2.2988 3.2483
v  2.5485 -2.2979 3.4198
v  2.2580 -2.2976 3.5594
v  1.9553 -2.2984 3.6678
v  1.6382 -2.2993 3.7473
v  1.3138 -2.2994 3.7957
v  0.9980 -2.2972 3.8152
v  0.7286 -2.2985 3.8288
v  0.2130 -2.2986 3.8410
v  3.5427 -2.1753 1.3674
v  3.5212 -2.1701 1.6095
v  3.3350 -2.0758 1.5863
v  3.4713 -2.1699 1.8949
v  3.2905 -2.0763 1.8494
v  3.3851 -2.1695 2.1714
v  3.2117 -2.0761 2.1016
v  3.2653 -2.1692 2.4333
v  3.1026 -2.0759 2.3374
v  3.1155 -2.1695 2.6766
v  2.9681 -2.0767 2.5568
v  2.8943 -2.1681 2.9393
v  2.7519 -2.0758 2.8126
v  2.7061 -2.1724 3.1208
v  2.5936 -2.0783 2.9758
v  2.4684 -2.1721 3.2798
v  2.3772 -2.0789 3.1207
v  2.1801 -2.1706 3.4145
v  2.1006 -2.0782 3.2450
v  1.9002 -2.1713 3.5139
v  1.8451 -2.0781 3.3360
v  1.6008 -2.1719 3.5884
v  1.5693 -2.0784 3.4052
v  1.2971 -2.1723 3.6343
v  1.2858 -2.0790 3.4495
v  0.4750 -2.6727 4.0609
v  0.4750 -2.9139 4.1086
v  0.4750 -2.2987 3.8366
v  0.2130 -2.1701 3.6788
v  0.7286 -3.7075 4.1178
v  0.4750 -2.4638 3.9671
v  0.9980 -2.0049 3.2404
v  1.2825 -2.0081 3.2295
v  1.2830 -1.9631 3.0014
v  0.2130 -1.8732 1.5757
v  1.5541 -2.0105 3.1971
v  1.8057 -2.0165 3.1510
v  2.0439 -2.0170 3.0667
v  2.2749 -2.0135 2.9444
v  2.4680 -2.0134 2.8139
v  2.6464 -2.0153 2.6579
v  2.7973 -2.0139 2.4669
v  2.9218 -2.0132 2.2628
v  3.0251 -2.0141 2.0480
v  3.0985 -2.0142 1.8152
v  3.1353 -2.0125 1.5672
v  3.1561 -2.0154 1.3674
v  1.2830 -1.9297 2.7484
v  1.2830 -1.8757 1.5757
v  1.5509 -1.8785 1.5757
v  1.2830 -1.8920 2.2677
v  1.2830 -1.9062 2.4892
v  0.4750 -1.8732 1.5757
v  0.4750 -1.8732 1.3674
v  0.7286 -1.8735 1.5757
v  0.7286 -1.8734 1.3674
v  2.6449 -1.9853 2.4643
v  1.2830 -1.8773 1.8189
v  1.2830 -1.8819 2.0407
v  1.5509 -1.8971 2.2677
v  1.5509 -1.9126 2.4892
v  1.5509 -1.8807 1.8189
v  1.5509 -1.8863 2.0407
v  2.0352 -1.9887 2.9438
v  2.4902 -1.9455 2.2563
v  2.7074 -1.9717 2.2497
v  2.4589 -1.9617 2.4761
v  2.5426 -1.9189 1.5701
v  2.8118 -1.9506 1.5652
v  2.7940 -1.9553 1.8071
v  2.5337 -1.9244 1.8118
v  2.7581 -1.9620 2.0307
v  2.5157 -1.9331 2.0330
v  2.2496 -1.9781 2.7753
v  2.2498 -1.9430 2.4849
v  2.0366 -1.9140 2.2666
v  2.2654 -1.9267 2.2632
v  2.0288 -1.9293 2.4887
v  2.0497 -1.8902 1.5753
v  2.2916 -1.9012 1.5737
v  2.2871 -1.9065 1.8161
v  2.0475 -1.8940 1.8183
v  2.2781 -1.9144 2.0372
v  2.0430 -1.9018 2.0397
v  2.0295 -1.9583 2.7550
v  1.7906 -1.9450 2.7479
v  1.7899 -1.9193 2.4897
v  1.7938 -1.9039 2.2678
v  1.8003 -1.8829 1.5758
v  1.7992 -1.8859 1.8190
v  1.7970 -1.8924 2.0407
v  1.5509 -1.9369 2.7484
v  1.7931 -1.9748 2.9587
v  1.5509 -1.9671 2.9805
v  0.2130 -2.0765 3.4925
v  0.2130 -2.0042 3.2632
v  0.2130 -1.9582 3.0257
v  0.2130 -1.9202 2.7483
v  0.2130 -1.8965 2.4894
v  0.2130 -1.8840 2.2677
v  0.2130 -1.8772 2.0407
v  0.2130 -1.8739 1.8189
v  0.4750 -1.8740 1.8189
v  0.4750 -1.8775 2.0407
v  0.4750 -1.8850 2.2677
v  0.4750 -1.8978 2.4894
v  0.4750 -1.9211 2.7483
v  0.4750 -1.9582 3.0191
v  0.4750 -2.0039 3.2567
v  0.4750 -2.0758 3.4861
v  0.4750 -2.1696 3.6735
v  0.7286 -1.8742 1.8189
v  0.7286 -1.8779 2.0407
v  0.7286 -1.8860 2.2677
v  0.7286 -1.8991 2.4893
v  0.7286 -1.9225 2.7483
v  0.7286 -1.9586 3.0155
v  0.7286 -2.0043 3.2511
v  0.7286 -2.0760 3.4787
v  0.7286 -2.1697 3.6659
v  0.9980 -1.8742 1.5757
v  0.9980 -1.8753 1.8189
v  0.9980 -1.8790 2.0407
v  0.9980 -1.8877 2.2677
v  0.9980 -1.9013 2.4893
v  0.9980 -1.9247 2.7483
v  0.9980 -1.9599 3.0084
v  0.9980 -2.0753 3.4645
v  0.9980 -2.1687 3.6519
v  0.1183 -3.7236 -1.3846
v  0.2962 -3.7236 -1.3829
v  0.4575 -3.7236 -1.3800
v  0.6198 -3.7236 -1.3752
v  0.8111 -3.7235 -1.3692
v  0.9989 -3.7236 -1.3596
v  1.3476 -3.7235 -1.3335
v  1.6953 -3.7235 -1.2812
v  2.0356 -3.7235 -1.1967
v  2.3664 -3.7235 -1.0787
v  2.6813 -3.7235 -0.9247
v  2.9729 -3.7235 -0.7307
v  3.2318 -3.7235 -0.4942
v  3.4553 -3.7235 -0.2243
v  3.6425 -3.7234 0.0717
v  3.7896 -3.7235 0.3903
v  3.8943 -3.7235 0.7250
v  3.9537 -3.7236 1.0705
v  3.9701 -3.7236 1.3657
v  3.9553 -3.7235 1.6611
v  3.8932 -3.7236 2.0062
v  3.7898 -3.7235 2.3409
v  3.6423 -3.7235 2.6590
v  3.4555 -3.7235 2.9557
v  3.2313 -3.7235 3.2254
v  2.9727 -3.7235 3.4625
v  2.6811 -3.7236 3.6562
v  2.3662 -3.7235 3.8101
v  2.0357 -3.7235 3.9279
v  1.6954 -3.7235 4.0123
v  1.3482 -3.7235 4.0646
v  0.9971 -3.7236 4.0910
v  0.7273 -3.7236 4.1031
v  0.4766 -3.7235 4.1106
v  0.2140 -3.7235 4.1158
v  0.1181 -3.7191 -1.3952
v  0.2964 -3.7192 -1.3937
v  0.4580 -3.7189 -1.3902
v  0.6206 -3.7192 -1.3862
v  0.8111 -3.7188 -1.3790
v  0.9999 -3.7190 -1.3706
v  1.3503 -3.7171 -1.3440
v  1.6980 -3.7177 -1.2912
v  2.0387 -3.7192 -1.2051
v  2.3707 -3.7184 -1.0875
v  2.6862 -3.7191 -0.9342
v  2.9794 -3.7186 -0.7379
v  3.2390 -3.7186 -0.5002
v  3.4623 -3.7197 -0.2294
v  3.6509 -3.7184 0.0675
v  3.7988 -3.7186 0.3872
v  3.9035 -3.7192 0.7230
v  3.9639 -3.7197 1.0694
v  3.9807 -3.7191 1.3657
v  3.9649 -3.7186 1.6621
v  3.9036 -3.7191 2.0080
v  3.7986 -3.7187 2.3441
v  3.6511 -3.7187 2.6629
v  3.4639 -3.7183 2.9607
v  3.2390 -3.7186 3.2315
v  2.9792 -3.7186 3.4693
v  2.6868 -3.7191 3.6652
v  2.3708 -3.7186 3.8186
v  2.0395 -3.7186 3.9367
v  1.6981 -3.7187 4.0216
v  1.3503 -3.7185 4.0742
v  0.9996 -3.7194 4.1016
v  0.7281 -3.7188 4.1138
v  0.4759 -3.7188 4.1211
v  0.2136 -3.7188 4.1259
v  0.1179 -3.7236 -1.3357
v  -0.0000 -3.7236 -1.3367
v  0.2945 -3.7235 -1.3335
v  0.4557 -3.7236 -1.3308
v  0.6192 -3.7236 -1.3268
v  0.8085 -3.7235 -1.3200
v  0.9956 -3.7236 -1.3114
v  1.3419 -3.7236 -1.2836
v  1.6841 -3.7236 -1.2319
v  2.0193 -3.7236 -1.1485
v  2.3464 -3.7236 -1.0321
v  2.6568 -3.7236 -0.8829
v  2.9450 -3.7236 -0.6889
v  3.1961 -3.7235 -0.4580
v  3.4181 -3.7236 -0.1906
v  3.5938 -3.7235 0.0913
v  3.7408 -3.7236 0.4053
v  3.8442 -3.7235 0.7360
v  3.9040 -3.7235 1.0748
v  3.9214 -3.7236 1.3658
v  3.9052 -3.7236 1.6537
v  3.8454 -3.7236 1.9978
v  3.5820 -3.7103 2.6337
v  3.5949 -3.7235 2.6397
v  3.4098 -3.7236 2.9331
v  3.1895 -3.7236 3.1970
v  2.9431 -3.7236 3.4217
v  2.6507 -3.7236 3.6175
v  2.3442 -3.7236 3.7639
v  2.0197 -3.7236 3.8803
v  1.6875 -3.7236 3.9630
v  1.3442 -3.7236 4.0145
v  0.9932 -3.7235 4.0426
v  0.7278 -3.7236 4.0552
v  0.4786 -3.7236 4.0621
v  0.2129 -3.7236 4.0671
v  -0.0000 -3.7236 4.0698
v  0.1179 -3.7087 -1.3206
v  0.2943 -3.7075 -1.3190
v  0.4558 -3.7084 -1.3159
v  0.6189 -3.7098 -1.3121
v  0.8094 -3.7083 -1.3053
v  0.9959 -3.7086 -1.2961
v  1.3416 -3.7091 -1.2683
v  1.6808 -3.7083 -1.2171
v  2.0137 -3.7090 -1.1344
v  2.3394 -3.7095 -1.0190
v  2.6485 -3.7094 -0.8701
v  2.9363 -3.7093 -0.6766
v  3.1852 -3.7093 -0.4482
v  3.4056 -3.7109 -0.1817
v  3.5820 -3.7096 0.0980
v  3.7270 -3.7098 0.4097
v  3.8301 -3.7097 0.7374
v  3.8896 -3.7089 1.0760
v  3.9063 -3.7089 1.3652
v  3.8907 -3.7108 1.6530
v  3.8306 -3.7102 1.9936
v  3.3973 -3.7101 2.9247
v  3.1775 -3.7101 3.1877
v  2.9331 -3.7093 3.4103
v  2.6434 -3.7087 3.6043
v  2.3382 -3.7091 3.7502
v  2.0124 -3.7086 3.8667
v  1.6829 -3.7082 3.9484
v  1.3413 -3.7090 3.9996
v  0.9910 -3.7083 4.0278
v  0.7251 -3.7088 4.0398
v  0.4795 -3.7088 4.0464
v  0.2131 -3.7089 4.0512
v  3.5871 -3.7202 2.6358
v  3.4015 -3.7197 2.9274
v  3.1816 -3.7197 3.1905
v  2.9363 -3.7195 3.4137
v  2.6455 -3.7193 3.6082
v  2.3402 -3.7191 3.7546
v  2.0151 -3.7194 3.8704
v  1.6845 -3.7193 3.9523
v  1.3424 -3.7194 4.0040
v  0.9919 -3.7191 4.0321
v  0.7263 -3.7197 4.0441
v  0.4790 -3.7195 4.0512
v  0.2129 -3.7195 4.0561
v  3.7399 -3.7235 2.3262
v  3.7304 -3.7179 2.3226
v  3.7273 -3.7099 2.3214
v  0.1179 -3.7191 -1.3251
v  0.2943 -3.7184 -1.3231
v  0.4556 -3.7192 -1.3201
v  0.6190 -3.7194 -1.3167
v  0.8088 -3.7195 -1.3091
v  0.9956 -3.7192 -1.3007
v  1.3414 -3.7194 -1.2730
v  1.6818 -3.7191 -1.2214
v  2.0157 -3.7192 -1.1387
v  2.3418 -3.7195 -1.0230
v  2.6512 -3.7196 -0.8740
v  2.9388 -3.7195 -0.6804
v  3.1885 -3.7195 -0.4511
v  3.4098 -3.7200 -0.1847
v  3.5858 -3.7191 0.0958
v  3.7315 -3.7193 0.4084
v  3.8348 -3.7190 0.7373
v  3.8943 -3.7187 1.0757
v  3.9109 -3.7194 1.3655
v  3.8956 -3.7198 1.6531
v  3.8354 -3.7198 1.9952
v  3.5790 -3.4011 2.6320
v  0.1178 -3.3994 -1.3181
v  0.2942 -3.3982 -1.3166
v  0.4557 -3.3991 -1.3132
v  0.6188 -3.4005 -1.3092
v  0.8092 -3.3990 -1.3025
v  0.9957 -3.3993 -1.2935
v  1.3413 -3.3998 -1.2656
v  1.6803 -3.3990 -1.2146
v  2.0128 -3.3998 -1.1316
v  2.3382 -3.4002 -1.0161
v  2.6472 -3.4001 -0.8678
v  2.9345 -3.4000 -0.6743
v  3.1831 -3.4000 -0.4462
v  3.4034 -3.4016 -0.1801
v  3.5796 -3.4003 0.0993
v  3.7239 -3.4005 0.4109
v  3.8270 -3.4004 0.7381
v  3.8876 -3.3996 1.0763
v  3.9036 -3.3996 1.3652
v  3.8876 -3.4015 1.6526
v  3.8273 -3.4009 1.9928
v  3.3951 -3.4008 2.9230
v  3.1754 -3.4008 3.1856
v  2.9313 -3.4000 3.4081
v  2.6420 -3.3994 3.6018
v  2.3372 -3.3998 3.7478
v  2.0114 -3.3993 3.8635
v  1.6822 -3.3989 3.9447
v  1.3410 -3.3997 3.9970
v  0.9908 -3.3990 4.0250
v  0.7250 -3.3995 4.0369
v  0.4795 -3.3995 4.0441
v  0.2130 -3.3996 4.0486
v  3.7238 -3.4006 2.3201
v  0.0925 -1.8384 -0.6241
v  0.1798 -1.8389 -0.6049
v  0.2640 -1.8371 -0.5730
v  0.3453 -1.8375 -0.5285
v  0.4173 -1.8374 -0.4729
v  0.4797 -1.8371 -0.4101
v  0.5315 -1.8376 -0.3403
v  0.5752 -1.8379 -0.2589
v  0.6066 -1.8381 -0.1752
v  0.6254 -1.8385 -0.0831
v  0.6311 -1.8377 0.0074
v  0.6237 -1.8383 0.0960
v  0.6041 -1.8386 0.1823
v  0.5719 -1.8385 0.2662
v  0.5312 -1.8388 0.3414
v  0.4747 -1.8396 0.4152
v  0.4071 -1.8392 0.4823
v  0.3391 -1.8391 0.5321
v  0.2585 -1.8383 0.5754
v  0.1788 -1.8392 0.6056
v  0.0906 -1.8379 0.6243
v  0.0922 -1.8246 -0.6299
v  0.1809 -1.8252 -0.6100
v  0.2672 -1.8232 -0.5794
v  0.3480 -1.8243 -0.5340
v  0.4207 -1.8242 -0.4782
v  0.4844 -1.8241 -0.4141
v  0.5376 -1.8241 -0.3422
v  0.5810 -1.8243 -0.2607
v  0.6126 -1.8243 -0.1758
v  0.6310 -1.8245 -0.0845
v  0.6371 -1.8243 0.0064
v  0.6300 -1.8240 0.0963
v  0.6096 -1.8244 0.1845
v  0.5770 -1.8245 0.2692
v  0.5344 -1.8247 0.3468
v  0.4790 -1.8245 0.4192
v  0.4126 -1.8247 0.4849
v  0.3416 -1.8249 0.5370
v  0.2617 -1.8244 0.5805
v  0.1799 -1.8244 0.6116
v  0.0910 -1.8244 0.6303
v  0.0920 -2.0379 -0.6206
v  0.1788 -2.0384 -0.6018
v  0.2625 -2.0365 -0.5697
v  0.3435 -2.0370 -0.5258
v  0.4150 -2.0369 -0.4703
v  0.4769 -2.0366 -0.4077
v  0.5287 -2.0371 -0.3386
v  0.5720 -2.0374 -0.2574
v  0.6033 -2.0376 -0.1743
v  0.6219 -2.0380 -0.0827
v  0.6278 -2.0371 0.0074
v  0.6207 -2.0378 0.0955
v  0.6010 -2.0381 0.1813
v  0.5689 -2.0380 0.2648
v  0.5282 -2.0383 0.3395
v  0.4724 -2.0391 0.4132
v  0.4047 -2.0387 0.4795
v  0.3374 -2.0386 0.5296
v  0.2572 -2.0377 0.5725
v  0.1777 -2.0387 0.6019
v  0.0902 -2.0374 0.6213
v  -0.0000 -1.8345 -0.7001
v  -0.0000 -1.8188 0.6895
v  -0.0000 -1.8282 0.7038
v  -0.0000 -2.0036 -0.7350
v  -0.0000 -2.0601 -0.7797
v  -0.0000 -1.9488 -0.7136
v  -0.0000 -2.4656 -1.2456
v  -0.0000 -2.3362 -1.1505
v  -0.0000 -1.8732 1.1552
v  -0.0000 -2.1710 3.6827
v  -0.0000 -2.4649 3.9764
v  -0.0000 -2.0774 3.4965
v  -0.0000 -2.0047 3.2670
v  -0.0000 -1.9208 2.7484
v  -0.0000 -1.8989 2.4893
v  -0.0000 -1.8387 -0.6313
v  -0.0000 -1.8391 0.6312
v  -0.0000 -1.8245 0.6370
v  -0.6901 -1.8188 0.0055
v  -0.6812 -1.8188 -0.0924
v  -0.6448 -1.8188 -0.0869
v  -0.6507 -1.8188 0.0055
v  -0.6621 -1.8188 -0.1890
v  -0.6263 -1.8188 -0.1785
v  -0.6268 -1.8188 -0.2813
v  -0.5938 -1.8188 -0.2657
v  -0.5822 -1.8189 -0.3688
v  -0.5504 -1.8188 -0.3483
v  -0.5230 -1.8189 -0.4476
v  -0.4946 -1.8188 -0.4229
v  -0.4531 -1.8189 -0.5175
v  -0.4290 -1.8188 -0.4890
v  -0.3753 -1.8189 -0.5755
v  -0.3547 -1.8188 -0.5458
v  -0.2881 -1.8188 -0.6215
v  -0.2727 -1.8188 -0.5905
v  -0.1945 -1.8188 -0.6565
v  -0.1845 -1.8188 -0.6242
v  -0.0988 -1.8188 -0.6773
v  -0.0931 -1.8188 -0.6439
v  -0.0000 -1.8188 -0.6844
v  -0.1018 -1.8231 -0.6875
v  -0.1974 -1.8226 -0.6660
v  -0.2912 -1.8224 -0.6309
v  -0.3800 -1.8232 -0.5836
v  -0.4583 -1.8231 -0.5249
v  -0.5294 -1.8228 -0.4534
v  -0.5890 -1.8226 -0.3735
v  -0.6348 -1.8216 -0.2859
v  -0.6697 -1.8218 -0.1919
v  -0.6905 -1.8213 -0.0925
v  -0.6979 -1.8215 0.0055
v  -0.6448 -1.8188 0.0980
v  -0.6812 -1.8188 0.1035
v  -0.6232 -1.8188 0.1892
v  -0.6591 -1.8188 0.2011
v  -0.5896 -1.8188 0.2758
v  -0.6241 -1.8188 0.2919
v  -0.5447 -1.8188 0.3566
v  -0.5764 -1.8188 0.3786
v  -0.4902 -1.8188 0.4294
v  -0.5169 -1.8189 0.4574
v  -0.4237 -1.8188 0.4942
v  -0.4483 -1.8188 0.5254
v  -0.3485 -1.8188 0.5490
v  -0.3682 -1.8188 0.5813
v  -0.2683 -1.8188 0.5930
v  -0.2813 -1.8188 0.6269
v  -0.1834 -1.8188 0.6261
v  -0.1905 -1.8188 0.6616
v  -0.0925 -1.8188 0.6439
v  -0.0964 -1.8188 0.6821
v  -0.0000 -1.8188 0.6516
v  -0.0983 -1.8209 0.6897
v  -0.1939 -1.8206 0.6679
v  -0.2860 -1.8209 0.6346
v  -0.3727 -1.8213 0.5891
v  -0.4541 -1.8217 0.5307
v  -0.5232 -1.8217 0.4619
v  -0.5826 -1.8216 0.3831
v  -0.6312 -1.8216 0.2961
v  -0.6672 -1.8218 0.2033
v  -0.6895 -1.8215 0.1048
v  -0.1045 -1.8346 -0.6924
v  -0.2007 -1.8350 -0.6710
v  -0.2943 -1.8334 -0.6358
v  -0.3819 -1.8336 -0.5880
v  -0.4623 -1.8324 -0.5277
v  -0.5331 -1.8318 -0.4570
v  -0.5942 -1.8309 -0.3756
v  -0.6400 -1.8296 -0.2884
v  -0.6746 -1.8288 -0.1944
v  -0.6960 -1.8290 -0.0936
v  -0.7027 -1.8289 0.0055
v  -0.0000 -1.8210 0.6974
v  -0.0997 -1.8280 0.6962
v  -0.1969 -1.8275 0.6744
v  -0.2898 -1.8280 0.6402
v  -0.3751 -1.8282 0.5940
v  -0.4555 -1.8272 0.5358
v  -0.5269 -1.8284 0.4654
v  -0.5871 -1.8272 0.3853
v  -0.6350 -1.8272 0.2996
v  -0.6710 -1.8270 0.2065
v  -0.6949 -1.8285 0.1056
v  -0.2070 -1.8886 -0.6736
v  -0.1099 -1.8908 -0.6949
v  -0.2972 -1.8878 -0.6413
v  -0.3892 -1.8843 -0.5929
v  -0.4704 -1.8794 -0.5336
v  -0.5450 -1.8773 -0.4621
v  -0.6061 -1.8708 -0.3805
v  -0.6537 -1.8674 -0.2946
v  -0.6906 -1.8647 -0.1962
v  -0.7123 -1.8603 -0.0932
v  -0.7204 -1.8595 0.0052
v  -0.7113 -1.8570 0.1062
v  -0.6857 -1.8565 0.2172
v  -0.6481 -1.8584 0.3185
v  -0.5991 -1.8526 0.3951
v  -0.5360 -1.8517 0.4777
v  -0.4649 -1.8501 0.5458
v  -0.3830 -1.8484 0.6040
v  -0.2939 -1.8486 0.6519
v  -0.2007 -1.8478 0.6857
v  -0.1005 -1.8466 0.7071
v  -0.1129 -2.0006 -0.7264
v  -0.1107 -1.9472 -0.7055
v  -0.2111 -1.9442 -0.6844
v  -0.2179 -1.9965 -0.7055
v  -0.3040 -1.9395 -0.6520
v  -0.3144 -1.9878 -0.6717
v  -0.3980 -1.9340 -0.6045
v  -0.4116 -1.9799 -0.6244
v  -0.4847 -1.9269 -0.5437
v  -0.5049 -1.9697 -0.5614
v  -0.5609 -1.9186 -0.4711
v  -0.5825 -1.9552 -0.4860
v  -0.6256 -1.9102 -0.3877
v  -0.6518 -1.9439 -0.3999
v  -0.6741 -1.9034 -0.3034
v  -0.7010 -1.9336 -0.3156
v  -0.7119 -1.8957 -0.2043
v  -0.7389 -1.9212 -0.2144
v  -0.7352 -1.8892 -0.0968
v  -0.7647 -1.9110 -0.1017
v  -0.7431 -1.8848 0.0060
v  -0.7724 -1.9023 0.0065
v  -0.7322 -1.8791 0.1107
v  -0.7588 -1.8933 0.1157
v  -0.7067 -1.8757 0.2252
v  -0.7323 -1.8874 0.2344
v  -0.6671 -1.8739 0.3286
v  -0.6894 -1.8829 0.3402
v  -0.6171 -1.8705 0.4089
v  -0.6392 -1.8796 0.4251
v  -0.5506 -1.8679 0.4921
v  -0.5685 -1.8760 0.5093
v  -0.4817 -1.8680 0.5630
v  -0.5020 -1.8754 0.5841
v  -0.3941 -1.8658 0.6232
v  -0.4077 -1.8735 0.6465
v  -0.3040 -1.8652 0.6721
v  -0.3160 -1.8727 0.6964
v  -0.2061 -1.8639 0.7065
v  -0.2126 -1.8717 0.7313
v  -0.1038 -1.8621 0.7254
v  -0.1077 -1.8703 0.7484
v  -0.0000 -1.8702 0.7574
v  -0.1142 -2.0996 -0.8304
v  -0.0000 -2.1028 -0.8378
v  -0.1130 -2.0571 -0.7718
v  -0.2342 -2.0490 -0.7467
v  -0.2527 -2.0875 -0.8004
v  -0.3353 -2.0371 -0.7101
v  -0.3593 -2.0720 -0.7604
v  -0.4371 -2.0237 -0.6600
v  -0.4665 -2.0533 -0.7057
v  -0.5332 -2.0073 -0.5940
v  -0.5654 -2.0314 -0.6347
v  -0.6173 -1.9893 -0.5142
v  -0.6565 -2.0090 -0.5494
v  -0.6902 -1.9716 -0.4218
v  -0.7325 -1.9862 -0.4486
v  -0.7422 -1.9574 -0.3345
v  -0.7868 -1.9690 -0.3568
v  -0.7835 -1.9415 -0.2268
v  -0.8309 -1.9503 -0.2415
v  -0.8110 -1.9268 -0.1063
v  -0.8594 -1.9329 -0.1123
v  -0.8191 -1.9145 0.0101
v  -0.8673 -1.9186 0.0130
v  -0.8058 -1.9034 0.1264
v  -0.8537 -1.9067 0.1366
v  -0.7782 -1.8945 0.2505
v  -0.8247 -1.8966 0.2665
v  -0.7342 -1.8882 0.3603
v  -0.7794 -1.8895 0.3804
v  -0.6789 -1.8833 0.4547
v  -0.7188 -1.8840 0.4844
v  -0.6058 -1.8798 0.5427
v  -0.6433 -1.8801 0.5761
v  -0.5355 -1.8776 0.6200
v  -0.5691 -1.8778 0.6559
v  -0.4352 -1.8760 0.6886
v  -0.4629 -1.8761 0.7308
v  -0.3384 -1.8750 0.7422
v  -0.3610 -1.8751 0.7881
v  -0.2296 -1.8744 0.7794
v  -0.2466 -1.8746 0.8276
v  -0.1168 -1.8742 0.7982
v  -0.1259 -1.8744 0.8482
v  -0.0000 -1.8739 0.8089
v  -0.0000 -1.8744 0.8605
v  -0.0000 -2.1730 -0.9544
v  -0.1147 -2.1710 -0.9509
v  -0.2969 -2.1552 -0.9227
v  -0.4149 -2.1306 -0.8753
v  -0.5341 -2.1003 -0.8096
v  -0.6357 -2.0683 -0.7286
v  -0.7837 -2.0190 -0.5699
v  -0.9094 -1.9690 -0.3376
v  -0.9664 -1.9262 -0.0351
v  -0.9382 -1.9013 0.2300
v  -0.8376 -1.8854 0.4834
v  -0.6801 -1.8776 0.6877
v  -0.4645 -1.8745 0.8502
v  -0.2150 -1.8737 0.9391
v  -0.0000 -1.8735 0.9678
v  -0.0000 -3.7084 -1.4004
v  -0.1178 -3.1633 -1.3953
v  -0.1178 -3.7084 -1.3995
v  -0.8108 -3.7084 -1.3830
v  -0.8107 -3.1633 -1.3789
v  -1.0003 -3.1633 -1.3707
v  -1.0004 -3.7084 -1.3749
v  -0.2965 -3.1633 -1.3939
v  -0.4583 -3.1633 -1.3902
v  -0.4593 -3.7083 -1.3943
v  -0.2966 -3.7084 -1.3981
v  -1.3513 -3.1622 -1.3424
v  -1.3521 -3.7044 -1.3465
v  -1.6993 -3.1626 -1.2899
v  -1.6993 -3.7060 -1.2941
v  -2.0406 -3.1631 -1.2048
v  -2.0404 -3.7107 -1.2090
v  -2.3720 -3.1633 -1.0866
v  -2.3727 -3.7077 -1.0907
v  -2.6880 -3.1633 -0.9335
v  -2.6886 -3.7101 -0.9378
v  -2.9796 -3.1633 -0.7374
v  -2.9821 -3.7085 -0.7408
v  -3.2405 -3.1673 -0.4983
v  -3.2422 -3.7084 -0.5025
v  -3.4639 -3.1633 -0.2286
v  -3.4661 -3.7120 -0.2321
v  -3.6513 -3.1633 0.0691
v  -3.6544 -3.7081 0.0661
v  -3.9079 -3.7084 0.7225
v  -3.9038 -3.1633 0.7235
v  -3.9647 -3.1633 1.0698
v  -3.9687 -3.7101 1.0689
v  -3.9806 -3.1626 1.3657
v  -3.9850 -3.7084 1.3657
v  -3.7988 -3.1633 0.3881
v  -3.8025 -3.7083 0.3862
v  -3.9522 -2.9138 1.0712
v  -3.9682 -2.9131 1.3674
v  -3.8916 -2.9138 0.7264
v  -3.7872 -2.9138 0.3927
v  -3.6404 -2.9138 0.0752
v  -3.4539 -2.9138 -0.2211
v  -3.2301 -2.9138 -0.4910
v  -2.9719 -2.9138 -0.7275
v  -2.6844 -2.9136 -0.9210
v  -2.3678 -2.9134 -1.0747
v  -2.0355 -2.9128 -1.1931
v  -1.6942 -2.9127 -1.2780
v  -1.3497 -2.9135 -1.3300
v  -0.9995 -2.9137 -1.3582
v  -0.8101 -2.9140 -1.3664
v  -0.6210 -3.1633 -1.3865
v  -0.6206 -2.9138 -1.3740
v  -0.1182 -2.9138 -1.3828
v  -0.2963 -2.9138 -1.3814
v  -3.9202 -2.6711 1.3674
v  -3.9048 -2.6724 1.0764
v  -3.8127 -2.4622 1.0863
v  -3.8296 -2.4649 1.3674
v  -3.8453 -2.6724 0.7377
v  -3.7552 -2.4622 0.7593
v  -3.7426 -2.6724 0.4098
v  -3.6561 -2.4622 0.4427
v  -3.5984 -2.6724 0.0978
v  -3.5168 -2.4622 0.1416
v  -3.4152 -2.6724 -0.1933
v  -3.3402 -2.4622 -0.1389
v  -3.1955 -2.6724 -0.4582
v  -3.1281 -2.4622 -0.3947
v  -2.9423 -2.6724 -0.6902
v  -2.8841 -2.4631 -0.6161
v  -2.6615 -2.6703 -0.8784
v  -2.6111 -2.4619 -0.7986
v  -2.3498 -2.6720 -1.0304
v  -2.3107 -2.4618 -0.9462
v  -2.0229 -2.6730 -1.1474
v  -1.9951 -2.4615 -1.0584
v  -1.6868 -2.6722 -1.2309
v  -1.6684 -2.4622 -1.1402
v  -1.3437 -2.6723 -1.2827
v  -1.3327 -2.4620 -1.1906
v  -0.9967 -2.6724 -1.3106
v  -0.9918 -2.4621 -1.2181
v  -0.8079 -2.6729 -1.3189
v  -0.8144 -2.4616 -1.2254
v  -0.6191 -2.6724 -1.3263
v  -0.6206 -2.4621 -1.2336
v  -0.2956 -2.6724 -1.3337
v  -0.1174 -2.6724 -1.3351
v  -0.1155 -2.4648 -1.2442
v  -0.2908 -2.4632 -1.2418
v  -3.6827 -2.2962 1.1009
v  -3.7031 -2.3021 1.3674
v  -3.6282 -2.2961 0.7909
v  -3.5341 -2.2961 0.4905
v  -3.4018 -2.2961 0.2044
v  -3.2317 -2.2961 -0.0651
v  -3.0373 -2.2959 -0.2994
v  -2.8014 -2.2981 -0.5143
v  -2.5483 -2.2979 -0.6845
v  -2.2615 -2.2966 -0.8256
v  -1.9535 -2.2957 -0.9340
v  -1.6395 -2.2968 -1.0130
v  -1.3135 -2.2970 -1.0619
v  -0.9841 -2.2977 -1.0858
v  -0.7902 -2.2902 -1.0894
v  -0.6150 -2.3032 -1.1103
v  -0.1146 -2.3348 -1.1483
v  -0.2956 -2.3275 -1.1403
v  -3.5431 -2.1746 1.3674
v  -3.5195 -2.1692 1.1205
v  -3.3339 -2.0754 1.1403
v  -3.3607 -2.0803 1.3674
v  -3.4682 -2.1685 0.8339
v  -3.2851 -2.0746 0.8774
v  -3.3821 -2.1690 0.5555
v  -3.2068 -2.0753 0.6221
v  -3.2596 -2.1687 0.2911
v  -3.0939 -2.0751 0.3812
v  -3.1050 -2.1691 0.0437
v  -2.9573 -2.0756 0.1621
v  -2.9007 -2.1686 -0.1990
v  -2.7512 -2.0750 -0.0792
v  -2.7028 -2.1705 -0.3888
v  -2.5918 -2.0773 -0.2429
v  -2.4716 -2.1716 -0.5454
v  -2.3815 -2.0790 -0.3871
v  -2.1898 -2.1715 -0.6788
v  -2.1117 -2.0787 -0.5107
v  -1.9038 -2.1689 -0.7762
v  -1.8533 -2.0756 -0.5950
v  -1.6033 -2.1705 -0.8535
v  -1.5670 -2.0771 -0.6713
v  -1.2917 -2.1715 -0.9014
v  -1.2737 -2.0784 -0.7184
v  -0.9680 -2.1700 -0.9239
v  -0.9569 -2.0767 -0.7380
v  -0.7246 -2.1644 -0.9231
v  -0.4569 -2.6724 -1.3300
v  -0.4580 -2.9138 -1.3777
v  -0.0000 -2.9137 -1.3837
v  -0.3043 -2.2337 -1.0366
v  -0.4462 -2.2144 -1.0062
v  -0.4560 -2.3172 -1.1274
v  -0.1146 -2.2468 -1.0550
v  -0.6209 -3.7086 -1.3906
v  -0.4569 -2.4628 -1.2378
v  -0.5901 -2.1892 -0.9638
v  -0.9635 -2.0150 -0.5461
v  -1.0224 -1.9692 -0.3319
v  -1.0731 -1.9280 -0.0347
v  -1.0746 -1.9016 0.2518
v  -1.2656 -2.0166 -0.5271
v  -1.2698 -1.9617 -0.2634
v  -1.5381 -2.0145 -0.4791
v  -1.8091 -2.0123 -0.4017
v  -2.0453 -2.0161 -0.3324
v  -2.2795 -2.0150 -0.2166
v  -2.4734 -2.0142 -0.0819
v  -2.6336 -2.0155 0.0591
v  -2.7937 -2.0137 0.2604
v  -2.9122 -2.0130 0.4536
v  -3.0186 -2.0134 0.6746
v  -3.0902 -2.0125 0.9110
v  -3.1388 -2.0135 1.1553
v  -3.1561 -2.0154 1.3674
v  -1.2830 -1.9318 -0.0347
v  -1.2830 -1.8757 1.1552
v  -1.2830 -1.8755 1.3674
v  -1.5509 -1.8782 1.3674
v  -1.5509 -1.8785 1.1552
v  -1.0372 -1.8873 0.4808
v  -1.2830 -1.8913 0.4745
v  -1.2830 -1.9048 0.2584
v  -0.4750 -1.8732 1.1552
v  -0.2130 -1.8732 1.1552
v  -0.2130 -1.8732 1.3674
v  -0.4750 -1.8732 1.3674
v  -0.7286 -1.8735 1.1552
v  -0.7286 -1.8734 1.3674
v  -0.9980 -1.8741 1.1552
v  -0.9980 -1.8741 1.3674
v  -0.7286 -1.8743 0.9086
v  -0.9980 -1.8791 0.6865
v  -2.6446 -1.9846 0.2720
v  -0.9980 -1.8753 0.9131
v  -1.2830 -1.8772 0.9131
v  -1.2830 -1.8821 0.6840
v  -1.5509 -1.8964 0.4704
v  -1.5509 -1.9115 0.2565
v  -1.5509 -1.8807 0.9131
v  -1.5509 -1.8866 0.6827
v  -2.0374 -1.9889 -0.2145
v  -2.5383 -1.9165 1.3674
v  -2.8173 -1.9489 1.3674
v  -2.8134 -1.9509 1.1600
v  -2.5434 -1.9190 1.1583
v  -2.4878 -1.9454 0.4712
v  -2.7023 -1.9718 0.4721
v  -2.4590 -1.9608 0.2645
v  -2.7897 -1.9548 0.9217
v  -2.5316 -1.9242 0.9190
v  -2.7548 -1.9621 0.6919
v  -2.5141 -1.9335 0.6899
v  -2.2519 -1.9800 -0.0542
v  -2.2498 -1.9421 0.2568
v  -2.0486 -1.8894 1.3674
v  -2.2894 -1.8999 1.3674
v  -2.2920 -1.9012 1.1565
v  -2.0499 -1.8900 1.1555
v  -2.0360 -1.9136 0.4682
v  -2.2642 -1.9265 0.4686
v  -2.0288 -1.9284 0.2536
v  -2.2860 -1.9064 0.9156
v  -2.0469 -1.8939 0.9138
v  -2.2773 -1.9147 0.6857
v  -2.0425 -1.9022 0.6832
v  -2.0303 -1.9603 -0.0395
v  -1.7909 -1.9463 -0.0344
v  -1.7899 -1.9183 0.2541
v  -1.7998 -1.8827 1.3674
v  -1.8004 -1.8829 1.1552
v  -1.7935 -1.9035 0.4686
v  -1.7990 -1.8859 0.9131
v  -1.7968 -1.8927 0.6823
v  -1.5509 -1.9388 -0.0347
v  -1.7796 -1.9748 -0.2378
v  -1.5213 -1.9681 -0.2623
v  -0.0000 -2.2487 -1.0577
v  -0.0000 -3.7084 4.1317
v  -0.2130 -3.7084 4.1300
v  -0.2130 -3.1633 4.1258
v  -0.7286 -3.7075 4.1178
v  -1.0004 -3.7080 4.1061
v  -0.9981 -3.1627 4.1021
v  -0.7286 -3.1631 4.1137
v  -1.3518 -3.7080 4.0778
v  -1.3513 -3.1622 4.0737
v  -1.6993 -3.1626 4.0212
v  -1.6997 -3.7079 4.0253
v  -2.0406 -3.1631 3.9361
v  -2.0415 -3.7084 3.9402
v  -2.3731 -3.7084 3.8219
v  -2.3720 -3.1633 3.8178
v  -2.6896 -3.7087 3.6686
v  -2.6880 -3.1633 3.6648
v  -2.9819 -3.7084 3.4721
v  -2.9796 -3.1633 3.4687
v  -3.2422 -3.7084 3.2337
v  -3.2405 -3.1673 3.2295
v  -3.4674 -3.7078 2.9621
v  -3.4639 -3.1633 2.9598
v  -3.6549 -3.7087 2.6642
v  -3.6513 -3.1633 2.6622
v  -3.9079 -3.7084 2.0088
v  -3.9688 -3.7083 1.6623
v  -3.9647 -3.1633 1.6615
v  -3.9038 -3.1633 2.0078
v  -3.8025 -3.7081 2.3451
v  -3.7988 -3.1633 2.3432
v  -3.9522 -2.9138 1.6601
v  -3.8916 -2.9138 2.0048
v  -3.7872 -2.9138 2.3386
v  -3.6404 -2.9138 2.6561
v  -3.4539 -2.9138 2.9524
v  -3.2301 -2.9138 3.2222
v  -2.9719 -2.9138 3.4588
v  -2.6844 -2.9136 3.6523
v  -2.3678 -2.9134 3.8059
v  -2.0356 -2.9128 3.9244
v  -1.6942 -2.9127 4.0092
v  -1.3497 -2.9135 4.0613
v  -0.9981 -2.9136 4.0895
v  -0.7286 -2.9140 4.1012
v  -0.4750 -3.1633 4.1211
v  -0.4750 -2.9139 4.1086
v  -0.2130 -2.9138 4.1133
v  -3.8128 -2.4622 1.6451
v  -3.9048 -2.6724 1.6549
v  -3.7551 -2.4622 1.9725
v  -3.8453 -2.6724 1.9935
v  -3.6556 -2.4622 2.2896
v  -3.7426 -2.6724 2.3215
v  -3.5159 -2.4622 2.5911
v  -3.5984 -2.6724 2.6334
v  -3.3380 -2.4621 2.8730
v  -3.4152 -2.6724 2.9245
v  -3.1304 -2.4621 3.1233
v  -3.1955 -2.6724 3.1894
v  -2.8846 -2.4622 3.3490
v  -2.9423 -2.6724 3.4214
v  -2.6129 -2.4610 3.5308
v  -2.6615 -2.6703 3.6096
v  -2.3130 -2.4618 3.6766
v  -2.3498 -2.6720 3.7616
v  -1.9955 -2.4615 3.7896
v  -2.0229 -2.6730 3.8787
v  -1.6690 -2.4622 3.8714
v  -1.6868 -2.6722 3.9622
v  -1.3319 -2.4621 3.9220
v  -1.3437 -2.6723 4.0139
v  -0.9981 -2.4621 3.9489
v  -0.9981 -2.6722 4.0417
v  -0.7287 -2.4627 3.9611
v  -0.7286 -2.6729 4.0535
v  -0.4750 -2.6727 4.0609
v  -0.4750 -2.4629 3.9687
v  -0.2130 -2.4636 3.9739
v  -0.2130 -2.6724 4.0656
v  -3.6847 -2.2982 1.6313
v  -3.6291 -2.2969 1.9399
v  -3.5349 -2.2965 2.2397
v  -3.4035 -2.2971 2.5259
v  -3.2368 -2.2977 2.7923
v  -3.0317 -2.2966 3.0379
v  -2.8055 -2.2988 3.2483
v  -2.5485 -2.2979 3.4198
v  -2.2580 -2.2976 3.5594
v  -1.9553 -2.2984 3.6678
v  -1.6383 -2.2993 3.7473
v  -1.3138 -2.2994 3.7957
v  -0.9981 -2.2954 3.8170
v  -0.7287 -2.2969 3.8304
v  -0.4750 -2.2971 3.8383
v  -0.2130 -2.2968 3.8428
v  -3.3350 -2.0758 1.5863
v  -3.5213 -2.1701 1.6096
v  -3.2906 -2.0763 1.8494
v  -3.4712 -2.1700 1.8949
v  -3.2117 -2.0761 2.1016
v  -3.3850 -2.1697 2.1713
v  -3.1027 -2.0759 2.3374
v  -3.2650 -2.1697 2.4332
v  -2.9681 -2.0767 2.5568
v  -3.1150 -2.1703 2.6762
v  -2.7519 -2.0758 2.8126
v  -2.8938 -2.1693 2.9388
v  -2.5936 -2.0783 2.9758
v  -2.7062 -2.1721 3.1209
v  -2.3772 -2.0789 3.1207
v  -2.4684 -2.1721 3.2798
v  -2.1006 -2.0782 3.2450
v  -2.1800 -2.1714 3.4140
v  -1.8451 -2.0781 3.3360
v  -1.9002 -2.1713 3.5139
v  -1.5693 -2.0784 3.4052
v  -1.6008 -2.1719 3.5884
v  -1.2858 -2.0790 3.4495
v  -1.2971 -2.1725 3.6342
v  -0.9980 -2.0753 3.4645
v  -0.9980 -2.1685 3.6520
v  -0.0000 -2.9137 4.1150
v  -0.0000 -2.6724 4.0673
v  -0.7286 -2.1696 3.6659
v  -0.4750 -3.7081 4.1252
v  -0.0000 -2.2984 3.8461
v  -0.2130 -2.1698 3.6790
v  -0.4750 -2.1696 3.6735
v  -1.2825 -2.0081 3.2295
v  -0.9980 -2.0049 3.2404
v  -1.2830 -1.9631 3.0014
v  -0.9980 -1.9599 3.0084
v  -1.5541 -2.0105 3.1971
v  -1.8057 -2.0165 3.1510
v  -2.0439 -2.0170 3.0667
v  -2.2749 -2.0135 2.9444
v  -2.4680 -2.0134 2.8139
v  -2.6464 -2.0153 2.6579
v  -2.7973 -2.0139 2.4669
v  -2.9219 -2.0132 2.2628
v  -3.0251 -2.0141 2.0480
v  -3.0985 -2.0142 1.8152
v  -3.1353 -2.0125 1.5672
v  -1.2830 -1.9297 2.7484
v  -0.9980 -1.9247 2.7483
v  -1.2830 -1.8757 1.5757
v  -1.5509 -1.8785 1.5757
v  -0.9980 -1.8877 2.2677
v  -0.9980 -1.9013 2.4893
v  -1.2830 -1.9062 2.4892
v  -1.2830 -1.8920 2.2677
v  -0.4750 -1.8732 1.5757
v  -0.2130 -1.8732 1.5757
v  -0.7286 -1.8735 1.5757
v  -0.9980 -1.8741 1.5757
v  -2.6449 -1.9853 2.4643
v  -0.9980 -1.8753 1.8189
v  -1.2830 -1.8773 1.8189
v  -0.9980 -1.8790 2.0407
v  -1.2830 -1.8819 2.0407
v  -1.5509 -1.9126 2.4892
v  -1.5509 -1.8971 2.2677
v  -1.5509 -1.8807 1.8189
v  -1.5509 -1.8863 2.0407
v  -2.0352 -1.9887 2.9438
v  -2.4902 -1.9455 2.2563
v  -2.4589 -1.9617 2.4761
v  -2.7074 -1.9717 2.2497
v  -2.5426 -1.9189 1.5701
v  -2.5337 -1.9244 1.8118
v  -2.7940 -1.9553 1.8071
v  -2.8118 -1.9506 1.5652
v  -2.5158 -1.9331 2.0330
v  -2.7581 -1.9620 2.0307
v  -2.2498 -1.9430 2.4849
v  -2.2496 -1.9781 2.7753
v  -2.0366 -1.9140 2.2666
v  -2.0288 -1.9293 2.4887
v  -2.2654 -1.9267 2.2632
v  -2.0497 -1.8902 1.5753
v  -2.0475 -1.8939 1.8183
v  -2.2871 -1.9065 1.8161
v  -2.2916 -1.9011 1.5737
v  -2.0430 -1.9018 2.0397
v  -2.2781 -1.9144 2.0372
v  -2.0295 -1.9583 2.7550
v  -1.7899 -1.9193 2.4897
v  -1.7906 -1.9450 2.7479
v  -1.7938 -1.9039 2.2678
v  -1.7992 -1.8859 1.8190
v  -1.8003 -1.8829 1.5758
v  -1.7970 -1.8924 2.0407
v  -1.5509 -1.9369 2.7484
v  -1.7931 -1.9748 2.9587
v  -1.5509 -1.9671 2.9805
v  -0.0000 -1.8732 1.5757
v  -0.2130 -1.8739 1.8189
v  -0.0000 -1.8739 1.8189
v  -0.2130 -1.8772 2.0407
v  -0.0000 -1.8769 2.0407
v  -0.2130 -1.8840 2.2677
v  -0.0000 -1.8847 2.2677
v  -0.2130 -1.8965 2.4894
v  -0.4750 -1.8740 1.8189
v  -0.4750 -1.8775 2.0407
v  -0.4750 -1.8850 2.2677
v  -0.4750 -1.8978 2.4894
v  -0.2130 -1.9202 2.7483
v  -0.4750 -1.9211 2.7483
v  -0.2130 -1.9582 3.0257
v  -0.4750 -1.9582 3.0191
v  -0.2130 -2.0042 3.2632
v  -0.4750 -2.0039 3.2567
v  -0.2130 -2.0765 3.4925
v  -0.4750 -2.0758 3.4861
v  -0.7286 -1.8742 1.8189
v  -0.7286 -1.8779 2.0407
v  -0.7286 -1.8860 2.2677
v  -0.7286 -1.8991 2.4893
v  -0.7286 -1.9225 2.7483
v  -0.7286 -1.9586 3.0155
v  -0.7286 -2.0043 3.2511
v  -0.7286 -2.0760 3.4787
v  -0.1181 -3.7191 -1.3952
v  -0.0000 -3.7191 -1.3961
v  -0.1183 -3.7236 -1.3846
v  -0.2964 -3.7192 -1.3937
v  -0.2962 -3.7236 -1.3829
v  -0.4580 -3.7189 -1.3902
v  -0.4575 -3.7236 -1.3800
v  -0.6206 -3.7192 -1.3862
v  -0.6198 -3.7236 -1.3752
v  -0.8111 -3.7188 -1.3790
v  -0.8111 -3.7235 -1.3692
v  -0.9999 -3.7190 -1.3706
v  -0.9989 -3.7236 -1.3596
v  -1.3503 -3.7171 -1.3440
v  -1.3476 -3.7235 -1.3335
v  -1.6980 -3.7177 -1.2912
v  -1.6953 -3.7235 -1.2812
v  -2.0387 -3.7192 -1.2051
v  -2.0356 -3.7235 -1.1967
v  -2.3707 -3.7184 -1.0875
v  -2.3664 -3.7235 -1.0787
v  -2.6863 -3.7191 -0.9342
v  -2.6813 -3.7235 -0.9247
v  -2.9794 -3.7186 -0.7379
v  -2.9729 -3.7235 -0.7307
v  -3.2390 -3.7186 -0.5002
v  -3.2318 -3.7235 -0.4942
v  -3.4623 -3.7197 -0.2294
v  -3.4553 -3.7235 -0.2243
v  -3.6509 -3.7184 0.0675
v  -3.6425 -3.7234 0.0717
v  -3.7988 -3.7186 0.3872
v  -3.7896 -3.7235 0.3903
v  -3.9035 -3.7192 0.7230
v  -3.8943 -3.7235 0.7250
v  -3.9639 -3.7196 1.0694
v  -3.9537 -3.7236 1.0705
v  -3.9807 -3.7191 1.3657
v  -3.9701 -3.7235 1.3657
v  -3.9649 -3.7186 1.6621
v  -3.9553 -3.7235 1.6611
v  -3.9036 -3.7191 2.0080
v  -3.8932 -3.7235 2.0062
v  -3.7986 -3.7187 2.3441
v  -3.7898 -3.7235 2.3409
v  -3.6511 -3.7187 2.6628
v  -3.6423 -3.7235 2.6590
v  -3.4639 -3.7183 2.9607
v  -3.4555 -3.7235 2.9557
v  -3.2390 -3.7186 3.2315
v  -3.2313 -3.7235 3.2254
v  -2.9792 -3.7186 3.4693
v  -2.9727 -3.7235 3.4625
v  -2.6868 -3.7191 3.6652
v  -2.6811 -3.7236 3.6562
v  -2.3708 -3.7186 3.8186
v  -2.3662 -3.7235 3.8101
v  -2.0395 -3.7186 3.9367
v  -2.0357 -3.7235 3.9279
v  -1.6981 -3.7187 4.0216
v  -1.6954 -3.7235 4.0123
v  -1.3503 -3.7185 4.0742
v  -1.3482 -3.7235 4.0646
v  -0.9996 -3.7194 4.1016
v  -0.9971 -3.7236 4.0910
v  -0.7281 -3.7188 4.1138
v  -0.7273 -3.7236 4.1031
v  -0.4759 -3.7188 4.1211
v  -0.4766 -3.7235 4.1106
v  -0.2136 -3.7188 4.1259
v  -0.2140 -3.7235 4.1158
v  -0.0000 -3.7191 4.1273
v  -0.0000 -3.7236 4.1165
v  -0.0000 -3.7236 -1.3855
v  -0.1179 -3.7236 -1.3357
v  -0.2945 -3.7235 -1.3335
v  -0.4557 -3.7236 -1.3308
v  -0.6192 -3.7236 -1.3268
v  -0.8085 -3.7235 -1.3200
v  -0.9957 -3.7236 -1.3114
v  -1.3419 -3.7236 -1.2836
v  -1.6841 -3.7236 -1.2319
v  -2.0193 -3.7236 -1.1485
v  -2.3464 -3.7236 -1.0321
v  -2.6568 -3.7236 -0.8829
v  -2.9450 -3.7236 -0.6889
v  -3.1961 -3.7235 -0.4580
v  -3.4181 -3.7236 -0.1906
v  -3.5938 -3.7235 0.0913
v  -3.7408 -3.7236 0.4053
v  -3.8442 -3.7235 0.7360
v  -3.9040 -3.7235 1.0748
v  -3.9214 -3.7236 1.3658
v  -3.9053 -3.7236 1.6537
v  -3.8454 -3.7236 1.9978
v  -3.5949 -3.7235 2.6397
v  -3.4098 -3.7236 2.9331
v  -3.1895 -3.7236 3.1970
v  -2.9431 -3.7236 3.4217
v  -2.6507 -3.7236 3.6175
v  -2.3442 -3.7236 3.7639
v  -2.0197 -3.7236 3.8803
v  -1.6875 -3.7236 3.9630
v  -1.3442 -3.7236 4.0145
v  -0.9932 -3.7235 4.0426
v  -0.7278 -3.7236 4.0552
v  -0.4786 -3.7236 4.0621
v  -0.2129 -3.7236 4.0671
v  -0.1179 -3.7087 -1.3206
v  -0.0000 -3.7083 -1.3217
v  -0.0000 -3.7191 -1.3260
v  -0.1179 -3.7191 -1.3251
v  -0.2944 -3.7184 -1.3231
v  -0.2943 -3.7074 -1.3190
v  -0.4556 -3.7192 -1.3201
v  -0.4558 -3.7084 -1.3159
v  -0.6190 -3.7194 -1.3167
v  -0.6189 -3.7098 -1.3121
v  -0.8088 -3.7195 -1.3091
v  -0.8094 -3.7083 -1.3053
v  -0.9956 -3.7192 -1.3007
v  -0.9959 -3.7086 -1.2961
v  -1.3414 -3.7194 -1.2730
v  -1.3416 -3.7091 -1.2683
v  -1.6818 -3.7191 -1.2214
v  -1.6808 -3.7083 -1.2171
v  -2.0157 -3.7192 -1.1387
v  -2.0137 -3.7090 -1.1344
v  -2.3418 -3.7195 -1.0230
v  -2.3394 -3.7095 -1.0190
v  -2.6512 -3.7196 -0.8740
v  -2.6485 -3.7094 -0.8701
v  -2.9388 -3.7195 -0.6804
v  -2.9363 -3.7092 -0.6766
v  -3.1885 -3.7195 -0.4511
v  -3.1852 -3.7093 -0.4482
v  -3.4098 -3.7200 -0.1847
v  -3.4056 -3.7109 -0.1817
v  -3.5858 -3.7190 0.0958
v  -3.5821 -3.7096 0.0980
v  -3.7315 -3.7193 0.4084
v  -3.7270 -3.7098 0.4097
v  -3.8348 -3.7190 0.7373
v  -3.8301 -3.7097 0.7374
v  -3.8943 -3.7187 1.0757
v  -3.8896 -3.7089 1.0760
v  -3.9109 -3.7193 1.3655
v  -3.9063 -3.7089 1.3652
v  -3.8956 -3.7198 1.6531
v  -3.8907 -3.7108 1.6530
v  -3.8355 -3.7198 1.9952
v  -3.8306 -3.7102 1.9936
v  -3.3973 -3.7101 2.9247
v  -3.5820 -3.7103 2.6337
v  -3.5871 -3.7202 2.6358
v  -3.4015 -3.7197 2.9274
v  -3.1816 -3.7197 3.1905
v  -3.1775 -3.7101 3.1877
v  -2.9363 -3.7195 3.4137
v  -2.9331 -3.7093 3.4103
v  -2.6455 -3.7193 3.6082
v  -2.6434 -3.7087 3.6043
v  -2.3402 -3.7191 3.7546
v  -2.3382 -3.7091 3.7502
v  -2.0151 -3.7194 3.8704
v  -2.0124 -3.7086 3.8667
v  -1.6846 -3.7193 3.9523
v  -1.6829 -3.7082 3.9484
v  -1.3424 -3.7194 4.0040
v  -1.3413 -3.7090 3.9996
v  -0.9919 -3.7191 4.0321
v  -0.9910 -3.7083 4.0278
v  -0.7263 -3.7197 4.0441
v  -0.7251 -3.7088 4.0398
v  -0.4790 -3.7195 4.0512
v  -0.4796 -3.7088 4.0464
v  -0.2129 -3.7195 4.0561
v  -0.2131 -3.7089 4.0512
v  -0.0000 -3.7197 4.0580
v  -0.0000 -3.7083 4.0530
v  -3.7400 -3.7235 2.3262
v  -3.7304 -3.7179 2.3226
v  -3.7273 -3.7099 2.3214
v  -0.1178 -3.3994 -1.3181
v  -0.0000 -3.3990 -1.3190
v  -0.2942 -3.3982 -1.3166
v  -0.4557 -3.3991 -1.3132
v  -0.6188 -3.4005 -1.3092
v  -0.8092 -3.3990 -1.3025
v  -0.9957 -3.3993 -1.2935
v  -1.3413 -3.3998 -1.2656
v  -1.6803 -3.3990 -1.2146
v  -2.0128 -3.3998 -1.1316
v  -2.3382 -3.4002 -1.0161
v  -2.6472 -3.4001 -0.8678
v  -2.9345 -3.4000 -0.6743
v  -3.1831 -3.4000 -0.4462
v  -3.4034 -3.4016 -0.1801
v  -3.5796 -3.4003 0.0993
v  -3.7239 -3.4005 0.4109
v  -3.8270 -3.4004 0.7381
v  -3.8877 -3.3996 1.0763
v  -3.9036 -3.3996 1.3652
v  -3.8876 -3.4015 1.6526
v  -3.8273 -3.4009 1.9928
v  -3.3951 -3.4008 2.9230
v  -3.5790 -3.4010 2.6320
v  -3.1754 -3.4008 3.1856
v  -2.9314 -3.4000 3.4081
v  -2.6420 -3.3994 3.6018
v  -2.3372 -3.3998 3.7478
v  -2.0114 -3.3993 3.8635
v  -1.6822 -3.3989 3.9447
v  -1.3410 -3.3997 3.9970
v  -0.9908 -3.3990 4.0250
v  -0.7250 -3.3995 4.0369
v  -0.4795 -3.3995 4.0441
v  -0.2130 -3.3996 4.0486
v  -0.0000 -3.3990 4.0503
v  -3.7238 -3.4006 2.3201
v  -0.1798 -1.8389 -0.6049
v  -0.1809 -1.8252 -0.6100
v  -0.0922 -1.8246 -0.6299
v  -0.0925 -1.8384 -0.6241
v  -0.2640 -1.8371 -0.5730
v  -0.2672 -1.8232 -0.5794
v  -0.3453 -1.8375 -0.5285
v  -0.3480 -1.8243 -0.5340
v  -0.4173 -1.8374 -0.4729
v  -0.4207 -1.8242 -0.4782
v  -0.4797 -1.8371 -0.4101
v  -0.4844 -1.8241 -0.4141
v  -0.5315 -1.8376 -0.3403
v  -0.5376 -1.8241 -0.3422
v  -0.5752 -1.8379 -0.2589
v  -0.5810 -1.8243 -0.2607
v  -0.6066 -1.8381 -0.1752
v  -0.6126 -1.8243 -0.1758
v  -0.6254 -1.8385 -0.0831
v  -0.6311 -1.8245 -0.0845
v  -0.6311 -1.8377 0.0074
v  -0.6371 -1.8243 0.0064
v  -0.6237 -1.8383 0.0960
v  -0.6300 -1.8240 0.0963
v  -0.6041 -1.8386 0.1823
v  -0.6096 -1.8244 0.1845
v  -0.5719 -1.8385 0.2662
v  -0.5770 -1.8245 0.2692
v  -0.5312 -1.8388 0.3414
v  -0.5344 -1.8247 0.3468
v  -0.4747 -1.8396 0.4152
v  -0.4790 -1.8245 0.4192
v  -0.4071 -1.8392 0.4823
v  -0.4126 -1.8247 0.4849
v  -0.3391 -1.8391 0.5321
v  -0.3416 -1.8249 0.5370
v  -0.2585 -1.8383 0.5754
v  -0.2617 -1.8244 0.5805
v  -0.1788 -1.8392 0.6056
v  -0.1799 -1.8244 0.6116
v  -0.0906 -1.8379 0.6243
v  -0.0910 -1.8244 0.6303
v  -0.0000 -1.8246 -0.6370
v  -0.0000 -2.0381 -0.6279
v  -0.0920 -2.0379 -0.6206
v  -0.1789 -2.0384 -0.6018
v  -0.2625 -2.0365 -0.5697
v  -0.3435 -2.0370 -0.5258
v  -0.4150 -2.0369 -0.4703
v  -0.4770 -2.0366 -0.4077
v  -0.5287 -2.0371 -0.3386
v  -0.5720 -2.0374 -0.2574
v  -0.6033 -2.0376 -0.1743
v  -0.6219 -2.0380 -0.0827
v  -0.6278 -2.0371 0.0074
v  -0.6207 -2.0378 0.0955
v  -0.6010 -2.0381 0.1813
v  -0.5689 -2.0380 0.2648
v  -0.5282 -2.0383 0.3395
v  -0.4724 -2.0391 0.4132
v  -0.4047 -2.0387 0.4795
v  -0.3375 -2.0386 0.5296
v  -0.2572 -2.0377 0.5725
v  -0.1777 -2.0387 0.6019
v  -0.0902 -2.0374 0.6213
v  -0.0000 -1.8908 -0.7033
v  -0.0000 -1.9586 3.0294
v  -0.0000 -2.0385 0.6279
v  -0.4380 -3.7742 -0.8314
v  -0.4132 -3.7742 -0.8419
v  -0.4071 -3.7742 -0.8341
v  -0.4253 -3.7742 -0.8142
v  -0.3985 -3.7742 -0.8292
v  -0.4067 -3.7742 -0.8036
v  -0.3884 -3.7742 -0.8279
v  -0.3871 -3.7742 -0.8010
v  -0.3786 -3.7742 -0.8307
v  -0.3680 -3.7742 -0.8058
v  -0.3708 -3.7742 -0.8368
v  -0.3508 -3.7742 -0.8186
v  -0.3659 -3.7742 -0.8454
v  -0.3401 -3.7742 -0.8371
v  -0.3646 -3.7742 -0.8555
v  -0.3376 -3.7742 -0.8567
v  -0.3673 -3.7742 -0.8653
v  -0.3424 -3.7742 -0.8759
v  -0.3734 -3.7742 -0.8731
v  -0.3552 -3.7742 -0.8930
v  -0.3820 -3.7742 -0.8780
v  -0.3737 -3.7742 -0.9037
v  -0.3921 -3.7742 -0.8793
v  -0.3933 -3.7742 -0.9063
v  -0.4019 -3.7742 -0.8765
v  -0.4125 -3.7742 -0.9015
v  -0.4097 -3.7742 -0.8704
v  -0.4296 -3.7742 -0.8887
v  -0.4147 -3.7742 -0.8618
v  -0.4403 -3.7742 -0.8702
v  -0.4160 -3.7742 -0.8517
v  -0.4429 -3.7742 -0.8506
v  -0.4310 -3.7692 -0.8078
v  -0.4459 -3.7692 -0.8277
v  -0.4094 -3.7692 -0.7953
v  -0.3866 -3.7692 -0.7924
v  -0.3643 -3.7692 -0.7980
v  -0.3443 -3.7692 -0.8128
v  -0.3319 -3.7692 -0.8344
v  -0.3289 -3.7692 -0.8572
v  -0.3346 -3.7692 -0.8795
v  -0.3494 -3.7692 -0.8995
v  -0.3710 -3.7692 -0.9120
v  -0.3938 -3.7692 -0.9149
v  -0.4161 -3.7692 -0.9093
v  -0.4361 -3.7692 -0.8944
v  -0.4485 -3.7692 -0.8729
v  -0.4515 -3.7692 -0.8501
v  -0.4579 -3.7040 -0.7823
v  -0.4796 -3.7064 -0.8147
v  -0.4203 -3.7035 -0.7596
v  -0.3824 -3.7054 -0.7562
v  -0.3468 -3.7089 -0.7676
v  -0.3199 -3.7123 -0.7922
v  -0.3033 -3.7169 -0.8241
v  -0.3009 -3.7197 -0.8581
v  -0.3099 -3.7216 -0.8904
v  -0.3323 -3.7236 -0.9188
v  -0.3629 -3.7236 -0.9364
v  -0.3957 -3.7225 -0.9417
v  -0.4269 -3.7201 -0.9341
v  -0.4574 -3.7172 -0.9161
v  -0.4777 -3.7120 -0.8844
v  -0.4852 -3.7091 -0.8514
v  -0.4709 -3.6725 -0.7686
v  -0.4967 -3.6754 -0.8073
v  -0.4260 -3.6719 -0.7415
v  -0.3807 -3.6742 -0.7374
v  -0.3382 -3.6783 -0.7511
v  -0.3062 -3.6824 -0.7804
v  -0.2864 -3.6879 -0.8185
v  -0.2834 -3.6913 -0.8590
v  -0.2942 -3.6934 -0.8977
v  -0.3209 -3.6959 -0.9315
v  -0.3575 -3.6959 -0.9525
v  -0.3966 -3.6946 -0.9588
v  -0.4338 -3.6917 -0.9498
v  -0.4702 -3.6882 -0.9282
v  -0.4944 -3.6821 -0.8904
v  -0.5034 -3.6786 -0.8510
v  -0.4038 -3.7692 -0.8378
v  -0.4086 -3.7692 -0.8439
v  -0.4086 -3.7324 -0.8439
v  -0.4038 -3.7324 -0.8378
v  -0.3970 -3.7692 -0.8339
v  -0.3970 -3.7324 -0.8339
v  -0.3887 -3.7692 -0.8329
v  -0.3887 -3.7324 -0.8329
v  -0.3806 -3.7692 -0.8353
v  -0.3806 -3.7324 -0.8353
v  -0.3745 -3.7692 -0.8401
v  -0.3745 -3.7324 -0.8401
v  -0.3706 -3.7692 -0.8469
v  -0.3706 -3.7324 -0.8469
v  -0.3696 -3.7692 -0.8552
v  -0.3696 -3.7324 -0.8552
v  -0.3719 -3.7692 -0.8633
v  -0.3719 -3.7324 -0.8633
v  -0.3768 -3.7692 -0.8694
v  -0.3768 -3.7324 -0.8694
v  -0.3835 -3.7692 -0.8732
v  -0.3835 -3.7324 -0.8732
v  -0.3919 -3.7692 -0.8743
v  -0.3919 -3.7324 -0.8743
v  -0.4000 -3.7692 -0.8719
v  -0.4000 -3.7324 -0.8719
v  -0.4060 -3.7692 -0.8671
v  -0.4060 -3.7324 -0.8671
v  -0.4099 -3.7692 -0.8603
v  -0.4099 -3.7324 -0.8603
v  -0.4110 -3.7692 -0.8519
v  -0.4110 -3.7324 -0.8519
v  -0.4086 -3.7742 -0.8439
v  -0.4038 -3.7742 -0.8378
v  -0.3970 -3.7742 -0.8339
v  -0.3887 -3.7742 -0.8329
v  -0.3806 -3.7742 -0.8353
v  -0.3745 -3.7742 -0.8401
v  -0.3706 -3.7742 -0.8469
v  -0.3696 -3.7742 -0.8552
v  -0.3719 -3.7742 -0.8633
v  -0.3768 -3.7742 -0.8694
v  -0.3835 -3.7742 -0.8732
v  -0.3919 -3.7742 -0.8743
v  -0.4000 -3.7742 -0.8719
v  -0.4060 -3.7742 -0.8671
v  -0.4099 -3.7742 -0.8603
v  -0.4110 -3.7742 -0.8519
v  -0.6715 -3.7742 3.5566
v  -0.6588 -3.7742 3.5394
v  -0.6406 -3.7742 3.5593
v  -0.6467 -3.7742 3.5671
v  -0.6402 -3.7742 3.5287
v  -0.6320 -3.7742 3.5544
v  -0.6206 -3.7742 3.5262
v  -0.6219 -3.7742 3.5531
v  -0.6015 -3.7742 3.5310
v  -0.6121 -3.7742 3.5558
v  -0.5843 -3.7742 3.5438
v  -0.6043 -3.7742 3.5619
v  -0.5736 -3.7742 3.5623
v  -0.5994 -3.7742 3.5705
v  -0.5711 -3.7742 3.5819
v  -0.5981 -3.7742 3.5806
v  -0.5759 -3.7742 3.6011
v  -0.6008 -3.7742 3.5905
v  -0.5887 -3.7742 3.6182
v  -0.6069 -3.7742 3.5983
v  -0.6072 -3.7742 3.6289
v  -0.6155 -3.7742 3.6032
v  -0.6268 -3.7742 3.6315
v  -0.6256 -3.7742 3.6045
v  -0.6460 -3.7742 3.6266
v  -0.6354 -3.7742 3.6017
v  -0.6631 -3.7742 3.6139
v  -0.6432 -3.7742 3.5956
v  -0.6738 -3.7742 3.5953
v  -0.6482 -3.7742 3.5870
v  -0.6764 -3.7742 3.5757
v  -0.6495 -3.7742 3.5769
v  -0.6794 -3.7692 3.5529
v  -0.6645 -3.7692 3.5329
v  -0.6429 -3.7692 3.5205
v  -0.6201 -3.7692 3.5175
v  -0.5978 -3.7692 3.5232
v  -0.5778 -3.7692 3.5380
v  -0.5654 -3.7692 3.5596
v  -0.5624 -3.7692 3.5824
v  -0.5681 -3.7692 3.6047
v  -0.5829 -3.7692 3.6247
v  -0.6045 -3.7692 3.6371
v  -0.6273 -3.7692 3.6401
v  -0.6496 -3.7692 3.6345
v  -0.6696 -3.7692 3.6196
v  -0.6820 -3.7692 3.5980
v  -0.6850 -3.7692 3.5752
v  -0.7131 -3.7064 3.5399
v  -0.6914 -3.7040 3.5074
v  -0.6538 -3.7035 3.4847
v  -0.6159 -3.7054 3.4813
v  -0.5803 -3.7089 3.4928
v  -0.5534 -3.7123 3.5173
v  -0.5368 -3.7169 3.5493
v  -0.5344 -3.7197 3.5833
v  -0.5434 -3.7216 3.6156
v  -0.5658 -3.7236 3.6439
v  -0.5964 -3.7236 3.6616
v  -0.6292 -3.7225 3.6669
v  -0.6604 -3.7201 3.6593
v  -0.6909 -3.7172 3.6412
v  -0.7112 -3.7120 3.6095
v  -0.7187 -3.7091 3.5765
v  -0.7302 -3.6771 3.5325
v  -0.7044 -3.6742 3.4937
v  -0.6595 -3.6736 3.4666
v  -0.6142 -3.6759 3.4626
v  -0.5717 -3.6800 3.4763
v  -0.5397 -3.6841 3.5055
v  -0.5199 -3.6896 3.5437
v  -0.5169 -3.6930 3.5842
v  -0.5277 -3.6951 3.6228
v  -0.5544 -3.6976 3.6566
v  -0.5910 -3.6976 3.6777
v  -0.6301 -3.6963 3.6840
v  -0.6673 -3.6934 3.6750
v  -0.7037 -3.6899 3.6534
v  -0.7279 -3.6838 3.6156
v  -0.7369 -3.6803 3.5762
v  -0.6373 -3.7324 3.5630
v  -0.6421 -3.7324 3.5690
v  -0.6421 -3.7692 3.5690
v  -0.6373 -3.7692 3.5630
v  -0.6305 -3.7324 3.5591
v  -0.6305 -3.7692 3.5591
v  -0.6221 -3.7324 3.5581
v  -0.6221 -3.7692 3.5581
v  -0.6141 -3.7324 3.5604
v  -0.6141 -3.7692 3.5604
v  -0.6080 -3.7324 3.5653
v  -0.6080 -3.7692 3.5653
v  -0.6041 -3.7324 3.5721
v  -0.6041 -3.7692 3.5721
v  -0.6031 -3.7324 3.5804
v  -0.6031 -3.7692 3.5804
v  -0.6054 -3.7324 3.5885
v  -0.6054 -3.7692 3.5885
v  -0.6103 -3.7324 3.5946
v  -0.6103 -3.7692 3.5946
v  -0.6170 -3.7324 3.5984
v  -0.6170 -3.7692 3.5984
v  -0.6254 -3.7324 3.5995
v  -0.6254 -3.7692 3.5995
v  -0.6335 -3.7324 3.5971
v  -0.6335 -3.7692 3.5971
v  -0.6395 -3.7324 3.5922
v  -0.6395 -3.7692 3.5922
v  -0.6434 -3.7324 3.5855
v  -0.6434 -3.7692 3.5855
v  -0.6445 -3.7324 3.5771
v  -0.6445 -3.7692 3.5771
v  -0.6373 -3.7742 3.5630
v  -0.6421 -3.7742 3.5690
v  -0.6305 -3.7742 3.5591
v  -0.6221 -3.7742 3.5581
v  -0.6141 -3.7742 3.5604
v  -0.6080 -3.7742 3.5653
v  -0.6041 -3.7742 3.5721
v  -0.6031 -3.7742 3.5804
v  -0.6054 -3.7742 3.5885
v  -0.6103 -3.7742 3.5946
v  -0.6170 -3.7742 3.5984
v  -0.6254 -3.7742 3.5995
v  -0.6335 -3.7742 3.5971
v  -0.6395 -3.7742 3.5922
v  -0.6434 -3.7742 3.5855
v  -0.6445 -3.7742 3.5771
v  -0.0000 -3.6921 -1.4003
v  0.1178 -3.6921 -1.3994
v  0.8108 -3.6921 -1.3829
v  1.0004 -3.6921 -1.3747
v  0.4593 -3.6920 -1.3942
v  0.2966 -3.6921 -1.3979
v  1.3521 -3.6881 -1.3464
v  1.6993 -3.6897 -1.2940
v  2.0404 -3.6943 -1.2089
v  2.3727 -3.6914 -1.0906
v  2.6885 -3.6937 -0.9377
v  2.9820 -3.6921 -0.7407
v  3.2422 -3.6922 -0.5023
v  3.4660 -3.6955 -0.2320
v  3.6543 -3.6918 0.0662
v  3.9077 -3.6921 0.7225
v  3.9686 -3.6937 1.0690
v  3.9849 -3.6920 1.3657
v  3.8024 -3.6919 0.3862
v  0.6209 -3.6922 -1.3905
v  0.2130 -3.6920 4.1299
v  -0.0000 -3.6921 4.1315
v  1.0004 -3.6916 4.1060
v  0.7286 -3.6912 4.1177
v  1.3517 -3.6916 4.0777
v  1.6997 -3.6915 4.0252
v  2.0415 -3.6920 3.9400
v  2.3731 -3.6920 3.8217
v  2.6895 -3.6923 3.6685
v  2.9819 -3.6921 3.4720
v  3.2422 -3.6922 3.2336
v  3.4673 -3.6914 2.9621
v  3.6548 -3.6923 2.6642
v  3.9686 -3.6920 1.6623
v  3.9077 -3.6921 2.0087
v  3.8024 -3.6918 2.3450
v  0.4750 -3.6918 4.1251
v  -0.1178 -3.6921 -1.3994
v  -1.0004 -3.6921 -1.3747
v  -0.8108 -3.6921 -1.3829
v  -0.2966 -3.6921 -1.3979
v  -0.4593 -3.6920 -1.3942
v  -1.3521 -3.6881 -1.3464
v  -1.6993 -3.6897 -1.2940
v  -2.0404 -3.6943 -1.2089
v  -2.3727 -3.6913 -1.0906
v  -2.6885 -3.6937 -0.9377
v  -2.9820 -3.6921 -0.7407
v  -3.2422 -3.6922 -0.5023
v  -3.4660 -3.6955 -0.2320
v  -3.6543 -3.6918 0.0662
v  -3.9686 -3.6937 1.0690
v  -3.9077 -3.6921 0.7225
v  -3.9849 -3.6920 1.3657
v  -3.8024 -3.6919 0.3862
v  -0.6209 -3.6922 -1.3905
v  -0.2130 -3.6920 4.1299
v  -0.7286 -3.6912 4.1177
v  -1.0004 -3.6916 4.1060
v  -1.3517 -3.6916 4.0777
v  -1.6997 -3.6915 4.0252
v  -2.0415 -3.6920 3.9400
v  -2.3731 -3.6920 3.8217
v  -2.6895 -3.6923 3.6685
v  -2.9819 -3.6921 3.4720
v  -3.2422 -3.6922 3.2336
v  -3.4673 -3.6914 2.9621
v  -3.6548 -3.6923 2.6642
v  -3.9077 -3.6921 2.0087
v  -3.9686 -3.6920 1.6623
v  -3.8024 -3.6918 2.3450
v  -0.4750 -3.6918 4.1251
v  -0.0000 -3.2265 0.0656
v  0.1287 -3.2426 0.7588
v  -0.0000 -3.2425 0.7706
v  0.2513 -3.2427 0.7243
v  0.3861 -3.2430 0.6555
v  0.4985 -3.2433 0.5641
v  0.6400 -3.2443 0.3322
v  0.5802 -3.2438 0.4494
v  0.6973 -3.2453 0.0723
v  0.6795 -3.2448 0.1987
v  0.6915 -3.2459 -0.0718
v  0.6514 -3.2464 -0.2040
v  0.5899 -3.2468 -0.3205
v  0.4984 -3.2472 -0.4330
v  0.3861 -3.2476 -0.5242
v  0.1288 -3.2480 -0.6275
v  -0.0000 -3.2480 -0.6394
v  0.2600 -3.2478 -0.5897
v  -0.1288 -3.2426 0.7588
v  -0.2514 -3.2427 0.7243
v  -0.3861 -3.2430 0.6555
v  -0.4985 -3.2433 0.5641
v  -0.5802 -3.2438 0.4494
v  -0.6400 -3.2443 0.3322
v  -0.6795 -3.2448 0.1987
v  -0.6974 -3.2453 0.0723
v  -0.6915 -3.2459 -0.0718
v  -0.6514 -3.2464 -0.2040
v  -0.5899 -3.2468 -0.3205
v  -0.4984 -3.2472 -0.4330
v  -0.3861 -3.2476 -0.5242
v  -0.1288 -3.2480 -0.6275
v  -0.2600 -3.2478 -0.5897
v  -0.6988 -1.0328 0.0000
v  -0.6984 -1.7868 0.0000
v  -0.6882 -1.7868 0.1207
v  -0.6881 -1.0329 0.1206
v  -0.6521 -1.7868 0.2511
v  -0.6519 -1.0329 0.2510
v  -0.5884 -1.7868 0.3768
v  -0.5882 -1.0329 0.3767
v  -0.4987 -1.7868 0.4894
v  -0.4985 -1.0329 0.4893
v  -0.3878 -1.7868 0.5812
v  -0.3877 -1.0329 0.5810
v  -0.2633 -1.7868 0.6472
v  -0.2632 -1.0329 0.6470
v  -0.1336 -1.7868 0.6858
v  -0.1335 -1.0329 0.6857
v  -0.0066 -1.7868 0.6987
v  -0.0066 -1.0329 0.6982
v  0.1207 -1.7868 0.6882
v  0.1206 -1.0329 0.6880
v  0.2511 -1.7868 0.6521
v  0.2510 -1.0329 0.6519
v  0.3769 -1.7868 0.5884
v  0.3767 -1.0329 0.5882
v  0.4894 -1.7868 0.4987
v  0.4893 -1.0329 0.4985
v  0.5812 -1.7868 0.3878
v  0.5810 -1.0329 0.3877
v  0.6472 -1.7868 0.2633
v  0.6470 -1.0329 0.2632
v  0.6858 -1.7868 0.1336
v  0.6857 -1.0329 0.1335
v  0.6987 -1.7868 0.0065
v  0.6988 -1.0328 0.0065
v  0.6882 -1.7868 -0.1203
v  0.6881 -1.0329 -0.1202
v  0.6523 -1.7868 -0.2503
v  0.6521 -1.0329 -0.2503
v  0.5889 -1.7868 -0.3760
v  0.5887 -1.0329 -0.3759
v  0.4994 -1.7868 -0.4886
v  0.4993 -1.0329 -0.4885
v  0.3886 -1.7868 -0.5806
v  0.3885 -1.0329 -0.5804
v  0.2640 -1.7868 -0.6469
v  0.2639 -1.0329 -0.6467
v  0.1340 -1.7868 -0.6857
v  0.1340 -1.0329 -0.6856
v  0.0065 -1.7868 -0.6987
v  0.0065 -1.0330 -0.6982
v  -0.1203 -1.7868 -0.6882
v  -0.1202 -1.0329 -0.6881
v  -0.2503 -1.7868 -0.6523
v  -0.2503 -1.0329 -0.6521
v  -0.3760 -1.7868 -0.5889
v  -0.3759 -1.0329 -0.5887
v  -0.4886 -1.7868 -0.4994
v  -0.4884 -1.0329 -0.4993
v  -0.5806 -1.7868 -0.3886
v  -0.5804 -1.0329 -0.3885
v  -0.6469 -1.7868 -0.2640
v  -0.6467 -1.0329 -0.2639
v  -0.6857 -1.7868 -0.1340
v  -0.6856 -1.0329 -0.1340
v  -0.4292 -3.4965 2.9858
v  -0.4291 -3.5140 2.9844
v  -0.4254 -3.5452 2.9783
v  -0.4170 -3.5756 2.9676
v  -0.4040 -3.6033 2.9524
v  -0.3980 -3.6127 2.9457
v  -0.3943 -3.6163 2.9418
v  -0.2512 -3.5122 2.7167
v  -0.2534 -3.5294 2.7187
v  -0.2592 -3.5598 2.7271
v  -0.2674 -3.5887 2.7414
v  -0.2776 -3.6144 2.7614
v  -0.2819 -3.6228 2.7703
v  -0.2843 -3.6260 2.7755
v  -0.2872 -3.6271 2.7822
v  -0.3141 -3.5072 2.7043
v  -0.3154 -3.5245 2.7065
v  -0.3179 -3.5551 2.7155
v  -0.3202 -3.5846 2.7310
v  -0.3222 -3.6108 2.7526
v  -0.3229 -3.6196 2.7622
v  -0.3232 -3.6229 2.7678
v  -0.3233 -3.6242 2.7751
v  -0.3768 -3.5021 2.7171
v  -0.3774 -3.5194 2.7191
v  -0.3765 -3.5503 2.7274
v  -0.3730 -3.5803 2.7417
v  -0.3668 -3.6072 2.7616
v  -0.3638 -3.6163 2.7705
v  -0.3620 -3.6197 2.7757
v  -0.3656 -3.6208 2.7883
v  -0.4300 -3.4976 2.7529
v  -0.4299 -3.5150 2.7545
v  -0.4261 -3.5462 2.7609
v  -0.4176 -3.5765 2.7718
v  -0.4045 -3.6040 2.7871
v  -0.3985 -3.6134 2.7939
v  -0.3948 -3.6170 2.7978
v  -0.3898 -3.6187 2.8030
v  -0.4654 -3.4945 2.8064
v  -0.4648 -3.5120 2.8073
v  -0.4591 -3.5433 2.8108
v  -0.4474 -3.5739 2.8168
v  -0.4297 -3.6018 2.8251
v  -0.4216 -3.6113 2.8288
v  -0.4167 -3.6151 2.8309
v  -0.4101 -3.6170 2.8337
v  -0.4777 -3.4932 2.8695
v  -0.4770 -3.5107 2.8696
v  -0.4706 -3.5421 2.8697
v  -0.4577 -3.5728 2.8698
v  -0.4384 -3.6009 2.8699
v  -0.4296 -3.6105 2.8699
v  -0.4243 -3.6143 2.8699
v  -0.4172 -3.6162 2.8699
v  -0.4650 -3.4939 2.9325
v  -0.4644 -3.5114 2.9318
v  -0.4588 -3.5428 2.9285
v  -0.4470 -3.5734 2.9227
v  -0.4294 -3.6014 2.9146
v  -0.4213 -3.6110 2.9109
v  -0.4164 -3.6147 2.9088
v  -0.4099 -3.6166 2.9060
v  -0.3287 -3.6238 2.7827
v  -0.3409 -3.6228 2.7812
v  -0.3520 -3.6219 2.7842
v  -0.3618 -3.6210 2.7917
v  -0.3682 -3.6205 2.8029
v  -0.3697 -3.6203 2.8152
v  -0.3667 -3.6205 2.8262
v  -0.3592 -3.6210 2.8361
v  -0.3481 -3.6219 2.8426
v  -0.3358 -3.6229 2.8440
v  -0.3248 -3.6238 2.8410
v  -0.3149 -3.6246 2.8335
v  -0.3085 -3.6252 2.8224
v  -0.3071 -3.6254 2.8100
v  -0.3101 -3.6252 2.7990
v  -0.3175 -3.6246 2.7891
v  -0.3932 -3.6179 2.9241
v  -0.3958 -3.6177 2.9116
v  -0.3933 -3.6180 2.8990
v  -0.3867 -3.6186 2.8893
v  -0.3770 -3.6194 2.8826
v  -0.3645 -3.6204 2.8800
v  -0.3521 -3.6214 2.8825
v  -0.3866 -3.6184 2.9338
v  -0.3523 -3.6215 2.8575
v  -0.3650 -3.6205 2.8523
v  -0.3765 -3.6196 2.8475
v  -0.3271 -3.6239 2.7778
v  -0.3501 -3.6216 2.8778
v  -0.3646 -3.6204 2.8749
v  -0.3790 -3.6192 2.8779
v  -0.3903 -3.6183 2.8857
v  -0.3980 -3.6176 2.8971
v  -0.4009 -3.6173 2.9116
v  -0.3974 -3.6174 2.9257
v  -0.3897 -3.6180 2.9370
v  -0.3542 -3.6217 2.7796
v  -0.3731 -3.6201 2.8013
v  -0.3747 -3.6199 2.8156
v  -0.3712 -3.6201 2.8285
v  -0.3626 -3.6207 2.8400
v  -0.3497 -3.6218 2.8474
v  -0.3354 -3.6229 2.8491
v  -0.3225 -3.6239 2.8456
v  -0.3111 -3.6249 2.8369
v  -0.3020 -3.6258 2.8097
v  -0.3055 -3.6255 2.7967
v  -0.3141 -3.6249 2.7853
v  -0.3037 -3.6256 2.8240
v  -0.3413 -3.6228 2.7761
v  -0.1978 -3.5163 2.7522
v  -0.2007 -3.5335 2.7538
v  -0.1654 -3.5360 2.8065
v  -0.1621 -3.5189 2.8056
v  -0.2094 -3.5636 2.7602
v  -0.1760 -3.5660 2.8100
v  -0.2225 -3.5922 2.7713
v  -0.1925 -3.5944 2.8161
v  -0.2397 -3.6173 2.7866
v  -0.2143 -3.6191 2.8245
v  -0.2472 -3.6255 2.7935
v  -0.2238 -3.6272 2.8282
v  -0.2513 -3.6285 2.7974
v  -0.2292 -3.6301 2.8304
v  -0.2565 -3.6294 2.8026
v  -0.2360 -3.6309 2.8332
v  -0.1528 -3.5367 2.8687
v  -0.1494 -3.5196 2.8686
v  -0.1641 -3.5667 2.8688
v  -0.1818 -3.5950 2.8690
v  -0.2053 -3.6196 2.8692
v  -0.2156 -3.6277 2.8693
v  -0.2214 -3.6306 2.8693
v  -0.2287 -3.6314 2.8693
v  -0.1650 -3.5355 2.9309
v  -0.1616 -3.5183 2.9316
v  -0.1756 -3.5655 2.9277
v  -0.1921 -3.5939 2.9220
v  -0.2140 -3.6187 2.9140
v  -0.2236 -3.6268 2.9104
v  -0.2290 -3.6298 2.9083
v  -0.2297 -3.6312 2.8875
v  -0.2331 -3.6309 2.9004
v  -0.1999 -3.5324 2.9838
v  -0.1971 -3.5152 2.9852
v  -0.2087 -3.5626 2.9777
v  -0.2219 -3.5913 2.9670
v  -0.2392 -3.6165 2.9520
v  -0.2467 -3.6248 2.9453
v  -0.2509 -3.6278 2.9414
v  -0.2416 -3.6301 2.9119
v  -0.2561 -3.6288 2.9363
v  -0.2524 -3.5280 3.0192
v  -0.2502 -3.5107 3.0210
v  -0.2583 -3.5585 3.0111
v  -0.2665 -3.5876 2.9971
v  -0.2769 -3.6134 2.9774
v  -0.2813 -3.6219 2.9686
v  -0.2837 -3.6251 2.9635
v  -0.2866 -3.6263 2.9568
v  -0.3144 -3.5230 3.0317
v  -0.3130 -3.5056 3.0337
v  -0.3169 -3.5537 3.0230
v  -0.3193 -3.5833 3.0078
v  -0.3215 -3.6097 2.9865
v  -0.3222 -3.6186 2.9769
v  -0.3225 -3.6219 2.9714
v  -0.3226 -3.6234 2.9641
v  -0.3765 -3.5180 3.0195
v  -0.3759 -3.5007 3.0214
v  -0.3756 -3.5490 3.0115
v  -0.3721 -3.5791 2.9974
v  -0.3661 -3.6062 2.9777
v  -0.3632 -3.6153 2.9689
v  -0.3614 -3.6189 2.9637
v  -0.3587 -3.6205 2.9570
v  -0.3776 -3.6190 2.9444
v  -0.3643 -3.6201 2.9481
v  -0.3054 -3.6250 2.9117
v  -0.3107 -3.6246 2.8989
v  -0.3229 -3.6237 2.8996
v  -0.3228 -3.6236 2.9124
v  -0.2688 -3.6279 2.9212
v  -0.2817 -3.6269 2.9178
v  -0.2990 -3.6257 2.8690
v  -0.3229 -3.6238 2.8696
v  -0.3024 -3.6254 2.8820
v  -0.3007 -3.6254 2.8963
v  -0.2932 -3.6260 2.9092
v  -0.2389 -3.6306 2.8603
v  -0.2504 -3.6297 2.8517
v  -0.3279 -3.6232 2.9114
v  -0.3310 -3.6230 2.8969
v  -0.3387 -3.6224 2.8855
v  -0.3309 -3.6229 2.9259
v  -0.3386 -3.6222 2.9373
v  -0.3228 -3.6235 2.9263
v  -0.3006 -3.6253 2.9232
v  -0.3357 -3.6226 2.8989
v  -0.3330 -3.6228 2.9114
v  -0.3356 -3.6225 2.9239
v  -0.3422 -3.6219 2.9337
v  -0.3519 -3.6211 2.9404
v  -0.3499 -3.6213 2.9450
v  -0.3643 -3.6201 2.9430
v  -0.3768 -3.6191 2.9404
v  -0.2362 -3.6307 2.8748
v  -0.2347 -3.6308 2.8871
v  -0.2314 -3.6311 2.8732
v  -0.2377 -3.6305 2.8982
v  -0.2450 -3.6299 2.9081
v  -0.2562 -3.6289 2.9146
v  -0.2545 -3.6290 2.9195
v  -0.2684 -3.6279 2.9161
v  -0.2795 -3.6271 2.9132
v  -0.2894 -3.6263 2.9058
v  -0.2958 -3.6258 2.8946
v  -0.2974 -3.6258 2.8823
v  -0.2944 -3.6261 2.8713
v  -0.2871 -3.6267 2.8613
v  -0.2904 -3.6265 2.8575
v  -0.2759 -3.6276 2.8548
v  -0.2776 -3.6275 2.8500
v  -0.2637 -3.6286 2.8533
v  -0.2633 -3.6287 2.8482
v  -0.2526 -3.6295 2.8563
v  -0.2427 -3.6303 2.8637
v  -0.3423 -3.6221 2.8891
v  -0.2897 -3.6266 2.8361
v  -0.3008 -3.6257 2.8472
v  -0.3108 -3.6248 2.8573
v  -0.3239 -3.5642 2.7824
v  -0.3362 -3.5632 2.7809
v  -0.3472 -3.5623 2.7839
v  -0.3570 -3.5615 2.7914
v  -0.3634 -3.5609 2.8026
v  -0.3649 -3.5607 2.8149
v  -0.3619 -3.5609 2.8260
v  -0.3544 -3.5614 2.8359
v  -0.3433 -3.5623 2.8423
v  -0.3310 -3.5633 2.8437
v  -0.3200 -3.5642 2.8407
v  -0.3101 -3.5650 2.8333
v  -0.3037 -3.5656 2.8221
v  -0.3023 -3.5658 2.8098
v  -0.3053 -3.5656 2.7987
v  -0.3127 -3.5650 2.7888
v  -0.3884 -3.5583 2.9238
v  -0.3910 -3.5581 2.9113
v  -0.3885 -3.5584 2.8988
v  -0.3819 -3.5590 2.8890
v  -0.3722 -3.5598 2.8823
v  -0.3597 -3.5608 2.8797
v  -0.3473 -3.5618 2.8822
v  -0.3818 -3.5588 2.9335
v  -0.3309 -3.5630 2.8986
v  -0.3283 -3.5632 2.9111
v  -0.3308 -3.5629 2.9236
v  -0.3374 -3.5623 2.9334
v  -0.3471 -3.5615 2.9401
v  -0.3595 -3.5605 2.9427
v  -0.3720 -3.5595 2.9401
v  -0.2315 -3.5711 2.8745
v  -0.2299 -3.5712 2.8868
v  -0.2329 -3.5709 2.8979
v  -0.2402 -3.5703 2.9078
v  -0.2514 -3.5693 2.9143
v  -0.2636 -3.5684 2.9158
v  -0.2747 -3.5675 2.9129
v  -0.2846 -3.5667 2.9055
v  -0.2911 -3.5663 2.8943
v  -0.2926 -3.5662 2.8820
v  -0.2896 -3.5665 2.8710
v  -0.2823 -3.5671 2.8610
v  -0.2711 -3.5680 2.8545
v  -0.2589 -3.5690 2.8530
v  -0.2478 -3.5699 2.8560
v  -0.2379 -3.5707 2.8634
v  -0.3375 -3.5626 2.8888
v  -0.3405 -3.6168 2.7812
v  -0.3282 -3.6178 2.7826
v  -0.3170 -3.6186 2.7890
v  -0.3096 -3.6192 2.7989
v  -0.3066 -3.6194 2.8100
v  -0.3080 -3.6192 2.8223
v  -0.3144 -3.6186 2.8335
v  -0.3243 -3.6178 2.8410
v  -0.3353 -3.6169 2.8440
v  -0.3476 -3.6159 2.8425
v  -0.3587 -3.6151 2.8361
v  -0.3662 -3.6145 2.8262
v  -0.3692 -3.6143 2.8152
v  -0.3677 -3.6145 2.8028
v  -0.3614 -3.6151 2.7916
v  -0.3515 -3.6159 2.7842
v  -0.3244 -3.5701 2.7824
v  -0.3366 -3.5692 2.7810
v  -0.3477 -3.5683 2.7840
v  -0.3575 -3.5674 2.7914
v  -0.3639 -3.5669 2.8026
v  -0.3654 -3.5667 2.8149
v  -0.3624 -3.5669 2.8260
v  -0.3549 -3.5674 2.8359
v  -0.3438 -3.5683 2.8423
v  -0.3315 -3.5693 2.8437
v  -0.3205 -3.5702 2.8407
v  -0.3106 -3.5710 2.8333
v  -0.3042 -3.5716 2.8221
v  -0.3028 -3.5717 2.8098
v  -0.3058 -3.5716 2.7987
v  -0.3132 -3.5710 2.7888
v  -0.3927 -3.6119 2.9240
v  -0.3954 -3.6118 2.9115
v  -0.3928 -3.6120 2.8990
v  -0.3862 -3.6126 2.8892
v  -0.3765 -3.6134 2.8826
v  -0.3641 -3.6144 2.8799
v  -0.3516 -3.6154 2.8825
v  -0.3418 -3.6162 2.8891
v  -0.3352 -3.6166 2.8989
v  -0.3326 -3.6168 2.9114
v  -0.3351 -3.6165 2.9239
v  -0.3417 -3.6160 2.9337
v  -0.3514 -3.6151 2.9403
v  -0.3639 -3.6141 2.9429
v  -0.3763 -3.6131 2.9404
v  -0.3861 -3.6124 2.9338
v  -0.3915 -3.5641 2.9113
v  -0.3889 -3.5643 2.9238
v  -0.3823 -3.5648 2.9336
v  -0.3725 -3.5655 2.9402
v  -0.3600 -3.5665 2.9427
v  -0.3476 -3.5675 2.9401
v  -0.3379 -3.5683 2.9334
v  -0.3313 -3.5689 2.9236
v  -0.3287 -3.5692 2.9111
v  -0.3314 -3.5690 2.8986
v  -0.3380 -3.5685 2.8889
v  -0.3478 -3.5678 2.8823
v  -0.3602 -3.5668 2.8797
v  -0.3727 -3.5658 2.8823
v  -0.3824 -3.5650 2.8890
v  -0.3890 -3.5644 2.8988
v  -0.2358 -3.6247 2.8748
v  -0.2343 -3.6248 2.8871
v  -0.2372 -3.6245 2.8982
v  -0.2445 -3.6239 2.9081
v  -0.2557 -3.6230 2.9146
v  -0.2679 -3.6220 2.9161
v  -0.2790 -3.6211 2.9132
v  -0.2889 -3.6203 2.9058
v  -0.2954 -3.6199 2.8946
v  -0.2969 -3.6198 2.8823
v  -0.2940 -3.6201 2.8712
v  -0.2866 -3.6207 2.8613
v  -0.2755 -3.6217 2.8548
v  -0.2632 -3.6226 2.8533
v  -0.2521 -3.6235 2.8562
v  -0.2422 -3.6243 2.8636
v  -0.2304 -3.5772 2.8869
v  -0.2319 -3.5771 2.8746
v  -0.2384 -3.5767 2.8634
v  -0.2483 -3.5759 2.8560
v  -0.2594 -3.5750 2.8531
v  -0.2716 -3.5740 2.8546
v  -0.2828 -3.5731 2.8611
v  -0.2901 -3.5725 2.8710
v  -0.2930 -3.5722 2.8821
v  -0.2915 -3.5722 2.8944
v  -0.2851 -3.5727 2.9055
v  -0.2752 -3.5735 2.9129
v  -0.2641 -3.5743 2.9159
v  -0.2518 -3.5753 2.9144
v  -0.2407 -3.5762 2.9079
v  -0.2334 -3.5769 2.8979
v  -0.3357 -3.5632 2.7870
v  -0.3258 -3.5640 2.7882
v  -0.3168 -3.5647 2.7934
v  -0.3108 -3.5651 2.8014
v  -0.3084 -3.5653 2.8102
v  -0.3095 -3.5651 2.8201
v  -0.3147 -3.5647 2.8292
v  -0.3227 -3.5640 2.8352
v  -0.3315 -3.5633 2.8376
v  -0.3414 -3.5625 2.8365
v  -0.3504 -3.5618 2.8313
v  -0.3564 -3.5614 2.8233
v  -0.3588 -3.5612 2.8144
v  -0.3576 -3.5613 2.8045
v  -0.3525 -3.5618 2.7954
v  -0.3445 -3.5625 2.7894
v  -0.3828 -3.5588 2.9214
v  -0.3849 -3.5586 2.9113
v  -0.3829 -3.5588 2.9011
v  -0.3776 -3.5593 2.8933
v  -0.3698 -3.5600 2.8879
v  -0.3597 -3.5608 2.8858
v  -0.3496 -3.5616 2.8879
v  -0.3418 -3.5622 2.8932
v  -0.3365 -3.5626 2.9010
v  -0.3344 -3.5627 2.9111
v  -0.3364 -3.5625 2.9212
v  -0.3417 -3.5620 2.9291
v  -0.3495 -3.5614 2.9344
v  -0.3596 -3.5605 2.9366
v  -0.3697 -3.5597 2.9345
v  -0.3775 -3.5591 2.9292
v  -0.2372 -3.5707 2.8765
v  -0.2360 -3.5707 2.8864
v  -0.2384 -3.5705 2.8953
v  -0.2443 -3.5700 2.9033
v  -0.2533 -3.5692 2.9085
v  -0.2632 -3.5684 2.9097
v  -0.2720 -3.5677 2.9074
v  -0.2800 -3.5671 2.9014
v  -0.2853 -3.5667 2.8924
v  -0.2865 -3.5667 2.8825
v  -0.2842 -3.5669 2.8736
v  -0.2782 -3.5674 2.8656
v  -0.2692 -3.5682 2.8603
v  -0.2593 -3.5690 2.8591
v  -0.2505 -3.5697 2.8615
v  -0.2425 -3.5703 2.8674
v  -0.3336 -3.5632 2.8123
v  -0.3596 -3.5607 2.9112
v  -0.2613 -3.5687 2.8844
v  0.4292 -3.4789 2.7530
v  0.4291 -3.4964 2.7518
v  0.4254 -3.5282 2.7532
v  0.4170 -3.5599 2.7592
v  0.4040 -3.5895 2.7700
v  0.3980 -3.5998 2.7752
v  0.3943 -3.6040 2.7786
v  0.2512 -3.5349 3.0167
v  0.2534 -3.5516 3.0121
v  0.2592 -3.5804 2.9993
v  0.2674 -3.6069 2.9808
v  0.2776 -3.6292 2.9572
v  0.2819 -3.6362 2.9471
v  0.2843 -3.6385 2.9415
v  0.2872 -3.6386 2.9347
v  0.3140 -3.5318 3.0297
v  0.3154 -3.5486 3.0249
v  0.3179 -3.5775 3.0114
v  0.3202 -3.6043 2.9917
v  0.3222 -3.6270 2.9664
v  0.3229 -3.6342 2.9556
v  0.3232 -3.6366 2.9495
v  0.3232 -3.6369 2.9422
v  0.3768 -3.5248 3.0179
v  0.3774 -3.5417 3.0133
v  0.3765 -3.5710 3.0004
v  0.3729 -3.5984 2.9818
v  0.3668 -3.6220 2.9580
v  0.3638 -3.6297 2.9479
v  0.3620 -3.6323 2.9422
v  0.3656 -3.6314 2.9296
v  0.4300 -3.5150 2.9831
v  0.4299 -3.5320 2.9790
v  0.4261 -3.5619 2.9680
v  0.4176 -3.5902 2.9526
v  0.4045 -3.6151 2.9333
v  0.3985 -3.6233 2.9252
v  0.3948 -3.6263 2.9207
v  0.3898 -3.6273 2.9154
v  0.4654 -3.5039 2.9307
v  0.4648 -3.5210 2.9272
v  0.4591 -3.5515 2.9190
v  0.4474 -3.5809 2.9085
v  0.4297 -3.6072 2.8961
v  0.4216 -3.6160 2.8910
v  0.4167 -3.6194 2.8883
v  0.4101 -3.6209 2.8853
v  0.4777 -3.4931 2.8685
v  0.4770 -3.5104 2.8658
v  0.4706 -3.5414 2.8610
v  0.4577 -3.5718 2.8562
v  0.4384 -3.5996 2.8520
v  0.4296 -3.6090 2.8505
v  0.4243 -3.6128 2.8499
v  0.4172 -3.6147 2.8496
v  0.4650 -3.4844 2.8061
v  0.4644 -3.5018 2.8042
v  0.4588 -3.5332 2.8027
v  0.4470 -3.5644 2.8038
v  0.4294 -3.5933 2.8077
v  0.4213 -3.6033 2.8098
v  0.4164 -3.6073 2.8114
v  0.4099 -3.6097 2.8138
v  0.3287 -3.6353 2.9347
v  0.3409 -3.6345 2.9363
v  0.3520 -3.6332 2.9335
v  0.3618 -3.6312 2.9262
v  0.3682 -3.6290 2.9152
v  0.3697 -3.6270 2.9031
v  0.3667 -3.6255 2.8921
v  0.3592 -3.6245 2.8823
v  0.3481 -3.6244 2.8758
v  0.3358 -3.6252 2.8742
v  0.3248 -3.6265 2.8770
v  0.3149 -3.6285 2.8843
v  0.3085 -3.6307 2.8953
v  0.3071 -3.6327 2.9074
v  0.3101 -3.6342 2.9184
v  0.3175 -3.6351 2.9283
v  0.3932 -3.6082 2.7958
v  0.3958 -3.6099 2.8082
v  0.3933 -3.6121 2.8205
v  0.3867 -3.6141 2.8301
v  0.3770 -3.6159 2.8366
v  0.3645 -3.6173 2.8390
v  0.3520 -3.6179 2.8364
v  0.3866 -3.6072 2.7861
v  0.3523 -3.6218 2.8611
v  0.3650 -3.6216 2.8664
v  0.3765 -3.6214 2.8712
v  0.3271 -3.6361 2.9395
v  0.3501 -3.6188 2.8410
v  0.3645 -3.6181 2.8441
v  0.3790 -3.6165 2.8412
v  0.3903 -3.6144 2.8337
v  0.3980 -3.6120 2.8225
v  0.4009 -3.6095 2.8082
v  0.3974 -3.6075 2.7942
v  0.3897 -3.6064 2.7831
v  0.3542 -3.6337 2.9380
v  0.3731 -3.6288 2.9169
v  0.3747 -3.6265 2.9028
v  0.3712 -3.6248 2.8900
v  0.3626 -3.6237 2.8785
v  0.3496 -3.6235 2.8710
v  0.3354 -3.6244 2.8692
v  0.3225 -3.6260 2.8725
v  0.3111 -3.6282 2.8809
v  0.3020 -3.6332 2.9077
v  0.3055 -3.6349 2.9205
v  0.3141 -3.6360 2.9320
v  0.3037 -3.6308 2.8936
v  0.3413 -3.6353 2.9413
v  0.1978 -3.5336 2.9810
v  0.2007 -3.5503 2.9768
v  0.1654 -3.5450 2.9244
v  0.1620 -3.5281 2.9279
v  0.2094 -3.5792 2.9659
v  0.1760 -3.5741 2.9164
v  0.2225 -3.6058 2.9507
v  0.1925 -3.6012 2.9061
v  0.2397 -3.6283 2.9318
v  0.2143 -3.6244 2.8941
v  0.2471 -3.6354 2.9238
v  0.2238 -3.6318 2.8892
v  0.2513 -3.6377 2.9194
v  0.2292 -3.6344 2.8866
v  0.2565 -3.6379 2.9142
v  0.2360 -3.6348 2.8837
v  0.1528 -3.5363 2.8628
v  0.1493 -3.5194 2.8655
v  0.1641 -3.5659 2.8581
v  0.1818 -3.5938 2.8537
v  0.2053 -3.6182 2.8498
v  0.2156 -3.6261 2.8485
v  0.2214 -3.6289 2.8480
v  0.2287 -3.6297 2.8479
v  0.1650 -3.5257 2.8015
v  0.1616 -3.5086 2.8033
v  0.1756 -3.5558 2.8001
v  0.1921 -3.5848 2.8015
v  0.2140 -3.6105 2.8057
v  0.2236 -3.6191 2.8080
v  0.2290 -3.6223 2.8096
v  0.2297 -3.6268 2.8300
v  0.2331 -3.6246 2.8173
v  0.1999 -3.5147 2.7497
v  0.1971 -3.4975 2.7509
v  0.2087 -3.5455 2.7511
v  0.2219 -3.5754 2.7574
v  0.2392 -3.6026 2.7684
v  0.2467 -3.6118 2.7738
v  0.2509 -3.6154 2.7772
v  0.2416 -3.6221 2.8060
v  0.2561 -3.6172 2.7821
v  0.2524 -3.5050 2.7153
v  0.2502 -3.4877 2.7161
v  0.2583 -3.5363 2.7187
v  0.2665 -3.5672 2.7282
v  0.2769 -3.5957 2.7437
v  0.2813 -3.6055 2.7511
v  0.2837 -3.6094 2.7557
v  0.2866 -3.6116 2.7622
v  0.3144 -3.4981 2.7037
v  0.3130 -3.4807 2.7043
v  0.3169 -3.5298 2.7077
v  0.3193 -3.5614 2.7182
v  0.3215 -3.5907 2.7354
v  0.3222 -3.6009 2.7435
v  0.3225 -3.6051 2.7485
v  0.3226 -3.6076 2.7554
v  0.3764 -3.4951 2.7165
v  0.3759 -3.4776 2.7173
v  0.3756 -3.5270 2.7198
v  0.3721 -3.5588 2.7291
v  0.3661 -3.5886 2.7446
v  0.3632 -3.5989 2.7519
v  0.3613 -3.6032 2.7565
v  0.3587 -3.6058 2.7628
v  0.3776 -3.6063 2.7755
v  0.3643 -3.6067 2.7717
v  0.3054 -3.6171 2.8070
v  0.3107 -3.6186 2.8197
v  0.3228 -3.6176 2.8191
v  0.3228 -3.6156 2.8065
v  0.2688 -3.6185 2.7971
v  0.2817 -3.6180 2.8007
v  0.2990 -3.6242 2.8490
v  0.3229 -3.6222 2.8488
v  0.3024 -3.6219 2.8363
v  0.3007 -3.6198 2.8222
v  0.2932 -3.6184 2.8093
v  0.2389 -3.6303 2.8570
v  0.2504 -3.6308 2.8656
v  0.3279 -3.6153 2.8076
v  0.3310 -3.6173 2.8219
v  0.3387 -3.6185 2.8332
v  0.3309 -3.6128 2.7933
v  0.3386 -3.6105 2.7821
v  0.3228 -3.6134 2.7928
v  0.3006 -3.6157 2.7956
v  0.3357 -3.6167 2.8200
v  0.3330 -3.6149 2.8076
v  0.3356 -3.6128 2.7953
v  0.3422 -3.6107 2.7857
v  0.3519 -3.6089 2.7792
v  0.3499 -3.6084 2.7746
v  0.3643 -3.6075 2.7768
v  0.3768 -3.6069 2.7795
v  0.2362 -3.6283 2.8426
v  0.2347 -3.6265 2.8304
v  0.2314 -3.6289 2.8441
v  0.2376 -3.6245 2.8195
v  0.2450 -3.6224 2.8098
v  0.2561 -3.6205 2.8035
v  0.2545 -3.6199 2.7987
v  0.2684 -3.6193 2.8021
v  0.2795 -3.6189 2.8052
v  0.2894 -3.6193 2.8126
v  0.2958 -3.6205 2.8237
v  0.2973 -3.6223 2.8359
v  0.2944 -3.6242 2.8468
v  0.2871 -3.6263 2.8565
v  0.2904 -3.6267 2.8603
v  0.2759 -3.6282 2.8628
v  0.2776 -3.6289 2.8676
v  0.2637 -3.6294 2.8641
v  0.2633 -3.6303 2.8692
v  0.2526 -3.6299 2.8611
v  0.2427 -3.6295 2.8537
v  0.3423 -3.6176 2.8297
v  0.2897 -3.6301 2.8815
v  0.3008 -3.6275 2.8706
v  0.3108 -3.6251 2.8608
v  0.3239 -3.5764 2.9440
v  0.3361 -3.5756 2.9456
v  0.3472 -3.5743 2.9427
v  0.3570 -3.5724 2.9355
v  0.3634 -3.5701 2.9245
v  0.3649 -3.5681 2.9124
v  0.3619 -3.5666 2.9014
v  0.3544 -3.5657 2.8915
v  0.3433 -3.5656 2.8850
v  0.3310 -3.5663 2.8835
v  0.3200 -3.5676 2.8863
v  0.3101 -3.5696 2.8935
v  0.3037 -3.5718 2.9045
v  0.3023 -3.5739 2.9167
v  0.3053 -3.5753 2.9276
v  0.3127 -3.5763 2.9375
v  0.3884 -3.5493 2.8051
v  0.3910 -3.5510 2.8175
v  0.3885 -3.5532 2.8298
v  0.3819 -3.5552 2.8394
v  0.3722 -3.5570 2.8458
v  0.3597 -3.5584 2.8483
v  0.3473 -3.5590 2.8456
v  0.3818 -3.5483 2.7954
v  0.3309 -3.5578 2.8293
v  0.3282 -3.5561 2.8169
v  0.3308 -3.5539 2.8045
v  0.3374 -3.5519 2.7950
v  0.3471 -3.5501 2.7885
v  0.3595 -3.5487 2.7860
v  0.3720 -3.5481 2.7887
v  0.2315 -3.5694 2.8518
v  0.2299 -3.5676 2.8397
v  0.2329 -3.5657 2.8287
v  0.2402 -3.5635 2.8190
v  0.2514 -3.5617 2.8127
v  0.2636 -3.5604 2.8114
v  0.2747 -3.5600 2.8144
v  0.2846 -3.5604 2.8219
v  0.2911 -3.5616 2.8330
v  0.2926 -3.5634 2.8451
v  0.2896 -3.5654 2.8561
v  0.2823 -3.5675 2.8658
v  0.2711 -3.5694 2.8721
v  0.2589 -3.5706 2.8734
v  0.2478 -3.5710 2.8704
v  0.2379 -3.5706 2.8629
v  0.3375 -3.5588 2.8390
v  0.3405 -3.6286 2.9372
v  0.3282 -3.6294 2.9357
v  0.3170 -3.6292 2.9292
v  0.3096 -3.6283 2.9193
v  0.3066 -3.6268 2.9084
v  0.3080 -3.6248 2.8962
v  0.3144 -3.6225 2.8852
v  0.3243 -3.6206 2.8780
v  0.3353 -3.6193 2.8751
v  0.3476 -3.6185 2.8767
v  0.3587 -3.6186 2.8832
v  0.3662 -3.6196 2.8931
v  0.3692 -3.6210 2.9040
v  0.3677 -3.6231 2.9162
v  0.3613 -3.6253 2.9272
v  0.3515 -3.6273 2.9344
v  0.3244 -3.5823 2.9431
v  0.3366 -3.5816 2.9446
v  0.3477 -3.5802 2.9418
v  0.3575 -3.5783 2.9346
v  0.3639 -3.5760 2.9236
v  0.3653 -3.5740 2.9114
v  0.3624 -3.5725 2.9005
v  0.3549 -3.5716 2.8906
v  0.3438 -3.5715 2.8841
v  0.3315 -3.5722 2.8825
v  0.3205 -3.5736 2.8854
v  0.3106 -3.5755 2.8926
v  0.3042 -3.5777 2.9036
v  0.3028 -3.5798 2.9157
v  0.3058 -3.5812 2.9267
v  0.3132 -3.5822 2.9366
v  0.3927 -3.6023 2.7967
v  0.3953 -3.6040 2.8091
v  0.3928 -3.6061 2.8215
v  0.3862 -3.6082 2.8310
v  0.3765 -3.6100 2.8375
v  0.3640 -3.6114 2.8400
v  0.3516 -3.6120 2.8373
v  0.3418 -3.6117 2.8306
v  0.3352 -3.6107 2.8209
v  0.3325 -3.6090 2.8085
v  0.3351 -3.6069 2.7962
v  0.3417 -3.6048 2.7866
v  0.3514 -3.6030 2.7802
v  0.3638 -3.6016 2.7777
v  0.3763 -3.6010 2.7804
v  0.3861 -3.6013 2.7870
v  0.3915 -3.5570 2.8165
v  0.3889 -3.5552 2.8041
v  0.3823 -3.5542 2.7944
v  0.3725 -3.5540 2.7878
v  0.3600 -3.5546 2.7851
v  0.3476 -3.5560 2.7876
v  0.3378 -3.5578 2.7940
v  0.3313 -3.5598 2.8036
v  0.3287 -3.5620 2.8159
v  0.3313 -3.5637 2.8283
v  0.3380 -3.5647 2.8380
v  0.3477 -3.5649 2.8447
v  0.3602 -3.5643 2.8474
v  0.3727 -3.5629 2.8449
v  0.3824 -3.5611 2.8384
v  0.3890 -3.5591 2.8289
v  0.2358 -3.6224 2.8435
v  0.2342 -3.6206 2.8313
v  0.2372 -3.6186 2.8204
v  0.2445 -3.6165 2.8107
v  0.2557 -3.6146 2.8044
v  0.2679 -3.6134 2.8031
v  0.2790 -3.6130 2.8061
v  0.2889 -3.6133 2.8135
v  0.2954 -3.6146 2.8246
v  0.2969 -3.6164 2.8368
v  0.2939 -3.6183 2.8477
v  0.2866 -3.6204 2.8575
v  0.2754 -3.6223 2.8637
v  0.2632 -3.6235 2.8651
v  0.2521 -3.6240 2.8620
v  0.2422 -3.6236 2.8546
v  0.2304 -3.5735 2.8387
v  0.2319 -3.5753 2.8509
v  0.2384 -3.5765 2.8620
v  0.2483 -3.5769 2.8694
v  0.2594 -3.5765 2.8725
v  0.2716 -3.5753 2.8711
v  0.2827 -3.5734 2.8649
v  0.2901 -3.5713 2.8551
v  0.2930 -3.5693 2.8442
v  0.2915 -3.5675 2.8320
v  0.2851 -3.5663 2.8209
v  0.2752 -3.5659 2.8135
v  0.2641 -3.5664 2.8105
v  0.2518 -3.5676 2.8118
v  0.2407 -3.5695 2.8181
v  0.2333 -3.5716 2.8278
v  0.3357 -3.5747 2.9395
v  0.3258 -3.5753 2.9383
v  0.3167 -3.5752 2.9330
v  0.3107 -3.5745 2.9251
v  0.3084 -3.5733 2.9163
v  0.3095 -3.5717 2.9065
v  0.3147 -3.5698 2.8976
v  0.3227 -3.5683 2.8918
v  0.3315 -3.5672 2.8895
v  0.3414 -3.5666 2.8908
v  0.3504 -3.5667 2.8960
v  0.3564 -3.5675 2.9040
v  0.3588 -3.5686 2.9127
v  0.3576 -3.5703 2.9225
v  0.3525 -3.5721 2.9314
v  0.3445 -3.5737 2.9373
v  0.3828 -3.5501 2.8074
v  0.3849 -3.5515 2.8174
v  0.3829 -3.5533 2.8274
v  0.3776 -3.5549 2.8351
v  0.3698 -3.5564 2.8403
v  0.3597 -3.5575 2.8422
v  0.3496 -3.5580 2.8401
v  0.3418 -3.5578 2.8347
v  0.3365 -3.5570 2.8270
v  0.3344 -3.5556 2.8169
v  0.3364 -3.5538 2.8069
v  0.3417 -3.5522 2.7993
v  0.3495 -3.5507 2.7941
v  0.3596 -3.5496 2.7921
v  0.3697 -3.5491 2.7943
v  0.3775 -3.5493 2.7996
v  0.2372 -3.5687 2.8500
v  0.2360 -3.5672 2.8401
v  0.2384 -3.5657 2.8314
v  0.2443 -3.5639 2.8236
v  0.2533 -3.5624 2.8185
v  0.2632 -3.5614 2.8174
v  0.2720 -3.5611 2.8198
v  0.2800 -3.5614 2.8258
v  0.2853 -3.5624 2.8348
v  0.2865 -3.5638 2.8447
v  0.2842 -3.5654 2.8534
v  0.2782 -3.5671 2.8612
v  0.2692 -3.5686 2.8663
v  0.2593 -3.5696 2.8674
v  0.2505 -3.5699 2.8650
v  0.2425 -3.5696 2.8590
v  0.3336 -3.5710 2.9145
v  0.3596 -3.5536 2.8172
v  0.2613 -3.5655 2.8424
v  -0.1958 -3.4318 2.1298
v  -0.1959 -3.4492 2.1286
v  -0.1996 -3.4810 2.1299
v  -0.2080 -3.5127 2.1360
v  -0.2210 -3.5423 2.1467
v  -0.2270 -3.5526 2.1520
v  -0.2307 -3.5568 2.1553
v  -0.3738 -3.4877 2.3935
v  -0.3716 -3.5044 2.3889
v  -0.3658 -3.5332 2.3761
v  -0.3576 -3.5597 2.3576
v  -0.3474 -3.5820 2.3340
v  -0.3431 -3.5891 2.3239
v  -0.3407 -3.5914 2.3183
v  -0.3378 -3.5915 2.3115
v  -0.3110 -3.4846 2.4065
v  -0.3096 -3.5014 2.4017
v  -0.3071 -3.5303 2.3882
v  -0.3048 -3.5571 2.3685
v  -0.3028 -3.5798 2.3432
v  -0.3021 -3.5871 2.3323
v  -0.3018 -3.5895 2.3263
v  -0.3018 -3.5897 2.3189
v  -0.2482 -3.4777 2.3947
v  -0.2476 -3.4945 2.3901
v  -0.2485 -3.5238 2.3772
v  -0.2521 -3.5513 2.3586
v  -0.2582 -3.5749 2.3348
v  -0.2612 -3.5825 2.3246
v  -0.2630 -3.5852 2.3190
v  -0.2594 -3.5843 2.3064
v  -0.1950 -3.4679 2.3599
v  -0.1951 -3.4849 2.3557
v  -0.1989 -3.5147 2.3447
v  -0.2074 -3.5431 2.3293
v  -0.2205 -3.5679 2.3101
v  -0.2265 -3.5761 2.3020
v  -0.2302 -3.5791 2.2975
v  -0.2352 -3.5801 2.2922
v  -0.1596 -3.4568 2.3075
v  -0.1602 -3.4739 2.3040
v  -0.1659 -3.5043 2.2958
v  -0.1776 -3.5337 2.2853
v  -0.1953 -3.5601 2.2729
v  -0.2034 -3.5689 2.2678
v  -0.2083 -3.5723 2.2651
v  -0.2149 -3.5737 2.2621
v  -0.1473 -3.4460 2.2453
v  -0.1480 -3.4633 2.2426
v  -0.1544 -3.4943 2.2378
v  -0.1673 -3.5247 2.2330
v  -0.1866 -3.5524 2.2287
v  -0.1954 -3.5619 2.2273
v  -0.2007 -3.5656 2.2267
v  -0.2078 -3.5675 2.2264
v  -0.1600 -3.4372 2.1829
v  -0.1606 -3.4546 2.1810
v  -0.1662 -3.4861 2.1795
v  -0.1780 -3.5173 2.1806
v  -0.1956 -3.5462 2.1845
v  -0.2037 -3.5562 2.1866
v  -0.2086 -3.5602 2.1882
v  -0.2151 -3.5625 2.1906
v  -0.2963 -3.5881 2.3115
v  -0.2841 -3.5874 2.3131
v  -0.2730 -3.5860 2.3103
v  -0.2632 -3.5841 2.3030
v  -0.2568 -3.5818 2.2920
v  -0.2553 -3.5798 2.2799
v  -0.2583 -3.5783 2.2689
v  -0.2658 -3.5774 2.2591
v  -0.2769 -3.5773 2.2526
v  -0.2892 -3.5780 2.2510
v  -0.3002 -3.5794 2.2538
v  -0.3101 -3.5813 2.2611
v  -0.3165 -3.5835 2.2721
v  -0.3179 -3.5856 2.2842
v  -0.3149 -3.5871 2.2952
v  -0.3075 -3.5880 2.3050
v  -0.2318 -3.5610 2.1726
v  -0.2292 -3.5628 2.1850
v  -0.2317 -3.5649 2.1973
v  -0.2383 -3.5669 2.2069
v  -0.2480 -3.5688 2.2134
v  -0.2605 -3.5701 2.2158
v  -0.2729 -3.5707 2.2131
v  -0.2384 -3.5600 2.1629
v  -0.2727 -3.5746 2.2378
v  -0.2600 -3.5744 2.2432
v  -0.2485 -3.5742 2.2480
v  -0.2979 -3.5890 2.3163
v  -0.2749 -3.5716 2.2178
v  -0.2605 -3.5709 2.2209
v  -0.2460 -3.5693 2.2180
v  -0.2347 -3.5672 2.2105
v  -0.2270 -3.5648 2.1993
v  -0.2241 -3.5624 2.1850
v  -0.2276 -3.5603 2.1710
v  -0.2353 -3.5592 2.1598
v  -0.2708 -3.5865 2.3148
v  -0.2519 -3.5817 2.2937
v  -0.2503 -3.5793 2.2796
v  -0.2538 -3.5776 2.2668
v  -0.2624 -3.5765 2.2553
v  -0.2754 -3.5764 2.2478
v  -0.2896 -3.5773 2.2460
v  -0.3025 -3.5788 2.2493
v  -0.3139 -3.5811 2.2577
v  -0.3230 -3.5860 2.2845
v  -0.3195 -3.5878 2.2973
v  -0.3109 -3.5889 2.3088
v  -0.3213 -3.5837 2.2704
v  -0.2837 -3.5881 2.3181
v  -0.4272 -3.4864 2.3578
v  -0.4243 -3.5032 2.3536
v  -0.4596 -3.4978 2.3012
v  -0.4630 -3.4810 2.3046
v  -0.4156 -3.5320 2.3427
v  -0.4490 -3.5269 2.2931
v  -0.4025 -3.5586 2.3275
v  -0.4325 -3.5541 2.2829
v  -0.3853 -3.5811 2.3086
v  -0.4107 -3.5772 2.2709
v  -0.3779 -3.5882 2.3006
v  -0.4012 -3.5847 2.2660
v  -0.3737 -3.5906 2.2962
v  -0.3958 -3.5872 2.2634
v  -0.3685 -3.5907 2.2910
v  -0.3890 -3.5876 2.2605
v  -0.4722 -3.4891 2.2396
v  -0.4757 -3.4722 2.2423
v  -0.4609 -3.5187 2.2349
v  -0.4432 -3.5467 2.2305
v  -0.4197 -3.5710 2.2266
v  -0.4094 -3.5790 2.2253
v  -0.4036 -3.5818 2.2248
v  -0.3963 -3.5826 2.2247
v  -0.4600 -3.4785 2.1782
v  -0.4634 -3.4614 2.1801
v  -0.4494 -3.5087 2.1769
v  -0.4329 -3.5376 2.1782
v  -0.4110 -3.5634 2.1825
v  -0.4014 -3.5719 2.1848
v  -0.3960 -3.5751 2.1864
v  -0.3953 -3.5797 2.2068
v  -0.3919 -3.5774 2.1940
v  -0.4251 -3.4675 2.1265
v  -0.4279 -3.4503 2.1277
v  -0.4163 -3.4983 2.1279
v  -0.4031 -3.5283 2.1342
v  -0.3858 -3.5555 2.1452
v  -0.3783 -3.5647 2.1506
v  -0.3741 -3.5683 2.1540
v  -0.3834 -3.5749 2.1827
v  -0.3689 -3.5700 2.1589
v  -0.3726 -3.4579 2.0921
v  -0.3748 -3.4405 2.0929
v  -0.3667 -3.4892 2.0955
v  -0.3585 -3.5201 2.1049
v  -0.3481 -3.5485 2.1205
v  -0.3437 -3.5583 2.1279
v  -0.3413 -3.5622 2.1325
v  -0.3384 -3.5644 2.1389
v  -0.3106 -3.4510 2.0805
v  -0.3120 -3.4336 2.0811
v  -0.3081 -3.4827 2.0844
v  -0.3057 -3.5142 2.0950
v  -0.3035 -3.5436 2.1121
v  -0.3028 -3.5538 2.1202
v  -0.3025 -3.5579 2.1252
v  -0.3024 -3.5604 2.1322
v  -0.2486 -3.4480 2.0933
v  -0.2491 -3.4305 2.0940
v  -0.2494 -3.4798 2.0966
v  -0.2529 -3.5116 2.1059
v  -0.2589 -3.5414 2.1214
v  -0.2618 -3.5518 2.1287
v  -0.2637 -3.5560 2.1332
v  -0.2663 -3.5586 2.1396
v  -0.2474 -3.5591 2.1523
v  -0.2607 -3.5596 2.1485
v  -0.3196 -3.5699 2.1837
v  -0.3143 -3.5715 2.1964
v  -0.3022 -3.5704 2.1959
v  -0.3022 -3.5684 2.1833
v  -0.3562 -3.5713 2.1739
v  -0.3433 -3.5709 2.1775
v  -0.3260 -3.5770 2.2258
v  -0.3021 -3.5751 2.2256
v  -0.3226 -3.5748 2.2131
v  -0.3243 -3.5727 2.1990
v  -0.3318 -3.5713 2.1861
v  -0.3861 -3.5832 2.2338
v  -0.3746 -3.5836 2.2424
v  -0.2971 -3.5682 2.1844
v  -0.2940 -3.5702 2.1987
v  -0.2863 -3.5713 2.2100
v  -0.2941 -3.5657 2.1701
v  -0.2864 -3.5633 2.1589
v  -0.3022 -3.5663 2.1696
v  -0.3244 -3.5685 2.1723
v  -0.2893 -3.5695 2.1968
v  -0.2920 -3.5678 2.1844
v  -0.2894 -3.5656 2.1721
v  -0.2828 -3.5636 2.1625
v  -0.2731 -3.5618 2.1560
v  -0.2751 -3.5612 2.1514
v  -0.2607 -3.5604 2.1536
v  -0.2482 -3.5598 2.1562
v  -0.3888 -3.5811 2.2194
v  -0.3903 -3.5793 2.2072
v  -0.3936 -3.5818 2.2209
v  -0.3874 -3.5774 2.1963
v  -0.3800 -3.5753 2.1865
v  -0.3689 -3.5734 2.1803
v  -0.3705 -3.5728 2.1755
v  -0.3566 -3.5722 2.1789
v  -0.3455 -3.5717 2.1820
v  -0.3356 -3.5721 2.1894
v  -0.3292 -3.5733 2.2005
v  -0.3277 -3.5751 2.2127
v  -0.3306 -3.5771 2.2236
v  -0.3379 -3.5792 2.2333
v  -0.3346 -3.5795 2.2371
v  -0.3491 -3.5811 2.2396
v  -0.3474 -3.5817 2.2444
v  -0.3613 -3.5823 2.2409
v  -0.3617 -3.5831 2.2459
v  -0.3724 -3.5827 2.2379
v  -0.3823 -3.5824 2.2305
v  -0.2827 -3.5705 2.2065
v  -0.3353 -3.5829 2.2583
v  -0.3242 -3.5803 2.2474
v  -0.3142 -3.5779 2.2376
v  -0.3011 -3.5292 2.3208
v  -0.2889 -3.5285 2.3223
v  -0.2778 -3.5272 2.3195
v  -0.2680 -3.5252 2.3123
v  -0.2616 -3.5230 2.3013
v  -0.2601 -3.5209 2.2891
v  -0.2631 -3.5195 2.2782
v  -0.2706 -3.5185 2.2683
v  -0.2817 -3.5184 2.2618
v  -0.2940 -3.5191 2.2603
v  -0.3050 -3.5205 2.2631
v  -0.3149 -3.5224 2.2703
v  -0.3213 -3.5247 2.2813
v  -0.3227 -3.5267 2.2935
v  -0.3197 -3.5282 2.3044
v  -0.3123 -3.5291 2.3143
v  -0.2366 -3.5022 2.1819
v  -0.2340 -3.5039 2.1942
v  -0.2365 -3.5060 2.2066
v  -0.2431 -3.5081 2.2162
v  -0.2528 -3.5099 2.2226
v  -0.2653 -3.5113 2.2251
v  -0.2777 -3.5119 2.2224
v  -0.2432 -3.5012 2.1721
v  -0.2941 -3.5106 2.2060
v  -0.2968 -3.5089 2.1937
v  -0.2942 -3.5068 2.1813
v  -0.2876 -3.5047 2.1717
v  -0.2779 -3.5029 2.1653
v  -0.2655 -3.5015 2.1628
v  -0.2530 -3.5009 2.1655
v  -0.3935 -3.5223 2.2286
v  -0.3951 -3.5205 2.2164
v  -0.3921 -3.5185 2.2055
v  -0.3848 -3.5164 2.1958
v  -0.3736 -3.5145 2.1895
v  -0.3614 -3.5133 2.1882
v  -0.3503 -3.5129 2.1912
v  -0.3404 -3.5132 2.1986
v  -0.3339 -3.5145 2.2098
v  -0.3324 -3.5162 2.2219
v  -0.3354 -3.5182 2.2328
v  -0.3427 -3.5203 2.2426
v  -0.3539 -3.5222 2.2488
v  -0.3661 -3.5234 2.2502
v  -0.3772 -3.5239 2.2471
v  -0.3871 -3.5235 2.2397
v  -0.2875 -3.5116 2.2157
v  -0.2845 -3.5814 2.3140
v  -0.2968 -3.5822 2.3125
v  -0.3080 -3.5821 2.3060
v  -0.3154 -3.5811 2.2961
v  -0.3184 -3.5797 2.2851
v  -0.3170 -3.5776 2.2730
v  -0.3106 -3.5754 2.2620
v  -0.3007 -3.5734 2.2548
v  -0.2897 -3.5721 2.2519
v  -0.2774 -3.5714 2.2535
v  -0.2663 -3.5715 2.2600
v  -0.2588 -3.5724 2.2698
v  -0.2558 -3.5739 2.2808
v  -0.2573 -3.5759 2.2930
v  -0.2637 -3.5782 2.3039
v  -0.2735 -3.5801 2.3112
v  -0.3006 -3.5351 2.3198
v  -0.2884 -3.5344 2.3214
v  -0.2773 -3.5331 2.3186
v  -0.2675 -3.5311 2.3113
v  -0.2611 -3.5289 2.3004
v  -0.2597 -3.5268 2.2882
v  -0.2626 -3.5254 2.2772
v  -0.2701 -3.5244 2.2674
v  -0.2812 -3.5243 2.2609
v  -0.2935 -3.5251 2.2593
v  -0.3045 -3.5264 2.2622
v  -0.3144 -3.5283 2.2694
v  -0.3208 -3.5306 2.2804
v  -0.3222 -3.5326 2.2925
v  -0.3192 -3.5341 2.3035
v  -0.3118 -3.5350 2.3134
v  -0.2323 -3.5551 2.1735
v  -0.2297 -3.5569 2.1859
v  -0.2322 -3.5590 2.1982
v  -0.2388 -3.5610 2.2078
v  -0.2485 -3.5628 2.2143
v  -0.2610 -3.5642 2.2167
v  -0.2734 -3.5648 2.2141
v  -0.2832 -3.5646 2.2074
v  -0.2898 -3.5636 2.1977
v  -0.2925 -3.5619 2.1853
v  -0.2899 -3.5597 2.1730
v  -0.2833 -3.5577 2.1634
v  -0.2736 -3.5559 2.1569
v  -0.2612 -3.5545 2.1545
v  -0.2487 -3.5539 2.1572
v  -0.2389 -3.5541 2.1638
v  -0.2335 -3.5098 2.1933
v  -0.2361 -3.5081 2.1809
v  -0.2427 -3.5071 2.1712
v  -0.2525 -3.5068 2.1646
v  -0.2650 -3.5074 2.1619
v  -0.2774 -3.5088 2.1643
v  -0.2871 -3.5106 2.1708
v  -0.2937 -3.5127 2.1804
v  -0.2963 -3.5148 2.1927
v  -0.2937 -3.5165 2.2051
v  -0.2870 -3.5175 2.2148
v  -0.2773 -3.5178 2.2215
v  -0.2648 -3.5172 2.2241
v  -0.2523 -3.5158 2.2217
v  -0.2426 -3.5140 2.2152
v  -0.2360 -3.5119 2.2056
v  -0.3892 -3.5752 2.2203
v  -0.3908 -3.5734 2.2081
v  -0.3878 -3.5715 2.1972
v  -0.3805 -3.5694 2.1875
v  -0.3693 -3.5675 2.1812
v  -0.3571 -3.5663 2.1799
v  -0.3460 -3.5658 2.1829
v  -0.3361 -3.5662 2.1903
v  -0.3296 -3.5674 2.2014
v  -0.3281 -3.5692 2.2136
v  -0.3311 -3.5712 2.2245
v  -0.3384 -3.5733 2.2342
v  -0.3496 -3.5752 2.2405
v  -0.3618 -3.5764 2.2419
v  -0.3729 -3.5768 2.2388
v  -0.3828 -3.5764 2.2314
v  -0.3946 -3.5264 2.2155
v  -0.3931 -3.5282 2.2277
v  -0.3866 -3.5294 2.2388
v  -0.3767 -3.5298 2.2462
v  -0.3656 -3.5293 2.2493
v  -0.3534 -3.5281 2.2479
v  -0.3423 -3.5262 2.2416
v  -0.3349 -3.5241 2.2319
v  -0.3320 -3.5222 2.2210
v  -0.3335 -3.5204 2.2088
v  -0.3399 -3.5191 2.1977
v  -0.3498 -3.5188 2.1903
v  -0.3609 -3.5192 2.1873
v  -0.3732 -3.5204 2.1886
v  -0.3843 -3.5223 2.1949
v  -0.3917 -3.5244 2.2046
v  -0.2893 -3.5276 2.3163
v  -0.2992 -3.5282 2.3151
v  -0.3083 -3.5281 2.3098
v  -0.3143 -3.5273 2.3018
v  -0.3166 -3.5262 2.2931
v  -0.3155 -3.5245 2.2833
v  -0.3103 -3.5227 2.2744
v  -0.3023 -3.5211 2.2685
v  -0.2935 -3.5201 2.2663
v  -0.2836 -3.5195 2.2675
v  -0.2746 -3.5195 2.2728
v  -0.2686 -3.5203 2.2808
v  -0.2662 -3.5215 2.2895
v  -0.2674 -3.5231 2.2993
v  -0.2725 -3.5249 2.3082
v  -0.2805 -3.5265 2.3141
v  -0.2422 -3.5030 2.1842
v  -0.2401 -3.5044 2.1942
v  -0.2421 -3.5061 2.2042
v  -0.2474 -3.5078 2.2118
v  -0.2552 -3.5092 2.2170
v  -0.2653 -3.5103 2.2190
v  -0.2754 -3.5108 2.2168
v  -0.2832 -3.5106 2.2115
v  -0.2885 -3.5098 2.2037
v  -0.2906 -3.5084 2.1937
v  -0.2886 -3.5067 2.1837
v  -0.2833 -3.5050 2.1760
v  -0.2755 -3.5036 2.1709
v  -0.2654 -3.5025 2.1689
v  -0.2553 -3.5020 2.1710
v  -0.2475 -3.5022 2.1764
v  -0.3878 -3.5215 2.2268
v  -0.3890 -3.5201 2.2169
v  -0.3866 -3.5185 2.2082
v  -0.3807 -3.5168 2.2004
v  -0.3717 -3.5153 2.1953
v  -0.3618 -3.5143 2.1942
v  -0.3530 -3.5139 2.1966
v  -0.3450 -3.5142 2.2026
v  -0.3397 -3.5152 2.2116
v  -0.3385 -3.5167 2.2214
v  -0.3408 -3.5182 2.2301
v  -0.3468 -3.5199 2.2380
v  -0.3558 -3.5215 2.2431
v  -0.3657 -3.5224 2.2442
v  -0.3745 -3.5228 2.2417
v  -0.3825 -3.5225 2.2357
v  -0.2914 -3.5238 2.2913
v  -0.2654 -3.5064 2.1939
v  -0.3637 -3.5184 2.2192
v  0.4292 -3.4318 2.1298
v  0.4291 -3.4492 2.1286
v  0.4254 -3.4810 2.1299
v  0.4170 -3.5127 2.1360
v  0.4040 -3.5423 2.1467
v  0.3980 -3.5526 2.1520
v  0.3943 -3.5568 2.1553
v  0.2512 -3.4877 2.3935
v  0.2534 -3.5044 2.3889
v  0.2592 -3.5332 2.3761
v  0.2674 -3.5597 2.3576
v  0.2776 -3.5820 2.3340
v  0.2819 -3.5891 2.3239
v  0.2843 -3.5914 2.3183
v  0.2872 -3.5915 2.3115
v  0.3140 -3.4846 2.4065
v  0.3154 -3.5014 2.4017
v  0.3179 -3.5303 2.3882
v  0.3202 -3.5571 2.3685
v  0.3222 -3.5798 2.3432
v  0.3229 -3.5871 2.3323
v  0.3232 -3.5895 2.3263
v  0.3232 -3.5897 2.3189
v  0.3768 -3.4777 2.3947
v  0.3774 -3.4945 2.3901
v  0.3765 -3.5238 2.3772
v  0.3729 -3.5513 2.3586
v  0.3668 -3.5749 2.3348
v  0.3638 -3.5825 2.3246
v  0.3620 -3.5852 2.3190
v  0.3656 -3.5843 2.3064
v  0.4300 -3.4679 2.3599
v  0.4299 -3.4849 2.3557
v  0.4261 -3.5147 2.3447
v  0.4176 -3.5431 2.3293
v  0.4045 -3.5679 2.3101
v  0.3985 -3.5761 2.3020
v  0.3948 -3.5791 2.2975
v  0.3898 -3.5801 2.2922
v  0.4654 -3.4568 2.3075
v  0.4648 -3.4739 2.3040
v  0.4591 -3.5043 2.2958
v  0.4474 -3.5337 2.2853
v  0.4297 -3.5601 2.2729
v  0.4216 -3.5689 2.2678
v  0.4167 -3.5723 2.2651
v  0.4101 -3.5737 2.2621
v  0.4777 -3.4460 2.2453
v  0.4770 -3.4633 2.2426
v  0.4706 -3.4943 2.2378
v  0.4577 -3.5247 2.2330
v  0.4384 -3.5524 2.2287
v  0.4296 -3.5619 2.2273
v  0.4243 -3.5656 2.2267
v  0.4172 -3.5675 2.2264
v  0.4650 -3.4372 2.1829
v  0.4644 -3.4546 2.1810
v  0.4588 -3.4861 2.1795
v  0.4470 -3.5173 2.1806
v  0.4294 -3.5462 2.1845
v  0.4213 -3.5562 2.1866
v  0.4164 -3.5602 2.1882
v  0.4099 -3.5625 2.1906
v  0.3287 -3.5881 2.3115
v  0.3409 -3.5874 2.3131
v  0.3520 -3.5860 2.3103
v  0.3618 -3.5841 2.3030
v  0.3682 -3.5818 2.2920
v  0.3697 -3.5798 2.2799
v  0.3667 -3.5783 2.2689
v  0.3592 -3.5774 2.2591
v  0.3481 -3.5773 2.2526
v  0.3358 -3.5780 2.2510
v  0.3248 -3.5794 2.2538
v  0.3149 -3.5813 2.2611
v  0.3085 -3.5835 2.2721
v  0.3071 -3.5856 2.2842
v  0.3101 -3.5871 2.2952
v  0.3175 -3.5880 2.3050
v  0.3932 -3.5610 2.1726
v  0.3958 -3.5628 2.1850
v  0.3933 -3.5649 2.1973
v  0.3867 -3.5669 2.2069
v  0.3770 -3.5688 2.2134
v  0.3645 -3.5701 2.2158
v  0.3520 -3.5707 2.2131
v  0.3866 -3.5600 2.1629
v  0.3523 -3.5746 2.2378
v  0.3650 -3.5744 2.2432
v  0.3765 -3.5742 2.2480
v  0.3271 -3.5890 2.3163
v  0.3501 -3.5716 2.2178
v  0.3645 -3.5709 2.2209
v  0.3790 -3.5693 2.2180
v  0.3903 -3.5672 2.2105
v  0.3980 -3.5648 2.1993
v  0.4009 -3.5624 2.1850
v  0.3974 -3.5603 2.1710
v  0.3897 -3.5592 2.1598
v  0.3542 -3.5865 2.3148
v  0.3731 -3.5817 2.2937
v  0.3747 -3.5793 2.2796
v  0.3712 -3.5776 2.2668
v  0.3626 -3.5765 2.2553
v  0.3496 -3.5764 2.2478
v  0.3354 -3.5773 2.2460
v  0.3225 -3.5788 2.2493
v  0.3111 -3.5811 2.2577
v  0.3020 -3.5860 2.2845
v  0.3055 -3.5878 2.2973
v  0.3141 -3.5889 2.3088
v  0.3037 -3.5837 2.2704
v  0.3413 -3.5881 2.3181
v  0.1978 -3.4864 2.3578
v  0.2007 -3.5032 2.3536
v  0.1654 -3.4978 2.3012
v  0.1620 -3.4810 2.3046
v  0.2094 -3.5320 2.3427
v  0.1760 -3.5269 2.2931
v  0.2225 -3.5586 2.3275
v  0.1925 -3.5541 2.2829
v  0.2397 -3.5811 2.3086
v  0.2143 -3.5772 2.2709
v  0.2471 -3.5882 2.3006
v  0.2238 -3.5847 2.2660
v  0.2513 -3.5906 2.2962
v  0.2292 -3.5872 2.2634
v  0.2565 -3.5907 2.2910
v  0.2360 -3.5876 2.2605
v  0.1528 -3.4891 2.2396
v  0.1493 -3.4722 2.2423
v  0.1641 -3.5187 2.2349
v  0.1818 -3.5467 2.2305
v  0.2053 -3.5710 2.2266
v  0.2156 -3.5790 2.2253
v  0.2214 -3.5818 2.2248
v  0.2287 -3.5826 2.2247
v  0.1650 -3.4785 2.1782
v  0.1616 -3.4614 2.1801
v  0.1756 -3.5087 2.1769
v  0.1921 -3.5376 2.1782
v  0.2140 -3.5634 2.1825
v  0.2236 -3.5719 2.1848
v  0.2290 -3.5751 2.1864
v  0.2297 -3.5797 2.2068
v  0.2331 -3.5774 2.1940
v  0.1999 -3.4675 2.1265
v  0.1971 -3.4503 2.1277
v  0.2087 -3.4983 2.1279
v  0.2219 -3.5283 2.1342
v  0.2392 -3.5555 2.1452
v  0.2467 -3.5647 2.1506
v  0.2509 -3.5683 2.1540
v  0.2416 -3.5749 2.1827
v  0.2561 -3.5700 2.1589
v  0.2524 -3.4579 2.0921
v  0.2502 -3.4405 2.0929
v  0.2583 -3.4892 2.0955
v  0.2665 -3.5201 2.1049
v  0.2769 -3.5485 2.1205
v  0.2813 -3.5583 2.1279
v  0.2837 -3.5622 2.1325
v  0.2866 -3.5644 2.1389
v  0.3144 -3.4510 2.0805
v  0.3130 -3.4336 2.0811
v  0.3169 -3.4827 2.0844
v  0.3193 -3.5142 2.0950
v  0.3215 -3.5436 2.1121
v  0.3222 -3.5538 2.1202
v  0.3225 -3.5579 2.1252
v  0.3226 -3.5604 2.1322
v  0.3764 -3.4480 2.0933
v  0.3759 -3.4305 2.0940
v  0.3756 -3.4798 2.0966
v  0.3721 -3.5116 2.1059
v  0.3661 -3.5414 2.1214
v  0.3632 -3.5518 2.1287
v  0.3613 -3.5560 2.1332
v  0.3587 -3.5586 2.1396
v  0.3776 -3.5591 2.1523
v  0.3643 -3.5596 2.1485
v  0.3054 -3.5699 2.1837
v  0.3107 -3.5715 2.1964
v  0.3228 -3.5704 2.1959
v  0.3228 -3.5684 2.1833
v  0.2688 -3.5713 2.1739
v  0.2817 -3.5709 2.1775
v  0.2990 -3.5770 2.2258
v  0.3229 -3.5751 2.2256
v  0.3024 -3.5748 2.2131
v  0.3007 -3.5727 2.1990
v  0.2932 -3.5713 2.1861
v  0.2389 -3.5832 2.2338
v  0.2504 -3.5836 2.2424
v  0.3279 -3.5682 2.1844
v  0.3310 -3.5702 2.1987
v  0.3387 -3.5713 2.2100
v  0.3309 -3.5657 2.1701
v  0.3386 -3.5633 2.1589
v  0.3228 -3.5663 2.1696
v  0.3006 -3.5685 2.1723
v  0.3357 -3.5695 2.1968
v  0.3330 -3.5678 2.1844
v  0.3356 -3.5656 2.1721
v  0.3422 -3.5636 2.1625
v  0.3519 -3.5618 2.1560
v  0.3499 -3.5612 2.1514
v  0.3643 -3.5604 2.1536
v  0.3768 -3.5598 2.1562
v  0.2362 -3.5811 2.2194
v  0.2347 -3.5793 2.2072
v  0.2314 -3.5818 2.2209
v  0.2376 -3.5774 2.1963
v  0.2450 -3.5753 2.1865
v  0.2561 -3.5734 2.1803
v  0.2545 -3.5728 2.1755
v  0.2684 -3.5722 2.1789
v  0.2795 -3.5717 2.1820
v  0.2894 -3.5721 2.1894
v  0.2958 -3.5733 2.2005
v  0.2973 -3.5751 2.2127
v  0.2944 -3.5771 2.2236
v  0.2871 -3.5792 2.2333
v  0.2904 -3.5795 2.2371
v  0.2759 -3.5811 2.2396
v  0.2776 -3.5817 2.2444
v  0.2637 -3.5823 2.2409
v  0.2633 -3.5831 2.2459
v  0.2526 -3.5827 2.2379
v  0.2427 -3.5824 2.2305
v  0.3423 -3.5705 2.2065
v  0.2897 -3.5829 2.2583
v  0.3008 -3.5803 2.2474
v  0.3108 -3.5779 2.2376
v  0.3239 -3.5292 2.3208
v  0.3361 -3.5285 2.3223
v  0.3472 -3.5272 2.3195
v  0.3570 -3.5252 2.3123
v  0.3634 -3.5230 2.3013
v  0.3649 -3.5209 2.2891
v  0.3619 -3.5195 2.2782
v  0.3544 -3.5185 2.2683
v  0.3433 -3.5184 2.2618
v  0.3310 -3.5191 2.2603
v  0.3200 -3.5205 2.2631
v  0.3101 -3.5224 2.2703
v  0.3037 -3.5247 2.2813
v  0.3023 -3.5267 2.2935
v  0.3053 -3.5282 2.3044
v  0.3127 -3.5291 2.3143
v  0.3884 -3.5022 2.1819
v  0.3910 -3.5039 2.1942
v  0.3885 -3.5060 2.2066
v  0.3819 -3.5081 2.2162
v  0.3722 -3.5099 2.2226
v  0.3597 -3.5113 2.2251
v  0.3473 -3.5119 2.2224
v  0.3818 -3.5012 2.1721
v  0.3309 -3.5106 2.2060
v  0.3282 -3.5089 2.1937
v  0.3308 -3.5068 2.1813
v  0.3374 -3.5047 2.1717
v  0.3471 -3.5029 2.1653
v  0.3595 -3.5015 2.1628
v  0.3720 -3.5009 2.1655
v  0.2315 -3.5223 2.2286
v  0.2299 -3.5205 2.2164
v  0.2329 -3.5185 2.2055
v  0.2402 -3.5164 2.1958
v  0.2514 -3.5145 2.1895
v  0.2636 -3.5133 2.1882
v  0.2747 -3.5129 2.1912
v  0.2846 -3.5132 2.1986
v  0.2911 -3.5145 2.2098
v  0.2926 -3.5162 2.2219
v  0.2896 -3.5182 2.2328
v  0.2823 -3.5203 2.2426
v  0.2711 -3.5222 2.2488
v  0.2589 -3.5234 2.2502
v  0.2478 -3.5239 2.2471
v  0.2379 -3.5235 2.2397
v  0.3375 -3.5116 2.2157
v  0.3405 -3.5815 2.3140
v  0.3282 -3.5822 2.3125
v  0.3170 -3.5821 2.3060
v  0.3096 -3.5811 2.2961
v  0.3066 -3.5797 2.2851
v  0.3080 -3.5776 2.2730
v  0.3144 -3.5754 2.2620
v  0.3243 -3.5734 2.2548
v  0.3353 -3.5721 2.2519
v  0.3476 -3.5714 2.2535
v  0.3587 -3.5715 2.2600
v  0.3662 -3.5724 2.2698
v  0.3692 -3.5739 2.2808
v  0.3677 -3.5759 2.2930
v  0.3613 -3.5782 2.3039
v  0.3515 -3.5801 2.3112
v  0.3244 -3.5352 2.3198
v  0.3366 -3.5344 2.3214
v  0.3477 -3.5331 2.3186
v  0.3575 -3.5311 2.3113
v  0.3639 -3.5289 2.3004
v  0.3653 -3.5268 2.2882
v  0.3624 -3.5254 2.2772
v  0.3549 -3.5244 2.2674
v  0.3438 -3.5243 2.2609
v  0.3315 -3.5251 2.2593
v  0.3205 -3.5264 2.2622
v  0.3106 -3.5283 2.2694
v  0.3042 -3.5306 2.2804
v  0.3028 -3.5326 2.2925
v  0.3058 -3.5341 2.3035
v  0.3132 -3.5350 2.3134
v  0.3927 -3.5551 2.1735
v  0.3953 -3.5569 2.1859
v  0.3928 -3.5590 2.1982
v  0.3862 -3.5610 2.2078
v  0.3765 -3.5628 2.2143
v  0.3640 -3.5642 2.2167
v  0.3516 -3.5648 2.2141
v  0.3418 -3.5646 2.2074
v  0.3352 -3.5636 2.1977
v  0.3325 -3.5619 2.1853
v  0.3351 -3.5597 2.1730
v  0.3417 -3.5577 2.1634
v  0.3514 -3.5559 2.1569
v  0.3638 -3.5545 2.1545
v  0.3763 -3.5539 2.1572
v  0.3861 -3.5541 2.1638
v  0.3915 -3.5098 2.1933
v  0.3889 -3.5081 2.1809
v  0.3823 -3.5071 2.1712
v  0.3725 -3.5068 2.1646
v  0.3600 -3.5074 2.1619
v  0.3476 -3.5088 2.1643
v  0.3378 -3.5106 2.1708
v  0.3313 -3.5127 2.1804
v  0.3287 -3.5148 2.1927
v  0.3313 -3.5165 2.2051
v  0.3380 -3.5175 2.2148
v  0.3477 -3.5178 2.2215
v  0.3602 -3.5172 2.2241
v  0.3727 -3.5158 2.2217
v  0.3824 -3.5140 2.2152
v  0.3890 -3.5119 2.2056
v  0.2358 -3.5752 2.2203
v  0.2342 -3.5734 2.2081
v  0.2372 -3.5715 2.1972
v  0.2445 -3.5694 2.1875
v  0.2557 -3.5675 2.1812
v  0.2679 -3.5663 2.1799
v  0.2790 -3.5658 2.1829
v  0.2889 -3.5662 2.1903
v  0.2954 -3.5674 2.2014
v  0.2969 -3.5692 2.2136
v  0.2939 -3.5712 2.2245
v  0.2866 -3.5733 2.2342
v  0.2754 -3.5752 2.2405
v  0.2632 -3.5764 2.2419
v  0.2521 -3.5768 2.2388
v  0.2422 -3.5764 2.2314
v  0.2304 -3.5264 2.2155
v  0.2319 -3.5282 2.2277
v  0.2384 -3.5294 2.2388
v  0.2483 -3.5298 2.2462
v  0.2594 -3.5293 2.2493
v  0.2716 -3.5281 2.2479
v  0.2827 -3.5262 2.2416
v  0.2901 -3.5241 2.2319
v  0.2930 -3.5222 2.2210
v  0.2915 -3.5204 2.2088
v  0.2851 -3.5191 2.1977
v  0.2752 -3.5188 2.1903
v  0.2641 -3.5192 2.1873
v  0.2518 -3.5204 2.1886
v  0.2407 -3.5223 2.1949
v  0.2333 -3.5244 2.2046
v  0.3357 -3.5276 2.3163
v  0.3258 -3.5282 2.3151
v  0.3167 -3.5281 2.3098
v  0.3107 -3.5273 2.3018
v  0.3084 -3.5262 2.2931
v  0.3095 -3.5245 2.2833
v  0.3147 -3.5227 2.2744
v  0.3227 -3.5211 2.2685
v  0.3315 -3.5201 2.2663
v  0.3414 -3.5195 2.2675
v  0.3504 -3.5195 2.2728
v  0.3564 -3.5203 2.2808
v  0.3588 -3.5215 2.2895
v  0.3576 -3.5231 2.2993
v  0.3525 -3.5249 2.3082
v  0.3445 -3.5265 2.3141
v  0.3828 -3.5030 2.1842
v  0.3849 -3.5044 2.1942
v  0.3829 -3.5061 2.2042
v  0.3776 -3.5078 2.2118
v  0.3698 -3.5092 2.2170
v  0.3597 -3.5103 2.2190
v  0.3496 -3.5108 2.2168
v  0.3418 -3.5106 2.2115
v  0.3365 -3.5098 2.2037
v  0.3344 -3.5084 2.1937
v  0.3364 -3.5067 2.1837
v  0.3417 -3.5050 2.1760
v  0.3495 -3.5036 2.1709
v  0.3596 -3.5025 2.1689
v  0.3697 -3.5020 2.1710
v  0.3775 -3.5022 2.1764
v  0.2372 -3.5215 2.2268
v  0.2360 -3.5201 2.2169
v  0.2384 -3.5185 2.2082
v  0.2443 -3.5168 2.2004
v  0.2533 -3.5153 2.1953
v  0.2632 -3.5143 2.1942
v  0.2720 -3.5139 2.1966
v  0.2800 -3.5142 2.2026
v  0.2853 -3.5152 2.2116
v  0.2865 -3.5167 2.2214
v  0.2842 -3.5182 2.2301
v  0.2782 -3.5199 2.2380
v  0.2692 -3.5215 2.2431
v  0.2593 -3.5224 2.2442
v  0.2505 -3.5228 2.2417
v  0.2425 -3.5225 2.2357
v  0.3336 -3.5238 2.2913
v  0.3596 -3.5064 2.1939
v  0.2613 -3.5184 2.2192
v  1.3091 -3.4455 1.3642
v  1.3031 -3.4457 1.3644
v  1.3091 -3.4515 1.3642
v  1.2997 -3.4469 1.3440
v  1.2997 -3.4529 1.3440
v  1.2956 -3.4468 1.3483
v  1.2803 -3.4473 1.3361
v  1.2803 -3.4533 1.3361
v  1.2801 -3.4471 1.3421
v  1.3015 -3.4465 1.3857
v  1.2971 -3.4464 1.3816
v  1.3015 -3.4525 1.3857
v  1.2802 -3.4474 1.3952
v  1.2801 -3.4472 1.3892
v  1.2802 -3.4534 1.3952
v  1.2581 -3.4460 1.3863
v  1.2624 -3.4461 1.3821
v  1.2581 -3.4520 1.3863
v  1.2498 -3.4450 1.3656
v  1.2558 -3.4453 1.3655
v  1.2498 -3.4510 1.3656
v  1.2576 -3.4465 1.3451
v  1.2620 -3.4464 1.3492
v  1.2576 -3.4525 1.3451
v  0.7972 -3.4455 1.3642
v  0.7912 -3.4457 1.3644
v  0.7972 -3.4515 1.3642
v  0.7878 -3.4469 1.3440
v  0.7878 -3.4529 1.3440
v  0.7837 -3.4468 1.3483
v  0.7684 -3.4473 1.3361
v  0.7684 -3.4533 1.3361
v  0.7682 -3.4471 1.3421
v  0.7896 -3.4465 1.3857
v  0.7852 -3.4464 1.3816
v  0.7896 -3.4525 1.3857
v  0.7691 -3.4474 1.3952
v  0.7688 -3.4472 1.3892
v  0.7691 -3.4534 1.3952
v  0.7462 -3.4460 1.3863
v  0.7505 -3.4461 1.3821
v  0.7462 -3.4520 1.3863
v  0.7379 -3.4450 1.3656
v  0.7439 -3.4453 1.3655
v  0.7379 -3.4510 1.3656
v  0.7457 -3.4465 1.3451
v  0.7501 -3.4464 1.3492
v  0.7457 -3.4525 1.3451
v  0.2854 -3.4455 1.3643
v  0.2794 -3.4457 1.3645
v  0.2854 -3.4515 1.3643
v  0.2761 -3.4465 1.3438
v  0.2761 -3.4525 1.3438
v  0.2720 -3.4464 1.3482
v  0.2564 -3.4473 1.3361
v  0.2564 -3.4533 1.3361
v  0.2563 -3.4471 1.3421
v  0.2778 -3.4460 1.3860
v  0.2734 -3.4460 1.3818
v  0.2778 -3.4520 1.3860
v  0.2571 -3.4474 1.3952
v  0.2568 -3.4472 1.3892
v  0.2571 -3.4534 1.3952
v  0.2346 -3.4465 1.3863
v  0.2389 -3.4464 1.3820
v  0.2346 -3.4525 1.3863
v  0.2259 -3.4450 1.3656
v  0.2319 -3.4453 1.3655
v  0.2259 -3.4510 1.3656
v  0.2337 -3.4465 1.3451
v  0.2381 -3.4464 1.3492
v  0.2337 -3.4525 1.3451
v  -1.2997 -3.4469 1.3440
v  -1.2956 -3.4468 1.3483
v  -1.2997 -3.4529 1.3440
v  -1.3091 -3.4455 1.3642
v  -1.3091 -3.4515 1.3642
v  -1.3031 -3.4457 1.3644
v  -1.2803 -3.4473 1.3361
v  -1.2801 -3.4471 1.3421
v  -1.2803 -3.4533 1.3361
v  -1.3015 -3.4465 1.3857
v  -1.3015 -3.4525 1.3857
v  -1.2971 -3.4464 1.3816
v  -1.2802 -3.4474 1.3952
v  -1.2802 -3.4534 1.3952
v  -1.2801 -3.4472 1.3892
v  -1.2581 -3.4460 1.3863
v  -1.2581 -3.4520 1.3863
v  -1.2624 -3.4461 1.3821
v  -1.2498 -3.4450 1.3656
v  -1.2498 -3.4510 1.3656
v  -1.2558 -3.4453 1.3655
v  -1.2576 -3.4465 1.3451
v  -1.2576 -3.4525 1.3451
v  -1.2620 -3.4464 1.3492
v  -0.7878 -3.4469 1.3440
v  -0.7837 -3.4468 1.3483
v  -0.7878 -3.4529 1.3440
v  -0.7972 -3.4455 1.3642
v  -0.7972 -3.4515 1.3642
v  -0.7912 -3.4457 1.3644
v  -0.7684 -3.4473 1.3361
v  -0.7682 -3.4471 1.3421
v  -0.7684 -3.4533 1.3361
v  -0.7896 -3.4465 1.3857
v  -0.7896 -3.4525 1.3857
v  -0.7852 -3.4464 1.3816
v  -0.7691 -3.4474 1.3952
v  -0.7691 -3.4534 1.3952
v  -0.7688 -3.4472 1.3892
v  -0.7462 -3.4460 1.3863
v  -0.7462 -3.4520 1.3863
v  -0.7505 -3.4461 1.3821
v  -0.7379 -3.4450 1.3656
v  -0.7379 -3.4510 1.3656
v  -0.7439 -3.4453 1.3655
v  -0.7457 -3.4465 1.3451
v  -0.7457 -3.4525 1.3451
v  -0.7501 -3.4464 1.3492
v  -0.2761 -3.4465 1.3438
v  -0.2720 -3.4464 1.3482
v  -0.2761 -3.4525 1.3438
v  -0.2854 -3.4455 1.3643
v  -0.2854 -3.4515 1.3643
v  -0.2794 -3.4457 1.3645
v  -0.2564 -3.4473 1.3361
v  -0.2563 -3.4471 1.3421
v  -0.2564 -3.4533 1.3361
v  -0.2778 -3.4460 1.3860
v  -0.2778 -3.4520 1.3860
v  -0.2734 -3.4460 1.3818
v  -0.2571 -3.4474 1.3952
v  -0.2571 -3.4534 1.3952
v  -0.2569 -3.4472 1.3892
v  -0.2346 -3.4465 1.3863
v  -0.2346 -3.4525 1.3863
v  -0.2389 -3.4464 1.3820
v  -0.2259 -3.4450 1.3656
v  -0.2259 -3.4510 1.3656
v  -0.2319 -3.4453 1.3655
v  -0.2337 -3.4465 1.3451
v  -0.2337 -3.4525 1.3451
v  -0.2381 -3.4464 1.3492
v  0.0000 0.0000 0.0000
# 16063 vertices

o 26290IN
g 26290IN
s 1
f 1 2 131 130 
f 2 3 132 131 
f 3 4 133 132 
f 4 5 134 133 
f 5 6 135 134 
f 6 7 136 135 
f 7 8 137 136 
f 8 9 138 137 
f 9 10 139 138 
f 10 11 140 139 
f 11 12 141 140 
f 12 13 142 141 
f 13 14 143 142 
f 14 15 144 143 
f 15 16 145 144 
f 16 17 146 145 
f 17 18 147 146 
f 18 19 148 147 
f 19 20 149 148 
f 20 21 150 149 
f 21 22 151 150 
f 22 23 152 151 
f 23 24 153 152 
f 24 25 154 153 
f 25 26 155 154 
f 26 27 156 155 
f 27 28 157 156 
f 28 29 158 157 
f 29 30 159 158 
f 30 31 160 159 
f 31 32 161 160 
f 32 1 130 161 
f 2 1 66 67 
f 3 2 67 68 
f 4 3 68 69 
f 5 4 69 70 
f 6 5 70 71 
f 7 6 71 72 
f 8 7 72 73 
f 9 8 73 74 
f 10 9 74 75 
f 11 10 75 76 
f 12 11 76 77 
f 13 12 77 78 
f 14 13 78 79 
f 15 14 79 80 
f 16 15 80 81 
f 17 16 81 82 
f 18 17 82 83 
f 19 18 83 84 
f 20 19 84 85 
f 21 20 85 86 
f 22 21 86 87 
f 23 22 87 88 
f 24 23 88 89 
f 25 24 89 90 
f 26 25 90 91 
f 27 26 91 92 
f 28 27 92 93 
f 29 28 93 94 
f 30 29 94 95 
f 31 30 95 96 
f 32 31 96 97 
f 1 32 97 66 
f 66 34 35 67 
f 67 35 36 68 
f 68 36 37 69 
f 69 37 38 70 
f 70 38 39 71 
f 71 39 40 72 
f 72 40 41 73 
f 73 41 42 74 
f 74 42 43 75 
f 75 43 44 76 
f 76 44 45 77 
f 77 45 46 78 
f 78 46 47 79 
f 79 47 48 80 
f 80 48 49 81 
f 81 49 50 82 
f 82 50 51 83 
f 83 51 52 84 
f 84 52 53 85 
f 85 53 54 86 
f 86 54 55 87 
f 87 55 56 88 
f 88 56 57 89 
f 89 57 58 90 
f 90 58 59 91 
f 91 59 60 92 
f 92 60 61 93 
f 93 61 62 94 
f 94 62 63 95 
f 95 63 64 96 
f 96 64 65 97 
f 97 65 34 66 
f 35 34 98 99 
f 36 35 99 100 
f 37 36 100 101 
f 38 37 101 102 
f 39 38 102 103 
f 40 39 103 104 
f 41 40 104 105 
f 42 41 105 106 
f 43 42 106 107 
f 44 43 107 108 
f 45 44 108 109 
f 46 45 109 110 
f 47 46 110 111 
f 48 47 111 112 
f 49 48 112 113 
f 50 49 113 114 
f 51 50 114 115 
f 52 51 115 116 
f 53 52 116 117 
f 54 53 117 118 
f 55 54 118 119 
f 56 55 119 120 
f 57 56 120 121 
f 58 57 121 122 
f 59 58 122 123 
f 60 59 123 124 
f 61 60 124 125 
f 62 61 125 126 
f 63 62 126 127 
f 64 63 127 128 
f 65 64 128 129 
f 34 65 129 98 
f 131 33 130 
f 132 33 131 
f 133 33 132 
f 134 33 133 
f 135 33 134 
f 136 33 135 
f 137 33 136 
f 138 33 137 
f 139 33 138 
f 140 33 139 
f 141 33 140 
f 142 33 141 
f 143 33 142 
f 144 33 143 
f 145 33 144 
f 146 33 145 
f 147 33 146 
f 148 33 147 
f 149 33 148 
f 150 33 149 
f 151 33 150 
f 152 33 151 
f 153 33 152 
f 154 33 153 
f 155 33 154 
f 156 33 155 
f 157 33 156 
f 158 33 157 
f 159 33 158 
f 160 33 159 
f 161 33 160 
f 130 33 161 
f 177 7919 7921 162 
f 162 7921 7924 163 
f 7924 7927 164 163 
f 7927 7930 165 164 
f 7930 7933 166 165 
f 7933 7936 167 166 
f 7936 7939 168 167 
f 7939 7942 169 168 
f 7942 7945 170 169 
f 7945 7948 171 170 
f 7948 7951 172 171 
f 7951 7954 173 172 
f 7954 7957 174 173 
f 7957 7960 175 174 
f 7960 7963 176 175 
f 7963 7919 177 176 
f 177 162 178 193 
f 162 163 179 178 
f 163 164 180 179 
f 164 165 181 180 
f 165 166 182 181 
f 166 167 183 182 
f 167 168 184 183 
f 168 169 185 184 
f 169 170 186 185 
f 170 171 187 186 
f 171 172 188 187 
f 172 173 189 188 
f 173 174 190 189 
f 174 175 191 190 
f 175 176 192 191 
f 176 177 193 192 
f 193 178 194 209 
f 178 179 195 194 
f 179 180 196 195 
f 180 181 197 196 
f 181 182 198 197 
f 182 183 199 198 
f 183 184 200 199 
f 184 185 201 200 
f 185 186 202 201 
f 186 187 203 202 
f 187 188 204 203 
f 188 189 205 204 
f 189 190 206 205 
f 190 191 207 206 
f 191 192 208 207 
f 192 193 209 208 
f 209 194 210 225 
f 194 195 211 210 
f 195 196 212 211 
f 196 197 213 212 
f 197 198 214 213 
f 198 199 215 214 
f 199 200 216 215 
f 200 201 217 216 
f 201 202 218 217 
f 202 203 219 218 
f 203 204 220 219 
f 204 205 221 220 
f 205 206 222 221 
f 206 207 223 222 
f 207 208 224 223 
f 208 209 225 224 
s 2
f 7922 7918 226 227 
f 7925 7922 227 228 
f 7928 7925 228 229 
f 7931 7928 229 230 
f 7934 7931 230 231 
f 7937 7934 231 232 
f 7940 7937 232 233 
f 7943 7940 233 234 
f 7946 7943 234 235 
f 7949 7946 235 236 
f 7952 7949 236 237 
f 7955 7952 237 238 
f 7958 7955 238 239 
f 7961 7958 239 240 
f 7964 7961 240 241 
f 7918 7964 241 226 
s 1
f 242 243 7967 7969 
f 243 244 7973 7967 
f 244 245 7976 7973 
f 245 246 7979 7976 
f 246 247 7982 7979 
f 247 248 7985 7982 
f 248 249 7988 7985 
f 249 250 7991 7988 
f 250 251 7994 7991 
f 251 252 7997 7994 
f 252 253 8000 7997 
f 253 254 8003 8000 
f 254 255 8006 8003 
f 255 256 8009 8006 
f 256 257 8012 8009 
f 257 242 7969 8012 
f 242 259 258 243 
f 243 258 260 244 
f 244 260 261 245 
f 245 261 262 246 
f 246 262 263 247 
f 247 263 264 248 
f 248 264 265 249 
f 249 265 266 250 
f 250 266 267 251 
f 251 267 268 252 
f 252 268 269 253 
f 253 269 270 254 
f 254 270 271 255 
f 255 271 272 256 
f 256 272 273 257 
f 257 273 259 242 
f 259 275 274 258 
f 258 274 276 260 
f 260 276 277 261 
f 261 277 278 262 
f 262 278 279 263 
f 263 279 280 264 
f 264 280 281 265 
f 265 281 282 266 
f 266 282 283 267 
f 267 283 284 268 
f 268 284 285 269 
f 269 285 286 270 
f 270 286 287 271 
f 271 287 288 272 
f 272 288 289 273 
f 273 289 275 259 
f 275 291 290 274 
f 274 290 292 276 
f 276 292 293 277 
f 277 293 294 278 
f 278 294 295 279 
f 279 295 296 280 
f 280 296 297 281 
f 281 297 298 282 
f 282 298 299 283 
f 283 299 300 284 
f 284 300 301 285 
f 285 301 302 286 
f 286 302 303 287 
f 287 303 304 288 
f 288 304 305 289 
f 289 305 291 275 
s 2
f 307 306 7970 7966 
f 308 307 7966 7972 
f 309 308 7972 7975 
f 310 309 7975 7978 
f 311 310 7978 7981 
f 312 311 7981 7984 
f 313 312 7984 7987 
f 314 313 7987 7990 
f 315 314 7990 7993 
f 316 315 7993 7996 
f 317 316 7996 7999 
f 318 317 7999 8002 
f 319 318 8002 8005 
f 320 319 8005 8008 
f 321 320 8008 8011 
f 306 321 8011 7970 
s 1
f 322 323 8015 8017 
f 323 324 8021 8015 
f 324 325 8024 8021 
f 325 326 8027 8024 
f 326 327 8030 8027 
f 327 328 8033 8030 
f 328 329 8036 8033 
f 329 330 8039 8036 
f 330 331 8042 8039 
f 331 332 8045 8042 
f 332 333 8048 8045 
f 333 334 8051 8048 
f 334 335 8054 8051 
f 335 336 8057 8054 
f 336 337 8060 8057 
f 337 322 8017 8060 
f 322 339 338 323 
f 323 338 340 324 
f 324 340 341 325 
f 325 341 342 326 
f 326 342 343 327 
f 327 343 344 328 
f 328 344 345 329 
f 329 345 346 330 
f 330 346 347 331 
f 331 347 348 332 
f 332 348 349 333 
f 333 349 350 334 
f 334 350 351 335 
f 335 351 352 336 
f 336 352 353 337 
f 337 353 339 322 
f 339 355 354 338 
f 338 354 356 340 
f 340 356 357 341 
f 341 357 358 342 
f 342 358 359 343 
f 343 359 360 344 
f 344 360 361 345 
f 345 361 362 346 
f 346 362 363 347 
f 347 363 364 348 
f 348 364 365 349 
f 349 365 366 350 
f 350 366 367 351 
f 351 367 368 352 
f 352 368 369 353 
f 353 369 355 339 
f 355 371 370 354 
f 354 370 372 356 
f 356 372 373 357 
f 357 373 374 358 
f 358 374 375 359 
f 359 375 376 360 
f 360 376 377 361 
f 361 377 378 362 
f 362 378 379 363 
f 363 379 380 364 
f 364 380 381 365 
f 365 381 382 366 
f 366 382 383 367 
f 367 383 384 368 
f 368 384 385 369 
f 369 385 371 355 
s 2
f 387 386 8018 8014 
f 388 387 8014 8020 
f 389 388 8020 8023 
f 390 389 8023 8026 
f 391 390 8026 8029 
f 392 391 8029 8032 
f 393 392 8032 8035 
f 394 393 8035 8038 
f 395 394 8038 8041 
f 396 395 8041 8044 
f 397 396 8044 8047 
f 398 397 8047 8050 
f 399 398 8050 8053 
f 400 399 8053 8056 
f 401 400 8056 8059 
f 386 401 8059 8018 
s 1
f 402 8063 8065 403 
f 403 8065 8068 404 
f 8068 8071 405 404 
f 8071 8074 406 405 
f 8074 8077 407 406 
f 8077 8080 408 407 
f 8080 8083 409 408 
f 8083 8086 410 409 
f 8086 8089 411 410 
f 8089 8092 412 411 
f 8092 8095 413 412 
f 8095 8098 414 413 
f 8098 8101 415 414 
f 8101 8104 416 415 
f 8104 8107 417 416 
f 8107 8063 402 417 
f 402 403 419 418 
f 403 404 420 419 
f 404 405 421 420 
f 405 406 422 421 
f 406 407 423 422 
f 407 408 424 423 
f 408 409 425 424 
f 409 410 426 425 
f 410 411 427 426 
f 411 412 428 427 
f 412 413 429 428 
f 413 414 430 429 
f 414 415 431 430 
f 415 416 432 431 
f 416 417 433 432 
f 417 402 418 433 
f 418 419 435 434 
f 419 420 436 435 
f 420 421 437 436 
f 421 422 438 437 
f 422 423 439 438 
f 423 424 440 439 
f 424 425 441 440 
f 425 426 442 441 
f 426 427 443 442 
f 427 428 444 443 
f 428 429 445 444 
f 429 430 446 445 
f 430 431 447 446 
f 431 432 448 447 
f 432 433 449 448 
f 433 418 434 449 
f 434 435 451 450 
f 435 436 452 451 
f 436 437 453 452 
f 437 438 454 453 
f 438 439 455 454 
f 439 440 456 455 
f 440 441 457 456 
f 441 442 458 457 
f 442 443 459 458 
f 443 444 460 459 
f 444 445 461 460 
f 445 446 462 461 
f 446 447 463 462 
f 447 448 464 463 
f 448 449 465 464 
f 449 434 450 465 
s 2
f 8066 8062 467 466 
f 8069 8066 466 468 
f 8072 8069 468 469 
f 8075 8072 469 470 
f 8078 8075 470 471 
f 8081 8078 471 472 
f 8084 8081 472 473 
f 8087 8084 473 474 
f 8090 8087 474 475 
f 8093 8090 475 476 
f 8096 8093 476 477 
f 8099 8096 477 478 
f 8102 8099 478 479 
f 8105 8102 479 480 
f 8108 8105 480 481 
f 8062 8108 481 467 
s 1
f 497 8111 8113 482 
f 482 8113 8116 483 
f 8116 8119 484 483 
f 8119 8122 485 484 
f 8122 8125 486 485 
f 8125 8128 487 486 
f 8128 8131 488 487 
f 8131 8134 489 488 
f 8134 8137 490 489 
f 8137 8140 491 490 
f 8140 8143 492 491 
f 8143 8146 493 492 
f 8146 8149 494 493 
f 8149 8152 495 494 
f 8152 8155 496 495 
f 8155 8111 497 496 
f 497 482 498 513 
f 482 483 499 498 
f 483 484 500 499 
f 484 485 501 500 
f 485 486 502 501 
f 486 487 503 502 
f 487 488 504 503 
f 488 489 505 504 
f 489 490 506 505 
f 490 491 507 506 
f 491 492 508 507 
f 492 493 509 508 
f 493 494 510 509 
f 494 495 511 510 
f 495 496 512 511 
f 496 497 513 512 
f 513 498 514 529 
f 498 499 515 514 
f 499 500 516 515 
f 500 501 517 516 
f 501 502 518 517 
f 502 503 519 518 
f 503 504 520 519 
f 504 505 521 520 
f 505 506 522 521 
f 506 507 523 522 
f 507 508 524 523 
f 508 509 525 524 
f 509 510 526 525 
f 510 511 527 526 
f 511 512 528 527 
f 512 513 529 528 
f 529 514 530 545 
f 514 515 531 530 
f 515 516 532 531 
f 516 517 533 532 
f 517 518 534 533 
f 518 519 535 534 
f 519 520 536 535 
f 520 521 537 536 
f 521 522 538 537 
f 522 523 539 538 
f 523 524 540 539 
f 524 525 541 540 
f 525 526 542 541 
f 526 527 543 542 
f 527 528 544 543 
f 528 529 545 544 
s 2
f 8114 8110 546 547 
f 8117 8114 547 548 
f 8120 8117 548 549 
f 8123 8120 549 550 
f 8126 8123 550 551 
f 8129 8126 551 552 
f 8132 8129 552 553 
f 8135 8132 553 554 
f 8138 8135 554 555 
f 8141 8138 555 556 
f 8144 8141 556 557 
f 8147 8144 557 558 
f 8150 8147 558 559 
f 8153 8150 559 560 
f 8156 8153 560 561 
f 8110 8156 561 546 
s 1
f 562 563 8159 8161 
f 563 564 8165 8159 
f 564 565 8168 8165 
f 565 566 8171 8168 
f 566 567 8174 8171 
f 567 568 8177 8174 
f 568 569 8180 8177 
f 569 570 8183 8180 
f 570 571 8186 8183 
f 571 572 8189 8186 
f 572 573 8192 8189 
f 573 574 8195 8192 
f 574 575 8198 8195 
f 575 576 8201 8198 
f 576 577 8204 8201 
f 577 562 8161 8204 
f 562 579 578 563 
f 563 578 580 564 
f 564 580 581 565 
f 565 581 582 566 
f 566 582 583 567 
f 567 583 584 568 
f 568 584 585 569 
f 569 585 586 570 
f 570 586 587 571 
f 571 587 588 572 
f 572 588 589 573 
f 573 589 590 574 
f 574 590 591 575 
f 575 591 592 576 
f 576 592 593 577 
f 577 593 579 562 
f 579 595 594 578 
f 578 594 596 580 
f 580 596 597 581 
f 581 597 598 582 
f 582 598 599 583 
f 583 599 600 584 
f 584 600 601 585 
f 585 601 602 586 
f 586 602 603 587 
f 587 603 604 588 
f 588 604 605 589 
f 589 605 606 590 
f 590 606 607 591 
f 591 607 608 592 
f 592 608 609 593 
f 593 609 595 579 
f 595 611 610 594 
f 594 610 612 596 
f 596 612 613 597 
f 597 613 614 598 
f 598 614 615 599 
f 599 615 616 600 
f 600 616 617 601 
f 601 617 618 602 
f 602 618 619 603 
f 603 619 620 604 
f 604 620 621 605 
f 605 621 622 606 
f 606 622 623 607 
f 607 623 624 608 
f 608 624 625 609 
f 609 625 611 595 
s 2
f 627 626 8162 8158 
f 628 627 8158 8164 
f 629 628 8164 8167 
f 630 629 8167 8170 
f 631 630 8170 8173 
f 632 631 8173 8176 
f 633 632 8176 8179 
f 634 633 8179 8182 
f 635 634 8182 8185 
f 636 635 8185 8188 
f 637 636 8188 8191 
f 638 637 8191 8194 
f 639 638 8194 8197 
f 640 639 8197 8200 
f 641 640 8200 8203 
f 626 641 8203 8162 
s 1
f 642 643 8207 8209 
f 643 644 8213 8207 
f 644 645 8216 8213 
f 645 646 8219 8216 
f 646 647 8222 8219 
f 647 648 8225 8222 
f 648 649 8228 8225 
f 649 650 8231 8228 
f 650 651 8234 8231 
f 651 652 8237 8234 
f 652 653 8240 8237 
f 653 654 8243 8240 
f 654 655 8246 8243 
f 655 656 8249 8246 
f 656 657 8252 8249 
f 657 642 8209 8252 
f 642 659 658 643 
f 643 658 660 644 
f 644 660 661 645 
f 645 661 662 646 
f 646 662 663 647 
f 647 663 664 648 
f 648 664 665 649 
f 649 665 666 650 
f 650 666 667 651 
f 651 667 668 652 
f 652 668 669 653 
f 653 669 670 654 
f 654 670 671 655 
f 655 671 672 656 
f 656 672 673 657 
f 657 673 659 642 
f 659 675 674 658 
f 658 674 676 660 
f 660 676 677 661 
f 661 677 678 662 
f 662 678 679 663 
f 663 679 680 664 
f 664 680 681 665 
f 665 681 682 666 
f 666 682 683 667 
f 667 683 684 668 
f 668 684 685 669 
f 669 685 686 670 
f 670 686 687 671 
f 671 687 688 672 
f 672 688 689 673 
f 673 689 675 659 
f 675 691 690 674 
f 674 690 692 676 
f 676 692 693 677 
f 677 693 694 678 
f 678 694 695 679 
f 679 695 696 680 
f 680 696 697 681 
f 681 697 698 682 
f 682 698 699 683 
f 683 699 700 684 
f 684 700 701 685 
f 685 701 702 686 
f 686 702 703 687 
f 687 703 704 688 
f 688 704 705 689 
f 689 705 691 675 
s 2
f 707 706 8210 8206 
f 708 707 8206 8212 
f 709 708 8212 8215 
f 710 709 8215 8218 
f 711 710 8218 8221 
f 712 711 8221 8224 
f 713 712 8224 8227 
f 714 713 8227 8230 
f 715 714 8230 8233 
f 716 715 8233 8236 
f 717 716 8236 8239 
f 718 717 8239 8242 
f 719 718 8242 8245 
f 720 719 8245 8248 
f 721 720 8248 8251 
f 706 721 8251 8210 
s 1
f 722 8255 8257 723 
f 723 8257 8260 724 
f 8260 8263 725 724 
f 8263 8266 726 725 
f 8266 8269 727 726 
f 8269 8272 728 727 
f 8272 8275 729 728 
f 8275 8278 730 729 
f 8278 8281 731 730 
f 8281 8284 732 731 
f 8284 8287 733 732 
f 8287 8290 734 733 
f 8290 8293 735 734 
f 8293 8296 736 735 
f 8296 8299 737 736 
f 8299 8255 722 737 
f 722 723 739 738 
f 723 724 740 739 
f 724 725 741 740 
f 725 726 742 741 
f 726 727 743 742 
f 727 728 744 743 
f 728 729 745 744 
f 729 730 746 745 
f 730 731 747 746 
f 731 732 748 747 
f 732 733 749 748 
f 733 734 750 749 
f 734 735 751 750 
f 735 736 752 751 
f 736 737 753 752 
f 737 722 738 753 
f 738 739 755 754 
f 739 740 756 755 
f 740 741 757 756 
f 741 742 758 757 
f 742 743 759 758 
f 743 744 760 759 
f 744 745 761 760 
f 745 746 762 761 
f 746 747 763 762 
f 747 748 764 763 
f 748 749 765 764 
f 749 750 766 765 
f 750 751 767 766 
f 751 752 768 767 
f 752 753 769 768 
f 753 738 754 769 
f 754 755 771 770 
f 755 756 772 771 
f 756 757 773 772 
f 757 758 774 773 
f 758 759 775 774 
f 759 760 776 775 
f 760 761 777 776 
f 761 762 778 777 
f 762 763 779 778 
f 763 764 780 779 
f 764 765 781 780 
f 765 766 782 781 
f 766 767 783 782 
f 767 768 784 783 
f 768 769 785 784 
f 769 754 770 785 
s 2
f 8258 8254 787 786 
f 8261 8258 786 788 
f 8264 8261 788 789 
f 8267 8264 789 790 
f 8270 8267 790 791 
f 8273 8270 791 792 
f 8276 8273 792 793 
f 8279 8276 793 794 
f 8282 8279 794 795 
f 8285 8282 795 796 
f 8288 8285 796 797 
f 8291 8288 797 798 
f 8294 8291 798 799 
f 8297 8294 799 800 
f 8300 8297 800 801 
f 8254 8300 801 787 
s 1
f 817 8303 8305 802 
f 802 8305 8308 803 
f 8308 8311 804 803 
f 8311 8314 805 804 
f 8314 8317 806 805 
f 8317 8320 807 806 
f 8320 8323 808 807 
f 8323 8326 809 808 
f 8326 8329 810 809 
f 8329 8332 811 810 
f 8332 8335 812 811 
f 8335 8338 813 812 
f 8338 8341 814 813 
f 8341 8344 815 814 
f 8344 8347 816 815 
f 8347 8303 817 816 
f 817 802 818 833 
f 802 803 819 818 
f 803 804 820 819 
f 804 805 821 820 
f 805 806 822 821 
f 806 807 823 822 
f 807 808 824 823 
f 808 809 825 824 
f 809 810 826 825 
f 810 811 827 826 
f 811 812 828 827 
f 812 813 829 828 
f 813 814 830 829 
f 814 815 831 830 
f 815 816 832 831 
f 816 817 833 832 
f 833 818 834 849 
f 818 819 835 834 
f 819 820 836 835 
f 820 821 837 836 
f 821 822 838 837 
f 822 823 839 838 
f 823 824 840 839 
f 824 825 841 840 
f 825 826 842 841 
f 826 827 843 842 
f 827 828 844 843 
f 828 829 845 844 
f 829 830 846 845 
f 830 831 847 846 
f 831 832 848 847 
f 832 833 849 848 
f 849 834 850 865 
f 834 835 851 850 
f 835 836 852 851 
f 836 837 853 852 
f 837 838 854 853 
f 838 839 855 854 
f 839 840 856 855 
f 840 841 857 856 
f 841 842 858 857 
f 842 843 859 858 
f 843 844 860 859 
f 844 845 861 860 
f 845 846 862 861 
f 846 847 863 862 
f 847 848 864 863 
f 848 849 865 864 
s 2
f 8306 8302 866 867 
f 8309 8306 867 868 
f 8312 8309 868 869 
f 8315 8312 869 870 
f 8318 8315 870 871 
f 8321 8318 871 872 
f 8324 8321 872 873 
f 8327 8324 873 874 
f 8330 8327 874 875 
f 8333 8330 875 876 
f 8336 8333 876 877 
f 8339 8336 877 878 
f 8342 8339 878 879 
f 8345 8342 879 880 
f 8348 8345 880 881 
f 8302 8348 881 866 
s 1
f 882 883 8351 8353 
f 883 884 8357 8351 
f 884 885 8360 8357 
f 885 886 8363 8360 
f 886 887 8366 8363 
f 887 888 8369 8366 
f 888 889 8372 8369 
f 889 890 8375 8372 
f 890 891 8378 8375 
f 891 892 8381 8378 
f 892 893 8384 8381 
f 893 894 8387 8384 
f 894 895 8390 8387 
f 895 896 8393 8390 
f 896 897 8396 8393 
f 897 882 8353 8396 
f 882 899 898 883 
f 883 898 900 884 
f 884 900 901 885 
f 885 901 902 886 
f 886 902 903 887 
f 887 903 904 888 
f 888 904 905 889 
f 889 905 906 890 
f 890 906 907 891 
f 891 907 908 892 
f 892 908 909 893 
f 893 909 910 894 
f 894 910 911 895 
f 895 911 912 896 
f 896 912 913 897 
f 897 913 899 882 
f 899 915 914 898 
f 898 914 916 900 
f 900 916 917 901 
f 901 917 918 902 
f 902 918 919 903 
f 903 919 920 904 
f 904 920 921 905 
f 905 921 922 906 
f 906 922 923 907 
f 907 923 924 908 
f 908 924 925 909 
f 909 925 926 910 
f 910 926 927 911 
f 911 927 928 912 
f 912 928 929 913 
f 913 929 915 899 
f 915 931 930 914 
f 914 930 932 916 
f 916 932 933 917 
f 917 933 934 918 
f 918 934 935 919 
f 919 935 936 920 
f 920 936 937 921 
f 921 937 938 922 
f 922 938 939 923 
f 923 939 940 924 
f 924 940 941 925 
f 925 941 942 926 
f 926 942 943 927 
f 927 943 944 928 
f 928 944 945 929 
f 929 945 931 915 
s 2
f 947 946 8354 8350 
f 948 947 8350 8356 
f 949 948 8356 8359 
f 950 949 8359 8362 
f 951 950 8362 8365 
f 952 951 8365 8368 
f 953 952 8368 8371 
f 954 953 8371 8374 
f 955 954 8374 8377 
f 956 955 8377 8380 
f 957 956 8380 8383 
f 958 957 8383 8386 
f 959 958 8386 8389 
f 960 959 8389 8392 
f 961 960 8392 8395 
f 946 961 8395 8354 
s 1
f 962 963 8399 8401 
f 963 964 8405 8399 
f 964 965 8408 8405 
f 965 966 8411 8408 
f 966 967 8414 8411 
f 967 968 8417 8414 
f 968 969 8420 8417 
f 969 970 8423 8420 
f 970 971 8426 8423 
f 971 972 8429 8426 
f 972 973 8432 8429 
f 973 974 8435 8432 
f 974 975 8438 8435 
f 975 976 8441 8438 
f 976 977 8444 8441 
f 977 962 8401 8444 
f 962 979 978 963 
f 963 978 980 964 
f 964 980 981 965 
f 965 981 982 966 
f 966 982 983 967 
f 967 983 984 968 
f 968 984 985 969 
f 969 985 986 970 
f 970 986 987 971 
f 971 987 988 972 
f 972 988 989 973 
f 973 989 990 974 
f 974 990 991 975 
f 975 991 992 976 
f 976 992 993 977 
f 977 993 979 962 
f 979 995 994 978 
f 978 994 996 980 
f 980 996 997 981 
f 981 997 998 982 
f 982 998 999 983 
f 983 999 1000 984 
f 984 1000 1001 985 
f 985 1001 1002 986 
f 986 1002 1003 987 
f 987 1003 1004 988 
f 988 1004 1005 989 
f 989 1005 1006 990 
f 990 1006 1007 991 
f 991 1007 1008 992 
f 992 1008 1009 993 
f 993 1009 995 979 
f 995 1011 1010 994 
f 994 1010 1012 996 
f 996 1012 1013 997 
f 997 1013 1014 998 
f 998 1014 1015 999 
f 999 1015 1016 1000 
f 1000 1016 1017 1001 
f 1001 1017 1018 1002 
f 1002 1018 1019 1003 
f 1003 1019 1020 1004 
f 1004 1020 1021 1005 
f 1005 1021 1022 1006 
f 1006 1022 1023 1007 
f 1007 1023 1024 1008 
f 1008 1024 1025 1009 
f 1009 1025 1011 995 
s 2
f 1027 1026 8402 8398 
f 1028 1027 8398 8404 
f 1029 1028 8404 8407 
f 1030 1029 8407 8410 
f 1031 1030 8410 8413 
f 1032 1031 8413 8416 
f 1033 1032 8416 8419 
f 1034 1033 8419 8422 
f 1035 1034 8422 8425 
f 1036 1035 8425 8428 
f 1037 1036 8428 8431 
f 1038 1037 8431 8434 
f 1039 1038 8434 8437 
f 1040 1039 8437 8440 
f 1041 1040 8440 8443 
f 1026 1041 8443 8402 
s 1
f 1042 8447 8449 1043 
f 1043 8449 8452 1044 
f 8452 8455 1045 1044 
f 8455 8458 1046 1045 
f 8458 8461 1047 1046 
f 8461 8464 1048 1047 
f 8464 8467 1049 1048 
f 8467 8470 1050 1049 
f 8470 8473 1051 1050 
f 8473 8476 1052 1051 
f 8476 8479 1053 1052 
f 8479 8482 1054 1053 
f 8482 8485 1055 1054 
f 8485 8488 1056 1055 
f 8488 8491 1057 1056 
f 8491 8447 1042 1057 
f 1042 1043 1059 1058 
f 1043 1044 1060 1059 
f 1044 1045 1061 1060 
f 1045 1046 1062 1061 
f 1046 1047 1063 1062 
f 1047 1048 1064 1063 
f 1048 1049 1065 1064 
f 1049 1050 1066 1065 
f 1050 1051 1067 1066 
f 1051 1052 1068 1067 
f 1052 1053 1069 1068 
f 1053 1054 1070 1069 
f 1054 1055 1071 1070 
f 1055 1056 1072 1071 
f 1056 1057 1073 1072 
f 1057 1042 1058 1073 
f 1058 1059 1075 1074 
f 1059 1060 1076 1075 
f 1060 1061 1077 1076 
f 1061 1062 1078 1077 
f 1062 1063 1079 1078 
f 1063 1064 1080 1079 
f 1064 1065 1081 1080 
f 1065 1066 1082 1081 
f 1066 1067 1083 1082 
f 1067 1068 1084 1083 
f 1068 1069 1085 1084 
f 1069 1070 1086 1085 
f 1070 1071 1087 1086 
f 1071 1072 1088 1087 
f 1072 1073 1089 1088 
f 1073 1058 1074 1089 
f 1074 1075 1091 1090 
f 1075 1076 1092 1091 
f 1076 1077 1093 1092 
f 1077 1078 1094 1093 
f 1078 1079 1095 1094 
f 1079 1080 1096 1095 
f 1080 1081 1097 1096 
f 1081 1082 1098 1097 
f 1082 1083 1099 1098 
f 1083 1084 1100 1099 
f 1084 1085 1101 1100 
f 1085 1086 1102 1101 
f 1086 1087 1103 1102 
f 1087 1088 1104 1103 
f 1088 1089 1105 1104 
f 1089 1074 1090 1105 
s 2
f 8450 8446 1107 1106 
f 8453 8450 1106 1108 
f 8456 8453 1108 1109 
f 8459 8456 1109 1110 
f 8462 8459 1110 1111 
f 8465 8462 1111 1112 
f 8468 8465 1112 1113 
f 8471 8468 1113 1114 
f 8474 8471 1114 1115 
f 8477 8474 1115 1116 
f 8480 8477 1116 1117 
f 8483 8480 1117 1118 
f 8486 8483 1118 1119 
f 8489 8486 1119 1120 
f 8492 8489 1120 1121 
f 8446 8492 1121 1107 
s 1
f 1137 8495 8497 1122 
f 1122 8497 8500 1123 
f 8500 8503 1124 1123 
f 8503 8506 1125 1124 
f 8506 8509 1126 1125 
f 8509 8512 1127 1126 
f 8512 8515 1128 1127 
f 8515 8518 1129 1128 
f 8518 8521 1130 1129 
f 8521 8524 1131 1130 
f 8524 8527 1132 1131 
f 8527 8530 1133 1132 
f 8530 8533 1134 1133 
f 8533 8536 1135 1134 
f 8536 8539 1136 1135 
f 8539 8495 1137 1136 
f 1137 1122 1138 1153 
f 1122 1123 1139 1138 
f 1123 1124 1140 1139 
f 1124 1125 1141 1140 
f 1125 1126 1142 1141 
f 1126 1127 1143 1142 
f 1127 1128 1144 1143 
f 1128 1129 1145 1144 
f 1129 1130 1146 1145 
f 1130 1131 1147 1146 
f 1131 1132 1148 1147 
f 1132 1133 1149 1148 
f 1133 1134 1150 1149 
f 1134 1135 1151 1150 
f 1135 1136 1152 1151 
f 1136 1137 1153 1152 
f 1153 1138 1154 1169 
f 1138 1139 1155 1154 
f 1139 1140 1156 1155 
f 1140 1141 1157 1156 
f 1141 1142 1158 1157 
f 1142 1143 1159 1158 
f 1143 1144 1160 1159 
f 1144 1145 1161 1160 
f 1145 1146 1162 1161 
f 1146 1147 1163 1162 
f 1147 1148 1164 1163 
f 1148 1149 1165 1164 
f 1149 1150 1166 1165 
f 1150 1151 1167 1166 
f 1151 1152 1168 1167 
f 1152 1153 1169 1168 
f 1169 1154 1170 1185 
f 1154 1155 1171 1170 
f 1155 1156 1172 1171 
f 1156 1157 1173 1172 
f 1157 1158 1174 1173 
f 1158 1159 1175 1174 
f 1159 1160 1176 1175 
f 1160 1161 1177 1176 
f 1161 1162 1178 1177 
f 1162 1163 1179 1178 
f 1163 1164 1180 1179 
f 1164 1165 1181 1180 
f 1165 1166 1182 1181 
f 1166 1167 1183 1182 
f 1167 1168 1184 1183 
f 1168 1169 1185 1184 
s 2
f 8498 8494 1186 1187 
f 8501 8498 1187 1188 
f 8504 8501 1188 1189 
f 8507 8504 1189 1190 
f 8510 8507 1190 1191 
f 8513 8510 1191 1192 
f 8516 8513 1192 1193 
f 8519 8516 1193 1194 
f 8522 8519 1194 1195 
f 8525 8522 1195 1196 
f 8528 8525 1196 1197 
f 8531 8528 1197 1198 
f 8534 8531 1198 1199 
f 8537 8534 1199 1200 
f 8540 8537 1200 1201 
f 8494 8540 1201 1186 
s 1
f 1202 1203 8543 8545 
f 1203 1204 8549 8543 
f 1204 1205 8552 8549 
f 1205 1206 8555 8552 
f 1206 1207 8558 8555 
f 1207 1208 8561 8558 
f 1208 1209 8564 8561 
f 1209 1210 8567 8564 
f 1210 1211 8570 8567 
f 1211 1212 8573 8570 
f 1212 1213 8576 8573 
f 1213 1214 8579 8576 
f 1214 1215 8582 8579 
f 1215 1216 8585 8582 
f 1216 1217 8588 8585 
f 1217 1202 8545 8588 
f 1202 1219 1218 1203 
f 1203 1218 1220 1204 
f 1204 1220 1221 1205 
f 1205 1221 1222 1206 
f 1206 1222 1223 1207 
f 1207 1223 1224 1208 
f 1208 1224 1225 1209 
f 1209 1225 1226 1210 
f 1210 1226 1227 1211 
f 1211 1227 1228 1212 
f 1212 1228 1229 1213 
f 1213 1229 1230 1214 
f 1214 1230 1231 1215 
f 1215 1231 1232 1216 
f 1216 1232 1233 1217 
f 1217 1233 1219 1202 
f 1219 1235 1234 1218 
f 1218 1234 1236 1220 
f 1220 1236 1237 1221 
f 1221 1237 1238 1222 
f 1222 1238 1239 1223 
f 1223 1239 1240 1224 
f 1224 1240 1241 1225 
f 1225 1241 1242 1226 
f 1226 1242 1243 1227 
f 1227 1243 1244 1228 
f 1228 1244 1245 1229 
f 1229 1245 1246 1230 
f 1230 1246 1247 1231 
f 1231 1247 1248 1232 
f 1232 1248 1249 1233 
f 1233 1249 1235 1219 
f 1235 1251 1250 1234 
f 1234 1250 1252 1236 
f 1236 1252 1253 1237 
f 1237 1253 1254 1238 
f 1238 1254 1255 1239 
f 1239 1255 1256 1240 
f 1240 1256 1257 1241 
f 1241 1257 1258 1242 
f 1242 1258 1259 1243 
f 1243 1259 1260 1244 
f 1244 1260 1261 1245 
f 1245 1261 1262 1246 
f 1246 1262 1263 1247 
f 1247 1263 1264 1248 
f 1248 1264 1265 1249 
f 1249 1265 1251 1235 
s 2
f 1267 1266 8546 8542 
f 1268 1267 8542 8548 
f 1269 1268 8548 8551 
f 1270 1269 8551 8554 
f 1271 1270 8554 8557 
f 1272 1271 8557 8560 
f 1273 1272 8560 8563 
f 1274 1273 8563 8566 
f 1275 1274 8566 8569 
f 1276 1275 8569 8572 
f 1277 1276 8572 8575 
f 1278 1277 8575 8578 
f 1279 1278 8578 8581 
f 1280 1279 8581 8584 
f 1281 1280 8584 8587 
f 1266 1281 8587 8546 
s 1
f 1297 8591 8593 1282 
f 1282 8593 8596 1283 
f 8596 8599 1284 1283 
f 8599 8602 1285 1284 
f 8602 8605 1286 1285 
f 8605 8608 1287 1286 
f 8608 8611 1288 1287 
f 8611 8614 1289 1288 
f 8614 8617 1290 1289 
f 8617 8620 1291 1290 
f 8620 8623 1292 1291 
f 8623 8626 1293 1292 
f 8626 8629 1294 1293 
f 8629 8632 1295 1294 
f 8632 8635 1296 1295 
f 8635 8591 1297 1296 
f 1297 1282 1298 1313 
f 1282 1283 1299 1298 
f 1283 1284 1300 1299 
f 1284 1285 1301 1300 
f 1285 1286 1302 1301 
f 1286 1287 1303 1302 
f 1287 1288 1304 1303 
f 1288 1289 1305 1304 
f 1289 1290 1306 1305 
f 1290 1291 1307 1306 
f 1291 1292 1308 1307 
f 1292 1293 1309 1308 
f 1293 1294 1310 1309 
f 1294 1295 1311 1310 
f 1295 1296 1312 1311 
f 1296 1297 1313 1312 
f 1313 1298 1314 1329 
f 1298 1299 1315 1314 
f 1299 1300 1316 1315 
f 1300 1301 1317 1316 
f 1301 1302 1318 1317 
f 1302 1303 1319 1318 
f 1303 1304 1320 1319 
f 1304 1305 1321 1320 
f 1305 1306 1322 1321 
f 1306 1307 1323 1322 
f 1307 1308 1324 1323 
f 1308 1309 1325 1324 
f 1309 1310 1326 1325 
f 1310 1311 1327 1326 
f 1311 1312 1328 1327 
f 1312 1313 1329 1328 
f 1329 1314 1330 1345 
f 1314 1315 1331 1330 
f 1315 1316 1332 1331 
f 1316 1317 1333 1332 
f 1317 1318 1334 1333 
f 1318 1319 1335 1334 
f 1319 1320 1336 1335 
f 1320 1321 1337 1336 
f 1321 1322 1338 1337 
f 1322 1323 1339 1338 
f 1323 1324 1340 1339 
f 1324 1325 1341 1340 
f 1325 1326 1342 1341 
f 1326 1327 1343 1342 
f 1327 1328 1344 1343 
f 1328 1329 1345 1344 
s 2
f 8594 8590 1346 1347 
f 8597 8594 1347 1348 
f 8600 8597 1348 1349 
f 8603 8600 1349 1350 
f 8606 8603 1350 1351 
f 8609 8606 1351 1352 
f 8612 8609 1352 1353 
f 8615 8612 1353 1354 
f 8618 8615 1354 1355 
f 8621 8618 1355 1356 
f 8624 8621 1356 1357 
f 8627 8624 1357 1358 
f 8630 8627 1358 1359 
f 8633 8630 1359 1360 
f 8636 8633 1360 1361 
f 8590 8636 1361 1346 
s 1
f 1362 1363 8639 8641 
f 1363 1364 8645 8639 
f 1364 1365 8648 8645 
f 1365 1366 8651 8648 
f 1366 1367 8654 8651 
f 1367 1368 8657 8654 
f 1368 1369 8660 8657 
f 1369 1370 8663 8660 
f 1370 1371 8666 8663 
f 1371 1372 8669 8666 
f 1372 1373 8672 8669 
f 1373 1374 8675 8672 
f 1374 1375 8678 8675 
f 1375 1376 8681 8678 
f 1376 1377 8684 8681 
f 1377 1362 8641 8684 
f 1362 1379 1378 1363 
f 1363 1378 1380 1364 
f 1364 1380 1381 1365 
f 1365 1381 1382 1366 
f 1366 1382 1383 1367 
f 1367 1383 1384 1368 
f 1368 1384 1385 1369 
f 1369 1385 1386 1370 
f 1370 1386 1387 1371 
f 1371 1387 1388 1372 
f 1372 1388 1389 1373 
f 1373 1389 1390 1374 
f 1374 1390 1391 1375 
f 1375 1391 1392 1376 
f 1376 1392 1393 1377 
f 1377 1393 1379 1362 
f 1379 1395 1394 1378 
f 1378 1394 1396 1380 
f 1380 1396 1397 1381 
f 1381 1397 1398 1382 
f 1382 1398 1399 1383 
f 1383 1399 1400 1384 
f 1384 1400 1401 1385 
f 1385 1401 1402 1386 
f 1386 1402 1403 1387 
f 1387 1403 1404 1388 
f 1388 1404 1405 1389 
f 1389 1405 1406 1390 
f 1390 1406 1407 1391 
f 1391 1407 1408 1392 
f 1392 1408 1409 1393 
f 1393 1409 1395 1379 
f 1395 1411 1410 1394 
f 1394 1410 1412 1396 
f 1396 1412 1413 1397 
f 1397 1413 1414 1398 
f 1398 1414 1415 1399 
f 1399 1415 1416 1400 
f 1400 1416 1417 1401 
f 1401 1417 1418 1402 
f 1402 1418 1419 1403 
f 1403 1419 1420 1404 
f 1404 1420 1421 1405 
f 1405 1421 1422 1406 
f 1406 1422 1423 1407 
f 1407 1423 1424 1408 
f 1408 1424 1425 1409 
f 1409 1425 1411 1395 
s 2
f 1427 1426 8642 8638 
f 1428 1427 8638 8644 
f 1429 1428 8644 8647 
f 1430 1429 8647 8650 
f 1431 1430 8650 8653 
f 1432 1431 8653 8656 
f 1433 1432 8656 8659 
f 1434 1433 8659 8662 
f 1435 1434 8662 8665 
f 1436 1435 8665 8668 
f 1437 1436 8668 8671 
f 1438 1437 8671 8674 
f 1439 1438 8674 8677 
f 1440 1439 8677 8680 
f 1441 1440 8680 8683 
f 1426 1441 8683 8642 
s 1
f 1442 1443 8687 8689 
f 1443 1444 8693 8687 
f 1444 1445 8696 8693 
f 1445 1446 8699 8696 
f 1446 1447 8702 8699 
f 1447 1448 8705 8702 
f 1448 1449 8708 8705 
f 1449 1450 8711 8708 
f 1450 1451 8714 8711 
f 1451 1452 8717 8714 
f 1452 1453 8720 8717 
f 1453 1454 8723 8720 
f 1454 1455 8726 8723 
f 1455 1456 8729 8726 
f 1456 1457 8732 8729 
f 1457 1442 8689 8732 
f 1442 1459 1458 1443 
f 1443 1458 1460 1444 
f 1444 1460 1461 1445 
f 1445 1461 1462 1446 
f 1446 1462 1463 1447 
f 1447 1463 1464 1448 
f 1448 1464 1465 1449 
f 1449 1465 1466 1450 
f 1450 1466 1467 1451 
f 1451 1467 1468 1452 
f 1452 1468 1469 1453 
f 1453 1469 1470 1454 
f 1454 1470 1471 1455 
f 1455 1471 1472 1456 
f 1456 1472 1473 1457 
f 1457 1473 1459 1442 
f 1459 1475 1474 1458 
f 1458 1474 1476 1460 
f 1460 1476 1477 1461 
f 1461 1477 1478 1462 
f 1462 1478 1479 1463 
f 1463 1479 1480 1464 
f 1464 1480 1481 1465 
f 1465 1481 1482 1466 
f 1466 1482 1483 1467 
f 1467 1483 1484 1468 
f 1468 1484 1485 1469 
f 1469 1485 1486 1470 
f 1470 1486 1487 1471 
f 1471 1487 1488 1472 
f 1472 1488 1489 1473 
f 1473 1489 1475 1459 
f 1475 1491 1490 1474 
f 1474 1490 1492 1476 
f 1476 1492 1493 1477 
f 1477 1493 1494 1478 
f 1478 1494 1495 1479 
f 1479 1495 1496 1480 
f 1480 1496 1497 1481 
f 1481 1497 1498 1482 
f 1482 1498 1499 1483 
f 1483 1499 1500 1484 
f 1484 1500 1501 1485 
f 1485 1501 1502 1486 
f 1486 1502 1503 1487 
f 1487 1503 1504 1488 
f 1488 1504 1505 1489 
f 1489 1505 1491 1475 
s 2
f 1507 1506 8690 8686 
f 1508 1507 8686 8692 
f 1509 1508 8692 8695 
f 1510 1509 8695 8698 
f 1511 1510 8698 8701 
f 1512 1511 8701 8704 
f 1513 1512 8704 8707 
f 1514 1513 8707 8710 
f 1515 1514 8710 8713 
f 1516 1515 8713 8716 
f 1517 1516 8716 8719 
f 1518 1517 8719 8722 
f 1519 1518 8722 8725 
f 1520 1519 8725 8728 
f 1521 1520 8728 8731 
f 1506 1521 8731 8690 
s 1
f 1522 8735 8737 1523 
f 1523 8737 8740 1524 
f 8740 8743 1525 1524 
f 8743 8746 1526 1525 
f 8746 8749 1527 1526 
f 8749 8752 1528 1527 
f 8752 8755 1529 1528 
f 8755 8758 1530 1529 
f 8758 8761 1531 1530 
f 8761 8764 1532 1531 
f 8764 8767 1533 1532 
f 8767 8770 1534 1533 
f 8770 8773 1535 1534 
f 8773 8776 1536 1535 
f 8776 8779 1537 1536 
f 8779 8735 1522 1537 
f 1522 1523 1539 1538 
f 1523 1524 1540 1539 
f 1524 1525 1541 1540 
f 1525 1526 1542 1541 
f 1526 1527 1543 1542 
f 1527 1528 1544 1543 
f 1528 1529 1545 1544 
f 1529 1530 1546 1545 
f 1530 1531 1547 1546 
f 1531 1532 1548 1547 
f 1532 1533 1549 1548 
f 1533 1534 1550 1549 
f 1534 1535 1551 1550 
f 1535 1536 1552 1551 
f 1536 1537 1553 1552 
f 1537 1522 1538 1553 
f 1538 1539 1555 1554 
f 1539 1540 1556 1555 
f 1540 1541 1557 1556 
f 1541 1542 1558 1557 
f 1542 1543 1559 1558 
f 1543 1544 1560 1559 
f 1544 1545 1561 1560 
f 1545 1546 1562 1561 
f 1546 1547 1563 1562 
f 1547 1548 1564 1563 
f 1548 1549 1565 1564 
f 1549 1550 1566 1565 
f 1550 1551 1567 1566 
f 1551 1552 1568 1567 
f 1552 1553 1569 1568 
f 1553 1538 1554 1569 
f 1554 1555 1571 1570 
f 1555 1556 1572 1571 
f 1556 1557 1573 1572 
f 1557 1558 1574 1573 
f 1558 1559 1575 1574 
f 1559 1560 1576 1575 
f 1560 1561 1577 1576 
f 1561 1562 1578 1577 
f 1562 1563 1579 1578 
f 1563 1564 1580 1579 
f 1564 1565 1581 1580 
f 1565 1566 1582 1581 
f 1566 1567 1583 1582 
f 1567 1568 1584 1583 
f 1568 1569 1585 1584 
f 1569 1554 1570 1585 
s 2
f 8738 8734 1587 1586 
f 8741 8738 1586 1588 
f 8744 8741 1588 1589 
f 8747 8744 1589 1590 
f 8750 8747 1590 1591 
f 8753 8750 1591 1592 
f 8756 8753 1592 1593 
f 8759 8756 1593 1594 
f 8762 8759 1594 1595 
f 8765 8762 1595 1596 
f 8768 8765 1596 1597 
f 8771 8768 1597 1598 
f 8774 8771 1598 1599 
f 8777 8774 1599 1600 
f 8780 8777 1600 1601 
f 8734 8780 1601 1587 
s 1
f 1617 8783 8785 1602 
f 1602 8785 8788 1603 
f 8788 8791 1604 1603 
f 8791 8794 1605 1604 
f 8794 8797 1606 1605 
f 8797 8800 1607 1606 
f 8800 8803 1608 1607 
f 8803 8806 1609 1608 
f 8806 8809 1610 1609 
f 8809 8812 1611 1610 
f 8812 8815 1612 1611 
f 8815 8818 1613 1612 
f 8818 8821 1614 1613 
f 8821 8824 1615 1614 
f 8824 8827 1616 1615 
f 8827 8783 1617 1616 
f 1617 1602 1618 1633 
f 1602 1603 1619 1618 
f 1603 1604 1620 1619 
f 1604 1605 1621 1620 
f 1605 1606 1622 1621 
f 1606 1607 1623 1622 
f 1607 1608 1624 1623 
f 1608 1609 1625 1624 
f 1609 1610 1626 1625 
f 1610 1611 1627 1626 
f 1611 1612 1628 1627 
f 1612 1613 1629 1628 
f 1613 1614 1630 1629 
f 1614 1615 1631 1630 
f 1615 1616 1632 1631 
f 1616 1617 1633 1632 
f 1633 1618 1634 1649 
f 1618 1619 1635 1634 
f 1619 1620 1636 1635 
f 1620 1621 1637 1636 
f 1621 1622 1638 1637 
f 1622 1623 1639 1638 
f 1623 1624 1640 1639 
f 1624 1625 1641 1640 
f 1625 1626 1642 1641 
f 1626 1627 1643 1642 
f 1627 1628 1644 1643 
f 1628 1629 1645 1644 
f 1629 1630 1646 1645 
f 1630 1631 1647 1646 
f 1631 1632 1648 1647 
f 1632 1633 1649 1648 
f 1649 1634 1650 1665 
f 1634 1635 1651 1650 
f 1635 1636 1652 1651 
f 1636 1637 1653 1652 
f 1637 1638 1654 1653 
f 1638 1639 1655 1654 
f 1639 1640 1656 1655 
f 1640 1641 1657 1656 
f 1641 1642 1658 1657 
f 1642 1643 1659 1658 
f 1643 1644 1660 1659 
f 1644 1645 1661 1660 
f 1645 1646 1662 1661 
f 1646 1647 1663 1662 
f 1647 1648 1664 1663 
f 1648 1649 1665 1664 
s 2
f 8786 8782 1666 1667 
f 8789 8786 1667 1668 
f 8792 8789 1668 1669 
f 8795 8792 1669 1670 
f 8798 8795 1670 1671 
f 8801 8798 1671 1672 
f 8804 8801 1672 1673 
f 8807 8804 1673 1674 
f 8810 8807 1674 1675 
f 8813 8810 1675 1676 
f 8816 8813 1676 1677 
f 8819 8816 1677 1678 
f 8822 8819 1678 1679 
f 8825 8822 1679 1680 
f 8828 8825 1680 1681 
f 8782 8828 1681 1666 
s 1
f 1682 1683 8831 8833 
f 1683 1684 8837 8831 
f 1684 1685 8840 8837 
f 1685 1686 8843 8840 
f 1686 1687 8846 8843 
f 1687 1688 8849 8846 
f 1688 1689 8852 8849 
f 1689 1690 8855 8852 
f 1690 1691 8858 8855 
f 1691 1692 8861 8858 
f 1692 1693 8864 8861 
f 1693 1694 8867 8864 
f 1694 1695 8870 8867 
f 1695 1696 8873 8870 
f 1696 1697 8876 8873 
f 1697 1682 8833 8876 
f 1682 1699 1698 1683 
f 1683 1698 1700 1684 
f 1684 1700 1701 1685 
f 1685 1701 1702 1686 
f 1686 1702 1703 1687 
f 1687 1703 1704 1688 
f 1688 1704 1705 1689 
f 1689 1705 1706 1690 
f 1690 1706 1707 1691 
f 1691 1707 1708 1692 
f 1692 1708 1709 1693 
f 1693 1709 1710 1694 
f 1694 1710 1711 1695 
f 1695 1711 1712 1696 
f 1696 1712 1713 1697 
f 1697 1713 1699 1682 
f 1699 1715 1714 1698 
f 1698 1714 1716 1700 
f 1700 1716 1717 1701 
f 1701 1717 1718 1702 
f 1702 1718 1719 1703 
f 1703 1719 1720 1704 
f 1704 1720 1721 1705 
f 1705 1721 1722 1706 
f 1706 1722 1723 1707 
f 1707 1723 1724 1708 
f 1708 1724 1725 1709 
f 1709 1725 1726 1710 
f 1710 1726 1727 1711 
f 1711 1727 1728 1712 
f 1712 1728 1729 1713 
f 1713 1729 1715 1699 
f 1715 1731 1730 1714 
f 1714 1730 1732 1716 
f 1716 1732 1733 1717 
f 1717 1733 1734 1718 
f 1718 1734 1735 1719 
f 1719 1735 1736 1720 
f 1720 1736 1737 1721 
f 1721 1737 1738 1722 
f 1722 1738 1739 1723 
f 1723 1739 1740 1724 
f 1724 1740 1741 1725 
f 1725 1741 1742 1726 
f 1726 1742 1743 1727 
f 1727 1743 1744 1728 
f 1728 1744 1745 1729 
f 1729 1745 1731 1715 
s 2
f 1747 1746 8834 8830 
f 1748 1747 8830 8836 
f 1749 1748 8836 8839 
f 1750 1749 8839 8842 
f 1751 1750 8842 8845 
f 1752 1751 8845 8848 
f 1753 1752 8848 8851 
f 1754 1753 8851 8854 
f 1755 1754 8854 8857 
f 1756 1755 8857 8860 
f 1757 1756 8860 8863 
f 1758 1757 8863 8866 
f 1759 1758 8866 8869 
f 1760 1759 8869 8872 
f 1761 1760 8872 8875 
f 1746 1761 8875 8834 
s 1
f 1762 1763 8879 8881 
f 1763 1764 8885 8879 
f 1764 1765 8888 8885 
f 1765 1766 8891 8888 
f 1766 1767 8894 8891 
f 1767 1768 8897 8894 
f 1768 1769 8900 8897 
f 1769 1770 8903 8900 
f 1770 1771 8906 8903 
f 1771 1772 8909 8906 
f 1772 1773 8912 8909 
f 1773 1774 8915 8912 
f 1774 1775 8918 8915 
f 1775 1776 8921 8918 
f 1776 1777 8924 8921 
f 1777 1762 8881 8924 
f 1762 1779 1778 1763 
f 1763 1778 1780 1764 
f 1764 1780 1781 1765 
f 1765 1781 1782 1766 
f 1766 1782 1783 1767 
f 1767 1783 1784 1768 
f 1768 1784 1785 1769 
f 1769 1785 1786 1770 
f 1770 1786 1787 1771 
f 1771 1787 1788 1772 
f 1772 1788 1789 1773 
f 1773 1789 1790 1774 
f 1774 1790 1791 1775 
f 1775 1791 1792 1776 
f 1776 1792 1793 1777 
f 1777 1793 1779 1762 
f 1779 1795 1794 1778 
f 1778 1794 1796 1780 
f 1780 1796 1797 1781 
f 1781 1797 1798 1782 
f 1782 1798 1799 1783 
f 1783 1799 1800 1784 
f 1784 1800 1801 1785 
f 1785 1801 1802 1786 
f 1786 1802 1803 1787 
f 1787 1803 1804 1788 
f 1788 1804 1805 1789 
f 1789 1805 1806 1790 
f 1790 1806 1807 1791 
f 1791 1807 1808 1792 
f 1792 1808 1809 1793 
f 1793 1809 1795 1779 
f 1795 1811 1810 1794 
f 1794 1810 1812 1796 
f 1796 1812 1813 1797 
f 1797 1813 1814 1798 
f 1798 1814 1815 1799 
f 1799 1815 1816 1800 
f 1800 1816 1817 1801 
f 1801 1817 1818 1802 
f 1802 1818 1819 1803 
f 1803 1819 1820 1804 
f 1804 1820 1821 1805 
f 1805 1821 1822 1806 
f 1806 1822 1823 1807 
f 1807 1823 1824 1808 
f 1808 1824 1825 1809 
f 1809 1825 1811 1795 
s 2
f 1827 1826 8882 8878 
f 1828 1827 8878 8884 
f 1829 1828 8884 8887 
f 1830 1829 8887 8890 
f 1831 1830 8890 8893 
f 1832 1831 8893 8896 
f 1833 1832 8896 8899 
f 1834 1833 8899 8902 
f 1835 1834 8902 8905 
f 1836 1835 8905 8908 
f 1837 1836 8908 8911 
f 1838 1837 8911 8914 
f 1839 1838 8914 8917 
f 1840 1839 8917 8920 
f 1841 1840 8920 8923 
f 1826 1841 8923 8882 
s 1
f 1842 8927 8929 1843 
f 1843 8929 8932 1844 
f 8932 8935 1845 1844 
f 8935 8938 1846 1845 
f 8938 8941 1847 1846 
f 8941 8944 1848 1847 
f 8944 8947 1849 1848 
f 8947 8950 1850 1849 
f 8950 8953 1851 1850 
f 8953 8956 1852 1851 
f 8956 8959 1853 1852 
f 8959 8962 1854 1853 
f 8962 8965 1855 1854 
f 8965 8968 1856 1855 
f 8968 8971 1857 1856 
f 8971 8927 1842 1857 
f 1842 1843 1859 1858 
f 1843 1844 1860 1859 
f 1844 1845 1861 1860 
f 1845 1846 1862 1861 
f 1846 1847 1863 1862 
f 1847 1848 1864 1863 
f 1848 1849 1865 1864 
f 1849 1850 1866 1865 
f 1850 1851 1867 1866 
f 1851 1852 1868 1867 
f 1852 1853 1869 1868 
f 1853 1854 1870 1869 
f 1854 1855 1871 1870 
f 1855 1856 1872 1871 
f 1856 1857 1873 1872 
f 1857 1842 1858 1873 
f 1858 1859 1875 1874 
f 1859 1860 1876 1875 
f 1860 1861 1877 1876 
f 1861 1862 1878 1877 
f 1862 1863 1879 1878 
f 1863 1864 1880 1879 
f 1864 1865 1881 1880 
f 1865 1866 1882 1881 
f 1866 1867 1883 1882 
f 1867 1868 1884 1883 
f 1868 1869 1885 1884 
f 1869 1870 1886 1885 
f 1870 1871 1887 1886 
f 1871 1872 1888 1887 
f 1872 1873 1889 1888 
f 1873 1858 1874 1889 
f 1874 1875 1891 1890 
f 1875 1876 1892 1891 
f 1876 1877 1893 1892 
f 1877 1878 1894 1893 
f 1878 1879 1895 1894 
f 1879 1880 1896 1895 
f 1880 1881 1897 1896 
f 1881 1882 1898 1897 
f 1882 1883 1899 1898 
f 1883 1884 1900 1899 
f 1884 1885 1901 1900 
f 1885 1886 1902 1901 
f 1886 1887 1903 1902 
f 1887 1888 1904 1903 
f 1888 1889 1905 1904 
f 1889 1874 1890 1905 
s 2
f 8930 8926 1907 1906 
f 8933 8930 1906 1908 
f 8936 8933 1908 1909 
f 8939 8936 1909 1910 
f 8942 8939 1910 1911 
f 8945 8942 1911 1912 
f 8948 8945 1912 1913 
f 8951 8948 1913 1914 
f 8954 8951 1914 1915 
f 8957 8954 1915 1916 
f 8960 8957 1916 1917 
f 8963 8960 1917 1918 
f 8966 8963 1918 1919 
f 8969 8966 1919 1920 
f 8972 8969 1920 1921 
f 8926 8972 1921 1907 
s 1
f 1937 8975 8977 1922 
f 1922 8977 8980 1923 
f 8980 8983 1924 1923 
f 8983 8986 1925 1924 
f 8986 8989 1926 1925 
f 8989 8992 1927 1926 
f 8992 8995 1928 1927 
f 8995 8998 1929 1928 
f 8998 9001 1930 1929 
f 9001 9004 1931 1930 
f 9004 9007 1932 1931 
f 9007 9010 1933 1932 
f 9010 9013 1934 1933 
f 9013 9016 1935 1934 
f 9016 9019 1936 1935 
f 9019 8975 1937 1936 
f 1937 1922 1938 1953 
f 1922 1923 1939 1938 
f 1923 1924 1940 1939 
f 1924 1925 1941 1940 
f 1925 1926 1942 1941 
f 1926 1927 1943 1942 
f 1927 1928 1944 1943 
f 1928 1929 1945 1944 
f 1929 1930 1946 1945 
f 1930 1931 1947 1946 
f 1931 1932 1948 1947 
f 1932 1933 1949 1948 
f 1933 1934 1950 1949 
f 1934 1935 1951 1950 
f 1935 1936 1952 1951 
f 1936 1937 1953 1952 
f 1953 1938 1954 1969 
f 1938 1939 1955 1954 
f 1939 1940 1956 1955 
f 1940 1941 1957 1956 
f 1941 1942 1958 1957 
f 1942 1943 1959 1958 
f 1943 1944 1960 1959 
f 1944 1945 1961 1960 
f 1945 1946 1962 1961 
f 1946 1947 1963 1962 
f 1947 1948 1964 1963 
f 1948 1949 1965 1964 
f 1949 1950 1966 1965 
f 1950 1951 1967 1966 
f 1951 1952 1968 1967 
f 1952 1953 1969 1968 
f 1969 1954 1970 1985 
f 1954 1955 1971 1970 
f 1955 1956 1972 1971 
f 1956 1957 1973 1972 
f 1957 1958 1974 1973 
f 1958 1959 1975 1974 
f 1959 1960 1976 1975 
f 1960 1961 1977 1976 
f 1961 1962 1978 1977 
f 1962 1963 1979 1978 
f 1963 1964 1980 1979 
f 1964 1965 1981 1980 
f 1965 1966 1982 1981 
f 1966 1967 1983 1982 
f 1967 1968 1984 1983 
f 1968 1969 1985 1984 
s 2
f 8978 8974 1986 1987 
f 8981 8978 1987 1988 
f 8984 8981 1988 1989 
f 8987 8984 1989 1990 
f 8990 8987 1990 1991 
f 8993 8990 1991 1992 
f 8996 8993 1992 1993 
f 8999 8996 1993 1994 
f 9002 8999 1994 1995 
f 9005 9002 1995 1996 
f 9008 9005 1996 1997 
f 9011 9008 1997 1998 
f 9014 9011 1998 1999 
f 9017 9014 1999 2000 
f 9020 9017 2000 2001 
f 8974 9020 2001 1986 
s 1
f 2002 2003 9023 9025 
f 2003 2004 9029 9023 
f 2004 2005 9032 9029 
f 2005 2006 9035 9032 
f 2006 2007 9038 9035 
f 2007 2008 9041 9038 
f 2008 2009 9044 9041 
f 2009 2010 9047 9044 
f 2010 2011 9050 9047 
f 2011 2012 9053 9050 
f 2012 2013 9056 9053 
f 2013 2014 9059 9056 
f 2014 2015 9062 9059 
f 2015 2016 9065 9062 
f 2016 2017 9068 9065 
f 2017 2002 9025 9068 
f 2002 2019 2018 2003 
f 2003 2018 2020 2004 
f 2004 2020 2021 2005 
f 2005 2021 2022 2006 
f 2006 2022 2023 2007 
f 2007 2023 2024 2008 
f 2008 2024 2025 2009 
f 2009 2025 2026 2010 
f 2010 2026 2027 2011 
f 2011 2027 2028 2012 
f 2012 2028 2029 2013 
f 2013 2029 2030 2014 
f 2014 2030 2031 2015 
f 2015 2031 2032 2016 
f 2016 2032 2033 2017 
f 2017 2033 2019 2002 
f 2019 2035 2034 2018 
f 2018 2034 2036 2020 
f 2020 2036 2037 2021 
f 2021 2037 2038 2022 
f 2022 2038 2039 2023 
f 2023 2039 2040 2024 
f 2024 2040 2041 2025 
f 2025 2041 2042 2026 
f 2026 2042 2043 2027 
f 2027 2043 2044 2028 
f 2028 2044 2045 2029 
f 2029 2045 2046 2030 
f 2030 2046 2047 2031 
f 2031 2047 2048 2032 
f 2032 2048 2049 2033 
f 2033 2049 2035 2019 
f 2035 2051 2050 2034 
f 2034 2050 2052 2036 
f 2036 2052 2053 2037 
f 2037 2053 2054 2038 
f 2038 2054 2055 2039 
f 2039 2055 2056 2040 
f 2040 2056 2057 2041 
f 2041 2057 2058 2042 
f 2042 2058 2059 2043 
f 2043 2059 2060 2044 
f 2044 2060 2061 2045 
f 2045 2061 2062 2046 
f 2046 2062 2063 2047 
f 2047 2063 2064 2048 
f 2048 2064 2065 2049 
f 2049 2065 2051 2035 
s 2
f 2067 2066 9026 9022 
f 2068 2067 9022 9028 
f 2069 2068 9028 9031 
f 2070 2069 9031 9034 
f 2071 2070 9034 9037 
f 2072 2071 9037 9040 
f 2073 2072 9040 9043 
f 2074 2073 9043 9046 
f 2075 2074 9046 9049 
f 2076 2075 9049 9052 
f 2077 2076 9052 9055 
f 2078 2077 9055 9058 
f 2079 2078 9058 9061 
f 2080 2079 9061 9064 
f 2081 2080 9064 9067 
f 2066 2081 9067 9026 
s 1
f 2082 2083 9071 9073 
f 2083 2084 9077 9071 
f 2084 2085 9080 9077 
f 2085 2086 9083 9080 
f 2086 2087 9086 9083 
f 2087 2088 9089 9086 
f 2088 2089 9092 9089 
f 2089 2090 9095 9092 
f 2090 2091 9098 9095 
f 2091 2092 9101 9098 
f 2092 2093 9104 9101 
f 2093 2094 9107 9104 
f 2094 2095 9110 9107 
f 2095 2096 9113 9110 
f 2096 2097 9116 9113 
f 2097 2082 9073 9116 
f 2082 2099 2098 2083 
f 2083 2098 2100 2084 
f 2084 2100 2101 2085 
f 2085 2101 2102 2086 
f 2086 2102 2103 2087 
f 2087 2103 2104 2088 
f 2088 2104 2105 2089 
f 2089 2105 2106 2090 
f 2090 2106 2107 2091 
f 2091 2107 2108 2092 
f 2092 2108 2109 2093 
f 2093 2109 2110 2094 
f 2094 2110 2111 2095 
f 2095 2111 2112 2096 
f 2096 2112 2113 2097 
f 2097 2113 2099 2082 
f 2099 2115 2114 2098 
f 2098 2114 2116 2100 
f 2100 2116 2117 2101 
f 2101 2117 2118 2102 
f 2102 2118 2119 2103 
f 2103 2119 2120 2104 
f 2104 2120 2121 2105 
f 2105 2121 2122 2106 
f 2106 2122 2123 2107 
f 2107 2123 2124 2108 
f 2108 2124 2125 2109 
f 2109 2125 2126 2110 
f 2110 2126 2127 2111 
f 2111 2127 2128 2112 
f 2112 2128 2129 2113 
f 2113 2129 2115 2099 
f 2115 2131 2130 2114 
f 2114 2130 2132 2116 
f 2116 2132 2133 2117 
f 2117 2133 2134 2118 
f 2118 2134 2135 2119 
f 2119 2135 2136 2120 
f 2120 2136 2137 2121 
f 2121 2137 2138 2122 
f 2122 2138 2139 2123 
f 2123 2139 2140 2124 
f 2124 2140 2141 2125 
f 2125 2141 2142 2126 
f 2126 2142 2143 2127 
f 2127 2143 2144 2128 
f 2128 2144 2145 2129 
f 2129 2145 2131 2115 
s 2
f 2147 2146 9074 9070 
f 2148 2147 9070 9076 
f 2149 2148 9076 9079 
f 2150 2149 9079 9082 
f 2151 2150 9082 9085 
f 2152 2151 9085 9088 
f 2153 2152 9088 9091 
f 2154 2153 9091 9094 
f 2155 2154 9094 9097 
f 2156 2155 9097 9100 
f 2157 2156 9100 9103 
f 2158 2157 9103 9106 
f 2159 2158 9106 9109 
f 2160 2159 9109 9112 
f 2161 2160 9112 9115 
f 2146 2161 9115 9074 
s 1
f 2162 9119 9121 2163 
f 2163 9121 9124 2164 
f 9124 9127 2165 2164 
f 9127 9130 2166 2165 
f 9130 9133 2167 2166 
f 9133 9136 2168 2167 
f 9136 9139 2169 2168 
f 9139 9142 2170 2169 
f 9142 9145 2171 2170 
f 9145 9148 2172 2171 
f 9148 9151 2173 2172 
f 9151 9154 2174 2173 
f 9154 9157 2175 2174 
f 9157 9160 2176 2175 
f 9160 9163 2177 2176 
f 9163 9119 2162 2177 
f 2162 2163 2179 2178 
f 2163 2164 2180 2179 
f 2164 2165 2181 2180 
f 2165 2166 2182 2181 
f 2166 2167 2183 2182 
f 2167 2168 2184 2183 
f 2168 2169 2185 2184 
f 2169 2170 2186 2185 
f 2170 2171 2187 2186 
f 2171 2172 2188 2187 
f 2172 2173 2189 2188 
f 2173 2174 2190 2189 
f 2174 2175 2191 2190 
f 2175 2176 2192 2191 
f 2176 2177 2193 2192 
f 2177 2162 2178 2193 
f 2178 2179 2195 2194 
f 2179 2180 2196 2195 
f 2180 2181 2197 2196 
f 2181 2182 2198 2197 
f 2182 2183 2199 2198 
f 2183 2184 2200 2199 
f 2184 2185 2201 2200 
f 2185 2186 2202 2201 
f 2186 2187 2203 2202 
f 2187 2188 2204 2203 
f 2188 2189 2205 2204 
f 2189 2190 2206 2205 
f 2190 2191 2207 2206 
f 2191 2192 2208 2207 
f 2192 2193 2209 2208 
f 2193 2178 2194 2209 
f 2194 2195 2211 2210 
f 2195 2196 2212 2211 
f 2196 2197 2213 2212 
f 2197 2198 2214 2213 
f 2198 2199 2215 2214 
f 2199 2200 2216 2215 
f 2200 2201 2217 2216 
f 2201 2202 2218 2217 
f 2202 2203 2219 2218 
f 2203 2204 2220 2219 
f 2204 2205 2221 2220 
f 2205 2206 2222 2221 
f 2206 2207 2223 2222 
f 2207 2208 2224 2223 
f 2208 2209 2225 2224 
f 2209 2194 2210 2225 
s 2
f 9122 9118 2227 2226 
f 9125 9122 2226 2228 
f 9128 9125 2228 2229 
f 9131 9128 2229 2230 
f 9134 9131 2230 2231 
f 9137 9134 2231 2232 
f 9140 9137 2232 2233 
f 9143 9140 2233 2234 
f 9146 9143 2234 2235 
f 9149 9146 2235 2236 
f 9152 9149 2236 2237 
f 9155 9152 2237 2238 
f 9158 9155 2238 2239 
f 9161 9158 2239 2240 
f 9164 9161 2240 2241 
f 9118 9164 2241 2227 
s 1
f 2257 9167 9169 2242 
f 2242 9169 9172 2243 
f 9172 9175 2244 2243 
f 9175 9178 2245 2244 
f 9178 9181 2246 2245 
f 9181 9184 2247 2246 
f 9184 9187 2248 2247 
f 9187 9190 2249 2248 
f 9190 9193 2250 2249 
f 9193 9196 2251 2250 
f 9196 9199 2252 2251 
f 9199 9202 2253 2252 
f 9202 9205 2254 2253 
f 9205 9208 2255 2254 
f 9208 9211 2256 2255 
f 9211 9167 2257 2256 
f 2257 2242 2258 2273 
f 2242 2243 2259 2258 
f 2243 2244 2260 2259 
f 2244 2245 2261 2260 
f 2245 2246 2262 2261 
f 2246 2247 2263 2262 
f 2247 2248 2264 2263 
f 2248 2249 2265 2264 
f 2249 2250 2266 2265 
f 2250 2251 2267 2266 
f 2251 2252 2268 2267 
f 2252 2253 2269 2268 
f 2253 2254 2270 2269 
f 2254 2255 2271 2270 
f 2255 2256 2272 2271 
f 2256 2257 2273 2272 
f 2273 2258 2274 2289 
f 2258 2259 2275 2274 
f 2259 2260 2276 2275 
f 2260 2261 2277 2276 
f 2261 2262 2278 2277 
f 2262 2263 2279 2278 
f 2263 2264 2280 2279 
f 2264 2265 2281 2280 
f 2265 2266 2282 2281 
f 2266 2267 2283 2282 
f 2267 2268 2284 2283 
f 2268 2269 2285 2284 
f 2269 2270 2286 2285 
f 2270 2271 2287 2286 
f 2271 2272 2288 2287 
f 2272 2273 2289 2288 
f 2289 2274 2290 2305 
f 2274 2275 2291 2290 
f 2275 2276 2292 2291 
f 2276 2277 2293 2292 
f 2277 2278 2294 2293 
f 2278 2279 2295 2294 
f 2279 2280 2296 2295 
f 2280 2281 2297 2296 
f 2281 2282 2298 2297 
f 2282 2283 2299 2298 
f 2283 2284 2300 2299 
f 2284 2285 2301 2300 
f 2285 2286 2302 2301 
f 2286 2287 2303 2302 
f 2287 2288 2304 2303 
f 2288 2289 2305 2304 
s 2
f 9170 9166 2306 2307 
f 9173 9170 2307 2308 
f 9176 9173 2308 2309 
f 9179 9176 2309 2310 
f 9182 9179 2310 2311 
f 9185 9182 2311 2312 
f 9188 9185 2312 2313 
f 9191 9188 2313 2314 
f 9194 9191 2314 2315 
f 9197 9194 2315 2316 
f 9200 9197 2316 2317 
f 9203 9200 2317 2318 
f 9206 9203 2318 2319 
f 9209 9206 2319 2320 
f 9212 9209 2320 2321 
f 9166 9212 2321 2306 
s 1
f 2322 2323 9215 9217 
f 2323 2324 9221 9215 
f 2324 2325 9224 9221 
f 2325 2326 9227 9224 
f 2326 2327 9230 9227 
f 2327 2328 9233 9230 
f 2328 2329 9236 9233 
f 2329 2330 9239 9236 
f 2330 2331 9242 9239 
f 2331 2332 9245 9242 
f 2332 2333 9248 9245 
f 2333 2334 9251 9248 
f 2334 2335 9254 9251 
f 2335 2336 9257 9254 
f 2336 2337 9260 9257 
f 2337 2322 9217 9260 
f 2322 2339 2338 2323 
f 2323 2338 2340 2324 
f 2324 2340 2341 2325 
f 2325 2341 2342 2326 
f 2326 2342 2343 2327 
f 2327 2343 2344 2328 
f 2328 2344 2345 2329 
f 2329 2345 2346 2330 
f 2330 2346 2347 2331 
f 2331 2347 2348 2332 
f 2332 2348 2349 2333 
f 2333 2349 2350 2334 
f 2334 2350 2351 2335 
f 2335 2351 2352 2336 
f 2336 2352 2353 2337 
f 2337 2353 2339 2322 
f 2339 2355 2354 2338 
f 2338 2354 2356 2340 
f 2340 2356 2357 2341 
f 2341 2357 2358 2342 
f 2342 2358 2359 2343 
f 2343 2359 2360 2344 
f 2344 2360 2361 2345 
f 2345 2361 2362 2346 
f 2346 2362 2363 2347 
f 2347 2363 2364 2348 
f 2348 2364 2365 2349 
f 2349 2365 2366 2350 
f 2350 2366 2367 2351 
f 2351 2367 2368 2352 
f 2352 2368 2369 2353 
f 2353 2369 2355 2339 
f 2355 2371 2370 2354 
f 2354 2370 2372 2356 
f 2356 2372 2373 2357 
f 2357 2373 2374 2358 
f 2358 2374 2375 2359 
f 2359 2375 2376 2360 
f 2360 2376 2377 2361 
f 2361 2377 2378 2362 
f 2362 2378 2379 2363 
f 2363 2379 2380 2364 
f 2364 2380 2381 2365 
f 2365 2381 2382 2366 
f 2366 2382 2383 2367 
f 2367 2383 2384 2368 
f 2368 2384 2385 2369 
f 2369 2385 2371 2355 
s 2
f 2387 2386 9218 9214 
f 2388 2387 9214 9220 
f 2389 2388 9220 9223 
f 2390 2389 9223 9226 
f 2391 2390 9226 9229 
f 2392 2391 9229 9232 
f 2393 2392 9232 9235 
f 2394 2393 9235 9238 
f 2395 2394 9238 9241 
f 2396 2395 9241 9244 
f 2397 2396 9244 9247 
f 2398 2397 9247 9250 
f 2399 2398 9250 9253 
f 2400 2399 9253 9256 
f 2401 2400 9256 9259 
f 2386 2401 9259 9218 
s 1
f 2402 2403 9263 9265 
f 2403 2404 9269 9263 
f 2404 2405 9272 9269 
f 2405 2406 9275 9272 
f 2406 2407 9278 9275 
f 2407 2408 9281 9278 
f 2408 2409 9284 9281 
f 2409 2410 9287 9284 
f 2410 2411 9290 9287 
f 2411 2412 9293 9290 
f 2412 2413 9296 9293 
f 2413 2414 9299 9296 
f 2414 2415 9302 9299 
f 2415 2416 9305 9302 
f 2416 2417 9308 9305 
f 2417 2402 9265 9308 
f 2402 2419 2418 2403 
f 2403 2418 2420 2404 
f 2404 2420 2421 2405 
f 2405 2421 2422 2406 
f 2406 2422 2423 2407 
f 2407 2423 2424 2408 
f 2408 2424 2425 2409 
f 2409 2425 2426 2410 
f 2410 2426 2427 2411 
f 2411 2427 2428 2412 
f 2412 2428 2429 2413 
f 2413 2429 2430 2414 
f 2414 2430 2431 2415 
f 2415 2431 2432 2416 
f 2416 2432 2433 2417 
f 2417 2433 2419 2402 
f 2419 2435 2434 2418 
f 2418 2434 2436 2420 
f 2420 2436 2437 2421 
f 2421 2437 2438 2422 
f 2422 2438 2439 2423 
f 2423 2439 2440 2424 
f 2424 2440 2441 2425 
f 2425 2441 2442 2426 
f 2426 2442 2443 2427 
f 2427 2443 2444 2428 
f 2428 2444 2445 2429 
f 2429 2445 2446 2430 
f 2430 2446 2447 2431 
f 2431 2447 2448 2432 
f 2432 2448 2449 2433 
f 2433 2449 2435 2419 
f 2435 2451 2450 2434 
f 2434 2450 2452 2436 
f 2436 2452 2453 2437 
f 2437 2453 2454 2438 
f 2438 2454 2455 2439 
f 2439 2455 2456 2440 
f 2440 2456 2457 2441 
f 2441 2457 2458 2442 
f 2442 2458 2459 2443 
f 2443 2459 2460 2444 
f 2444 2460 2461 2445 
f 2445 2461 2462 2446 
f 2446 2462 2463 2447 
f 2447 2463 2464 2448 
f 2448 2464 2465 2449 
f 2449 2465 2451 2435 
s 2
f 2467 2466 9266 9262 
f 2468 2467 9262 9268 
f 2469 2468 9268 9271 
f 2470 2469 9271 9274 
f 2471 2470 9274 9277 
f 2472 2471 9277 9280 
f 2473 2472 9280 9283 
f 2474 2473 9283 9286 
f 2475 2474 9286 9289 
f 2476 2475 9289 9292 
f 2477 2476 9292 9295 
f 2478 2477 9295 9298 
f 2479 2478 9298 9301 
f 2480 2479 9301 9304 
f 2481 2480 9304 9307 
f 2466 2481 9307 9266 
s 1
f 2482 9311 9313 2483 
f 2483 9313 9316 2484 
f 9316 9319 2485 2484 
f 9319 9322 2486 2485 
f 9322 9325 2487 2486 
f 9325 9328 2488 2487 
f 9328 9331 2489 2488 
f 9331 9334 2490 2489 
f 9334 9337 2491 2490 
f 9337 9340 2492 2491 
f 9340 9343 2493 2492 
f 9343 9346 2494 2493 
f 9346 9349 2495 2494 
f 9349 9352 2496 2495 
f 9352 9355 2497 2496 
f 9355 9311 2482 2497 
f 2482 2483 2499 2498 
f 2483 2484 2500 2499 
f 2484 2485 2501 2500 
f 2485 2486 2502 2501 
f 2486 2487 2503 2502 
f 2487 2488 2504 2503 
f 2488 2489 2505 2504 
f 2489 2490 2506 2505 
f 2490 2491 2507 2506 
f 2491 2492 2508 2507 
f 2492 2493 2509 2508 
f 2493 2494 2510 2509 
f 2494 2495 2511 2510 
f 2495 2496 2512 2511 
f 2496 2497 2513 2512 
f 2497 2482 2498 2513 
f 2498 2499 2515 2514 
f 2499 2500 2516 2515 
f 2500 2501 2517 2516 
f 2501 2502 2518 2517 
f 2502 2503 2519 2518 
f 2503 2504 2520 2519 
f 2504 2505 2521 2520 
f 2505 2506 2522 2521 
f 2506 2507 2523 2522 
f 2507 2508 2524 2523 
f 2508 2509 2525 2524 
f 2509 2510 2526 2525 
f 2510 2511 2527 2526 
f 2511 2512 2528 2527 
f 2512 2513 2529 2528 
f 2513 2498 2514 2529 
f 2514 2515 2531 2530 
f 2515 2516 2532 2531 
f 2516 2517 2533 2532 
f 2517 2518 2534 2533 
f 2518 2519 2535 2534 
f 2519 2520 2536 2535 
f 2520 2521 2537 2536 
f 2521 2522 2538 2537 
f 2522 2523 2539 2538 
f 2523 2524 2540 2539 
f 2524 2525 2541 2540 
f 2525 2526 2542 2541 
f 2526 2527 2543 2542 
f 2527 2528 2544 2543 
f 2528 2529 2545 2544 
f 2529 2514 2530 2545 
s 2
f 9314 9310 2547 2546 
f 9317 9314 2546 2548 
f 9320 9317 2548 2549 
f 9323 9320 2549 2550 
f 9326 9323 2550 2551 
f 9329 9326 2551 2552 
f 9332 9329 2552 2553 
f 9335 9332 2553 2554 
f 9338 9335 2554 2555 
f 9341 9338 2555 2556 
f 9344 9341 2556 2557 
f 9347 9344 2557 2558 
f 9350 9347 2558 2559 
f 9353 9350 2559 2560 
f 9356 9353 2560 2561 
f 9310 9356 2561 2547 
s 1
f 2577 9359 9361 2562 
f 2562 9361 9364 2563 
f 9364 9367 2564 2563 
f 9367 9370 2565 2564 
f 9370 9373 2566 2565 
f 9373 9376 2567 2566 
f 9376 9379 2568 2567 
f 9379 9382 2569 2568 
f 9382 9385 2570 2569 
f 9385 9388 2571 2570 
f 9388 9391 2572 2571 
f 9391 9394 2573 2572 
f 9394 9397 2574 2573 
f 9397 9400 2575 2574 
f 9400 9403 2576 2575 
f 9403 9359 2577 2576 
f 2577 2562 2578 2593 
f 2562 2563 2579 2578 
f 2563 2564 2580 2579 
f 2564 2565 2581 2580 
f 2565 2566 2582 2581 
f 2566 2567 2583 2582 
f 2567 2568 2584 2583 
f 2568 2569 2585 2584 
f 2569 2570 2586 2585 
f 2570 2571 2587 2586 
f 2571 2572 2588 2587 
f 2572 2573 2589 2588 
f 2573 2574 2590 2589 
f 2574 2575 2591 2590 
f 2575 2576 2592 2591 
f 2576 2577 2593 2592 
f 2593 2578 2594 2609 
f 2578 2579 2595 2594 
f 2579 2580 2596 2595 
f 2580 2581 2597 2596 
f 2581 2582 2598 2597 
f 2582 2583 2599 2598 
f 2583 2584 2600 2599 
f 2584 2585 2601 2600 
f 2585 2586 2602 2601 
f 2586 2587 2603 2602 
f 2587 2588 2604 2603 
f 2588 2589 2605 2604 
f 2589 2590 2606 2605 
f 2590 2591 2607 2606 
f 2591 2592 2608 2607 
f 2592 2593 2609 2608 
f 2609 2594 2610 2625 
f 2594 2595 2611 2610 
f 2595 2596 2612 2611 
f 2596 2597 2613 2612 
f 2597 2598 2614 2613 
f 2598 2599 2615 2614 
f 2599 2600 2616 2615 
f 2600 2601 2617 2616 
f 2601 2602 2618 2617 
f 2602 2603 2619 2618 
f 2603 2604 2620 2619 
f 2604 2605 2621 2620 
f 2605 2606 2622 2621 
f 2606 2607 2623 2622 
f 2607 2608 2624 2623 
f 2608 2609 2625 2624 
s 2
f 9362 9358 2626 2627 
f 9365 9362 2627 2628 
f 9368 9365 2628 2629 
f 9371 9368 2629 2630 
f 9374 9371 2630 2631 
f 9377 9374 2631 2632 
f 9380 9377 2632 2633 
f 9383 9380 2633 2634 
f 9386 9383 2634 2635 
f 9389 9386 2635 2636 
f 9392 9389 2636 2637 
f 9395 9392 2637 2638 
f 9398 9395 2638 2639 
f 9401 9398 2639 2640 
f 9404 9401 2640 2641 
f 9358 9404 2641 2626 
s 1
f 2642 2643 9407 9409 
f 2643 2644 9413 9407 
f 2644 2645 9416 9413 
f 2645 2646 9419 9416 
f 2646 2647 9422 9419 
f 2647 2648 9425 9422 
f 2648 2649 9428 9425 
f 2649 2650 9431 9428 
f 2650 2651 9434 9431 
f 2651 2652 9437 9434 
f 2652 2653 9440 9437 
f 2653 2654 9443 9440 
f 2654 2655 9446 9443 
f 2655 2656 9449 9446 
f 2656 2657 9452 9449 
f 2657 2642 9409 9452 
f 2642 2659 2658 2643 
f 2643 2658 2660 2644 
f 2644 2660 2661 2645 
f 2645 2661 2662 2646 
f 2646 2662 2663 2647 
f 2647 2663 2664 2648 
f 2648 2664 2665 2649 
f 2649 2665 2666 2650 
f 2650 2666 2667 2651 
f 2651 2667 2668 2652 
f 2652 2668 2669 2653 
f 2653 2669 2670 2654 
f 2654 2670 2671 2655 
f 2655 2671 2672 2656 
f 2656 2672 2673 2657 
f 2657 2673 2659 2642 
f 2659 2675 2674 2658 
f 2658 2674 2676 2660 
f 2660 2676 2677 2661 
f 2661 2677 2678 2662 
f 2662 2678 2679 2663 
f 2663 2679 2680 2664 
f 2664 2680 2681 2665 
f 2665 2681 2682 2666 
f 2666 2682 2683 2667 
f 2667 2683 2684 2668 
f 2668 2684 2685 2669 
f 2669 2685 2686 2670 
f 2670 2686 2687 2671 
f 2671 2687 2688 2672 
f 2672 2688 2689 2673 
f 2673 2689 2675 2659 
f 2675 2691 2690 2674 
f 2674 2690 2692 2676 
f 2676 2692 2693 2677 
f 2677 2693 2694 2678 
f 2678 2694 2695 2679 
f 2679 2695 2696 2680 
f 2680 2696 2697 2681 
f 2681 2697 2698 2682 
f 2682 2698 2699 2683 
f 2683 2699 2700 2684 
f 2684 2700 2701 2685 
f 2685 2701 2702 2686 
f 2686 2702 2703 2687 
f 2687 2703 2704 2688 
f 2688 2704 2705 2689 
f 2689 2705 2691 2675 
s 2
f 2707 2706 9410 9406 
f 2708 2707 9406 9412 
f 2709 2708 9412 9415 
f 2710 2709 9415 9418 
f 2711 2710 9418 9421 
f 2712 2711 9421 9424 
f 2713 2712 9424 9427 
f 2714 2713 9427 9430 
f 2715 2714 9430 9433 
f 2716 2715 9433 9436 
f 2717 2716 9436 9439 
f 2718 2717 9439 9442 
f 2719 2718 9442 9445 
f 2720 2719 9445 9448 
f 2721 2720 9448 9451 
f 2706 2721 9451 9410 
s 1
f 2722 2723 9455 9457 
f 2723 2724 9461 9455 
f 2724 2725 9464 9461 
f 2725 2726 9467 9464 
f 2726 2727 9470 9467 
f 2727 2728 9473 9470 
f 2728 2729 9476 9473 
f 2729 2730 9479 9476 
f 2730 2731 9482 9479 
f 2731 2732 9485 9482 
f 2732 2733 9488 9485 
f 2733 2734 9491 9488 
f 2734 2735 9494 9491 
f 2735 2736 9497 9494 
f 2736 2737 9500 9497 
f 2737 2722 9457 9500 
f 2722 2739 2738 2723 
f 2723 2738 2740 2724 
f 2724 2740 2741 2725 
f 2725 2741 2742 2726 
f 2726 2742 2743 2727 
f 2727 2743 2744 2728 
f 2728 2744 2745 2729 
f 2729 2745 2746 2730 
f 2730 2746 2747 2731 
f 2731 2747 2748 2732 
f 2732 2748 2749 2733 
f 2733 2749 2750 2734 
f 2734 2750 2751 2735 
f 2735 2751 2752 2736 
f 2736 2752 2753 2737 
f 2737 2753 2739 2722 
f 2739 2755 2754 2738 
f 2738 2754 2756 2740 
f 2740 2756 2757 2741 
f 2741 2757 2758 2742 
f 2742 2758 2759 2743 
f 2743 2759 2760 2744 
f 2744 2760 2761 2745 
f 2745 2761 2762 2746 
f 2746 2762 2763 2747 
f 2747 2763 2764 2748 
f 2748 2764 2765 2749 
f 2749 2765 2766 2750 
f 2750 2766 2767 2751 
f 2751 2767 2768 2752 
f 2752 2768 2769 2753 
f 2753 2769 2755 2739 
f 2755 2771 2770 2754 
f 2754 2770 2772 2756 
f 2756 2772 2773 2757 
f 2757 2773 2774 2758 
f 2758 2774 2775 2759 
f 2759 2775 2776 2760 
f 2760 2776 2777 2761 
f 2761 2777 2778 2762 
f 2762 2778 2779 2763 
f 2763 2779 2780 2764 
f 2764 2780 2781 2765 
f 2765 2781 2782 2766 
f 2766 2782 2783 2767 
f 2767 2783 2784 2768 
f 2768 2784 2785 2769 
f 2769 2785 2771 2755 
s 2
f 2787 2786 9458 9454 
f 2788 2787 9454 9460 
f 2789 2788 9460 9463 
f 2790 2789 9463 9466 
f 2791 2790 9466 9469 
f 2792 2791 9469 9472 
f 2793 2792 9472 9475 
f 2794 2793 9475 9478 
f 2795 2794 9478 9481 
f 2796 2795 9481 9484 
f 2797 2796 9484 9487 
f 2798 2797 9487 9490 
f 2799 2798 9490 9493 
f 2800 2799 9493 9496 
f 2801 2800 9496 9499 
f 2786 2801 9499 9458 
s 1
f 2802 9503 9505 2803 
f 2803 9505 9508 2804 
f 9508 9511 2805 2804 
f 9511 9514 2806 2805 
f 9514 9517 2807 2806 
f 9517 9520 2808 2807 
f 9520 9523 2809 2808 
f 9523 9526 2810 2809 
f 9526 9529 2811 2810 
f 9529 9532 2812 2811 
f 9532 9535 2813 2812 
f 9535 9538 2814 2813 
f 9538 9541 2815 2814 
f 9541 9544 2816 2815 
f 9544 9547 2817 2816 
f 9547 9503 2802 2817 
f 2802 2803 2819 2818 
f 2803 2804 2820 2819 
f 2804 2805 2821 2820 
f 2805 2806 2822 2821 
f 2806 2807 2823 2822 
f 2807 2808 2824 2823 
f 2808 2809 2825 2824 
f 2809 2810 2826 2825 
f 2810 2811 2827 2826 
f 2811 2812 2828 2827 
f 2812 2813 2829 2828 
f 2813 2814 2830 2829 
f 2814 2815 2831 2830 
f 2815 2816 2832 2831 
f 2816 2817 2833 2832 
f 2817 2802 2818 2833 
f 2818 2819 2835 2834 
f 2819 2820 2836 2835 
f 2820 2821 2837 2836 
f 2821 2822 2838 2837 
f 2822 2823 2839 2838 
f 2823 2824 2840 2839 
f 2824 2825 2841 2840 
f 2825 2826 2842 2841 
f 2826 2827 2843 2842 
f 2827 2828 2844 2843 
f 2828 2829 2845 2844 
f 2829 2830 2846 2845 
f 2830 2831 2847 2846 
f 2831 2832 2848 2847 
f 2832 2833 2849 2848 
f 2833 2818 2834 2849 
f 2834 2835 2851 2850 
f 2835 2836 2852 2851 
f 2836 2837 2853 2852 
f 2837 2838 2854 2853 
f 2838 2839 2855 2854 
f 2839 2840 2856 2855 
f 2840 2841 2857 2856 
f 2841 2842 2858 2857 
f 2842 2843 2859 2858 
f 2843 2844 2860 2859 
f 2844 2845 2861 2860 
f 2845 2846 2862 2861 
f 2846 2847 2863 2862 
f 2847 2848 2864 2863 
f 2848 2849 2865 2864 
f 2849 2834 2850 2865 
s 2
f 9506 9502 2867 2866 
f 9509 9506 2866 2868 
f 9512 9509 2868 2869 
f 9515 9512 2869 2870 
f 9518 9515 2870 2871 
f 9521 9518 2871 2872 
f 9524 9521 2872 2873 
f 9527 9524 2873 2874 
f 9530 9527 2874 2875 
f 9533 9530 2875 2876 
f 9536 9533 2876 2877 
f 9539 9536 2877 2878 
f 9542 9539 2878 2879 
f 9545 9542 2879 2880 
f 9548 9545 2880 2881 
f 9502 9548 2881 2867 
s 1
f 2897 9551 9553 2882 
f 2882 9553 9556 2883 
f 9556 9559 2884 2883 
f 9559 9562 2885 2884 
f 9562 9565 2886 2885 
f 9565 9568 2887 2886 
f 9568 9571 2888 2887 
f 9571 9574 2889 2888 
f 9574 9577 2890 2889 
f 9577 9580 2891 2890 
f 9580 9583 2892 2891 
f 9583 9586 2893 2892 
f 9586 9589 2894 2893 
f 9589 9592 2895 2894 
f 9592 9595 2896 2895 
f 9595 9551 2897 2896 
f 2897 2882 2898 2913 
f 2882 2883 2899 2898 
f 2883 2884 2900 2899 
f 2884 2885 2901 2900 
f 2885 2886 2902 2901 
f 2886 2887 2903 2902 
f 2887 2888 2904 2903 
f 2888 2889 2905 2904 
f 2889 2890 2906 2905 
f 2890 2891 2907 2906 
f 2891 2892 2908 2907 
f 2892 2893 2909 2908 
f 2893 2894 2910 2909 
f 2894 2895 2911 2910 
f 2895 2896 2912 2911 
f 2896 2897 2913 2912 
f 2913 2898 2914 2929 
f 2898 2899 2915 2914 
f 2899 2900 2916 2915 
f 2900 2901 2917 2916 
f 2901 2902 2918 2917 
f 2902 2903 2919 2918 
f 2903 2904 2920 2919 
f 2904 2905 2921 2920 
f 2905 2906 2922 2921 
f 2906 2907 2923 2922 
f 2907 2908 2924 2923 
f 2908 2909 2925 2924 
f 2909 2910 2926 2925 
f 2910 2911 2927 2926 
f 2911 2912 2928 2927 
f 2912 2913 2929 2928 
f 2929 2914 2930 2945 
f 2914 2915 2931 2930 
f 2915 2916 2932 2931 
f 2916 2917 2933 2932 
f 2917 2918 2934 2933 
f 2918 2919 2935 2934 
f 2919 2920 2936 2935 
f 2920 2921 2937 2936 
f 2921 2922 2938 2937 
f 2922 2923 2939 2938 
f 2923 2924 2940 2939 
f 2924 2925 2941 2940 
f 2925 2926 2942 2941 
f 2926 2927 2943 2942 
f 2927 2928 2944 2943 
f 2928 2929 2945 2944 
s 2
f 9554 9550 2946 2947 
f 9557 9554 2947 2948 
f 9560 9557 2948 2949 
f 9563 9560 2949 2950 
f 9566 9563 2950 2951 
f 9569 9566 2951 2952 
f 9572 9569 2952 2953 
f 9575 9572 2953 2954 
f 9578 9575 2954 2955 
f 9581 9578 2955 2956 
f 9584 9581 2956 2957 
f 9587 9584 2957 2958 
f 9590 9587 2958 2959 
f 9593 9590 2959 2960 
f 9596 9593 2960 2961 
f 9550 9596 2961 2946 
s 1
f 2962 2963 9599 9601 
f 2963 2964 9605 9599 
f 2964 2965 9608 9605 
f 2965 2966 9611 9608 
f 2966 2967 9614 9611 
f 2967 2968 9617 9614 
f 2968 2969 9620 9617 
f 2969 2970 9623 9620 
f 2970 2971 9626 9623 
f 2971 2972 9629 9626 
f 2972 2973 9632 9629 
f 2973 2974 9635 9632 
f 2974 2975 9638 9635 
f 2975 2976 9641 9638 
f 2976 2977 9644 9641 
f 2977 2962 9601 9644 
f 2962 2979 2978 2963 
f 2963 2978 2980 2964 
f 2964 2980 2981 2965 
f 2965 2981 2982 2966 
f 2966 2982 2983 2967 
f 2967 2983 2984 2968 
f 2968 2984 2985 2969 
f 2969 2985 2986 2970 
f 2970 2986 2987 2971 
f 2971 2987 2988 2972 
f 2972 2988 2989 2973 
f 2973 2989 2990 2974 
f 2974 2990 2991 2975 
f 2975 2991 2992 2976 
f 2976 2992 2993 2977 
f 2977 2993 2979 2962 
f 2979 2995 2994 2978 
f 2978 2994 2996 2980 
f 2980 2996 2997 2981 
f 2981 2997 2998 2982 
f 2982 2998 2999 2983 
f 2983 2999 3000 2984 
f 2984 3000 3001 2985 
f 2985 3001 3002 2986 
f 2986 3002 3003 2987 
f 2987 3003 3004 2988 
f 2988 3004 3005 2989 
f 2989 3005 3006 2990 
f 2990 3006 3007 2991 
f 2991 3007 3008 2992 
f 2992 3008 3009 2993 
f 2993 3009 2995 2979 
f 2995 3011 3010 2994 
f 2994 3010 3012 2996 
f 2996 3012 3013 2997 
f 2997 3013 3014 2998 
f 2998 3014 3015 2999 
f 2999 3015 3016 3000 
f 3000 3016 3017 3001 
f 3001 3017 3018 3002 
f 3002 3018 3019 3003 
f 3003 3019 3020 3004 
f 3004 3020 3021 3005 
f 3005 3021 3022 3006 
f 3006 3022 3023 3007 
f 3007 3023 3024 3008 
f 3008 3024 3025 3009 
f 3009 3025 3011 2995 
s 2
f 3027 3026 9602 9598 
f 3028 3027 9598 9604 
f 3029 3028 9604 9607 
f 3030 3029 9607 9610 
f 3031 3030 9610 9613 
f 3032 3031 9613 9616 
f 3033 3032 9616 9619 
f 3034 3033 9619 9622 
f 3035 3034 9622 9625 
f 3036 3035 9625 9628 
f 3037 3036 9628 9631 
f 3038 3037 9631 9634 
f 3039 3038 9634 9637 
f 3040 3039 9637 9640 
f 3041 3040 9640 9643 
f 3026 3041 9643 9602 
s 1
f 3042 3043 9647 9649 
f 3043 3044 9653 9647 
f 3044 3045 9656 9653 
f 3045 3046 9659 9656 
f 3046 3047 9662 9659 
f 3047 3048 9665 9662 
f 3048 3049 9668 9665 
f 3049 3050 9671 9668 
f 3050 3051 9674 9671 
f 3051 3052 9677 9674 
f 3052 3053 9680 9677 
f 3053 3054 9683 9680 
f 3054 3055 9686 9683 
f 3055 3056 9689 9686 
f 3056 3057 9692 9689 
f 3057 3042 9649 9692 
f 3042 3059 3058 3043 
f 3043 3058 3060 3044 
f 3044 3060 3061 3045 
f 3045 3061 3062 3046 
f 3046 3062 3063 3047 
f 3047 3063 3064 3048 
f 3048 3064 3065 3049 
f 3049 3065 3066 3050 
f 3050 3066 3067 3051 
f 3051 3067 3068 3052 
f 3052 3068 3069 3053 
f 3053 3069 3070 3054 
f 3054 3070 3071 3055 
f 3055 3071 3072 3056 
f 3056 3072 3073 3057 
f 3057 3073 3059 3042 
f 3059 3075 3074 3058 
f 3058 3074 3076 3060 
f 3060 3076 3077 3061 
f 3061 3077 3078 3062 
f 3062 3078 3079 3063 
f 3063 3079 3080 3064 
f 3064 3080 3081 3065 
f 3065 3081 3082 3066 
f 3066 3082 3083 3067 
f 3067 3083 3084 3068 
f 3068 3084 3085 3069 
f 3069 3085 3086 3070 
f 3070 3086 3087 3071 
f 3071 3087 3088 3072 
f 3072 3088 3089 3073 
f 3073 3089 3075 3059 
f 3075 3091 3090 3074 
f 3074 3090 3092 3076 
f 3076 3092 3093 3077 
f 3077 3093 3094 3078 
f 3078 3094 3095 3079 
f 3079 3095 3096 3080 
f 3080 3096 3097 3081 
f 3081 3097 3098 3082 
f 3082 3098 3099 3083 
f 3083 3099 3100 3084 
f 3084 3100 3101 3085 
f 3085 3101 3102 3086 
f 3086 3102 3103 3087 
f 3087 3103 3104 3088 
f 3088 3104 3105 3089 
f 3089 3105 3091 3075 
s 2
f 3107 3106 9650 9646 
f 3108 3107 9646 9652 
f 3109 3108 9652 9655 
f 3110 3109 9655 9658 
f 3111 3110 9658 9661 
f 3112 3111 9661 9664 
f 3113 3112 9664 9667 
f 3114 3113 9667 9670 
f 3115 3114 9670 9673 
f 3116 3115 9673 9676 
f 3117 3116 9676 9679 
f 3118 3117 9679 9682 
f 3119 3118 9682 9685 
f 3120 3119 9685 9688 
f 3121 3120 9688 9691 
f 3106 3121 9691 9650 
s 1
f 3122 9695 9697 3123 
f 3123 9697 9700 3124 
f 9700 9703 3125 3124 
f 9703 9706 3126 3125 
f 9706 9709 3127 3126 
f 9709 9712 3128 3127 
f 9712 9715 3129 3128 
f 9715 9718 3130 3129 
f 9718 9721 3131 3130 
f 9721 9724 3132 3131 
f 9724 9727 3133 3132 
f 9727 9730 3134 3133 
f 9730 9733 3135 3134 
f 9733 9736 3136 3135 
f 9736 9739 3137 3136 
f 9739 9695 3122 3137 
f 3122 3123 3139 3138 
f 3123 3124 3140 3139 
f 3124 3125 3141 3140 
f 3125 3126 3142 3141 
f 3126 3127 3143 3142 
f 3127 3128 3144 3143 
f 3128 3129 3145 3144 
f 3129 3130 3146 3145 
f 3130 3131 3147 3146 
f 3131 3132 3148 3147 
f 3132 3133 3149 3148 
f 3133 3134 3150 3149 
f 3134 3135 3151 3150 
f 3135 3136 3152 3151 
f 3136 3137 3153 3152 
f 3137 3122 3138 3153 
f 3138 3139 3155 3154 
f 3139 3140 3156 3155 
f 3140 3141 3157 3156 
f 3141 3142 3158 3157 
f 3142 3143 3159 3158 
f 3143 3144 3160 3159 
f 3144 3145 3161 3160 
f 3145 3146 3162 3161 
f 3146 3147 3163 3162 
f 3147 3148 3164 3163 
f 3148 3149 3165 3164 
f 3149 3150 3166 3165 
f 3150 3151 3167 3166 
f 3151 3152 3168 3167 
f 3152 3153 3169 3168 
f 3153 3138 3154 3169 
f 3154 3155 3171 3170 
f 3155 3156 3172 3171 
f 3156 3157 3173 3172 
f 3157 3158 3174 3173 
f 3158 3159 3175 3174 
f 3159 3160 3176 3175 
f 3160 3161 3177 3176 
f 3161 3162 3178 3177 
f 3162 3163 3179 3178 
f 3163 3164 3180 3179 
f 3164 3165 3181 3180 
f 3165 3166 3182 3181 
f 3166 3167 3183 3182 
f 3167 3168 3184 3183 
f 3168 3169 3185 3184 
f 3169 3154 3170 3185 
s 2
f 9698 9694 3187 3186 
f 9701 9698 3186 3188 
f 9704 9701 3188 3189 
f 9707 9704 3189 3190 
f 9710 9707 3190 3191 
f 9713 9710 3191 3192 
f 9716 9713 3192 3193 
f 9719 9716 3193 3194 
f 9722 9719 3194 3195 
f 9725 9722 3195 3196 
f 9728 9725 3196 3197 
f 9731 9728 3197 3198 
f 9734 9731 3198 3199 
f 9737 9734 3199 3200 
f 9740 9737 3200 3201 
f 9694 9740 3201 3187 
s 1
f 3217 9743 9745 3202 
f 3202 9745 9748 3203 
f 9748 9751 3204 3203 
f 9751 9754 3205 3204 
f 9754 9757 3206 3205 
f 9757 9760 3207 3206 
f 9760 9763 3208 3207 
f 9763 9766 3209 3208 
f 9766 9769 3210 3209 
f 9769 9772 3211 3210 
f 9772 9775 3212 3211 
f 9775 9778 3213 3212 
f 9778 9781 3214 3213 
f 9781 9784 3215 3214 
f 9784 9787 3216 3215 
f 9787 9743 3217 3216 
f 3217 3202 3218 3233 
f 3202 3203 3219 3218 
f 3203 3204 3220 3219 
f 3204 3205 3221 3220 
f 3205 3206 3222 3221 
f 3206 3207 3223 3222 
f 3207 3208 3224 3223 
f 3208 3209 3225 3224 
f 3209 3210 3226 3225 
f 3210 3211 3227 3226 
f 3211 3212 3228 3227 
f 3212 3213 3229 3228 
f 3213 3214 3230 3229 
f 3214 3215 3231 3230 
f 3215 3216 3232 3231 
f 3216 3217 3233 3232 
f 3233 3218 3234 3249 
f 3218 3219 3235 3234 
f 3219 3220 3236 3235 
f 3220 3221 3237 3236 
f 3221 3222 3238 3237 
f 3222 3223 3239 3238 
f 3223 3224 3240 3239 
f 3224 3225 3241 3240 
f 3225 3226 3242 3241 
f 3226 3227 3243 3242 
f 3227 3228 3244 3243 
f 3228 3229 3245 3244 
f 3229 3230 3246 3245 
f 3230 3231 3247 3246 
f 3231 3232 3248 3247 
f 3232 3233 3249 3248 
f 3249 3234 3250 3265 
f 3234 3235 3251 3250 
f 3235 3236 3252 3251 
f 3236 3237 3253 3252 
f 3237 3238 3254 3253 
f 3238 3239 3255 3254 
f 3239 3240 3256 3255 
f 3240 3241 3257 3256 
f 3241 3242 3258 3257 
f 3242 3243 3259 3258 
f 3243 3244 3260 3259 
f 3244 3245 3261 3260 
f 3245 3246 3262 3261 
f 3246 3247 3263 3262 
f 3247 3248 3264 3263 
f 3248 3249 3265 3264 
s 2
f 9746 9742 3266 3267 
f 9749 9746 3267 3268 
f 9752 9749 3268 3269 
f 9755 9752 3269 3270 
f 9758 9755 3270 3271 
f 9761 9758 3271 3272 
f 9764 9761 3272 3273 
f 9767 9764 3273 3274 
f 9770 9767 3274 3275 
f 9773 9770 3275 3276 
f 9776 9773 3276 3277 
f 9779 9776 3277 3278 
f 9782 9779 3278 3279 
f 9785 9782 3279 3280 
f 9788 9785 3280 3281 
f 9742 9788 3281 3266 
s 1
f 3282 3283 9791 9793 
f 3283 3284 9797 9791 
f 3284 3285 9800 9797 
f 3285 3286 9803 9800 
f 3286 3287 9806 9803 
f 3287 3288 9809 9806 
f 3288 3289 9812 9809 
f 3289 3290 9815 9812 
f 3290 3291 9818 9815 
f 3291 3292 9821 9818 
f 3292 3293 9824 9821 
f 3293 3294 9827 9824 
f 3294 3295 9830 9827 
f 3295 3296 9833 9830 
f 3296 3297 9836 9833 
f 3297 3282 9793 9836 
f 3282 3299 3298 3283 
f 3283 3298 3300 3284 
f 3284 3300 3301 3285 
f 3285 3301 3302 3286 
f 3286 3302 3303 3287 
f 3287 3303 3304 3288 
f 3288 3304 3305 3289 
f 3289 3305 3306 3290 
f 3290 3306 3307 3291 
f 3291 3307 3308 3292 
f 3292 3308 3309 3293 
f 3293 3309 3310 3294 
f 3294 3310 3311 3295 
f 3295 3311 3312 3296 
f 3296 3312 3313 3297 
f 3297 3313 3299 3282 
f 3299 3315 3314 3298 
f 3298 3314 3316 3300 
f 3300 3316 3317 3301 
f 3301 3317 3318 3302 
f 3302 3318 3319 3303 
f 3303 3319 3320 3304 
f 3304 3320 3321 3305 
f 3305 3321 3322 3306 
f 3306 3322 3323 3307 
f 3307 3323 3324 3308 
f 3308 3324 3325 3309 
f 3309 3325 3326 3310 
f 3310 3326 3327 3311 
f 3311 3327 3328 3312 
f 3312 3328 3329 3313 
f 3313 3329 3315 3299 
f 3315 3331 3330 3314 
f 3314 3330 3332 3316 
f 3316 3332 3333 3317 
f 3317 3333 3334 3318 
f 3318 3334 3335 3319 
f 3319 3335 3336 3320 
f 3320 3336 3337 3321 
f 3321 3337 3338 3322 
f 3322 3338 3339 3323 
f 3323 3339 3340 3324 
f 3324 3340 3341 3325 
f 3325 3341 3342 3326 
f 3326 3342 3343 3327 
f 3327 3343 3344 3328 
f 3328 3344 3345 3329 
f 3329 3345 3331 3315 
s 2
f 3347 3346 9794 9790 
f 3348 3347 9790 9796 
f 3349 3348 9796 9799 
f 3350 3349 9799 9802 
f 3351 3350 9802 9805 
f 3352 3351 9805 9808 
f 3353 3352 9808 9811 
f 3354 3353 9811 9814 
f 3355 3354 9814 9817 
f 3356 3355 9817 9820 
f 3357 3356 9820 9823 
f 3358 3357 9823 9826 
f 3359 3358 9826 9829 
f 3360 3359 9829 9832 
f 3361 3360 9832 9835 
f 3346 3361 9835 9794 
s 1
f 3362 3363 9839 9841 
f 3363 3364 9845 9839 
f 3364 3365 9848 9845 
f 3365 3366 9851 9848 
f 3366 3367 9854 9851 
f 3367 3368 9857 9854 
f 3368 3369 9860 9857 
f 3369 3370 9863 9860 
f 3370 3371 9866 9863 
f 3371 3372 9869 9866 
f 3372 3373 9872 9869 
f 3373 3374 9875 9872 
f 3374 3375 9878 9875 
f 3375 3376 9881 9878 
f 3376 3377 9884 9881 
f 3377 3362 9841 9884 
f 3362 3379 3378 3363 
f 3363 3378 3380 3364 
f 3364 3380 3381 3365 
f 3365 3381 3382 3366 
f 3366 3382 3383 3367 
f 3367 3383 3384 3368 
f 3368 3384 3385 3369 
f 3369 3385 3386 3370 
f 3370 3386 3387 3371 
f 3371 3387 3388 3372 
f 3372 3388 3389 3373 
f 3373 3389 3390 3374 
f 3374 3390 3391 3375 
f 3375 3391 3392 3376 
f 3376 3392 3393 3377 
f 3377 3393 3379 3362 
f 3379 3395 3394 3378 
f 3378 3394 3396 3380 
f 3380 3396 3397 3381 
f 3381 3397 3398 3382 
f 3382 3398 3399 3383 
f 3383 3399 3400 3384 
f 3384 3400 3401 3385 
f 3385 3401 3402 3386 
f 3386 3402 3403 3387 
f 3387 3403 3404 3388 
f 3388 3404 3405 3389 
f 3389 3405 3406 3390 
f 3390 3406 3407 3391 
f 3391 3407 3408 3392 
f 3392 3408 3409 3393 
f 3393 3409 3395 3379 
f 3395 3411 3410 3394 
f 3394 3410 3412 3396 
f 3396 3412 3413 3397 
f 3397 3413 3414 3398 
f 3398 3414 3415 3399 
f 3399 3415 3416 3400 
f 3400 3416 3417 3401 
f 3401 3417 3418 3402 
f 3402 3418 3419 3403 
f 3403 3419 3420 3404 
f 3404 3420 3421 3405 
f 3405 3421 3422 3406 
f 3406 3422 3423 3407 
f 3407 3423 3424 3408 
f 3408 3424 3425 3409 
f 3409 3425 3411 3395 
s 2
f 3427 3426 9842 9838 
f 3428 3427 9838 9844 
f 3429 3428 9844 9847 
f 3430 3429 9847 9850 
f 3431 3430 9850 9853 
f 3432 3431 9853 9856 
f 3433 3432 9856 9859 
f 3434 3433 9859 9862 
f 3435 3434 9862 9865 
f 3436 3435 9865 9868 
f 3437 3436 9868 9871 
f 3438 3437 9871 9874 
f 3439 3438 9874 9877 
f 3440 3439 9877 9880 
f 3441 3440 9880 9883 
f 3426 3441 9883 9842 
s 1
f 3442 9887 9889 3443 
f 3443 9889 9892 3444 
f 9892 9895 3445 3444 
f 9895 9898 3446 3445 
f 9898 9901 3447 3446 
f 9901 9904 3448 3447 
f 9904 9907 3449 3448 
f 9907 9910 3450 3449 
f 9910 9913 3451 3450 
f 9913 9916 3452 3451 
f 9916 9919 3453 3452 
f 9919 9922 3454 3453 
f 9922 9925 3455 3454 
f 9925 9928 3456 3455 
f 9928 9931 3457 3456 
f 9931 9887 3442 3457 
f 3442 3443 3459 3458 
f 3443 3444 3460 3459 
f 3444 3445 3461 3460 
f 3445 3446 3462 3461 
f 3446 3447 3463 3462 
f 3447 3448 3464 3463 
f 3448 3449 3465 3464 
f 3449 3450 3466 3465 
f 3450 3451 3467 3466 
f 3451 3452 3468 3467 
f 3452 3453 3469 3468 
f 3453 3454 3470 3469 
f 3454 3455 3471 3470 
f 3455 3456 3472 3471 
f 3456 3457 3473 3472 
f 3457 3442 3458 3473 
f 3458 3459 3475 3474 
f 3459 3460 3476 3475 
f 3460 3461 3477 3476 
f 3461 3462 3478 3477 
f 3462 3463 3479 3478 
f 3463 3464 3480 3479 
f 3464 3465 3481 3480 
f 3465 3466 3482 3481 
f 3466 3467 3483 3482 
f 3467 3468 3484 3483 
f 3468 3469 3485 3484 
f 3469 3470 3486 3485 
f 3470 3471 3487 3486 
f 3471 3472 3488 3487 
f 3472 3473 3489 3488 
f 3473 3458 3474 3489 
f 3474 3475 3491 3490 
f 3475 3476 3492 3491 
f 3476 3477 3493 3492 
f 3477 3478 3494 3493 
f 3478 3479 3495 3494 
f 3479 3480 3496 3495 
f 3480 3481 3497 3496 
f 3481 3482 3498 3497 
f 3482 3483 3499 3498 
f 3483 3484 3500 3499 
f 3484 3485 3501 3500 
f 3485 3486 3502 3501 
f 3486 3487 3503 3502 
f 3487 3488 3504 3503 
f 3488 3489 3505 3504 
f 3489 3474 3490 3505 
s 2
f 9890 9886 3507 3506 
f 9893 9890 3506 3508 
f 9896 9893 3508 3509 
f 9899 9896 3509 3510 
f 9902 9899 3510 3511 
f 9905 9902 3511 3512 
f 9908 9905 3512 3513 
f 9911 9908 3513 3514 
f 9914 9911 3514 3515 
f 9917 9914 3515 3516 
f 9920 9917 3516 3517 
f 9923 9920 3517 3518 
f 9926 9923 3518 3519 
f 9929 9926 3519 3520 
f 9932 9929 3520 3521 
f 9886 9932 3521 3507 
s 1
f 3537 9935 9937 3522 
f 3522 9937 9940 3523 
f 9940 9943 3524 3523 
f 9943 9946 3525 3524 
f 9946 9949 3526 3525 
f 9949 9952 3527 3526 
f 9952 9955 3528 3527 
f 9955 9958 3529 3528 
f 9958 9961 3530 3529 
f 9961 9964 3531 3530 
f 9964 9967 3532 3531 
f 9967 9970 3533 3532 
f 9970 9973 3534 3533 
f 9973 9976 3535 3534 
f 9976 9979 3536 3535 
f 9979 9935 3537 3536 
f 3537 3522 3538 3553 
f 3522 3523 3539 3538 
f 3523 3524 3540 3539 
f 3524 3525 3541 3540 
f 3525 3526 3542 3541 
f 3526 3527 3543 3542 
f 3527 3528 3544 3543 
f 3528 3529 3545 3544 
f 3529 3530 3546 3545 
f 3530 3531 3547 3546 
f 3531 3532 3548 3547 
f 3532 3533 3549 3548 
f 3533 3534 3550 3549 
f 3534 3535 3551 3550 
f 3535 3536 3552 3551 
f 3536 3537 3553 3552 
f 3553 3538 3554 3569 
f 3538 3539 3555 3554 
f 3539 3540 3556 3555 
f 3540 3541 3557 3556 
f 3541 3542 3558 3557 
f 3542 3543 3559 3558 
f 3543 3544 3560 3559 
f 3544 3545 3561 3560 
f 3545 3546 3562 3561 
f 3546 3547 3563 3562 
f 3547 3548 3564 3563 
f 3548 3549 3565 3564 
f 3549 3550 3566 3565 
f 3550 3551 3567 3566 
f 3551 3552 3568 3567 
f 3552 3553 3569 3568 
f 3569 3554 3570 3585 
f 3554 3555 3571 3570 
f 3555 3556 3572 3571 
f 3556 3557 3573 3572 
f 3557 3558 3574 3573 
f 3558 3559 3575 3574 
f 3559 3560 3576 3575 
f 3560 3561 3577 3576 
f 3561 3562 3578 3577 
f 3562 3563 3579 3578 
f 3563 3564 3580 3579 
f 3564 3565 3581 3580 
f 3565 3566 3582 3581 
f 3566 3567 3583 3582 
f 3567 3568 3584 3583 
f 3568 3569 3585 3584 
s 2
f 9938 9934 3586 3587 
f 9941 9938 3587 3588 
f 9944 9941 3588 3589 
f 9947 9944 3589 3590 
f 9950 9947 3590 3591 
f 9953 9950 3591 3592 
f 9956 9953 3592 3593 
f 9959 9956 3593 3594 
f 9962 9959 3594 3595 
f 9965 9962 3595 3596 
f 9968 9965 3596 3597 
f 9971 9968 3597 3598 
f 9974 9971 3598 3599 
f 9977 9974 3599 3600 
f 9980 9977 3600 3601 
f 9934 9980 3601 3586 
s 1
f 3617 9983 9985 3602 
f 3602 9985 9988 3603 
f 9988 9991 3604 3603 
f 9991 9994 3605 3604 
f 9994 9997 3606 3605 
f 9997 10000 3607 3606 
f 10000 10003 3608 3607 
f 10003 10006 3609 3608 
f 10006 10009 3610 3609 
f 10009 10012 3611 3610 
f 10012 10015 3612 3611 
f 10015 10018 3613 3612 
f 10018 10021 3614 3613 
f 10021 10024 3615 3614 
f 10024 10027 3616 3615 
f 10027 9983 3617 3616 
f 3617 3602 3618 3633 
f 3602 3603 3619 3618 
f 3603 3604 3620 3619 
f 3604 3605 3621 3620 
f 3605 3606 3622 3621 
f 3606 3607 3623 3622 
f 3607 3608 3624 3623 
f 3608 3609 3625 3624 
f 3609 3610 3626 3625 
f 3610 3611 3627 3626 
f 3611 3612 3628 3627 
f 3612 3613 3629 3628 
f 3613 3614 3630 3629 
f 3614 3615 3631 3630 
f 3615 3616 3632 3631 
f 3616 3617 3633 3632 
f 3633 3618 3634 3649 
f 3618 3619 3635 3634 
f 3619 3620 3636 3635 
f 3620 3621 3637 3636 
f 3621 3622 3638 3637 
f 3622 3623 3639 3638 
f 3623 3624 3640 3639 
f 3624 3625 3641 3640 
f 3625 3626 3642 3641 
f 3626 3627 3643 3642 
f 3627 3628 3644 3643 
f 3628 3629 3645 3644 
f 3629 3630 3646 3645 
f 3630 3631 3647 3646 
f 3631 3632 3648 3647 
f 3632 3633 3649 3648 
f 3649 3634 3650 3665 
f 3634 3635 3651 3650 
f 3635 3636 3652 3651 
f 3636 3637 3653 3652 
f 3637 3638 3654 3653 
f 3638 3639 3655 3654 
f 3639 3640 3656 3655 
f 3640 3641 3657 3656 
f 3641 3642 3658 3657 
f 3642 3643 3659 3658 
f 3643 3644 3660 3659 
f 3644 3645 3661 3660 
f 3645 3646 3662 3661 
f 3646 3647 3663 3662 
f 3647 3648 3664 3663 
f 3648 3649 3665 3664 
s 2
f 9986 9982 3666 3667 
f 9989 9986 3667 3668 
f 9992 9989 3668 3669 
f 9995 9992 3669 3670 
f 9998 9995 3670 3671 
f 10001 9998 3671 3672 
f 10004 10001 3672 3673 
f 10007 10004 3673 3674 
f 10010 10007 3674 3675 
f 10013 10010 3675 3676 
f 10016 10013 3676 3677 
f 10019 10016 3677 3678 
f 10022 10019 3678 3679 
f 10025 10022 3679 3680 
f 10028 10025 3680 3681 
f 9982 10028 3681 3666 
s 1
f 3682 3683 10031 10033 
f 3683 3684 10037 10031 
f 3684 3685 10040 10037 
f 3685 3686 10043 10040 
f 3686 3687 10046 10043 
f 3687 3688 10049 10046 
f 3688 3689 10052 10049 
f 3689 3690 10055 10052 
f 3690 3691 10058 10055 
f 3691 3692 10061 10058 
f 3692 3693 10064 10061 
f 3693 3694 10067 10064 
f 3694 3695 10070 10067 
f 3695 3696 10073 10070 
f 3696 3697 10076 10073 
f 3697 3682 10033 10076 
f 3682 3699 3698 3683 
f 3683 3698 3700 3684 
f 3684 3700 3701 3685 
f 3685 3701 3702 3686 
f 3686 3702 3703 3687 
f 3687 3703 3704 3688 
f 3688 3704 3705 3689 
f 3689 3705 3706 3690 
f 3690 3706 3707 3691 
f 3691 3707 3708 3692 
f 3692 3708 3709 3693 
f 3693 3709 3710 3694 
f 3694 3710 3711 3695 
f 3695 3711 3712 3696 
f 3696 3712 3713 3697 
f 3697 3713 3699 3682 
f 3699 3715 3714 3698 
f 3698 3714 3716 3700 
f 3700 3716 3717 3701 
f 3701 3717 3718 3702 
f 3702 3718 3719 3703 
f 3703 3719 3720 3704 
f 3704 3720 3721 3705 
f 3705 3721 3722 3706 
f 3706 3722 3723 3707 
f 3707 3723 3724 3708 
f 3708 3724 3725 3709 
f 3709 3725 3726 3710 
f 3710 3726 3727 3711 
f 3711 3727 3728 3712 
f 3712 3728 3729 3713 
f 3713 3729 3715 3699 
f 3715 3731 3730 3714 
f 3714 3730 3732 3716 
f 3716 3732 3733 3717 
f 3717 3733 3734 3718 
f 3718 3734 3735 3719 
f 3719 3735 3736 3720 
f 3720 3736 3737 3721 
f 3721 3737 3738 3722 
f 3722 3738 3739 3723 
f 3723 3739 3740 3724 
f 3724 3740 3741 3725 
f 3725 3741 3742 3726 
f 3726 3742 3743 3727 
f 3727 3743 3744 3728 
f 3728 3744 3745 3729 
f 3729 3745 3731 3715 
s 2
f 3747 3746 10034 10030 
f 3748 3747 10030 10036 
f 3749 3748 10036 10039 
f 3750 3749 10039 10042 
f 3751 3750 10042 10045 
f 3752 3751 10045 10048 
f 3753 3752 10048 10051 
f 3754 3753 10051 10054 
f 3755 3754 10054 10057 
f 3756 3755 10057 10060 
f 3757 3756 10060 10063 
f 3758 3757 10063 10066 
f 3759 3758 10066 10069 
f 3760 3759 10069 10072 
f 3761 3760 10072 10075 
f 3746 3761 10075 10034 
s 1
f 3762 3763 10079 10081 
f 3763 3764 10085 10079 
f 3764 3765 10088 10085 
f 3765 3766 10091 10088 
f 3766 3767 10094 10091 
f 3767 3768 10097 10094 
f 3768 3769 10100 10097 
f 3769 3770 10103 10100 
f 3770 3771 10106 10103 
f 3771 3772 10109 10106 
f 3772 3773 10112 10109 
f 3773 3774 10115 10112 
f 3774 3775 10118 10115 
f 3775 3776 10121 10118 
f 3776 3777 10124 10121 
f 3777 3762 10081 10124 
f 3762 3779 3778 3763 
f 3763 3778 3780 3764 
f 3764 3780 3781 3765 
f 3765 3781 3782 3766 
f 3766 3782 3783 3767 
f 3767 3783 3784 3768 
f 3768 3784 3785 3769 
f 3769 3785 3786 3770 
f 3770 3786 3787 3771 
f 3771 3787 3788 3772 
f 3772 3788 3789 3773 
f 3773 3789 3790 3774 
f 3774 3790 3791 3775 
f 3775 3791 3792 3776 
f 3776 3792 3793 3777 
f 3777 3793 3779 3762 
f 3779 3795 3794 3778 
f 3778 3794 3796 3780 
f 3780 3796 3797 3781 
f 3781 3797 3798 3782 
f 3782 3798 3799 3783 
f 3783 3799 3800 3784 
f 3784 3800 3801 3785 
f 3785 3801 3802 3786 
f 3786 3802 3803 3787 
f 3787 3803 3804 3788 
f 3788 3804 3805 3789 
f 3789 3805 3806 3790 
f 3790 3806 3807 3791 
f 3791 3807 3808 3792 
f 3792 3808 3809 3793 
f 3793 3809 3795 3779 
f 3795 3811 3810 3794 
f 3794 3810 3812 3796 
f 3796 3812 3813 3797 
f 3797 3813 3814 3798 
f 3798 3814 3815 3799 
f 3799 3815 3816 3800 
f 3800 3816 3817 3801 
f 3801 3817 3818 3802 
f 3802 3818 3819 3803 
f 3803 3819 3820 3804 
f 3804 3820 3821 3805 
f 3805 3821 3822 3806 
f 3806 3822 3823 3807 
f 3807 3823 3824 3808 
f 3808 3824 3825 3809 
f 3809 3825 3811 3795 
s 2
f 3827 3826 10082 10078 
f 3828 3827 10078 10084 
f 3829 3828 10084 10087 
f 3830 3829 10087 10090 
f 3831 3830 10090 10093 
f 3832 3831 10093 10096 
f 3833 3832 10096 10099 
f 3834 3833 10099 10102 
f 3835 3834 10102 10105 
f 3836 3835 10105 10108 
f 3837 3836 10108 10111 
f 3838 3837 10111 10114 
f 3839 3838 10114 10117 
f 3840 3839 10117 10120 
f 3841 3840 10120 10123 
f 3826 3841 10123 10082 
s 1
f 3842 10127 10129 3843 
f 3843 10129 10132 3844 
f 10132 10135 3845 3844 
f 10135 10138 3846 3845 
f 10138 10141 3847 3846 
f 10141 10144 3848 3847 
f 10144 10147 3849 3848 
f 10147 10150 3850 3849 
f 10150 10153 3851 3850 
f 10153 10156 3852 3851 
f 10156 10159 3853 3852 
f 10159 10162 3854 3853 
f 10162 10165 3855 3854 
f 10165 10168 3856 3855 
f 10168 10171 3857 3856 
f 10171 10127 3842 3857 
f 3842 3843 3859 3858 
f 3843 3844 3860 3859 
f 3844 3845 3861 3860 
f 3845 3846 3862 3861 
f 3846 3847 3863 3862 
f 3847 3848 3864 3863 
f 3848 3849 3865 3864 
f 3849 3850 3866 3865 
f 3850 3851 3867 3866 
f 3851 3852 3868 3867 
f 3852 3853 3869 3868 
f 3853 3854 3870 3869 
f 3854 3855 3871 3870 
f 3855 3856 3872 3871 
f 3856 3857 3873 3872 
f 3857 3842 3858 3873 
f 3858 3859 3875 3874 
f 3859 3860 3876 3875 
f 3860 3861 3877 3876 
f 3861 3862 3878 3877 
f 3862 3863 3879 3878 
f 3863 3864 3880 3879 
f 3864 3865 3881 3880 
f 3865 3866 3882 3881 
f 3866 3867 3883 3882 
f 3867 3868 3884 3883 
f 3868 3869 3885 3884 
f 3869 3870 3886 3885 
f 3870 3871 3887 3886 
f 3871 3872 3888 3887 
f 3872 3873 3889 3888 
f 3873 3858 3874 3889 
f 3874 3875 3891 3890 
f 3875 3876 3892 3891 
f 3876 3877 3893 3892 
f 3877 3878 3894 3893 
f 3878 3879 3895 3894 
f 3879 3880 3896 3895 
f 3880 3881 3897 3896 
f 3881 3882 3898 3897 
f 3882 3883 3899 3898 
f 3883 3884 3900 3899 
f 3884 3885 3901 3900 
f 3885 3886 3902 3901 
f 3886 3887 3903 3902 
f 3887 3888 3904 3903 
f 3888 3889 3905 3904 
f 3889 3874 3890 3905 
s 2
f 10130 10126 3907 3906 
f 10133 10130 3906 3908 
f 10136 10133 3908 3909 
f 10139 10136 3909 3910 
f 10142 10139 3910 3911 
f 10145 10142 3911 3912 
f 10148 10145 3912 3913 
f 10151 10148 3913 3914 
f 10154 10151 3914 3915 
f 10157 10154 3915 3916 
f 10160 10157 3916 3917 
f 10163 10160 3917 3918 
f 10166 10163 3918 3919 
f 10169 10166 3919 3920 
f 10172 10169 3920 3921 
f 10126 10172 3921 3907 
s 1
f 3937 10175 10177 3922 
f 3922 10177 10180 3923 
f 10180 10183 3924 3923 
f 10183 10186 3925 3924 
f 10186 10189 3926 3925 
f 10189 10192 3927 3926 
f 10192 10195 3928 3927 
f 10195 10198 3929 3928 
f 10198 10201 3930 3929 
f 10201 10204 3931 3930 
f 10204 10207 3932 3931 
f 10207 10210 3933 3932 
f 10210 10213 3934 3933 
f 10213 10216 3935 3934 
f 10216 10219 3936 3935 
f 10219 10175 3937 3936 
f 3937 3922 3938 3953 
f 3922 3923 3939 3938 
f 3923 3924 3940 3939 
f 3924 3925 3941 3940 
f 3925 3926 3942 3941 
f 3926 3927 3943 3942 
f 3927 3928 3944 3943 
f 3928 3929 3945 3944 
f 3929 3930 3946 3945 
f 3930 3931 3947 3946 
f 3931 3932 3948 3947 
f 3932 3933 3949 3948 
f 3933 3934 3950 3949 
f 3934 3935 3951 3950 
f 3935 3936 3952 3951 
f 3936 3937 3953 3952 
f 3953 3938 3954 3969 
f 3938 3939 3955 3954 
f 3939 3940 3956 3955 
f 3940 3941 3957 3956 
f 3941 3942 3958 3957 
f 3942 3943 3959 3958 
f 3943 3944 3960 3959 
f 3944 3945 3961 3960 
f 3945 3946 3962 3961 
f 3946 3947 3963 3962 
f 3947 3948 3964 3963 
f 3948 3949 3965 3964 
f 3949 3950 3966 3965 
f 3950 3951 3967 3966 
f 3951 3952 3968 3967 
f 3952 3953 3969 3968 
f 3969 3954 3970 3985 
f 3954 3955 3971 3970 
f 3955 3956 3972 3971 
f 3956 3957 3973 3972 
f 3957 3958 3974 3973 
f 3958 3959 3975 3974 
f 3959 3960 3976 3975 
f 3960 3961 3977 3976 
f 3961 3962 3978 3977 
f 3962 3963 3979 3978 
f 3963 3964 3980 3979 
f 3964 3965 3981 3980 
f 3965 3966 3982 3981 
f 3966 3967 3983 3982 
f 3967 3968 3984 3983 
f 3968 3969 3985 3984 
s 2
f 10178 10174 3986 3987 
f 10181 10178 3987 3988 
f 10184 10181 3988 3989 
f 10187 10184 3989 3990 
f 10190 10187 3990 3991 
f 10193 10190 3991 3992 
f 10196 10193 3992 3993 
f 10199 10196 3993 3994 
f 10202 10199 3994 3995 
f 10205 10202 3995 3996 
f 10208 10205 3996 3997 
f 10211 10208 3997 3998 
f 10214 10211 3998 3999 
f 10217 10214 3999 4000 
f 10220 10217 4000 4001 
f 10174 10220 4001 3986 
s 1
f 4002 4003 10223 10225 
f 4003 4004 10229 10223 
f 4004 4005 10232 10229 
f 4005 4006 10235 10232 
f 4006 4007 10238 10235 
f 4007 4008 10241 10238 
f 4008 4009 10244 10241 
f 4009 4010 10247 10244 
f 4010 4011 10250 10247 
f 4011 4012 10253 10250 
f 4012 4013 10256 10253 
f 4013 4014 10259 10256 
f 4014 4015 10262 10259 
f 4015 4016 10265 10262 
f 4016 4017 10268 10265 
f 4017 4002 10225 10268 
f 4002 4019 4018 4003 
f 4003 4018 4020 4004 
f 4004 4020 4021 4005 
f 4005 4021 4022 4006 
f 4006 4022 4023 4007 
f 4007 4023 4024 4008 
f 4008 4024 4025 4009 
f 4009 4025 4026 4010 
f 4010 4026 4027 4011 
f 4011 4027 4028 4012 
f 4012 4028 4029 4013 
f 4013 4029 4030 4014 
f 4014 4030 4031 4015 
f 4015 4031 4032 4016 
f 4016 4032 4033 4017 
f 4017 4033 4019 4002 
f 4019 4035 4034 4018 
f 4018 4034 4036 4020 
f 4020 4036 4037 4021 
f 4021 4037 4038 4022 
f 4022 4038 4039 4023 
f 4023 4039 4040 4024 
f 4024 4040 4041 4025 
f 4025 4041 4042 4026 
f 4026 4042 4043 4027 
f 4027 4043 4044 4028 
f 4028 4044 4045 4029 
f 4029 4045 4046 4030 
f 4030 4046 4047 4031 
f 4031 4047 4048 4032 
f 4032 4048 4049 4033 
f 4033 4049 4035 4019 
f 4035 4051 4050 4034 
f 4034 4050 4052 4036 
f 4036 4052 4053 4037 
f 4037 4053 4054 4038 
f 4038 4054 4055 4039 
f 4039 4055 4056 4040 
f 4040 4056 4057 4041 
f 4041 4057 4058 4042 
f 4042 4058 4059 4043 
f 4043 4059 4060 4044 
f 4044 4060 4061 4045 
f 4045 4061 4062 4046 
f 4046 4062 4063 4047 
f 4047 4063 4064 4048 
f 4048 4064 4065 4049 
f 4049 4065 4051 4035 
s 2
f 4067 4066 10226 10222 
f 4068 4067 10222 10228 
f 4069 4068 10228 10231 
f 4070 4069 10231 10234 
f 4071 4070 10234 10237 
f 4072 4071 10237 10240 
f 4073 4072 10240 10243 
f 4074 4073 10243 10246 
f 4075 4074 10246 10249 
f 4076 4075 10249 10252 
f 4077 4076 10252 10255 
f 4078 4077 10255 10258 
f 4079 4078 10258 10261 
f 4080 4079 10261 10264 
f 4081 4080 10264 10267 
f 4066 4081 10267 10226 
s 1
f 4082 4083 10271 10273 
f 4083 4084 10277 10271 
f 4084 4085 10280 10277 
f 4085 4086 10283 10280 
f 4086 4087 10286 10283 
f 4087 4088 10289 10286 
f 4088 4089 10292 10289 
f 4089 4090 10295 10292 
f 4090 4091 10298 10295 
f 4091 4092 10301 10298 
f 4092 4093 10304 10301 
f 4093 4094 10307 10304 
f 4094 4095 10310 10307 
f 4095 4096 10313 10310 
f 4096 4097 10316 10313 
f 4097 4082 10273 10316 
f 4082 4099 4098 4083 
f 4083 4098 4100 4084 
f 4084 4100 4101 4085 
f 4085 4101 4102 4086 
f 4086 4102 4103 4087 
f 4087 4103 4104 4088 
f 4088 4104 4105 4089 
f 4089 4105 4106 4090 
f 4090 4106 4107 4091 
f 4091 4107 4108 4092 
f 4092 4108 4109 4093 
f 4093 4109 4110 4094 
f 4094 4110 4111 4095 
f 4095 4111 4112 4096 
f 4096 4112 4113 4097 
f 4097 4113 4099 4082 
f 4099 4115 4114 4098 
f 4098 4114 4116 4100 
f 4100 4116 4117 4101 
f 4101 4117 4118 4102 
f 4102 4118 4119 4103 
f 4103 4119 4120 4104 
f 4104 4120 4121 4105 
f 4105 4121 4122 4106 
f 4106 4122 4123 4107 
f 4107 4123 4124 4108 
f 4108 4124 4125 4109 
f 4109 4125 4126 4110 
f 4110 4126 4127 4111 
f 4111 4127 4128 4112 
f 4112 4128 4129 4113 
f 4113 4129 4115 4099 
f 4115 4131 4130 4114 
f 4114 4130 4132 4116 
f 4116 4132 4133 4117 
f 4117 4133 4134 4118 
f 4118 4134 4135 4119 
f 4119 4135 4136 4120 
f 4120 4136 4137 4121 
f 4121 4137 4138 4122 
f 4122 4138 4139 4123 
f 4123 4139 4140 4124 
f 4124 4140 4141 4125 
f 4125 4141 4142 4126 
f 4126 4142 4143 4127 
f 4127 4143 4144 4128 
f 4128 4144 4145 4129 
f 4129 4145 4131 4115 
s 2
f 4147 4146 10274 10270 
f 4148 4147 10270 10276 
f 4149 4148 10276 10279 
f 4150 4149 10279 10282 
f 4151 4150 10282 10285 
f 4152 4151 10285 10288 
f 4153 4152 10288 10291 
f 4154 4153 10291 10294 
f 4155 4154 10294 10297 
f 4156 4155 10297 10300 
f 4157 4156 10300 10303 
f 4158 4157 10303 10306 
f 4159 4158 10306 10309 
f 4160 4159 10309 10312 
f 4161 4160 10312 10315 
f 4146 4161 10315 10274 
s 1
f 4162 10319 10321 4163 
f 4163 10321 10324 4164 
f 10324 10327 4165 4164 
f 10327 10330 4166 4165 
f 10330 10333 4167 4166 
f 10333 10336 4168 4167 
f 10336 10339 4169 4168 
f 10339 10342 4170 4169 
f 10342 10345 4171 4170 
f 10345 10348 4172 4171 
f 10348 10351 4173 4172 
f 10351 10354 4174 4173 
f 10354 10357 4175 4174 
f 10357 10360 4176 4175 
f 10360 10363 4177 4176 
f 10363 10319 4162 4177 
f 4162 4163 4179 4178 
f 4163 4164 4180 4179 
f 4164 4165 4181 4180 
f 4165 4166 4182 4181 
f 4166 4167 4183 4182 
f 4167 4168 4184 4183 
f 4168 4169 4185 4184 
f 4169 4170 4186 4185 
f 4170 4171 4187 4186 
f 4171 4172 4188 4187 
f 4172 4173 4189 4188 
f 4173 4174 4190 4189 
f 4174 4175 4191 4190 
f 4175 4176 4192 4191 
f 4176 4177 4193 4192 
f 4177 4162 4178 4193 
f 4178 4179 4195 4194 
f 4179 4180 4196 4195 
f 4180 4181 4197 4196 
f 4181 4182 4198 4197 
f 4182 4183 4199 4198 
f 4183 4184 4200 4199 
f 4184 4185 4201 4200 
f 4185 4186 4202 4201 
f 4186 4187 4203 4202 
f 4187 4188 4204 4203 
f 4188 4189 4205 4204 
f 4189 4190 4206 4205 
f 4190 4191 4207 4206 
f 4191 4192 4208 4207 
f 4192 4193 4209 4208 
f 4193 4178 4194 4209 
f 4194 4195 4211 4210 
f 4195 4196 4212 4211 
f 4196 4197 4213 4212 
f 4197 4198 4214 4213 
f 4198 4199 4215 4214 
f 4199 4200 4216 4215 
f 4200 4201 4217 4216 
f 4201 4202 4218 4217 
f 4202 4203 4219 4218 
f 4203 4204 4220 4219 
f 4204 4205 4221 4220 
f 4205 4206 4222 4221 
f 4206 4207 4223 4222 
f 4207 4208 4224 4223 
f 4208 4209 4225 4224 
f 4209 4194 4210 4225 
s 2
f 10322 10318 4227 4226 
f 10325 10322 4226 4228 
f 10328 10325 4228 4229 
f 10331 10328 4229 4230 
f 10334 10331 4230 4231 
f 10337 10334 4231 4232 
f 10340 10337 4232 4233 
f 10343 10340 4233 4234 
f 10346 10343 4234 4235 
f 10349 10346 4235 4236 
f 10352 10349 4236 4237 
f 10355 10352 4237 4238 
f 10358 10355 4238 4239 
f 10361 10358 4239 4240 
f 10364 10361 4240 4241 
f 10318 10364 4241 4227 
s 1
f 4257 10367 10369 4242 
f 4242 10369 10372 4243 
f 10372 10375 4244 4243 
f 10375 10378 4245 4244 
f 10378 10381 4246 4245 
f 10381 10384 4247 4246 
f 10384 10387 4248 4247 
f 10387 10390 4249 4248 
f 10390 10393 4250 4249 
f 10393 10396 4251 4250 
f 10396 10399 4252 4251 
f 10399 10402 4253 4252 
f 10402 10405 4254 4253 
f 10405 10408 4255 4254 
f 10408 10411 4256 4255 
f 10411 10367 4257 4256 
f 4257 4242 4258 4273 
f 4242 4243 4259 4258 
f 4243 4244 4260 4259 
f 4244 4245 4261 4260 
f 4245 4246 4262 4261 
f 4246 4247 4263 4262 
f 4247 4248 4264 4263 
f 4248 4249 4265 4264 
f 4249 4250 4266 4265 
f 4250 4251 4267 4266 
f 4251 4252 4268 4267 
f 4252 4253 4269 4268 
f 4253 4254 4270 4269 
f 4254 4255 4271 4270 
f 4255 4256 4272 4271 
f 4256 4257 4273 4272 
f 4273 4258 4274 4289 
f 4258 4259 4275 4274 
f 4259 4260 4276 4275 
f 4260 4261 4277 4276 
f 4261 4262 4278 4277 
f 4262 4263 4279 4278 
f 4263 4264 4280 4279 
f 4264 4265 4281 4280 
f 4265 4266 4282 4281 
f 4266 4267 4283 4282 
f 4267 4268 4284 4283 
f 4268 4269 4285 4284 
f 4269 4270 4286 4285 
f 4270 4271 4287 4286 
f 4271 4272 4288 4287 
f 4272 4273 4289 4288 
f 4289 4274 4290 4305 
f 4274 4275 4291 4290 
f 4275 4276 4292 4291 
f 4276 4277 4293 4292 
f 4277 4278 4294 4293 
f 4278 4279 4295 4294 
f 4279 4280 4296 4295 
f 4280 4281 4297 4296 
f 4281 4282 4298 4297 
f 4282 4283 4299 4298 
f 4283 4284 4300 4299 
f 4284 4285 4301 4300 
f 4285 4286 4302 4301 
f 4286 4287 4303 4302 
f 4287 4288 4304 4303 
f 4288 4289 4305 4304 
s 2
f 10370 10366 4306 4307 
f 10373 10370 4307 4308 
f 10376 10373 4308 4309 
f 10379 10376 4309 4310 
f 10382 10379 4310 4311 
f 10385 10382 4311 4312 
f 10388 10385 4312 4313 
f 10391 10388 4313 4314 
f 10394 10391 4314 4315 
f 10397 10394 4315 4316 
f 10400 10397 4316 4317 
f 10403 10400 4317 4318 
f 10406 10403 4318 4319 
f 10409 10406 4319 4320 
f 10412 10409 4320 4321 
f 10366 10412 4321 4306 
s 1
f 4322 4323 10415 10417 
f 4323 4324 10421 10415 
f 4324 4325 10424 10421 
f 4325 4326 10427 10424 
f 4326 4327 10430 10427 
f 4327 4328 10433 10430 
f 4328 4329 10436 10433 
f 4329 4330 10439 10436 
f 4330 4331 10442 10439 
f 4331 4332 10445 10442 
f 4332 4333 10448 10445 
f 4333 4334 10451 10448 
f 4334 4335 10454 10451 
f 4335 4336 10457 10454 
f 4336 4337 10460 10457 
f 4337 4322 10417 10460 
f 4322 4339 4338 4323 
f 4323 4338 4340 4324 
f 4324 4340 4341 4325 
f 4325 4341 4342 4326 
f 4326 4342 4343 4327 
f 4327 4343 4344 4328 
f 4328 4344 4345 4329 
f 4329 4345 4346 4330 
f 4330 4346 4347 4331 
f 4331 4347 4348 4332 
f 4332 4348 4349 4333 
f 4333 4349 4350 4334 
f 4334 4350 4351 4335 
f 4335 4351 4352 4336 
f 4336 4352 4353 4337 
f 4337 4353 4339 4322 
f 4339 4355 4354 4338 
f 4338 4354 4356 4340 
f 4340 4356 4357 4341 
f 4341 4357 4358 4342 
f 4342 4358 4359 4343 
f 4343 4359 4360 4344 
f 4344 4360 4361 4345 
f 4345 4361 4362 4346 
f 4346 4362 4363 4347 
f 4347 4363 4364 4348 
f 4348 4364 4365 4349 
f 4349 4365 4366 4350 
f 4350 4366 4367 4351 
f 4351 4367 4368 4352 
f 4352 4368 4369 4353 
f 4353 4369 4355 4339 
f 4355 4371 4370 4354 
f 4354 4370 4372 4356 
f 4356 4372 4373 4357 
f 4357 4373 4374 4358 
f 4358 4374 4375 4359 
f 4359 4375 4376 4360 
f 4360 4376 4377 4361 
f 4361 4377 4378 4362 
f 4362 4378 4379 4363 
f 4363 4379 4380 4364 
f 4364 4380 4381 4365 
f 4365 4381 4382 4366 
f 4366 4382 4383 4367 
f 4367 4383 4384 4368 
f 4368 4384 4385 4369 
f 4369 4385 4371 4355 
s 2
f 4387 4386 10418 10414 
f 4388 4387 10414 10420 
f 4389 4388 10420 10423 
f 4390 4389 10423 10426 
f 4391 4390 10426 10429 
f 4392 4391 10429 10432 
f 4393 4392 10432 10435 
f 4394 4393 10435 10438 
f 4395 4394 10438 10441 
f 4396 4395 10441 10444 
f 4397 4396 10444 10447 
f 4398 4397 10447 10450 
f 4399 4398 10450 10453 
f 4400 4399 10453 10456 
f 4401 4400 10456 10459 
f 4386 4401 10459 10418 
s 1
f 4402 4403 10463 10465 
f 4403 4404 10469 10463 
f 4404 4405 10472 10469 
f 4405 4406 10475 10472 
f 4406 4407 10478 10475 
f 4407 4408 10481 10478 
f 4408 4409 10484 10481 
f 4409 4410 10487 10484 
f 4410 4411 10490 10487 
f 4411 4412 10493 10490 
f 4412 4413 10496 10493 
f 4413 4414 10499 10496 
f 4414 4415 10502 10499 
f 4415 4416 10505 10502 
f 4416 4417 10508 10505 
f 4417 4402 10465 10508 
f 4402 4419 4418 4403 
f 4403 4418 4420 4404 
f 4404 4420 4421 4405 
f 4405 4421 4422 4406 
f 4406 4422 4423 4407 
f 4407 4423 4424 4408 
f 4408 4424 4425 4409 
f 4409 4425 4426 4410 
f 4410 4426 4427 4411 
f 4411 4427 4428 4412 
f 4412 4428 4429 4413 
f 4413 4429 4430 4414 
f 4414 4430 4431 4415 
f 4415 4431 4432 4416 
f 4416 4432 4433 4417 
f 4417 4433 4419 4402 
f 4419 4435 4434 4418 
f 4418 4434 4436 4420 
f 4420 4436 4437 4421 
f 4421 4437 4438 4422 
f 4422 4438 4439 4423 
f 4423 4439 4440 4424 
f 4424 4440 4441 4425 
f 4425 4441 4442 4426 
f 4426 4442 4443 4427 
f 4427 4443 4444 4428 
f 4428 4444 4445 4429 
f 4429 4445 4446 4430 
f 4430 4446 4447 4431 
f 4431 4447 4448 4432 
f 4432 4448 4449 4433 
f 4433 4449 4435 4419 
f 4435 4451 4450 4434 
f 4434 4450 4452 4436 
f 4436 4452 4453 4437 
f 4437 4453 4454 4438 
f 4438 4454 4455 4439 
f 4439 4455 4456 4440 
f 4440 4456 4457 4441 
f 4441 4457 4458 4442 
f 4442 4458 4459 4443 
f 4443 4459 4460 4444 
f 4444 4460 4461 4445 
f 4445 4461 4462 4446 
f 4446 4462 4463 4447 
f 4447 4463 4464 4448 
f 4448 4464 4465 4449 
f 4449 4465 4451 4435 
s 2
f 4467 4466 10466 10462 
f 4468 4467 10462 10468 
f 4469 4468 10468 10471 
f 4470 4469 10471 10474 
f 4471 4470 10474 10477 
f 4472 4471 10477 10480 
f 4473 4472 10480 10483 
f 4474 4473 10483 10486 
f 4475 4474 10486 10489 
f 4476 4475 10489 10492 
f 4477 4476 10492 10495 
f 4478 4477 10495 10498 
f 4479 4478 10498 10501 
f 4480 4479 10501 10504 
f 4481 4480 10504 10507 
f 4466 4481 10507 10466 
s 1
f 4482 10511 10513 4483 
f 4483 10513 10516 4484 
f 10516 10519 4485 4484 
f 10519 10522 4486 4485 
f 10522 10525 4487 4486 
f 10525 10528 4488 4487 
f 10528 10531 4489 4488 
f 10531 10534 4490 4489 
f 10534 10537 4491 4490 
f 10537 10540 4492 4491 
f 10540 10543 4493 4492 
f 10543 10546 4494 4493 
f 10546 10549 4495 4494 
f 10549 10552 4496 4495 
f 10552 10555 4497 4496 
f 10555 10511 4482 4497 
f 4482 4483 4499 4498 
f 4483 4484 4500 4499 
f 4484 4485 4501 4500 
f 4485 4486 4502 4501 
f 4486 4487 4503 4502 
f 4487 4488 4504 4503 
f 4488 4489 4505 4504 
f 4489 4490 4506 4505 
f 4490 4491 4507 4506 
f 4491 4492 4508 4507 
f 4492 4493 4509 4508 
f 4493 4494 4510 4509 
f 4494 4495 4511 4510 
f 4495 4496 4512 4511 
f 4496 4497 4513 4512 
f 4497 4482 4498 4513 
f 4498 4499 4515 4514 
f 4499 4500 4516 4515 
f 4500 4501 4517 4516 
f 4501 4502 4518 4517 
f 4502 4503 4519 4518 
f 4503 4504 4520 4519 
f 4504 4505 4521 4520 
f 4505 4506 4522 4521 
f 4506 4507 4523 4522 
f 4507 4508 4524 4523 
f 4508 4509 4525 4524 
f 4509 4510 4526 4525 
f 4510 4511 4527 4526 
f 4511 4512 4528 4527 
f 4512 4513 4529 4528 
f 4513 4498 4514 4529 
f 4514 4515 4531 4530 
f 4515 4516 4532 4531 
f 4516 4517 4533 4532 
f 4517 4518 4534 4533 
f 4518 4519 4535 4534 
f 4519 4520 4536 4535 
f 4520 4521 4537 4536 
f 4521 4522 4538 4537 
f 4522 4523 4539 4538 
f 4523 4524 4540 4539 
f 4524 4525 4541 4540 
f 4525 4526 4542 4541 
f 4526 4527 4543 4542 
f 4527 4528 4544 4543 
f 4528 4529 4545 4544 
f 4529 4514 4530 4545 
s 2
f 10514 10510 4547 4546 
f 10517 10514 4546 4548 
f 10520 10517 4548 4549 
f 10523 10520 4549 4550 
f 10526 10523 4550 4551 
f 10529 10526 4551 4552 
f 10532 10529 4552 4553 
f 10535 10532 4553 4554 
f 10538 10535 4554 4555 
f 10541 10538 4555 4556 
f 10544 10541 4556 4557 
f 10547 10544 4557 4558 
f 10550 10547 4558 4559 
f 10553 10550 4559 4560 
f 10556 10553 4560 4561 
f 10510 10556 4561 4547 
s 1
f 4562 4563 10559 10561 
f 4563 4564 10565 10559 
f 4564 4565 10568 10565 
f 4565 4566 10571 10568 
f 4566 4567 10574 10571 
f 4567 4568 10577 10574 
f 4568 4569 10580 10577 
f 4569 4570 10583 10580 
f 4570 4571 10586 10583 
f 4571 4572 10589 10586 
f 4572 4573 10592 10589 
f 4573 4574 10595 10592 
f 4574 4575 10598 10595 
f 4575 4576 10601 10598 
f 4576 4577 10604 10601 
f 4577 4562 10561 10604 
f 4562 4579 4578 4563 
f 4563 4578 4580 4564 
f 4564 4580 4581 4565 
f 4565 4581 4582 4566 
f 4566 4582 4583 4567 
f 4567 4583 4584 4568 
f 4568 4584 4585 4569 
f 4569 4585 4586 4570 
f 4570 4586 4587 4571 
f 4571 4587 4588 4572 
f 4572 4588 4589 4573 
f 4573 4589 4590 4574 
f 4574 4590 4591 4575 
f 4575 4591 4592 4576 
f 4576 4592 4593 4577 
f 4577 4593 4579 4562 
f 4579 4595 4594 4578 
f 4578 4594 4596 4580 
f 4580 4596 4597 4581 
f 4581 4597 4598 4582 
f 4582 4598 4599 4583 
f 4583 4599 4600 4584 
f 4584 4600 4601 4585 
f 4585 4601 4602 4586 
f 4586 4602 4603 4587 
f 4587 4603 4604 4588 
f 4588 4604 4605 4589 
f 4589 4605 4606 4590 
f 4590 4606 4607 4591 
f 4591 4607 4608 4592 
f 4592 4608 4609 4593 
f 4593 4609 4595 4579 
f 4595 4611 4610 4594 
f 4594 4610 4612 4596 
f 4596 4612 4613 4597 
f 4597 4613 4614 4598 
f 4598 4614 4615 4599 
f 4599 4615 4616 4600 
f 4600 4616 4617 4601 
f 4601 4617 4618 4602 
f 4602 4618 4619 4603 
f 4603 4619 4620 4604 
f 4604 4620 4621 4605 
f 4605 4621 4622 4606 
f 4606 4622 4623 4607 
f 4607 4623 4624 4608 
f 4608 4624 4625 4609 
f 4609 4625 4611 4595 
s 2
f 4627 4626 10562 10558 
f 4628 4627 10558 10564 
f 4629 4628 10564 10567 
f 4630 4629 10567 10570 
f 4631 4630 10570 10573 
f 4632 4631 10573 10576 
f 4633 4632 10576 10579 
f 4634 4633 10579 10582 
f 4635 4634 10582 10585 
f 4636 4635 10585 10588 
f 4637 4636 10588 10591 
f 4638 4637 10591 10594 
f 4639 4638 10594 10597 
f 4640 4639 10597 10600 
f 4641 4640 10600 10603 
f 4626 4641 10603 10562 
s 1
f 4642 4643 10607 10609 
f 4643 4644 10613 10607 
f 4644 4645 10616 10613 
f 4645 4646 10619 10616 
f 4646 4647 10622 10619 
f 4647 4648 10625 10622 
f 4648 4649 10628 10625 
f 4649 4650 10631 10628 
f 4650 4651 10634 10631 
f 4651 4652 10637 10634 
f 4652 4653 10640 10637 
f 4653 4654 10643 10640 
f 4654 4655 10646 10643 
f 4655 4656 10649 10646 
f 4656 4657 10652 10649 
f 4657 4642 10609 10652 
f 4642 4659 4658 4643 
f 4643 4658 4660 4644 
f 4644 4660 4661 4645 
f 4645 4661 4662 4646 
f 4646 4662 4663 4647 
f 4647 4663 4664 4648 
f 4648 4664 4665 4649 
f 4649 4665 4666 4650 
f 4650 4666 4667 4651 
f 4651 4667 4668 4652 
f 4652 4668 4669 4653 
f 4653 4669 4670 4654 
f 4654 4670 4671 4655 
f 4655 4671 4672 4656 
f 4656 4672 4673 4657 
f 4657 4673 4659 4642 
f 4659 4675 4674 4658 
f 4658 4674 4676 4660 
f 4660 4676 4677 4661 
f 4661 4677 4678 4662 
f 4662 4678 4679 4663 
f 4663 4679 4680 4664 
f 4664 4680 4681 4665 
f 4665 4681 4682 4666 
f 4666 4682 4683 4667 
f 4667 4683 4684 4668 
f 4668 4684 4685 4669 
f 4669 4685 4686 4670 
f 4670 4686 4687 4671 
f 4671 4687 4688 4672 
f 4672 4688 4689 4673 
f 4673 4689 4675 4659 
f 4675 4691 4690 4674 
f 4674 4690 4692 4676 
f 4676 4692 4693 4677 
f 4677 4693 4694 4678 
f 4678 4694 4695 4679 
f 4679 4695 4696 4680 
f 4680 4696 4697 4681 
f 4681 4697 4698 4682 
f 4682 4698 4699 4683 
f 4683 4699 4700 4684 
f 4684 4700 4701 4685 
f 4685 4701 4702 4686 
f 4686 4702 4703 4687 
f 4687 4703 4704 4688 
f 4688 4704 4705 4689 
f 4689 4705 4691 4675 
s 2
f 4707 4706 10610 10606 
f 4708 4707 10606 10612 
f 4709 4708 10612 10615 
f 4710 4709 10615 10618 
f 4711 4710 10618 10621 
f 4712 4711 10621 10624 
f 4713 4712 10624 10627 
f 4714 4713 10627 10630 
f 4715 4714 10630 10633 
f 4716 4715 10633 10636 
f 4717 4716 10636 10639 
f 4718 4717 10639 10642 
f 4719 4718 10642 10645 
f 4720 4719 10645 10648 
f 4721 4720 10648 10651 
f 4706 4721 10651 10610 
s 1
f 5011 5009 4978 5010 
f 5012 5008 5009 5011 
f 5013 5007 5008 5012 
f 5014 5006 5007 5013 
f 5015 5005 5006 5014 
f 5016 5004 5005 5015 
f 5017 5003 5004 5016 
f 5018 5002 5003 5017 
f 5019 5001 5002 5018 
f 5020 5000 5001 5019 
f 5021 4999 5000 5020 
f 5022 4998 4999 5021 
f 5023 4997 4998 5022 
f 5024 4996 4997 5023 
f 5025 4995 4996 5024 
f 5026 4994 4995 5025 
f 5027 4993 4994 5026 
f 5028 4992 4993 5027 
f 5029 4991 4992 5028 
f 5030 4990 4991 5029 
f 5031 4989 4990 5030 
f 5032 4988 4989 5031 
f 5033 4987 4988 5032 
f 5034 4986 4987 5033 
f 5035 4985 4986 5034 
f 5036 4984 4985 5035 
f 5037 4983 4984 5036 
f 5038 4982 4983 5037 
f 5039 4981 4982 5038 
f 5040 4980 4981 5039 
f 5041 4979 4980 5040 
f 5010 4978 4979 5041 
f 4725 4723 4850 4851 
f 4727 4725 4851 4852 
f 4729 4727 4852 4853 
f 4731 4729 4853 4854 
f 4733 4731 4854 4855 
f 4735 4733 4855 4856 
f 4737 4735 4856 4857 
f 4739 4737 4857 4858 
f 4741 4739 4858 4859 
f 4743 4741 4859 4860 
f 4745 4743 4860 4861 
f 4747 4745 4861 4862 
f 4749 4747 4862 4863 
f 4751 4749 4863 4864 
f 4753 4751 4864 4865 
f 4755 4753 4865 4866 
f 4757 4755 4866 4867 
f 4759 4757 4867 4868 
f 4761 4759 4868 4869 
f 4763 4761 4869 4870 
f 4765 4763 4870 4871 
f 4767 4765 4871 4872 
f 4769 4767 4872 4873 
f 4771 4769 4873 4874 
f 4773 4771 4874 4875 
f 4775 4773 4875 4876 
f 4777 4775 4876 4877 
f 4779 4777 4877 4878 
f 4781 4779 4878 4879 
f 4783 4781 4879 4880 
f 4785 4783 4880 4881 
f 4723 4785 4881 4850 
f 14139 14140 14141 14142 
f 14142 14141 14143 14144 
f 14144 14143 14145 14146 
f 14146 14145 14147 14148 
f 14148 14147 14149 14150 
f 14150 14149 14151 14152 
f 14152 14151 14153 14154 
f 14154 14153 14155 14156 
f 14156 14155 14157 14158 
f 14158 14157 14159 14160 
f 14160 14159 14161 14162 
f 14162 14161 14163 14164 
f 14164 14163 14165 14166 
f 14166 14165 14167 14168 
f 14168 14167 14169 14170 
f 14170 14169 14171 14172 
f 14172 14171 14173 14174 
f 14174 14173 14175 14176 
f 14176 14175 14177 14178 
f 14178 14177 14179 14180 
f 14180 14179 14181 14182 
f 14182 14181 14183 14184 
f 14184 14183 14185 14186 
f 14186 14185 14187 14188 
f 14188 14187 14189 14190 
f 14190 14189 14191 14192 
f 14192 14191 14193 14194 
f 14194 14193 14195 14196 
f 14196 14195 14197 14198 
f 14198 14197 14199 14200 
f 14200 14199 14201 14202 
f 14202 14201 14140 14139 
f 4850 4786 4787 4851 
f 4851 4787 4788 4852 
f 4852 4788 4789 4853 
f 4853 4789 4790 4854 
f 4854 4790 4791 4855 
f 4855 4791 4792 4856 
f 4856 4792 4793 4857 
f 4857 4793 4794 4858 
f 4858 4794 4795 4859 
f 4859 4795 4796 4860 
f 4860 4796 4797 4861 
f 4861 4797 4798 4862 
f 4862 4798 4799 4863 
f 4863 4799 4800 4864 
f 4864 4800 4801 4865 
f 4865 4801 4802 4866 
f 4866 4802 4803 4867 
f 4867 4803 4804 4868 
f 4868 4804 4805 4869 
f 4869 4805 4806 4870 
f 4870 4806 4807 4871 
f 4871 4807 4808 4872 
f 4872 4808 4809 4873 
f 4873 4809 4810 4874 
f 4874 4810 4811 4875 
f 4875 4811 4812 4876 
f 4876 4812 4813 4877 
f 4877 4813 4814 4878 
f 4878 4814 4815 4879 
f 4879 4815 4816 4880 
f 4880 4816 4817 4881 
f 4881 4817 4786 4850 
f 4784 4722 4946 4977 
f 4722 4724 4947 4946 
f 4724 4726 4948 4947 
f 4726 4728 4949 4948 
f 4728 4730 4950 4949 
f 4730 4732 4951 4950 
f 4732 4734 4952 4951 
f 4734 4736 4953 4952 
f 4736 4738 4954 4953 
f 4738 4740 4955 4954 
f 4740 4742 4956 4955 
f 4742 4744 4957 4956 
f 4744 4746 4958 4957 
f 4746 4748 4959 4958 
f 4748 4750 4960 4959 
f 4750 4752 4961 4960 
f 4752 4754 4962 4961 
f 4754 4756 4963 4962 
f 4756 4758 4964 4963 
f 4758 4760 4965 4964 
f 4760 4762 4966 4965 
f 4762 4764 4967 4966 
f 4764 4766 4968 4967 
f 4766 4768 4969 4968 
f 4768 4770 4970 4969 
f 4770 4772 4971 4970 
f 4772 4774 4972 4971 
f 4774 4776 4973 4972 
f 4776 4778 4974 4973 
f 4778 4780 4975 4974 
f 4780 4782 4976 4975 
f 4782 4784 4977 4976 
f 4913 4882 4914 4945 
f 4882 4883 4915 4914 
f 4883 4884 4916 4915 
f 4884 4885 4917 4916 
f 4885 4886 4918 4917 
f 4886 4887 4919 4918 
f 4887 4888 4920 4919 
f 4888 4889 4921 4920 
f 4889 4890 4922 4921 
f 4890 4891 4923 4922 
f 4891 4892 4924 4923 
f 4892 4893 4925 4924 
f 4893 4894 4926 4925 
f 4894 4895 4927 4926 
f 4895 4896 4928 4927 
f 4896 4897 4929 4928 
f 4897 4898 4930 4929 
f 4898 4899 4931 4930 
f 4899 4900 4932 4931 
f 4900 4901 4933 4932 
f 4901 4902 4934 4933 
f 4902 4903 4935 4934 
f 4903 4904 4936 4935 
f 4904 4905 4937 4936 
f 4905 4906 4938 4937 
f 4906 4907 4939 4938 
f 4907 4908 4940 4939 
f 4908 4909 4941 4940 
f 4909 4910 4942 4941 
f 4910 4911 4943 4942 
f 4911 4912 4944 4943 
f 4912 4913 4945 4944 
f 4946 4882 4913 4977 
f 4947 4883 4882 4946 
f 4948 4884 4883 4947 
f 4949 4885 4884 4948 
f 4950 4886 4885 4949 
f 4951 4887 4886 4950 
f 4952 4888 4887 4951 
f 4953 4889 4888 4952 
f 4954 4890 4889 4953 
f 4955 4891 4890 4954 
f 4956 4892 4891 4955 
f 4957 4893 4892 4956 
f 4958 4894 4893 4957 
f 4959 4895 4894 4958 
f 4960 4896 4895 4959 
f 4961 4897 4896 4960 
f 4962 4898 4897 4961 
f 4963 4899 4898 4962 
f 4964 4900 4899 4963 
f 4965 4901 4900 4964 
f 4966 4902 4901 4965 
f 4967 4903 4902 4966 
f 4968 4904 4903 4967 
f 4969 4905 4904 4968 
f 4970 4906 4905 4969 
f 4971 4907 4906 4970 
f 4972 4908 4907 4971 
f 4973 4909 4908 4972 
f 4974 4910 4909 4973 
f 4975 4911 4910 4974 
f 4976 4912 4911 4975 
f 4977 4913 4912 4976 
f 4722 4784 4979 4978 
f 4784 4782 4980 4979 
f 4782 4780 4981 4980 
f 4780 4778 4982 4981 
f 4778 4776 4983 4982 
f 4776 4774 4984 4983 
f 4774 4772 4985 4984 
f 4772 4770 4986 4985 
f 4770 4768 4987 4986 
f 4768 4766 4988 4987 
f 4766 4764 4989 4988 
f 4764 4762 4990 4989 
f 4762 4760 4991 4990 
f 4760 4758 4992 4991 
f 4758 4756 4993 4992 
f 4756 4754 4994 4993 
f 4754 4752 4995 4994 
f 4752 4750 4996 4995 
f 4750 4748 4997 4996 
f 4748 4746 4998 4997 
f 4746 4744 4999 4998 
f 4744 4742 5000 4999 
f 4742 4740 5001 5000 
f 4740 4738 5002 5001 
f 4738 4736 5003 5002 
f 4736 4734 5004 5003 
f 4734 4732 5005 5004 
f 4732 4730 5006 5005 
f 4730 4728 5007 5006 
f 4728 4726 5008 5007 
f 4726 4724 5009 5008 
f 4724 4722 4978 5009 
f 4723 4725 5011 5010 
f 4725 4727 5012 5011 
f 4727 4729 5013 5012 
f 4729 4731 5014 5013 
f 4731 4733 5015 5014 
f 4733 4735 5016 5015 
f 4735 4737 5017 5016 
f 4737 4739 5018 5017 
f 4739 4741 5019 5018 
f 4741 4743 5020 5019 
f 4743 4745 5021 5020 
f 4745 4747 5022 5021 
f 4747 4749 5023 5022 
f 4749 4751 5024 5023 
f 4751 4753 5025 5024 
f 4753 4755 5026 5025 
f 4755 4757 5027 5026 
f 4757 4759 5028 5027 
f 4759 4761 5029 5028 
f 4761 4763 5030 5029 
f 4763 4765 5031 5030 
f 4765 4767 5032 5031 
f 4767 4769 5033 5032 
f 4769 4771 5034 5033 
f 4771 4773 5035 5034 
f 4773 4775 5036 5035 
f 4775 4777 5037 5036 
f 4777 4779 5038 5037 
f 4779 4781 5039 5038 
f 4781 4783 5040 5039 
f 4783 4785 5041 5040 
f 4785 4723 5010 5041 
f 4819 4818 5074 5075 
f 4820 4819 5075 5076 
f 4821 4820 5076 5077 
f 4822 4821 5077 5078 
f 4823 4822 5078 5079 
f 4824 4823 5079 5080 
f 4825 4824 5080 5081 
f 4826 4825 5081 5082 
f 4827 4826 5082 5083 
f 4828 4827 5083 5084 
f 4829 4828 5084 5085 
f 4830 4829 5085 5086 
f 4831 4830 5086 5087 
f 4832 4831 5087 5088 
f 4833 4832 5088 5089 
f 4834 4833 5089 5090 
f 4835 4834 5090 5091 
f 4836 4835 5091 5092 
f 4837 4836 5092 5093 
f 4838 4837 5093 5094 
f 4839 4838 5094 5095 
f 4840 4839 5095 5096 
f 4841 4840 5096 5097 
f 4842 4841 5097 5098 
f 4843 4842 5098 5099 
f 4844 4843 5099 5100 
f 4845 4844 5100 5101 
f 4846 4845 5101 5102 
f 4847 4846 5102 5103 
f 4848 4847 5103 5104 
f 4849 4848 5104 5105 
f 4818 4849 5105 5074 
f 5074 5042 5043 5075 
f 5075 5043 5044 5076 
f 5076 5044 5045 5077 
f 5077 5045 5046 5078 
f 5078 5046 5047 5079 
f 5079 5047 5048 5080 
f 5080 5048 5049 5081 
f 5081 5049 5050 5082 
f 5082 5050 5051 5083 
f 5083 5051 5052 5084 
f 5084 5052 5053 5085 
f 5085 5053 5054 5086 
f 5086 5054 5055 5087 
f 5087 5055 5056 5088 
f 5088 5056 5057 5089 
f 5089 5057 5058 5090 
f 5090 5058 5059 5091 
f 5091 5059 5060 5092 
f 5092 5060 5061 5093 
f 5093 5061 5062 5094 
f 5094 5062 5063 5095 
f 5095 5063 5064 5096 
f 5096 5064 5065 5097 
f 5097 5065 5066 5098 
f 5098 5066 5067 5099 
f 5099 5067 5068 5100 
f 5100 5068 5069 5101 
f 5101 5069 5070 5102 
f 5102 5070 5071 5103 
f 5103 5071 5072 5104 
f 5104 5072 5073 5105 
f 5105 5073 5042 5074 
f 5043 5042 5106 5107 
f 5044 5043 5107 5108 
f 5045 5044 5108 5109 
f 5046 5045 5109 5110 
f 5047 5046 5110 5111 
f 5048 5047 5111 5112 
f 5049 5048 5112 5113 
f 5050 5049 5113 5114 
f 5051 5050 5114 5115 
f 5052 5051 5115 5116 
f 5053 5052 5116 5117 
f 5054 5053 5117 5118 
f 5055 5054 5118 5119 
f 5056 5055 5119 5120 
f 5057 5056 5120 5121 
f 5058 5057 5121 5122 
f 5059 5058 5122 5123 
f 5060 5059 5123 5124 
f 5061 5060 5124 5125 
f 5062 5061 5125 5126 
f 5063 5062 5126 5127 
f 5064 5063 5127 5128 
f 5065 5064 5128 5129 
f 5066 5065 5129 5130 
f 5067 5066 5130 5131 
f 5068 5067 5131 5132 
f 5069 5068 5132 5133 
f 5070 5069 5133 5134 
f 5071 5070 5134 5135 
f 5072 5071 5135 5136 
f 5073 5072 5136 5137 
f 5042 5073 5137 5106 
f 5412 5413 5470 5471 
f 5413 5414 5527 5470 
f 5414 5415 5526 5527 
f 5415 5416 5525 5526 
f 5416 5417 5524 5525 
f 5417 5418 5523 5524 
f 5418 5419 5522 5523 
f 5419 5420 5521 5522 
f 5420 5421 5520 5521 
f 5421 5422 5519 5520 
f 5422 5423 5518 5519 
f 5423 5424 5517 5518 
f 5424 5425 5516 5517 
f 5425 5426 5515 5516 
f 5426 5427 5514 5515 
f 5427 5428 5513 5514 
f 5428 5429 5512 5513 
f 5429 5430 5511 5512 
f 5430 5431 5510 5511 
f 5431 5432 5509 5510 
f 5432 5433 5508 5509 
f 5433 5434 5507 5508 
f 5434 5435 5506 5507 
f 5435 5436 5505 5506 
f 5594 5595 5600 5601 
f 5441 5442 5499 5500 
f 5442 5443 5498 5499 
f 5443 5444 5497 5498 
f 5444 5445 5496 5497 
f 5445 5446 5495 5496 
f 5446 5447 5494 5495 
f 5447 5448 5493 5494 
f 5448 5449 5492 5493 
f 5449 5450 5491 5492 
f 5450 5451 5490 5491 
f 5451 5452 5489 5490 
f 5452 5453 5488 5489 
f 5453 5454 5487 5488 
f 5454 5455 5486 5487 
f 5455 5456 5485 5486 
f 5456 5457 5484 5485 
f 5457 5458 5483 5484 
f 5458 5459 5482 5483 
f 5459 5460 5481 5482 
f 5460 5461 5480 5481 
f 5461 5462 5479 5480 
f 5462 5463 5478 5479 
f 5463 5464 5477 5478 
f 5464 5465 5476 5477 
f 5596 5597 5598 5599 
f 5536 5537 5590 5591 
f 5538 5539 5537 5536 
f 5540 5541 5539 5538 
f 5542 5543 5541 5540 
f 5544 5545 5543 5542 
f 5546 5547 5545 5544 
f 5548 5549 5547 5546 
f 5550 5551 5549 5548 
f 5552 5553 5551 5550 
f 5554 5555 5553 5552 
f 5556 5557 5555 5554 
f 5558 5559 5557 5556 
f 5560 5561 5559 5558 
f 5562 5563 5561 5560 
f 5564 5565 5563 5562 
f 5566 5567 5565 5564 
f 5568 5569 5567 5566 
f 5570 5571 5569 5568 
f 5588 5589 5571 5570 
f 5584 5585 5573 5572 
f 5586 5587 5585 5584 
f 5574 5575 5587 5586 
f 5592 5593 5575 5574 
f 5138 5358 5298 
f 5162 5359 5324 
f 5163 5360 5327 
f 5187 5361 5353 
f 5138 5298 5299 5240 
f 5471 5472 5469 5412 
f 5240 5299 5300 5241 
f 5241 5300 5301 5242 
f 5242 5301 5302 5243 
f 5243 5302 5303 5244 
f 5244 5303 5304 5245 
f 5245 5304 5305 5246 
f 5246 5305 5306 5247 
f 5247 5306 5307 5248 
f 5248 5307 5308 5249 
f 5249 5308 5309 5250 
f 5250 5309 5310 5251 
f 5251 5310 5311 5252 
f 5252 5311 5312 5253 
f 5253 5312 5313 5254 
f 5254 5313 5314 5255 
f 5255 5314 5315 5256 
f 5256 5315 5316 5257 
f 5257 5316 5317 5258 
f 5258 5317 5318 5259 
f 5259 5318 5319 5260 
f 5260 5319 5320 5261 
f 5261 5320 5321 5262 
f 5262 5321 5324 5264 
f 5436 5437 5504 5505 
f 5580 5581 5529 5528 
f 5439 5440 5501 5502 
f 5265 5325 5328 5267 
f 5267 5328 5329 5268 
f 5268 5329 5330 5269 
f 5269 5330 5331 5270 
f 5270 5331 5332 5271 
f 5271 5332 5333 5272 
f 5272 5333 5334 5273 
f 5273 5334 5335 5274 
f 5274 5335 5336 5275 
f 5275 5336 5337 5276 
f 5276 5337 5338 5277 
f 5277 5338 5339 5278 
f 5278 5339 5340 5279 
f 5279 5340 5341 5280 
f 5280 5341 5342 5281 
f 5281 5342 5343 5282 
f 5282 5343 5344 5283 
f 5283 5344 5345 5284 
f 5284 5345 5346 5285 
f 5285 5346 5347 5286 
f 5286 5347 5348 5287 
f 5287 5348 5349 5288 
f 5288 5349 5350 5289 
f 5289 5350 5352 5290 
f 5465 5466 5475 5476 
f 5582 5583 5533 5532 
f 5138 5296 5358 
f 5296 5238 5297 5358 
f 5358 5297 5239 5298 
f 5162 5322 5359 
f 5322 5263 5323 5359 
f 5359 5323 5264 5324 
f 5163 5325 5360 
f 5325 5265 5326 5360 
f 5360 5326 5266 5327 
f 5187 5351 5361 
f 5351 5290 5352 5361 
f 5361 5352 5291 5353 
f 5298 5239 5139 5299 
f 5472 5473 5468 5469 
f 5299 5139 5140 5300 
f 5300 5140 5141 5301 
f 5301 5141 5142 5302 
f 5302 5142 5143 5303 
f 5303 5143 5144 5304 
f 5304 5144 5145 5305 
f 5305 5145 5146 5306 
f 5306 5146 5147 5307 
f 5307 5147 5148 5308 
f 5308 5148 5149 5309 
f 5309 5149 5150 5310 
f 5310 5150 5151 5311 
f 5311 5151 5152 5312 
f 5312 5152 5153 5313 
f 5313 5153 5154 5314 
f 5314 5154 5155 5315 
f 5315 5155 5156 5316 
f 5316 5156 5157 5317 
f 5317 5157 5158 5318 
f 5318 5158 5159 5319 
f 5319 5159 5160 5320 
f 5320 5160 5161 5321 
f 5321 5161 5162 5324 
f 5437 5438 5503 5504 
f 5577 5576 5581 5580 
f 5440 5441 5500 5501 
f 5325 5163 5164 5328 
f 5328 5164 5165 5329 
f 5329 5165 5166 5330 
f 5330 5166 5167 5331 
f 5331 5167 5168 5332 
f 5332 5168 5169 5333 
f 5333 5169 5170 5334 
f 5334 5170 5171 5335 
f 5335 5171 5172 5336 
f 5336 5172 5173 5337 
f 5337 5173 5174 5338 
f 5338 5174 5175 5339 
f 5339 5175 5176 5340 
f 5340 5176 5177 5341 
f 5341 5177 5178 5342 
f 5342 5178 5179 5343 
f 5343 5179 5180 5344 
f 5344 5180 5181 5345 
f 5345 5181 5182 5346 
f 5346 5182 5183 5347 
f 5347 5183 5184 5348 
f 5348 5184 5185 5349 
f 5349 5185 5186 5350 
f 5350 5186 5291 5352 
f 5466 5467 5474 5475 
f 5579 5578 5583 5582 
f 5572 5573 5589 5588 
f 5139 5239 5363 5362 
f 5578 5579 5591 5590 
f 5291 5186 5365 5364 
f 5186 5185 5366 5365 
f 5185 5184 5367 5366 
f 5184 5183 5368 5367 
f 5183 5182 5369 5368 
f 5182 5181 5370 5369 
f 5181 5180 5371 5370 
f 5180 5179 5372 5371 
f 5179 5178 5373 5372 
f 5178 5177 5374 5373 
f 5177 5176 5375 5374 
f 5176 5175 5376 5375 
f 5175 5174 5377 5376 
f 5174 5173 5378 5377 
f 5173 5172 5379 5378 
f 5172 5171 5380 5379 
f 5171 5170 5381 5380 
f 5170 5169 5382 5381 
f 5169 5168 5383 5382 
f 5168 5167 5384 5383 
f 5167 5166 5385 5384 
f 5166 5165 5386 5385 
f 5165 5164 5387 5386 
f 5164 5163 5388 5387 
f 5576 5577 5593 5592 
f 5162 5161 5390 5389 
f 5161 5160 5391 5390 
f 5160 5159 5392 5391 
f 5159 5158 5393 5392 
f 5158 5157 5394 5393 
f 5157 5156 5395 5394 
f 5156 5155 5396 5395 
f 5155 5154 5397 5396 
f 5154 5153 5398 5397 
f 5153 5152 5399 5398 
f 5152 5151 5400 5399 
f 5151 5150 5401 5400 
f 5150 5149 5402 5401 
f 5149 5148 5403 5402 
f 5148 5147 5404 5403 
f 5147 5146 5405 5404 
f 5146 5145 5406 5405 
f 5145 5144 5407 5406 
f 5144 5143 5408 5407 
f 5143 5142 5409 5408 
f 5142 5141 5410 5409 
f 5141 5140 5411 5410 
f 5140 5139 5362 5411 
f 5138 5240 5413 5412 
f 5240 5241 5414 5413 
f 5241 5242 5415 5414 
f 5242 5243 5416 5415 
f 5243 5244 5417 5416 
f 5244 5245 5418 5417 
f 5245 5246 5419 5418 
f 5246 5247 5420 5419 
f 5247 5248 5421 5420 
f 5248 5249 5422 5421 
f 5249 5250 5423 5422 
f 5250 5251 5424 5423 
f 5251 5252 5425 5424 
f 5252 5253 5426 5425 
f 5253 5254 5427 5426 
f 5254 5255 5428 5427 
f 5255 5256 5429 5428 
f 5256 5257 5430 5429 
f 5257 5258 5431 5430 
f 5258 5259 5432 5431 
f 5259 5260 5433 5432 
f 5260 5261 5434 5433 
f 5261 5262 5435 5434 
f 5262 5264 5436 5435 
f 5264 5323 5437 5436 
f 5323 5263 5438 5437 
f 5528 5529 5595 5594 
f 5266 5326 5440 5439 
f 5326 5265 5441 5440 
f 5265 5267 5442 5441 
f 5267 5268 5443 5442 
f 5268 5269 5444 5443 
f 5269 5270 5445 5444 
f 5270 5271 5446 5445 
f 5271 5272 5447 5446 
f 5272 5273 5448 5447 
f 5273 5274 5449 5448 
f 5274 5275 5450 5449 
f 5275 5276 5451 5450 
f 5276 5277 5452 5451 
f 5277 5278 5453 5452 
f 5278 5279 5454 5453 
f 5279 5280 5455 5454 
f 5280 5281 5456 5455 
f 5281 5282 5457 5456 
f 5282 5283 5458 5457 
f 5283 5284 5459 5458 
f 5284 5285 5460 5459 
f 5285 5286 5461 5460 
f 5286 5287 5462 5461 
f 5287 5288 5463 5462 
f 5288 5289 5464 5463 
f 5289 5290 5465 5464 
f 5290 5351 5466 5465 
f 5351 5187 5467 5466 
f 5532 5533 5597 5596 
f 5238 5296 5469 5468 
f 5296 5138 5412 5469 
f 5189 5292 5471 5470 
f 5292 5354 5472 5471 
f 5354 5188 5473 5472 
f 5534 5535 5599 5598 
f 5295 5357 5475 5474 
f 5357 5237 5476 5475 
f 5237 5236 5477 5476 
f 5236 5235 5478 5477 
f 5235 5234 5479 5478 
f 5234 5233 5480 5479 
f 5233 5232 5481 5480 
f 5232 5231 5482 5481 
f 5231 5230 5483 5482 
f 5230 5229 5484 5483 
f 5229 5228 5485 5484 
f 5228 5227 5486 5485 
f 5227 5226 5487 5486 
f 5226 5225 5488 5487 
f 5225 5224 5489 5488 
f 5224 5223 5490 5489 
f 5223 5222 5491 5490 
f 5222 5221 5492 5491 
f 5221 5220 5493 5492 
f 5220 5219 5494 5493 
f 5219 5218 5495 5494 
f 5218 5217 5496 5495 
f 5217 5216 5497 5496 
f 5216 5215 5498 5497 
f 5215 5214 5499 5498 
f 5214 5294 5500 5499 
f 5294 5356 5501 5500 
f 5356 5213 5502 5501 
f 5530 5531 5601 5600 
f 5293 5355 5504 5503 
f 5355 5212 5505 5504 
f 5212 5211 5506 5505 
f 5211 5210 5507 5506 
f 5210 5209 5508 5507 
f 5209 5208 5509 5508 
f 5208 5207 5510 5509 
f 5207 5206 5511 5510 
f 5206 5205 5512 5511 
f 5205 5204 5513 5512 
f 5204 5203 5514 5513 
f 5203 5202 5515 5514 
f 5202 5201 5516 5515 
f 5201 5200 5517 5516 
f 5200 5199 5518 5517 
f 5199 5198 5519 5518 
f 5198 5197 5520 5519 
f 5197 5196 5521 5520 
f 5196 5195 5522 5521 
f 5195 5194 5523 5522 
f 5194 5193 5524 5523 
f 5193 5192 5525 5524 
f 5192 5191 5526 5525 
f 5191 5190 5527 5526 
f 5190 5189 5470 5527 
f 5595 5439 5502 5600 
f 5601 5503 5438 5594 
f 5597 5468 5473 5598 
f 5599 5474 5467 5596 
f 5537 5362 5363 5590 
f 5591 5364 5365 5536 
f 5539 5411 5362 5537 
f 5536 5365 5366 5538 
f 5541 5410 5411 5539 
f 5538 5366 5367 5540 
f 5543 5409 5410 5541 
f 5540 5367 5368 5542 
f 5545 5408 5409 5543 
f 5542 5368 5369 5544 
f 5547 5407 5408 5545 
f 5544 5369 5370 5546 
f 5549 5406 5407 5547 
f 5546 5370 5371 5548 
f 5551 5405 5406 5549 
f 5548 5371 5372 5550 
f 5553 5404 5405 5551 
f 5550 5372 5373 5552 
f 5555 5403 5404 5553 
f 5552 5373 5374 5554 
f 5557 5402 5403 5555 
f 5554 5374 5375 5556 
f 5559 5401 5402 5557 
f 5556 5375 5376 5558 
f 5561 5400 5401 5559 
f 5558 5376 5377 5560 
f 5563 5399 5400 5561 
f 5560 5377 5378 5562 
f 5565 5398 5399 5563 
f 5562 5378 5379 5564 
f 5567 5397 5398 5565 
f 5564 5379 5380 5566 
f 5569 5396 5397 5567 
f 5566 5380 5381 5568 
f 5571 5395 5396 5569 
f 5568 5381 5382 5570 
f 5589 5394 5395 5571 
f 5570 5382 5383 5588 
f 5585 5392 5393 5573 
f 5572 5384 5385 5584 
f 5587 5391 5392 5585 
f 5584 5385 5386 5586 
f 5575 5390 5391 5587 
f 5586 5386 5387 5574 
f 5593 5389 5390 5575 
f 5574 5387 5388 5592 
f 5581 5327 5266 5529 
f 5528 5263 5322 5580 
f 5583 5297 5238 5533 
f 5532 5187 5353 5582 
f 5576 5163 5327 5581 
f 5580 5322 5162 5577 
f 5578 5239 5297 5583 
f 5582 5353 5291 5579 
f 5573 5393 5394 5589 
f 5588 5383 5384 5572 
f 5579 5291 5364 5591 
f 5590 5363 5239 5578 
f 5577 5162 5389 5593 
f 5592 5388 5163 5576 
f 5529 5266 5439 5595 
f 5594 5438 5263 5528 
f 5533 5238 5468 5597 
f 5596 5467 5187 5532 
f 5535 5295 5474 5599 
f 5598 5473 5188 5534 
f 5531 5293 5503 5601 
f 5600 5502 5213 5530 
f 5876 5935 5934 5877 
f 5877 5934 5991 5878 
f 5878 5991 5990 5879 
f 5879 5990 5989 5880 
f 5880 5989 5988 5881 
f 5881 5988 5987 5882 
f 5882 5987 5986 5883 
f 5883 5986 5985 5884 
f 5884 5985 5984 5885 
f 5885 5984 5983 5886 
f 5886 5983 5982 5887 
f 5887 5982 5981 5888 
f 5888 5981 5980 5889 
f 5889 5980 5979 5890 
f 5890 5979 5978 5891 
f 5891 5978 5977 5892 
f 5892 5977 5976 5893 
f 5893 5976 5975 5894 
f 5894 5975 5974 5895 
f 5895 5974 5973 5896 
f 5896 5973 5972 5897 
f 5897 5972 5971 5898 
f 5898 5971 5970 5899 
f 5899 5970 5969 5900 
f 6058 6065 6064 6059 
f 5905 5964 5963 5906 
f 5906 5963 5962 5907 
f 5907 5962 5961 5908 
f 5908 5961 5960 5909 
f 5909 5960 5959 5910 
f 5910 5959 5958 5911 
f 5911 5958 5957 5912 
f 5912 5957 5956 5913 
f 5913 5956 5955 5914 
f 5914 5955 5954 5915 
f 5915 5954 5953 5916 
f 5916 5953 5952 5917 
f 5917 5952 5951 5918 
f 5918 5951 5950 5919 
f 5919 5950 5949 5920 
f 5920 5949 5948 5921 
f 5921 5948 5947 5922 
f 5922 5947 5946 5923 
f 5923 5946 5945 5924 
f 5924 5945 5944 5925 
f 5925 5944 5943 5926 
f 5926 5943 5942 5927 
f 5927 5942 5941 5928 
f 5928 5941 5940 5929 
f 6060 6063 6062 6061 
f 6000 6055 6054 6001 
f 6002 6000 6001 6003 
f 6004 6002 6003 6005 
f 6006 6004 6005 6007 
f 6008 6006 6007 6009 
f 6010 6008 6009 6011 
f 6012 6010 6011 6013 
f 6014 6012 6013 6015 
f 6016 6014 6015 6017 
f 6018 6016 6017 6019 
f 6020 6018 6019 6021 
f 6022 6020 6021 6023 
f 6024 6022 6023 6025 
f 6026 6024 6025 6027 
f 6028 6026 6027 6029 
f 6030 6028 6029 6031 
f 6032 6030 6031 6033 
f 6034 6032 6033 6035 
f 6052 6034 6035 6053 
f 6048 6036 6037 6049 
f 6050 6048 6049 6051 
f 6038 6050 6051 6039 
f 6056 6038 6039 6057 
f 5602 5762 5822 
f 5626 5788 5823 
f 5627 5791 5824 
f 5651 5817 5825 
f 5602 5704 5763 5762 
f 5935 5876 5933 5936 
f 5704 5705 5764 5763 
f 5705 5706 5765 5764 
f 5706 5707 5766 5765 
f 5707 5708 5767 5766 
f 5708 5709 5768 5767 
f 5709 5710 5769 5768 
f 5710 5711 5770 5769 
f 5711 5712 5771 5770 
f 5712 5713 5772 5771 
f 5713 5714 5773 5772 
f 5714 5715 5774 5773 
f 5715 5716 5775 5774 
f 5716 5717 5776 5775 
f 5717 5718 5777 5776 
f 5718 5719 5778 5777 
f 5719 5720 5779 5778 
f 5720 5721 5780 5779 
f 5721 5722 5781 5780 
f 5722 5723 5782 5781 
f 5723 5724 5783 5782 
f 5724 5725 5784 5783 
f 5725 5726 5785 5784 
f 5726 5728 5788 5785 
f 5900 5969 5968 5901 
f 6044 5992 5993 6045 
f 5903 5966 5965 5904 
f 5729 5731 5792 5789 
f 5731 5732 5793 5792 
f 5732 5733 5794 5793 
f 5733 5734 5795 5794 
f 5734 5735 5796 5795 
f 5735 5736 5797 5796 
f 5736 5737 5798 5797 
f 5737 5738 5799 5798 
f 5738 5739 5800 5799 
f 5739 5740 5801 5800 
f 5740 5741 5802 5801 
f 5741 5742 5803 5802 
f 5742 5743 5804 5803 
f 5743 5744 5805 5804 
f 5744 5745 5806 5805 
f 5745 5746 5807 5806 
f 5746 5747 5808 5807 
f 5747 5748 5809 5808 
f 5748 5749 5810 5809 
f 5749 5750 5811 5810 
f 5750 5751 5812 5811 
f 5751 5752 5813 5812 
f 5752 5753 5814 5813 
f 5753 5754 5816 5814 
f 5929 5940 5939 5930 
f 6046 5996 5997 6047 
f 5602 5822 5760 
f 5760 5822 5761 5702 
f 5822 5762 5703 5761 
f 5626 5823 5786 
f 5786 5823 5787 5727 
f 5823 5788 5728 5787 
f 5627 5824 5789 
f 5789 5824 5790 5729 
f 5824 5791 5730 5790 
f 5651 5825 5815 
f 5815 5825 5816 5754 
f 5825 5817 5755 5816 
f 5762 5763 5603 5703 
f 5936 5933 5932 5937 
f 5763 5764 5604 5603 
f 5764 5765 5605 5604 
f 5765 5766 5606 5605 
f 5766 5767 5607 5606 
f 5767 5768 5608 5607 
f 5768 5769 5609 5608 
f 5769 5770 5610 5609 
f 5770 5771 5611 5610 
f 5771 5772 5612 5611 
f 5772 5773 5613 5612 
f 5773 5774 5614 5613 
f 5774 5775 5615 5614 
f 5775 5776 5616 5615 
f 5776 5777 5617 5616 
f 5777 5778 5618 5617 
f 5778 5779 5619 5618 
f 5779 5780 5620 5619 
f 5780 5781 5621 5620 
f 5781 5782 5622 5621 
f 5782 5783 5623 5622 
f 5783 5784 5624 5623 
f 5784 5785 5625 5624 
f 5785 5788 5626 5625 
f 5901 5968 5967 5902 
f 6041 6044 6045 6040 
f 5904 5965 5964 5905 
f 5789 5792 5628 5627 
f 5792 5793 5629 5628 
f 5793 5794 5630 5629 
f 5794 5795 5631 5630 
f 5795 5796 5632 5631 
f 5796 5797 5633 5632 
f 5797 5798 5634 5633 
f 5798 5799 5635 5634 
f 5799 5800 5636 5635 
f 5800 5801 5637 5636 
f 5801 5802 5638 5637 
f 5802 5803 5639 5638 
f 5803 5804 5640 5639 
f 5804 5805 5641 5640 
f 5805 5806 5642 5641 
f 5806 5807 5643 5642 
f 5807 5808 5644 5643 
f 5808 5809 5645 5644 
f 5809 5810 5646 5645 
f 5810 5811 5647 5646 
f 5811 5812 5648 5647 
f 5812 5813 5649 5648 
f 5813 5814 5650 5649 
f 5814 5816 5755 5650 
f 5930 5939 5938 5931 
f 6043 6046 6047 6042 
f 6036 6052 6053 6037 
f 5603 5826 5827 5703 
f 6042 6054 6055 6043 
f 5755 5828 5829 5650 
f 5650 5829 5830 5649 
f 5649 5830 5831 5648 
f 5648 5831 5832 5647 
f 5647 5832 5833 5646 
f 5646 5833 5834 5645 
f 5645 5834 5835 5644 
f 5644 5835 5836 5643 
f 5643 5836 5837 5642 
f 5642 5837 5838 5641 
f 5641 5838 5839 5640 
f 5640 5839 5840 5639 
f 5639 5840 5841 5638 
f 5638 5841 5842 5637 
f 5637 5842 5843 5636 
f 5636 5843 5844 5635 
f 5635 5844 5845 5634 
f 5634 5845 5846 5633 
f 5633 5846 5847 5632 
f 5632 5847 5848 5631 
f 5631 5848 5849 5630 
f 5630 5849 5850 5629 
f 5629 5850 5851 5628 
f 5628 5851 5852 5627 
f 6040 6056 6057 6041 
f 5626 5853 5854 5625 
f 5625 5854 5855 5624 
f 5624 5855 5856 5623 
f 5623 5856 5857 5622 
f 5622 5857 5858 5621 
f 5621 5858 5859 5620 
f 5620 5859 5860 5619 
f 5619 5860 5861 5618 
f 5618 5861 5862 5617 
f 5617 5862 5863 5616 
f 5616 5863 5864 5615 
f 5615 5864 5865 5614 
f 5614 5865 5866 5613 
f 5613 5866 5867 5612 
f 5612 5867 5868 5611 
f 5611 5868 5869 5610 
f 5610 5869 5870 5609 
f 5609 5870 5871 5608 
f 5608 5871 5872 5607 
f 5607 5872 5873 5606 
f 5606 5873 5874 5605 
f 5605 5874 5875 5604 
f 5604 5875 5826 5603 
f 5602 5876 5877 5704 
f 5704 5877 5878 5705 
f 5705 5878 5879 5706 
f 5706 5879 5880 5707 
f 5707 5880 5881 5708 
f 5708 5881 5882 5709 
f 5709 5882 5883 5710 
f 5710 5883 5884 5711 
f 5711 5884 5885 5712 
f 5712 5885 5886 5713 
f 5713 5886 5887 5714 
f 5714 5887 5888 5715 
f 5715 5888 5889 5716 
f 5716 5889 5890 5717 
f 5717 5890 5891 5718 
f 5718 5891 5892 5719 
f 5719 5892 5893 5720 
f 5720 5893 5894 5721 
f 5721 5894 5895 5722 
f 5722 5895 5896 5723 
f 5723 5896 5897 5724 
f 5724 5897 5898 5725 
f 5725 5898 5899 5726 
f 5726 5899 5900 5728 
f 5728 5900 5901 5787 
f 5787 5901 5902 5727 
f 5992 6058 6059 5993 
f 5730 5903 5904 5790 
f 5790 5904 5905 5729 
f 5729 5905 5906 5731 
f 5731 5906 5907 5732 
f 5732 5907 5908 5733 
f 5733 5908 5909 5734 
f 5734 5909 5910 5735 
f 5735 5910 5911 5736 
f 5736 5911 5912 5737 
f 5737 5912 5913 5738 
f 5738 5913 5914 5739 
f 5739 5914 5915 5740 
f 5740 5915 5916 5741 
f 5741 5916 5917 5742 
f 5742 5917 5918 5743 
f 5743 5918 5919 5744 
f 5744 5919 5920 5745 
f 5745 5920 5921 5746 
f 5746 5921 5922 5747 
f 5747 5922 5923 5748 
f 5748 5923 5924 5749 
f 5749 5924 5925 5750 
f 5750 5925 5926 5751 
f 5751 5926 5927 5752 
f 5752 5927 5928 5753 
f 5753 5928 5929 5754 
f 5754 5929 5930 5815 
f 5815 5930 5931 5651 
f 5996 6060 6061 5997 
f 5702 5932 5933 5760 
f 5760 5933 5876 5602 
f 5653 5934 5935 5756 
f 5756 5935 5936 5818 
f 5818 5936 5937 5652 
f 5998 6062 6063 5999 
f 5759 5938 5939 5821 
f 5821 5939 5940 5701 
f 5701 5940 5941 5700 
f 5700 5941 5942 5699 
f 5699 5942 5943 5698 
f 5698 5943 5944 5697 
f 5697 5944 5945 5696 
f 5696 5945 5946 5695 
f 5695 5946 5947 5694 
f 5694 5947 5948 5693 
f 5693 5948 5949 5692 
f 5692 5949 5950 5691 
f 5691 5950 5951 5690 
f 5690 5951 5952 5689 
f 5689 5952 5953 5688 
f 5688 5953 5954 5687 
f 5687 5954 5955 5686 
f 5686 5955 5956 5685 
f 5685 5956 5957 5684 
f 5684 5957 5958 5683 
f 5683 5958 5959 5682 
f 5682 5959 5960 5681 
f 5681 5960 5961 5680 
f 5680 5961 5962 5679 
f 5679 5962 5963 5678 
f 5678 5963 5964 5758 
f 5758 5964 5965 5820 
f 5820 5965 5966 5677 
f 5994 6064 6065 5995 
f 5757 5967 5968 5819 
f 5819 5968 5969 5676 
f 5676 5969 5970 5675 
f 5675 5970 5971 5674 
f 5674 5971 5972 5673 
f 5673 5972 5973 5672 
f 5672 5973 5974 5671 
f 5671 5974 5975 5670 
f 5670 5975 5976 5669 
f 5669 5976 5977 5668 
f 5668 5977 5978 5667 
f 5667 5978 5979 5666 
f 5666 5979 5980 5665 
f 5665 5980 5981 5664 
f 5664 5981 5982 5663 
f 5663 5982 5983 5662 
f 5662 5983 5984 5661 
f 5661 5984 5985 5660 
f 5660 5985 5986 5659 
f 5659 5986 5987 5658 
f 5658 5987 5988 5657 
f 5657 5988 5989 5656 
f 5656 5989 5990 5655 
f 5655 5990 5991 5654 
f 5654 5991 5934 5653 
f 6059 6064 5966 5903 
f 6065 6058 5902 5967 
f 6061 6062 5937 5932 
f 6063 6060 5931 5938 
f 6001 6054 5827 5826 
f 6055 6000 5829 5828 
f 6003 6001 5826 5875 
f 6000 6002 5830 5829 
f 6005 6003 5875 5874 
f 6002 6004 5831 5830 
f 6007 6005 5874 5873 
f 6004 6006 5832 5831 
f 6009 6007 5873 5872 
f 6006 6008 5833 5832 
f 6011 6009 5872 5871 
f 6008 6010 5834 5833 
f 6013 6011 5871 5870 
f 6010 6012 5835 5834 
f 6015 6013 5870 5869 
f 6012 6014 5836 5835 
f 6017 6015 5869 5868 
f 6014 6016 5837 5836 
f 6019 6017 5868 5867 
f 6016 6018 5838 5837 
f 6021 6019 5867 5866 
f 6018 6020 5839 5838 
f 6023 6021 5866 5865 
f 6020 6022 5840 5839 
f 6025 6023 5865 5864 
f 6022 6024 5841 5840 
f 6027 6025 5864 5863 
f 6024 6026 5842 5841 
f 6029 6027 5863 5862 
f 6026 6028 5843 5842 
f 6031 6029 5862 5861 
f 6028 6030 5844 5843 
f 6033 6031 5861 5860 
f 6030 6032 5845 5844 
f 6035 6033 5860 5859 
f 6032 6034 5846 5845 
f 6053 6035 5859 5858 
f 6034 6052 5847 5846 
f 6049 6037 5857 5856 
f 6036 6048 5849 5848 
f 6051 6049 5856 5855 
f 6048 6050 5850 5849 
f 6039 6051 5855 5854 
f 6050 6038 5851 5850 
f 6057 6039 5854 5853 
f 6038 6056 5852 5851 
f 6045 5993 5730 5791 
f 5992 6044 5786 5727 
f 6047 5997 5702 5761 
f 5996 6046 5817 5651 
f 6040 6045 5791 5627 
f 6044 6041 5626 5786 
f 6042 6047 5761 5703 
f 6046 6043 5755 5817 
f 6037 6053 5858 5857 
f 6052 6036 5848 5847 
f 6043 6055 5828 5755 
f 6054 6042 5703 5827 
f 6041 6057 5853 5626 
f 6056 6040 5627 5852 
f 5993 6059 5903 5730 
f 6058 5992 5727 5902 
f 5997 6061 5932 5702 
f 6060 5996 5651 5931 
f 5999 6063 5938 5759 
f 6062 5998 5652 5937 
f 5995 6065 5967 5757 
f 6064 5994 5677 5966 
f 6340 6341 6398 6399 
f 6341 6342 6455 6398 
f 6342 6343 6454 6455 
f 6343 6344 6453 6454 
f 6344 6345 6452 6453 
f 6345 6346 6451 6452 
f 6346 6347 6450 6451 
f 6347 6348 6449 6450 
f 6348 6349 6448 6449 
f 6349 6350 6447 6448 
f 6350 6351 6446 6447 
f 6351 6352 6445 6446 
f 6352 6353 6444 6445 
f 6353 6354 6443 6444 
f 6354 6355 6442 6443 
f 6355 6356 6441 6442 
f 6356 6357 6440 6441 
f 6357 6358 6439 6440 
f 6358 6359 6438 6439 
f 6359 6360 6437 6438 
f 6360 6361 6436 6437 
f 6361 6362 6435 6436 
f 6362 6363 6434 6435 
f 6363 6364 6433 6434 
f 6522 6523 6528 6529 
f 6369 6370 6427 6428 
f 6370 6371 6426 6427 
f 6371 6372 6425 6426 
f 6372 6373 6424 6425 
f 6373 6374 6423 6424 
f 6374 6375 6422 6423 
f 6375 6376 6421 6422 
f 6376 6377 6420 6421 
f 6377 6378 6419 6420 
f 6378 6379 6418 6419 
f 6379 6380 6417 6418 
f 6380 6381 6416 6417 
f 6381 6382 6415 6416 
f 6382 6383 6414 6415 
f 6383 6384 6413 6414 
f 6384 6385 6412 6413 
f 6385 6386 6411 6412 
f 6386 6387 6410 6411 
f 6387 6388 6409 6410 
f 6388 6389 6408 6409 
f 6389 6390 6407 6408 
f 6390 6391 6406 6407 
f 6391 6392 6405 6406 
f 6392 6393 6404 6405 
f 6524 6525 6526 6527 
f 6464 6465 6518 6519 
f 6466 6467 6465 6464 
f 6468 6469 6467 6466 
f 6470 6471 6469 6468 
f 6472 6473 6471 6470 
f 6474 6475 6473 6472 
f 6476 6477 6475 6474 
f 6478 6479 6477 6476 
f 6480 6481 6479 6478 
f 6482 6483 6481 6480 
f 6484 6485 6483 6482 
f 6486 6487 6485 6484 
f 6488 6489 6487 6486 
f 6490 6491 6489 6488 
f 6492 6493 6491 6490 
f 6494 6495 6493 6492 
f 6496 6497 6495 6494 
f 6498 6499 6497 6496 
f 6516 6517 6499 6498 
f 6512 6513 6501 6500 
f 6514 6515 6513 6512 
f 6502 6503 6515 6514 
f 6520 6521 6503 6502 
f 6066 6286 6226 
f 6090 6287 6252 
f 6091 6288 6255 
f 6115 6289 6281 
f 6066 6226 6227 6168 
f 6399 6400 6397 6340 
f 6168 6227 6228 6169 
f 6169 6228 6229 6170 
f 6170 6229 6230 6171 
f 6171 6230 6231 6172 
f 6172 6231 6232 6173 
f 6173 6232 6233 6174 
f 6174 6233 6234 6175 
f 6175 6234 6235 6176 
f 6176 6235 6236 6177 
f 6177 6236 6237 6178 
f 6178 6237 6238 6179 
f 6179 6238 6239 6180 
f 6180 6239 6240 6181 
f 6181 6240 6241 6182 
f 6182 6241 6242 6183 
f 6183 6242 6243 6184 
f 6184 6243 6244 6185 
f 6185 6244 6245 6186 
f 6186 6245 6246 6187 
f 6187 6246 6247 6188 
f 6188 6247 6248 6189 
f 6189 6248 6249 6190 
f 6190 6249 6252 6192 
f 6364 6365 6432 6433 
f 6508 6509 6457 6456 
f 6367 6368 6429 6430 
f 6193 6253 6256 6195 
f 6195 6256 6257 6196 
f 6196 6257 6258 6197 
f 6197 6258 6259 6198 
f 6198 6259 6260 6199 
f 6199 6260 6261 6200 
f 6200 6261 6262 6201 
f 6201 6262 6263 6202 
f 6202 6263 6264 6203 
f 6203 6264 6265 6204 
f 6204 6265 6266 6205 
f 6205 6266 6267 6206 
f 6206 6267 6268 6207 
f 6207 6268 6269 6208 
f 6208 6269 6270 6209 
f 6209 6270 6271 6210 
f 6210 6271 6272 6211 
f 6211 6272 6273 6212 
f 6212 6273 6274 6213 
f 6213 6274 6275 6214 
f 6214 6275 6276 6215 
f 6215 6276 6277 6216 
f 6216 6277 6278 6217 
f 6217 6278 6280 6218 
f 6393 6394 6403 6404 
f 6510 6511 6461 6460 
f 6066 6224 6286 
f 6224 6166 6225 6286 
f 6286 6225 6167 6226 
f 6090 6250 6287 
f 6250 6191 6251 6287 
f 6287 6251 6192 6252 
f 6091 6253 6288 
f 6253 6193 6254 6288 
f 6288 6254 6194 6255 
f 6115 6279 6289 
f 6279 6218 6280 6289 
f 6289 6280 6219 6281 
f 6226 6167 6067 6227 
f 6400 6401 6396 6397 
f 6227 6067 6068 6228 
f 6228 6068 6069 6229 
f 6229 6069 6070 6230 
f 6230 6070 6071 6231 
f 6231 6071 6072 6232 
f 6232 6072 6073 6233 
f 6233 6073 6074 6234 
f 6234 6074 6075 6235 
f 6235 6075 6076 6236 
f 6236 6076 6077 6237 
f 6237 6077 6078 6238 
f 6238 6078 6079 6239 
f 6239 6079 6080 6240 
f 6240 6080 6081 6241 
f 6241 6081 6082 6242 
f 6242 6082 6083 6243 
f 6243 6083 6084 6244 
f 6244 6084 6085 6245 
f 6245 6085 6086 6246 
f 6246 6086 6087 6247 
f 6247 6087 6088 6248 
f 6248 6088 6089 6249 
f 6249 6089 6090 6252 
f 6365 6366 6431 6432 
f 6505 6504 6509 6508 
f 6368 6369 6428 6429 
f 6253 6091 6092 6256 
f 6256 6092 6093 6257 
f 6257 6093 6094 6258 
f 6258 6094 6095 6259 
f 6259 6095 6096 6260 
f 6260 6096 6097 6261 
f 6261 6097 6098 6262 
f 6262 6098 6099 6263 
f 6263 6099 6100 6264 
f 6264 6100 6101 6265 
f 6265 6101 6102 6266 
f 6266 6102 6103 6267 
f 6267 6103 6104 6268 
f 6268 6104 6105 6269 
f 6269 6105 6106 6270 
f 6270 6106 6107 6271 
f 6271 6107 6108 6272 
f 6272 6108 6109 6273 
f 6273 6109 6110 6274 
f 6274 6110 6111 6275 
f 6275 6111 6112 6276 
f 6276 6112 6113 6277 
f 6277 6113 6114 6278 
f 6278 6114 6219 6280 
f 6394 6395 6402 6403 
f 6507 6506 6511 6510 
f 6500 6501 6517 6516 
f 6067 6167 6291 6290 
f 6506 6507 6519 6518 
f 6219 6114 6293 6292 
f 6114 6113 6294 6293 
f 6113 6112 6295 6294 
f 6112 6111 6296 6295 
f 6111 6110 6297 6296 
f 6110 6109 6298 6297 
f 6109 6108 6299 6298 
f 6108 6107 6300 6299 
f 6107 6106 6301 6300 
f 6106 6105 6302 6301 
f 6105 6104 6303 6302 
f 6104 6103 6304 6303 
f 6103 6102 6305 6304 
f 6102 6101 6306 6305 
f 6101 6100 6307 6306 
f 6100 6099 6308 6307 
f 6099 6098 6309 6308 
f 6098 6097 6310 6309 
f 6097 6096 6311 6310 
f 6096 6095 6312 6311 
f 6095 6094 6313 6312 
f 6094 6093 6314 6313 
f 6093 6092 6315 6314 
f 6092 6091 6316 6315 
f 6504 6505 6521 6520 
f 6090 6089 6318 6317 
f 6089 6088 6319 6318 
f 6088 6087 6320 6319 
f 6087 6086 6321 6320 
f 6086 6085 6322 6321 
f 6085 6084 6323 6322 
f 6084 6083 6324 6323 
f 6083 6082 6325 6324 
f 6082 6081 6326 6325 
f 6081 6080 6327 6326 
f 6080 6079 6328 6327 
f 6079 6078 6329 6328 
f 6078 6077 6330 6329 
f 6077 6076 6331 6330 
f 6076 6075 6332 6331 
f 6075 6074 6333 6332 
f 6074 6073 6334 6333 
f 6073 6072 6335 6334 
f 6072 6071 6336 6335 
f 6071 6070 6337 6336 
f 6070 6069 6338 6337 
f 6069 6068 6339 6338 
f 6068 6067 6290 6339 
f 6066 6168 6341 6340 
f 6168 6169 6342 6341 
f 6169 6170 6343 6342 
f 6170 6171 6344 6343 
f 6171 6172 6345 6344 
f 6172 6173 6346 6345 
f 6173 6174 6347 6346 
f 6174 6175 6348 6347 
f 6175 6176 6349 6348 
f 6176 6177 6350 6349 
f 6177 6178 6351 6350 
f 6178 6179 6352 6351 
f 6179 6180 6353 6352 
f 6180 6181 6354 6353 
f 6181 6182 6355 6354 
f 6182 6183 6356 6355 
f 6183 6184 6357 6356 
f 6184 6185 6358 6357 
f 6185 6186 6359 6358 
f 6186 6187 6360 6359 
f 6187 6188 6361 6360 
f 6188 6189 6362 6361 
f 6189 6190 6363 6362 
f 6190 6192 6364 6363 
f 6192 6251 6365 6364 
f 6251 6191 6366 6365 
f 6456 6457 6523 6522 
f 6194 6254 6368 6367 
f 6254 6193 6369 6368 
f 6193 6195 6370 6369 
f 6195 6196 6371 6370 
f 6196 6197 6372 6371 
f 6197 6198 6373 6372 
f 6198 6199 6374 6373 
f 6199 6200 6375 6374 
f 6200 6201 6376 6375 
f 6201 6202 6377 6376 
f 6202 6203 6378 6377 
f 6203 6204 6379 6378 
f 6204 6205 6380 6379 
f 6205 6206 6381 6380 
f 6206 6207 6382 6381 
f 6207 6208 6383 6382 
f 6208 6209 6384 6383 
f 6209 6210 6385 6384 
f 6210 6211 6386 6385 
f 6211 6212 6387 6386 
f 6212 6213 6388 6387 
f 6213 6214 6389 6388 
f 6214 6215 6390 6389 
f 6215 6216 6391 6390 
f 6216 6217 6392 6391 
f 6217 6218 6393 6392 
f 6218 6279 6394 6393 
f 6279 6115 6395 6394 
f 6460 6461 6525 6524 
f 6166 6224 6397 6396 
f 6224 6066 6340 6397 
f 6117 6220 6399 6398 
f 6220 6282 6400 6399 
f 6282 6116 6401 6400 
f 6462 6463 6527 6526 
f 6223 6285 6403 6402 
f 6285 6165 6404 6403 
f 6165 6164 6405 6404 
f 6164 6163 6406 6405 
f 6163 6162 6407 6406 
f 6162 6161 6408 6407 
f 6161 6160 6409 6408 
f 6160 6159 6410 6409 
f 6159 6158 6411 6410 
f 6158 6157 6412 6411 
f 6157 6156 6413 6412 
f 6156 6155 6414 6413 
f 6155 6154 6415 6414 
f 6154 6153 6416 6415 
f 6153 6152 6417 6416 
f 6152 6151 6418 6417 
f 6151 6150 6419 6418 
f 6150 6149 6420 6419 
f 6149 6148 6421 6420 
f 6148 6147 6422 6421 
f 6147 6146 6423 6422 
f 6146 6145 6424 6423 
f 6145 6144 6425 6424 
f 6144 6143 6426 6425 
f 6143 6142 6427 6426 
f 6142 6222 6428 6427 
f 6222 6284 6429 6428 
f 6284 6141 6430 6429 
f 6458 6459 6529 6528 
f 6221 6283 6432 6431 
f 6283 6140 6433 6432 
f 6140 6139 6434 6433 
f 6139 6138 6435 6434 
f 6138 6137 6436 6435 
f 6137 6136 6437 6436 
f 6136 6135 6438 6437 
f 6135 6134 6439 6438 
f 6134 6133 6440 6439 
f 6133 6132 6441 6440 
f 6132 6131 6442 6441 
f 6131 6130 6443 6442 
f 6130 6129 6444 6443 
f 6129 6128 6445 6444 
f 6128 6127 6446 6445 
f 6127 6126 6447 6446 
f 6126 6125 6448 6447 
f 6125 6124 6449 6448 
f 6124 6123 6450 6449 
f 6123 6122 6451 6450 
f 6122 6121 6452 6451 
f 6121 6120 6453 6452 
f 6120 6119 6454 6453 
f 6119 6118 6455 6454 
f 6118 6117 6398 6455 
f 6523 6367 6430 6528 
f 6529 6431 6366 6522 
f 6525 6396 6401 6526 
f 6527 6402 6395 6524 
f 6465 6290 6291 6518 
f 6519 6292 6293 6464 
f 6467 6339 6290 6465 
f 6464 6293 6294 6466 
f 6469 6338 6339 6467 
f 6466 6294 6295 6468 
f 6471 6337 6338 6469 
f 6468 6295 6296 6470 
f 6473 6336 6337 6471 
f 6470 6296 6297 6472 
f 6475 6335 6336 6473 
f 6472 6297 6298 6474 
f 6477 6334 6335 6475 
f 6474 6298 6299 6476 
f 6479 6333 6334 6477 
f 6476 6299 6300 6478 
f 6481 6332 6333 6479 
f 6478 6300 6301 6480 
f 6483 6331 6332 6481 
f 6480 6301 6302 6482 
f 6485 6330 6331 6483 
f 6482 6302 6303 6484 
f 6487 6329 6330 6485 
f 6484 6303 6304 6486 
f 6489 6328 6329 6487 
f 6486 6304 6305 6488 
f 6491 6327 6328 6489 
f 6488 6305 6306 6490 
f 6493 6326 6327 6491 
f 6490 6306 6307 6492 
f 6495 6325 6326 6493 
f 6492 6307 6308 6494 
f 6497 6324 6325 6495 
f 6494 6308 6309 6496 
f 6499 6323 6324 6497 
f 6496 6309 6310 6498 
f 6517 6322 6323 6499 
f 6498 6310 6311 6516 
f 6513 6320 6321 6501 
f 6500 6312 6313 6512 
f 6515 6319 6320 6513 
f 6512 6313 6314 6514 
f 6503 6318 6319 6515 
f 6514 6314 6315 6502 
f 6521 6317 6318 6503 
f 6502 6315 6316 6520 
f 6509 6255 6194 6457 
f 6456 6191 6250 6508 
f 6511 6225 6166 6461 
f 6460 6115 6281 6510 
f 6504 6091 6255 6509 
f 6508 6250 6090 6505 
f 6506 6167 6225 6511 
f 6510 6281 6219 6507 
f 6501 6321 6322 6517 
f 6516 6311 6312 6500 
f 6507 6219 6292 6519 
f 6518 6291 6167 6506 
f 6505 6090 6317 6521 
f 6520 6316 6091 6504 
f 6457 6194 6367 6523 
f 6522 6366 6191 6456 
f 6461 6166 6396 6525 
f 6524 6395 6115 6460 
f 6463 6223 6402 6527 
f 6526 6401 6116 6462 
f 6459 6221 6431 6529 
f 6528 6430 6141 6458 
f 7097 7213 7214 6530 
f 7097 6530 6531 7100 
f 7100 6531 6532 7103 
f 7103 6532 6533 7106 
f 7106 6533 6534 7109 
f 7109 6534 6535 7112 
f 7112 6535 6536 7115 
f 7115 6536 6537 7118 
f 7118 6537 6538 7121 
f 7121 6538 6539 7124 
f 7124 6539 6540 7127 
f 7127 6540 6541 7130 
f 7130 6541 6542 7133 
f 7133 6542 6543 7136 
f 7136 6543 6544 7139 
f 7139 6544 6545 7142 
f 7142 6545 6546 7145 
f 7145 6546 6547 7148 
f 7148 6547 6548 7151 
f 7151 6548 6549 7154 
f 7154 6549 6550 7157 
f 7162 6551 6552 7160 
f 7160 6552 6553 7166 
f 7166 6553 6554 7169 
f 7169 6554 6555 7172 
f 7172 6555 6556 7175 
f 7175 6556 6557 7178 
f 7178 6557 6558 7181 
f 7181 6558 6559 7184 
f 7184 6559 6560 7187 
f 7187 6560 6561 7190 
f 7190 6561 6562 7193 
f 7193 6562 6563 7196 
f 7196 6563 7282 7200 
f 7198 6564 6551 7162 
f 6564 7198 7157 6550 
f 7285 6565 6530 7214 
f 6566 6531 6530 6565 
f 6567 6532 6531 6566 
f 6568 6533 6532 6567 
f 6569 6534 6533 6568 
f 6570 6535 6534 6569 
f 6571 6536 6535 6570 
f 6572 6537 6536 6571 
f 6573 6538 6537 6572 
f 6574 6539 6538 6573 
f 6575 6540 6539 6574 
f 6576 6541 6540 6575 
f 6577 6542 6541 6576 
f 6578 6543 6542 6577 
f 6579 6544 6543 6578 
f 6580 6545 6544 6579 
f 6581 6546 6545 6580 
f 6582 6547 6546 6581 
f 6583 6548 6547 6582 
f 6584 6549 6548 6583 
f 6585 6550 6549 6584 
f 6586 6564 6550 6585 
f 6587 6551 6564 6586 
f 6588 6552 6551 6587 
f 6589 6553 6552 6588 
f 6590 6554 6553 6589 
f 6591 6555 6554 6590 
f 6592 6556 6555 6591 
f 6593 6557 6556 6592 
f 6594 6558 6557 6593 
f 6595 6559 6558 6594 
f 6596 6560 6559 6595 
f 6597 6561 6560 6596 
f 6598 6562 6561 6597 
f 6599 6563 6562 6598 
f 6565 7285 7321 6600 
f 6566 6565 6600 6601 
f 6567 6566 6601 6602 
f 6568 6567 6602 6603 
f 6569 6568 6603 6604 
f 6570 6569 6604 6605 
f 6571 6570 6605 6606 
f 6572 6571 6606 6607 
f 6573 6572 6607 6608 
f 6574 6573 6608 6609 
f 6575 6574 6609 6610 
f 6576 6575 6610 6611 
f 6577 6576 6611 6612 
f 6578 6577 6612 6613 
f 6579 6578 6613 6614 
f 6580 6579 6614 6615 
f 6581 6580 6615 6616 
f 6582 6581 6616 6617 
f 6583 6582 6617 6618 
f 6584 6583 6618 6619 
f 6585 6584 6619 6620 
f 6586 6585 6620 6621 
f 6587 6586 6621 6622 
f 6588 6587 6622 6623 
f 6589 6588 6623 6624 
f 6590 6589 6624 6625 
f 6591 6590 6625 6626 
f 6592 6591 6626 6627 
f 6593 6592 6627 6628 
f 6594 6593 6628 6629 
f 6595 6594 6629 6630 
f 6596 6595 6630 6631 
f 6597 6596 6631 6632 
f 6598 6597 6632 6633 
f 6599 6598 6633 6634 
f 6712 6713 7058 7059 
f 6714 6715 6713 6712 
f 6716 6717 6715 6714 
f 6718 6719 6717 6716 
f 6720 6721 6719 6718 
f 6722 6723 6721 6720 
f 6724 6725 6723 6722 
f 6726 6727 6725 6724 
f 6728 6729 6727 6726 
f 6730 6748 6729 6728 
f 6733 6734 6732 6731 
f 6735 6736 6734 6733 
f 6737 6738 6736 6735 
f 6739 6740 6738 6737 
f 6741 6742 6740 6739 
f 6743 6744 6742 6741 
f 6731 6732 6748 6730 
f 7094 7049 7050 7093 
f 6816 7096 7099 6815 
f 6815 7099 7102 6814 
f 6814 7102 7105 6813 
f 7093 7050 7051 7092 
f 6813 7105 7108 6812 
f 7052 6659 7051 
f 7108 7111 6812 
f 6812 7111 7114 6656 
f 7048 6753 7054 7055 
f 6656 7114 7117 6658 
f 6988 6989 6659 6662 
f 6661 6754 6753 7048 
f 6658 7117 7120 6660 
f 6660 7120 7123 
f 6664 6755 6754 6661 
f 6660 7123 7126 6663 
f 6665 6668 6987 7036 
f 6663 7126 7129 
f 6667 6756 6755 6664 
f 6663 7129 7132 6666 
f 6987 6668 6671 6986 
f 6670 6757 6756 6667 
f 6666 7132 7135 6669 
f 6669 7135 7138 
f 6985 6986 6671 6674 
f 6673 6758 6757 6670 
f 6669 7138 7141 6672 
f 6672 7141 7144 
f 6985 6674 6677 
f 6676 6759 6758 6673 
f 6672 7144 7147 6675 
f 6984 6985 6677 6680 
f 6679 6760 6759 6676 
f 6675 7147 7150 6678 
f 6983 6984 6680 6683 
f 6682 6761 6760 6679 
f 6678 7150 7153 6681 
f 6983 6683 6686 
f 6685 6769 6761 6682 
f 6681 7153 7156 6684 
f 6982 6689 6692 6981 
f 6691 6763 6762 6688 
f 6687 7163 7159 6690 
f 6690 7159 7165 
f 6981 6692 6695 6980 
f 6694 6764 6763 6691 
f 6690 7165 7168 6693 
f 6693 7168 7171 
f 6980 6695 6698 6979 
f 6697 6765 6764 6694 
f 6693 7171 7174 6696 
f 6696 7174 7177 
f 6978 6979 6698 6701 
f 6700 6766 6765 6697 
f 6696 7177 7180 6699 
f 6978 6701 6703 
f 6971 6767 6766 6700 
f 6699 7180 7183 6702 
f 6977 6978 6703 6706 
f 6973 6768 6767 
f 6702 7183 7186 6704 
f 6976 6977 6706 7041 
f 6704 7186 7189 6707 
f 6975 6976 7041 7042 
f 6707 7189 7192 6708 
f 6708 7192 7195 6709 
f 6709 7195 7204 7205 
f 6982 6983 6686 6689 
f 6688 6762 6769 6685 
f 6684 7199 7163 6687 
f 6684 7156 7199 
f 6713 7048 7056 7057 
f 6713 7057 7058 
f 7059 6656 6658 6712 
f 6715 6661 7048 6713 
f 6712 6658 6660 6714 
f 6717 6664 6661 6715 
f 6714 6660 6663 6716 
f 6719 6667 6664 6717 
f 6716 6663 6666 6718 
f 6721 6670 6667 6719 
f 6718 6666 6669 6720 
f 6723 6673 6670 6721 
f 6720 6669 6672 6722 
f 6725 6676 6673 6723 
f 6722 6672 6675 6724 
f 6727 6679 6676 6725 
f 6724 6675 6678 6726 
f 6729 6682 6679 6727 
f 6726 6678 6681 6728 
f 6748 6685 6682 6729 
f 6728 6681 6684 6730 
f 6734 6691 6688 6732 
f 6731 6687 6690 6733 
f 6736 6694 6691 6734 
f 6733 6690 6693 6735 
f 6738 6697 6694 6736 
f 6735 6693 6696 6737 
f 6740 6700 6697 6738 
f 6737 6696 6699 6739 
f 6742 6971 6700 6740 
f 6739 6699 6702 6741 
f 6744 6972 6971 6742 
f 6741 6702 6704 6743 
f 6743 6704 6707 6745 
f 6745 6707 6708 6746 
f 6746 6708 6709 6747 
f 6747 6709 7205 7770 
f 6732 6688 6685 6748 
f 6730 6684 6687 6731 
f 6753 6659 7052 7053 
f 6753 7053 7054 
f 7055 7056 7048 
f 6754 6662 6659 6753 
f 6755 6665 6662 6754 
f 6756 6668 6665 6755 
f 6757 6671 6668 6756 
f 6758 6674 6671 6757 
f 6759 6677 6674 6758 
f 6760 6680 6677 6759 
f 6761 6683 6680 6760 
f 6769 6686 6683 6761 
f 6763 6692 6689 6762 
f 6764 6695 6692 6763 
f 6765 6698 6695 6764 
f 6766 6701 6698 6765 
f 6767 6703 6701 6766 
f 6952 6706 6703 
f 6762 6689 6686 6769 
f 6772 14107 14108 7543 
f 6770 14109 14107 6772 
f 6770 6775 14110 14109 
f 6777 14111 14110 6775 
f 7066 14112 14113 7067 
f 7064 14114 14115 7065 
f 6784 14116 14114 7064 
f 6784 6785 14117 14116 
f 6787 14118 14117 6785 
f 6789 14119 14118 6787 
f 6795 14120 14119 6789 
f 6792 14121 14122 7571 
f 6794 14123 14121 6792 
f 6790 14120 14123 6794 
f 6771 6773 6797 6796 
f 6773 6774 6798 6797 
f 6774 6776 6799 6798 
f 6776 6778 6800 6799 
f 6778 6779 6801 6800 
f 6779 6780 6802 6801 
f 6780 6781 6803 6802 
f 6781 6782 6804 6803 
f 6782 6783 6805 6804 
f 6783 6786 6806 6805 
f 6786 6788 6807 6806 
f 6788 6790 6808 6807 
f 6792 7571 6809 6810 
f 6794 6792 6810 6811 
f 6790 6794 6811 6808 
f 6796 6797 6652 6649 
f 6797 6798 6653 6652 
f 6798 6799 6655 6653 
f 6799 6800 6750 6655 
f 6800 6801 6751 6750 
f 6801 6802 6752 6751 
f 6802 6803 6657 6752 
f 6803 6804 6710 6657 
f 6804 6805 6711 6710 
f 6805 6806 6654 6711 
f 6806 6807 6749 6654 
f 6807 6808 6651 6749 
f 6810 6809 7206 6648 
f 6811 6810 6648 6650 
f 6808 6811 6650 6651 
f 7059 6812 6656 
f 7059 7060 6813 6812 
f 7060 7061 6814 6813 
f 7061 7062 6815 6814 
f 7062 7063 6816 6815 
f 7063 7608 7609 6816 
f 7092 7051 6659 
f 6824 6827 6866 6865 
f 6827 6828 6867 6866 
f 6828 6829 6868 6867 
f 6829 6830 6869 6868 
f 6830 6831 6870 6869 
f 6831 6832 6871 6870 
f 6832 6833 6872 6871 
f 6833 6848 6877 6872 
f 6841 6824 6865 6873 
f 6842 6841 6873 6705 
f 6843 6842 6705 6972 
f 6844 6843 6972 6744 
f 6845 6844 6744 6874 
f 6846 6845 6874 6875 
f 6847 6846 6875 6876 
f 6848 6847 6876 6877 
f 6817 6826 6886 6878 
f 6818 6817 6878 6879 
f 6819 6818 6879 6880 
f 6820 6819 6880 6881 
f 6821 6820 6881 6882 
f 6822 6821 6882 6883 
f 6823 6822 6883 6884 
f 6825 6823 6884 6885 
f 6834 6825 6885 6887 
f 6835 6834 6887 6888 
f 6836 6835 6888 6889 
f 6837 6836 6889 6890 
f 6838 6837 6890 6891 
f 6839 6838 6891 6892 
f 6840 6839 6892 6893 
f 6826 6840 6893 6886 
f 6824 6841 6855 6856 
f 6841 6842 6854 6855 
f 6842 6843 6853 6854 
f 6843 6844 6852 6853 
f 6844 6845 6851 6852 
f 6845 6846 6850 6851 
f 6846 6847 6849 6850 
f 6847 6848 6864 6849 
f 6848 6833 6863 6864 
f 6833 6832 6862 6863 
f 6832 6831 6861 6862 
f 6831 6830 6860 6861 
f 6830 6829 6859 6860 
f 6829 6828 6858 6859 
f 6828 6827 6857 6858 
f 6827 6824 6856 6857 
f 6826 6817 6849 6864 
f 6817 6818 6850 6849 
f 6818 6819 6851 6850 
f 6819 6820 6852 6851 
f 6820 6821 6853 6852 
f 6821 6822 6854 6853 
f 6822 6823 6855 6854 
f 6823 6825 6856 6855 
f 6825 6834 6857 6856 
f 6834 6835 6858 6857 
f 6835 6836 6859 6858 
f 6836 6837 6860 6859 
f 6837 6838 6861 6860 
f 6838 6839 6862 6861 
f 6839 6840 6863 6862 
f 6840 6826 6864 6863 
f 6901 6904 6943 6942 
f 6904 6905 6944 6943 
f 6905 6906 6945 6944 
f 6906 6907 6946 6945 
f 6907 6908 6947 6946 
f 6908 6909 6948 6947 
f 6909 6910 6949 6948 
f 6910 6925 6954 6949 
f 6918 6901 6942 6950 
f 6919 6918 6950 6951 
f 6920 6919 6951 6952 
f 6921 6920 6952 6768 
f 6922 6921 6768 6973 
f 6923 6922 6973 6974 
f 6924 6923 6974 6953 
f 6925 6924 6953 6954 
f 6894 6903 6963 6955 
f 6895 6894 6955 6956 
f 6896 6895 6956 6957 
f 6897 6896 6957 6958 
f 6898 6897 6958 6959 
f 6899 6898 6959 6960 
f 6900 6899 6960 6961 
f 6902 6900 6961 6962 
f 6911 6902 6962 6964 
f 6912 6911 6964 6965 
f 6913 6912 6965 6966 
f 6914 6913 6966 6967 
f 6915 6914 6967 6968 
f 6916 6915 6968 6969 
f 6917 6916 6969 6970 
f 6903 6917 6970 6963 
f 6901 6918 6932 6933 
f 6918 6919 6931 6932 
f 6919 6920 6930 6931 
f 6920 6921 6929 6930 
f 6921 6922 6928 6929 
f 6922 6923 6927 6928 
f 6923 6924 6926 6927 
f 6924 6925 6941 6926 
f 6925 6910 6940 6941 
f 6910 6909 6939 6940 
f 6909 6908 6938 6939 
f 6908 6907 6937 6938 
f 6907 6906 6936 6937 
f 6906 6905 6935 6936 
f 6905 6904 6934 6935 
f 6904 6901 6933 6934 
f 6903 6894 6926 6941 
f 6894 6895 6927 6926 
f 6895 6896 6928 6927 
f 6896 6897 6929 6928 
f 6897 6898 6930 6929 
f 6898 6899 6931 6930 
f 6899 6900 6932 6931 
f 6900 6902 6933 6932 
f 6902 6911 6934 6933 
f 6911 6912 6935 6934 
f 6912 6913 6936 6935 
f 6913 6914 6937 6936 
f 6914 6915 6938 6937 
f 6915 6916 6939 6938 
f 6916 6917 6940 6939 
f 6917 6903 6941 6940 
f 6949 6954 7045 7046 
f 6954 6953 7044 7045 
f 6953 6974 7043 7044 
f 6948 6949 7046 7047 
f 6872 6877 6746 6747 
f 6877 6876 6745 6746 
f 6703 6767 6768 6952 
f 6706 6950 6942 
f 6706 6952 6951 
f 6706 6951 6950 
f 6972 6705 6971 
f 6767 6971 6974 6973 
f 6743 6874 6744 
f 6743 6745 6875 6874 
f 6745 6876 6875 
f 6871 6872 6747 7770 
f 6867 6868 7771 7207 
f 6868 6869 7772 7771 
f 6869 6870 7208 7772 
f 6870 6871 7770 7208 
f 6944 6945 7773 7774 
f 6945 6946 7775 7773 
f 6946 6947 7209 7775 
f 6947 6948 7776 7209 
f 6645 6644 6978 6977 
f 6644 6643 6979 6978 
f 6643 7014 6980 6979 
f 6642 6981 6980 7011 
f 6642 7000 6982 6981 
f 6647 6641 6984 6983 
f 6641 6640 6985 6984 
f 6639 6987 6986 7004 
f 7036 6988 6662 6665 
f 6638 6637 6989 6988 
f 6637 6636 6990 6989 
f 6635 7794 7795 6991 
f 6992 6993 6994 6995 
f 6996 6986 6994 6993 
f 6992 6995 6998 6997 
f 6997 6998 6982 6999 
f 7000 7001 6999 6982 
f 7002 7003 7001 7000 
f 7004 7005 7003 7002 
f 7005 7004 6986 6996 
f 7006 7007 7008 7009 
f 7010 7036 7008 7007 
f 7006 7009 7011 7012 
f 7012 7011 6980 7013 
f 7014 7015 7013 6980 
f 7016 7017 7015 7014 
f 7018 7019 7017 7016 
f 7019 7018 7036 7010 
f 7020 7021 7022 7023 
f 7024 7025 7022 7021 
f 7020 7023 7026 7027 
f 7027 7026 6976 7028 
f 7029 7030 7028 6976 
f 7031 7032 7030 7029 
f 7033 7034 7032 7031 
f 7034 7033 7025 7024 
f 6982 6998 6647 6983 
f 6994 6986 6985 6640 
f 6995 6994 6640 6641 
f 6998 6995 6641 6647 
f 6642 7035 7002 7000 
f 6642 7011 7009 7035 
f 7035 6639 7004 7002 
f 7009 7008 6639 7035 
f 6643 7037 7016 7014 
f 6643 6644 7038 7037 
f 6644 6645 7039 7038 
f 7029 6976 6975 6646 
f 6976 7026 6645 6977 
f 7025 7033 6635 6991 
f 7022 7025 6990 6636 
f 7037 6638 7018 7016 
f 7038 6637 6638 7037 
f 7039 6636 6637 7038 
f 6636 7039 7023 7022 
f 7039 6645 7026 7023 
f 6646 7210 7841 7040 
f 7841 7794 6635 7040 
f 7040 6635 7033 7031 
f 6646 7040 7031 7029 
f 6993 6992 7068 7069 
f 6996 6993 7069 7070 
f 6992 6997 7071 7068 
f 6997 6999 7072 7071 
f 6999 7001 7073 7072 
f 7001 7003 7074 7073 
f 7003 7005 7075 7074 
f 7005 6996 7070 7075 
f 7007 7006 7076 7077 
f 7010 7007 7077 7078 
f 7006 7012 7079 7076 
f 7012 7013 7080 7079 
f 7013 7015 7081 7080 
f 7015 7017 7082 7081 
f 7017 7019 7083 7082 
f 7019 7010 7078 7083 
f 7021 7020 7084 7085 
f 7024 7021 7085 7086 
f 7020 7027 7087 7084 
f 7027 7028 7088 7087 
f 7028 7030 7089 7088 
f 7030 7032 7090 7089 
f 7032 7034 7091 7090 
f 7034 7024 7086 7091 
f 6706 6942 7041 
f 7041 6942 6943 7042 
f 7042 6943 6944 
f 7042 6944 7774 7203 
f 6971 6705 7043 
f 7043 6705 6873 7044 
f 7044 6873 6865 7045 
f 7045 6865 6866 7046 
f 7046 6866 6867 7047 
f 7047 6867 7207 7867 
f 6971 7043 6974 
f 6649 6652 7050 7049 
f 6652 6653 7051 7050 
f 6653 6655 7052 7051 
f 6655 6750 7053 7052 
f 6750 6751 7054 7053 
f 6751 6752 7055 7054 
f 6752 6657 7056 7055 
f 6657 6710 7057 7056 
f 6710 6711 7058 7057 
f 6711 6654 7059 7058 
f 6654 6749 7060 7059 
f 6749 6651 7061 7060 
f 6651 6650 7062 7061 
f 6650 6648 7063 7062 
f 6648 7206 7608 7063 
f 6780 6779 14112 14115 
f 6778 6776 14111 14113 
f 7068 15921 15923 7069 
f 7069 15923 15926 7070 
f 7071 15930 15921 7068 
f 7072 15933 15930 7071 
f 7073 15936 15933 7072 
f 7074 15939 15936 7073 
f 7075 15942 15939 7074 
f 7070 15926 15942 7075 
f 7076 15945 15947 7077 
f 7077 15947 15950 7078 
f 7079 15954 15945 7076 
f 7080 15957 15954 7079 
f 7081 15960 15957 7080 
f 7082 15963 15960 7081 
f 7083 15966 15963 7082 
f 7078 15950 15966 7083 
f 7084 15969 15971 7085 
f 7085 15971 15974 7086 
f 7087 15978 15969 7084 
f 7088 15981 15978 7087 
f 7089 15984 15981 7088 
f 7090 15987 15984 7089 
f 7091 15990 15987 7090 
f 7086 15974 15990 7091 
f 6659 6989 6990 7092 
f 7092 6990 7025 7093 
f 7093 7025 6991 7094 
f 7094 6991 7795 7202 
f 7036 7018 6638 6988 
f 6987 6639 7008 7036 
f 7213 7097 7095 7869 
f 7097 7100 7098 7095 
f 7100 7103 7101 7098 
f 7103 7106 7104 7101 
f 7106 7109 7107 7104 
f 7109 7112 7110 7107 
f 7112 7115 7113 7110 
f 7115 7118 7116 7113 
f 7118 7121 7119 7116 
f 7121 7124 7122 7119 
f 7124 7127 7125 7122 
f 7127 7130 7128 7125 
f 7130 7133 7131 7128 
f 7133 7136 7134 7131 
f 7136 7139 7137 7134 
f 7139 7142 7140 7137 
f 7142 7145 7143 7140 
f 7145 7148 7146 7143 
f 7148 7151 7149 7146 
f 7151 7154 7152 7149 
f 7154 7157 7155 7152 
f 7162 7160 7158 7161 
f 7160 7166 7164 7158 
f 7166 7169 7167 7164 
f 7169 7172 7170 7167 
f 7172 7175 7173 7170 
f 7175 7178 7176 7173 
f 7178 7181 7179 7176 
f 7181 7184 7182 7179 
f 7184 7187 7185 7182 
f 7187 7190 7188 7185 
f 7190 7193 7191 7188 
f 7193 7196 7194 7191 
f 7196 7200 7211 7194 
f 7198 7162 7161 7197 
f 7157 7198 7197 7155 
f 7096 7904 7869 7095 
f 7099 7096 7095 7098 
f 7102 7099 7098 7101 
f 7105 7102 7101 7104 
f 7108 7105 7104 7107 
f 7111 7108 7107 7110 
f 7114 7111 7110 7113 
f 7117 7114 7113 7116 
f 7120 7117 7116 7119 
f 7123 7120 7119 7122 
f 7126 7123 7122 7125 
f 7129 7126 7125 7128 
f 7132 7129 7128 7131 
f 7135 7132 7131 7134 
f 7138 7135 7134 7137 
f 7141 7138 7137 7140 
f 7144 7141 7140 7143 
f 7147 7144 7143 7146 
f 7150 7147 7146 7149 
f 7153 7150 7149 7152 
f 7156 7153 7152 7155 
f 7159 7163 7161 7158 
f 7165 7159 7158 7164 
f 7168 7165 7164 7167 
f 7171 7168 7167 7170 
f 7174 7171 7170 7173 
f 7177 7174 7173 7176 
f 7180 7177 7176 7179 
f 7183 7180 7179 7182 
f 7186 7183 7182 7185 
f 7189 7186 7185 7188 
f 7192 7189 7188 7191 
f 7195 7192 7191 7194 
f 7163 7199 7197 7161 
f 7199 7156 7155 7197 
f 7282 6563 6599 7905 
f 7905 6599 6634 7201 
f 7906 7049 7094 7202 
f 7904 7096 6816 7609 
f 7907 6975 7042 7203 
f 7542 6771 6796 7908 
f 7908 6796 6649 7909 
f 7776 6948 7047 7867 
f 7210 6646 6975 7907 
f 7909 6649 7049 7906 
f 7204 7195 7194 7211 
f 7212 7215 7214 7213 
f 7212 7217 7216 7215 
f 7217 7219 7218 7216 
f 7219 7221 7220 7218 
f 7221 7223 7222 7220 
f 7223 7225 7224 7222 
f 7225 7227 7226 7224 
f 7227 7229 7228 7226 
f 7229 7231 7230 7228 
f 7231 7233 7232 7230 
f 7233 7235 7234 7232 
f 7235 7237 7236 7234 
f 7237 7239 7238 7236 
f 7239 7241 7240 7238 
f 7241 7243 7242 7240 
f 7243 7245 7244 7242 
f 7245 7247 7246 7244 
f 7247 7249 7248 7246 
f 7249 7251 7250 7248 
f 7251 7253 7252 7250 
f 7253 7255 7254 7252 
f 7256 7259 7258 7257 
f 7259 7261 7260 7258 
f 7261 7263 7262 7260 
f 7263 7265 7264 7262 
f 7265 7267 7266 7264 
f 7267 7269 7268 7266 
f 7269 7271 7270 7268 
f 7271 7273 7272 7270 
f 7273 7275 7274 7272 
f 7275 7277 7276 7274 
f 7277 7279 7278 7276 
f 7279 7281 7280 7278 
f 7281 7200 7282 7280 
f 7283 7256 7257 7284 
f 7284 7254 7255 7283 
f 7285 7214 7215 7286 
f 7287 7286 7215 7216 
f 7288 7287 7216 7218 
f 7289 7288 7218 7220 
f 7290 7289 7220 7222 
f 7291 7290 7222 7224 
f 7292 7291 7224 7226 
f 7293 7292 7226 7228 
f 7294 7293 7228 7230 
f 7295 7294 7230 7232 
f 7296 7295 7232 7234 
f 7297 7296 7234 7236 
f 7298 7297 7236 7238 
f 7299 7298 7238 7240 
f 7300 7299 7240 7242 
f 7301 7300 7242 7244 
f 7302 7301 7244 7246 
f 7303 7302 7246 7248 
f 7304 7303 7248 7250 
f 7305 7304 7250 7252 
f 7306 7305 7252 7254 
f 7307 7306 7254 7284 
f 7308 7307 7284 7257 
f 7309 7308 7257 7258 
f 7310 7309 7258 7260 
f 7311 7310 7260 7262 
f 7312 7311 7262 7264 
f 7313 7312 7264 7266 
f 7314 7313 7266 7268 
f 7315 7314 7268 7270 
f 7316 7315 7270 7272 
f 7317 7316 7272 7274 
f 7318 7317 7274 7276 
f 7319 7318 7276 7278 
f 7320 7319 7278 7280 
f 7286 7322 7321 7285 
f 7287 7323 7322 7286 
f 7288 7324 7323 7287 
f 7289 7325 7324 7288 
f 7290 7326 7325 7289 
f 7291 7327 7326 7290 
f 7292 7328 7327 7291 
f 7293 7329 7328 7292 
f 7294 7330 7329 7293 
f 7295 7331 7330 7294 
f 7296 7332 7331 7295 
f 7297 7333 7332 7296 
f 7298 7334 7333 7297 
f 7299 7335 7334 7298 
f 7300 7336 7335 7299 
f 7301 7337 7336 7300 
f 7302 7338 7337 7301 
f 7303 7339 7338 7302 
f 7304 7340 7339 7303 
f 7305 7341 7340 7304 
f 7306 7342 7341 7305 
f 7307 7343 7342 7306 
f 7308 7344 7343 7307 
f 7309 7345 7344 7308 
f 7310 7346 7345 7309 
f 7311 7347 7346 7310 
f 7312 7348 7347 7311 
f 7313 7349 7348 7312 
f 7314 7350 7349 7313 
f 7315 7351 7350 7314 
f 7316 7352 7351 7315 
f 7317 7353 7352 7316 
f 7318 7354 7353 7317 
f 7319 7355 7354 7318 
f 7320 7356 7355 7319 
f 7357 7360 7359 7358 
f 7361 7357 7358 7362 
f 7363 7361 7362 7364 
f 7365 7363 7364 7366 
f 7367 7365 7366 7368 
f 7369 7367 7368 7370 
f 7371 7369 7370 7372 
f 7373 7371 7372 7374 
f 7375 7373 7374 7376 
f 7377 7375 7376 7378 
f 7379 7382 7381 7380 
f 7383 7379 7380 7384 
f 7385 7383 7384 7386 
f 7387 7385 7386 7388 
f 7389 7387 7388 7390 
f 7391 7389 7390 7392 
f 7382 7377 7378 7381 
f 7393 7396 7395 7394 
f 7397 7400 7399 7398 
f 7400 7402 7401 7399 
f 7402 7404 7403 7401 
f 7396 7406 7405 7395 
f 7404 7408 7407 7403 
f 7409 7405 7410 
f 7407 7408 7411 
f 7408 7413 7412 7411 
f 7414 7417 7416 7415 
f 7413 7419 7418 7412 
f 7420 7422 7410 7421 
f 7423 7414 7415 7424 
f 7419 7426 7425 7418 
f 7426 7427 7425 
f 7428 7423 7424 7429 
f 7426 7431 7430 7427 
f 7435 7434 7433 7432 
f 7431 7436 7430 
f 7437 7428 7429 7438 
f 7431 7440 7439 7436 
f 7434 7442 7441 7433 
f 7443 7437 7438 7444 
f 7440 7446 7445 7439 
f 7446 7447 7445 
f 7448 7449 7441 7442 
f 7450 7443 7444 7451 
f 7446 7453 7452 7447 
f 7453 7454 7452 
f 7448 7455 7449 
f 7456 7450 7451 7457 
f 7453 7459 7458 7454 
f 7460 7461 7455 7448 
f 7462 7456 7457 7463 
f 7459 7465 7464 7458 
f 7466 7467 7461 7460 
f 7468 7462 7463 7469 
f 7465 7471 7470 7464 
f 7466 7472 7467 
f 7473 7468 7469 7474 
f 7471 7476 7475 7470 
f 7477 7480 7479 7478 
f 7481 7484 7483 7482 
f 7485 7488 7487 7486 
f 7488 7489 7487 
f 7480 7491 7490 7479 
f 7492 7481 7482 7493 
f 7488 7495 7494 7489 
f 7495 7496 7494 
f 7491 7498 7497 7490 
f 7499 7492 7493 7500 
f 7495 7502 7501 7496 
f 7502 7503 7501 
f 7504 7505 7497 7498 
f 7506 7499 7500 7507 
f 7502 7509 7508 7503 
f 7504 7510 7505 
f 7511 7506 7507 7512 
f 7509 7514 7513 7508 
f 7515 7516 7510 7504 
f 7517 7512 7518 
f 7514 7520 7519 7513 
f 7521 7522 7516 7515 
f 7520 7524 7523 7519 
f 7525 7526 7522 7521 
f 7524 7528 7527 7523 
f 7528 7530 7529 7527 
f 7530 7205 7204 7529 
f 7477 7478 7472 7466 
f 7484 7473 7474 7483 
f 7476 7485 7486 7531 
f 7476 7531 7475 
f 7358 7533 7532 7414 
f 7358 7359 7533 
f 7360 7357 7419 7413 
f 7362 7358 7414 7423 
f 7357 7361 7426 7419 
f 7364 7362 7423 7428 
f 7361 7363 7431 7426 
f 7366 7364 7428 7437 
f 7363 7365 7440 7431 
f 7368 7366 7437 7443 
f 7365 7367 7446 7440 
f 7370 7368 7443 7450 
f 7367 7369 7453 7446 
f 7372 7370 7450 7456 
f 7369 7371 7459 7453 
f 7374 7372 7456 7462 
f 7371 7373 7465 7459 
f 7376 7374 7462 7468 
f 7373 7375 7471 7465 
f 7378 7376 7468 7473 
f 7375 7377 7476 7471 
f 7380 7381 7484 7481 
f 7382 7379 7488 7485 
f 7384 7380 7481 7492 
f 7379 7383 7495 7488 
f 7386 7384 7492 7499 
f 7383 7385 7502 7495 
f 7388 7386 7499 7506 
f 7385 7387 7509 7502 
f 7390 7388 7506 7511 
f 7387 7389 7514 7509 
f 7392 7390 7511 7534 
f 7389 7391 7520 7514 
f 7391 7535 7524 7520 
f 7535 7536 7528 7524 
f 7536 7537 7530 7528 
f 7537 7770 7205 7530 
f 7381 7378 7473 7484 
f 7377 7382 7485 7476 
f 7415 7538 7409 7410 
f 7415 7416 7538 
f 7417 7414 7532 
f 7424 7415 7410 7422 
f 7429 7424 7422 7432 
f 7438 7429 7432 7433 
f 7444 7438 7433 7441 
f 7451 7444 7441 7449 
f 7457 7451 7449 7455 
f 7463 7457 7455 7461 
f 7469 7463 7461 7467 
f 7474 7469 7467 7472 
f 7482 7483 7478 7479 
f 7493 7482 7479 7490 
f 7500 7493 7490 7497 
f 7507 7500 7497 7505 
f 7512 7507 7505 7510 
f 7539 7510 7516 
f 7483 7474 7472 7478 
f 7540 7543 14108 14124 
f 7544 7540 14124 14125 
f 7544 14125 14126 7546 
f 7548 7546 14126 14127 
f 7550 7553 14128 14129 
f 7554 7557 14130 14131 
f 7558 7554 14131 14132 
f 7558 14132 14133 7560 
f 7562 7560 14133 14134 
f 7564 7562 14134 14135 
f 7566 7564 14135 14136 
f 7568 7571 14122 14137 
f 7572 7568 14137 14138 
f 7567 7572 14138 14136 
f 7541 7575 7574 7545 
f 7545 7574 7576 7547 
f 7547 7576 7577 7549 
f 7549 7577 7578 7552 
f 7552 7578 7579 7551 
f 7551 7579 7580 7556 
f 7556 7580 7581 7555 
f 7555 7581 7582 7559 
f 7559 7582 7583 7561 
f 7561 7583 7584 7563 
f 7563 7584 7585 7565 
f 7565 7585 7586 7567 
f 7568 7587 6809 7571 
f 7572 7588 7587 7568 
f 7567 7586 7588 7572 
f 7575 7590 7589 7574 
f 7574 7589 7591 7576 
f 7576 7591 7592 7577 
f 7577 7592 7593 7578 
f 7578 7593 7594 7579 
f 7579 7594 7595 7580 
f 7580 7595 7596 7581 
f 7581 7596 7597 7582 
f 7582 7597 7598 7583 
f 7583 7598 7599 7584 
f 7584 7599 7600 7585 
f 7585 7600 7601 7586 
f 7587 7602 7206 6809 
f 7588 7603 7602 7587 
f 7586 7601 7603 7588 
f 7360 7413 7408 
f 7360 7408 7404 7604 
f 7604 7404 7402 7605 
f 7605 7402 7400 7606 
f 7606 7400 7397 7607 
f 7607 7397 7609 7608 
f 7406 7410 7405 
f 7610 7613 7612 7611 
f 7611 7612 7615 7614 
f 7614 7615 7617 7616 
f 7616 7617 7619 7618 
f 7618 7619 7621 7620 
f 7620 7621 7623 7622 
f 7622 7623 7625 7624 
f 7624 7625 7627 7626 
f 7628 7629 7613 7610 
f 7630 7631 7629 7628 
f 7632 7534 7631 7630 
f 7633 7392 7534 7632 
f 7634 7635 7392 7633 
f 7636 7637 7635 7634 
f 7638 7639 7637 7636 
f 7626 7627 7639 7638 
f 7640 7643 7642 7641 
f 7644 7645 7643 7640 
f 7646 7647 7645 7644 
f 7648 7649 7647 7646 
f 7650 7651 7649 7648 
f 7652 7653 7651 7650 
f 7654 7655 7653 7652 
f 7656 7657 7655 7654 
f 7658 7659 7657 7656 
f 7660 7661 7659 7658 
f 7662 7663 7661 7660 
f 7664 7665 7663 7662 
f 7666 7667 7665 7664 
f 7668 7669 7667 7666 
f 7670 7671 7669 7668 
f 7641 7642 7671 7670 
f 7610 7673 7672 7628 
f 7628 7672 7674 7630 
f 7630 7674 7675 7632 
f 7632 7675 7676 7633 
f 7633 7676 7677 7634 
f 7634 7677 7678 7636 
f 7636 7678 7679 7638 
f 7638 7679 7680 7626 
f 7626 7680 7681 7624 
f 7624 7681 7682 7622 
f 7622 7682 7683 7620 
f 7620 7683 7684 7618 
f 7618 7684 7685 7616 
f 7616 7685 7686 7614 
f 7614 7686 7687 7611 
f 7611 7687 7673 7610 
f 7641 7680 7679 7640 
f 7640 7679 7678 7644 
f 7644 7678 7677 7646 
f 7646 7677 7676 7648 
f 7648 7676 7675 7650 
f 7650 7675 7674 7652 
f 7652 7674 7672 7654 
f 7654 7672 7673 7656 
f 7656 7673 7687 7658 
f 7658 7687 7686 7660 
f 7660 7686 7685 7662 
f 7662 7685 7684 7664 
f 7664 7684 7683 7666 
f 7666 7683 7682 7668 
f 7668 7682 7681 7670 
f 7670 7681 7680 7641 
f 7688 7691 7690 7689 
f 7689 7690 7693 7692 
f 7692 7693 7695 7694 
f 7694 7695 7697 7696 
f 7696 7697 7699 7698 
f 7698 7699 7701 7700 
f 7700 7701 7703 7702 
f 7702 7703 7705 7704 
f 7706 7707 7691 7688 
f 7708 7709 7707 7706 
f 7710 7539 7709 7708 
f 7711 7518 7539 7710 
f 7712 7517 7518 7711 
f 7713 7714 7517 7712 
f 7715 7716 7714 7713 
f 7704 7705 7716 7715 
f 7717 7720 7719 7718 
f 7721 7722 7720 7717 
f 7723 7724 7722 7721 
f 7725 7726 7724 7723 
f 7727 7728 7726 7725 
f 7729 7730 7728 7727 
f 7731 7732 7730 7729 
f 7733 7734 7732 7731 
f 7735 7736 7734 7733 
f 7737 7738 7736 7735 
f 7739 7740 7738 7737 
f 7741 7742 7740 7739 
f 7743 7744 7742 7741 
f 7745 7746 7744 7743 
f 7747 7748 7746 7745 
f 7718 7719 7748 7747 
f 7688 7750 7749 7706 
f 7706 7749 7751 7708 
f 7708 7751 7752 7710 
f 7710 7752 7753 7711 
f 7711 7753 7754 7712 
f 7712 7754 7755 7713 
f 7713 7755 7756 7715 
f 7715 7756 7757 7704 
f 7704 7757 7758 7702 
f 7702 7758 7759 7700 
f 7700 7759 7760 7698 
f 7698 7760 7761 7696 
f 7696 7761 7762 7694 
f 7694 7762 7763 7692 
f 7692 7763 7764 7689 
f 7689 7764 7750 7688 
f 7718 7757 7756 7717 
f 7717 7756 7755 7721 
f 7721 7755 7754 7723 
f 7723 7754 7753 7725 
f 7725 7753 7752 7727 
f 7727 7752 7751 7729 
f 7729 7751 7749 7731 
f 7731 7749 7750 7733 
f 7733 7750 7764 7735 
f 7735 7764 7763 7737 
f 7737 7763 7762 7739 
f 7739 7762 7761 7741 
f 7741 7761 7760 7743 
f 7743 7760 7759 7745 
f 7745 7759 7758 7747 
f 7747 7758 7757 7718 
f 7703 7766 7765 7705 
f 7705 7765 7767 7716 
f 7716 7767 7768 7714 
f 7701 7769 7766 7703 
f 7625 7537 7536 7627 
f 7627 7536 7535 7639 
f 7510 7539 7518 7512 
f 7516 7691 7707 
f 7516 7709 7539 
f 7516 7707 7709 
f 7534 7511 7631 
f 7512 7517 7714 7511 
f 7391 7392 7635 
f 7391 7635 7637 7535 
f 7535 7637 7639 
f 7623 7770 7537 7625 
f 7615 7207 7771 7617 
f 7617 7771 7772 7619 
f 7619 7772 7208 7621 
f 7621 7208 7770 7623 
f 7693 7774 7773 7695 
f 7695 7773 7775 7697 
f 7697 7775 7209 7699 
f 7699 7209 7776 7701 
f 7777 7515 7504 7778 
f 7778 7504 7498 7779 
f 7779 7498 7491 7780 
f 7781 7782 7491 7480 
f 7781 7480 7477 7783 
f 7784 7466 7460 7785 
f 7785 7460 7448 7786 
f 7787 7788 7442 7434 
f 7435 7432 7422 7420 
f 7789 7420 7421 7790 
f 7790 7421 7792 7791 
f 7793 7796 7795 7794 
f 7797 7800 7799 7798 
f 7801 7798 7799 7442 
f 7797 7803 7802 7800 
f 7803 7804 7477 7802 
f 7783 7477 7804 7805 
f 7806 7783 7805 7807 
f 7788 7806 7807 7808 
f 7808 7801 7442 7788 
f 7809 7812 7811 7810 
f 7813 7810 7811 7435 
f 7809 7814 7782 7812 
f 7814 7815 7491 7782 
f 7780 7491 7815 7816 
f 7817 7780 7816 7818 
f 7819 7817 7818 7820 
f 7820 7813 7435 7819 
f 7821 7824 7823 7822 
f 7825 7822 7823 7826 
f 7821 7828 7827 7824 
f 7828 7829 7521 7827 
f 7830 7521 7829 7831 
f 7832 7830 7831 7833 
f 7834 7832 7833 7835 
f 7835 7825 7826 7834 
f 7477 7466 7784 7802 
f 7799 7786 7448 7442 
f 7800 7785 7786 7799 
f 7802 7784 7785 7800 
f 7781 7783 7806 7836 
f 7781 7836 7812 7782 
f 7836 7806 7788 7787 
f 7812 7836 7787 7811 
f 7779 7780 7817 7837 
f 7779 7837 7838 7778 
f 7778 7838 7839 7777 
f 7830 7840 7525 7521 
f 7521 7515 7777 7827 
f 7826 7796 7793 7834 
f 7823 7791 7792 7826 
f 7837 7817 7819 7789 
f 7838 7837 7789 7790 
f 7839 7838 7790 7791 
f 7791 7823 7824 7839 
f 7839 7824 7827 7777 
f 7840 7842 7841 7210 
f 7841 7842 7793 7794 
f 7842 7832 7834 7793 
f 7840 7830 7832 7842 
f 7798 7844 7843 7797 
f 7801 7845 7844 7798 
f 7797 7843 7846 7803 
f 7803 7846 7847 7804 
f 7804 7847 7848 7805 
f 7805 7848 7849 7807 
f 7807 7849 7850 7808 
f 7808 7850 7845 7801 
f 7810 7852 7851 7809 
f 7813 7853 7852 7810 
f 7809 7851 7854 7814 
f 7814 7854 7855 7815 
f 7815 7855 7856 7816 
f 7816 7856 7857 7818 
f 7818 7857 7858 7820 
f 7820 7858 7853 7813 
f 7822 7860 7859 7821 
f 7825 7861 7860 7822 
f 7821 7859 7862 7828 
f 7828 7862 7863 7829 
f 7829 7863 7864 7831 
f 7831 7864 7865 7833 
f 7833 7865 7866 7835 
f 7835 7866 7861 7825 
f 7516 7522 7691 
f 7522 7526 7690 7691 
f 7526 7693 7690 
f 7526 7203 7774 7693 
f 7511 7768 7631 
f 7768 7767 7629 7631 
f 7767 7765 7613 7629 
f 7765 7766 7612 7613 
f 7766 7769 7615 7612 
f 7769 7867 7207 7615 
f 7511 7714 7768 
f 7590 7394 7395 7589 
f 7589 7395 7405 7591 
f 7591 7405 7409 7592 
f 7592 7409 7538 7593 
f 7593 7538 7416 7594 
f 7594 7416 7417 7595 
f 7595 7417 7532 7596 
f 7596 7532 7533 7597 
f 7597 7533 7359 7598 
f 7598 7359 7360 7599 
f 7599 7360 7604 7600 
f 7600 7604 7605 7601 
f 7601 7605 7606 7603 
f 7603 7606 7607 7602 
f 7602 7607 7608 7206 
f 7556 14130 14129 7551 
f 7552 14128 14127 7549 
f 7843 7844 15993 15995 
f 7844 7845 15999 15993 
f 7846 7843 15995 16001 
f 7847 7846 16001 16004 
f 7848 7847 16004 16007 
f 7849 7848 16007 16010 
f 7850 7849 16010 16013 
f 7845 7850 16013 15999 
f 7851 7852 16017 16019 
f 7852 7853 16023 16017 
f 7854 7851 16019 16025 
f 7855 7854 16025 16028 
f 7856 7855 16028 16031 
f 7857 7856 16031 16034 
f 7858 7857 16034 16037 
f 7853 7858 16037 16023 
f 7859 7860 16041 16043 
f 7860 7861 16047 16041 
f 7862 7859 16043 16049 
f 7863 7862 16049 16052 
f 7864 7863 16052 16055 
f 7865 7864 16055 16058 
f 7866 7865 16058 16061 
f 7861 7866 16061 16047 
f 7410 7406 7792 7421 
f 7406 7396 7826 7792 
f 7396 7393 7796 7826 
f 7393 7202 7795 7796 
f 7435 7420 7789 7819 
f 7434 7435 7811 7787 
f 7213 7869 7868 7212 
f 7212 7868 7870 7217 
f 7217 7870 7871 7219 
f 7219 7871 7872 7221 
f 7221 7872 7873 7223 
f 7223 7873 7874 7225 
f 7225 7874 7875 7227 
f 7227 7875 7876 7229 
f 7229 7876 7877 7231 
f 7231 7877 7878 7233 
f 7233 7878 7879 7235 
f 7235 7879 7880 7237 
f 7237 7880 7881 7239 
f 7239 7881 7882 7241 
f 7241 7882 7883 7243 
f 7243 7883 7884 7245 
f 7245 7884 7885 7247 
f 7247 7885 7886 7249 
f 7249 7886 7887 7251 
f 7251 7887 7888 7253 
f 7253 7888 7889 7255 
f 7256 7891 7890 7259 
f 7259 7890 7892 7261 
f 7261 7892 7893 7263 
f 7263 7893 7894 7265 
f 7265 7894 7895 7267 
f 7267 7895 7896 7269 
f 7269 7896 7897 7271 
f 7271 7897 7898 7273 
f 7273 7898 7899 7275 
f 7275 7899 7900 7277 
f 7277 7900 7901 7279 
f 7279 7901 7902 7281 
f 7281 7902 7211 7200 
f 7283 7903 7891 7256 
f 7255 7889 7903 7283 
f 7398 7868 7869 7904 
f 7399 7870 7868 7398 
f 7401 7871 7870 7399 
f 7403 7872 7871 7401 
f 7407 7873 7872 7403 
f 7411 7874 7873 7407 
f 7412 7875 7874 7411 
f 7418 7876 7875 7412 
f 7425 7877 7876 7418 
f 7427 7878 7877 7425 
f 7430 7879 7878 7427 
f 7436 7880 7879 7430 
f 7439 7881 7880 7436 
f 7445 7882 7881 7439 
f 7447 7883 7882 7445 
f 7452 7884 7883 7447 
f 7454 7885 7884 7452 
f 7458 7886 7885 7454 
f 7464 7887 7886 7458 
f 7470 7888 7887 7464 
f 7475 7889 7888 7470 
f 7487 7890 7891 7486 
f 7489 7892 7890 7487 
f 7494 7893 7892 7489 
f 7496 7894 7893 7494 
f 7501 7895 7894 7496 
f 7503 7896 7895 7501 
f 7508 7897 7896 7503 
f 7513 7898 7897 7508 
f 7519 7899 7898 7513 
f 7523 7900 7899 7519 
f 7527 7901 7900 7523 
f 7529 7902 7901 7527 
f 7486 7891 7903 7531 
f 7531 7903 7889 7475 
f 7282 7905 7320 7280 
f 7905 7201 7356 7320 
f 7906 7202 7393 7394 
f 7609 7397 7398 7904 
f 7907 7203 7526 7525 
f 7542 7908 7575 7541 
f 7908 7909 7590 7575 
f 7776 7867 7769 7701 
f 7210 7907 7525 7840 
f 7909 7906 7394 7590 
f 7204 7211 7902 7529 
f 15924 15920 7910 
f 15927 15924 7910 
f 15920 15929 7910 
f 15929 15932 7910 
f 15932 15935 7910 
f 15935 15938 7910 
f 15938 15941 7910 
f 15941 15927 7910 
f 15948 15944 7911 
f 15951 15948 7911 
f 15944 15953 7911 
f 15953 15956 7911 
f 15956 15959 7911 
f 15959 15962 7911 
f 15962 15965 7911 
f 15965 15951 7911 
f 15972 15968 7912 
f 15975 15972 7912 
f 15968 15977 7912 
f 15977 15980 7912 
f 15980 15983 7912 
f 15983 15986 7912 
f 15986 15989 7912 
f 15989 15975 7912 
f 16044 16040 7913 
f 16040 16046 7913 
f 16050 16044 7913 
f 16053 16050 7913 
f 16056 16053 7913 
f 16059 16056 7913 
f 16062 16059 7913 
f 16046 16062 7913 
f 16020 16016 7914 
f 16016 16022 7914 
f 16026 16020 7914 
f 16029 16026 7914 
f 16032 16029 7914 
f 16035 16032 7914 
f 16038 16035 7914 
f 16022 16038 7914 
f 15996 15992 7915 
f 15992 15998 7915 
f 16002 15996 7915 
f 16005 16002 7915 
f 16008 16005 7915 
f 16011 16008 7915 
f 16014 16011 7915 
f 15998 16014 7915 
f 4945 4914 7916 
f 4914 4915 7916 
f 4915 4916 7916 
f 4916 4917 7916 
f 4917 4918 7916 
f 4918 4919 7916 
f 4919 4920 7916 
f 4920 4921 7916 
f 4921 4922 7916 
f 4922 4923 7916 
f 4923 4924 7916 
f 4924 4925 7916 
f 4925 4926 7916 
f 4926 4927 7916 
f 4927 4928 7916 
f 4928 4929 7916 
f 4929 4930 7916 
f 4930 4931 7916 
f 4931 4932 7916 
f 4932 4933 7916 
f 4933 4934 7916 
f 4934 4935 7916 
f 4935 4936 7916 
f 4936 4937 7916 
f 4937 4938 7916 
f 4938 4939 7916 
f 4939 4940 7916 
f 4940 4941 7916 
f 4941 4942 7916 
f 4942 4943 7916 
f 4943 4944 7916 
f 4944 4945 7916 
f 7921 7919 7917 7920 
f 7924 7921 7920 7923 
f 7927 7924 7923 7926 
f 7930 7927 7926 7929 
f 7933 7930 7929 7932 
f 7936 7933 7932 7935 
f 7939 7936 7935 7938 
f 7942 7939 7938 7941 
f 7945 7942 7941 7944 
f 7948 7945 7944 7947 
f 7951 7948 7947 7950 
f 7954 7951 7950 7953 
f 7957 7954 7953 7956 
f 7960 7957 7956 7959 
f 7963 7960 7959 7962 
f 7919 7963 7962 7917 
s 2
f 7918 7922 7920 7917 
f 7922 7925 7923 7920 
f 7925 7928 7926 7923 
f 7928 7931 7929 7926 
f 7931 7934 7932 7929 
f 7934 7937 7935 7932 
f 7937 7940 7938 7935 
f 7940 7943 7941 7938 
f 7943 7946 7944 7941 
f 7946 7949 7947 7944 
f 7949 7952 7950 7947 
f 7952 7955 7953 7950 
f 7955 7958 7956 7953 
f 7958 7961 7959 7956 
f 7961 7964 7962 7959 
f 7964 7918 7917 7962 
s 1
f 7969 7967 7965 7968 
f 7967 7973 7971 7965 
f 7973 7976 7974 7971 
f 7976 7979 7977 7974 
f 7979 7982 7980 7977 
f 7982 7985 7983 7980 
f 7985 7988 7986 7983 
f 7988 7991 7989 7986 
f 7991 7994 7992 7989 
f 7994 7997 7995 7992 
f 7997 8000 7998 7995 
f 8000 8003 8001 7998 
f 8003 8006 8004 8001 
f 8006 8009 8007 8004 
f 8009 8012 8010 8007 
f 8012 7969 7968 8010 
s 2
f 7966 7970 7968 7965 
f 7972 7966 7965 7971 
f 7975 7972 7971 7974 
f 7978 7975 7974 7977 
f 7981 7978 7977 7980 
f 7984 7981 7980 7983 
f 7987 7984 7983 7986 
f 7990 7987 7986 7989 
f 7993 7990 7989 7992 
f 7996 7993 7992 7995 
f 7999 7996 7995 7998 
f 8002 7999 7998 8001 
f 8005 8002 8001 8004 
f 8008 8005 8004 8007 
f 8011 8008 8007 8010 
f 7970 8011 8010 7968 
s 1
f 8017 8015 8013 8016 
f 8015 8021 8019 8013 
f 8021 8024 8022 8019 
f 8024 8027 8025 8022 
f 8027 8030 8028 8025 
f 8030 8033 8031 8028 
f 8033 8036 8034 8031 
f 8036 8039 8037 8034 
f 8039 8042 8040 8037 
f 8042 8045 8043 8040 
f 8045 8048 8046 8043 
f 8048 8051 8049 8046 
f 8051 8054 8052 8049 
f 8054 8057 8055 8052 
f 8057 8060 8058 8055 
f 8060 8017 8016 8058 
s 2
f 8014 8018 8016 8013 
f 8020 8014 8013 8019 
f 8023 8020 8019 8022 
f 8026 8023 8022 8025 
f 8029 8026 8025 8028 
f 8032 8029 8028 8031 
f 8035 8032 8031 8034 
f 8038 8035 8034 8037 
f 8041 8038 8037 8040 
f 8044 8041 8040 8043 
f 8047 8044 8043 8046 
f 8050 8047 8046 8049 
f 8053 8050 8049 8052 
f 8056 8053 8052 8055 
f 8059 8056 8055 8058 
f 8018 8059 8058 8016 
s 1
f 8065 8063 8061 8064 
f 8068 8065 8064 8067 
f 8071 8068 8067 8070 
f 8074 8071 8070 8073 
f 8077 8074 8073 8076 
f 8080 8077 8076 8079 
f 8083 8080 8079 8082 
f 8086 8083 8082 8085 
f 8089 8086 8085 8088 
f 8092 8089 8088 8091 
f 8095 8092 8091 8094 
f 8098 8095 8094 8097 
f 8101 8098 8097 8100 
f 8104 8101 8100 8103 
f 8107 8104 8103 8106 
f 8063 8107 8106 8061 
s 2
f 8062 8066 8064 8061 
f 8066 8069 8067 8064 
f 8069 8072 8070 8067 
f 8072 8075 8073 8070 
f 8075 8078 8076 8073 
f 8078 8081 8079 8076 
f 8081 8084 8082 8079 
f 8084 8087 8085 8082 
f 8087 8090 8088 8085 
f 8090 8093 8091 8088 
f 8093 8096 8094 8091 
f 8096 8099 8097 8094 
f 8099 8102 8100 8097 
f 8102 8105 8103 8100 
f 8105 8108 8106 8103 
f 8108 8062 8061 8106 
s 1
f 8113 8111 8109 8112 
f 8116 8113 8112 8115 
f 8119 8116 8115 8118 
f 8122 8119 8118 8121 
f 8125 8122 8121 8124 
f 8128 8125 8124 8127 
f 8131 8128 8127 8130 
f 8134 8131 8130 8133 
f 8137 8134 8133 8136 
f 8140 8137 8136 8139 
f 8143 8140 8139 8142 
f 8146 8143 8142 8145 
f 8149 8146 8145 8148 
f 8152 8149 8148 8151 
f 8155 8152 8151 8154 
f 8111 8155 8154 8109 
s 2
f 8110 8114 8112 8109 
f 8114 8117 8115 8112 
f 8117 8120 8118 8115 
f 8120 8123 8121 8118 
f 8123 8126 8124 8121 
f 8126 8129 8127 8124 
f 8129 8132 8130 8127 
f 8132 8135 8133 8130 
f 8135 8138 8136 8133 
f 8138 8141 8139 8136 
f 8141 8144 8142 8139 
f 8144 8147 8145 8142 
f 8147 8150 8148 8145 
f 8150 8153 8151 8148 
f 8153 8156 8154 8151 
f 8156 8110 8109 8154 
s 1
f 8161 8159 8157 8160 
f 8159 8165 8163 8157 
f 8165 8168 8166 8163 
f 8168 8171 8169 8166 
f 8171 8174 8172 8169 
f 8174 8177 8175 8172 
f 8177 8180 8178 8175 
f 8180 8183 8181 8178 
f 8183 8186 8184 8181 
f 8186 8189 8187 8184 
f 8189 8192 8190 8187 
f 8192 8195 8193 8190 
f 8195 8198 8196 8193 
f 8198 8201 8199 8196 
f 8201 8204 8202 8199 
f 8204 8161 8160 8202 
s 2
f 8158 8162 8160 8157 
f 8164 8158 8157 8163 
f 8167 8164 8163 8166 
f 8170 8167 8166 8169 
f 8173 8170 8169 8172 
f 8176 8173 8172 8175 
f 8179 8176 8175 8178 
f 8182 8179 8178 8181 
f 8185 8182 8181 8184 
f 8188 8185 8184 8187 
f 8191 8188 8187 8190 
f 8194 8191 8190 8193 
f 8197 8194 8193 8196 
f 8200 8197 8196 8199 
f 8203 8200 8199 8202 
f 8162 8203 8202 8160 
s 1
f 8209 8207 8205 8208 
f 8207 8213 8211 8205 
f 8213 8216 8214 8211 
f 8216 8219 8217 8214 
f 8219 8222 8220 8217 
f 8222 8225 8223 8220 
f 8225 8228 8226 8223 
f 8228 8231 8229 8226 
f 8231 8234 8232 8229 
f 8234 8237 8235 8232 
f 8237 8240 8238 8235 
f 8240 8243 8241 8238 
f 8243 8246 8244 8241 
f 8246 8249 8247 8244 
f 8249 8252 8250 8247 
f 8252 8209 8208 8250 
s 2
f 8206 8210 8208 8205 
f 8212 8206 8205 8211 
f 8215 8212 8211 8214 
f 8218 8215 8214 8217 
f 8221 8218 8217 8220 
f 8224 8221 8220 8223 
f 8227 8224 8223 8226 
f 8230 8227 8226 8229 
f 8233 8230 8229 8232 
f 8236 8233 8232 8235 
f 8239 8236 8235 8238 
f 8242 8239 8238 8241 
f 8245 8242 8241 8244 
f 8248 8245 8244 8247 
f 8251 8248 8247 8250 
f 8210 8251 8250 8208 
s 1
f 8257 8255 8253 8256 
f 8260 8257 8256 8259 
f 8263 8260 8259 8262 
f 8266 8263 8262 8265 
f 8269 8266 8265 8268 
f 8272 8269 8268 8271 
f 8275 8272 8271 8274 
f 8278 8275 8274 8277 
f 8281 8278 8277 8280 
f 8284 8281 8280 8283 
f 8287 8284 8283 8286 
f 8290 8287 8286 8289 
f 8293 8290 8289 8292 
f 8296 8293 8292 8295 
f 8299 8296 8295 8298 
f 8255 8299 8298 8253 
s 2
f 8254 8258 8256 8253 
f 8258 8261 8259 8256 
f 8261 8264 8262 8259 
f 8264 8267 8265 8262 
f 8267 8270 8268 8265 
f 8270 8273 8271 8268 
f 8273 8276 8274 8271 
f 8276 8279 8277 8274 
f 8279 8282 8280 8277 
f 8282 8285 8283 8280 
f 8285 8288 8286 8283 
f 8288 8291 8289 8286 
f 8291 8294 8292 8289 
f 8294 8297 8295 8292 
f 8297 8300 8298 8295 
f 8300 8254 8253 8298 
s 1
f 8305 8303 8301 8304 
f 8308 8305 8304 8307 
f 8311 8308 8307 8310 
f 8314 8311 8310 8313 
f 8317 8314 8313 8316 
f 8320 8317 8316 8319 
f 8323 8320 8319 8322 
f 8326 8323 8322 8325 
f 8329 8326 8325 8328 
f 8332 8329 8328 8331 
f 8335 8332 8331 8334 
f 8338 8335 8334 8337 
f 8341 8338 8337 8340 
f 8344 8341 8340 8343 
f 8347 8344 8343 8346 
f 8303 8347 8346 8301 
s 2
f 8302 8306 8304 8301 
f 8306 8309 8307 8304 
f 8309 8312 8310 8307 
f 8312 8315 8313 8310 
f 8315 8318 8316 8313 
f 8318 8321 8319 8316 
f 8321 8324 8322 8319 
f 8324 8327 8325 8322 
f 8327 8330 8328 8325 
f 8330 8333 8331 8328 
f 8333 8336 8334 8331 
f 8336 8339 8337 8334 
f 8339 8342 8340 8337 
f 8342 8345 8343 8340 
f 8345 8348 8346 8343 
f 8348 8302 8301 8346 
s 1
f 8353 8351 8349 8352 
f 8351 8357 8355 8349 
f 8357 8360 8358 8355 
f 8360 8363 8361 8358 
f 8363 8366 8364 8361 
f 8366 8369 8367 8364 
f 8369 8372 8370 8367 
f 8372 8375 8373 8370 
f 8375 8378 8376 8373 
f 8378 8381 8379 8376 
f 8381 8384 8382 8379 
f 8384 8387 8385 8382 
f 8387 8390 8388 8385 
f 8390 8393 8391 8388 
f 8393 8396 8394 8391 
f 8396 8353 8352 8394 
s 2
f 8350 8354 8352 8349 
f 8356 8350 8349 8355 
f 8359 8356 8355 8358 
f 8362 8359 8358 8361 
f 8365 8362 8361 8364 
f 8368 8365 8364 8367 
f 8371 8368 8367 8370 
f 8374 8371 8370 8373 
f 8377 8374 8373 8376 
f 8380 8377 8376 8379 
f 8383 8380 8379 8382 
f 8386 8383 8382 8385 
f 8389 8386 8385 8388 
f 8392 8389 8388 8391 
f 8395 8392 8391 8394 
f 8354 8395 8394 8352 
s 1
f 8401 8399 8397 8400 
f 8399 8405 8403 8397 
f 8405 8408 8406 8403 
f 8408 8411 8409 8406 
f 8411 8414 8412 8409 
f 8414 8417 8415 8412 
f 8417 8420 8418 8415 
f 8420 8423 8421 8418 
f 8423 8426 8424 8421 
f 8426 8429 8427 8424 
f 8429 8432 8430 8427 
f 8432 8435 8433 8430 
f 8435 8438 8436 8433 
f 8438 8441 8439 8436 
f 8441 8444 8442 8439 
f 8444 8401 8400 8442 
s 2
f 8398 8402 8400 8397 
f 8404 8398 8397 8403 
f 8407 8404 8403 8406 
f 8410 8407 8406 8409 
f 8413 8410 8409 8412 
f 8416 8413 8412 8415 
f 8419 8416 8415 8418 
f 8422 8419 8418 8421 
f 8425 8422 8421 8424 
f 8428 8425 8424 8427 
f 8431 8428 8427 8430 
f 8434 8431 8430 8433 
f 8437 8434 8433 8436 
f 8440 8437 8436 8439 
f 8443 8440 8439 8442 
f 8402 8443 8442 8400 
s 1
f 8449 8447 8445 8448 
f 8452 8449 8448 8451 
f 8455 8452 8451 8454 
f 8458 8455 8454 8457 
f 8461 8458 8457 8460 
f 8464 8461 8460 8463 
f 8467 8464 8463 8466 
f 8470 8467 8466 8469 
f 8473 8470 8469 8472 
f 8476 8473 8472 8475 
f 8479 8476 8475 8478 
f 8482 8479 8478 8481 
f 8485 8482 8481 8484 
f 8488 8485 8484 8487 
f 8491 8488 8487 8490 
f 8447 8491 8490 8445 
s 2
f 8446 8450 8448 8445 
f 8450 8453 8451 8448 
f 8453 8456 8454 8451 
f 8456 8459 8457 8454 
f 8459 8462 8460 8457 
f 8462 8465 8463 8460 
f 8465 8468 8466 8463 
f 8468 8471 8469 8466 
f 8471 8474 8472 8469 
f 8474 8477 8475 8472 
f 8477 8480 8478 8475 
f 8480 8483 8481 8478 
f 8483 8486 8484 8481 
f 8486 8489 8487 8484 
f 8489 8492 8490 8487 
f 8492 8446 8445 8490 
s 1
f 8497 8495 8493 8496 
f 8500 8497 8496 8499 
f 8503 8500 8499 8502 
f 8506 8503 8502 8505 
f 8509 8506 8505 8508 
f 8512 8509 8508 8511 
f 8515 8512 8511 8514 
f 8518 8515 8514 8517 
f 8521 8518 8517 8520 
f 8524 8521 8520 8523 
f 8527 8524 8523 8526 
f 8530 8527 8526 8529 
f 8533 8530 8529 8532 
f 8536 8533 8532 8535 
f 8539 8536 8535 8538 
f 8495 8539 8538 8493 
s 2
f 8494 8498 8496 8493 
f 8498 8501 8499 8496 
f 8501 8504 8502 8499 
f 8504 8507 8505 8502 
f 8507 8510 8508 8505 
f 8510 8513 8511 8508 
f 8513 8516 8514 8511 
f 8516 8519 8517 8514 
f 8519 8522 8520 8517 
f 8522 8525 8523 8520 
f 8525 8528 8526 8523 
f 8528 8531 8529 8526 
f 8531 8534 8532 8529 
f 8534 8537 8535 8532 
f 8537 8540 8538 8535 
f 8540 8494 8493 8538 
s 1
f 8545 8543 8541 8544 
f 8543 8549 8547 8541 
f 8549 8552 8550 8547 
f 8552 8555 8553 8550 
f 8555 8558 8556 8553 
f 8558 8561 8559 8556 
f 8561 8564 8562 8559 
f 8564 8567 8565 8562 
f 8567 8570 8568 8565 
f 8570 8573 8571 8568 
f 8573 8576 8574 8571 
f 8576 8579 8577 8574 
f 8579 8582 8580 8577 
f 8582 8585 8583 8580 
f 8585 8588 8586 8583 
f 8588 8545 8544 8586 
s 2
f 8542 8546 8544 8541 
f 8548 8542 8541 8547 
f 8551 8548 8547 8550 
f 8554 8551 8550 8553 
f 8557 8554 8553 8556 
f 8560 8557 8556 8559 
f 8563 8560 8559 8562 
f 8566 8563 8562 8565 
f 8569 8566 8565 8568 
f 8572 8569 8568 8571 
f 8575 8572 8571 8574 
f 8578 8575 8574 8577 
f 8581 8578 8577 8580 
f 8584 8581 8580 8583 
f 8587 8584 8583 8586 
f 8546 8587 8586 8544 
s 1
f 8593 8591 8589 8592 
f 8596 8593 8592 8595 
f 8599 8596 8595 8598 
f 8602 8599 8598 8601 
f 8605 8602 8601 8604 
f 8608 8605 8604 8607 
f 8611 8608 8607 8610 
f 8614 8611 8610 8613 
f 8617 8614 8613 8616 
f 8620 8617 8616 8619 
f 8623 8620 8619 8622 
f 8626 8623 8622 8625 
f 8629 8626 8625 8628 
f 8632 8629 8628 8631 
f 8635 8632 8631 8634 
f 8591 8635 8634 8589 
s 2
f 8590 8594 8592 8589 
f 8594 8597 8595 8592 
f 8597 8600 8598 8595 
f 8600 8603 8601 8598 
f 8603 8606 8604 8601 
f 8606 8609 8607 8604 
f 8609 8612 8610 8607 
f 8612 8615 8613 8610 
f 8615 8618 8616 8613 
f 8618 8621 8619 8616 
f 8621 8624 8622 8619 
f 8624 8627 8625 8622 
f 8627 8630 8628 8625 
f 8630 8633 8631 8628 
f 8633 8636 8634 8631 
f 8636 8590 8589 8634 
s 1
f 8641 8639 8637 8640 
f 8639 8645 8643 8637 
f 8645 8648 8646 8643 
f 8648 8651 8649 8646 
f 8651 8654 8652 8649 
f 8654 8657 8655 8652 
f 8657 8660 8658 8655 
f 8660 8663 8661 8658 
f 8663 8666 8664 8661 
f 8666 8669 8667 8664 
f 8669 8672 8670 8667 
f 8672 8675 8673 8670 
f 8675 8678 8676 8673 
f 8678 8681 8679 8676 
f 8681 8684 8682 8679 
f 8684 8641 8640 8682 
s 2
f 8638 8642 8640 8637 
f 8644 8638 8637 8643 
f 8647 8644 8643 8646 
f 8650 8647 8646 8649 
f 8653 8650 8649 8652 
f 8656 8653 8652 8655 
f 8659 8656 8655 8658 
f 8662 8659 8658 8661 
f 8665 8662 8661 8664 
f 8668 8665 8664 8667 
f 8671 8668 8667 8670 
f 8674 8671 8670 8673 
f 8677 8674 8673 8676 
f 8680 8677 8676 8679 
f 8683 8680 8679 8682 
f 8642 8683 8682 8640 
s 1
f 8689 8687 8685 8688 
f 8687 8693 8691 8685 
f 8693 8696 8694 8691 
f 8696 8699 8697 8694 
f 8699 8702 8700 8697 
f 8702 8705 8703 8700 
f 8705 8708 8706 8703 
f 8708 8711 8709 8706 
f 8711 8714 8712 8709 
f 8714 8717 8715 8712 
f 8717 8720 8718 8715 
f 8720 8723 8721 8718 
f 8723 8726 8724 8721 
f 8726 8729 8727 8724 
f 8729 8732 8730 8727 
f 8732 8689 8688 8730 
s 2
f 8686 8690 8688 8685 
f 8692 8686 8685 8691 
f 8695 8692 8691 8694 
f 8698 8695 8694 8697 
f 8701 8698 8697 8700 
f 8704 8701 8700 8703 
f 8707 8704 8703 8706 
f 8710 8707 8706 8709 
f 8713 8710 8709 8712 
f 8716 8713 8712 8715 
f 8719 8716 8715 8718 
f 8722 8719 8718 8721 
f 8725 8722 8721 8724 
f 8728 8725 8724 8727 
f 8731 8728 8727 8730 
f 8690 8731 8730 8688 
s 1
f 8737 8735 8733 8736 
f 8740 8737 8736 8739 
f 8743 8740 8739 8742 
f 8746 8743 8742 8745 
f 8749 8746 8745 8748 
f 8752 8749 8748 8751 
f 8755 8752 8751 8754 
f 8758 8755 8754 8757 
f 8761 8758 8757 8760 
f 8764 8761 8760 8763 
f 8767 8764 8763 8766 
f 8770 8767 8766 8769 
f 8773 8770 8769 8772 
f 8776 8773 8772 8775 
f 8779 8776 8775 8778 
f 8735 8779 8778 8733 
s 2
f 8734 8738 8736 8733 
f 8738 8741 8739 8736 
f 8741 8744 8742 8739 
f 8744 8747 8745 8742 
f 8747 8750 8748 8745 
f 8750 8753 8751 8748 
f 8753 8756 8754 8751 
f 8756 8759 8757 8754 
f 8759 8762 8760 8757 
f 8762 8765 8763 8760 
f 8765 8768 8766 8763 
f 8768 8771 8769 8766 
f 8771 8774 8772 8769 
f 8774 8777 8775 8772 
f 8777 8780 8778 8775 
f 8780 8734 8733 8778 
s 1
f 8785 8783 8781 8784 
f 8788 8785 8784 8787 
f 8791 8788 8787 8790 
f 8794 8791 8790 8793 
f 8797 8794 8793 8796 
f 8800 8797 8796 8799 
f 8803 8800 8799 8802 
f 8806 8803 8802 8805 
f 8809 8806 8805 8808 
f 8812 8809 8808 8811 
f 8815 8812 8811 8814 
f 8818 8815 8814 8817 
f 8821 8818 8817 8820 
f 8824 8821 8820 8823 
f 8827 8824 8823 8826 
f 8783 8827 8826 8781 
s 2
f 8782 8786 8784 8781 
f 8786 8789 8787 8784 
f 8789 8792 8790 8787 
f 8792 8795 8793 8790 
f 8795 8798 8796 8793 
f 8798 8801 8799 8796 
f 8801 8804 8802 8799 
f 8804 8807 8805 8802 
f 8807 8810 8808 8805 
f 8810 8813 8811 8808 
f 8813 8816 8814 8811 
f 8816 8819 8817 8814 
f 8819 8822 8820 8817 
f 8822 8825 8823 8820 
f 8825 8828 8826 8823 
f 8828 8782 8781 8826 
s 1
f 8833 8831 8829 8832 
f 8831 8837 8835 8829 
f 8837 8840 8838 8835 
f 8840 8843 8841 8838 
f 8843 8846 8844 8841 
f 8846 8849 8847 8844 
f 8849 8852 8850 8847 
f 8852 8855 8853 8850 
f 8855 8858 8856 8853 
f 8858 8861 8859 8856 
f 8861 8864 8862 8859 
f 8864 8867 8865 8862 
f 8867 8870 8868 8865 
f 8870 8873 8871 8868 
f 8873 8876 8874 8871 
f 8876 8833 8832 8874 
s 2
f 8830 8834 8832 8829 
f 8836 8830 8829 8835 
f 8839 8836 8835 8838 
f 8842 8839 8838 8841 
f 8845 8842 8841 8844 
f 8848 8845 8844 8847 
f 8851 8848 8847 8850 
f 8854 8851 8850 8853 
f 8857 8854 8853 8856 
f 8860 8857 8856 8859 
f 8863 8860 8859 8862 
f 8866 8863 8862 8865 
f 8869 8866 8865 8868 
f 8872 8869 8868 8871 
f 8875 8872 8871 8874 
f 8834 8875 8874 8832 
s 1
f 8881 8879 8877 8880 
f 8879 8885 8883 8877 
f 8885 8888 8886 8883 
f 8888 8891 8889 8886 
f 8891 8894 8892 8889 
f 8894 8897 8895 8892 
f 8897 8900 8898 8895 
f 8900 8903 8901 8898 
f 8903 8906 8904 8901 
f 8906 8909 8907 8904 
f 8909 8912 8910 8907 
f 8912 8915 8913 8910 
f 8915 8918 8916 8913 
f 8918 8921 8919 8916 
f 8921 8924 8922 8919 
f 8924 8881 8880 8922 
s 2
f 8878 8882 8880 8877 
f 8884 8878 8877 8883 
f 8887 8884 8883 8886 
f 8890 8887 8886 8889 
f 8893 8890 8889 8892 
f 8896 8893 8892 8895 
f 8899 8896 8895 8898 
f 8902 8899 8898 8901 
f 8905 8902 8901 8904 
f 8908 8905 8904 8907 
f 8911 8908 8907 8910 
f 8914 8911 8910 8913 
f 8917 8914 8913 8916 
f 8920 8917 8916 8919 
f 8923 8920 8919 8922 
f 8882 8923 8922 8880 
s 1
f 8929 8927 8925 8928 
f 8932 8929 8928 8931 
f 8935 8932 8931 8934 
f 8938 8935 8934 8937 
f 8941 8938 8937 8940 
f 8944 8941 8940 8943 
f 8947 8944 8943 8946 
f 8950 8947 8946 8949 
f 8953 8950 8949 8952 
f 8956 8953 8952 8955 
f 8959 8956 8955 8958 
f 8962 8959 8958 8961 
f 8965 8962 8961 8964 
f 8968 8965 8964 8967 
f 8971 8968 8967 8970 
f 8927 8971 8970 8925 
s 2
f 8926 8930 8928 8925 
f 8930 8933 8931 8928 
f 8933 8936 8934 8931 
f 8936 8939 8937 8934 
f 8939 8942 8940 8937 
f 8942 8945 8943 8940 
f 8945 8948 8946 8943 
f 8948 8951 8949 8946 
f 8951 8954 8952 8949 
f 8954 8957 8955 8952 
f 8957 8960 8958 8955 
f 8960 8963 8961 8958 
f 8963 8966 8964 8961 
f 8966 8969 8967 8964 
f 8969 8972 8970 8967 
f 8972 8926 8925 8970 
s 1
f 8977 8975 8973 8976 
f 8980 8977 8976 8979 
f 8983 8980 8979 8982 
f 8986 8983 8982 8985 
f 8989 8986 8985 8988 
f 8992 8989 8988 8991 
f 8995 8992 8991 8994 
f 8998 8995 8994 8997 
f 9001 8998 8997 9000 
f 9004 9001 9000 9003 
f 9007 9004 9003 9006 
f 9010 9007 9006 9009 
f 9013 9010 9009 9012 
f 9016 9013 9012 9015 
f 9019 9016 9015 9018 
f 8975 9019 9018 8973 
s 2
f 8974 8978 8976 8973 
f 8978 8981 8979 8976 
f 8981 8984 8982 8979 
f 8984 8987 8985 8982 
f 8987 8990 8988 8985 
f 8990 8993 8991 8988 
f 8993 8996 8994 8991 
f 8996 8999 8997 8994 
f 8999 9002 9000 8997 
f 9002 9005 9003 9000 
f 9005 9008 9006 9003 
f 9008 9011 9009 9006 
f 9011 9014 9012 9009 
f 9014 9017 9015 9012 
f 9017 9020 9018 9015 
f 9020 8974 8973 9018 
s 1
f 9025 9023 9021 9024 
f 9023 9029 9027 9021 
f 9029 9032 9030 9027 
f 9032 9035 9033 9030 
f 9035 9038 9036 9033 
f 9038 9041 9039 9036 
f 9041 9044 9042 9039 
f 9044 9047 9045 9042 
f 9047 9050 9048 9045 
f 9050 9053 9051 9048 
f 9053 9056 9054 9051 
f 9056 9059 9057 9054 
f 9059 9062 9060 9057 
f 9062 9065 9063 9060 
f 9065 9068 9066 9063 
f 9068 9025 9024 9066 
s 2
f 9022 9026 9024 9021 
f 9028 9022 9021 9027 
f 9031 9028 9027 9030 
f 9034 9031 9030 9033 
f 9037 9034 9033 9036 
f 9040 9037 9036 9039 
f 9043 9040 9039 9042 
f 9046 9043 9042 9045 
f 9049 9046 9045 9048 
f 9052 9049 9048 9051 
f 9055 9052 9051 9054 
f 9058 9055 9054 9057 
f 9061 9058 9057 9060 
f 9064 9061 9060 9063 
f 9067 9064 9063 9066 
f 9026 9067 9066 9024 
s 1
f 9073 9071 9069 9072 
f 9071 9077 9075 9069 
f 9077 9080 9078 9075 
f 9080 9083 9081 9078 
f 9083 9086 9084 9081 
f 9086 9089 9087 9084 
f 9089 9092 9090 9087 
f 9092 9095 9093 9090 
f 9095 9098 9096 9093 
f 9098 9101 9099 9096 
f 9101 9104 9102 9099 
f 9104 9107 9105 9102 
f 9107 9110 9108 9105 
f 9110 9113 9111 9108 
f 9113 9116 9114 9111 
f 9116 9073 9072 9114 
s 2
f 9070 9074 9072 9069 
f 9076 9070 9069 9075 
f 9079 9076 9075 9078 
f 9082 9079 9078 9081 
f 9085 9082 9081 9084 
f 9088 9085 9084 9087 
f 9091 9088 9087 9090 
f 9094 9091 9090 9093 
f 9097 9094 9093 9096 
f 9100 9097 9096 9099 
f 9103 9100 9099 9102 
f 9106 9103 9102 9105 
f 9109 9106 9105 9108 
f 9112 9109 9108 9111 
f 9115 9112 9111 9114 
f 9074 9115 9114 9072 
s 1
f 9121 9119 9117 9120 
f 9124 9121 9120 9123 
f 9127 9124 9123 9126 
f 9130 9127 9126 9129 
f 9133 9130 9129 9132 
f 9136 9133 9132 9135 
f 9139 9136 9135 9138 
f 9142 9139 9138 9141 
f 9145 9142 9141 9144 
f 9148 9145 9144 9147 
f 9151 9148 9147 9150 
f 9154 9151 9150 9153 
f 9157 9154 9153 9156 
f 9160 9157 9156 9159 
f 9163 9160 9159 9162 
f 9119 9163 9162 9117 
s 2
f 9118 9122 9120 9117 
f 9122 9125 9123 9120 
f 9125 9128 9126 9123 
f 9128 9131 9129 9126 
f 9131 9134 9132 9129 
f 9134 9137 9135 9132 
f 9137 9140 9138 9135 
f 9140 9143 9141 9138 
f 9143 9146 9144 9141 
f 9146 9149 9147 9144 
f 9149 9152 9150 9147 
f 9152 9155 9153 9150 
f 9155 9158 9156 9153 
f 9158 9161 9159 9156 
f 9161 9164 9162 9159 
f 9164 9118 9117 9162 
s 1
f 9169 9167 9165 9168 
f 9172 9169 9168 9171 
f 9175 9172 9171 9174 
f 9178 9175 9174 9177 
f 9181 9178 9177 9180 
f 9184 9181 9180 9183 
f 9187 9184 9183 9186 
f 9190 9187 9186 9189 
f 9193 9190 9189 9192 
f 9196 9193 9192 9195 
f 9199 9196 9195 9198 
f 9202 9199 9198 9201 
f 9205 9202 9201 9204 
f 9208 9205 9204 9207 
f 9211 9208 9207 9210 
f 9167 9211 9210 9165 
s 2
f 9166 9170 9168 9165 
f 9170 9173 9171 9168 
f 9173 9176 9174 9171 
f 9176 9179 9177 9174 
f 9179 9182 9180 9177 
f 9182 9185 9183 9180 
f 9185 9188 9186 9183 
f 9188 9191 9189 9186 
f 9191 9194 9192 9189 
f 9194 9197 9195 9192 
f 9197 9200 9198 9195 
f 9200 9203 9201 9198 
f 9203 9206 9204 9201 
f 9206 9209 9207 9204 
f 9209 9212 9210 9207 
f 9212 9166 9165 9210 
s 1
f 9217 9215 9213 9216 
f 9215 9221 9219 9213 
f 9221 9224 9222 9219 
f 9224 9227 9225 9222 
f 9227 9230 9228 9225 
f 9230 9233 9231 9228 
f 9233 9236 9234 9231 
f 9236 9239 9237 9234 
f 9239 9242 9240 9237 
f 9242 9245 9243 9240 
f 9245 9248 9246 9243 
f 9248 9251 9249 9246 
f 9251 9254 9252 9249 
f 9254 9257 9255 9252 
f 9257 9260 9258 9255 
f 9260 9217 9216 9258 
s 2
f 9214 9218 9216 9213 
f 9220 9214 9213 9219 
f 9223 9220 9219 9222 
f 9226 9223 9222 9225 
f 9229 9226 9225 9228 
f 9232 9229 9228 9231 
f 9235 9232 9231 9234 
f 9238 9235 9234 9237 
f 9241 9238 9237 9240 
f 9244 9241 9240 9243 
f 9247 9244 9243 9246 
f 9250 9247 9246 9249 
f 9253 9250 9249 9252 
f 9256 9253 9252 9255 
f 9259 9256 9255 9258 
f 9218 9259 9258 9216 
s 1
f 9265 9263 9261 9264 
f 9263 9269 9267 9261 
f 9269 9272 9270 9267 
f 9272 9275 9273 9270 
f 9275 9278 9276 9273 
f 9278 9281 9279 9276 
f 9281 9284 9282 9279 
f 9284 9287 9285 9282 
f 9287 9290 9288 9285 
f 9290 9293 9291 9288 
f 9293 9296 9294 9291 
f 9296 9299 9297 9294 
f 9299 9302 9300 9297 
f 9302 9305 9303 9300 
f 9305 9308 9306 9303 
f 9308 9265 9264 9306 
s 2
f 9262 9266 9264 9261 
f 9268 9262 9261 9267 
f 9271 9268 9267 9270 
f 9274 9271 9270 9273 
f 9277 9274 9273 9276 
f 9280 9277 9276 9279 
f 9283 9280 9279 9282 
f 9286 9283 9282 9285 
f 9289 9286 9285 9288 
f 9292 9289 9288 9291 
f 9295 9292 9291 9294 
f 9298 9295 9294 9297 
f 9301 9298 9297 9300 
f 9304 9301 9300 9303 
f 9307 9304 9303 9306 
f 9266 9307 9306 9264 
s 1
f 9313 9311 9309 9312 
f 9316 9313 9312 9315 
f 9319 9316 9315 9318 
f 9322 9319 9318 9321 
f 9325 9322 9321 9324 
f 9328 9325 9324 9327 
f 9331 9328 9327 9330 
f 9334 9331 9330 9333 
f 9337 9334 9333 9336 
f 9340 9337 9336 9339 
f 9343 9340 9339 9342 
f 9346 9343 9342 9345 
f 9349 9346 9345 9348 
f 9352 9349 9348 9351 
f 9355 9352 9351 9354 
f 9311 9355 9354 9309 
s 2
f 9310 9314 9312 9309 
f 9314 9317 9315 9312 
f 9317 9320 9318 9315 
f 9320 9323 9321 9318 
f 9323 9326 9324 9321 
f 9326 9329 9327 9324 
f 9329 9332 9330 9327 
f 9332 9335 9333 9330 
f 9335 9338 9336 9333 
f 9338 9341 9339 9336 
f 9341 9344 9342 9339 
f 9344 9347 9345 9342 
f 9347 9350 9348 9345 
f 9350 9353 9351 9348 
f 9353 9356 9354 9351 
f 9356 9310 9309 9354 
s 1
f 9361 9359 9357 9360 
f 9364 9361 9360 9363 
f 9367 9364 9363 9366 
f 9370 9367 9366 9369 
f 9373 9370 9369 9372 
f 9376 9373 9372 9375 
f 9379 9376 9375 9378 
f 9382 9379 9378 9381 
f 9385 9382 9381 9384 
f 9388 9385 9384 9387 
f 9391 9388 9387 9390 
f 9394 9391 9390 9393 
f 9397 9394 9393 9396 
f 9400 9397 9396 9399 
f 9403 9400 9399 9402 
f 9359 9403 9402 9357 
s 2
f 9358 9362 9360 9357 
f 9362 9365 9363 9360 
f 9365 9368 9366 9363 
f 9368 9371 9369 9366 
f 9371 9374 9372 9369 
f 9374 9377 9375 9372 
f 9377 9380 9378 9375 
f 9380 9383 9381 9378 
f 9383 9386 9384 9381 
f 9386 9389 9387 9384 
f 9389 9392 9390 9387 
f 9392 9395 9393 9390 
f 9395 9398 9396 9393 
f 9398 9401 9399 9396 
f 9401 9404 9402 9399 
f 9404 9358 9357 9402 
s 1
f 9409 9407 9405 9408 
f 9407 9413 9411 9405 
f 9413 9416 9414 9411 
f 9416 9419 9417 9414 
f 9419 9422 9420 9417 
f 9422 9425 9423 9420 
f 9425 9428 9426 9423 
f 9428 9431 9429 9426 
f 9431 9434 9432 9429 
f 9434 9437 9435 9432 
f 9437 9440 9438 9435 
f 9440 9443 9441 9438 
f 9443 9446 9444 9441 
f 9446 9449 9447 9444 
f 9449 9452 9450 9447 
f 9452 9409 9408 9450 
s 2
f 9406 9410 9408 9405 
f 9412 9406 9405 9411 
f 9415 9412 9411 9414 
f 9418 9415 9414 9417 
f 9421 9418 9417 9420 
f 9424 9421 9420 9423 
f 9427 9424 9423 9426 
f 9430 9427 9426 9429 
f 9433 9430 9429 9432 
f 9436 9433 9432 9435 
f 9439 9436 9435 9438 
f 9442 9439 9438 9441 
f 9445 9442 9441 9444 
f 9448 9445 9444 9447 
f 9451 9448 9447 9450 
f 9410 9451 9450 9408 
s 1
f 9457 9455 9453 9456 
f 9455 9461 9459 9453 
f 9461 9464 9462 9459 
f 9464 9467 9465 9462 
f 9467 9470 9468 9465 
f 9470 9473 9471 9468 
f 9473 9476 9474 9471 
f 9476 9479 9477 9474 
f 9479 9482 9480 9477 
f 9482 9485 9483 9480 
f 9485 9488 9486 9483 
f 9488 9491 9489 9486 
f 9491 9494 9492 9489 
f 9494 9497 9495 9492 
f 9497 9500 9498 9495 
f 9500 9457 9456 9498 
s 2
f 9454 9458 9456 9453 
f 9460 9454 9453 9459 
f 9463 9460 9459 9462 
f 9466 9463 9462 9465 
f 9469 9466 9465 9468 
f 9472 9469 9468 9471 
f 9475 9472 9471 9474 
f 9478 9475 9474 9477 
f 9481 9478 9477 9480 
f 9484 9481 9480 9483 
f 9487 9484 9483 9486 
f 9490 9487 9486 9489 
f 9493 9490 9489 9492 
f 9496 9493 9492 9495 
f 9499 9496 9495 9498 
f 9458 9499 9498 9456 
s 1
f 9505 9503 9501 9504 
f 9508 9505 9504 9507 
f 9511 9508 9507 9510 
f 9514 9511 9510 9513 
f 9517 9514 9513 9516 
f 9520 9517 9516 9519 
f 9523 9520 9519 9522 
f 9526 9523 9522 9525 
f 9529 9526 9525 9528 
f 9532 9529 9528 9531 
f 9535 9532 9531 9534 
f 9538 9535 9534 9537 
f 9541 9538 9537 9540 
f 9544 9541 9540 9543 
f 9547 9544 9543 9546 
f 9503 9547 9546 9501 
s 2
f 9502 9506 9504 9501 
f 9506 9509 9507 9504 
f 9509 9512 9510 9507 
f 9512 9515 9513 9510 
f 9515 9518 9516 9513 
f 9518 9521 9519 9516 
f 9521 9524 9522 9519 
f 9524 9527 9525 9522 
f 9527 9530 9528 9525 
f 9530 9533 9531 9528 
f 9533 9536 9534 9531 
f 9536 9539 9537 9534 
f 9539 9542 9540 9537 
f 9542 9545 9543 9540 
f 9545 9548 9546 9543 
f 9548 9502 9501 9546 
s 1
f 9553 9551 9549 9552 
f 9556 9553 9552 9555 
f 9559 9556 9555 9558 
f 9562 9559 9558 9561 
f 9565 9562 9561 9564 
f 9568 9565 9564 9567 
f 9571 9568 9567 9570 
f 9574 9571 9570 9573 
f 9577 9574 9573 9576 
f 9580 9577 9576 9579 
f 9583 9580 9579 9582 
f 9586 9583 9582 9585 
f 9589 9586 9585 9588 
f 9592 9589 9588 9591 
f 9595 9592 9591 9594 
f 9551 9595 9594 9549 
s 2
f 9550 9554 9552 9549 
f 9554 9557 9555 9552 
f 9557 9560 9558 9555 
f 9560 9563 9561 9558 
f 9563 9566 9564 9561 
f 9566 9569 9567 9564 
f 9569 9572 9570 9567 
f 9572 9575 9573 9570 
f 9575 9578 9576 9573 
f 9578 9581 9579 9576 
f 9581 9584 9582 9579 
f 9584 9587 9585 9582 
f 9587 9590 9588 9585 
f 9590 9593 9591 9588 
f 9593 9596 9594 9591 
f 9596 9550 9549 9594 
s 1
f 9601 9599 9597 9600 
f 9599 9605 9603 9597 
f 9605 9608 9606 9603 
f 9608 9611 9609 9606 
f 9611 9614 9612 9609 
f 9614 9617 9615 9612 
f 9617 9620 9618 9615 
f 9620 9623 9621 9618 
f 9623 9626 9624 9621 
f 9626 9629 9627 9624 
f 9629 9632 9630 9627 
f 9632 9635 9633 9630 
f 9635 9638 9636 9633 
f 9638 9641 9639 9636 
f 9641 9644 9642 9639 
f 9644 9601 9600 9642 
s 2
f 9598 9602 9600 9597 
f 9604 9598 9597 9603 
f 9607 9604 9603 9606 
f 9610 9607 9606 9609 
f 9613 9610 9609 9612 
f 9616 9613 9612 9615 
f 9619 9616 9615 9618 
f 9622 9619 9618 9621 
f 9625 9622 9621 9624 
f 9628 9625 9624 9627 
f 9631 9628 9627 9630 
f 9634 9631 9630 9633 
f 9637 9634 9633 9636 
f 9640 9637 9636 9639 
f 9643 9640 9639 9642 
f 9602 9643 9642 9600 
s 1
f 9649 9647 9645 9648 
f 9647 9653 9651 9645 
f 9653 9656 9654 9651 
f 9656 9659 9657 9654 
f 9659 9662 9660 9657 
f 9662 9665 9663 9660 
f 9665 9668 9666 9663 
f 9668 9671 9669 9666 
f 9671 9674 9672 9669 
f 9674 9677 9675 9672 
f 9677 9680 9678 9675 
f 9680 9683 9681 9678 
f 9683 9686 9684 9681 
f 9686 9689 9687 9684 
f 9689 9692 9690 9687 
f 9692 9649 9648 9690 
s 2
f 9646 9650 9648 9645 
f 9652 9646 9645 9651 
f 9655 9652 9651 9654 
f 9658 9655 9654 9657 
f 9661 9658 9657 9660 
f 9664 9661 9660 9663 
f 9667 9664 9663 9666 
f 9670 9667 9666 9669 
f 9673 9670 9669 9672 
f 9676 9673 9672 9675 
f 9679 9676 9675 9678 
f 9682 9679 9678 9681 
f 9685 9682 9681 9684 
f 9688 9685 9684 9687 
f 9691 9688 9687 9690 
f 9650 9691 9690 9648 
s 1
f 9697 9695 9693 9696 
f 9700 9697 9696 9699 
f 9703 9700 9699 9702 
f 9706 9703 9702 9705 
f 9709 9706 9705 9708 
f 9712 9709 9708 9711 
f 9715 9712 9711 9714 
f 9718 9715 9714 9717 
f 9721 9718 9717 9720 
f 9724 9721 9720 9723 
f 9727 9724 9723 9726 
f 9730 9727 9726 9729 
f 9733 9730 9729 9732 
f 9736 9733 9732 9735 
f 9739 9736 9735 9738 
f 9695 9739 9738 9693 
s 2
f 9694 9698 9696 9693 
f 9698 9701 9699 9696 
f 9701 9704 9702 9699 
f 9704 9707 9705 9702 
f 9707 9710 9708 9705 
f 9710 9713 9711 9708 
f 9713 9716 9714 9711 
f 9716 9719 9717 9714 
f 9719 9722 9720 9717 
f 9722 9725 9723 9720 
f 9725 9728 9726 9723 
f 9728 9731 9729 9726 
f 9731 9734 9732 9729 
f 9734 9737 9735 9732 
f 9737 9740 9738 9735 
f 9740 9694 9693 9738 
s 1
f 9745 9743 9741 9744 
f 9748 9745 9744 9747 
f 9751 9748 9747 9750 
f 9754 9751 9750 9753 
f 9757 9754 9753 9756 
f 9760 9757 9756 9759 
f 9763 9760 9759 9762 
f 9766 9763 9762 9765 
f 9769 9766 9765 9768 
f 9772 9769 9768 9771 
f 9775 9772 9771 9774 
f 9778 9775 9774 9777 
f 9781 9778 9777 9780 
f 9784 9781 9780 9783 
f 9787 9784 9783 9786 
f 9743 9787 9786 9741 
s 2
f 9742 9746 9744 9741 
f 9746 9749 9747 9744 
f 9749 9752 9750 9747 
f 9752 9755 9753 9750 
f 9755 9758 9756 9753 
f 9758 9761 9759 9756 
f 9761 9764 9762 9759 
f 9764 9767 9765 9762 
f 9767 9770 9768 9765 
f 9770 9773 9771 9768 
f 9773 9776 9774 9771 
f 9776 9779 9777 9774 
f 9779 9782 9780 9777 
f 9782 9785 9783 9780 
f 9785 9788 9786 9783 
f 9788 9742 9741 9786 
s 1
f 9793 9791 9789 9792 
f 9791 9797 9795 9789 
f 9797 9800 9798 9795 
f 9800 9803 9801 9798 
f 9803 9806 9804 9801 
f 9806 9809 9807 9804 
f 9809 9812 9810 9807 
f 9812 9815 9813 9810 
f 9815 9818 9816 9813 
f 9818 9821 9819 9816 
f 9821 9824 9822 9819 
f 9824 9827 9825 9822 
f 9827 9830 9828 9825 
f 9830 9833 9831 9828 
f 9833 9836 9834 9831 
f 9836 9793 9792 9834 
s 2
f 9790 9794 9792 9789 
f 9796 9790 9789 9795 
f 9799 9796 9795 9798 
f 9802 9799 9798 9801 
f 9805 9802 9801 9804 
f 9808 9805 9804 9807 
f 9811 9808 9807 9810 
f 9814 9811 9810 9813 
f 9817 9814 9813 9816 
f 9820 9817 9816 9819 
f 9823 9820 9819 9822 
f 9826 9823 9822 9825 
f 9829 9826 9825 9828 
f 9832 9829 9828 9831 
f 9835 9832 9831 9834 
f 9794 9835 9834 9792 
s 1
f 9841 9839 9837 9840 
f 9839 9845 9843 9837 
f 9845 9848 9846 9843 
f 9848 9851 9849 9846 
f 9851 9854 9852 9849 
f 9854 9857 9855 9852 
f 9857 9860 9858 9855 
f 9860 9863 9861 9858 
f 9863 9866 9864 9861 
f 9866 9869 9867 9864 
f 9869 9872 9870 9867 
f 9872 9875 9873 9870 
f 9875 9878 9876 9873 
f 9878 9881 9879 9876 
f 9881 9884 9882 9879 
f 9884 9841 9840 9882 
s 2
f 9838 9842 9840 9837 
f 9844 9838 9837 9843 
f 9847 9844 9843 9846 
f 9850 9847 9846 9849 
f 9853 9850 9849 9852 
f 9856 9853 9852 9855 
f 9859 9856 9855 9858 
f 9862 9859 9858 9861 
f 9865 9862 9861 9864 
f 9868 9865 9864 9867 
f 9871 9868 9867 9870 
f 9874 9871 9870 9873 
f 9877 9874 9873 9876 
f 9880 9877 9876 9879 
f 9883 9880 9879 9882 
f 9842 9883 9882 9840 
s 1
f 9889 9887 9885 9888 
f 9892 9889 9888 9891 
f 9895 9892 9891 9894 
f 9898 9895 9894 9897 
f 9901 9898 9897 9900 
f 9904 9901 9900 9903 
f 9907 9904 9903 9906 
f 9910 9907 9906 9909 
f 9913 9910 9909 9912 
f 9916 9913 9912 9915 
f 9919 9916 9915 9918 
f 9922 9919 9918 9921 
f 9925 9922 9921 9924 
f 9928 9925 9924 9927 
f 9931 9928 9927 9930 
f 9887 9931 9930 9885 
s 2
f 9886 9890 9888 9885 
f 9890 9893 9891 9888 
f 9893 9896 9894 9891 
f 9896 9899 9897 9894 
f 9899 9902 9900 9897 
f 9902 9905 9903 9900 
f 9905 9908 9906 9903 
f 9908 9911 9909 9906 
f 9911 9914 9912 9909 
f 9914 9917 9915 9912 
f 9917 9920 9918 9915 
f 9920 9923 9921 9918 
f 9923 9926 9924 9921 
f 9926 9929 9927 9924 
f 9929 9932 9930 9927 
f 9932 9886 9885 9930 
s 1
f 9937 9935 9933 9936 
f 9940 9937 9936 9939 
f 9943 9940 9939 9942 
f 9946 9943 9942 9945 
f 9949 9946 9945 9948 
f 9952 9949 9948 9951 
f 9955 9952 9951 9954 
f 9958 9955 9954 9957 
f 9961 9958 9957 9960 
f 9964 9961 9960 9963 
f 9967 9964 9963 9966 
f 9970 9967 9966 9969 
f 9973 9970 9969 9972 
f 9976 9973 9972 9975 
f 9979 9976 9975 9978 
f 9935 9979 9978 9933 
s 2
f 9934 9938 9936 9933 
f 9938 9941 9939 9936 
f 9941 9944 9942 9939 
f 9944 9947 9945 9942 
f 9947 9950 9948 9945 
f 9950 9953 9951 9948 
f 9953 9956 9954 9951 
f 9956 9959 9957 9954 
f 9959 9962 9960 9957 
f 9962 9965 9963 9960 
f 9965 9968 9966 9963 
f 9968 9971 9969 9966 
f 9971 9974 9972 9969 
f 9974 9977 9975 9972 
f 9977 9980 9978 9975 
f 9980 9934 9933 9978 
s 1
f 9985 9983 9981 9984 
f 9988 9985 9984 9987 
f 9991 9988 9987 9990 
f 9994 9991 9990 9993 
f 9997 9994 9993 9996 
f 10000 9997 9996 9999 
f 10003 10000 9999 10002 
f 10006 10003 10002 10005 
f 10009 10006 10005 10008 
f 10012 10009 10008 10011 
f 10015 10012 10011 10014 
f 10018 10015 10014 10017 
f 10021 10018 10017 10020 
f 10024 10021 10020 10023 
f 10027 10024 10023 10026 
f 9983 10027 10026 9981 
s 2
f 9982 9986 9984 9981 
f 9986 9989 9987 9984 
f 9989 9992 9990 9987 
f 9992 9995 9993 9990 
f 9995 9998 9996 9993 
f 9998 10001 9999 9996 
f 10001 10004 10002 9999 
f 10004 10007 10005 10002 
f 10007 10010 10008 10005 
f 10010 10013 10011 10008 
f 10013 10016 10014 10011 
f 10016 10019 10017 10014 
f 10019 10022 10020 10017 
f 10022 10025 10023 10020 
f 10025 10028 10026 10023 
f 10028 9982 9981 10026 
s 1
f 10033 10031 10029 10032 
f 10031 10037 10035 10029 
f 10037 10040 10038 10035 
f 10040 10043 10041 10038 
f 10043 10046 10044 10041 
f 10046 10049 10047 10044 
f 10049 10052 10050 10047 
f 10052 10055 10053 10050 
f 10055 10058 10056 10053 
f 10058 10061 10059 10056 
f 10061 10064 10062 10059 
f 10064 10067 10065 10062 
f 10067 10070 10068 10065 
f 10070 10073 10071 10068 
f 10073 10076 10074 10071 
f 10076 10033 10032 10074 
s 2
f 10030 10034 10032 10029 
f 10036 10030 10029 10035 
f 10039 10036 10035 10038 
f 10042 10039 10038 10041 
f 10045 10042 10041 10044 
f 10048 10045 10044 10047 
f 10051 10048 10047 10050 
f 10054 10051 10050 10053 
f 10057 10054 10053 10056 
f 10060 10057 10056 10059 
f 10063 10060 10059 10062 
f 10066 10063 10062 10065 
f 10069 10066 10065 10068 
f 10072 10069 10068 10071 
f 10075 10072 10071 10074 
f 10034 10075 10074 10032 
s 1
f 10081 10079 10077 10080 
f 10079 10085 10083 10077 
f 10085 10088 10086 10083 
f 10088 10091 10089 10086 
f 10091 10094 10092 10089 
f 10094 10097 10095 10092 
f 10097 10100 10098 10095 
f 10100 10103 10101 10098 
f 10103 10106 10104 10101 
f 10106 10109 10107 10104 
f 10109 10112 10110 10107 
f 10112 10115 10113 10110 
f 10115 10118 10116 10113 
f 10118 10121 10119 10116 
f 10121 10124 10122 10119 
f 10124 10081 10080 10122 
s 2
f 10078 10082 10080 10077 
f 10084 10078 10077 10083 
f 10087 10084 10083 10086 
f 10090 10087 10086 10089 
f 10093 10090 10089 10092 
f 10096 10093 10092 10095 
f 10099 10096 10095 10098 
f 10102 10099 10098 10101 
f 10105 10102 10101 10104 
f 10108 10105 10104 10107 
f 10111 10108 10107 10110 
f 10114 10111 10110 10113 
f 10117 10114 10113 10116 
f 10120 10117 10116 10119 
f 10123 10120 10119 10122 
f 10082 10123 10122 10080 
s 1
f 10129 10127 10125 10128 
f 10132 10129 10128 10131 
f 10135 10132 10131 10134 
f 10138 10135 10134 10137 
f 10141 10138 10137 10140 
f 10144 10141 10140 10143 
f 10147 10144 10143 10146 
f 10150 10147 10146 10149 
f 10153 10150 10149 10152 
f 10156 10153 10152 10155 
f 10159 10156 10155 10158 
f 10162 10159 10158 10161 
f 10165 10162 10161 10164 
f 10168 10165 10164 10167 
f 10171 10168 10167 10170 
f 10127 10171 10170 10125 
s 2
f 10126 10130 10128 10125 
f 10130 10133 10131 10128 
f 10133 10136 10134 10131 
f 10136 10139 10137 10134 
f 10139 10142 10140 10137 
f 10142 10145 10143 10140 
f 10145 10148 10146 10143 
f 10148 10151 10149 10146 
f 10151 10154 10152 10149 
f 10154 10157 10155 10152 
f 10157 10160 10158 10155 
f 10160 10163 10161 10158 
f 10163 10166 10164 10161 
f 10166 10169 10167 10164 
f 10169 10172 10170 10167 
f 10172 10126 10125 10170 
s 1
f 10177 10175 10173 10176 
f 10180 10177 10176 10179 
f 10183 10180 10179 10182 
f 10186 10183 10182 10185 
f 10189 10186 10185 10188 
f 10192 10189 10188 10191 
f 10195 10192 10191 10194 
f 10198 10195 10194 10197 
f 10201 10198 10197 10200 
f 10204 10201 10200 10203 
f 10207 10204 10203 10206 
f 10210 10207 10206 10209 
f 10213 10210 10209 10212 
f 10216 10213 10212 10215 
f 10219 10216 10215 10218 
f 10175 10219 10218 10173 
s 2
f 10174 10178 10176 10173 
f 10178 10181 10179 10176 
f 10181 10184 10182 10179 
f 10184 10187 10185 10182 
f 10187 10190 10188 10185 
f 10190 10193 10191 10188 
f 10193 10196 10194 10191 
f 10196 10199 10197 10194 
f 10199 10202 10200 10197 
f 10202 10205 10203 10200 
f 10205 10208 10206 10203 
f 10208 10211 10209 10206 
f 10211 10214 10212 10209 
f 10214 10217 10215 10212 
f 10217 10220 10218 10215 
f 10220 10174 10173 10218 
s 1
f 10225 10223 10221 10224 
f 10223 10229 10227 10221 
f 10229 10232 10230 10227 
f 10232 10235 10233 10230 
f 10235 10238 10236 10233 
f 10238 10241 10239 10236 
f 10241 10244 10242 10239 
f 10244 10247 10245 10242 
f 10247 10250 10248 10245 
f 10250 10253 10251 10248 
f 10253 10256 10254 10251 
f 10256 10259 10257 10254 
f 10259 10262 10260 10257 
f 10262 10265 10263 10260 
f 10265 10268 10266 10263 
f 10268 10225 10224 10266 
s 2
f 10222 10226 10224 10221 
f 10228 10222 10221 10227 
f 10231 10228 10227 10230 
f 10234 10231 10230 10233 
f 10237 10234 10233 10236 
f 10240 10237 10236 10239 
f 10243 10240 10239 10242 
f 10246 10243 10242 10245 
f 10249 10246 10245 10248 
f 10252 10249 10248 10251 
f 10255 10252 10251 10254 
f 10258 10255 10254 10257 
f 10261 10258 10257 10260 
f 10264 10261 10260 10263 
f 10267 10264 10263 10266 
f 10226 10267 10266 10224 
s 1
f 10273 10271 10269 10272 
f 10271 10277 10275 10269 
f 10277 10280 10278 10275 
f 10280 10283 10281 10278 
f 10283 10286 10284 10281 
f 10286 10289 10287 10284 
f 10289 10292 10290 10287 
f 10292 10295 10293 10290 
f 10295 10298 10296 10293 
f 10298 10301 10299 10296 
f 10301 10304 10302 10299 
f 10304 10307 10305 10302 
f 10307 10310 10308 10305 
f 10310 10313 10311 10308 
f 10313 10316 10314 10311 
f 10316 10273 10272 10314 
s 2
f 10270 10274 10272 10269 
f 10276 10270 10269 10275 
f 10279 10276 10275 10278 
f 10282 10279 10278 10281 
f 10285 10282 10281 10284 
f 10288 10285 10284 10287 
f 10291 10288 10287 10290 
f 10294 10291 10290 10293 
f 10297 10294 10293 10296 
f 10300 10297 10296 10299 
f 10303 10300 10299 10302 
f 10306 10303 10302 10305 
f 10309 10306 10305 10308 
f 10312 10309 10308 10311 
f 10315 10312 10311 10314 
f 10274 10315 10314 10272 
s 1
f 10321 10319 10317 10320 
f 10324 10321 10320 10323 
f 10327 10324 10323 10326 
f 10330 10327 10326 10329 
f 10333 10330 10329 10332 
f 10336 10333 10332 10335 
f 10339 10336 10335 10338 
f 10342 10339 10338 10341 
f 10345 10342 10341 10344 
f 10348 10345 10344 10347 
f 10351 10348 10347 10350 
f 10354 10351 10350 10353 
f 10357 10354 10353 10356 
f 10360 10357 10356 10359 
f 10363 10360 10359 10362 
f 10319 10363 10362 10317 
s 2
f 10318 10322 10320 10317 
f 10322 10325 10323 10320 
f 10325 10328 10326 10323 
f 10328 10331 10329 10326 
f 10331 10334 10332 10329 
f 10334 10337 10335 10332 
f 10337 10340 10338 10335 
f 10340 10343 10341 10338 
f 10343 10346 10344 10341 
f 10346 10349 10347 10344 
f 10349 10352 10350 10347 
f 10352 10355 10353 10350 
f 10355 10358 10356 10353 
f 10358 10361 10359 10356 
f 10361 10364 10362 10359 
f 10364 10318 10317 10362 
s 1
f 10369 10367 10365 10368 
f 10372 10369 10368 10371 
f 10375 10372 10371 10374 
f 10378 10375 10374 10377 
f 10381 10378 10377 10380 
f 10384 10381 10380 10383 
f 10387 10384 10383 10386 
f 10390 10387 10386 10389 
f 10393 10390 10389 10392 
f 10396 10393 10392 10395 
f 10399 10396 10395 10398 
f 10402 10399 10398 10401 
f 10405 10402 10401 10404 
f 10408 10405 10404 10407 
f 10411 10408 10407 10410 
f 10367 10411 10410 10365 
s 2
f 10366 10370 10368 10365 
f 10370 10373 10371 10368 
f 10373 10376 10374 10371 
f 10376 10379 10377 10374 
f 10379 10382 10380 10377 
f 10382 10385 10383 10380 
f 10385 10388 10386 10383 
f 10388 10391 10389 10386 
f 10391 10394 10392 10389 
f 10394 10397 10395 10392 
f 10397 10400 10398 10395 
f 10400 10403 10401 10398 
f 10403 10406 10404 10401 
f 10406 10409 10407 10404 
f 10409 10412 10410 10407 
f 10412 10366 10365 10410 
s 1
f 10417 10415 10413 10416 
f 10415 10421 10419 10413 
f 10421 10424 10422 10419 
f 10424 10427 10425 10422 
f 10427 10430 10428 10425 
f 10430 10433 10431 10428 
f 10433 10436 10434 10431 
f 10436 10439 10437 10434 
f 10439 10442 10440 10437 
f 10442 10445 10443 10440 
f 10445 10448 10446 10443 
f 10448 10451 10449 10446 
f 10451 10454 10452 10449 
f 10454 10457 10455 10452 
f 10457 10460 10458 10455 
f 10460 10417 10416 10458 
s 2
f 10414 10418 10416 10413 
f 10420 10414 10413 10419 
f 10423 10420 10419 10422 
f 10426 10423 10422 10425 
f 10429 10426 10425 10428 
f 10432 10429 10428 10431 
f 10435 10432 10431 10434 
f 10438 10435 10434 10437 
f 10441 10438 10437 10440 
f 10444 10441 10440 10443 
f 10447 10444 10443 10446 
f 10450 10447 10446 10449 
f 10453 10450 10449 10452 
f 10456 10453 10452 10455 
f 10459 10456 10455 10458 
f 10418 10459 10458 10416 
s 1
f 10465 10463 10461 10464 
f 10463 10469 10467 10461 
f 10469 10472 10470 10467 
f 10472 10475 10473 10470 
f 10475 10478 10476 10473 
f 10478 10481 10479 10476 
f 10481 10484 10482 10479 
f 10484 10487 10485 10482 
f 10487 10490 10488 10485 
f 10490 10493 10491 10488 
f 10493 10496 10494 10491 
f 10496 10499 10497 10494 
f 10499 10502 10500 10497 
f 10502 10505 10503 10500 
f 10505 10508 10506 10503 
f 10508 10465 10464 10506 
s 2
f 10462 10466 10464 10461 
f 10468 10462 10461 10467 
f 10471 10468 10467 10470 
f 10474 10471 10470 10473 
f 10477 10474 10473 10476 
f 10480 10477 10476 10479 
f 10483 10480 10479 10482 
f 10486 10483 10482 10485 
f 10489 10486 10485 10488 
f 10492 10489 10488 10491 
f 10495 10492 10491 10494 
f 10498 10495 10494 10497 
f 10501 10498 10497 10500 
f 10504 10501 10500 10503 
f 10507 10504 10503 10506 
f 10466 10507 10506 10464 
s 1
f 10513 10511 10509 10512 
f 10516 10513 10512 10515 
f 10519 10516 10515 10518 
f 10522 10519 10518 10521 
f 10525 10522 10521 10524 
f 10528 10525 10524 10527 
f 10531 10528 10527 10530 
f 10534 10531 10530 10533 
f 10537 10534 10533 10536 
f 10540 10537 10536 10539 
f 10543 10540 10539 10542 
f 10546 10543 10542 10545 
f 10549 10546 10545 10548 
f 10552 10549 10548 10551 
f 10555 10552 10551 10554 
f 10511 10555 10554 10509 
s 2
f 10510 10514 10512 10509 
f 10514 10517 10515 10512 
f 10517 10520 10518 10515 
f 10520 10523 10521 10518 
f 10523 10526 10524 10521 
f 10526 10529 10527 10524 
f 10529 10532 10530 10527 
f 10532 10535 10533 10530 
f 10535 10538 10536 10533 
f 10538 10541 10539 10536 
f 10541 10544 10542 10539 
f 10544 10547 10545 10542 
f 10547 10550 10548 10545 
f 10550 10553 10551 10548 
f 10553 10556 10554 10551 
f 10556 10510 10509 10554 
s 1
f 10561 10559 10557 10560 
f 10559 10565 10563 10557 
f 10565 10568 10566 10563 
f 10568 10571 10569 10566 
f 10571 10574 10572 10569 
f 10574 10577 10575 10572 
f 10577 10580 10578 10575 
f 10580 10583 10581 10578 
f 10583 10586 10584 10581 
f 10586 10589 10587 10584 
f 10589 10592 10590 10587 
f 10592 10595 10593 10590 
f 10595 10598 10596 10593 
f 10598 10601 10599 10596 
f 10601 10604 10602 10599 
f 10604 10561 10560 10602 
s 2
f 10558 10562 10560 10557 
f 10564 10558 10557 10563 
f 10567 10564 10563 10566 
f 10570 10567 10566 10569 
f 10573 10570 10569 10572 
f 10576 10573 10572 10575 
f 10579 10576 10575 10578 
f 10582 10579 10578 10581 
f 10585 10582 10581 10584 
f 10588 10585 10584 10587 
f 10591 10588 10587 10590 
f 10594 10591 10590 10593 
f 10597 10594 10593 10596 
f 10600 10597 10596 10599 
f 10603 10600 10599 10602 
f 10562 10603 10602 10560 
s 1
f 10609 10607 10605 10608 
f 10607 10613 10611 10605 
f 10613 10616 10614 10611 
f 10616 10619 10617 10614 
f 10619 10622 10620 10617 
f 10622 10625 10623 10620 
f 10625 10628 10626 10623 
f 10628 10631 10629 10626 
f 10631 10634 10632 10629 
f 10634 10637 10635 10632 
f 10637 10640 10638 10635 
f 10640 10643 10641 10638 
f 10643 10646 10644 10641 
f 10646 10649 10647 10644 
f 10649 10652 10650 10647 
f 10652 10609 10608 10650 
s 2
f 10606 10610 10608 10605 
f 10612 10606 10605 10611 
f 10615 10612 10611 10614 
f 10618 10615 10614 10617 
f 10621 10618 10617 10620 
f 10624 10621 10620 10623 
f 10627 10624 10623 10626 
f 10630 10627 10626 10629 
f 10633 10630 10629 10632 
f 10636 10633 10632 10635 
f 10639 10636 10635 10638 
f 10642 10639 10638 10641 
f 10645 10642 10641 10644 
f 10648 10645 10644 10647 
f 10651 10648 10647 10650 
f 10610 10651 10650 10608 
s 1
f 10967 10653 10654 10964 
f 10964 10654 10655 10969 
s 2
f 10969 10655 10656 10971 
f 10971 10656 10657 10973 
f 10973 10657 10658 10975 
f 10975 10658 10659 10977 
f 10977 10659 10660 10979 
s 1
f 10979 10660 10661 10981 
s 2
f 10981 10661 10662 10983 
s 1
f 10653 10663 10664 10654 
f 10654 10664 10665 10655 
s 2
f 10655 10665 10666 10656 
f 10656 10666 10667 10657 
f 10657 10667 10668 10658 
f 10658 10668 10669 10659 
f 10659 10669 10670 10660 
s 1
f 10660 10670 10671 10661 
s 2
f 10661 10671 10672 10662 
s 1
f 10663 10673 10674 10664 
f 10664 10674 10675 10665 
s 2
f 10665 10675 10676 10666 
f 10666 10676 10677 10667 
f 10667 10677 10678 10668 
f 10668 10678 10679 10669 
f 10669 10679 10680 10670 
s 1
f 10670 10680 10681 10671 
s 2
f 10671 10681 10682 10672 
s 1
f 10673 10683 10684 10674 
f 10674 10684 10685 10675 
s 2
f 10675 10685 10686 10676 
f 10676 10686 10687 10677 
f 10677 10687 10688 10678 
f 10678 10688 10689 10679 
f 10679 10689 10690 10680 
s 1
f 10680 10690 10691 10681 
s 2
f 10681 10691 10692 10682 
s 1
f 10683 10693 10694 10684 
f 10684 10694 10695 10685 
s 2
f 10685 10695 10696 10686 
f 10686 10696 10697 10687 
f 10687 10697 10698 10688 
f 10688 10698 10699 10689 
f 10689 10699 10700 10690 
s 1
f 10690 10700 10701 10691 
s 2
f 10691 10701 10702 10692 
s 1
f 10693 10703 10704 10694 
f 10694 10704 10705 10695 
s 2
f 10695 10705 10706 10696 
f 10696 10706 10707 10697 
f 10697 10707 10708 10698 
f 10698 10708 10709 10699 
f 10699 10709 10710 10700 
s 1
f 10700 10710 10711 10701 
s 2
f 10701 10711 10712 10702 
s 1
f 10703 10713 10714 10704 
f 10704 10714 10715 10705 
s 2
f 10705 10715 10716 10706 
f 10706 10716 10717 10707 
f 10707 10717 10718 10708 
f 10708 10718 10719 10709 
f 10709 10719 10720 10710 
s 1
f 10710 10720 10721 10711 
s 2
f 10711 10721 10722 10712 
s 1
f 10713 10723 10724 10714 
f 10714 10724 10725 10715 
s 2
f 10715 10725 10726 10716 
f 10716 10726 10727 10717 
f 10717 10727 10728 10718 
f 10718 10728 10729 10719 
f 10719 10729 10730 10720 
s 1
f 10720 10730 10731 10721 
s 2
f 10721 10731 10732 10722 
s 1
f 10723 10733 10734 10724 
f 10724 10734 10735 10725 
s 2
f 10725 10735 10736 10726 
f 10726 10736 10737 10727 
f 10727 10737 10738 10728 
f 10728 10738 10739 10729 
f 10729 10739 10740 10730 
s 1
f 10730 10740 10741 10731 
s 2
f 10731 10741 10742 10732 
s 1
f 10733 10743 10744 10734 
f 10734 10744 10745 10735 
s 2
f 10735 10745 10746 10736 
f 10736 10746 10747 10737 
f 10737 10747 10748 10738 
f 10738 10748 10749 10739 
f 10739 10749 10750 10740 
s 1
f 10740 10750 10751 10741 
s 2
f 10741 10751 10752 10742 
s 1
f 10743 10753 10754 10744 
f 10744 10754 10755 10745 
s 2
f 10745 10755 10756 10746 
f 10746 10756 10757 10747 
f 10747 10757 10758 10748 
f 10748 10758 10759 10749 
f 10749 10759 10760 10750 
s 1
f 10750 10760 10761 10751 
s 2
f 10751 10761 10762 10752 
s 1
f 10753 10763 10764 10754 
f 10754 10764 10765 10755 
s 2
f 10755 10765 10766 10756 
f 10756 10766 10767 10757 
f 10757 10767 10768 10758 
f 10758 10768 10769 10759 
f 10759 10769 10770 10760 
s 1
f 10760 10770 10771 10761 
s 2
f 10761 10771 10772 10762 
s 1
f 10763 10773 10774 10764 
f 10764 10774 10775 10765 
s 2
f 10765 10775 10776 10766 
f 10766 10776 10777 10767 
f 10767 10777 10778 10768 
f 10768 10778 10779 10769 
f 10769 10779 10780 10770 
s 1
f 10770 10780 10781 10771 
s 2
f 10771 10781 10782 10772 
s 1
f 10773 10783 10784 10774 
f 10774 10784 10785 10775 
s 2
f 10775 10785 10786 10776 
f 10776 10786 10787 10777 
f 10777 10787 10788 10778 
f 10778 10788 10789 10779 
f 10779 10789 10790 10780 
s 1
f 10780 10790 10791 10781 
s 2
f 10781 10791 10792 10782 
s 1
f 10783 10793 10794 10784 
f 10784 10794 10795 10785 
s 2
f 10785 10795 10796 10786 
f 10786 10796 10797 10787 
f 10787 10797 10798 10788 
f 10788 10798 10799 10789 
f 10789 10799 10800 10790 
s 1
f 10790 10800 10801 10791 
s 2
f 10791 10801 10802 10792 
s 1
f 10793 10955 10956 10794 
f 10794 10956 10957 10795 
s 2
f 10795 10957 10958 10796 
f 10796 10958 10803 10797 
f 10797 10803 10804 10798 
f 10798 10804 10959 10799 
f 10799 10959 10960 10800 
s 1
f 10800 10960 10961 10801 
s 2
f 10801 10961 10962 10802 
s 4
f 11007 11011 11012 11014 
s 1
f 10986 10989 10806 10805 
f 10989 10991 10807 10806 
s 2
f 10991 10993 10808 10807 
f 10993 10995 10809 10808 
f 10995 10997 10810 10809 
f 10997 10999 10811 10810 
f 10999 11001 10812 10811 
s 1
f 11001 11003 10813 10812 
s 2
f 11003 11006 10814 10813 
s 1
f 10805 10806 10816 10815 
f 10806 10807 10817 10816 
s 2
f 10807 10808 10818 10817 
f 10808 10809 10819 10818 
f 10809 10810 10820 10819 
f 10810 10811 10821 10820 
f 10811 10812 10822 10821 
s 1
f 10812 10813 10823 10822 
s 2
f 10813 10814 10824 10823 
s 1
f 10815 10816 10826 10825 
f 10816 10817 10827 10826 
s 2
f 10817 10818 10828 10827 
f 10818 10819 10829 10828 
f 10819 10820 10830 10829 
f 10820 10821 10831 10830 
f 10821 10822 10832 10831 
s 1
f 10822 10823 10833 10832 
s 2
f 10823 10824 10834 10833 
s 1
f 10825 10826 10836 10835 
f 10826 10827 10837 10836 
s 2
f 10827 10828 10838 10837 
f 10828 10829 10839 10838 
f 10829 10830 10840 10839 
f 10830 10831 10841 10840 
f 10831 10832 10842 10841 
s 1
f 10832 10833 10843 10842 
s 2
f 10833 10834 10844 10843 
s 1
f 10835 10836 10846 10845 
f 10836 10837 10847 10846 
s 2
f 10837 10838 10848 10847 
f 10838 10839 10849 10848 
f 10839 10840 10850 10849 
f 10840 10841 10851 10850 
f 10841 10842 10852 10851 
s 1
f 10842 10843 10853 10852 
s 2
f 10843 10844 10854 10853 
s 1
f 10845 10846 10856 10855 
f 10846 10847 10857 10856 
s 2
f 10847 10848 10858 10857 
f 10848 10849 10859 10858 
f 10849 10850 10860 10859 
f 10850 10851 10861 10860 
f 10851 10852 10862 10861 
s 1
f 10852 10853 10863 10862 
s 2
f 10853 10854 10864 10863 
s 1
f 10855 10856 10866 10865 
f 10856 10857 10867 10866 
s 2
f 10857 10858 10868 10867 
f 10858 10859 10869 10868 
f 10859 10860 10870 10869 
f 10860 10861 10871 10870 
f 10861 10862 10872 10871 
s 1
f 10862 10863 10873 10872 
s 2
f 10863 10864 10874 10873 
s 1
f 10865 10866 10876 10875 
f 10866 10867 10877 10876 
s 2
f 10867 10868 10878 10877 
f 10868 10869 10879 10878 
f 10869 10870 10880 10879 
f 10870 10871 10881 10880 
f 10871 10872 10882 10881 
s 1
f 10872 10873 10883 10882 
s 2
f 10873 10874 10884 10883 
s 1
f 10875 10876 10886 10885 
f 10876 10877 10887 10886 
s 2
f 10877 10878 10888 10887 
f 10878 10879 10889 10888 
f 10879 10880 10890 10889 
f 10880 10881 10891 10890 
f 10881 10882 10892 10891 
s 1
f 10882 10883 10893 10892 
s 2
f 10883 10884 10894 10893 
s 1
f 10885 10886 10896 10895 
f 10886 10887 10897 10896 
s 2
f 10887 10888 10898 10897 
f 10888 10889 10899 10898 
f 10889 10890 10900 10899 
f 10890 10891 10901 10900 
f 10891 10892 10902 10901 
s 1
f 10892 10893 10903 10902 
s 2
f 10893 10894 10904 10903 
s 1
f 10895 10896 10906 10905 
f 10896 10897 10907 10906 
s 2
f 10897 10898 10908 10907 
f 10898 10899 10909 10908 
f 10899 10900 10910 10909 
f 10900 10901 10911 10910 
f 10901 10902 10912 10911 
s 1
f 10902 10903 10913 10912 
s 2
f 10903 10904 10914 10913 
s 1
f 10905 10906 10916 10915 
f 10906 10907 10917 10916 
s 2
f 10907 10908 10918 10917 
f 10908 10909 10919 10918 
f 10909 10910 10920 10919 
f 10910 10911 10921 10920 
f 10911 10912 10922 10921 
s 1
f 10912 10913 10923 10922 
s 2
f 10913 10914 10924 10923 
s 1
f 10915 10916 10926 10925 
f 10916 10917 10927 10926 
s 2
f 10917 10918 10928 10927 
f 10918 10919 10929 10928 
f 10919 10920 10930 10929 
f 10920 10921 10931 10930 
f 10921 10922 10932 10931 
s 1
f 10922 10923 10933 10932 
s 2
f 10923 10924 10934 10933 
s 1
f 10925 10926 10936 10935 
f 10926 10927 10937 10936 
s 2
f 10927 10928 10938 10937 
f 10928 10929 10939 10938 
f 10929 10930 10940 10939 
f 10930 10931 10941 10940 
f 10931 10932 10942 10941 
s 1
f 10932 10933 10943 10942 
s 2
f 10933 10934 10944 10943 
s 1
f 10935 10936 10946 10945 
f 10936 10937 10947 10946 
s 2
f 10937 10938 10948 10947 
f 10938 10939 10949 10948 
f 10939 10940 10950 10949 
f 10940 10941 10951 10950 
f 10941 10942 10952 10951 
s 1
f 10942 10943 10953 10952 
s 2
f 10943 10944 10954 10953 
s 1
f 10945 10946 10956 10955 
f 10946 10947 10957 10956 
s 2
f 10947 10948 10958 10957 
f 10948 10949 10803 10958 
f 10949 10950 10804 10803 
f 10950 10951 10959 10804 
f 10951 10952 10960 10959 
s 1
f 10952 10953 10961 10960 
s 2
f 10953 10954 10962 10961 
s 4
f 11015 10987 11005 
s 1
f 10967 10964 10963 10965 
f 10964 10969 10968 10963 
s 2
f 10969 10971 10970 10968 
f 10971 10973 10972 10970 
f 10973 10975 10974 10972 
f 10975 10977 10976 10974 
f 10977 10979 10978 10976 
s 1
f 10979 10981 10980 10978 
s 2
f 10981 10983 10982 10980 
s 4
f 11008 11007 10968 10970 
f 11009 11008 10970 10972 
f 11010 11009 10972 10974 
f 11011 11010 10974 10976 
f 11012 11011 10976 10978 
f 11013 11012 10978 10980 
f 10984 11013 10980 10982 
f 11014 10966 10965 10963 
f 11007 11014 10963 10968 
s 1
f 10989 10986 10985 10988 
f 10991 10989 10988 10990 
s 2
f 10993 10991 10990 10992 
f 10995 10993 10992 10994 
f 10997 10995 10994 10996 
f 10999 10997 10996 10998 
f 11001 10999 10998 11000 
s 1
f 11003 11001 11000 11002 
s 2
f 11006 11003 11002 11004 
s 4
f 11016 11015 11002 11000 
f 11017 11016 11000 10998 
f 11018 11017 10998 10996 
f 11019 11018 10996 10994 
f 11020 11019 10994 10992 
f 11021 11020 10992 10990 
f 11022 11021 10990 10988 
f 10987 11022 10988 10985 
f 11015 11005 11004 11002 
f 11017 11018 11021 
f 11018 11019 11020 11021 
f 11016 11017 11021 11022 
f 11015 11016 11022 10987 
f 11007 11010 11011 
f 11007 11008 11009 11010 
f 11012 11013 10966 11014 
f 11013 10984 10966 
s 1
f 11110 11145 11030 11111 
f 11145 11025 11031 11030 
s 2
f 11025 11146 11032 11031 
f 11146 11026 11033 11032 
f 11026 11147 11034 11033 
f 11147 11148 11035 11034 
f 11148 11027 11036 11035 
f 11027 11149 11037 11036 
f 11149 11028 11038 11037 
f 11028 11113 11114 11038 
f 11029 11803 11792 11039 
s 1
f 11111 11030 11040 11112 
f 11030 11031 11041 11040 
s 2
f 11031 11032 11042 11041 
f 11032 11033 11043 11042 
f 11033 11034 11044 11043 
f 11034 11035 11045 11044 
f 11035 11036 11046 11045 
f 11036 11037 11047 11046 
f 11037 11038 11048 11047 
f 11038 11114 11115 11048 
f 11039 11792 11779 11049 
s 1
f 11112 11040 11050 11182 
f 11040 11041 11051 11050 
s 2
f 11041 11042 11052 11051 
f 11042 11043 11053 11052 
f 11043 11044 11054 11053 
f 11044 11045 11055 11054 
f 11045 11046 11056 11055 
f 11046 11047 11057 11056 
f 11047 11048 11058 11057 
f 11048 11115 11116 11058 
f 11049 11779 11780 11059 
s 1
f 11182 11050 11060 11181 
f 11050 11051 11061 11060 
s 2
f 11051 11052 11062 11061 
f 11052 11053 11063 11062 
f 11053 11054 11064 11063 
f 11054 11055 11065 11064 
f 11055 11056 11066 11065 
f 11056 11057 11067 11066 
f 11057 11058 11068 11067 
f 11058 11116 11117 11068 
f 11059 11780 11781 11069 
s 1
f 11181 11060 11070 11180 
f 11060 11061 11071 11070 
s 2
f 11061 11062 11072 11071 
f 11062 11063 11073 11072 
f 11063 11064 11074 11073 
f 11064 11065 11075 11074 
f 11065 11066 11076 11075 
f 11066 11067 11077 11076 
f 11067 11068 11078 11077 
f 11068 11117 11118 11078 
f 11069 11781 11782 11079 
s 1
f 11180 11070 11080 11179 
f 11070 11071 11081 11080 
s 2
f 11071 11072 11082 11081 
f 11072 11073 11083 11082 
f 11073 11074 11084 11083 
f 11074 11075 11085 11084 
f 11075 11076 11086 11085 
f 11076 11077 11087 11086 
f 11077 11078 11088 11087 
f 11078 11118 11119 11088 
f 11079 11782 11798 11089 
s 1
f 11179 11080 11090 11178 
f 11080 11081 11091 11090 
s 2
f 11081 11082 11092 11091 
f 11082 11083 11093 11092 
f 11083 11084 11094 11093 
f 11084 11085 11095 11094 
f 11085 11086 11096 11095 
f 11087 11088 11188 11189 
f 11088 11119 11187 11188 
f 11089 11798 11783 11099 
s 1
f 11178 11090 11100 11177 
f 11090 11091 11101 11100 
s 2
f 11091 11092 11102 11101 
f 11092 11093 11103 11102 
f 11093 11094 11104 11103 
f 11094 11095 11105 11104 
f 11130 11129 11106 11131 
f 11097 11098 11108 11107 
f 11098 11120 11121 11108 
f 11099 11783 11801 11109 
s 1
f 11177 11100 11494 11495 
f 11100 11101 11496 11494 
s 2
f 11101 11102 11497 11496 
f 11102 11103 11498 11497 
f 11103 11104 11499 11498 
f 11104 11105 11193 
f 11106 11107 11501 11502 
f 11107 11108 11503 11501 
f 11108 11121 11504 11503 
f 11109 11801 11785 11505 
f 11114 11113 11753 11754 
f 11115 11114 11754 11755 
f 11116 11115 11755 11756 
f 11117 11116 11756 11757 
f 11118 11117 11757 11758 
f 11119 11118 11758 11759 
f 11124 11123 11143 
f 11516 11143 11123 11024 
f 11127 11126 11120 11098 
f 11191 11192 11105 11095 
f 11128 11097 11129 
f 11128 11127 11098 11097 
f 11096 11086 11087 11190 
f 11106 11502 11122 11131 
f 11105 11192 11193 
f 11184 11185 11201 11200 
f 11186 11201 11185 
f 11023 11133 11122 11132 
f 11134 11123 11124 11135 
f 11135 11124 11125 11136 
f 11136 11125 11126 11137 
f 11138 11137 11126 11127 
f 11138 11127 11128 11139 
f 11139 11128 11129 11140 
f 11141 11140 11129 11130 
f 11142 11141 11130 11131 
f 11133 11142 11131 11122 
f 11124 11143 11144 11203 
f 11143 11516 11542 11144 
f 11144 11121 11120 11203 
f 11144 11542 11504 11121 
f 11191 11096 11190 
f 11104 11193 11183 11499 
f 11502 11132 11122 
f 11129 11097 11107 11106 
s 1
f 11495 11543 11151 11177 
f 11177 11151 11152 11178 
f 11178 11152 11153 11179 
f 11179 11153 11154 11180 
f 11180 11154 11155 11181 
f 11181 11155 11156 11182 
f 11182 11156 11157 11112 
f 11112 11157 11158 11111 
f 11111 11158 11150 11110 
f 11543 11553 11160 11151 
f 11151 11160 11161 11152 
f 11152 11161 11162 11153 
f 11153 11162 11163 11154 
f 11154 11163 11164 11155 
f 11155 11164 11165 11156 
f 11156 11165 11166 11157 
f 11157 11166 11167 11158 
f 11158 11167 11159 11150 
f 11553 11563 11169 11160 
f 11160 11169 11170 11161 
f 11161 11170 11171 11162 
f 11162 11171 11172 11163 
f 11163 11172 11173 11164 
f 11164 11173 11174 11165 
f 11165 11174 11175 11166 
f 11166 11175 11176 11167 
f 11167 11176 11168 11159 
s 2
f 11134 11135 11185 11184 
f 11135 11136 11186 11185 
f 11136 11137 11187 11186 
f 11137 11138 11188 11187 
f 11138 11139 11189 11188 
f 11139 11140 11190 11189 
f 11140 11141 11191 11190 
f 11141 11142 11192 11191 
f 11142 11133 11193 11192 
f 11133 11023 11183 11193 
f 11194 11029 11039 11195 
f 11195 11039 11049 11196 
f 11196 11049 11059 11197 
f 11197 11059 11069 11198 
f 11198 11069 11079 11199 
f 11199 11079 11089 11202 
f 11200 11109 11505 11573 
f 11201 11099 11109 11200 
f 11202 11089 11099 11201 
f 11191 11095 11096 
f 11120 11126 11125 11203 
f 11203 11125 11124 
s 1
f 11110 11205 11204 11145 
f 11145 11204 11206 11025 
s 2
f 11025 11206 11207 11146 
f 11146 11207 11208 11026 
f 11026 11208 11209 11147 
f 11147 11209 11210 11148 
f 11148 11210 11211 11027 
f 11027 11211 11212 11149 
f 11149 11212 11213 11028 
f 11028 11213 11214 11113 
f 11029 11216 11215 11803 
s 1
f 11205 11218 11217 11204 
f 11204 11217 11219 11206 
s 2
f 11206 11219 11220 11207 
f 11207 11220 11221 11208 
f 11208 11221 11222 11209 
f 11209 11222 11223 11210 
f 11210 11223 11224 11211 
f 11211 11224 11225 11212 
f 11212 11225 11226 11213 
f 11213 11226 11227 11214 
f 11216 11228 11834 11215 
s 1
f 11218 11230 11229 11217 
f 11217 11229 11231 11219 
s 2
f 11219 11231 11232 11220 
f 11220 11232 11233 11221 
f 11221 11233 11234 11222 
f 11222 11234 11235 11223 
f 11223 11235 11236 11224 
f 11224 11236 11237 11225 
f 11225 11237 11238 11226 
f 11226 11238 11239 11227 
f 11228 11241 11240 11834 
s 1
f 11230 11243 11242 11229 
f 11229 11242 11244 11231 
s 2
f 11231 11244 11245 11232 
f 11232 11245 11246 11233 
f 11233 11246 11247 11234 
f 11234 11247 11248 11235 
f 11235 11248 11249 11236 
f 11236 11249 11250 11237 
f 11237 11250 11251 11238 
f 11238 11251 11252 11239 
f 11241 11254 11253 11240 
s 1
f 11243 11256 11255 11242 
f 11242 11255 11257 11244 
s 2
f 11244 11257 11258 11245 
f 11245 11258 11259 11246 
f 11246 11259 11260 11247 
f 11247 11260 11261 11248 
f 11248 11261 11262 11249 
f 11249 11262 11263 11250 
f 11250 11263 11264 11251 
f 11251 11264 11265 11252 
f 11254 11266 11835 11253 
s 1
f 11256 11268 11267 11255 
f 11255 11267 11269 11257 
s 2
f 11257 11269 11270 11258 
f 11258 11270 11271 11259 
f 11259 11271 11272 11260 
f 11260 11272 11273 11261 
f 11261 11273 11274 11262 
f 11262 11274 11275 11263 
f 11263 11275 11276 11264 
f 11264 11276 11277 11265 
f 11266 11279 11278 11835 
s 1
f 11268 11281 11280 11267 
f 11267 11280 11282 11269 
s 2
f 11269 11282 11283 11270 
f 11270 11283 11284 11271 
f 11271 11284 11285 11272 
f 11272 11285 11286 11273 
f 11273 11286 11287 11274 
f 11275 11289 11288 11276 
f 11276 11288 11290 11277 
f 11279 11292 11291 11278 
s 1
f 11281 11294 11293 11280 
f 11280 11293 11295 11282 
s 2
f 11282 11295 11296 11283 
f 11283 11296 11297 11284 
f 11284 11297 11298 11285 
f 11285 11298 11299 11286 
f 11300 11303 11302 11301 
f 11304 11307 11306 11305 
f 11305 11306 11309 11308 
f 11292 11311 11310 11291 
s 1
f 11294 11676 11677 11293 
f 11293 11677 11678 11295 
s 2
f 11295 11678 11679 11296 
f 11296 11679 11680 11297 
f 11297 11680 11681 11298 
f 11298 11312 11299 
f 11302 11683 11684 11307 
f 11307 11684 11685 11306 
f 11306 11685 11686 11309 
f 11311 11687 11842 11310 
f 11214 11760 11753 11113 
f 11227 11761 11760 11214 
f 11239 11762 11761 11227 
f 11252 11763 11762 11239 
f 11265 11764 11763 11252 
f 11277 11765 11764 11265 
f 11319 11321 11320 
f 11697 11322 11320 11321 
f 11323 11305 11308 11324 
f 11325 11286 11299 11326 
f 11327 11301 11304 
f 11327 11304 11305 11323 
f 11287 11328 11275 11274 
f 11302 11303 11329 11683 
f 11299 11312 11326 
f 11330 11331 11333 11332 
f 11334 11333 11318 11765 
f 11322 11377 11335 11320 
f 11336 11338 11329 11337 
f 11335 11339 11319 11320 
f 11339 11341 11340 11319 
f 11341 11342 11324 11340 
f 11343 11323 11324 11342 
f 11343 11344 11327 11323 
f 11344 11345 11301 11327 
f 11346 11300 11301 11345 
f 11347 11303 11300 11346 
f 11337 11329 11303 11347 
f 11319 11349 11348 11321 
f 11321 11348 11723 11697 
f 11348 11349 11308 11309 
f 11348 11309 11686 11723 
f 11325 11328 11287 
f 11298 11681 11350 11312 
f 11683 11329 11338 
f 11301 11302 11307 11304 
s 1
f 11676 11294 11351 11725 
f 11294 11281 11352 11351 
f 11281 11268 11353 11352 
f 11268 11256 11354 11353 
f 11256 11243 11355 11354 
f 11243 11230 11356 11355 
f 11230 11218 11357 11356 
f 11218 11205 11358 11357 
f 11205 11110 11150 11358 
f 11725 11351 11359 11734 
f 11351 11352 11360 11359 
f 11352 11353 11361 11360 
f 11353 11354 11362 11361 
f 11354 11355 11363 11362 
f 11355 11356 11364 11363 
f 11356 11357 11365 11364 
f 11357 11358 11366 11365 
f 11358 11150 11159 11366 
f 11734 11359 11367 11743 
f 11359 11360 11368 11367 
f 11360 11361 11369 11368 
f 11361 11362 11370 11369 
f 11362 11363 11371 11370 
f 11363 11364 11372 11371 
f 11364 11365 11373 11372 
f 11365 11366 11374 11373 
f 11366 11159 11168 11374 
s 2
f 11335 11330 11332 11339 
f 11339 11332 11334 11341 
f 11341 11334 11290 11342 
f 11342 11290 11288 11343 
f 11343 11288 11289 11344 
f 11344 11289 11328 11345 
f 11345 11328 11325 11346 
f 11346 11325 11326 11347 
f 11347 11326 11312 11337 
f 11337 11312 11350 11336 
f 11194 11313 11216 11029 
f 11313 11314 11228 11216 
f 11314 11315 11241 11228 
f 11315 11316 11254 11241 
f 11316 11317 11266 11254 
f 11317 11318 11279 11266 
f 11331 11751 11687 11311 
f 11333 11331 11311 11292 
f 11318 11333 11292 11279 
f 11325 11287 11286 
f 11308 11349 11340 11324 
f 11349 11319 11340 
f 11752 11184 11200 11573 
f 11024 11123 11134 11375 
f 11375 11134 11184 11752 
f 11751 11331 11330 11376 
f 11376 11330 11335 11377 
s 1
f 11378 11381 11380 11379 
f 11379 11380 11383 11382 
s 2
f 11382 11383 11385 11384 
f 11384 11385 11387 11386 
f 11386 11387 11389 11388 
f 11388 11389 11391 11390 
f 11390 11391 11393 11392 
f 11392 11393 11395 11394 
f 11394 11395 11397 11396 
f 11396 11397 11399 11398 
f 11400 11402 11401 11784 
s 1
f 11381 11404 11403 11380 
f 11380 11403 11405 11383 
s 2
f 11383 11405 11406 11385 
f 11385 11406 11407 11387 
f 11387 11407 11408 11389 
f 11389 11408 11409 11391 
f 11391 11409 11410 11393 
f 11393 11410 11411 11395 
f 11395 11411 11412 11397 
f 11397 11412 11413 11399 
f 11402 11414 11836 11401 
s 1
f 11404 11416 11415 11403 
f 11403 11415 11417 11405 
s 2
f 11405 11417 11418 11406 
f 11406 11418 11419 11407 
f 11407 11419 11420 11408 
f 11408 11420 11421 11409 
f 11409 11421 11422 11410 
f 11410 11422 11423 11411 
f 11411 11423 11424 11412 
f 11412 11424 11425 11413 
f 11414 11426 11837 11836 
s 1
f 11416 11428 11427 11415 
f 11415 11427 11429 11417 
s 2
f 11417 11429 11430 11418 
f 11418 11430 11431 11419 
f 11419 11431 11432 11420 
f 11420 11432 11433 11421 
f 11421 11433 11434 11422 
f 11422 11434 11435 11423 
f 11423 11435 11436 11424 
f 11424 11436 11437 11425 
f 11426 11438 11838 11837 
s 1
f 11428 11440 11439 11427 
f 11427 11439 11441 11429 
s 2
f 11429 11441 11442 11430 
f 11430 11442 11443 11431 
f 11431 11443 11444 11432 
f 11432 11444 11445 11433 
f 11433 11445 11446 11434 
f 11434 11446 11447 11435 
f 11435 11447 11448 11436 
f 11436 11448 11449 11437 
f 11438 11451 11450 11838 
s 1
f 11440 11453 11452 11439 
f 11439 11452 11454 11441 
s 2
f 11441 11454 11455 11442 
f 11442 11455 11456 11443 
f 11443 11456 11457 11444 
f 11444 11457 11458 11445 
f 11445 11458 11459 11446 
f 11446 11459 11460 11447 
f 11447 11460 11461 11448 
f 11448 11461 11462 11449 
f 11451 11463 11839 11450 
s 1
f 11453 11465 11464 11452 
f 11452 11464 11466 11454 
s 2
f 11454 11466 11467 11455 
f 11455 11467 11468 11456 
f 11456 11468 11469 11457 
f 11457 11469 11470 11458 
f 11458 11470 11471 11459 
f 11460 11473 11472 11461 
f 11461 11472 11474 11462 
f 11463 11475 11840 11839 
s 1
f 11465 11477 11476 11464 
f 11464 11476 11478 11466 
s 2
f 11466 11478 11479 11467 
f 11467 11479 11480 11468 
f 11468 11480 11481 11469 
f 11469 11481 11482 11470 
f 11483 11486 11485 11484 
f 11487 11490 11489 11488 
f 11488 11489 11492 11491 
f 11475 11493 11841 11840 
s 1
f 11477 11495 11494 11476 
f 11476 11494 11496 11478 
s 2
f 11478 11496 11497 11479 
f 11479 11497 11498 11480 
f 11480 11498 11499 11481 
f 11481 11500 11482 
f 11485 11502 11501 11490 
f 11490 11501 11503 11489 
f 11489 11503 11504 11492 
f 11493 11505 11785 11841 
f 11399 11767 11766 11398 
f 11413 11768 11767 11399 
f 11425 11769 11768 11413 
f 11437 11770 11769 11425 
f 11449 11771 11770 11437 
f 11462 11772 11771 11449 
f 11513 11515 11514 
f 11516 11024 11514 11515 
f 11517 11488 11491 11518 
f 11519 11470 11482 11520 
f 11521 11484 11487 
f 11521 11487 11488 11517 
f 11471 11522 11460 11459 
f 11485 11486 11523 11502 
f 11482 11500 11520 
f 11524 11527 11526 11525 
f 11528 11526 11512 11772 
f 11023 11132 11523 11529 
f 11530 11531 11513 11514 
f 11531 11533 11532 11513 
f 11533 11534 11518 11532 
f 11535 11517 11518 11534 
f 11535 11536 11521 11517 
f 11536 11537 11484 11521 
f 11538 11483 11484 11537 
f 11539 11486 11483 11538 
f 11529 11523 11486 11539 
f 11513 11541 11540 11515 
f 11515 11540 11542 11516 
f 11540 11541 11491 11492 
f 11540 11492 11504 11542 
f 11519 11522 11471 
f 11481 11499 11183 11500 
f 11502 11523 11132 
f 11484 11485 11490 11487 
s 1
f 11495 11477 11544 11543 
f 11477 11465 11545 11544 
f 11465 11453 11546 11545 
f 11453 11440 11547 11546 
f 11440 11428 11548 11547 
f 11428 11416 11549 11548 
f 11416 11404 11550 11549 
f 11404 11381 11551 11550 
f 11381 11378 11552 11551 
f 11543 11544 11554 11553 
f 11544 11545 11555 11554 
f 11545 11546 11556 11555 
f 11546 11547 11557 11556 
f 11547 11548 11558 11557 
f 11548 11549 11559 11558 
f 11549 11550 11560 11559 
f 11550 11551 11561 11560 
f 11551 11552 11562 11561 
f 11553 11554 11564 11563 
f 11554 11555 11565 11564 
f 11555 11556 11566 11565 
f 11556 11557 11567 11566 
f 11557 11558 11568 11567 
f 11558 11559 11569 11568 
f 11559 11560 11570 11569 
f 11560 11561 11571 11570 
f 11561 11562 11572 11571 
s 2
f 11530 11524 11525 11531 
f 11531 11525 11528 11533 
f 11533 11528 11474 11534 
f 11534 11474 11472 11535 
f 11535 11472 11473 11536 
f 11536 11473 11522 11537 
f 11537 11522 11519 11538 
f 11538 11519 11520 11539 
f 11539 11520 11500 11529 
f 11529 11500 11183 11023 
f 11506 11507 11402 11400 
f 11507 11508 11414 11402 
f 11508 11509 11426 11414 
f 11509 11510 11438 11426 
f 11510 11511 11451 11438 
f 11511 11512 11463 11451 
f 11527 11573 11505 11493 
f 11526 11527 11493 11475 
f 11512 11526 11475 11463 
f 11519 11471 11470 
f 11491 11541 11532 11518 
f 11541 11513 11532 
s 1
f 11378 11379 11575 11574 
f 11379 11382 11576 11575 
s 2
f 11382 11384 11577 11576 
f 11384 11386 11578 11577 
f 11386 11388 11579 11578 
f 11388 11390 11580 11579 
f 11390 11392 11581 11580 
f 11392 11394 11582 11581 
f 11394 11396 11583 11582 
f 11396 11398 11584 11583 
f 11400 11784 11786 11585 
s 1
f 11574 11575 11587 11586 
f 11575 11576 11588 11587 
s 2
f 11576 11577 11589 11588 
f 11577 11578 11590 11589 
f 11578 11579 11591 11590 
f 11579 11580 11592 11591 
f 11580 11581 11593 11592 
f 11581 11582 11594 11593 
f 11582 11583 11595 11594 
f 11583 11584 11596 11595 
f 11585 11786 11823 11597 
s 1
f 11586 11587 11599 11598 
f 11587 11588 11600 11599 
s 2
f 11588 11589 11601 11600 
f 11589 11590 11602 11601 
f 11590 11591 11603 11602 
f 11591 11592 11604 11603 
f 11592 11593 11605 11604 
f 11593 11594 11606 11605 
f 11594 11595 11607 11606 
f 11595 11596 11608 11607 
f 11597 11823 11787 11609 
s 1
f 11598 11599 11611 11610 
f 11599 11600 11612 11611 
s 2
f 11600 11601 11613 11612 
f 11601 11602 11614 11613 
f 11602 11603 11615 11614 
f 11603 11604 11616 11615 
f 11604 11605 11617 11616 
f 11605 11606 11618 11617 
f 11606 11607 11619 11618 
f 11607 11608 11620 11619 
f 11609 11787 11826 11621 
s 1
f 11610 11611 11623 11622 
f 11611 11612 11624 11623 
s 2
f 11612 11613 11625 11624 
f 11613 11614 11626 11625 
f 11614 11615 11627 11626 
f 11615 11616 11628 11627 
f 11616 11617 11629 11628 
f 11617 11618 11630 11629 
f 11618 11619 11631 11630 
f 11619 11620 11632 11631 
f 11621 11826 11788 11633 
s 1
f 11622 11623 11635 11634 
f 11623 11624 11636 11635 
s 2
f 11624 11625 11637 11636 
f 11625 11626 11638 11637 
f 11626 11627 11639 11638 
f 11627 11628 11640 11639 
f 11628 11629 11641 11640 
f 11629 11630 11642 11641 
f 11630 11631 11643 11642 
f 11631 11632 11644 11643 
f 11633 11788 11789 11645 
s 1
f 11634 11635 11647 11646 
f 11635 11636 11648 11647 
s 2
f 11636 11637 11649 11648 
f 11637 11638 11650 11649 
f 11638 11639 11651 11650 
f 11639 11640 11652 11651 
f 11640 11641 11653 11652 
f 11642 11643 11655 11654 
f 11643 11644 11656 11655 
f 11645 11789 11830 11657 
s 1
f 11646 11647 11659 11658 
f 11647 11648 11660 11659 
s 2
f 11648 11649 11661 11660 
f 11649 11650 11662 11661 
f 11650 11651 11663 11662 
f 11651 11652 11664 11663 
f 11665 11668 11667 11666 
f 11669 11672 11671 11670 
f 11672 11674 11673 11671 
f 11657 11830 11790 11675 
s 1
f 11658 11659 11677 11676 
f 11659 11660 11678 11677 
s 2
f 11660 11661 11679 11678 
f 11661 11662 11680 11679 
f 11662 11663 11681 11680 
f 11663 11664 11682 
f 11667 11670 11684 11683 
f 11670 11671 11685 11684 
f 11671 11673 11686 11685 
f 11675 11790 11842 11687 
f 11584 11398 11766 11773 
f 11596 11584 11773 11774 
f 11608 11596 11774 11775 
f 11620 11608 11775 11776 
f 11632 11620 11776 11777 
f 11644 11632 11777 11778 
f 11694 11696 11695 
f 11697 11695 11696 11322 
f 11698 11699 11674 11672 
f 11700 11701 11664 11652 
f 11702 11669 11668 
f 11702 11698 11672 11669 
f 11653 11641 11642 11703 
f 11667 11683 11704 11666 
f 11664 11701 11682 
f 11705 11708 11707 11706 
f 11709 11707 11708 
f 11322 11696 11710 11377 
f 11336 11711 11704 11338 
f 11710 11696 11694 11712 
f 11712 11694 11714 11713 
f 11713 11714 11699 11715 
f 11716 11715 11699 11698 
f 11716 11698 11702 11717 
f 11717 11702 11668 11718 
f 11719 11718 11668 11665 
f 11720 11719 11665 11666 
f 11711 11720 11666 11704 
f 11694 11695 11722 11721 
f 11695 11697 11723 11722 
f 11722 11673 11674 11721 
f 11722 11723 11686 11673 
f 11700 11653 11703 
f 11663 11682 11350 11681 
f 11683 11338 11704 
f 11668 11669 11670 11667 
s 1
f 11676 11725 11724 11658 
f 11658 11724 11726 11646 
f 11646 11726 11727 11634 
f 11634 11727 11728 11622 
f 11622 11728 11729 11610 
f 11610 11729 11730 11598 
f 11598 11730 11731 11586 
f 11586 11731 11732 11574 
f 11574 11732 11552 11378 
f 11725 11734 11733 11724 
f 11724 11733 11735 11726 
f 11726 11735 11736 11727 
f 11727 11736 11737 11728 
f 11728 11737 11738 11729 
f 11729 11738 11739 11730 
f 11730 11739 11740 11731 
f 11731 11740 11741 11732 
f 11732 11741 11562 11552 
f 11734 11743 11742 11733 
f 11733 11742 11744 11735 
f 11735 11744 11745 11736 
f 11736 11745 11746 11737 
f 11737 11746 11747 11738 
f 11738 11747 11748 11739 
f 11739 11748 11749 11740 
f 11740 11749 11750 11741 
f 11741 11750 11572 11562 
s 2
f 11710 11712 11708 11705 
f 11712 11713 11709 11708 
f 11713 11715 11656 11709 
f 11715 11716 11655 11656 
f 11716 11717 11654 11655 
f 11717 11718 11703 11654 
f 11718 11719 11700 11703 
f 11719 11720 11701 11700 
f 11720 11711 11682 11701 
f 11711 11336 11350 11682 
f 11506 11400 11585 11688 
f 11688 11585 11597 11689 
f 11689 11597 11609 11690 
f 11690 11609 11621 11691 
f 11691 11621 11633 11692 
f 11692 11633 11645 11693 
f 11706 11675 11687 11751 
f 11707 11657 11675 11706 
f 11693 11645 11657 11707 
f 11700 11652 11653 
f 11674 11699 11714 11721 
f 11721 11714 11694 
f 11752 11573 11527 11524 
f 11024 11375 11530 11514 
f 11375 11752 11524 11530 
f 11376 11705 11706 11751 
f 11376 11377 11710 11705 
f 11753 11194 11195 11754 
f 11754 11195 11196 11755 
f 11755 11196 11197 11756 
f 11756 11197 11198 11757 
f 11757 11198 11199 11758 
f 11758 11199 11202 11759 
f 11760 11313 11194 11753 
f 11761 11314 11313 11760 
f 11762 11315 11314 11761 
f 11763 11316 11315 11762 
f 11764 11317 11316 11763 
f 11765 11318 11317 11764 
f 11767 11507 11506 11766 
f 11768 11508 11507 11767 
f 11769 11509 11508 11768 
f 11770 11510 11509 11769 
f 11771 11511 11510 11770 
f 11772 11512 11511 11771 
f 11766 11506 11688 11773 
f 11773 11688 11689 11774 
f 11774 11689 11690 11775 
f 11775 11690 11691 11776 
f 11776 11691 11692 11777 
f 11777 11692 11693 11778 
f 11186 11187 11119 11759 
f 11772 11462 11474 11528 
f 11709 11656 11644 11778 
f 11765 11277 11290 11334 
f 11528 11525 11526 
f 11186 11759 11202 11201 
f 11334 11332 11333 
f 11709 11778 11693 11707 
f 11328 11289 11275 
f 11642 11654 11703 
f 11087 11189 11190 
f 11522 11473 11460 
f 11803 11791 11793 11792 
f 11791 11843 11844 11793 
f 11792 11793 11794 11779 
f 11793 11844 11845 11794 
f 11779 11794 11795 11780 
f 11794 11845 11846 11795 
f 11780 11795 11796 11781 
f 11795 11846 11847 11796 
f 11781 11796 11797 11782 
f 11796 11847 11848 11797 
f 11782 11797 11799 11798 
f 11797 11848 11849 11799 
f 11798 11799 11800 11783 
f 11799 11849 11850 11800 
f 11783 11800 11802 11801 
f 11800 11850 11851 11802 
f 11801 11802 11821 11785 
f 11802 11851 11852 11821 
f 11803 11215 11804 11791 
f 11791 11804 11853 11843 
f 11215 11834 11805 11804 
f 11804 11805 11854 11853 
f 11834 11240 11806 11805 
f 11805 11806 11855 11854 
f 11240 11253 11807 11806 
f 11806 11807 11856 11855 
f 11253 11835 11808 11807 
f 11807 11808 11857 11856 
f 11835 11278 11809 11808 
f 11808 11809 11858 11857 
f 11278 11291 11810 11809 
f 11809 11810 11859 11858 
f 11291 11310 11811 11810 
f 11810 11811 11860 11859 
f 11310 11842 11833 11811 
f 11811 11833 11861 11860 
f 11784 11401 11813 11812 
f 11812 11813 11862 11863 
f 11401 11836 11814 11813 
f 11813 11814 11864 11862 
f 11836 11837 11815 11814 
f 11814 11815 11865 11864 
f 11837 11838 11816 11815 
f 11815 11816 11866 11865 
f 11838 11450 11817 11816 
f 11816 11817 11867 11866 
f 11450 11839 11818 11817 
f 11817 11818 11868 11867 
f 11839 11840 11819 11818 
f 11818 11819 11869 11868 
f 11840 11841 11820 11819 
f 11819 11820 11870 11869 
f 11841 11785 11821 11820 
f 11820 11821 11852 11870 
f 11784 11812 11822 11786 
f 11812 11863 11871 11822 
f 11786 11822 11824 11823 
f 11822 11871 11872 11824 
f 11823 11824 11825 11787 
f 11824 11872 11873 11825 
f 11787 11825 11827 11826 
f 11825 11873 11874 11827 
f 11826 11827 11828 11788 
f 11827 11874 11875 11828 
f 11788 11828 11829 11789 
f 11828 11875 11876 11829 
f 11789 11829 11831 11830 
f 11829 11876 11877 11831 
f 11830 11831 11832 11790 
f 11831 11877 11878 11832 
f 11790 11832 11833 11842 
f 11832 11878 11861 11833 
s 1
f 11879 11880 11890 11914 
f 11880 11881 11891 11890 
f 11881 11882 11892 11891 
f 11882 11883 11893 11892 
f 11883 11884 11894 11893 
f 11884 11885 11895 11894 
f 11885 11886 11896 11895 
f 11886 11887 11897 11896 
f 11887 11888 11898 11897 
f 11888 11889 11899 11898 
f 11889 12847 11910 11899 
f 12847 11889 11943 11953 
f 11889 11888 11944 11943 
f 11888 11887 11945 11944 
f 11887 11886 11946 11945 
f 11886 11885 11947 11946 
f 11885 11884 11948 11947 
f 11884 11883 11949 11948 
f 11883 11882 11950 11949 
f 11882 11881 11951 11950 
f 11881 11880 11952 11951 
f 11880 11879 11954 11952 
f 11879 11914 11913 11912 
f 11912 11913 11916 11915 
f 11915 11916 11918 11917 
f 11917 11918 11920 11919 
f 11919 11920 11922 11921 
f 11921 11922 11924 11923 
f 11923 11924 11926 11925 
f 11925 11926 11928 11927 
f 11927 11928 11930 11929 
f 11929 11930 11932 11931 
f 11931 11932 12879 12808 
f 11931 11955 11956 11929 
f 11929 11956 11957 11927 
f 11927 11957 11958 11925 
f 11925 11958 11959 11923 
f 11923 11959 11960 11921 
f 11921 11960 11961 11919 
f 11919 11961 11962 11917 
f 11917 11962 11963 11915 
f 11915 11963 11964 11912 
f 11912 11964 11954 11879 
f 11943 11900 12807 11953 
f 11944 11901 11900 11943 
f 11945 11902 11901 11944 
f 11946 11903 11902 11945 
f 11947 11904 11903 11946 
f 11948 11905 11904 11947 
f 11949 11906 11905 11948 
f 11950 11907 11906 11949 
f 11951 11908 11907 11950 
f 11952 11909 11908 11951 
f 11954 11911 11909 11952 
f 12901 12809 11933 11955 
f 11955 11933 11934 11956 
f 11956 11934 11935 11957 
f 11957 11935 11936 11958 
f 11958 11936 11937 11959 
f 11959 11937 11938 11960 
f 11960 11938 11939 11961 
f 11961 11939 11940 11962 
f 11962 11940 11941 11963 
f 11963 11941 11942 11964 
f 11964 11942 11911 11954 
f 11900 11901 11966 11965 
f 11901 11902 11967 11966 
f 11902 11903 11968 11967 
f 11903 11904 11969 11968 
f 11904 11905 11970 11969 
f 11905 11906 11971 11970 
f 11906 11907 11972 11971 
f 11907 11908 11973 11972 
f 11908 11909 11974 11973 
f 11909 11911 11975 11974 
f 11911 11942 11976 11975 
f 11942 11941 11977 11976 
f 11941 11940 11978 11977 
f 11940 11939 11979 11978 
f 11939 11938 11980 11979 
f 11938 11937 11981 11980 
f 11937 11936 11982 11981 
f 11936 11935 11983 11982 
f 11935 11934 11984 11983 
f 11934 11933 11985 11984 
f 11933 12809 11986 11985 
f 11987 12810 12812 12062 
f 11987 12062 12063 11988 
f 11988 12063 12064 11989 
f 11989 12064 12065 11990 
f 11990 12065 12066 11991 
f 11991 12066 12067 11992 
f 11992 12067 12068 11993 
f 11993 12068 12069 11994 
f 11994 12069 12070 11995 
f 11995 12070 12071 11996 
f 11996 12071 12072 11997 
f 11997 12072 12073 11998 
f 11998 12073 12074 11999 
f 11999 12074 12075 12000 
f 12000 12075 12076 12001 
f 12001 12076 12077 12002 
f 12002 12077 12078 12003 
f 12003 12078 12079 12004 
f 12004 12079 12080 12005 
f 12005 12080 12081 12006 
f 12006 12081 12082 12007 
f 12007 12082 12083 12975 
f 12008 12977 12811 12041 
f 12008 12041 12042 12009 
f 12009 12042 12043 12010 
f 12010 12043 12044 12011 
f 12011 12044 12045 12012 
f 12012 12045 12046 12013 
f 12013 12046 12047 12014 
f 12014 12047 12048 12015 
f 12015 12048 12049 12016 
f 12016 12049 12050 12017 
f 12017 12050 12051 12018 
f 12018 12051 12052 12019 
f 12019 12052 12053 12020 
f 12020 12053 12054 12021 
f 12021 12054 12055 12022 
f 12022 12055 12056 12023 
f 12023 12056 12057 12024 
f 12024 12057 12058 12025 
f 12025 12058 12059 12026 
f 12026 12059 12060 12027 
f 12027 12060 12061 12028 
f 12028 12061 13019 13020 
f 13021 12977 12008 12303 
f 12303 12008 12009 12030 
f 12030 12009 12010 12031 
f 12031 12010 12011 12032 
f 12032 12011 12012 12174 
f 12174 12012 12013 12033 
f 12013 12014 12033 
f 12033 12014 12015 12034 
f 12015 12016 12034 
f 12034 12016 12017 12035 
f 12017 12018 12035 
f 12035 12018 12019 12036 
f 12019 12020 12036 
f 12036 12020 12021 12037 
f 12021 12022 12037 
f 12037 12022 12023 12038 
f 12023 12024 12038 
f 12038 12024 12025 12039 
f 12025 12026 12039 
f 12039 12026 12027 12040 
f 12027 12028 12040 
f 12040 12028 13020 13035 
f 12041 11987 11988 12042 
f 12042 11988 11989 12043 
f 12043 11989 11990 12044 
f 12044 11990 11991 12045 
f 12045 11991 11992 12046 
f 12046 11992 11993 12047 
f 12047 11993 11994 12048 
f 12048 11994 11995 12049 
f 12049 11995 11996 12050 
f 12050 11996 11997 12051 
f 12051 11997 11998 12052 
f 12052 11998 11999 12053 
f 12053 11999 12000 12054 
f 12054 12000 12001 12055 
f 12055 12001 12002 12056 
f 12056 12002 12003 12057 
f 12057 12003 12004 12058 
f 12058 12004 12005 12059 
f 12059 12005 12006 12060 
f 12060 12006 12007 12061 
f 12061 12007 12975 13019 
f 12062 11965 11966 12063 
f 12063 11966 11967 12064 
f 12064 11967 11968 12065 
f 12065 11968 11969 12066 
f 12066 11969 11970 12067 
f 12067 11970 11971 12068 
f 12068 11971 11972 12069 
f 12069 11972 11973 12070 
f 12070 11973 11974 12071 
f 12071 11974 11975 12072 
f 12072 11975 11976 12073 
f 12073 11976 11977 12074 
f 12074 11977 11978 12075 
f 12075 11978 11979 12076 
f 12076 11979 11980 12077 
f 12077 11980 11981 12078 
f 12078 11981 11982 12079 
f 12079 11982 11983 12080 
f 12080 11983 11984 12081 
f 12081 11984 11985 12082 
f 12082 11985 11986 12083 
f 13036 14034 14035 12210 
f 12087 14036 14037 12092 
f 12089 12216 14038 14039 
f 12091 12086 14040 14037 
f 12093 14041 14040 12086 
f 12095 14042 14041 12093 
f 12096 14042 14043 12098 
f 12098 14043 14044 12100 
f 12100 14044 14045 12102 
f 12102 14045 14046 12104 
f 12104 14046 14047 12106 
f 12106 14047 14048 12112 
f 12108 14049 14050 12110 
f 12110 14050 14051 12304 
f 12111 12114 14052 14048 
f 12114 12107 14049 14052 
f 12308 12109 12175 12309 
f 12109 12107 12176 12175 
f 12107 12114 12177 12176 
f 12114 12111 12178 12177 
f 12111 12105 12179 12178 
f 12105 12103 12180 12179 
f 12103 12101 12181 12180 
f 12101 12099 12182 12181 
f 12099 12097 12183 12182 
f 12097 12095 12184 12183 
f 12095 12093 12185 12184 
f 12093 12086 12186 12185 
f 12086 12091 12187 12186 
f 12091 12085 12188 12187 
f 12085 12223 12222 12188 
f 12089 12209 12208 12189 
f 12305 12115 12131 12359 
f 12115 12116 12132 12131 
f 12116 12117 12133 12132 
f 12117 12118 12134 12133 
f 12118 12119 12135 12134 
f 12119 12120 12136 12135 
f 12120 12121 12137 12136 
f 12121 12122 12138 12137 
f 12122 12123 12139 12138 
f 12123 12124 12140 12139 
f 12124 12125 12141 12140 
f 12125 12126 12142 12141 
f 12126 12127 12143 12142 
f 12127 12128 12144 12143 
f 12128 12221 12220 12144 
f 12129 12207 12206 12145 
f 12359 12131 12190 12306 
f 12131 12132 12191 12190 
f 12132 12133 12192 12191 
f 12133 12134 12193 12192 
f 12134 12135 12194 12193 
f 12135 12136 12195 12194 
f 12136 12137 12196 12195 
f 12137 12138 12197 12196 
f 12138 12139 12198 12197 
f 12139 12140 12199 12198 
f 12140 12141 12200 12199 
f 12141 12142 12201 12200 
f 12142 12143 12202 12201 
f 12143 12144 12203 12202 
f 12144 12220 12219 12203 
f 12145 12206 12205 12204 
f 12403 12146 12162 12161 
f 12146 12147 12163 12162 
f 12147 12148 12164 12163 
f 12148 12149 12165 12164 
f 12149 12150 12166 12165 
f 12150 12151 12167 12166 
f 12151 12152 12168 12167 
f 12152 12153 12169 12168 
f 12153 12154 12170 12169 
f 12154 12155 12171 12170 
f 12155 12156 12172 12171 
f 12156 12157 12173 12172 
f 12157 12158 12225 12173 
f 12158 12159 12174 12225 
f 12175 12115 12305 12309 
f 12176 12116 12115 12175 
f 12177 12117 12116 12176 
f 12178 12118 12117 12177 
f 12179 12119 12118 12178 
f 12180 12120 12119 12179 
f 12181 12121 12120 12180 
f 12182 12122 12121 12181 
f 12183 12123 12122 12182 
f 12184 12124 12123 12183 
f 12185 12125 12124 12184 
f 12186 12126 12125 12185 
f 12187 12127 12126 12186 
f 12188 12128 12127 12187 
f 12189 12129 12214 12215 
f 13177 12130 12207 12208 
f 12190 12146 12403 12306 
f 12191 12147 12146 12190 
f 12192 12148 12147 12191 
f 12193 12149 12148 12192 
f 12194 12150 12149 12193 
f 12195 12151 12150 12194 
f 12196 12152 12151 12195 
f 12197 12153 12152 12196 
f 12198 12154 12153 12197 
f 12199 12155 12154 12198 
f 12200 12156 12155 12199 
f 12201 12157 12156 12200 
f 12202 12158 12157 12201 
f 12203 12159 12158 12202 
f 12204 12160 12211 12212 
f 12209 12089 14039 14035 
f 12209 12084 13177 12208 
f 12207 12130 12813 12206 
f 12206 12813 12814 12205 
f 12207 12129 12189 12208 
f 12029 12160 12204 12205 
f 12216 12223 14053 14038 
f 12216 12089 12189 12215 
f 12214 12129 12145 12213 
f 12213 12145 12204 12212 
f 12214 12221 12222 12215 
f 12211 12218 12219 12212 
f 12223 12216 12215 12222 
f 12221 12214 12213 12220 
f 12220 12213 12212 12219 
f 12223 12085 14036 14053 
f 12221 12128 12188 12222 
f 12218 12159 12203 12219 
f 12211 12160 12030 12031 
f 12218 12211 12031 12032 
f 12226 12225 12174 12033 
f 12226 12033 12034 12227 
f 12227 12034 12035 12228 
f 12228 12035 12036 12229 
f 12173 12225 12226 12230 
f 12230 12226 12227 12244 
f 12233 12172 12173 12230 
f 12234 12171 12172 12233 
f 12235 12170 12171 12234 
f 12236 12169 12170 12235 
f 12237 12168 12169 12236 
f 12238 12167 12168 12237 
f 12239 12166 12167 12238 
f 12240 12165 12166 12239 
f 12241 12164 12165 12240 
f 12242 12163 12164 12241 
f 12243 12162 12163 12242 
f 12449 12161 12162 12243 
f 12244 12227 12228 12245 
f 12174 12159 12218 12032 
f 12254 12255 12273 12278 
f 12253 12259 12256 12229 
f 12248 12231 12307 12456 
f 12247 12248 12456 12458 
f 12246 12247 12458 12249 
f 12039 12040 12231 12248 
f 12039 12248 12247 12250 
f 12038 12039 12250 
f 12037 12038 12252 
f 12239 12238 12298 
f 12247 12246 12251 12250 
f 12250 12251 12252 12038 
f 12246 12254 12257 12251 
f 12251 12257 12258 12252 
f 12252 12258 12259 12253 
f 12229 12036 12037 12253 
f 12253 12037 12252 
f 12254 12246 12249 12255 
f 12259 12276 12279 12256 
f 12254 12278 12274 12257 
f 12257 12274 12275 12258 
f 12258 12275 12276 12259 
f 12245 12228 12229 12256 
f 12236 12235 12289 
f 12262 12299 12297 12260 
f 12265 12302 12298 12261 
f 12260 12297 12300 12263 
f 12263 12300 12301 12264 
f 12264 12301 12302 12265 
f 12237 12290 12292 12261 
f 12266 12293 12291 12271 
f 12269 12296 12292 12272 
f 12271 12291 12294 12267 
f 12267 12294 12295 12268 
f 12268 12295 12296 12269 
f 12270 12280 12282 12272 
f 12273 12283 12281 12278 
f 12276 12286 12282 12279 
f 12278 12281 12284 12274 
f 12274 12284 12285 12275 
f 12275 12285 12286 12276 
f 12277 12245 12256 12279 
f 12280 12277 12279 12282 
f 12283 12266 12271 12281 
f 12286 12269 12272 12282 
f 12281 12271 12267 12284 
f 12284 12267 12268 12285 
f 12285 12268 12269 12286 
f 12235 12234 12288 12289 
f 12234 12233 12287 12288 
f 12233 12230 12244 12287 
f 12244 12245 12277 12287 
f 12287 12277 12280 12288 
f 12288 12280 12270 12289 
f 12289 12270 12290 12236 
f 12290 12270 12272 12292 
f 12293 12262 12260 12291 
f 12296 12265 12261 12292 
f 12291 12260 12263 12294 
f 12294 12263 12264 12295 
f 12295 12264 12265 12296 
f 12290 12237 12236 
f 12299 12449 12243 12297 
f 12302 12240 12239 12298 
f 12297 12243 12242 12300 
f 12300 12242 12241 12301 
f 12301 12241 12240 12302 
f 12238 12237 12261 12298 
f 12030 12160 12029 12303 
f 12303 12029 13265 13021 
f 13266 12312 14054 14055 
f 12432 12315 14056 14057 
f 12314 14056 14058 12318 
f 12320 12318 14058 14059 
f 12322 12320 14059 14060 
f 12323 12325 14061 14060 
f 12325 12327 14062 14061 
f 12327 12329 14063 14062 
f 12329 12331 14064 14063 
f 12331 12333 14065 14064 
f 12333 12335 14066 14065 
f 12336 12339 14067 14068 
f 12339 12304 14051 14067 
f 12334 14066 14069 12340 
f 12340 14069 14068 12337 
f 12338 12343 12342 12337 
f 12337 12342 12344 12340 
f 12340 12344 12345 12334 
f 12334 12345 12346 12332 
f 12332 12346 12347 12330 
f 12330 12347 12348 12328 
f 12328 12348 12349 12326 
f 12326 12349 12350 12324 
f 12324 12350 12351 12322 
f 12322 12351 12352 12320 
f 12320 12352 12353 12318 
f 12318 12353 12354 12314 
f 12314 12354 12355 12313 
f 12316 12429 12356 12311 
f 12305 12359 12358 12357 
f 12357 12358 12361 12360 
f 12360 12361 12363 12362 
f 12362 12363 12365 12364 
f 12364 12365 12367 12366 
f 12366 12367 12369 12368 
f 12368 12369 12371 12370 
f 12370 12371 12373 12372 
f 12372 12373 12375 12374 
f 12374 12375 12377 12376 
f 12376 12377 12379 12378 
f 12378 12379 12381 12380 
f 12380 12381 12383 12382 
f 12382 12383 12385 12384 
f 12428 12433 12387 12386 
f 12359 12306 12388 12358 
f 12358 12388 12389 12361 
f 12361 12389 12390 12363 
f 12363 12390 12391 12365 
f 12365 12391 12392 12367 
f 12367 12392 12393 12369 
f 12369 12393 12394 12371 
f 12371 12394 12395 12373 
f 12373 12395 12396 12375 
f 12375 12396 12397 12377 
f 12377 12397 12398 12379 
f 12379 12398 12399 12381 
f 12381 12399 12400 12383 
f 12383 12400 12401 12385 
f 12433 12430 12402 12387 
f 12403 12161 12405 12404 
f 12404 12405 12407 12406 
f 12406 12407 12409 12408 
f 12408 12409 12411 12410 
f 12410 12411 12413 12412 
f 12412 12413 12415 12414 
f 12414 12415 12417 12416 
f 12416 12417 12419 12418 
f 12418 12419 12421 12420 
f 12420 12421 12423 12422 
f 12422 12423 12425 12424 
f 12424 12425 12427 12426 
f 12426 12427 12530 12531 
f 12343 12309 12305 12357 
f 12342 12343 12357 12360 
f 12344 12342 12360 12362 
f 12345 12344 12362 12364 
f 12346 12345 12364 12366 
f 12347 12346 12366 12368 
f 12348 12347 12368 12370 
f 12349 12348 12370 12372 
f 12350 12349 12372 12374 
f 12351 12350 12374 12376 
f 12352 12351 12376 12378 
f 12353 12352 12378 12380 
f 12354 12353 12380 12382 
f 12355 12354 12382 12384 
f 13388 12356 12386 13389 
f 12388 12306 12403 12404 
f 12389 12388 12404 12406 
f 12390 12389 12406 12408 
f 12391 12390 12408 12410 
f 12392 12391 12410 12412 
f 12393 12392 12412 12414 
f 12394 12393 12414 12416 
f 12395 12394 12416 12418 
f 12396 12395 12418 12420 
f 12397 12396 12420 12422 
f 12398 12397 12422 12424 
f 12399 12398 12424 12426 
f 12400 12399 12426 12531 
f 12401 12400 12531 12522 
f 12311 14054 14070 12316 
f 12311 12356 13388 12310 
f 12386 12387 12817 13389 
f 12387 12402 13392 12817 
f 12386 12356 12429 12428 
f 12431 12402 12430 12513 
f 12316 14070 14057 12313 
f 12428 12429 12355 12384 
f 12513 12430 12401 12522 
f 12313 12355 12429 12316 
f 12384 12385 12433 12428 
f 12385 12401 12430 12433 
f 12427 12435 12434 12530 
f 12435 12436 12529 12434 
f 12438 12435 12427 12425 
f 12439 12438 12425 12423 
f 12440 12439 12423 12421 
f 12441 12440 12421 12419 
f 12442 12441 12419 12417 
f 12443 12442 12417 12415 
f 12444 12443 12415 12413 
f 12445 12444 12413 12411 
f 12446 12445 12411 12409 
f 12447 12446 12409 12407 
f 12448 12447 12407 12405 
f 12449 12448 12405 12161 
f 12436 12450 12528 12529 
f 12451 12452 12273 12255 
f 12526 12527 12454 12453 
f 12455 12456 12307 12437 
f 12457 12458 12456 12455 
f 12523 12249 12458 12457 
f 12444 12459 12443 
f 12523 12524 12460 12451 
f 12524 12525 12461 12460 
f 12525 12526 12453 12461 
f 12451 12255 12249 12523 
f 12453 12454 12463 12462 
f 12451 12460 12464 12452 
f 12460 12461 12465 12464 
f 12461 12453 12462 12465 
f 12450 12454 12527 12528 
f 12441 12466 12440 
f 12467 12469 12459 12468 
f 12470 12473 12472 12471 
f 12473 12475 12474 12472 
f 12475 12467 12468 12474 
f 12442 12469 12477 12476 
f 12478 12480 12477 12479 
f 12481 12484 12483 12482 
f 12484 12486 12485 12483 
f 12486 12478 12479 12485 
f 12487 12480 12489 12488 
f 12462 12463 12489 12490 
f 12452 12464 12492 12491 
f 12464 12465 12493 12492 
f 12465 12462 12490 12493 
f 12494 12463 12454 12450 
f 12488 12489 12463 12494 
f 12490 12489 12480 12478 
f 12491 12492 12484 12481 
f 12492 12493 12486 12484 
f 12493 12490 12478 12486 
f 12440 12466 12495 12439 
f 12439 12495 12496 12438 
f 12438 12496 12436 12435 
f 12436 12496 12494 12450 
f 12496 12495 12488 12494 
f 12495 12466 12487 12488 
f 12466 12441 12476 12487 
f 12476 12477 12480 12487 
f 12479 12477 12469 12467 
f 12482 12483 12473 12470 
f 12483 12485 12475 12473 
f 12485 12479 12467 12475 
f 12476 12441 12442 
f 12468 12459 12444 12445 
f 12471 12472 12447 12448 
f 12472 12474 12446 12447 
f 12474 12468 12445 12446 
f 12443 12459 12469 12442 
f 12308 12309 12343 12338 
f 12307 12232 13462 12437 
f 12299 12262 12470 12471 
f 12293 12266 12481 12482 
f 12283 12273 12452 12491 
f 12266 12283 12491 12481 
f 12262 12293 12482 12470 
f 12299 12471 12448 12449 
f 12504 12437 13462 13464 
f 12503 12504 13464 13466 
f 12502 12503 13466 13468 
f 12501 12502 13468 12821 
f 12437 12504 12505 12455 
f 12504 12503 12506 12505 
f 12503 12502 12507 12506 
f 12502 12501 12508 12507 
f 12501 12500 12509 12508 
f 12500 12499 12510 12509 
f 12499 12498 12511 12510 
f 12498 12497 12512 12511 
f 12497 12431 12513 12512 
f 12455 12505 12514 12457 
f 12505 12506 12515 12514 
f 12506 12507 12516 12515 
f 12507 12508 12517 12516 
f 12508 12509 12518 12517 
f 12509 12510 12519 12518 
f 12510 12511 12520 12519 
f 12511 12512 12521 12520 
f 12512 12513 12522 12521 
f 12457 12514 12524 12523 
f 12514 12515 12525 12524 
f 12515 12516 12526 12525 
f 12516 12517 12527 12526 
f 12517 12518 12528 12527 
f 12518 12519 12529 12528 
f 12519 12520 12434 12529 
f 12520 12521 12530 12434 
f 12521 12522 12531 12530 
f 13036 12210 12567 13491 
f 12532 12567 12568 12533 
f 12533 12568 12569 12534 
f 12534 12569 12570 12535 
f 12535 12570 12571 12536 
f 12536 12571 12572 12537 
f 12537 12572 12573 12538 
f 12538 12573 12574 12539 
f 12539 12574 12575 12540 
f 12540 12575 12576 12541 
f 12541 12576 12577 12542 
f 12542 12577 12578 12543 
f 12543 12578 12579 12544 
f 12544 12579 12580 12545 
f 12545 12580 12581 12546 
f 12546 12581 12582 12547 
f 12547 12582 12583 12548 
f 12548 12583 12584 12549 
f 12549 12584 12585 12550 
f 12550 12585 12586 12551 
f 12551 12586 12587 12552 
f 12552 12587 12588 12553 
f 12553 12588 12589 12554 
f 12554 12589 12590 12555 
f 12555 12590 12591 12556 
f 12556 12591 12592 12557 
f 12557 12592 12593 12558 
f 12558 12593 12594 12559 
f 12559 12594 12595 12560 
f 12560 12595 12596 12561 
f 12561 12596 12597 12562 
f 12562 12597 12598 12563 
f 12563 12598 12599 12564 
f 12564 12599 12600 12565 
f 12565 12600 12601 12566 
f 12566 12601 13561 13562 
f 12567 12532 13563 13491 
f 12567 12210 12090 12568 
f 12568 12090 12217 12569 
f 12569 12217 12224 12570 
f 12570 12224 12087 12571 
f 12571 12087 12092 12572 
f 12572 12092 12088 12573 
f 12573 12088 12094 12574 
f 12574 12094 12096 12575 
f 12575 12096 12098 12576 
f 12576 12098 12100 12577 
f 12577 12100 12102 12578 
f 12578 12102 12104 12579 
f 12579 12104 12106 12580 
f 12580 12106 12112 12581 
f 12581 12112 12113 12582 
f 12582 12113 12108 12583 
f 12583 12108 12110 12584 
f 12584 12110 12304 12585 
f 12585 12304 12339 12586 
f 12586 12339 12336 12587 
f 12587 12336 12341 12588 
f 12588 12341 12335 12589 
f 12589 12335 12333 12590 
f 12590 12333 12331 12591 
f 12591 12331 12329 12592 
f 12592 12329 12327 12593 
f 12593 12327 12325 12594 
f 12594 12325 12323 12595 
f 12595 12323 12321 12596 
f 12596 12321 12319 12597 
f 12597 12319 12315 12598 
f 12598 12315 12432 12599 
f 12599 12432 12317 12600 
f 12600 12317 12312 12601 
f 12601 12312 13266 13561 
f 12602 12603 13563 12532 
f 12602 12532 12533 12604 
f 12604 12533 12534 12605 
f 12605 12534 12535 12606 
f 12606 12535 12536 12607 
f 12607 12536 12537 12608 
f 12608 12537 12538 12609 
f 12609 12538 12539 12610 
f 12610 12539 12540 12611 
f 12611 12540 12541 12612 
f 12612 12541 12542 12613 
f 12613 12542 12543 12614 
f 12614 12543 12544 12615 
f 12615 12544 12545 12616 
f 12616 12545 12546 12617 
f 12617 12546 12547 12618 
f 12618 12547 12548 12619 
f 12619 12548 12549 12620 
f 12620 12549 12550 12621 
f 12621 12550 12551 12622 
f 12622 12551 12552 12623 
f 12625 12554 12555 12626 
f 12626 12555 12556 12627 
f 12627 12556 12557 12628 
f 12628 12557 12558 12629 
f 12629 12558 12559 12630 
f 12630 12559 12560 12631 
f 12631 12560 12561 12632 
f 12632 12561 12562 12633 
f 12633 12562 12563 12634 
f 12634 12563 12564 12635 
f 12635 12564 12565 12636 
f 12636 12565 12566 12637 
f 12637 12566 13562 12638 
f 12639 13599 13600 12688 
f 12639 12688 12689 12640 
f 12640 12689 12690 12641 
f 12641 12690 12691 12642 
f 12642 12691 12692 12643 
f 12643 12692 12693 12644 
f 12644 12693 12694 12645 
f 12645 12694 12695 12646 
f 12646 12695 12696 12647 
f 12647 12696 12697 12648 
f 12648 12697 12698 12649 
f 12649 12698 12699 12650 
f 12650 12699 12700 12651 
f 12651 12700 12701 12652 
f 12652 12701 12702 12653 
f 12653 12702 12703 12654 
f 12654 12703 12704 12655 
f 12655 12704 12705 12656 
f 12656 12705 12706 12657 
f 12657 12706 12707 12658 
f 12658 12707 12708 12659 
f 12660 12624 12672 12673 
f 12660 12673 12674 12661 
f 12661 12674 12675 12662 
f 12662 12675 12676 12663 
f 12663 12676 12677 12664 
f 12664 12677 12678 12665 
f 12665 12678 12679 12666 
f 12666 12679 12680 12667 
f 12667 12680 12681 12668 
f 12668 12681 12682 12669 
f 12669 12682 12683 12670 
f 12670 12683 12684 12671 
f 12671 12684 13668 13669 
f 12672 12625 12626 12673 
f 12673 12626 12627 12674 
f 12674 12627 12628 12675 
f 12675 12628 12629 12676 
f 12676 12629 12630 12677 
f 12677 12630 12631 12678 
f 12678 12631 12632 12679 
f 12679 12632 12633 12680 
f 12680 12633 12634 12681 
f 12681 12634 12635 12682 
f 12682 12635 12636 12683 
f 12683 12636 12637 12684 
f 12684 12637 12638 13668 
f 12685 12553 12554 12625 
f 12625 12672 12686 12685 
f 12672 12624 12687 12686 
f 12553 12685 12623 12552 
f 13600 12603 12602 12688 
f 12688 12602 12604 12689 
f 12689 12604 12605 12690 
f 12690 12605 12606 12691 
f 12691 12606 12607 12692 
f 12692 12607 12608 12693 
f 12693 12608 12609 12694 
f 12694 12609 12610 12695 
f 12695 12610 12611 12696 
f 12696 12611 12612 12697 
f 12697 12612 12613 12698 
f 12698 12613 12614 12699 
f 12699 12614 12615 12700 
f 12700 12615 12616 12701 
f 12701 12616 12617 12702 
f 12702 12617 12618 12703 
f 12703 12618 12619 12704 
f 12704 12619 12620 12705 
f 12705 12620 12621 12706 
f 12706 12621 12622 12707 
f 12707 12622 12623 12708 
f 12685 12686 12708 12623 
f 12659 12708 12686 12687 
f 13599 12639 12710 13674 
f 12639 12640 12711 12710 
f 12640 12641 12712 12711 
f 12641 12642 12713 12712 
f 12642 12643 12714 12713 
f 12643 12644 12715 12714 
f 12644 12645 12716 12715 
f 12645 12646 12717 12716 
f 12646 12647 12718 12717 
f 12647 12648 12719 12718 
f 12648 12649 12720 12719 
f 12649 12650 12721 12720 
f 12650 12651 12722 12721 
f 12651 12652 12723 12722 
f 12652 12653 12724 12723 
f 12653 12654 12725 12724 
f 12654 12655 12726 12725 
f 12655 12656 12727 12726 
f 12656 12657 12728 12727 
f 12657 12658 12729 12728 
f 12658 12659 12730 12729 
f 12624 12660 12731 12709 
f 12660 12661 12732 12731 
f 12661 12662 12733 12732 
f 12662 12663 12734 12733 
f 12663 12664 12735 12734 
f 12664 12665 12736 12735 
f 12665 12666 12737 12736 
f 12666 12667 12738 12737 
f 12667 12668 12739 12738 
f 12668 12669 12740 12739 
f 12669 12670 12741 12740 
f 12670 12671 12742 12741 
f 12671 13669 13708 12742 
f 12687 12624 12709 12743 
f 12659 12687 12743 12730 
f 12745 12766 12765 12744 
f 12746 12767 12766 12745 
f 12747 12768 12767 12746 
f 12748 12769 12768 12747 
f 12749 12770 12769 12748 
f 12750 12771 12770 12749 
f 12751 12772 12771 12750 
f 12752 12773 12772 12751 
f 12753 12774 12773 12752 
f 12754 12775 12774 12753 
f 12755 12776 12775 12754 
f 12756 12777 12776 12755 
f 12757 12778 12777 12756 
f 12758 12779 12778 12757 
f 12759 12780 12779 12758 
f 12760 12781 12780 12759 
f 12761 12782 12781 12760 
f 12762 12783 12782 12761 
f 12763 12784 12783 12762 
f 12764 12785 12784 12763 
f 12765 11899 11910 13752 
f 12766 11898 11899 12765 
f 12767 11897 11898 12766 
f 12768 11896 11897 12767 
f 12769 11895 11896 12768 
f 12770 11894 11895 12769 
f 12771 11893 11894 12770 
f 12772 11892 11893 12771 
f 12773 11891 11892 12772 
f 12774 11890 11891 12773 
f 12775 11914 11890 12774 
f 12776 11913 11914 12775 
f 12777 11916 11913 12776 
f 12778 11918 11916 12777 
f 12779 11920 11918 12778 
f 12780 11922 11920 12779 
f 12781 11924 11922 12780 
f 12782 11926 11924 12781 
f 12783 11928 11926 12782 
f 12784 11930 11928 12783 
f 12785 11932 11930 12784 
f 12744 12822 13753 12786 
f 12745 12744 12786 12787 
f 12746 12745 12787 12788 
f 12747 12746 12788 12789 
f 12748 12747 12789 12790 
f 12749 12748 12790 12791 
f 12750 12749 12791 12792 
f 12751 12750 12792 12793 
f 12752 12751 12793 12794 
f 12753 12752 12794 12795 
f 12754 12753 12795 12796 
f 12755 12754 12796 12797 
f 12756 12755 12797 12798 
f 12757 12756 12798 12799 
f 12758 12757 12799 12800 
f 12759 12758 12800 12801 
f 12760 12759 12801 12802 
f 12761 12760 12802 12803 
f 12762 12761 12803 12804 
f 12763 12762 12804 12805 
f 12764 12763 12805 12806 
f 12901 11955 11931 12808 
f 12807 11900 11965 13775 
f 12810 11987 12041 12811 
f 13775 11965 12062 12812 
f 13265 12029 12205 12814 
f 12815 12231 12040 13035 
f 12232 12307 12231 12815 
f 13392 12402 12431 12816 
f 12820 12500 12501 12821 
f 12816 12431 12497 12818 
f 12818 12497 12498 12819 
f 12819 12498 12499 13776 
f 13776 12499 12500 12820 
f 12822 12744 12765 13752 
f 12824 12785 12764 12823 
f 12879 11932 12785 12824 
f 12823 12764 12806 13777 
f 12825 12828 12827 12826 
f 12826 12827 12830 12829 
f 12829 12830 12832 12831 
f 12831 12832 12834 12833 
f 12833 12834 12836 12835 
f 12835 12836 12838 12837 
f 12837 12838 12840 12839 
f 12839 12840 12842 12841 
f 12841 12842 12844 12843 
f 12843 12844 12846 12845 
f 12845 12846 11910 12847 
f 12847 11953 12848 12845 
f 12845 12848 12849 12843 
f 12843 12849 12850 12841 
f 12841 12850 12851 12839 
f 12839 12851 12852 12837 
f 12837 12852 12853 12835 
f 12835 12853 12854 12833 
f 12833 12854 12855 12831 
f 12831 12855 12856 12829 
f 12829 12856 12857 12826 
f 12826 12857 12858 12825 
f 12825 12860 12859 12828 
f 12860 12862 12861 12859 
f 12862 12864 12863 12861 
f 12864 12866 12865 12863 
f 12866 12868 12867 12865 
f 12868 12870 12869 12867 
f 12870 12872 12871 12869 
f 12872 12874 12873 12871 
f 12874 12876 12875 12873 
f 12876 12878 12877 12875 
f 12878 12808 12879 12877 
f 12878 12876 12881 12880 
f 12876 12874 12882 12881 
f 12874 12872 12883 12882 
f 12872 12870 12884 12883 
f 12870 12868 12885 12884 
f 12868 12866 12886 12885 
f 12866 12864 12887 12886 
f 12864 12862 12888 12887 
f 12862 12860 12889 12888 
f 12860 12825 12858 12889 
f 12848 11953 12807 12890 
f 12849 12848 12890 12891 
f 12850 12849 12891 12892 
f 12851 12850 12892 12893 
f 12852 12851 12893 12894 
f 12853 12852 12894 12895 
f 12854 12853 12895 12896 
f 12855 12854 12896 12897 
f 12856 12855 12897 12898 
f 12857 12856 12898 12899 
f 12858 12857 12899 12900 
f 12901 12880 12902 12809 
f 12880 12881 12903 12902 
f 12881 12882 12904 12903 
f 12882 12883 12905 12904 
f 12883 12884 12906 12905 
f 12884 12885 12907 12906 
f 12885 12886 12908 12907 
f 12886 12887 12909 12908 
f 12887 12888 12910 12909 
f 12888 12889 12911 12910 
f 12889 12858 12900 12911 
f 12890 12913 12912 12891 
f 12891 12912 12914 12892 
f 12892 12914 12915 12893 
f 12893 12915 12916 12894 
f 12894 12916 12917 12895 
f 12895 12917 12918 12896 
f 12896 12918 12919 12897 
f 12897 12919 12920 12898 
f 12898 12920 12921 12899 
f 12899 12921 12922 12900 
f 12900 12922 12923 12911 
f 12911 12923 12924 12910 
f 12910 12924 12925 12909 
f 12909 12925 12926 12908 
f 12908 12926 12927 12907 
f 12907 12927 12928 12906 
f 12906 12928 12929 12905 
f 12905 12929 12930 12904 
f 12904 12930 12931 12903 
f 12903 12931 12932 12902 
f 12902 12932 11986 12809 
f 12933 12934 12812 12810 
f 12933 12936 12935 12934 
f 12936 12938 12937 12935 
f 12938 12940 12939 12937 
f 12940 12942 12941 12939 
f 12942 12944 12943 12941 
f 12944 12946 12945 12943 
f 12946 12948 12947 12945 
f 12948 12950 12949 12947 
f 12950 12952 12951 12949 
f 12952 12954 12953 12951 
f 12954 12956 12955 12953 
f 12956 12958 12957 12955 
f 12958 12960 12959 12957 
f 12960 12962 12961 12959 
f 12962 12964 12963 12961 
f 12964 12966 12965 12963 
f 12966 12968 12967 12965 
f 12968 12970 12969 12967 
f 12970 12972 12971 12969 
f 12972 12974 12973 12971 
f 12974 12975 12083 12973 
f 12976 12978 12811 12977 
f 12976 12980 12979 12978 
f 12980 12982 12981 12979 
f 12982 12984 12983 12981 
f 12984 12986 12985 12983 
f 12986 12988 12987 12985 
f 12988 12990 12989 12987 
f 12990 12992 12991 12989 
f 12992 12994 12993 12991 
f 12994 12996 12995 12993 
f 12996 12998 12997 12995 
f 12998 13000 12999 12997 
f 13000 13002 13001 12999 
f 13002 13004 13003 13001 
f 13004 13006 13005 13003 
f 13006 13008 13007 13005 
f 13008 13010 13009 13007 
f 13010 13012 13011 13009 
f 13012 13014 13013 13011 
f 13014 13016 13015 13013 
f 13016 13018 13017 13015 
f 13018 13020 13019 13017 
f 13021 13022 12976 12977 
f 13022 13023 12980 12976 
f 13023 13024 12982 12980 
f 13024 13025 12984 12982 
f 13025 13026 12986 12984 
f 13026 13027 12988 12986 
f 12988 13027 12990 
f 13027 13028 12992 12990 
f 12992 13028 12994 
f 13028 13029 12996 12994 
f 12996 13029 12998 
f 13029 13030 13000 12998 
f 13000 13030 13002 
f 13030 13031 13004 13002 
f 13004 13031 13006 
f 13031 13032 13008 13006 
f 13008 13032 13010 
f 13032 13033 13012 13010 
f 13012 13033 13014 
f 13033 13034 13016 13014 
f 13016 13034 13018 
f 13034 13035 13020 13018 
f 12978 12979 12936 12933 
f 12979 12981 12938 12936 
f 12981 12983 12940 12938 
f 12983 12985 12942 12940 
f 12985 12987 12944 12942 
f 12987 12989 12946 12944 
f 12989 12991 12948 12946 
f 12991 12993 12950 12948 
f 12993 12995 12952 12950 
f 12995 12997 12954 12952 
f 12997 12999 12956 12954 
f 12999 13001 12958 12956 
f 13001 13003 12960 12958 
f 13003 13005 12962 12960 
f 13005 13007 12964 12962 
f 13007 13009 12966 12964 
f 13009 13011 12968 12966 
f 13011 13013 12970 12968 
f 13013 13015 12972 12970 
f 13015 13017 12974 12972 
f 13017 13019 12975 12974 
f 12934 12935 12912 12913 
f 12935 12937 12914 12912 
f 12937 12939 12915 12914 
f 12939 12941 12916 12915 
f 12941 12943 12917 12916 
f 12943 12945 12918 12917 
f 12945 12947 12919 12918 
f 12947 12949 12920 12919 
f 12949 12951 12921 12920 
f 12951 12953 12922 12921 
f 12953 12955 12923 12922 
f 12955 12957 12924 12923 
f 12957 12959 12925 12924 
f 12959 12961 12926 12925 
f 12961 12963 12927 12926 
f 12963 12965 12928 12927 
f 12965 12967 12929 12928 
f 12967 12969 12930 12929 
f 12969 12971 12931 12930 
f 12971 12973 12932 12931 
f 12973 12083 11986 12932 
f 13036 13038 14071 14034 
f 13039 13042 14072 14073 
f 13043 14074 14075 13044 
f 13041 14072 14076 13047 
f 13049 13047 14076 14077 
f 13051 13049 14077 14078 
f 13052 13054 14079 14078 
f 13054 13056 14080 14079 
f 13056 13058 14081 14080 
f 13058 13060 14082 14081 
f 13060 13062 14083 14082 
f 13062 13064 14084 14083 
f 13065 13068 14085 14086 
f 13068 13070 14087 14085 
f 13063 14084 14088 13071 
f 13071 14088 14086 13066 
f 13069 13074 13073 13067 
f 13067 13073 13075 13066 
f 13066 13075 13076 13071 
f 13071 13076 13077 13063 
f 13063 13077 13078 13061 
f 13061 13078 13079 13059 
f 13059 13079 13080 13057 
f 13057 13080 13081 13055 
f 13055 13081 13082 13053 
f 13053 13082 13083 13051 
f 13051 13083 13084 13049 
f 13049 13084 13085 13047 
f 13047 13085 13086 13041 
f 13041 13086 13087 13040 
f 13040 13087 13089 13088 
f 13043 13091 13090 13037 
f 13092 13095 13094 13093 
f 13093 13094 13097 13096 
f 13096 13097 13099 13098 
f 13098 13099 13101 13100 
f 13100 13101 13103 13102 
f 13102 13103 13105 13104 
f 13104 13105 13107 13106 
f 13106 13107 13109 13108 
f 13108 13109 13111 13110 
f 13110 13111 13113 13112 
f 13112 13113 13115 13114 
f 13114 13115 13117 13116 
f 13116 13117 13119 13118 
f 13118 13119 13121 13120 
f 13120 13121 13123 13122 
f 13124 13127 13126 13125 
f 13095 13129 13128 13094 
f 13094 13128 13130 13097 
f 13097 13130 13131 13099 
f 13099 13131 13132 13101 
f 13101 13132 13133 13103 
f 13103 13133 13134 13105 
f 13105 13134 13135 13107 
f 13107 13135 13136 13109 
f 13109 13136 13137 13111 
f 13111 13137 13138 13113 
f 13113 13138 13139 13115 
f 13115 13139 13140 13117 
f 13117 13140 13141 13119 
f 13119 13141 13142 13121 
f 13121 13142 13143 13123 
f 13127 13145 13144 13126 
f 13146 13149 13148 13147 
f 13147 13148 13151 13150 
f 13150 13151 13153 13152 
f 13152 13153 13155 13154 
f 13154 13155 13157 13156 
f 13156 13157 13159 13158 
f 13158 13159 13161 13160 
f 13160 13161 13163 13162 
f 13162 13163 13165 13164 
f 13164 13165 13167 13166 
f 13166 13167 13169 13168 
f 13168 13169 13171 13170 
f 13170 13171 13173 13172 
f 13172 13173 13026 13174 
f 13073 13074 13092 13093 
f 13075 13073 13093 13096 
f 13076 13075 13096 13098 
f 13077 13076 13098 13100 
f 13078 13077 13100 13102 
f 13079 13078 13102 13104 
f 13080 13079 13104 13106 
f 13081 13080 13106 13108 
f 13082 13081 13108 13110 
f 13083 13082 13110 13112 
f 13084 13083 13112 13114 
f 13085 13084 13114 13116 
f 13086 13085 13116 13118 
f 13087 13086 13118 13120 
f 13091 13176 13175 13124 
f 13177 13090 13125 12130 
f 13128 13129 13146 13147 
f 13130 13128 13147 13150 
f 13131 13130 13150 13152 
f 13132 13131 13152 13154 
f 13133 13132 13154 13156 
f 13134 13133 13156 13158 
f 13135 13134 13158 13160 
f 13136 13135 13160 13162 
f 13137 13136 13162 13164 
f 13138 13137 13164 13166 
f 13139 13138 13166 13168 
f 13140 13139 13168 13170 
f 13141 13140 13170 13172 
f 13142 13141 13172 13174 
f 13145 13180 13179 13178 
f 13037 14071 14074 13043 
f 13037 13090 13177 12084 
f 13125 13126 12813 12130 
f 13126 13144 12814 12813 
f 13125 13090 13091 13124 
f 13181 13144 13145 13178 
f 13044 14075 14089 13088 
f 13044 13176 13091 13043 
f 13175 13183 13127 13124 
f 13183 13180 13145 13127 
f 13175 13176 13089 13122 
f 13179 13180 13143 13184 
f 13088 13089 13176 13044 
f 13122 13123 13183 13175 
f 13123 13143 13180 13183 
f 13088 14089 14073 13040 
f 13122 13089 13087 13120 
f 13184 13143 13142 13174 
f 13179 13024 13023 13178 
f 13184 13025 13024 13179 
f 13185 13027 13026 13173 
f 13185 13186 13028 13027 
f 13186 13187 13029 13028 
f 13187 13188 13030 13029 
f 13171 13189 13185 13173 
f 13189 13190 13186 13185 
f 13191 13189 13171 13169 
f 13192 13191 13169 13167 
f 13193 13192 13167 13165 
f 13194 13193 13165 13163 
f 13195 13194 13163 13161 
f 13196 13195 13161 13159 
f 13197 13196 13159 13157 
f 13198 13197 13157 13155 
f 13199 13198 13155 13153 
f 13200 13199 13153 13151 
f 13201 13200 13151 13148 
f 13202 13201 13148 13149 
f 13190 13203 13187 13186 
f 13026 13025 13184 13174 
f 13204 13207 13206 13205 
f 13208 13188 13210 13209 
f 13211 13214 13213 13212 
f 13215 13216 13214 13211 
f 13217 13218 13216 13215 
f 13033 13211 13212 13034 
f 13033 13219 13215 13211 
f 13032 13219 13033 
f 13031 13220 13032 
f 13197 13221 13196 
f 13215 13219 13222 13217 
f 13219 13032 13220 13222 
f 13217 13222 13223 13204 
f 13222 13220 13224 13223 
f 13220 13208 13209 13224 
f 13188 13208 13031 13030 
f 13208 13220 13031 
f 13204 13205 13218 13217 
f 13209 13210 13226 13225 
f 13204 13223 13227 13207 
f 13223 13224 13228 13227 
f 13224 13209 13225 13228 
f 13203 13210 13188 13187 
f 13194 13229 13193 
f 13230 13233 13232 13231 
f 13234 13236 13221 13235 
f 13233 13238 13237 13232 
f 13238 13240 13239 13237 
f 13240 13234 13235 13239 
f 13195 13236 13242 13241 
f 13243 13246 13245 13244 
f 13247 13249 13242 13248 
f 13246 13251 13250 13245 
f 13251 13253 13252 13250 
f 13253 13247 13248 13252 
f 13254 13249 13256 13255 
f 13206 13207 13258 13257 
f 13225 13226 13256 13259 
f 13207 13227 13260 13258 
f 13227 13228 13261 13260 
f 13228 13225 13259 13261 
f 13262 13226 13210 13203 
f 13255 13256 13226 13262 
f 13257 13258 13246 13243 
f 13259 13256 13249 13247 
f 13258 13260 13251 13246 
f 13260 13261 13253 13251 
f 13261 13259 13247 13253 
f 13193 13229 13263 13192 
f 13192 13263 13264 13191 
f 13191 13264 13190 13189 
f 13190 13264 13262 13203 
f 13264 13263 13255 13262 
f 13263 13229 13254 13255 
f 13229 13194 13241 13254 
f 13241 13242 13249 13254 
f 13244 13245 13233 13230 
f 13248 13242 13236 13234 
f 13245 13250 13238 13233 
f 13250 13252 13240 13238 
f 13252 13248 13234 13240 
f 13241 13194 13195 
f 13231 13232 13201 13202 
f 13235 13221 13197 13198 
f 13232 13237 13200 13201 
f 13237 13239 13199 13200 
f 13239 13235 13198 13199 
f 13196 13221 13236 13195 
f 13023 13022 13181 13178 
f 13022 13021 13265 13181 
f 13266 14055 14090 13267 
f 13269 14091 14092 13270 
f 13271 13274 14093 14092 
f 13275 14094 14093 13274 
f 13277 14095 14094 13275 
f 13278 14095 14096 13279 
f 13279 14096 14097 13281 
f 13281 14097 14098 13283 
f 13283 14098 14099 13285 
f 13285 14099 14100 13287 
f 13287 14100 14101 13289 
f 13291 14102 14103 13292 
f 13292 14103 14087 13070 
f 13290 13296 14104 14101 
f 13296 13294 14102 14104 
f 13293 13294 13298 13297 
f 13294 13296 13299 13298 
f 13296 13290 13300 13299 
f 13290 13288 13301 13300 
f 13288 13286 13302 13301 
f 13286 13284 13303 13302 
f 13284 13282 13304 13303 
f 13282 13280 13305 13304 
f 13280 13277 13306 13305 
f 13277 13275 13307 13306 
f 13275 13274 13308 13307 
f 13274 13271 13309 13308 
f 13271 13272 13310 13309 
f 13311 13268 13313 13312 
f 13092 13315 13314 13095 
f 13315 13317 13316 13314 
f 13317 13319 13318 13316 
f 13319 13321 13320 13318 
f 13321 13323 13322 13320 
f 13323 13325 13324 13322 
f 13325 13327 13326 13324 
f 13327 13329 13328 13326 
f 13329 13331 13330 13328 
f 13331 13333 13332 13330 
f 13333 13335 13334 13332 
f 13335 13337 13336 13334 
f 13337 13339 13338 13336 
f 13339 13341 13340 13338 
f 13342 13345 13344 13343 
f 13095 13314 13346 13129 
f 13314 13316 13347 13346 
f 13316 13318 13348 13347 
f 13318 13320 13349 13348 
f 13320 13322 13350 13349 
f 13322 13324 13351 13350 
f 13324 13326 13352 13351 
f 13326 13328 13353 13352 
f 13328 13330 13354 13353 
f 13330 13332 13355 13354 
f 13332 13334 13356 13355 
f 13334 13336 13357 13356 
f 13336 13338 13358 13357 
f 13338 13340 13359 13358 
f 13343 13344 13361 13360 
f 13146 13363 13362 13149 
f 13363 13365 13364 13362 
f 13365 13367 13366 13364 
f 13367 13369 13368 13366 
f 13369 13371 13370 13368 
f 13371 13373 13372 13370 
f 13373 13375 13374 13372 
f 13375 13377 13376 13374 
f 13377 13379 13378 13376 
f 13379 13381 13380 13378 
f 13381 13383 13382 13380 
f 13383 13385 13384 13382 
f 13385 13387 13386 13384 
f 13297 13315 13092 13074 
f 13298 13317 13315 13297 
f 13299 13319 13317 13298 
f 13300 13321 13319 13299 
f 13301 13323 13321 13300 
f 13302 13325 13323 13301 
f 13303 13327 13325 13302 
f 13304 13329 13327 13303 
f 13305 13331 13329 13304 
f 13306 13333 13331 13305 
f 13307 13335 13333 13306 
f 13308 13337 13335 13307 
f 13309 13339 13337 13308 
f 13310 13341 13339 13309 
f 13388 13389 13345 13313 
f 13346 13363 13146 13129 
f 13347 13365 13363 13346 
f 13348 13367 13365 13347 
f 13349 13369 13367 13348 
f 13350 13371 13369 13349 
f 13351 13373 13371 13350 
f 13352 13375 13373 13351 
f 13353 13377 13375 13352 
f 13354 13379 13377 13353 
f 13355 13381 13379 13354 
f 13356 13383 13381 13355 
f 13357 13385 13383 13356 
f 13358 13387 13385 13357 
f 13359 13390 13387 13358 
f 13268 13311 14105 14090 
f 13268 12310 13388 13313 
f 13345 13389 12817 13344 
f 13344 12817 13392 13361 
f 13345 13342 13312 13313 
f 13393 13394 13360 13361 
f 13311 13272 14091 14105 
f 13342 13341 13310 13312 
f 13394 13390 13359 13360 
f 13272 13311 13312 13310 
f 13341 13342 13343 13340 
f 13340 13343 13360 13359 
f 13384 13386 13396 13395 
f 13395 13396 13398 13397 
f 13399 13382 13384 13395 
f 13400 13380 13382 13399 
f 13401 13378 13380 13400 
f 13402 13376 13378 13401 
f 13403 13374 13376 13402 
f 13404 13372 13374 13403 
f 13405 13370 13372 13404 
f 13406 13368 13370 13405 
f 13407 13366 13368 13406 
f 13408 13364 13366 13407 
f 13409 13362 13364 13408 
f 13202 13149 13362 13409 
f 13397 13398 13411 13410 
f 13412 13205 13206 13413 
f 13414 13417 13416 13415 
f 13418 13419 13213 13214 
f 13420 13418 13214 13216 
f 13421 13420 13216 13218 
f 13405 13404 13422 
f 13421 13412 13424 13423 
f 13423 13424 13426 13425 
f 13425 13426 13417 13414 
f 13412 13421 13218 13205 
f 13417 13428 13427 13416 
f 13412 13413 13429 13424 
f 13424 13429 13430 13426 
f 13426 13430 13428 13417 
f 13410 13411 13415 13416 
f 13402 13401 13431 
f 13432 13434 13422 13433 
f 13435 13438 13437 13436 
f 13436 13437 13440 13439 
f 13439 13440 13434 13432 
f 13403 13442 13441 13433 
f 13443 13445 13441 13444 
f 13446 13449 13448 13447 
f 13447 13448 13451 13450 
f 13450 13451 13445 13443 
f 13452 13454 13453 13444 
f 13428 13455 13453 13427 
f 13413 13457 13456 13429 
f 13429 13456 13458 13430 
f 13430 13458 13455 13428 
f 13459 13410 13416 13427 
f 13454 13459 13427 13453 
f 13455 13443 13444 13453 
f 13457 13446 13447 13456 
f 13456 13447 13450 13458 
f 13458 13450 13443 13455 
f 13401 13400 13460 13431 
f 13400 13399 13461 13460 
f 13399 13395 13397 13461 
f 13397 13410 13459 13461 
f 13461 13459 13454 13460 
f 13460 13454 13452 13431 
f 13431 13452 13442 13402 
f 13442 13452 13444 13441 
f 13445 13432 13433 13441 
f 13449 13435 13436 13448 
f 13448 13436 13439 13451 
f 13451 13439 13432 13445 
f 13442 13403 13402 
f 13434 13406 13405 13422 
f 13438 13409 13408 13437 
f 13437 13408 13407 13440 
f 13440 13407 13406 13434 
f 13404 13403 13433 13422 
f 13069 13293 13297 13074 
f 13213 13419 13462 12232 
f 13231 13438 13435 13230 
f 13244 13449 13446 13243 
f 13257 13457 13413 13206 
f 13243 13446 13457 13257 
f 13230 13435 13449 13244 
f 13231 13202 13409 13438 
f 13463 13464 13462 13419 
f 13465 13466 13464 13463 
f 13467 13468 13466 13465 
f 13469 12821 13468 13467 
f 13419 13418 13470 13463 
f 13463 13470 13471 13465 
f 13465 13471 13472 13467 
f 13467 13472 13473 13469 
f 13469 13473 13475 13474 
f 13474 13475 13477 13476 
f 13476 13477 13479 13478 
f 13478 13479 13481 13480 
f 13480 13481 13394 13393 
f 13418 13420 13482 13470 
f 13470 13482 13483 13471 
f 13471 13483 13484 13472 
f 13472 13484 13485 13473 
f 13473 13485 13486 13475 
f 13475 13486 13487 13477 
f 13477 13487 13488 13479 
f 13479 13488 13489 13481 
f 13481 13489 13390 13394 
f 13420 13421 13423 13482 
f 13482 13423 13425 13483 
f 13483 13425 13414 13484 
f 13484 13414 13415 13485 
f 13485 13415 13411 13486 
f 13486 13411 13398 13487 
f 13487 13398 13396 13488 
f 13488 13396 13386 13489 
f 13489 13386 13387 13390 
f 13036 13491 13490 13038 
f 13492 13494 13493 13490 
f 13494 13496 13495 13493 
f 13496 13498 13497 13495 
f 13498 13500 13499 13497 
f 13500 13502 13501 13499 
f 13502 13504 13503 13501 
f 13504 13506 13505 13503 
f 13506 13508 13507 13505 
f 13508 13510 13509 13507 
f 13510 13512 13511 13509 
f 13512 13514 13513 13511 
f 13514 13516 13515 13513 
f 13516 13518 13517 13515 
f 13518 13520 13519 13517 
f 13520 13522 13521 13519 
f 13522 13524 13523 13521 
f 13524 13526 13525 13523 
f 13526 13528 13527 13525 
f 13528 13530 13529 13527 
f 13530 13532 13531 13529 
f 13532 13534 13533 13531 
f 13534 13536 13535 13533 
f 13536 13538 13537 13535 
f 13538 13540 13539 13537 
f 13540 13542 13541 13539 
f 13542 13544 13543 13541 
f 13544 13546 13545 13543 
f 13546 13548 13547 13545 
f 13548 13550 13549 13547 
f 13550 13552 13551 13549 
f 13552 13554 13553 13551 
f 13554 13556 13555 13553 
f 13556 13558 13557 13555 
f 13558 13560 13559 13557 
f 13560 13562 13561 13559 
f 13490 13491 13563 13492 
f 13490 13493 13046 13038 
f 13493 13495 13045 13046 
f 13495 13497 13182 13045 
f 13497 13499 13039 13182 
f 13499 13501 13042 13039 
f 13501 13503 13048 13042 
f 13503 13505 13050 13048 
f 13505 13507 13052 13050 
f 13507 13509 13054 13052 
f 13509 13511 13056 13054 
f 13511 13513 13058 13056 
f 13513 13515 13060 13058 
f 13515 13517 13062 13060 
f 13517 13519 13064 13062 
f 13519 13521 13072 13064 
f 13521 13523 13065 13072 
f 13523 13525 13068 13065 
f 13525 13527 13070 13068 
f 13527 13529 13292 13070 
f 13529 13531 13291 13292 
f 13531 13533 13295 13291 
f 13533 13535 13289 13295 
f 13535 13537 13287 13289 
f 13537 13539 13285 13287 
f 13539 13541 13283 13285 
f 13541 13543 13281 13283 
f 13543 13545 13279 13281 
f 13545 13547 13278 13279 
f 13547 13549 13276 13278 
f 13549 13551 13273 13276 
f 13551 13553 13270 13273 
f 13553 13555 13269 13270 
f 13555 13557 13391 13269 
f 13557 13559 13267 13391 
f 13559 13561 13266 13267 
f 13564 13492 13563 12603 
f 13564 13565 13494 13492 
f 13565 13566 13496 13494 
f 13566 13567 13498 13496 
f 13567 13568 13500 13498 
f 13568 13569 13502 13500 
f 13569 13570 13504 13502 
f 13570 13571 13506 13504 
f 13571 13572 13508 13506 
f 13572 13573 13510 13508 
f 13573 13574 13512 13510 
f 13574 13575 13514 13512 
f 13575 13576 13516 13514 
f 13576 13577 13518 13516 
f 13577 13578 13520 13518 
f 13578 13579 13522 13520 
f 13579 13580 13524 13522 
f 13580 13581 13526 13524 
f 13581 13582 13528 13526 
f 13582 13583 13530 13528 
f 13583 13584 13532 13530 
f 13585 13586 13538 13536 
f 13586 13587 13540 13538 
f 13587 13588 13542 13540 
f 13588 13589 13544 13542 
f 13589 13590 13546 13544 
f 13590 13591 13548 13546 
f 13591 13592 13550 13548 
f 13592 13593 13552 13550 
f 13593 13594 13554 13552 
f 13594 13595 13556 13554 
f 13595 13596 13558 13556 
f 13596 13597 13560 13558 
f 13597 12638 13562 13560 
f 13598 13601 13600 13599 
f 13598 13603 13602 13601 
f 13603 13605 13604 13602 
f 13605 13607 13606 13604 
f 13607 13609 13608 13606 
f 13609 13611 13610 13608 
f 13611 13613 13612 13610 
f 13613 13615 13614 13612 
f 13615 13617 13616 13614 
f 13617 13619 13618 13616 
f 13619 13621 13620 13618 
f 13621 13623 13622 13620 
f 13623 13625 13624 13622 
f 13625 13627 13626 13624 
f 13627 13629 13628 13626 
f 13629 13631 13630 13628 
f 13631 13633 13632 13630 
f 13633 13635 13634 13632 
f 13635 13637 13636 13634 
f 13637 13639 13638 13636 
f 13639 13641 13640 13638 
f 13642 13645 13644 13643 
f 13642 13647 13646 13645 
f 13647 13649 13648 13646 
f 13649 13651 13650 13648 
f 13651 13653 13652 13650 
f 13653 13655 13654 13652 
f 13655 13657 13656 13654 
f 13657 13659 13658 13656 
f 13659 13661 13660 13658 
f 13661 13663 13662 13660 
f 13663 13665 13664 13662 
f 13665 13667 13666 13664 
f 13667 13669 13668 13666 
f 13644 13645 13586 13585 
f 13645 13646 13587 13586 
f 13646 13648 13588 13587 
f 13648 13650 13589 13588 
f 13650 13652 13590 13589 
f 13652 13654 13591 13590 
f 13654 13656 13592 13591 
f 13656 13658 13593 13592 
f 13658 13660 13594 13593 
f 13660 13662 13595 13594 
f 13662 13664 13596 13595 
f 13664 13666 13597 13596 
f 13666 13668 12638 13597 
f 13670 13585 13536 13534 
f 13585 13670 13671 13644 
f 13644 13671 13672 13643 
f 13534 13532 13584 13670 
f 13600 13601 13564 12603 
f 13601 13602 13565 13564 
f 13602 13604 13566 13565 
f 13604 13606 13567 13566 
f 13606 13608 13568 13567 
f 13608 13610 13569 13568 
f 13610 13612 13570 13569 
f 13612 13614 13571 13570 
f 13614 13616 13572 13571 
f 13616 13618 13573 13572 
f 13618 13620 13574 13573 
f 13620 13622 13575 13574 
f 13622 13624 13576 13575 
f 13624 13626 13577 13576 
f 13626 13628 13578 13577 
f 13628 13630 13579 13578 
f 13630 13632 13580 13579 
f 13632 13634 13581 13580 
f 13634 13636 13582 13581 
f 13636 13638 13583 13582 
f 13638 13640 13584 13583 
f 13670 13584 13640 13671 
f 13641 13672 13671 13640 
f 13599 13674 13673 13598 
f 13598 13673 13675 13603 
f 13603 13675 13676 13605 
f 13605 13676 13677 13607 
f 13607 13677 13678 13609 
f 13609 13678 13679 13611 
f 13611 13679 13680 13613 
f 13613 13680 13681 13615 
f 13615 13681 13682 13617 
f 13617 13682 13683 13619 
f 13619 13683 13684 13621 
f 13621 13684 13685 13623 
f 13623 13685 13686 13625 
f 13625 13686 13687 13627 
f 13627 13687 13688 13629 
f 13629 13688 13689 13631 
f 13631 13689 13690 13633 
f 13633 13690 13691 13635 
f 13635 13691 13692 13637 
f 13637 13692 13693 13639 
f 13639 13693 13694 13641 
f 13643 13696 13695 13642 
f 13642 13695 13697 13647 
f 13647 13697 13698 13649 
f 13649 13698 13699 13651 
f 13651 13699 13700 13653 
f 13653 13700 13701 13655 
f 13655 13701 13702 13657 
f 13657 13702 13703 13659 
f 13659 13703 13704 13661 
f 13661 13704 13705 13663 
f 13663 13705 13706 13665 
f 13665 13706 13707 13667 
f 13667 13707 13708 13669 
f 13672 13709 13696 13643 
f 13641 13694 13709 13672 
f 13710 13713 13712 13711 
f 13714 13710 13711 13715 
f 13716 13714 13715 13717 
f 13718 13716 13717 13719 
f 13720 13718 13719 13721 
f 13722 13720 13721 13723 
f 13724 13722 13723 13725 
f 13726 13724 13725 13727 
f 13728 13726 13727 13729 
f 13730 13728 13729 13731 
f 13732 13730 13731 13733 
f 13734 13732 13733 13735 
f 13736 13734 13735 13737 
f 13738 13736 13737 13739 
f 13740 13738 13739 13741 
f 13742 13740 13741 13743 
f 13744 13742 13743 13745 
f 13746 13744 13745 13747 
f 13748 13746 13747 13749 
f 13750 13748 13749 13751 
f 13712 13752 11910 12846 
f 13711 13712 12846 12844 
f 13715 13711 12844 12842 
f 13717 13715 12842 12840 
f 13719 13717 12840 12838 
f 13721 13719 12838 12836 
f 13723 13721 12836 12834 
f 13725 13723 12834 12832 
f 13727 13725 12832 12830 
f 13729 13727 12830 12827 
f 13731 13729 12827 12828 
f 13733 13731 12828 12859 
f 13735 13733 12859 12861 
f 13737 13735 12861 12863 
f 13739 13737 12863 12865 
f 13741 13739 12865 12867 
f 13743 13741 12867 12869 
f 13745 13743 12869 12871 
f 13747 13745 12871 12873 
f 13749 13747 12873 12875 
f 13751 13749 12875 12877 
f 13713 13754 13753 12822 
f 13710 13755 13754 13713 
f 13714 13756 13755 13710 
f 13716 13757 13756 13714 
f 13718 13758 13757 13716 
f 13720 13759 13758 13718 
f 13722 13760 13759 13720 
f 13724 13761 13760 13722 
f 13726 13762 13761 13724 
f 13728 13763 13762 13726 
f 13730 13764 13763 13728 
f 13732 13765 13764 13730 
f 13734 13766 13765 13732 
f 13736 13767 13766 13734 
f 13738 13768 13767 13736 
f 13740 13769 13768 13738 
f 13742 13770 13769 13740 
f 13744 13771 13770 13742 
f 13746 13772 13771 13744 
f 13748 13773 13772 13746 
f 13750 13774 13773 13748 
f 12808 12878 12880 12901 
f 12807 13775 12913 12890 
f 12810 12811 12978 12933 
f 13775 12812 12934 12913 
f 13265 12814 13144 13181 
f 12815 13035 13034 13212 
f 12232 12815 13212 13213 
f 13392 12816 13393 13361 
f 12820 12821 13469 13474 
f 12816 12818 13480 13393 
f 12818 12819 13478 13480 
f 12819 13776 13476 13478 
f 13776 12820 13474 13476 
f 12822 13752 13712 13713 
f 12824 12823 13750 13751 
f 12879 12824 13751 12877 
f 12823 13777 13774 13750 
f 13778 13779 13780 13781 
f 13781 13780 13782 13783 
f 13782 13784 13785 13783 
f 13784 13786 13787 13785 
f 13786 13788 13789 13787 
f 13788 13790 13791 13789 
f 13790 13792 13793 13791 
f 13792 13794 13795 13793 
f 13794 13796 13797 13795 
f 13796 13798 13799 13797 
f 13798 13800 13801 13799 
f 13800 13802 13803 13801 
f 13802 13804 13805 13803 
f 13804 13806 13807 13805 
f 13806 13808 13809 13807 
f 13808 13779 13778 13809 
f 13778 13781 13810 13811 
f 13781 13783 13812 13810 
f 13783 13785 13813 13812 
f 13785 13787 13814 13813 
f 13787 13789 13815 13814 
f 13789 13791 13816 13815 
f 13791 13793 13817 13816 
f 13793 13795 13818 13817 
f 13795 13797 13819 13818 
f 13797 13799 13820 13819 
f 13799 13801 13821 13820 
f 13801 13803 13822 13821 
f 13803 13805 13823 13822 
f 13805 13807 13824 13823 
f 13807 13809 13825 13824 
f 13809 13778 13811 13825 
f 13811 13810 13826 13827 
f 13810 13812 13828 13826 
f 13812 13813 13829 13828 
f 13813 13814 13830 13829 
f 13814 13815 13831 13830 
f 13815 13816 13832 13831 
f 13816 13817 13833 13832 
f 13817 13818 13834 13833 
f 13818 13819 13835 13834 
f 13819 13820 13836 13835 
f 13820 13821 13837 13836 
f 13821 13822 13838 13837 
f 13822 13823 13839 13838 
f 13823 13824 13840 13839 
f 13824 13825 13841 13840 
f 13825 13811 13827 13841 
f 13827 13826 13842 13843 
f 13826 13828 13844 13842 
f 13828 13829 13845 13844 
f 13829 13830 13846 13845 
f 13830 13831 13847 13846 
f 13831 13832 13848 13847 
f 13832 13833 13849 13848 
f 13833 13834 13850 13849 
f 13834 13835 13851 13850 
f 13835 13836 13852 13851 
f 13836 13837 13853 13852 
f 13837 13838 13854 13853 
f 13838 13839 13855 13854 
f 13839 13840 13856 13855 
f 13840 13841 13857 13856 
f 13841 13827 13843 13857 
s 2
f 13858 13859 13860 13861 
f 13862 13858 13861 13863 
f 13864 13862 13863 13865 
f 13866 13864 13865 13867 
f 13868 13866 13867 13869 
f 13870 13868 13869 13871 
f 13872 13870 13871 13873 
f 13874 13872 13873 13875 
f 13876 13874 13875 13877 
f 13878 13876 13877 13879 
f 13880 13878 13879 13881 
f 13882 13880 13881 13883 
f 13884 13882 13883 13885 
f 13886 13884 13885 13887 
f 13888 13886 13887 13889 
f 13859 13888 13889 13860 
s 1
f 13780 13779 13890 13891 
f 13782 13780 13891 13892 
f 13784 13782 13892 13893 
f 13786 13784 13893 13894 
f 13788 13786 13894 13895 
f 13790 13788 13895 13896 
f 13792 13790 13896 13897 
f 13794 13792 13897 13898 
f 13796 13794 13898 13899 
f 13798 13796 13899 13900 
f 13800 13798 13900 13901 
f 13802 13800 13901 13902 
f 13804 13802 13902 13903 
f 13806 13804 13903 13904 
f 13808 13806 13904 13905 
f 13779 13808 13905 13890 
s 2
f 13859 13858 13891 13890 
f 13858 13862 13892 13891 
f 13862 13864 13893 13892 
f 13864 13866 13894 13893 
f 13866 13868 13895 13894 
f 13868 13870 13896 13895 
f 13870 13872 13897 13896 
f 13872 13874 13898 13897 
f 13874 13876 13899 13898 
f 13876 13878 13900 13899 
f 13878 13880 13901 13900 
f 13880 13882 13902 13901 
f 13882 13884 13903 13902 
f 13884 13886 13904 13903 
f 13886 13888 13905 13904 
f 13888 13859 13890 13905 
s 1
f 13906 13907 13908 13909 
f 13907 13910 13911 13908 
f 13910 13912 13913 13911 
f 13912 13914 13915 13913 
f 13914 13916 13917 13915 
f 13916 13918 13919 13917 
f 13918 13920 13921 13919 
f 13920 13922 13923 13921 
f 13922 13924 13925 13923 
f 13924 13926 13927 13925 
f 13926 13928 13929 13927 
f 13928 13930 13931 13929 
f 13930 13932 13933 13931 
f 13932 13934 13935 13933 
f 13934 13936 13937 13935 
f 13936 13906 13909 13937 
f 13906 13938 13939 13907 
f 13907 13939 13940 13910 
f 13910 13940 13941 13912 
f 13912 13941 13942 13914 
f 13914 13942 13943 13916 
f 13916 13943 13944 13918 
f 13918 13944 13945 13920 
f 13920 13945 13946 13922 
f 13922 13946 13947 13924 
f 13924 13947 13948 13926 
f 13926 13948 13949 13928 
f 13928 13949 13950 13930 
f 13930 13950 13951 13932 
f 13932 13951 13952 13934 
f 13934 13952 13953 13936 
f 13936 13953 13938 13906 
f 13938 13954 13955 13939 
f 13939 13955 13956 13940 
f 13940 13956 13957 13941 
f 13941 13957 13958 13942 
f 13942 13958 13959 13943 
f 13943 13959 13960 13944 
f 13944 13960 13961 13945 
f 13945 13961 13962 13946 
f 13946 13962 13963 13947 
f 13947 13963 13964 13948 
f 13948 13964 13965 13949 
f 13949 13965 13966 13950 
f 13950 13966 13967 13951 
f 13951 13967 13968 13952 
f 13952 13968 13969 13953 
f 13953 13969 13954 13938 
f 13954 13970 13971 13955 
f 13955 13971 13972 13956 
f 13956 13972 13973 13957 
f 13957 13973 13974 13958 
f 13958 13974 13975 13959 
f 13959 13975 13976 13960 
f 13960 13976 13977 13961 
f 13961 13977 13978 13962 
f 13962 13978 13979 13963 
f 13963 13979 13980 13964 
f 13964 13980 13981 13965 
f 13965 13981 13982 13966 
f 13966 13982 13983 13967 
f 13967 13983 13984 13968 
f 13968 13984 13985 13969 
f 13969 13985 13970 13954 
s 2
f 13986 13987 13988 13989 
f 13990 13986 13989 13991 
f 13992 13990 13991 13993 
f 13994 13992 13993 13995 
f 13996 13994 13995 13997 
f 13998 13996 13997 13999 
f 14000 13998 13999 14001 
f 14002 14000 14001 14003 
f 14004 14002 14003 14005 
f 14006 14004 14005 14007 
f 14008 14006 14007 14009 
f 14010 14008 14009 14011 
f 14012 14010 14011 14013 
f 14014 14012 14013 14015 
f 14016 14014 14015 14017 
f 13987 14016 14017 13988 
s 1
f 13909 13908 14018 14019 
f 13908 13911 14020 14018 
f 13911 13913 14021 14020 
f 13913 13915 14022 14021 
f 13915 13917 14023 14022 
f 13917 13919 14024 14023 
f 13919 13921 14025 14024 
f 13921 13923 14026 14025 
f 13923 13925 14027 14026 
f 13925 13927 14028 14027 
f 13927 13929 14029 14028 
f 13929 13931 14030 14029 
f 13931 13933 14031 14030 
f 13933 13935 14032 14031 
f 13935 13937 14033 14032 
f 13937 13909 14019 14033 
s 2
f 13989 13988 14019 14018 
f 13991 13989 14018 14020 
f 13993 13991 14020 14021 
f 13995 13993 14021 14022 
f 13997 13995 14022 14023 
f 13999 13997 14023 14024 
f 14001 13999 14024 14025 
f 14003 14001 14025 14026 
f 14005 14003 14026 14027 
f 14007 14005 14027 14028 
f 14009 14007 14028 14029 
f 14011 14009 14029 14030 
f 14013 14011 14030 14031 
f 14015 14013 14031 14032 
f 14017 14015 14032 14033 
f 13988 14017 14033 14019 
s 1
f 14034 12084 12209 14035 
f 14036 12085 12091 14037 
f 14038 12217 12090 14039 
f 14040 12088 12092 14037 
f 14041 12094 12088 14040 
f 14042 12096 12094 14041 
f 14042 12095 12097 14043 
f 14043 12097 12099 14044 
f 14044 12099 12101 14045 
f 14045 12101 12103 14046 
f 14046 12103 12105 14047 
f 14047 12105 12111 14048 
f 14049 12107 12109 14050 
f 14050 12109 12308 14051 
f 14052 12113 12112 14048 
f 14049 12108 12113 14052 
f 14039 12090 12210 14035 
f 14053 12224 12217 14038 
f 14036 12087 12224 14053 
f 14054 12311 12310 14055 
f 14056 12314 12313 14057 
f 14056 12315 12319 14058 
f 14058 12319 12321 14059 
f 14059 12321 12323 14060 
f 14061 12324 12322 14060 
f 14062 12326 12324 14061 
f 14063 12328 12326 14062 
f 14064 12330 12328 14063 
f 14065 12332 12330 14064 
f 14066 12334 12332 14065 
f 14067 12338 12337 14068 
f 14051 12308 12338 14067 
f 14066 12335 12341 14069 
f 14069 12341 12336 14068 
f 14054 12312 12317 14070 
f 14070 12317 12432 14057 
f 14071 13037 12084 14034 
f 14072 13041 13040 14073 
f 14074 13046 13045 14075 
f 14072 13042 13048 14076 
f 14076 13048 13050 14077 
f 14077 13050 13052 14078 
f 14079 13053 13051 14078 
f 14080 13055 13053 14079 
f 14081 13057 13055 14080 
f 14082 13059 13057 14081 
f 14083 13061 13059 14082 
f 14084 13063 13061 14083 
f 14085 13067 13066 14086 
f 14087 13069 13067 14085 
f 14084 13064 13072 14088 
f 14088 13072 13065 14086 
f 14071 13038 13046 14074 
f 14075 13045 13182 14089 
f 14089 13182 13039 14073 
f 14055 12310 13268 14090 
f 14091 13272 13271 14092 
f 14093 13273 13270 14092 
f 14094 13276 13273 14093 
f 14095 13278 13276 14094 
f 14095 13277 13280 14096 
f 14096 13280 13282 14097 
f 14097 13282 13284 14098 
f 14098 13284 13286 14099 
f 14099 13286 13288 14100 
f 14100 13288 13290 14101 
f 14102 13294 13293 14103 
f 14103 13293 13069 14087 
f 14104 13295 13289 14101 
f 14102 13291 13295 14104 
f 14105 13391 13267 14090 
f 14091 13269 13391 14105 
s off
f 6772 7543 14106 
f 7543 7540 14106 
f 7540 7544 14106 
f 7544 7546 14106 
f 7546 7548 14106 
f 7548 7553 14106 
f 7553 7550 14106 
f 7550 7557 14106 
f 7557 7554 14106 
f 7554 7558 14106 
f 7558 7560 14106 
f 7560 7562 14106 
f 7562 7564 14106 
f 7564 7566 14106 
f 7566 7573 14106 
f 7573 7569 14106 
f 7569 7570 14106 
f 7570 6791 14106 
f 6791 6793 14106 
f 6793 6795 14106 
f 6795 6789 14106 
f 6789 6787 14106 
f 6787 6785 14106 
f 6785 6784 14106 
f 6784 7064 14106 
f 7064 7065 14106 
f 7065 7066 14106 
f 7066 7067 14106 
f 7067 6777 14106 
f 6777 6775 14106 
f 6775 6770 14106 
f 6770 6772 14106 
s 1
f 14107 6771 7542 14108 
f 14109 6773 6771 14107 
f 14110 6774 6773 14109 
f 14111 6776 6774 14110 
f 14112 6779 6778 14113 
f 14114 6781 6780 14115 
f 14116 6782 6781 14114 
f 14117 6783 6782 14116 
f 14118 6786 6783 14117 
f 14119 6788 6786 14118 
f 14120 6790 6788 14119 
f 14121 6791 7570 14122 
f 14123 6793 6791 14121 
f 14120 6795 6793 14123 
f 14112 7066 7065 14115 
f 14111 6777 7067 14113 
f 14108 7542 7541 14124 
f 14124 7541 7545 14125 
f 14125 7545 7547 14126 
f 14126 7547 7549 14127 
f 14128 7552 7551 14129 
f 14130 7556 7555 14131 
f 14131 7555 7559 14132 
f 14132 7559 7561 14133 
f 14133 7561 7563 14134 
f 14134 7563 7565 14135 
f 14135 7565 7567 14136 
f 14122 7570 7569 14137 
f 14137 7569 7573 14138 
f 14138 7573 7566 14136 
f 14130 7557 7550 14129 
f 14128 7553 7548 14127 
f 14140 4818 4819 14141 
f 14142 4787 4786 14139 
f 14141 4819 4820 14143 
f 14144 4788 4787 14142 
f 14143 4820 4821 14145 
f 14146 4789 4788 14144 
f 14145 4821 4822 14147 
f 14148 4790 4789 14146 
f 14147 4822 4823 14149 
f 14150 4791 4790 14148 
f 14149 4823 4824 14151 
f 14152 4792 4791 14150 
f 14151 4824 4825 14153 
f 14154 4793 4792 14152 
f 14153 4825 4826 14155 
f 14156 4794 4793 14154 
f 14155 4826 4827 14157 
f 14158 4795 4794 14156 
f 14157 4827 4828 14159 
f 14160 4796 4795 14158 
f 14159 4828 4829 14161 
f 14162 4797 4796 14160 
f 14161 4829 4830 14163 
f 14164 4798 4797 14162 
f 14163 4830 4831 14165 
f 14166 4799 4798 14164 
f 14165 4831 4832 14167 
f 14168 4800 4799 14166 
f 14167 4832 4833 14169 
f 14170 4801 4800 14168 
f 14169 4833 4834 14171 
f 14172 4802 4801 14170 
f 14171 4834 4835 14173 
f 14174 4803 4802 14172 
f 14173 4835 4836 14175 
f 14176 4804 4803 14174 
f 14175 4836 4837 14177 
f 14178 4805 4804 14176 
f 14177 4837 4838 14179 
f 14180 4806 4805 14178 
f 14179 4838 4839 14181 
f 14182 4807 4806 14180 
f 14181 4839 4840 14183 
f 14184 4808 4807 14182 
f 14183 4840 4841 14185 
f 14186 4809 4808 14184 
f 14185 4841 4842 14187 
f 14188 4810 4809 14186 
f 14187 4842 4843 14189 
f 14190 4811 4810 14188 
f 14189 4843 4844 14191 
f 14192 4812 4811 14190 
f 14191 4844 4845 14193 
f 14194 4813 4812 14192 
f 14193 4845 4846 14195 
f 14196 4814 4813 14194 
f 14195 4846 4847 14197 
f 14198 4815 4814 14196 
f 14197 4847 4848 14199 
f 14200 4816 4815 14198 
f 14199 4848 4849 14201 
f 14202 4817 4816 14200 
f 14201 4849 4818 14140 
f 14139 4786 4817 14202 
f 14316 14317 14211 14210 
f 14317 14320 14212 14211 
f 14320 14322 14213 14212 
f 14322 14324 14214 14213 
f 14324 14326 14215 14214 
f 14326 14328 14216 14215 
f 14328 14330 14217 14216 
f 14210 14211 14219 14218 
f 14211 14212 14220 14219 
f 14212 14213 14221 14220 
f 14213 14214 14222 14221 
f 14214 14215 14223 14222 
f 14215 14216 14224 14223 
f 14216 14217 14225 14224 
f 14218 14219 14227 14226 
f 14219 14220 14228 14227 
f 14220 14221 14229 14228 
f 14221 14222 14230 14229 
f 14222 14223 14231 14230 
f 14223 14224 14232 14231 
f 14224 14315 14302 14232 
f 14226 14227 14235 14234 
f 14227 14228 14236 14235 
f 14228 14229 14237 14236 
f 14229 14230 14238 14237 
f 14230 14231 14239 14238 
f 14231 14232 14240 14239 
f 14232 14233 14241 14240 
f 14234 14235 14243 14242 
f 14235 14236 14244 14243 
f 14236 14237 14245 14244 
f 14237 14238 14246 14245 
f 14238 14239 14247 14246 
f 14239 14240 14248 14247 
f 14240 14241 14249 14248 
f 14242 14243 14251 14250 
f 14243 14244 14252 14251 
f 14244 14245 14253 14252 
f 14245 14246 14254 14253 
f 14246 14247 14255 14254 
f 14247 14248 14256 14255 
f 14248 14249 14257 14256 
f 14250 14251 14259 14258 
f 14251 14252 14260 14259 
f 14252 14253 14261 14260 
f 14253 14254 14262 14261 
f 14254 14255 14263 14262 
f 14255 14256 14264 14263 
f 14256 14257 14265 14264 
f 14258 14259 14204 14203 
f 14259 14260 14205 14204 
f 14260 14261 14206 14205 
f 14261 14262 14207 14206 
f 14262 14263 14208 14207 
f 14263 14264 14209 14208 
f 14264 14265 14300 14209 
f 14265 14299 14300 
f 14309 14436 14391 14308 
f 14307 14290 14291 14306 
f 14313 14217 14312 
f 14295 14291 14290 14294 
f 14307 14308 14391 14290 
f 14290 14391 14399 14294 
f 14296 14257 14249 14292 
f 14292 14249 14305 
f 14305 14306 14291 14292 
f 14292 14291 14295 14296 
f 14288 14287 14295 14294 
f 14287 14286 14296 14295 
f 14286 14285 14297 14296 
f 14285 14284 14298 14297 
f 14284 14283 14299 14298 
f 14283 14282 14300 14299 
f 14282 14289 14301 14300 
f 14266 14267 14315 14293 
f 14267 14268 14302 14315 
f 14268 14269 14233 14302 
f 14269 14270 14303 14233 
f 14270 14271 14304 14303 
f 14271 14272 14305 14304 
f 14272 14273 14306 14305 
f 14273 14274 14307 14306 
f 14274 14275 14308 14307 
f 14275 14276 14309 14308 
f 14276 14277 14310 14309 
f 14277 14278 14314 14310 
f 14278 14279 14311 14314 
f 14279 14280 14312 14311 
f 14280 14281 14313 14312 
f 14281 14266 14293 14313 
f 14399 14433 14288 14294 
f 14314 14434 14435 14310 
f 14300 14301 14209 
f 14265 14257 14298 14299 
f 14297 14298 14257 
f 14241 14233 14303 
f 14241 14303 14304 
f 14315 14225 14293 
f 14302 14233 14232 
f 14224 14225 14315 
f 14313 14293 14225 14217 
f 14217 14330 14311 14312 
f 14330 14434 14314 14311 
f 14316 14319 14318 14317 
f 14317 14318 14321 14320 
f 14320 14321 14323 14322 
f 14322 14323 14325 14324 
f 14324 14325 14327 14326 
f 14326 14327 14329 14328 
f 14328 14329 14331 14330 
f 14319 14333 14332 14318 
f 14318 14332 14334 14321 
f 14321 14334 14335 14323 
f 14323 14335 14336 14325 
f 14325 14336 14337 14327 
f 14327 14337 14338 14329 
f 14329 14338 14339 14331 
f 14333 14341 14340 14332 
f 14332 14340 14342 14334 
f 14334 14342 14343 14335 
f 14335 14343 14344 14336 
f 14336 14344 14345 14337 
f 14337 14345 14346 14338 
f 14338 14346 14348 14347 
f 14341 14350 14349 14340 
f 14340 14349 14351 14342 
f 14342 14351 14352 14343 
f 14343 14352 14353 14344 
f 14344 14353 14354 14345 
f 14345 14354 14355 14346 
f 14346 14355 14357 14356 
f 14350 14359 14358 14349 
f 14349 14358 14360 14351 
f 14351 14360 14361 14352 
f 14352 14361 14362 14353 
f 14353 14362 14363 14354 
f 14354 14363 14364 14355 
f 14355 14364 14365 14357 
f 14359 14367 14366 14358 
f 14358 14366 14368 14360 
f 14360 14368 14369 14361 
f 14361 14369 14370 14362 
f 14362 14370 14371 14363 
f 14363 14371 14372 14364 
f 14364 14372 14373 14365 
f 14367 14375 14374 14366 
f 14366 14374 14376 14368 
f 14368 14376 14377 14369 
f 14369 14377 14378 14370 
f 14370 14378 14379 14371 
f 14371 14379 14380 14372 
f 14372 14380 14381 14373 
f 14375 14203 14204 14374 
f 14374 14204 14205 14376 
f 14376 14205 14206 14377 
f 14377 14206 14207 14378 
f 14378 14207 14208 14379 
f 14379 14208 14209 14380 
f 14380 14209 14382 14381 
f 14381 14382 14383 
f 14384 14387 14386 14385 
f 14357 14389 14388 
f 14390 14392 14391 14436 
f 14393 14394 14384 14385 
f 14395 14396 14331 
f 14397 14398 14386 14387 
f 14393 14385 14391 14392 
f 14385 14386 14391 
f 14386 14398 14399 14391 
f 14400 14402 14373 14401 
f 14402 14403 14365 14373 
f 14403 14389 14357 14365 
f 14389 14403 14384 14394 
f 14403 14402 14387 14384 
f 14402 14400 14397 14387 
f 14404 14398 14397 14405 
f 14405 14397 14400 14406 
f 14406 14400 14401 14407 
f 14407 14401 14409 14408 
f 14408 14409 14383 14410 
f 14410 14383 14382 14411 
f 14411 14382 14301 14289 
f 14412 14414 14347 14413 
f 14413 14347 14348 14415 
f 14415 14348 14356 14416 
f 14416 14356 14418 14417 
f 14417 14418 14388 14419 
f 14419 14388 14389 14420 
f 14420 14389 14394 14421 
f 14421 14394 14393 14422 
f 14422 14393 14392 14423 
f 14423 14392 14390 14424 
f 14424 14390 14426 14425 
f 14425 14426 14428 14427 
f 14427 14428 14430 14429 
f 14429 14430 14396 14431 
f 14431 14396 14395 14432 
f 14432 14395 14414 14412 
f 14399 14398 14404 14433 
f 14428 14426 14435 14434 
f 14382 14209 14301 
f 14381 14383 14409 
f 14409 14373 14381 
f 14401 14373 14409 
f 14357 14418 14356 
f 14357 14388 14418 
f 14347 14414 14339 
f 14348 14346 14356 
f 14338 14347 14339 
f 14395 14331 14339 14414 
f 14331 14396 14430 14330 
f 14330 14430 14428 14434 
f 14426 14390 14436 14435 
f 14435 14436 14309 14310 
f 14249 14241 14304 14305 
f 14296 14297 14257 
s 2
f 14485 14486 14501 14502 
f 14500 14485 14502 14503 
f 14499 14500 14503 14504 
f 14498 14499 14504 14505 
f 14497 14498 14505 14506 
f 14496 14497 14506 14507 
f 14495 14496 14507 14508 
f 14494 14495 14508 14509 
f 14493 14494 14509 14510 
f 14492 14493 14510 14511 
f 14491 14492 14511 14512 
f 14490 14491 14512 14513 
f 14489 14490 14513 14514 
f 14488 14489 14514 14515 
f 14487 14488 14515 14516 
f 14486 14487 14516 14501 
f 14517 14518 14533 14534 
f 14518 14519 14548 14533 
f 14519 14520 14547 14548 
f 14520 14521 14546 14547 
f 14521 14522 14545 14546 
f 14522 14523 14544 14545 
f 14523 14524 14543 14544 
f 14532 14517 14534 14535 
f 14525 14526 14541 14542 
f 14526 14527 14540 14541 
f 14527 14528 14539 14540 
f 14528 14529 14538 14539 
f 14529 14530 14537 14538 
f 14530 14531 14536 14537 
f 14531 14532 14535 14536 
f 14549 14550 14565 14566 
f 14550 14551 14580 14565 
f 14551 14552 14579 14580 
f 14552 14553 14578 14579 
f 14553 14554 14577 14578 
f 14554 14555 14576 14577 
f 14555 14556 14575 14576 
f 14556 14557 14574 14575 
f 14557 14558 14573 14574 
f 14558 14559 14572 14573 
f 14559 14560 14571 14572 
f 14560 14561 14570 14571 
f 14561 14562 14569 14570 
f 14562 14563 14568 14569 
f 14563 14564 14567 14568 
f 14564 14549 14566 14567 
f 14524 14525 14542 14543 
f 14267 14266 14486 14485 
f 14266 14281 14487 14486 
f 14281 14280 14488 14487 
f 14280 14279 14489 14488 
f 14279 14278 14490 14489 
f 14278 14277 14491 14490 
f 14277 14276 14492 14491 
f 14276 14275 14493 14492 
f 14275 14274 14494 14493 
f 14274 14273 14495 14494 
f 14273 14272 14496 14495 
f 14272 14271 14497 14496 
f 14271 14270 14498 14497 
f 14270 14269 14499 14498 
f 14269 14268 14500 14499 
f 14268 14267 14485 14500 
f 14437 14438 14502 14501 
f 14438 14439 14503 14502 
f 14439 14440 14504 14503 
f 14440 14441 14505 14504 
f 14441 14442 14506 14505 
f 14442 14443 14507 14506 
f 14443 14444 14508 14507 
f 14444 14445 14509 14508 
f 14445 14446 14510 14509 
f 14446 14447 14511 14510 
f 14447 14448 14512 14511 
f 14448 14449 14513 14512 
f 14449 14450 14514 14513 
f 14450 14451 14515 14514 
f 14451 14452 14516 14515 
f 14452 14437 14501 14516 
f 14282 14283 14518 14517 
f 14283 14284 14519 14518 
f 14284 14285 14520 14519 
f 14285 14286 14521 14520 
f 14286 14287 14522 14521 
f 14287 14288 14523 14522 
f 14288 14433 14524 14523 
f 14433 14404 14525 14524 
f 14404 14405 14526 14525 
f 14405 14406 14527 14526 
f 14406 14407 14528 14527 
f 14407 14408 14529 14528 
f 14408 14410 14530 14529 
f 14410 14411 14531 14530 
f 14411 14289 14532 14531 
f 14289 14282 14517 14532 
f 14454 14453 14534 14533 
f 14453 14460 14535 14534 
f 14460 14467 14536 14535 
f 14467 14466 14537 14536 
f 14466 14465 14538 14537 
f 14465 14464 14539 14538 
f 14464 14463 14540 14539 
f 14463 14462 14541 14540 
f 14462 14461 14542 14541 
f 14461 14484 14543 14542 
f 14484 14459 14544 14543 
f 14459 14458 14545 14544 
f 14458 14457 14546 14545 
f 14457 14456 14547 14546 
f 14456 14455 14548 14547 
f 14455 14454 14533 14548 
f 14412 14413 14550 14549 
f 14413 14415 14551 14550 
f 14415 14416 14552 14551 
f 14416 14417 14553 14552 
f 14417 14419 14554 14553 
f 14419 14420 14555 14554 
f 14420 14421 14556 14555 
f 14421 14422 14557 14556 
f 14422 14423 14558 14557 
f 14423 14424 14559 14558 
f 14424 14425 14560 14559 
f 14425 14427 14561 14560 
f 14427 14429 14562 14561 
f 14429 14431 14563 14562 
f 14431 14432 14564 14563 
f 14432 14412 14549 14564 
f 14469 14468 14566 14565 
f 14468 14483 14567 14566 
f 14483 14482 14568 14567 
f 14482 14481 14569 14568 
f 14481 14480 14570 14569 
f 14480 14479 14571 14570 
f 14479 14478 14572 14571 
f 14478 14477 14573 14572 
f 14477 14476 14574 14573 
f 14476 14475 14575 14574 
f 14475 14474 14576 14575 
f 14474 14473 14577 14576 
f 14473 14472 14578 14577 
f 14472 14471 14579 14578 
f 14471 14470 14580 14579 
f 14470 14469 14565 14580 
s 1
f 14438 14437 14582 14581 
f 14437 14452 14583 14582 
f 14452 14451 14584 14583 
f 14451 14450 14585 14584 
f 14450 14449 14586 14585 
f 14449 14448 14587 14586 
f 14448 14447 14588 14587 
f 14447 14446 14589 14588 
f 14446 14445 14590 14589 
f 14445 14444 14591 14590 
f 14444 14443 14592 14591 
f 14443 14442 14593 14592 
f 14442 14441 14594 14593 
f 14441 14440 14595 14594 
f 14440 14439 14596 14595 
f 14439 14438 14581 14596 
f 14453 14454 14598 14597 
f 14454 14455 14599 14598 
f 14455 14456 14600 14599 
f 14456 14457 14601 14600 
f 14457 14458 14602 14601 
f 14458 14459 14603 14602 
f 14459 14484 14604 14603 
f 14484 14461 14605 14604 
f 14461 14462 14606 14605 
f 14462 14463 14607 14606 
f 14463 14464 14608 14607 
f 14464 14465 14609 14608 
f 14465 14466 14610 14609 
f 14466 14467 14611 14610 
f 14467 14460 14612 14611 
f 14460 14453 14597 14612 
f 14468 14469 14614 14613 
f 14469 14470 14615 14614 
f 14470 14471 14616 14615 
f 14471 14472 14617 14616 
f 14472 14473 14618 14617 
f 14473 14474 14619 14618 
f 14474 14475 14620 14619 
f 14475 14476 14621 14620 
f 14476 14477 14622 14621 
f 14477 14478 14623 14622 
f 14478 14479 14624 14623 
f 14479 14480 14625 14624 
f 14480 14481 14626 14625 
f 14481 14482 14627 14626 
f 14482 14483 14628 14627 
f 14483 14468 14613 14628 
f 14581 14582 14629 
f 14582 14583 14629 
f 14583 14584 14629 
f 14584 14585 14629 
f 14585 14586 14629 
f 14586 14587 14629 
f 14587 14588 14629 
f 14588 14589 14629 
f 14589 14590 14629 
f 14590 14591 14629 
f 14591 14592 14629 
f 14592 14593 14629 
f 14593 14594 14629 
f 14594 14595 14629 
f 14595 14596 14629 
f 14596 14581 14629 
f 14597 14598 14630 
f 14598 14599 14630 
f 14599 14600 14630 
f 14600 14601 14630 
f 14601 14602 14630 
f 14602 14603 14630 
f 14603 14604 14630 
f 14604 14605 14630 
f 14605 14606 14630 
f 14606 14607 14630 
f 14607 14608 14630 
f 14608 14609 14630 
f 14609 14610 14630 
f 14610 14611 14630 
f 14611 14612 14630 
f 14612 14597 14630 
f 14613 14614 14631 
f 14614 14615 14631 
f 14615 14616 14631 
f 14616 14617 14631 
f 14617 14618 14631 
f 14618 14619 14631 
f 14619 14620 14631 
f 14620 14621 14631 
f 14621 14622 14631 
f 14622 14623 14631 
f 14623 14624 14631 
f 14624 14625 14631 
f 14625 14626 14631 
f 14626 14627 14631 
f 14627 14628 14631 
f 14628 14613 14631 
f 14745 14746 14640 14639 
f 14746 14749 14641 14640 
f 14749 14751 14642 14641 
f 14751 14753 14643 14642 
f 14753 14755 14644 14643 
f 14755 14757 14645 14644 
f 14757 14759 14646 14645 
f 14639 14640 14648 14647 
f 14640 14641 14649 14648 
f 14641 14642 14650 14649 
f 14642 14643 14651 14650 
f 14643 14644 14652 14651 
f 14644 14645 14653 14652 
f 14645 14646 14654 14653 
f 14647 14648 14656 14655 
f 14648 14649 14657 14656 
f 14649 14650 14658 14657 
f 14650 14651 14659 14658 
f 14651 14652 14660 14659 
f 14652 14653 14661 14660 
f 14653 14744 14731 14661 
f 14655 14656 14664 14663 
f 14656 14657 14665 14664 
f 14657 14658 14666 14665 
f 14658 14659 14667 14666 
f 14659 14660 14668 14667 
f 14660 14661 14669 14668 
f 14661 14662 14670 14669 
f 14663 14664 14672 14671 
f 14664 14665 14673 14672 
f 14665 14666 14674 14673 
f 14666 14667 14675 14674 
f 14667 14668 14676 14675 
f 14668 14669 14677 14676 
f 14669 14670 14678 14677 
f 14671 14672 14680 14679 
f 14672 14673 14681 14680 
f 14673 14674 14682 14681 
f 14674 14675 14683 14682 
f 14675 14676 14684 14683 
f 14676 14677 14685 14684 
f 14677 14678 14686 14685 
f 14679 14680 14688 14687 
f 14680 14681 14689 14688 
f 14681 14682 14690 14689 
f 14682 14683 14691 14690 
f 14683 14684 14692 14691 
f 14684 14685 14693 14692 
f 14685 14686 14694 14693 
f 14687 14688 14633 14632 
f 14688 14689 14634 14633 
f 14689 14690 14635 14634 
f 14690 14691 14636 14635 
f 14691 14692 14637 14636 
f 14692 14693 14638 14637 
f 14693 14694 14729 14638 
f 14694 14728 14729 
f 14738 14865 14820 14737 
f 14736 14719 14720 14735 
f 14742 14646 14741 
f 14724 14720 14719 14723 
f 14736 14737 14820 14719 
f 14719 14820 14828 14723 
f 14725 14686 14678 14721 
f 14721 14678 14734 
f 14734 14735 14720 14721 
f 14721 14720 14724 14725 
f 14717 14716 14724 14723 
f 14716 14715 14725 14724 
f 14715 14714 14726 14725 
f 14714 14713 14727 14726 
f 14713 14712 14728 14727 
f 14712 14711 14729 14728 
f 14711 14718 14730 14729 
f 14695 14696 14744 14722 
f 14696 14697 14731 14744 
f 14697 14698 14662 14731 
f 14698 14699 14732 14662 
f 14699 14700 14733 14732 
f 14700 14701 14734 14733 
f 14701 14702 14735 14734 
f 14702 14703 14736 14735 
f 14703 14704 14737 14736 
f 14704 14705 14738 14737 
f 14705 14706 14739 14738 
f 14706 14707 14743 14739 
f 14707 14708 14740 14743 
f 14708 14709 14741 14740 
f 14709 14710 14742 14741 
f 14710 14695 14722 14742 
f 14828 14862 14717 14723 
f 14743 14863 14864 14739 
f 14729 14730 14638 
f 14694 14686 14727 14728 
f 14726 14727 14686 
f 14670 14662 14732 
f 14670 14732 14733 
f 14744 14654 14722 
f 14731 14662 14661 
f 14653 14654 14744 
f 14742 14722 14654 14646 
f 14646 14759 14740 14741 
f 14759 14863 14743 14740 
f 14745 14748 14747 14746 
f 14746 14747 14750 14749 
f 14749 14750 14752 14751 
f 14751 14752 14754 14753 
f 14753 14754 14756 14755 
f 14755 14756 14758 14757 
f 14757 14758 14760 14759 
f 14748 14762 14761 14747 
f 14747 14761 14763 14750 
f 14750 14763 14764 14752 
f 14752 14764 14765 14754 
f 14754 14765 14766 14756 
f 14756 14766 14767 14758 
f 14758 14767 14768 14760 
f 14762 14770 14769 14761 
f 14761 14769 14771 14763 
f 14763 14771 14772 14764 
f 14764 14772 14773 14765 
f 14765 14773 14774 14766 
f 14766 14774 14775 14767 
f 14767 14775 14777 14776 
f 14770 14779 14778 14769 
f 14769 14778 14780 14771 
f 14771 14780 14781 14772 
f 14772 14781 14782 14773 
f 14773 14782 14783 14774 
f 14774 14783 14784 14775 
f 14775 14784 14786 14785 
f 14779 14788 14787 14778 
f 14778 14787 14789 14780 
f 14780 14789 14790 14781 
f 14781 14790 14791 14782 
f 14782 14791 14792 14783 
f 14783 14792 14793 14784 
f 14784 14793 14794 14786 
f 14788 14796 14795 14787 
f 14787 14795 14797 14789 
f 14789 14797 14798 14790 
f 14790 14798 14799 14791 
f 14791 14799 14800 14792 
f 14792 14800 14801 14793 
f 14793 14801 14802 14794 
f 14796 14804 14803 14795 
f 14795 14803 14805 14797 
f 14797 14805 14806 14798 
f 14798 14806 14807 14799 
f 14799 14807 14808 14800 
f 14800 14808 14809 14801 
f 14801 14809 14810 14802 
f 14804 14632 14633 14803 
f 14803 14633 14634 14805 
f 14805 14634 14635 14806 
f 14806 14635 14636 14807 
f 14807 14636 14637 14808 
f 14808 14637 14638 14809 
f 14809 14638 14811 14810 
f 14810 14811 14812 
f 14813 14816 14815 14814 
f 14786 14818 14817 
f 14819 14821 14820 14865 
f 14822 14823 14813 14814 
f 14824 14825 14760 
f 14826 14827 14815 14816 
f 14822 14814 14820 14821 
f 14814 14815 14820 
f 14815 14827 14828 14820 
f 14829 14831 14802 14830 
f 14831 14832 14794 14802 
f 14832 14818 14786 14794 
f 14818 14832 14813 14823 
f 14832 14831 14816 14813 
f 14831 14829 14826 14816 
f 14833 14827 14826 14834 
f 14834 14826 14829 14835 
f 14835 14829 14830 14836 
f 14836 14830 14838 14837 
f 14837 14838 14812 14839 
f 14839 14812 14811 14840 
f 14840 14811 14730 14718 
f 14841 14843 14776 14842 
f 14842 14776 14777 14844 
f 14844 14777 14785 14845 
f 14845 14785 14847 14846 
f 14846 14847 14817 14848 
f 14848 14817 14818 14849 
f 14849 14818 14823 14850 
f 14850 14823 14822 14851 
f 14851 14822 14821 14852 
f 14852 14821 14819 14853 
f 14853 14819 14855 14854 
f 14854 14855 14857 14856 
f 14856 14857 14859 14858 
f 14858 14859 14825 14860 
f 14860 14825 14824 14861 
f 14861 14824 14843 14841 
f 14828 14827 14833 14862 
f 14857 14855 14864 14863 
f 14811 14638 14730 
f 14810 14812 14838 
f 14838 14802 14810 
f 14830 14802 14838 
f 14786 14847 14785 
f 14786 14817 14847 
f 14776 14843 14768 
f 14777 14775 14785 
f 14767 14776 14768 
f 14824 14760 14768 14843 
f 14760 14825 14859 14759 
f 14759 14859 14857 14863 
f 14855 14819 14865 14864 
f 14864 14865 14738 14739 
f 14678 14670 14733 14734 
f 14725 14726 14686 
s 2
f 14914 14915 14930 14931 
f 14929 14914 14931 14932 
f 14928 14929 14932 14933 
f 14927 14928 14933 14934 
f 14926 14927 14934 14935 
f 14925 14926 14935 14936 
f 14924 14925 14936 14937 
f 14923 14924 14937 14938 
f 14922 14923 14938 14939 
f 14921 14922 14939 14940 
f 14920 14921 14940 14941 
f 14919 14920 14941 14942 
f 14918 14919 14942 14943 
f 14917 14918 14943 14944 
f 14916 14917 14944 14945 
f 14915 14916 14945 14930 
f 14946 14947 14962 14963 
f 14947 14948 14977 14962 
f 14948 14949 14976 14977 
f 14949 14950 14975 14976 
f 14950 14951 14974 14975 
f 14951 14952 14973 14974 
f 14952 14953 14972 14973 
f 14961 14946 14963 14964 
f 14954 14955 14970 14971 
f 14955 14956 14969 14970 
f 14956 14957 14968 14969 
f 14957 14958 14967 14968 
f 14958 14959 14966 14967 
f 14959 14960 14965 14966 
f 14960 14961 14964 14965 
f 14978 14979 14994 14995 
f 14979 14980 15009 14994 
f 14980 14981 15008 15009 
f 14981 14982 15007 15008 
f 14982 14983 15006 15007 
f 14983 14984 15005 15006 
f 14984 14985 15004 15005 
f 14985 14986 15003 15004 
f 14986 14987 15002 15003 
f 14987 14988 15001 15002 
f 14988 14989 15000 15001 
f 14989 14990 14999 15000 
f 14990 14991 14998 14999 
f 14991 14992 14997 14998 
f 14992 14993 14996 14997 
f 14993 14978 14995 14996 
f 14953 14954 14971 14972 
f 14696 14695 14915 14914 
f 14695 14710 14916 14915 
f 14710 14709 14917 14916 
f 14709 14708 14918 14917 
f 14708 14707 14919 14918 
f 14707 14706 14920 14919 
f 14706 14705 14921 14920 
f 14705 14704 14922 14921 
f 14704 14703 14923 14922 
f 14703 14702 14924 14923 
f 14702 14701 14925 14924 
f 14701 14700 14926 14925 
f 14700 14699 14927 14926 
f 14699 14698 14928 14927 
f 14698 14697 14929 14928 
f 14697 14696 14914 14929 
f 14866 14867 14931 14930 
f 14867 14868 14932 14931 
f 14868 14869 14933 14932 
f 14869 14870 14934 14933 
f 14870 14871 14935 14934 
f 14871 14872 14936 14935 
f 14872 14873 14937 14936 
f 14873 14874 14938 14937 
f 14874 14875 14939 14938 
f 14875 14876 14940 14939 
f 14876 14877 14941 14940 
f 14877 14878 14942 14941 
f 14878 14879 14943 14942 
f 14879 14880 14944 14943 
f 14880 14881 14945 14944 
f 14881 14866 14930 14945 
f 14711 14712 14947 14946 
f 14712 14713 14948 14947 
f 14713 14714 14949 14948 
f 14714 14715 14950 14949 
f 14715 14716 14951 14950 
f 14716 14717 14952 14951 
f 14717 14862 14953 14952 
f 14862 14833 14954 14953 
f 14833 14834 14955 14954 
f 14834 14835 14956 14955 
f 14835 14836 14957 14956 
f 14836 14837 14958 14957 
f 14837 14839 14959 14958 
f 14839 14840 14960 14959 
f 14840 14718 14961 14960 
f 14718 14711 14946 14961 
f 14883 14882 14963 14962 
f 14882 14889 14964 14963 
f 14889 14896 14965 14964 
f 14896 14895 14966 14965 
f 14895 14894 14967 14966 
f 14894 14893 14968 14967 
f 14893 14892 14969 14968 
f 14892 14891 14970 14969 
f 14891 14890 14971 14970 
f 14890 14913 14972 14971 
f 14913 14888 14973 14972 
f 14888 14887 14974 14973 
f 14887 14886 14975 14974 
f 14886 14885 14976 14975 
f 14885 14884 14977 14976 
f 14884 14883 14962 14977 
f 14841 14842 14979 14978 
f 14842 14844 14980 14979 
f 14844 14845 14981 14980 
f 14845 14846 14982 14981 
f 14846 14848 14983 14982 
f 14848 14849 14984 14983 
f 14849 14850 14985 14984 
f 14850 14851 14986 14985 
f 14851 14852 14987 14986 
f 14852 14853 14988 14987 
f 14853 14854 14989 14988 
f 14854 14856 14990 14989 
f 14856 14858 14991 14990 
f 14858 14860 14992 14991 
f 14860 14861 14993 14992 
f 14861 14841 14978 14993 
f 14898 14897 14995 14994 
f 14897 14912 14996 14995 
f 14912 14911 14997 14996 
f 14911 14910 14998 14997 
f 14910 14909 14999 14998 
f 14909 14908 15000 14999 
f 14908 14907 15001 15000 
f 14907 14906 15002 15001 
f 14906 14905 15003 15002 
f 14905 14904 15004 15003 
f 14904 14903 15005 15004 
f 14903 14902 15006 15005 
f 14902 14901 15007 15006 
f 14901 14900 15008 15007 
f 14900 14899 15009 15008 
f 14899 14898 14994 15009 
s 1
f 14867 14866 15011 15010 
f 14866 14881 15012 15011 
f 14881 14880 15013 15012 
f 14880 14879 15014 15013 
f 14879 14878 15015 15014 
f 14878 14877 15016 15015 
f 14877 14876 15017 15016 
f 14876 14875 15018 15017 
f 14875 14874 15019 15018 
f 14874 14873 15020 15019 
f 14873 14872 15021 15020 
f 14872 14871 15022 15021 
f 14871 14870 15023 15022 
f 14870 14869 15024 15023 
f 14869 14868 15025 15024 
f 14868 14867 15010 15025 
f 14882 14883 15027 15026 
f 14883 14884 15028 15027 
f 14884 14885 15029 15028 
f 14885 14886 15030 15029 
f 14886 14887 15031 15030 
f 14887 14888 15032 15031 
f 14888 14913 15033 15032 
f 14913 14890 15034 15033 
f 14890 14891 15035 15034 
f 14891 14892 15036 15035 
f 14892 14893 15037 15036 
f 14893 14894 15038 15037 
f 14894 14895 15039 15038 
f 14895 14896 15040 15039 
f 14896 14889 15041 15040 
f 14889 14882 15026 15041 
f 14897 14898 15043 15042 
f 14898 14899 15044 15043 
f 14899 14900 15045 15044 
f 14900 14901 15046 15045 
f 14901 14902 15047 15046 
f 14902 14903 15048 15047 
f 14903 14904 15049 15048 
f 14904 14905 15050 15049 
f 14905 14906 15051 15050 
f 14906 14907 15052 15051 
f 14907 14908 15053 15052 
f 14908 14909 15054 15053 
f 14909 14910 15055 15054 
f 14910 14911 15056 15055 
f 14911 14912 15057 15056 
f 14912 14897 15042 15057 
f 15010 15011 15058 
f 15011 15012 15058 
f 15012 15013 15058 
f 15013 15014 15058 
f 15014 15015 15058 
f 15015 15016 15058 
f 15016 15017 15058 
f 15017 15018 15058 
f 15018 15019 15058 
f 15019 15020 15058 
f 15020 15021 15058 
f 15021 15022 15058 
f 15022 15023 15058 
f 15023 15024 15058 
f 15024 15025 15058 
f 15025 15010 15058 
f 15026 15027 15059 
f 15027 15028 15059 
f 15028 15029 15059 
f 15029 15030 15059 
f 15030 15031 15059 
f 15031 15032 15059 
f 15032 15033 15059 
f 15033 15034 15059 
f 15034 15035 15059 
f 15035 15036 15059 
f 15036 15037 15059 
f 15037 15038 15059 
f 15038 15039 15059 
f 15039 15040 15059 
f 15040 15041 15059 
f 15041 15026 15059 
f 15042 15043 15060 
f 15043 15044 15060 
f 15044 15045 15060 
f 15045 15046 15060 
f 15046 15047 15060 
f 15047 15048 15060 
f 15048 15049 15060 
f 15049 15050 15060 
f 15050 15051 15060 
f 15051 15052 15060 
f 15052 15053 15060 
f 15053 15054 15060 
f 15054 15055 15060 
f 15055 15056 15060 
f 15056 15057 15060 
f 15057 15042 15060 
f 15174 15175 15069 15068 
f 15175 15178 15070 15069 
f 15178 15180 15071 15070 
f 15180 15182 15072 15071 
f 15182 15184 15073 15072 
f 15184 15186 15074 15073 
f 15186 15188 15075 15074 
f 15068 15069 15077 15076 
f 15069 15070 15078 15077 
f 15070 15071 15079 15078 
f 15071 15072 15080 15079 
f 15072 15073 15081 15080 
f 15073 15074 15082 15081 
f 15074 15075 15083 15082 
f 15076 15077 15085 15084 
f 15077 15078 15086 15085 
f 15078 15079 15087 15086 
f 15079 15080 15088 15087 
f 15080 15081 15089 15088 
f 15081 15082 15090 15089 
f 15082 15173 15160 15090 
f 15084 15085 15093 15092 
f 15085 15086 15094 15093 
f 15086 15087 15095 15094 
f 15087 15088 15096 15095 
f 15088 15089 15097 15096 
f 15089 15090 15098 15097 
f 15090 15091 15099 15098 
f 15092 15093 15101 15100 
f 15093 15094 15102 15101 
f 15094 15095 15103 15102 
f 15095 15096 15104 15103 
f 15096 15097 15105 15104 
f 15097 15098 15106 15105 
f 15098 15099 15107 15106 
f 15100 15101 15109 15108 
f 15101 15102 15110 15109 
f 15102 15103 15111 15110 
f 15103 15104 15112 15111 
f 15104 15105 15113 15112 
f 15105 15106 15114 15113 
f 15106 15107 15115 15114 
f 15108 15109 15117 15116 
f 15109 15110 15118 15117 
f 15110 15111 15119 15118 
f 15111 15112 15120 15119 
f 15112 15113 15121 15120 
f 15113 15114 15122 15121 
f 15114 15115 15123 15122 
f 15116 15117 15062 15061 
f 15117 15118 15063 15062 
f 15118 15119 15064 15063 
f 15119 15120 15065 15064 
f 15120 15121 15066 15065 
f 15121 15122 15067 15066 
f 15122 15123 15158 15067 
f 15123 15157 15158 
f 15167 15294 15249 15166 
f 15165 15148 15149 15164 
f 15171 15075 15170 
f 15153 15149 15148 15152 
f 15165 15166 15249 15148 
f 15148 15249 15257 15152 
f 15154 15115 15107 15150 
f 15150 15107 15163 
f 15163 15164 15149 15150 
f 15150 15149 15153 15154 
f 15146 15145 15153 15152 
f 15145 15144 15154 15153 
f 15144 15143 15155 15154 
f 15143 15142 15156 15155 
f 15142 15141 15157 15156 
f 15141 15140 15158 15157 
f 15140 15147 15159 15158 
f 15124 15125 15173 15151 
f 15125 15126 15160 15173 
f 15126 15127 15091 15160 
f 15127 15128 15161 15091 
f 15128 15129 15162 15161 
f 15129 15130 15163 15162 
f 15130 15131 15164 15163 
f 15131 15132 15165 15164 
f 15132 15133 15166 15165 
f 15133 15134 15167 15166 
f 15134 15135 15168 15167 
f 15135 15136 15172 15168 
f 15136 15137 15169 15172 
f 15137 15138 15170 15169 
f 15138 15139 15171 15170 
f 15139 15124 15151 15171 
f 15257 15291 15146 15152 
f 15172 15292 15293 15168 
f 15158 15159 15067 
f 15123 15115 15156 15157 
f 15155 15156 15115 
f 15099 15091 15161 
f 15099 15161 15162 
f 15173 15083 15151 
f 15160 15091 15090 
f 15082 15083 15173 
f 15171 15151 15083 15075 
f 15075 15188 15169 15170 
f 15188 15292 15172 15169 
f 15174 15177 15176 15175 
f 15175 15176 15179 15178 
f 15178 15179 15181 15180 
f 15180 15181 15183 15182 
f 15182 15183 15185 15184 
f 15184 15185 15187 15186 
f 15186 15187 15189 15188 
f 15177 15191 15190 15176 
f 15176 15190 15192 15179 
f 15179 15192 15193 15181 
f 15181 15193 15194 15183 
f 15183 15194 15195 15185 
f 15185 15195 15196 15187 
f 15187 15196 15197 15189 
f 15191 15199 15198 15190 
f 15190 15198 15200 15192 
f 15192 15200 15201 15193 
f 15193 15201 15202 15194 
f 15194 15202 15203 15195 
f 15195 15203 15204 15196 
f 15196 15204 15206 15205 
f 15199 15208 15207 15198 
f 15198 15207 15209 15200 
f 15200 15209 15210 15201 
f 15201 15210 15211 15202 
f 15202 15211 15212 15203 
f 15203 15212 15213 15204 
f 15204 15213 15215 15214 
f 15208 15217 15216 15207 
f 15207 15216 15218 15209 
f 15209 15218 15219 15210 
f 15210 15219 15220 15211 
f 15211 15220 15221 15212 
f 15212 15221 15222 15213 
f 15213 15222 15223 15215 
f 15217 15225 15224 15216 
f 15216 15224 15226 15218 
f 15218 15226 15227 15219 
f 15219 15227 15228 15220 
f 15220 15228 15229 15221 
f 15221 15229 15230 15222 
f 15222 15230 15231 15223 
f 15225 15233 15232 15224 
f 15224 15232 15234 15226 
f 15226 15234 15235 15227 
f 15227 15235 15236 15228 
f 15228 15236 15237 15229 
f 15229 15237 15238 15230 
f 15230 15238 15239 15231 
f 15233 15061 15062 15232 
f 15232 15062 15063 15234 
f 15234 15063 15064 15235 
f 15235 15064 15065 15236 
f 15236 15065 15066 15237 
f 15237 15066 15067 15238 
f 15238 15067 15240 15239 
f 15239 15240 15241 
f 15242 15245 15244 15243 
f 15215 15247 15246 
f 15248 15250 15249 15294 
f 15251 15252 15242 15243 
f 15253 15254 15189 
f 15255 15256 15244 15245 
f 15251 15243 15249 15250 
f 15243 15244 15249 
f 15244 15256 15257 15249 
f 15258 15260 15231 15259 
f 15260 15261 15223 15231 
f 15261 15247 15215 15223 
f 15247 15261 15242 15252 
f 15261 15260 15245 15242 
f 15260 15258 15255 15245 
f 15262 15256 15255 15263 
f 15263 15255 15258 15264 
f 15264 15258 15259 15265 
f 15265 15259 15267 15266 
f 15266 15267 15241 15268 
f 15268 15241 15240 15269 
f 15269 15240 15159 15147 
f 15270 15272 15205 15271 
f 15271 15205 15206 15273 
f 15273 15206 15214 15274 
f 15274 15214 15276 15275 
f 15275 15276 15246 15277 
f 15277 15246 15247 15278 
f 15278 15247 15252 15279 
f 15279 15252 15251 15280 
f 15280 15251 15250 15281 
f 15281 15250 15248 15282 
f 15282 15248 15284 15283 
f 15283 15284 15286 15285 
f 15285 15286 15288 15287 
f 15287 15288 15254 15289 
f 15289 15254 15253 15290 
f 15290 15253 15272 15270 
f 15257 15256 15262 15291 
f 15286 15284 15293 15292 
f 15240 15067 15159 
f 15239 15241 15267 
f 15267 15231 15239 
f 15259 15231 15267 
f 15215 15276 15214 
f 15215 15246 15276 
f 15205 15272 15197 
f 15206 15204 15214 
f 15196 15205 15197 
f 15253 15189 15197 15272 
f 15189 15254 15288 15188 
f 15188 15288 15286 15292 
f 15284 15248 15294 15293 
f 15293 15294 15167 15168 
f 15107 15099 15162 15163 
f 15154 15155 15115 
s 2
f 15343 15344 15359 15360 
f 15358 15343 15360 15361 
f 15357 15358 15361 15362 
f 15356 15357 15362 15363 
f 15355 15356 15363 15364 
f 15354 15355 15364 15365 
f 15353 15354 15365 15366 
f 15352 15353 15366 15367 
f 15351 15352 15367 15368 
f 15350 15351 15368 15369 
f 15349 15350 15369 15370 
f 15348 15349 15370 15371 
f 15347 15348 15371 15372 
f 15346 15347 15372 15373 
f 15345 15346 15373 15374 
f 15344 15345 15374 15359 
f 15375 15376 15391 15392 
f 15376 15377 15406 15391 
f 15377 15378 15405 15406 
f 15378 15379 15404 15405 
f 15379 15380 15403 15404 
f 15380 15381 15402 15403 
f 15381 15382 15401 15402 
f 15390 15375 15392 15393 
f 15383 15384 15399 15400 
f 15384 15385 15398 15399 
f 15385 15386 15397 15398 
f 15386 15387 15396 15397 
f 15387 15388 15395 15396 
f 15388 15389 15394 15395 
f 15389 15390 15393 15394 
f 15407 15408 15423 15424 
f 15408 15409 15438 15423 
f 15409 15410 15437 15438 
f 15410 15411 15436 15437 
f 15411 15412 15435 15436 
f 15412 15413 15434 15435 
f 15413 15414 15433 15434 
f 15414 15415 15432 15433 
f 15415 15416 15431 15432 
f 15416 15417 15430 15431 
f 15417 15418 15429 15430 
f 15418 15419 15428 15429 
f 15419 15420 15427 15428 
f 15420 15421 15426 15427 
f 15421 15422 15425 15426 
f 15422 15407 15424 15425 
f 15382 15383 15400 15401 
f 15125 15124 15344 15343 
f 15124 15139 15345 15344 
f 15139 15138 15346 15345 
f 15138 15137 15347 15346 
f 15137 15136 15348 15347 
f 15136 15135 15349 15348 
f 15135 15134 15350 15349 
f 15134 15133 15351 15350 
f 15133 15132 15352 15351 
f 15132 15131 15353 15352 
f 15131 15130 15354 15353 
f 15130 15129 15355 15354 
f 15129 15128 15356 15355 
f 15128 15127 15357 15356 
f 15127 15126 15358 15357 
f 15126 15125 15343 15358 
f 15295 15296 15360 15359 
f 15296 15297 15361 15360 
f 15297 15298 15362 15361 
f 15298 15299 15363 15362 
f 15299 15300 15364 15363 
f 15300 15301 15365 15364 
f 15301 15302 15366 15365 
f 15302 15303 15367 15366 
f 15303 15304 15368 15367 
f 15304 15305 15369 15368 
f 15305 15306 15370 15369 
f 15306 15307 15371 15370 
f 15307 15308 15372 15371 
f 15308 15309 15373 15372 
f 15309 15310 15374 15373 
f 15310 15295 15359 15374 
f 15140 15141 15376 15375 
f 15141 15142 15377 15376 
f 15142 15143 15378 15377 
f 15143 15144 15379 15378 
f 15144 15145 15380 15379 
f 15145 15146 15381 15380 
f 15146 15291 15382 15381 
f 15291 15262 15383 15382 
f 15262 15263 15384 15383 
f 15263 15264 15385 15384 
f 15264 15265 15386 15385 
f 15265 15266 15387 15386 
f 15266 15268 15388 15387 
f 15268 15269 15389 15388 
f 15269 15147 15390 15389 
f 15147 15140 15375 15390 
f 15312 15311 15392 15391 
f 15311 15318 15393 15392 
f 15318 15325 15394 15393 
f 15325 15324 15395 15394 
f 15324 15323 15396 15395 
f 15323 15322 15397 15396 
f 15322 15321 15398 15397 
f 15321 15320 15399 15398 
f 15320 15319 15400 15399 
f 15319 15342 15401 15400 
f 15342 15317 15402 15401 
f 15317 15316 15403 15402 
f 15316 15315 15404 15403 
f 15315 15314 15405 15404 
f 15314 15313 15406 15405 
f 15313 15312 15391 15406 
f 15270 15271 15408 15407 
f 15271 15273 15409 15408 
f 15273 15274 15410 15409 
f 15274 15275 15411 15410 
f 15275 15277 15412 15411 
f 15277 15278 15413 15412 
f 15278 15279 15414 15413 
f 15279 15280 15415 15414 
f 15280 15281 15416 15415 
f 15281 15282 15417 15416 
f 15282 15283 15418 15417 
f 15283 15285 15419 15418 
f 15285 15287 15420 15419 
f 15287 15289 15421 15420 
f 15289 15290 15422 15421 
f 15290 15270 15407 15422 
f 15327 15326 15424 15423 
f 15326 15341 15425 15424 
f 15341 15340 15426 15425 
f 15340 15339 15427 15426 
f 15339 15338 15428 15427 
f 15338 15337 15429 15428 
f 15337 15336 15430 15429 
f 15336 15335 15431 15430 
f 15335 15334 15432 15431 
f 15334 15333 15433 15432 
f 15333 15332 15434 15433 
f 15332 15331 15435 15434 
f 15331 15330 15436 15435 
f 15330 15329 15437 15436 
f 15329 15328 15438 15437 
f 15328 15327 15423 15438 
s 1
f 15296 15295 15440 15439 
f 15295 15310 15441 15440 
f 15310 15309 15442 15441 
f 15309 15308 15443 15442 
f 15308 15307 15444 15443 
f 15307 15306 15445 15444 
f 15306 15305 15446 15445 
f 15305 15304 15447 15446 
f 15304 15303 15448 15447 
f 15303 15302 15449 15448 
f 15302 15301 15450 15449 
f 15301 15300 15451 15450 
f 15300 15299 15452 15451 
f 15299 15298 15453 15452 
f 15298 15297 15454 15453 
f 15297 15296 15439 15454 
f 15311 15312 15456 15455 
f 15312 15313 15457 15456 
f 15313 15314 15458 15457 
f 15314 15315 15459 15458 
f 15315 15316 15460 15459 
f 15316 15317 15461 15460 
f 15317 15342 15462 15461 
f 15342 15319 15463 15462 
f 15319 15320 15464 15463 
f 15320 15321 15465 15464 
f 15321 15322 15466 15465 
f 15322 15323 15467 15466 
f 15323 15324 15468 15467 
f 15324 15325 15469 15468 
f 15325 15318 15470 15469 
f 15318 15311 15455 15470 
f 15326 15327 15472 15471 
f 15327 15328 15473 15472 
f 15328 15329 15474 15473 
f 15329 15330 15475 15474 
f 15330 15331 15476 15475 
f 15331 15332 15477 15476 
f 15332 15333 15478 15477 
f 15333 15334 15479 15478 
f 15334 15335 15480 15479 
f 15335 15336 15481 15480 
f 15336 15337 15482 15481 
f 15337 15338 15483 15482 
f 15338 15339 15484 15483 
f 15339 15340 15485 15484 
f 15340 15341 15486 15485 
f 15341 15326 15471 15486 
f 15439 15440 15487 
f 15440 15441 15487 
f 15441 15442 15487 
f 15442 15443 15487 
f 15443 15444 15487 
f 15444 15445 15487 
f 15445 15446 15487 
f 15446 15447 15487 
f 15447 15448 15487 
f 15448 15449 15487 
f 15449 15450 15487 
f 15450 15451 15487 
f 15451 15452 15487 
f 15452 15453 15487 
f 15453 15454 15487 
f 15454 15439 15487 
f 15455 15456 15488 
f 15456 15457 15488 
f 15457 15458 15488 
f 15458 15459 15488 
f 15459 15460 15488 
f 15460 15461 15488 
f 15461 15462 15488 
f 15462 15463 15488 
f 15463 15464 15488 
f 15464 15465 15488 
f 15465 15466 15488 
f 15466 15467 15488 
f 15467 15468 15488 
f 15468 15469 15488 
f 15469 15470 15488 
f 15470 15455 15488 
f 15471 15472 15489 
f 15472 15473 15489 
f 15473 15474 15489 
f 15474 15475 15489 
f 15475 15476 15489 
f 15476 15477 15489 
f 15477 15478 15489 
f 15478 15479 15489 
f 15479 15480 15489 
f 15480 15481 15489 
f 15481 15482 15489 
f 15482 15483 15489 
f 15483 15484 15489 
f 15484 15485 15489 
f 15485 15486 15489 
f 15486 15471 15489 
f 15603 15604 15498 15497 
f 15604 15607 15499 15498 
f 15607 15609 15500 15499 
f 15609 15611 15501 15500 
f 15611 15613 15502 15501 
f 15613 15615 15503 15502 
f 15615 15617 15504 15503 
f 15497 15498 15506 15505 
f 15498 15499 15507 15506 
f 15499 15500 15508 15507 
f 15500 15501 15509 15508 
f 15501 15502 15510 15509 
f 15502 15503 15511 15510 
f 15503 15504 15512 15511 
f 15505 15506 15514 15513 
f 15506 15507 15515 15514 
f 15507 15508 15516 15515 
f 15508 15509 15517 15516 
f 15509 15510 15518 15517 
f 15510 15511 15519 15518 
f 15511 15602 15589 15519 
f 15513 15514 15522 15521 
f 15514 15515 15523 15522 
f 15515 15516 15524 15523 
f 15516 15517 15525 15524 
f 15517 15518 15526 15525 
f 15518 15519 15527 15526 
f 15519 15520 15528 15527 
f 15521 15522 15530 15529 
f 15522 15523 15531 15530 
f 15523 15524 15532 15531 
f 15524 15525 15533 15532 
f 15525 15526 15534 15533 
f 15526 15527 15535 15534 
f 15527 15528 15536 15535 
f 15529 15530 15538 15537 
f 15530 15531 15539 15538 
f 15531 15532 15540 15539 
f 15532 15533 15541 15540 
f 15533 15534 15542 15541 
f 15534 15535 15543 15542 
f 15535 15536 15544 15543 
f 15537 15538 15546 15545 
f 15538 15539 15547 15546 
f 15539 15540 15548 15547 
f 15540 15541 15549 15548 
f 15541 15542 15550 15549 
f 15542 15543 15551 15550 
f 15543 15544 15552 15551 
f 15545 15546 15491 15490 
f 15546 15547 15492 15491 
f 15547 15548 15493 15492 
f 15548 15549 15494 15493 
f 15549 15550 15495 15494 
f 15550 15551 15496 15495 
f 15551 15552 15587 15496 
f 15552 15586 15587 
f 15596 15723 15678 15595 
f 15594 15577 15578 15593 
f 15600 15504 15599 
f 15582 15578 15577 15581 
f 15594 15595 15678 15577 
f 15577 15678 15686 15581 
f 15583 15544 15536 15579 
f 15579 15536 15592 
f 15592 15593 15578 15579 
f 15579 15578 15582 15583 
f 15575 15574 15582 15581 
f 15574 15573 15583 15582 
f 15573 15572 15584 15583 
f 15572 15571 15585 15584 
f 15571 15570 15586 15585 
f 15570 15569 15587 15586 
f 15569 15576 15588 15587 
f 15553 15554 15602 15580 
f 15554 15555 15589 15602 
f 15555 15556 15520 15589 
f 15556 15557 15590 15520 
f 15557 15558 15591 15590 
f 15558 15559 15592 15591 
f 15559 15560 15593 15592 
f 15560 15561 15594 15593 
f 15561 15562 15595 15594 
f 15562 15563 15596 15595 
f 15563 15564 15597 15596 
f 15564 15565 15601 15597 
f 15565 15566 15598 15601 
f 15566 15567 15599 15598 
f 15567 15568 15600 15599 
f 15568 15553 15580 15600 
f 15686 15720 15575 15581 
f 15601 15721 15722 15597 
f 15587 15588 15496 
f 15552 15544 15585 15586 
f 15584 15585 15544 
f 15528 15520 15590 
f 15528 15590 15591 
f 15602 15512 15580 
f 15589 15520 15519 
f 15511 15512 15602 
f 15600 15580 15512 15504 
f 15504 15617 15598 15599 
f 15617 15721 15601 15598 
f 15603 15606 15605 15604 
f 15604 15605 15608 15607 
f 15607 15608 15610 15609 
f 15609 15610 15612 15611 
f 15611 15612 15614 15613 
f 15613 15614 15616 15615 
f 15615 15616 15618 15617 
f 15606 15620 15619 15605 
f 15605 15619 15621 15608 
f 15608 15621 15622 15610 
f 15610 15622 15623 15612 
f 15612 15623 15624 15614 
f 15614 15624 15625 15616 
f 15616 15625 15626 15618 
f 15620 15628 15627 15619 
f 15619 15627 15629 15621 
f 15621 15629 15630 15622 
f 15622 15630 15631 15623 
f 15623 15631 15632 15624 
f 15624 15632 15633 15625 
f 15625 15633 15635 15634 
f 15628 15637 15636 15627 
f 15627 15636 15638 15629 
f 15629 15638 15639 15630 
f 15630 15639 15640 15631 
f 15631 15640 15641 15632 
f 15632 15641 15642 15633 
f 15633 15642 15644 15643 
f 15637 15646 15645 15636 
f 15636 15645 15647 15638 
f 15638 15647 15648 15639 
f 15639 15648 15649 15640 
f 15640 15649 15650 15641 
f 15641 15650 15651 15642 
f 15642 15651 15652 15644 
f 15646 15654 15653 15645 
f 15645 15653 15655 15647 
f 15647 15655 15656 15648 
f 15648 15656 15657 15649 
f 15649 15657 15658 15650 
f 15650 15658 15659 15651 
f 15651 15659 15660 15652 
f 15654 15662 15661 15653 
f 15653 15661 15663 15655 
f 15655 15663 15664 15656 
f 15656 15664 15665 15657 
f 15657 15665 15666 15658 
f 15658 15666 15667 15659 
f 15659 15667 15668 15660 
f 15662 15490 15491 15661 
f 15661 15491 15492 15663 
f 15663 15492 15493 15664 
f 15664 15493 15494 15665 
f 15665 15494 15495 15666 
f 15666 15495 15496 15667 
f 15667 15496 15669 15668 
f 15668 15669 15670 
f 15671 15674 15673 15672 
f 15644 15676 15675 
f 15677 15679 15678 15723 
f 15680 15681 15671 15672 
f 15682 15683 15618 
f 15684 15685 15673 15674 
f 15680 15672 15678 15679 
f 15672 15673 15678 
f 15673 15685 15686 15678 
f 15687 15689 15660 15688 
f 15689 15690 15652 15660 
f 15690 15676 15644 15652 
f 15676 15690 15671 15681 
f 15690 15689 15674 15671 
f 15689 15687 15684 15674 
f 15691 15685 15684 15692 
f 15692 15684 15687 15693 
f 15693 15687 15688 15694 
f 15694 15688 15696 15695 
f 15695 15696 15670 15697 
f 15697 15670 15669 15698 
f 15698 15669 15588 15576 
f 15699 15701 15634 15700 
f 15700 15634 15635 15702 
f 15702 15635 15643 15703 
f 15703 15643 15705 15704 
f 15704 15705 15675 15706 
f 15706 15675 15676 15707 
f 15707 15676 15681 15708 
f 15708 15681 15680 15709 
f 15709 15680 15679 15710 
f 15710 15679 15677 15711 
f 15711 15677 15713 15712 
f 15712 15713 15715 15714 
f 15714 15715 15717 15716 
f 15716 15717 15683 15718 
f 15718 15683 15682 15719 
f 15719 15682 15701 15699 
f 15686 15685 15691 15720 
f 15715 15713 15722 15721 
f 15669 15496 15588 
f 15668 15670 15696 
f 15696 15660 15668 
f 15688 15660 15696 
f 15644 15705 15643 
f 15644 15675 15705 
f 15634 15701 15626 
f 15635 15633 15643 
f 15625 15634 15626 
f 15682 15618 15626 15701 
f 15618 15683 15717 15617 
f 15617 15717 15715 15721 
f 15713 15677 15723 15722 
f 15722 15723 15596 15597 
f 15536 15528 15591 15592 
f 15583 15584 15544 
s 2
f 15772 15773 15788 15789 
f 15787 15772 15789 15790 
f 15786 15787 15790 15791 
f 15785 15786 15791 15792 
f 15784 15785 15792 15793 
f 15783 15784 15793 15794 
f 15782 15783 15794 15795 
f 15781 15782 15795 15796 
f 15780 15781 15796 15797 
f 15779 15780 15797 15798 
f 15778 15779 15798 15799 
f 15777 15778 15799 15800 
f 15776 15777 15800 15801 
f 15775 15776 15801 15802 
f 15774 15775 15802 15803 
f 15773 15774 15803 15788 
f 15804 15805 15820 15821 
f 15805 15806 15835 15820 
f 15806 15807 15834 15835 
f 15807 15808 15833 15834 
f 15808 15809 15832 15833 
f 15809 15810 15831 15832 
f 15810 15811 15830 15831 
f 15819 15804 15821 15822 
f 15812 15813 15828 15829 
f 15813 15814 15827 15828 
f 15814 15815 15826 15827 
f 15815 15816 15825 15826 
f 15816 15817 15824 15825 
f 15817 15818 15823 15824 
f 15818 15819 15822 15823 
f 15836 15837 15852 15853 
f 15837 15838 15867 15852 
f 15838 15839 15866 15867 
f 15839 15840 15865 15866 
f 15840 15841 15864 15865 
f 15841 15842 15863 15864 
f 15842 15843 15862 15863 
f 15843 15844 15861 15862 
f 15844 15845 15860 15861 
f 15845 15846 15859 15860 
f 15846 15847 15858 15859 
f 15847 15848 15857 15858 
f 15848 15849 15856 15857 
f 15849 15850 15855 15856 
f 15850 15851 15854 15855 
f 15851 15836 15853 15854 
f 15811 15812 15829 15830 
f 15554 15553 15773 15772 
f 15553 15568 15774 15773 
f 15568 15567 15775 15774 
f 15567 15566 15776 15775 
f 15566 15565 15777 15776 
f 15565 15564 15778 15777 
f 15564 15563 15779 15778 
f 15563 15562 15780 15779 
f 15562 15561 15781 15780 
f 15561 15560 15782 15781 
f 15560 15559 15783 15782 
f 15559 15558 15784 15783 
f 15558 15557 15785 15784 
f 15557 15556 15786 15785 
f 15556 15555 15787 15786 
f 15555 15554 15772 15787 
f 15724 15725 15789 15788 
f 15725 15726 15790 15789 
f 15726 15727 15791 15790 
f 15727 15728 15792 15791 
f 15728 15729 15793 15792 
f 15729 15730 15794 15793 
f 15730 15731 15795 15794 
f 15731 15732 15796 15795 
f 15732 15733 15797 15796 
f 15733 15734 15798 15797 
f 15734 15735 15799 15798 
f 15735 15736 15800 15799 
f 15736 15737 15801 15800 
f 15737 15738 15802 15801 
f 15738 15739 15803 15802 
f 15739 15724 15788 15803 
f 15569 15570 15805 15804 
f 15570 15571 15806 15805 
f 15571 15572 15807 15806 
f 15572 15573 15808 15807 
f 15573 15574 15809 15808 
f 15574 15575 15810 15809 
f 15575 15720 15811 15810 
f 15720 15691 15812 15811 
f 15691 15692 15813 15812 
f 15692 15693 15814 15813 
f 15693 15694 15815 15814 
f 15694 15695 15816 15815 
f 15695 15697 15817 15816 
f 15697 15698 15818 15817 
f 15698 15576 15819 15818 
f 15576 15569 15804 15819 
f 15741 15740 15821 15820 
f 15740 15747 15822 15821 
f 15747 15754 15823 15822 
f 15754 15753 15824 15823 
f 15753 15752 15825 15824 
f 15752 15751 15826 15825 
f 15751 15750 15827 15826 
f 15750 15749 15828 15827 
f 15749 15748 15829 15828 
f 15748 15771 15830 15829 
f 15771 15746 15831 15830 
f 15746 15745 15832 15831 
f 15745 15744 15833 15832 
f 15744 15743 15834 15833 
f 15743 15742 15835 15834 
f 15742 15741 15820 15835 
f 15699 15700 15837 15836 
f 15700 15702 15838 15837 
f 15702 15703 15839 15838 
f 15703 15704 15840 15839 
f 15704 15706 15841 15840 
f 15706 15707 15842 15841 
f 15707 15708 15843 15842 
f 15708 15709 15844 15843 
f 15709 15710 15845 15844 
f 15710 15711 15846 15845 
f 15711 15712 15847 15846 
f 15712 15714 15848 15847 
f 15714 15716 15849 15848 
f 15716 15718 15850 15849 
f 15718 15719 15851 15850 
f 15719 15699 15836 15851 
f 15756 15755 15853 15852 
f 15755 15770 15854 15853 
f 15770 15769 15855 15854 
f 15769 15768 15856 15855 
f 15768 15767 15857 15856 
f 15767 15766 15858 15857 
f 15766 15765 15859 15858 
f 15765 15764 15860 15859 
f 15764 15763 15861 15860 
f 15763 15762 15862 15861 
f 15762 15761 15863 15862 
f 15761 15760 15864 15863 
f 15760 15759 15865 15864 
f 15759 15758 15866 15865 
f 15758 15757 15867 15866 
f 15757 15756 15852 15867 
s 1
f 15725 15724 15869 15868 
f 15724 15739 15870 15869 
f 15739 15738 15871 15870 
f 15738 15737 15872 15871 
f 15737 15736 15873 15872 
f 15736 15735 15874 15873 
f 15735 15734 15875 15874 
f 15734 15733 15876 15875 
f 15733 15732 15877 15876 
f 15732 15731 15878 15877 
f 15731 15730 15879 15878 
f 15730 15729 15880 15879 
f 15729 15728 15881 15880 
f 15728 15727 15882 15881 
f 15727 15726 15883 15882 
f 15726 15725 15868 15883 
f 15740 15741 15885 15884 
f 15741 15742 15886 15885 
f 15742 15743 15887 15886 
f 15743 15744 15888 15887 
f 15744 15745 15889 15888 
f 15745 15746 15890 15889 
f 15746 15771 15891 15890 
f 15771 15748 15892 15891 
f 15748 15749 15893 15892 
f 15749 15750 15894 15893 
f 15750 15751 15895 15894 
f 15751 15752 15896 15895 
f 15752 15753 15897 15896 
f 15753 15754 15898 15897 
f 15754 15747 15899 15898 
f 15747 15740 15884 15899 
f 15755 15756 15901 15900 
f 15756 15757 15902 15901 
f 15757 15758 15903 15902 
f 15758 15759 15904 15903 
f 15759 15760 15905 15904 
f 15760 15761 15906 15905 
f 15761 15762 15907 15906 
f 15762 15763 15908 15907 
f 15763 15764 15909 15908 
f 15764 15765 15910 15909 
f 15765 15766 15911 15910 
f 15766 15767 15912 15911 
f 15767 15768 15913 15912 
f 15768 15769 15914 15913 
f 15769 15770 15915 15914 
f 15770 15755 15900 15915 
f 15868 15869 15916 
f 15869 15870 15916 
f 15870 15871 15916 
f 15871 15872 15916 
f 15872 15873 15916 
f 15873 15874 15916 
f 15874 15875 15916 
f 15875 15876 15916 
f 15876 15877 15916 
f 15877 15878 15916 
f 15878 15879 15916 
f 15879 15880 15916 
f 15880 15881 15916 
f 15881 15882 15916 
f 15882 15883 15916 
f 15883 15868 15916 
f 15884 15885 15917 
f 15885 15886 15917 
f 15886 15887 15917 
f 15887 15888 15917 
f 15888 15889 15917 
f 15889 15890 15917 
f 15890 15891 15917 
f 15891 15892 15917 
f 15892 15893 15917 
f 15893 15894 15917 
f 15894 15895 15917 
f 15895 15896 15917 
f 15896 15897 15917 
f 15897 15898 15917 
f 15898 15899 15917 
f 15899 15884 15917 
f 15900 15901 15918 
f 15901 15902 15918 
f 15902 15903 15918 
f 15903 15904 15918 
f 15904 15905 15918 
f 15905 15906 15918 
f 15906 15907 15918 
f 15907 15908 15918 
f 15908 15909 15918 
f 15909 15910 15918 
f 15910 15911 15918 
f 15911 15912 15918 
f 15912 15913 15918 
f 15913 15914 15918 
f 15914 15915 15918 
f 15915 15900 15918 
f 15923 15921 15919 15922 
f 15926 15923 15922 15925 
f 15921 15930 15928 15919 
f 15930 15933 15931 15928 
f 15933 15936 15934 15931 
f 15936 15939 15937 15934 
f 15939 15942 15940 15937 
f 15942 15926 15925 15940 
f 15947 15945 15943 15946 
f 15950 15947 15946 15949 
f 15945 15954 15952 15943 
f 15954 15957 15955 15952 
f 15957 15960 15958 15955 
f 15960 15963 15961 15958 
f 15963 15966 15964 15961 
f 15966 15950 15949 15964 
f 15971 15969 15967 15970 
f 15974 15971 15970 15973 
f 15969 15978 15976 15967 
f 15978 15981 15979 15976 
f 15981 15984 15982 15979 
f 15984 15987 15985 15982 
f 15987 15990 15988 15985 
f 15990 15974 15973 15988 
f 15995 15993 15991 15994 
f 15993 15999 15997 15991 
f 16001 15995 15994 16000 
f 16004 16001 16000 16003 
f 16007 16004 16003 16006 
f 16010 16007 16006 16009 
f 16013 16010 16009 16012 
f 15999 16013 16012 15997 
f 16019 16017 16015 16018 
f 16017 16023 16021 16015 
f 16025 16019 16018 16024 
f 16028 16025 16024 16027 
f 16031 16028 16027 16030 
f 16034 16031 16030 16033 
f 16037 16034 16033 16036 
f 16023 16037 16036 16021 
f 16043 16041 16039 16042 
f 16041 16047 16045 16039 
f 16049 16043 16042 16048 
f 16052 16049 16048 16051 
f 16055 16052 16051 16054 
f 16058 16055 16054 16057 
f 16061 16058 16057 16060 
f 16047 16061 16060 16045 
f 15920 15924 15922 15919 
f 15924 15927 15925 15922 
f 15929 15920 15919 15928 
f 15932 15929 15928 15931 
f 15935 15932 15931 15934 
f 15938 15935 15934 15937 
f 15941 15938 15937 15940 
f 15927 15941 15940 15925 
f 15944 15948 15946 15943 
f 15948 15951 15949 15946 
f 15953 15944 15943 15952 
f 15956 15953 15952 15955 
f 15959 15956 15955 15958 
f 15962 15959 15958 15961 
f 15965 15962 15961 15964 
f 15951 15965 15964 15949 
f 15968 15972 15970 15967 
f 15972 15975 15973 15970 
f 15977 15968 15967 15976 
f 15980 15977 15976 15979 
f 15983 15980 15979 15982 
f 15986 15983 15982 15985 
f 15989 15986 15985 15988 
f 15975 15989 15988 15973 
f 16040 16044 16042 16039 
f 16046 16040 16039 16045 
f 16044 16050 16048 16042 
f 16050 16053 16051 16048 
f 16053 16056 16054 16051 
f 16056 16059 16057 16054 
f 16059 16062 16060 16057 
f 16062 16046 16045 16060 
f 16016 16020 16018 16015 
f 16022 16016 16015 16021 
f 16020 16026 16024 16018 
f 16026 16029 16027 16024 
f 16029 16032 16030 16027 
f 16032 16035 16033 16030 
f 16035 16038 16036 16033 
f 16038 16022 16021 16036 
f 15992 15996 15994 15991 
f 15998 15992 15991 15997 
f 15996 16002 16000 15994 
f 16002 16005 16003 16000 
f 16005 16008 16006 16003 
f 16008 16011 16009 16006 
f 16011 16014 16012 16009 
f 16014 15998 15997 16012 
s 2
f 11844 11843 16063 
f 11845 11844 16063 
f 11846 11845 16063 
f 11847 11846 16063 
f 11848 11847 16063 
f 11849 11848 16063 
f 11850 11849 16063 
f 11851 11850 16063 
f 11852 11851 16063 
f 11843 11853 16063 
f 11853 11854 16063 
f 11854 11855 16063 
f 11855 11856 16063 
f 11856 11857 16063 
f 11857 11858 16063 
f 11858 11859 16063 
f 11859 11860 16063 
f 11860 11861 16063 
f 11863 11862 16063 
f 11862 11864 16063 
f 11864 11865 16063 
f 11865 11866 16063 
f 11866 11867 16063 
f 11867 11868 16063 
f 11868 11869 16063 
f 11869 11870 16063 
f 11870 11852 16063 
f 11871 11863 16063 
f 11872 11871 16063 
f 11873 11872 16063 
f 11874 11873 16063 
f 11875 11874 16063 
f 11876 11875 16063 
f 11877 11876 16063 
f 11878 11877 16063 
f 11861 11878 16063 
# 14458 polygons - 630 triangles

