# 3ds Max Wavefront OBJ Exporter v0.99 - (c)2007 guruware
# File Created: 16.07.2025 10:33:11

#
# object 31461IN
#

v  0.0000 -6.2666 1.1872
v  0.0000 0.3927 -1.0276
v  0.0000 -8.4852 4.6505
v  0.0000 2.5447 2.9219
v  0.0000 -1.1173 0.7478
v  0.0000 -7.6528 0.0055
v  0.0000 -1.5076 0.4356
v  0.0000 3.7855 4.7280
v  -0.0079 9.4143 0.0000
v  -0.6696 4.4171 5.4962
v  -0.6811 4.5346 5.5394
v  -0.6600 4.3199 5.4343
v  -0.1308 -1.0531 -1.2126
v  -0.0984 -1.3817 -1.2126
v  -1.3321 4.3162 5.5023
v  -1.3555 4.4334 5.5418
v  -1.3130 4.2197 5.4400
v  -0.2602 -1.0730 -1.2119
v  -0.1959 -1.3962 -1.2126
v  -1.9815 4.1509 5.5078
v  -2.0165 4.2666 5.5443
v  -1.9528 4.0563 5.4451
v  -0.3871 -1.1049 -1.2118
v  -0.2915 -1.4201 -1.2126
v  -2.6114 3.9234 5.5120
v  -2.6581 4.0360 5.5465
v  -2.5735 3.8317 5.4490
v  -0.5104 -1.1491 -1.2117
v  -0.3843 -1.4533 -1.2126
v  -3.2167 3.6369 5.5125
v  -3.2742 3.7444 5.5471
v  -3.1700 3.5495 5.4492
v  -0.6287 -1.2050 -1.2118
v  -0.4734 -1.4955 -1.2126
v  -3.7922 3.2943 5.5080
v  -3.8593 3.3947 5.5450
v  -3.7377 3.2128 5.4445
v  -0.7414 -1.2716 -1.2126
v  -0.5579 -1.5461 -1.2126
v  -4.3326 2.8981 5.4999
v  -4.4080 2.9900 5.5407
v  -4.2709 2.8230 5.4371
v  -0.8466 -1.3496 -1.2126
v  -0.6371 -1.6048 -1.2126
v  -4.8318 2.4507 5.4915
v  -4.9147 2.5335 5.5360
v  -4.7633 2.3822 5.4300
v  -0.9436 -1.4375 -1.2126
v  -0.7101 -1.6710 -1.2126
v  -5.2842 1.9555 5.4856
v  -5.3736 2.0289 5.5334
v  -5.2090 1.8938 5.4260
v  -1.0316 -1.5346 -1.2126
v  -0.7763 -1.7440 -1.2126
v  -5.6835 1.4164 5.4865
v  -5.7800 1.4809 5.5334
v  -5.6024 1.3622 5.4271
v  -1.1096 -1.6398 -1.2126
v  -0.8350 -1.8232 -1.2126
v  -6.0263 0.8400 5.4916
v  -6.1299 0.8954 5.5353
v  -5.9389 0.7932 5.4327
v  -1.1769 -1.7521 -1.2126
v  -0.8857 -1.9077 -1.2126
v  -6.3100 0.2325 5.4990
v  -6.4204 0.2783 5.5380
v  -6.2163 0.1937 5.4410
v  -1.2329 -1.8705 -1.2126
v  -0.9278 -1.9968 -1.2126
v  -6.5328 -0.3994 5.5059
v  -6.6489 -0.3642 5.5404
v  -6.4339 -0.4294 5.4487
v  -1.2770 -1.9938 -1.2126
v  -0.9610 -2.0896 -1.2126
v  -6.6943 -1.0496 5.5087
v  -6.8141 -1.0257 5.5412
v  -6.5918 -1.0700 5.4524
v  -1.3088 -2.1208 -1.2126
v  -0.9850 -2.1852 -1.2126
v  -6.7935 -1.7121 5.5068
v  -6.9146 -1.7001 5.5403
v  -6.6892 -1.7223 5.4511
v  -1.3281 -2.2504 -1.2126
v  -0.9994 -2.2827 -1.2126
v  -6.8284 -2.3812 5.5023
v  -6.9490 -2.3812 5.5387
v  -6.7241 -2.3812 5.4469
v  -1.3345 -2.3812 -1.2126
v  -1.0043 -2.3812 -1.2126
v  -6.7973 -3.0506 5.4982
v  -6.9163 -3.0624 5.5373
v  -6.6947 -3.0405 5.4422
v  -1.3281 -2.5120 -1.2126
v  -0.9994 -2.4796 -1.2126
v  -6.6999 -3.7138 5.4961
v  -6.8166 -3.7371 5.5365
v  -6.5994 -3.6938 5.4398
v  -1.3088 -2.6415 -1.2126
v  -0.9850 -2.5771 -1.2126
v  -6.5371 -4.3642 5.4959
v  -6.6509 -4.3987 5.5365
v  -6.4387 -4.3343 5.4402
v  -1.2770 -2.7685 -1.2126
v  -0.9610 -2.6727 -1.2126
v  -6.3106 -4.9951 5.4975
v  -6.4208 -5.0407 5.5372
v  -6.2153 -4.9556 5.4418
v  -1.2329 -2.8918 -1.2126
v  -0.9278 -2.7655 -1.2126
v  -6.0235 -5.6008 5.4989
v  -6.1290 -5.6572 5.5378
v  -5.9322 -5.5520 5.4432
v  -1.1769 -3.0102 -1.2126
v  -0.8857 -2.8546 -1.2126
v  -5.6787 -6.1756 5.4993
v  -5.7783 -6.2421 5.5380
v  -5.5925 -6.1180 5.4436
v  -1.1096 -3.1225 -1.2126
v  -0.8350 -2.9391 -1.2126
v  -5.2796 -6.7140 5.4990
v  -5.3721 -6.7899 5.5380
v  -5.1994 -6.6482 5.4434
v  -1.0316 -3.2277 -1.2126
v  -0.7763 -3.0183 -1.2126
v  -4.8296 -7.2107 5.4984
v  -4.9142 -7.2953 5.5377
v  -4.7564 -7.1375 5.4429
v  -0.9436 -3.3248 -1.2126
v  -0.7101 -3.0913 -1.2126
v  -4.3333 -7.6613 5.4972
v  -4.4090 -7.7535 5.5371
v  -4.2682 -7.5820 5.4407
v  -0.8466 -3.4127 -1.2126
v  -0.6371 -3.1575 -1.2126
v  -3.7952 -8.0610 5.4960
v  -3.8613 -8.1599 5.5367
v  -3.7384 -7.9760 5.4396
v  -0.7414 -3.4907 -1.2126
v  -0.5579 -3.2162 -1.2126
v  -3.2204 -8.4060 5.4953
v  -3.2768 -8.5104 5.5364
v  -3.1724 -8.3166 5.4380
v  -0.6291 -3.5581 -1.2126
v  -0.4734 -3.2668 -1.2126
v  -2.6144 -8.6928 5.4949
v  -2.6604 -8.8018 5.5361
v  -2.5755 -8.5994 5.4376
v  -0.5107 -3.6140 -1.2126
v  -0.3843 -3.3090 -1.2126
v  -1.9831 -8.9186 5.4950
v  -2.0193 -9.0314 5.5361
v  -1.9533 -8.8215 5.4383
v  -0.3874 -3.6582 -1.2126
v  -0.2915 -3.3422 -1.2126
v  -1.3328 -9.0814 5.4953
v  -1.3571 -9.1973 5.5361
v  -1.3128 -8.9822 5.4379
v  -0.2603 -3.6900 -1.2126
v  -0.1959 -3.3661 -1.2126
v  -0.6696 -9.1796 5.4956
v  -0.6828 -9.2974 5.5362
v  -0.6594 -9.0788 5.4383
v  -0.1308 -3.7092 -1.2126
v  -0.0984 -3.3806 -1.2126
v  0.0000 -3.3854 -1.2126
v  -11.1384 -1.6727 5.5433
v  -10.5208 -2.2812 5.5440
v  -10.5372 -2.2992 5.5266
v  -11.1527 -1.6919 5.5258
v  -9.8964 -2.8950 5.5447
v  -9.9126 -2.9142 5.5274
v  -9.2713 -3.5082 5.5445
v  -9.2867 -3.5279 5.5269
v  -8.6435 -4.1187 5.5433
v  -8.6575 -4.1383 5.5256
v  -8.0076 -4.7208 5.5439
v  -8.0213 -4.7415 5.5263
v  -7.3703 -5.3213 5.5434
v  -7.3830 -5.3423 5.5256
v  -6.7321 -5.9207 5.5430
v  -6.7439 -5.9423 5.5251
v  -6.0943 -6.5206 5.5428
v  -6.1055 -6.5427 5.5247
v  -5.5583 -7.0307 5.5419
v  -5.5697 -7.0516 5.5234
v  -5.0647 -7.4862 5.5432
v  -5.0786 -7.5069 5.5246
v  -4.5513 -7.9179 5.5472
v  -4.5695 -7.9405 5.5299
v  -11.1614 -1.5818 5.5047
v  -10.4742 -0.8947 5.5049
v  -10.4637 -0.9069 5.5282
v  -11.1528 -1.5960 5.5280
v  -9.7765 -0.1970 5.5051
v  -9.7668 -0.2101 5.5283
v  -9.0788 0.5007 5.5048
v  -9.0701 0.4868 5.5281
v  -8.3812 1.1984 5.5048
v  -8.3733 1.1836 5.5281
v  -7.6835 1.8961 5.5048
v  -7.6765 1.8804 5.5281
v  -6.9858 2.5938 5.5048
v  -6.9797 2.5773 5.5281
v  -6.2881 3.2915 5.5048
v  -6.2829 3.2741 5.5281
v  -5.5839 3.9957 5.5048
v  -5.5734 3.9835 5.5281
v  -4.8853 4.6943 5.5048
v  -4.8749 4.6821 5.5281
v  -4.1867 5.3928 5.5049
v  -4.1762 5.3805 5.5283
v  -3.4873 6.0903 5.5078
v  -3.4767 6.0779 5.5296
v  -2.7886 6.7909 5.5049
v  -2.7781 6.7787 5.5282
v  -2.0912 7.4884 5.5048
v  -2.0811 7.4759 5.5281
v  -1.3926 8.1870 5.5048
v  -1.3824 8.1746 5.5281
v  -0.6938 8.8857 5.5049
v  -0.6831 8.8735 5.5283
v  -0.0071 9.5677 5.5111
v  -0.0071 9.5416 5.5332
v  -11.1883 -1.6159 5.5031
v  -11.1731 -1.5936 5.5047
v  -11.1621 -1.6054 5.5280
v  -11.1738 -1.6223 5.5271
v  -9.8494 -1.5221 2.0515
v  -10.4199 -0.9649 2.0634
v  -10.5889 -1.1395 2.7341
v  -10.0111 -1.7027 2.7234
v  -9.2644 -2.0989 2.0501
v  -9.4173 -2.2867 2.7225
v  -8.6771 -2.6734 2.0499
v  -8.8213 -2.8686 2.7226
v  -8.0857 -3.2442 2.0514
v  -8.2216 -3.4475 2.7240
v  -7.4937 -3.8147 2.0515
v  -7.6214 -4.0260 2.7234
v  -6.8976 -4.3809 2.0526
v  -7.0170 -4.5999 2.7242
v  -6.2989 -4.9441 2.0527
v  -6.4107 -5.1715 2.7240
v  -5.7004 -5.5070 2.0527
v  -5.8044 -5.7427 2.7236
v  -5.1329 -6.0335 2.0550
v  -5.2416 -6.2661 2.7252
v  -4.5814 -6.5411 2.0549
v  -4.7009 -6.7649 2.7242
v  -2.5022 -7.9936 2.0522
v  -3.0379 -7.7238 2.0510
v  -3.1217 -7.9620 2.7187
v  -2.5648 -8.2435 2.7181
v  -1.9244 -8.2170 2.0512
v  -1.9678 -8.4742 2.7160
v  -1.3064 -8.3940 2.0477
v  -1.3314 -8.6436 2.7158
v  -0.6524 -8.5008 2.0491
v  -0.6644 -8.7497 2.7170
v  -10.4810 -2.2326 4.9351
v  -11.0895 -1.6394 4.9406
v  -11.1221 -1.6732 5.1112
v  -10.5124 -2.2685 5.1071
v  -10.3122 -2.0410 4.0785
v  -10.9086 -1.4594 4.0872
v  -11.0526 -1.6033 4.7709
v  -10.4469 -2.1940 4.7640
v  -10.1651 -1.8753 3.3993
v  -10.7521 -1.3008 3.4096
v  -10.0439 -0.5898 0.7392
v  -9.4910 -1.1251 0.7249
v  -9.3042 -0.9191 0.0853
v  -9.8462 -0.3964 0.1046
v  -10.2335 -0.7836 1.3991
v  -9.6746 -1.3282 1.3860
v  -9.8592 -2.8409 4.9352
v  -9.8888 -2.8790 5.1074
v  -9.7015 -2.6402 4.0780
v  -9.8275 -2.8007 4.7637
v  -9.5639 -2.4681 3.3980
v  -8.9212 -1.6848 0.7241
v  -8.7428 -1.4717 0.0830
v  -9.0978 -1.8969 1.3846
v  -9.2370 -3.4489 4.9352
v  -9.2642 -3.4886 5.1075
v  -9.0889 -3.2378 4.0783
v  -9.2075 -3.4068 4.7637
v  -8.9599 -3.0581 3.3980
v  -8.3501 -2.2433 0.7238
v  -8.1806 -2.0234 0.0815
v  -8.5188 -2.4637 1.3843
v  -8.6127 -4.0554 4.9350
v  -8.6371 -4.0960 5.1070
v  -8.4741 -3.8341 4.0789
v  -8.5857 -4.0120 4.7638
v  -8.3519 -3.6450 3.3994
v  -7.7760 -2.7988 0.7250
v  -7.6141 -2.5708 0.0841
v  -7.9354 -3.0262 1.3859
v  -7.9853 -4.6586 4.9331
v  -8.0062 -4.6995 5.1060
v  -7.8554 -4.4261 4.0782
v  -7.9611 -4.6142 4.7613
v  -7.7433 -4.2313 3.3983
v  -7.2017 -3.3543 0.7258
v  -7.0479 -3.1184 0.0866
v  -7.3517 -3.5885 1.3866
v  -7.3548 -5.2581 4.9325
v  -7.3722 -5.2994 5.1057
v  -7.2333 -5.0141 4.0789
v  -7.3322 -5.2113 4.7609
v  -7.1300 -4.8121 3.3991
v  -6.6243 -3.9067 0.7267
v  -6.4793 -3.6635 0.0883
v  -6.7643 -4.1472 1.3880
v  -6.7228 -5.8559 4.9312
v  -6.7366 -5.8975 5.1049
v  -6.6105 -5.6011 4.0784
v  -6.7034 -5.8084 4.7592
v  -6.5151 -5.3911 3.3989
v  -6.0436 -4.4555 0.7263
v  -5.9060 -4.2037 0.0885
v  -6.1736 -4.7023 1.3883
v  -6.0904 -6.4532 4.9300
v  -6.1011 -6.4955 5.1041
v  -5.9873 -6.1874 4.0780
v  -6.0737 -6.4044 4.7578
v  -5.8999 -5.9694 3.3987
v  -5.4630 -5.0042 0.7259
v  -5.3326 -4.7438 0.0887
v  -5.5831 -5.2571 1.3886
v  -5.5495 -6.9629 4.9299
v  -5.5618 -7.0035 5.1040
v  -5.4371 -6.7032 4.0785
v  -5.5312 -6.9158 4.7576
v  -5.3432 -6.4889 3.3998
v  -4.8904 -5.5380 0.7281
v  -4.7585 -5.2819 0.0929
v  -5.0123 -5.7872 1.3910
v  -5.0507 -7.4237 4.9283
v  -5.0667 -7.4611 5.1027
v  -4.9214 -7.1802 4.0765
v  -5.0288 -7.3800 4.7558
v  -4.8148 -6.9769 3.3982
v  -4.3213 -6.0634 0.7296
v  -4.1836 -5.8154 0.0974
v  -4.4511 -6.3040 1.3918
v  -3.7452 -6.5803 0.7259
v  -3.6002 -6.3436 0.0889
v  -3.8839 -6.8132 1.3864
v  -4.0226 -7.0396 2.0491
v  -2.7319 -8.9362 4.9278
v  -3.3644 -8.6379 4.9266
v  -3.3766 -8.6775 5.1005
v  -2.7398 -8.9774 5.1013
v  -2.6739 -8.6894 4.0704
v  -3.2773 -8.3943 4.0706
v  -3.3495 -8.5948 4.7536
v  -2.7222 -8.8920 4.7550
v  -2.6218 -8.4738 3.3915
v  -3.2024 -8.1844 3.3921
v  -2.0714 -9.1684 4.9286
v  -2.0759 -9.2099 5.1018
v  -2.0373 -8.9249 4.0694
v  -2.0660 -9.1243 4.7558
v  -2.0049 -8.7083 3.3895
v  -2.8569 -7.2239 0.7250
v  -2.3698 -7.4782 0.7256
v  -2.2882 -7.2168 0.0897
v  -2.7567 -6.9681 0.0887
v  -1.3902 -9.3336 4.9294
v  -1.3925 -9.3753 5.1022
v  -1.3718 -9.0935 4.0696
v  -1.3874 -9.2898 4.7569
v  -1.3534 -8.8775 3.3895
v  -0.6835 -9.1974 4.0706
v  -0.6905 -9.3908 4.7580
v  -0.6749 -8.9826 3.3906
v  -0.6927 -9.4341 4.9302
v  -0.6933 -9.4759 5.1027
v  0.0000 -9.4249 4.7593
v  -11.1615 -1.5720 5.2935
v  -11.1756 -1.5915 5.2902
v  -11.1496 -1.5641 5.1182
v  -11.1370 -1.5475 5.1224
v  -11.0669 -1.4774 4.7811
v  -11.0838 -1.5028 4.7760
v  -10.9398 -1.3580 4.0946
v  -10.9234 -1.3339 4.1005
v  -10.7828 -1.2014 3.4191
v  -10.7657 -1.1762 3.4271
v  -10.6200 -1.0373 2.7468
v  -10.6017 -1.0122 2.7559
v  -10.4480 -0.8644 2.0790
v  -10.4295 -0.8399 2.0891
v  -10.2661 -0.6841 1.4158
v  -10.2478 -0.6583 1.4272
v  -10.0749 -0.4927 0.7583
v  -10.0568 -0.4672 0.7707
v  -9.8805 -0.2995 0.1242
v  -9.8646 -0.2749 0.1370
v  -10.0156 -0.4261 3.4692
v  -10.7510 -1.1614 3.4279
v  -10.5884 -0.9988 2.7626
v  -9.8614 -0.2719 2.8015
v  -9.3479 0.2417 3.4692
v  -9.2039 0.3856 2.8015
v  -8.6802 0.9094 3.4692
v  -8.5465 1.0431 2.8015
v  -8.0124 1.5771 3.4692
v  -7.8890 1.7005 2.8015
v  -7.3447 2.2449 3.4692
v  -7.2315 2.3580 2.8015
v  -6.6769 2.9126 3.4692
v  -6.5741 3.0155 2.8015
v  -6.0092 3.5804 3.4692
v  -5.9166 3.6730 2.8015
v  -5.3415 4.2481 3.4692
v  -5.2591 4.3304 2.8015
v  -4.6737 4.9158 3.4692
v  -4.6017 4.9879 2.8015
v  -4.0060 5.5836 3.4692
v  -3.9442 5.6454 2.8015
v  -3.3387 6.2509 3.4646
v  -3.2873 6.3022 2.7953
v  -2.6710 6.9186 3.4646
v  -2.6299 6.9597 2.7953
v  -2.0032 7.5863 3.4646
v  -1.9724 7.6171 2.7953
v  -1.3355 8.2541 3.4646
v  -1.3149 8.2746 2.7953
v  -0.6677 8.9218 3.4646
v  -0.6575 8.9321 2.7953
v  -0.0071 9.5825 3.4646
v  -0.0071 9.5825 2.7953
v  -9.3987 0.1908 0.7983
v  -10.0416 -0.4520 0.7713
v  -9.8462 -0.2565 0.1394
v  -9.2491 0.3405 0.1505
v  -9.5530 0.0366 1.4660
v  -10.2347 -0.6451 1.4346
v  -9.7072 -0.1176 2.1338
v  -10.4162 -0.8267 2.0961
v  -11.0878 -1.4982 4.9519
v  -10.3623 -0.7727 4.9700
v  -10.4004 -0.8109 5.1352
v  -11.1233 -1.5337 5.1271
v  -10.9099 -1.3204 4.1065
v  -10.1699 -0.5803 4.1370
v  -10.3241 -0.7345 4.8047
v  -11.0523 -1.4627 4.7816
v  -8.7721 0.8175 0.7983
v  -8.6324 0.9571 0.1506
v  -8.9160 0.6735 1.4660
v  -9.0600 0.5296 2.1338
v  -9.6714 -0.0819 4.9700
v  -9.7070 -0.1175 5.1353
v  -9.4919 0.0977 4.1370
v  -9.6358 -0.0463 4.8047
v  -8.2756 1.3069 1.4660
v  -8.1454 1.4441 0.7983
v  -8.4116 1.1756 2.1338
v  -8.9806 0.6089 4.9699
v  -9.0137 0.5759 5.1351
v  -8.8138 0.7757 4.1370
v  -8.9475 0.6420 4.8047
v  -7.6422 1.9474 1.4660
v  -7.5188 2.0708 0.7983
v  -7.7656 1.8240 2.1338
v  -8.2898 1.2998 4.9699
v  -8.3203 1.2692 5.1351
v  -8.1358 1.4537 4.1370
v  -8.2592 1.3303 4.8047
v  -6.8921 2.6974 0.7983
v  -7.3990 2.1905 0.1506
v  -6.7824 2.8072 0.1506
v  -7.0053 2.5843 1.4660
v  -7.1184 2.4712 2.1338
v  -7.5990 1.9906 4.9699
v  -7.6269 1.9626 5.1351
v  -7.4578 2.1317 4.1370
v  -7.5710 2.0186 4.8047
v  -6.2655 3.3241 0.7983
v  -6.1657 3.4239 0.1506
v  -6.3683 3.2212 1.4660
v  -6.4712 3.1184 2.1338
v  -6.9081 2.6814 4.9699
v  -6.9336 2.6560 5.1351
v  -6.7798 2.8097 4.1370
v  -6.8827 2.7069 4.8047
v  -5.6388 3.9507 0.7983
v  -5.5490 4.0406 0.1506
v  -5.7314 3.8581 1.4660
v  -5.8240 3.7655 2.1338
v  -6.2173 3.3722 4.9699
v  -6.2402 3.3493 5.1351
v  -6.1018 3.4878 4.1370
v  -6.1944 3.3952 4.8047
v  -5.0122 4.5774 0.7983
v  -4.9323 4.6573 0.1506
v  -5.0945 4.4951 1.4660
v  -5.1768 4.4127 2.1338
v  -5.5265 4.0631 4.9699
v  -5.5468 4.0427 5.1351
v  -5.4238 4.1658 4.1370
v  -5.5061 4.0834 4.8047
v  -4.3855 5.2041 0.7983
v  -4.3156 5.2739 0.1506
v  -4.4576 5.1320 1.4660
v  -4.5296 5.0599 2.1338
v  -4.8357 4.7539 4.9699
v  -4.8535 4.7361 5.1351
v  -4.7458 4.8438 4.1370
v  -4.8178 4.7717 4.8047
v  -3.7588 5.8307 0.7983
v  -3.6970 5.8926 0.1506
v  -3.8206 5.7689 1.4660
v  -3.8824 5.7071 2.1338
v  -4.1448 5.4447 4.9699
v  -4.1601 5.4294 5.1351
v  -4.0678 5.5218 4.1370
v  -4.1295 5.4600 4.8047
v  -3.1333 6.4563 0.7874
v  -3.0819 6.5078 0.1381
v  -3.1846 6.4049 1.4567
v  -3.2360 6.3536 2.1260
v  -3.4541 6.1354 4.9687
v  -3.4668 6.1227 5.1343
v  -3.3901 6.1995 4.1339
v  -3.4414 6.1481 4.8031
v  -2.5070 7.0833 0.7906
v  -2.4668 7.1230 0.1381
v  -2.5477 7.0419 1.4567
v  -2.5888 7.0008 2.1260
v  -2.7633 6.8263 4.9687
v  -2.7735 6.8161 5.1343
v  -2.7120 6.8775 4.1339
v  -2.7531 6.8364 4.8031
v  -1.9108 7.6788 1.4567
v  -1.8800 7.7096 0.7874
v  -1.9416 7.6480 2.1260
v  -2.0725 7.5171 4.9687
v  -2.0801 7.5095 5.1343
v  -2.0340 7.5555 4.1339
v  -2.0649 7.5247 4.8031
v  -1.2738 8.3157 1.4567
v  -1.2533 8.3362 0.7874
v  -1.2944 8.2952 2.1260
v  -1.3816 8.2079 4.9687
v  -1.3867 8.2028 5.1343
v  -1.3560 8.2335 4.1339
v  -1.3766 8.2130 4.8031
v  -0.6267 8.9629 0.7874
v  -1.2334 8.3562 0.1381
v  -0.6167 8.9729 0.1381
v  -0.6369 8.9526 1.4567
v  -0.6472 8.9424 2.1260
v  -0.6908 8.8987 4.9687
v  -0.6934 8.8962 5.1343
v  -0.6780 8.9115 4.1339
v  -0.6883 8.9013 4.8031
v  -0.0071 9.5825 0.7874
v  -0.0070 9.5826 0.1383
v  -0.0071 9.5825 1.4567
v  -0.0071 9.5825 2.1260
v  -0.0071 9.5825 4.9687
v  -0.0071 9.5825 5.1343
v  -0.0071 9.5825 4.1339
v  -0.0071 9.5825 4.8031
v  -11.1197 -1.5958 4.9406
v  -11.1246 -1.5640 4.9429
v  -11.1596 -1.5964 5.1139
v  -11.1546 -1.6307 5.1112
v  -10.9460 -1.3885 4.0893
v  -11.0897 -1.5330 4.7719
v  -11.0837 -1.5633 4.7701
v  -10.9399 -1.4191 4.0867
v  -10.7886 -1.2307 3.4132
v  -10.7828 -1.2608 3.4097
v  -10.6267 -1.0681 2.7393
v  -10.6206 -1.0989 2.7349
v  -10.4551 -0.8933 2.0708
v  -10.4503 -0.9241 2.0652
v  -10.2716 -0.7140 1.4067
v  -10.2651 -0.7437 1.4010
v  -10.0804 -0.5207 0.7487
v  -10.0746 -0.5501 0.7420
v  -9.8778 -0.3571 0.1066
v  -9.8849 -0.3284 0.1137
v  -11.1168 -1.5334 4.9469
v  -11.1038 -1.6255 4.9407
v  -11.1364 -1.6593 5.1113
v  -11.0669 -1.5894 4.7710
v  -10.9230 -1.4454 4.0874
v  -10.7664 -1.2868 3.4098
v  -10.6032 -1.1255 2.7344
v  -10.4342 -0.9509 2.0637
v  -10.2478 -0.7696 1.3994
v  -10.0583 -0.5758 0.7396
v  -9.8604 -0.3821 0.1039
v  -11.1886 -1.6719 5.5008
v  -11.1942 -1.6439 5.5017
v  -11.1784 -1.6441 5.5263
v  -11.1742 -1.6659 5.5258
v  -11.1737 -1.6943 5.5007
v  -11.1630 -1.6829 5.5258
v  -11.1611 -1.7058 5.5007
v  -10.5479 -2.3113 5.5014
v  -10.5511 -2.3159 5.4657
v  -11.1621 -1.7129 5.4659
v  -11.1177 -1.6465 5.5512
v  -10.4968 -2.2555 5.5512
v  -9.9230 -2.9274 5.5020
v  -9.9260 -2.9330 5.4654
v  -9.8724 -2.8679 5.5512
v  -9.2963 -3.5416 5.5014
v  -9.2987 -3.5480 5.4652
v  -9.2480 -3.4804 5.5512
v  -8.6658 -4.1520 5.5003
v  -8.6664 -4.1578 5.4649
v  -8.6222 -4.0914 5.5512
v  -8.0292 -4.7562 5.5009
v  -8.0293 -4.7625 5.4647
v  -7.9862 -4.6918 5.5512
v  -7.3900 -5.3573 5.5001
v  -7.3894 -5.3643 5.4645
v  -7.3501 -5.2922 5.5512
v  -6.7500 -5.9577 5.4996
v  -6.7485 -5.9649 5.4641
v  -6.7128 -5.8912 5.5512
v  -6.1107 -6.5587 5.4991
v  -6.1083 -6.5664 5.4633
v  -6.0757 -6.4905 5.5512
v  -5.5753 -7.0661 5.4981
v  -5.5739 -7.0728 5.4627
v  -5.5398 -7.0020 5.5512
v  -5.0864 -7.5203 5.4990
v  -5.0864 -7.5247 5.4619
v  -5.0476 -7.4621 5.5512
v  -4.5814 -7.9552 5.5025
v  -4.5846 -7.9592 5.4610
v  -2.7373 -9.0055 5.5460
v  -3.3729 -8.7019 5.5472
v  -3.3636 -8.6799 5.5512
v  -2.7289 -8.9784 5.5512
v  -2.0744 -9.2412 5.5451
v  -2.0663 -9.2117 5.5512
v  -1.3921 -9.4093 5.5443
v  -1.3877 -9.3768 5.5512
v  -0.6941 -9.5122 5.5433
v  -0.6939 -9.4788 5.5512
v  -11.1385 -1.6146 5.5442
v  -10.4481 -0.9243 5.5442
v  -10.4261 -0.9479 5.5512
v  -11.1173 -1.6391 5.5512
v  -11.1627 -1.5732 5.4728
v  -10.4783 -0.8888 5.4727
v  -9.7521 -0.2283 5.5442
v  -9.7311 -0.2529 5.5512
v  -9.7798 -0.1903 5.4729
v  -9.0562 0.4677 5.5442
v  -9.0360 0.4422 5.5512
v  -9.0812 0.5083 5.4724
v  -8.3603 1.1636 5.5441
v  -8.3409 1.1373 5.5512
v  -8.3827 1.2069 5.4724
v  -7.6643 1.8596 5.5441
v  -7.6458 1.8324 5.5512
v  -7.6841 1.9054 5.4724
v  -6.9684 2.5555 5.5441
v  -6.9508 2.5274 5.5512
v  -6.9855 2.6040 5.4724
v  -6.2724 3.2515 5.5441
v  -6.2557 3.2225 5.5512
v  -6.2870 3.3026 5.4724
v  -5.5582 3.9657 5.5441
v  -5.5377 3.9405 5.5512
v  -5.5884 4.0011 5.4724
v  -4.8597 4.6643 5.5441
v  -4.8386 4.6396 5.5512
v  -4.8899 4.6997 5.4724
v  -4.1610 5.3627 5.5442
v  -4.1400 5.3382 5.5512
v  -4.1913 5.3982 5.4724
v  -3.4618 6.0605 5.5447
v  -3.4415 6.0367 5.5512
v  -3.4928 6.0968 5.4724
v  -2.7627 6.7610 5.5442
v  -2.7415 6.7367 5.5512
v  -2.7942 6.7953 5.4724
v  -2.0663 7.4576 5.5441
v  -2.0458 7.4324 5.5512
v  -2.0957 7.4939 5.4724
v  -1.3674 8.1565 5.5442
v  -1.3450 8.1332 5.5512
v  -1.3971 8.1924 5.4724
v  -0.6676 8.8560 5.5443
v  -0.6463 8.8319 5.5512
v  -0.6986 8.8910 5.4724
v  -0.0071 9.5092 5.5463
v  -0.0078 9.4704 5.5512
v  -0.0071 9.5825 5.4723
v  -11.1521 -1.6311 5.5438
v  -11.1453 -1.6214 5.5442
v  -11.1212 -1.6430 5.5512
v  -11.1937 -1.6124 5.4698
v  -11.1769 -1.5873 5.4724
v  -11.1525 -1.6566 5.5433
v  -11.1549 -1.6439 5.5435
v  -11.1935 -1.6735 5.4662
v  -11.1998 -1.6432 5.4676
v  -11.1461 -1.6663 5.5433
v  -11.1763 -1.6989 5.4659
v  -2.0321 7.4179 5.5512
v  -1.3877 6.0232 5.5512
v  -2.7277 6.7221 5.5512
v  -3.4278 6.0223 5.5512
v  -2.0596 4.4085 5.5512
v  -2.7152 4.1740 5.5512
v  -4.1273 5.3226 5.5512
v  -3.3447 3.8763 5.5512
v  -3.9419 3.5183 5.5512
v  -4.8250 4.6248 5.5512
v  -4.5012 3.1035 5.5512
v  -5.5242 3.9259 5.5512
v  -5.0171 2.6359 5.5512
v  -6.2422 3.2079 5.5512
v  -5.4847 2.1200 5.5512
v  -5.8995 1.5607 5.5512
v  -6.9360 2.5139 5.5512
v  -6.2574 0.9635 5.5512
v  -7.6325 1.8178 5.5512
v  -6.5551 0.3341 5.5512
v  -8.3276 1.1228 5.5512
v  -6.7897 -0.3215 5.5512
v  -9.0228 0.4278 5.5512
v  -6.9589 -0.9969 5.5512
v  -9.7179 -0.2672 5.5512
v  -7.0610 -1.6857 5.5512
v  -10.4130 -0.9623 5.5512
v  -11.1138 -1.6426 5.5512
v  -10.4817 -2.2412 5.5512
v  -9.2331 -3.4663 5.5512
v  -7.0610 -3.0766 5.5512
v  -6.9589 -3.7654 5.5512
v  -8.6077 -4.0777 5.5512
v  -6.7897 -4.4408 5.5512
v  -7.9711 -4.6776 5.5512
v  -6.5551 -5.0964 5.5512
v  -7.3351 -5.2780 5.5512
v  -6.2574 -5.7258 5.5512
v  -6.6979 -5.8771 5.5512
v  -5.8995 -6.3231 5.5512
v  -6.0610 -6.4769 5.5512
v  -5.4847 -6.8823 5.5512
v  -5.5300 -6.9837 5.5512
v  -0.1346 5.9471 5.5512
v  -1.3312 8.1187 5.5512
v  -0.6342 8.8192 5.5512
v  -0.4046 7.2927 5.5512
v  -0.5227 7.1967 5.5512
v  -0.6187 7.0785 5.5512
v  -0.6873 6.9461 5.5512
v  -10.5359 -2.2963 5.2817
v  -11.1469 -1.6968 5.2839
v  -11.1612 -1.7120 5.4560
v  -10.5503 -2.3149 5.4558
v  -9.9252 -2.9318 5.4555
v  -9.9113 -2.9098 5.2820
v  -9.2977 -3.5463 5.4553
v  -9.2848 -3.5215 5.2819
v  -8.6658 -4.1563 5.4550
v  -8.6551 -4.1301 5.2811
v  -8.0289 -4.7610 5.4548
v  -8.0212 -4.7343 5.2808
v  -7.3891 -5.3626 5.4546
v  -7.3834 -5.3342 5.2808
v  -6.7483 -5.9632 5.4542
v  -6.7449 -5.9332 5.2803
v  -6.1082 -6.5646 5.4534
v  -6.1068 -6.5326 5.2796
v  -5.5737 -7.0710 5.4528
v  -5.5696 -7.0394 5.2795
v  -5.0860 -7.5230 5.4520
v  -5.0783 -7.4944 5.2783
v  -4.5839 -7.9577 5.4511
v  -4.5710 -7.9299 5.2758
v  -11.1762 -1.5866 5.4625
v  -11.1927 -1.6113 5.4599
v  -10.4760 -0.8865 5.4627
v  -11.1627 -1.5732 5.4628
v  -11.1476 -1.5580 5.2967
v  -10.4386 -0.8490 5.3004
v  -9.7776 -0.1881 5.4629
v  -9.7427 -0.1531 5.3006
v  -9.0792 0.5103 5.4624
v  -9.0467 0.5428 5.3003
v  -8.3808 1.2087 5.4624
v  -8.3508 1.2387 5.3003
v  -7.6824 1.9071 5.4624
v  -7.6549 1.9346 5.3003
v  -6.9840 2.6055 5.4624
v  -6.9590 2.6305 5.3003
v  -6.2856 3.3039 5.4624
v  -6.2631 3.3264 5.3003
v  -5.5872 4.0023 5.4624
v  -5.5672 4.0223 5.3003
v  -4.8888 4.7007 5.4624
v  -4.8713 4.7182 5.3003
v  -4.1904 5.3991 5.4624
v  -4.1754 5.4142 5.3003
v  -3.4920 6.0975 5.4624
v  -3.4795 6.1100 5.2999
v  -2.7936 6.7959 5.4624
v  -2.7836 6.8059 5.2999
v  -2.0952 7.4943 5.4624
v  -2.0877 7.5018 5.2999
v  -1.3968 8.1927 5.4624
v  -1.3918 8.1977 5.2999
v  -0.6959 8.8936 5.2999
v  -0.6984 8.8912 5.4624
v  -0.0071 9.5825 5.4623
v  -0.0071 9.5825 5.2999
v  -11.1989 -1.6420 5.4577
v  -11.1927 -1.6725 5.4563
v  -11.1789 -1.6553 5.2842
v  -11.1840 -1.6228 5.2866
v  -11.1755 -1.6980 5.4560
v  -11.1612 -1.6828 5.2839
v  -9.8218 -0.3821 0.0494
v  -9.2847 -0.8978 0.0370
v  -9.2654 -0.8773 0.0150
v  -9.7972 -0.3701 0.0230
v  -9.8512 -0.3465 0.0501
v  -9.8363 -0.3683 0.0496
v  -9.8116 -0.3563 0.0232
v  -9.8228 -0.3400 0.0232
v  -9.8584 -0.3182 0.0538
v  -9.8283 -0.3171 0.0253
v  -9.8544 -0.2892 0.0616
v  -9.8253 -0.2932 0.0302
v  -9.8466 -0.2726 0.0685
v  -9.8222 -0.2849 0.0323
v  -9.2375 0.3388 0.0846
v  -9.8325 -0.2584 0.0689
v  -9.8081 -0.2707 0.0327
v  -9.2192 0.3213 0.0472
v  -7.9868 1.5536 0.0471
v  -8.0043 1.5708 0.0829
v  -8.6209 0.9548 0.0837
v  -8.6030 0.9375 0.0471
v  -6.7714 2.8032 0.0820
v  -7.3877 2.1868 0.0820
v  -7.3706 2.1698 0.0470
v  -6.7542 2.7862 0.0470
v  -6.1550 3.4196 0.0819
v  -6.1379 3.4026 0.0470
v  -5.5386 4.0360 0.0819
v  -5.5215 4.0190 0.0470
v  -4.9223 4.6523 0.0819
v  -4.9051 4.6354 0.0470
v  -4.3059 5.2687 0.0819
v  -4.2887 5.2517 0.0470
v  -3.6896 5.8850 0.0819
v  -3.6725 5.8680 0.0470
v  -3.0753 6.5014 0.0730
v  -3.0571 6.4835 0.0346
v  -2.4586 7.1174 0.0718
v  -2.4407 7.0998 0.0346
v  -1.8244 7.7161 0.0346
v  -1.8419 7.7334 0.0706
v  -0.6088 8.9658 0.0695
v  -1.2252 8.3494 0.0694
v  -1.2080 8.3324 0.0346
v  -0.5917 8.9488 0.0346
v  -0.0071 9.5631 0.0631
v  -0.0071 9.5210 0.0267
v  -1.7638 -7.3997 0.0433
v  -1.2185 -7.5543 0.0400
v  -1.2138 -7.5300 0.0187
v  -1.7560 -7.3768 0.0211
v  -2.2769 -7.1900 0.0397
v  -2.2658 -7.1684 0.0187
v  -2.7450 -6.9475 0.0450
v  -2.7293 -6.9254 0.0200
v  -3.5833 -6.3223 0.0405
v  -3.1879 -6.6507 0.0439
v  -3.1714 -6.6278 0.0186
v  -3.5651 -6.3056 0.0190
v  -4.1639 -5.7939 0.0464
v  -4.1407 -5.7682 0.0161
v  -4.7358 -5.2544 0.0357
v  -4.7158 -5.2298 0.0126
v  -5.3106 -4.7172 0.0323
v  -5.2871 -4.6925 0.0098
v  -5.8835 -4.1753 0.0313
v  -5.8599 -4.1487 0.0089
v  -6.4557 -3.6349 0.0307
v  -6.4312 -3.6079 0.0084
v  -7.0236 -3.0908 0.0293
v  -6.9985 -3.0645 0.0078
v  -7.5898 -2.5439 0.0290
v  -7.5654 -2.5186 0.0081
v  -8.1569 -1.9965 0.0289
v  -8.1339 -1.9717 0.0086
v  -8.7201 -1.4477 0.0316
v  -8.6984 -1.4258 0.0109
v  -9.7823 -0.3416 0.0067
v  -9.7678 -0.3553 0.0066
v  -9.7344 -0.3336 -0.0000
v  -9.7455 -0.3230 -0.0000
v  -9.2424 -0.8525 0.0025
v  -9.8405 -0.3907 0.0863
v  -9.2987 -0.9131 0.0670
v  -9.7871 -0.3334 0.0065
v  -9.8721 -0.3515 0.0883
v  -9.8546 -0.3765 0.0856
v  -9.7899 -0.3218 0.0068
v  -9.8793 -0.3228 0.0953
v  -9.7894 -0.3104 0.0075
v  -9.8749 -0.2939 0.1058
v  -9.7871 -0.3023 0.0088
v  -9.8597 -0.2701 0.1181
v  -9.7344 -0.3119 -0.0000
v  -9.7730 -0.2881 0.0091
v  -9.1929 0.2947 0.0219
v  -9.2445 0.3451 0.1306
v  -9.8457 -0.2560 0.1194
v  -7.9281 1.4948 0.0000
v  -7.9616 1.5284 0.0226
v  -8.5772 0.9116 0.0222
v  -8.5444 0.8784 0.0000
v  -8.0117 1.5778 0.1306
v  -8.6281 0.9614 0.1306
v  -6.7295 2.7617 0.0230
v  -7.3459 2.1453 0.0230
v  -7.3117 2.1113 0.0000
v  -6.6954 2.7277 0.0000
v  -6.7790 2.8106 0.1306
v  -7.3953 2.1942 0.1306
v  -6.1132 3.3780 0.0230
v  -6.0790 3.3441 0.0000
v  -6.1626 3.4270 0.1306
v  -5.4968 3.9944 0.0230
v  -5.4626 3.9604 0.0000
v  -5.5462 4.0433 0.1306
v  -4.8804 4.6108 0.0230
v  -4.8462 4.5768 0.0000
v  -4.9298 4.6597 0.1306
v  -4.2640 5.2272 0.0230
v  -4.2299 5.1932 0.0000
v  -4.3134 5.2761 0.1306
v  -3.6477 5.8435 0.0230
v  -3.6135 5.8096 0.0000
v  -3.6971 5.8925 0.1306
v  -3.0300 6.4564 0.0090
v  -2.9981 6.4245 0.0000
v  -3.0819 6.5076 0.1181
v  -2.4144 7.0735 0.0095
v  -2.3818 7.0410 0.0000
v  -1.7655 7.6574 0.0000
v  -1.7989 7.6907 0.0100
v  -1.8491 7.7404 0.1181
v  -2.4655 7.1240 0.1181
v  -0.5669 8.9242 0.0105
v  -1.1833 8.3079 0.0105
v  -1.1492 8.2739 0.0000
v  -0.5328 8.8903 0.0000
v  -0.6164 8.9732 0.1181
v  -1.2328 8.3568 0.1181
v  -0.0071 9.5825 0.1183
v  -1.7471 -7.3454 0.0053
v  -1.2052 -7.4990 0.0044
v  -1.1978 -7.4672 0.0000
v  -1.7364 -7.3156 0.0000
v  -0.6251 -7.6642 0.0420
v  -0.6285 -7.6832 0.0714
v  -2.2537 -7.1420 0.0053
v  -2.2396 -7.1111 0.0000
v  -2.7129 -6.9008 0.0058
v  -2.6926 -6.8690 0.0000
v  -2.7530 -6.9611 0.0704
v  -2.2852 -7.2096 0.0713
v  -3.5459 -6.2831 0.0053
v  -3.1526 -6.6034 0.0046
v  -3.1330 -6.5793 0.0000
v  -3.5234 -6.2567 0.0000
v  -3.1967 -6.6646 0.0709
v  -4.1184 -5.7428 0.0030
v  -4.0924 -5.7140 0.0000
v  -4.1783 -5.8095 0.0790
v  -3.5961 -6.3368 0.0705
v  -4.6910 -5.2014 0.0010
v  -4.6624 -5.1691 0.0000
v  -4.7547 -5.2745 0.0745
v  -5.2593 -4.6633 0.0005
v  -5.2284 -4.6308 0.0000
v  -5.3289 -4.7364 0.0704
v  -5.8319 -4.1176 0.0000
v  -5.8009 -4.0833 0.0000
v  -5.9020 -4.1964 0.0701
v  -6.4023 -3.5763 0.0000
v  -6.3706 -3.5418 0.0000
v  -6.4751 -3.6565 0.0699
v  -6.9692 -3.0338 0.0000
v  -6.9373 -3.0004 0.0000
v  -7.0434 -3.1116 0.0682
v  -7.5371 -2.4892 -0.0000
v  -7.5062 -2.4571 0.0000
v  -7.6095 -2.5642 0.0657
v  -8.1073 -1.9431 0.0003
v  -8.0781 -1.9117 0.0000
v  -8.1753 -2.0167 0.0634
v  -8.6730 -1.4000 0.0008
v  -8.6445 -1.3710 0.0000
v  -8.7375 -1.4654 0.0648
v  -9.2174 -0.8257 0.0000
v  -9.1607 0.2620 0.0000
v  -8.0157 1.5738 0.1506
v  -1.8501 7.7396 0.1381
v  -0.0072 9.4682 0.0062
v  0.0000 9.5896 2.1260
v  -4.5357 -7.8648 4.9254
v  -4.5101 -7.8244 4.7525
v  -2.7460 -9.0163 5.2755
v  -3.3864 -8.7149 5.2751
v  -3.3945 -8.7487 5.4489
v  -2.7508 -9.0511 5.4478
v  -2.0794 -9.2499 5.2755
v  -2.0818 -9.2855 5.4469
v  -1.3944 -9.4154 5.2755
v  -1.3957 -9.4532 5.4464
v  -0.6939 -9.5161 5.2755
v  -0.6944 -9.5540 5.4462
v  -11.1024 -1.5129 4.9515
v  -0.2722 7.3612 5.5512
v  -0.7269 6.8086 5.5512
v  -0.7392 6.6740 5.5512
v  -0.1346 7.4008 5.5512
v  -0.6955 4.6799 5.5512
v  -0.4046 6.0552 5.5512
v  -0.2722 5.9867 5.5512
v  -1.3842 4.5777 5.5512
v  -0.6873 6.4018 5.5512
v  -0.6187 6.2694 5.5512
v  -0.7269 6.5393 5.5512
v  -0.5227 6.1512 5.5512
v  -0.1253 5.9965 5.5011
v  -0.1254 5.9965 5.1287
v  -0.1254 7.3514 5.1287
v  -0.1253 7.3515 5.5012
v  -0.2536 7.3146 5.1287
v  -0.2536 7.3145 5.5011
v  -0.3770 7.2506 5.1287
v  -0.3771 7.2506 5.5012
v  -0.4872 7.1611 5.1287
v  -0.4872 7.1612 5.5012
v  -0.5767 7.0510 5.1287
v  -0.5767 7.0510 5.5012
v  -0.6406 6.9276 5.1287
v  -0.6407 6.9275 5.5012
v  -0.6775 6.7993 5.1287
v  -0.6775 6.7993 5.5012
v  -0.6890 6.6740 5.1287
v  -0.6890 6.6740 5.5012
v  -0.6775 6.5486 5.1287
v  -0.6775 6.5486 5.5012
v  -0.6406 6.4204 5.1287
v  -0.6406 6.4204 5.5012
v  -0.5767 6.2969 5.1287
v  -0.5767 6.2969 5.5012
v  -0.4872 6.1868 5.1287
v  -0.4872 6.1868 5.5012
v  -0.3770 6.0973 5.1287
v  -0.3770 6.0973 5.5012
v  -0.2536 6.0334 5.1287
v  -0.2536 6.0333 5.5012
v  -9.2043 -0.8111 0.0000
v  -7.1007 -0.5752 0.0000
v  -7.1211 -0.2260 0.0000
v  -9.7236 -0.3231 -0.0000
v  -7.1029 0.1082 0.0000
v  -9.1470 0.2478 0.0000
v  -8.5307 0.8642 0.0000
v  -7.0201 0.5740 0.0000
v  -6.8247 1.1857 0.0000
v  -7.9143 1.4806 0.0000
v  -7.2979 2.0970 0.0000
v  -6.5334 1.7331 0.0000
v  -6.0512 2.3308 0.0000
v  -6.6815 2.7133 0.0000
v  -5.4801 2.9032 0.0000
v  -6.0651 3.3297 0.0000
v  -4.8748 3.5056 0.0000
v  -5.4488 3.9461 0.0000
v  -4.3141 4.0611 0.0000
v  -4.8324 4.5624 0.0000
v  -3.7476 4.6275 0.0000
v  -4.2154 5.1795 0.0000
v  -3.1191 5.2611 0.0000
v  -3.5986 5.7955 0.0000
v  -2.7125 5.6589 0.0000
v  -2.3681 7.0263 0.0000
v  -2.2170 6.8646 0.0000
v  -1.6060 7.4774 0.0000
v  -1.7522 7.6424 0.0000
v  -1.1353 8.2595 0.0000
v  -0.9826 8.1014 0.0000
v  -0.3798 8.7092 0.0000
v  -0.5186 8.8763 0.0000
v  -0.5489 -6.7945 0.0000
v  -0.6113 -7.5529 0.0000
v  -2.2333 -7.0946 0.0000
v  -2.0025 -6.3580 0.0000
v  -2.5187 -6.0463 0.0000
v  -2.6807 -6.8492 0.0000
v  -3.1184 -6.5600 0.0000
v  -3.5103 -6.2416 0.0000
v  -2.9945 -5.6701 0.0000
v  -3.6310 -5.0869 0.0000
v  -4.0780 -5.6993 0.0000
v  -4.1471 -4.6075 0.0000
v  -4.6484 -5.1549 0.0000
v  -4.6642 -4.1256 0.0000
v  -5.2144 -4.6165 0.0000
v  -5.1837 -3.6410 0.0000
v  -5.7869 -4.0690 0.0000
v  -5.6946 -3.1654 0.0000
v  -6.3566 -3.5274 0.0000
v  -6.2141 -2.6643 0.0000
v  -6.9232 -2.9861 0.0000
v  -6.6000 -2.1323 0.0000
v  -7.4930 -2.4424 0.0000
v  -6.8948 -1.5189 0.0000
v  -8.0649 -1.8971 0.0000
v  -7.0502 -0.9583 0.0000
v  -8.6313 -1.3564 0.0000
v  -2.9850 6.4093 0.0000
v  -2.8191 6.2650 0.0000
v  -2.8961 5.8825 0.0000
v  -2.8198 5.7671 0.0000
v  -2.9218 6.0170 0.0000
v  -2.8915 6.1599 0.0000
v  -7.0189 -0.2252 0.0278
v  -7.1011 -0.2260 0.0000
v  -7.0808 -0.5733 0.0000
v  -7.0031 -0.5654 0.0301
v  -7.0306 -0.9543 0.0000
v  -6.9518 -0.9371 0.0289
v  -6.8760 -1.5119 0.0000
v  -6.7992 -1.4830 0.0280
v  -6.5828 -2.1220 0.0000
v  -6.5116 -2.0794 0.0266
v  -6.1990 -2.6512 0.0000
v  -6.1352 -2.5968 0.0264
v  -5.6808 -3.1508 0.0000
v  -5.6275 -3.0950 0.0308
v  -5.1671 -3.6291 0.0000
v  -5.1148 -3.5732 0.0339
v  -4.6492 -4.1122 0.0000
v  -4.5977 -4.0569 0.0362
v  -4.1336 -4.5927 0.0000
v  -4.0820 -4.5371 0.0349
v  -3.6191 -5.0707 0.0000
v  -3.5670 -5.0147 0.0327
v  -2.9814 -5.6552 0.0000
v  -2.9320 -5.5992 0.0330
v  -2.5077 -6.0298 0.0000
v  -2.4665 -5.9679 0.0329
v  -1.9936 -6.3400 0.0000
v  -1.9590 -6.2702 0.0291
v  -1.5436 -6.5304 0.0000
v  -1.5183 -6.4502 0.0339
v  -0.3668 8.6939 0.0000
v  -0.3168 8.6438 0.0267
v  -0.9687 8.0870 0.0000
v  -0.9203 8.0389 0.0276
v  -1.5927 7.4624 0.0000
v  -1.5445 7.4143 0.0279
v  -2.2033 6.8499 0.0000
v  -2.1558 6.8024 0.0283
v  -2.7895 6.2662 0.0000
v  -2.7399 6.2193 0.0276
v  -2.7541 6.2052 0.0275
v  -2.8037 6.2521 0.0000
v  -2.8728 6.1519 0.0000
v  -2.8117 6.1222 0.0269
v  -2.9014 6.0168 0.0000
v  -2.8342 6.0166 0.0269
v  -2.8772 5.8901 0.0000
v  -2.8146 5.9147 0.0267
v  -2.8039 5.7793 0.0000
v  -2.7546 5.8258 0.0270
v  -2.7920 5.7674 0.0000
v  -2.7405 5.8116 0.0270
v  -2.6223 5.6239 0.0266
v  -2.6850 5.6603 0.0000
v  -2.6336 5.5993 0.0309
v  -3.0486 5.1890 0.0280
v  -3.1057 5.2462 0.0000
v  -3.7346 4.6122 0.0000
v  -3.6784 4.5563 0.0298
v  -4.2998 4.0472 0.0000
v  -4.2438 3.9910 0.0297
v  -4.8588 3.4932 0.0000
v  -4.8018 3.4358 0.0280
v  -5.4638 2.8912 0.0000
v  -5.4057 2.8331 0.0273
v  -6.0363 2.3174 0.0000
v  -5.9777 2.2604 0.0278
v  -6.5166 1.7220 0.0000
v  -6.4446 1.6792 0.0267
v  -6.8062 1.1779 0.0000
v  -6.7309 1.1465 0.0278
v  -7.0007 0.5691 0.0000
v  -6.9254 0.5504 0.0289
v  -7.0830 0.1059 0.0000
v  -7.0013 0.0964 0.0276
v  -2.6999 5.6457 0.0000
v  -2.6478 5.5852 0.0308
v  -6.9637 -0.5609 0.1044
v  -6.9772 -0.2244 0.1033
v  -6.9119 -0.9280 0.1044
v  -6.7581 -1.4677 0.1021
v  -6.4758 -2.0580 0.1032
v  -6.1042 -2.5708 0.1037
v  -5.6015 -3.0676 0.1049
v  -5.0912 -3.5477 0.1098
v  -4.5755 -4.0331 0.1139
v  -4.0581 -4.5116 0.1105
v  -3.5420 -4.9880 0.1075
v  -2.9084 -5.5726 0.1041
v  -2.4463 -5.9375 0.1037
v  -1.9415 -6.2349 0.1024
v  -1.5066 -6.4188 0.1051
v  -0.2949 8.6218 0.0956
v  -0.8989 8.0178 0.0956
v  -1.5234 7.3933 0.0958
v  -2.1350 6.7817 0.0958
v  -2.7200 6.1967 0.0950
v  -2.7849 6.1068 0.0929
v  -2.7341 6.1826 0.0950
v  -2.8033 6.0165 0.0923
v  -2.7856 5.9256 0.0918
v  -2.7344 5.8488 0.0933
v  -2.6531 5.7242 0.0270
v  -2.6313 5.7457 0.0933
v  -2.7202 5.8346 0.0933
v  -2.6390 5.7100 0.0270
v  -2.6242 5.6818 0.0241
v  -2.5918 5.6931 0.0897
v  -2.6171 5.7315 0.0933
v  -3.6506 4.5286 0.1059
v  -3.0198 5.1601 0.1023
v  -4.2161 3.9631 0.1058
v  -4.7730 3.4068 0.1028
v  -5.3763 2.8036 0.1024
v  -5.9492 2.2304 0.1037
v  -6.4077 1.6596 0.1038
v  -6.6918 1.1305 0.1027
v  -6.8870 0.5407 0.1024
v  -6.9604 0.0914 0.1036
v  -2.6295 5.5501 0.1037
v  -2.5826 5.6479 0.0907
v  -2.6160 5.6508 0.0266
v  -2.5910 5.6028 0.0953
v  -2.7836 6.1070 0.1129
v  -2.4897 6.1658 4.8719
v  -2.4387 6.2418 4.8739
v  -2.7329 6.1828 0.1150
v  -2.8021 6.0168 0.1122
v  -2.5081 6.0755 4.8736
v  -2.7844 5.9259 0.1118
v  -2.4907 5.9856 4.8736
v  -2.7331 5.8490 0.1132
v  -2.4392 5.9078 4.8722
v  -0.2942 8.6215 0.1156
v  -0.1340 8.5470 4.8691
v  -0.8983 8.0174 0.1156
v  -0.7379 7.9429 4.8703
v  -1.5227 7.3930 0.1158
v  -1.3623 7.3183 4.8716
v  -2.1343 6.7814 0.1158
v  -1.9738 6.7067 4.8729
v  -2.7188 6.1970 0.1150
v  -2.4246 6.2559 4.8730
v  -2.5801 5.6469 0.1105
v  -1.9886 5.4108 4.8859
v  -1.9985 5.4553 4.8808
v  -2.5893 5.6921 0.1095
v  -2.5885 5.6018 0.1151
v  -2.6127 5.5635 0.1236
v  -2.0229 5.3263 4.8860
v  -1.9969 5.3652 4.8881
v  -2.6153 5.5642 0.1038
v  -2.0244 5.4929 4.8723
v  -2.6149 5.7308 0.1131
v  -1.9993 5.5162 4.9913
v  -1.9655 5.4698 4.9938
v  -1.9052 5.4943 5.0533
v  -1.9525 5.5620 5.0524
v  -1.9504 5.4106 4.9968
v  -1.9621 5.3479 4.9977
v  -1.9030 5.3206 5.0548
v  -1.8850 5.4100 5.0546
v  -1.9940 5.2998 4.9982
v  -1.9460 5.2515 5.0565
v  -2.4157 6.2190 4.9893
v  -2.4591 6.1542 4.9895
v  -2.3984 6.1294 5.0517
v  -2.3699 6.1737 5.0511
v  -2.4746 6.0753 4.9905
v  -2.4090 6.0742 5.0521
v  -2.4592 5.9972 4.9904
v  -2.3982 6.0212 5.0520
v  -2.4154 5.9305 4.9893
v  -2.3699 5.9764 5.0512
v  -1.8164 5.5316 5.0787
v  -1.8836 5.6317 5.0787
v  -2.0226 5.4927 4.8922
v  -1.9961 5.4544 4.9006
v  -1.8172 5.2818 5.0787
v  -1.7897 5.4098 5.0787
v  -1.9862 5.4098 4.9058
v  -1.9944 5.3642 4.9079
v  -1.8823 5.1871 5.0787
v  -2.0204 5.3253 4.9059
v  -2.3105 6.0733 5.0787
v  -2.2990 6.1027 5.0787
v  -2.4376 6.2418 4.8939
v  -2.4884 6.1661 4.8918
v  -2.5069 6.0758 4.8936
v  -2.4894 5.9858 4.8936
v  -2.2990 6.0471 5.0787
v  -2.4380 5.9081 4.8922
v  -2.4016 6.2331 4.9894
v  -1.9500 6.6840 4.9901
v  -1.9732 6.7064 4.8929
v  -2.4235 6.2559 4.8939
v  -2.3557 6.1878 5.0511
v  -1.9023 6.6380 5.0524
v  -2.2849 6.1169 5.0787
v  -1.8319 6.5699 5.0787
v  -1.3617 7.3180 4.8916
v  -1.3380 7.2952 4.9911
v  -0.7131 7.9192 4.9921
v  -0.7373 7.9425 4.8903
v  -1.2886 7.2474 5.0541
v  -0.6619 7.8698 5.0558
v  -1.2203 7.1815 5.0787
v  -0.5958 7.8059 5.0787
v  -0.1333 8.5467 4.8890
v  -0.1109 8.5205 4.9931
v  -0.0631 8.4645 5.0575
v  -2.0384 5.5070 4.8743
v  -2.4251 5.8936 4.8723
v  -2.7190 5.8349 0.1132
v  -2.6288 5.7447 0.1132
v  -2.0135 5.5303 4.9912
v  -2.4012 5.9164 4.9893
v  -2.4239 5.8940 4.8922
v  -2.0368 5.5068 4.8922
v  -1.9667 5.5761 5.0523
v  -2.3557 5.9624 5.0512
v  -1.8978 5.6458 5.0787
v  -2.2849 6.0330 5.0787
v  -3.6487 4.5271 0.1257
v  -3.1743 4.1749 4.8860
v  -2.6109 4.7392 4.8809
v  -3.0181 5.1583 0.1221
v  -4.2146 3.9612 0.1256
v  -3.8784 3.5208 4.5980
v  -4.7713 3.4051 0.1226
v  -4.3907 3.0296 4.4767
v  -5.3745 2.8019 0.1223
v  -4.9882 2.4391 4.4360
v  -5.9475 2.2287 0.1236
v  -5.5667 1.8479 4.5093
v  -2.0371 5.3121 4.8859
v  -2.6270 5.5491 0.1236
v  -3.1538 4.1112 5.0191
v  -3.8441 3.4344 4.7512
v  -3.7703 3.3436 4.7850
v  -3.0687 4.0019 5.0732
v  -4.3491 2.9451 4.6347
v  -4.2781 2.8506 4.6655
v  -4.9341 2.3659 4.5986
v  -4.8622 2.2712 4.6313
v  -5.4862 1.8004 4.6684
v  -5.3988 1.7223 4.6992
v  -2.5860 4.7115 4.9944
v  -3.1519 4.1482 4.9918
v  -3.1000 4.0961 5.0570
v  -2.5410 4.6639 5.0536
v  -2.0081 5.2857 4.9981
v  -1.9603 5.2374 5.0564
v  -6.9612 -0.5608 0.1242
v  -6.4694 -0.5392 4.1312
v  -6.4696 -0.2787 4.2418
v  -6.9748 -0.2245 0.1231
v  -6.9096 -0.9275 0.1242
v  -6.4460 -0.8257 3.9890
v  -6.7558 -1.4667 0.1220
v  -6.3594 -1.2633 3.7260
v  -6.4739 -2.0566 0.1230
v  -6.1641 -1.8135 3.3271
v  -6.1024 -2.5691 0.1235
v  -5.8573 -2.3401 2.8545
v  -5.5999 -3.0658 0.1247
v  -5.4227 -2.8659 2.3097
v  -6.4057 1.6581 0.1236
v  -5.9659 1.3370 4.5541
v  -6.6897 1.1294 0.1225
v  -6.2048 0.8879 4.5308
v  -6.8847 0.5401 0.1223
v  -6.3725 0.3972 4.4499
v  -6.9580 0.0910 0.1234
v  -6.4465 0.0014 4.3416
v  -5.0895 -3.5459 0.1297
v  -4.9441 -3.3951 1.8504
v  -4.5735 -4.0316 0.1337
v  -4.4383 -3.9318 1.4811
v  -4.0565 -4.5098 0.1303
v  -3.9684 -4.4073 1.2509
v  -3.5403 -4.9863 0.1273
v  -3.4581 -4.9026 1.1061
v  -2.9069 -5.5710 0.1225
v  -2.8305 -5.4880 1.0408
v  -2.4451 -5.9355 0.1223
v  -2.3921 -5.8381 1.0292
v  -1.9407 -6.2325 0.1222
v  -1.9123 -6.1224 1.0284
v  -1.5058 -6.4169 0.1229
v  -1.0401 -6.5562 0.1239
v  -1.2554 -6.3819 1.0160
v  -0.6061 -6.5334 1.0200
v  -0.5317 -6.6563 0.1242
v  -2.7784 -5.4313 1.1908
v  -2.3511 -5.7776 1.1823
v  -2.2893 -5.6872 1.2267
v  -2.7055 -5.3533 1.2311
v  -1.8814 -6.0576 1.1750
v  -1.8364 -5.9633 1.2200
v  -1.2242 -6.3175 1.1634
v  -1.1838 -6.2213 1.2090
v  -0.5976 -6.4617 1.1655
v  -0.5833 -6.3590 1.2122
v  -5.7600 -2.3421 2.9911
v  -5.3216 -2.8660 2.4369
v  -5.2370 -2.8027 2.4821
v  -5.6684 -2.2840 3.0381
v  -4.8490 -3.3857 1.9781
v  -4.7664 -3.3211 2.0196
v  -4.3520 -3.9153 1.6214
v  -4.2707 -3.8473 1.6654
v  -3.8881 -4.3855 1.3955
v  -3.8040 -4.3202 1.4383
v  -3.3853 -4.8714 1.2496
v  -3.3011 -4.8062 1.2909
v  -6.3843 -0.3127 4.3982
v  -6.3779 -0.5786 4.2847
v  -6.2614 -0.5677 4.3238
v  -6.2693 -0.3055 4.4392
v  -6.3473 -0.8729 4.1347
v  -6.2298 -0.8618 4.1686
v  -6.2573 -1.3143 3.8588
v  -6.1438 -1.3032 3.8897
v  -6.0558 -1.8490 3.4490
v  -5.9456 -1.8229 3.4800
v  -5.8796 1.3155 4.7143
v  -5.7684 1.2767 4.7483
v  -6.1230 0.8674 4.6903
v  -6.0095 0.8451 4.7294
v  -6.2871 0.3819 4.6113
v  -6.1682 0.3813 4.6531
v  -6.3613 -0.0252 4.5015
v  -6.2440 -0.0215 4.5432
v  -2.2118 -5.5701 1.1842
v  -2.6140 -5.2511 1.1888
v  -2.8279 -5.4867 1.0620
v  -2.3904 -5.8360 1.0504
v  -1.7764 -5.8369 1.1825
v  -1.9117 -6.1200 1.0482
v  -1.1335 -6.0909 1.1726
v  -1.2543 -6.3796 1.0358
v  -0.5623 -6.2203 1.1739
v  -0.6054 -6.5311 1.0398
v  -5.1613 -2.6851 2.4618
v  -5.5851 -2.1674 3.0208
v  -5.8553 -2.3383 2.8765
v  -5.4129 -2.8726 2.3258
v  -4.6880 -3.2048 1.9907
v  -4.9354 -3.4004 1.8677
v  -4.1873 -3.7322 1.6322
v  -4.4310 -3.9355 1.4994
v  -3.7105 -4.2129 1.3978
v  -3.9629 -4.4092 1.2701
v  -3.2015 -4.7077 1.2502
v  -3.4543 -4.9028 1.1258
v  -6.1185 -0.5060 4.2697
v  -6.1156 -0.2578 4.3812
v  -6.4673 -0.2836 4.2608
v  -6.4666 -0.5444 4.1499
v  -6.0977 -0.7991 4.1151
v  -6.4428 -0.8299 4.0076
v  -6.0143 -1.2301 3.8388
v  -6.3559 -1.2663 3.7446
v  -5.8318 -1.7329 3.4371
v  -6.1605 -1.8150 3.3458
v  -5.6282 1.2120 4.6730
v  -5.3025 1.6138 4.6253
v  -5.5650 1.8461 4.5292
v  -5.9638 1.3356 4.5740
v  -5.8502 0.8162 4.6575
v  -6.2028 0.8862 4.5506
v  -6.0065 0.3951 4.5880
v  -6.3706 0.3949 4.4696
v  -6.0897 0.0075 4.4803
v  -6.4445 -0.0024 4.3609
v  -3.0270 3.9600 5.0640
v  -3.1746 4.1711 4.9059
v  -3.8800 3.5159 4.6174
v  -4.1773 2.7427 4.5871
v  -3.6561 3.2468 4.7128
v  -4.3905 3.0263 4.4964
v  -4.7711 2.1533 4.5538
v  -4.9862 2.4377 4.4559
v  -3.0365 4.0330 5.0787
v  -2.4744 4.5946 5.0787
v  -2.6092 4.7374 4.9008
v  -1.8964 5.1729 5.0787
v  -2.0346 5.3112 4.9058
v  -3.0096 3.9765 5.0685
v  -2.4862 4.2672 5.0787
v  -2.4647 4.2085 5.0692
v  -2.1789 4.3084 5.0692
v  -2.1955 4.3689 5.0787
v  -1.9071 4.4541 5.0787
v  -1.8953 4.3923 5.0685
v  -1.6279 4.4622 5.0683
v  -1.6362 4.5245 5.0787
v  -2.7156 4.0464 5.0394
v  -2.7389 4.0976 5.0688
v  -2.9854 3.9259 5.0390
v  -2.4454 4.1557 5.0406
v  -2.1643 4.2540 5.0404
v  -1.8853 4.3367 5.0388
v  -1.6201 4.4057 5.0385
v  -2.7646 4.1548 5.0787
v  -1.5215 0.6646 0.8536
v  -1.5155 0.3512 0.7021
v  -1.4801 0.3690 0.6635
v  -1.4869 0.6831 0.8160
v  -1.5268 0.9696 1.0312
v  -1.4922 0.9894 0.9941
v  -1.5356 1.5373 1.4425
v  -1.5305 1.2603 1.2275
v  -1.4958 1.2817 1.1905
v  -1.5000 1.5614 1.4086
v  -1.5421 2.0551 1.9153
v  -1.5059 2.0784 1.8821
v  -1.5442 2.5276 2.4343
v  -1.5091 2.5536 2.4022
v  -1.5464 2.9631 2.9856
v  -1.5120 2.9912 2.9550
v  -1.5514 3.3708 3.5577
v  -1.5149 3.4006 3.5292
v  -1.5471 3.7702 4.1362
v  -1.5124 3.8022 4.1093
v  -1.5466 3.9701 4.4256
v  -1.5110 4.0023 4.4001
v  -1.5465 4.1703 4.7155
v  -1.5097 4.2026 4.6916
v  -1.5051 -1.4441 0.3259
v  -1.5047 -1.8137 0.3083
v  -1.4624 -1.8121 0.2648
v  -1.4626 -1.4398 0.2816
v  -1.5032 -1.0755 0.3500
v  -1.4632 -1.0685 0.3070
v  -1.5053 -0.7081 0.3966
v  -1.4662 -0.6988 0.3550
v  -1.5093 -0.2671 0.4925
v  -1.4714 -0.2678 0.4497
v  -1.3517 0.8585 -0.8555
v  -1.3511 0.3926 -0.9207
v  -1.2684 0.3913 -0.9976
v  -1.2730 0.8657 -0.9303
v  -1.3550 1.2921 -0.6798
v  -1.2783 1.3077 -0.7563
v  -1.3542 2.0566 -0.1534
v  -1.3520 1.6905 -0.4413
v  -1.2748 1.7120 -0.5138
v  -1.2756 2.0866 -0.2248
v  -1.3565 2.7185 0.4931
v  -1.2784 2.7609 0.4301
v  -1.3592 3.2966 1.2144
v  -1.2823 3.3495 1.1617
v  -1.3591 3.8135 1.9797
v  -1.2817 3.8738 1.9398
v  -1.3571 4.2814 2.7752
v  -1.2816 4.3448 2.7501
v  -1.3614 4.7046 3.5961
v  -1.2838 4.7765 3.5833
v  -1.3661 4.8715 4.0305
v  -1.2889 4.9424 4.0259
v  -1.3800 4.9427 4.4922
v  -1.3029 5.0110 4.4964
v  -1.1341 0.8621 -0.9642
v  -0.5771 0.8623 -0.9651
v  -0.5793 1.3057 -0.7962
v  -1.1387 1.3057 -0.7964
v  -0.5793 1.7119 -0.5528
v  -1.1386 1.7119 -0.5528
v  -1.1374 2.0897 -0.2638
v  -0.5787 2.0897 -0.2638
v  -0.5800 2.7723 0.3954
v  -1.1401 2.7723 0.3954
v  -0.5821 3.3682 1.1344
v  -1.1443 3.3696 1.1334
v  -1.1461 4.3749 2.7434
v  -0.5831 4.3754 2.7432
v  -0.5845 4.8114 3.5868
v  -1.1490 4.8114 3.5868
v  -1.3534 -1.4675 -0.9175
v  -1.3754 -1.8550 -0.8726
v  -1.3455 -1.8549 -0.9288
v  -1.2761 -1.4547 -0.9932
v  -1.3513 -1.1126 -0.9208
v  -1.2726 -1.1195 -0.9953
v  -1.3513 -0.7362 -0.9207
v  -1.2726 -0.7415 -0.9953
v  -1.3907 -1.4793 -0.7837
v  -1.4421 -1.4331 0.1960
v  -1.4413 -1.8107 0.1802
v  -1.3907 -1.8539 -0.7837
v  -1.3907 -1.1047 -0.7837
v  -1.4436 -1.0574 0.2245
v  -1.3911 -0.7309 -0.7837
v  -1.4463 -0.6831 0.2757
v  -1.4512 -0.2627 0.3676
v  -1.3908 0.3928 -0.7831
v  -1.4627 0.4004 0.5915
v  -1.3913 0.8366 -0.7165
v  -1.4691 0.7147 0.7454
v  -1.3926 1.2476 -0.5396
v  -1.4743 1.0244 0.9246
v  -1.3930 1.6346 -0.3082
v  -1.4779 1.3191 1.1212
v  -1.3943 1.9870 -0.0298
v  -1.3963 2.6295 0.5983
v  -1.4854 2.1238 1.8178
v  -1.4811 1.5991 1.3414
v  -1.3985 3.1932 1.3042
v  -1.4895 2.6054 2.3480
v  -1.4007 3.7011 2.0522
v  -1.4913 3.0468 2.9037
v  -1.4027 4.1799 2.8733
v  -1.4942 3.4597 3.4802
v  -1.4046 4.5773 3.6342
v  -1.4929 3.8636 4.0638
v  -1.4096 4.7426 4.0517
v  -1.4907 4.0658 4.3578
v  -1.4251 4.8126 4.4942
v  -1.4881 4.2681 4.6523
v  -1.1538 0.3927 -1.0276
v  -1.1541 0.8621 -0.9641
v  -1.3901 0.8400 -0.7396
v  -1.3897 0.3928 -0.8037
v  -1.1587 1.3057 -0.7964
v  -1.3913 1.2568 -0.5644
v  -1.1577 1.7119 -0.5528
v  -1.1574 2.0897 -0.2638
v  -1.3919 1.6444 -0.3317
v  -1.1601 2.7723 0.3954
v  -1.3949 2.6444 0.5849
v  -1.3929 1.9991 -0.0496
v  -1.1643 3.3696 1.1333
v  -1.3969 3.2093 1.2924
v  -1.1650 3.8991 1.9217
v  -1.3990 3.7180 2.0416
v  -1.1661 4.3749 2.7434
v  -1.4008 4.1974 2.8637
v  -1.1690 4.8114 3.5868
v  -1.4026 4.5954 3.6260
v  -1.1744 4.9735 4.0323
v  -1.4075 4.7619 4.0465
v  -1.1889 5.0408 4.5009
v  -1.4231 4.8325 4.4924
v  -1.3183 -1.8548 -0.9606
v  -1.2780 -1.7070 -0.9920
v  -1.3897 -1.4802 -0.8037
v  -1.3897 -1.8548 -0.8037
v  -1.1536 -1.4173 -1.0276
v  -1.1538 -1.1265 -1.0276
v  -1.3897 -1.1056 -0.8037
v  -1.1538 -0.7467 -1.0276
v  -1.3897 -0.7310 -0.8037
v  -1.1410 -1.6380 -1.0889
v  -1.1702 -1.6131 -1.0443
v  -1.2284 -1.7414 -1.0256
v  -1.2094 -1.7618 -1.0673
v  -0.8625 -1.3243 -1.0948
v  -0.8870 -1.2864 -1.0488
v  -0.9966 -1.3856 -1.0489
v  -0.9665 -1.4186 -1.0947
v  -0.5180 -1.1184 -1.0943
v  -0.5315 -1.0751 -1.0485
v  -0.6547 -1.1324 -1.0484
v  -0.6380 -1.1748 -1.0944
v  -0.1333 -1.0226 -1.0939
v  -0.1363 -0.9767 -1.0479
v  -0.2711 -0.9971 -1.0483
v  -0.2645 -1.0419 -1.0941
v  -1.1316 -1.6529 -1.1481
v  -1.2043 -1.7772 -1.1183
v  -1.2637 -1.7167 -1.0003
v  -1.2170 -1.5865 -1.0187
v  -0.8568 -1.3435 -1.1610
v  -0.9557 -1.4337 -1.1611
v  -1.0490 -1.3340 -1.0276
v  -0.9357 -1.2307 -1.0276
v  -0.5149 -1.1376 -1.1609
v  -0.6335 -1.1943 -1.1611
v  -0.6843 -1.0643 -1.0276
v  -0.5554 -1.0054 -1.0276
v  -0.1336 -1.0423 -1.1610
v  -0.2628 -1.0614 -1.1607
v  -0.2834 -0.9255 -1.0276
v  -0.1432 -0.9041 -1.0276
v  -0.5769 0.3927 -1.0276
v  -0.5825 3.8991 1.9217
v  -0.5872 4.9750 4.0319
v  -0.5945 5.0408 4.5009
v  -1.1338 0.3927 -1.0276
v  -1.1338 -0.7467 -1.0276
v  -0.5769 -0.7467 -1.0276
v  -0.2873 -0.9059 -1.0276
v  -0.1452 -0.8842 -1.0276
v  -1.5034 4.4321 4.9691
v  -1.5425 4.4099 5.0036
v  -1.4059 4.9523 4.9509
v  -1.4451 4.8477 4.9481
v  -1.4472 4.8278 4.9481
v  -1.4798 4.5160 4.9481
v  -1.3201 5.0280 4.9487
v  -1.2106 5.0549 4.9453
v  -1.4677 4.8477 5.0165
v  -1.4234 4.9679 5.0183
v  -1.4599 4.9967 5.0610
v  -1.5133 4.8533 5.0599
v  -1.3341 5.0460 5.0166
v  -1.3591 5.0843 5.0599
v  -1.2073 5.0765 5.0149
v  -1.2073 5.1224 5.0593
v  -1.5154 4.8335 5.0599
v  -1.5455 4.5428 5.0598
v  -1.5000 4.5376 5.0161
v  -1.4698 4.8278 5.0164
v  -1.5476 4.5229 5.0598
v  -1.5451 4.4721 5.0478
v  -1.5028 4.4807 5.0064
v  -1.5021 4.5177 5.0161
v  -1.5031 4.4448 4.9845
v  -1.5423 4.4227 5.0189
v  -0.6053 5.0549 4.9452
v  -1.1873 5.0765 5.0148
v  -0.6036 5.0754 5.0130
v  -0.6037 5.1187 5.0572
v  -1.1873 5.1223 5.0593
v  -0.1346 5.9471 5.0787
v  -0.1346 7.4008 5.0787
v  -0.5817 7.7918 5.0787
v  -0.2722 7.3612 5.0787
v  -0.4046 7.2927 5.0787
v  -0.5227 7.1967 5.0787
v  -1.2062 7.1673 5.0787
v  -0.6187 7.0785 5.0787
v  -0.6873 6.9462 5.0787
v  -0.7268 6.8086 5.0787
v  -1.8177 6.5558 5.0787
v  -0.7392 6.6740 5.0787
v  -0.7268 6.5393 5.0787
v  -2.2831 6.0797 5.0787
v  -0.6873 6.4018 5.0787
v  -1.8681 5.6445 5.0787
v  -1.7977 5.5396 5.0787
v  -0.6187 6.2694 5.0787
v  -1.7693 5.4099 5.0787
v  -0.5227 6.1512 5.0787
v  -0.4046 6.0553 5.0787
v  -1.2132 5.2126 5.0787
v  -0.6053 5.2126 5.0787
v  -0.2722 5.9867 5.0787
v  -1.6013 4.8691 5.0787
v  -1.8646 5.1738 5.0787
v  -1.6352 4.5454 5.0787
v  -1.7985 5.2737 5.0787
v  -1.5323 5.0506 5.0787
v  -1.4045 5.1614 5.0787
v  -2.2016 4.3879 5.0787
v  -2.4603 4.5805 5.0787
v  -2.4932 4.2859 5.0787
v  -2.7724 4.1732 5.0787
v  -2.9454 4.0957 5.0787
v  -1.9124 4.4734 5.0787
v  -1.4638 0.3928 0.6100
v  -1.4704 0.7084 0.7650
v  -1.5741 0.6529 0.8782
v  -1.5740 0.3397 0.7272
v  -1.4756 1.0171 0.9444
v  -1.5799 0.9568 1.0549
v  -1.4793 1.3112 1.1421
v  -1.4823 1.5919 1.3598
v  -1.5836 1.2477 1.2519
v  -1.4867 2.1149 1.8352
v  -1.5942 2.0412 1.9391
v  -1.5846 1.5251 1.4662
v  -1.4913 2.5903 2.3609
v  -1.5958 2.5122 2.4575
v  -1.4944 3.0309 2.9156
v  -1.5984 2.9467 3.0070
v  -1.4961 3.4434 3.4916
v  -1.6057 3.3540 3.5771
v  -1.4950 3.8465 4.0740
v  -1.5999 3.7510 4.1543
v  -1.4929 4.0473 4.3661
v  -1.6000 3.9507 4.4421
v  -1.4904 4.2479 4.6580
v  -1.6007 4.1508 4.7296
v  -1.4423 -1.8098 0.2002
v  -1.4431 -1.4342 0.2159
v  -1.5725 -1.4469 0.3458
v  -1.5698 -1.8139 0.3304
v  -1.4446 -1.0595 0.2444
v  -1.5655 -1.0805 0.3725
v  -1.4473 -0.6866 0.2953
v  -1.5640 -0.7144 0.4206
v  -1.4522 -0.2681 0.3869
v  -1.5653 -0.2705 0.5142
v  -1.6006 4.3979 5.0231
v  -1.4829 4.4786 4.9360
v  -1.5154 5.0388 5.0787
v  -1.5817 4.8645 5.0787
v  -1.3949 5.1432 5.0787
v  -1.2106 5.1926 5.0787
v  -1.5838 4.8446 5.0787
v  -1.6146 4.5494 5.0787
v  -1.6167 4.5295 5.0787
v  -1.6085 4.4673 5.0683
v  -1.6007 4.4108 5.0384
v  -0.6053 5.1926 5.0787
v  -1.1906 5.1926 5.0787
v  -2.9843 3.9082 5.0250
v  -3.1065 3.5743 4.7199
v  -2.8547 3.6968 4.7164
v  -2.7095 4.0323 5.0261
v  -2.6188 3.8054 4.7199
v  -2.3708 3.9061 4.7214
v  -2.4399 4.1412 5.0274
v  -2.1147 4.0012 4.7273
v  -2.1596 4.2393 5.0272
v  -1.8820 4.3245 5.0233
v  -1.8516 4.0814 4.7259
v  -1.6203 4.1454 4.7293
v  -1.6201 4.3927 5.0230
v  -3.6461 3.2388 4.6964
v  -1.3936 -2.5524 0.2564
v  -1.4058 -2.4170 0.2608
v  -1.4437 -2.4187 0.2990
v  -1.4303 -2.5571 0.2963
v  -1.3719 -2.6865 0.2581
v  -1.4078 -2.6946 0.2963
v  -1.3351 -2.8170 0.2556
v  -1.3704 -2.8286 0.2952
v  -1.2875 -2.9439 0.2562
v  -1.3206 -2.9585 0.2944
v  -1.2269 -3.0653 0.2551
v  -1.2591 -3.0835 0.2942
v  -1.1551 -3.1802 0.2543
v  -1.1848 -3.2008 0.2931
v  -1.0730 -3.2884 0.2551
v  -1.1007 -3.3121 0.2934
v  -0.9807 -3.3873 0.2546
v  -1.0060 -3.4134 0.2930
v  -0.8791 -3.4771 0.2543
v  -0.9015 -3.5057 0.2928
v  -0.7690 -3.5562 0.2531
v  -0.7892 -3.5872 0.2927
v  -0.6520 -3.6255 0.2539
v  -0.6687 -3.6577 0.2924
v  -0.5293 -3.6825 0.2539
v  -0.5434 -3.7172 0.2931
v  -0.4011 -3.7275 0.2537
v  -0.4114 -3.7621 0.2921
v  -0.2702 -3.7609 0.2556
v  -0.2773 -3.7981 0.2938
v  -0.1353 -3.7783 0.2518
v  -0.1387 -3.8146 0.2915
v  -1.3774 -2.5500 0.1790
v  -1.3497 -2.5238 -0.8012
v  -1.3572 -2.3915 -0.8012
v  -1.3876 -2.4177 0.1827
v  -1.3545 -2.6822 0.1809
v  -1.3293 -2.6548 -0.8012
v  -1.3195 -2.8114 0.1782
v  -1.2963 -2.7832 -0.8012
v  -1.2714 -2.9365 0.1795
v  -1.2508 -2.9077 -0.8012
v  -1.2116 -3.0562 0.1782
v  -1.1934 -3.0272 -0.8012
v  -1.1411 -3.1699 0.1779
v  -1.1248 -3.1405 -0.8012
v  -1.0600 -3.2765 0.1783
v  -1.0454 -3.2466 -0.8012
v  -0.9686 -3.3745 0.1780
v  -0.9560 -3.3445 -0.8012
v  -0.8677 -3.4625 0.1780
v  -0.8573 -3.4329 -0.8012
v  -0.7595 -3.5412 0.1761
v  -0.7507 -3.5115 -0.8012
v  -0.6441 -3.6096 0.1773
v  -0.6369 -3.5795 -0.8012
v  -0.5231 -3.6666 0.1761
v  -0.5170 -3.6361 -0.8012
v  -0.3965 -3.7105 0.1772
v  -0.3921 -3.6804 -0.8012
v  -0.2667 -3.7431 0.1776
v  -0.2636 -3.7126 -0.8012
v  -0.1339 -3.7624 0.1748
v  -0.1324 -3.7320 -0.8012
v  -1.5015 -2.4202 0.3170
v  -1.4872 -2.5644 0.3159
v  -1.3780 -2.5503 0.1990
v  -1.3882 -2.4166 0.2027
v  -1.4627 -2.7067 0.3152
v  -1.3551 -2.6825 0.2008
v  -1.4251 -2.8467 0.3145
v  -1.3200 -2.8118 0.1982
v  -1.3716 -2.9808 0.3137
v  -1.2719 -2.9369 0.1995
v  -1.3090 -3.1115 0.3134
v  -1.2120 -3.0568 0.1982
v  -1.2308 -3.2327 0.3128
v  -1.1414 -3.1705 0.1978
v  -1.1436 -3.3485 0.3126
v  -1.0603 -3.2771 0.1983
v  -1.0452 -3.4538 0.3123
v  -0.9689 -3.3751 0.1980
v  -0.9363 -3.5495 0.3121
v  -0.8679 -3.4630 0.1980
v  -0.8206 -3.6355 0.3121
v  -0.7597 -3.5418 0.1961
v  -0.6946 -3.7070 0.3118
v  -0.6443 -3.6101 0.1973
v  -0.5652 -3.7710 0.3120
v  -0.5232 -3.6672 0.1961
v  -0.4272 -3.8154 0.3116
v  -0.3966 -3.7111 0.1972
v  -0.2883 -3.8552 0.3119
v  -0.2667 -3.7437 0.1976
v  -0.1442 -3.8705 0.3115
v  -0.1340 -3.7630 0.1948
v  -0.1329 -1.0427 -1.1810
v  -0.1321 -1.0429 -1.2026
v  -0.2626 -1.0621 -1.1807
v  -0.2623 -1.0629 -1.2019
v  -0.3905 -1.0945 -1.1813
v  -0.3902 -1.0951 -1.2017
v  -0.5147 -1.1384 -1.1809
v  -0.5143 -1.1394 -1.2017
v  -0.6335 -1.1950 -1.1811
v  -0.6334 -1.1958 -1.2018
v  -0.7482 -1.2633 -1.1810
v  -0.7473 -1.2632 -1.2026
v  -0.8553 -1.3429 -1.1809
v  -0.8537 -1.3422 -1.2026
v  -0.9538 -1.4324 -1.1810
v  -0.9517 -1.4311 -1.2026
v  -1.0457 -1.5343 -1.1809
v  -1.0407 -1.5295 -1.2027
v  -1.1309 -1.6526 -1.1675
v  -1.1200 -1.6370 -1.2028
v  -1.2039 -1.7776 -1.1375
v  -1.1876 -1.7505 -1.2028
v  -1.2632 -1.9103 -1.0957
v  -1.2436 -1.8693 -1.2026
v  -1.2848 -1.9844 -1.2026
v  -1.3276 -2.1300 -0.9936
v  -1.3190 -2.1191 -1.2026
v  -1.3446 -2.2229 -0.9043
v  -1.3383 -2.2494 -1.2026
v  -1.3542 -2.2894 -0.8012
v  -1.3448 -2.3814 -1.2026
v  -1.4848 -2.1153 0.3027
v  -1.4696 -2.2378 0.3026
v  -1.4262 -2.2151 0.2613
v  -1.4402 -2.1140 0.2601
v  -1.4030 -2.2037 0.1881
v  -1.4175 -2.1150 0.1903
v  -1.4541 -2.3603 0.3030
v  -1.5467 -2.1183 0.3222
v  -1.4121 -2.3161 0.2626
v  -1.3886 -2.2925 0.1859
v  -1.3869 -2.3211 0.1891
v  -1.5241 -2.2692 0.3194
v  -1.3878 -2.2928 0.1659
v  -1.3556 -2.2643 -0.7803
v  -1.3663 -2.1759 -0.7823
v  -1.4023 -2.2032 0.1681
v  -1.4166 -2.1145 0.1703
v  -1.3767 -2.0890 -0.7823
v  -1.3709 -2.0878 -0.8391
v  -1.3608 -2.0869 -0.8741
v  -1.3533 -2.0854 -0.8923
v  -1.3758 -2.0885 -0.8023
v  -1.3629 -2.1776 -0.8249
v  -1.3572 -2.1828 -0.8496
v  -1.3515 -2.1895 -0.8668
v  -1.3654 -2.1760 -0.8023
v  -1.2799 -1.8725 -1.0008
v  -1.3353 -2.0961 -0.9269
v  -1.3294 -2.1087 -0.9470
v  -1.2645 -1.8891 -1.0364
v  -1.3274 -2.1250 -0.9750
v  -1.2613 -1.9036 -1.0769
v  -1.3031 -1.8548 -0.9744
v  -1.3443 -2.0847 -0.9100
v  -1.3469 -2.1995 -0.8810
v  -1.3450 -2.2078 -0.8925
v  -1.3862 -2.3236 0.1693
v  -1.3383 -2.5132 -1.2026
v  -1.3189 -2.6437 -1.2026
v  -1.2868 -2.7717 -1.2026
v  -1.2424 -2.8960 -1.2026
v  -1.1859 -3.0152 -1.2026
v  -1.1181 -3.1284 -1.2026
v  -1.0395 -3.2344 -1.2026
v  -0.9508 -3.3322 -1.2026
v  -0.8530 -3.4208 -1.2026
v  -0.7470 -3.4994 -1.2026
v  -0.6339 -3.5672 -1.2026
v  -0.5146 -3.6236 -1.2026
v  -0.3903 -3.6681 -1.2026
v  -0.2623 -3.7001 -1.2026
v  -0.1318 -3.7195 -1.2026
v  -0.7749 -1.2035 -1.0484
v  -0.7544 -1.2443 -1.0945
v  -0.3931 -1.0739 -1.0941
v  -0.4032 -1.0297 -1.0484
v  0.0000 -1.0149 -1.0916
v  -0.7490 -1.2633 -1.1610
v  -0.3907 -1.0938 -1.1613
v  -0.4214 -0.9589 -1.0276
v  -0.8112 -1.1397 -1.0276
v  -1.0941 -1.4959 -1.0508
v  -1.0614 -1.5232 -1.0961
v  -1.0467 -1.5347 -1.1611
v  -1.1538 -1.4481 -1.0276
v  -1.1450 3.8991 1.9217
v  -1.1544 4.9736 4.0323
v  -1.1689 5.0409 4.5014
v  -1.1906 5.0549 4.9453
v  -0.5628 -0.9868 -1.0276
v  -0.6936 -1.0466 -1.0276
v  -0.8222 -1.1230 -1.0276
v  -0.4270 -0.9397 -1.0276
v  -0.9484 -1.2152 -1.0276
v  -1.1338 -1.1265 -1.0276
v  -1.0631 -1.3199 -1.0276
v  -0.1318 -1.0431 -1.2126
v  -0.2622 -1.0632 -1.2119
v  -0.3900 -1.0954 -1.2117
v  -0.5142 -1.1398 -1.2117
v  -0.6334 -1.1961 -1.2118
v  -0.7470 -1.2633 -1.2126
v  -0.8529 -1.3418 -1.2126
v  -0.9507 -1.4305 -1.2126
v  -1.0393 -1.5282 -1.2126
v  -1.1179 -1.6342 -1.2126
v  -1.1857 -1.7474 -1.2126
v  -1.2421 -1.8666 -1.2126
v  -1.2866 -1.9909 -1.2126
v  -1.3187 -2.1189 -1.2126
v  -1.3380 -2.2494 -1.2126
v  -1.3445 -2.3812 -1.2126
v  -1.3380 -2.5129 -1.2126
v  -1.3187 -2.6434 -1.2126
v  -1.2866 -2.7714 -1.2126
v  -1.2421 -2.8957 -1.2126
v  -1.1857 -3.0149 -1.2126
v  -1.1179 -3.1281 -1.2126
v  -1.0393 -3.2341 -1.2126
v  -0.9507 -3.3319 -1.2126
v  -0.8529 -3.4205 -1.2126
v  -0.7470 -3.4991 -1.2126
v  -0.6338 -3.5669 -1.2126
v  -0.5145 -3.6233 -1.2126
v  -0.3903 -3.6677 -1.2126
v  -0.2623 -3.6998 -1.2126
v  -0.1318 -3.7192 -1.2126
v  -2.7991 -4.3321 0.8749
v  -2.2717 -4.8354 0.8336
v  -2.0899 -4.6121 0.6845
v  -2.5787 -4.1398 0.7170
v  -0.2399 -4.5022 0.3845
v  -0.6137 -4.4270 0.3841
v  -0.7055 -4.7344 0.4594
v  -0.2983 -4.8086 0.4579
v  -0.9887 -4.2764 0.3851
v  -1.1379 -4.5558 0.4592
v  -1.2582 -4.1079 0.3857
v  -1.4336 -4.3689 0.4611
v  -3.3052 -3.7928 0.9885
v  -3.0414 -3.6256 0.8010
v  -3.7672 -3.2371 1.1764
v  -3.4583 -3.0883 0.9460
v  -4.1881 -2.6517 1.4506
v  -3.8403 -2.5191 1.1626
v  -4.5693 -2.0195 1.8159
v  -4.1780 -1.9055 1.4612
v  -0.1922 -4.1878 0.3359
v  -1.8418 -3.5148 0.3922
v  -1.4988 -3.8984 0.3852
v  -1.2849 -3.6595 0.3372
v  -1.5741 -3.3123 0.3405
v  -2.3485 -3.9412 0.5824
v  -1.9006 -4.3808 0.5588
v  -1.7020 -4.1420 0.4599
v  -2.0988 -3.7301 0.4732
v  -1.9194 -5.1168 0.8300
v  -2.4398 -5.0542 1.0027
v  -2.0649 -5.3508 0.9987
v  -0.4653 -5.6879 0.8222
v  -0.9651 -5.5857 0.8248
v  -1.0511 -5.8440 0.9895
v  -0.5145 -5.9599 0.9892
v  -0.3557 -5.1081 0.5559
v  -0.7952 -5.0351 0.5598
v  -0.8818 -5.3157 0.6801
v  -0.4112 -5.4035 0.6768
v  -0.5207 -4.1218 0.3359
v  -1.5370 -5.3521 0.8283
v  -1.6594 -5.5995 0.9967
v  -1.2702 -4.8268 0.5561
v  -1.4063 -5.0946 0.6797
v  -0.8423 -3.9929 0.3366
v  -1.5983 -4.6228 0.5584
v  -1.7623 -4.8747 0.6811
v  -1.0848 -3.8431 0.3376
v  -2.0954 -3.1146 0.4055
v  -1.7304 -2.9799 0.3422
v  -2.7623 -3.4524 0.6439
v  -2.4370 -3.2854 0.5039
v  -3.5333 -3.9858 1.1900
v  -3.0058 -4.5236 1.0530
v  -2.3030 -2.6880 0.4290
v  -1.8858 -2.6475 0.3519
v  -3.1310 -2.9360 0.7470
v  -2.7268 -2.8156 0.5594
v  -4.0202 -3.4415 1.4162
v  -2.4945 -2.1958 0.4766
v  -2.0180 -2.0691 0.3754
v  -3.4678 -2.3868 0.9095
v  -2.9939 -2.2894 0.6602
v  -4.4850 -2.8688 1.7399
v  -2.7768 -0.9603 0.7226
v  -2.6467 -1.5656 0.5671
v  -2.1060 -1.4920 0.4210
v  -2.1834 -0.9204 0.5155
v  -3.7590 -1.7967 1.1397
v  -3.2189 -1.6730 0.8196
v  -4.9314 -2.2402 2.1902
v  -5.5735 -2.1527 3.0088
v  -5.1527 -2.6677 2.4519
v  -5.3756 -1.4996 2.8494
v  -3.1868 3.3575 4.5092
v  -3.6381 2.6812 4.0550
v  -3.3242 2.7154 3.8270
v  -2.8895 3.4252 4.3979
v  -4.0988 1.9970 3.7187
v  -3.7349 1.9857 3.3434
v  -4.4920 1.3780 3.5143
v  -4.1030 1.3204 3.0262
v  -4.8219 0.6661 3.2801
v  -4.4048 0.5960 2.7275
v  -4.9302 0.1721 3.0469
v  -4.5599 -0.3130 2.3057
v  -5.0107 -0.3367 2.8357
v  -4.9694 -0.8128 2.5552
v  -2.1125 3.5838 4.1503
v  -2.2873 2.8082 3.1863
v  -1.9480 2.8836 3.0918
v  -1.8576 3.6716 4.1493
v  -2.6097 3.4882 4.3031
v  -3.0057 2.7429 3.6045
v  -2.6500 2.7820 3.3903
v  -2.3620 3.5387 4.2247
v  -3.9070 2.7111 4.3219
v  -2.5019 2.0028 2.3534
v  -2.0542 2.0342 2.1341
v  -3.3640 1.9666 2.9752
v  -2.9410 1.9961 2.6536
v  -4.4327 2.0729 4.1385
v  -2.6891 1.1544 1.6826
v  -2.1559 1.1053 1.3732
v  -3.7002 1.2506 2.5512
v  -3.2185 1.2057 2.0898
v  -4.8911 1.4908 4.0755
v  -2.8143 0.4272 1.2745
v  -2.2166 0.3814 0.9612
v  -3.9487 0.5360 2.1977
v  -3.4224 0.4697 1.6974
v  -5.3222 0.7349 3.9595
v  -2.8433 -0.2567 0.9696
v  -2.2169 -0.2383 0.7026
v  -4.0648 -0.2923 1.8117
v  -3.4846 -0.2763 1.3543
v  -5.4729 0.1730 3.7564
v  -5.5919 -0.4047 3.5777
v  -3.9831 -1.1278 1.4414
v  -3.4048 -1.0337 1.0426
v  -4.8983 -1.2986 2.2989
v  -5.5013 -0.9469 3.2004
v  -4.4598 -1.2077 1.8509
v  -1.5212 -2.4226 0.3188
v  -1.5069 -2.5670 0.3177
v  -1.5416 -2.2874 0.3210
v  -1.3898 -2.9888 0.3154
v  -1.3265 -3.1212 0.3150
v  -1.0591 -3.4681 0.3146
v  -0.9488 -3.5649 0.3144
v  -0.5727 -3.7895 0.3143
v  -0.4330 -3.8344 0.3138
v  -1.5922 -1.4470 0.3489
v  -1.5896 -1.8148 0.3328
v  -1.6250 3.3277 3.5496
v  -1.6178 2.9427 3.0098
v  -1.6050 1.5179 1.4677
v  -1.6017 1.2443 1.2559
v  -2.6044 -5.2395 1.1777
v  -2.2030 -5.5564 1.1727
v  -1.1288 -6.0762 1.1598
v  -0.5595 -6.2043 1.1622
v  -1.7693 -5.8224 1.1706
v  -3.7013 -4.1998 1.3858
v  -3.1910 -4.6956 1.2382
v  -4.1799 -3.7179 1.6201
v  -4.6802 -3.1900 1.9797
v  -4.1679 2.7355 4.5710
v  -4.7615 2.1467 4.5379
v  -5.2946 1.6045 4.6095
v  -5.6194 1.2050 4.6586
v  -5.8395 0.8153 4.6447
v  -6.0763 0.0111 4.4659
v  -6.1055 -0.2542 4.3697
v  -6.1057 -0.4982 4.2564
v  -6.0030 -1.2175 3.8258
v  -5.8206 -1.7241 3.4231
v  -0.1472 -3.8902 0.3138
v  -1.1589 -3.3613 0.3148
v  -0.2921 -3.8748 0.3142
v  -0.7039 -3.7246 0.3141
v  -0.8315 -3.6522 0.3144
v  -1.2471 -3.2441 0.3146
v  -1.4440 -2.8530 0.3162
v  -1.4822 -2.7110 0.3169
v  -1.5665 -2.1206 0.3243
v  -1.5852 -1.0807 0.3762
v  -1.6193 3.7449 4.1540
v  -1.6133 2.0396 1.9443
v  -1.6151 2.5082 2.4608
v  -1.5931 0.3397 0.7326
v  -1.5936 0.6505 0.8824
v  -1.5845 -0.2709 0.5194
v  -1.5832 -0.7175 0.4243
v  -1.5983 0.9527 1.0585
v  -1.6195 3.9470 4.4446
v  -6.0825 -0.7891 4.0979
v  -5.9955 0.3949 4.5746
v  -1.2341 -1.5771 -1.0133
v  -0.5464 -6.7746 0.0000
v  -2.6979 5.6732 0.0000
v  -0.6351 4.0668 5.1889
v  -0.6428 4.1454 5.2774
v  -0.5066 2.7627 3.2487
v  -0.5307 3.0075 3.6003
v  -0.4568 2.2568 2.5961
v  -0.4827 2.5199 2.9228
v  -0.3999 1.6795 1.9792
v  -0.4294 1.9788 2.2822
v  -0.3353 1.0228 1.4353
v  -0.3686 1.3615 1.6961
v  -0.2997 0.6621 1.2120
v  -0.2622 0.2815 1.0337
v  -0.2231 -0.1158 0.9032
v  -0.1829 -0.5239 0.8186
v  -0.1438 -0.9207 0.7853
v  -0.1328 -1.0328 0.7744
v  -0.1419 -0.9405 0.7837
v  -0.1239 -1.1234 0.7479
v  -0.1156 -1.2076 0.7051
v  -0.1083 -1.2813 0.6486
v  -0.0856 -1.5119 0.4356
v  -0.1070 -1.2960 0.6350
v  -0.0842 -1.5194 0.2298
v  -0.0849 -1.5192 0.4188
v  -0.0857 -1.5109 -1.1380
v  -0.0849 -1.5192 -1.0945
v  -0.0883 -1.4848 -1.1780
v  -0.0922 -1.4449 -1.2043
v  -0.0965 -1.4016 -1.2126
v  -1.2642 3.9744 5.1882
v  -1.2794 4.0508 5.2777
v  -0.6209 3.9234 4.9998
v  -0.5983 3.6930 4.6508
v  -1.1892 3.5972 4.6430
v  -1.2360 3.8326 4.9994
v  -1.0089 2.6910 3.2602
v  -1.0555 2.9255 3.6031
v  -0.9088 2.1879 2.5977
v  -0.9602 2.4461 2.9251
v  -0.7958 1.6200 1.9798
v  -0.8545 1.9147 2.2831
v  -0.6672 0.9730 1.4362
v  -0.7335 1.3068 1.6969
v  -0.5965 0.6178 1.2126
v  -0.5219 0.2429 1.0339
v  -0.4441 -0.1486 0.9033
v  -0.3641 -0.5509 0.8191
v  -0.2864 -0.9419 0.7859
v  -0.2643 -1.0524 0.7748
v  -0.2824 -0.9614 0.7842
v  -0.2465 -1.1417 0.7482
v  -0.2300 -1.2246 0.7052
v  -0.2163 -1.2964 0.6497
v  -0.1704 -1.5244 0.4356
v  -0.2137 -1.3109 0.6361
v  -0.1689 -1.5321 0.2299
v  -0.1690 -1.5317 0.4188
v  -0.1706 -1.5235 -1.1380
v  -0.1690 -1.5317 -1.0945
v  -0.1757 -1.4977 -1.1780
v  -0.1835 -1.4585 -1.2043
v  -0.1920 -1.4158 -1.2126
v  -1.8813 3.8206 5.1874
v  -1.9036 3.8942 5.2780
v  -1.4995 2.5620 3.2646
v  -1.5687 2.7903 3.6076
v  -1.3515 2.0741 2.6000
v  -1.4274 2.3243 2.9287
v  -1.1840 1.5220 1.9809
v  -1.2711 1.8090 2.2844
v  -0.9925 0.8906 1.4373
v  -1.0912 1.2161 1.6979
v  -0.8875 0.5444 1.2135
v  -0.7766 0.1790 1.0342
v  -0.6608 -0.2029 0.9035
v  -0.5417 -0.5955 0.8200
v  -0.4258 -0.9780 0.7867
v  -0.3932 -1.0848 0.7754
v  -0.4199 -0.9971 0.7851
v  -0.3668 -1.1720 0.7485
v  -0.3423 -1.2528 0.7053
v  -0.3219 -1.3222 0.6503
v  -0.2536 -1.5453 0.4356
v  -0.3178 -1.3363 0.6367
v  -0.2519 -1.5530 0.2297
v  -0.2514 -1.5524 0.4189
v  -0.2538 -1.5444 -1.1380
v  -0.2514 -1.5523 -1.0945
v  -0.2615 -1.5192 -1.1780
v  -0.2731 -1.4809 -1.2043
v  -0.2857 -1.4393 -1.2126
v  -2.4803 3.6069 5.1871
v  -2.5094 3.6772 5.2784
v  -1.8393 3.6823 4.9988
v  -1.7706 3.4557 4.6536
v  -2.3327 3.2506 4.6562
v  -2.4251 3.4735 4.9983
v  -1.9739 2.3843 3.2700
v  -2.0650 2.6040 3.6132
v  -1.7802 1.9168 2.6031
v  -1.8795 2.1564 2.9332
v  -1.5604 1.3860 1.9822
v  -1.6749 1.6624 2.2862
v  -1.3080 0.7766 1.4389
v  -1.4381 1.0907 1.6994
v  -1.1697 0.4427 1.2147
v  -1.0237 0.0904 1.0346
v  -0.8711 -0.2782 0.9037
v  -0.7140 -0.6573 0.8210
v  -0.5608 -1.0270 0.7878
v  -0.5183 -1.1297 0.7762
v  -0.5531 -1.0454 0.7861
v  -0.4835 -1.2139 0.7490
v  -0.4512 -1.2919 0.7055
v  -0.4245 -1.3580 0.6509
v  -0.3341 -1.5745 0.4358
v  -0.4192 -1.3717 0.6374
v  -0.3305 -1.5811 0.2298
v  -0.3313 -1.5813 0.4190
v  -0.3346 -1.5733 -1.1380
v  -0.3315 -1.5809 -1.0945
v  -0.3447 -1.5490 -1.1780
v  -0.3600 -1.5120 -1.2043
v  -0.3767 -1.4718 -1.2126
v  -3.0554 3.3352 5.1868
v  -3.0914 3.4024 5.2780
v  -2.8714 2.9910 4.6593
v  -2.9867 3.2065 4.9992
v  -2.4277 2.1607 3.2759
v  -2.5395 2.3698 3.6193
v  -2.1910 1.7179 2.6066
v  -2.3122 1.9448 2.9382
v  -1.9214 1.2136 1.9839
v  -2.0621 1.4768 2.2884
v  -1.6106 0.6321 1.4408
v  -1.7708 0.9317 1.7011
v  -1.4405 0.3138 1.2161
v  -1.2610 -0.0220 1.0351
v  -1.0730 -0.3738 0.9041
v  -0.8795 -0.7358 0.8222
v  -0.6903 -1.0894 0.7889
v  -0.6384 -1.1867 0.7770
v  -0.6808 -1.1069 0.7873
v  -0.5955 -1.2671 0.7495
v  -0.5557 -1.3415 0.7057
v  -0.5236 -1.4026 0.6530
v  -0.4116 -1.6111 0.4357
v  -0.5170 -1.4158 0.6395
v  -0.4073 -1.6173 0.2297
v  -0.4081 -1.6176 0.4190
v  -0.4122 -1.6100 -1.1380
v  -0.4083 -1.6173 -1.0945
v  -0.4246 -1.5868 -1.1780
v  -0.4435 -1.5515 -1.2043
v  -0.4640 -1.5131 -1.2126
v  -3.6011 3.0083 5.1865
v  -3.6441 3.0725 5.2767
v  -3.3816 2.6798 4.6626
v  -3.5193 2.8858 5.0001
v  -2.8570 1.8946 3.2814
v  -2.9883 2.0911 3.6250
v  -2.5801 1.4802 2.6098
v  -2.7218 1.6924 2.9428
v  -2.2637 1.0068 1.9854
v  -2.4291 1.2543 2.2904
v  -1.8975 0.4587 1.4425
v  -2.0862 0.7411 1.7027
v  -1.6973 0.1590 1.2174
v  -1.4860 -0.1572 1.0356
v  -1.2645 -0.4887 0.9044
v  -1.0364 -0.8300 0.8235
v  -0.8133 -1.1640 0.7900
v  -0.7523 -1.2552 0.7778
v  -0.8022 -1.1806 0.7884
v  -0.7017 -1.3310 0.7500
v  -0.6549 -1.4011 0.7059
v  -0.6183 -1.4584 0.6540
v  -0.4851 -1.6551 0.4357
v  -0.6103 -1.4708 0.6404
v  -0.4811 -1.6612 0.4189
v  -0.4858 -1.6541 -1.1380
v  -0.4812 -1.6610 -1.0945
v  -0.5004 -1.6322 -1.1780
v  -0.5227 -1.5989 -1.2043
v  -0.5468 -1.5628 -1.2126
v  -4.1121 2.6294 5.1862
v  -4.1621 2.6903 5.2751
v  -3.8587 2.3208 4.6656
v  -4.0179 2.5147 5.0009
v  -3.2587 1.5895 3.2857
v  -3.4082 1.7717 3.6294
v  -2.9442 1.2064 2.6123
v  -3.1051 1.4025 2.9464
v  -2.5842 0.7677 1.9866
v  -2.7727 0.9974 2.2920
v  -2.1661 0.2582 1.4440
v  -2.3815 0.5207 1.7040
v  -1.9377 -0.0201 1.2187
v  -1.6967 -0.3137 1.0362
v  -1.4438 -0.6218 0.9047
v  -1.1834 -0.9392 0.8246
v  -0.9280 -1.2505 0.7910
v  -0.8590 -1.3345 0.7786
v  -0.9153 -1.2659 0.7893
v  -0.8011 -1.4050 0.7505
v  -0.7477 -1.4701 0.7061
v  -0.7050 -1.5213 0.6548
v  -0.5540 -1.7060 0.4357
v  -0.6959 -1.5329 0.6412
v  -0.5547 -1.7052 -1.1380
v  -0.5495 -1.7116 -1.0945
v  -0.5714 -1.6849 -1.1780
v  -0.5968 -1.6539 -1.2043
v  -0.6244 -1.6203 -1.2126
v  -4.5835 2.2023 5.1859
v  -4.6402 2.2590 5.2735
v  -4.2993 1.9181 4.6674
v  -4.4775 2.0963 5.0019
v  -3.6297 1.2486 3.2882
v  -3.7961 1.4150 3.6321
v  -3.2804 0.8993 2.6138
v  -3.4591 1.0780 2.9485
v  -2.8799 0.4987 1.9874
v  -3.0898 0.7086 2.2930
v  -2.4137 0.0326 1.4453
v  -2.6539 0.2727 1.7050
v  -2.1594 -0.2218 1.2198
v  -1.8911 -0.4901 1.0367
v  -1.6093 -0.7719 0.9050
v  -1.3189 -1.0623 0.8256
v  -1.0334 -1.3470 0.7918
v  -0.9574 -1.4238 0.7791
v  -1.0193 -1.3610 0.7901
v  -0.8928 -1.4883 0.7508
v  -0.8334 -1.5478 0.7062
v  -0.7881 -1.5950 0.6560
v  -0.6177 -1.7635 0.4356
v  -0.7778 -1.6056 0.6424
v  -0.6125 -1.7687 -0.6851
v  -0.6125 -1.7687 0.2204
v  -0.5494 -1.7117 0.2204
v  -0.5494 -1.7116 -0.6851
v  -0.6183 -1.7628 -1.1380
v  -0.6125 -1.7687 -1.0945
v  -0.6369 -1.7442 -1.1780
v  -0.6652 -1.7159 -1.2043
v  -0.6960 -1.6852 -1.2126
v  -5.0108 1.7310 5.1857
v  -5.0732 1.7822 5.2728
v  -4.6998 1.4758 4.6676
v  -4.8945 1.6356 5.0022
v  -3.9676 0.8750 3.2886
v  -4.1495 1.0243 3.6325
v  -3.5858 0.5616 2.6142
v  -3.7812 0.7220 2.9489
v  -3.1479 0.2023 1.9879
v  -3.3774 0.3906 2.2934
v  -2.6382 -0.2160 1.4462
v  -2.9008 -0.0005 1.7057
v  -2.3603 -0.4441 1.2207
v  -2.0672 -0.6847 1.0372
v  -1.7592 -0.9374 0.9053
v  -1.4417 -1.1980 0.8264
v  -1.1294 -1.4536 0.7923
v  -1.0466 -1.5223 0.7795
v  -1.1140 -1.4662 0.7906
v  -0.9760 -1.5802 0.7511
v  -0.9110 -1.6335 0.7063
v  -0.8600 -1.6744 0.6562
v  -0.6751 -1.8271 0.4357
v  -0.8487 -1.6837 0.6427
v  -0.6695 -1.8317 -0.6851
v  -0.6694 -1.8318 0.2204
v  -0.6759 -1.8264 -1.1380
v  -0.6695 -1.8317 -1.0945
v  -0.6963 -1.8097 -1.1780
v  -0.7272 -1.7843 -1.2043
v  -0.7608 -1.7568 -1.2126
v  -5.3893 1.2199 5.1862
v  -5.4555 1.2641 5.2744
v  -5.0568 0.9976 4.6663
v  -5.2656 1.1372 5.0014
v  -4.2697 0.4718 3.2868
v  -4.4656 0.6027 3.6306
v  -3.8577 0.1965 2.6135
v  -4.0686 0.3374 2.9475
v  -3.3859 -0.1187 1.9880
v  -3.6331 0.0464 2.2931
v  -2.8374 -0.4852 1.4468
v  -3.1200 -0.2965 1.7059
v  -2.5385 -0.6850 1.2213
v  -2.2233 -0.8956 1.0376
v  -1.8922 -1.1168 0.9056
v  -1.5507 -1.3450 0.8269
v  -1.2145 -1.5693 0.7925
v  -1.1257 -1.6290 0.7797
v  -1.1979 -1.5803 0.7908
v  -1.0498 -1.6797 0.7512
v  -0.9798 -1.7264 0.7064
v  -0.9261 -1.7630 0.6564
v  -0.7261 -1.8960 0.4357
v  -0.9138 -1.7712 0.6428
v  -0.7201 -1.9000 -0.6851
v  -0.7200 -1.9001 0.2204
v  -0.7271 -1.8953 -1.1380
v  -0.7202 -1.9000 -1.0945
v  -0.7489 -1.8807 -1.1780
v  -0.7822 -1.8585 -1.2043
v  -0.8184 -1.8343 -1.2126
v  -5.7152 0.6737 5.1875
v  -5.7845 0.7108 5.2767
v  -5.3665 0.4872 4.6638
v  -5.5867 0.6050 5.0000
v  -4.5331 0.0419 3.2832
v  -4.7414 0.1532 3.6267
v  -4.0939 -0.1929 2.6115
v  -4.3188 -0.0727 2.9445
v  -3.5918 -0.4613 1.9875
v  -3.8544 -0.3209 2.2921
v  -3.0096 -0.7725 1.4467
v  -3.3095 -0.6122 1.7056
v  -2.6924 -0.9420 1.2215
v  -2.3582 -1.1207 1.0378
v  -2.0070 -1.3084 0.9057
v  -1.6448 -1.5020 0.8272
v  -1.2883 -1.6930 0.7925
v  -1.1940 -1.7429 0.7797
v  -1.2707 -1.7024 0.7908
v  -1.1135 -1.7860 0.7512
v  -1.0393 -1.8256 0.7064
v  -0.9815 -1.8554 0.6561
v  -0.7701 -1.9696 0.4357
v  -0.9685 -1.8623 0.6426
v  -0.7638 -1.9729 -0.6851
v  -0.7636 -1.9730 0.2205
v  -0.7712 -1.9689 -1.1380
v  -0.7639 -1.9729 -1.0945
v  -0.7944 -1.9565 -1.1780
v  -0.8297 -1.9377 -1.2043
v  -0.8680 -1.9172 -1.2126
v  -5.9857 0.0983 5.1891
v  -6.0563 0.1275 5.2804
v  -5.6255 -0.0511 4.6610
v  -5.8525 0.0430 5.0001
v  -4.7552 -0.4115 3.2781
v  -4.9741 -0.3208 3.6215
v  -4.2919 -0.6034 2.6086
v  -4.5293 -0.5050 2.9402
v  -3.7637 -0.8222 1.9863
v  -4.0395 -0.7079 2.2904
v  -3.1533 -1.0750 1.4460
v  -3.4677 -0.9448 1.7047
v  -2.8207 -1.2128 1.2212
v  -2.4704 -1.3579 1.0376
v  -2.1025 -1.5103 0.9057
v  -1.7230 -1.6675 0.8272
v  -1.3494 -1.8226 0.7922
v  -1.2508 -1.8630 0.7795
v  -1.3309 -1.8302 0.7905
v  -1.1665 -1.8980 0.7510
v  -1.0888 -1.9302 0.7063
v  -1.0281 -1.9554 0.6558
v  -0.8067 -2.0470 0.4358
v  -1.0145 -1.9609 0.6423
v  -0.8001 -2.0497 -0.6851
v  -0.7999 -2.0498 0.2205
v  -0.8079 -2.0465 -1.1380
v  -0.8002 -2.0497 -1.0945
v  -0.8322 -2.0365 -1.1780
v  -0.8692 -2.0211 -1.2043
v  -0.9093 -2.0045 -1.2126
v  -6.1983 -0.5009 5.1908
v  -6.2699 -0.4792 5.2837
v  -5.8306 -0.6125 4.6582
v  -6.0616 -0.5424 5.0003
v  -4.9333 -0.8847 3.2721
v  -5.1605 -0.8157 3.6154
v  -4.4497 -1.0314 2.6049
v  -4.6977 -0.9561 2.9351
v  -3.8999 -1.1982 1.9846
v  -4.1864 -1.1112 2.2880
v  -3.2670 -1.3901 1.4447
v  -3.5930 -1.2912 1.7031
v  -2.9220 -1.4948 1.2203
v  -2.5590 -1.6049 1.0372
v  -2.1777 -1.7205 0.9055
v  -1.7847 -1.8398 0.8269
v  -1.3968 -1.9558 0.7917
v  -1.2957 -1.9881 0.7791
v  -1.3777 -1.9616 0.7900
v  -1.2083 -2.0146 0.7508
v  -1.1278 -2.0390 0.7062
v  -1.0644 -2.0577 0.6556
v  -0.8355 -2.1277 0.4358
v  -1.0503 -2.0618 0.6420
v  -0.8287 -2.1298 -0.6851
v  -0.8285 -2.1298 0.2205
v  -0.8368 -2.1273 -1.1380
v  -0.8288 -2.1297 -1.0945
v  -0.8619 -2.1197 -1.1780
v  -0.9003 -2.1081 -1.2043
v  -0.9419 -2.0954 -1.2126
v  -6.3512 -1.1178 5.1923
v  -6.4240 -1.1033 5.2859
v  -5.9798 -1.1917 4.6554
v  -6.2126 -1.1454 5.0003
v  -5.0646 -1.3737 3.2658
v  -5.2981 -1.3273 3.6091
v  -4.5651 -1.4731 2.6010
v  -4.8215 -1.4221 2.9297
v  -3.9988 -1.5858 1.9827
v  -4.2934 -1.5271 2.2855
v  -3.3495 -1.7149 1.4430
v  -3.6841 -1.6483 1.7013
v  -2.9955 -1.7853 1.2191
v  -2.6230 -1.8594 1.0366
v  -2.2321 -1.9372 0.9051
v  -1.8292 -2.0173 0.8265
v  -1.4330 -2.0976 0.7911
v  -1.3280 -2.1170 0.7786
v  -1.4135 -2.1016 0.7893
v  -1.2385 -2.1348 0.7505
v  -1.1560 -2.1512 0.7061
v  -1.0901 -2.1645 0.6544
v  -0.8566 -2.2107 0.4356
v  -1.0756 -2.1672 0.6408
v  -0.8495 -2.2122 -0.6851
v  -0.8494 -2.2122 0.2204
v  -0.8576 -2.2106 -1.1380
v  -0.8495 -2.2122 -1.0945
v  -0.8834 -2.2054 -1.1780
v  -0.9227 -2.1976 -1.2043
v  -0.9653 -2.1891 -1.2126
v  -6.4432 -1.7466 5.1933
v  -6.5173 -1.7393 5.2868
v  -6.0715 -1.7831 4.6527
v  -6.3035 -1.7603 5.0006
v  -5.1468 -1.8742 3.2600
v  -5.3846 -1.8508 3.6031
v  -4.6364 -1.9245 2.5975
v  -4.8987 -1.8987 2.9247
v  -4.0591 -1.9814 1.9809
v  -4.3588 -1.9518 2.2832
v  -3.3998 -2.0463 1.4413
v  -3.7397 -2.0128 1.6995
v  -3.0401 -2.0817 1.2178
v  -2.6618 -2.1190 1.0358
v  -2.2650 -2.1581 0.9047
v  -1.8562 -2.1983 0.8258
v  -1.4542 -2.2385 0.7904
v  -1.3476 -2.2484 0.7781
v  -1.4343 -2.2406 0.7886
v  -1.2569 -2.2574 0.7502
v  -1.1730 -2.2656 0.7060
v  -1.1052 -2.2718 0.6537
v  -0.8693 -2.2955 0.4356
v  -1.0905 -2.2730 0.6401
v  -0.8620 -2.2963 -0.6851
v  -0.8620 -2.2963 0.2204
v  -0.8702 -2.2954 -1.1380
v  -0.8620 -2.2963 -1.0945
v  -0.8964 -2.2929 -1.1780
v  -0.9362 -2.2889 -1.2043
v  -0.9795 -2.2847 -1.2126
v  -6.4734 -2.3812 5.1940
v  -6.5489 -2.3812 5.2866
v  -6.1046 -2.3811 4.6501
v  -6.3345 -2.3812 5.0002
v  -5.1785 -2.3812 3.2552
v  -5.4182 -2.3812 3.5978
v  -4.6621 -2.3812 2.5947
v  -4.9276 -2.3812 2.9206
v  -4.0799 -2.3812 1.9797
v  -4.3817 -2.3812 2.2816
v  -3.4172 -2.3812 1.4399
v  -3.7589 -2.3812 1.6982
v  -3.0554 -2.3812 1.2168
v  -2.6749 -2.3812 1.0352
v  -2.2761 -2.3812 0.9042
v  -1.8653 -2.3812 0.8251
v  -1.4619 -2.3816 0.7896
v  -1.3543 -2.3812 0.7775
v  -1.4420 -2.3816 0.7879
v  -1.2631 -2.3812 0.7498
v  -1.1788 -2.3812 0.7059
v  -1.1098 -2.3813 0.6531
v  -0.8735 -2.3812 0.4356
v  -1.0950 -2.3811 0.6395
v  -0.8661 -2.3812 -0.6851
v  -0.8661 -2.3812 0.2204
v  -0.8744 -2.3812 -1.1380
v  -0.8661 -2.3812 -1.0945
v  -0.9007 -2.3812 -1.1780
v  -0.9408 -2.3812 -1.2043
v  -0.9843 -2.3812 -1.2126
v  -6.4414 -3.0156 5.1944
v  -6.5179 -3.0231 5.2859
v  -6.0753 -2.9795 4.6500
v  -6.3039 -3.0020 5.0003
v  -5.1583 -2.8892 3.2517
v  -5.3975 -2.9128 3.5941
v  -4.6417 -2.8383 2.5930
v  -4.9074 -2.8645 2.9178
v  -4.0607 -2.7811 1.9791
v  -4.3614 -2.8107 2.2808
v  -3.4014 -2.7162 1.4390
v  -3.7414 -2.7497 1.6975
v  -3.0412 -2.6807 1.2160
v  -2.6622 -2.6434 1.0347
v  -2.2652 -2.6043 0.9038
v  -1.8564 -2.5640 0.8244
v  -1.4555 -2.5245 0.7888
v  -1.3479 -2.5139 0.7769
v  -1.4356 -2.5226 0.7871
v  -1.2571 -2.5050 0.7495
v  -1.1732 -2.4967 0.7057
v  -1.1036 -2.4902 0.6523
v  -0.8693 -2.4668 0.4356
v  -1.0889 -2.4886 0.6387
v  -0.8620 -2.4660 -0.6851
v  -0.8620 -2.4660 0.2204
v  -0.8702 -2.4669 -1.1380
v  -0.8620 -2.4660 -1.0945
v  -0.8964 -2.4694 -1.1780
v  -0.9362 -2.4734 -1.2043
v  -0.9795 -2.4776 -1.2126
v  -6.3475 -3.6438 5.1950
v  -6.4238 -3.6589 5.2856
v  -5.9879 -3.5722 4.6497
v  -6.2123 -3.6169 5.0005
v  -5.0861 -3.3928 3.2499
v  -5.3224 -3.4398 3.5920
v  -4.5752 -3.2912 2.5925
v  -4.8380 -3.3435 2.9165
v  -4.0018 -3.1772 1.9793
v  -4.2982 -3.2361 2.2808
v  -3.3525 -3.0480 1.4386
v  -3.6874 -3.1146 1.6974
v  -2.9974 -2.9774 1.2155
v  -2.6238 -2.9031 1.0344
v  -2.2325 -2.8252 0.9035
v  -1.8296 -2.7451 0.8236
v  -1.4348 -2.6660 0.7881
v  -1.3284 -2.6454 0.7764
v  -1.4152 -2.6622 0.7863
v  -1.2391 -2.6276 0.7491
v  -1.1563 -2.6112 0.7056
v  -1.0872 -2.5976 0.6516
v  -0.8567 -2.5516 0.4356
v  -1.0728 -2.5945 0.6380
v  -0.8495 -2.5501 -0.6851
v  -0.8495 -2.5501 0.2204
v  -0.8576 -2.5517 -1.1380
v  -0.8495 -2.5501 -1.0945
v  -0.8834 -2.5569 -1.1780
v  -0.9227 -2.5647 -1.2043
v  -0.9653 -2.5732 -1.2126
v  -6.1925 -4.2597 5.1956
v  -6.2671 -4.2823 5.2862
v  -5.8421 -4.1533 4.6499
v  -6.0607 -4.2196 5.0010
v  -4.9630 -3.8867 3.2495
v  -5.1938 -3.9567 3.5915
v  -4.4636 -3.7352 2.5929
v  -4.7205 -3.8131 2.9164
v  -3.9039 -3.5654 1.9800
v  -4.1930 -3.6531 2.2815
v  -3.2710 -3.3734 1.4386
v  -3.5974 -3.4724 1.6978
v  -2.9246 -3.2683 1.2153
v  -2.5601 -3.1578 1.0342
v  -2.1783 -3.0419 0.9033
v  -1.7853 -2.9227 0.8229
v  -1.4006 -2.8058 0.7875
v  -1.2962 -2.7744 0.7759
v  -1.3815 -2.8001 0.7857
v  -1.2091 -2.7479 0.7488
v  -1.1282 -2.7234 0.7055
v  -1.0597 -2.7030 0.6509
v  -0.8359 -2.6347 0.4356
v  -1.0456 -2.6986 0.6373
v  -0.8288 -2.6326 -0.6851
v  -0.8288 -2.6326 0.2204
v  -0.8368 -2.6350 -1.1380
v  -0.8288 -2.6326 -1.0945
v  -0.8619 -2.6426 -1.1780
v  -0.9003 -2.6542 -1.2043
v  -0.9419 -2.6669 -1.2126
v  -5.9780 -4.8573 5.1959
v  -6.0498 -4.8870 5.2869
v  -5.6431 -4.7186 4.6479
v  -5.8510 -4.8047 5.0013
v  -4.7908 -4.3656 3.2500
v  -5.0138 -4.4579 3.5919
v  -4.3085 -4.1658 2.5937
v  -4.5567 -4.2686 2.9170
v  -3.7682 -3.9420 1.9809
v  -4.0472 -4.0576 2.2825
v  -3.1579 -3.6892 1.4387
v  -3.4727 -3.8196 1.6983
v  -2.8236 -3.5507 1.2152
v  -2.4717 -3.4050 1.0342
v  -2.1031 -3.2523 0.9031
v  -1.7237 -3.0951 0.8222
v  -1.3527 -2.9411 0.7869
v  -1.2515 -2.8996 0.7755
v  -1.3342 -2.9336 0.7852
v  -1.1674 -2.8647 0.7486
v  -1.0893 -2.8324 0.7054
v  -1.0225 -2.8044 0.6510
v  -0.8070 -2.7154 0.4356
v  -1.0090 -2.7987 0.6374
v  -0.8002 -2.7126 -0.6851
v  -0.8002 -2.7126 0.2204
v  -0.8079 -2.7158 -1.1380
v  -0.8002 -2.7126 -1.0945
v  -0.8322 -2.7258 -1.1780
v  -0.8692 -2.7412 -1.2043
v  -0.9093 -2.7578 -1.2126
v  -5.7066 -5.4313 5.1962
v  -5.7746 -5.4677 5.2875
v  -5.3837 -5.2588 4.6502
v  -5.5854 -5.3666 5.0011
v  -4.5720 -4.8249 3.2510
v  -4.7850 -4.9388 3.5928
v  -4.1119 -4.5790 2.5947
v  -4.3486 -4.7055 2.9180
v  -3.5964 -4.3034 1.9817
v  -3.8626 -4.4457 2.2834
v  -3.0143 -3.9923 1.4390
v  -3.3145 -4.1528 1.6990
v  -2.6954 -3.8219 1.2153
v  -2.3594 -3.6423 1.0343
v  -2.0076 -3.4542 0.9030
v  -1.6455 -3.2607 0.8215
v  -1.2924 -3.0717 0.7865
v  -1.1947 -3.0198 0.7752
v  -1.2748 -3.0623 0.7847
v  -1.1144 -2.9768 0.7484
v  -1.0399 -2.9370 0.7053
v  -0.9754 -2.9032 0.6503
v  -0.7704 -2.7929 0.4356
v  -0.9625 -2.8961 0.6367
v  -0.7639 -2.7894 -0.6851
v  -0.7639 -2.7894 0.2204
v  -0.7712 -2.7934 -1.1380
v  -0.7639 -2.7894 -1.0945
v  -0.7944 -2.8058 -1.1780
v  -0.8297 -2.8246 -1.2043
v  -0.8680 -2.8451 -1.2126
v  -5.3801 -5.9760 5.1962
v  -5.4440 -6.0187 5.2877
v  -5.0757 -5.7726 4.6502
v  -5.2662 -5.8999 5.0009
v  -4.3092 -5.2604 3.2522
v  -4.5099 -5.3945 3.5939
v  -3.8758 -4.9708 2.5955
v  -4.0987 -5.1198 2.9191
v  -3.3902 -4.6464 1.9823
v  -3.6410 -4.8140 2.2841
v  -2.8418 -4.2800 1.4392
v  -3.1246 -4.4689 1.6994
v  -2.5412 -4.0791 1.2153
v  -2.2244 -3.8674 1.0344
v  -1.8928 -3.6459 0.9029
v  -1.5514 -3.4178 0.8209
v  -1.2171 -3.1956 0.7861
v  -1.1264 -3.1338 0.7749
v  -1.2005 -3.1845 0.7843
v  -1.0507 -3.0832 0.7482
v  -0.9804 -3.0363 0.7052
v  -0.9193 -2.9956 0.6496
v  -0.7263 -2.8664 0.4356
v  -0.9071 -2.9874 0.6360
v  -0.7202 -2.8624 -0.6851
v  -0.7202 -2.8624 0.2204
v  -0.7271 -2.8670 -1.1380
v  -0.7202 -2.8624 -1.0945
v  -0.7489 -2.8816 -1.1780
v  -0.7822 -2.9038 -1.2043
v  -0.8184 -2.9280 -1.2126
v  -5.0019 -6.4861 5.1961
v  -5.0613 -6.5348 5.2877
v  -4.7185 -6.2536 4.6505
v  -4.8959 -6.3991 5.0009
v  -4.0050 -5.6680 3.2533
v  -4.1914 -5.8210 3.5951
v  -3.6028 -5.3379 2.5961
v  -3.8096 -5.5076 2.9200
v  -3.1517 -4.9677 1.9824
v  -3.3848 -5.1590 2.2844
v  -2.6421 -4.5494 1.4390
v  -2.9049 -4.7651 1.6994
v  -2.3626 -4.3201 1.2151
v  -2.0680 -4.0783 1.0344
v  -1.7597 -3.8253 0.9029
v  -1.4424 -3.5649 0.8204
v  -1.1327 -3.3107 0.7858
v  -1.0473 -3.2406 0.7747
v  -1.1172 -3.2982 0.7841
v  -0.9769 -3.1829 0.7481
v  -0.9115 -3.1292 0.7052
v  -0.8545 -3.0825 0.6493
v  -0.6752 -2.9353 0.4356
v  -0.8432 -3.0731 0.6357
v  -0.6695 -2.9306 -0.6851
v  -0.6695 -2.9306 0.2204
v  -0.6759 -2.9359 -1.1380
v  -0.6695 -2.9306 -1.0945
v  -0.6963 -2.9526 -1.1780
v  -0.7272 -2.9780 -1.2043
v  -0.7608 -3.0056 -1.2126
v  -4.5756 -6.9567 5.1960
v  -4.6300 -7.0112 5.2874
v  -4.3159 -6.6970 4.6509
v  -4.4783 -6.8595 5.0011
v  -3.6629 -6.0441 3.2540
v  -3.8331 -6.2142 3.5961
v  -3.2957 -5.6769 2.5959
v  -3.4846 -5.8657 2.9203
v  -2.8835 -5.2646 1.9818
v  -3.0966 -5.4778 2.2838
v  -2.4171 -4.7983 1.4383
v  -2.6576 -5.0388 1.6988
v  -2.1614 -4.5426 1.2145
v  -1.8918 -4.2729 1.0342
v  -1.6097 -3.9908 0.9028
v  -1.3195 -3.7006 0.8199
v  -1.0361 -3.4178 0.7856
v  -0.9580 -3.3392 0.7746
v  -1.0219 -3.4038 0.7839
v  -0.8936 -3.2748 0.7480
v  -0.8339 -3.2150 0.7050
v  -0.7816 -3.1627 0.6492
v  -0.6177 -2.9988 0.4356
v  -0.7712 -3.1522 0.6356
v  -0.6125 -2.9936 -0.6851
v  -0.6125 -2.9936 0.2204
v  -0.6183 -2.9995 -1.1380
v  -0.6125 -2.9936 -1.0945
v  -0.6369 -3.0181 -1.1780
v  -0.6652 -3.0464 -1.2043
v  -0.6960 -3.0771 -1.2126
v  -4.1054 -7.3836 5.1955
v  -4.1546 -7.4436 5.2863
v  -3.8719 -7.0990 4.6511
v  -4.0177 -7.2768 5.0011
v  -3.2864 -6.3857 3.2537
v  -3.4388 -6.5713 3.5962
v  -2.9576 -5.9850 2.5948
v  -3.1267 -6.1911 2.9197
v  -2.5879 -5.5345 1.9802
v  -2.7792 -5.7676 2.2824
v  -2.1692 -5.0243 1.4369
v  -2.3851 -5.2874 1.6973
v  -1.9395 -4.7444 1.2134
v  -1.6973 -4.4494 1.0337
v  -1.4442 -4.1409 0.9026
v  -1.1838 -3.8236 0.8195
v  -0.9303 -3.5143 0.7854
v  -0.8595 -3.4285 0.7745
v  -0.9176 -3.4990 0.7837
v  -0.8018 -3.3581 0.7478
v  -0.7481 -3.2928 0.7050
v  -0.7011 -3.2354 0.6491
v  -0.5541 -3.0564 0.4356
v  -0.6918 -3.2240 0.6356
v  -0.5495 -3.0507 -0.6851
v  -0.5495 -3.0507 0.2204
v  -0.5547 -3.0571 -1.1380
v  -0.5495 -3.0507 -1.0945
v  -0.5714 -3.0774 -1.1780
v  -0.5968 -3.1084 -1.2043
v  -0.6244 -3.1420 -1.2126
v  -3.5959 -7.7628 5.1945
v  -3.6392 -7.8276 5.2849
v  -3.3909 -7.4559 4.6510
v  -3.5186 -7.6472 5.0010
v  -2.8790 -6.6899 3.2525
v  -3.0121 -6.8892 3.5954
v  -2.5915 -6.2597 2.5926
v  -2.7394 -6.4810 2.9181
v  -2.2677 -5.7750 1.9777
v  -2.4353 -6.0259 2.2798
v  -1.9004 -5.2253 1.4349
v  -2.0898 -5.5088 1.6950
v  -1.6990 -4.9238 1.2120
v  -1.4866 -4.6060 1.0330
v  -1.2648 -4.2740 0.9024
v  -1.0368 -3.9328 0.8191
v  -0.8148 -3.6007 0.7853
v  -0.7527 -3.5077 0.7742
v  -0.8037 -3.5842 0.7837
v  -0.7022 -3.4320 0.7478
v  -0.6552 -3.3617 0.7050
v  -0.6140 -3.3001 0.6485
v  -0.4853 -3.1074 0.4356
v  -0.6059 -3.2878 0.6350
v  -0.4812 -3.1013 -0.6851
v  -0.4812 -3.1013 0.2204
v  -0.4858 -3.1082 -1.1380
v  -0.4812 -3.1013 -1.0945
v  -0.5004 -3.1301 -1.1780
v  -0.5227 -3.1634 -1.2043
v  -0.5468 -3.1995 -1.2126
v  -3.0516 -8.0904 5.1935
v  -3.0884 -8.1593 5.2836
v  -2.8774 -7.7644 4.6506
v  -2.9857 -7.9671 5.0007
v  -2.4441 -6.9538 3.2504
v  -2.5569 -7.1648 3.5938
v  -2.2006 -6.4982 2.5897
v  -2.3259 -6.7326 2.9155
v  -1.9255 -5.9835 1.9743
v  -2.0681 -6.2501 2.2765
v  -1.6133 -5.3994 1.4325
v  -1.7744 -5.7007 1.6921
v  -1.4420 -5.0790 1.2101
v  -1.2615 -4.7413 1.0321
v  -1.0732 -4.3890 0.9020
v  -0.8797 -4.0270 0.8187
v  -0.6914 -3.6748 0.7853
v  -0.6387 -3.5761 0.7742
v  -0.6820 -3.6572 0.7836
v  -0.5958 -3.4958 0.7478
v  -0.5559 -3.4212 0.7050
v  -0.5210 -3.3559 0.6485
v  -0.4118 -3.1515 0.4356
v  -0.5140 -3.3429 0.6350
v  -0.4083 -3.1450 -0.6851
v  -0.4083 -3.1450 0.2204
v  -0.4122 -3.1523 -1.1380
v  -0.4083 -3.1450 -1.0945
v  -0.4246 -3.1755 -1.1780
v  -0.4435 -3.2108 -1.2043
v  -0.4640 -3.2492 -1.2126
v  -2.4777 -8.3628 5.1927
v  -2.5076 -8.4350 5.2828
v  -2.3362 -8.0212 4.6501
v  -2.4240 -8.2332 5.0004
v  -1.9853 -7.1742 3.2482
v  -2.0767 -7.3947 3.5921
v  -1.7882 -6.6983 2.5855
v  -1.8895 -6.9429 2.9128
v  -1.5644 -6.1580 1.9711
v  -1.6802 -6.4375 2.2731
v  -1.3103 -5.5445 1.4300
v  -1.4414 -5.8610 1.6892
v  -1.1710 -5.2082 1.2084
v  -1.0243 -4.8539 1.0312
v  -0.8713 -4.4846 0.9017
v  -0.7142 -4.1053 0.8183
v  -0.5614 -3.7365 0.7852
v  -0.5185 -3.6329 0.7742
v  -0.5537 -3.7181 0.7835
v  -0.4837 -3.5488 0.7478
v  -0.4513 -3.4707 0.7050
v  -0.4229 -3.4022 0.6485
v  -0.3343 -3.1882 0.4356
v  -0.4173 -3.3886 0.6350
v  -0.3315 -3.1814 -0.6851
v  -0.3315 -3.1814 0.2204
v  -0.3346 -3.1890 -1.1380
v  -0.3315 -3.1814 -1.0945
v  -0.3447 -3.2133 -1.1780
v  -0.3600 -3.2503 -1.2043
v  -0.3767 -3.2905 -1.2126
v  -1.8796 -8.5773 5.1924
v  -1.9022 -8.6519 5.2825
v  -1.7717 -8.2216 4.6510
v  -1.8388 -8.4428 5.0002
v  -1.5033 -7.3370 3.2550
v  -1.5757 -7.5756 3.5910
v  -1.3550 -6.8482 2.5890
v  -1.4302 -7.0957 2.9213
v  -1.1873 -6.2954 1.9689
v  -1.2752 -6.5851 2.2707
v  -0.9943 -5.6589 1.4283
v  -1.0939 -5.9872 1.6871
v  -0.8879 -5.3083 1.2103
v  -0.7768 -4.9420 1.0323
v  -0.6609 -4.5598 0.9019
v  -0.5418 -4.1671 0.8181
v  -0.4261 -3.7855 0.7851
v  -0.3933 -3.6777 0.7742
v  -0.4202 -3.7664 0.7834
v  -0.3669 -3.5906 0.7478
v  -0.3423 -3.5097 0.7050
v  -0.3208 -3.4388 0.6485
v  -0.2536 -3.2170 0.4356
v  -0.3165 -3.4247 0.6350
v  -0.2514 -3.2100 -0.6851
v  -0.2514 -3.2100 0.2204
v  -0.2538 -3.2179 -1.1380
v  -0.2514 -3.2100 -1.0945
v  -0.2615 -3.2431 -1.1780
v  -0.2731 -3.2814 -1.2043
v  -0.2857 -3.3230 -1.2126
v  -1.2632 -8.7318 5.1922
v  -1.2784 -8.8083 5.2824
v  -1.1912 -8.3698 4.6493
v  -1.2358 -8.5940 5.0001
v  -1.0124 -7.4706 3.2475
v  -1.0588 -7.7041 3.5916
v  -0.9118 -6.9651 2.5844
v  -0.9636 -7.2254 2.9116
v  -0.7980 -6.3927 1.9690
v  -0.8570 -6.6895 2.2710
v  -0.6682 -5.7406 1.4282
v  -0.7352 -6.0771 1.6871
v  -0.5968 -5.3813 1.2103
v  -0.5221 -5.0058 1.0324
v  -0.4442 -4.6142 0.9016
v  -0.3641 -4.2116 0.8180
v  -0.2863 -3.8205 0.7851
v  -0.2643 -3.7100 0.7742
v  -0.2824 -3.8010 0.7834
v  -0.2466 -3.6207 0.7478
v  -0.2301 -3.5378 0.7050
v  -0.2156 -3.4651 0.6485
v  -0.1704 -3.2379 0.4356
v  -0.2127 -3.4507 0.6350
v  -0.1690 -3.2307 -0.6851
v  -0.1690 -3.2307 0.2204
v  -0.1706 -3.2388 -1.1380
v  -0.1690 -3.2307 -1.0945
v  -0.1757 -3.2646 -1.1780
v  -0.1835 -3.3039 -1.2043
v  -0.1920 -3.3465 -1.2126
v  -0.6347 -8.8252 5.1921
v  -0.6423 -8.9027 5.2823
v  -0.5984 -8.4568 4.6499
v  -0.6209 -8.6855 4.9999
v  -0.5080 -7.5390 3.2520
v  -0.5314 -7.7767 3.5955
v  -0.4575 -7.0263 2.5899
v  -0.4835 -7.2900 2.9166
v  -0.4005 -6.4470 1.9737
v  -0.4300 -6.7473 2.2762
v  -0.3355 -5.7877 1.4314
v  -0.3690 -6.1279 1.6912
v  -0.2998 -5.4253 1.2103
v  -0.2623 -5.0444 1.0321
v  -0.2231 -4.6468 0.9023
v  -0.1829 -4.2384 0.8181
v  -0.1438 -3.8417 0.7851
v  -0.1328 -3.7295 0.7742
v  -0.1419 -3.8218 0.7834
v  -0.1239 -3.6389 0.7478
v  -0.1156 -3.5548 0.7050
v  -0.1083 -3.4810 0.6485
v  -0.0856 -3.2505 0.4356
v  -0.1069 -3.4664 0.6350
v  -0.0849 -3.2431 -0.6851
v  -0.0849 -3.2431 0.2204
v  -0.0857 -3.2514 -1.1380
v  -0.0849 -3.2431 -1.0945
v  -0.0883 -3.2776 -1.1780
v  -0.0922 -3.3174 -1.2043
v  -0.0965 -3.3607 -1.2126
v  0.0000 -3.2547 0.4356
v  -1.1457 3.3787 4.3015
v  -0.5758 3.4655 4.2999
v  -0.5533 3.2369 3.9498
v  -1.1006 3.1522 3.9522
v  -1.7033 3.2340 4.3048
v  -1.6360 3.0122 3.9561
v  -2.2430 3.0341 4.3091
v  -2.1540 2.8192 3.9611
v  -2.7596 2.7819 4.3141
v  -2.6493 2.5754 3.9670
v  -3.2485 2.4807 4.3191
v  -3.1178 2.2850 3.9728
v  -3.7058 2.1345 4.3231
v  -3.5560 1.9518 3.9774
v  -4.1281 1.7470 4.3256
v  -3.9608 1.5797 3.9801
v  -4.5126 1.3222 4.3259
v  -4.3296 1.1721 3.9805
v  -4.8560 0.8634 4.3241
v  -4.6594 0.7321 3.9785
v  -5.1549 0.3741 4.3207
v  -4.9474 0.2632 3.9743
v  -5.4059 -0.1421 4.3163
v  -5.1899 -0.2315 3.9690
v  -5.6059 -0.6807 4.3115
v  -5.3831 -0.7482 3.9635
v  -5.7524 -1.2370 4.3067
v  -5.5252 -1.2822 3.9579
v  -5.8437 -1.8056 4.3021
v  -5.6141 -1.8282 3.9526
v  -5.8780 -2.3811 4.2979
v  -5.6500 -2.3811 3.9466
v  -5.8543 -2.9577 4.2949
v  -5.6285 -2.9355 3.9427
v  -5.7674 -3.5284 4.2963
v  -5.5472 -3.4846 3.9426
v  -5.6272 -4.0882 4.2962
v  -5.4129 -4.0231 3.9422
v  -5.4378 -4.6336 4.2928
v  -5.2287 -4.5469 3.9403
v  -5.1852 -5.1527 4.2969
v  -4.9872 -5.0469 3.9432
v  -4.8880 -5.6472 4.2974
v  -4.7009 -5.5222 3.9441
v  -4.5437 -6.1100 4.2980
v  -4.3693 -5.9669 3.9450
v  -4.1557 -6.5369 4.2986
v  -3.9959 -6.3770 3.9459
v  -3.7282 -6.9240 4.2987
v  -3.5848 -6.7493 3.9461
v  -3.2670 -7.2706 4.2964
v  -3.1396 -7.0799 3.9459
v  -2.7725 -7.5681 4.2957
v  -2.6647 -7.3665 3.9447
v  -2.2512 -7.8161 4.2948
v  -2.1639 -7.6054 3.9434
v  -1.7061 -8.0054 4.2984
v  -1.6418 -7.7935 3.9427
v  -1.1477 -8.1509 4.2949
v  -1.1032 -7.9275 3.9432
v  -0.5763 -8.2326 4.2968
v  -0.5539 -8.0047 3.9461
v  -0.0849 -1.5192 0.4288
v  -0.1690 -1.5317 0.4288
v  -0.2514 -1.5524 0.4289
v  -0.3313 -1.5813 0.4290
v  -0.4081 -1.6176 0.4290
v  -0.4811 -1.6612 0.4289
v  -0.5494 -1.7117 0.4289
v  -0.5494 -1.7117 0.4189
v  -0.6125 -1.7687 0.4288
v  -0.6125 -1.7687 0.4188
v  -0.6694 -1.8318 0.4289
v  -0.6694 -1.8318 0.4189
v  -0.7199 -1.9001 0.4289
v  -0.7199 -1.9001 0.4189
v  -0.7636 -1.9730 0.4290
v  -0.7636 -1.9730 0.4190
v  -0.7999 -2.0498 0.4290
v  -0.7999 -2.0498 0.4190
v  -0.8285 -2.1298 0.4290
v  -0.8285 -2.1298 0.4190
v  -0.8494 -2.2122 0.4289
v  -0.8494 -2.2122 0.4189
v  -0.8620 -2.2963 0.4288
v  -0.8620 -2.2963 0.4188
v  -0.8661 -2.3812 0.4288
v  -0.8661 -2.3812 0.4188
v  -0.8620 -2.4660 0.4288
v  -0.8620 -2.4660 0.4188
v  -0.8495 -2.5501 0.4288
v  -0.8495 -2.5501 0.4188
v  -0.8288 -2.6326 0.4288
v  -0.8288 -2.6326 0.4188
v  -0.8002 -2.7126 0.4288
v  -0.8002 -2.7126 0.4188
v  -0.7639 -2.7894 0.4288
v  -0.7639 -2.7894 0.4188
v  -0.7202 -2.8624 0.4288
v  -0.7202 -2.8624 0.4188
v  -0.6695 -2.9306 0.4288
v  -0.6695 -2.9306 0.4188
v  -0.6125 -2.9936 0.4288
v  -0.6125 -2.9936 0.4188
v  -0.5495 -3.0507 0.4288
v  -0.5495 -3.0507 0.4188
v  -0.4812 -3.1013 0.4288
v  -0.4812 -3.1013 0.4188
v  -0.4083 -3.1450 0.4288
v  -0.4083 -3.1450 0.4188
v  -0.3315 -3.1814 0.4288
v  -0.3315 -3.1814 0.4188
v  -0.2514 -3.2100 0.4288
v  -0.2514 -3.2100 0.4188
v  -0.1690 -3.2307 0.4288
v  -0.1690 -3.2307 0.4188
v  -0.0849 -3.2431 0.4288
v  -0.0849 -3.2431 0.4188
v  -0.3135 3.3651 4.1111
v  -0.2464 3.3375 4.0634
v  -0.3220 3.2499 3.9402
v  -0.3135 3.7057 4.6368
v  -0.3685 3.6668 4.5820
v  -0.0867 3.7775 4.7350
v  -0.1699 3.7623 4.7147
v  -0.2465 3.7380 4.6815
v  -0.4431 3.5292 4.3780
v  -0.4346 3.4827 4.3052
v  -0.4094 3.4389 4.2346
v  -0.0870 3.3049 4.0056
v  -0.1699 3.3172 4.0277
v  -0.3685 3.3992 4.1690
v  -0.4094 3.6233 4.5190
v  -0.4346 3.5767 4.4501
v  -0.0847 4.1556 4.4794
v  -0.0847 3.7805 4.7213
v  -0.0847 3.6940 3.7664
v  -0.0850 3.3188 4.0083
v  -0.1660 3.7074 3.7872
v  -0.1661 3.3310 4.0299
v  -0.2408 3.7292 3.8208
v  -0.2408 3.3508 4.0647
v  -0.3064 3.7584 3.8660
v  -0.3064 3.3778 4.1114
v  -0.3602 3.7941 3.9210
v  -0.3602 3.4112 4.1679
v  -0.4002 3.8348 3.9839
v  -0.4002 3.4500 4.2320
v  -0.4248 3.8789 4.0520
v  -0.4248 3.4928 4.3009
v  -0.4331 3.9248 4.1229
v  -0.4331 3.5383 4.3722
v  -0.4248 3.5846 4.4427
v  -0.4248 3.9707 4.1937
v  -0.4002 3.6300 4.5100
v  -0.4002 4.0148 4.2619
v  -0.3602 3.6726 4.5716
v  -0.3602 4.0555 4.3247
v  -0.3064 3.7106 4.6252
v  -0.3064 4.0912 4.3798
v  -0.2409 3.7421 4.6690
v  -0.2409 4.1204 4.4250
v  -0.1660 3.7658 4.7014
v  -0.1660 4.1422 4.4587
v  -0.3064 3.3694 4.1168
v  -0.2408 3.3424 4.0702
v  -0.3064 3.7022 4.6307
v  -0.3602 3.6642 4.5770
v  -0.0847 3.7721 4.7267
v  -0.1660 3.7574 4.7068
v  -0.2409 3.7337 4.6744
v  -0.4331 3.5299 4.3776
v  -0.4248 3.4844 4.3064
v  -0.4002 3.4416 4.2374
v  -0.0850 3.3104 4.0137
v  -0.1661 3.3226 4.0353
v  -0.3602 3.4028 4.1733
v  -0.4002 3.6216 4.5155
v  -0.4248 3.5762 4.4481
v  -0.0827 4.1587 4.4657
v  -0.1622 4.1456 4.4454
v  -0.2353 4.1243 4.4126
v  -0.2992 4.0957 4.3685
v  -0.3518 4.0608 4.3146
v  -0.3909 4.0211 4.2532
v  -0.4149 3.9780 4.1867
v  -0.4230 3.9332 4.1175
v  -0.4149 3.8883 4.0482
v  -0.3909 3.8453 3.9817
v  -0.3518 3.8055 3.9203
v  -0.2992 3.7707 3.8665
v  -0.2352 3.7421 3.8224
v  -0.1622 3.7208 3.7895
v  -0.0827 3.7077 3.7693
v  -0.4906 -1.6673 -0.6951
v  -0.4081 -1.6177 -0.6954
v  -0.4083 -1.6173 -1.0745
v  -0.4817 -1.6613 -1.0745
v  -0.3312 -1.5815 -0.6955
v  -0.3314 -1.5810 -1.0745
v  -0.2513 -1.5528 -0.6954
v  -0.2514 -1.5523 -1.0745
v  -0.1683 -1.5319 -0.6950
v  -0.1689 -1.5317 -1.0745
v  -0.0829 -1.5192 -0.6949
v  -0.0848 -1.5192 -1.0745
v  -0.6125 -1.7687 -1.0745
v  -0.5495 -1.7116 -1.0745
v  -0.6695 -1.8317 -1.0745
v  -0.7202 -1.9000 -1.0745
v  -0.7639 -1.9729 -1.0745
v  -0.8002 -2.0497 -1.0745
v  -0.8288 -2.1297 -1.0745
v  -0.8495 -2.2122 -1.0745
v  -0.8620 -2.2963 -1.0745
v  -0.8661 -2.3812 -1.0745
v  -0.8620 -2.4660 -1.0745
v  -0.8495 -2.5501 -1.0745
v  -0.8288 -2.6326 -1.0745
v  -0.8002 -2.7126 -1.0745
v  -0.7639 -2.7894 -1.0745
v  -0.7202 -2.8624 -1.0745
v  -0.6695 -2.9306 -1.0745
v  -0.6125 -2.9936 -1.0745
v  -0.5495 -3.0507 -1.0745
v  -0.4812 -3.1013 -1.0745
v  -0.4083 -3.1450 -1.0745
v  -0.3315 -3.1814 -1.0745
v  -0.2514 -3.2100 -1.0745
v  -0.1690 -3.2307 -1.0745
v  -0.0849 -3.2431 -1.0745
v  -0.4903 -1.6672 0.2304
v  -0.4081 -1.6178 -0.6854
v  -0.3312 -1.5815 -0.6855
v  -0.2513 -1.5528 -0.6854
v  -0.1683 -1.5319 -0.6850
v  -0.0829 -1.5192 -0.6849
v  -0.0842 -1.5194 0.2198
v  -0.1689 -1.5321 0.2199
v  -0.2519 -1.5531 0.2197
v  -0.3304 -1.5811 0.2198
v  -0.4073 -1.6174 0.2197
v  -0.0847 4.1640 4.4740
v  -0.0847 3.7024 3.7610
v  -0.1660 3.7158 3.7817
v  -0.2408 3.7376 3.8154
v  -0.3064 3.7668 3.8605
v  -0.3602 3.8025 3.9156
v  -0.4002 3.8432 3.9785
v  -0.4248 3.8873 4.0466
v  -0.4331 3.9332 4.1175
v  -0.4248 3.9791 4.1883
v  -0.4002 4.0232 4.2565
v  -0.3602 4.0639 4.3193
v  -0.3064 4.0996 4.3744
v  -0.2409 4.1288 4.4196
v  -0.1660 4.1506 4.4532
v  -0.6282 3.9969 5.0968
v  -1.2501 3.9034 5.0977
v  -1.8599 3.7501 5.0942
v  -2.4523 3.5392 5.0935
v  -3.0206 3.2699 5.0938
v  -3.5596 2.9461 5.0941
v  -4.0642 2.5711 5.0945
v  -4.5295 2.1483 5.0950
v  -4.9515 1.6823 5.0952
v  -5.3274 1.1785 5.0938
v  -5.6510 0.6394 5.0937
v  -5.9182 0.0703 5.0953
v  -6.1291 -0.5219 5.0962
v  -6.2810 -1.1318 5.0970
v  -6.3722 -1.7535 5.0977
v  -6.4026 -2.3812 5.0981
v  -6.3710 -3.0087 5.0986
v  -6.2780 -3.6299 5.0991
v  -6.1247 -4.2391 5.0997
v  -5.9126 -4.8302 5.1000
v  -5.6444 -5.3981 5.1000
v  -5.3217 -5.9370 5.0997
v  -4.9476 -6.4415 5.0997
v  -4.5257 -6.9069 5.0998
v  -4.0604 -7.3288 5.0996
v  -3.5562 -7.7034 5.0991
v  -3.0178 -8.0270 5.0985
v  -2.4501 -8.2962 5.0980
v  -1.8586 -8.5082 5.0977
v  -1.2491 -8.6609 5.0977
v  -0.6276 -8.7534 5.0974
v  -1.1930 -7.4424 0.0000
v  -0.6136 -7.5748 0.0000
v  -1.7292 -7.2925 0.0000
v  -2.0538 4.3894 5.5512
v  -2.7076 4.1555 5.5512
v  -3.3352 3.8586 5.5512
v  -3.9308 3.5017 5.5512
v  -4.4885 3.0881 5.5512
v  -5.0029 2.6218 5.5512
v  -5.4692 2.1073 5.5512
v  -5.8828 1.5496 5.5512
v  -6.2398 0.9541 5.5512
v  -6.5366 0.3264 5.5512
v  -6.7705 -0.3273 5.5512
v  -6.9392 -1.0008 5.5512
v  -7.0411 -1.6877 5.5512
v  -0.6935 4.6600 5.5512
v  -1.3803 4.5581 5.5512
v  -3.9783 -8.3358 5.5479
v  -3.9945 -8.3612 5.5311
v  -4.5561 -7.9000 5.0998
v  -4.0051 -8.3780 5.5032
v  -4.0075 -8.3828 5.4598
v  -4.5357 -7.8987 5.5512
v  -4.0067 -8.3812 5.4500
v  -3.9957 -8.3494 5.2751
v  -3.9670 -8.2784 4.9253
v  -3.9464 -8.2360 4.7524
v  -4.1454 -7.2464 2.7212
v  -4.3931 -7.6421 4.0710
v  -4.2755 -7.4527 3.3921
v  -3.4294 -7.1651 1.3862
v  -3.3157 -6.9234 0.7239
v  -3.5449 -7.4038 2.0492
v  -3.2009 -6.6713 0.0893
v  -5.0343 -7.4472 5.5512
v  -5.0171 -7.3982 5.5512
v  -4.5012 -7.8658 5.5512
v  -4.5233 -7.8829 5.5512
v  -3.9419 -8.2806 5.5512
v  -3.9549 -8.2973 5.5512
v  -0.6944 -9.5379 5.5237
v  -0.6240 -7.9644 0.7244
v  -0.6291 -7.6910 0.0898
v  -0.6387 -8.2383 1.3859
v  -1.3955 -9.4356 5.5248
v  -1.2480 -7.8565 0.7240
v  -1.2230 -7.5816 0.0898
v  -1.2781 -8.1304 1.3846
v  -1.3960 -9.4553 5.4562
v  -1.3970 -9.4519 5.4966
v  -0.6947 -9.5535 5.4954
v  -0.6944 -9.5561 5.4560
v  -2.0804 -9.2676 5.5265
v  -1.8337 -7.6914 0.7247
v  -1.7750 -7.4239 0.0908
v  -1.8814 -7.9625 1.3850
v  -2.0822 -9.2874 5.4567
v  -2.0835 -9.2847 5.4983
v  -2.7464 -9.0319 5.5282
v  -2.4380 -7.7420 1.3866
v  -2.7514 -9.0529 5.4576
v  -2.7518 -9.0492 5.5001
v  -3.6467 -7.6241 2.7205
v  -3.9837 -8.3165 5.0995
v  -3.8512 -8.0429 4.0702
v  -3.7545 -7.8423 3.3915
v  -3.9677 -8.3175 5.5512
v  -3.3858 -8.7280 5.5298
v  -2.9482 -7.4775 1.3866
v  -3.3952 -8.7505 5.4587
v  -3.3938 -8.7453 5.5019
v  -3.3488 -8.6480 5.5512
v  -0.6213 -7.6395 0.0197
v  0.0000 -7.6824 0.0193
v  -0.6179 -7.6069 0.0046
v  -1.0700 -6.6905 0.0000
v  -0.5368 -6.6910 0.0324
v  -0.5327 -6.6584 0.1059
v  -1.0652 -6.6711 0.0000
v  -1.2216 -7.5738 0.0714
v  -1.0482 -6.5873 0.0367
v  -1.0410 -6.5581 0.1071
v  -1.5505 -6.5493 0.0000
v  -1.7727 -7.4163 0.0724
v  -9.8573 -2.8536 5.5512
v  -2.0602 -9.1816 5.5512
v  -1.3843 -9.3485 5.5512
v  -0.6941 -9.4505 5.5512
v  -2.7187 -8.9479 5.5512
v  -7.0752 -2.3812 5.5512
v  -7.0952 -2.3812 5.5512
v  -7.0411 -3.0746 5.5512
v  -6.9392 -3.7615 5.5512
v  -6.7705 -4.4350 5.5512
v  -6.5366 -5.0887 5.5512
v  -6.2398 -5.7164 5.5512
v  -5.8828 -6.3119 5.5512
v  -5.4692 -6.8696 5.5512
v  -5.0029 -7.3841 5.5512
v  -4.4885 -7.8503 5.5512
v  -3.9308 -8.2639 5.5512
v  -2.0538 -9.1517 5.5512
v  -1.3803 -9.3204 5.5512
v  -0.6935 -9.4222 5.5512
v  -2.7076 -8.9178 5.5512
v  -3.3352 -8.6209 5.5512
v  -0.6511 4.2296 5.3604
v  -1.2955 4.1316 5.3632
v  -1.9271 3.9716 5.3651
v  -2.5400 3.7509 5.3664
v  -3.1290 3.4727 5.3661
v  -3.6889 3.1397 5.3638
v  -4.2145 2.7542 5.3603
v  -4.6998 2.3186 5.3570
v  -5.1392 1.8364 5.3552
v  -5.5271 1.3119 5.3561
v  -5.8587 0.7504 5.3605
v  -6.1322 0.1589 5.3663
v  -6.3470 -0.4558 5.3712
v  -6.5026 -1.0877 5.3739
v  -6.5978 -1.7313 5.3742
v  -6.6313 -2.3812 5.3726
v  -6.6015 -3.0313 5.3704
v  -6.5072 -3.6755 5.3691
v  -6.3487 -4.3070 5.3694
v  -6.1285 -4.9196 5.3708
v  -5.8491 -5.5076 5.3716
v  -5.5142 -6.0656 5.3720
v  -5.1265 -6.5884 5.3720
v  -4.6897 -7.0709 5.3716
v  -4.2085 -7.5092 5.3700
v  -3.6864 -7.8983 5.3684
v  -3.1285 -8.2341 5.3672
v  -2.5400 -8.5133 5.3664
v  -1.9268 -8.7329 5.3662
v  -1.2949 -8.8912 5.3661
v  -0.6506 -8.9868 5.3662
v  -0.1253 5.9965 5.5512
v  -0.3771 7.2506 5.5512
v  -0.4872 7.1612 5.5512
v  -0.5767 7.0510 5.5512
v  -0.6407 6.9275 5.5512
v  -0.2536 7.3145 5.5512
v  -0.6776 6.7993 5.5512
v  -0.6890 6.6740 5.5512
v  -0.1253 7.3515 5.5512
v  -0.3770 6.0973 5.5512
v  -0.2536 6.0333 5.5512
v  -0.6406 6.4204 5.5512
v  -0.5767 6.2969 5.5512
v  -0.6775 6.5486 5.5512
v  -0.4872 6.1868 5.5512
v  -0.1254 5.9965 5.0787
v  -0.1254 7.3514 5.0787
v  -0.2536 7.3146 5.0787
v  -0.3770 7.2506 5.0787
v  -0.4872 7.1611 5.0787
v  -0.5767 7.0510 5.0787
v  -0.6406 6.9276 5.0787
v  -0.6775 6.7993 5.0787
v  -0.6890 6.6740 5.0787
v  -0.6775 6.5486 5.0787
v  -0.6406 6.4204 5.0787
v  -0.5767 6.2970 5.0787
v  -0.4872 6.1868 5.0787
v  -0.3770 6.0973 5.0787
v  -0.2536 6.0334 5.0787
v  -0.0465 -1.3982 -0.5670
v  -0.0928 -1.4016 -0.5670
v  -0.1859 -1.4150 -0.5670
v  -0.2312 -1.4248 -0.5670
v  -0.1401 -1.4067 -0.5670
v  -0.0451 -1.4373 0.1416
v  -0.2319 -1.4655 0.1416
v  -0.1842 -1.4055 0.1416
v  -0.0904 -1.4410 0.1416
v  -0.1829 -1.4543 0.1416
v  -0.1383 -1.4465 0.1416
v  0.0000 -1.3769 -1.2126
v  0.0000 -9.3309 5.5363
v  0.0000 -7.7070 0.0411
v  0.0000 9.5896 5.2999
v  0.0000 1.3057 -0.7962
v  0.0000 -3.7690 0.1776
v  0.0000 -1.0351 -1.1611
v  0.0000 -3.7256 -1.2126
v  0.0000 -6.8154 0.0000
v  0.0000 -3.4864 0.6485
v  0.0000 -1.5150 0.4288
v  0.0000 -8.2772 1.3878
v  0.0000 -6.6983 0.1028
v  0.0000 -1.4363 0.1416
v  -0.1860 -1.3916 -0.5670
v  -0.0930 -1.3794 -0.5670
v  -0.0466 -1.3763 -0.5670
v  -0.2313 -1.4004 -0.5670
v  -0.1402 -1.3840 -0.5670
v  0.0000 4.5692 5.5367
v  0.0000 -9.1108 5.4390
v  0.0000 -9.0185 3.3924
v  0.0000 5.9348 5.5512
v  0.0000 9.4225 0.0000
v  0.0000 9.5896 0.1381
v  0.0000 9.5162 5.5463
v  0.0000 -9.5499 5.2762
v  0.0000 9.5896 4.9687
v  0.0000 7.4132 5.5512
v  0.0000 7.3629 5.5012
v  0.0000 -6.6959 0.1226
v  0.0000 -6.5838 1.0349
v  0.0000 3.8976 1.9226
v  0.0000 5.9348 5.0787
v  0.0000 -0.1048 0.9030
v  0.0000 -0.9136 0.7851
v  0.0000 -1.0263 0.7742
v  0.0000 -1.2907 0.6350
v  0.0000 -1.5150 0.2305
v  0.0000 -1.4404 -1.2043
v  0.0000 -8.7164 4.9996
v  0.0000 -3.6450 0.7478
v  0.0000 -3.5604 0.7050
v  0.0000 -3.2473 0.4188
v  0.0000 3.7827 4.7418
v  0.0000 -1.5150 -0.6851
v  0.0000 3.6978 3.7540
v  0.0000 -8.0042 0.7254
v  0.0000 5.9850 5.0787
v  -0.0633 -1.4944 0.1644
v  -0.0627 -1.4830 -0.6014
v  -0.1268 -1.4906 -0.6019
v  -0.2516 -1.5195 -0.6048
v  -0.3113 -1.5411 -0.6062
v  -0.1901 -1.5028 -0.6029
v  -0.1271 -1.5022 0.1649
v  -0.1915 -1.5146 0.1656
v  -0.2522 -1.5312 0.1671
v  -0.3145 -1.5535 0.1684
v  0.0000 -1.4919 0.1646
v  0.0000 -1.4803 -0.6015
v  -0.0732 -1.5121 0.1899
v  -0.0720 -1.5091 -0.6398
v  -0.1095 -1.4495 -0.5762
v  -0.2890 -1.5572 -0.6424
v  -0.2703 -1.4865 -0.5780
v  -0.1645 -1.4582 -0.5767
v  -0.1472 -1.5219 0.1904
v  -0.2205 -1.5383 0.1908
v  -0.2899 -1.5602 0.1917
v  -0.3594 -1.5887 0.1927
v  -0.0540 -1.4681 0.1474
v  -0.0544 -1.4440 -0.5759
v  -0.1462 -1.5189 -0.6403
v  -0.2179 -1.4710 -0.5770
v  -0.3571 -1.5849 -0.6436
v  -0.2188 -1.5351 -0.6412
v  -0.1085 -1.4738 0.1477
v  -0.1646 -1.4827 0.1483
v  -0.2170 -1.4952 0.1484
v  -0.2725 -1.5120 0.1492
v  0.0000 -1.5059 -0.6399
v  -0.3370 -1.4689 0.1184
v  -0.3311 -1.4080 0.1188
v  -0.3972 -1.5801 0.1471
v  -0.3602 -1.5233 0.1227
v  -0.4410 -1.6271 0.1813
v  -0.3122 -1.4736 0.1354
v  -0.3056 -1.4078 0.1356
v  -0.3883 -1.5807 0.1606
v  -0.3442 -1.5276 0.1398
v  -0.4442 -1.6288 0.1739
v  -0.3536 -1.4661 0.0931
v  -0.3481 -1.4081 0.0935
v  -0.4044 -1.5818 0.1328
v  -0.3722 -1.5237 0.1020
v  -0.4375 -1.6259 0.1887
v  -0.3312 -1.4322 -0.5448
v  -0.3313 -1.4077 -0.5439
v  -0.3857 -1.5622 -0.5844
v  -0.3500 -1.4961 -0.5521
v  -0.4343 -1.6207 -0.6320
v  -0.3062 -1.4334 -0.5612
v  -0.3057 -1.4078 -0.5610
v  -0.3948 -1.5659 -0.5696
v  -0.3633 -1.4988 -0.5310
v  -0.4386 -1.6230 -0.6246
v  -0.3489 -1.4306 -0.5189
v  -0.3483 -1.4078 -0.5184
v  -0.3744 -1.5615 -0.5979
v  -0.3317 -1.4982 -0.5691
v  -0.4295 -1.6193 -0.6393
v  0.0000 4.4528 5.4895
v  0.0000 -9.2123 5.4963
v  0.0000 -8.5381 2.0512
v  0.0000 -9.2333 4.0719
v  0.0000 9.5896 0.7874
v  0.0000 9.5896 4.8031
v  0.0000 9.4782 5.5512
v  0.0000 9.5896 5.4724
v  0.0000 9.5896 5.4624
v  0.0000 9.5896 0.1181
v  0.0000 -6.5814 1.0547
v  0.0000 0.8624 -0.9651
v  0.0000 2.0897 -0.2638
v  0.0000 5.0549 4.9451
v  0.0000 5.0742 5.0111
v  0.0000 5.1927 5.0787
v  0.0000 -3.8259 0.2944
v  0.0000 -3.8849 0.3120
v  0.0000 -0.8774 -1.0276
v  0.0000 5.1152 5.0547
v  0.0000 -4.5363 0.3885
v  0.0000 -3.9048 0.3143
v  0.0000 -5.9969 0.9951
v  0.0000 -5.7143 0.8235
v  0.0000 -5.1365 0.5573
v  0.0000 4.1780 5.2761
v  0.0000 2.2800 2.5955
v  0.0000 1.6995 1.9788
v  0.0000 0.6769 1.2118
v  0.0000 -1.5150 0.4188
v  0.0000 -8.9339 5.2827
v  0.0000 -6.1443 1.6932
v  0.0000 -3.8487 0.7851
v  0.0000 -3.2473 -1.0945
v  0.0000 3.3007 3.9981
v  0.0000 3.6894 3.7594
v  0.0000 3.3063 4.0064
v  0.0000 4.1631 4.4726
v  0.0000 -1.5150 0.2204
v  0.0000 4.1686 4.4810
v  0.0000 -9.5896 5.4562
v  0.0000 -9.5880 5.4944
v  0.0000 -9.4563 5.5512
v  0.0000 -1.3926 0.1416
v  0.0000 -1.3967 -0.5670
v  -0.2821 -1.4794 0.1416
v  -0.2725 -1.4778 0.1417
v  -0.3253 -1.5352 0.1519
v  -0.3162 -1.5312 0.1514
v  -0.3596 -1.4651 0.0629
v  -0.3596 -1.4652 0.0529
v  -0.3543 -1.4080 0.0629
v  -0.3543 -1.4080 0.0529
v  -0.2756 -1.4080 0.1416
v  -0.2656 -1.4084 0.1416
v  -0.4908 -1.6675 0.2204
v  -0.4469 -1.6310 0.1664
v  -0.4481 -1.6322 0.1571
v  -0.3780 -1.5837 0.1724
v  -0.3689 -1.5794 0.1718
v  -0.4331 -1.6261 0.1955
v  -0.4242 -1.6216 0.1951
v  -0.4093 -1.5857 0.1178
v  -0.4097 -1.5864 0.1081
v  -0.3781 -1.5276 0.0792
v  -0.3781 -1.5278 0.0693
v  -0.3552 -1.4309 -0.4883
v  -0.3553 -1.4317 -0.4783
v  -0.3696 -1.5048 -0.5073
v  -0.3699 -1.5056 -0.4974
v  -0.2756 -1.4080 -0.5670
v  -0.2656 -1.4081 -0.5670
v  -0.2766 -1.4366 -0.5670
v  -0.2669 -1.4349 -0.5671
v  -0.4243 -1.6185 -0.6462
v  -0.4154 -1.6140 -0.6459
v  -0.4908 -1.6675 -0.6851
v  -0.3543 -1.4080 -0.4883
v  -0.3543 -1.4080 -0.4783
v  -0.4006 -1.5722 -0.5540
v  -0.4013 -1.5733 -0.5444
v  -0.4422 -1.6260 -0.6171
v  -0.4435 -1.6273 -0.6078
v  -0.3099 -1.5038 -0.5801
v  -0.3007 -1.4998 -0.5796
v  -0.3612 -1.5636 -0.6094
v  -0.3521 -1.5595 -0.6088
v  0.6811 4.5346 5.5394
v  0.6696 4.4171 5.4962
v  0.6600 4.3199 5.4343
v  0.0000 4.3560 5.4281
v  0.0984 -1.3817 -1.2126
v  0.1308 -1.0531 -1.2126
v  0.0000 -1.0467 -1.2126
v  1.3555 4.4334 5.5418
v  1.3321 4.3162 5.5023
v  1.3130 4.2197 5.4400
v  0.1959 -1.3962 -1.2126
v  0.2602 -1.0730 -1.2119
v  2.0165 4.2666 5.5443
v  1.9815 4.1509 5.5078
v  1.9528 4.0563 5.4451
v  0.2915 -1.4201 -1.2126
v  0.3871 -1.1049 -1.2118
v  2.6581 4.0360 5.5465
v  2.6114 3.9234 5.5120
v  2.5735 3.8317 5.4490
v  0.3843 -1.4533 -1.2126
v  0.5104 -1.1491 -1.2117
v  3.2742 3.7444 5.5471
v  3.2167 3.6369 5.5125
v  3.1700 3.5495 5.4492
v  0.4734 -1.4955 -1.2126
v  0.6287 -1.2050 -1.2118
v  3.8593 3.3947 5.5450
v  3.7922 3.2943 5.5080
v  3.7377 3.2128 5.4445
v  0.5579 -1.5461 -1.2126
v  0.7414 -1.2716 -1.2126
v  4.4080 2.9900 5.5407
v  4.3326 2.8981 5.4999
v  4.2709 2.8230 5.4371
v  0.6371 -1.6048 -1.2126
v  0.8466 -1.3496 -1.2126
v  4.9147 2.5335 5.5360
v  4.8318 2.4507 5.4915
v  4.7633 2.3822 5.4300
v  0.7101 -1.6710 -1.2126
v  0.9436 -1.4375 -1.2126
v  5.3736 2.0289 5.5334
v  5.2842 1.9555 5.4856
v  5.2090 1.8938 5.4260
v  0.7763 -1.7440 -1.2126
v  1.0316 -1.5346 -1.2126
v  5.7800 1.4809 5.5334
v  5.6835 1.4164 5.4865
v  5.6024 1.3622 5.4271
v  0.8350 -1.8232 -1.2126
v  1.1096 -1.6398 -1.2126
v  6.1299 0.8954 5.5353
v  6.0263 0.8400 5.4916
v  5.9389 0.7932 5.4327
v  0.8857 -1.9077 -1.2126
v  1.1769 -1.7521 -1.2126
v  6.4204 0.2783 5.5380
v  6.3100 0.2325 5.4990
v  6.2163 0.1937 5.4410
v  0.9278 -1.9968 -1.2126
v  1.2329 -1.8705 -1.2126
v  6.6489 -0.3642 5.5404
v  6.5328 -0.3994 5.5059
v  6.4339 -0.4294 5.4487
v  0.9610 -2.0896 -1.2126
v  1.2770 -1.9938 -1.2126
v  6.8141 -1.0257 5.5412
v  6.6943 -1.0496 5.5087
v  6.5918 -1.0700 5.4524
v  0.9850 -2.1852 -1.2126
v  1.3088 -2.1208 -1.2126
v  6.9146 -1.7001 5.5403
v  6.7935 -1.7121 5.5068
v  6.6892 -1.7223 5.4511
v  0.9994 -2.2827 -1.2126
v  1.3281 -2.2504 -1.2126
v  6.9490 -2.3812 5.5387
v  6.8284 -2.3812 5.5023
v  6.7241 -2.3812 5.4469
v  1.0043 -2.3812 -1.2126
v  1.3345 -2.3812 -1.2126
v  6.9163 -3.0624 5.5373
v  6.7973 -3.0506 5.4982
v  6.6947 -3.0405 5.4422
v  0.9994 -2.4796 -1.2126
v  1.3281 -2.5120 -1.2126
v  6.8166 -3.7371 5.5365
v  6.6999 -3.7138 5.4961
v  6.5994 -3.6938 5.4398
v  0.9850 -2.5771 -1.2126
v  1.3088 -2.6415 -1.2126
v  6.6509 -4.3987 5.5365
v  6.5371 -4.3642 5.4959
v  6.4387 -4.3343 5.4402
v  0.9610 -2.6727 -1.2126
v  1.2770 -2.7685 -1.2126
v  6.4208 -5.0407 5.5372
v  6.3106 -4.9951 5.4975
v  6.2153 -4.9556 5.4418
v  0.9278 -2.7655 -1.2126
v  1.2329 -2.8918 -1.2126
v  6.1290 -5.6572 5.5378
v  6.0235 -5.6008 5.4989
v  5.9322 -5.5520 5.4432
v  0.8857 -2.8546 -1.2126
v  1.1769 -3.0102 -1.2126
v  5.7783 -6.2421 5.5380
v  5.6787 -6.1756 5.4993
v  5.5925 -6.1180 5.4436
v  0.8350 -2.9391 -1.2126
v  1.1096 -3.1225 -1.2126
v  5.3721 -6.7899 5.5380
v  5.2796 -6.7140 5.4990
v  5.1994 -6.6482 5.4434
v  0.7763 -3.0183 -1.2126
v  1.0316 -3.2277 -1.2126
v  4.9142 -7.2953 5.5377
v  4.8296 -7.2107 5.4984
v  4.7564 -7.1375 5.4429
v  0.7101 -3.0913 -1.2126
v  0.9436 -3.3248 -1.2126
v  4.4090 -7.7535 5.5371
v  4.3333 -7.6613 5.4972
v  4.2682 -7.5820 5.4407
v  0.6371 -3.1575 -1.2126
v  0.8466 -3.4127 -1.2126
v  3.8613 -8.1599 5.5367
v  3.7952 -8.0610 5.4960
v  3.7384 -7.9760 5.4396
v  0.5579 -3.2162 -1.2126
v  0.7414 -3.4907 -1.2126
v  3.2768 -8.5104 5.5364
v  3.2204 -8.4060 5.4953
v  3.1724 -8.3166 5.4380
v  0.4734 -3.2668 -1.2126
v  0.6291 -3.5581 -1.2126
v  2.6604 -8.8018 5.5361
v  2.6144 -8.6928 5.4949
v  2.5755 -8.5994 5.4376
v  0.3843 -3.3090 -1.2126
v  0.5107 -3.6140 -1.2126
v  2.0193 -9.0314 5.5361
v  1.9831 -8.9186 5.4950
v  1.9533 -8.8215 5.4383
v  0.2915 -3.3422 -1.2126
v  0.3874 -3.6582 -1.2126
v  1.3571 -9.1973 5.5361
v  1.3328 -9.0814 5.4953
v  1.3128 -8.9822 5.4379
v  0.1959 -3.3661 -1.2126
v  0.2603 -3.6900 -1.2126
v  0.6828 -9.2974 5.5362
v  0.6696 -9.1796 5.4956
v  0.6594 -9.0788 5.4383
v  0.0984 -3.3806 -1.2126
v  0.1308 -3.7092 -1.2126
v  0.0000 -3.7156 -1.2126
v  11.1384 -1.6727 5.5433
v  11.1527 -1.6919 5.5258
v  10.5372 -2.2992 5.5266
v  10.5208 -2.2812 5.5440
v  9.9126 -2.9142 5.5274
v  9.8964 -2.8950 5.5447
v  9.2867 -3.5279 5.5269
v  9.2713 -3.5082 5.5445
v  8.6575 -4.1383 5.5256
v  8.6435 -4.1187 5.5433
v  8.0213 -4.7415 5.5263
v  8.0076 -4.7208 5.5439
v  7.3830 -5.3423 5.5256
v  7.3703 -5.3213 5.5434
v  6.7439 -5.9423 5.5251
v  6.7321 -5.9207 5.5430
v  6.1055 -6.5427 5.5247
v  6.0943 -6.5206 5.5428
v  5.5697 -7.0516 5.5234
v  5.5583 -7.0307 5.5419
v  5.0786 -7.5069 5.5246
v  5.0647 -7.4862 5.5432
v  4.5695 -7.9405 5.5299
v  4.5513 -7.9179 5.5472
v  11.1614 -1.5818 5.5047
v  11.1528 -1.5960 5.5280
v  10.4637 -0.9069 5.5282
v  10.4742 -0.8947 5.5049
v  9.7668 -0.2101 5.5283
v  9.7765 -0.1970 5.5051
v  9.0701 0.4868 5.5281
v  9.0788 0.5007 5.5048
v  8.3733 1.1836 5.5281
v  8.3812 1.1984 5.5048
v  7.6765 1.8804 5.5281
v  7.6835 1.8961 5.5048
v  6.9797 2.5773 5.5281
v  6.9858 2.5938 5.5048
v  6.2829 3.2741 5.5281
v  6.2881 3.2915 5.5048
v  5.5734 3.9835 5.5281
v  5.5839 3.9957 5.5048
v  4.8749 4.6821 5.5281
v  4.8853 4.6943 5.5048
v  4.1762 5.3805 5.5283
v  4.1867 5.3928 5.5049
v  3.4767 6.0779 5.5296
v  3.4873 6.0903 5.5078
v  2.7781 6.7787 5.5282
v  2.7886 6.7909 5.5049
v  2.0811 7.4759 5.5281
v  2.0912 7.4884 5.5048
v  1.3824 8.1746 5.5281
v  1.3926 8.1870 5.5048
v  0.6831 8.8735 5.5283
v  0.6938 8.8857 5.5049
v  0.0071 9.5416 5.5332
v  0.0071 9.5677 5.5111
v  11.1883 -1.6159 5.5031
v  11.1738 -1.6223 5.5271
v  11.1621 -1.6054 5.5280
v  11.1731 -1.5936 5.5047
v  9.8494 -1.5221 2.0515
v  10.0111 -1.7027 2.7234
v  10.5889 -1.1395 2.7341
v  10.4199 -0.9649 2.0634
v  9.2644 -2.0989 2.0501
v  9.4173 -2.2867 2.7225
v  8.6771 -2.6734 2.0499
v  8.8213 -2.8686 2.7226
v  8.0857 -3.2442 2.0514
v  8.2216 -3.4475 2.7240
v  7.4937 -3.8147 2.0515
v  7.6214 -4.0260 2.7234
v  6.8976 -4.3809 2.0526
v  7.0170 -4.5999 2.7242
v  6.2989 -4.9441 2.0527
v  6.4107 -5.1715 2.7240
v  5.7004 -5.5070 2.0527
v  5.8044 -5.7427 2.7236
v  5.1329 -6.0335 2.0550
v  5.2416 -6.2661 2.7252
v  4.5814 -6.5411 2.0549
v  4.7009 -6.7649 2.7242
v  2.5022 -7.9936 2.0522
v  2.5648 -8.2435 2.7181
v  3.1217 -7.9620 2.7187
v  3.0379 -7.7238 2.0510
v  1.9244 -8.2170 2.0512
v  1.9678 -8.4742 2.7160
v  1.3064 -8.3940 2.0477
v  1.3314 -8.6436 2.7158
v  0.6524 -8.5008 2.0491
v  0.6644 -8.7497 2.7170
v  0.0000 -8.7860 2.7191
v  10.4810 -2.2326 4.9351
v  10.5124 -2.2685 5.1071
v  11.1221 -1.6732 5.1112
v  11.0895 -1.6394 4.9406
v  10.3122 -2.0410 4.0785
v  10.4469 -2.1940 4.7640
v  11.0526 -1.6033 4.7709
v  10.9086 -1.4594 4.0872
v  10.1651 -1.8753 3.3993
v  10.7521 -1.3008 3.4096
v  10.0439 -0.5898 0.7392
v  9.8462 -0.3964 0.1046
v  9.3042 -0.9191 0.0853
v  9.4910 -1.1251 0.7249
v  10.2335 -0.7836 1.3991
v  9.6746 -1.3282 1.3860
v  9.8592 -2.8409 4.9352
v  9.8888 -2.8790 5.1074
v  9.7015 -2.6402 4.0780
v  9.8275 -2.8007 4.7637
v  9.5639 -2.4681 3.3980
v  8.7428 -1.4717 0.0830
v  8.9212 -1.6848 0.7241
v  9.0978 -1.8969 1.3846
v  9.2370 -3.4489 4.9352
v  9.2642 -3.4886 5.1075
v  9.0889 -3.2378 4.0783
v  9.2075 -3.4068 4.7637
v  8.9599 -3.0581 3.3980
v  8.1806 -2.0234 0.0815
v  8.3501 -2.2433 0.7238
v  8.5188 -2.4637 1.3843
v  8.6127 -4.0554 4.9350
v  8.6371 -4.0960 5.1070
v  8.4741 -3.8341 4.0789
v  8.5857 -4.0120 4.7638
v  8.3519 -3.6450 3.3994
v  7.6141 -2.5708 0.0841
v  7.7760 -2.7988 0.7250
v  7.9354 -3.0262 1.3859
v  7.9853 -4.6586 4.9331
v  8.0062 -4.6995 5.1060
v  7.8554 -4.4261 4.0782
v  7.9611 -4.6142 4.7613
v  7.7433 -4.2313 3.3983
v  7.0479 -3.1184 0.0866
v  7.2017 -3.3543 0.7258
v  7.3517 -3.5885 1.3866
v  7.3548 -5.2581 4.9325
v  7.3722 -5.2994 5.1057
v  7.2333 -5.0141 4.0789
v  7.3322 -5.2113 4.7609
v  7.1300 -4.8121 3.3991
v  6.4793 -3.6635 0.0883
v  6.6243 -3.9067 0.7267
v  6.7643 -4.1472 1.3880
v  6.7228 -5.8559 4.9312
v  6.7366 -5.8975 5.1049
v  6.6105 -5.6011 4.0784
v  6.7034 -5.8084 4.7592
v  6.5151 -5.3911 3.3989
v  5.9060 -4.2037 0.0885
v  6.0436 -4.4555 0.7263
v  6.1736 -4.7023 1.3883
v  6.0904 -6.4532 4.9300
v  6.1011 -6.4955 5.1041
v  5.9873 -6.1874 4.0780
v  6.0737 -6.4044 4.7578
v  5.8999 -5.9694 3.3987
v  5.3326 -4.7438 0.0887
v  5.4630 -5.0042 0.7259
v  5.5831 -5.2571 1.3886
v  5.5495 -6.9629 4.9299
v  5.5618 -7.0035 5.1040
v  5.4371 -6.7032 4.0785
v  5.5312 -6.9158 4.7576
v  5.3432 -6.4889 3.3998
v  4.7585 -5.2819 0.0929
v  4.8904 -5.5380 0.7281
v  5.0123 -5.7872 1.3910
v  5.0507 -7.4237 4.9283
v  5.0667 -7.4611 5.1027
v  4.9214 -7.1802 4.0765
v  5.0289 -7.3800 4.7558
v  4.8148 -6.9769 3.3982
v  4.1836 -5.8154 0.0974
v  4.3213 -6.0634 0.7296
v  4.4511 -6.3040 1.3918
v  3.6002 -6.3436 0.0889
v  3.7452 -6.5803 0.7259
v  3.8839 -6.8132 1.3864
v  4.0226 -7.0396 2.0491
v  2.7319 -8.9362 4.9278
v  2.7398 -8.9774 5.1013
v  3.3766 -8.6775 5.1005
v  3.3644 -8.6379 4.9266
v  2.6739 -8.6894 4.0704
v  2.7222 -8.8920 4.7550
v  3.3495 -8.5948 4.7536
v  3.2773 -8.3943 4.0706
v  2.6218 -8.4738 3.3915
v  3.2024 -8.1844 3.3921
v  2.0714 -9.1684 4.9286
v  2.0759 -9.2099 5.1018
v  2.0373 -8.9249 4.0694
v  2.0660 -9.1243 4.7558
v  2.0049 -8.7083 3.3895
v  2.8569 -7.2239 0.7250
v  2.7567 -6.9681 0.0887
v  2.2882 -7.2168 0.0897
v  2.3698 -7.4782 0.7256
v  1.3902 -9.3336 4.9294
v  1.3925 -9.3753 5.1022
v  1.3718 -9.0935 4.0696
v  1.3874 -9.2898 4.7569
v  1.3534 -8.8775 3.3895
v  0.6835 -9.1974 4.0706
v  0.6905 -9.3908 4.7580
v  0.6749 -8.9826 3.3906
v  0.0000 -9.4682 4.9312
v  0.0000 -9.5099 5.1035
v  0.6933 -9.4759 5.1027
v  0.6927 -9.4341 4.9302
v  11.1615 -1.5720 5.2935
v  11.1370 -1.5475 5.1224
v  11.1496 -1.5641 5.1182
v  11.1756 -1.5915 5.2902
v  11.0669 -1.4774 4.7811
v  10.9234 -1.3339 4.1005
v  10.9398 -1.3580 4.0946
v  11.0838 -1.5028 4.7760
v  10.7657 -1.1762 3.4271
v  10.7828 -1.2014 3.4191
v  10.6017 -1.0122 2.7559
v  10.6200 -1.0373 2.7468
v  10.4295 -0.8399 2.0891
v  10.4480 -0.8644 2.0790
v  10.2478 -0.6583 1.4272
v  10.2661 -0.6841 1.4158
v  10.0568 -0.4672 0.7707
v  10.0749 -0.4927 0.7583
v  9.8646 -0.2749 0.1370
v  9.8805 -0.2995 0.1242
v  10.0156 -0.4261 3.4692
v  9.8614 -0.2719 2.8015
v  10.5884 -0.9988 2.7626
v  10.7510 -1.1614 3.4279
v  9.3479 0.2417 3.4692
v  9.2039 0.3856 2.8015
v  8.6802 0.9094 3.4692
v  8.5465 1.0431 2.8015
v  8.0124 1.5771 3.4692
v  7.8890 1.7005 2.8015
v  7.3447 2.2449 3.4692
v  7.2315 2.3580 2.8015
v  6.6769 2.9126 3.4692
v  6.5741 3.0155 2.8015
v  6.0092 3.5804 3.4692
v  5.9166 3.6730 2.8015
v  5.3415 4.2481 3.4692
v  5.2591 4.3304 2.8015
v  4.6737 4.9158 3.4692
v  4.6017 4.9879 2.8015
v  4.0060 5.5836 3.4692
v  3.9442 5.6454 2.8015
v  3.3387 6.2509 3.4646
v  3.2873 6.3022 2.7953
v  2.6710 6.9186 3.4646
v  2.6299 6.9597 2.7953
v  2.0032 7.5863 3.4646
v  1.9724 7.6171 2.7953
v  1.3355 8.2541 3.4646
v  1.3149 8.2746 2.7953
v  0.6677 8.9218 3.4646
v  0.6575 8.9321 2.7953
v  0.0071 9.5825 3.4646
v  0.0071 9.5825 2.7953
v  9.3987 0.1908 0.7983
v  9.2491 0.3405 0.1505
v  9.8462 -0.2565 0.1394
v  10.0416 -0.4520 0.7713
v  9.5530 0.0366 1.4660
v  10.2347 -0.6451 1.4346
v  9.7072 -0.1176 2.1338
v  10.4162 -0.8267 2.0961
v  11.0878 -1.4982 4.9519
v  11.1233 -1.5337 5.1271
v  10.4004 -0.8109 5.1352
v  10.3623 -0.7727 4.9700
v  10.9099 -1.3204 4.1065
v  11.0523 -1.4627 4.7816
v  10.3241 -0.7345 4.8047
v  10.1699 -0.5803 4.1370
v  8.7721 0.8175 0.7983
v  8.6324 0.9571 0.1506
v  8.9160 0.6735 1.4660
v  9.0600 0.5296 2.1338
v  9.7070 -0.1175 5.1353
v  9.6714 -0.0819 4.9700
v  9.6358 -0.0463 4.8047
v  9.4919 0.0977 4.1370
v  8.2756 1.3069 1.4660
v  8.1454 1.4441 0.7983
v  8.4116 1.1756 2.1338
v  9.0137 0.5759 5.1351
v  8.9806 0.6089 4.9699
v  8.9475 0.6420 4.8047
v  8.8138 0.7757 4.1370
v  7.6422 1.9474 1.4660
v  7.5188 2.0708 0.7983
v  7.7656 1.8240 2.1338
v  8.3203 1.2692 5.1351
v  8.2898 1.2998 4.9699
v  8.2592 1.3303 4.8047
v  8.1358 1.4537 4.1370
v  6.8921 2.6974 0.7983
v  6.7824 2.8072 0.1506
v  7.3990 2.1905 0.1506
v  7.0053 2.5843 1.4660
v  7.1184 2.4712 2.1338
v  7.6269 1.9626 5.1351
v  7.5990 1.9906 4.9699
v  7.5710 2.0186 4.8047
v  7.4578 2.1317 4.1370
v  6.2655 3.3241 0.7983
v  6.1657 3.4239 0.1506
v  6.3683 3.2212 1.4660
v  6.4712 3.1184 2.1338
v  6.9336 2.6560 5.1351
v  6.9081 2.6814 4.9699
v  6.8827 2.7069 4.8047
v  6.7798 2.8097 4.1370
v  5.6388 3.9507 0.7983
v  5.5490 4.0406 0.1506
v  5.7314 3.8581 1.4660
v  5.8240 3.7655 2.1338
v  6.2402 3.3493 5.1351
v  6.2173 3.3722 4.9699
v  6.1944 3.3952 4.8047
v  6.1018 3.4878 4.1370
v  5.0122 4.5774 0.7983
v  4.9323 4.6573 0.1506
v  5.0945 4.4951 1.4660
v  5.1768 4.4127 2.1338
v  5.5468 4.0427 5.1351
v  5.5265 4.0631 4.9699
v  5.5061 4.0834 4.8047
v  5.4238 4.1658 4.1370
v  4.3855 5.2041 0.7983
v  4.3156 5.2739 0.1506
v  4.4576 5.1320 1.4660
v  4.5296 5.0599 2.1338
v  4.8535 4.7361 5.1351
v  4.8357 4.7539 4.9699
v  4.8178 4.7717 4.8047
v  4.7458 4.8438 4.1370
v  3.7588 5.8307 0.7983
v  3.6970 5.8926 0.1506
v  3.8206 5.7689 1.4660
v  3.8824 5.7071 2.1338
v  4.1601 5.4294 5.1351
v  4.1448 5.4447 4.9699
v  4.1295 5.4600 4.8047
v  4.0678 5.5218 4.1370
v  3.1333 6.4563 0.7874
v  3.0819 6.5078 0.1381
v  3.1846 6.4049 1.4567
v  3.2360 6.3536 2.1260
v  3.4668 6.1227 5.1343
v  3.4541 6.1354 4.9687
v  3.4414 6.1481 4.8031
v  3.3901 6.1995 4.1339
v  2.5070 7.0833 0.7906
v  2.4668 7.1230 0.1381
v  2.5477 7.0419 1.4567
v  2.5888 7.0008 2.1260
v  2.7735 6.8161 5.1343
v  2.7633 6.8263 4.9687
v  2.7531 6.8364 4.8031
v  2.7120 6.8775 4.1339
v  1.9108 7.6788 1.4567
v  1.8800 7.7096 0.7874
v  1.9416 7.6480 2.1260
v  2.0801 7.5095 5.1343
v  2.0725 7.5171 4.9687
v  2.0649 7.5247 4.8031
v  2.0340 7.5555 4.1339
v  1.2738 8.3157 1.4567
v  1.2533 8.3362 0.7874
v  1.2944 8.2952 2.1260
v  1.3867 8.2028 5.1343
v  1.3816 8.2079 4.9687
v  1.3766 8.2130 4.8031
v  1.3560 8.2335 4.1339
v  0.6267 8.9629 0.7874
v  0.6167 8.9729 0.1381
v  1.2334 8.3562 0.1381
v  0.6369 8.9526 1.4567
v  0.6472 8.9424 2.1260
v  0.6934 8.8962 5.1343
v  0.6908 8.8987 4.9687
v  0.6883 8.9013 4.8031
v  0.6780 8.9115 4.1339
v  0.0071 9.5825 0.7874
v  0.0070 9.5826 0.1383
v  0.0071 9.5825 1.4567
v  0.0071 9.5825 2.1260
v  0.0071 9.5825 5.1343
v  0.0071 9.5825 4.9687
v  0.0071 9.5825 4.8031
v  0.0071 9.5825 4.1339
v  11.1197 -1.5958 4.9406
v  11.1546 -1.6307 5.1112
v  11.1596 -1.5964 5.1139
v  11.1246 -1.5640 4.9429
v  10.9460 -1.3885 4.0893
v  10.9399 -1.4191 4.0867
v  11.0837 -1.5633 4.7701
v  11.0897 -1.5330 4.7719
v  10.7886 -1.2307 3.4132
v  10.7828 -1.2608 3.4097
v  10.6267 -1.0681 2.7393
v  10.6206 -1.0989 2.7349
v  10.4551 -0.8933 2.0708
v  10.4503 -0.9241 2.0652
v  10.2716 -0.7140 1.4067
v  10.2651 -0.7437 1.4010
v  10.0804 -0.5207 0.7487
v  10.0746 -0.5501 0.7420
v  9.8849 -0.3284 0.1137
v  9.8778 -0.3571 0.1066
v  11.1168 -1.5334 4.9469
v  11.1038 -1.6255 4.9407
v  11.1364 -1.6593 5.1113
v  10.9230 -1.4454 4.0874
v  11.0669 -1.5894 4.7710
v  10.7664 -1.2868 3.4098
v  10.6032 -1.1255 2.7344
v  10.4342 -0.9509 2.0637
v  10.2478 -0.7696 1.3994
v  10.0583 -0.5758 0.7396
v  9.8604 -0.3821 0.1039
v  11.1886 -1.6719 5.5008
v  11.1742 -1.6659 5.5258
v  11.1784 -1.6441 5.5263
v  11.1942 -1.6439 5.5017
v  11.1737 -1.6943 5.5007
v  11.1630 -1.6829 5.5258
v  11.1611 -1.7058 5.5007
v  11.1621 -1.7129 5.4659
v  10.5511 -2.3159 5.4657
v  10.5479 -2.3113 5.5014
v  10.4968 -2.2555 5.5512
v  11.1177 -1.6465 5.5512
v  9.9260 -2.9330 5.4654
v  9.9230 -2.9274 5.5020
v  9.8724 -2.8679 5.5512
v  9.2987 -3.5480 5.4652
v  9.2963 -3.5416 5.5014
v  9.2480 -3.4804 5.5512
v  8.6664 -4.1578 5.4649
v  8.6658 -4.1520 5.5003
v  8.6222 -4.0914 5.5512
v  8.0293 -4.7625 5.4647
v  8.0292 -4.7562 5.5009
v  7.9862 -4.6918 5.5512
v  7.3894 -5.3643 5.4645
v  7.3900 -5.3573 5.5001
v  7.3501 -5.2922 5.5512
v  6.7485 -5.9649 5.4641
v  6.7500 -5.9577 5.4996
v  6.7128 -5.8912 5.5512
v  6.1083 -6.5664 5.4633
v  6.1107 -6.5587 5.4991
v  6.0757 -6.4905 5.5512
v  5.5739 -7.0728 5.4627
v  5.5753 -7.0661 5.4981
v  5.5398 -7.0020 5.5512
v  5.0864 -7.5247 5.4619
v  5.0864 -7.5203 5.4990
v  5.0476 -7.4621 5.5512
v  4.5846 -7.9592 5.4610
v  4.5814 -7.9552 5.5025
v  2.7373 -9.0055 5.5460
v  2.7289 -8.9784 5.5512
v  3.3636 -8.6799 5.5512
v  3.3729 -8.7019 5.5472
v  2.0744 -9.2412 5.5451
v  2.0663 -9.2117 5.5512
v  1.3921 -9.4093 5.5443
v  1.3877 -9.3768 5.5512
v  0.0000 -9.5495 5.5418
v  0.0000 -9.5125 5.5512
v  0.6939 -9.4788 5.5512
v  0.6941 -9.5122 5.5433
v  11.1385 -1.6146 5.5442
v  11.1173 -1.6391 5.5512
v  10.4261 -0.9479 5.5512
v  10.4481 -0.9243 5.5442
v  10.4783 -0.8888 5.4727
v  11.1627 -1.5732 5.4728
v  9.7311 -0.2529 5.5512
v  9.7521 -0.2283 5.5442
v  9.7798 -0.1903 5.4729
v  9.0360 0.4422 5.5512
v  9.0562 0.4677 5.5442
v  9.0812 0.5083 5.4724
v  8.3409 1.1373 5.5512
v  8.3603 1.1636 5.5441
v  8.3827 1.2069 5.4724
v  7.6458 1.8324 5.5512
v  7.6643 1.8596 5.5441
v  7.6841 1.9054 5.4724
v  6.9508 2.5274 5.5512
v  6.9684 2.5555 5.5441
v  6.9855 2.6040 5.4724
v  6.2557 3.2225 5.5512
v  6.2725 3.2515 5.5441
v  6.2870 3.3026 5.4724
v  5.5377 3.9405 5.5512
v  5.5582 3.9657 5.5441
v  5.5884 4.0011 5.4724
v  4.8386 4.6396 5.5512
v  4.8597 4.6643 5.5441
v  4.8899 4.6997 5.4724
v  4.1400 5.3382 5.5512
v  4.1610 5.3627 5.5442
v  4.1913 5.3982 5.4724
v  3.4415 6.0367 5.5512
v  3.4618 6.0605 5.5447
v  3.4928 6.0968 5.4724
v  2.7415 6.7367 5.5512
v  2.7627 6.7610 5.5442
v  2.7942 6.7953 5.4724
v  2.0458 7.4324 5.5512
v  2.0663 7.4576 5.5441
v  2.0957 7.4939 5.4724
v  1.3450 8.1332 5.5512
v  1.3674 8.1565 5.5442
v  1.3971 8.1924 5.4724
v  0.6463 8.8319 5.5512
v  0.6676 8.8560 5.5443
v  0.6986 8.8910 5.4724
v  0.0078 9.4704 5.5512
v  0.0071 9.5092 5.5463
v  0.0071 9.5825 5.4723
v  11.1521 -1.6311 5.5438
v  11.1212 -1.6430 5.5512
v  11.1453 -1.6214 5.5442
v  11.1769 -1.5873 5.4724
v  11.1937 -1.6124 5.4698
v  11.1525 -1.6566 5.5433
v  11.1549 -1.6439 5.5435
v  11.1998 -1.6432 5.4676
v  11.1935 -1.6735 5.4662
v  11.1461 -1.6663 5.5433
v  11.1763 -1.6989 5.4659
v  2.0321 7.4179 5.5512
v  2.7277 6.7221 5.5512
v  1.3877 6.0232 5.5512
v  3.4278 6.0223 5.5512
v  4.1273 5.3226 5.5512
v  2.7152 4.1740 5.5512
v  2.0596 4.4085 5.5512
v  4.8250 4.6248 5.5512
v  3.9419 3.5183 5.5512
v  3.3447 3.8763 5.5512
v  5.5242 3.9259 5.5512
v  4.5012 3.1035 5.5512
v  6.2422 3.2079 5.5512
v  5.0171 2.6359 5.5512
v  5.4847 2.1200 5.5512
v  6.9360 2.5139 5.5512
v  5.8995 1.5607 5.5512
v  7.6325 1.8178 5.5512
v  6.2574 0.9635 5.5512
v  8.3276 1.1228 5.5512
v  6.5551 0.3341 5.5512
v  9.0228 0.4278 5.5512
v  6.7897 -0.3215 5.5512
v  9.7179 -0.2672 5.5512
v  6.9589 -0.9969 5.5512
v  10.4130 -0.9623 5.5512
v  7.0611 -1.6857 5.5512
v  11.1138 -1.6426 5.5512
v  10.4817 -2.2412 5.5512
v  9.2331 -3.4663 5.5512
v  8.6077 -4.0777 5.5512
v  6.9589 -3.7654 5.5512
v  7.0611 -3.0766 5.5512
v  7.9711 -4.6776 5.5512
v  6.7897 -4.4408 5.5512
v  7.3351 -5.2780 5.5512
v  6.5551 -5.0964 5.5512
v  6.6979 -5.8771 5.5512
v  6.2574 -5.7258 5.5512
v  6.0610 -6.4769 5.5512
v  5.8995 -6.3231 5.5512
v  5.5300 -6.9837 5.5512
v  5.4847 -6.8823 5.5512
v  0.0000 4.7141 5.5512
v  0.1346 5.9471 5.5512
v  1.3312 8.1187 5.5512
v  0.5227 7.1967 5.5512
v  0.4046 7.2927 5.5512
v  0.6342 8.8192 5.5512
v  0.6873 6.9461 5.5512
v  0.6187 7.0785 5.5512
v  0.0000 9.4627 5.5512
v  10.5359 -2.2963 5.2817
v  10.5503 -2.3149 5.4558
v  11.1612 -1.7120 5.4560
v  11.1469 -1.6968 5.2839
v  9.9113 -2.9098 5.2820
v  9.9252 -2.9318 5.4555
v  9.2848 -3.5215 5.2819
v  9.2977 -3.5463 5.4553
v  8.6551 -4.1301 5.2811
v  8.6658 -4.1563 5.4550
v  8.0212 -4.7343 5.2808
v  8.0289 -4.7610 5.4548
v  7.3834 -5.3342 5.2808
v  7.3891 -5.3626 5.4546
v  6.7449 -5.9332 5.2803
v  6.7483 -5.9632 5.4542
v  6.1068 -6.5326 5.2796
v  6.1082 -6.5646 5.4534
v  5.5696 -7.0394 5.2795
v  5.5737 -7.0710 5.4528
v  5.0783 -7.4944 5.2783
v  5.0860 -7.5230 5.4520
v  4.5710 -7.9299 5.2758
v  4.5839 -7.9577 5.4511
v  11.1927 -1.6113 5.4599
v  11.1762 -1.5866 5.4625
v  10.4760 -0.8865 5.4627
v  10.4386 -0.8490 5.3004
v  11.1476 -1.5580 5.2967
v  11.1627 -1.5732 5.4628
v  9.7776 -0.1881 5.4629
v  9.7427 -0.1531 5.3006
v  9.0792 0.5103 5.4624
v  9.0467 0.5428 5.3003
v  8.3808 1.2087 5.4624
v  8.3508 1.2387 5.3003
v  7.6824 1.9071 5.4624
v  7.6549 1.9346 5.3003
v  6.9840 2.6055 5.4624
v  6.9590 2.6305 5.3003
v  6.2856 3.3039 5.4624
v  6.2631 3.3264 5.3003
v  5.5872 4.0023 5.4624
v  5.5672 4.0223 5.3003
v  4.8888 4.7007 5.4624
v  4.8713 4.7182 5.3003
v  4.1904 5.3991 5.4624
v  4.1754 5.4142 5.3003
v  3.4920 6.0975 5.4624
v  3.4795 6.1100 5.2999
v  2.7936 6.7959 5.4624
v  2.7836 6.8059 5.2999
v  2.0952 7.4943 5.4624
v  2.0877 7.5018 5.2999
v  1.3968 8.1927 5.4624
v  1.3918 8.1977 5.2999
v  0.6984 8.8912 5.4624
v  0.6959 8.8936 5.2999
v  0.0071 9.5825 5.4623
v  0.0071 9.5825 5.2999
v  11.1989 -1.6420 5.4577
v  11.1840 -1.6228 5.2866
v  11.1789 -1.6553 5.2842
v  11.1927 -1.6725 5.4563
v  11.1612 -1.6828 5.2839
v  11.1755 -1.6980 5.4560
v  9.8218 -0.3821 0.0494
v  9.7972 -0.3701 0.0230
v  9.2654 -0.8773 0.0150
v  9.2847 -0.8978 0.0370
v  9.8512 -0.3465 0.0501
v  9.8228 -0.3400 0.0232
v  9.8116 -0.3563 0.0232
v  9.8363 -0.3683 0.0496
v  9.8584 -0.3182 0.0538
v  9.8283 -0.3171 0.0253
v  9.8544 -0.2892 0.0616
v  9.8253 -0.2932 0.0302
v  9.8466 -0.2726 0.0685
v  9.8222 -0.2849 0.0323
v  9.2375 0.3388 0.0846
v  9.2192 0.3213 0.0472
v  9.8081 -0.2707 0.0327
v  9.8325 -0.2584 0.0689
v  7.9868 1.5536 0.0471
v  8.6030 0.9375 0.0471
v  8.6209 0.9548 0.0837
v  8.0043 1.5708 0.0829
v  6.7714 2.8032 0.0820
v  6.7542 2.7862 0.0470
v  7.3706 2.1698 0.0470
v  7.3877 2.1868 0.0820
v  6.1550 3.4196 0.0819
v  6.1379 3.4026 0.0470
v  5.5386 4.0360 0.0819
v  5.5215 4.0190 0.0470
v  4.9223 4.6523 0.0819
v  4.9051 4.6354 0.0470
v  4.3059 5.2687 0.0819
v  4.2887 5.2517 0.0470
v  3.6896 5.8850 0.0819
v  3.6725 5.8680 0.0470
v  3.0753 6.5014 0.0730
v  3.0571 6.4835 0.0346
v  2.4586 7.1174 0.0718
v  1.8419 7.7334 0.0706
v  1.8244 7.7161 0.0346
v  2.4407 7.0998 0.0346
v  0.6088 8.9658 0.0695
v  0.5917 8.9488 0.0346
v  1.2080 8.3324 0.0346
v  1.2252 8.3494 0.0694
v  0.0071 9.5631 0.0631
v  0.0071 9.5210 0.0267
v  1.7639 -7.3997 0.0433
v  1.7560 -7.3768 0.0211
v  1.2138 -7.5300 0.0187
v  1.2185 -7.5543 0.0400
v  2.2769 -7.1900 0.0397
v  2.2658 -7.1684 0.0187
v  2.7450 -6.9475 0.0450
v  2.7293 -6.9254 0.0200
v  3.5833 -6.3223 0.0405
v  3.5651 -6.3056 0.0190
v  3.1714 -6.6278 0.0186
v  3.1879 -6.6507 0.0439
v  4.1639 -5.7939 0.0464
v  4.1407 -5.7682 0.0161
v  4.7358 -5.2544 0.0357
v  4.7158 -5.2298 0.0126
v  5.3106 -4.7172 0.0323
v  5.2871 -4.6925 0.0098
v  5.8835 -4.1753 0.0313
v  5.8599 -4.1487 0.0089
v  6.4557 -3.6349 0.0307
v  6.4312 -3.6079 0.0084
v  7.0236 -3.0908 0.0293
v  6.9985 -3.0645 0.0078
v  7.5898 -2.5439 0.0290
v  7.5654 -2.5186 0.0081
v  8.1569 -1.9965 0.0289
v  8.1339 -1.9717 0.0086
v  8.7201 -1.4477 0.0316
v  8.6984 -1.4258 0.0109
v  9.7823 -0.3416 0.0067
v  9.7455 -0.3230 0.0000
v  9.7344 -0.3336 0.0000
v  9.7678 -0.3553 0.0066
v  9.2424 -0.8525 0.0025
v  9.2987 -0.9131 0.0670
v  9.8405 -0.3907 0.0863
v  9.7871 -0.3334 0.0065
v  9.8546 -0.3765 0.0856
v  9.8721 -0.3515 0.0883
v  9.7899 -0.3218 0.0068
v  9.8793 -0.3228 0.0953
v  9.7894 -0.3104 0.0075
v  9.8749 -0.2939 0.1058
v  9.7871 -0.3023 0.0088
v  9.8597 -0.2701 0.1181
v  9.7730 -0.2881 0.0091
v  9.7344 -0.3119 0.0000
v  9.1929 0.2947 0.0219
v  9.8457 -0.2560 0.1194
v  9.2445 0.3451 0.1306
v  7.9281 1.4948 0.0000
v  8.5444 0.8784 0.0000
v  8.5772 0.9116 0.0222
v  7.9616 1.5284 0.0226
v  8.6281 0.9614 0.1306
v  8.0117 1.5778 0.1306
v  6.7295 2.7617 0.0230
v  6.6954 2.7277 0.0000
v  7.3117 2.1113 0.0000
v  7.3459 2.1453 0.0230
v  7.3953 2.1942 0.1306
v  6.7790 2.8106 0.1306
v  6.1132 3.3780 0.0230
v  6.0790 3.3441 0.0000
v  6.1626 3.4270 0.1306
v  5.4968 3.9944 0.0230
v  5.4626 3.9604 0.0000
v  5.5462 4.0433 0.1306
v  4.8804 4.6108 0.0230
v  4.8462 4.5768 0.0000
v  4.9298 4.6597 0.1306
v  4.2640 5.2272 0.0230
v  4.2299 5.1932 0.0000
v  4.3134 5.2761 0.1306
v  3.6477 5.8435 0.0230
v  3.6135 5.8096 0.0000
v  3.6971 5.8925 0.1306
v  3.0300 6.4564 0.0090
v  2.9981 6.4245 0.0000
v  3.0819 6.5076 0.1181
v  2.4144 7.0735 0.0095
v  1.7989 7.6907 0.0100
v  1.7655 7.6574 0.0000
v  2.3818 7.0410 0.0000
v  2.4655 7.1240 0.1181
v  1.8491 7.7404 0.1181
v  0.5669 8.9242 0.0105
v  0.5328 8.8903 0.0000
v  1.1492 8.2739 0.0000
v  1.1833 8.3079 0.0105
v  1.2328 8.3568 0.1181
v  0.6164 8.9732 0.1181
v  0.0071 9.5825 0.1183
v  1.7471 -7.3454 0.0053
v  1.7364 -7.3156 0.0000
v  1.1978 -7.4672 0.0000
v  1.2052 -7.4990 0.0044
v  0.0000 -7.7261 0.0713
v  0.6285 -7.6832 0.0714
v  0.6251 -7.6642 0.0420
v  2.2537 -7.1420 0.0053
v  2.2396 -7.1111 0.0000
v  2.7129 -6.9008 0.0058
v  2.6926 -6.8690 0.0000
v  2.2852 -7.2096 0.0713
v  2.7530 -6.9611 0.0704
v  3.5459 -6.2831 0.0053
v  3.5234 -6.2567 0.0000
v  3.1330 -6.5793 0.0000
v  3.1526 -6.6034 0.0046
v  3.1967 -6.6646 0.0709
v  4.1184 -5.7428 0.0030
v  4.0924 -5.7140 0.0000
v  3.5961 -6.3368 0.0705
v  4.1783 -5.8095 0.0790
v  4.6910 -5.2014 0.0010
v  4.6624 -5.1691 0.0000
v  4.7547 -5.2745 0.0745
v  5.2593 -4.6633 0.0005
v  5.2284 -4.6308 0.0000
v  5.3289 -4.7364 0.0704
v  5.8319 -4.1176 0.0000
v  5.8009 -4.0833 0.0000
v  5.9020 -4.1964 0.0701
v  6.4023 -3.5763 0.0000
v  6.3706 -3.5418 0.0000
v  6.4751 -3.6565 0.0699
v  6.9692 -3.0338 0.0000
v  6.9373 -3.0004 0.0000
v  7.0434 -3.1116 0.0682
v  7.5371 -2.4892 -0.0000
v  7.5062 -2.4571 0.0000
v  7.6095 -2.5642 0.0657
v  8.1073 -1.9431 0.0003
v  8.0781 -1.9117 0.0000
v  8.1753 -2.0167 0.0634
v  8.6730 -1.4000 0.0008
v  8.6445 -1.3710 0.0000
v  8.7375 -1.4654 0.0648
v  9.2174 -0.8257 0.0000
v  9.1607 0.2620 0.0000
v  8.0157 1.5738 0.1506
v  1.8501 7.7396 0.1381
v  0.0000 9.4752 0.0062
v  0.0079 9.4143 0.0000
v  0.0072 9.4682 0.0062
v  0.0000 9.5486 5.5333
v  0.0000 9.5748 5.5111
v  0.0000 9.5896 3.4646
v  0.0000 9.5896 2.7953
v  0.0000 9.5896 1.4567
v  0.0000 9.5896 5.1343
v  0.0000 9.5896 4.1339
v  0.0000 9.5702 0.0630
v  0.0000 9.5280 0.0266
v  4.5101 -7.8244 4.7525
v  4.5357 -7.8648 4.9254
v  2.7460 -9.0163 5.2755
v  2.7508 -9.0511 5.4478
v  3.3945 -8.7487 5.4489
v  3.3864 -8.7149 5.2751
v  2.0794 -9.2499 5.2755
v  2.0818 -9.2855 5.4469
v  1.3944 -9.4154 5.2755
v  1.3957 -9.4532 5.4464
v  0.0000 -9.5874 5.4464
v  0.6944 -9.5540 5.4462
v  0.6939 -9.5161 5.2755
v  11.1024 -1.5129 4.9515
v  0.2722 7.3612 5.5512
v  0.7392 6.6740 5.5512
v  0.7269 6.8086 5.5512
v  0.1346 7.4008 5.5512
v  0.6955 4.6799 5.5512
v  0.2722 5.9867 5.5512
v  0.4046 6.0552 5.5512
v  1.3842 4.5777 5.5512
v  0.6187 6.2694 5.5512
v  0.6873 6.4018 5.5512
v  0.7269 6.5393 5.5512
v  0.5227 6.1512 5.5512
v  0.1253 5.9965 5.5011
v  0.0000 5.9850 5.5011
v  0.0000 5.9850 5.1287
v  0.1254 5.9965 5.1287
v  0.1254 7.3514 5.1287
v  0.0000 7.3629 5.1287
v  0.1253 7.3515 5.5012
v  0.2536 7.3146 5.1287
v  0.2536 7.3145 5.5011
v  0.3770 7.2506 5.1287
v  0.3771 7.2506 5.5012
v  0.4872 7.1611 5.1287
v  0.4872 7.1612 5.5012
v  0.5767 7.0510 5.1287
v  0.5767 7.0510 5.5012
v  0.6406 6.9276 5.1287
v  0.6407 6.9275 5.5012
v  0.6775 6.7993 5.1287
v  0.6775 6.7993 5.5012
v  0.6890 6.6740 5.1287
v  0.6890 6.6740 5.5012
v  0.6775 6.5486 5.1287
v  0.6775 6.5486 5.5012
v  0.6406 6.4204 5.1287
v  0.6406 6.4204 5.5012
v  0.5767 6.2969 5.1287
v  0.5767 6.2969 5.5012
v  0.4872 6.1868 5.1287
v  0.4872 6.1868 5.5012
v  0.3770 6.0973 5.1287
v  0.3770 6.0973 5.5012
v  0.2536 6.0334 5.1287
v  0.2536 6.0333 5.5012
v  9.2043 -0.8111 0.0000
v  9.7236 -0.3231 0.0000
v  7.1211 -0.2260 0.0000
v  7.1007 -0.5752 0.0000
v  9.1470 0.2478 0.0000
v  7.1029 0.1082 0.0000
v  8.5307 0.8642 0.0000
v  7.9143 1.4806 0.0000
v  6.8247 1.1857 0.0000
v  7.0201 0.5740 0.0000
v  7.2979 2.0970 0.0000
v  6.6815 2.7133 0.0000
v  6.0512 2.3308 0.0000
v  6.5334 1.7331 0.0000
v  6.0651 3.3297 0.0000
v  5.4801 2.9032 0.0000
v  5.4488 3.9461 0.0000
v  4.8748 3.5056 0.0000
v  4.8324 4.5624 0.0000
v  4.3141 4.0611 0.0000
v  4.2154 5.1795 0.0000
v  3.7476 4.6275 0.0000
v  3.5986 5.7955 0.0000
v  3.1191 5.2611 0.0000
v  2.7125 5.6589 0.0000
v  2.3681 7.0263 0.0000
v  1.7522 7.6424 0.0000
v  1.6060 7.4774 0.0000
v  2.2170 6.8646 0.0000
v  1.1353 8.2595 0.0000
v  0.5186 8.8763 0.0000
v  0.3798 8.7092 0.0000
v  0.9826 8.1014 0.0000
v  0.0000 -7.5976 0.0000
v  0.6113 -7.5529 0.0000
v  0.5489 -6.7945 0.0000
v  0.0000 -6.8355 0.0000
v  2.2333 -7.0946 0.0000
v  2.6807 -6.8492 0.0000
v  2.5187 -6.0463 0.0000
v  2.0025 -6.3580 0.0000
v  3.1184 -6.5600 0.0000
v  3.5103 -6.2416 0.0000
v  4.0780 -5.6993 0.0000
v  3.6310 -5.0869 0.0000
v  2.9945 -5.6701 0.0000
v  4.6484 -5.1549 0.0000
v  4.1471 -4.6075 0.0000
v  5.2144 -4.6165 0.0000
v  4.6642 -4.1256 0.0000
v  5.7869 -4.0690 0.0000
v  5.1837 -3.6410 0.0000
v  6.3566 -3.5274 0.0000
v  5.6946 -3.1654 0.0000
v  6.9232 -2.9861 0.0000
v  6.2141 -2.6643 0.0000
v  7.4930 -2.4424 0.0000
v  6.6000 -2.1323 0.0000
v  8.0649 -1.8971 0.0000
v  6.8948 -1.5189 0.0000
v  8.6313 -1.3564 0.0000
v  7.0502 -0.9583 0.0000
v  2.9850 6.4093 0.0000
v  2.8191 6.2650 0.0000
v  2.8961 5.8825 0.0000
v  2.8198 5.7671 0.0000
v  2.8915 6.1599 0.0000
v  2.9218 6.0170 0.0000
v  7.0189 -0.2252 0.0278
v  7.0031 -0.5654 0.0301
v  7.0808 -0.5733 0.0000
v  7.1011 -0.2260 0.0000
v  6.9518 -0.9371 0.0289
v  7.0306 -0.9543 0.0000
v  6.7992 -1.4830 0.0280
v  6.8760 -1.5119 0.0000
v  6.5116 -2.0794 0.0266
v  6.5828 -2.1220 0.0000
v  6.1352 -2.5968 0.0264
v  6.1990 -2.6512 0.0000
v  5.6275 -3.0950 0.0308
v  5.6808 -3.1508 0.0000
v  5.1148 -3.5732 0.0339
v  5.1671 -3.6291 0.0000
v  4.5977 -4.0569 0.0362
v  4.6492 -4.1122 0.0000
v  4.0820 -4.5371 0.0349
v  4.1336 -4.5927 0.0000
v  3.5670 -5.0147 0.0327
v  3.6191 -5.0707 0.0000
v  2.9320 -5.5992 0.0330
v  2.9814 -5.6552 0.0000
v  2.4665 -5.9679 0.0329
v  2.5077 -6.0298 0.0000
v  1.9590 -6.2702 0.0291
v  1.9936 -6.3400 0.0000
v  1.5183 -6.4502 0.0339
v  1.5436 -6.5304 0.0000
v  0.3168 8.6438 0.0267
v  0.3668 8.6939 0.0000
v  0.9203 8.0389 0.0276
v  0.9687 8.0870 0.0000
v  1.5445 7.4143 0.0279
v  1.5927 7.4624 0.0000
v  2.1558 6.8024 0.0283
v  2.2033 6.8499 0.0000
v  2.7399 6.2193 0.0276
v  2.7895 6.2662 0.0000
v  2.7541 6.2052 0.0275
v  2.8117 6.1222 0.0269
v  2.8728 6.1519 0.0000
v  2.8037 6.2521 0.0000
v  2.8342 6.0166 0.0269
v  2.9014 6.0168 0.0000
v  2.8146 5.9147 0.0267
v  2.8772 5.8901 0.0000
v  2.7546 5.8258 0.0270
v  2.8039 5.7793 0.0000
v  2.7405 5.8116 0.0270
v  2.7920 5.7674 0.0000
v  2.6223 5.6239 0.0266
v  2.6336 5.5993 0.0309
v  2.6850 5.6603 0.0000
v  3.0486 5.1890 0.0280
v  3.6784 4.5563 0.0298
v  3.7346 4.6122 0.0000
v  3.1057 5.2462 0.0000
v  4.2438 3.9910 0.0297
v  4.2998 4.0472 0.0000
v  4.8018 3.4358 0.0280
v  4.8588 3.4932 0.0000
v  5.4057 2.8331 0.0273
v  5.4638 2.8912 0.0000
v  5.9777 2.2604 0.0278
v  6.0363 2.3174 0.0000
v  6.4446 1.6792 0.0267
v  6.5166 1.7220 0.0000
v  6.7309 1.1465 0.0278
v  6.8062 1.1779 0.0000
v  6.9254 0.5504 0.0289
v  7.0007 0.5691 0.0000
v  7.0013 0.0964 0.0276
v  7.0830 0.1059 0.0000
v  2.6999 5.6457 0.0000
v  2.6478 5.5852 0.0308
v  6.9772 -0.2244 0.1033
v  6.9637 -0.5609 0.1044
v  6.9119 -0.9280 0.1044
v  6.7581 -1.4677 0.1021
v  6.4758 -2.0580 0.1032
v  6.1042 -2.5708 0.1037
v  5.6015 -3.0676 0.1049
v  5.0912 -3.5477 0.1098
v  4.5755 -4.0331 0.1139
v  4.0581 -4.5116 0.1105
v  3.5420 -4.9880 0.1075
v  2.9084 -5.5726 0.1041
v  2.4463 -5.9375 0.1037
v  1.9415 -6.2349 0.1024
v  1.5066 -6.4188 0.1051
v  0.2949 8.6218 0.0956
v  0.8989 8.0178 0.0956
v  1.5234 7.3933 0.0958
v  2.1350 6.7817 0.0958
v  2.7200 6.1967 0.0950
v  2.7341 6.1826 0.0950
v  2.7849 6.1068 0.0929
v  2.8033 6.0165 0.0923
v  2.7856 5.9256 0.0918
v  2.7344 5.8488 0.0933
v  2.7202 5.8346 0.0933
v  2.6313 5.7457 0.0933
v  2.6531 5.7242 0.0270
v  2.6390 5.7100 0.0270
v  2.6171 5.7315 0.0933
v  2.5918 5.6931 0.0897
v  2.6242 5.6818 0.0241
v  3.0198 5.1601 0.1023
v  3.6506 4.5286 0.1059
v  4.2161 3.9631 0.1058
v  4.7730 3.4068 0.1028
v  5.3763 2.8036 0.1024
v  5.9492 2.2304 0.1037
v  6.4077 1.6596 0.1038
v  6.6919 1.1305 0.1027
v  6.8870 0.5407 0.1024
v  6.9604 0.0914 0.1036
v  2.6295 5.5501 0.1037
v  2.5826 5.6479 0.0907
v  2.5910 5.6028 0.0953
v  2.6160 5.6508 0.0266
v  2.7836 6.1070 0.1129
v  2.7329 6.1828 0.1150
v  2.4387 6.2418 4.8739
v  2.4897 6.1658 4.8719
v  2.8021 6.0168 0.1122
v  2.5081 6.0755 4.8736
v  2.7844 5.9259 0.1118
v  2.4907 5.9856 4.8736
v  2.4392 5.9078 4.8722
v  2.7331 5.8490 0.1132
v  0.1340 8.5470 4.8691
v  0.2942 8.6215 0.1156
v  0.8983 8.0174 0.1156
v  0.7379 7.9429 4.8703
v  1.5227 7.3930 0.1158
v  1.3623 7.3183 4.8716
v  2.1343 6.7814 0.1158
v  1.9738 6.7067 4.8729
v  2.7188 6.1970 0.1150
v  2.4246 6.2559 4.8730
v  2.5801 5.6469 0.1105
v  2.5893 5.6921 0.1095
v  1.9985 5.4553 4.8808
v  1.9886 5.4108 4.8859
v  2.5885 5.6018 0.1151
v  1.9969 5.3652 4.8881
v  2.0229 5.3263 4.8860
v  2.6127 5.5635 0.1236
v  2.6153 5.5642 0.1038
v  2.6149 5.7308 0.1131
v  2.0244 5.4929 4.8723
v  1.9993 5.5162 4.9913
v  1.9525 5.5620 5.0524
v  1.9052 5.4943 5.0533
v  1.9655 5.4698 4.9938
v  1.9504 5.4106 4.9968
v  1.8850 5.4100 5.0546
v  1.9030 5.3206 5.0548
v  1.9621 5.3479 4.9977
v  1.9460 5.2515 5.0565
v  1.9940 5.2998 4.9982
v  2.4157 6.2190 4.9893
v  2.3699 6.1737 5.0511
v  2.3984 6.1294 5.0517
v  2.4591 6.1542 4.9895
v  2.4090 6.0742 5.0521
v  2.4746 6.0753 4.9905
v  2.3982 6.0212 5.0520
v  2.4592 5.9972 4.9904
v  2.3699 5.9764 5.0512
v  2.4154 5.9305 4.9893
v  1.8836 5.6317 5.0787
v  1.8164 5.5316 5.0787
v  1.9961 5.4544 4.9006
v  2.0226 5.4927 4.8922
v  1.7897 5.4098 5.0787
v  1.8172 5.2818 5.0787
v  1.9944 5.3642 4.9079
v  1.9862 5.4098 4.9058
v  1.8823 5.1871 5.0787
v  2.0204 5.3253 4.9059
v  2.2990 6.1027 5.0787
v  2.3105 6.0733 5.0787
v  2.4884 6.1661 4.8918
v  2.4376 6.2418 4.8939
v  2.5069 6.0758 4.8936
v  2.4894 5.9858 4.8936
v  2.2990 6.0471 5.0787
v  2.4380 5.9081 4.8922
v  2.4016 6.2331 4.9894
v  2.4235 6.2559 4.8939
v  1.9732 6.7064 4.8929
v  1.9500 6.6840 4.9901
v  2.3557 6.1878 5.0511
v  1.9023 6.6380 5.0524
v  2.2849 6.1169 5.0787
v  1.8319 6.5699 5.0787
v  1.3617 7.3180 4.8916
v  0.7373 7.9425 4.8903
v  0.7131 7.9192 4.9921
v  1.3380 7.2952 4.9911
v  0.6619 7.8698 5.0558
v  1.2886 7.2474 5.0541
v  0.5958 7.8059 5.0787
v  1.2203 7.1815 5.0787
v  0.1109 8.5205 4.9931
v  0.1333 8.5467 4.8890
v  0.0631 8.4645 5.0575
v  2.0384 5.5070 4.8743
v  2.6288 5.7447 0.1132
v  2.7190 5.8349 0.1132
v  2.4251 5.8936 4.8723
v  2.0135 5.5303 4.9912
v  2.0368 5.5068 4.8922
v  2.4239 5.8940 4.8922
v  2.4012 5.9164 4.9893
v  1.9667 5.5761 5.0523
v  2.3557 5.9624 5.0512
v  1.8978 5.6458 5.0787
v  2.2849 6.0330 5.0787
v  3.6487 4.5271 0.1257
v  3.0181 5.1583 0.1221
v  2.6109 4.7392 4.8809
v  3.1743 4.1749 4.8860
v  4.2146 3.9612 0.1256
v  3.8784 3.5208 4.5980
v  4.7713 3.4051 0.1226
v  4.3907 3.0296 4.4767
v  5.3745 2.8019 0.1223
v  4.9882 2.4391 4.4360
v  5.9475 2.2287 0.1236
v  5.5667 1.8479 4.5093
v  2.6270 5.5491 0.1236
v  2.0371 5.3121 4.8859
v  3.1538 4.1112 5.0191
v  3.0687 4.0019 5.0732
v  3.7703 3.3436 4.7850
v  3.8441 3.4344 4.7512
v  4.2781 2.8506 4.6655
v  4.3491 2.9451 4.6347
v  4.8622 2.2712 4.6313
v  4.9341 2.3659 4.5986
v  5.3988 1.7223 4.6992
v  5.4862 1.8004 4.6684
v  2.5860 4.7115 4.9944
v  2.5410 4.6639 5.0536
v  3.1000 4.0961 5.0570
v  3.1519 4.1482 4.9918
v  2.0081 5.2857 4.9981
v  1.9603 5.2374 5.0564
v  6.9612 -0.5608 0.1242
v  6.9748 -0.2245 0.1231
v  6.4696 -0.2787 4.2418
v  6.4694 -0.5392 4.1312
v  6.9096 -0.9275 0.1242
v  6.4460 -0.8257 3.9890
v  6.7558 -1.4667 0.1220
v  6.3594 -1.2633 3.7260
v  6.4739 -2.0566 0.1230
v  6.1641 -1.8135 3.3271
v  6.1024 -2.5691 0.1235
v  5.8573 -2.3401 2.8545
v  5.5999 -3.0658 0.1247
v  5.4227 -2.8659 2.3097
v  6.4057 1.6581 0.1236
v  5.9659 1.3370 4.5541
v  6.6897 1.1294 0.1225
v  6.2048 0.8879 4.5308
v  6.8847 0.5401 0.1223
v  6.3725 0.3972 4.4499
v  6.9580 0.0910 0.1234
v  6.4465 0.0014 4.3416
v  5.0895 -3.5459 0.1297
v  4.9441 -3.3951 1.8504
v  4.5735 -4.0316 0.1337
v  4.4383 -3.9318 1.4811
v  4.0565 -4.5098 0.1303
v  3.9684 -4.4073 1.2509
v  3.5403 -4.9863 0.1273
v  3.4581 -4.9026 1.1061
v  2.9069 -5.5710 0.1225
v  2.8305 -5.4880 1.0408
v  2.4451 -5.9355 0.1223
v  2.3921 -5.8381 1.0292
v  1.9407 -6.2325 0.1222
v  1.9123 -6.1224 1.0284
v  1.5058 -6.4169 0.1229
v  1.2554 -6.3819 1.0160
v  1.0401 -6.5562 0.1239
v  0.5317 -6.6563 0.1242
v  0.6061 -6.5334 1.0200
v  2.7784 -5.4313 1.1908
v  2.7055 -5.3533 1.2311
v  2.2893 -5.6872 1.2267
v  2.3511 -5.7776 1.1823
v  1.8364 -5.9633 1.2200
v  1.8814 -6.0576 1.1750
v  1.1838 -6.2213 1.2090
v  1.2242 -6.3175 1.1634
v  0.5833 -6.3590 1.2122
v  0.5976 -6.4617 1.1655
v  0.0000 -6.4066 1.2261
v  0.0000 -6.5115 1.1819
v  5.7600 -2.3421 2.9911
v  5.6684 -2.2840 3.0381
v  5.2370 -2.8027 2.4821
v  5.3216 -2.8660 2.4369
v  4.7664 -3.3211 2.0196
v  4.8490 -3.3857 1.9781
v  4.2707 -3.8473 1.6654
v  4.3520 -3.9153 1.6214
v  3.8040 -4.3202 1.4383
v  3.8881 -4.3855 1.3955
v  3.3011 -4.8062 1.2909
v  3.3853 -4.8714 1.2496
v  6.3843 -0.3127 4.3982
v  6.2693 -0.3055 4.4392
v  6.2614 -0.5677 4.3238
v  6.3779 -0.5786 4.2847
v  6.2298 -0.8618 4.1686
v  6.3473 -0.8729 4.1347
v  6.1438 -1.3032 3.8897
v  6.2573 -1.3143 3.8588
v  5.9456 -1.8229 3.4800
v  6.0558 -1.8490 3.4490
v  5.7684 1.2767 4.7483
v  5.8796 1.3155 4.7143
v  6.0095 0.8451 4.7294
v  6.1230 0.8674 4.6903
v  6.1682 0.3813 4.6531
v  6.2871 0.3819 4.6113
v  6.2440 -0.0215 4.5432
v  6.3613 -0.0252 4.5015
v  2.6140 -5.2511 1.1888
v  2.2118 -5.5701 1.1842
v  2.3904 -5.8360 1.0504
v  2.8279 -5.4867 1.0620
v  1.7764 -5.8369 1.1825
v  1.9117 -6.1200 1.0482
v  1.1335 -6.0909 1.1726
v  1.2543 -6.3796 1.0358
v  0.5623 -6.2203 1.1739
v  0.6054 -6.5311 1.0398
v  5.5851 -2.1674 3.0208
v  5.1613 -2.6851 2.4618
v  5.4129 -2.8726 2.3258
v  5.8553 -2.3383 2.8765
v  4.6880 -3.2048 1.9907
v  4.9354 -3.4004 1.8677
v  4.1873 -3.7322 1.6322
v  4.4310 -3.9355 1.4994
v  3.7105 -4.2129 1.3978
v  3.9629 -4.4092 1.2701
v  3.2015 -4.7077 1.2502
v  3.4543 -4.9028 1.1258
v  6.1156 -0.2578 4.3812
v  6.1185 -0.5060 4.2697
v  6.4666 -0.5444 4.1499
v  6.4673 -0.2836 4.2608
v  6.0977 -0.7991 4.1151
v  6.4428 -0.8299 4.0076
v  6.0143 -1.2301 3.8388
v  6.3559 -1.2663 3.7446
v  5.8318 -1.7329 3.4371
v  6.1605 -1.8150 3.3458
v  5.3025 1.6138 4.6253
v  5.6282 1.2120 4.6730
v  5.9638 1.3356 4.5740
v  5.5650 1.8461 4.5292
v  5.8502 0.8162 4.6575
v  6.2028 0.8862 4.5506
v  6.0065 0.3951 4.5880
v  6.3706 0.3949 4.4696
v  6.0897 0.0075 4.4803
v  6.4445 -0.0024 4.3609
v  3.0270 3.9600 5.0640
v  3.8800 3.5159 4.6174
v  3.1746 4.1711 4.9059
v  3.6561 3.2468 4.7128
v  4.1773 2.7427 4.5871
v  4.3905 3.0263 4.4964
v  4.7711 2.1533 4.5538
v  4.9862 2.4377 4.4559
v  2.4744 4.5946 5.0787
v  3.0365 4.0330 5.0787
v  2.6092 4.7374 4.9008
v  1.8964 5.1729 5.0787
v  2.0346 5.3112 4.9058
v  3.0096 3.9765 5.0685
v  2.4862 4.2672 5.0787
v  2.1955 4.3689 5.0787
v  2.1789 4.3084 5.0692
v  2.4647 4.2085 5.0692
v  1.9071 4.4541 5.0787
v  1.6362 4.5245 5.0787
v  1.6279 4.4622 5.0683
v  1.8953 4.3923 5.0685
v  2.7156 4.0464 5.0394
v  2.9854 3.9259 5.0390
v  2.7389 4.0976 5.0688
v  2.4454 4.1557 5.0406
v  2.1643 4.2540 5.0404
v  1.6201 4.4057 5.0385
v  1.8853 4.3367 5.0388
v  2.7646 4.1548 5.0787
v  1.5215 0.6646 0.8536
v  1.4869 0.6831 0.8160
v  1.4801 0.3690 0.6635
v  1.5155 0.3512 0.7021
v  1.5268 0.9696 1.0312
v  1.4922 0.9894 0.9941
v  1.5356 1.5373 1.4425
v  1.5000 1.5614 1.4086
v  1.4958 1.2817 1.1905
v  1.5305 1.2603 1.2275
v  1.5421 2.0551 1.9153
v  1.5059 2.0784 1.8821
v  1.5442 2.5276 2.4343
v  1.5091 2.5536 2.4022
v  1.5464 2.9631 2.9856
v  1.5120 2.9912 2.9550
v  1.5514 3.3708 3.5577
v  1.5149 3.4006 3.5292
v  1.5471 3.7702 4.1362
v  1.5124 3.8022 4.1093
v  1.5466 3.9701 4.4256
v  1.5110 4.0023 4.4001
v  1.5465 4.1703 4.7155
v  1.5097 4.2026 4.6916
v  1.5051 -1.4441 0.3259
v  1.4626 -1.4398 0.2816
v  1.4624 -1.8121 0.2648
v  1.5047 -1.8137 0.3083
v  1.5032 -1.0755 0.3500
v  1.4632 -1.0685 0.3070
v  1.5053 -0.7081 0.3966
v  1.4662 -0.6988 0.3550
v  1.5093 -0.2671 0.4925
v  1.4714 -0.2678 0.4497
v  1.3517 0.8585 -0.8555
v  1.2730 0.8657 -0.9303
v  1.2684 0.3913 -0.9976
v  1.3511 0.3926 -0.9207
v  1.3550 1.2921 -0.6798
v  1.2783 1.3077 -0.7563
v  1.3542 2.0566 -0.1534
v  1.2756 2.0866 -0.2248
v  1.2748 1.7120 -0.5138
v  1.3520 1.6905 -0.4413
v  1.3565 2.7185 0.4931
v  1.2784 2.7609 0.4301
v  1.3592 3.2966 1.2144
v  1.2823 3.3495 1.1617
v  1.3591 3.8135 1.9797
v  1.2817 3.8738 1.9398
v  1.3571 4.2814 2.7752
v  1.2816 4.3448 2.7501
v  1.3614 4.7046 3.5961
v  1.2838 4.7765 3.5833
v  1.3661 4.8715 4.0305
v  1.2889 4.9424 4.0259
v  1.3800 4.9427 4.4922
v  1.3029 5.0110 4.4964
v  1.1341 0.8621 -0.9642
v  1.1387 1.3057 -0.7964
v  0.5793 1.3057 -0.7962
v  0.5771 0.8623 -0.9651
v  1.1386 1.7119 -0.5528
v  0.5793 1.7119 -0.5528
v  1.1374 2.0897 -0.2638
v  1.1401 2.7723 0.3954
v  0.5800 2.7723 0.3954
v  0.5787 2.0897 -0.2638
v  1.1443 3.3696 1.1334
v  0.5821 3.3682 1.1344
v  1.1461 4.3749 2.7434
v  1.1490 4.8114 3.5868
v  0.5845 4.8114 3.5868
v  0.5831 4.3754 2.7432
v  1.3534 -1.4675 -0.9175
v  1.2761 -1.4547 -0.9932
v  1.3455 -1.8549 -0.9288
v  1.3754 -1.8550 -0.8726
v  1.3513 -1.1126 -0.9208
v  1.2726 -1.1195 -0.9953
v  1.3513 -0.7362 -0.9207
v  1.2726 -0.7415 -0.9953
v  1.3907 -1.4793 -0.7837
v  1.3907 -1.8539 -0.7837
v  1.4413 -1.8107 0.1802
v  1.4421 -1.4331 0.1960
v  1.3907 -1.1047 -0.7837
v  1.4436 -1.0574 0.2245
v  1.3911 -0.7309 -0.7837
v  1.4463 -0.6831 0.2757
v  1.4512 -0.2627 0.3676
v  1.4627 0.4004 0.5915
v  1.3908 0.3928 -0.7831
v  1.3913 0.8366 -0.7165
v  1.4691 0.7147 0.7454
v  1.3926 1.2476 -0.5396
v  1.4743 1.0244 0.9246
v  1.4779 1.3191 1.1212
v  1.3930 1.6346 -0.3082
v  1.3943 1.9870 -0.0298
v  1.4811 1.5991 1.3414
v  1.4854 2.1238 1.8178
v  1.3963 2.6295 0.5983
v  1.4895 2.6054 2.3480
v  1.3985 3.1932 1.3042
v  1.4913 3.0468 2.9037
v  1.4007 3.7011 2.0522
v  1.4942 3.4597 3.4802
v  1.4027 4.1799 2.8733
v  1.4929 3.8636 4.0638
v  1.4046 4.5773 3.6342
v  1.4096 4.7426 4.0517
v  1.4907 4.0658 4.3578
v  1.4251 4.8126 4.4942
v  1.4881 4.2681 4.6523
v  1.1541 0.8621 -0.9641
v  1.1538 0.3927 -1.0276
v  1.3897 0.3928 -0.8037
v  1.3901 0.8400 -0.7396
v  1.1587 1.3057 -0.7964
v  1.3913 1.2568 -0.5644
v  1.1574 2.0897 -0.2638
v  1.1577 1.7119 -0.5528
v  1.3919 1.6444 -0.3317
v  1.1601 2.7723 0.3954
v  1.3929 1.9991 -0.0496
v  1.3949 2.6444 0.5849
v  1.1643 3.3696 1.1333
v  1.3969 3.2093 1.2924
v  1.1650 3.8991 1.9217
v  1.3990 3.7180 2.0416
v  1.1661 4.3749 2.7434
v  1.4008 4.1974 2.8637
v  1.1690 4.8114 3.5868
v  1.4026 4.5954 3.6260
v  1.1744 4.9735 4.0323
v  1.4075 4.7619 4.0465
v  1.1889 5.0408 4.5009
v  1.4231 4.8325 4.4924
v  1.2780 -1.7070 -0.9920
v  1.3183 -1.8548 -0.9606
v  1.3897 -1.8548 -0.8037
v  1.3897 -1.4802 -0.8037
v  1.1538 -1.1265 -1.0276
v  1.1536 -1.4173 -1.0276
v  1.3897 -1.1056 -0.8037
v  1.1538 -0.7467 -1.0276
v  1.3897 -0.7310 -0.8037
v  1.1410 -1.6380 -1.0889
v  1.2094 -1.7618 -1.0673
v  1.2284 -1.7414 -1.0256
v  1.1702 -1.6131 -1.0443
v  0.8625 -1.3243 -1.0948
v  0.9665 -1.4186 -1.0947
v  0.9966 -1.3856 -1.0489
v  0.8870 -1.2864 -1.0488
v  0.5180 -1.1184 -1.0943
v  0.6380 -1.1748 -1.0944
v  0.6547 -1.1324 -1.0484
v  0.5315 -1.0751 -1.0485
v  0.1333 -1.0226 -1.0939
v  0.2645 -1.0419 -1.0941
v  0.2711 -0.9971 -1.0483
v  0.1363 -0.9767 -1.0479
v  1.1316 -1.6529 -1.1481
v  1.2043 -1.7772 -1.1183
v  1.2637 -1.7167 -1.0003
v  1.2170 -1.5865 -1.0187
v  0.8568 -1.3435 -1.1610
v  0.9557 -1.4337 -1.1611
v  1.0490 -1.3340 -1.0276
v  0.9357 -1.2307 -1.0276
v  0.5149 -1.1376 -1.1609
v  0.6335 -1.1943 -1.1611
v  0.6843 -1.0643 -1.0276
v  0.5554 -1.0054 -1.0276
v  0.1336 -1.0423 -1.1610
v  0.2628 -1.0614 -1.1607
v  0.2834 -0.9255 -1.0276
v  0.1432 -0.9041 -1.0276
v  0.5769 0.3927 -1.0276
v  0.0000 1.7119 -0.5528
v  0.0000 2.7723 0.3954
v  0.0000 3.3667 1.1355
v  0.5825 3.8991 1.9217
v  0.0000 4.3744 2.7437
v  0.0000 4.8103 3.5873
v  0.5872 4.9750 4.0319
v  0.0000 4.9730 4.0324
v  0.5945 5.0408 4.5009
v  0.0000 5.0408 4.5009
v  1.1338 0.3927 -1.0276
v  0.5769 -0.7467 -1.0276
v  1.1338 -0.7467 -1.0276
v  0.0000 -0.7467 -1.0276
v  0.1452 -0.8842 -1.0276
v  0.2873 -0.9059 -1.0276
v  1.5425 4.4099 5.0036
v  1.5034 4.4321 4.9691
v  1.4451 4.8477 4.9481
v  1.4059 4.9523 4.9509
v  1.4798 4.5160 4.9481
v  1.4472 4.8278 4.9481
v  1.3201 5.0280 4.9487
v  1.2106 5.0549 4.9453
v  1.4677 4.8477 5.0165
v  1.5133 4.8533 5.0599
v  1.4599 4.9967 5.0610
v  1.4234 4.9679 5.0183
v  1.3591 5.0843 5.0599
v  1.3341 5.0460 5.0166
v  1.2073 5.1224 5.0593
v  1.2073 5.0765 5.0149
v  1.5154 4.8335 5.0599
v  1.4698 4.8278 5.0164
v  1.5000 4.5376 5.0161
v  1.5455 4.5428 5.0598
v  1.5476 4.5229 5.0598
v  1.5021 4.5177 5.0161
v  1.5028 4.4807 5.0064
v  1.5451 4.4721 5.0478
v  1.5031 4.4448 4.9845
v  1.5423 4.4227 5.0189
v  0.6053 5.0549 4.9452
v  1.1873 5.0765 5.0148
v  1.1873 5.1223 5.0593
v  0.6037 5.1187 5.0572
v  0.6036 5.0754 5.0130
v  0.1346 5.9471 5.0787
v  0.0000 5.2126 5.0787
v  0.0000 7.4132 5.0787
v  0.1346 7.4008 5.0787
v  0.2722 7.3612 5.0787
v  0.5817 7.7918 5.0787
v  0.4046 7.2927 5.0787
v  0.5227 7.1967 5.0787
v  0.6187 7.0785 5.0787
v  1.2062 7.1673 5.0787
v  0.6873 6.9462 5.0787
v  0.7268 6.8086 5.0787
v  0.7392 6.6740 5.0787
v  1.8177 6.5558 5.0787
v  0.7268 6.5393 5.0787
v  0.6873 6.4018 5.0787
v  2.2831 6.0797 5.0787
v  0.6187 6.2694 5.0787
v  1.7977 5.5396 5.0787
v  1.8681 5.6445 5.0787
v  0.5227 6.1512 5.0787
v  1.7693 5.4099 5.0787
v  0.4046 6.0553 5.0787
v  0.2722 5.9867 5.0787
v  0.6053 5.2126 5.0787
v  1.2132 5.2126 5.0787
v  1.6013 4.8691 5.0787
v  1.6352 4.5454 5.0787
v  1.8646 5.1738 5.0787
v  1.7985 5.2737 5.0787
v  1.4045 5.1614 5.0787
v  1.5323 5.0506 5.0787
v  2.2016 4.3879 5.0787
v  2.4932 4.2859 5.0787
v  2.4603 4.5805 5.0787
v  2.7724 4.1732 5.0787
v  2.9454 4.0957 5.0787
v  1.9124 4.4734 5.0787
v  1.4704 0.7084 0.7650
v  1.4638 0.3928 0.6100
v  1.5740 0.3397 0.7272
v  1.5741 0.6529 0.8782
v  1.4756 1.0171 0.9444
v  1.5799 0.9568 1.0549
v  1.4823 1.5919 1.3598
v  1.4793 1.3112 1.1421
v  1.5836 1.2477 1.2519
v  1.4867 2.1149 1.8352
v  1.5846 1.5251 1.4662
v  1.5942 2.0412 1.9391
v  1.4913 2.5903 2.3609
v  1.5958 2.5122 2.4575
v  1.4944 3.0309 2.9156
v  1.5984 2.9467 3.0070
v  1.4961 3.4434 3.4916
v  1.6057 3.3540 3.5771
v  1.4950 3.8465 4.0740
v  1.5999 3.7510 4.1543
v  1.4929 4.0473 4.3661
v  1.6000 3.9507 4.4421
v  1.4904 4.2479 4.6580
v  1.6007 4.1508 4.7296
v  1.4431 -1.4342 0.2159
v  1.4423 -1.8098 0.2002
v  1.5698 -1.8139 0.3304
v  1.5725 -1.4469 0.3458
v  1.4446 -1.0595 0.2444
v  1.5655 -1.0805 0.3725
v  1.4473 -0.6866 0.2953
v  1.5640 -0.7144 0.4206
v  1.4522 -0.2681 0.3869
v  1.5653 -0.2705 0.5142
v  1.6006 4.3979 5.0231
v  1.4829 4.4786 4.9360
v  1.5817 4.8645 5.0787
v  1.5154 5.0388 5.0787
v  1.3949 5.1432 5.0787
v  1.2106 5.1926 5.0787
v  1.6146 4.5494 5.0787
v  1.5838 4.8446 5.0787
v  1.6085 4.4673 5.0683
v  1.6167 4.5295 5.0787
v  1.6007 4.4108 5.0384
v  1.1906 5.1926 5.0787
v  0.6053 5.1926 5.0787
v  2.9843 3.9082 5.0250
v  2.8547 3.6968 4.7164
v  3.1065 3.5743 4.7199
v  2.7095 4.0323 5.0261
v  2.4399 4.1412 5.0274
v  2.3708 3.9061 4.7214
v  2.6188 3.8054 4.7199
v  2.1596 4.2393 5.0272
v  2.1147 4.0012 4.7273
v  1.8820 4.3245 5.0233
v  1.6201 4.3927 5.0230
v  1.6203 4.1454 4.7293
v  1.8516 4.0814 4.7259
v  3.6461 3.2388 4.6964
v  1.3936 -2.5524 0.2564
v  1.4303 -2.5571 0.2963
v  1.4437 -2.4187 0.2990
v  1.4058 -2.4170 0.2608
v  1.3719 -2.6865 0.2581
v  1.4078 -2.6946 0.2963
v  1.3351 -2.8170 0.2556
v  1.3704 -2.8286 0.2952
v  1.2875 -2.9439 0.2562
v  1.3206 -2.9585 0.2944
v  1.2269 -3.0653 0.2551
v  1.2591 -3.0835 0.2942
v  1.1551 -3.1802 0.2543
v  1.1848 -3.2008 0.2931
v  1.0730 -3.2884 0.2551
v  1.1007 -3.3121 0.2934
v  0.9807 -3.3873 0.2546
v  1.0060 -3.4134 0.2930
v  0.8791 -3.4771 0.2543
v  0.9015 -3.5057 0.2928
v  0.7690 -3.5562 0.2531
v  0.7892 -3.5872 0.2927
v  0.6520 -3.6255 0.2539
v  0.6687 -3.6577 0.2924
v  0.5293 -3.6825 0.2539
v  0.5434 -3.7172 0.2931
v  0.4011 -3.7275 0.2537
v  0.4114 -3.7621 0.2921
v  0.2702 -3.7609 0.2556
v  0.2773 -3.7981 0.2938
v  0.1353 -3.7783 0.2518
v  0.1387 -3.8146 0.2915
v  0.0000 -3.7876 0.2563
v  1.3774 -2.5500 0.1790
v  1.3876 -2.4177 0.1827
v  1.3572 -2.3915 -0.8012
v  1.3497 -2.5238 -0.8012
v  1.3545 -2.6822 0.1809
v  1.3293 -2.6548 -0.8012
v  1.3195 -2.8114 0.1782
v  1.2963 -2.7832 -0.8012
v  1.2714 -2.9365 0.1795
v  1.2508 -2.9077 -0.8012
v  1.2116 -3.0562 0.1782
v  1.1934 -3.0272 -0.8012
v  1.1411 -3.1699 0.1779
v  1.1248 -3.1405 -0.8012
v  1.0600 -3.2765 0.1783
v  1.0454 -3.2466 -0.8012
v  0.9686 -3.3745 0.1780
v  0.9560 -3.3445 -0.8012
v  0.8677 -3.4625 0.1780
v  0.8573 -3.4329 -0.8012
v  0.7595 -3.5412 0.1761
v  0.7507 -3.5115 -0.8012
v  0.6441 -3.6096 0.1773
v  0.6369 -3.5795 -0.8012
v  0.5231 -3.6666 0.1761
v  0.5170 -3.6361 -0.8012
v  0.3965 -3.7105 0.1772
v  0.3921 -3.6804 -0.8012
v  0.2667 -3.7431 0.1776
v  0.2636 -3.7126 -0.8012
v  0.1339 -3.7624 0.1748
v  0.1324 -3.7320 -0.8012
v  0.0000 -3.7385 -0.8012
v  1.4872 -2.5644 0.3159
v  1.5015 -2.4202 0.3170
v  1.3882 -2.4166 0.2027
v  1.3780 -2.5503 0.1990
v  1.4627 -2.7067 0.3152
v  1.3551 -2.6825 0.2008
v  1.4251 -2.8467 0.3145
v  1.3200 -2.8118 0.1982
v  1.3716 -2.9808 0.3137
v  1.2719 -2.9369 0.1995
v  1.3090 -3.1115 0.3134
v  1.2120 -3.0568 0.1982
v  1.2308 -3.2327 0.3128
v  1.1414 -3.1705 0.1978
v  1.1436 -3.3485 0.3126
v  1.0603 -3.2771 0.1983
v  1.0452 -3.4538 0.3123
v  0.9689 -3.3751 0.1980
v  0.9363 -3.5495 0.3121
v  0.8679 -3.4630 0.1980
v  0.8206 -3.6355 0.3121
v  0.7597 -3.5418 0.1961
v  0.6946 -3.7070 0.3118
v  0.6443 -3.6101 0.1973
v  0.5652 -3.7710 0.3120
v  0.5232 -3.6672 0.1961
v  0.4272 -3.8154 0.3116
v  0.3966 -3.7111 0.1972
v  0.2883 -3.8552 0.3119
v  0.2667 -3.7437 0.1976
v  0.1442 -3.8705 0.3115
v  0.1340 -3.7630 0.1948
v  0.0000 -3.7697 0.1976
v  0.0000 -1.0364 -1.2026
v  0.1321 -1.0429 -1.2026
v  0.1329 -1.0427 -1.1810
v  0.0000 -1.0356 -1.1811
v  0.2623 -1.0629 -1.2019
v  0.2626 -1.0621 -1.1807
v  0.3902 -1.0951 -1.2017
v  0.3905 -1.0945 -1.1813
v  0.5143 -1.1394 -1.2017
v  0.5147 -1.1384 -1.1809
v  0.6334 -1.1958 -1.2018
v  0.6335 -1.1950 -1.1811
v  0.7474 -1.2632 -1.2026
v  0.7482 -1.2633 -1.1810
v  0.8537 -1.3422 -1.2026
v  0.8553 -1.3429 -1.1809
v  0.9517 -1.4311 -1.2026
v  0.9538 -1.4324 -1.1810
v  1.0407 -1.5295 -1.2027
v  1.0457 -1.5343 -1.1809
v  1.1200 -1.6370 -1.2028
v  1.1309 -1.6526 -1.1675
v  1.1876 -1.7505 -1.2028
v  1.2039 -1.7776 -1.1375
v  1.2436 -1.8693 -1.2026
v  1.2632 -1.9103 -1.0957
v  1.2848 -1.9844 -1.2026
v  1.3190 -2.1191 -1.2026
v  1.3276 -2.1300 -0.9936
v  1.3383 -2.2494 -1.2026
v  1.3446 -2.2229 -0.9043
v  1.3448 -2.3814 -1.2026
v  1.3542 -2.2894 -0.8012
v  1.4848 -2.1153 0.3027
v  1.4402 -2.1140 0.2601
v  1.4262 -2.2151 0.2613
v  1.4696 -2.2378 0.3026
v  1.4175 -2.1150 0.1903
v  1.4030 -2.2037 0.1881
v  1.4541 -2.3603 0.3030
v  1.5467 -2.1183 0.3222
v  1.4121 -2.3161 0.2626
v  1.3886 -2.2925 0.1859
v  1.3869 -2.3211 0.1891
v  1.5241 -2.2692 0.3194
v  1.3878 -2.2928 0.1659
v  1.4023 -2.2032 0.1681
v  1.3663 -2.1759 -0.7823
v  1.3556 -2.2643 -0.7803
v  1.4166 -2.1145 0.1703
v  1.3767 -2.0890 -0.7823
v  1.3608 -2.0869 -0.8741
v  1.3709 -2.0878 -0.8391
v  1.3533 -2.0854 -0.8923
v  1.3758 -2.0885 -0.8023
v  1.3572 -2.1828 -0.8496
v  1.3629 -2.1776 -0.8249
v  1.3515 -2.1895 -0.8668
v  1.3654 -2.1760 -0.8023
v  1.2799 -1.8725 -1.0008
v  1.2645 -1.8891 -1.0364
v  1.3294 -2.1087 -0.9470
v  1.3353 -2.0961 -0.9269
v  1.2613 -1.9036 -1.0769
v  1.3274 -2.1250 -0.9750
v  1.3443 -2.0847 -0.9100
v  1.3031 -1.8548 -0.9744
v  1.3450 -2.2078 -0.8925
v  1.3469 -2.1995 -0.8810
v  1.3862 -2.3236 0.1693
v  1.3383 -2.5132 -1.2026
v  1.3189 -2.6437 -1.2026
v  1.2868 -2.7717 -1.2026
v  1.2424 -2.8960 -1.2026
v  1.1859 -3.0152 -1.2026
v  1.1181 -3.1284 -1.2026
v  1.0395 -3.2344 -1.2026
v  0.9508 -3.3322 -1.2026
v  0.8530 -3.4208 -1.2026
v  0.7470 -3.4994 -1.2026
v  0.6339 -3.5672 -1.2026
v  0.5146 -3.6236 -1.2026
v  0.3903 -3.6681 -1.2026
v  0.2623 -3.7001 -1.2026
v  0.1318 -3.7195 -1.2026
v  0.0000 -3.7260 -1.2026
v  0.7544 -1.2443 -1.0945
v  0.7749 -1.2035 -1.0484
v  0.4032 -1.0297 -1.0484
v  0.3931 -1.0739 -1.0941
v  0.0000 -0.9659 -1.0453
v  0.7490 -1.2633 -1.1610
v  0.3907 -1.0938 -1.1613
v  0.4214 -0.9589 -1.0276
v  0.8112 -1.1397 -1.0276
v  0.0000 -0.8974 -1.0276
v  1.0614 -1.5232 -1.0961
v  1.0941 -1.4959 -1.0508
v  1.0467 -1.5347 -1.1611
v  1.1538 -1.4481 -1.0276
v  1.1450 3.8991 1.9217
v  1.1544 4.9736 4.0323
v  1.1689 5.0409 4.5014
v  1.1906 5.0549 4.9453
v  0.5628 -0.9868 -1.0276
v  0.6936 -1.0466 -1.0276
v  0.8222 -1.1230 -1.0276
v  0.4270 -0.9397 -1.0276
v  0.9484 -1.2152 -1.0276
v  1.0631 -1.3199 -1.0276
v  1.1338 -1.1265 -1.0276
v  0.1318 -1.0431 -1.2126
v  0.0000 -1.0367 -1.2126
v  0.2622 -1.0632 -1.2119
v  0.3900 -1.0954 -1.2117
v  0.5142 -1.1398 -1.2117
v  0.6334 -1.1961 -1.2118
v  0.7470 -1.2633 -1.2126
v  0.8529 -1.3418 -1.2126
v  0.9507 -1.4305 -1.2126
v  1.0393 -1.5282 -1.2126
v  1.1179 -1.6342 -1.2126
v  1.1857 -1.7474 -1.2126
v  1.2421 -1.8666 -1.2126
v  1.2866 -1.9909 -1.2126
v  1.3187 -2.1189 -1.2126
v  1.3380 -2.2494 -1.2126
v  1.3445 -2.3812 -1.2126
v  1.3380 -2.5129 -1.2126
v  1.3187 -2.6434 -1.2126
v  1.2866 -2.7714 -1.2126
v  1.2421 -2.8957 -1.2126
v  1.1857 -3.0149 -1.2126
v  1.1179 -3.1281 -1.2126
v  1.0393 -3.2341 -1.2126
v  0.9507 -3.3319 -1.2126
v  0.8529 -3.4205 -1.2126
v  0.7470 -3.4991 -1.2126
v  0.6338 -3.5669 -1.2126
v  0.5145 -3.6233 -1.2126
v  0.3903 -3.6677 -1.2126
v  0.2623 -3.6998 -1.2126
v  0.1318 -3.7192 -1.2126
v  2.7991 -4.3321 0.8749
v  2.5787 -4.1398 0.7170
v  2.0899 -4.6121 0.6845
v  2.2717 -4.8354 0.8336
v  0.2399 -4.5022 0.3845
v  0.2983 -4.8086 0.4579
v  0.7055 -4.7344 0.4594
v  0.6137 -4.4270 0.3841
v  1.1379 -4.5558 0.4592
v  0.9887 -4.2764 0.3851
v  1.4336 -4.3689 0.4611
v  1.2582 -4.1079 0.3857
v  3.3052 -3.7928 0.9885
v  3.0414 -3.6256 0.8010
v  3.7672 -3.2371 1.1764
v  3.4583 -3.0883 0.9460
v  4.1881 -2.6517 1.4506
v  3.8403 -2.5191 1.1626
v  4.5693 -2.0195 1.8159
v  4.1780 -1.9055 1.4612
v  0.1922 -4.1878 0.3359
v  0.0000 -4.2124 0.3357
v  1.8418 -3.5148 0.3922
v  1.5741 -3.3123 0.3405
v  1.2849 -3.6595 0.3372
v  1.4988 -3.8984 0.3852
v  2.3485 -3.9412 0.5824
v  2.0988 -3.7301 0.4732
v  1.7020 -4.1420 0.4599
v  1.9006 -4.3808 0.5588
v  1.9194 -5.1168 0.8300
v  2.0649 -5.3508 0.9987
v  2.4398 -5.0542 1.0027
v  0.4653 -5.6879 0.8222
v  0.5145 -5.9599 0.9892
v  1.0511 -5.8440 0.9895
v  0.9651 -5.5857 0.8248
v  0.3557 -5.1081 0.5559
v  0.4112 -5.4035 0.6768
v  0.8818 -5.3157 0.6801
v  0.7952 -5.0351 0.5598
v  0.5207 -4.1218 0.3359
v  1.6594 -5.5995 0.9967
v  1.5370 -5.3521 0.8283
v  1.4063 -5.0946 0.6797
v  1.2702 -4.8268 0.5561
v  0.8423 -3.9929 0.3366
v  1.7623 -4.8747 0.6811
v  1.5983 -4.6228 0.5584
v  1.0848 -3.8431 0.3376
v  2.0954 -3.1146 0.4055
v  1.7304 -2.9799 0.3422
v  2.7623 -3.4524 0.6439
v  2.4370 -3.2854 0.5039
v  3.0058 -4.5236 1.0530
v  3.5333 -3.9858 1.1900
v  2.3030 -2.6880 0.4290
v  1.8858 -2.6475 0.3519
v  3.1310 -2.9360 0.7470
v  2.7268 -2.8156 0.5594
v  4.0202 -3.4415 1.4162
v  2.4945 -2.1958 0.4766
v  2.0180 -2.0691 0.3754
v  3.4678 -2.3868 0.9095
v  2.9939 -2.2894 0.6602
v  4.4850 -2.8688 1.7399
v  2.7768 -0.9603 0.7226
v  2.1834 -0.9204 0.5155
v  2.1060 -1.4920 0.4210
v  2.6467 -1.5656 0.5671
v  3.7590 -1.7967 1.1397
v  3.2189 -1.6730 0.8196
v  4.9314 -2.2402 2.1902
v  5.5735 -2.1527 3.0088
v  5.3756 -1.4996 2.8494
v  5.1527 -2.6677 2.4519
v  3.1868 3.3575 4.5092
v  2.8895 3.4252 4.3979
v  3.3242 2.7154 3.8270
v  3.6381 2.6812 4.0550
v  3.7349 1.9857 3.3434
v  4.0988 1.9970 3.7187
v  4.1030 1.3204 3.0262
v  4.4920 1.3780 3.5143
v  4.4048 0.5960 2.7275
v  4.8219 0.6661 3.2801
v  4.5599 -0.3130 2.3057
v  4.9302 0.1721 3.0469
v  5.0107 -0.3367 2.8357
v  4.9694 -0.8128 2.5552
v  2.1125 3.5838 4.1503
v  1.8576 3.6716 4.1493
v  1.9480 2.8836 3.0918
v  2.2873 2.8082 3.1863
v  2.6097 3.4882 4.3031
v  2.3620 3.5387 4.2247
v  2.6500 2.7820 3.3903
v  3.0057 2.7429 3.6045
v  3.9070 2.7111 4.3219
v  2.0542 2.0342 2.1341
v  2.5019 2.0028 2.3534
v  2.9410 1.9961 2.6536
v  3.3640 1.9666 2.9752
v  4.4327 2.0729 4.1385
v  2.1559 1.1053 1.3732
v  2.6891 1.1544 1.6826
v  3.2185 1.2057 2.0898
v  3.7002 1.2506 2.5512
v  4.8911 1.4908 4.0755
v  2.2166 0.3814 0.9612
v  2.8143 0.4272 1.2745
v  3.4224 0.4697 1.6974
v  3.9487 0.5360 2.1977
v  5.3222 0.7349 3.9595
v  2.2169 -0.2383 0.7026
v  2.8433 -0.2567 0.9696
v  3.4846 -0.2763 1.3543
v  4.0648 -0.2923 1.8117
v  5.5919 -0.4047 3.5777
v  5.4729 0.1730 3.7564
v  3.4048 -1.0337 1.0426
v  3.9831 -1.1278 1.4414
v  4.8984 -1.2986 2.2989
v  5.5013 -0.9469 3.2004
v  4.4598 -1.2077 1.8509
v  1.5212 -2.4226 0.3188
v  1.5069 -2.5670 0.3177
v  1.5416 -2.2874 0.3210
v  1.3898 -2.9888 0.3154
v  1.3265 -3.1212 0.3150
v  1.0591 -3.4681 0.3146
v  0.9488 -3.5649 0.3144
v  0.5727 -3.7895 0.3143
v  0.4330 -3.8344 0.3138
v  1.5922 -1.4470 0.3489
v  1.5896 -1.8148 0.3328
v  1.6250 3.3277 3.5496
v  1.6178 2.9427 3.0098
v  1.6050 1.5179 1.4677
v  1.6017 1.2443 1.2559
v  2.2030 -5.5564 1.1727
v  2.6044 -5.2395 1.1777
v  0.5595 -6.2043 1.1622
v  1.1288 -6.0762 1.1598
v  1.7693 -5.8224 1.1706
v  3.1910 -4.6956 1.2382
v  3.7013 -4.1998 1.3858
v  4.1799 -3.7179 1.6201
v  4.6802 -3.1900 1.9797
v  4.7615 2.1467 4.5379
v  4.1679 2.7355 4.5710
v  5.2946 1.6045 4.6095
v  5.6194 1.2050 4.6586
v  5.8395 0.8153 4.6447
v  6.1055 -0.2542 4.3697
v  6.0763 0.0111 4.4659
v  6.1057 -0.4982 4.2564
v  5.8206 -1.7241 3.4231
v  6.0030 -1.2175 3.8258
v  0.1472 -3.8902 0.3138
v  1.1589 -3.3613 0.3148
v  0.2921 -3.8748 0.3142
v  0.7039 -3.7246 0.3141
v  0.8315 -3.6522 0.3144
v  1.2471 -3.2441 0.3146
v  1.4440 -2.8530 0.3162
v  1.4822 -2.7110 0.3169
v  1.5665 -2.1206 0.3243
v  1.5852 -1.0807 0.3762
v  1.6193 3.7449 4.1540
v  1.6151 2.5082 2.4608
v  1.6133 2.0396 1.9443
v  1.5936 0.6505 0.8824
v  1.5931 0.3397 0.7326
v  1.5845 -0.2709 0.5194
v  1.5832 -0.7175 0.4243
v  1.5983 0.9527 1.0585
v  1.6195 3.9470 4.4446
v  6.0825 -0.7891 4.0979
v  5.9955 0.3949 4.5746
v  0.0000 -6.2503 1.1756
v  0.0000 -4.8395 0.4616
v  0.0000 -5.4310 0.6784
v  1.2341 -1.5771 -1.0133
v  0.5464 -6.7746 0.0000
v  2.6979 5.6732 0.0000
v  0.0000 4.0974 5.1894
v  0.6428 4.1454 5.2774
v  0.6351 4.0668 5.1889
v  0.0000 3.0351 3.5992
v  0.5307 3.0075 3.6003
v  0.5066 2.7627 3.2487
v  0.0000 2.7885 3.2480
v  0.4827 2.5199 2.9228
v  0.4568 2.2568 2.5961
v  0.0000 2.0004 2.2817
v  0.4294 1.9788 2.2822
v  0.3999 1.6795 1.9792
v  0.0000 1.3805 1.6950
v  0.3686 1.3615 1.6961
v  0.3353 1.0228 1.4353
v  0.0000 1.0400 1.4342
v  0.2997 0.6621 1.2120
v  0.2622 0.2815 1.0337
v  0.0000 0.2943 1.0338
v  0.2231 -0.1158 0.9032
v  0.1829 -0.5239 0.8186
v  0.0000 -0.5149 0.8182
v  0.1438 -0.9207 0.7853
v  0.0000 -0.9335 0.7834
v  0.1419 -0.9405 0.7837
v  0.1328 -1.0328 0.7744
v  0.1239 -1.1234 0.7479
v  0.1156 -1.2076 0.7051
v  0.0000 -1.2019 0.7050
v  0.1083 -1.2813 0.6486
v  0.0000 -1.2759 0.6485
v  0.1070 -1.2960 0.6350
v  0.0856 -1.5119 0.4356
v  0.0849 -1.5192 0.4188
v  0.0842 -1.5194 0.2298
v  0.0000 -1.5150 -1.0945
v  0.0849 -1.5192 -1.0945
v  0.0857 -1.5109 -1.1380
v  0.0000 -1.5067 -1.1380
v  0.0883 -1.4848 -1.1780
v  0.0000 -1.4804 -1.1780
v  0.0922 -1.4449 -1.2043
v  0.0965 -1.4016 -1.2126
v  0.0000 -1.3969 -1.2126
v  1.2794 4.0508 5.2777
v  1.2642 3.9744 5.1882
v  0.6209 3.9234 4.9998
v  1.2360 3.8326 4.9994
v  1.1892 3.5972 4.6430
v  0.5983 3.6930 4.6508
v  1.0555 2.9255 3.6031
v  1.0089 2.6910 3.2602
v  0.9602 2.4461 2.9251
v  0.9088 2.1879 2.5977
v  0.8545 1.9147 2.2831
v  0.7958 1.6200 1.9798
v  0.7335 1.3068 1.6969
v  0.6672 0.9730 1.4362
v  0.5965 0.6178 1.2126
v  0.5219 0.2429 1.0339
v  0.4441 -0.1486 0.9033
v  0.3641 -0.5509 0.8191
v  0.2864 -0.9419 0.7859
v  0.2824 -0.9614 0.7842
v  0.2643 -1.0524 0.7748
v  0.2465 -1.1417 0.7482
v  0.2301 -1.2246 0.7052
v  0.2163 -1.2964 0.6497
v  0.2137 -1.3109 0.6361
v  0.1704 -1.5244 0.4356
v  0.1690 -1.5317 0.4188
v  0.1689 -1.5321 0.2299
v  0.1690 -1.5317 -1.0945
v  0.1706 -1.5235 -1.1380
v  0.1757 -1.4977 -1.1780
v  0.1835 -1.4585 -1.2043
v  0.1920 -1.4158 -1.2126
v  1.9036 3.8942 5.2780
v  1.8813 3.8206 5.1874
v  1.5687 2.7903 3.6076
v  1.4995 2.5620 3.2646
v  1.4274 2.3243 2.9287
v  1.3515 2.0741 2.6000
v  1.2711 1.8090 2.2844
v  1.1840 1.5220 1.9809
v  1.0912 1.2161 1.6979
v  0.9925 0.8906 1.4373
v  0.8875 0.5444 1.2135
v  0.7766 0.1790 1.0342
v  0.6608 -0.2029 0.9035
v  0.5417 -0.5955 0.8200
v  0.4258 -0.9780 0.7867
v  0.4199 -0.9971 0.7851
v  0.3932 -1.0848 0.7754
v  0.3668 -1.1720 0.7485
v  0.3423 -1.2528 0.7053
v  0.3219 -1.3222 0.6503
v  0.3178 -1.3363 0.6367
v  0.2536 -1.5453 0.4356
v  0.2514 -1.5524 0.4189
v  0.2519 -1.5530 0.2297
v  0.2514 -1.5523 -1.0945
v  0.2538 -1.5444 -1.1380
v  0.2615 -1.5192 -1.1780
v  0.2731 -1.4809 -1.2043
v  0.2857 -1.4393 -1.2126
v  2.5094 3.6772 5.2784
v  2.4803 3.6069 5.1871
v  1.8393 3.6823 4.9988
v  2.4251 3.4735 4.9983
v  2.3327 3.2506 4.6562
v  1.7706 3.4557 4.6536
v  2.0650 2.6040 3.6132
v  1.9739 2.3843 3.2700
v  1.8795 2.1564 2.9332
v  1.7802 1.9168 2.6031
v  1.6749 1.6624 2.2862
v  1.5604 1.3860 1.9822
v  1.4381 1.0907 1.6994
v  1.3080 0.7766 1.4389
v  1.1697 0.4427 1.2147
v  1.0237 0.0904 1.0346
v  0.8711 -0.2782 0.9037
v  0.7140 -0.6573 0.8210
v  0.5608 -1.0270 0.7878
v  0.5531 -1.0454 0.7861
v  0.5183 -1.1297 0.7762
v  0.4835 -1.2139 0.7490
v  0.4512 -1.2919 0.7055
v  0.4245 -1.3580 0.6509
v  0.4192 -1.3717 0.6374
v  0.3341 -1.5745 0.4358
v  0.3313 -1.5813 0.4190
v  0.3305 -1.5811 0.2298
v  0.3315 -1.5809 -1.0945
v  0.3346 -1.5733 -1.1380
v  0.3447 -1.5490 -1.1780
v  0.3600 -1.5120 -1.2043
v  0.3767 -1.4718 -1.2126
v  3.0914 3.4024 5.2780
v  3.0554 3.3352 5.1868
v  2.9867 3.2065 4.9992
v  2.8714 2.9910 4.6593
v  2.5395 2.3698 3.6193
v  2.4277 2.1607 3.2759
v  2.3122 1.9448 2.9382
v  2.1910 1.7179 2.6066
v  2.0621 1.4768 2.2884
v  1.9214 1.2136 1.9839
v  1.7708 0.9317 1.7011
v  1.6106 0.6321 1.4408
v  1.4405 0.3138 1.2161
v  1.2610 -0.0220 1.0351
v  1.0730 -0.3738 0.9041
v  0.8795 -0.7358 0.8222
v  0.6903 -1.0894 0.7889
v  0.6808 -1.1069 0.7873
v  0.6384 -1.1867 0.7770
v  0.5955 -1.2671 0.7495
v  0.5557 -1.3415 0.7057
v  0.5236 -1.4026 0.6530
v  0.5170 -1.4158 0.6395
v  0.4116 -1.6111 0.4357
v  0.4081 -1.6176 0.4190
v  0.4073 -1.6173 0.2297
v  0.4083 -1.6173 -1.0945
v  0.4122 -1.6100 -1.1380
v  0.4246 -1.5868 -1.1780
v  0.4435 -1.5515 -1.2043
v  0.4640 -1.5131 -1.2126
v  3.6441 3.0725 5.2767
v  3.6011 3.0083 5.1865
v  3.5193 2.8858 5.0001
v  3.3816 2.6798 4.6626
v  2.9883 2.0911 3.6250
v  2.8570 1.8946 3.2814
v  2.7219 1.6924 2.9428
v  2.5801 1.4802 2.6098
v  2.4291 1.2543 2.2904
v  2.2637 1.0068 1.9854
v  2.0862 0.7411 1.7027
v  1.8975 0.4587 1.4425
v  1.6973 0.1590 1.2174
v  1.4860 -0.1572 1.0356
v  1.2645 -0.4887 0.9044
v  1.0364 -0.8300 0.8235
v  0.8133 -1.1640 0.7900
v  0.8022 -1.1806 0.7884
v  0.7524 -1.2552 0.7778
v  0.7017 -1.3310 0.7500
v  0.6549 -1.4011 0.7059
v  0.6183 -1.4584 0.6540
v  0.6103 -1.4708 0.6404
v  0.4851 -1.6551 0.4357
v  0.4811 -1.6612 0.4189
v  0.4903 -1.6672 0.2304
v  0.4812 -1.6610 -1.0945
v  0.4858 -1.6541 -1.1380
v  0.5004 -1.6322 -1.1780
v  0.5227 -1.5989 -1.2043
v  0.5468 -1.5628 -1.2126
v  4.1621 2.6903 5.2751
v  4.1121 2.6294 5.1862
v  4.0179 2.5147 5.0009
v  3.8587 2.3208 4.6656
v  3.4082 1.7717 3.6294
v  3.2587 1.5895 3.2857
v  3.1051 1.4025 2.9464
v  2.9442 1.2064 2.6123
v  2.7727 0.9974 2.2920
v  2.5842 0.7677 1.9866
v  2.3815 0.5207 1.7040
v  2.1661 0.2582 1.4440
v  1.9377 -0.0201 1.2187
v  1.6967 -0.3137 1.0362
v  1.4438 -0.6218 0.9047
v  1.1834 -0.9392 0.8246
v  0.9280 -1.2505 0.7910
v  0.9153 -1.2659 0.7893
v  0.8590 -1.3345 0.7786
v  0.8011 -1.4050 0.7505
v  0.7477 -1.4701 0.7061
v  0.7050 -1.5213 0.6548
v  0.6959 -1.5329 0.6412
v  0.5540 -1.7060 0.4357
v  0.5495 -1.7116 -1.0945
v  0.5547 -1.7052 -1.1380
v  0.5714 -1.6849 -1.1780
v  0.5968 -1.6539 -1.2043
v  0.6244 -1.6203 -1.2126
v  4.6402 2.2590 5.2735
v  4.5835 2.2023 5.1859
v  4.4775 2.0963 5.0019
v  4.2993 1.9181 4.6674
v  3.7961 1.4150 3.6321
v  3.6297 1.2486 3.2882
v  3.4591 1.0780 2.9485
v  3.2804 0.8993 2.6138
v  3.0898 0.7086 2.2930
v  2.8799 0.4987 1.9874
v  2.6539 0.2727 1.7050
v  2.4137 0.0326 1.4453
v  2.1594 -0.2218 1.2198
v  1.8911 -0.4901 1.0367
v  1.6093 -0.7719 0.9050
v  1.3189 -1.0623 0.8256
v  1.0334 -1.3470 0.7918
v  1.0193 -1.3610 0.7901
v  0.9574 -1.4238 0.7791
v  0.8928 -1.4883 0.7508
v  0.8334 -1.5478 0.7062
v  0.7881 -1.5950 0.6560
v  0.7778 -1.6056 0.6424
v  0.6177 -1.7635 0.4356
v  0.6125 -1.7687 -0.6851
v  0.5494 -1.7116 -0.6851
v  0.5494 -1.7117 0.2204
v  0.6125 -1.7687 0.2204
v  0.6125 -1.7687 -1.0945
v  0.6183 -1.7628 -1.1380
v  0.6369 -1.7442 -1.1780
v  0.6652 -1.7159 -1.2043
v  0.6960 -1.6852 -1.2126
v  5.0732 1.7822 5.2728
v  5.0108 1.7310 5.1857
v  4.8945 1.6356 5.0022
v  4.6998 1.4758 4.6676
v  4.1495 1.0243 3.6325
v  3.9676 0.8750 3.2886
v  3.7812 0.7220 2.9489
v  3.5858 0.5616 2.6142
v  3.3774 0.3906 2.2934
v  3.1479 0.2023 1.9879
v  2.9008 -0.0005 1.7057
v  2.6382 -0.2160 1.4462
v  2.3603 -0.4441 1.2207
v  2.0672 -0.6847 1.0372
v  1.7592 -0.9374 0.9053
v  1.4417 -1.1980 0.8264
v  1.1294 -1.4536 0.7923
v  1.1140 -1.4662 0.7906
v  1.0466 -1.5223 0.7795
v  0.9760 -1.5802 0.7511
v  0.9110 -1.6335 0.7063
v  0.8600 -1.6744 0.6562
v  0.8487 -1.6837 0.6427
v  0.6751 -1.8271 0.4357
v  0.6695 -1.8317 -0.6851
v  0.6694 -1.8318 0.2204
v  0.6695 -1.8317 -1.0945
v  0.6759 -1.8264 -1.1380
v  0.6963 -1.8097 -1.1780
v  0.7272 -1.7843 -1.2043
v  0.7608 -1.7568 -1.2126
v  5.4555 1.2641 5.2744
v  5.3893 1.2199 5.1862
v  5.2656 1.1372 5.0014
v  5.0568 0.9976 4.6663
v  4.4656 0.6027 3.6306
v  4.2697 0.4718 3.2868
v  4.0686 0.3374 2.9475
v  3.8577 0.1965 2.6135
v  3.6331 0.0464 2.2931
v  3.3859 -0.1187 1.9880
v  3.1200 -0.2965 1.7059
v  2.8374 -0.4852 1.4468
v  2.5385 -0.6850 1.2213
v  2.2233 -0.8956 1.0376
v  1.8922 -1.1168 0.9056
v  1.5507 -1.3450 0.8269
v  1.2145 -1.5693 0.7925
v  1.1979 -1.5803 0.7908
v  1.1257 -1.6290 0.7797
v  1.0498 -1.6797 0.7512
v  0.9798 -1.7264 0.7064
v  0.9261 -1.7630 0.6564
v  0.9138 -1.7712 0.6428
v  0.7261 -1.8960 0.4357
v  0.7201 -1.9000 -0.6851
v  0.7200 -1.9001 0.2204
v  0.7202 -1.9000 -1.0945
v  0.7271 -1.8953 -1.1380
v  0.7489 -1.8807 -1.1780
v  0.7822 -1.8585 -1.2043
v  0.8184 -1.8343 -1.2126
v  5.7845 0.7108 5.2767
v  5.7152 0.6737 5.1875
v  5.5867 0.6050 5.0000
v  5.3665 0.4872 4.6638
v  4.7414 0.1532 3.6267
v  4.5331 0.0419 3.2832
v  4.3188 -0.0727 2.9445
v  4.0939 -0.1929 2.6115
v  3.8544 -0.3209 2.2921
v  3.5918 -0.4613 1.9875
v  3.3095 -0.6122 1.7056
v  3.0096 -0.7725 1.4467
v  2.6924 -0.9420 1.2215
v  2.3582 -1.1207 1.0378
v  2.0070 -1.3084 0.9057
v  1.6448 -1.5020 0.8272
v  1.2883 -1.6930 0.7925
v  1.2707 -1.7024 0.7908
v  1.1940 -1.7429 0.7797
v  1.1135 -1.7860 0.7512
v  1.0393 -1.8256 0.7064
v  0.9815 -1.8554 0.6561
v  0.9685 -1.8623 0.6426
v  0.7701 -1.9696 0.4357
v  0.7638 -1.9729 -0.6851
v  0.7636 -1.9730 0.2205
v  0.7639 -1.9729 -1.0945
v  0.7712 -1.9689 -1.1380
v  0.7944 -1.9565 -1.1780
v  0.8297 -1.9377 -1.2043
v  0.8680 -1.9172 -1.2126
v  6.0563 0.1275 5.2804
v  5.9857 0.0983 5.1891
v  5.8525 0.0430 5.0001
v  5.6255 -0.0511 4.6610
v  4.9741 -0.3208 3.6215
v  4.7552 -0.4115 3.2781
v  4.5293 -0.5050 2.9402
v  4.2919 -0.6034 2.6086
v  4.0395 -0.7079 2.2904
v  3.7637 -0.8222 1.9863
v  3.4677 -0.9448 1.7047
v  3.1533 -1.0750 1.4460
v  2.8207 -1.2128 1.2212
v  2.4704 -1.3579 1.0376
v  2.1025 -1.5103 0.9057
v  1.7230 -1.6675 0.8272
v  1.3494 -1.8226 0.7922
v  1.3309 -1.8302 0.7905
v  1.2508 -1.8630 0.7795
v  1.1665 -1.8980 0.7510
v  1.0888 -1.9302 0.7063
v  1.0281 -1.9554 0.6558
v  1.0145 -1.9609 0.6423
v  0.8067 -2.0470 0.4358
v  0.8001 -2.0497 -0.6851
v  0.7999 -2.0498 0.2205
v  0.8002 -2.0497 -1.0945
v  0.8079 -2.0465 -1.1380
v  0.8322 -2.0365 -1.1780
v  0.8692 -2.0211 -1.2043
v  0.9093 -2.0045 -1.2126
v  6.2699 -0.4792 5.2837
v  6.1983 -0.5009 5.1908
v  6.0616 -0.5424 5.0003
v  5.8306 -0.6125 4.6582
v  5.1605 -0.8157 3.6154
v  4.9333 -0.8847 3.2721
v  4.6977 -0.9561 2.9351
v  4.4497 -1.0314 2.6049
v  4.1864 -1.1112 2.2880
v  3.8999 -1.1982 1.9846
v  3.5930 -1.2912 1.7031
v  3.2670 -1.3901 1.4447
v  2.9220 -1.4948 1.2203
v  2.5590 -1.6049 1.0372
v  2.1777 -1.7205 0.9055
v  1.7847 -1.8398 0.8269
v  1.3968 -1.9558 0.7917
v  1.3777 -1.9616 0.7900
v  1.2957 -1.9881 0.7791
v  1.2083 -2.0146 0.7508
v  1.1278 -2.0390 0.7062
v  1.0644 -2.0577 0.6556
v  1.0503 -2.0618 0.6420
v  0.8355 -2.1277 0.4358
v  0.8287 -2.1298 -0.6851
v  0.8285 -2.1298 0.2205
v  0.8288 -2.1297 -1.0945
v  0.8368 -2.1273 -1.1380
v  0.8619 -2.1197 -1.1780
v  0.9003 -2.1081 -1.2043
v  0.9419 -2.0954 -1.2126
v  6.4240 -1.1033 5.2859
v  6.3512 -1.1178 5.1923
v  6.2126 -1.1454 5.0003
v  5.9798 -1.1917 4.6554
v  5.2981 -1.3273 3.6091
v  5.0646 -1.3737 3.2658
v  4.8215 -1.4221 2.9297
v  4.5651 -1.4731 2.6010
v  4.2934 -1.5271 2.2855
v  3.9988 -1.5858 1.9827
v  3.6841 -1.6483 1.7013
v  3.3495 -1.7149 1.4430
v  2.9955 -1.7853 1.2191
v  2.6230 -1.8594 1.0366
v  2.2321 -1.9372 0.9051
v  1.8292 -2.0173 0.8265
v  1.4330 -2.0976 0.7911
v  1.4135 -2.1016 0.7893
v  1.3280 -2.1170 0.7786
v  1.2385 -2.1348 0.7505
v  1.1560 -2.1512 0.7061
v  1.0901 -2.1645 0.6544
v  1.0756 -2.1672 0.6408
v  0.8566 -2.2107 0.4356
v  0.8495 -2.2122 -0.6851
v  0.8494 -2.2122 0.2204
v  0.8495 -2.2122 -1.0945
v  0.8576 -2.2106 -1.1380
v  0.8834 -2.2054 -1.1780
v  0.9227 -2.1976 -1.2043
v  0.9653 -2.1891 -1.2126
v  6.5173 -1.7393 5.2868
v  6.4432 -1.7466 5.1933
v  6.3035 -1.7603 5.0006
v  6.0715 -1.7831 4.6527
v  5.3846 -1.8508 3.6031
v  5.1469 -1.8742 3.2600
v  4.8987 -1.8987 2.9247
v  4.6364 -1.9245 2.5975
v  4.3588 -1.9518 2.2832
v  4.0591 -1.9814 1.9809
v  3.7397 -2.0128 1.6995
v  3.3998 -2.0463 1.4413
v  3.0401 -2.0817 1.2178
v  2.6618 -2.1190 1.0358
v  2.2650 -2.1581 0.9047
v  1.8562 -2.1983 0.8258
v  1.4542 -2.2385 0.7904
v  1.4343 -2.2406 0.7886
v  1.3476 -2.2484 0.7781
v  1.2569 -2.2574 0.7502
v  1.1730 -2.2656 0.7060
v  1.1052 -2.2718 0.6537
v  1.0905 -2.2730 0.6401
v  0.8693 -2.2955 0.4356
v  0.8620 -2.2963 -0.6851
v  0.8620 -2.2963 0.2204
v  0.8620 -2.2963 -1.0945
v  0.8702 -2.2954 -1.1380
v  0.8964 -2.2929 -1.1780
v  0.9362 -2.2889 -1.2043
v  0.9795 -2.2847 -1.2126
v  6.5489 -2.3812 5.2866
v  6.4734 -2.3812 5.1940
v  6.3345 -2.3812 5.0002
v  6.1046 -2.3811 4.6501
v  5.4182 -2.3812 3.5978
v  5.1785 -2.3812 3.2552
v  4.9276 -2.3812 2.9206
v  4.6621 -2.3812 2.5947
v  4.3817 -2.3812 2.2816
v  4.0799 -2.3812 1.9797
v  3.7589 -2.3812 1.6982
v  3.4172 -2.3812 1.4399
v  3.0554 -2.3812 1.2168
v  2.6749 -2.3812 1.0352
v  2.2761 -2.3812 0.9042
v  1.8653 -2.3812 0.8251
v  1.4619 -2.3816 0.7896
v  1.4420 -2.3816 0.7879
v  1.3543 -2.3812 0.7775
v  1.2631 -2.3812 0.7498
v  1.1788 -2.3812 0.7059
v  1.1098 -2.3813 0.6531
v  1.0950 -2.3811 0.6395
v  0.8735 -2.3812 0.4356
v  0.8661 -2.3812 -0.6851
v  0.8661 -2.3812 0.2204
v  0.8661 -2.3812 -1.0945
v  0.8744 -2.3812 -1.1380
v  0.9007 -2.3812 -1.1780
v  0.9408 -2.3812 -1.2043
v  0.9843 -2.3812 -1.2126
v  6.5179 -3.0231 5.2859
v  6.4414 -3.0156 5.1944
v  6.3039 -3.0020 5.0003
v  6.0753 -2.9795 4.6500
v  5.3975 -2.9128 3.5941
v  5.1583 -2.8892 3.2517
v  4.9074 -2.8645 2.9178
v  4.6417 -2.8383 2.5930
v  4.3614 -2.8107 2.2808
v  4.0607 -2.7811 1.9791
v  3.7414 -2.7497 1.6975
v  3.4014 -2.7162 1.4390
v  3.0412 -2.6807 1.2160
v  2.6622 -2.6434 1.0347
v  2.2652 -2.6043 0.9038
v  1.8564 -2.5640 0.8244
v  1.4555 -2.5245 0.7888
v  1.4356 -2.5226 0.7871
v  1.3479 -2.5139 0.7769
v  1.2571 -2.5050 0.7495
v  1.1732 -2.4967 0.7057
v  1.1036 -2.4902 0.6523
v  1.0889 -2.4886 0.6387
v  0.8693 -2.4668 0.4356
v  0.8620 -2.4660 -0.6851
v  0.8620 -2.4660 0.2204
v  0.8620 -2.4660 -1.0945
v  0.8702 -2.4669 -1.1380
v  0.8964 -2.4694 -1.1780
v  0.9362 -2.4734 -1.2043
v  0.9795 -2.4776 -1.2126
v  6.4238 -3.6589 5.2856
v  6.3475 -3.6438 5.1950
v  6.2123 -3.6169 5.0005
v  5.9879 -3.5722 4.6497
v  5.3224 -3.4398 3.5920
v  5.0861 -3.3928 3.2499
v  4.8380 -3.3435 2.9165
v  4.5752 -3.2912 2.5925
v  4.2982 -3.2361 2.2808
v  4.0018 -3.1772 1.9793
v  3.6874 -3.1146 1.6974
v  3.3525 -3.0480 1.4386
v  2.9974 -2.9774 1.2155
v  2.6238 -2.9031 1.0344
v  2.2325 -2.8252 0.9035
v  1.8296 -2.7451 0.8236
v  1.4348 -2.6660 0.7881
v  1.4152 -2.6622 0.7863
v  1.3284 -2.6454 0.7764
v  1.2391 -2.6276 0.7491
v  1.1563 -2.6112 0.7056
v  1.0872 -2.5976 0.6516
v  1.0728 -2.5945 0.6380
v  0.8567 -2.5516 0.4356
v  0.8495 -2.5501 -0.6851
v  0.8495 -2.5501 0.2204
v  0.8495 -2.5501 -1.0945
v  0.8576 -2.5517 -1.1380
v  0.8834 -2.5569 -1.1780
v  0.9227 -2.5647 -1.2043
v  0.9653 -2.5732 -1.2126
v  6.2671 -4.2823 5.2862
v  6.1925 -4.2597 5.1956
v  6.0607 -4.2196 5.0010
v  5.8421 -4.1533 4.6499
v  5.1938 -3.9567 3.5915
v  4.9630 -3.8867 3.2495
v  4.7205 -3.8131 2.9164
v  4.4636 -3.7352 2.5929
v  4.1930 -3.6531 2.2815
v  3.9039 -3.5654 1.9800
v  3.5974 -3.4724 1.6978
v  3.2710 -3.3734 1.4386
v  2.9246 -3.2683 1.2153
v  2.5601 -3.1578 1.0342
v  2.1783 -3.0419 0.9033
v  1.7853 -2.9227 0.8229
v  1.4006 -2.8058 0.7875
v  1.3815 -2.8001 0.7857
v  1.2962 -2.7744 0.7759
v  1.2091 -2.7479 0.7488
v  1.1282 -2.7234 0.7055
v  1.0597 -2.7030 0.6509
v  1.0456 -2.6986 0.6373
v  0.8359 -2.6347 0.4356
v  0.8288 -2.6326 -0.6851
v  0.8288 -2.6326 0.2204
v  0.8288 -2.6326 -1.0945
v  0.8368 -2.6350 -1.1380
v  0.8619 -2.6426 -1.1780
v  0.9003 -2.6542 -1.2043
v  0.9419 -2.6669 -1.2126
v  6.0498 -4.8870 5.2869
v  5.9780 -4.8573 5.1959
v  5.8510 -4.8047 5.0013
v  5.6431 -4.7186 4.6479
v  5.0138 -4.4579 3.5919
v  4.7908 -4.3656 3.2500
v  4.5567 -4.2686 2.9170
v  4.3085 -4.1658 2.5937
v  4.0472 -4.0576 2.2825
v  3.7682 -3.9420 1.9809
v  3.4727 -3.8196 1.6983
v  3.1579 -3.6892 1.4387
v  2.8236 -3.5507 1.2152
v  2.4717 -3.4050 1.0342
v  2.1031 -3.2523 0.9031
v  1.7237 -3.0951 0.8222
v  1.3527 -2.9411 0.7869
v  1.3342 -2.9336 0.7852
v  1.2515 -2.8996 0.7755
v  1.1674 -2.8647 0.7486
v  1.0893 -2.8324 0.7054
v  1.0225 -2.8044 0.6510
v  1.0090 -2.7987 0.6374
v  0.8070 -2.7154 0.4356
v  0.8002 -2.7126 -0.6851
v  0.8002 -2.7126 0.2204
v  0.8002 -2.7126 -1.0945
v  0.8079 -2.7158 -1.1380
v  0.8322 -2.7258 -1.1780
v  0.8692 -2.7412 -1.2043
v  0.9093 -2.7578 -1.2126
v  5.7746 -5.4677 5.2875
v  5.7066 -5.4313 5.1962
v  5.5854 -5.3666 5.0011
v  5.3837 -5.2588 4.6502
v  4.7850 -4.9388 3.5928
v  4.5720 -4.8249 3.2510
v  4.3486 -4.7055 2.9180
v  4.1119 -4.5790 2.5947
v  3.8626 -4.4457 2.2834
v  3.5964 -4.3034 1.9817
v  3.3145 -4.1528 1.6990
v  3.0143 -3.9923 1.4390
v  2.6954 -3.8219 1.2153
v  2.3594 -3.6423 1.0343
v  2.0076 -3.4542 0.9030
v  1.6455 -3.2607 0.8215
v  1.2924 -3.0717 0.7865
v  1.2748 -3.0623 0.7847
v  1.1947 -3.0198 0.7752
v  1.1144 -2.9768 0.7484
v  1.0399 -2.9370 0.7053
v  0.9754 -2.9032 0.6503
v  0.9625 -2.8961 0.6367
v  0.7704 -2.7929 0.4356
v  0.7639 -2.7894 -0.6851
v  0.7639 -2.7894 0.2204
v  0.7639 -2.7894 -1.0945
v  0.7712 -2.7934 -1.1380
v  0.7944 -2.8058 -1.1780
v  0.8297 -2.8246 -1.2043
v  0.8680 -2.8451 -1.2126
v  5.4440 -6.0187 5.2877
v  5.3801 -5.9760 5.1962
v  5.2662 -5.8999 5.0009
v  5.0757 -5.7726 4.6502
v  4.5099 -5.3945 3.5939
v  4.3092 -5.2604 3.2522
v  4.0987 -5.1198 2.9191
v  3.8758 -4.9708 2.5955
v  3.6410 -4.8140 2.2841
v  3.3902 -4.6464 1.9823
v  3.1246 -4.4689 1.6994
v  2.8418 -4.2800 1.4392
v  2.5412 -4.0791 1.2153
v  2.2244 -3.8674 1.0344
v  1.8928 -3.6459 0.9029
v  1.5514 -3.4178 0.8209
v  1.2171 -3.1956 0.7861
v  1.2005 -3.1845 0.7843
v  1.1264 -3.1338 0.7749
v  1.0507 -3.0832 0.7482
v  0.9805 -3.0363 0.7052
v  0.9193 -2.9956 0.6496
v  0.9071 -2.9874 0.6360
v  0.7263 -2.8664 0.4356
v  0.7202 -2.8624 -0.6851
v  0.7202 -2.8624 0.2204
v  0.7202 -2.8624 -1.0945
v  0.7271 -2.8670 -1.1380
v  0.7489 -2.8816 -1.1780
v  0.7822 -2.9038 -1.2043
v  0.8184 -2.9280 -1.2126
v  5.0613 -6.5348 5.2877
v  5.0019 -6.4861 5.1961
v  4.8959 -6.3991 5.0009
v  4.7185 -6.2536 4.6505
v  4.1914 -5.8210 3.5951
v  4.0050 -5.6680 3.2533
v  3.8096 -5.5076 2.9200
v  3.6028 -5.3379 2.5961
v  3.3848 -5.1590 2.2844
v  3.1517 -4.9677 1.9824
v  2.9049 -4.7651 1.6994
v  2.6421 -4.5494 1.4390
v  2.3626 -4.3201 1.2151
v  2.0680 -4.0783 1.0344
v  1.7597 -3.8253 0.9029
v  1.4424 -3.5649 0.8204
v  1.1327 -3.3107 0.7858
v  1.1172 -3.2982 0.7841
v  1.0473 -3.2406 0.7747
v  0.9769 -3.1829 0.7481
v  0.9115 -3.1292 0.7052
v  0.8545 -3.0825 0.6493
v  0.8432 -3.0731 0.6357
v  0.6752 -2.9353 0.4356
v  0.6695 -2.9306 -0.6851
v  0.6695 -2.9306 0.2204
v  0.6695 -2.9306 -1.0945
v  0.6759 -2.9359 -1.1380
v  0.6963 -2.9526 -1.1780
v  0.7272 -2.9780 -1.2043
v  0.7608 -3.0056 -1.2126
v  4.6300 -7.0112 5.2874
v  4.5756 -6.9567 5.1960
v  4.4783 -6.8595 5.0011
v  4.3159 -6.6970 4.6509
v  3.8331 -6.2142 3.5961
v  3.6629 -6.0441 3.2540
v  3.4846 -5.8657 2.9203
v  3.2957 -5.6769 2.5959
v  3.0966 -5.4778 2.2838
v  2.8835 -5.2646 1.9818
v  2.6576 -5.0388 1.6988
v  2.4171 -4.7983 1.4383
v  2.1614 -4.5426 1.2145
v  1.8918 -4.2729 1.0342
v  1.6097 -3.9908 0.9028
v  1.3195 -3.7006 0.8199
v  1.0361 -3.4178 0.7856
v  1.0219 -3.4038 0.7839
v  0.9580 -3.3392 0.7746
v  0.8936 -3.2748 0.7480
v  0.8339 -3.2150 0.7050
v  0.7816 -3.1627 0.6492
v  0.7712 -3.1522 0.6356
v  0.6177 -2.9988 0.4356
v  0.6125 -2.9936 -0.6851
v  0.6125 -2.9936 0.2204
v  0.6125 -2.9936 -1.0945
v  0.6183 -2.9995 -1.1380
v  0.6369 -3.0181 -1.1780
v  0.6652 -3.0464 -1.2043
v  0.6960 -3.0771 -1.2126
v  4.1546 -7.4436 5.2863
v  4.1054 -7.3836 5.1955
v  4.0177 -7.2768 5.0011
v  3.8719 -7.0990 4.6511
v  3.4388 -6.5713 3.5962
v  3.2864 -6.3857 3.2537
v  3.1267 -6.1911 2.9197
v  2.9576 -5.9850 2.5948
v  2.7792 -5.7676 2.2824
v  2.5879 -5.5345 1.9802
v  2.3851 -5.2874 1.6973
v  2.1692 -5.0243 1.4369
v  1.9395 -4.7444 1.2134
v  1.6973 -4.4494 1.0337
v  1.4442 -4.1409 0.9026
v  1.1838 -3.8236 0.8195
v  0.9303 -3.5143 0.7854
v  0.9176 -3.4990 0.7837
v  0.8595 -3.4285 0.7745
v  0.8018 -3.3581 0.7478
v  0.7481 -3.2928 0.7050
v  0.7011 -3.2354 0.6491
v  0.6918 -3.2240 0.6356
v  0.5541 -3.0564 0.4356
v  0.5495 -3.0507 -0.6851
v  0.5495 -3.0507 0.2204
v  0.5495 -3.0507 -1.0945
v  0.5547 -3.0571 -1.1380
v  0.5714 -3.0774 -1.1780
v  0.5968 -3.1084 -1.2043
v  0.6244 -3.1420 -1.2126
v  3.6392 -7.8276 5.2849
v  3.5959 -7.7628 5.1945
v  3.5186 -7.6472 5.0010
v  3.3909 -7.4559 4.6510
v  3.0121 -6.8892 3.5954
v  2.8790 -6.6899 3.2525
v  2.7394 -6.4810 2.9181
v  2.5915 -6.2597 2.5926
v  2.4353 -6.0259 2.2798
v  2.2677 -5.7750 1.9777
v  2.0898 -5.5088 1.6950
v  1.9004 -5.2253 1.4349
v  1.6990 -4.9238 1.2120
v  1.4866 -4.6060 1.0330
v  1.2648 -4.2740 0.9024
v  1.0368 -3.9328 0.8191
v  0.8148 -3.6007 0.7853
v  0.8037 -3.5842 0.7837
v  0.7527 -3.5077 0.7742
v  0.7022 -3.4320 0.7478
v  0.6552 -3.3617 0.7050
v  0.6140 -3.3001 0.6485
v  0.6059 -3.2878 0.6350
v  0.4853 -3.1074 0.4356
v  0.4812 -3.1013 -0.6851
v  0.4812 -3.1013 0.2204
v  0.4812 -3.1013 -1.0945
v  0.4858 -3.1082 -1.1380
v  0.5004 -3.1301 -1.1780
v  0.5227 -3.1634 -1.2043
v  0.5468 -3.1995 -1.2126
v  3.0884 -8.1593 5.2836
v  3.0516 -8.0904 5.1935
v  2.9857 -7.9671 5.0007
v  2.8774 -7.7644 4.6506
v  2.5569 -7.1648 3.5938
v  2.4441 -6.9538 3.2504
v  2.3259 -6.7326 2.9155
v  2.2006 -6.4982 2.5897
v  2.0681 -6.2501 2.2765
v  1.9255 -5.9835 1.9743
v  1.7744 -5.7007 1.6921
v  1.6133 -5.3994 1.4325
v  1.4420 -5.0790 1.2101
v  1.2615 -4.7413 1.0321
v  1.0732 -4.3890 0.9020
v  0.8797 -4.0270 0.8187
v  0.6914 -3.6748 0.7853
v  0.6820 -3.6572 0.7836
v  0.6387 -3.5761 0.7742
v  0.5958 -3.4958 0.7478
v  0.5559 -3.4212 0.7050
v  0.5210 -3.3559 0.6485
v  0.5140 -3.3429 0.6350
v  0.4118 -3.1515 0.4356
v  0.4083 -3.1450 -0.6851
v  0.4083 -3.1450 0.2204
v  0.4083 -3.1450 -1.0945
v  0.4122 -3.1523 -1.1380
v  0.4246 -3.1755 -1.1780
v  0.4435 -3.2108 -1.2043
v  0.4640 -3.2492 -1.2126
v  2.5076 -8.4350 5.2828
v  2.4777 -8.3628 5.1927
v  2.4240 -8.2332 5.0004
v  2.3362 -8.0212 4.6501
v  2.0767 -7.3947 3.5921
v  1.9853 -7.1742 3.2482
v  1.8895 -6.9429 2.9128
v  1.7882 -6.6983 2.5855
v  1.6802 -6.4375 2.2731
v  1.5644 -6.1580 1.9711
v  1.4414 -5.8610 1.6892
v  1.3103 -5.5445 1.4300
v  1.1710 -5.2082 1.2084
v  1.0243 -4.8539 1.0312
v  0.8713 -4.4846 0.9017
v  0.7142 -4.1053 0.8183
v  0.5614 -3.7365 0.7852
v  0.5537 -3.7181 0.7835
v  0.5185 -3.6329 0.7742
v  0.4837 -3.5488 0.7478
v  0.4513 -3.4707 0.7050
v  0.4229 -3.4022 0.6485
v  0.4173 -3.3886 0.6350
v  0.3343 -3.1882 0.4356
v  0.3315 -3.1814 -0.6851
v  0.3315 -3.1814 0.2204
v  0.3315 -3.1814 -1.0945
v  0.3346 -3.1890 -1.1380
v  0.3447 -3.2133 -1.1780
v  0.3600 -3.2503 -1.2043
v  0.3767 -3.2905 -1.2126
v  1.9022 -8.6519 5.2825
v  1.8796 -8.5773 5.1924
v  1.8388 -8.4428 5.0002
v  1.7717 -8.2216 4.6510
v  1.5757 -7.5756 3.5910
v  1.5033 -7.3370 3.2550
v  1.4302 -7.0957 2.9213
v  1.3550 -6.8482 2.5890
v  1.2752 -6.5851 2.2707
v  1.1873 -6.2954 1.9689
v  1.0939 -5.9872 1.6871
v  0.9943 -5.6589 1.4283
v  0.8880 -5.3083 1.2103
v  0.7768 -4.9420 1.0323
v  0.6609 -4.5598 0.9019
v  0.5418 -4.1671 0.8181
v  0.4261 -3.7855 0.7851
v  0.4202 -3.7664 0.7834
v  0.3933 -3.6777 0.7742
v  0.3669 -3.5906 0.7478
v  0.3423 -3.5097 0.7050
v  0.3208 -3.4388 0.6485
v  0.3165 -3.4247 0.6350
v  0.2536 -3.2170 0.4356
v  0.2514 -3.2100 -0.6851
v  0.2514 -3.2100 0.2204
v  0.2514 -3.2100 -1.0945
v  0.2538 -3.2179 -1.1380
v  0.2615 -3.2431 -1.1780
v  0.2731 -3.2814 -1.2043
v  0.2857 -3.3230 -1.2126
v  1.2784 -8.8083 5.2824
v  1.2632 -8.7318 5.1922
v  1.2358 -8.5940 5.0001
v  1.1912 -8.3698 4.6493
v  1.0588 -7.7041 3.5916
v  1.0124 -7.4706 3.2475
v  0.9636 -7.2254 2.9116
v  0.9118 -6.9651 2.5844
v  0.8570 -6.6895 2.2710
v  0.7980 -6.3927 1.9690
v  0.7352 -6.0771 1.6871
v  0.6682 -5.7406 1.4282
v  0.5968 -5.3813 1.2103
v  0.5221 -5.0058 1.0324
v  0.4442 -4.6142 0.9016
v  0.3641 -4.2116 0.8180
v  0.2863 -3.8205 0.7851
v  0.2824 -3.8010 0.7834
v  0.2643 -3.7100 0.7742
v  0.2466 -3.6207 0.7478
v  0.2301 -3.5378 0.7050
v  0.2156 -3.4651 0.6485
v  0.2127 -3.4507 0.6350
v  0.1704 -3.2379 0.4356
v  0.1690 -3.2307 -0.6851
v  0.1690 -3.2307 0.2204
v  0.1690 -3.2307 -1.0945
v  0.1706 -3.2388 -1.1380
v  0.1757 -3.2646 -1.1780
v  0.1835 -3.3039 -1.2043
v  0.1920 -3.3465 -1.2126
v  0.6423 -8.9027 5.2823
v  0.6347 -8.8252 5.1921
v  0.6209 -8.6855 4.9999
v  0.5984 -8.4568 4.6499
v  0.5314 -7.7767 3.5955
v  0.5080 -7.5390 3.2520
v  0.4835 -7.2900 2.9166
v  0.4575 -7.0263 2.5899
v  0.4300 -6.7473 2.2762
v  0.4005 -6.4470 1.9737
v  0.3690 -6.1279 1.6912
v  0.3355 -5.7877 1.4314
v  0.2998 -5.4253 1.2103
v  0.2623 -5.0444 1.0321
v  0.2231 -4.6468 0.9023
v  0.1829 -4.2384 0.8181
v  0.1438 -3.8417 0.7851
v  0.1419 -3.8218 0.7834
v  0.1328 -3.7295 0.7742
v  0.1239 -3.6389 0.7478
v  0.1156 -3.5548 0.7050
v  0.1083 -3.4810 0.6485
v  0.1069 -3.4664 0.6350
v  0.0856 -3.2505 0.4356
v  0.0849 -3.2431 -0.6851
v  0.0849 -3.2431 0.2204
v  0.0849 -3.2431 -1.0945
v  0.0857 -3.2514 -1.1380
v  0.0883 -3.2776 -1.1780
v  0.0922 -3.3174 -1.2043
v  0.0965 -3.3607 -1.2126
v  0.0000 -8.8562 5.1923
v  0.0000 -7.7976 3.5991
v  0.0000 -7.5580 3.2563
v  0.0000 -7.3079 2.9213
v  0.0000 -7.0434 2.5946
v  0.0000 -6.7640 2.2804
v  0.0000 -6.4633 1.9772
v  0.0000 -5.8026 1.4338
v  0.0000 -5.4400 1.2103
v  0.0000 -5.0572 1.0325
v  0.0000 -4.6579 0.9019
v  0.0000 -4.2476 0.8167
v  0.0000 -3.8288 0.7834
v  0.0000 -3.7360 0.7742
v  0.0000 -3.4716 0.6350
v  0.0000 -3.2473 -0.6851
v  0.0000 -3.2473 0.2204
v  0.0000 -3.2556 -1.1380
v  0.0000 -3.2819 -1.1780
v  0.0000 -3.3219 -1.2043
v  0.0000 -3.3654 -1.2126
v  1.1457 3.3787 4.3015
v  1.1006 3.1522 3.9522
v  0.5533 3.2369 3.9498
v  0.5758 3.4655 4.2999
v  1.7033 3.2340 4.3048
v  1.6360 3.0122 3.9561
v  2.2430 3.0341 4.3091
v  2.1540 2.8192 3.9611
v  2.7596 2.7819 4.3141
v  2.6493 2.5754 3.9670
v  3.2485 2.4807 4.3191
v  3.1178 2.2850 3.9728
v  3.7058 2.1345 4.3231
v  3.5560 1.9518 3.9774
v  4.1281 1.7470 4.3256
v  3.9608 1.5797 3.9801
v  4.5126 1.3222 4.3259
v  4.3296 1.1721 3.9805
v  4.8560 0.8634 4.3241
v  4.6594 0.7321 3.9785
v  5.1549 0.3741 4.3207
v  4.9474 0.2632 3.9743
v  5.4059 -0.1421 4.3163
v  5.1899 -0.2315 3.9690
v  5.6059 -0.6807 4.3115
v  5.3831 -0.7482 3.9635
v  5.7524 -1.2370 4.3067
v  5.5252 -1.2822 3.9579
v  5.8437 -1.8056 4.3021
v  5.6141 -1.8282 3.9526
v  5.8780 -2.3811 4.2979
v  5.6500 -2.3811 3.9466
v  5.8543 -2.9577 4.2949
v  5.6285 -2.9355 3.9427
v  5.7674 -3.5284 4.2963
v  5.5472 -3.4846 3.9426
v  5.6272 -4.0882 4.2962
v  5.4129 -4.0231 3.9422
v  5.4378 -4.6336 4.2928
v  5.2287 -4.5469 3.9403
v  5.1852 -5.1527 4.2969
v  4.9872 -5.0469 3.9432
v  4.8880 -5.6472 4.2974
v  4.7009 -5.5222 3.9441
v  4.5437 -6.1100 4.2980
v  4.3693 -5.9669 3.9450
v  4.1557 -6.5369 4.2986
v  3.9959 -6.3770 3.9459
v  3.7282 -6.9240 4.2987
v  3.5848 -6.7493 3.9461
v  3.2670 -7.2706 4.2964
v  3.1396 -7.0799 3.9459
v  2.7725 -7.5681 4.2957
v  2.6647 -7.3665 3.9447
v  2.2512 -7.8161 4.2948
v  2.1639 -7.6054 3.9434
v  1.7061 -8.0054 4.2984
v  1.6418 -7.7935 3.9427
v  1.1477 -8.1509 4.2949
v  1.1032 -7.9275 3.9432
v  0.5763 -8.2326 4.2968
v  0.5539 -8.0047 3.9461
v  0.0000 -8.2579 4.2988
v  0.0000 -8.0277 3.9489
v  0.0849 -1.5192 0.4288
v  0.1690 -1.5317 0.4288
v  0.2514 -1.5524 0.4289
v  0.3313 -1.5813 0.4290
v  0.4081 -1.6176 0.4290
v  0.4811 -1.6612 0.4289
v  0.5494 -1.7117 0.4289
v  0.5494 -1.7117 0.4189
v  0.6125 -1.7687 0.4288
v  0.6125 -1.7687 0.4188
v  0.6694 -1.8318 0.4289
v  0.6694 -1.8318 0.4189
v  0.7199 -1.9001 0.4289
v  0.7199 -1.9001 0.4189
v  0.7636 -1.9730 0.4290
v  0.7636 -1.9730 0.4190
v  0.7999 -2.0498 0.4290
v  0.7999 -2.0498 0.4190
v  0.8285 -2.1298 0.4290
v  0.8285 -2.1298 0.4190
v  0.8494 -2.2122 0.4289
v  0.8494 -2.2122 0.4189
v  0.8620 -2.2963 0.4288
v  0.8620 -2.2963 0.4188
v  0.8661 -2.3812 0.4288
v  0.8661 -2.3812 0.4188
v  0.8620 -2.4660 0.4288
v  0.8620 -2.4660 0.4188
v  0.8495 -2.5501 0.4288
v  0.8495 -2.5501 0.4188
v  0.8288 -2.6326 0.4288
v  0.8288 -2.6326 0.4188
v  0.8002 -2.7126 0.4288
v  0.8002 -2.7126 0.4188
v  0.7639 -2.7894 0.4288
v  0.7639 -2.7894 0.4188
v  0.7202 -2.8624 0.4288
v  0.7202 -2.8624 0.4188
v  0.6695 -2.9306 0.4288
v  0.6695 -2.9306 0.4188
v  0.6125 -2.9936 0.4288
v  0.6125 -2.9936 0.4188
v  0.5495 -3.0507 0.4288
v  0.5495 -3.0507 0.4188
v  0.4812 -3.1013 0.4288
v  0.4812 -3.1013 0.4188
v  0.4083 -3.1450 0.4288
v  0.4083 -3.1450 0.4188
v  0.3315 -3.1814 0.4288
v  0.3315 -3.1814 0.4188
v  0.2514 -3.2100 0.4288
v  0.2514 -3.2100 0.4188
v  0.1690 -3.2307 0.4288
v  0.1690 -3.2307 0.4188
v  0.0849 -3.2431 0.4288
v  0.0849 -3.2431 0.4188
v  0.0000 -3.2473 0.4288
v  0.3135 3.3651 4.1111
v  0.3220 3.2499 3.9402
v  0.2464 3.3375 4.0634
v  0.3135 3.7057 4.6368
v  0.3685 3.6668 4.5820
v  0.0867 3.7775 4.7350
v  0.0000 3.9541 4.9996
v  0.1699 3.7623 4.7147
v  0.2465 3.7380 4.6815
v  0.4346 3.4827 4.3052
v  0.4431 3.5292 4.3780
v  0.4094 3.4389 4.2346
v  0.0870 3.3049 4.0056
v  0.0000 3.2581 3.9339
v  0.1699 3.3172 4.0277
v  0.3685 3.3992 4.1690
v  0.4094 3.6233 4.5190
v  0.4346 3.5767 4.4501
v  0.0847 3.7805 4.7213
v  0.0847 4.1556 4.4794
v  0.0000 4.1602 4.4864
v  0.0847 3.6940 3.7664
v  0.0850 3.3188 4.0083
v  0.0000 3.3147 4.0010
v  0.1660 3.7074 3.7872
v  0.1661 3.3310 4.0299
v  0.2408 3.7292 3.8208
v  0.2408 3.3508 4.0647
v  0.3064 3.7584 3.8660
v  0.3064 3.3778 4.1114
v  0.3602 3.7941 3.9210
v  0.3602 3.4112 4.1679
v  0.4002 3.8348 3.9839
v  0.4002 3.4500 4.2320
v  0.4248 3.8789 4.0520
v  0.4248 3.4928 4.3009
v  0.4331 3.9248 4.1229
v  0.4331 3.5383 4.3722
v  0.4248 3.9707 4.1937
v  0.4248 3.5846 4.4427
v  0.4002 4.0148 4.2619
v  0.4002 3.6300 4.5100
v  0.3602 4.0555 4.3247
v  0.3602 3.6726 4.5716
v  0.3064 4.0912 4.3798
v  0.3064 3.7106 4.6252
v  0.2409 4.1204 4.4250
v  0.2409 3.7421 4.6690
v  0.1660 4.1422 4.4587
v  0.1660 3.7658 4.7014
v  0.2408 3.3424 4.0702
v  0.3064 3.3694 4.1168
v  0.3602 3.6642 4.5770
v  0.3064 3.7022 4.6307
v  0.0847 3.7721 4.7267
v  0.0000 3.7771 4.7334
v  0.1660 3.7574 4.7068
v  0.2409 3.7337 4.6744
v  0.4248 3.4844 4.3064
v  0.4331 3.5299 4.3776
v  0.4002 3.4416 4.2374
v  0.0850 3.3104 4.0137
v  0.1661 3.3226 4.0353
v  0.3602 3.4028 4.1733
v  0.4002 3.6216 4.5155
v  0.4248 3.5762 4.4481
v  0.0000 3.9332 4.1175
v  0.0827 4.1587 4.4657
v  0.1622 4.1456 4.4454
v  0.2353 4.1243 4.4126
v  0.2992 4.0957 4.3685
v  0.3518 4.0608 4.3146
v  0.3909 4.0211 4.2532
v  0.4149 3.9780 4.1867
v  0.4230 3.9332 4.1175
v  0.4149 3.8883 4.0482
v  0.3909 3.8453 3.9817
v  0.3518 3.8055 3.9203
v  0.2993 3.7707 3.8665
v  0.2352 3.7421 3.8224
v  0.1622 3.7208 3.7895
v  0.0827 3.7077 3.7693
v  0.0000 3.7033 3.7624
v  0.4908 -1.6675 -0.6851
v  0.4908 -1.6675 0.2204
v  0.4906 -1.6673 -0.6951
v  0.4817 -1.6613 -1.0745
v  0.4083 -1.6173 -1.0745
v  0.4081 -1.6177 -0.6954
v  0.3314 -1.5810 -1.0745
v  0.3312 -1.5815 -0.6955
v  0.2514 -1.5523 -1.0745
v  0.2513 -1.5528 -0.6954
v  0.1689 -1.5317 -1.0745
v  0.1683 -1.5319 -0.6950
v  0.0848 -1.5192 -1.0745
v  0.0829 -1.5192 -0.6949
v  0.0000 -1.5150 -1.0745
v  0.0000 -1.5150 -0.6951
v  0.6125 -1.7687 -1.0745
v  0.5495 -1.7116 -1.0745
v  0.6695 -1.8317 -1.0745
v  0.7202 -1.9000 -1.0745
v  0.7639 -1.9729 -1.0745
v  0.8002 -2.0497 -1.0745
v  0.8288 -2.1297 -1.0745
v  0.8495 -2.2122 -1.0745
v  0.8620 -2.2963 -1.0745
v  0.8661 -2.3812 -1.0745
v  0.8620 -2.4660 -1.0745
v  0.8495 -2.5501 -1.0745
v  0.8288 -2.6326 -1.0745
v  0.8002 -2.7126 -1.0745
v  0.7639 -2.7894 -1.0745
v  0.7202 -2.8624 -1.0745
v  0.6695 -2.9306 -1.0745
v  0.6125 -2.9936 -1.0745
v  0.5495 -3.0507 -1.0745
v  0.4812 -3.1013 -1.0745
v  0.4083 -3.1450 -1.0745
v  0.3315 -3.1814 -1.0745
v  0.2514 -3.2100 -1.0745
v  0.1690 -3.2307 -1.0745
v  0.0849 -3.2431 -1.0745
v  0.0000 -3.2473 -1.0745
v  0.4081 -1.6178 -0.6854
v  0.3312 -1.5815 -0.6855
v  0.2513 -1.5528 -0.6854
v  0.1683 -1.5319 -0.6850
v  0.0829 -1.5192 -0.6849
v  0.0842 -1.5194 0.2198
v  0.1689 -1.5321 0.2199
v  0.2519 -1.5531 0.2197
v  0.3305 -1.5811 0.2198
v  0.4073 -1.6174 0.2197
v  0.0847 4.1640 4.4740
v  0.0847 3.7024 3.7610
v  0.1660 3.7158 3.7817
v  0.2408 3.7376 3.8154
v  0.3064 3.7668 3.8605
v  0.3602 3.8025 3.9156
v  0.4002 3.8432 3.9785
v  0.4248 3.8873 4.0466
v  0.4331 3.9332 4.1175
v  0.4248 3.9791 4.1883
v  0.4002 4.0232 4.2565
v  0.3602 4.0639 4.3193
v  0.3064 4.0996 4.3744
v  0.2409 4.1288 4.4196
v  0.1660 4.1506 4.4532
v  0.6282 3.9969 5.0968
v  0.0000 4.0273 5.0973
v  1.2501 3.9034 5.0977
v  1.8599 3.7501 5.0942
v  2.4523 3.5392 5.0935
v  3.0206 3.2699 5.0938
v  3.5596 2.9461 5.0941
v  4.0642 2.5711 5.0945
v  4.5295 2.1483 5.0950
v  4.9515 1.6823 5.0952
v  5.3274 1.1785 5.0938
v  5.6510 0.6394 5.0937
v  5.9182 0.0703 5.0953
v  6.1291 -0.5219 5.0962
v  6.2810 -1.1318 5.0970
v  6.3722 -1.7535 5.0977
v  6.4026 -2.3812 5.0981
v  6.3710 -3.0087 5.0986
v  6.2780 -3.6299 5.0991
v  6.1247 -4.2391 5.0997
v  5.9126 -4.8302 5.1000
v  5.6444 -5.3981 5.1000
v  5.3217 -5.9370 5.0997
v  4.9476 -6.4415 5.0997
v  4.5257 -6.9069 5.0998
v  4.0604 -7.3288 5.0996
v  3.5562 -7.7034 5.0991
v  3.0178 -8.0270 5.0985
v  2.4501 -8.2962 5.0980
v  1.8586 -8.5082 5.0977
v  1.2491 -8.6609 5.0977
v  0.6276 -8.7534 5.0974
v  0.0000 -8.7845 5.0973
v  0.6136 -7.5748 0.0000
v  1.1930 -7.4424 0.0000
v  1.7292 -7.2925 0.0000
v  2.7076 4.1555 5.5512
v  2.0538 4.3894 5.5512
v  3.9308 3.5017 5.5512
v  3.3352 3.8586 5.5512
v  4.4885 3.0881 5.5512
v  5.0029 2.6218 5.5512
v  5.4692 2.1073 5.5512
v  5.8828 1.5496 5.5512
v  6.2398 0.9541 5.5512
v  6.5366 0.3264 5.5512
v  6.7705 -0.3273 5.5512
v  6.9392 -1.0008 5.5512
v  7.0411 -1.6877 5.5512
v  0.6935 4.6600 5.5512
v  0.0000 4.6940 5.5512
v  1.3803 4.5581 5.5512
v  3.9945 -8.3612 5.5311
v  3.9783 -8.3358 5.5479
v  4.5561 -7.9000 5.0998
v  4.0075 -8.3828 5.4598
v  4.0051 -8.3780 5.5032
v  4.5357 -7.8987 5.5512
v  3.9957 -8.3494 5.2751
v  4.0067 -8.3812 5.4500
v  3.9464 -8.2360 4.7524
v  3.9670 -8.2784 4.9253
v  4.1454 -7.2464 2.7212
v  4.3931 -7.6421 4.0710
v  4.2755 -7.4527 3.3921
v  3.3157 -6.9234 0.7239
v  3.4294 -7.1651 1.3862
v  3.5449 -7.4038 2.0492
v  3.2009 -6.6713 0.0893
v  5.0343 -7.4472 5.5512
v  4.5233 -7.8829 5.5512
v  4.5012 -7.8658 5.5512
v  5.0171 -7.3982 5.5512
v  3.9549 -8.2973 5.5512
v  3.9419 -8.2806 5.5512
v  0.6944 -9.5379 5.5237
v  0.0000 -9.5736 5.5221
v  0.6240 -7.9644 0.7244
v  0.6291 -7.6910 0.0898
v  0.0000 -7.7340 0.0897
v  0.6387 -8.2383 1.3859
v  1.3955 -9.4356 5.5248
v  1.2480 -7.8565 0.7240
v  1.2230 -7.5816 0.0898
v  1.2781 -8.1304 1.3846
v  1.3960 -9.4553 5.4562
v  0.6944 -9.5561 5.4560
v  0.6947 -9.5535 5.4954
v  1.3970 -9.4519 5.4966
v  2.0804 -9.2676 5.5265
v  1.8337 -7.6914 0.7247
v  1.7750 -7.4239 0.0908
v  1.8814 -7.9625 1.3850
v  2.0822 -9.2874 5.4567
v  2.0835 -9.2847 5.4983
v  2.7464 -9.0319 5.5282
v  2.4380 -7.7420 1.3866
v  2.7514 -9.0529 5.4576
v  2.7518 -9.0492 5.5001
v  3.6467 -7.6241 2.7205
v  3.9837 -8.3165 5.0995
v  3.8512 -8.0429 4.0702
v  3.7545 -7.8423 3.3915
v  3.9677 -8.3175 5.5512
v  3.3858 -8.7280 5.5298
v  2.9482 -7.4775 1.3866
v  3.3952 -8.7505 5.4587
v  3.3938 -8.7453 5.5019
v  3.3488 -8.6480 5.5512
v  0.6213 -7.6395 0.0197
v  0.0000 -7.6177 0.0000
v  0.6179 -7.6069 0.0046
v  1.0700 -6.6905 0.0000
v  0.5368 -6.6910 0.0324
v  0.0000 -6.7374 0.0294
v  0.5327 -6.6584 0.1059
v  1.0652 -6.6711 0.0000
v  1.2216 -7.5738 0.0714
v  1.0482 -6.5873 0.0367
v  1.0410 -6.5581 0.1071
v  1.5505 -6.5493 0.0000
v  1.7727 -7.4163 0.0724
v  9.8573 -2.8536 5.5512
v  2.0602 -9.1816 5.5512
v  1.3843 -9.3485 5.5512
v  0.6941 -9.4505 5.5512
v  2.7187 -8.9479 5.5512
v  0.0000 -9.4845 5.5512
v  7.0952 -2.3812 5.5512
v  7.0752 -2.3812 5.5512
v  7.0411 -3.0746 5.5512
v  6.9392 -3.7615 5.5512
v  6.7705 -4.4350 5.5512
v  6.5366 -5.0887 5.5512
v  6.2398 -5.7164 5.5512
v  5.8828 -6.3119 5.5512
v  5.4692 -6.8696 5.5512
v  4.4885 -7.8503 5.5512
v  5.0029 -7.3841 5.5512
v  3.9308 -8.2639 5.5512
v  1.3803 -9.3204 5.5512
v  2.0538 -9.1517 5.5512
v  0.6935 -9.4222 5.5512
v  2.7076 -8.9178 5.5512
v  3.3352 -8.6209 5.5512
v  0.6511 4.2296 5.3604
v  0.0000 4.2648 5.3568
v  1.2955 4.1316 5.3632
v  1.9271 3.9716 5.3651
v  2.5400 3.7509 5.3664
v  3.1290 3.4727 5.3661
v  3.6889 3.1397 5.3638
v  4.2145 2.7542 5.3603
v  4.6998 2.3186 5.3570
v  5.1392 1.8364 5.3552
v  5.5271 1.3119 5.3561
v  5.8587 0.7504 5.3605
v  6.1322 0.1589 5.3663
v  6.3470 -0.4558 5.3712
v  6.5026 -1.0877 5.3739
v  6.5978 -1.7313 5.3742
v  6.6313 -2.3812 5.3726
v  6.6015 -3.0313 5.3704
v  6.5072 -3.6755 5.3691
v  6.3487 -4.3070 5.3694
v  6.1285 -4.9196 5.3708
v  5.8491 -5.5076 5.3716
v  5.5142 -6.0656 5.3720
v  5.1265 -6.5884 5.3720
v  4.6897 -7.0709 5.3716
v  4.2085 -7.5092 5.3700
v  3.6864 -7.8983 5.3684
v  3.1285 -8.2341 5.3672
v  2.5400 -8.5133 5.3664
v  1.9268 -8.7329 5.3662
v  1.2949 -8.8912 5.3661
v  0.6506 -8.9868 5.3662
v  0.0000 -9.0182 5.3667
v  0.0000 5.9850 5.5512
v  0.1253 5.9965 5.5512
v  0.4872 7.1612 5.5512
v  0.3771 7.2506 5.5512
v  0.6407 6.9275 5.5512
v  0.5767 7.0510 5.5512
v  0.2536 7.3145 5.5512
v  0.6890 6.6740 5.5512
v  0.6776 6.7993 5.5512
v  0.1253 7.3515 5.5512
v  0.0000 7.3629 5.5512
v  0.2536 6.0333 5.5512
v  0.3770 6.0973 5.5512
v  0.5767 6.2969 5.5512
v  0.6406 6.4204 5.5512
v  0.6775 6.5486 5.5512
v  0.4872 6.1868 5.5512
v  0.1254 5.9965 5.0787
v  0.1254 7.3514 5.0787
v  0.0000 7.3629 5.0787
v  0.2536 7.3146 5.0787
v  0.3770 7.2506 5.0787
v  0.4872 7.1611 5.0787
v  0.5767 7.0510 5.0787
v  0.6406 6.9276 5.0787
v  0.6775 6.7993 5.0787
v  0.6890 6.6740 5.0787
v  0.6775 6.5486 5.0787
v  0.6406 6.4204 5.0787
v  0.5767 6.2970 5.0787
v  0.4872 6.1868 5.0787
v  0.3770 6.0973 5.0787
v  0.2536 6.0334 5.0787
v  0.3552 -1.4309 -0.4883
v  0.3696 -1.5048 -0.5073
v  0.3633 -1.4988 -0.5310
v  0.3489 -1.4306 -0.5189
v  0.2312 -1.4248 -0.5670
v  0.1859 -1.4150 -0.5670
v  0.1860 -1.3916 -0.5670
v  0.2313 -1.4004 -0.5670
v  0.1402 -1.3840 -0.5670
v  0.0930 -1.3794 -0.5670
v  0.1401 -1.4067 -0.5670
v  0.2656 -1.4081 -0.5670
v  0.2669 -1.4349 -0.5671
v  0.3553 -1.4317 -0.4783
v  0.3596 -1.4652 0.0529
v  0.3781 -1.5278 0.0693
v  0.3699 -1.5056 -0.4974
v  0.3596 -1.4651 0.0629
v  0.3543 -1.4080 0.0629
v  0.3481 -1.4081 0.0935
v  0.3536 -1.4661 0.0931
v  0.0732 -1.5121 0.1899
v  0.0000 -1.5090 0.1902
v  0.0451 -1.4373 0.1416
v  0.1842 -1.4055 0.1416
v  0.0904 -1.4410 0.1416
v  0.1383 -1.4465 0.1416
v  0.1829 -1.4543 0.1416
v  0.2319 -1.4655 0.1416
v  0.2656 -1.4084 0.1416
v  0.2890 -1.5572 -0.6424
v  0.3571 -1.5849 -0.6436
v  0.0720 -1.5091 -0.6398
v  0.1462 -1.5189 -0.6403
v  0.0466 -1.3763 -0.5670
v  0.2188 -1.5351 -0.6412
v  0.0465 -1.3982 -0.5670
v  0.0544 -1.4440 -0.5759
v  0.0000 -1.4419 -0.5760
v  0.0000 -1.3750 -0.5670
v  0.4154 -1.6140 -0.6459
v  0.2179 -1.4710 -0.5770
v  0.1645 -1.4582 -0.5767
v  0.3543 -1.4080 -0.4783
v  0.3543 -1.4080 0.0529
v  0.2821 -1.4794 0.1416
v  0.3253 -1.5352 0.1519
v  0.3442 -1.5276 0.1398
v  0.3122 -1.4736 0.1354
v  0.4375 -1.6259 0.1887
v  0.4331 -1.6261 0.1955
v  0.1472 -1.5219 0.1904
v  0.2205 -1.5383 0.1908
v  0.2899 -1.5602 0.1917
v  0.3594 -1.5887 0.1927
v  0.4242 -1.6216 0.1951
v  0.0928 -1.4016 -0.5670
v  0.3543 -1.4080 -0.4883
v  0.3483 -1.4078 -0.5184
v  0.2756 -1.4080 -0.5670
v  0.3057 -1.4078 -0.5610
v  0.2725 -1.4778 0.1417
v  0.4006 -1.5722 -0.5540
v  0.4422 -1.6260 -0.6171
v  0.4386 -1.6230 -0.6246
v  0.3948 -1.5659 -0.5696
v  0.4097 -1.5864 0.1081
v  0.4481 -1.6322 0.1571
v  0.4435 -1.6273 -0.6078
v  0.4013 -1.5733 -0.5444
v  0.0633 -1.4944 0.1644
v  0.0540 -1.4681 0.1474
v  0.0000 -1.4663 0.1476
v  0.2516 -1.5195 -0.6048
v  0.2703 -1.4865 -0.5780
v  0.3113 -1.5411 -0.6062
v  0.0627 -1.4830 -0.6014
v  0.1095 -1.4495 -0.5762
v  0.1268 -1.4906 -0.6019
v  0.1901 -1.5028 -0.6029
v  0.3007 -1.4998 -0.5796
v  0.3521 -1.5595 -0.6088
v  0.1271 -1.5022 0.1649
v  0.1085 -1.4738 0.1477
v  0.1915 -1.5146 0.1656
v  0.1646 -1.4827 0.1483
v  0.2522 -1.5312 0.1671
v  0.2170 -1.4952 0.1484
v  0.3145 -1.5535 0.1684
v  0.2725 -1.5120 0.1492
v  0.3689 -1.5794 0.1718
v  0.3162 -1.5312 0.1514
v  0.3780 -1.5837 0.1724
v  0.3883 -1.5807 0.1606
v  0.4469 -1.6310 0.1664
v  0.4093 -1.5857 0.1178
v  0.4044 -1.5818 0.1328
v  0.4442 -1.6288 0.1739
v  0.3311 -1.4080 0.1188
v  0.3056 -1.4078 0.1356
v  0.3370 -1.4689 0.1184
v  0.3602 -1.5233 0.1227
v  0.3722 -1.5237 0.1020
v  0.3972 -1.5801 0.1471
v  0.4410 -1.6271 0.1813
v  0.2756 -1.4080 0.1416
v  0.3781 -1.5276 0.0792
v  0.3500 -1.4961 -0.5521
v  0.3317 -1.4982 -0.5691
v  0.3062 -1.4334 -0.5612
v  0.3312 -1.4322 -0.5448
v  0.3313 -1.4077 -0.5439
v  0.4343 -1.6207 -0.6320
v  0.4295 -1.6193 -0.6393
v  0.3744 -1.5615 -0.5979
v  0.3857 -1.5622 -0.5844
v  0.3099 -1.5038 -0.5801
v  0.2766 -1.4366 -0.5670
v  0.4243 -1.6185 -0.6462
v  0.3612 -1.5636 -0.6094
v  -0.2757 -1.1678 0.0629
v  0.2758 -1.1678 0.0629
v  -0.2767 -1.1678 -0.4882
v  0.2767 -1.1678 -0.4882
v  -0.1816 -1.1678 0.0629
v  0.0000 -1.1678 0.0629
v  0.1816 -1.1678 0.0629
v  0.0000 -1.1678 -0.4882
v  0.1816 -1.1678 -0.4882
v  -0.1816 -1.1678 -0.4882
v  -0.0944 -1.1678 -0.5670
v  -0.1055 -1.1678 -0.5570
v  -0.0944 -1.1778 -0.5670
v  -0.1416 -1.1678 -0.5670
v  -0.1416 -1.1778 -0.5670
v  -0.1467 -1.1678 -0.5570
v  -0.1816 -1.1678 0.1416
v  -0.1816 -1.1678 0.1316
v  -0.1817 -1.1778 0.1416
v  0.0000 -1.1678 0.1416
v  0.0000 -1.1778 0.1416
v  0.0000 -1.1678 0.1316
v  -0.2656 -1.1678 0.1416
v  -0.2669 -1.1678 0.1316
v  -0.2656 -1.1778 0.1416
v  -0.0472 -1.1678 -0.5670
v  -0.0412 -1.1678 -0.5570
v  -0.0472 -1.1778 -0.5670
v  -0.1866 -1.1678 -0.5670
v  -0.1859 -1.1678 -0.5570
v  -0.1865 -1.1778 -0.5670
v  -0.2319 -1.1678 -0.5670
v  -0.2319 -1.1778 -0.5670
v  -0.2255 -1.1678 -0.5570
v  -0.2669 -1.1678 -0.5670
v  -0.2668 -1.1778 -0.5670
v  -0.2681 -1.1678 -0.5570
v  -0.3543 -1.1678 0.0629
v  -0.3443 -1.1678 0.0619
v  -0.3543 -1.1778 0.0629
v  -0.3483 -1.1678 0.0930
v  -0.3483 -1.1778 0.0931
v  -0.3389 -1.1678 0.0891
v  0.0000 -1.1678 -0.5670
v  0.0000 -1.1678 -0.5570
v  0.0000 -1.1778 -0.5670
v  -0.3543 -1.1678 -0.4782
v  -0.3443 -1.1678 -0.4795
v  -0.3543 -1.1778 -0.4782
v  -0.3543 -1.1678 0.0529
v  -0.3543 -1.1778 0.0529
v  -0.3443 -1.1678 0.0542
v  -0.3313 -1.1678 0.1186
v  -0.3241 -1.1678 0.1114
v  -0.3313 -1.1778 0.1186
v  -0.3057 -1.1678 0.1356
v  -0.3057 -1.1778 0.1356
v  -0.3018 -1.1678 0.1262
v  -0.2756 -1.1678 0.1416
v  -0.2756 -1.1778 0.1416
v  -0.2746 -1.1678 0.1316
v  -0.3317 -1.1679 -0.5435
v  -0.3244 -1.1678 -0.5364
v  -0.3316 -1.1779 -0.5435
v  -0.3484 -1.1678 -0.5181
v  -0.3484 -1.1778 -0.5181
v  -0.3390 -1.1678 -0.5142
v  -0.3065 -1.1678 -0.5606
v  -0.3025 -1.1678 -0.5512
v  -0.3065 -1.1778 -0.5606
v  -0.3543 -1.1678 -0.4882
v  -0.3543 -1.1778 -0.4882
v  -0.3443 -1.1678 -0.4872
v  -0.2769 -1.1678 -0.5670
v  -0.2768 -1.1778 -0.5670
v  -0.2758 -1.1678 -0.5570
v  0.1416 -1.1678 -0.5670
v  0.1467 -1.1678 -0.5570
v  0.1416 -1.1778 -0.5670
v  0.0944 -1.1678 -0.5670
v  0.0944 -1.1778 -0.5670
v  0.1055 -1.1678 -0.5570
v  0.1816 -1.1678 0.1416
v  0.1817 -1.1778 0.1416
v  0.1816 -1.1678 0.1316
v  0.2656 -1.1678 0.1416
v  0.2656 -1.1778 0.1416
v  0.2669 -1.1678 0.1316
v  0.0472 -1.1678 -0.5670
v  0.0472 -1.1778 -0.5670
v  0.0412 -1.1678 -0.5570
v  0.2319 -1.1678 -0.5670
v  0.2255 -1.1678 -0.5570
v  0.2319 -1.1778 -0.5670
v  0.1866 -1.1678 -0.5670
v  0.1865 -1.1778 -0.5670
v  0.1859 -1.1678 -0.5570
v  0.2669 -1.1678 -0.5670
v  0.2681 -1.1678 -0.5570
v  0.2668 -1.1778 -0.5670
v  0.3483 -1.1678 0.0930
v  0.3389 -1.1678 0.0891
v  0.3483 -1.1778 0.0931
v  0.3543 -1.1678 0.0629
v  0.3543 -1.1778 0.0629
v  0.3443 -1.1678 0.0619
v  0.3065 -1.1678 -0.5606
v  0.3025 -1.1678 -0.5512
v  0.3065 -1.1778 -0.5606
v  0.2769 -1.1678 -0.5670
v  0.2768 -1.1778 -0.5670
v  0.2758 -1.1678 -0.5570
v  0.3543 -1.1678 0.0529
v  0.3443 -1.1678 0.0542
v  0.3543 -1.1778 0.0529
v  0.3543 -1.1678 -0.4782
v  0.3543 -1.1778 -0.4782
v  0.3443 -1.1678 -0.4795
v  0.3057 -1.1678 0.1356
v  0.3018 -1.1678 0.1262
v  0.3057 -1.1778 0.1356
v  0.3313 -1.1678 0.1186
v  0.3313 -1.1778 0.1186
v  0.3241 -1.1678 0.1114
v  0.2756 -1.1678 0.1416
v  0.2746 -1.1678 0.1316
v  0.2756 -1.1778 0.1416
v  0.3484 -1.1678 -0.5181
v  0.3390 -1.1678 -0.5142
v  0.3484 -1.1778 -0.5181
v  0.3317 -1.1679 -0.5435
v  0.3316 -1.1779 -0.5435
v  0.3244 -1.1678 -0.5364
v  0.3543 -1.1678 -0.4882
v  0.3443 -1.1678 -0.4872
v  0.3543 -1.1778 -0.4882
v  0.0000 9.0558 0.0000
v  0.0071 9.0488 0.0000
v  -0.0071 9.0488 0.0000
v  0.0000 8.9690 0.0216
v  -0.0070 8.9618 0.0217
v  0.0070 8.9618 0.0217
v  0.0000 8.9167 0.0950
v  -0.0071 8.9097 0.0950
v  0.0071 8.9097 0.0950
v  0.0000 8.9157 0.1150
v  0.0071 8.9087 0.1150
v  -0.0071 8.9087 0.1150
v  0.0000 8.6809 4.8704
v  -0.0071 8.6738 4.8703
v  0.0071 8.6738 4.8703
v  0.0000 8.6799 4.8903
v  0.0071 8.6728 4.8903
v  -0.0071 8.6728 4.8903
v  0.0000 8.6313 4.9933
v  -0.0071 8.6242 4.9933
v  0.0071 8.6242 4.9933
v  0.0000 8.5272 5.0576
v  -0.0071 8.5201 5.0576
v  0.0071 8.5201 5.0576
v  0.0000 8.4018 5.0787
v  0.0000 8.3735 5.0787
v  0.0000 9.0839 0.0000
v  0.0000 9.4058 0.0000
# 7994 vertices

o 31461IN
g 31461IN
s 1
f 3823 3730 11 10 
f 3823 10 12 3913 
f 3711 14 13 3916 
f 10 11 16 15 
f 10 15 17 12 
f 14 19 18 13 
f 15 16 21 20 
f 15 20 22 17 
f 19 24 23 18 
f 20 21 26 25 
f 20 25 27 22 
f 24 29 28 23 
f 25 26 31 30 
f 25 30 32 27 
f 29 34 33 28 
f 30 31 36 35 
f 30 35 37 32 
f 34 39 38 33 
f 35 36 41 40 
f 35 40 42 37 
f 39 44 43 38 
f 40 41 46 45 
f 40 45 47 42 
f 44 49 48 43 
f 45 46 51 50 
f 45 50 52 47 
f 49 54 53 48 
f 50 51 56 55 
f 50 55 57 52 
f 54 59 58 53 
f 55 56 61 60 
f 55 60 62 57 
f 59 64 63 58 
f 60 61 66 65 
f 60 65 67 62 
f 64 69 68 63 
f 65 66 71 70 
f 65 70 72 67 
f 69 74 73 68 
f 70 71 76 75 
f 70 75 77 72 
f 74 79 78 73 
f 75 76 81 80 
f 75 80 82 77 
f 79 84 83 78 
f 80 81 86 85 
f 80 85 87 82 
f 84 89 88 83 
f 85 86 91 90 
f 85 90 92 87 
f 89 94 93 88 
f 90 91 96 95 
f 90 95 97 92 
f 94 99 98 93 
f 95 96 101 100 
f 95 100 102 97 
f 99 104 103 98 
f 100 101 106 105 
f 100 105 107 102 
f 104 109 108 103 
f 105 106 111 110 
f 105 110 112 107 
f 109 114 113 108 
f 110 111 116 115 
f 110 115 117 112 
f 114 119 118 113 
f 115 116 121 120 
f 115 120 122 117 
f 119 124 123 118 
f 120 121 126 125 
f 120 125 127 122 
f 124 129 128 123 
f 125 126 131 130 
f 125 130 132 127 
f 129 134 133 128 
f 130 131 136 135 
f 130 135 137 132 
f 134 139 138 133 
f 135 136 141 140 
f 135 140 142 137 
f 139 144 143 138 
f 140 141 146 145 
f 140 145 147 142 
f 144 149 148 143 
f 145 146 151 150 
f 145 150 152 147 
f 149 154 153 148 
f 150 151 156 155 
f 150 155 157 152 
f 154 159 158 153 
f 155 156 161 160 
f 155 160 162 157 
f 159 164 163 158 
f 160 161 3712 3824 
f 160 3824 3731 162 
f 164 165 4067 163 
f 166 169 168 167 
f 167 168 171 170 
f 170 171 173 172 
f 172 173 175 174 
f 174 175 177 176 
f 176 177 179 178 
f 178 179 181 180 
f 180 181 183 182 
f 182 183 185 184 
f 184 185 187 186 
f 186 187 189 188 
f 190 193 192 191 
f 191 192 195 194 
f 194 195 197 196 
f 196 197 199 198 
f 198 199 201 200 
f 200 201 203 202 
f 202 203 205 204 
f 204 205 207 206 
f 206 207 209 208 
f 208 209 211 210 
f 210 211 213 212 
f 212 213 215 214 
f 214 215 217 216 
f 216 217 219 218 
f 218 219 221 220 
f 220 221 223 222 
f 224 227 226 225 
f 228 231 230 229 
f 232 233 231 228 
f 234 235 233 232 
f 236 237 235 234 
f 238 239 237 236 
f 240 241 239 238 
f 242 243 241 240 
f 244 245 243 242 
f 246 247 245 244 
f 248 249 247 246 
f 250 253 252 251 
f 254 255 253 250 
f 256 257 255 254 
f 258 259 257 256 
f 3825 4162 259 258 
f 260 263 262 261 
f 264 267 266 265 
f 268 264 265 269 
f 231 268 269 230 
f 270 273 272 271 
f 274 270 271 275 
f 229 274 275 228 
f 276 277 263 260 
f 278 279 267 264 
f 280 278 264 268 
f 233 280 268 231 
f 271 272 282 281 
f 275 271 281 283 
f 228 275 283 232 
f 284 285 277 276 
f 286 287 279 278 
f 288 286 278 280 
f 235 288 280 233 
f 281 282 290 289 
f 283 281 289 291 
f 232 283 291 234 
f 292 293 285 284 
f 294 295 287 286 
f 296 294 286 288 
f 237 296 288 235 
f 289 290 298 297 
f 291 289 297 299 
f 234 291 299 236 
f 300 301 293 292 
f 302 303 295 294 
f 304 302 294 296 
f 239 304 296 237 
f 297 298 306 305 
f 299 297 305 307 
f 236 299 307 238 
f 308 309 301 300 
f 310 311 303 302 
f 312 310 302 304 
f 241 312 304 239 
f 305 306 314 313 
f 307 305 313 315 
f 238 307 315 240 
f 316 317 309 308 
f 318 319 311 310 
f 320 318 310 312 
f 243 320 312 241 
f 313 314 322 321 
f 315 313 321 323 
f 240 315 323 242 
f 324 325 317 316 
f 326 327 319 318 
f 328 326 318 320 
f 245 328 320 243 
f 321 322 330 329 
f 323 321 329 331 
f 242 323 331 244 
f 332 333 325 324 
f 334 335 327 326 
f 336 334 326 328 
f 247 336 328 245 
f 329 330 338 337 
f 331 329 337 339 
f 244 331 339 246 
f 340 341 333 332 
f 342 343 335 334 
f 344 342 334 336 
f 249 344 336 247 
f 337 338 346 345 
f 339 337 345 347 
f 246 339 347 248 
f 345 346 349 348 
f 347 345 348 350 
f 248 347 350 351 
f 352 355 354 353 
f 356 359 358 357 
f 360 356 357 361 
f 253 360 361 252 
f 362 363 355 352 
f 364 365 359 356 
f 366 364 356 360 
f 255 366 360 253 
f 367 370 369 368 
f 371 372 363 362 
f 373 374 365 364 
f 375 373 364 366 
f 257 375 366 255 
f 376 377 374 373 
f 378 376 373 375 
f 259 378 375 257 
f 4282 4283 380 379 
f 3826 381 377 376 
f 3732 3826 376 378 
f 4162 3732 378 259 
f 382 385 384 383 
f 386 389 388 387 
f 389 391 390 388 
f 391 393 392 390 
f 393 395 394 392 
f 395 397 396 394 
f 397 399 398 396 
f 399 401 400 398 
f 402 405 404 403 
f 406 407 405 402 
f 408 409 407 406 
f 410 411 409 408 
f 412 413 411 410 
f 414 415 413 412 
f 416 417 415 414 
f 418 419 417 416 
f 420 421 419 418 
f 422 423 421 420 
f 424 425 423 422 
f 426 427 425 424 
f 428 429 427 426 
f 430 431 429 428 
f 432 433 431 430 
s 32789
f 434 435 433 432 
s 1
f 436 439 438 437 
f 440 436 437 441 
f 442 440 441 443 
f 405 442 443 404 
f 444 447 446 445 
f 448 451 450 449 
f 403 448 449 402 
f 452 453 439 436 
f 454 452 436 440 
f 455 454 440 442 
f 407 455 442 405 
f 445 446 457 456 
f 449 450 459 458 
f 402 449 458 406 
f 460 461 452 454 
f 462 460 454 455 
f 409 462 455 407 
f 456 457 464 463 
f 458 459 466 465 
f 406 458 465 408 
f 467 468 461 460 
f 469 467 460 462 
f 411 469 462 409 
f 463 464 471 470 
f 465 466 473 472 
f 408 465 472 410 
f 474 476 475 468 
f 477 474 468 467 
f 478 477 467 469 
f 413 478 469 411 
f 470 471 480 479 
f 472 473 482 481 
f 410 472 481 412 
f 483 484 476 474 
f 485 483 474 477 
f 486 485 477 478 
f 415 486 478 413 
f 479 480 488 487 
f 481 482 490 489 
f 412 481 489 414 
f 491 492 484 483 
f 493 491 483 485 
f 494 493 485 486 
f 417 494 486 415 
f 487 488 496 495 
f 489 490 498 497 
f 414 489 497 416 
f 499 500 492 491 
f 501 499 491 493 
f 502 501 493 494 
f 419 502 494 417 
f 495 496 504 503 
f 497 498 506 505 
f 416 497 505 418 
f 507 508 500 499 
f 509 507 499 501 
f 510 509 501 502 
f 421 510 502 419 
f 503 504 512 511 
f 505 506 514 513 
f 418 505 513 420 
f 515 516 508 507 
f 517 515 507 509 
f 518 517 509 510 
f 423 518 510 421 
f 511 512 520 519 
f 513 514 522 521 
f 420 513 521 422 
f 523 524 516 515 
f 525 523 515 517 
f 526 525 517 518 
f 425 526 518 423 
f 519 520 528 527 
f 521 522 530 529 
f 422 521 529 424 
f 531 532 524 523 
f 533 531 523 525 
f 534 533 525 526 
f 427 534 526 425 
f 527 528 536 535 
f 529 530 538 537 
f 424 529 537 426 
f 539 540 531 533 
f 541 539 533 534 
f 429 541 534 427 
f 535 536 543 542 
f 537 538 545 544 
f 426 537 544 428 
f 546 547 540 539 
f 548 546 539 541 
f 431 548 541 429 
f 542 543 550 549 
f 544 545 552 551 
f 428 544 551 430 
f 553 555 554 547 
f 556 553 547 546 
f 557 556 546 548 
f 433 557 548 431 
f 549 550 559 558 
f 551 552 561 560 
f 430 551 560 432 
s 16777283
f 562 563 555 553 
s 32773
f 564 562 553 556 
s 8723
f 565 564 556 557 
s 8405249
f 435 565 557 433 
s 2561
f 558 559 567 566 
s 533
f 560 561 569 568 
s 1179777
f 432 560 568 434 
s 1
f 570 573 572 571 
f 574 577 576 575 
f 578 579 577 574 
f 580 581 579 578 
f 582 583 581 580 
f 584 585 583 582 
f 586 587 585 584 
f 586 589 588 587 
f 571 572 384 590 
f 388 574 575 387 
f 390 578 574 388 
f 392 580 578 390 
f 394 582 580 392 
f 396 584 582 394 
f 398 586 584 396 
f 398 400 589 586 
f 591 592 573 570 
f 577 594 593 576 
f 579 595 594 577 
f 581 596 595 579 
f 583 597 596 581 
f 585 598 597 583 
f 587 599 598 585 
f 587 588 600 599 
f 601 604 603 602 
f 602 603 227 224 
f 605 606 604 601 
f 607 610 609 608 
f 169 607 608 168 
f 167 612 611 166 
f 608 609 614 613 
f 168 608 613 171 
f 170 615 612 167 
f 613 614 617 616 
f 171 613 616 173 
f 172 618 615 170 
f 616 617 620 619 
f 173 616 619 175 
f 174 621 618 172 
f 619 620 623 622 
f 175 619 622 177 
f 176 624 621 174 
f 622 623 626 625 
f 177 622 625 179 
f 178 627 624 176 
f 625 626 629 628 
f 179 625 628 181 
f 180 630 627 178 
f 628 629 632 631 
f 181 628 631 183 
f 182 633 630 180 
f 631 632 635 634 
f 183 631 634 185 
f 184 636 633 182 
f 634 635 638 637 
f 185 634 637 187 
f 186 639 636 184 
f 637 638 641 640 
f 187 637 640 189 
f 642 645 644 643 
f 646 647 645 642 
f 648 649 647 646 
f 4554 4555 651 650 
f 652 655 654 653 
f 193 652 653 192 
f 191 657 656 190 
f 653 654 659 658 
f 192 653 658 195 
f 194 660 657 191 
f 658 659 662 661 
f 195 658 661 197 
f 196 663 660 194 
f 661 662 665 664 
f 197 661 664 199 
f 198 666 663 196 
f 664 665 668 667 
f 199 664 667 201 
f 200 669 666 198 
f 667 668 671 670 
f 201 667 670 203 
f 202 672 669 200 
f 670 671 674 673 
f 203 670 673 205 
f 204 675 672 202 
f 673 674 677 676 
f 205 673 676 207 
f 206 678 675 204 
f 676 677 680 679 
f 207 676 679 209 
f 208 681 678 206 
f 679 680 683 682 
f 209 679 682 211 
f 210 684 681 208 
f 682 683 686 685 
f 211 682 685 213 
f 212 687 684 210 
f 685 686 689 688 
f 213 685 688 215 
f 214 690 687 212 
f 688 689 692 691 
f 215 688 691 217 
f 216 693 690 214 
f 691 692 695 694 
f 217 691 694 219 
f 218 696 693 216 
f 694 695 698 697 
f 219 694 697 221 
f 220 699 696 218 
s 33285
f 697 698 701 700 
s 524305
f 221 697 700 223 
s 542721
f 222 702 699 220 
s 1
f 703 705 704 
f 227 703 704 226 
f 225 707 706 224 
f 708 705 709 
f 604 708 709 603 
f 602 711 710 601 
f 709 705 703 
f 603 709 703 227 
f 224 706 711 602 
f 712 705 708 
f 606 712 708 604 
f 601 710 713 605 
f 714 716 715 
f 717 720 719 718 
f 720 723 722 721 
f 720 721 719 
f 722 723 725 724 
f 724 725 727 726 
f 727 728 726 
f 728 727 730 729 
f 730 732 731 729 
f 732 734 733 731 
f 734 736 735 733 
f 736 738 737 735 
f 738 740 739 737 
f 741 742 739 
f 740 741 739 
f 743 746 745 744 
f 746 748 747 745 
f 748 750 749 747 
f 750 752 751 749 
f 752 754 753 751 
f 754 756 755 753 
s 5
f 4663 3733 757 
f 758 761 760 759 
s 17
f 714 763 762 758 
s 13459
f 4671 701 698 759 
s 1
f 764 767 766 765 
f 767 764 769 768 
f 768 769 771 770 
f 770 771 773 772 
f 772 773 775 774 
f 774 775 777 776 
f 776 777 779 778 
f 778 779 781 780 
f 780 781 783 782 
f 782 783 785 784 
f 784 785 787 786 
f 383 789 788 382 
f 790 793 792 791 
f 794 795 793 790 
f 796 797 795 794 
f 798 799 797 796 
f 800 801 799 798 
f 802 803 801 800 
f 804 805 803 802 
f 806 807 805 804 
f 808 809 807 806 
f 810 811 809 808 
f 812 813 811 810 
f 814 815 813 812 
f 816 817 815 814 
f 818 819 817 816 
f 819 818 821 820 
s 657409
f 822 823 820 821 
s 1
f 824 827 826 825 
f 789 383 827 824 
f 825 826 829 828 
f 830 833 832 831 
f 834 837 836 835 
f 838 839 837 834 
f 840 841 839 838 
f 842 843 841 840 
f 844 847 846 845 
f 848 851 850 849 
f 852 855 854 853 
f 856 857 855 852 
f 858 859 857 856 
f 860 861 859 858 
f 862 863 861 860 
f 864 865 863 862 
f 866 867 865 864 
f 868 871 870 869 
f 872 875 874 873 
s 3077
f 876 877 875 872 
s 1
f 878 881 880 879 
f 882 883 881 878 
f 884 885 883 882 
f 886 889 888 887 
f 890 891 889 886 
f 892 893 891 890 
f 894 895 893 892 
f 896 897 895 894 
f 898 899 897 896 
f 900 901 899 898 
f 902 903 901 900 
f 904 905 903 902 
f 906 907 905 904 
f 831 832 907 906 
f 908 911 910 909 
f 833 909 912 832 
f 831 914 913 830 
f 915 911 908 
f 837 915 908 836 
f 835 917 916 834 
f 918 911 915 
f 839 918 915 837 
f 834 916 919 838 
f 920 911 918 
f 841 920 918 839 
f 838 919 921 840 
f 922 911 920 
f 843 922 920 841 
f 840 921 923 842 
f 911 922 925 924 
f 847 926 925 846 
f 845 928 927 844 
f 929 932 931 930 
f 930 931 851 848 
f 850 934 933 849 
f 935 938 937 936 
f 855 935 936 854 
f 853 940 939 852 
f 941 942 938 935 
f 857 941 935 855 
f 852 939 943 856 
f 944 945 942 941 
f 859 944 941 857 
f 856 943 946 858 
f 947 948 945 944 
f 861 947 944 859 
f 858 946 949 860 
f 950 951 948 947 
f 863 950 947 861 
f 860 949 952 862 
f 953 954 951 950 
f 865 953 950 863 
f 862 952 955 864 
f 956 957 954 953 
f 867 956 953 865 
f 864 955 958 866 
f 959 962 961 960 
f 869 870 962 959 
f 871 868 964 963 
f 965 968 967 966 
f 875 965 966 874 
f 873 970 969 872 
s 536875073
f 872 969 971 876 
s 1
f 972 975 974 973 
f 881 972 973 880 
f 3713 4884 977 976 
f 978 979 975 972 
f 883 978 972 881 
f 980 981 979 978 
f 885 980 978 883 
f 882 983 982 884 
f 984 987 986 985 
f 889 984 985 888 
f 884 982 988 887 
f 989 990 987 984 
f 891 989 984 889 
f 886 992 991 890 
f 993 994 990 989 
f 893 993 989 891 
f 890 991 995 892 
f 996 997 994 993 
f 895 996 993 893 
f 892 995 998 894 
f 999 1000 997 996 
f 897 999 996 895 
f 894 998 1001 896 
f 1002 1003 1000 999 
f 899 1002 999 897 
f 896 1001 1004 898 
f 1005 1006 1003 1002 
f 901 1005 1002 899 
f 898 1004 1007 900 
f 1008 1009 1006 1005 
f 903 1008 1005 901 
f 900 1007 1010 902 
f 1011 1012 1009 1008 
f 905 1011 1008 903 
f 902 1010 1013 904 
f 1014 1015 1012 1011 
f 907 1014 1011 905 
f 904 1013 1016 906 
f 912 1017 1015 1014 
f 832 912 1014 907 
f 906 1016 914 831 
f 851 847 844 850 
f 849 853 854 848 
f 932 1018 926 931 
f 930 936 937 929 
f 931 926 847 851 
f 848 854 936 930 
f 849 933 940 853 
f 850 844 927 934 
f 452 461 1019 453 
f 461 468 475 1019 
f 871 873 874 870 
f 869 867 866 868 
f 962 966 967 961 
f 960 957 956 959 
f 870 874 966 962 
f 959 956 867 869 
f 868 866 958 964 
f 871 963 970 873 
f 531 540 1020 532 
f 540 547 554 1020 
f 793 446 447 792 
s 266252
f 4930 3734 9 1021 
s 2147516561
f 1021 965 875 877 
s 1376
f 223 4933 4934 222 
s 34078746
f 434 4935 4936 435 
s 24664
f 562 3827 3735 563 
s 2146336
f 564 4937 3827 562 
s 69730320
f 565 1022 4937 564 
s 100679680
f 435 4936 1022 565 
s 24604
f 3714 4938 567 823 
s 12568
f 569 3828 4939 568 
s 1573120
f 568 4939 4935 434 
s 1083648
f 701 3829 3736 700 
s 1049616
f 700 3736 4933 223 
s 8390914
f 222 4934 3830 702 
s 17580032
f 822 3831 3714 823 
s 147494
f 876 4940 4941 877 
s 577536
f 876 971 3832 4940 
s 425984
f 877 4941 4930 1021 
s 1
f 263 764 765 262 
f 261 266 267 260 
f 277 769 764 263 
f 260 267 279 276 
f 285 771 769 277 
f 276 279 287 284 
f 293 773 771 285 
f 284 287 295 292 
f 301 775 773 293 
f 292 295 303 300 
f 309 777 775 301 
f 300 303 311 308 
f 317 779 777 309 
f 308 311 319 316 
f 325 781 779 317 
f 316 319 327 324 
f 333 783 781 325 
f 324 327 335 332 
f 341 785 783 333 
f 332 335 343 340 
f 340 343 1024 1023 
f 1025 1028 1027 1026 
f 355 1025 1026 354 
f 1029 1030 1028 1025 
f 363 1029 1025 355 
f 1031 1032 1030 1029 
f 372 1031 1029 363 
f 3737 4952 1034 1033 
f 4283 3737 1033 380 
f 1035 386 387 590 
f 385 1035 590 384 
f 445 450 451 444 
f 446 793 795 457 
f 456 459 450 445 
f 457 795 797 464 
f 463 466 459 456 
f 464 797 799 471 
f 470 473 466 463 
f 471 799 801 480 
f 479 482 473 470 
f 480 801 803 488 
f 487 490 482 479 
f 488 803 805 496 
f 495 498 490 487 
f 496 805 807 504 
f 503 506 498 495 
f 504 807 809 512 
f 511 514 506 503 
f 512 809 811 520 
f 519 522 514 511 
f 520 811 813 528 
f 527 530 522 519 
f 528 813 815 536 
f 535 538 530 527 
f 536 815 817 543 
f 542 545 538 535 
f 543 817 819 550 
f 549 552 545 542 
f 550 819 820 559 
f 558 561 552 549 
s 8388617
f 559 820 823 567 
s 16513
f 566 569 561 558 
s 1
f 573 826 827 572 
f 571 575 576 570 
f 572 827 383 384 
f 590 387 575 571 
f 592 829 826 573 
f 570 576 593 591 
s 184320
f 3738 3828 569 566 
s 141312
f 4938 3738 566 567 
s 257
f 759 760 1036 
s 9
f 714 715 1038 1037 
s 5
f 1039 3739 4671 
s 1025
f 762 761 758 
s 2049
f 1037 763 714 
s 9
f 1040 4663 1042 1041 
s 1
f 716 1043 1040 715 
s 5
f 715 1045 1044 
s 129
f 715 1044 1046 
s 1025
f 715 1047 1045 
s 17
f 715 1040 1041 1047 
s 65
f 715 1046 1038 
s 35
f 1048 4969 4970 1049 
f 1050 4973 3740 1051 
s 131330
f 1052 1050 1051 1053 
s 4099
f 1054 1052 1053 1055 
s 290
f 1056 1054 1055 1057 
s 11
f 1058 1056 1057 1059 
s 162
f 1060 1058 1059 1061 
s 11
f 1062 1060 1061 1063 
s 162
f 1064 1062 1063 1065 
s 11
f 1066 1064 1065 1067 
s 1058
f 1068 1066 1067 1069 
s 19
f 1070 1068 1069 1071 
s 4130
f 1072 1070 1071 1073 
s 11
f 1074 1072 1073 1075 
s 290
f 1076 1074 1075 1077 
s 9218
f 1049 1076 1077 1048 
s 3
f 757 1042 4663 
s 1057923
f 4671 759 1036 1039 
s 1
f 717 718 1043 716 
f 1078 1081 1080 1079 
f 1081 1083 1082 1080 
f 1084 1087 1086 1085 
f 1088 1091 1090 1089 
f 1091 1093 1092 1090 
f 1093 1095 1094 1092 
f 1095 1097 1096 1094 
f 1097 1099 1098 1096 
f 1099 1101 1100 1098 
f 1101 1102 1100 
f 1103 1106 1105 1104 
s 8417053
f 1107 1110 1109 1108 
s 1
f 5034 1112 1111 5037 
f 1113 1116 1115 1114 
f 1116 1117 1115 
f 1118 1121 1120 1119 
f 1121 1123 1122 1120 
f 1123 1125 1124 1122 
f 1125 1127 1126 1124 
f 1127 1129 1128 1126 
f 1129 1131 1130 1128 
f 1131 1133 1132 1130 
f 1133 1135 1134 1132 
f 1135 1137 1136 1134 
f 1137 1078 1079 1136 
f 1083 1084 1085 1082 
f 1087 1088 1089 1086 
f 1106 1107 1108 1105 
f 1138 1103 1104 1139 
f 1140 1141 1101 
f 1101 1141 1102 
f 1101 1138 1143 1142 
f 1101 1142 1140 
f 1138 1139 1143 
s 5
f 1144 1147 1146 1145 
s 9
f 1147 1149 1148 1146 
s 5
f 1149 1151 1150 1148 
s 9
f 1151 1153 1152 1150 
s 5
f 1153 1155 1154 1152 
s 9
f 1155 1157 1156 1154 
s 5
f 1157 1159 1158 1156 
s 9
f 1159 1161 1160 1158 
s 5
f 1161 1163 1162 1160 
s 9
f 1163 1165 1164 1162 
s 5
f 1165 1167 1166 1164 
s 9
f 1167 1169 1168 1166 
s 5
f 1169 1171 1170 1168 
s 9
f 1171 1173 1172 1170 
s 137437196
f 7971 1175 1174 7969 
s 18973
f 1177 1176 1174 1175 
s 9
f 1177 1179 1178 1176 
s 5
f 1179 1181 1180 1178 
s 9
f 1181 1183 1182 1180 
s 5
f 1184 1187 1186 1185 
s 9
f 1187 1189 1188 1186 
s 5
f 1189 1191 1190 1188 
s 9
f 1191 1193 1192 1190 
s 21
f 1192 1193 1195 1194 
s 9
f 1196 1198 1197 
s 5
f 1199 1202 1201 1200 
s 9
f 1202 1204 1203 1201 
s 5
f 1204 1206 1205 1203 
s 9
f 1206 1208 1207 1205 
s 5
f 1208 1210 1209 1207 
s 9
f 1210 1212 1211 1209 
s 5
f 1212 1214 1213 1211 
s 9
f 1214 1216 1215 1213 
s 5
f 1216 1218 1217 1215 
s 9
f 1218 1144 1145 1217 
s 17
f 1219 1220 1199 1200 
s 6
f 1144 1222 1221 1147 
s 10
f 1147 1221 1223 1149 
s 6
f 1149 1223 1224 1151 
s 10
f 1151 1224 1225 1153 
s 6
f 1153 1225 1226 1155 
s 10
f 1155 1226 1227 1157 
s 6
f 1157 1227 1228 1159 
s 10
f 1159 1228 1229 1161 
s 6
f 1161 1229 1230 1163 
s 10
f 1163 1230 1231 1165 
s 6
f 1165 1231 1232 1167 
s 10
f 1167 1232 1233 1169 
s 6
f 1169 1233 1234 1171 
s 10
f 1171 1234 1235 1173 
s 9569568
f 7971 7974 1236 1175 
s 4342
f 1175 1236 1237 1177 
s 10
f 1177 1237 1238 1179 
s 6
f 1179 1238 1239 1181 
s 10
f 1181 1239 1240 1183 
s 6
f 1184 1242 1241 1187 
s 10
f 1187 1241 1243 1189 
s 6
f 1189 1243 1244 1191 
s 10
f 1191 1244 1245 1193 
s 6
f 1195 1248 1247 1246 
s 34
f 1249 1252 1251 1250 
s 6
f 1199 1254 1253 1202 
s 10
f 1202 1253 1255 1204 
s 6
f 1204 1255 1256 1206 
s 10
f 1206 1256 1257 1208 
s 6
f 1208 1257 1258 1210 
s 10
f 1210 1258 1259 1212 
s 6
f 1212 1259 1260 1214 
s 10
f 1214 1260 1261 1216 
s 6
f 1216 1261 1262 1218 
s 10
f 1218 1262 1222 1144 
s 18
f 1220 1263 1254 1199 
s 66
f 1264 1266 1196 1265 
s 129
f 1197 1250 1265 
s 2
f 1267 1270 1269 1268 
f 1271 1267 1268 1272 
f 1273 1271 1272 1274 
f 1273 1274 1276 1275 
s 2148532249
f 7978 7980 1278 1277 
s 1048578
f 1279 1277 1278 1280 
s 2
f 1281 1279 1280 1282 
f 1283 1281 1282 1284 
f 1285 1283 1284 1286 
f 1287 1290 1289 1288 
f 1291 1294 1293 1292 
s 130
f 1251 1264 1265 1250 
s 10
f 1266 1295 1198 1196 
s 2
f 1290 1297 1296 1289 
f 1291 1287 1288 1294 
s 65
f 1197 1265 1196 
s 33
f 1197 1249 1250 
s 41
f 1298 1301 1300 1299 
f 1302 1305 1304 1303 
s 88
f 1299 1300 1305 1302 
f 1303 1304 1307 1306 
s 41
f 1308 1311 1310 1309 
s 88
f 1309 1310 1313 1312 
s 137
f 1312 1313 1315 1314 
s 280
f 1314 1315 1317 1316 
s 36
f 1301 1319 1318 1300 
s 3
f 1299 1321 1320 1298 
s 36
f 1305 1323 1322 1304 
s 3
f 1303 1325 1324 1302 
s 68
f 1300 1318 1323 1305 
s 18
f 1302 1324 1321 1299 
s 68
f 1304 1322 1326 1307 
s 18
f 1306 1327 1325 1303 
s 36
f 1311 1329 1328 1310 
s 3
f 1309 1331 1330 1308 
s 68
f 1310 1328 1313 
s 18
f 1312 1332 1331 1309 
s 132
f 1313 1328 1315 
s 3
f 1314 1333 1332 1312 
s 260
f 1315 1328 1334 1317 
s 18
f 1316 1335 1333 1314 
s 3
f 1336 1339 1338 1337 
s 41
f 1340 1336 1337 1341 
s 36
f 1342 1340 1341 1343 
s 3
f 1344 1347 1346 1345 
s 41
f 1345 1346 1349 1348 
s 36
f 1348 1349 1351 1350 
s 19
f 1347 1352 1353 1346 
s 18
f 1345 1337 1338 1344 
s 16778073
f 1346 1353 1354 1349 
s 88
f 1348 1341 1337 1345 
s 8397126
f 1349 1354 7991 1351 
s 68
f 1350 1343 1341 1348 
s 536872068
f 7984 7986 1353 1352 
s 153088
f 7986 7989 1354 1353 
s 26656
f 7989 7991 1354 
s 2
f 1355 1358 1357 1356 
s 3
f 1359 1362 1361 1360 
s 73
f 1363 1359 1360 1364 
s 68
f 1365 1363 1364 1366 
s 2
f 1367 1370 1369 1368 
f 1371 1367 1368 1372 
f 1373 1371 1372 1374 
f 1375 1373 1374 1376 
f 1377 1375 1376 1378 
f 1370 1380 1379 1369 
s 36
f 1381 1384 1383 1382 
s 5
f 1382 1383 1386 1385 
s 12
f 1385 1386 1388 1387 
s 5
f 1387 1388 1390 1389 
s 41
f 1391 1394 1393 1392 
s 88
f 1395 1396 1394 1391 
s 2
f 1397 1400 1399 1398 
f 1401 1397 1398 1402 
f 1403 1401 1402 1404 
f 1405 1403 1404 1406 
f 1407 1405 1406 1408 
f 1409 1407 1408 1410 
f 1411 1377 1378 1412 
f 1413 1411 1412 1414 
f 1415 1413 1414 1416 
f 1417 1415 1416 1418 
f 1400 1417 1418 1399 
f 1419 1409 1410 1420 
f 1421 1419 1420 1422 
f 1423 1421 1422 1424 
f 1425 1423 1424 1426 
f 1427 1425 1426 1428 
f 1429 1427 1428 1430 
f 1431 1429 1430 1432 
f 1433 1435 1434 
f 3741 1437 1436 3742 
s 5
f 1438 1441 1440 1439 
s 12
f 1439 1440 1443 1442 
s 5
f 1442 1443 1445 1444 
s 12
f 1444 1445 1447 1446 
s 5
f 1446 1447 5373 5374 
f 1448 1451 1450 1449 
s 12
f 1449 1450 1453 1452 
s 5
f 1452 1453 1455 1454 
s 12
f 1454 1455 1457 1456 
s 5
f 1456 1457 1459 1458 
s 12
f 1458 1459 1441 1438 
s 5
f 1460 1463 1462 1461 
s 12
f 1461 1462 1465 1464 
s 5
f 1464 1465 1467 1466 
s 12
f 1466 1467 1469 1468 
s 20
f 1468 1469 1451 1448 
s 12
f 1389 1390 1471 1470 
s 5
f 1470 1471 1473 1472 
s 12
f 1472 1473 1475 1474 
s 5
f 1474 1475 1477 1476 
s 12
f 1476 1477 1463 1460 
s 4
f 1441 1479 1478 1440 
s 3
f 1439 1481 1480 1438 
s 4
f 1440 1478 1482 1443 
s 10
f 1442 1483 1481 1439 
s 4
f 1443 1482 1484 1445 
s 3
f 1444 1485 1483 1442 
s 4
f 1445 1484 1486 1447 
s 10
f 1446 1487 1485 1444 
s 4
f 1447 1486 1 5373 
s 3
f 5374 3833 1487 1446 
s 4
f 1451 1489 1488 1450 
s 3
f 1449 1491 1490 1448 
s 4
f 1450 1488 1492 1453 
s 10
f 1452 1493 1491 1449 
s 4
f 1453 1492 1494 1455 
s 3
f 1454 1495 1493 1452 
s 4
f 1455 1494 1496 1457 
s 10
f 1456 1497 1495 1454 
s 4
f 1457 1496 1498 1459 
s 3
f 1458 1499 1497 1456 
s 4
f 1459 1498 1479 1441 
s 10
f 1438 1480 1499 1458 
s 4
f 1463 1501 1500 1462 
s 3
f 1461 1503 1502 1460 
s 4
f 1462 1500 1504 1465 
s 10
f 1464 1505 1503 1461 
s 4
f 1465 1504 1506 1467 
s 3
f 1466 1507 1505 1464 
s 4
f 1467 1506 1508 1469 
s 10
f 1468 1509 1507 1466 
s 4
f 1469 1508 1489 1451 
s 18
f 1448 1490 1509 1468 
s 4
f 1390 1511 1510 1471 
s 10
f 1470 1513 1512 1389 
s 4
f 1471 1510 1514 1473 
s 3
f 1472 1515 1513 1470 
s 4
f 1473 1514 1516 1475 
s 10
f 1474 1517 1515 1472 
s 4
f 1475 1516 1518 1477 
s 3
f 1476 1519 1517 1474 
s 4
f 1477 1518 1501 1463 
s 10
f 1460 1502 1519 1476 
s 4
f 1384 1520 1383 
s 34
f 1382 1522 1521 1381 
s 4
f 1383 1524 1523 1386 
s 3
f 1385 1525 1522 1382 
s 4
f 1386 1523 1526 1388 
s 10
f 1387 1527 1525 1385 
s 4
f 1388 1526 1511 1390 
s 3
f 1389 1512 1527 1387 
s 36
f 1394 1529 1528 1393 
s 3
f 1392 1521 1530 1391 
s 68
f 1396 1531 1529 1394 
s 18
f 1391 1530 1532 1395 
s 68
f 1393 1528 1384 1381 
s 18
f 1392 1381 1521 
s 4
f 1384 1528 1533 1520 
f 1534 1537 1536 1535 
f 1538 1541 1540 1539 
f 1537 1538 1539 1536 
f 1542 1544 1533 1543 
f 1545 1542 1543 1535 
f 1536 1546 1545 1535 
f 1540 1548 1547 1539 
f 1539 1547 1546 1536 
f 1533 1528 1549 1543 
f 1543 1549 1534 1535 
f 1520 1544 1524 1383 
f 1533 1544 1520 
s 88
f 1392 1393 1381 
s 4
f 1550 1553 1552 1551 
f 1554 1555 1553 1550 
f 1556 1559 1558 1557 
f 1560 1561 1559 1556 
f 1562 1563 1561 1560 
f 1564 1565 1563 1562 
f 1566 1567 1565 1564 
f 1568 1569 1567 1566 
f 1570 1571 1569 1568 
f 1572 1573 1571 1570 
f 1574 1577 1576 1575 
f 1578 1579 1577 1574 
f 1580 1581 1579 1578 
f 1582 1583 1581 1580 
f 1551 1552 1583 1582 
f 1584 1587 1586 1585 
f 1588 1589 1587 1584 
f 1590 1593 1592 1591 
f 1594 1595 1593 1590 
f 1596 1597 1595 1594 
f 1598 1599 1597 1596 
f 1600 1601 1599 1598 
f 1602 1603 1601 1600 
f 1604 1605 1603 1602 
f 1606 1607 1605 1604 
f 1608 1611 1610 1609 
f 1611 1613 1612 1610 
f 1614 1617 1616 1615 
f 1617 1619 1618 1616 
f 1620 1623 1622 1621 
f 1624 1627 1626 1625 
f 1628 1629 1627 1624 
f 1630 1631 1629 1628 
f 1585 1586 1631 1630 
f 1632 1635 1634 1633 
f 1636 1632 1633 1637 
f 1638 1636 1637 1639 
f 1638 1639 1640 
f 1638 1640 1642 1641 
f 1643 1641 1642 1644 
f 1645 1643 1644 1646 
f 1645 1646 1648 1647 
f 1649 1652 1651 1650 
f 1650 1651 1654 1653 
f 1653 1654 1656 1655 
f 1655 1656 1658 1657 
f 1657 1658 1660 1659 
f 1661 1659 1660 1662 
f 1663 1661 1662 1664 
f 1587 1666 1665 1586 
f 1585 1668 1667 1584 
f 1589 1669 1666 1587 
f 1584 1667 1670 1588 
f 1593 1672 1671 1592 
f 1588 1670 1673 1591 
f 1595 1674 1672 1593 
f 1590 1676 1675 1594 
f 1597 1677 1674 1595 
f 1594 1675 1678 1596 
f 1599 1679 1677 1597 
f 1596 1678 1680 1598 
f 1601 1681 1679 1599 
f 1598 1680 1682 1600 
f 1603 1683 1681 1601 
f 1600 1682 1684 1602 
f 1605 1685 1683 1603 
f 1602 1684 1686 1604 
f 1607 1687 1685 1605 
f 1604 1686 1688 1606 
f 1627 1690 1689 1626 
f 1625 1692 1691 1624 
f 1629 1694 1693 1627 
f 1624 1691 1695 1628 
f 1631 1696 1694 1629 
f 1628 1695 1697 1630 
f 1586 1665 1696 1631 
f 1630 1697 1668 1585 
f 1698 1701 1700 1699 
f 1702 1705 1704 1703 
f 1706 1709 1708 1707 
f 1710 1713 1712 1711 
f 1714 1715 1701 1698 
f 1716 1717 1699 1700 
f 1718 1719 1705 1702 
f 1720 1721 1703 1704 
f 1722 1723 1709 1706 
f 1724 1725 1707 1708 
f 1726 1727 1713 1710 
f 1728 1729 1711 1712 
f 2 1730 1609 3834 
f 3715 1610 1612 5658 
f 3835 1615 1616 5659 
f 5659 1616 1618 5660 
f 5660 1618 1731 3743 
f 3743 1731 1621 5662 
f 5662 1621 1622 5663 
f 5663 1622 1732 5665 
f 5665 1732 1733 5667 
f 1734 1730 1736 1735 
f 5671 1736 1730 2 
f 5671 1738 1737 1736 
f 1573 1572 1740 1739 
f 1606 1688 1742 1741 
f 1663 1664 1744 1743 
f 1607 1606 1741 1745 
f 1607 1745 1746 1687 
f 1747 1750 1749 1748 
f 1748 1749 1752 1751 
f 1751 1752 1754 1753 
f 1755 1758 1757 1756 
f 1759 1762 1761 1760 
f 1763 1764 1760 1761 
f 5667 1733 1765 3836 
f 1766 1769 1768 1767 
s 36
f 1770 3744 5706 
f 5707 1771 7992 
s 2052
f 1771 1773 1772 7992 
s 20
f 1773 1774 1772 
s 36
f 1774 1775 1772 
s 5
f 1775 1777 1776 1772 
s 36
f 1777 1778 1776 
s 68
f 1778 1779 1776 
s 516
f 1779 1781 1780 1776 
s 5
f 1781 1782 1780 
s 260
f 1782 1784 1783 1780 
s 20
f 1784 1787 1786 1785 
s 260
f 1787 1789 1788 1786 
s 36
f 1790 1793 1792 1791 
s 4
f 1794 1796 1795 
f 1797 1788 1799 1798 
f 1800 1802 1801 
f 1802 1803 1801 
f 1803 1804 1801 
f 1796 1805 1795 
f 1805 1800 1801 1795 
f 1784 1785 1783 
f 1553 1807 1806 1552 
f 1551 1809 1808 1550 
f 1555 1810 1807 1553 
f 1550 1808 1811 1554 
f 1559 1813 1812 1558 
f 1554 1811 1814 1557 
f 1561 1815 1813 1559 
f 1556 1817 1816 1560 
f 1563 1818 1815 1561 
f 1560 1816 1819 1562 
f 1565 1820 1818 1563 
f 1562 1819 1821 1564 
f 1567 1822 1820 1565 
f 1564 1821 1823 1566 
f 1569 1824 1822 1567 
f 1566 1823 1825 1568 
f 1571 1826 1824 1569 
f 1568 1825 1827 1570 
f 1573 1828 1826 1571 
f 1570 1827 1829 1572 
f 1577 1831 1830 1576 
f 1575 1833 1832 1574 
f 1579 1834 1831 1577 
f 1574 1832 1835 1578 
f 1581 1836 1834 1579 
f 1578 1835 1837 1580 
f 1583 1838 1836 1581 
f 1580 1837 1839 1582 
f 1552 1806 1838 1583 
f 1582 1839 1809 1551 
f 1572 1829 1840 1740 
f 1739 1841 1828 1573 
f 1750 1843 1842 1749 
f 1748 1741 1742 1747 
f 1749 1842 1844 1752 
f 1751 1745 1741 1748 
f 1752 1844 1845 1754 
f 1753 1746 1745 1751 
f 1758 1743 1744 1757 
f 1756 1847 1846 1755 
f 1762 1744 1841 1761 
f 1760 1849 1848 1759 
f 1764 1850 1849 1760 
f 1761 1841 1763 
f 1769 1852 1851 1768 
f 3837 3836 1765 1767 
f 1322 1797 1795 1326 
f 1322 1323 1788 1797 
f 1323 1318 1786 1788 
f 1318 1319 1785 1786 
f 1365 1366 1783 1785 
f 1328 1329 1783 1334 
f 1342 1343 1780 1783 
f 1343 1350 1776 1780 
f 1350 1351 1772 1776 
f 3838 1851 1792 5706 
f 1844 1799 1791 1845 
f 1844 1842 1798 1799 
f 1842 1843 1794 1798 
f 1846 1847 1796 1794 
f 1796 1541 1538 1805 
f 1538 1537 1800 1805 
f 1537 1534 1802 1800 
f 1534 1549 1803 1802 
f 1549 1528 1804 1803 
f 1528 1529 1801 1804 
f 1529 1531 1795 1801 
f 1797 1798 1794 1795 
s 5
f 1791 1788 1789 1790 
s 6
f 5706 1792 1793 1770 
s 4
f 1799 1788 1791 
f 1853 1855 1854 
f 1856 1859 1858 1857 
f 1859 1861 1860 1858 
f 1862 1865 1864 1863 
f 1861 1862 1863 1860 
f 1853 1854 1866 
f 1540 1541 1848 1849 
f 1540 1849 1850 1548 
f 1865 1840 1829 1864 
f 1847 1848 1541 1796 
f 1756 1757 1762 1759 
f 1757 1744 1762 
f 1847 1756 1759 1848 
f 1739 1740 1764 1763 
f 1740 1840 1850 1764 
f 1841 1739 1763 
f 1856 1853 1544 1542 
f 1859 1856 1542 1545 
f 1861 1859 1545 1546 
f 1865 1862 1547 1548 
f 1862 1861 1546 1547 
f 1853 1866 1524 1544 
f 1840 1865 1548 1850 
f 1867 1870 1869 1868 
f 1871 1872 1870 1867 
f 1873 1874 1872 1871 
f 1875 1876 1874 1873 
f 1877 1878 1876 1875 
f 1879 1880 1878 1877 
f 1881 1882 1880 1879 
f 1883 1884 1882 1881 
f 1885 1886 1884 1883 
f 1887 1888 1886 1885 
f 1889 1890 1888 1887 
f 1891 1892 1890 1889 
f 1893 1894 1892 1891 
f 1895 1896 1894 1893 
f 1897 1898 1896 1895 
f 5836 3839 1898 1897 
f 1899 1902 1901 1900 
f 1903 1899 1900 1904 
f 1905 1903 1904 1906 
f 1907 1905 1906 1908 
f 1909 1907 1908 1910 
f 1911 1909 1910 1912 
f 1913 1911 1912 1914 
f 1915 1913 1914 1916 
f 1917 1915 1916 1918 
f 1919 1917 1918 1920 
f 1921 1919 1920 1922 
f 1923 1921 1922 1924 
f 1925 1923 1924 1926 
f 1927 1925 1926 1928 
f 1929 1927 1928 1930 
f 3716 1929 1930 5869 
f 1870 1932 1931 1869 
f 1868 1934 1933 1867 
f 1872 1935 1932 1870 
f 1867 1933 1936 1871 
f 1874 1937 1935 1872 
f 1871 1936 1938 1873 
f 1876 1939 1937 1874 
f 1873 1938 1940 1875 
f 1878 1941 1939 1876 
f 1875 1940 1942 1877 
f 1880 1943 1941 1878 
f 1877 1942 1944 1879 
f 1882 1945 1943 1880 
f 1879 1944 1946 1881 
f 1884 1947 1945 1882 
f 1881 1946 1948 1883 
f 1886 1949 1947 1884 
f 1883 1948 1950 1885 
f 1888 1951 1949 1886 
f 1885 1950 1952 1887 
f 1890 1953 1951 1888 
f 1887 1952 1954 1889 
f 1892 1955 1953 1890 
f 1889 1954 1956 1891 
f 1894 1957 1955 1892 
f 1891 1956 1958 1893 
f 1896 1959 1957 1894 
f 1893 1958 1960 1895 
f 1898 1961 1959 1896 
f 1895 1960 1962 1897 
f 3839 3840 1961 1898 
f 1897 1962 5902 5836 
f 5903 1964 1963 5906 
f 1964 1966 1965 1963 
f 1966 1968 1967 1965 
f 1968 1970 1969 1967 
f 1970 1972 1971 1969 
f 1972 1974 1973 1971 
f 1974 1976 1975 1973 
f 1976 1978 1977 1975 
f 1978 1980 1979 1977 
f 1980 1982 1981 1979 
f 1982 1984 1983 1981 
f 1984 1986 1985 1983 
f 1986 1987 1985 
f 1987 1989 1988 1985 
f 1989 1991 1990 1988 
f 1991 1993 1901 1992 
f 1994 1997 1996 1995 
f 1575 1576 1997 1994 
f 1997 1999 1998 1996 
f 1869 1931 2000 
f 1576 1830 1999 1997 
f 1994 2001 1833 1575 
f 2002 1868 1869 2000 
f 2003 2004 2002 
f 1931 2005 1995 2000 
f 2006 2009 2008 2007 
f 2010 1634 1635 2011 
f 1625 1626 2013 2012 
f 1626 1689 2014 2013 
f 1625 2012 2015 1692 
f 2012 2013 2017 2016 
f 2013 2014 2018 2017 
f 2012 2016 2019 2015 
f 2020 2023 2022 2021 
f 2023 2025 2024 2022 
f 2020 2021 2027 2026 
f 2021 2022 2029 2028 
f 2022 2024 1990 2029 
f 2021 2028 2018 2027 
f 2017 1992 2016 
f 2018 1992 2017 
f 2016 1992 2019 
f 2029 1992 2028 
f 1990 1992 2029 
f 2028 1992 2018 
f 1996 2002 2000 1995 
f 1998 2003 2002 1996 
f 2005 2001 1994 1995 
f 2009 2010 2011 2008 
f 2030 1992 1901 1902 
f 1901 1993 2031 1900 
f 1900 2031 2032 1904 
f 1904 2032 2033 1906 
f 1906 2033 2034 1908 
f 1908 2034 2035 1910 
f 1910 2035 2036 1912 
f 1912 2036 2037 1914 
f 1914 2037 2038 1916 
f 1916 2038 2039 1918 
f 1918 2039 2040 1920 
f 1920 2040 2041 1922 
f 1922 2041 2042 1924 
f 1924 2042 2043 1926 
f 1926 2043 2044 1928 
f 1928 2044 2045 1930 
f 1930 2045 5988 5869 
f 2030 2006 2007 1992 
f 2004 1934 1868 2002 
f 1709 2047 2046 1708 
f 1707 2049 2048 1706 
f 1713 2048 2049 1712 
f 1711 5993 2050 1710 
f 1723 2051 2047 1709 
f 1706 2048 2052 1722 
f 1725 2053 2049 1707 
f 1708 2046 2054 1724 
f 1727 2052 2048 1713 
f 1710 2050 3717 1726 
f 1729 5998 5993 1711 
f 1712 2049 2053 1728 
f 1705 2056 2055 1704 
f 1703 2046 2047 1702 
f 1719 2057 2056 1705 
f 1702 2047 2051 1718 
f 1721 2054 2046 1703 
f 1704 2055 2058 1720 
f 1991 1992 1990 
f 1701 2023 2020 1700 
f 1699 2055 2056 1698 
f 1715 2025 2023 1701 
f 1698 2056 2057 1714 
f 1717 2058 2055 1699 
f 1700 2020 2026 1716 
f 5671 3841 1738 
f 1610 3715 3834 1609 
f 1730 1734 1608 1609 
f 1618 1619 2059 1731 
f 1731 2059 1620 1621 
f 1622 1623 2060 1732 
f 1732 2060 2061 1733 
f 1733 2061 2062 1765 
f 1768 3842 3837 1767 
f 1851 3838 3842 1768 
f 1765 2062 1766 1767 
f 1851 1852 1791 1792 
f 2063 2064 1736 
f 2064 2065 1735 1736 
f 2066 2063 1736 
f 1737 2066 1736 
f 2067 2069 2068 
f 2069 1693 2068 
f 2065 2067 2068 1735 
s 1
f 3916 13 2070 6015 
f 13 18 2071 2070 
f 18 23 2072 2071 
f 23 28 2073 2072 
f 28 33 2074 2073 
f 33 38 2075 2074 
f 38 43 2076 2075 
f 43 48 2077 2076 
f 48 53 2078 2077 
f 53 58 2079 2078 
f 58 63 2080 2079 
f 63 68 2081 2080 
f 68 73 2082 2081 
f 73 78 2083 2082 
f 78 83 2084 2083 
f 83 88 2085 2084 
f 88 93 2086 2085 
f 93 98 2087 2086 
f 98 103 2088 2087 
f 103 108 2089 2088 
f 108 113 2090 2089 
f 113 118 2091 2090 
f 118 123 2092 2091 
f 123 128 2093 2092 
f 128 133 2094 2093 
f 133 138 2095 2094 
f 138 143 2096 2095 
f 143 148 2097 2096 
f 148 153 2098 2097 
f 153 158 2099 2098 
f 158 163 2100 2099 
f 163 4067 3718 2100 
s 4
f 1964 5903 6015 2070 
f 1966 1964 2070 2071 
f 1968 1966 2071 2072 
f 1970 1968 2072 2073 
f 1972 1970 2073 2074 
f 1974 1972 2074 2075 
f 1976 1974 2075 2076 
f 1978 1976 2076 2077 
f 1980 1978 2077 2078 
f 1982 1980 2078 2079 
f 1984 1982 2079 2080 
f 1986 1984 2080 2081 
f 1987 1986 2081 2082 
f 1989 1987 2082 2083 
f 1991 1989 2083 2084 
f 1993 1991 2084 2085 
f 2031 1993 2085 2086 
f 2032 2031 2086 2087 
f 2033 2032 2087 2088 
f 2034 2033 2088 2089 
f 2035 2034 2089 2090 
f 2036 2035 2090 2091 
f 2037 2036 2091 2092 
f 2038 2037 2092 2093 
f 2039 2038 2093 2094 
f 2040 2039 2094 2095 
f 2041 2040 2095 2096 
f 2042 2041 2096 2097 
f 2043 2042 2097 2098 
f 2044 2043 2098 2099 
f 2045 2044 2099 2100 
f 5988 2045 2100 3718 
f 2101 2104 2103 2102 
f 2105 2108 2107 2106 
f 2106 2107 2110 2109 
f 2109 2110 2112 2111 
f 2113 2114 2104 2101 
f 2115 2116 2114 2113 
f 2117 2118 2116 2115 
f 2119 2120 2118 2117 
f 2105 2121 6067 3843 
f 2122 2125 2124 2123 
f 2126 2129 2128 2127 
f 2130 2132 2131 2102 
f 2133 2136 2135 2134 
f 2137 2140 2139 2138 
f 2106 2141 2121 2105 
f 2134 2135 2143 2142 
f 2138 2139 2145 2144 
f 2109 2146 2141 2106 
f 2142 2143 2132 2130 
f 2144 2145 2148 2147 
f 2111 2149 2146 2109 
f 2150 2151 2125 2122 
f 2152 2153 2129 2126 
f 2101 2155 2154 2113 
f 2156 2157 2151 2150 
f 2158 2159 2153 2152 
f 2113 2154 2160 2115 
f 2161 2162 2157 2156 
f 2163 2164 2159 2158 
f 2115 2160 2165 2117 
f 2166 2169 2168 2167 
f 2170 2171 2164 2163 
f 2117 2165 2172 2119 
f 2173 2175 2172 2174 
f 1866 1854 2176 
f 2176 2179 2178 2177 
f 2177 2178 2181 2180 
f 2180 2181 2183 2182 
f 2182 2183 2185 2184 
f 2184 2185 2187 2186 
f 2188 2187 2189 
f 2190 2193 2192 2191 
f 2194 2197 2196 2195 
f 2177 2198 1866 2176 
f 2191 2192 2200 2199 
f 2195 2196 2202 2201 
f 2180 2203 2198 2177 
f 2199 2200 2205 2204 
f 2201 2202 2207 2206 
f 2182 2208 2203 2180 
f 2204 2205 2210 2209 
f 2206 2207 2212 2211 
f 2184 2213 2208 2182 
f 2209 2210 2215 2214 
f 2211 2212 2217 2216 
f 2188 2219 2218 2186 
f 2214 2215 2169 2166 
f 2216 2217 2221 2220 
f 2222 2175 2223 2189 
f 2222 2224 2120 2119 
f 2225 2226 2157 
f 2227 2225 2157 
f 2228 2229 2125 
f 2230 2231 2149 2124 
f 2232 2233 2141 
f 2170 2220 2221 2171 
f 2234 2235 2162 2168 
f 2236 2237 2192 
f 2238 2239 2205 
f 1854 1855 2179 2176 
f 1857 1858 2197 2194 
f 1860 1863 2193 2190 
f 2104 2126 2127 2103 
f 2108 2137 2138 2107 
f 2107 2138 2144 2110 
f 2110 2144 2147 2112 
f 2114 2152 2126 2104 
f 2116 2158 2152 2114 
f 2118 2163 2158 2116 
f 2120 2170 2163 2118 
f 2129 2122 2123 2128 
f 2140 2133 2134 2139 
f 2139 2134 2142 2145 
f 2145 2142 2130 2148 
f 2153 2150 2122 2129 
f 2159 2156 2150 2153 
f 2164 2161 2156 2159 
f 2171 2167 2161 2164 
f 2179 2194 2195 2178 
f 2178 2195 2201 2181 
f 2181 2201 2206 2183 
f 2183 2206 2211 2185 
f 2185 2211 2216 2187 
f 2187 2216 2220 2224 
f 2197 2190 2191 2196 
f 2196 2191 2199 2202 
f 2202 2199 2204 2207 
f 2207 2204 2209 2212 
f 2212 2209 2214 2217 
f 2217 2214 2166 2221 
f 2224 2220 2170 2120 
f 2221 2166 2167 2171 
f 1858 1860 2190 2197 
f 2132 2241 2240 2131 
f 2136 2243 2242 2135 
f 2135 2242 2244 2143 
f 2143 2244 2241 2132 
f 2155 2246 2245 2154 
f 2154 2245 2247 2160 
f 2160 2247 2248 2165 
f 2165 2248 2174 2172 
f 2175 2222 2119 2172 
f 2203 2250 2249 2198 
f 2208 2251 2250 2203 
f 2213 2252 2251 2208 
f 2213 2253 2252 
f 2219 2255 2254 2218 
f 2219 2256 2255 
f 2175 2258 2257 2223 
f 2175 2173 2258 
f 2198 2249 1866 
f 2121 2259 3844 6067 
f 2124 2260 2230 
f 2141 2261 2259 2121 
f 2146 2262 2232 2141 
f 2149 2263 2262 2146 
f 2125 2264 2260 2124 
f 2151 2265 2228 2125 
f 2157 2266 2265 2151 
f 2162 2267 2227 2157 
f 2169 2268 2234 2168 
f 2193 2269 2236 2192 
f 2192 2271 2270 2200 
f 2200 2270 2238 2205 
f 2205 2273 2272 2210 
f 2210 2272 2274 2215 
f 2215 2274 2275 2169 
f 2162 2235 2267 
f 2157 2226 2266 
f 2125 2229 2264 
f 2149 2231 2263 
f 2141 2233 2261 
f 2169 2275 2268 
f 2162 2161 2167 2168 
f 2192 2237 2271 
f 2205 2276 2273 
f 1863 2277 2269 2193 
f 1853 1856 1857 1855 
f 1855 1857 2194 2179 
f 2187 2188 2186 
f 2187 2224 2222 2189 
f 2218 2213 2184 2186 
f 2223 2219 2188 2189 
f 2278 2219 2223 2257 
f 2254 2279 2218 
f 2279 2253 2213 2218 
f 2173 2174 1488 1489 
f 2243 6226 1 1486 
f 2240 2241 1478 1479 
f 2242 2243 1486 1484 
f 2244 2242 1484 1482 
f 2241 2244 1482 1478 
f 2246 2240 1479 1498 
f 2245 2246 1498 1496 
f 2247 2245 1496 1494 
f 2248 2247 1494 1492 
f 2174 2248 1492 1488 
f 2249 2250 1526 1523 
f 2250 2251 1511 1526 
f 2251 2252 1510 1511 
f 2252 2253 1514 1510 
f 2254 2255 1501 1518 
f 2255 2256 1500 1501 
f 2257 2258 1508 1506 
f 2258 2173 1489 1508 
f 1866 2249 1523 1524 
f 2256 2278 1504 1500 
f 2278 2257 1506 1504 
f 2279 2254 1518 1516 
f 2253 2279 1516 1514 
f 6227 2108 2105 3843 
f 3845 2136 2133 3846 
f 6228 2140 2137 3847 
f 3847 2137 2108 6227 
f 3846 2133 2140 6228 
f 6226 2243 2136 3845 
f 2278 2256 2219 
f 1627 1693 2280 
f 2226 2225 1931 1932 
f 2225 2227 2005 1931 
f 2229 2228 1939 1941 
f 2231 2230 1947 1949 
f 2233 2232 1955 1957 
f 2235 2234 1832 1833 
f 2237 2236 1823 1821 
f 2276 2239 1814 1811 
f 3844 2259 1961 3840 
f 2230 2260 1945 1947 
f 2259 2261 1959 1961 
f 2232 2262 1953 1955 
f 2262 2263 1951 1953 
f 2260 2264 1943 1945 
f 2228 2265 1937 1939 
f 2265 2266 1935 1937 
f 2227 2267 2001 2005 
f 2234 2268 1835 1832 
f 2236 2269 1825 1823 
f 2270 2271 1819 1816 
f 2238 2270 1816 1817 
f 2272 2273 1808 1809 
f 2274 2272 1809 1839 
f 2275 2274 1839 1837 
f 2267 2235 1833 2001 
f 2266 2226 1932 1935 
f 2264 2229 1941 1943 
f 2263 2231 1949 1951 
f 2261 2233 1957 1959 
f 2268 2275 1837 1835 
f 2271 2237 1821 1819 
f 2273 2276 1811 1808 
f 2277 1864 1829 1827 
f 2269 2277 1827 1825 
f 1633 1634 1830 1831 
f 1637 1633 1831 1834 
f 1639 1637 1834 1836 
f 1640 1639 1836 1838 
f 1642 1640 1838 1806 
f 1644 1642 1806 1807 
f 1646 1644 1807 1810 
f 1652 1648 1812 1813 
f 1651 1652 1813 1815 
f 1654 1651 1815 1818 
f 1656 1654 1818 1820 
f 1658 1656 1820 1822 
f 1660 1658 1822 1824 
f 1662 1660 1824 1826 
f 1664 1662 1826 1828 
f 1902 1899 1933 1934 
f 1899 1903 1936 1933 
f 1903 1905 1938 1936 
f 1905 1907 1940 1938 
f 1907 1909 1942 1940 
f 1909 1911 1944 1942 
f 1911 1913 1946 1944 
f 1913 1915 1948 1946 
f 1915 1917 1950 1948 
f 1917 1919 1952 1950 
f 1919 1921 1954 1952 
f 1921 1923 1956 1954 
f 1923 1925 1958 1956 
f 1925 1927 1960 1958 
f 1927 1929 1962 1960 
f 1929 3716 5902 1962 
f 2009 2006 2003 1998 
f 1634 2010 1999 1830 
f 2010 2009 1998 1999 
f 2030 1902 1934 2004 
f 2006 2030 2004 2003 
f 1664 1828 1841 1744 
f 1611 1608 1666 1669 
f 1614 1613 1671 1672 
f 1617 1614 1672 1674 
f 1619 1617 1674 1677 
f 1623 1620 1681 1683 
f 1635 1632 1691 1692 
f 1632 1636 1695 1691 
f 1636 1638 1697 1695 
f 1638 1641 1668 1697 
f 1641 1643 1667 1668 
f 1643 1645 1670 1667 
f 1645 1647 1673 1670 
f 1649 1650 1675 1676 
f 1650 1653 1678 1675 
f 1653 1655 1680 1678 
f 1655 1657 1682 1680 
f 1657 1659 1684 1682 
f 1659 1661 1686 1684 
f 1661 1663 1688 1686 
f 1734 1735 1696 1665 
f 1663 1743 1742 1688 
f 1758 1755 1750 1747 
f 1769 1766 1753 1754 
f 1743 1758 1747 1742 
f 1755 1846 1843 1750 
f 1852 1769 1754 1845 
f 1846 1794 1843 
f 2007 2008 2019 1992 
f 2011 1635 1692 2015 
f 2008 2011 2015 2019 
f 1608 1734 1665 1666 
f 2059 1619 1677 1679 
f 1620 2059 1679 1681 
f 2060 1623 1683 1685 
f 2061 2060 1685 1687 
f 2062 2061 1687 1746 
f 1766 2062 1746 1753 
f 1791 1852 1845 
f 2068 1693 1694 
f 1735 2068 1694 1696 
f 1690 2280 1717 1716 
f 1737 1738 1729 1728 
f 5906 1963 1726 3717 
f 1963 1965 1727 1726 
f 1965 1967 2052 1727 
f 1967 1969 1722 2052 
f 1969 1971 1723 1722 
f 1971 1973 2051 1723 
f 1973 1975 1718 2051 
f 1975 1977 1719 1718 
f 1977 1979 2057 1719 
f 1979 1981 1714 2057 
f 1981 1983 1715 1714 
f 1983 1985 2025 1715 
f 1985 1988 2024 2025 
f 1988 1990 2024 
f 2014 1689 2026 2027 
f 2014 2027 2018 
f 1738 3841 5998 1729 
f 2064 2063 1725 1724 
f 2065 2064 1724 2054 
f 2063 2066 2053 1725 
f 2066 1737 1728 2053 
f 2069 2067 1721 1720 
f 1693 2069 1720 2058 
f 2067 2065 2054 1721 
f 2280 1693 2058 1717 
f 1689 1690 1716 2026 
f 1627 2280 1690 
f 1558 1555 1554 1557 
f 1592 1589 1588 1591 
f 1613 1614 1615 1612 
f 1648 1652 1649 1647 
f 1671 1669 1589 1592 
f 1673 1676 1590 1591 
f 1612 1615 3835 5658 
f 1812 1810 1555 1558 
f 1814 1817 1556 1557 
f 2239 2238 1817 1814 
f 1648 1646 1810 1812 
f 1613 1611 1669 1671 
f 1647 1649 1676 1673 
f 2239 2276 2205 
f 1863 1864 2277 
s 2
f 1268 1269 1330 1331 
f 1272 1268 1331 1332 
f 1274 1272 1332 1333 
f 1274 1333 1335 1276 
s 3758096928
f 7980 7984 1352 1278 
s 1073741826
f 1280 1278 1352 1347 
s 2
f 1282 1280 1347 1344 
f 1284 1282 1344 1338 
f 1286 1284 1338 1339 
f 1288 1289 1321 1324 
f 1294 1325 1327 1293 
f 1289 1296 1320 1321 
f 1294 1288 1324 1325 
f 1355 1356 1361 1362 
f 1368 1369 1530 1521 
f 1372 1368 1521 1522 
f 1374 1372 1522 1525 
f 1376 1374 1525 1527 
f 1378 1376 1527 1512 
f 1369 1379 1532 1530 
f 1398 1399 1502 1503 
f 1402 1398 1503 1505 
f 1404 1402 1505 1507 
f 1406 1404 1507 1509 
f 1408 1406 1509 1490 
f 1410 1408 1490 1491 
f 1412 1378 1512 1513 
f 1414 1412 1513 1515 
f 1416 1414 1515 1517 
f 1418 1416 1517 1519 
f 1399 1418 1519 1502 
f 1420 1410 1491 1493 
f 1422 1420 1493 1495 
f 1424 1422 1495 1497 
f 1426 1424 1497 1499 
f 1428 1426 1499 1480 
f 1430 1428 1480 1481 
f 1432 1430 1481 1483 
f 1435 1432 1483 1485 
f 1436 1435 1485 1487 
f 3742 1436 1487 3833 
s 258
f 1246 1247 1252 1249 
s 514
f 1220 1198 1295 1263 
s 2
f 1358 1355 1296 1297 
s 18
f 1362 1359 1298 1320 
s 152
f 1359 1363 1301 1298 
s 132
f 1363 1365 1319 1301 
s 2
f 1379 1380 1292 1293 
s 41
f 1396 1395 1306 1307 
s 36
f 1531 1396 1307 1326 
s 3
f 1395 1532 1327 1306 
s 4
f 1365 1785 1319 
f 1795 1531 1326 
s 2
f 1355 1362 1320 1296 
f 1532 1379 1293 1327 
s 17
f 1183 1184 1185 1182 
s 18
f 1183 1240 1242 1184 
f 1195 1193 1245 1248 
s 2
f 1285 1286 1269 1270 
s 18
f 1339 1336 1308 1330 
s 88
f 1336 1340 1311 1308 
s 68
f 1340 1342 1329 1311 
s 2
f 1356 1357 1275 1276 
s 34
f 1360 1361 1335 1316 
s 168
f 1364 1360 1316 1317 
s 132
f 1366 1364 1317 1334 
s 4
f 1366 1334 1783 
f 1342 1783 1329 
s 2
f 1286 1339 1330 1269 
f 1361 1356 1276 1335 
s 1
f 1079 1080 1145 1146 
f 1080 1082 1217 1145 
f 1085 1086 1213 1215 
f 1089 1090 1209 1211 
f 1090 1092 1207 1209 
f 1092 1094 1205 1207 
f 1094 1096 1203 1205 
f 1096 1098 1201 1203 
f 1098 1100 1200 1201 
f 1100 1102 1219 1200 
f 1104 1105 1178 1180 
s 38441187
f 1108 1109 1174 1176 
s 1
f 5037 1111 2281 3719 
f 1114 1115 1168 1170 
f 1115 1119 1166 1168 
f 1119 1120 1164 1166 
f 1120 1122 1162 1164 
f 1122 1124 1160 1162 
f 1124 1126 1158 1160 
f 1126 1128 1156 1158 
f 1128 1130 1154 1156 
f 1130 1132 1152 1154 
f 1132 1134 1150 1152 
f 1134 1136 1148 1150 
f 1136 1079 1146 1148 
f 1082 1085 1215 1217 
f 1086 1089 1211 1213 
f 1105 1108 1176 1178 
f 1139 1104 1180 1182 
s 354680960
f 7993 7969 1174 1109 
s 1
f 1141 1140 1190 1192 
f 1102 1141 1194 2282 
f 1142 1143 1186 1188 
f 1140 1142 1188 1190 
f 1143 1139 1185 1186 
s 2
f 1270 1267 1241 1242 
f 1267 1271 1243 1241 
f 1271 1273 1244 1243 
f 1273 1275 1245 1244 
s 8405505
f 7978 1277 1236 7974 
s 2
f 1279 1237 1236 1277 
f 1279 1281 1238 1237 
f 1281 1283 1239 1238 
f 1283 1285 1240 1239 
f 1290 1287 1264 1251 
f 1291 1292 1295 1266 
f 1297 1290 1251 1252 
f 1287 1291 1266 1264 
f 1357 1358 1247 1248 
f 1370 1367 1253 1254 
f 1367 1371 1255 1253 
f 1371 1373 1256 1255 
f 1373 1375 1257 1256 
f 1375 1377 1258 1257 
f 1380 1370 1254 1263 
f 1400 1397 1221 1222 
f 1397 1401 1223 1221 
f 1401 1403 1224 1223 
f 1403 1405 1225 1224 
f 1405 1407 1226 1225 
f 1407 1409 1227 1226 
f 1377 1411 1259 1258 
f 1411 1413 1260 1259 
f 1413 1415 1261 1260 
f 1415 1417 1262 1261 
f 1417 1400 1222 1262 
f 1409 1419 1228 1227 
f 1419 1421 1229 1228 
f 1421 1423 1230 1229 
f 1423 1425 1231 1230 
f 1425 1427 1232 1231 
f 1427 1429 1233 1232 
f 1429 1431 1234 1233 
f 1431 1433 1235 1234 
f 1358 1297 1252 1247 
f 1292 1380 1263 1295 
s 1
f 1139 1182 1185 
s 2
f 1285 1270 1242 1240 
f 1275 1357 1248 1245 
s 1
f 6232 3848 2284 2283 
f 6235 2286 2285 6238 
f 4 2288 2287 3849 
f 6241 2290 2289 3850 
f 6244 2292 2291 6247 
f 6247 2291 2293 3851 
f 3851 2293 2294 6250 
f 6250 2294 2295 3745 
f 3745 2295 2296 6253 
f 6253 2296 2297 3746 
f 3747 6255 2299 2298 
f 3747 2298 2300 5 
f 5 2300 2301 6260 
f 6260 2301 2302 6262 
f 3748 2304 2303 7 
s 2
f 3852 2306 2305 3749 
f 6267 2308 2307 6270 
f 6270 2307 2309 6272 
f 6272 2309 2310 3750 
s 6
f 3750 2310 2311 6275 
s 1
f 2283 2284 2313 2312 
f 2314 2317 2316 2315 
f 2286 2319 2318 2285 
f 2288 2321 2320 2287 
f 2290 2323 2322 2289 
f 2292 2325 2324 2291 
f 2291 2324 2326 2293 
f 2293 2326 2327 2294 
f 2294 2327 2328 2295 
f 2295 2328 2329 2296 
f 2296 2329 2330 2297 
f 2298 2299 2332 2331 
f 2298 2331 2333 2300 
f 2300 2333 2334 2301 
f 2301 2334 2335 2302 
f 2304 2337 2336 2303 
s 2
f 2306 2339 2338 2305 
f 2308 2341 2340 2307 
f 2307 2340 2342 2309 
f 2309 2342 2343 2310 
s 10
f 2310 2343 2344 2311 
s 1
f 2312 2313 2346 2345 
f 2319 2348 2347 2318 
f 2321 2350 2349 2320 
f 2323 2352 2351 2322 
f 2325 2354 2353 2324 
f 2324 2353 2355 2326 
f 2326 2355 2356 2327 
f 2327 2356 2357 2328 
f 2328 2357 2358 2329 
f 2329 2358 2359 2330 
f 2331 2332 2361 2360 
f 2331 2360 2362 2333 
f 2333 2362 2363 2334 
f 2334 2363 2364 2335 
f 2337 2366 2365 2336 
s 2
f 2339 2368 2367 2338 
f 2341 2370 2369 2340 
f 2340 2369 2371 2342 
f 2342 2371 2372 2343 
s 6
f 2343 2372 2373 2344 
s 1
f 2345 2346 2375 2374 
f 2376 2379 2378 2377 
f 2348 2381 2380 2347 
f 2350 2383 2382 2349 
f 2352 2385 2384 2351 
f 2354 2387 2386 2353 
f 2353 2386 2388 2355 
f 2355 2388 2389 2356 
f 2356 2389 2390 2357 
f 2357 2390 2391 2358 
f 2358 2391 2392 2359 
f 2360 2361 2394 2393 
f 2360 2393 2395 2362 
f 2362 2395 2396 2363 
f 2363 2396 2397 2364 
f 2366 2399 2398 2365 
s 2
f 2368 2401 2400 2367 
f 2370 2403 2402 2369 
f 2369 2402 2404 2371 
f 2371 2404 2405 2372 
s 10
f 2372 2405 2406 2373 
s 1
f 2374 2375 2408 2407 
f 2379 2410 2409 2378 
f 2381 2412 2411 2380 
f 2383 2414 2413 2382 
f 2385 2416 2415 2384 
f 2387 2418 2417 2386 
f 2386 2417 2419 2388 
f 2388 2419 2420 2389 
f 2389 2420 2421 2390 
f 2390 2421 2422 2391 
f 2391 2422 2423 2392 
f 2393 2394 2425 2424 
f 2393 2424 2426 2395 
f 2395 2426 2427 2396 
f 2396 2427 2428 2397 
f 2399 2430 2429 2398 
s 2
f 2401 2432 2431 2400 
f 2403 2434 2433 2402 
f 2402 2433 2435 2404 
f 2404 2435 2436 2405 
s 6
f 2405 2436 2437 2406 
s 1
f 2407 2408 2439 2438 
f 2410 2441 2440 2409 
f 2412 2443 2442 2411 
f 2414 2445 2444 2413 
f 2416 2447 2446 2415 
f 2418 2449 2448 2417 
f 2417 2448 2450 2419 
f 2419 2450 2451 2420 
f 2420 2451 2452 2421 
f 2421 2452 2453 2422 
f 2422 2453 2454 2423 
f 2424 2425 2456 2455 
f 2424 2455 2457 2426 
f 2426 2457 2458 2427 
f 2427 2458 2459 2428 
f 2430 2461 2460 2429 
s 2
f 2432 2462 3475 2431 
f 2434 2464 2463 2433 
f 2433 2463 2465 2435 
f 2435 2465 2466 2436 
s 10
f 2436 2466 2467 2437 
s 1
f 2438 2439 2469 2468 
f 2441 2471 2470 2440 
f 2443 2473 2472 2442 
f 2445 2475 2474 2444 
f 2447 2477 2476 2446 
f 2449 2479 2478 2448 
f 2448 2478 2480 2450 
f 2450 2480 2481 2451 
f 2451 2481 2482 2452 
f 2452 2482 2483 2453 
f 2453 2483 2484 2454 
f 2455 2456 2486 2485 
f 2455 2485 2487 2457 
f 2457 2487 2488 2458 
f 2458 2488 2489 2459 
f 2461 2491 2490 2460 
s 2
f 2464 2493 2492 2463 
f 2463 2492 2494 2465 
f 2465 2494 2495 2466 
s 6
f 2466 2495 2496 2467 
s 1
f 2468 2469 2498 2497 
f 2471 2500 2499 2470 
f 2473 2502 2501 2472 
f 2475 2504 2503 2474 
f 2477 2506 2505 2476 
f 2479 2508 2507 2478 
f 2478 2507 2509 2480 
f 2480 2509 2510 2481 
f 2481 2510 2511 2482 
f 2482 2511 2512 2483 
f 2483 2512 2513 2484 
f 2485 2486 2515 2514 
f 2485 2514 2516 2487 
f 2487 2516 2517 2488 
f 2488 2517 2518 2489 
f 2491 2520 2519 2490 
s 2
f 2521 2524 2523 2522 
f 2493 2526 2525 2492 
f 2492 2525 2527 2494 
f 2494 2527 2528 2495 
s 10
f 2495 2528 2529 2496 
s 1
f 2497 2498 2531 2530 
f 2500 2533 2532 2499 
f 2502 2535 2534 2501 
f 2504 2537 2536 2503 
f 2506 2539 2538 2505 
f 2508 2541 2540 2507 
f 2507 2540 2542 2509 
f 2509 2542 2543 2510 
f 2510 2543 2544 2511 
f 2511 2544 2545 2512 
f 2512 2545 2546 2513 
f 2514 2515 2548 2547 
f 2514 2547 2549 2516 
f 2516 2549 2550 2517 
f 2517 2550 2551 2518 
f 2520 2553 2552 2519 
s 2
f 2554 2521 2522 2555 
f 2526 2557 2556 2525 
f 2525 2556 2558 2527 
f 2527 2558 2559 2528 
s 6
f 2528 2559 2560 2529 
s 1
f 2530 2531 2562 2561 
f 2533 2564 2563 2532 
f 2535 2566 2565 2534 
f 2537 2568 2567 2536 
f 2539 2570 2569 2538 
f 2541 2572 2571 2540 
f 2540 2571 2573 2542 
f 2542 2573 2574 2543 
f 2543 2574 2575 2544 
f 2544 2575 2576 2545 
f 2545 2576 2577 2546 
f 2547 2548 2579 2578 
f 2547 2578 2580 2549 
f 2549 2580 2581 2550 
f 2550 2581 2582 2551 
f 2553 2584 2583 2552 
s 2
f 2585 2554 2555 2586 
f 2557 2588 2587 2556 
f 2556 2587 2589 2558 
f 2558 2589 2590 2559 
s 10
f 2559 2590 2591 2560 
s 1
f 2561 2562 2593 2592 
f 2564 2595 2594 2563 
f 2566 2597 2596 2565 
f 2568 2599 2598 2567 
f 2570 2601 2600 2569 
f 2572 2603 2602 2571 
f 2571 2602 2604 2573 
f 2573 2604 2605 2574 
f 2574 2605 2606 2575 
f 2575 2606 2607 2576 
f 2576 2607 2608 2577 
f 2578 2579 2610 2609 
f 2578 2609 2611 2580 
f 2580 2611 2612 2581 
f 2581 2612 2613 2582 
f 2584 2615 2614 2583 
s 2
f 2616 2585 2586 2617 
f 2588 2619 2618 2587 
f 2587 2618 2620 2589 
f 2589 2620 2621 2590 
s 6
f 2590 2621 2622 2591 
s 1
f 2592 2593 2624 2623 
f 2595 2626 2625 2594 
f 2597 2628 2627 2596 
f 2599 2630 2629 2598 
f 2601 2632 2631 2600 
f 2603 2634 2633 2602 
f 2602 2633 2635 2604 
f 2604 2635 2636 2605 
f 2605 2636 2637 2606 
f 2606 2637 2638 2607 
f 2607 2638 2639 2608 
f 2609 2610 2641 2640 
f 2609 2640 2642 2611 
f 2611 2642 2643 2612 
f 2612 2643 2644 2613 
f 2615 2646 2645 2614 
s 2
f 2647 2616 2617 2648 
f 2619 2650 2649 2618 
f 2618 2649 2651 2620 
f 2620 2651 2652 2621 
s 10
f 2621 2652 2653 2622 
s 1
f 2623 2624 2655 2654 
f 2626 2657 2656 2625 
f 2628 2659 2658 2627 
f 2630 2661 2660 2629 
f 2632 2663 2662 2631 
f 2634 2665 2664 2633 
f 2633 2664 2666 2635 
f 2635 2666 2667 2636 
f 2636 2667 2668 2637 
f 2637 2668 2669 2638 
f 2638 2669 2670 2639 
f 2640 2641 2672 2671 
f 2640 2671 2673 2642 
f 2642 2673 2674 2643 
f 2643 2674 2675 2644 
f 2646 2677 2676 2645 
s 2
f 2678 2647 2648 2679 
f 2650 2681 2680 2649 
f 2649 2680 2682 2651 
f 2651 2682 2683 2652 
s 6
f 2652 2683 2684 2653 
s 1
f 2654 2655 2686 2685 
f 2657 2688 2687 2656 
f 2659 2690 2689 2658 
f 2661 2692 2691 2660 
f 2663 2694 2693 2662 
f 2665 2696 2695 2664 
f 2664 2695 2697 2666 
f 2666 2697 2698 2667 
f 2667 2698 2699 2668 
f 2668 2699 2700 2669 
f 2669 2700 2701 2670 
f 2671 2672 2703 2702 
f 2671 2702 2704 2673 
f 2673 2704 2705 2674 
f 2674 2705 2706 2675 
f 2677 2708 2707 2676 
s 2
f 2709 2678 2679 2710 
f 2681 2712 2711 2680 
f 2680 2711 2713 2682 
f 2682 2713 2714 2683 
s 10
f 2683 2714 2715 2684 
s 1
f 2685 2686 2717 2716 
f 2688 2719 2718 2687 
f 2690 2721 2720 2689 
f 2692 2723 2722 2691 
f 2694 2725 2724 2693 
f 2696 2727 2726 2695 
f 2695 2726 2728 2697 
f 2697 2728 2729 2698 
f 2698 2729 2730 2699 
f 2699 2730 2731 2700 
f 2700 2731 2732 2701 
f 2702 2703 2734 2733 
f 2702 2733 2735 2704 
f 2704 2735 2736 2705 
f 2705 2736 2737 2706 
f 2708 2739 2738 2707 
s 2
f 2740 2709 2710 2741 
f 2712 2743 2742 2711 
f 2711 2742 2744 2713 
f 2713 2744 2745 2714 
s 6
f 2714 2745 2746 2715 
s 1
f 2716 2717 2748 2747 
f 2719 2750 2749 2718 
f 2721 2752 2751 2720 
f 2723 2754 2753 2722 
f 2725 2756 2755 2724 
f 2727 2758 2757 2726 
f 2726 2757 2759 2728 
f 2728 2759 2760 2729 
f 2729 2760 2761 2730 
f 2730 2761 2762 2731 
f 2731 2762 2763 2732 
f 2733 2734 2765 2764 
f 2733 2764 2766 2735 
f 2735 2766 2767 2736 
f 2736 2767 2768 2737 
f 2739 2770 2769 2738 
s 2
f 2771 2740 2741 2772 
f 2743 2774 2773 2742 
f 2742 2773 2775 2744 
f 2744 2775 2776 2745 
s 10
f 2745 2776 2777 2746 
s 1
f 2747 2748 2779 2778 
f 2750 2781 2780 2749 
f 2752 2783 2782 2751 
f 2754 2785 2784 2753 
f 2756 2787 2786 2755 
f 2758 2789 2788 2757 
f 2757 2788 2790 2759 
f 2759 2790 2791 2760 
f 2760 2791 2792 2761 
f 2761 2792 2793 2762 
f 2762 2793 2794 2763 
f 2764 2765 2796 2795 
f 2764 2795 2797 2766 
f 2766 2797 2798 2767 
f 2767 2798 2799 2768 
f 2770 2801 2800 2769 
s 2
f 2802 2771 2772 2803 
f 2774 2805 2804 2773 
f 2773 2804 2806 2775 
f 2775 2806 2807 2776 
s 6
f 2776 2807 2808 2777 
s 1
f 2778 2779 2810 2809 
f 2781 2812 2811 2780 
f 2783 2814 2813 2782 
f 2785 2816 2815 2784 
f 2787 2818 2817 2786 
f 2789 2820 2819 2788 
f 2788 2819 2821 2790 
f 2790 2821 2822 2791 
f 2791 2822 2823 2792 
f 2792 2823 2824 2793 
f 2793 2824 2825 2794 
f 2795 2796 2827 2826 
f 2795 2826 2828 2797 
f 2797 2828 2829 2798 
f 2798 2829 2830 2799 
f 2801 2832 2831 2800 
s 2
f 2833 2802 2803 2834 
f 2805 2836 2835 2804 
f 2804 2835 2837 2806 
f 2806 2837 2838 2807 
s 10
f 2807 2838 2839 2808 
s 1
f 2809 2810 2841 2840 
f 2812 2843 2842 2811 
f 2814 2845 2844 2813 
f 2816 2847 2846 2815 
f 2818 2849 2848 2817 
f 2820 2851 2850 2819 
f 2819 2850 2852 2821 
f 2821 2852 2853 2822 
f 2822 2853 2854 2823 
f 2823 2854 2855 2824 
f 2824 2855 2856 2825 
f 2826 2827 2858 2857 
f 2826 2857 2859 2828 
f 2828 2859 2860 2829 
f 2829 2860 2861 2830 
f 2832 2863 2862 2831 
s 2
f 2864 2833 2834 2865 
f 2836 2867 2866 2835 
f 2835 2866 2868 2837 
f 2837 2868 2869 2838 
s 6
f 2838 2869 2870 2839 
s 1
f 2840 2841 2872 2871 
f 2843 2874 2873 2842 
f 2845 2876 2875 2844 
f 2847 2878 2877 2846 
f 2849 2880 2879 2848 
f 2851 2882 2881 2850 
f 2850 2881 2883 2852 
f 2852 2883 2884 2853 
f 2853 2884 2885 2854 
f 2854 2885 2886 2855 
f 2855 2886 2887 2856 
f 2857 2858 2889 2888 
f 2857 2888 2890 2859 
f 2859 2890 2891 2860 
f 2860 2891 2892 2861 
f 2863 2894 2893 2862 
s 2
f 2895 2864 2865 2896 
f 2867 2898 2897 2866 
f 2866 2897 2899 2868 
f 2868 2899 2900 2869 
s 10
f 2869 2900 2901 2870 
s 1
f 2871 2872 2903 2902 
f 2874 2905 2904 2873 
f 2876 2907 2906 2875 
f 2878 2909 2908 2877 
f 2880 2911 2910 2879 
f 2882 2913 2912 2881 
f 2881 2912 2914 2883 
f 2883 2914 2915 2884 
f 2884 2915 2916 2885 
f 2885 2916 2917 2886 
f 2886 2917 2918 2887 
f 2888 2889 2920 2919 
f 2888 2919 2921 2890 
f 2890 2921 2922 2891 
f 2891 2922 2923 2892 
f 2894 2925 2924 2893 
s 2
f 2926 2895 2896 2927 
f 2898 2929 2928 2897 
f 2897 2928 2930 2899 
f 2899 2930 2931 2900 
s 6
f 2900 2931 2932 2901 
s 1
f 2902 2903 2934 2933 
f 2905 2936 2935 2904 
f 2907 2938 2937 2906 
f 2909 2940 2939 2908 
f 2911 2942 2941 2910 
f 2913 2944 2943 2912 
f 2912 2943 2945 2914 
f 2914 2945 2946 2915 
f 2915 2946 2947 2916 
f 2916 2947 2948 2917 
f 2917 2948 2949 2918 
f 2919 2920 2951 2950 
f 2919 2950 2952 2921 
f 2921 2952 2953 2922 
f 2922 2953 2954 2923 
f 2925 2956 2955 2924 
s 2
f 2957 2926 2927 2958 
f 2929 2960 2959 2928 
f 2928 2959 2961 2930 
f 2930 2961 2962 2931 
s 10
f 2931 2962 2963 2932 
s 1
f 2933 2934 2965 2964 
f 2936 2967 2966 2935 
f 2938 2969 2968 2937 
f 2940 2971 2970 2939 
f 2942 2973 2972 2941 
f 2944 2975 2974 2943 
f 2943 2974 2976 2945 
f 2945 2976 2977 2946 
f 2946 2977 2978 2947 
f 2947 2978 2979 2948 
f 2948 2979 2980 2949 
f 2950 2951 2982 2981 
f 2950 2981 2983 2952 
f 2952 2983 2984 2953 
f 2953 2984 2985 2954 
f 2956 2987 2986 2955 
s 2
f 2988 2957 2958 2989 
f 2960 2991 2990 2959 
f 2959 2990 2992 2961 
f 2961 2992 2993 2962 
s 6
f 2962 2993 2994 2963 
s 1
f 2964 2965 2996 2995 
f 2967 2998 2997 2966 
f 2969 3000 2999 2968 
f 2971 3002 3001 2970 
f 2973 3004 3003 2972 
f 2975 3006 3005 2974 
f 2974 3005 3007 2976 
f 2976 3007 3008 2977 
f 2977 3008 3009 2978 
f 2978 3009 3010 2979 
f 2979 3010 3011 2980 
f 2981 2982 3013 3012 
f 2981 3012 3014 2983 
f 2983 3014 3015 2984 
f 2984 3015 3016 2985 
f 2987 3018 3017 2986 
s 2
f 3019 2988 2989 3020 
f 2991 3022 3021 2990 
f 2990 3021 3023 2992 
f 2992 3023 3024 2993 
s 10
f 2993 3024 3025 2994 
s 1
f 2995 2996 3027 3026 
f 2998 3029 3028 2997 
f 3000 3031 3030 2999 
f 3002 3033 3032 3001 
f 3004 3035 3034 3003 
f 3006 3037 3036 3005 
f 3005 3036 3038 3007 
f 3007 3038 3039 3008 
f 3008 3039 3040 3009 
f 3009 3040 3041 3010 
f 3010 3041 3042 3011 
f 3012 3013 3044 3043 
f 3012 3043 3045 3014 
f 3014 3045 3046 3015 
f 3015 3046 3047 3016 
f 3018 3049 3048 3017 
s 2
f 3050 3019 3020 3051 
f 3022 3053 3052 3021 
f 3021 3052 3054 3023 
f 3023 3054 3055 3024 
s 6
f 3024 3055 3056 3025 
s 1
f 3026 3027 3058 3057 
f 3029 3060 3059 3028 
f 3031 3062 3061 3030 
f 3033 3064 3063 3032 
f 3035 3066 3065 3034 
f 3037 3068 3067 3036 
f 3036 3067 3069 3038 
f 3038 3069 3070 3039 
f 3039 3070 3071 3040 
f 3040 3071 3072 3041 
f 3041 3072 3073 3042 
f 3043 3044 3075 3074 
f 3043 3074 3076 3045 
f 3045 3076 3077 3046 
f 3046 3077 3078 3047 
f 3049 3080 3079 3048 
s 2
f 3081 3050 3051 3082 
f 3053 3084 3083 3052 
f 3052 3083 3085 3054 
f 3054 3085 3086 3055 
s 10
f 3055 3086 3087 3056 
s 1
f 3057 3058 3089 3088 
f 3060 3091 3090 3059 
f 3062 3093 3092 3061 
f 3064 3095 3094 3063 
f 3066 3097 3096 3065 
f 3068 3099 3098 3067 
f 3067 3098 3100 3069 
f 3069 3100 3101 3070 
f 3070 3101 3102 3071 
f 3071 3102 3103 3072 
f 3072 3103 3104 3073 
f 3074 3075 3106 3105 
f 3074 3105 3107 3076 
f 3076 3107 3108 3077 
f 3077 3108 3109 3078 
f 3080 3111 3110 3079 
s 2
f 3112 3081 3082 3113 
f 3084 3115 3114 3083 
f 3083 3114 3116 3085 
f 3085 3116 3117 3086 
s 6
f 3086 3117 3118 3087 
s 1
f 3088 3089 3120 3119 
f 3091 3122 3121 3090 
f 3093 3124 3123 3092 
f 3095 3126 3125 3094 
f 3097 3128 3127 3096 
f 3099 3130 3129 3098 
f 3098 3129 3131 3100 
f 3100 3131 3132 3101 
f 3101 3132 3133 3102 
f 3102 3133 3134 3103 
f 3103 3134 3135 3104 
f 3105 3106 3137 3136 
f 3105 3136 3138 3107 
f 3107 3138 3139 3108 
f 3108 3139 3140 3109 
f 3111 3142 3141 3110 
s 2
f 3143 3112 3113 3144 
f 3115 3146 3145 3114 
f 3114 3145 3147 3116 
f 3116 3147 3148 3117 
s 10
f 3117 3148 3149 3118 
s 1
f 3119 3120 3151 3150 
f 3122 3153 3152 3121 
f 3124 3155 3154 3123 
f 3126 3157 3156 3125 
f 3128 3159 3158 3127 
f 3130 3161 3160 3129 
f 3129 3160 3162 3131 
f 3131 3162 3163 3132 
f 3132 3163 3164 3133 
f 3133 3164 3165 3134 
f 3134 3165 3166 3135 
f 3136 3137 3168 3167 
f 3136 3167 3169 3138 
f 3138 3169 3170 3139 
f 3139 3170 3171 3140 
f 3142 3173 3172 3141 
s 2
f 3174 3143 3144 3175 
f 3146 3177 3176 3145 
f 3145 3176 3178 3147 
f 3147 3178 3179 3148 
s 6
f 3148 3179 3180 3149 
s 1
f 3150 3151 3182 3181 
f 3153 3184 3183 3152 
f 3155 3186 3185 3154 
f 3157 3188 3187 3156 
f 3159 3190 3189 3158 
f 3161 3192 3191 3160 
f 3160 3191 3193 3162 
f 3162 3193 3194 3163 
f 3163 3194 3195 3164 
f 3164 3195 3196 3165 
f 3165 3196 3197 3166 
f 3167 3168 3199 3198 
f 3167 3198 3200 3169 
f 3169 3200 3201 3170 
f 3170 3201 3202 3171 
f 3173 3204 3203 3172 
s 2
f 3205 3174 3175 3206 
f 3177 3208 3207 3176 
f 3176 3207 3209 3178 
f 3178 3209 3210 3179 
s 10
f 3179 3210 3211 3180 
s 1
f 3181 3182 3213 3212 
f 3184 3215 3214 3183 
f 3186 3217 3216 3185 
f 3188 3219 3218 3187 
f 3190 3221 3220 3189 
f 3192 3223 3222 3191 
f 3191 3222 3224 3193 
f 3193 3224 3225 3194 
f 3194 3225 3226 3195 
f 3195 3226 3227 3196 
f 3196 3227 3228 3197 
f 3198 3199 3230 3229 
f 3198 3229 3231 3200 
f 3200 3231 3232 3201 
f 3201 3232 3233 3202 
f 3204 3235 3234 3203 
s 2
f 3236 3205 3206 3237 
f 3208 3239 3238 3207 
f 3207 3238 3240 3209 
f 3209 3240 3241 3210 
s 6
f 3210 3241 3242 3211 
s 1
f 3212 3213 3853 7208 
f 3215 3751 3 3214 
f 3217 7209 7210 3216 
f 3219 7211 7212 3218 
f 3221 7213 7214 3220 
f 3223 3854 7215 3222 
f 3222 7215 7216 3224 
f 3224 7216 7217 3225 
f 3225 7217 7218 3226 
f 3226 7218 7219 3227 
f 3227 7219 3855 3228 
f 3229 3230 7220 7221 
f 3229 7221 3752 3231 
f 3231 3752 3753 3232 
f 3232 3753 3720 3233 
f 3235 7222 3243 3234 
s 2
f 7223 3236 3237 7224 
f 3239 3856 7225 3238 
f 3238 7225 7226 3240 
f 3240 7226 7227 3241 
s 10
f 3241 7227 7228 3242 
s 1
f 3244 3247 3246 3245 
f 3248 3249 3247 3244 
f 3250 3251 3249 3248 
f 3252 3253 3251 3250 
f 3254 3255 3253 3252 
f 3256 3257 3255 3254 
f 3258 3259 3257 3256 
f 3260 3261 3259 3258 
f 3262 3263 3261 3260 
f 3264 3265 3263 3262 
f 3266 3267 3265 3264 
f 3268 3269 3267 3266 
f 3270 3271 3269 3268 
f 3272 3273 3271 3270 
f 3274 3275 3273 3272 
f 3276 3277 3275 3274 
f 3278 3279 3277 3276 
f 3280 3281 3279 3278 
f 3282 3283 3281 3280 
f 3284 3285 3283 3282 
f 3286 3287 3285 3284 
f 3288 3289 3287 3286 
f 3290 3291 3289 3288 
f 3292 3293 3291 3290 
f 3294 3295 3293 3292 
f 3296 3297 3295 3294 
f 3298 3299 3297 3296 
f 3300 3301 3299 3298 
f 3302 3303 3301 3300 
f 3304 3305 3303 3302 
f 7291 7292 3305 3304 
f 7 2303 3306 3721 
s 2
f 2306 3852 3721 3306 
s 1
f 2303 2336 3307 3306 
s 2
f 2339 2306 3306 3307 
s 1
f 2336 2365 3308 3307 
s 2
f 2368 2339 3307 3308 
s 1
f 2365 2398 3309 3308 
s 2
f 2401 2368 3308 3309 
s 1
f 2398 2429 3310 3309 
s 2
f 2432 2401 3309 3310 
s 1
f 2429 2460 3311 3310 
s 2
f 2462 2432 3310 3311 
s 1
f 2460 2490 3312 3311 
s 2
f 3313 2462 3311 3312 
s 1
f 2490 2519 3314 3312 
s 2
f 3315 3313 3312 3314 
s 1
f 2519 2552 3316 3314 
s 2
f 3317 3315 3314 3316 
s 1
f 2552 2583 3318 3316 
s 2
f 3319 3317 3316 3318 
s 1
f 2583 2614 3320 3318 
s 2
f 3321 3319 3318 3320 
s 1
f 2614 2645 3322 3320 
s 2
f 3323 3321 3320 3322 
s 1
f 2645 2676 3324 3322 
s 2
f 3325 3323 3322 3324 
s 1
f 2676 2707 3326 3324 
s 2
f 3327 3325 3324 3326 
s 1
f 2707 2738 3328 3326 
s 2
f 3329 3327 3326 3328 
s 1
f 2738 2769 3330 3328 
s 2
f 3331 3329 3328 3330 
s 1
f 2769 2800 3332 3330 
s 2
f 3333 3331 3330 3332 
s 1
f 2800 2831 3334 3332 
s 2
f 3335 3333 3332 3334 
s 1
f 2831 2862 3336 3334 
s 2
f 3337 3335 3334 3336 
s 1
f 2862 2893 3338 3336 
s 2
f 3339 3337 3336 3338 
s 1
f 2893 2924 3340 3338 
s 2
f 3341 3339 3338 3340 
s 1
f 2924 2955 3342 3340 
s 2
f 3343 3341 3340 3342 
s 1
f 2955 2986 3344 3342 
s 2
f 3345 3343 3342 3344 
s 1
f 2986 3017 3346 3344 
s 2
f 3347 3345 3344 3346 
s 1
f 3017 3048 3348 3346 
s 2
f 3349 3347 3346 3348 
s 1
f 3048 3079 3350 3348 
s 2
f 3351 3349 3348 3350 
s 1
f 3079 3110 3352 3350 
s 2
f 3353 3351 3350 3352 
s 1
f 3110 3141 3354 3352 
s 2
f 3355 3353 3352 3354 
s 1
f 3141 3172 3356 3354 
s 2
f 3357 3355 3354 3356 
s 1
f 3172 3203 3358 3356 
s 2
f 3359 3357 3356 3358 
s 1
f 3203 3234 3360 3358 
s 2
f 3361 3359 3358 3360 
s 1
f 3234 3243 7349 3360 
s 2
f 3754 3361 3360 7349 
s 1
f 3362 3246 3364 3363 
f 3365 2315 3366 
f 3367 3755 7356 
f 3368 3367 7356 2314 
f 3369 3368 2314 
f 3245 3371 3370 
f 3372 3371 3245 
f 3857 3373 7363 
f 3374 3363 3364 
f 3362 3375 3246 
f 3375 3372 3245 3246 
f 7363 3373 3374 3364 
f 2315 3376 3366 
f 2315 3377 3376 
f 2315 3245 3370 3377 
f 3365 3369 2314 2315 
f 2376 2377 2316 2317 
s 2
f 8 3379 3378 7370 
f 3380 3381 7373 3858 
f 3382 3383 3381 3380 
f 3384 3385 3383 3382 
f 3386 3387 3385 3384 
f 3388 3389 3387 3386 
f 3390 3391 3389 3388 
f 3392 3393 3391 3390 
f 3394 3395 3393 3392 
f 3395 3394 3397 3396 
f 3396 3397 3399 3398 
f 3398 3399 3401 3400 
f 3400 3401 3403 3402 
f 3402 3403 3405 3404 
f 3404 3405 3407 3406 
f 3406 3407 3378 3379 
s 1
f 3362 3363 3409 3408 
f 3365 3366 3411 3410 
f 3755 3367 3412 7405 
f 3367 3368 3413 3412 
f 3368 3369 3414 3413 
f 3370 3371 3416 3415 
f 3371 3372 3417 3416 
f 3373 3857 3859 3418 
f 3363 3374 3419 3409 
f 3375 3362 3408 3420 
f 3372 3375 3420 3417 
f 3374 3373 3418 3419 
f 3366 3376 3421 3411 
f 3376 3377 3422 3421 
f 3377 3370 3415 3422 
f 3369 3365 3410 3414 
s 2
f 3379 8 7405 3412 
f 7373 3381 3418 3859 
f 3381 3383 3419 3418 
f 3383 3385 3409 3419 
f 3385 3387 3408 3409 
f 3387 3389 3420 3408 
f 3389 3391 3417 3420 
f 3391 3393 3416 3417 
f 3393 3395 3415 3416 
f 3395 3396 3422 3415 
f 3396 3398 3421 3422 
f 3398 3400 3411 3421 
f 3400 3402 3410 3411 
f 3402 3404 3414 3410 
f 3404 3406 3413 3414 
f 3406 3379 3412 3413 
s 1
f 7416 3860 3423 
f 7416 3423 3424 
f 7416 3424 3425 
f 7416 3425 3426 
f 7416 3426 3427 
f 7416 3427 3428 
f 7416 3428 3429 
f 7416 3429 3430 
f 7416 3430 3431 
f 7416 3431 3432 
f 7416 3432 3433 
f 7416 3433 3434 
f 7416 3434 3435 
f 7416 3435 3436 
f 7416 3436 3437 
f 7416 3437 7432 
s 2
f 2524 3899 3878 2523 
f 3438 3441 3440 3439 
f 3439 3440 3443 3442 
f 3442 3443 3445 3444 
f 3444 3445 3447 3446 
f 3446 3447 3449 3448 
f 3448 3449 7447 7448 
f 3450 3451 2524 2521 
f 2523 3313 3315 2522 
f 3452 3450 2521 2554 
f 3315 3317 2555 2522 
f 3453 3452 2554 2585 
f 3317 3319 2586 2555 
f 3454 3453 2585 2616 
f 3319 3321 2617 2586 
f 3455 3454 2616 2647 
f 3321 3323 2648 2617 
f 3456 3455 2647 2678 
f 3323 3325 2679 2648 
f 3457 3456 2678 2709 
f 3325 3327 2710 2679 
f 3458 3457 2709 2740 
f 3327 3329 2741 2710 
f 3459 3458 2740 2771 
f 3329 3331 2772 2741 
f 3460 3459 2771 2802 
f 3331 3333 2803 2772 
f 3461 3460 2802 2833 
f 3333 3335 2834 2803 
f 3462 3461 2833 2864 
f 3335 3337 2865 2834 
f 3463 3462 2864 2895 
f 3337 3339 2896 2865 
f 3464 3463 2895 2926 
f 3339 3341 2927 2896 
f 3465 3464 2926 2957 
f 3341 3343 2958 2927 
f 3466 3465 2957 2988 
f 3343 3345 2989 2958 
f 3467 3466 2988 3019 
f 3345 3347 3020 2989 
f 3468 3467 3019 3050 
f 3347 3349 3051 3020 
f 3469 3468 3050 3081 
f 3349 3351 3082 3051 
f 3470 3469 3081 3112 
f 3351 3353 3113 3082 
f 3471 3470 3112 3143 
f 3353 3355 3144 3113 
f 3472 3471 3143 3174 
f 3355 3357 3175 3144 
f 3473 3472 3174 3205 
f 3357 3359 3206 3175 
f 3474 3473 3205 3236 
f 3359 3361 3237 3206 
f 7474 3474 3236 7223 
f 3361 3754 7224 3237 
f 3441 3438 2524 3451 
f 2462 3313 2523 3475 
s 10
f 3438 3439 3476 3899 
s 6
f 3439 3442 3477 3476 
s 10
f 3442 3444 3478 3477 
s 6
f 3444 3446 3479 3478 
s 10
f 3446 3448 3480 3479 
s 6
f 3448 7448 3756 3480 
s 2
f 3438 3899 2524 
s 6
f 3749 2305 3481 3861 
s 10
f 2305 2338 3482 3481 
s 6
f 2338 2367 3483 3482 
s 10
f 2367 2400 3484 3483 
s 6
f 2400 2431 3485 3484 
s 10
f 2431 3475 3878 3485 
s 2
f 3475 2523 3878 
f 3378 3486 3862 7370 
f 3858 3757 3487 3380 
f 3380 3487 3488 3382 
f 3382 3488 3489 3384 
f 3384 3489 3490 3386 
f 3386 3490 3491 3388 
f 3388 3491 3492 3390 
f 3390 3492 3493 3392 
f 3392 3493 3494 3394 
f 3394 3494 3495 3397 
f 3397 3495 3496 3399 
f 3399 3496 3497 3401 
f 3401 3497 3498 3403 
f 3403 3498 3499 3405 
f 3405 3499 3500 3407 
f 3407 3500 3486 3378 
s 1
f 3860 3862 3486 3423 
f 3423 3486 3500 3424 
f 3424 3500 3499 3425 
f 3425 3499 3498 3426 
f 3426 3498 3497 3427 
f 3427 3497 3496 3428 
f 3428 3496 3495 3429 
f 3429 3495 3494 3430 
f 3430 3494 3493 3431 
f 3431 3493 3492 3432 
f 3432 3492 3491 3433 
f 3433 3491 3490 3434 
f 3434 3490 3489 3435 
f 3435 3489 3488 3436 
f 3436 3488 3487 3437 
f 3437 3487 3757 7432 
f 6232 2283 3501 7501 
f 2283 2312 3502 3501 
f 2312 2345 3503 3502 
f 2345 2374 3504 3503 
f 2374 2407 3505 3504 
f 2407 2438 3506 3505 
f 2438 2468 3507 3506 
f 2468 2497 3508 3507 
f 2497 2530 3509 3508 
f 2530 2561 3510 3509 
f 2561 2592 3511 3510 
f 2592 2623 3512 3511 
f 2623 2654 3513 3512 
f 2654 2685 3514 3513 
f 2685 2716 3515 3514 
f 2716 2747 3516 3515 
f 2747 2778 3517 3516 
f 2778 2809 3518 3517 
f 2809 2840 3519 3518 
f 2840 2871 3520 3519 
f 2871 2902 3521 3520 
f 2902 2933 3522 3521 
f 2933 2964 3523 3522 
f 2964 2995 3524 3523 
f 2995 3026 3525 3524 
f 3026 3057 3526 3525 
f 3057 3088 3527 3526 
f 3088 3119 3528 3527 
f 3119 3150 3529 3528 
f 3150 3181 3530 3529 
f 3181 3212 3531 3530 
f 3212 7208 7532 3531 
f 1081 910 911 924 
f 1087 1084 932 929 
f 1091 1088 937 938 
f 1093 1091 938 942 
f 1095 1093 942 945 
f 1097 1095 945 948 
f 1099 1097 948 951 
f 1101 1099 951 954 
f 1106 1103 960 961 
s 50860865
f 1110 1107 967 968 
s 1
f 1112 3533 974 3532 
f 1113 3534 975 979 
f 1116 981 986 1117 
f 1121 1118 987 990 
f 1123 1121 990 994 
f 1125 1123 994 997 
f 1127 1125 997 1000 
f 1129 1127 1000 1003 
f 1131 1129 1003 1006 
f 1133 1131 1006 1009 
f 1135 1133 1009 1012 
f 1137 1135 1012 1015 
f 1078 1137 1015 1017 
f 1084 1083 1018 932 
f 1088 1087 929 937 
f 1107 1106 961 967 
f 1103 1138 957 960 
f 1138 1101 954 957 
f 169 166 712 606 
f 193 190 225 226 
f 229 230 596 597 
f 261 262 592 591 
f 265 266 593 594 
f 269 265 594 595 
f 230 269 595 596 
f 270 599 600 273 
f 270 274 598 599 
f 274 229 597 598 
f 403 404 393 391 
f 437 438 401 399 
f 441 437 399 397 
f 443 441 397 395 
f 404 443 395 393 
f 447 444 1035 385 
f 451 448 389 386 
f 448 403 391 389 
f 607 605 713 610 
f 607 169 606 605 
f 652 193 226 704 
f 190 656 707 225 
f 765 766 828 829 
f 791 792 382 788 
f 833 830 835 836 
f 845 846 843 842 
f 909 833 836 908 
f 830 913 917 835 
f 846 925 922 843 
f 928 845 842 923 
f 792 447 385 382 
f 262 765 829 592 
f 266 261 591 593 
f 444 451 386 1035 
f 652 704 705 655 
f 741 655 705 611 
f 166 611 705 712 
f 925 926 1018 924 
f 924 1018 1083 1081 
f 1081 1078 1017 910 
f 910 1017 912 909 
s 529
f 1220 1219 1197 1198 
s 1
f 1219 1102 2282 1197 
s 261
f 2282 1246 1249 1197 
s 1
f 719 3536 3535 718 
f 722 3538 3537 721 
f 721 3537 3536 719 
f 724 3539 3538 722 
f 726 3540 3539 724 
f 728 3541 3540 726 
f 729 3542 3541 728 
f 731 3543 3542 729 
f 733 3544 3543 731 
f 735 3545 3544 733 
f 737 3546 3545 735 
f 739 3547 3546 737 
f 1040 3548 7550 4663 
f 1043 3549 3548 1040 
f 718 3535 3549 1043 
f 2297 2299 6255 3746 
f 3748 6262 2302 2304 
f 2330 2332 2299 2297 
f 2304 2302 2335 2337 
f 2359 2361 2332 2330 
f 2337 2335 2364 2366 
f 2392 2394 2361 2359 
f 2366 2364 2397 2399 
f 2423 2425 2394 2392 
f 2399 2397 2428 2430 
f 2454 2456 2425 2423 
f 2430 2428 2459 2461 
f 2484 2486 2456 2454 
f 2461 2459 2489 2491 
f 2513 2515 2486 2484 
f 2491 2489 2518 2520 
f 2546 2548 2515 2513 
f 2520 2518 2551 2553 
f 2577 2579 2548 2546 
f 2553 2551 2582 2584 
f 2608 2610 2579 2577 
f 2584 2582 2613 2615 
f 2639 2641 2610 2608 
f 2615 2613 2644 2646 
f 2670 2672 2641 2639 
f 2646 2644 2675 2677 
f 2701 2703 2672 2670 
f 2677 2675 2706 2708 
f 2732 2734 2703 2701 
f 2708 2706 2737 2739 
f 2763 2765 2734 2732 
f 2739 2737 2768 2770 
f 2794 2796 2765 2763 
f 2770 2768 2799 2801 
f 2825 2827 2796 2794 
f 2801 2799 2830 2832 
f 2856 2858 2827 2825 
f 2832 2830 2861 2863 
f 2887 2889 2858 2856 
f 2863 2861 2892 2894 
f 2918 2920 2889 2887 
f 2894 2892 2923 2925 
f 2949 2951 2920 2918 
f 2925 2923 2954 2956 
f 2980 2982 2951 2949 
f 2956 2954 2985 2987 
f 3011 3013 2982 2980 
f 2987 2985 3016 3018 
f 3042 3044 3013 3011 
f 3018 3016 3047 3049 
f 3073 3075 3044 3042 
f 3049 3047 3078 3080 
f 3104 3106 3075 3073 
f 3080 3078 3109 3111 
f 3135 3137 3106 3104 
f 3111 3109 3140 3142 
f 3166 3168 3137 3135 
f 3142 3140 3171 3173 
f 3197 3199 3168 3166 
f 3173 3171 3202 3204 
f 3228 3230 3199 3197 
f 3204 3202 3233 3235 
f 3855 7220 3230 3228 
f 3235 3233 3720 7222 
f 189 3551 3550 188 
f 3552 341 340 1023 
f 641 3554 3553 640 
f 640 3553 3551 189 
f 188 3555 639 186 
f 786 787 3557 3556 
f 787 785 341 3552 
f 1024 3559 3558 1023 
f 3560 249 248 351 
f 3561 342 344 3562 
f 3562 344 249 3560 
f 348 3564 3563 350 
f 350 3563 3565 351 
f 3564 3566 370 367 
f 3567 3570 3569 3568 
f 756 3567 3568 755 
f 1024 343 342 3561 
f 3570 3572 3571 3569 
f 3573 7576 4554 650 
f 3574 3575 7579 3758 
f 3574 3758 3722 3576 
f 3576 3722 3825 258 
f 377 381 4282 379 
f 3577 3573 650 648 
f 3578 3579 3575 3574 
f 3578 3574 3576 3580 
f 3580 3576 258 256 
f 3581 3584 3583 3582 
f 3582 3583 3573 3577 
f 374 377 379 371 
f 3585 3577 648 646 
f 3586 3587 3579 3578 
f 3586 3578 3580 3588 
f 3588 3580 256 254 
f 3589 3581 3582 3590 
f 3590 3582 3577 3585 
f 365 374 371 362 
f 3591 3585 646 642 
f 368 3586 3588 3592 
f 3592 3588 254 250 
f 3593 3589 3590 3594 
f 3594 3590 3585 3591 
f 359 365 362 352 
f 252 3595 3565 251 
f 354 3596 3558 353 
f 358 3559 3597 357 
f 357 3597 3598 361 
f 361 3598 3595 252 
f 643 644 3599 3550 
f 1026 1027 3556 3557 
f 1026 3557 3596 354 
f 3600 3591 642 643 
f 367 368 3592 3601 
f 3601 3592 250 251 
f 3602 3593 3594 3603 
f 3603 3594 3591 3600 
f 358 359 352 353 
f 3595 3560 351 3565 
f 3596 3552 1023 3558 
f 3559 1024 3561 3597 
f 3597 3561 3562 3598 
f 3598 3562 3560 3595 
f 3550 3599 3555 188 
f 888 885 884 887 
f 986 981 980 985 
f 985 980 885 888 
f 887 988 992 886 
f 3557 787 3552 3596 
f 3551 3600 643 3550 
f 3554 3602 3603 3553 
f 3553 3603 3600 3551 
f 3559 358 353 3558 
f 3564 367 3601 3563 
f 3563 3601 251 3565 
f 3564 348 349 3566 
f 3572 3604 3571 
s 4
f 2103 2148 2130 2102 
f 2124 2149 2111 2123 
f 2128 2112 2147 2127 
f 2131 2155 2101 2102 
f 2127 2147 2148 2103 
f 2123 2111 2112 2128 
f 2240 2246 2155 2131 
s 1
f 368 369 3587 3586 
f 986 987 1118 1117 
f 1117 1118 1119 1115 
f 3605 3606 3713 976 
f 3533 7610 6 3607 
f 3607 6 3606 3605 
f 1112 3532 3608 1111 
s 17
f 3609 7614 3719 2281 
s 18
f 3610 3723 7614 3609 
s 1
f 1111 3608 3611 2281 
s 2
f 1437 3741 3723 3610 
s 1
f 1112 5034 7610 3533 
f 976 977 3612 879 
f 880 3605 976 879 
f 974 3533 3607 973 
f 973 3607 3605 880 
s 21
f 3613 3609 2281 3611 
s 22
f 3614 3610 3609 3613 
s 2
f 1434 1437 3610 3614 
s 1
f 974 975 3534 3532 
f 3532 3534 3615 3608 
f 3608 3615 1172 3611 
f 879 3612 3616 878 
f 3534 1113 1114 3615 
s 29
f 1173 3613 3611 1172 
s 30
f 1235 3614 3613 1173 
s 1
f 3615 1114 1170 1172 
s 2
f 1433 1434 3614 1235 
s 1
f 878 3616 983 882 
s 2
f 1433 1431 1432 1435 
f 1435 1436 1437 1434 
s 1
f 1116 1113 979 981 
f 273 913 914 272 
f 272 914 1016 282 
f 282 1016 1013 290 
f 290 1013 1010 298 
f 298 1010 1007 306 
f 306 1007 1004 314 
f 314 1004 1001 322 
f 322 1001 998 330 
f 330 998 995 338 
f 338 995 991 346 
f 346 991 992 349 
f 370 982 983 369 
f 401 923 921 400 
f 439 927 928 438 
f 453 934 927 439 
f 476 939 940 475 
f 484 943 939 476 
f 492 946 943 484 
f 500 949 946 492 
f 508 952 949 500 
f 516 955 952 508 
f 524 958 955 516 
f 532 964 958 524 
f 555 969 970 554 
s 268435493
f 563 971 969 555 
s 1
f 589 919 916 588 
f 400 921 919 589 
f 588 916 917 600 
f 1019 933 934 453 
f 475 940 933 1019 
f 1020 963 964 532 
f 554 970 963 1020 
s 532484
f 3735 3832 971 563 
s 1
f 600 917 913 273 
f 438 928 923 401 
f 3566 988 982 370 
f 3575 977 4884 7579 
f 3579 3612 977 3575 
f 3587 3616 3612 3579 
f 349 992 988 3566 
f 369 983 3616 3587 
f 714 692 689 716 
f 716 689 686 717 
f 717 686 683 720 
f 720 683 680 723 
f 723 680 677 725 
f 725 677 674 727 
f 727 674 671 730 
f 730 671 668 732 
f 732 668 665 734 
f 734 665 662 736 
f 736 662 659 738 
f 738 659 654 740 
f 741 611 612 742 
f 740 654 655 741 
f 742 612 615 3617 
f 3617 615 618 743 
f 743 618 621 746 
f 746 621 624 748 
f 748 624 627 750 
f 750 627 630 752 
f 752 630 633 754 
f 754 633 636 756 
f 759 698 695 758 
f 758 695 692 714 
f 3567 639 3555 3570 
f 756 636 639 3567 
f 3570 3555 3599 3572 
f 3618 647 649 3619 
f 3619 649 651 3620 
f 3621 645 647 3618 
f 3604 644 645 3621 
f 3572 3599 644 3604 
f 766 767 609 610 
f 767 768 614 609 
f 768 770 617 614 
f 770 772 620 617 
f 772 774 623 620 
f 774 776 626 623 
f 776 778 629 626 
f 778 780 632 629 
f 780 782 635 632 
f 782 784 638 635 
f 784 786 641 638 
f 788 789 706 707 
f 790 791 656 657 
f 794 790 657 660 
f 796 794 660 663 
f 798 796 663 666 
f 800 798 666 669 
f 802 800 669 672 
f 804 802 672 675 
f 806 804 675 678 
f 808 806 678 681 
f 810 808 681 684 
f 812 810 684 687 
f 814 812 687 690 
f 816 814 690 693 
f 818 816 693 696 
f 821 818 696 699 
s 1165
f 822 821 699 702 
s 1
f 824 825 710 711 
f 789 824 711 706 
f 825 828 713 710 
s 25165828
f 3831 822 702 3830 
s 1
f 1027 1028 3593 3602 
f 1028 1030 3589 3593 
f 1030 1032 3581 3589 
f 1032 1034 3584 3581 
f 1034 4952 3863 3584 
f 828 766 610 713 
f 791 788 707 656 
f 786 3556 3554 641 
f 3556 1027 3602 3554 
f 380 372 371 379 
f 651 649 648 650 
f 1034 1032 1031 1033 
f 1033 1031 372 380 
f 3584 3863 3864 3583 
f 3583 3864 7576 3573 
f 651 4555 7627 3620 
f 739 3623 3622 3547 
f 3623 744 3624 3622 
f 744 745 3625 3624 
f 745 747 3626 3625 
f 747 749 3627 3626 
f 749 751 3628 3627 
f 751 753 3629 3628 
f 753 755 3630 3629 
f 3568 3569 3632 3631 
f 755 3568 3631 3630 
f 3569 3571 3633 3632 
f 3618 3619 3635 3634 
f 3619 3620 3636 3635 
f 3621 3618 3634 3637 
f 3604 3621 3637 3638 
f 3571 3604 3638 3633 
f 3620 7627 3865 3636 
f 742 3617 3623 739 
f 3617 743 744 3623 
s 5
f 1195 1246 2282 1194 
s 1
f 1141 1192 1194 
f 3730 7550 3548 11 
f 12 3639 7646 3913 
f 11 3548 3549 16 
f 17 3640 3639 12 
f 16 3549 3535 21 
f 22 3641 3640 17 
f 21 3535 3536 26 
f 27 3642 3641 22 
f 26 3536 3537 31 
f 32 3643 3642 27 
f 31 3537 3538 36 
f 37 3644 3643 32 
f 36 3538 3539 41 
f 42 3645 3644 37 
f 41 3539 3540 46 
f 47 3646 3645 42 
f 46 3540 3541 51 
f 52 3647 3646 47 
f 51 3541 3542 56 
f 57 3648 3647 52 
f 56 3542 3543 61 
f 62 3649 3648 57 
f 61 3543 3544 66 
f 67 3650 3649 62 
f 66 3544 3545 71 
f 72 3651 3650 67 
f 71 3545 3546 76 
f 77 3652 3651 72 
f 76 3546 3547 81 
f 82 3653 3652 77 
f 81 3547 3622 86 
f 87 3654 3653 82 
f 86 3622 3624 91 
f 92 3655 3654 87 
f 91 3624 3625 96 
f 97 3656 3655 92 
f 96 3625 3626 101 
f 102 3657 3656 97 
f 101 3626 3627 106 
f 107 3658 3657 102 
f 106 3627 3628 111 
f 112 3659 3658 107 
f 111 3628 3629 116 
f 117 3660 3659 112 
f 116 3629 3630 121 
f 122 3661 3660 117 
f 121 3630 3631 126 
f 127 3662 3661 122 
f 126 3631 3632 131 
f 132 3663 3662 127 
f 131 3632 3633 136 
f 137 3664 3663 132 
f 136 3633 3638 141 
f 142 3665 3664 137 
f 141 3638 3637 146 
f 147 3666 3665 142 
f 146 3637 3634 151 
f 152 3667 3666 147 
f 151 3634 3635 156 
f 157 3668 3667 152 
f 156 3635 3636 161 
f 162 3669 3668 157 
f 161 3636 3865 3712 
f 3731 7677 3669 162 
f 3848 7646 3639 2284 
f 2284 3639 3640 2313 
f 2313 3640 3641 2346 
f 2346 3641 3642 2375 
f 2375 3642 3643 2408 
f 2408 3643 3644 2439 
f 2439 3644 3645 2469 
f 2469 3645 3646 2498 
f 2498 3646 3647 2531 
f 2531 3647 3648 2562 
f 2562 3648 3649 2593 
f 2593 3649 3650 2624 
f 2624 3650 3651 2655 
f 2655 3651 3652 2686 
f 2686 3652 3653 2717 
f 2717 3653 3654 2748 
f 2748 3654 3655 2779 
f 2779 3655 3656 2810 
f 2810 3656 3657 2841 
f 2841 3657 3658 2872 
f 2872 3658 3659 2903 
f 2903 3659 3660 2934 
f 2934 3660 3661 2965 
f 2965 3661 3662 2996 
f 2996 3662 3663 3027 
f 3027 3663 3664 3058 
f 3058 3664 3665 3089 
f 3089 3665 3666 3120 
f 3120 3666 3667 3151 
f 3151 3667 3668 3182 
f 3182 3668 3669 3213 
f 3213 3669 7677 3853 
f 3501 2314 7356 7501 
f 3502 2317 2314 3501 
f 3503 2376 2317 3502 
f 3504 2379 2376 3503 
f 3505 2410 2379 3504 
f 3506 2441 2410 3505 
f 3507 2471 2441 3506 
f 3508 2500 2471 3507 
f 3509 2533 2500 3508 
f 3510 2564 2533 3509 
f 3511 2595 2564 3510 
f 3512 2626 2595 3511 
f 3513 2657 2626 3512 
f 3514 2688 2657 3513 
f 3515 2719 2688 3514 
f 3516 2750 2719 3515 
f 3517 2781 2750 3516 
f 3518 2812 2781 3517 
f 3519 2843 2812 3518 
f 3520 2874 2843 3519 
f 3521 2905 2874 3520 
f 3522 2936 2905 3521 
f 3523 2967 2936 3522 
f 3524 2998 2967 3523 
f 3525 3029 2998 3524 
f 3526 3060 3029 3525 
f 3527 3091 3060 3526 
f 3528 3122 3091 3527 
f 3529 3153 3122 3528 
f 3530 3184 3153 3529 
f 3531 3215 3184 3530 
f 7532 3751 3215 3531 
s 24604
f 757 3733 7678 3670 
s 10268
f 760 761 3672 3671 
s 37140
f 762 763 3674 3673 
s 2099968
f 1036 760 3671 3675 
s 8348
f 1037 1038 3677 3676 
s 4194844
f 3739 1039 3678 7688 
s 13312
f 761 762 3673 3672 
s 43008
f 763 1037 3676 3674 
s 41228
f 1041 1042 3680 3679 
s 16940
f 1044 1045 3682 3681 
s 133760
f 1046 1044 3681 3683 
s 150528
f 1045 1047 3684 3682 
s 139280
f 1047 1041 3679 3684 
s 131140
f 1038 1046 3683 3677 
s 69856
f 4969 1048 3670 7678 
s 344160
f 1051 3740 7688 3678 
s 917504
f 1053 1051 3678 3675 
s 577536
f 1055 1053 3675 3671 
s 98528
f 1057 1055 3671 3672 
s 81921
f 1059 1057 3672 3673 
s 148064
f 1061 1059 3673 3674 
s 196609
f 1063 1061 3674 3676 
s 83232
f 1065 1063 3676 3677 
s 278529
f 1067 1065 3677 3683 
s 275456
f 1069 1067 3683 3681 
s 41296
f 1071 1069 3681 3682 
s 364544
f 1073 1071 3682 3684 
s 786433
f 1075 1073 3684 3679 
s 527008
f 1077 1075 3679 3680 
s 7168
f 1048 1077 3680 3670 
s 49154
f 1042 757 3670 3680 
s 7340032
f 1039 1036 3675 3678 
s 1
f 2289 2292 6244 3850 
f 2322 2325 2292 2289 
f 2351 2354 2325 2322 
f 2384 2387 2354 2351 
f 2415 2418 2387 2384 
f 2446 2449 2418 2415 
f 2476 2479 2449 2446 
f 2505 2508 2479 2476 
f 2538 2541 2508 2505 
f 2569 2572 2541 2538 
f 2600 2603 2572 2569 
f 2631 2634 2603 2600 
f 2662 2665 2634 2631 
f 2693 2696 2665 2662 
f 2724 2727 2696 2693 
f 2755 2758 2727 2724 
f 2786 2789 2758 2755 
f 2817 2820 2789 2786 
f 2848 2851 2820 2817 
f 2879 2882 2851 2848 
f 2910 2913 2882 2879 
f 2941 2944 2913 2910 
f 2972 2975 2944 2941 
f 3003 3006 2975 2972 
f 3034 3037 3006 3003 
f 3065 3068 3037 3034 
f 3096 3099 3068 3065 
f 3127 3130 3099 3096 
f 3158 3161 3130 3127 
f 3189 3192 3161 3158 
f 3220 3223 3192 3189 
f 7214 3854 3223 3220 
f 2287 2290 6241 3849 
f 2320 2323 2290 2287 
f 2349 2352 2323 2320 
f 2382 2385 2352 2349 
f 2413 2416 2385 2382 
f 2444 2447 2416 2413 
f 2474 2477 2447 2444 
f 2503 2506 2477 2474 
f 2536 2539 2506 2503 
f 2567 2570 2539 2536 
f 2598 2601 2570 2567 
f 2629 2632 2601 2598 
f 2660 2663 2632 2629 
f 2691 2694 2663 2660 
f 2722 2725 2694 2691 
f 2753 2756 2725 2722 
f 2784 2787 2756 2753 
f 2815 2818 2787 2784 
f 2846 2849 2818 2815 
f 2877 2880 2849 2846 
f 2908 2911 2880 2877 
f 2939 2942 2911 2908 
f 2970 2973 2942 2939 
f 3001 3004 2973 2970 
f 3032 3035 3004 3001 
f 3063 3066 3035 3032 
f 3094 3097 3066 3063 
f 3125 3128 3097 3094 
f 3156 3159 3128 3125 
f 3187 3190 3159 3156 
f 3218 3221 3190 3187 
f 7212 7213 3221 3218 
f 2285 2288 4 6238 
f 2318 2321 2288 2285 
f 2347 2350 2321 2318 
f 2380 2383 2350 2347 
f 2411 2414 2383 2380 
f 2442 2445 2414 2411 
f 2472 2475 2445 2442 
f 2501 2504 2475 2472 
f 2534 2537 2504 2501 
f 2565 2568 2537 2534 
f 2596 2599 2568 2565 
f 2627 2630 2599 2596 
f 2658 2661 2630 2627 
f 2689 2692 2661 2658 
f 2720 2723 2692 2689 
f 2751 2754 2723 2720 
f 2782 2785 2754 2751 
f 2813 2816 2785 2782 
f 2844 2847 2816 2813 
f 2875 2878 2847 2844 
f 2906 2909 2878 2875 
f 2937 2940 2909 2906 
f 2968 2971 2940 2937 
f 2999 3002 2971 2968 
f 3030 3033 3002 2999 
f 3061 3064 3033 3030 
f 3092 3095 3064 3061 
f 3123 3126 3095 3092 
f 3154 3157 3126 3123 
f 3185 3188 3157 3154 
f 3216 3219 3188 3185 
f 7210 7211 3219 3216 
f 3247 2319 2286 3246 
f 3249 2348 2319 3247 
f 3251 2381 2348 3249 
f 3253 2412 2381 3251 
f 3255 2443 2412 3253 
f 3257 2473 2443 3255 
f 3259 2502 2473 3257 
f 3261 2535 2502 3259 
f 3263 2566 2535 3261 
f 3265 2597 2566 3263 
f 3267 2628 2597 3265 
f 3269 2659 2628 3267 
f 3271 2690 2659 3269 
f 3273 2721 2690 3271 
f 3275 2752 2721 3273 
f 3277 2783 2752 3275 
f 3279 2814 2783 3277 
f 3281 2845 2814 3279 
f 3283 2876 2845 3281 
f 3285 2907 2876 3283 
f 3287 2938 2907 3285 
f 3289 2969 2938 3287 
f 3291 3000 2969 3289 
f 3293 3031 3000 3291 
f 3295 3062 3031 3293 
f 3297 3093 3062 3295 
f 3299 3124 3093 3297 
f 3301 3155 3124 3299 
f 3303 3186 3155 3301 
f 3305 3217 3186 3303 
f 7292 7209 3217 3305 
f 3246 2286 3364 
f 3364 2286 6235 7363 
f 2378 3250 3248 2377 
f 2409 3252 3250 2378 
f 2440 3254 3252 2409 
f 2470 3256 3254 2440 
f 2499 3258 3256 2470 
f 2532 3260 3258 2499 
f 2563 3262 3260 2532 
f 2594 3264 3262 2563 
f 2625 3266 3264 2594 
f 2656 3268 3266 2625 
f 2687 3270 3268 2656 
f 2718 3272 3270 2687 
f 2749 3274 3272 2718 
f 2780 3276 3274 2749 
f 2811 3278 3276 2780 
f 2842 3280 3278 2811 
f 2873 3282 3280 2842 
f 2904 3284 3282 2873 
f 2935 3286 3284 2904 
f 2966 3288 3286 2935 
f 2997 3290 3288 2966 
f 3028 3292 3290 2997 
f 3059 3294 3292 3028 
f 3090 3296 3294 3059 
f 3121 3298 3296 3090 
f 3152 3300 3298 3121 
f 3183 3302 3300 3152 
f 3214 3304 3302 3183 
f 3 7291 3304 3214 
f 2377 3248 3244 2316 
f 2316 3244 3245 2315 
s 5
f 14 3711 6275 2311 
s 9
f 19 14 2311 2344 
s 5
f 24 19 2344 2373 
s 9
f 29 24 2373 2406 
s 5
f 34 29 2406 2437 
s 9
f 39 34 2437 2467 
s 5
f 44 39 2467 2496 
s 9
f 49 44 2496 2529 
s 5
f 54 49 2529 2560 
s 9
f 59 54 2560 2591 
s 5
f 64 59 2591 2622 
s 9
f 69 64 2622 2653 
s 5
f 74 69 2653 2684 
s 9
f 79 74 2684 2715 
s 5
f 84 79 2715 2746 
s 9
f 89 84 2746 2777 
s 5
f 94 89 2777 2808 
s 9
f 99 94 2808 2839 
s 5
f 104 99 2839 2870 
s 9
f 109 104 2870 2901 
s 5
f 114 109 2901 2932 
s 9
f 119 114 2932 2963 
s 5
f 124 119 2963 2994 
s 9
f 129 124 2994 3025 
s 5
f 134 129 3025 3056 
s 9
f 139 134 3056 3087 
s 5
f 144 139 3087 3118 
s 9
f 149 144 3118 3149 
s 5
f 154 149 3149 3180 
s 9
f 159 154 3180 3211 
s 5
f 164 159 3211 3242 
s 9
f 165 164 3242 7228 
s 2
f 3440 3441 2464 2434 
f 3443 3440 2434 2403 
f 3445 3443 2403 2370 
f 3447 3445 2370 2341 
f 3449 3447 2341 2308 
f 7447 3449 2308 6267 
f 3451 3450 2526 2493 
f 3450 3452 2557 2526 
f 3452 3453 2588 2557 
f 3453 3454 2619 2588 
f 3454 3455 2650 2619 
f 3455 3456 2681 2650 
f 3456 3457 2712 2681 
f 3457 3458 2743 2712 
f 3458 3459 2774 2743 
f 3459 3460 2805 2774 
f 3460 3461 2836 2805 
f 3461 3462 2867 2836 
f 3462 3463 2898 2867 
f 3463 3464 2929 2898 
f 3464 3465 2960 2929 
f 3465 3466 2991 2960 
f 3466 3467 3022 2991 
f 3467 3468 3053 3022 
f 3468 3469 3084 3053 
f 3469 3470 3115 3084 
f 3470 3471 3146 3115 
f 3471 3472 3177 3146 
f 3472 3473 3208 3177 
f 3473 3474 3239 3208 
f 3474 7474 3856 3239 
f 3441 3451 2493 2464 
s 34841
f 1049 4970 3759 3685 
s 66585
f 4973 1050 3686 7697 
s 34560
f 1050 1052 3687 3686 
s 98313
f 1052 1054 3688 3687 
s 66944
f 1054 1056 3689 3688 
s 5144
f 1056 1058 3690 3689 
s 20864
f 1058 1060 3691 3690 
s 18456
f 1060 1062 3692 3691 
s 6528
f 1062 1064 3693 3692 
s 36936
f 1064 1066 3694 3693 
s 34976
f 1066 1068 3695 3694 
s 10249
f 1068 1070 3696 3695 
s 9376
f 1070 1072 3697 3696 
s 68616
f 1072 1074 3698 3697 
s 328448
f 1074 1076 3699 3698 
s 272384
f 1076 1049 3685 3699 
s 82144
f 3744 1770 3685 3759 
s 139488
f 1771 5707 7697 3686 
s 30720
f 1773 1771 3686 3687 
s 135248
f 1774 1773 3687 3688 
s 133664
f 1775 1774 3688 3689 
s 10305
f 1777 1775 3689 3690 
s 41504
f 1778 1777 3690 3691 
s 99392
f 1779 1778 3691 3692 
s 74272
f 1781 1779 3692 3693 
s 25601
f 1782 1781 3693 3694 
s 67328
f 1784 1782 3694 3695 
s 69712
f 1787 1784 3695 3696 
s 21248
f 1789 1787 3696 3697 
s 659488
f 1793 1790 3698 3699 
s 180225
f 1790 1789 3697 3698 
s 540674
f 1770 1793 3699 3685 
s 545260555
f 9 968 965 1021 
s 1
f 3889 3891 3816 3818 
f 3703 3702 3725 3728 
f 7843 7845 3729 3726 
f 3702 3704 3729 3725 
f 3703 3728 3894 3896 
s 7
f 3890 3873 3888 3892 
s 1
f 3872 3874 3804 3803 
s 5
f 3861 3481 3772 7733 
s 1
f 3866 3724 3705 
f 3866 3707 7849 7851 
f 3866 3705 3708 
f 3707 3710 3709 
f 3707 3709 3706 
f 7849 3707 3877 7855 
s 5
f 3476 3477 3775 3786 
s 9
f 3479 3480 3773 3784 
s 1
f 7858 7843 3726 3727 
s 5
f 3478 3479 3784 3787 
s 1
f 3867 3700 3783 7749 
f 3700 3867 7750 3727 
s 9
f 3899 3476 3786 3898 
s 1
f 3704 3702 3785 3777 
f 3890 3901 3875 3873 
f 3868 3870 3801 3798 
f 3878 3807 3883 
s 9
f 3481 3482 3778 3772 
s 5
f 3482 3483 3779 3778 
s 9
f 3483 3484 3780 3779 
s 5
f 3484 3485 3781 3780 
s 9
f 3485 3878 3884 3781 
s 1
f 3707 3866 3708 3710 
s 68159488
f 7993 1109 1110 7994 
s 705757184
f 1110 968 9 7994 
s 136986960
f 4671 4606 3829 701 
s 33570822
f 9 3734 4931 7994 
s 1
f 3725 7861 7863 3728 
f 3729 3704 3701 3726 
f 3729 7845 7861 3725 
f 3728 7863 7866 3894 
f 3874 7870 7872 3804 
f 3900 3889 3818 3819 
f 3726 3701 3700 3727 
f 3893 7905 7900 3814 
f 7750 7876 7858 3727 
f 3901 7879 7881 3875 
f 3707 3706 3869 3877 
f 3902 3904 3817 3815 
s 7
f 3886 3880 3905 3903 
s 1
f 3760 3782 7783 3770 
f 3763 3785 3776 3764 
f 3761 3783 3774 3762 
f 3762 3774 3777 3765 
f 3761 3773 3792 3771 
f 3764 3776 3907 3909 
f 3763 3775 3787 3765 
f 3766 3788 3782 3760 
f 3767 3789 3788 3766 
f 3768 3790 3789 3767 
f 3769 3791 3790 3768 
f 3882 3871 3791 3769 
f 3891 3902 3815 3816 
s 7
f 3888 3886 3903 3892 
s 1
f 3772 3760 3770 7733 
f 3775 3763 3764 3786 
f 3773 3761 3762 3784 
f 3784 3762 3765 3787 
f 3783 3761 3771 7749 
f 3786 3764 3909 3898 
f 3785 3763 3765 3777 
f 3870 3881 3800 3801 
f 3879 3885 3805 3802 
f 3778 3766 3760 3772 
f 3779 3767 3766 3778 
f 3780 3768 3767 3779 
f 3781 3769 3768 3780 
f 3884 3882 3769 3781 
f 3904 3899 3817 
s 7
f 3880 3878 3899 3905 
s 1
f 3782 3705 3724 7783 
f 3785 3702 3703 3776 
f 3783 3700 3701 3774 
f 3774 3701 3704 3777 
s 5
f 3773 3480 3756 3792 
s 1
f 3776 3703 3896 3907 
s 9
f 3775 3477 3478 3787 
s 1
f 3788 3708 3705 3782 
f 3789 3710 3708 3788 
f 3790 3709 3710 3789 
f 3791 3706 3709 3790 
f 3871 3869 3706 3791 
f 3794 3799 3798 3793 
f 3796 3806 3803 3793 
f 7885 7887 3799 3794 
f 3795 3805 3806 3796 
f 3795 3800 3807 3797 
f 3878 3802 3797 
f 3804 3794 3793 3803 
f 3801 3796 3793 3798 
f 7872 7885 3794 3804 
f 3800 3795 3796 3801 
f 3805 3795 3797 3802 
f 3799 3876 3868 3798 
f 3806 3887 3872 3803 
f 7887 7890 3876 3799 
f 3805 3885 3887 3806 
f 3800 3881 3883 3807 
f 3811 3821 3813 3808 
f 3808 3813 3814 3809 
f 7894 7896 3819 3809 
f 3812 3822 3820 3810 
f 3810 3820 3821 3811 
f 3899 3822 3812 
f 3816 3811 3808 3818 
f 3818 3808 3809 3819 
f 7900 7894 3809 3814 
f 3817 3812 3810 3815 
f 3815 3810 3811 3816 
f 3821 3906 3895 3813 
f 3813 3895 3893 3814 
f 7896 7902 3900 3819 
f 3822 3897 3908 3820 
f 3820 3908 3906 3821 
f 3899 3812 3817 
f 3899 3897 3822 
f 3878 3797 3807 
f 3878 3879 3802 
s 7
f 3888 3873 3872 3887 
s 1
f 7855 3877 3876 7890 
f 3873 3875 3874 3872 
f 3884 3878 3883 
f 3875 7881 7870 3874 
f 3877 3869 3868 3876 
s 7
f 3880 3886 3885 3879 
s 1
f 3871 3882 3881 3870 
s 7
f 3886 3888 3887 3885 
s 1
f 3882 3884 3883 3881 
s 7
f 3878 3880 3879 
s 1
f 3869 3871 3870 3868 
f 3896 3894 3893 3895 
s 7
f 3890 3892 3891 3889 
s 1
f 3898 3897 3899 
f 3901 3890 3889 3900 
f 3894 7866 7905 3893 
f 7879 3901 3900 7902 
s 7
f 3903 3905 3904 3902 
s 1
f 3909 3907 3906 3908 
s 7
f 3892 3903 3902 3891 
s 1
f 3898 3909 3908 3897 
s 7
f 3905 3899 3904 
s 1
f 3907 3896 3895 3906 
f 3823 3911 3910 3730 
f 3823 3913 3912 3911 
f 3711 3916 3915 3914 
f 3911 3918 3917 3910 
f 3911 3912 3919 3918 
f 3914 3915 3921 3920 
f 3918 3923 3922 3917 
f 3918 3919 3924 3923 
f 3920 3921 3926 3925 
f 3923 3928 3927 3922 
f 3923 3924 3929 3928 
f 3925 3926 3931 3930 
f 3928 3933 3932 3927 
f 3928 3929 3934 3933 
f 3930 3931 3936 3935 
f 3933 3938 3937 3932 
f 3933 3934 3939 3938 
f 3935 3936 3941 3940 
f 3938 3943 3942 3937 
f 3938 3939 3944 3943 
f 3940 3941 3946 3945 
f 3943 3948 3947 3942 
f 3943 3944 3949 3948 
f 3945 3946 3951 3950 
f 3948 3953 3952 3947 
f 3948 3949 3954 3953 
f 3950 3951 3956 3955 
f 3953 3958 3957 3952 
f 3953 3954 3959 3958 
f 3955 3956 3961 3960 
f 3958 3963 3962 3957 
f 3958 3959 3964 3963 
f 3960 3961 3966 3965 
f 3963 3968 3967 3962 
f 3963 3964 3969 3968 
f 3965 3966 3971 3970 
f 3968 3973 3972 3967 
f 3968 3969 3974 3973 
f 3970 3971 3976 3975 
f 3973 3978 3977 3972 
f 3973 3974 3979 3978 
f 3975 3976 3981 3980 
f 3978 3983 3982 3977 
f 3978 3979 3984 3983 
f 3980 3981 3986 3985 
f 3983 3988 3987 3982 
f 3983 3984 3989 3988 
f 3985 3986 3991 3990 
f 3988 3993 3992 3987 
f 3988 3989 3994 3993 
f 3990 3991 3996 3995 
f 3993 3998 3997 3992 
f 3993 3994 3999 3998 
f 3995 3996 4001 4000 
f 3998 4003 4002 3997 
f 3998 3999 4004 4003 
f 4000 4001 4006 4005 
f 4003 4008 4007 4002 
f 4003 4004 4009 4008 
f 4005 4006 4011 4010 
f 4008 4013 4012 4007 
f 4008 4009 4014 4013 
f 4010 4011 4016 4015 
f 4013 4018 4017 4012 
f 4013 4014 4019 4018 
f 4015 4016 4021 4020 
f 4018 4023 4022 4017 
f 4018 4019 4024 4023 
f 4020 4021 4026 4025 
f 4023 4028 4027 4022 
f 4023 4024 4029 4028 
f 4025 4026 4031 4030 
f 4028 4033 4032 4027 
f 4028 4029 4034 4033 
f 4030 4031 4036 4035 
f 4033 4038 4037 4032 
f 4033 4034 4039 4038 
f 4035 4036 4041 4040 
f 4038 4043 4042 4037 
f 4038 4039 4044 4043 
f 4040 4041 4046 4045 
f 4043 4048 4047 4042 
f 4043 4044 4049 4048 
f 4045 4046 4051 4050 
f 4048 4053 4052 4047 
f 4048 4049 4054 4053 
f 4050 4051 4056 4055 
f 4053 4058 4057 4052 
f 4053 4054 4059 4058 
f 4055 4056 4061 4060 
f 4058 4063 4062 4057 
f 4058 4059 4064 4063 
f 4060 4061 4066 4065 
f 4063 3824 3712 4062 
f 4063 4064 3731 3824 
f 4065 4066 4067 165 
f 4068 4071 4070 4069 
f 4071 4073 4072 4070 
f 4073 4075 4074 4072 
f 4075 4077 4076 4074 
f 4077 4079 4078 4076 
f 4079 4081 4080 4078 
f 4081 4083 4082 4080 
f 4083 4085 4084 4082 
f 4085 4087 4086 4084 
f 4087 4089 4088 4086 
f 4089 4091 4090 4088 
f 4092 4095 4094 4093 
f 4095 4097 4096 4094 
f 4097 4099 4098 4096 
f 4099 4101 4100 4098 
f 4101 4103 4102 4100 
f 4103 4105 4104 4102 
f 4105 4107 4106 4104 
f 4107 4109 4108 4106 
f 4109 4111 4110 4108 
f 4111 4113 4112 4110 
f 4113 4115 4114 4112 
f 4115 4117 4116 4114 
f 4117 4119 4118 4116 
f 4119 4121 4120 4118 
f 4121 4123 4122 4120 
f 4123 4125 4124 4122 
f 4126 4129 4128 4127 
f 4130 4133 4132 4131 
f 4134 4130 4131 4135 
f 4136 4134 4135 4137 
f 4138 4136 4137 4139 
f 4140 4138 4139 4141 
f 4142 4140 4141 4143 
f 4144 4142 4143 4145 
f 4146 4144 4145 4147 
f 4148 4146 4147 4149 
f 4150 4148 4149 4151 
f 4152 4155 4154 4153 
f 4156 4152 4153 4157 
f 4158 4156 4157 4159 
f 4160 4158 4159 4161 
f 3825 4160 4161 4162 
f 4163 4166 4165 4164 
f 4167 4170 4169 4168 
f 4171 4172 4170 4167 
f 4131 4132 4172 4171 
f 4173 4176 4175 4174 
f 4177 4178 4176 4173 
f 4133 4130 4178 4177 
f 4179 4163 4164 4180 
f 4181 4167 4168 4182 
f 4183 4171 4167 4181 
f 4135 4131 4171 4183 
f 4176 4185 4184 4175 
f 4178 4186 4185 4176 
f 4130 4134 4186 4178 
f 4187 4179 4180 4188 
f 4189 4181 4182 4190 
f 4191 4183 4181 4189 
f 4137 4135 4183 4191 
f 4185 4193 4192 4184 
f 4186 4194 4193 4185 
f 4134 4136 4194 4186 
f 4195 4187 4188 4196 
f 4197 4189 4190 4198 
f 4199 4191 4189 4197 
f 4139 4137 4191 4199 
f 4193 4201 4200 4192 
f 4194 4202 4201 4193 
f 4136 4138 4202 4194 
f 4203 4195 4196 4204 
f 4205 4197 4198 4206 
f 4207 4199 4197 4205 
f 4141 4139 4199 4207 
f 4201 4209 4208 4200 
f 4202 4210 4209 4201 
f 4138 4140 4210 4202 
f 4211 4203 4204 4212 
f 4213 4205 4206 4214 
f 4215 4207 4205 4213 
f 4143 4141 4207 4215 
f 4209 4217 4216 4208 
f 4210 4218 4217 4209 
f 4140 4142 4218 4210 
f 4219 4211 4212 4220 
f 4221 4213 4214 4222 
f 4223 4215 4213 4221 
f 4145 4143 4215 4223 
f 4217 4225 4224 4216 
f 4218 4226 4225 4217 
f 4142 4144 4226 4218 
f 4227 4219 4220 4228 
f 4229 4221 4222 4230 
f 4231 4223 4221 4229 
f 4147 4145 4223 4231 
f 4225 4233 4232 4224 
f 4226 4234 4233 4225 
f 4144 4146 4234 4226 
f 4235 4227 4228 4236 
f 4237 4229 4230 4238 
f 4239 4231 4229 4237 
f 4149 4147 4231 4239 
f 4233 4241 4240 4232 
f 4234 4242 4241 4233 
f 4146 4148 4242 4234 
f 4243 4235 4236 4244 
f 4245 4237 4238 4246 
f 4247 4239 4237 4245 
f 4151 4149 4239 4247 
f 4241 4249 4248 4240 
f 4242 4250 4249 4241 
f 4148 4150 4250 4242 
f 4249 4252 4251 4248 
f 4250 4253 4252 4249 
f 4150 4254 4253 4250 
f 4255 4258 4257 4256 
f 4259 4262 4261 4260 
f 4263 4264 4262 4259 
f 4153 4154 4264 4263 
f 4265 4255 4256 4266 
f 4267 4259 4260 4268 
f 4269 4263 4259 4267 
f 4157 4153 4263 4269 
f 4270 4273 4272 4271 
f 4274 4265 4266 4275 
f 4276 4267 4268 4277 
f 4278 4269 4267 4276 
f 4159 4157 4269 4278 
f 4279 4276 4277 4280 
f 4281 4278 4276 4279 
f 4161 4159 4278 4281 
f 4282 4285 4284 4283 
f 3826 4279 4280 381 
f 3732 4281 4279 3826 
f 4162 4161 4281 3732 
f 4286 4289 4288 4287 
f 4290 4293 4292 4291 
f 4291 4292 4295 4294 
f 4294 4295 4297 4296 
f 4296 4297 4299 4298 
f 4298 4299 4301 4300 
f 4300 4301 4303 4302 
f 4302 4303 4305 4304 
f 4306 4309 4308 4307 
f 4310 4306 4307 4311 
f 4312 4310 4311 4313 
f 4314 4312 4313 4315 
f 4316 4314 4315 4317 
f 4318 4316 4317 4319 
f 4320 4318 4319 4321 
f 4322 4320 4321 4323 
f 4324 4322 4323 4325 
f 4326 4324 4325 4327 
f 4328 4326 4327 4329 
f 4330 4328 4329 4331 
f 4332 4330 4331 4333 
f 4334 4332 4333 4335 
f 4336 4334 4335 4337 
s 32805
f 4338 4336 4337 4339 
s 1
f 4340 4343 4342 4341 
f 4344 4345 4343 4340 
f 4346 4347 4345 4344 
f 4307 4308 4347 4346 
f 4348 4351 4350 4349 
f 4352 4355 4354 4353 
f 4309 4306 4355 4352 
f 4356 4340 4341 4357 
f 4358 4344 4340 4356 
f 4359 4346 4344 4358 
f 4311 4307 4346 4359 
f 4351 4361 4360 4350 
f 4355 4363 4362 4354 
f 4306 4310 4363 4355 
f 4364 4358 4356 4365 
f 4366 4359 4358 4364 
f 4313 4311 4359 4366 
f 4361 4368 4367 4360 
f 4363 4370 4369 4362 
f 4310 4312 4370 4363 
f 4371 4364 4365 4372 
f 4373 4366 4364 4371 
f 4315 4313 4366 4373 
f 4368 4375 4374 4367 
f 4370 4377 4376 4369 
f 4312 4314 4377 4370 
f 4378 4372 4380 4379 
f 4381 4371 4372 4378 
f 4382 4373 4371 4381 
f 4317 4315 4373 4382 
f 4375 4384 4383 4374 
f 4377 4386 4385 4376 
f 4314 4316 4386 4377 
f 4387 4378 4379 4388 
f 4389 4381 4378 4387 
f 4390 4382 4381 4389 
f 4319 4317 4382 4390 
f 4384 4392 4391 4383 
f 4386 4394 4393 4385 
f 4316 4318 4394 4386 
f 4395 4387 4388 4396 
f 4397 4389 4387 4395 
f 4398 4390 4389 4397 
f 4321 4319 4390 4398 
f 4392 4400 4399 4391 
f 4394 4402 4401 4393 
f 4318 4320 4402 4394 
f 4403 4395 4396 4404 
f 4405 4397 4395 4403 
f 4406 4398 4397 4405 
f 4323 4321 4398 4406 
f 4400 4408 4407 4399 
f 4402 4410 4409 4401 
f 4320 4322 4410 4402 
f 4411 4403 4404 4412 
f 4413 4405 4403 4411 
f 4414 4406 4405 4413 
f 4325 4323 4406 4414 
f 4408 4416 4415 4407 
f 4410 4418 4417 4409 
f 4322 4324 4418 4410 
f 4419 4411 4412 4420 
f 4421 4413 4411 4419 
f 4422 4414 4413 4421 
f 4327 4325 4414 4422 
f 4416 4424 4423 4415 
f 4418 4426 4425 4417 
f 4324 4326 4426 4418 
f 4427 4419 4420 4428 
f 4429 4421 4419 4427 
f 4430 4422 4421 4429 
f 4329 4327 4422 4430 
f 4424 4432 4431 4423 
f 4426 4434 4433 4425 
f 4326 4328 4434 4426 
f 4435 4427 4428 4436 
f 4437 4429 4427 4435 
f 4438 4430 4429 4437 
f 4331 4329 4430 4438 
f 4432 4440 4439 4431 
f 4434 4442 4441 4433 
f 4328 4330 4442 4434 
f 4443 4437 4435 4444 
f 4445 4438 4437 4443 
f 4333 4331 4438 4445 
f 4440 4447 4446 4439 
f 4442 4449 4448 4441 
f 4330 4332 4449 4442 
f 4450 4443 4444 4451 
f 4452 4445 4443 4450 
f 4335 4333 4445 4452 
f 4447 4454 4453 4446 
f 4449 4456 4455 4448 
f 4332 4334 4456 4449 
f 4457 4451 4459 4458 
f 4460 4450 4451 4457 
f 4461 4452 4450 4460 
f 4337 4335 4452 4461 
f 4454 4463 4462 4453 
f 4456 4465 4464 4455 
f 4334 4336 4465 4456 
s 16777347
f 4466 4457 4458 4467 
s 65541
f 4468 4460 4457 4466 
s 12803
f 4469 4461 4460 4468 
s 8388929
f 4339 4337 4461 4469 
s 262657
f 4463 4471 4470 4462 
s 549
f 4465 4473 4472 4464 
s 147585
f 4336 4338 4473 4465 
s 1
f 4474 4477 4476 4475 
f 4478 4481 4480 4479 
f 4482 4478 4479 4483 
f 4484 4482 4483 4485 
f 4486 4484 4485 4487 
f 4488 4486 4487 4489 
f 4490 4488 4489 4491 
f 4490 4491 4493 4492 
f 4477 4494 4288 4476 
f 4292 4293 4481 4478 
f 4295 4292 4478 4482 
f 4297 4295 4482 4484 
f 4299 4297 4484 4486 
f 4301 4299 4486 4488 
f 4303 4301 4488 4490 
f 4303 4490 4492 4305 
f 4495 4474 4475 4496 
f 4479 4480 4498 4497 
f 4483 4479 4497 4499 
f 4485 4483 4499 4500 
f 4487 4485 4500 4501 
f 4489 4487 4501 4502 
f 4491 4489 4502 4503 
f 4491 4503 4504 4493 
f 4505 4508 4507 4506 
f 4508 4126 4127 4507 
f 4509 4505 4506 4510 
f 4511 4514 4513 4512 
f 4069 4070 4514 4511 
f 4071 4068 4516 4515 
f 4514 4518 4517 4513 
f 4070 4072 4518 4514 
f 4073 4071 4515 4519 
f 4518 4521 4520 4517 
f 4072 4074 4521 4518 
f 4075 4073 4519 4522 
f 4521 4524 4523 4520 
f 4074 4076 4524 4521 
f 4077 4075 4522 4525 
f 4524 4527 4526 4523 
f 4076 4078 4527 4524 
f 4079 4077 4525 4528 
f 4527 4530 4529 4526 
f 4078 4080 4530 4527 
f 4081 4079 4528 4531 
f 4530 4533 4532 4529 
f 4080 4082 4533 4530 
f 4083 4081 4531 4534 
f 4533 4536 4535 4532 
f 4082 4084 4536 4533 
f 4085 4083 4534 4537 
f 4536 4539 4538 4535 
f 4084 4086 4539 4536 
f 4087 4085 4537 4540 
f 4539 4542 4541 4538 
f 4086 4088 4542 4539 
f 4089 4087 4540 4543 
f 4542 4545 4544 4541 
f 4088 4090 4545 4542 
f 4546 4549 4548 4547 
f 4550 4546 4547 4551 
f 4552 4550 4551 4553 
f 4554 4557 4556 4555 
f 4558 4561 4560 4559 
f 4093 4094 4561 4558 
f 4095 4092 4563 4562 
f 4561 4565 4564 4560 
f 4094 4096 4565 4561 
f 4097 4095 4562 4566 
f 4565 4568 4567 4564 
f 4096 4098 4568 4565 
f 4099 4097 4566 4569 
f 4568 4571 4570 4567 
f 4098 4100 4571 4568 
f 4101 4099 4569 4572 
f 4571 4574 4573 4570 
f 4100 4102 4574 4571 
f 4103 4101 4572 4575 
f 4574 4577 4576 4573 
f 4102 4104 4577 4574 
f 4105 4103 4575 4578 
f 4577 4580 4579 4576 
f 4104 4106 4580 4577 
f 4107 4105 4578 4581 
f 4580 4583 4582 4579 
f 4106 4108 4583 4580 
f 4109 4107 4581 4584 
f 4583 4586 4585 4582 
f 4108 4110 4586 4583 
f 4111 4109 4584 4587 
f 4586 4589 4588 4585 
f 4110 4112 4589 4586 
f 4113 4111 4587 4590 
f 4589 4592 4591 4588 
f 4112 4114 4592 4589 
f 4115 4113 4590 4593 
f 4592 4595 4594 4591 
f 4114 4116 4595 4592 
f 4117 4115 4593 4596 
f 4595 4598 4597 4594 
f 4116 4118 4598 4595 
f 4119 4117 4596 4599 
f 4598 4601 4600 4597 
f 4118 4120 4601 4598 
f 4121 4119 4599 4602 
f 4601 4604 4603 4600 
f 4120 4122 4604 4601 
f 4123 4121 4602 4605 
s 66053
f 4604 4607 4606 4603 
s 524291
f 4122 4124 4607 4604 
s 540689
f 4125 4123 4605 4608 
s 1
f 4609 4611 4610 
f 4127 4128 4611 4609 
f 4129 4126 4613 4612 
f 4614 4615 4610 
f 4506 4507 4615 4614 
f 4508 4505 4617 4616 
f 4615 4609 4610 
f 4507 4127 4609 4615 
f 4126 4508 4616 4613 
f 4618 4614 4610 
f 4510 4506 4614 4618 
f 4505 4509 4619 4617 
f 4620 4622 4621 
f 4623 4626 4625 4624 
f 4624 4629 4628 4627 
f 4624 4625 4629 
f 4628 4631 4630 4627 
f 4631 4633 4632 4630 
f 4632 4633 4634 
f 4634 4636 4635 4632 
f 4635 4636 4638 4637 
f 4637 4638 4640 4639 
f 4639 4640 4642 4641 
f 4641 4642 4644 4643 
f 4643 4644 4646 4645 
f 4647 4646 4648 
f 4645 4646 4647 
f 4649 4652 4651 4650 
f 4650 4651 4654 4653 
f 4653 4654 4656 4655 
f 4655 4656 4658 4657 
f 4657 4658 4660 4659 
f 4659 4660 4662 4661 
s 5
f 4663 4664 3733 
f 4665 4668 4667 4666 
s 17
f 4620 4665 4670 4669 
s 13459
f 4671 4668 4603 4606 
s 1
f 4672 4675 4674 4673 
f 4673 4677 4676 4672 
f 4677 4679 4678 4676 
f 4679 4681 4680 4678 
f 4681 4683 4682 4680 
f 4683 4685 4684 4682 
f 4685 4687 4686 4684 
f 4687 4689 4688 4686 
f 4689 4691 4690 4688 
f 4691 4693 4692 4690 
f 4693 4695 4694 4692 
f 4289 4286 4697 4696 
f 4698 4701 4700 4699 
f 4702 4698 4699 4703 
f 4704 4702 4703 4705 
f 4706 4704 4705 4707 
f 4708 4706 4707 4709 
f 4710 4708 4709 4711 
f 4712 4710 4711 4713 
f 4714 4712 4713 4715 
f 4716 4714 4715 4717 
f 4718 4716 4717 4719 
f 4720 4718 4719 4721 
f 4722 4720 4721 4723 
f 4724 4722 4723 4725 
f 4726 4724 4725 4727 
f 4727 4729 4728 4726 
s 1181697
f 4730 4728 4729 4731 
s 1
f 4732 4735 4734 4733 
f 4696 4732 4733 4289 
f 4735 4737 4736 4734 
f 4738 4741 4740 4739 
f 4742 4745 4744 4743 
f 4746 4742 4743 4747 
f 4748 4746 4747 4749 
f 4750 4748 4749 4751 
f 4752 4755 4754 4753 
f 4756 4759 4758 4757 
f 4760 4763 4762 4761 
f 4764 4760 4761 4765 
f 4766 4764 4765 4767 
f 4768 4766 4767 4769 
f 4770 4768 4769 4771 
f 4772 4770 4771 4773 
f 4774 4772 4773 4775 
f 4776 4779 4778 4777 
f 4780 4783 4782 4781 
s 3081
f 4784 4780 4781 4785 
s 1
f 4786 4789 4788 4787 
f 4790 4786 4787 4791 
f 4792 4790 4791 4793 
f 4794 4797 4796 4795 
f 4798 4794 4795 4799 
f 4800 4798 4799 4801 
f 4802 4800 4801 4803 
f 4804 4802 4803 4805 
f 4806 4804 4805 4807 
f 4808 4806 4807 4809 
f 4810 4808 4809 4811 
f 4812 4810 4811 4813 
f 4814 4812 4813 4815 
f 4741 4814 4815 4740 
f 4816 4819 4818 4817 
f 4739 4740 4820 4819 
f 4741 4738 4822 4821 
f 4823 4816 4817 
f 4743 4744 4816 4823 
f 4745 4742 4825 4824 
f 4826 4823 4817 
f 4747 4743 4823 4826 
f 4742 4746 4827 4825 
f 4828 4826 4817 
f 4749 4747 4826 4828 
f 4746 4748 4829 4827 
f 4830 4828 4817 
f 4751 4749 4828 4830 
f 4748 4750 4831 4829 
f 4817 4833 4832 4830 
f 4753 4754 4832 4834 
f 4755 4752 4836 4835 
f 4837 4840 4839 4838 
f 4840 4756 4757 4839 
f 4758 4759 4842 4841 
f 4843 4846 4845 4844 
f 4761 4762 4846 4843 
f 4763 4760 4848 4847 
f 4849 4843 4844 4850 
f 4765 4761 4843 4849 
f 4760 4764 4851 4848 
f 4852 4849 4850 4853 
f 4767 4765 4849 4852 
f 4764 4766 4854 4851 
f 4855 4852 4853 4856 
f 4769 4767 4852 4855 
f 4766 4768 4857 4854 
f 4858 4855 4856 4859 
f 4771 4769 4855 4858 
f 4768 4770 4860 4857 
f 4861 4858 4859 4862 
f 4773 4771 4858 4861 
f 4770 4772 4863 4860 
f 4864 4861 4862 4865 
f 4775 4773 4861 4864 
f 4772 4774 4866 4863 
f 4867 4870 4869 4868 
f 4779 4867 4868 4778 
f 4777 4872 4871 4776 
f 4873 4876 4875 4874 
f 4781 4782 4876 4873 
f 4783 4780 4878 4877 
s 536871105
f 4780 4784 4879 4878 
s 1
f 4880 4883 4882 4881 
f 4787 4788 4883 4880 
f 3713 4886 4885 4884 
f 4887 4880 4881 4888 
f 4791 4787 4880 4887 
f 4889 4887 4888 4890 
f 4793 4791 4887 4889 
f 4790 4792 4892 4891 
f 4893 4896 4895 4894 
f 4795 4796 4896 4893 
f 4792 4797 4897 4892 
f 4898 4893 4894 4899 
f 4799 4795 4893 4898 
f 4794 4798 4901 4900 
f 4902 4898 4899 4903 
f 4801 4799 4898 4902 
f 4798 4800 4904 4901 
f 4905 4902 4903 4906 
f 4803 4801 4902 4905 
f 4800 4802 4907 4904 
f 4908 4905 4906 4909 
f 4805 4803 4905 4908 
f 4802 4804 4910 4907 
f 4911 4908 4909 4912 
f 4807 4805 4908 4911 
f 4804 4806 4913 4910 
f 4914 4911 4912 4915 
f 4809 4807 4911 4914 
f 4806 4808 4916 4913 
f 4917 4914 4915 4918 
f 4811 4809 4914 4917 
f 4808 4810 4919 4916 
f 4920 4917 4918 4921 
f 4813 4811 4917 4920 
f 4810 4812 4922 4919 
f 4923 4920 4921 4924 
f 4815 4813 4920 4923 
f 4812 4814 4925 4922 
f 4820 4923 4924 4926 
f 4740 4815 4923 4820 
f 4814 4741 4821 4925 
f 4757 4758 4752 4753 
f 4759 4756 4762 4763 
f 4838 4839 4834 4927 
f 4840 4837 4845 4846 
f 4839 4757 4753 4834 
f 4756 4840 4846 4762 
f 4759 4763 4847 4842 
f 4758 4841 4836 4752 
f 4356 4357 4928 4365 
f 4365 4928 4380 4372 
f 4777 4778 4782 4783 
f 4779 4776 4774 4775 
f 4868 4869 4875 4876 
f 4870 4867 4864 4865 
f 4778 4868 4876 4782 
f 4867 4779 4775 4864 
f 4776 4871 4866 4774 
f 4777 4783 4877 4872 
f 4435 4436 4929 4444 
f 4444 4929 4459 4451 
f 4699 4700 4349 4350 
s 543232
f 4930 4932 4931 3734 
s 2147483857
f 4932 4785 4781 4873 
s 131212
f 4124 4125 4934 4933 
s 72736
f 4338 4339 4936 4935 
s 132992
f 4466 4467 3735 3827 
s 4653056
f 4468 4466 3827 4937 
s 20975744
f 4469 4468 4937 1022 
s 2240
f 4339 4469 1022 4936 
s 2097506
f 3714 4731 4470 4938 
s 2361440
f 4472 4473 4939 3828 
s 344064
f 4473 4338 4935 4939 
s 6619136
f 4606 4607 3736 3829 
s 4194314
f 4607 4124 4933 3736 
s 197136
f 4125 4608 3830 4934 
s 7344128
f 4730 4731 3714 3831 
s 1122568
f 4784 4785 4941 4940 
s 2424960
f 4784 4940 3832 4879 
s 1572928
f 4785 4932 4930 4941 
s 1
f 4164 4165 4675 4672 
f 4166 4163 4168 4169 
f 4180 4164 4672 4676 
f 4163 4179 4182 4168 
f 4188 4180 4676 4678 
f 4179 4187 4190 4182 
f 4196 4188 4678 4680 
f 4187 4195 4198 4190 
f 4204 4196 4680 4682 
f 4195 4203 4206 4198 
f 4212 4204 4682 4684 
f 4203 4211 4214 4206 
f 4220 4212 4684 4686 
f 4211 4219 4222 4214 
f 4228 4220 4686 4688 
f 4219 4227 4230 4222 
f 4236 4228 4688 4690 
f 4227 4235 4238 4230 
f 4244 4236 4690 4692 
f 4235 4243 4246 4238 
f 4243 4943 4942 4246 
f 4944 4947 4946 4945 
f 4256 4257 4947 4944 
f 4948 4944 4945 4949 
f 4266 4256 4944 4948 
f 4950 4948 4949 4951 
f 4275 4266 4948 4950 
f 3737 4954 4953 4952 
f 4283 4284 4954 3737 
f 4955 4494 4293 4290 
f 4287 4288 4494 4955 
f 4351 4348 4353 4354 
f 4350 4360 4703 4699 
f 4361 4351 4354 4362 
f 4360 4367 4705 4703 
f 4368 4361 4362 4369 
f 4367 4374 4707 4705 
f 4375 4368 4369 4376 
f 4374 4383 4709 4707 
f 4384 4375 4376 4385 
f 4383 4391 4711 4709 
f 4392 4384 4385 4393 
f 4391 4399 4713 4711 
f 4400 4392 4393 4401 
f 4399 4407 4715 4713 
f 4408 4400 4401 4409 
f 4407 4415 4717 4715 
f 4416 4408 4409 4417 
f 4415 4423 4719 4717 
f 4424 4416 4417 4425 
f 4423 4431 4721 4719 
f 4432 4424 4425 4433 
f 4431 4439 4723 4721 
f 4440 4432 4433 4441 
f 4439 4446 4725 4723 
f 4447 4440 4441 4448 
f 4446 4453 4727 4725 
f 4454 4447 4448 4455 
f 4453 4462 4729 4727 
f 4463 4454 4455 4464 
s 8388673
f 4462 4470 4731 4729 
s 65665
f 4471 4463 4464 4472 
s 1
f 4475 4476 4733 4734 
f 4477 4474 4480 4481 
f 4476 4288 4289 4733 
f 4494 4477 4481 4293 
f 4496 4475 4734 4736 
f 4474 4495 4498 4480 
s 2688000
f 3738 4471 4472 3828 
s 786434
f 4938 4470 4471 3738 
s 257
f 4668 4956 4667 
s 9
f 4620 4958 4957 4622 
s 5
f 4959 4671 3739 
s 1025
f 4670 4665 4666 
s 2049
f 4958 4620 4669 
s 9
f 4960 4962 4961 4663 
s 1
f 4621 4622 4960 4963 
s 5
f 4622 4965 4964 
s 129
f 4622 4966 4965 
s 1025
f 4622 4964 4967 
s 17
f 4622 4967 4962 4960 
s 65
f 4622 4957 4966 
s 35
f 4968 4971 4970 4969 
f 4972 4974 3740 4973 
s 131330
f 4975 4976 4974 4972 
s 4099
f 4977 4978 4976 4975 
s 290
f 4979 4980 4978 4977 
s 11
f 4981 4982 4980 4979 
s 162
f 4983 4984 4982 4981 
s 11
f 4985 4986 4984 4983 
s 162
f 4987 4988 4986 4985 
s 11
f 4989 4990 4988 4987 
s 1058
f 4991 4992 4990 4989 
s 19
f 4993 4994 4992 4991 
s 4130
f 4995 4996 4994 4993 
s 11
f 4997 4998 4996 4995 
s 290
f 4999 5000 4998 4997 
s 9218
f 4971 4968 5000 4999 
s 3
f 4664 4663 4961 
s 1057923
f 4671 4959 4956 4668 
s 1
f 4623 4621 4963 4626 
f 5001 5004 5003 5002 
f 5002 5003 5006 5005 
f 5007 5010 5009 5008 
f 5011 5014 5013 5012 
f 5012 5013 5016 5015 
f 5015 5016 5018 5017 
f 5017 5018 5020 5019 
f 5019 5020 5022 5021 
f 5021 5022 5024 5023 
f 5023 5024 5025 
f 5026 5029 5028 5027 
s 8225
f 5030 5033 5032 5031 
s 1
f 5034 5037 5036 5035 
f 5038 5041 5040 5039 
f 5039 5040 5042 
f 5043 5046 5045 5044 
f 5044 5045 5048 5047 
f 5047 5048 5050 5049 
f 5049 5050 5052 5051 
f 5051 5052 5054 5053 
f 5053 5054 5056 5055 
f 5055 5056 5058 5057 
f 5057 5058 5060 5059 
f 5059 5060 5062 5061 
f 5061 5062 5004 5001 
f 5005 5006 5010 5007 
f 5008 5009 5014 5011 
f 5027 5028 5033 5030 
f 5063 5064 5029 5026 
f 5065 5023 5066 
f 5023 5025 5066 
f 5023 5068 5067 5063 
f 5023 5065 5068 
f 5063 5067 5064 
s 5
f 5069 5072 5071 5070 
s 9
f 5070 5071 5074 5073 
s 5
f 5073 5074 5076 5075 
s 9
f 5075 5076 5078 5077 
s 5
f 5077 5078 5080 5079 
s 9
f 5079 5080 5082 5081 
s 5
f 5081 5082 5084 5083 
s 9
f 5083 5084 5086 5085 
s 5
f 5085 5086 5088 5087 
s 9
f 5087 5088 5090 5089 
s 5
f 5089 5090 5092 5091 
s 9
f 5091 5092 5094 5093 
s 5
f 5093 5094 5096 5095 
s 9
f 5095 5096 5098 5097 
s 992512
f 7972 7968 5100 5099 
s 19989
f 5099 5100 5102 5101 
s 9
f 5101 5102 5104 5103 
s 5
f 5103 5104 5106 5105 
s 9
f 5105 5106 5108 5107 
s 5
f 5109 5112 5111 5110 
s 9
f 5110 5111 5114 5113 
s 5
f 5113 5114 5116 5115 
s 9
f 5115 5116 5118 5117 
s 21
f 5118 5120 5119 5117 
s 9
f 5121 5123 5122 
s 5
f 5124 5127 5126 5125 
s 9
f 5125 5126 5129 5128 
s 5
f 5128 5129 5131 5130 
s 9
f 5130 5131 5133 5132 
s 5
f 5132 5133 5135 5134 
s 9
f 5134 5135 5137 5136 
s 5
f 5136 5137 5139 5138 
s 9
f 5138 5139 5141 5140 
s 5
f 5140 5141 5143 5142 
s 9
f 5142 5143 5072 5069 
s 17
f 5144 5127 5124 5145 
s 6
f 5069 5070 5147 5146 
s 10
f 5070 5073 5148 5147 
s 6
f 5073 5075 5149 5148 
s 10
f 5075 5077 5150 5149 
s 6
f 5077 5079 5151 5150 
s 10
f 5079 5081 5152 5151 
s 6
f 5081 5083 5153 5152 
s 10
f 5083 5085 5154 5153 
s 6
f 5085 5087 5155 5154 
s 10
f 5087 5089 5156 5155 
s 6
f 5089 5091 5157 5156 
s 10
f 5091 5093 5158 5157 
s 6
f 5093 5095 5159 5158 
s 10
f 5095 5097 5160 5159 
s 29393184
f 7972 5099 5161 7975 
s 37078
f 5101 5162 5161 5099 
s 10
f 5101 5103 5163 5162 
s 6
f 5103 5105 5164 5163 
s 10
f 5105 5107 5165 5164 
s 6
f 5109 5110 5167 5166 
s 10
f 5110 5113 5168 5167 
s 6
f 5113 5115 5169 5168 
s 10
f 5115 5117 5170 5169 
s 6
f 5119 5173 5172 5171 
s 34
f 5174 5177 5176 5175 
s 6
f 5124 5125 5179 5178 
s 10
f 5125 5128 5180 5179 
s 6
f 5128 5130 5181 5180 
s 10
f 5130 5132 5182 5181 
s 6
f 5132 5134 5183 5182 
s 10
f 5134 5136 5184 5183 
s 6
f 5136 5138 5185 5184 
s 10
f 5138 5140 5186 5185 
s 6
f 5140 5142 5187 5186 
s 10
f 5142 5069 5146 5187 
s 18
f 5145 5124 5178 5188 
s 66
f 5189 5191 5121 5190 
s 129
f 5123 5191 5177 
s 2
f 5192 5195 5194 5193 
f 5196 5197 5195 5192 
f 5198 5199 5197 5196 
f 5198 5201 5200 5199 
s 67453472
f 7977 5203 5202 7981 
s 46327
f 5204 5205 5202 5203 
s 2
f 5206 5207 5205 5204 
f 5208 5209 5207 5206 
f 5210 5211 5209 5208 
f 5212 5215 5214 5213 
f 5216 5219 5218 5217 
s 130
f 5176 5177 5191 5189 
s 10
f 5190 5121 5122 5220 
s 2
f 5213 5214 5222 5221 
f 5216 5217 5215 5212 
s 65
f 5123 5121 5191 
s 33
f 5123 5177 5174 
s 41
f 5223 5226 5225 5224 
f 5227 5230 5229 5228 
s 88
f 5226 5227 5228 5225 
f 5230 5232 5231 5229 
s 41
f 5233 5236 5235 5234 
s 88
f 5236 5238 5237 5235 
s 137
f 5238 5240 5239 5237 
s 280
f 5240 5242 5241 5239 
s 36
f 5224 5225 5244 5243 
s 3
f 5226 5223 5246 5245 
s 36
f 5228 5229 5248 5247 
s 3
f 5230 5227 5250 5249 
s 68
f 5225 5228 5247 5244 
s 18
f 5227 5226 5245 5250 
s 68
f 5229 5231 5251 5248 
s 18
f 5232 5230 5249 5252 
s 36
f 5234 5235 5254 5253 
s 3
f 5236 5233 5256 5255 
s 68
f 5235 5237 5254 
s 18
f 5238 5236 5255 5257 
s 132
f 5237 5239 5254 
s 3
f 5240 5238 5257 5258 
s 260
f 5239 5241 5259 5254 
s 18
f 5242 5240 5258 5260 
s 3
f 5261 5264 5263 5262 
s 41
f 5265 5266 5264 5261 
s 36
f 5267 5268 5266 5265 
s 3
f 5269 5272 5271 5270 
s 41
f 5272 5274 5273 5271 
s 36
f 5274 5276 5275 5273 
s 19
f 5270 5271 5277 5278 
s 18
f 5272 5269 5263 5264 
s 2393
f 5271 5273 5279 5277 
s 88
f 5274 5272 5264 5266 
s 8454470
f 5273 5275 7991 5279 
s 68
f 5276 5274 5266 5268 
s 4260
f 7983 5278 5277 7987 
s 36384
f 7987 5277 5279 7990 
s 1147008
f 7990 5279 7991 
s 2
f 5280 5283 5282 5281 
s 3
f 5284 5287 5286 5285 
s 73
f 5288 5289 5287 5284 
s 68
f 5290 5291 5289 5288 
s 2
f 5292 5295 5294 5293 
f 5296 5297 5295 5292 
f 5298 5299 5297 5296 
f 5300 5301 5299 5298 
f 5302 5303 5301 5300 
f 5293 5294 5305 5304 
s 36
f 5306 5309 5308 5307 
s 5
f 5309 5311 5310 5308 
s 12
f 5311 5313 5312 5310 
s 5
f 5313 5315 5314 5312 
s 41
f 5316 5319 5318 5317 
s 88
f 5320 5316 5317 5321 
s 2
f 5322 5325 5324 5323 
f 5326 5327 5325 5322 
f 5328 5329 5327 5326 
f 5330 5331 5329 5328 
f 5332 5333 5331 5330 
f 5334 5335 5333 5332 
f 5336 5337 5303 5302 
f 5338 5339 5337 5336 
f 5340 5341 5339 5338 
f 5342 5343 5341 5340 
f 5323 5324 5343 5342 
f 5344 5345 5335 5334 
f 5346 5347 5345 5344 
f 5348 5349 5347 5346 
f 5350 5351 5349 5348 
f 5352 5353 5351 5350 
f 5354 5355 5353 5352 
f 5356 5357 5355 5354 
f 5358 5360 5359 
f 3741 3742 5362 5361 
s 5
f 5363 5366 5365 5364 
s 12
f 5366 5368 5367 5365 
s 5
f 5368 5370 5369 5367 
s 12
f 5370 5372 5371 5369 
s 5
f 5372 5374 5373 5371 
f 5375 5378 5377 5376 
s 12
f 5378 5380 5379 5377 
s 5
f 5380 5382 5381 5379 
s 12
f 5382 5384 5383 5381 
s 5
f 5384 5386 5385 5383 
s 12
f 5386 5363 5364 5385 
s 5
f 5387 5390 5389 5388 
s 12
f 5390 5392 5391 5389 
s 5
f 5392 5394 5393 5391 
s 12
f 5394 5396 5395 5393 
s 20
f 5396 5375 5376 5395 
s 12
f 5315 5398 5397 5314 
s 5
f 5398 5400 5399 5397 
s 12
f 5400 5402 5401 5399 
s 5
f 5402 5404 5403 5401 
s 12
f 5404 5387 5388 5403 
s 4
f 5364 5365 5406 5405 
s 3
f 5366 5363 5408 5407 
s 4
f 5365 5367 5409 5406 
s 10
f 5368 5366 5407 5410 
s 4
f 5367 5369 5411 5409 
s 3
f 5370 5368 5410 5412 
s 4
f 5369 5371 5413 5411 
s 10
f 5372 5370 5412 5414 
s 4
f 5371 5373 1 5413 
s 3
f 5374 5372 5414 3833 
s 4
f 5376 5377 5416 5415 
s 3
f 5378 5375 5418 5417 
s 4
f 5377 5379 5419 5416 
s 10
f 5380 5378 5417 5420 
s 4
f 5379 5381 5421 5419 
s 3
f 5382 5380 5420 5422 
s 4
f 5381 5383 5423 5421 
s 10
f 5384 5382 5422 5424 
s 4
f 5383 5385 5425 5423 
s 3
f 5386 5384 5424 5426 
s 4
f 5385 5364 5405 5425 
s 10
f 5363 5386 5426 5408 
s 4
f 5388 5389 5428 5427 
s 3
f 5390 5387 5430 5429 
s 4
f 5389 5391 5431 5428 
s 10
f 5392 5390 5429 5432 
s 4
f 5391 5393 5433 5431 
s 3
f 5394 5392 5432 5434 
s 4
f 5393 5395 5435 5433 
s 10
f 5396 5394 5434 5436 
s 4
f 5395 5376 5415 5435 
s 18
f 5375 5396 5436 5418 
s 4
f 5314 5397 5438 5437 
s 10
f 5398 5315 5440 5439 
s 4
f 5397 5399 5441 5438 
s 3
f 5400 5398 5439 5442 
s 4
f 5399 5401 5443 5441 
s 10
f 5402 5400 5442 5444 
s 4
f 5401 5403 5445 5443 
s 3
f 5404 5402 5444 5446 
s 4
f 5403 5388 5427 5445 
s 10
f 5387 5404 5446 5430 
s 4
f 5307 5308 5447 
s 34
f 5309 5306 5449 5448 
s 4
f 5308 5310 5451 5450 
s 3
f 5311 5309 5448 5452 
s 4
f 5310 5312 5453 5451 
s 10
f 5313 5311 5452 5454 
s 4
f 5312 5314 5437 5453 
s 3
f 5315 5313 5454 5440 
s 36
f 5317 5318 5456 5455 
s 3
f 5319 5316 5457 5449 
s 68
f 5321 5317 5455 5458 
s 18
f 5316 5320 5459 5457 
s 68
f 5318 5306 5307 5456 
s 18
f 5319 5449 5306 
s 4
f 5307 5447 5460 5456 
f 5461 5464 5463 5462 
f 5465 5468 5467 5466 
f 5462 5463 5468 5465 
f 5469 5471 5460 5470 
f 5472 5464 5471 5469 
f 5463 5464 5472 5473 
f 5467 5468 5475 5474 
f 5468 5463 5473 5475 
f 5460 5471 5476 5456 
f 5471 5464 5461 5476 
f 5447 5308 5450 5470 
f 5460 5447 5470 
s 88
f 5319 5306 5318 
s 4
f 5477 5480 5479 5478 
f 5481 5477 5478 5482 
f 5483 5486 5485 5484 
f 5487 5483 5484 5488 
f 5489 5487 5488 5490 
f 5491 5489 5490 5492 
f 5493 5491 5492 5494 
f 5495 5493 5494 5496 
f 5497 5495 5496 5498 
f 5499 5497 5498 5500 
f 5501 5504 5503 5502 
f 5505 5501 5502 5506 
f 5507 5505 5506 5508 
f 5509 5507 5508 5510 
f 5480 5509 5510 5479 
f 5511 5514 5513 5512 
f 5515 5511 5512 5516 
f 5517 5520 5519 5518 
f 5521 5517 5518 5522 
f 5523 5521 5522 5524 
f 5525 5523 5524 5526 
f 5527 5525 5526 5528 
f 5529 5527 5528 5530 
f 5531 5529 5530 5532 
f 5533 5531 5532 5534 
f 5535 5538 5537 5536 
f 5536 5537 5540 5539 
f 5541 5544 5543 5542 
f 5542 5543 5546 5545 
f 5547 5550 5549 5548 
f 5551 5554 5553 5552 
f 5555 5551 5552 5556 
f 5557 5555 5556 5558 
f 5514 5557 5558 5513 
f 5559 5562 5561 5560 
f 5563 5564 5562 5559 
f 5565 5566 5564 5563 
f 5565 5567 5566 
f 5565 5569 5568 5567 
f 5570 5571 5568 5569 
f 5572 5573 5571 5570 
f 5572 5575 5574 5573 
f 5576 5579 5578 5577 
f 5579 5581 5580 5578 
f 5581 5583 5582 5580 
f 5583 5585 5584 5582 
f 5585 5587 5586 5584 
f 5588 5589 5586 5587 
f 5590 5591 5589 5588 
f 5512 5513 5593 5592 
f 5514 5511 5595 5594 
f 5516 5512 5592 5596 
f 5511 5515 5597 5595 
f 5518 5519 5599 5598 
f 5515 5520 5600 5597 
f 5522 5518 5598 5601 
f 5517 5521 5603 5602 
f 5524 5522 5601 5604 
f 5521 5523 5605 5603 
f 5526 5524 5604 5606 
f 5523 5525 5607 5605 
f 5528 5526 5606 5608 
f 5525 5527 5609 5607 
f 5530 5528 5608 5610 
f 5527 5529 5611 5609 
f 5532 5530 5610 5612 
f 5529 5531 5613 5611 
f 5534 5532 5612 5614 
f 5531 5533 5615 5613 
f 5552 5553 5617 5616 
f 5554 5551 5619 5618 
f 5556 5552 5621 5620 
f 5551 5555 5622 5619 
f 5558 5556 5620 5623 
f 5555 5557 5624 5622 
f 5513 5558 5623 5593 
f 5557 5514 5594 5624 
f 5625 5628 5627 5626 
f 5629 5632 5631 5630 
f 5633 5636 5635 5634 
f 5637 5640 5639 5638 
f 5641 5625 5626 5642 
f 5643 5627 5628 5644 
f 5645 5629 5630 5646 
f 5647 5631 5632 5648 
f 5649 5633 5634 5650 
f 5651 5635 5636 5652 
f 5653 5637 5638 5654 
f 5655 5639 5640 5656 
f 2 3834 5538 5657 
f 3715 5658 5540 5537 
f 3835 5659 5543 5544 
f 5659 5660 5546 5543 
f 5660 3743 5661 5546 
f 3743 5662 5550 5661 
f 5662 5663 5549 5550 
f 5663 5665 5664 5549 
f 5665 5667 5666 5664 
f 5668 5670 5669 5657 
f 5671 2 5657 5669 
f 5671 5669 5673 5672 
f 5500 5675 5674 5499 
f 5533 5677 5676 5615 
f 5590 5679 5678 5591 
f 5534 5680 5677 5533 
f 5534 5614 5681 5680 
f 5682 5685 5684 5683 
f 5685 5687 5686 5684 
f 5687 5689 5688 5686 
f 5690 5693 5692 5691 
f 5694 5697 5696 5695 
f 5698 5696 5697 5699 
f 5667 3836 5700 5666 
f 5701 5704 5703 5702 
s 36
f 5705 5706 3744 
f 5707 7992 5708 
s 2052
f 5708 7992 5710 5709 
s 20
f 5709 5710 5711 
s 36
f 5711 5710 5712 
s 5
f 5712 5710 5714 5713 
s 36
f 5713 5714 5715 
s 68
f 5715 5714 5716 
s 516
f 5716 5714 5718 5717 
s 5
f 5717 5718 5719 
s 260
f 5719 5718 5721 5720 
s 20
f 5720 5724 5723 5722 
s 260
f 5722 5723 5726 5725 
s 36
f 5727 5730 5729 5728 
s 4
f 5731 5733 5732 
f 5734 5736 5735 5726 
f 5737 5739 5738 
f 5738 5739 5740 
f 5740 5739 5741 
f 5732 5733 5742 
f 5742 5733 5739 5737 
f 5720 5721 5724 
f 5478 5479 5744 5743 
f 5480 5477 5746 5745 
f 5482 5478 5743 5747 
f 5477 5481 5748 5746 
f 5484 5485 5750 5749 
f 5481 5486 5751 5748 
f 5488 5484 5749 5752 
f 5483 5487 5754 5753 
f 5490 5488 5752 5755 
f 5487 5489 5756 5754 
f 5492 5490 5755 5757 
f 5489 5491 5758 5756 
f 5494 5492 5757 5759 
f 5491 5493 5760 5758 
f 5496 5494 5759 5761 
f 5493 5495 5762 5760 
f 5498 5496 5761 5763 
f 5495 5497 5764 5762 
f 5500 5498 5763 5765 
f 5497 5499 5766 5764 
f 5502 5503 5768 5767 
f 5504 5501 5770 5769 
f 5506 5502 5767 5771 
f 5501 5505 5772 5770 
f 5508 5506 5771 5773 
f 5505 5507 5774 5772 
f 5510 5508 5773 5775 
f 5507 5509 5776 5774 
f 5479 5510 5775 5744 
f 5509 5480 5745 5776 
f 5499 5674 5777 5766 
f 5675 5500 5765 5778 
f 5683 5684 5780 5779 
f 5685 5682 5676 5677 
f 5684 5686 5781 5780 
f 5687 5685 5677 5680 
f 5686 5688 5782 5781 
f 5689 5687 5680 5681 
f 5691 5692 5678 5679 
f 5693 5690 5784 5783 
f 5695 5696 5778 5678 
f 5697 5694 5786 5785 
f 5699 5697 5785 5787 
f 5696 5698 5778 
f 5702 5703 5789 5788 
f 3837 5704 5700 3836 
f 5248 5251 5733 5734 
f 5248 5734 5726 5247 
f 5247 5726 5723 5244 
f 5244 5723 5724 5243 
f 5290 5724 5721 5291 
f 5254 5259 5721 5253 
f 5267 5721 5718 5268 
f 5268 5718 5714 5276 
f 5276 5714 5710 5275 
f 5275 5710 7992 7991 
f 3838 5706 5729 5789 
f 5781 5782 5730 5735 
f 5781 5735 5736 5780 
f 5780 5736 5731 5779 
f 5784 5731 5732 5783 
f 5732 5742 5465 5466 
f 5465 5742 5737 5462 
f 5462 5737 5738 5461 
f 5461 5738 5740 5476 
f 5476 5740 5741 5456 
f 5456 5741 5739 5455 
f 5455 5739 5733 5458 
f 5734 5733 5731 5736 
s 5
f 5730 5727 5725 5726 
s 6
f 5706 5705 5728 5729 
s 4
f 5735 5730 5726 
f 5790 5792 5791 
f 5793 5796 5795 5794 
f 5794 5795 5798 5797 
f 5799 5802 5801 5800 
f 5797 5798 5802 5799 
f 5790 5803 5792 
f 5467 5785 5786 5466 
f 5467 5474 5787 5785 
f 5800 5801 5766 5777 
f 5783 5732 5466 5786 
f 5693 5694 5695 5692 
f 5692 5695 5678 
f 5783 5786 5694 5693 
f 5675 5698 5699 5674 
f 5674 5699 5787 5777 
f 5778 5698 5675 
f 5793 5469 5470 5790 
f 5794 5472 5469 5793 
f 5797 5473 5472 5794 
f 5800 5474 5475 5799 
f 5799 5475 5473 5797 
f 5790 5470 5450 5803 
f 5777 5787 5474 5800 
f 5804 5807 5806 5805 
f 5808 5804 5805 5809 
f 5810 5808 5809 5811 
f 5812 5810 5811 5813 
f 5814 5812 5813 5815 
f 5816 5814 5815 5817 
f 5818 5816 5817 5819 
f 5820 5818 5819 5821 
f 5822 5820 5821 5823 
f 5824 5822 5823 5825 
f 5826 5824 5825 5827 
f 5828 5826 5827 5829 
f 5830 5828 5829 5831 
f 5832 5830 5831 5833 
f 5834 5832 5833 5835 
f 5836 5834 5835 3839 
f 5837 5840 5839 5838 
f 5841 5842 5840 5837 
f 5843 5844 5842 5841 
f 5845 5846 5844 5843 
f 5847 5848 5846 5845 
f 5849 5850 5848 5847 
f 5851 5852 5850 5849 
f 5853 5854 5852 5851 
f 5855 5856 5854 5853 
f 5857 5858 5856 5855 
f 5859 5860 5858 5857 
f 5861 5862 5860 5859 
f 5863 5864 5862 5861 
f 5865 5866 5864 5863 
f 5867 5868 5866 5865 
f 3716 5869 5868 5867 
f 5805 5806 5871 5870 
f 5807 5804 5873 5872 
f 5809 5805 5870 5874 
f 5804 5808 5875 5873 
f 5811 5809 5874 5876 
f 5808 5810 5877 5875 
f 5813 5811 5876 5878 
f 5810 5812 5879 5877 
f 5815 5813 5878 5880 
f 5812 5814 5881 5879 
f 5817 5815 5880 5882 
f 5814 5816 5883 5881 
f 5819 5817 5882 5884 
f 5816 5818 5885 5883 
f 5821 5819 5884 5886 
f 5818 5820 5887 5885 
f 5823 5821 5886 5888 
f 5820 5822 5889 5887 
f 5825 5823 5888 5890 
f 5822 5824 5891 5889 
f 5827 5825 5890 5892 
f 5824 5826 5893 5891 
f 5829 5827 5892 5894 
f 5826 5828 5895 5893 
f 5831 5829 5894 5896 
f 5828 5830 5897 5895 
f 5833 5831 5896 5898 
f 5830 5832 5899 5897 
f 5835 5833 5898 5900 
f 5832 5834 5901 5899 
f 3839 5835 5900 3840 
f 5834 5836 5902 5901 
f 5903 5906 5905 5904 
f 5904 5905 5908 5907 
f 5907 5908 5910 5909 
f 5909 5910 5912 5911 
f 5911 5912 5914 5913 
f 5913 5914 5916 5915 
f 5915 5916 5918 5917 
f 5917 5918 5920 5919 
f 5919 5920 5922 5921 
f 5921 5922 5924 5923 
f 5923 5924 5926 5925 
f 5925 5926 5928 5927 
f 5927 5928 5929 
f 5929 5928 5931 5930 
f 5930 5931 5933 5932 
f 5932 5935 5839 5934 
f 5936 5939 5938 5937 
f 5504 5936 5937 5503 
f 5937 5938 5941 5940 
f 5806 5942 5871 
f 5503 5937 5940 5768 
f 5936 5504 5769 5943 
f 5944 5942 5806 5807 
f 5945 5944 5946 
f 5871 5942 5939 5947 
f 5948 5951 5950 5949 
f 5952 5953 5560 5561 
f 5554 5955 5954 5553 
f 5553 5954 5956 5617 
f 5554 5618 5957 5955 
f 5955 5959 5958 5954 
f 5954 5958 5960 5956 
f 5955 5957 5961 5959 
f 5962 5965 5964 5963 
f 5963 5964 5967 5966 
f 5962 5969 5968 5965 
f 5965 5971 5970 5964 
f 5964 5970 5933 5967 
f 5965 5968 5960 5971 
f 5958 5959 5935 
f 5960 5958 5935 
f 5959 5961 5935 
f 5970 5971 5935 
f 5933 5970 5935 
f 5971 5960 5935 
f 5938 5939 5942 5944 
f 5941 5938 5944 5945 
f 5947 5939 5936 5943 
f 5949 5950 5953 5952 
f 5972 5838 5839 5935 
f 5839 5840 5973 5934 
f 5840 5842 5974 5973 
f 5842 5844 5975 5974 
f 5844 5846 5976 5975 
f 5846 5848 5977 5976 
f 5848 5850 5978 5977 
f 5850 5852 5979 5978 
f 5852 5854 5980 5979 
f 5854 5856 5981 5980 
f 5856 5858 5982 5981 
f 5858 5860 5983 5982 
f 5860 5862 5984 5983 
f 5862 5864 5985 5984 
f 5864 5866 5986 5985 
f 5866 5868 5987 5986 
f 5868 5869 5988 5987 
f 5972 5935 5951 5948 
f 5946 5944 5807 5872 
f 5634 5635 5990 5989 
f 5636 5633 5992 5991 
f 5638 5639 5991 5992 
f 5640 5637 2050 5993 
f 5650 5634 5989 5994 
f 5633 5649 5995 5992 
f 5652 5636 5991 5996 
f 5635 5651 5997 5990 
f 5654 5638 5992 5995 
f 5637 5653 3717 2050 
f 5656 5640 5993 5998 
f 5639 5655 5996 5991 
f 5630 5631 6000 5999 
f 5632 5629 5989 5990 
f 5646 5630 5999 6001 
f 5629 5645 5994 5989 
f 5648 5632 5990 5997 
f 5631 5647 6002 6000 
f 5932 5933 5935 
f 5626 5627 5962 5963 
f 5628 5625 5999 6000 
f 5642 5626 5963 5966 
f 5625 5641 6001 5999 
f 5644 5628 6000 6002 
f 5627 5643 5969 5962 
f 5671 5672 3841 
f 5537 5538 3834 3715 
f 5657 5538 5535 5668 
f 5546 5661 6003 5545 
f 5661 5550 5547 6003 
f 5549 5664 6004 5548 
f 5664 5666 6005 6004 
f 5666 5700 6006 6005 
f 5703 5704 3837 3842 
f 5789 5703 3842 3838 
f 5700 5704 5701 6006 
f 5789 5729 5730 5788 
f 6007 5669 6008 
f 6008 5669 5670 6009 
f 6010 5669 6007 
f 5673 5669 6010 
f 6011 6013 6012 
f 6012 6013 5621 
f 6009 5670 6013 6011 
s 1
f 3916 6015 6014 3915 
f 3915 6014 6016 3921 
f 3921 6016 6017 3926 
f 3926 6017 6018 3931 
f 3931 6018 6019 3936 
f 3936 6019 6020 3941 
f 3941 6020 6021 3946 
f 3946 6021 6022 3951 
f 3951 6022 6023 3956 
f 3956 6023 6024 3961 
f 3961 6024 6025 3966 
f 3966 6025 6026 3971 
f 3971 6026 6027 3976 
f 3976 6027 6028 3981 
f 3981 6028 6029 3986 
f 3986 6029 6030 3991 
f 3991 6030 6031 3996 
f 3996 6031 6032 4001 
f 4001 6032 6033 4006 
f 4006 6033 6034 4011 
f 4011 6034 6035 4016 
f 4016 6035 6036 4021 
f 4021 6036 6037 4026 
f 4026 6037 6038 4031 
f 4031 6038 6039 4036 
f 4036 6039 6040 4041 
f 4041 6040 6041 4046 
f 4046 6041 6042 4051 
f 4051 6042 6043 4056 
f 4056 6043 6044 4061 
f 4061 6044 6045 4066 
f 4066 6045 3718 4067 
s 4
f 5904 6014 6015 5903 
f 5907 6016 6014 5904 
f 5909 6017 6016 5907 
f 5911 6018 6017 5909 
f 5913 6019 6018 5911 
f 5915 6020 6019 5913 
f 5917 6021 6020 5915 
f 5919 6022 6021 5917 
f 5921 6023 6022 5919 
f 5923 6024 6023 5921 
f 5925 6025 6024 5923 
f 5927 6026 6025 5925 
f 5929 6027 6026 5927 
f 5930 6028 6027 5929 
f 5932 6029 6028 5930 
f 5934 6030 6029 5932 
f 5973 6031 6030 5934 
f 5974 6032 6031 5973 
f 5975 6033 6032 5974 
f 5976 6034 6033 5975 
f 5977 6035 6034 5976 
f 5978 6036 6035 5977 
f 5979 6037 6036 5978 
f 5980 6038 6037 5979 
f 5981 6039 6038 5980 
f 5982 6040 6039 5981 
f 5983 6041 6040 5982 
f 5984 6042 6041 5983 
f 5985 6043 6042 5984 
f 5986 6044 6043 5985 
f 5987 6045 6044 5986 
f 5988 3718 6045 5987 
f 6046 6049 6048 6047 
f 6050 6053 6052 6051 
f 6053 6055 6054 6052 
f 6055 6057 6056 6054 
f 6058 6046 6047 6059 
f 6060 6058 6059 6061 
f 6062 6060 6061 6063 
f 6064 6062 6063 6065 
f 6050 3843 6067 6066 
f 6068 6071 6070 6069 
f 6072 6075 6074 6073 
f 6076 6049 6078 6077 
f 6079 6082 6081 6080 
f 6083 6086 6085 6084 
f 6053 6050 6066 6087 
f 6082 6089 6088 6081 
f 6086 6091 6090 6085 
f 6055 6053 6087 6092 
f 6089 6076 6077 6088 
f 6091 6094 6093 6090 
f 6057 6055 6092 6095 
f 6096 6068 6069 6097 
f 6098 6072 6073 6099 
f 6046 6058 6101 6100 
f 6102 6096 6097 6103 
f 6104 6098 6099 6105 
f 6058 6060 6106 6101 
f 6107 6102 6103 6108 
f 6109 6104 6105 6110 
f 6060 6062 6111 6106 
f 6112 6115 6114 6113 
f 6116 6109 6110 6117 
f 6062 6064 6118 6111 
f 6119 6121 6118 6120 
f 5803 6122 5792 
f 6122 6125 6124 6123 
f 6125 6127 6126 6124 
f 6127 6129 6128 6126 
f 6129 6131 6130 6128 
f 6131 6133 6132 6130 
f 6134 6135 6132 
f 6136 6139 6138 6137 
f 6140 6143 6142 6141 
f 6125 6122 5803 6144 
f 6139 6146 6145 6138 
f 6143 6148 6147 6142 
f 6127 6125 6144 6149 
f 6146 6151 6150 6145 
f 6148 6153 6152 6147 
f 6129 6127 6149 6154 
f 6151 6156 6155 6150 
f 6153 6158 6157 6152 
f 6131 6129 6154 6159 
f 6156 6161 6160 6155 
f 6158 6163 6162 6157 
f 6134 6133 6165 6164 
f 6161 6112 6113 6160 
f 6163 6167 6166 6162 
f 6168 6135 6169 6120 
f 6168 6064 6065 6170 
f 6171 6103 6172 
f 6173 6103 6171 
f 6174 6069 6175 
f 6176 6070 6095 6177 
f 6178 6087 6179 
f 6116 6117 6166 6167 
f 6180 6114 6108 6181 
f 6182 6138 6183 
f 6184 6150 6185 
f 5792 6122 6123 5791 
f 5796 6140 6141 5795 
f 5798 6136 6137 5802 
f 6047 6048 6075 6072 
f 6051 6052 6086 6083 
f 6052 6054 6091 6086 
f 6054 6056 6094 6091 
f 6059 6047 6072 6098 
f 6061 6059 6098 6104 
f 6063 6061 6104 6109 
f 6065 6063 6109 6116 
f 6073 6074 6071 6068 
f 6084 6085 6082 6079 
f 6085 6090 6089 6082 
f 6090 6093 6076 6089 
f 6099 6073 6068 6096 
f 6105 6099 6096 6102 
f 6110 6105 6102 6107 
f 6117 6110 6107 6115 
f 6123 6124 6143 6140 
f 6124 6126 6148 6143 
f 6126 6128 6153 6148 
f 6128 6130 6158 6153 
f 6130 6132 6163 6158 
f 6132 6170 6167 6163 
f 6141 6142 6139 6136 
f 6142 6147 6146 6139 
f 6147 6152 6151 6146 
f 6152 6157 6156 6151 
f 6157 6162 6161 6156 
f 6162 6166 6112 6161 
f 6170 6065 6116 6167 
f 6166 6117 6115 6112 
f 5795 6141 6136 5798 
f 6077 6078 6187 6186 
f 6080 6081 6189 6188 
f 6081 6088 6190 6189 
f 6088 6077 6186 6190 
f 6100 6101 6192 6191 
f 6101 6106 6193 6192 
f 6106 6111 6194 6193 
f 6111 6118 6121 6194 
f 6120 6118 6064 6168 
f 6149 6144 6196 6195 
f 6154 6149 6195 6197 
f 6159 6154 6197 6198 
f 6159 6198 6199 
f 6164 6165 6201 6200 
f 6164 6200 6202 
f 6120 6169 6204 6203 
f 6120 6203 6119 
f 6144 5803 6196 
f 6066 6067 3844 6205 
f 6070 6176 6206 
f 6087 6066 6205 6207 
f 6092 6087 6178 6208 
f 6095 6092 6208 6209 
f 6069 6070 6206 6210 
f 6097 6069 6174 6211 
f 6103 6097 6211 6212 
f 6108 6103 6173 6213 
f 6113 6114 6180 6214 
f 6137 6138 6182 6215 
f 6138 6145 6217 6216 
f 6145 6150 6184 6217 
f 6150 6155 6219 6218 
f 6155 6160 6220 6219 
f 6160 6113 6221 6220 
f 6108 6213 6181 
f 6103 6212 6172 
f 6069 6210 6175 
f 6095 6209 6177 
f 6087 6207 6179 
f 6113 6214 6221 
f 6108 6114 6115 6107 
f 6138 6216 6183 
f 6150 6218 6222 
f 5802 6137 6215 6223 
f 5790 5791 5796 5793 
f 5791 6123 6140 5796 
f 6132 6133 6134 
f 6132 6135 6168 6170 
f 6165 6133 6131 6159 
f 6169 6135 6134 6164 
f 6224 6204 6169 6164 
f 6201 6165 6225 
f 6225 6165 6159 6199 
f 6119 5415 5416 6121 
f 6188 5413 1 6226 
f 6187 5405 5406 6186 
f 6189 5411 5413 6188 
f 6190 5409 5411 6189 
f 6186 5406 5409 6190 
f 6191 5425 5405 6187 
f 6192 5423 5425 6191 
f 6193 5421 5423 6192 
f 6194 5419 5421 6193 
f 6121 5416 5419 6194 
f 6196 5451 5453 6195 
f 6195 5453 5437 6197 
f 6197 5437 5438 6198 
f 6198 5438 5441 6199 
f 6201 5445 5427 6200 
f 6200 5427 5428 6202 
f 6204 5433 5435 6203 
f 6203 5435 5415 6119 
f 5803 5450 5451 6196 
f 6202 5428 5431 6224 
f 6224 5431 5433 6204 
f 6225 5443 5445 6201 
f 6199 5441 5443 6225 
f 6227 3843 6050 6051 
f 3845 3846 6079 6080 
f 6228 3847 6083 6084 
f 3847 6227 6051 6083 
f 3846 6228 6084 6079 
f 6226 3845 6080 6188 
f 6224 6164 6202 
f 5552 6229 5621 
f 6172 5870 5871 6171 
f 6171 5871 5947 6173 
f 6175 5880 5878 6174 
f 6177 5888 5886 6176 
f 6179 5896 5894 6178 
f 6181 5769 5770 6180 
f 6183 5758 5760 6182 
f 6222 5748 5751 6185 
f 3844 3840 5900 6205 
f 6176 5886 5884 6206 
f 6205 5900 5898 6207 
f 6178 5894 5892 6208 
f 6208 5892 5890 6209 
f 6206 5884 5882 6210 
f 6174 5878 5876 6211 
f 6211 5876 5874 6212 
f 6173 5947 5943 6213 
f 6180 5770 5772 6214 
f 6182 5760 5762 6215 
f 6217 5754 5756 6216 
f 6184 5753 5754 6217 
f 6219 5745 5746 6218 
f 6220 5776 5745 6219 
f 6221 5774 5776 6220 
f 6213 5943 5769 6181 
f 6212 5874 5870 6172 
f 6210 5882 5880 6175 
f 6209 5890 5888 6177 
f 6207 5898 5896 6179 
f 6214 5772 5774 6221 
f 6216 5756 5758 6183 
f 6218 5746 5748 6222 
f 6223 5764 5766 5801 
f 6215 5762 5764 6223 
f 5562 5767 5768 5561 
f 5564 5771 5767 5562 
f 5566 5773 5771 5564 
f 5567 5775 5773 5566 
f 5568 5744 5775 5567 
f 5571 5743 5744 5568 
f 5573 5747 5743 5571 
f 5577 5749 5750 5574 
f 5578 5752 5749 5577 
f 5580 5755 5752 5578 
f 5582 5757 5755 5580 
f 5584 5759 5757 5582 
f 5586 5761 5759 5584 
f 5589 5763 5761 5586 
f 5591 5765 5763 5589 
f 5838 5872 5873 5837 
f 5837 5873 5875 5841 
f 5841 5875 5877 5843 
f 5843 5877 5879 5845 
f 5845 5879 5881 5847 
f 5847 5881 5883 5849 
f 5849 5883 5885 5851 
f 5851 5885 5887 5853 
f 5853 5887 5889 5855 
f 5855 5889 5891 5857 
f 5857 5891 5893 5859 
f 5859 5893 5895 5861 
f 5861 5895 5897 5863 
f 5863 5897 5899 5865 
f 5865 5899 5901 5867 
f 5867 5901 5902 3716 
f 5949 5941 5945 5948 
f 5561 5768 5940 5952 
f 5952 5940 5941 5949 
f 5972 5946 5872 5838 
f 5948 5945 5946 5972 
f 5591 5678 5778 5765 
f 5536 5596 5592 5535 
f 5541 5598 5599 5539 
f 5542 5601 5598 5541 
f 5545 5604 5601 5542 
f 5548 5610 5608 5547 
f 5560 5618 5619 5559 
f 5559 5619 5622 5563 
f 5563 5622 5624 5565 
f 5565 5624 5594 5569 
f 5569 5594 5595 5570 
f 5570 5595 5597 5572 
f 5572 5597 5600 5575 
f 5576 5602 5603 5579 
f 5579 5603 5605 5581 
f 5581 5605 5607 5583 
f 5583 5607 5609 5585 
f 5585 5609 5611 5587 
f 5587 5611 5613 5588 
f 5588 5613 5615 5590 
f 5668 5593 5623 5670 
f 5590 5615 5676 5679 
f 5691 5682 5683 5690 
f 5702 5688 5689 5701 
f 5679 5676 5682 5691 
f 5690 5683 5779 5784 
f 5788 5782 5688 5702 
f 5784 5779 5731 
f 5951 5935 5961 5950 
f 5953 5957 5618 5560 
f 5950 5961 5957 5953 
f 5535 5592 5593 5668 
f 6003 5606 5604 5545 
f 5547 5608 5606 6003 
f 6004 5612 5610 5548 
f 6005 5614 5612 6004 
f 6006 5681 5614 6005 
f 5701 5689 5681 6006 
f 5730 5782 5788 
f 6013 5620 5621 
f 5670 5623 5620 6013 
f 5616 5643 5644 6229 
f 5673 5655 5656 5672 
f 5906 3717 5653 5905 
f 5905 5653 5654 5908 
f 5908 5654 5995 5910 
f 5910 5995 5649 5912 
f 5912 5649 5650 5914 
f 5914 5650 5994 5916 
f 5916 5994 5645 5918 
f 5918 5645 5646 5920 
f 5920 5646 6001 5922 
f 5922 6001 5641 5924 
f 5924 5641 5642 5926 
f 5926 5642 5966 5928 
f 5928 5966 5967 5931 
f 5931 5967 5933 
f 5956 5968 5969 5617 
f 5956 5960 5968 
f 5672 5656 5998 3841 
f 6008 5651 5652 6007 
f 6009 5997 5651 6008 
f 6007 5652 5996 6010 
f 6010 5996 5655 5673 
f 6012 5647 5648 6011 
f 5621 6002 5647 6012 
f 6011 5648 5997 6009 
f 6229 5644 6002 5621 
f 5617 5969 5643 5616 
f 5552 5616 6229 
f 5485 5486 5481 5482 
f 5519 5520 5515 5516 
f 5539 5540 5544 5541 
f 5574 5575 5576 5577 
f 5599 5519 5516 5596 
f 5600 5520 5517 5602 
f 5540 5658 3835 5544 
f 5750 5485 5482 5747 
f 5751 5486 5483 5753 
f 6185 5751 5753 6184 
f 5574 5750 5747 5573 
f 5539 5599 5596 5536 
f 5575 5600 5602 5576 
f 6185 6150 6222 
f 5802 6223 5801 
s 2
f 5195 5255 5256 5194 
f 5197 5257 5255 5195 
f 5199 5258 5257 5197 
f 5199 5200 5260 5258 
s 134889476
f 7981 5202 5278 7983 
s 134217730
f 5205 5270 5278 5202 
s 2
f 5207 5269 5270 5205 
f 5209 5263 5269 5207 
f 5211 5262 5263 5209 
f 5215 5250 5245 5214 
f 5217 5218 5252 5249 
f 5214 5245 5246 5222 
f 5217 5249 5250 5215 
f 5280 5285 5286 5283 
f 5295 5449 5457 5294 
f 5297 5448 5449 5295 
f 5299 5452 5448 5297 
f 5301 5454 5452 5299 
f 5303 5440 5454 5301 
f 5294 5457 5459 5305 
f 5325 5429 5430 5324 
f 5327 5432 5429 5325 
f 5329 5434 5432 5327 
f 5331 5436 5434 5329 
f 5333 5418 5436 5331 
f 5335 5417 5418 5333 
f 5337 5439 5440 5303 
f 5339 5442 5439 5337 
f 5341 5444 5442 5339 
f 5343 5446 5444 5341 
f 5324 5430 5446 5343 
f 5345 5420 5417 5335 
f 5347 5422 5420 5345 
f 5349 5424 5422 5347 
f 5351 5426 5424 5349 
f 5353 5408 5426 5351 
f 5355 5407 5408 5353 
f 5357 5410 5407 5355 
f 5359 5412 5410 5357 
f 5362 5414 5412 5359 
f 3742 3833 5414 5362 
s 258
f 5173 5174 5175 5172 
s 514
f 5145 5188 5220 5122 
s 2
f 5281 5221 5222 5280 
s 18
f 5285 5246 5223 5284 
s 152
f 5284 5223 5224 5288 
s 132
f 5288 5224 5243 5290 
s 2
f 5305 5218 5219 5304 
s 41
f 5321 5231 5232 5320 
s 36
f 5458 5251 5231 5321 
s 3
f 5320 5232 5252 5459 
s 4
f 5290 5243 5724 
f 5733 5251 5458 
s 2
f 5280 5222 5246 5285 
f 5459 5252 5218 5305 
s 17
f 5107 5108 5112 5109 
s 18
f 5107 5109 5166 5165 
f 5119 5171 5170 5117 
s 2
f 5210 5193 5194 5211 
s 18
f 5262 5256 5233 5261 
s 88
f 5261 5233 5234 5265 
s 68
f 5265 5234 5253 5267 
s 2
f 5283 5200 5201 5282 
s 34
f 5287 5242 5260 5286 
s 168
f 5289 5241 5242 5287 
s 132
f 5291 5259 5241 5289 
s 4
f 5291 5721 5259 
f 5267 5253 5721 
s 2
f 5211 5194 5256 5262 
f 5286 5260 5200 5283 
s 1
f 5004 5071 5072 5003 
f 5003 5072 5143 5006 
f 5010 5141 5139 5009 
f 5014 5137 5135 5013 
f 5013 5135 5133 5016 
f 5016 5133 5131 5018 
f 5018 5131 5129 5020 
f 5020 5129 5126 5022 
f 5022 5126 5127 5024 
f 5024 5127 5144 5025 
f 5029 5106 5104 5028 
f 5033 5102 5100 5032 
f 5037 3719 6230 5036 
f 5041 5096 5094 5040 
f 5040 5094 5092 5046 
f 5046 5092 5090 5045 
f 5045 5090 5088 5048 
f 5048 5088 5086 5050 
f 5050 5086 5084 5052 
f 5052 5084 5082 5054 
f 5054 5082 5080 5056 
f 5056 5080 5078 5058 
f 5058 5078 5076 5060 
f 5060 5076 5074 5062 
f 5062 5074 5071 5004 
f 5006 5143 5141 5010 
f 5009 5139 5137 5014 
f 5028 5104 5102 5033 
f 5064 5108 5106 5029 
s 4751432
f 7993 5032 5100 7968 
s 1
f 5066 5118 5116 5065 
f 5025 6231 5120 5066 
f 5068 5114 5111 5067 
f 5065 5116 5114 5068 
f 5067 5111 5112 5064 
s 2
f 5193 5166 5167 5192 
f 5192 5167 5168 5196 
f 5196 5168 5169 5198 
f 5198 5169 5170 5201 
s 17957384
f 7977 7975 5161 5203 
s 1074268170
f 5203 5161 5162 5204 
s 2
f 5204 5162 5163 5206 
f 5206 5163 5164 5208 
f 5208 5164 5165 5210 
f 5213 5176 5189 5212 
f 5216 5190 5220 5219 
f 5221 5175 5176 5213 
f 5212 5189 5190 5216 
f 5282 5171 5172 5281 
f 5293 5178 5179 5292 
f 5292 5179 5180 5296 
f 5296 5180 5181 5298 
f 5298 5181 5182 5300 
f 5300 5182 5183 5302 
f 5304 5188 5178 5293 
f 5323 5146 5147 5322 
f 5322 5147 5148 5326 
f 5326 5148 5149 5328 
f 5328 5149 5150 5330 
f 5330 5150 5151 5332 
f 5332 5151 5152 5334 
f 5302 5183 5184 5336 
f 5336 5184 5185 5338 
f 5338 5185 5186 5340 
f 5340 5186 5187 5342 
f 5342 5187 5146 5323 
f 5334 5152 5153 5344 
f 5344 5153 5154 5346 
f 5346 5154 5155 5348 
f 5348 5155 5156 5350 
f 5350 5156 5157 5352 
f 5352 5157 5158 5354 
f 5354 5158 5159 5356 
f 5356 5159 5160 5358 
f 5281 5172 5175 5221 
f 5219 5220 5188 5304 
s 1
f 5064 5112 5108 
s 2
f 5210 5165 5166 5193 
f 5201 5170 5171 5282 
s 1
f 6232 6234 6233 3848 
f 6235 6238 6237 6236 
f 4 3849 6240 6239 
f 6241 3850 6243 6242 
f 6244 6247 6246 6245 
f 6247 3851 6248 6246 
f 3851 6250 6249 6248 
f 6250 3745 6251 6249 
f 3745 6253 6252 6251 
f 6253 3746 6254 6252 
f 3747 6257 6256 6255 
f 3747 5 6258 6257 
f 5 6260 6259 6258 
f 6260 6262 6261 6259 
f 3748 7 6264 6263 
s 2
f 3852 3749 6266 6265 
f 6267 6270 6269 6268 
f 6270 6272 6271 6269 
f 6272 3750 6273 6271 
s 10
f 3750 6275 6274 6273 
s 1
f 6234 6277 6276 6233 
f 6278 6281 6280 6279 
f 6236 6237 6283 6282 
f 6239 6240 6285 6284 
f 6242 6243 6287 6286 
f 6245 6246 6289 6288 
f 6246 6248 6290 6289 
f 6248 6249 6291 6290 
f 6249 6251 6292 6291 
f 6251 6252 6293 6292 
f 6252 6254 6294 6293 
f 6257 6296 6295 6256 
f 6257 6258 6297 6296 
f 6258 6259 6298 6297 
f 6259 6261 6299 6298 
f 6263 6264 6301 6300 
s 2
f 6265 6266 6303 6302 
f 6268 6269 6305 6304 
f 6269 6271 6306 6305 
f 6271 6273 6307 6306 
s 6
f 6273 6274 6308 6307 
s 1
f 6277 6310 6309 6276 
f 6282 6283 6312 6311 
f 6284 6285 6314 6313 
f 6286 6287 6316 6315 
f 6288 6289 6318 6317 
f 6289 6290 6319 6318 
f 6290 6291 6320 6319 
f 6291 6292 6321 6320 
f 6292 6293 6322 6321 
f 6293 6294 6323 6322 
f 6296 6325 6324 6295 
f 6296 6297 6326 6325 
f 6297 6298 6327 6326 
f 6298 6299 6328 6327 
f 6300 6301 6330 6329 
s 2
f 6302 6303 6332 6331 
f 6304 6305 6334 6333 
f 6305 6306 6335 6334 
f 6306 6307 6336 6335 
s 10
f 6307 6308 6337 6336 
s 1
f 6310 6339 6338 6309 
f 6340 6343 6342 6341 
f 6311 6312 6345 6344 
f 6313 6314 6347 6346 
f 6315 6316 6349 6348 
f 6317 6318 6351 6350 
f 6318 6319 6352 6351 
f 6319 6320 6353 6352 
f 6320 6321 6354 6353 
f 6321 6322 6355 6354 
f 6322 6323 6356 6355 
f 6325 6358 6357 6324 
f 6325 6326 6359 6358 
f 6326 6327 6360 6359 
f 6327 6328 6361 6360 
f 6329 6330 6363 6362 
s 2
f 6331 6332 6365 6364 
f 6333 6334 6367 6366 
f 6334 6335 6368 6367 
f 6335 6336 6369 6368 
s 6
f 6336 6337 6370 6369 
s 1
f 6339 6372 6371 6338 
f 6341 6342 6374 6373 
f 6344 6345 6376 6375 
f 6346 6347 6378 6377 
f 6348 6349 6380 6379 
f 6350 6351 6382 6381 
f 6351 6352 6383 6382 
f 6352 6353 6384 6383 
f 6353 6354 6385 6384 
f 6354 6355 6386 6385 
f 6355 6356 6387 6386 
f 6358 6389 6388 6357 
f 6358 6359 6390 6389 
f 6359 6360 6391 6390 
f 6360 6361 6392 6391 
f 6362 6363 6394 6393 
s 2
f 6364 6365 6396 6395 
f 6366 6367 6398 6397 
f 6367 6368 6399 6398 
f 6368 6369 6400 6399 
s 10
f 6369 6370 6401 6400 
s 1
f 6372 6403 6402 6371 
f 6373 6374 6405 6404 
f 6375 6376 6407 6406 
f 6377 6378 6409 6408 
f 6379 6380 6411 6410 
f 6381 6382 6413 6412 
f 6382 6383 6414 6413 
f 6383 6384 6415 6414 
f 6384 6385 6416 6415 
f 6385 6386 6417 6416 
f 6386 6387 6418 6417 
f 6389 6420 6419 6388 
f 6389 6390 6421 6420 
f 6390 6391 6422 6421 
f 6391 6392 6423 6422 
f 6393 6394 6425 6424 
s 2
f 6395 6396 6427 6426 
f 6397 6398 6429 6428 
f 6398 6399 6430 6429 
f 6399 6400 6431 6430 
s 6
f 6400 6401 6432 6431 
s 1
f 6403 6434 6433 6402 
f 6404 6405 6436 6435 
f 6406 6407 6438 6437 
f 6408 6409 6440 6439 
f 6410 6411 6442 6441 
f 6412 6413 6444 6443 
f 6413 6414 6445 6444 
f 6414 6415 6446 6445 
f 6415 6416 6447 6446 
f 6416 6417 6448 6447 
f 6417 6418 6449 6448 
f 6420 6451 6450 6419 
f 6420 6421 6452 6451 
f 6421 6422 6453 6452 
f 6422 6423 6454 6453 
f 6424 6425 6456 6455 
s 2
f 6428 6429 6458 6457 
f 6429 6430 6459 6458 
f 6430 6431 6460 6459 
s 10
f 6431 6432 6461 6460 
s 1
f 6434 6463 6462 6433 
f 6435 6436 6465 6464 
f 6437 6438 6467 6466 
f 6439 6440 6469 6468 
f 6441 6442 6471 6470 
f 6443 6444 6473 6472 
f 6444 6445 6474 6473 
f 6445 6446 6475 6474 
f 6446 6447 6476 6475 
f 6447 6448 6477 6476 
f 6448 6449 6478 6477 
f 6451 6480 6479 6450 
f 6451 6452 6481 6480 
f 6452 6453 6482 6481 
f 6453 6454 6483 6482 
f 6455 6456 6485 6484 
s 2
f 6486 6489 6488 6487 
f 6457 6458 6491 6490 
f 6458 6459 6492 6491 
f 6459 6460 6493 6492 
s 6
f 6460 6461 6494 6493 
s 1
f 6463 6496 6495 6462 
f 6464 6465 6498 6497 
f 6466 6467 6500 6499 
f 6468 6469 6502 6501 
f 6470 6471 6504 6503 
f 6472 6473 6506 6505 
f 6473 6474 6507 6506 
f 6474 6475 6508 6507 
f 6475 6476 6509 6508 
f 6476 6477 6510 6509 
f 6477 6478 6511 6510 
f 6480 6513 6512 6479 
f 6480 6481 6514 6513 
f 6481 6482 6515 6514 
f 6482 6483 6516 6515 
f 6484 6485 6518 6517 
s 2
f 6519 6520 6489 6486 
f 6490 6491 6522 6521 
f 6491 6492 6523 6522 
f 6492 6493 6524 6523 
s 10
f 6493 6494 6525 6524 
s 1
f 6496 6527 6526 6495 
f 6497 6498 6529 6528 
f 6499 6500 6531 6530 
f 6501 6502 6533 6532 
f 6503 6504 6535 6534 
f 6505 6506 6537 6536 
f 6506 6507 6538 6537 
f 6507 6508 6539 6538 
f 6508 6509 6540 6539 
f 6509 6510 6541 6540 
f 6510 6511 6542 6541 
f 6513 6544 6543 6512 
f 6513 6514 6545 6544 
f 6514 6515 6546 6545 
f 6515 6516 6547 6546 
f 6517 6518 6549 6548 
s 2
f 6550 6551 6520 6519 
f 6521 6522 6553 6552 
f 6522 6523 6554 6553 
f 6523 6524 6555 6554 
s 6
f 6524 6525 6556 6555 
s 1
f 6527 6558 6557 6526 
f 6528 6529 6560 6559 
f 6530 6531 6562 6561 
f 6532 6533 6564 6563 
f 6534 6535 6566 6565 
f 6536 6537 6568 6567 
f 6537 6538 6569 6568 
f 6538 6539 6570 6569 
f 6539 6540 6571 6570 
f 6540 6541 6572 6571 
f 6541 6542 6573 6572 
f 6544 6575 6574 6543 
f 6544 6545 6576 6575 
f 6545 6546 6577 6576 
f 6546 6547 6578 6577 
f 6548 6549 6580 6579 
s 2
f 6581 6582 6551 6550 
f 6552 6553 6584 6583 
f 6553 6554 6585 6584 
f 6554 6555 6586 6585 
s 10
f 6555 6556 6587 6586 
s 1
f 6558 6589 6588 6557 
f 6559 6560 6591 6590 
f 6561 6562 6593 6592 
f 6563 6564 6595 6594 
f 6565 6566 6597 6596 
f 6567 6568 6599 6598 
f 6568 6569 6600 6599 
f 6569 6570 6601 6600 
f 6570 6571 6602 6601 
f 6571 6572 6603 6602 
f 6572 6573 6604 6603 
f 6575 6606 6605 6574 
f 6575 6576 6607 6606 
f 6576 6577 6608 6607 
f 6577 6578 6609 6608 
f 6579 6580 6611 6610 
s 2
f 6612 6613 6582 6581 
f 6583 6584 6615 6614 
f 6584 6585 6616 6615 
f 6585 6586 6617 6616 
s 6
f 6586 6587 6618 6617 
s 1
f 6589 6620 6619 6588 
f 6590 6591 6622 6621 
f 6592 6593 6624 6623 
f 6594 6595 6626 6625 
f 6596 6597 6628 6627 
f 6598 6599 6630 6629 
f 6599 6600 6631 6630 
f 6600 6601 6632 6631 
f 6601 6602 6633 6632 
f 6602 6603 6634 6633 
f 6603 6604 6635 6634 
f 6606 6637 6636 6605 
f 6606 6607 6638 6637 
f 6607 6608 6639 6638 
f 6608 6609 6640 6639 
f 6610 6611 6642 6641 
s 2
f 6643 6644 6613 6612 
f 6614 6615 6646 6645 
f 6615 6616 6647 6646 
f 6616 6617 6648 6647 
s 10
f 6617 6618 6649 6648 
s 1
f 6620 6651 6650 6619 
f 6621 6622 6653 6652 
f 6623 6624 6655 6654 
f 6625 6626 6657 6656 
f 6627 6628 6659 6658 
f 6629 6630 6661 6660 
f 6630 6631 6662 6661 
f 6631 6632 6663 6662 
f 6632 6633 6664 6663 
f 6633 6634 6665 6664 
f 6634 6635 6666 6665 
f 6637 6668 6667 6636 
f 6637 6638 6669 6668 
f 6638 6639 6670 6669 
f 6639 6640 6671 6670 
f 6641 6642 6673 6672 
s 2
f 6674 6675 6644 6643 
f 6645 6646 6677 6676 
f 6646 6647 6678 6677 
f 6647 6648 6679 6678 
s 6
f 6648 6649 6680 6679 
s 1
f 6651 6682 6681 6650 
f 6652 6653 6684 6683 
f 6654 6655 6686 6685 
f 6656 6657 6688 6687 
f 6658 6659 6690 6689 
f 6660 6661 6692 6691 
f 6661 6662 6693 6692 
f 6662 6663 6694 6693 
f 6663 6664 6695 6694 
f 6664 6665 6696 6695 
f 6665 6666 6697 6696 
f 6668 6699 6698 6667 
f 6668 6669 6700 6699 
f 6669 6670 6701 6700 
f 6670 6671 6702 6701 
f 6672 6673 6704 6703 
s 2
f 6705 6706 6675 6674 
f 6676 6677 6708 6707 
f 6677 6678 6709 6708 
f 6678 6679 6710 6709 
s 10
f 6679 6680 6711 6710 
s 1
f 6682 6713 6712 6681 
f 6683 6684 6715 6714 
f 6685 6686 6717 6716 
f 6687 6688 6719 6718 
f 6689 6690 6721 6720 
f 6691 6692 6723 6722 
f 6692 6693 6724 6723 
f 6693 6694 6725 6724 
f 6694 6695 6726 6725 
f 6695 6696 6727 6726 
f 6696 6697 6728 6727 
f 6699 6730 6729 6698 
f 6699 6700 6731 6730 
f 6700 6701 6732 6731 
f 6701 6702 6733 6732 
f 6703 6704 6735 6734 
s 2
f 6736 6737 6706 6705 
f 6707 6708 6739 6738 
f 6708 6709 6740 6739 
f 6709 6710 6741 6740 
s 6
f 6710 6711 6742 6741 
s 1
f 6713 6744 6743 6712 
f 6714 6715 6746 6745 
f 6716 6717 6748 6747 
f 6718 6719 6750 6749 
f 6720 6721 6752 6751 
f 6722 6723 6754 6753 
f 6723 6724 6755 6754 
f 6724 6725 6756 6755 
f 6725 6726 6757 6756 
f 6726 6727 6758 6757 
f 6727 6728 6759 6758 
f 6730 6761 6760 6729 
f 6730 6731 6762 6761 
f 6731 6732 6763 6762 
f 6732 6733 6764 6763 
f 6734 6735 6766 6765 
s 2
f 6767 6768 6737 6736 
f 6738 6739 6770 6769 
f 6739 6740 6771 6770 
f 6740 6741 6772 6771 
s 10
f 6741 6742 6773 6772 
s 1
f 6744 6775 6774 6743 
f 6745 6746 6777 6776 
f 6747 6748 6779 6778 
f 6749 6750 6781 6780 
f 6751 6752 6783 6782 
f 6753 6754 6785 6784 
f 6754 6755 6786 6785 
f 6755 6756 6787 6786 
f 6756 6757 6788 6787 
f 6757 6758 6789 6788 
f 6758 6759 6790 6789 
f 6761 6792 6791 6760 
f 6761 6762 6793 6792 
f 6762 6763 6794 6793 
f 6763 6764 6795 6794 
f 6765 6766 6797 6796 
s 2
f 6798 6799 6768 6767 
f 6769 6770 6801 6800 
f 6770 6771 6802 6801 
f 6771 6772 6803 6802 
s 6
f 6772 6773 6804 6803 
s 1
f 6775 6806 6805 6774 
f 6776 6777 6808 6807 
f 6778 6779 6810 6809 
f 6780 6781 6812 6811 
f 6782 6783 6814 6813 
f 6784 6785 6816 6815 
f 6785 6786 6817 6816 
f 6786 6787 6818 6817 
f 6787 6788 6819 6818 
f 6788 6789 6820 6819 
f 6789 6790 6821 6820 
f 6792 6823 6822 6791 
f 6792 6793 6824 6823 
f 6793 6794 6825 6824 
f 6794 6795 6826 6825 
f 6796 6797 6828 6827 
s 2
f 6829 6830 6799 6798 
f 6800 6801 6832 6831 
f 6801 6802 6833 6832 
f 6802 6803 6834 6833 
s 10
f 6803 6804 6835 6834 
s 1
f 6806 6837 6836 6805 
f 6807 6808 6839 6838 
f 6809 6810 6841 6840 
f 6811 6812 6843 6842 
f 6813 6814 6845 6844 
f 6815 6816 6847 6846 
f 6816 6817 6848 6847 
f 6817 6818 6849 6848 
f 6818 6819 6850 6849 
f 6819 6820 6851 6850 
f 6820 6821 6852 6851 
f 6823 6854 6853 6822 
f 6823 6824 6855 6854 
f 6824 6825 6856 6855 
f 6825 6826 6857 6856 
f 6827 6828 6859 6858 
s 2
f 6860 6861 6830 6829 
f 6831 6832 6863 6862 
f 6832 6833 6864 6863 
f 6833 6834 6865 6864 
s 6
f 6834 6835 6866 6865 
s 1
f 6837 6868 6867 6836 
f 6838 6839 6870 6869 
f 6840 6841 6872 6871 
f 6842 6843 6874 6873 
f 6844 6845 6876 6875 
f 6846 6847 6878 6877 
f 6847 6848 6879 6878 
f 6848 6849 6880 6879 
f 6849 6850 6881 6880 
f 6850 6851 6882 6881 
f 6851 6852 6883 6882 
f 6854 6885 6884 6853 
f 6854 6855 6886 6885 
f 6855 6856 6887 6886 
f 6856 6857 6888 6887 
f 6858 6859 6890 6889 
s 2
f 6891 6892 6861 6860 
f 6862 6863 6894 6893 
f 6863 6864 6895 6894 
f 6864 6865 6896 6895 
s 10
f 6865 6866 6897 6896 
s 1
f 6868 6899 6898 6867 
f 6869 6870 6901 6900 
f 6871 6872 6903 6902 
f 6873 6874 6905 6904 
f 6875 6876 6907 6906 
f 6877 6878 6909 6908 
f 6878 6879 6910 6909 
f 6879 6880 6911 6910 
f 6880 6881 6912 6911 
f 6881 6882 6913 6912 
f 6882 6883 6914 6913 
f 6885 6916 6915 6884 
f 6885 6886 6917 6916 
f 6886 6887 6918 6917 
f 6887 6888 6919 6918 
f 6889 6890 6921 6920 
s 2
f 6922 6923 6892 6891 
f 6893 6894 6925 6924 
f 6894 6895 6926 6925 
f 6895 6896 6927 6926 
s 6
f 6896 6897 6928 6927 
s 1
f 6899 6930 6929 6898 
f 6900 6901 6932 6931 
f 6902 6903 6934 6933 
f 6904 6905 6936 6935 
f 6906 6907 6938 6937 
f 6908 6909 6940 6939 
f 6909 6910 6941 6940 
f 6910 6911 6942 6941 
f 6911 6912 6943 6942 
f 6912 6913 6944 6943 
f 6913 6914 6945 6944 
f 6916 6947 6946 6915 
f 6916 6917 6948 6947 
f 6917 6918 6949 6948 
f 6918 6919 6950 6949 
f 6920 6921 6952 6951 
s 2
f 6953 6954 6923 6922 
f 6924 6925 6956 6955 
f 6925 6926 6957 6956 
f 6926 6927 6958 6957 
s 10
f 6927 6928 6959 6958 
s 1
f 6930 6961 6960 6929 
f 6931 6932 6963 6962 
f 6933 6934 6965 6964 
f 6935 6936 6967 6966 
f 6937 6938 6969 6968 
f 6939 6940 6971 6970 
f 6940 6941 6972 6971 
f 6941 6942 6973 6972 
f 6942 6943 6974 6973 
f 6943 6944 6975 6974 
f 6944 6945 6976 6975 
f 6947 6978 6977 6946 
f 6947 6948 6979 6978 
f 6948 6949 6980 6979 
f 6949 6950 6981 6980 
f 6951 6952 6983 6982 
s 2
f 6984 6985 6954 6953 
f 6955 6956 6987 6986 
f 6956 6957 6988 6987 
f 6957 6958 6989 6988 
s 6
f 6958 6959 6990 6989 
s 1
f 6961 6992 6991 6960 
f 6962 6963 6994 6993 
f 6964 6965 6996 6995 
f 6966 6967 6998 6997 
f 6968 6969 7000 6999 
f 6970 6971 7002 7001 
f 6971 6972 7003 7002 
f 6972 6973 7004 7003 
f 6973 6974 7005 7004 
f 6974 6975 7006 7005 
f 6975 6976 7007 7006 
f 6978 7009 7008 6977 
f 6978 6979 7010 7009 
f 6979 6980 7011 7010 
f 6980 6981 7012 7011 
f 6982 6983 7014 7013 
s 2
f 7015 7016 6985 6984 
f 6986 6987 7018 7017 
f 6987 6988 7019 7018 
f 6988 6989 7020 7019 
s 10
f 6989 6990 7021 7020 
s 1
f 6992 7023 7022 6991 
f 6993 6994 7025 7024 
f 6995 6996 7027 7026 
f 6997 6998 7029 7028 
f 6999 7000 7031 7030 
f 7001 7002 7033 7032 
f 7002 7003 7034 7033 
f 7003 7004 7035 7034 
f 7004 7005 7036 7035 
f 7005 7006 7037 7036 
f 7006 7007 7038 7037 
f 7009 7040 7039 7008 
f 7009 7010 7041 7040 
f 7010 7011 7042 7041 
f 7011 7012 7043 7042 
f 7013 7014 7045 7044 
s 2
f 7046 7047 7016 7015 
f 7017 7018 7049 7048 
f 7018 7019 7050 7049 
f 7019 7020 7051 7050 
s 6
f 7020 7021 7052 7051 
s 1
f 7023 7054 7053 7022 
f 7024 7025 7056 7055 
f 7026 7027 7058 7057 
f 7028 7029 7060 7059 
f 7030 7031 7062 7061 
f 7032 7033 7064 7063 
f 7033 7034 7065 7064 
f 7034 7035 7066 7065 
f 7035 7036 7067 7066 
f 7036 7037 7068 7067 
f 7037 7038 7069 7068 
f 7040 7071 7070 7039 
f 7040 7041 7072 7071 
f 7041 7042 7073 7072 
f 7042 7043 7074 7073 
f 7044 7045 7076 7075 
s 2
f 7077 7078 7047 7046 
f 7048 7049 7080 7079 
f 7049 7050 7081 7080 
f 7050 7051 7082 7081 
s 10
f 7051 7052 7083 7082 
s 1
f 7054 7085 7084 7053 
f 7055 7056 7087 7086 
f 7057 7058 7089 7088 
f 7059 7060 7091 7090 
f 7061 7062 7093 7092 
f 7063 7064 7095 7094 
f 7064 7065 7096 7095 
f 7065 7066 7097 7096 
f 7066 7067 7098 7097 
f 7067 7068 7099 7098 
f 7068 7069 7100 7099 
f 7071 7102 7101 7070 
f 7071 7072 7103 7102 
f 7072 7073 7104 7103 
f 7073 7074 7105 7104 
f 7075 7076 7107 7106 
s 2
f 7108 7109 7078 7077 
f 7079 7080 7111 7110 
f 7080 7081 7112 7111 
f 7081 7082 7113 7112 
s 6
f 7082 7083 7114 7113 
s 1
f 7085 7116 7115 7084 
f 7086 7087 7118 7117 
f 7088 7089 7120 7119 
f 7090 7091 7122 7121 
f 7092 7093 7124 7123 
f 7094 7095 7126 7125 
f 7095 7096 7127 7126 
f 7096 7097 7128 7127 
f 7097 7098 7129 7128 
f 7098 7099 7130 7129 
f 7099 7100 7131 7130 
f 7102 7133 7132 7101 
f 7102 7103 7134 7133 
f 7103 7104 7135 7134 
f 7104 7105 7136 7135 
f 7106 7107 7138 7137 
s 2
f 7139 7140 7109 7108 
f 7110 7111 7142 7141 
f 7111 7112 7143 7142 
f 7112 7113 7144 7143 
s 10
f 7113 7114 7145 7144 
s 1
f 7116 7147 7146 7115 
f 7117 7118 7149 7148 
f 7119 7120 7151 7150 
f 7121 7122 7153 7152 
f 7123 7124 7155 7154 
f 7125 7126 7157 7156 
f 7126 7127 7158 7157 
f 7127 7128 7159 7158 
f 7128 7129 7160 7159 
f 7129 7130 7161 7160 
f 7130 7131 7162 7161 
f 7133 7164 7163 7132 
f 7133 7134 7165 7164 
f 7134 7135 7166 7165 
f 7135 7136 7167 7166 
f 7137 7138 7169 7168 
s 2
f 7170 7171 7140 7139 
f 7141 7142 7173 7172 
f 7142 7143 7174 7173 
f 7143 7144 7175 7174 
s 6
f 7144 7145 7176 7175 
s 1
f 7147 7178 7177 7146 
f 7148 7149 7180 7179 
f 7150 7151 7182 7181 
f 7152 7153 7184 7183 
f 7154 7155 7186 7185 
f 7156 7157 7188 7187 
f 7157 7158 7189 7188 
f 7158 7159 7190 7189 
f 7159 7160 7191 7190 
f 7160 7161 7192 7191 
f 7161 7162 7193 7192 
f 7164 7195 7194 7163 
f 7164 7165 7196 7195 
f 7165 7166 7197 7196 
f 7166 7167 7198 7197 
f 7168 7169 7200 7199 
s 2
f 7201 7202 7171 7170 
f 7172 7173 7204 7203 
f 7173 7174 7205 7204 
f 7174 7175 7206 7205 
s 10
f 7175 7176 7207 7206 
s 1
f 7178 7208 3853 7177 
f 7179 7180 3 3751 
f 7181 7182 7210 7209 
f 7183 7184 7212 7211 
f 7185 7186 7214 7213 
f 7187 7188 7215 3854 
f 7188 7189 7216 7215 
f 7189 7190 7217 7216 
f 7190 7191 7218 7217 
f 7191 7192 7219 7218 
f 7192 7193 3855 7219 
f 7195 7221 7220 7194 
f 7195 7196 3752 7221 
f 7196 7197 3753 3752 
f 7197 7198 3720 3753 
f 7199 7200 3243 7222 
s 2
f 7223 7224 7202 7201 
f 7203 7204 7225 3856 
f 7204 7205 7226 7225 
f 7205 7206 7227 7226 
s 6
f 7206 7207 7228 7227 
s 1
f 7229 7232 7231 7230 
f 7233 7229 7230 7234 
f 7235 7233 7234 7236 
f 7237 7235 7236 7238 
f 7239 7237 7238 7240 
f 7241 7239 7240 7242 
f 7243 7241 7242 7244 
f 7245 7243 7244 7246 
f 7247 7245 7246 7248 
f 7249 7247 7248 7250 
f 7251 7249 7250 7252 
f 7253 7251 7252 7254 
f 7255 7253 7254 7256 
f 7257 7255 7256 7258 
f 7259 7257 7258 7260 
f 7261 7259 7260 7262 
f 7263 7261 7262 7264 
f 7265 7263 7264 7266 
f 7267 7265 7266 7268 
f 7269 7267 7268 7270 
f 7271 7269 7270 7272 
f 7273 7271 7272 7274 
f 7275 7273 7274 7276 
f 7277 7275 7276 7278 
f 7279 7277 7278 7280 
f 7281 7279 7280 7282 
f 7283 7281 7282 7284 
f 7285 7283 7284 7286 
f 7287 7285 7286 7288 
f 7289 7287 7288 7290 
f 7291 7289 7290 7292 
f 7 3721 7293 6264 
s 2
f 6265 7293 3721 3852 
s 1
f 6264 7293 7294 6301 
s 2
f 6302 7294 7293 6265 
s 1
f 6301 7294 7295 6330 
s 2
f 6331 7295 7294 6302 
s 1
f 6330 7295 7296 6363 
s 2
f 6364 7296 7295 6331 
s 1
f 6363 7296 7297 6394 
s 2
f 6395 7297 7296 6364 
s 1
f 6394 7297 7298 6425 
s 2
f 6426 7298 7297 6395 
s 1
f 6425 7298 7299 6456 
s 2
f 7300 7299 7298 6426 
s 1
f 6456 7299 7301 6485 
s 2
f 7302 7301 7299 7300 
s 1
f 6485 7301 7303 6518 
s 2
f 7304 7303 7301 7302 
s 1
f 6518 7303 7305 6549 
s 2
f 7306 7305 7303 7304 
s 1
f 6549 7305 7307 6580 
s 2
f 7308 7307 7305 7306 
s 1
f 6580 7307 7309 6611 
s 2
f 7310 7309 7307 7308 
s 1
f 6611 7309 7311 6642 
s 2
f 7312 7311 7309 7310 
s 1
f 6642 7311 7313 6673 
s 2
f 7314 7313 7311 7312 
s 1
f 6673 7313 7315 6704 
s 2
f 7316 7315 7313 7314 
s 1
f 6704 7315 7317 6735 
s 2
f 7318 7317 7315 7316 
s 1
f 6735 7317 7319 6766 
s 2
f 7320 7319 7317 7318 
s 1
f 6766 7319 7321 6797 
s 2
f 7322 7321 7319 7320 
s 1
f 6797 7321 7323 6828 
s 2
f 7324 7323 7321 7322 
s 1
f 6828 7323 7325 6859 
s 2
f 7326 7325 7323 7324 
s 1
f 6859 7325 7327 6890 
s 2
f 7328 7327 7325 7326 
s 1
f 6890 7327 7329 6921 
s 2
f 7330 7329 7327 7328 
s 1
f 6921 7329 7331 6952 
s 2
f 7332 7331 7329 7330 
s 1
f 6952 7331 7333 6983 
s 2
f 7334 7333 7331 7332 
s 1
f 6983 7333 7335 7014 
s 2
f 7336 7335 7333 7334 
s 1
f 7014 7335 7337 7045 
s 2
f 7338 7337 7335 7336 
s 1
f 7045 7337 7339 7076 
s 2
f 7340 7339 7337 7338 
s 1
f 7076 7339 7341 7107 
s 2
f 7342 7341 7339 7340 
s 1
f 7107 7341 7343 7138 
s 2
f 7344 7343 7341 7342 
s 1
f 7138 7343 7345 7169 
s 2
f 7346 7345 7343 7344 
s 1
f 7169 7345 7347 7200 
s 2
f 7348 7347 7345 7346 
s 1
f 7200 7347 7349 3243 
s 2
f 3754 7349 7347 7348 
s 1
f 7350 7352 7351 7231 
f 7353 7354 6281 
f 7355 7356 3755 
f 7357 6278 7356 7355 
f 7358 6278 7357 
f 7232 7360 7359 
f 7361 7232 7359 
f 3857 7363 7362 
f 7364 7351 7352 
f 7350 7231 7365 
f 7365 7231 7232 7361 
f 7363 7351 7364 7362 
f 6281 7354 7366 
f 6281 7366 7367 
f 6281 7367 7360 7232 
f 7353 6281 6278 7358 
f 6340 6279 6280 6343 
s 2
f 8 7370 7369 7368 
f 7371 3858 7373 7372 
f 7374 7371 7372 7375 
f 7376 7374 7375 7377 
f 7378 7376 7377 7379 
f 7380 7378 7379 7381 
f 7382 7380 7381 7383 
f 7384 7382 7383 7385 
f 7386 7384 7385 7387 
f 7387 7389 7388 7386 
f 7389 7391 7390 7388 
f 7391 7393 7392 7390 
f 7393 7395 7394 7392 
f 7395 7397 7396 7394 
f 7397 7399 7398 7396 
f 7399 7368 7369 7398 
s 1
f 7350 7401 7400 7352 
f 7353 7403 7402 7354 
f 3755 7405 7404 7355 
f 7355 7404 7406 7357 
f 7357 7406 7407 7358 
f 7360 7409 7408 7359 
f 7359 7408 7410 7361 
f 7362 7411 3859 3857 
f 7352 7400 7412 7364 
f 7365 7413 7401 7350 
f 7361 7410 7413 7365 
f 7364 7412 7411 7362 
f 7354 7402 7414 7366 
f 7366 7414 7415 7367 
f 7367 7415 7409 7360 
f 7358 7407 7403 7353 
s 2
f 7368 7404 7405 8 
f 7373 3859 7411 7372 
f 7372 7411 7412 7375 
f 7375 7412 7400 7377 
f 7377 7400 7401 7379 
f 7379 7401 7413 7381 
f 7381 7413 7410 7383 
f 7383 7410 7408 7385 
f 7385 7408 7409 7387 
f 7387 7409 7415 7389 
f 7389 7415 7414 7391 
f 7391 7414 7402 7393 
f 7393 7402 7403 7395 
f 7395 7403 7407 7397 
f 7397 7407 7406 7399 
f 7399 7406 7404 7368 
s 1
f 7416 7417 3860 
f 7416 7418 7417 
f 7416 7419 7418 
f 7416 7420 7419 
f 7416 7421 7420 
f 7416 7422 7421 
f 7416 7423 7422 
f 7416 7424 7423 
f 7416 7425 7424 
f 7416 7426 7425 
f 7416 7427 7426 
f 7416 7428 7427 
f 7416 7429 7428 
f 7416 7430 7429 
f 7416 7431 7430 
f 7416 7432 7431 
s 2
f 6487 6488 7434 7433 
f 7435 7438 7437 7436 
f 7438 7440 7439 7437 
f 7440 7442 7441 7439 
f 7442 7444 7443 7441 
f 7444 7446 7445 7443 
f 7446 7448 7447 7445 
f 7449 6486 6487 7450 
f 6488 6489 7302 7300 
f 7451 6519 6486 7449 
f 7302 6489 6520 7304 
f 7452 6550 6519 7451 
f 7304 6520 6551 7306 
f 7453 6581 6550 7452 
f 7306 6551 6582 7308 
f 7454 6612 6581 7453 
f 7308 6582 6613 7310 
f 7455 6643 6612 7454 
f 7310 6613 6644 7312 
f 7456 6674 6643 7455 
f 7312 6644 6675 7314 
f 7457 6705 6674 7456 
f 7314 6675 6706 7316 
f 7458 6736 6705 7457 
f 7316 6706 6737 7318 
f 7459 6767 6736 7458 
f 7318 6737 6768 7320 
f 7460 6798 6767 7459 
f 7320 6768 6799 7322 
f 7461 6829 6798 7460 
f 7322 6799 6830 7324 
f 7462 6860 6829 7461 
f 7324 6830 6861 7326 
f 7463 6891 6860 7462 
f 7326 6861 6892 7328 
f 7464 6922 6891 7463 
f 7328 6892 6923 7330 
f 7465 6953 6922 7464 
f 7330 6923 6954 7332 
f 7466 6984 6953 7465 
f 7332 6954 6985 7334 
f 7467 7015 6984 7466 
f 7334 6985 7016 7336 
f 7468 7046 7015 7467 
f 7336 7016 7047 7338 
f 7469 7077 7046 7468 
f 7338 7047 7078 7340 
f 7470 7108 7077 7469 
f 7340 7078 7109 7342 
f 7471 7139 7108 7470 
f 7342 7109 7140 7344 
f 7472 7170 7139 7471 
f 7344 7140 7171 7346 
f 7473 7201 7170 7472 
f 7346 7171 7202 7348 
f 7474 7223 7201 7473 
f 7348 7202 7224 3754 
f 7436 7450 6487 7435 
f 6426 6427 6488 7300 
s 10
f 7435 7433 7475 7438 
s 6
f 7438 7475 7476 7440 
s 10
f 7440 7476 7477 7442 
s 6
f 7442 7477 7478 7444 
s 10
f 7444 7478 7479 7446 
s 18
f 7446 7479 3756 7448 
s 2
f 7435 6487 7433 
s 10
f 3749 3861 7480 6266 
s 6
f 6266 7480 7481 6303 
s 10
f 6303 7481 7482 6332 
s 6
f 6332 7482 7483 6365 
s 10
f 6365 7483 7484 6396 
s 18
f 6396 7484 7434 6427 
s 2
f 6427 7434 6488 
f 7369 7370 3862 7485 
f 3858 7371 7486 3757 
f 7371 7374 7487 7486 
f 7374 7376 7488 7487 
f 7376 7378 7489 7488 
f 7378 7380 7490 7489 
f 7380 7382 7491 7490 
f 7382 7384 7492 7491 
f 7384 7386 7493 7492 
f 7386 7388 7494 7493 
f 7388 7390 7495 7494 
f 7390 7392 7496 7495 
f 7392 7394 7497 7496 
f 7394 7396 7498 7497 
f 7396 7398 7499 7498 
f 7398 7369 7485 7499 
s 1
f 3860 7417 7485 3862 
f 7417 7418 7499 7485 
f 7418 7419 7498 7499 
f 7419 7420 7497 7498 
f 7420 7421 7496 7497 
f 7421 7422 7495 7496 
f 7422 7423 7494 7495 
f 7423 7424 7493 7494 
f 7424 7425 7492 7493 
f 7425 7426 7491 7492 
f 7426 7427 7490 7491 
f 7427 7428 7489 7490 
f 7428 7429 7488 7489 
f 7429 7430 7487 7488 
f 7430 7431 7486 7487 
f 7431 7432 3757 7486 
f 6232 7501 7500 6234 
f 6234 7500 7502 6277 
f 6277 7502 7503 6310 
f 6310 7503 7504 6339 
f 6339 7504 7505 6372 
f 6372 7505 7506 6403 
f 6403 7506 7507 6434 
f 6434 7507 7508 6463 
f 6463 7508 7509 6496 
f 6496 7509 7510 6527 
f 6527 7510 7511 6558 
f 6558 7511 7512 6589 
f 6589 7512 7513 6620 
f 6620 7513 7514 6651 
f 6651 7514 7515 6682 
f 6682 7515 7516 6713 
f 6713 7516 7517 6744 
f 6744 7517 7518 6775 
f 6775 7518 7519 6806 
f 6806 7519 7520 6837 
f 6837 7520 7521 6868 
f 6868 7521 7522 6899 
f 6899 7522 7523 6930 
f 6930 7523 7524 6961 
f 6961 7524 7525 6992 
f 6992 7525 7526 7023 
f 7023 7526 7527 7054 
f 7054 7527 7528 7085 
f 7085 7528 7529 7116 
f 7116 7529 7530 7147 
f 7147 7530 7531 7178 
f 7178 7531 7532 7208 
f 5002 4833 4817 4818 
f 5008 4837 4838 5007 
f 5012 4844 4845 5011 
f 5015 4850 4844 5012 
f 5017 4853 4850 5015 
f 5019 4856 4853 5017 
f 5021 4859 4856 5019 
f 5023 4862 4859 5021 
f 5027 4869 4870 5026 
s 33554433
f 5031 4874 4875 5030 
s 1
f 5035 7534 4882 7533 
f 5038 4888 4881 7535 
f 5039 5042 4895 4890 
f 5044 4899 4894 5043 
f 5047 4903 4899 5044 
f 5049 4906 4903 5047 
f 5051 4909 4906 5049 
f 5053 4912 4909 5051 
f 5055 4915 4912 5053 
f 5057 4918 4915 5055 
f 5059 4921 4918 5057 
f 5061 4924 4921 5059 
f 5001 4926 4924 5061 
f 5007 4838 4927 5005 
f 5011 4845 4837 5008 
f 5030 4875 4869 5027 
f 5026 4870 4865 5063 
f 5063 4865 4862 5023 
f 4069 4510 4618 4068 
f 4093 4128 4129 4092 
f 4133 4501 4500 4132 
f 4166 4495 4496 4165 
f 4170 4497 4498 4169 
f 4172 4499 4497 4170 
f 4132 4500 4499 4172 
f 4173 4174 4504 4503 
f 4173 4503 4502 4177 
f 4177 4502 4501 4133 
f 4309 4294 4296 4308 
f 4343 4302 4304 4342 
f 4345 4300 4302 4343 
f 4347 4298 4300 4345 
f 4308 4296 4298 4347 
f 4349 4287 4955 4348 
f 4353 4290 4291 4352 
f 4352 4291 4294 4309 
f 4511 4512 4619 4509 
f 4511 4509 4510 4069 
f 4558 4611 4128 4093 
f 4092 4129 4612 4563 
f 4675 4736 4737 4674 
f 4701 4697 4286 4700 
f 4739 4744 4745 4738 
f 4755 4750 4751 4754 
f 4819 4816 4744 4739 
f 4738 4745 4824 4822 
f 4754 4751 4830 4832 
f 4835 4831 4750 4755 
f 4700 4286 4287 4349 
f 4165 4496 4736 4675 
f 4169 4498 4495 4166 
f 4348 4955 4290 4353 
f 4558 4559 4610 4611 
f 4647 4516 4610 4559 
f 4068 4618 4610 4516 
f 4832 4833 4927 4834 
f 4833 5002 5005 4927 
f 5002 4818 4926 5001 
f 4818 4819 4820 4926 
s 529
f 5145 5122 5123 5144 
s 1
f 5144 5123 6231 5025 
s 261
f 6231 5123 5174 5173 
s 1
f 4625 4626 7537 7536 
f 4628 4629 7539 7538 
f 4629 4625 7536 7539 
f 4631 4628 7538 7540 
f 4633 4631 7540 7541 
f 4634 4633 7541 7542 
f 4636 4634 7542 7543 
f 4638 4636 7543 7544 
f 4640 4638 7544 7545 
f 4642 4640 7545 7546 
f 4644 4642 7546 7547 
f 4646 4644 7547 7548 
f 4960 4663 7550 7549 
f 4963 4960 7549 7551 
f 4626 4963 7551 7537 
f 6254 3746 6255 6256 
f 3748 6263 6261 6262 
f 6294 6254 6256 6295 
f 6263 6300 6299 6261 
f 6323 6294 6295 6324 
f 6300 6329 6328 6299 
f 6356 6323 6324 6357 
f 6329 6362 6361 6328 
f 6387 6356 6357 6388 
f 6362 6393 6392 6361 
f 6418 6387 6388 6419 
f 6393 6424 6423 6392 
f 6449 6418 6419 6450 
f 6424 6455 6454 6423 
f 6478 6449 6450 6479 
f 6455 6484 6483 6454 
f 6511 6478 6479 6512 
f 6484 6517 6516 6483 
f 6542 6511 6512 6543 
f 6517 6548 6547 6516 
f 6573 6542 6543 6574 
f 6548 6579 6578 6547 
f 6604 6573 6574 6605 
f 6579 6610 6609 6578 
f 6635 6604 6605 6636 
f 6610 6641 6640 6609 
f 6666 6635 6636 6667 
f 6641 6672 6671 6640 
f 6697 6666 6667 6698 
f 6672 6703 6702 6671 
f 6728 6697 6698 6729 
f 6703 6734 6733 6702 
f 6759 6728 6729 6760 
f 6734 6765 6764 6733 
f 6790 6759 6760 6791 
f 6765 6796 6795 6764 
f 6821 6790 6791 6822 
f 6796 6827 6826 6795 
f 6852 6821 6822 6853 
f 6827 6858 6857 6826 
f 6883 6852 6853 6884 
f 6858 6889 6888 6857 
f 6914 6883 6884 6915 
f 6889 6920 6919 6888 
f 6945 6914 6915 6946 
f 6920 6951 6950 6919 
f 6976 6945 6946 6977 
f 6951 6982 6981 6950 
f 7007 6976 6977 7008 
f 6982 7013 7012 6981 
f 7038 7007 7008 7039 
f 7013 7044 7043 7012 
f 7069 7038 7039 7070 
f 7044 7075 7074 7043 
f 7100 7069 7070 7101 
f 7075 7106 7105 7074 
f 7131 7100 7101 7132 
f 7106 7137 7136 7105 
f 7162 7131 7132 7163 
f 7137 7168 7167 7136 
f 7193 7162 7163 7194 
f 7168 7199 7198 7167 
f 3855 7193 7194 7220 
f 7199 7222 3720 7198 
f 4090 4091 7553 7552 
f 7554 4943 4243 4244 
f 4544 4545 7556 7555 
f 4545 4090 7552 7556 
f 4091 4089 4543 7557 
f 4695 7559 7558 4694 
f 4694 7554 4244 4692 
f 4942 4943 7561 7560 
f 7562 4254 4150 4151 
f 7563 7564 4247 4245 
f 7564 7562 4151 4247 
f 4252 4253 7566 7565 
f 4253 4254 7567 7566 
f 7565 4270 4271 7568 
f 7569 7572 7571 7570 
f 4661 4662 7572 7569 
f 4942 7563 4245 4246 
f 7570 7571 7574 7573 
f 7575 4557 4554 7576 
f 7577 3758 7579 7578 
f 7577 7580 3722 3758 
f 7580 4160 3825 3722 
f 4280 4285 4282 381 
f 7581 4552 4557 7575 
f 7582 7577 7578 7583 
f 7582 7584 7580 7577 
f 7584 4158 4160 7580 
f 7585 7588 7587 7586 
f 7588 7581 7575 7587 
f 4277 4274 4285 4280 
f 7589 4550 4552 7581 
f 7590 7582 7583 7591 
f 7590 7592 7584 7582 
f 7592 4156 4158 7584 
f 7593 7594 7588 7585 
f 7594 7589 7581 7588 
f 4268 4265 4274 4277 
f 7595 4546 4550 7589 
f 4273 7596 7592 7590 
f 7596 4152 4156 7592 
f 7597 7598 7594 7593 
f 7598 7595 7589 7594 
f 4260 4255 4265 4268 
f 4154 4155 7567 7599 
f 4257 4258 7561 7600 
f 4261 4262 7601 7560 
f 4262 4264 7602 7601 
f 4264 4154 7599 7602 
f 4549 7553 7603 4548 
f 4947 7558 7559 4946 
f 4947 4257 7600 7558 
f 7604 4549 4546 7595 
f 4270 7605 7596 4273 
f 7605 4155 4152 7596 
f 7606 7607 7598 7597 
f 7607 7604 7595 7598 
f 4261 4258 4255 4260 
f 7599 7567 4254 7562 
f 7600 7561 4943 7554 
f 7560 7601 7563 4942 
f 7601 7602 7564 7563 
f 7602 7599 7562 7564 
f 7553 4091 7557 7603 
f 4796 4797 4792 4793 
f 4895 4896 4889 4890 
f 4896 4796 4793 4889 
f 4797 4794 4900 4897 
f 7558 7600 7554 4694 
f 7552 7553 4549 7604 
f 7555 7556 7607 7606 
f 7556 7552 7604 7607 
f 7560 7561 4258 4261 
f 7565 7566 7605 4270 
f 7566 7567 4155 7605 
f 7565 7568 4251 4252 
f 7573 7574 7608 
s 4
f 6048 6049 6076 6093 
f 6070 6071 6057 6095 
f 6074 6075 6094 6056 
f 6078 6049 6046 6100 
f 6075 6048 6093 6094 
f 6071 6074 6056 6057 
f 6187 6078 6100 6191 
s 1
f 4273 7590 7591 4272 
f 4895 5042 5043 4894 
f 5042 5040 5046 5043 
f 7609 4886 3713 3606 
f 7533 7611 6 7610 
f 7611 7609 3606 6 
f 5035 5036 7612 7534 
s 17
f 7613 6230 3719 7614 
s 18
f 7615 7613 7614 3723 
s 1
f 5036 6230 7616 7612 
s 2
f 5361 7615 3723 3741 
s 1
f 5035 7533 7610 5034 
f 4886 4789 7617 4885 
f 4788 4789 4886 7609 
f 4882 4883 7611 7533 
f 4883 4788 7609 7611 
s 21
f 7618 7616 6230 7613 
s 22
f 7619 7618 7613 7615 
s 2
f 5360 7619 7615 5361 
s 1
f 4882 7534 7535 4881 
f 7534 7612 7620 7535 
f 7612 7616 5098 7620 
f 4789 4786 7621 7617 
f 7535 7620 5041 5038 
s 29
f 5097 5098 7616 7618 
s 30
f 5160 5097 7618 7619 
s 1
f 7620 5098 5096 5041 
s 2
f 5358 5160 7619 5360 
s 1
f 4786 4790 4891 7621 
s 2
f 5358 5359 5357 5356 
f 5359 5360 5361 5362 
s 1
f 5039 4890 4888 5038 
f 4174 4175 4821 4822 
f 4175 4184 4925 4821 
f 4184 4192 4922 4925 
f 4192 4200 4919 4922 
f 4200 4208 4916 4919 
f 4208 4216 4913 4916 
f 4216 4224 4910 4913 
f 4224 4232 4907 4910 
f 4232 4240 4904 4907 
f 4240 4248 4901 4904 
f 4248 4251 4900 4901 
f 4271 4272 4891 4892 
f 4304 4305 4829 4831 
f 4341 4342 4835 4836 
f 4357 4341 4836 4841 
f 4379 4380 4847 4848 
f 4388 4379 4848 4851 
f 4396 4388 4851 4854 
f 4404 4396 4854 4857 
f 4412 4404 4857 4860 
f 4420 4412 4860 4863 
f 4428 4420 4863 4866 
f 4436 4428 4866 4871 
f 4458 4459 4877 4878 
s 268437537
f 4467 4458 4878 4879 
s 1
f 4492 4493 4825 4827 
f 4305 4492 4827 4829 
f 4493 4504 4824 4825 
f 4928 4357 4841 4842 
f 4380 4928 4842 4847 
f 4929 4436 4871 4872 
f 4459 4929 4872 4877 
s 2099712
f 3735 4467 4879 3832 
s 1
f 4504 4174 4822 4824 
f 4342 4304 4831 4835 
f 7568 4271 4892 4897 
f 7578 7579 4884 4885 
f 7583 7578 4885 7617 
f 7591 7583 7617 7621 
f 4251 7568 4897 4900 
f 4272 7591 7621 4891 
f 4620 4621 4594 4597 
f 4621 4623 4591 4594 
f 4623 4624 4588 4591 
f 4624 4627 4585 4588 
f 4627 4630 4582 4585 
f 4630 4632 4579 4582 
f 4632 4635 4576 4579 
f 4635 4637 4573 4576 
f 4637 4639 4570 4573 
f 4639 4641 4567 4570 
f 4641 4643 4564 4567 
f 4643 4645 4560 4564 
f 4647 4648 4515 4516 
f 4645 4647 4559 4560 
f 4648 7622 4519 4515 
f 7622 4649 4522 4519 
f 4649 4650 4525 4522 
f 4650 4653 4528 4525 
f 4653 4655 4531 4528 
f 4655 4657 4534 4531 
f 4657 4659 4537 4534 
f 4659 4661 4540 4537 
f 4668 4665 4600 4603 
f 4665 4620 4597 4600 
f 7569 7570 7557 4543 
f 4661 7569 4543 4540 
f 7570 7573 7603 7557 
f 7623 7624 4553 4551 
f 7624 7625 4556 4553 
f 7626 7623 4551 4547 
f 7608 7626 4547 4548 
f 7573 7608 4548 7603 
f 4674 4512 4513 4673 
f 4673 4513 4517 4677 
f 4677 4517 4520 4679 
f 4679 4520 4523 4681 
f 4681 4523 4526 4683 
f 4683 4526 4529 4685 
f 4685 4529 4532 4687 
f 4687 4532 4535 4689 
f 4689 4535 4538 4691 
f 4691 4538 4541 4693 
f 4693 4541 4544 4695 
f 4697 4612 4613 4696 
f 4698 4562 4563 4701 
f 4702 4566 4562 4698 
f 4704 4569 4566 4702 
f 4706 4572 4569 4704 
f 4708 4575 4572 4706 
f 4710 4578 4575 4708 
f 4712 4581 4578 4710 
f 4714 4584 4581 4712 
f 4716 4587 4584 4714 
f 4718 4590 4587 4716 
f 4720 4593 4590 4718 
f 4722 4596 4593 4720 
f 4724 4599 4596 4722 
f 4726 4602 4599 4724 
f 4728 4605 4602 4726 
s 1193
f 4730 4608 4605 4728 
s 1
f 4732 4616 4617 4735 
f 4696 4613 4616 4732 
f 4735 4617 4619 4737 
s 4640
f 3831 3830 4608 4730 
s 1
f 4946 7606 7597 4945 
f 4945 7597 7593 4949 
f 4949 7593 7585 4951 
f 4951 7585 7586 4953 
f 4953 7586 3863 4952 
f 4737 4619 4512 4674 
f 4701 4563 4612 4697 
f 4695 4544 7555 7559 
f 7559 7555 7606 4946 
f 4284 4285 4274 4275 
f 4556 4557 4552 4553 
f 4953 4954 4950 4951 
f 4954 4284 4275 4950 
f 7586 7587 3864 3863 
f 7587 7575 7576 3864 
f 4556 7625 7627 4555 
f 4646 7548 7629 7628 
f 7628 7629 7630 4652 
f 4652 7630 7631 4651 
f 4651 7631 7632 4654 
f 4654 7632 7633 4656 
f 4656 7633 7634 4658 
f 4658 7634 7635 4660 
f 4660 7635 7636 4662 
f 7572 7638 7637 7571 
f 4662 7636 7638 7572 
f 7571 7637 7639 7574 
f 7623 7641 7640 7624 
f 7624 7640 7642 7625 
f 7626 7643 7641 7623 
f 7608 7644 7643 7626 
f 7574 7639 7644 7608 
f 7625 7642 3865 7627 
f 4648 4646 7628 7622 
f 7622 7628 4652 4649 
s 5
f 5119 5120 6231 5173 
s 1
f 5066 5120 5118 
f 3730 3910 7549 7550 
f 3912 3913 7646 7645 
f 3910 3917 7551 7549 
f 3919 3912 7645 7647 
f 3917 3922 7537 7551 
f 3924 3919 7647 7648 
f 3922 3927 7536 7537 
f 3929 3924 7648 7649 
f 3927 3932 7539 7536 
f 3934 3929 7649 7650 
f 3932 3937 7538 7539 
f 3939 3934 7650 7651 
f 3937 3942 7540 7538 
f 3944 3939 7651 7652 
f 3942 3947 7541 7540 
f 3949 3944 7652 7653 
f 3947 3952 7542 7541 
f 3954 3949 7653 7654 
f 3952 3957 7543 7542 
f 3959 3954 7654 7655 
f 3957 3962 7544 7543 
f 3964 3959 7655 7656 
f 3962 3967 7545 7544 
f 3969 3964 7656 7657 
f 3967 3972 7546 7545 
f 3974 3969 7657 7658 
f 3972 3977 7547 7546 
f 3979 3974 7658 7659 
f 3977 3982 7548 7547 
f 3984 3979 7659 7660 
f 3982 3987 7629 7548 
f 3989 3984 7660 7661 
f 3987 3992 7630 7629 
f 3994 3989 7661 7662 
f 3992 3997 7631 7630 
f 3999 3994 7662 7663 
f 3997 4002 7632 7631 
f 4004 3999 7663 7664 
f 4002 4007 7633 7632 
f 4009 4004 7664 7665 
f 4007 4012 7634 7633 
f 4014 4009 7665 7666 
f 4012 4017 7635 7634 
f 4019 4014 7666 7667 
f 4017 4022 7636 7635 
f 4024 4019 7667 7668 
f 4022 4027 7638 7636 
f 4029 4024 7668 7669 
f 4027 4032 7637 7638 
f 4034 4029 7669 7670 
f 4032 4037 7639 7637 
f 4039 4034 7670 7671 
f 4037 4042 7644 7639 
f 4044 4039 7671 7672 
f 4042 4047 7643 7644 
f 4049 4044 7672 7673 
f 4047 4052 7641 7643 
f 4054 4049 7673 7674 
f 4052 4057 7640 7641 
f 4059 4054 7674 7675 
f 4057 4062 7642 7640 
f 4064 4059 7675 7676 
f 4062 3712 3865 7642 
f 3731 4064 7676 7677 
f 3848 6233 7645 7646 
f 6233 6276 7647 7645 
f 6276 6309 7648 7647 
f 6309 6338 7649 7648 
f 6338 6371 7650 7649 
f 6371 6402 7651 7650 
f 6402 6433 7652 7651 
f 6433 6462 7653 7652 
f 6462 6495 7654 7653 
f 6495 6526 7655 7654 
f 6526 6557 7656 7655 
f 6557 6588 7657 7656 
f 6588 6619 7658 7657 
f 6619 6650 7659 7658 
f 6650 6681 7660 7659 
f 6681 6712 7661 7660 
f 6712 6743 7662 7661 
f 6743 6774 7663 7662 
f 6774 6805 7664 7663 
f 6805 6836 7665 7664 
f 6836 6867 7666 7665 
f 6867 6898 7667 7666 
f 6898 6929 7668 7667 
f 6929 6960 7669 7668 
f 6960 6991 7670 7669 
f 6991 7022 7671 7670 
f 7022 7053 7672 7671 
f 7053 7084 7673 7672 
f 7084 7115 7674 7673 
f 7115 7146 7675 7674 
f 7146 7177 7676 7675 
f 7177 3853 7677 7676 
f 7500 7501 7356 6278 
f 7502 7500 6278 6279 
f 7503 7502 6279 6340 
f 7504 7503 6340 6341 
f 7505 7504 6341 6373 
f 7506 7505 6373 6404 
f 7507 7506 6404 6435 
f 7508 7507 6435 6464 
f 7509 7508 6464 6497 
f 7510 7509 6497 6528 
f 7511 7510 6528 6559 
f 7512 7511 6559 6590 
f 7513 7512 6590 6621 
f 7514 7513 6621 6652 
f 7515 7514 6652 6683 
f 7516 7515 6683 6714 
f 7517 7516 6714 6745 
f 7518 7517 6745 6776 
f 7519 7518 6776 6807 
f 7520 7519 6807 6838 
f 7521 7520 6838 6869 
f 7522 7521 6869 6900 
f 7523 7522 6900 6931 
f 7524 7523 6931 6962 
f 7525 7524 6962 6993 
f 7526 7525 6993 7024 
f 7527 7526 7024 7055 
f 7528 7527 7055 7086 
f 7529 7528 7086 7117 
f 7530 7529 7117 7148 
f 7531 7530 7148 7179 
f 7532 7531 7179 3751 
s 24604
f 4664 7679 7678 3733 
s 10268
f 4667 7681 7680 4666 
s 37140
f 4670 7683 7682 4669 
s 2099968
f 4956 7684 7681 4667 
s 8348
f 4958 7686 7685 4957 
s 4194844
f 3739 7688 7687 4959 
s 13312
f 4666 7680 7683 4670 
s 43008
f 4669 7682 7686 4958 
s 41228
f 4962 7690 7689 4961 
s 16940
f 4965 7692 7691 4964 
s 133760
f 4966 7693 7692 4965 
s 150528
f 4964 7691 7694 4967 
s 139280
f 4967 7694 7690 4962 
s 131140
f 4957 7685 7693 4966 
s 69856
f 4969 7678 7679 4968 
s 344160
f 4974 7687 7688 3740 
s 917504
f 4976 7684 7687 4974 
s 577536
f 4978 7681 7684 4976 
s 98528
f 4980 7680 7681 4978 
s 81921
f 4982 7683 7680 4980 
s 148064
f 4984 7682 7683 4982 
s 196609
f 4986 7686 7682 4984 
s 83232
f 4988 7685 7686 4986 
s 278529
f 4990 7693 7685 4988 
s 275456
f 4992 7692 7693 4990 
s 41296
f 4994 7691 7692 4992 
s 364544
f 4996 7694 7691 4994 
s 786433
f 4998 7690 7694 4996 
s 527008
f 5000 7689 7690 4998 
s 7168
f 4968 7679 7689 5000 
s 49154
f 4961 7689 7679 4664 
s 7340032
f 4959 7687 7684 4956 
s 1
f 6243 3850 6244 6245 
f 6287 6243 6245 6288 
f 6316 6287 6288 6317 
f 6349 6316 6317 6350 
f 6380 6349 6350 6381 
f 6411 6380 6381 6412 
f 6442 6411 6412 6443 
f 6471 6442 6443 6472 
f 6504 6471 6472 6505 
f 6535 6504 6505 6536 
f 6566 6535 6536 6567 
f 6597 6566 6567 6598 
f 6628 6597 6598 6629 
f 6659 6628 6629 6660 
f 6690 6659 6660 6691 
f 6721 6690 6691 6722 
f 6752 6721 6722 6753 
f 6783 6752 6753 6784 
f 6814 6783 6784 6815 
f 6845 6814 6815 6846 
f 6876 6845 6846 6877 
f 6907 6876 6877 6908 
f 6938 6907 6908 6939 
f 6969 6938 6939 6970 
f 7000 6969 6970 7001 
f 7031 7000 7001 7032 
f 7062 7031 7032 7063 
f 7093 7062 7063 7094 
f 7124 7093 7094 7125 
f 7155 7124 7125 7156 
f 7186 7155 7156 7187 
f 7214 7186 7187 3854 
f 6240 3849 6241 6242 
f 6285 6240 6242 6286 
f 6314 6285 6286 6315 
f 6347 6314 6315 6348 
f 6378 6347 6348 6379 
f 6409 6378 6379 6410 
f 6440 6409 6410 6441 
f 6469 6440 6441 6470 
f 6502 6469 6470 6503 
f 6533 6502 6503 6534 
f 6564 6533 6534 6565 
f 6595 6564 6565 6596 
f 6626 6595 6596 6627 
f 6657 6626 6627 6658 
f 6688 6657 6658 6689 
f 6719 6688 6689 6720 
f 6750 6719 6720 6751 
f 6781 6750 6751 6782 
f 6812 6781 6782 6813 
f 6843 6812 6813 6844 
f 6874 6843 6844 6875 
f 6905 6874 6875 6906 
f 6936 6905 6906 6937 
f 6967 6936 6937 6968 
f 6998 6967 6968 6999 
f 7029 6998 6999 7030 
f 7060 7029 7030 7061 
f 7091 7060 7061 7092 
f 7122 7091 7092 7123 
f 7153 7122 7123 7154 
f 7184 7153 7154 7185 
f 7212 7184 7185 7213 
f 6237 6238 4 6239 
f 6283 6237 6239 6284 
f 6312 6283 6284 6313 
f 6345 6312 6313 6346 
f 6376 6345 6346 6377 
f 6407 6376 6377 6408 
f 6438 6407 6408 6439 
f 6467 6438 6439 6468 
f 6500 6467 6468 6501 
f 6531 6500 6501 6532 
f 6562 6531 6532 6563 
f 6593 6562 6563 6594 
f 6624 6593 6594 6625 
f 6655 6624 6625 6656 
f 6686 6655 6656 6687 
f 6717 6686 6687 6718 
f 6748 6717 6718 6749 
f 6779 6748 6749 6780 
f 6810 6779 6780 6811 
f 6841 6810 6811 6842 
f 6872 6841 6842 6873 
f 6903 6872 6873 6904 
f 6934 6903 6904 6935 
f 6965 6934 6935 6966 
f 6996 6965 6966 6997 
f 7027 6996 6997 7028 
f 7058 7027 7028 7059 
f 7089 7058 7059 7090 
f 7120 7089 7090 7121 
f 7151 7120 7121 7152 
f 7182 7151 7152 7183 
f 7210 7182 7183 7211 
f 7230 7231 6236 6282 
f 7234 7230 6282 6311 
f 7236 7234 6311 6344 
f 7238 7236 6344 6375 
f 7240 7238 6375 6406 
f 7242 7240 6406 6437 
f 7244 7242 6437 6466 
f 7246 7244 6466 6499 
f 7248 7246 6499 6530 
f 7250 7248 6530 6561 
f 7252 7250 6561 6592 
f 7254 7252 6592 6623 
f 7256 7254 6623 6654 
f 7258 7256 6654 6685 
f 7260 7258 6685 6716 
f 7262 7260 6716 6747 
f 7264 7262 6747 6778 
f 7266 7264 6778 6809 
f 7268 7266 6809 6840 
f 7270 7268 6840 6871 
f 7272 7270 6871 6902 
f 7274 7272 6902 6933 
f 7276 7274 6933 6964 
f 7278 7276 6964 6995 
f 7280 7278 6995 7026 
f 7282 7280 7026 7057 
f 7284 7282 7057 7088 
f 7286 7284 7088 7119 
f 7288 7286 7119 7150 
f 7290 7288 7150 7181 
f 7292 7290 7181 7209 
f 7231 7351 6236 
f 7351 7363 6235 6236 
f 6342 6343 7233 7235 
f 6374 6342 7235 7237 
f 6405 6374 7237 7239 
f 6436 6405 7239 7241 
f 6465 6436 7241 7243 
f 6498 6465 7243 7245 
f 6529 6498 7245 7247 
f 6560 6529 7247 7249 
f 6591 6560 7249 7251 
f 6622 6591 7251 7253 
f 6653 6622 7253 7255 
f 6684 6653 7255 7257 
f 6715 6684 7257 7259 
f 6746 6715 7259 7261 
f 6777 6746 7261 7263 
f 6808 6777 7263 7265 
f 6839 6808 7265 7267 
f 6870 6839 7267 7269 
f 6901 6870 7269 7271 
f 6932 6901 7271 7273 
f 6963 6932 7273 7275 
f 6994 6963 7275 7277 
f 7025 6994 7277 7279 
f 7056 7025 7279 7281 
f 7087 7056 7281 7283 
f 7118 7087 7283 7285 
f 7149 7118 7285 7287 
f 7180 7149 7287 7289 
f 3 7180 7289 7291 
f 6343 6280 7229 7233 
f 6280 6281 7232 7229 
s 9
f 3914 6274 6275 3711 
s 5
f 3920 6308 6274 3914 
s 9
f 3925 6337 6308 3920 
s 5
f 3930 6370 6337 3925 
s 9
f 3935 6401 6370 3930 
s 5
f 3940 6432 6401 3935 
s 9
f 3945 6461 6432 3940 
s 5
f 3950 6494 6461 3945 
s 9
f 3955 6525 6494 3950 
s 5
f 3960 6556 6525 3955 
s 9
f 3965 6587 6556 3960 
s 5
f 3970 6618 6587 3965 
s 9
f 3975 6649 6618 3970 
s 5
f 3980 6680 6649 3975 
s 9
f 3985 6711 6680 3980 
s 5
f 3990 6742 6711 3985 
s 9
f 3995 6773 6742 3990 
s 5
f 4000 6804 6773 3995 
s 9
f 4005 6835 6804 4000 
s 5
f 4010 6866 6835 4005 
s 9
f 4015 6897 6866 4010 
s 5
f 4020 6928 6897 4015 
s 9
f 4025 6959 6928 4020 
s 5
f 4030 6990 6959 4025 
s 9
f 4035 7021 6990 4030 
s 5
f 4040 7052 7021 4035 
s 9
f 4045 7083 7052 4040 
s 5
f 4050 7114 7083 4045 
s 9
f 4055 7145 7114 4050 
s 5
f 4060 7176 7145 4055 
s 9
f 4065 7207 7176 4060 
s 5
f 165 7228 7207 4065 
s 2
f 7437 6397 6428 7436 
f 7439 6366 6397 7437 
f 7441 6333 6366 7439 
f 7443 6304 6333 7441 
f 7445 6268 6304 7443 
f 7447 6267 6268 7445 
f 7450 6457 6490 7449 
f 7449 6490 6521 7451 
f 7451 6521 6552 7452 
f 7452 6552 6583 7453 
f 7453 6583 6614 7454 
f 7454 6614 6645 7455 
f 7455 6645 6676 7456 
f 7456 6676 6707 7457 
f 7457 6707 6738 7458 
f 7458 6738 6769 7459 
f 7459 6769 6800 7460 
f 7460 6800 6831 7461 
f 7461 6831 6862 7462 
f 7462 6862 6893 7463 
f 7463 6893 6924 7464 
f 7464 6924 6955 7465 
f 7465 6955 6986 7466 
f 7466 6986 7017 7467 
f 7467 7017 7048 7468 
f 7468 7048 7079 7469 
f 7469 7079 7110 7470 
f 7470 7110 7141 7471 
f 7471 7141 7172 7472 
f 7472 7172 7203 7473 
f 7473 7203 3856 7474 
f 7436 6428 6457 7450 
s 34841
f 4971 7695 3759 4970 
s 66585
f 4973 7697 7696 4972 
s 34560
f 4972 7696 7698 4975 
s 98313
f 4975 7698 7699 4977 
s 66944
f 4977 7699 7700 4979 
s 5144
f 4979 7700 7701 4981 
s 20864
f 4981 7701 7702 4983 
s 18456
f 4983 7702 7703 4985 
s 6528
f 4985 7703 7704 4987 
s 36936
f 4987 7704 7705 4989 
s 34976
f 4989 7705 7706 4991 
s 10249
f 4991 7706 7707 4993 
s 9376
f 4993 7707 7708 4995 
s 68616
f 4995 7708 7709 4997 
s 328448
f 4997 7709 7710 4999 
s 272384
f 4999 7710 7695 4971 
s 82144
f 3744 3759 7695 5705 
s 139488
f 5708 7696 7697 5707 
s 30720
f 5709 7698 7696 5708 
s 135248
f 5711 7699 7698 5709 
s 133664
f 5712 7700 7699 5711 
s 10305
f 5713 7701 7700 5712 
s 41504
f 5715 7702 7701 5713 
s 99392
f 5716 7703 7702 5715 
s 74272
f 5717 7704 7703 5716 
s 25601
f 5719 7705 7704 5717 
s 67328
f 5720 7706 7705 5719 
s 69712
f 5722 7707 7706 5720 
s 21248
f 5725 7708 7707 5722 
s 659488
f 5728 7710 7709 5727 
s 180225
f 5727 7709 7708 5725 
s 540674
f 5705 7695 7710 5728 
s 545262595
f 4931 4932 4873 4874 
s 1
f 7711 7714 7713 7712 
f 7715 7718 7717 7716 
f 7911 7720 7719 7909 
f 7716 7717 7719 7721 
f 7715 7723 7722 7718 
s 7
f 7724 7727 7726 7725 
s 1
f 7728 7731 7730 7729 
s 9
f 3861 7733 7732 7480 
s 1
f 3866 7734 3724 
f 3866 7851 7914 7735 
f 3866 7736 7734 
f 7735 7738 7737 
f 7735 7739 7738 
f 7914 7917 7740 7735 
s 5
f 7475 7742 7741 7476 
s 9
f 7478 7744 7743 7479 
s 1
f 7920 7745 7720 7911 
s 5
f 7477 7746 7744 7478 
s 1
f 3867 7749 7748 7747 
f 7747 7745 7750 3867 
s 9
f 7433 7751 7742 7475 
s 1
f 7721 7753 7752 7716 
f 7724 7725 7755 7754 
f 7756 7759 7758 7757 
f 7434 7761 7760 
s 5
f 7480 7732 7762 7481 
s 9
f 7481 7762 7763 7482 
s 5
f 7482 7763 7764 7483 
s 9
f 7483 7764 7765 7484 
s 17
f 7484 7765 7766 7434 
s 1
f 7735 7737 7736 3866 
s 112
f 7993 7994 5031 5032 
s 704708624
f 7994 4931 4874 5031 
s 1
f 7717 7718 7924 7926 
f 7719 7720 7767 7721 
f 7719 7717 7926 7909 
f 7718 7722 7930 7924 
f 7729 7730 7933 7935 
f 7768 7769 7714 7711 
f 7720 7745 7747 7767 
f 7770 7771 7939 7941 
f 7750 7745 7920 7876 
f 7754 7755 7945 7947 
f 7735 7740 7772 7739 
f 7773 7776 7775 7774 
s 7
f 7777 7780 7779 7778 
s 1
f 7781 3770 7783 7782 
f 7784 7786 7785 7752 
f 7787 7789 7788 7748 
f 7789 7790 7753 7788 
f 7787 3771 3792 7743 
f 7786 7792 7791 7785 
f 7784 7790 7746 7741 
f 7793 7781 7782 7794 
f 7795 7793 7794 7796 
f 7797 7795 7796 7798 
f 7799 7797 7798 7800 
f 7801 7799 7800 7802 
f 7712 7713 7776 7773 
s 7
f 7726 7727 7780 7777 
s 1
f 7732 7733 3770 7781 
f 7741 7742 7786 7784 
f 7743 7744 7789 7787 
f 7744 7746 7790 7789 
f 7748 7749 3771 7787 
f 7742 7751 7792 7786 
f 7752 7753 7790 7784 
f 7757 7758 7804 7803 
f 7805 7808 7807 7806 
f 7762 7732 7781 7793 
f 7763 7762 7793 7795 
f 7764 7763 7795 7797 
f 7765 7764 7797 7799 
f 7766 7765 7799 7801 
f 7774 7775 7433 
s 7
f 7778 7779 7433 7434 
s 1
f 7782 7783 3724 7734 
f 7752 7785 7715 7716 
f 7748 7788 7767 7747 
f 7788 7753 7721 7767 
s 17
f 7743 3792 3756 7479 
s 1
f 7785 7791 7723 7715 
s 9
f 7741 7746 7477 7476 
s 1
f 7794 7782 7734 7736 
f 7796 7794 7736 7737 
f 7798 7796 7737 7738 
f 7800 7798 7738 7739 
f 7802 7800 7739 7772 
f 7809 7811 7759 7810 
f 7812 7811 7731 7813 
f 7953 7809 7810 7951 
f 7814 7812 7813 7807 
f 7814 7815 7760 7804 
f 7434 7815 7808 
f 7730 7731 7811 7809 
f 7758 7759 7811 7812 
f 7933 7730 7809 7953 
f 7804 7758 7812 7814 
f 7807 7808 7815 7814 
f 7810 7759 7756 7816 
f 7813 7731 7728 7817 
f 7951 7810 7816 7957 
f 7807 7813 7817 7806 
f 7804 7760 7761 7803 
f 7818 7821 7820 7819 
f 7821 7822 7771 7820 
f 7962 7822 7769 7960 
f 7823 7826 7825 7824 
f 7826 7818 7819 7825 
f 7433 7823 7824 
f 7713 7714 7821 7818 
f 7714 7769 7822 7821 
f 7939 7771 7822 7962 
f 7775 7776 7826 7823 
f 7776 7713 7818 7826 
f 7819 7820 7828 7827 
f 7820 7771 7770 7828 
f 7960 7769 7768 7966 
f 7824 7825 7830 7829 
f 7825 7819 7827 7830 
f 7433 7775 7823 
f 7433 7824 7829 
f 7434 7760 7815 
f 7434 7808 7805 
s 7
f 7726 7817 7728 7725 
s 1
f 7917 7957 7816 7740 
f 7725 7728 7729 7755 
f 7766 7761 7434 
f 7755 7729 7935 7945 
f 7740 7816 7756 7772 
s 7
f 7778 7805 7806 7777 
s 1
f 7802 7757 7803 7801 
s 7
f 7777 7806 7817 7726 
s 1
f 7801 7803 7761 7766 
s 7
f 7434 7805 7778 
s 1
f 7772 7756 7757 7802 
f 7723 7828 7770 7722 
s 7
f 7724 7711 7712 7727 
s 1
f 7751 7433 7829 
f 7754 7768 7711 7724 
f 7722 7770 7941 7930 
f 7947 7966 7768 7754 
s 7
f 7780 7773 7774 7779 
s 1
f 7792 7830 7827 7791 
s 7
f 7727 7712 7773 7780 
s 1
f 7751 7829 7830 7792 
s 7
f 7779 7774 7433 
s 1
f 7791 7827 7828 7723 
s 268435456
f 7842 7840 7846 
f 7942 7938 7834 
f 7891 7888 7831 
f 7869 7882 7831 
f 7936 7932 7832 
f 7832 7918 7915 7837 
f 7903 7897 7833 
f 7965 7948 7834 
f 7834 7832 7837 7839 
f 7833 7906 7867 
f 7878 7903 7833 
f 7882 7878 7833 7831 
f 7854 7891 7831 
f 7888 7884 7831 
f 7884 7873 7831 
f 7873 7869 7831 
f 7832 7956 7918 
f 7950 7956 7832 
f 7954 7950 7832 
f 7932 7954 7832 
f 7944 7936 7832 
f 7929 7942 7834 
f 7938 7963 7834 
f 7963 7959 7834 
f 7959 7965 7834 
f 7948 7944 7832 7834 
f 7897 7893 7833 
f 7893 7899 7833 
f 7899 7906 7833 
f 7848 7854 7831 7835 
f 7852 7848 7835 7836 
f 7915 7852 7836 7837 
f 7835 7831 7833 7840 
f 7836 7835 7840 7838 
f 7837 7836 7838 7839 
f 7840 7833 7867 7864 
f 7840 7864 7860 
f 7840 7860 7846 
f 7842 7857 7838 7840 
f 7875 7921 7838 
f 7857 7875 7838 
f 7921 7912 7839 7838 
f 7927 7923 7839 
f 7908 7927 7839 
f 7912 7908 7839 
f 7923 7929 7834 7839 
s 1
f 7845 7843 7841 7844 
f 7851 7849 7847 7850 
f 7849 7855 7853 7847 
f 7843 7858 7856 7841 
f 7863 7861 7859 7862 
f 7861 7845 7844 7859 
f 7866 7863 7862 7865 
f 7872 7870 7868 7871 
f 7900 7905 7904 7898 
f 7858 7876 7874 7856 
f 7881 7879 7877 7880 
f 7887 7885 7883 7886 
f 7885 7872 7871 7883 
f 7890 7887 7886 7889 
f 7896 7894 7892 7895 
f 7894 7900 7898 7892 
f 7902 7896 7895 7901 
f 7855 7890 7889 7853 
f 7870 7881 7880 7868 
f 7905 7866 7865 7904 
f 7879 7902 7901 7877 
f 7911 7909 7907 7910 
f 7914 7851 7850 7913 
f 7917 7914 7913 7916 
f 7920 7911 7910 7919 
f 7926 7924 7922 7925 
f 7909 7926 7925 7907 
f 7924 7930 7928 7922 
f 7935 7933 7931 7934 
f 7941 7939 7937 7940 
f 7876 7920 7919 7874 
f 7947 7945 7943 7946 
f 7953 7951 7949 7952 
f 7933 7953 7952 7931 
f 7951 7957 7955 7949 
f 7962 7960 7958 7961 
f 7939 7962 7961 7937 
f 7960 7966 7964 7958 
f 7957 7917 7916 7955 
f 7945 7935 7934 7943 
f 7930 7941 7940 7928 
f 7966 7947 7946 7964 
s 268435456
f 7842 7846 7844 7841 
f 7938 7942 7940 7937 
f 7888 7891 7889 7886 
f 7882 7869 7868 7880 
f 7932 7936 7934 7931 
f 7915 7918 7916 7913 
f 7897 7903 7901 7895 
f 7948 7965 7964 7946 
f 7867 7906 7904 7865 
f 7903 7878 7877 7901 
f 7878 7882 7880 7877 
f 7891 7854 7853 7889 
f 7884 7888 7886 7883 
f 7873 7884 7883 7871 
f 7869 7873 7871 7868 
f 7918 7956 7955 7916 
f 7956 7950 7949 7955 
f 7950 7954 7952 7949 
f 7954 7932 7931 7952 
f 7936 7944 7943 7934 
f 7942 7929 7928 7940 
f 7963 7938 7937 7961 
f 7959 7963 7961 7958 
f 7965 7959 7958 7964 
f 7944 7948 7946 7943 
f 7893 7897 7895 7892 
f 7899 7893 7892 7898 
f 7906 7899 7898 7904 
f 7854 7848 7847 7853 
f 7848 7852 7850 7847 
f 7852 7915 7913 7850 
f 7864 7867 7865 7862 
f 7860 7864 7862 7859 
f 7846 7860 7859 7844 
f 7857 7842 7841 7856 
f 7921 7875 7874 7919 
f 7875 7857 7856 7874 
f 7912 7921 7919 7910 
f 7923 7927 7925 7922 
f 7927 7908 7907 7925 
f 7908 7912 7910 7907 
f 7929 7923 7922 7928 
s 8723
f 7971 7969 7967 7970 
s 33104
f 7974 7971 7970 7973 
s 8462
f 7980 7978 7976 7979 
s 98317
f 7986 7984 7982 7985 
s 528408
f 7989 7986 7985 7988 
s 526336
f 7991 7989 7988 
s 41472
f 7984 7980 7979 7982 
s 16777728
f 7969 7993 7967 
s 33284
f 7978 7974 7973 7976 
s 2234372
f 7968 7972 7970 7967 
s 41945216
f 7972 7975 7973 7970 
s 268305
f 7977 7981 7979 7976 
s 1310914
f 7983 7987 7985 7982 
s 2491392
f 7987 7990 7988 7985 
s 3145728
f 7990 7991 7988 
s 1572880
f 7981 7983 7982 7979 
s 4198400
f 7968 7967 7993 
s 34603009
f 7975 7977 7976 7973 
s 4
f 7992 1772 1351 7991 
# 7816 polygons - 360 triangles

